attendance_id,student_id,school_id,attendance_month,possible_days,attended_days,absence_reason
ATT202412000001,STU000001,SCH015,2024-12-01,11,11,
ATT202412000002,STU000002,SCH021,2024-12-01,11,10,Family
ATT202412000003,STU000003,SCH002,2024-12-01,10,9,Family
ATT202412000004,STU000004,SCH040,2024-12-01,13,12,Medical
ATT202412000005,STU000005,SCH043,2024-12-01,13,12,Illness
ATT202412000006,STU000006,SCH047,2024-12-01,11,10,Family
ATT202412000007,STU000007,SCH031,2024-12-01,14,13,Other
ATT202412000008,STU000008,SCH042,2024-12-01,11,10,Family
ATT202412000009,STU000009,SCH001,2024-12-01,10,9,Family
ATT202412000010,STU000010,SCH043,2024-12-01,15,13,Other
ATT202412000011,STU000011,SCH038,2024-12-01,11,10,Other
ATT202412000012,STU000012,SCH020,2024-12-01,15,13,Illness
ATT202412000013,STU000013,SCH045,2024-12-01,15,14,Family
ATT202412000014,STU000014,SCH029,2024-12-01,11,10,Illness
ATT202412000015,STU000015,SCH006,2024-12-01,10,10,
ATT202412000016,STU000016,SCH005,2024-12-01,10,9,Other
ATT202412000017,STU000017,SCH034,2024-12-01,15,13,Family
ATT202412000018,STU000018,SCH025,2024-12-01,10,10,
ATT202412000019,STU000019,SCH005,2024-12-01,10,10,
ATT202412000020,STU000020,SCH027,2024-12-01,14,12,Family
ATT202412000021,STU000021,SCH002,2024-12-01,11,10,Medical
ATT202412000022,STU000022,SCH041,2024-12-01,14,13,Other
ATT202412000023,STU000023,SCH027,2024-12-01,13,12,Unauthorised
ATT202412000024,STU000024,SCH032,2024-12-01,15,14,Medical
ATT202412000025,STU000025,SCH020,2024-12-01,10,8,Medical
ATT202412000026,STU000026,SCH036,2024-12-01,11,10,Unauthorised
ATT202412000027,STU000027,SCH023,2024-12-01,13,12,Family
ATT202412000028,STU000028,SCH005,2024-12-01,10,10,
ATT202412000029,STU000029,SCH024,2024-12-01,10,9,Family
ATT202412000030,STU000030,SCH028,2024-12-01,12,11,Unauthorised
ATT202412000031,STU000031,SCH021,2024-12-01,15,14,Medical
ATT202412000032,STU000032,SCH014,2024-12-01,15,14,Illness
ATT202412000033,STU000033,SCH040,2024-12-01,12,11,Family
ATT202412000034,STU000034,SCH009,2024-12-01,10,9,Illness
ATT202412000035,STU000035,SCH011,2024-12-01,11,10,Illness
ATT202412000036,STU000036,SCH029,2024-12-01,10,9,Family
ATT202412000037,STU000037,SCH036,2024-12-01,15,13,Other
ATT202412000038,STU000038,SCH008,2024-12-01,10,9,Family
ATT202412000039,STU000039,SCH014,2024-12-01,10,10,
ATT202412000040,STU000040,SCH008,2024-12-01,13,12,Illness
ATT202412000041,STU000041,SCH013,2024-12-01,15,15,
ATT202412000042,STU000042,SCH049,2024-12-01,13,11,Medical
ATT202412000043,STU000043,SCH038,2024-12-01,11,10,Illness
ATT202412000045,STU000045,SCH009,2024-12-01,14,13,Medical
ATT202412000046,STU000046,SCH045,2024-12-01,10,9,Illness
ATT202412000047,STU000047,SCH029,2024-12-01,13,12,Family
ATT202412000048,STU000048,SCH022,2024-12-01,11,10,Medical
ATT202412000049,STU000049,SCH037,2024-12-01,12,11,Family
ATT202412000050,STU000050,SCH027,2024-12-01,11,10,Unauthorised
ATT202412000051,STU000051,SCH017,2024-12-01,15,13,Medical
ATT202412000052,STU000052,SCH005,2024-12-01,13,12,Other
ATT202412000053,STU000053,SCH043,2024-12-01,11,9,Family
ATT202412000054,STU000054,SCH045,2024-12-01,12,11,Other
ATT202412000055,STU000055,SCH030,2024-12-01,14,13,Family
ATT202412000056,STU000056,SCH048,2024-12-01,12,11,Family
ATT202412000057,STU000057,SCH021,2024-12-01,15,14,Medical
ATT202412000058,STU000058,SCH002,2024-12-01,14,12,Other
ATT202412000059,STU000059,SCH034,2024-12-01,13,12,Unauthorised
ATT202412000060,STU000060,SCH012,2024-12-01,10,8,Other
ATT202412000061,STU000061,SCH009,2024-12-01,13,11,Illness
ATT202412000062,STU000062,SCH018,2024-12-01,14,13,Family
ATT202412000063,STU000063,SCH022,2024-12-01,11,11,
ATT202412000064,STU000064,SCH029,2024-12-01,11,10,Family
ATT202412000065,STU000065,SCH027,2024-12-01,12,11,Other
ATT202412000066,STU000066,SCH010,2024-12-01,15,13,Illness
ATT202412000067,STU000067,SCH034,2024-12-01,14,12,Illness
ATT202412000068,STU000068,SCH010,2024-12-01,15,15,
ATT202412000069,STU000069,SCH021,2024-12-01,11,10,Family
ATT202412000070,STU000070,SCH047,2024-12-01,15,14,Unauthorised
ATT202412000071,STU000071,SCH005,2024-12-01,14,14,
ATT202412000072,STU000072,SCH001,2024-12-01,13,11,Medical
ATT202412000073,STU000073,SCH034,2024-12-01,11,9,Medical
ATT202412000074,STU000074,SCH004,2024-12-01,14,13,Other
ATT202412000075,STU000075,SCH025,2024-12-01,10,9,Unauthorised
ATT202412000076,STU000076,SCH045,2024-12-01,14,12,Unauthorised
ATT202412000077,STU000077,SCH045,2024-12-01,10,9,Unauthorised
ATT202412000078,STU000078,SCH001,2024-12-01,11,9,Family
ATT202412000079,STU000079,SCH004,2024-12-01,13,13,
ATT202412000080,STU000080,SCH019,2024-12-01,11,10,Medical
ATT202412000081,STU000081,SCH021,2024-12-01,12,11,Illness
ATT202412000082,STU000082,SCH016,2024-12-01,13,13,
ATT202412000083,STU000083,SCH038,2024-12-01,12,11,Other
ATT202412000084,STU000084,SCH003,2024-12-01,13,12,Other
ATT202412000085,STU000085,SCH013,2024-12-01,15,15,
ATT202412000086,STU000086,SCH019,2024-12-01,13,11,Illness
ATT202412000087,STU000087,SCH041,2024-12-01,13,11,Illness
ATT202412000088,STU000088,SCH049,2024-12-01,13,11,Medical
ATT202412000089,STU000089,SCH015,2024-12-01,12,11,Medical
ATT202412000090,STU000090,SCH008,2024-12-01,11,10,Family
ATT202412000091,STU000091,SCH042,2024-12-01,15,13,Other
ATT202412000092,STU000092,SCH008,2024-12-01,13,12,Illness
ATT202412000093,STU000093,SCH048,2024-12-01,13,12,Other
ATT202412000094,STU000094,SCH006,2024-12-01,15,14,Family
ATT202412000095,STU000095,SCH012,2024-12-01,12,11,Medical
ATT202412000096,STU000096,SCH017,2024-12-01,13,12,Medical
ATT202412000097,STU000097,SCH022,2024-12-01,14,11,Other
ATT202412000098,STU000098,SCH046,2024-12-01,13,12,Illness
ATT202412000099,STU000099,SCH002,2024-12-01,10,8,Illness
ATT202412000100,STU000100,SCH022,2024-12-01,14,11,Unauthorised
ATT202412000101,STU000101,SCH002,2024-12-01,14,12,Illness
ATT202412000102,STU000102,SCH037,2024-12-01,15,14,Illness
ATT202412000103,STU000103,SCH006,2024-12-01,10,9,Family
ATT202412000104,STU000104,SCH019,2024-12-01,14,13,Unauthorised
ATT202412000106,STU000106,SCH046,2024-12-01,12,12,
ATT202412000107,STU000107,SCH016,2024-12-01,14,13,Family
ATT202412000108,STU000108,SCH045,2024-12-01,15,13,Family
ATT202412000109,STU000109,SCH008,2024-12-01,11,10,Family
ATT202412000110,STU000110,SCH019,2024-12-01,12,10,Medical
ATT202412000111,STU000111,SCH017,2024-12-01,11,11,
ATT202412000112,STU000112,SCH036,2024-12-01,11,11,
ATT202412000113,STU000113,SCH010,2024-12-01,12,10,Unauthorised
ATT202412000114,STU000114,SCH046,2024-12-01,13,11,Family
ATT202412000115,STU000115,SCH029,2024-12-01,13,12,Unauthorised
ATT202412000116,STU000116,SCH027,2024-12-01,11,9,Family
ATT202412000117,STU000117,SCH047,2024-12-01,14,13,Family
ATT202412000118,STU000118,SCH012,2024-12-01,14,12,Family
ATT202412000119,STU000119,SCH040,2024-12-01,12,11,Medical
ATT202412000120,STU000120,SCH049,2024-12-01,12,11,Other
ATT202412000121,STU000121,SCH002,2024-12-01,13,11,Unauthorised
ATT202412000122,STU000122,SCH039,2024-12-01,10,9,Medical
ATT202412000123,STU000123,SCH036,2024-12-01,15,14,Medical
ATT202412000124,STU000124,SCH029,2024-12-01,11,10,Unauthorised
ATT202412000125,STU000125,SCH033,2024-12-01,11,10,Illness
ATT202412000126,STU000126,SCH026,2024-12-01,12,12,
ATT202412000127,STU000127,SCH012,2024-12-01,14,12,Illness
ATT202412000128,STU000128,SCH018,2024-12-01,11,9,Family
ATT202412000129,STU000129,SCH028,2024-12-01,13,12,Other
ATT202412000130,STU000130,SCH032,2024-12-01,15,14,Other
ATT202412000131,STU000131,SCH030,2024-12-01,11,11,
ATT202412000132,STU000132,SCH013,2024-12-01,13,12,Other
ATT202412000133,STU000133,SCH022,2024-12-01,15,13,Unauthorised
ATT202412000134,STU000134,SCH008,2024-12-01,14,13,Medical
ATT202412000135,STU000135,SCH027,2024-12-01,13,11,Illness
ATT202412000136,STU000136,SCH020,2024-12-01,14,13,Illness
ATT202412000137,STU000137,SCH028,2024-12-01,11,10,Family
ATT202412000138,STU000138,SCH025,2024-12-01,11,10,Medical
ATT202412000139,STU000139,SCH029,2024-12-01,10,9,Medical
ATT202412000140,STU000140,SCH022,2024-12-01,14,13,Illness
ATT202412000141,STU000141,SCH010,2024-12-01,14,13,Family
ATT202412000142,STU000142,SCH009,2024-12-01,14,13,Unauthorised
ATT202412000143,STU000143,SCH023,2024-12-01,11,10,Illness
ATT202412000144,STU000144,SCH019,2024-12-01,11,10,Illness
ATT202412000145,STU000145,SCH035,2024-12-01,13,11,Medical
ATT202412000146,STU000146,SCH003,2024-12-01,13,12,Other
ATT202412000147,STU000147,SCH031,2024-12-01,15,13,Medical
ATT202412000148,STU000148,SCH009,2024-12-01,15,15,
ATT202412000149,STU000149,SCH015,2024-12-01,10,9,Medical
ATT202412000150,STU000150,SCH023,2024-12-01,13,12,Medical
ATT202412000151,STU000151,SCH043,2024-12-01,11,9,Other
ATT202412000152,STU000152,SCH011,2024-12-01,15,13,Illness
ATT202412000153,STU000153,SCH045,2024-12-01,12,11,Unauthorised
ATT202412000154,STU000154,SCH014,2024-12-01,13,12,Medical
ATT202412000155,STU000155,SCH044,2024-12-01,11,10,Unauthorised
ATT202412000156,STU000156,SCH018,2024-12-01,13,11,Medical
ATT202412000157,STU000157,SCH013,2024-12-01,13,12,Family
ATT202412000158,STU000158,SCH033,2024-12-01,15,14,Illness
ATT202412000159,STU000159,SCH017,2024-12-01,15,13,Family
ATT202412000160,STU000160,SCH009,2024-12-01,11,9,Illness
ATT202412000161,STU000161,SCH026,2024-12-01,15,14,Unauthorised
ATT202412000162,STU000162,SCH027,2024-12-01,13,12,Family
ATT202412000163,STU000163,SCH022,2024-12-01,10,9,Other
ATT202412000164,STU000164,SCH018,2024-12-01,14,14,
ATT202412000165,STU000165,SCH045,2024-12-01,10,9,Family
ATT202412000166,STU000166,SCH047,2024-12-01,15,13,Other
ATT202412000167,STU000167,SCH033,2024-12-01,12,11,Other
ATT202412000169,STU000169,SCH007,2024-12-01,13,12,Medical
ATT202412000170,STU000170,SCH041,2024-12-01,10,9,Unauthorised
ATT202412000171,STU000171,SCH012,2024-12-01,14,13,Medical
ATT202412000172,STU000172,SCH023,2024-12-01,13,11,Family
ATT202412000173,STU000173,SCH006,2024-12-01,12,10,Family
ATT202412000174,STU000174,SCH043,2024-12-01,15,13,Illness
ATT202412000175,STU000175,SCH015,2024-12-01,15,13,Other
ATT202412000176,STU000176,SCH003,2024-12-01,10,9,Illness
ATT202412000177,STU000177,SCH036,2024-12-01,15,14,Family
ATT202412000178,STU000178,SCH022,2024-12-01,11,11,
ATT202412000179,STU000179,SCH007,2024-12-01,15,14,Unauthorised
ATT202412000180,STU000180,SCH048,2024-12-01,14,13,Family
ATT202412000181,STU000181,SCH022,2024-12-01,13,10,Medical
ATT202412000182,STU000182,SCH034,2024-12-01,12,11,Unauthorised
ATT202412000183,STU000183,SCH013,2024-12-01,12,12,
ATT202412000184,STU000184,SCH032,2024-12-01,15,14,Other
ATT202412000185,STU000185,SCH015,2024-12-01,10,10,
ATT202412000186,STU000186,SCH007,2024-12-01,11,11,
ATT202412000187,STU000187,SCH020,2024-12-01,10,9,Other
ATT202412000189,STU000189,SCH040,2024-12-01,11,10,Illness
ATT202412000190,STU000190,SCH008,2024-12-01,11,9,Illness
ATT202412000191,STU000191,SCH008,2024-12-01,15,14,Other
ATT202412000192,STU000192,SCH018,2024-12-01,10,9,Illness
ATT202412000193,STU000193,SCH031,2024-12-01,10,9,Illness
ATT202412000194,STU000194,SCH022,2024-12-01,15,13,Unauthorised
ATT202412000196,STU000196,SCH005,2024-12-01,12,11,Illness
ATT202412000197,STU000197,SCH027,2024-12-01,12,11,Family
ATT202412000198,STU000198,SCH009,2024-12-01,10,9,Illness
ATT202412000199,STU000199,SCH017,2024-12-01,15,13,Illness
ATT202412000200,STU000200,SCH049,2024-12-01,14,13,Family
ATT202412000201,STU000201,SCH030,2024-12-01,14,13,Illness
ATT202412000202,STU000202,SCH003,2024-12-01,10,9,Unauthorised
ATT202412000203,STU000203,SCH008,2024-12-01,12,11,Illness
ATT202412000204,STU000204,SCH011,2024-12-01,12,11,Medical
ATT202412000205,STU000205,SCH050,2024-12-01,13,12,Family
ATT202412000206,STU000206,SCH050,2024-12-01,15,13,Illness
ATT202412000207,STU000207,SCH017,2024-12-01,14,12,Medical
ATT202412000208,STU000208,SCH016,2024-12-01,14,13,Medical
ATT202412000209,STU000209,SCH011,2024-12-01,14,14,
ATT202412000210,STU000210,SCH001,2024-12-01,10,9,Unauthorised
ATT202412000211,STU000211,SCH040,2024-12-01,13,12,Unauthorised
ATT202412000212,STU000212,SCH014,2024-12-01,12,11,Family
ATT202412000213,STU000213,SCH002,2024-12-01,11,10,Other
ATT202412000214,STU000214,SCH026,2024-12-01,15,14,Family
ATT202412000215,STU000215,SCH029,2024-12-01,11,9,Medical
ATT202412000216,STU000216,SCH012,2024-12-01,10,9,Other
ATT202412000217,STU000217,SCH001,2024-12-01,15,15,
ATT202412000218,STU000218,SCH037,2024-12-01,14,14,
ATT202412000219,STU000219,SCH021,2024-12-01,13,11,Illness
ATT202412000220,STU000220,SCH008,2024-12-01,15,15,
ATT202412000221,STU000221,SCH040,2024-12-01,11,10,Family
ATT202412000222,STU000222,SCH041,2024-12-01,13,12,Illness
ATT202412000223,STU000223,SCH019,2024-12-01,15,14,Medical
ATT202412000224,STU000224,SCH008,2024-12-01,14,13,Medical
ATT202412000225,STU000225,SCH030,2024-12-01,14,14,
ATT202412000226,STU000226,SCH013,2024-12-01,11,10,Family
ATT202412000227,STU000227,SCH043,2024-12-01,15,14,Illness
ATT202412000228,STU000228,SCH003,2024-12-01,12,11,Unauthorised
ATT202412000229,STU000229,SCH026,2024-12-01,11,10,Other
ATT202412000230,STU000230,SCH039,2024-12-01,14,13,Illness
ATT202412000231,STU000231,SCH009,2024-12-01,14,11,Medical
ATT202412000232,STU000232,SCH025,2024-12-01,14,12,Other
ATT202412000233,STU000233,SCH011,2024-12-01,10,9,Family
ATT202412000234,STU000234,SCH021,2024-12-01,15,14,Illness
ATT202412000235,STU000235,SCH005,2024-12-01,12,11,Medical
ATT202412000236,STU000236,SCH022,2024-12-01,12,10,Other
ATT202412000237,STU000237,SCH040,2024-12-01,14,13,Unauthorised
ATT202412000238,STU000238,SCH018,2024-12-01,14,12,Other
ATT202412000239,STU000239,SCH031,2024-12-01,15,13,Illness
ATT202412000240,STU000240,SCH047,2024-12-01,13,12,Illness
ATT202412000241,STU000241,SCH015,2024-12-01,15,14,Illness
ATT202412000242,STU000242,SCH005,2024-12-01,11,10,Illness
ATT202412000243,STU000243,SCH006,2024-12-01,10,9,Unauthorised
ATT202412000244,STU000244,SCH002,2024-12-01,11,9,Unauthorised
ATT202412000245,STU000245,SCH038,2024-12-01,15,15,
ATT202412000246,STU000246,SCH044,2024-12-01,15,13,Family
ATT202412000247,STU000247,SCH050,2024-12-01,13,11,Unauthorised
ATT202412000248,STU000248,SCH039,2024-12-01,14,13,Other
ATT202412000249,STU000249,SCH001,2024-12-01,15,15,
ATT202412000250,STU000250,SCH004,2024-12-01,14,13,Unauthorised
ATT202412000251,STU000251,SCH032,2024-12-01,14,13,Unauthorised
ATT202412000252,STU000252,SCH047,2024-12-01,14,13,Unauthorised
ATT202412000253,STU000253,SCH014,2024-12-01,14,12,Unauthorised
ATT202412000254,STU000254,SCH018,2024-12-01,14,13,Illness
ATT202412000255,STU000255,SCH026,2024-12-01,10,10,
ATT202412000256,STU000256,SCH044,2024-12-01,12,11,Illness
ATT202412000257,STU000257,SCH046,2024-12-01,14,13,Family
ATT202412000258,STU000258,SCH034,2024-12-01,12,11,Medical
ATT202412000259,STU000259,SCH003,2024-12-01,12,11,Other
ATT202412000260,STU000260,SCH050,2024-12-01,12,10,Unauthorised
ATT202412000261,STU000261,SCH009,2024-12-01,13,12,Unauthorised
ATT202412000262,STU000262,SCH045,2024-12-01,15,14,Other
ATT202412000263,STU000263,SCH026,2024-12-01,12,11,Unauthorised
ATT202412000264,STU000264,SCH008,2024-12-01,11,11,
ATT202412000265,STU000265,SCH050,2024-12-01,11,10,Medical
ATT202412000266,STU000266,SCH040,2024-12-01,13,12,Family
ATT202412000267,STU000267,SCH001,2024-12-01,13,11,Other
ATT202412000268,STU000268,SCH008,2024-12-01,14,14,
ATT202412000269,STU000269,SCH009,2024-12-01,13,12,Unauthorised
ATT202412000270,STU000270,SCH018,2024-12-01,14,13,Medical
ATT202412000271,STU000271,SCH027,2024-12-01,10,9,Illness
ATT202412000272,STU000272,SCH041,2024-12-01,14,13,Medical
ATT202412000273,STU000273,SCH016,2024-12-01,12,11,Unauthorised
ATT202412000274,STU000274,SCH012,2024-12-01,14,12,Other
ATT202412000275,STU000275,SCH050,2024-12-01,10,9,Illness
ATT202412000276,STU000276,SCH039,2024-12-01,13,12,Medical
ATT202412000277,STU000277,SCH041,2024-12-01,15,13,Family
ATT202412000278,STU000278,SCH039,2024-12-01,11,10,Family
ATT202412000279,STU000279,SCH028,2024-12-01,11,11,
ATT202412000280,STU000280,SCH028,2024-12-01,15,15,
ATT202412000281,STU000281,SCH040,2024-12-01,14,12,Medical
ATT202412000282,STU000282,SCH001,2024-12-01,15,13,Medical
ATT202412000283,STU000283,SCH027,2024-12-01,11,10,Family
ATT202412000284,STU000284,SCH020,2024-12-01,12,11,Medical
ATT202412000285,STU000285,SCH046,2024-12-01,10,9,Illness
ATT202412000286,STU000286,SCH041,2024-12-01,10,9,Illness
ATT202412000287,STU000287,SCH008,2024-12-01,14,13,Unauthorised
ATT202412000288,STU000288,SCH031,2024-12-01,12,11,Family
ATT202412000289,STU000289,SCH033,2024-12-01,11,10,Illness
ATT202412000290,STU000290,SCH040,2024-12-01,12,11,Unauthorised
ATT202412000291,STU000291,SCH036,2024-12-01,12,10,Family
ATT202412000292,STU000292,SCH044,2024-12-01,14,14,
ATT202412000293,STU000293,SCH033,2024-12-01,15,13,Medical
ATT202412000294,STU000294,SCH012,2024-12-01,11,9,Illness
ATT202412000295,STU000295,SCH027,2024-12-01,10,9,Family
ATT202412000296,STU000296,SCH017,2024-12-01,11,10,Other
ATT202412000297,STU000297,SCH045,2024-12-01,14,12,Medical
ATT202412000298,STU000298,SCH042,2024-12-01,13,11,Medical
ATT202412000299,STU000299,SCH033,2024-12-01,13,12,Unauthorised
ATT202412000300,STU000300,SCH017,2024-12-01,13,12,Unauthorised
ATT202412000301,STU000301,SCH043,2024-12-01,11,11,
ATT202412000302,STU000302,SCH024,2024-12-01,14,13,Unauthorised
ATT202412000303,STU000303,SCH010,2024-12-01,15,14,Unauthorised
ATT202412000304,STU000304,SCH046,2024-12-01,12,10,Family
ATT202412000305,STU000305,SCH004,2024-12-01,14,13,Other
ATT202412000306,STU000306,SCH046,2024-12-01,14,11,Medical
ATT202412000307,STU000307,SCH010,2024-12-01,14,14,
ATT202412000308,STU000308,SCH005,2024-12-01,14,13,Other
ATT202412000309,STU000309,SCH026,2024-12-01,10,9,Unauthorised
ATT202412000310,STU000310,SCH025,2024-12-01,14,14,
ATT202412000311,STU000311,SCH012,2024-12-01,13,11,Unauthorised
ATT202412000312,STU000312,SCH022,2024-12-01,14,12,Family
ATT202412000313,STU000313,SCH028,2024-12-01,11,10,Unauthorised
ATT202412000314,STU000314,SCH012,2024-12-01,12,10,Illness
ATT202412000315,STU000315,SCH046,2024-12-01,11,10,Family
ATT202412000316,STU000316,SCH037,2024-12-01,10,9,Medical
ATT202412000317,STU000317,SCH008,2024-12-01,13,12,Other
ATT202412000318,STU000318,SCH026,2024-12-01,12,12,
ATT202412000319,STU000319,SCH016,2024-12-01,12,11,Family
ATT202412000320,STU000320,SCH007,2024-12-01,10,10,
ATT202412000321,STU000321,SCH042,2024-12-01,15,13,Medical
ATT202412000322,STU000322,SCH011,2024-12-01,14,13,Illness
ATT202412000323,STU000323,SCH010,2024-12-01,14,13,Unauthorised
ATT202412000324,STU000324,SCH042,2024-12-01,11,10,Other
ATT202412000325,STU000325,SCH041,2024-12-01,11,10,Illness
ATT202412000326,STU000326,SCH023,2024-12-01,15,14,Illness
ATT202412000327,STU000327,SCH017,2024-12-01,11,10,Unauthorised
ATT202412000328,STU000328,SCH024,2024-12-01,13,13,
ATT202412000329,STU000329,SCH023,2024-12-01,10,9,Family
ATT202412000330,STU000330,SCH031,2024-12-01,12,11,Illness
ATT202412000331,STU000331,SCH025,2024-12-01,12,10,Medical
ATT202412000332,STU000332,SCH030,2024-12-01,11,10,Other
ATT202412000333,STU000333,SCH037,2024-12-01,13,12,Family
ATT202412000334,STU000334,SCH005,2024-12-01,12,11,Illness
ATT202412000335,STU000335,SCH041,2024-12-01,12,11,Family
ATT202412000336,STU000336,SCH035,2024-12-01,13,11,Medical
ATT202412000337,STU000337,SCH011,2024-12-01,14,13,Illness
ATT202412000338,STU000338,SCH043,2024-12-01,14,12,Medical
ATT202412000339,STU000339,SCH024,2024-12-01,13,12,Unauthorised
ATT202412000340,STU000340,SCH025,2024-12-01,15,14,Family
ATT202412000341,STU000341,SCH007,2024-12-01,12,11,Medical
ATT202412000342,STU000342,SCH025,2024-12-01,10,9,Unauthorised
ATT202412000343,STU000343,SCH042,2024-12-01,10,8,Other
ATT202412000344,STU000344,SCH035,2024-12-01,12,11,Family
ATT202412000345,STU000345,SCH010,2024-12-01,15,14,Other
ATT202412000346,STU000346,SCH021,2024-12-01,11,10,Medical
ATT202412000347,STU000347,SCH012,2024-12-01,12,11,Medical
ATT202412000348,STU000348,SCH031,2024-12-01,14,13,Illness
ATT202412000349,STU000349,SCH038,2024-12-01,11,10,Family
ATT202412000350,STU000350,SCH033,2024-12-01,10,10,
ATT202412000351,STU000351,SCH040,2024-12-01,14,14,
ATT202412000352,STU000352,SCH027,2024-12-01,12,11,Other
ATT202412000354,STU000354,SCH031,2024-12-01,10,9,Unauthorised
ATT202412000355,STU000355,SCH038,2024-12-01,13,12,Illness
ATT202412000356,STU000356,SCH020,2024-12-01,11,10,Family
ATT202412000357,STU000357,SCH009,2024-12-01,12,11,Other
ATT202412000358,STU000358,SCH014,2024-12-01,12,11,Unauthorised
ATT202412000359,STU000359,SCH031,2024-12-01,11,10,Illness
ATT202412000360,STU000360,SCH006,2024-12-01,13,13,
ATT202412000361,STU000361,SCH029,2024-12-01,10,9,Medical
ATT202412000362,STU000362,SCH047,2024-12-01,12,12,
ATT202412000363,STU000363,SCH013,2024-12-01,14,13,Illness
ATT202412000364,STU000364,SCH039,2024-12-01,13,12,Unauthorised
ATT202412000365,STU000365,SCH010,2024-12-01,12,11,Medical
ATT202412000366,STU000366,SCH038,2024-12-01,14,12,Medical
ATT202412000367,STU000367,SCH047,2024-12-01,10,10,
ATT202412000368,STU000368,SCH022,2024-12-01,15,13,Other
ATT202412000369,STU000369,SCH047,2024-12-01,11,10,Illness
ATT202412000370,STU000370,SCH026,2024-12-01,14,13,Unauthorised
ATT202412000371,STU000371,SCH036,2024-12-01,15,14,Unauthorised
ATT202412000372,STU000372,SCH002,2024-12-01,10,9,Medical
ATT202412000373,STU000373,SCH025,2024-12-01,15,15,
ATT202412000374,STU000374,SCH003,2024-12-01,10,9,Medical
ATT202412000375,STU000375,SCH019,2024-12-01,13,13,
ATT202412000376,STU000376,SCH019,2024-12-01,14,12,Family
ATT202412000377,STU000377,SCH008,2024-12-01,15,14,Family
ATT202412000378,STU000378,SCH034,2024-12-01,15,14,Medical
ATT202412000379,STU000379,SCH047,2024-12-01,12,11,Other
ATT202412000380,STU000380,SCH049,2024-12-01,10,8,Illness
ATT202412000381,STU000381,SCH036,2024-12-01,12,11,Illness
ATT202412000382,STU000382,SCH004,2024-12-01,14,13,Unauthorised
ATT202412000383,STU000383,SCH047,2024-12-01,15,14,Family
ATT202412000384,STU000384,SCH032,2024-12-01,10,9,Family
ATT202412000385,STU000385,SCH023,2024-12-01,15,13,Family
ATT202412000386,STU000386,SCH011,2024-12-01,12,12,
ATT202412000387,STU000387,SCH027,2024-12-01,12,11,Unauthorised
ATT202412000388,STU000388,SCH032,2024-12-01,12,11,Unauthorised
ATT202412000389,STU000389,SCH026,2024-12-01,14,12,Medical
ATT202412000390,STU000390,SCH032,2024-12-01,12,10,Unauthorised
ATT202412000391,STU000391,SCH024,2024-12-01,15,13,Other
ATT202412000392,STU000392,SCH036,2024-12-01,12,11,Medical
ATT202412000393,STU000393,SCH005,2024-12-01,13,12,Unauthorised
ATT202412000394,STU000394,SCH032,2024-12-01,10,9,Unauthorised
ATT202412000395,STU000395,SCH023,2024-12-01,15,14,Other
ATT202412000396,STU000396,SCH037,2024-12-01,10,9,Family
ATT202412000397,STU000397,SCH047,2024-12-01,12,11,Medical
ATT202412000398,STU000398,SCH034,2024-12-01,14,12,Other
ATT202412000399,STU000399,SCH036,2024-12-01,15,13,Illness
ATT202412000400,STU000400,SCH022,2024-12-01,14,13,Family
ATT202412000401,STU000401,SCH012,2024-12-01,15,13,Unauthorised
ATT202412000402,STU000402,SCH037,2024-12-01,14,13,Other
ATT202412000403,STU000403,SCH028,2024-12-01,13,13,
ATT202412000404,STU000404,SCH026,2024-12-01,11,9,Family
ATT202412000405,STU000405,SCH020,2024-12-01,14,13,Illness
ATT202412000406,STU000406,SCH029,2024-12-01,11,9,Other
ATT202412000407,STU000407,SCH034,2024-12-01,15,13,Family
ATT202412000408,STU000408,SCH050,2024-12-01,14,13,Medical
ATT202412000409,STU000409,SCH005,2024-12-01,13,12,Family
ATT202412000410,STU000410,SCH008,2024-12-01,14,12,Medical
ATT202412000411,STU000411,SCH008,2024-12-01,15,14,Illness
ATT202412000412,STU000412,SCH036,2024-12-01,11,10,Illness
ATT202412000413,STU000413,SCH016,2024-12-01,12,11,Illness
ATT202412000414,STU000414,SCH021,2024-12-01,15,13,Family
ATT202412000415,STU000415,SCH009,2024-12-01,13,12,Medical
ATT202412000416,STU000416,SCH049,2024-12-01,15,13,Unauthorised
ATT202412000417,STU000417,SCH022,2024-12-01,13,11,Medical
ATT202412000418,STU000418,SCH032,2024-12-01,10,9,Illness
ATT202412000419,STU000419,SCH039,2024-12-01,14,13,Medical
ATT202412000420,STU000420,SCH046,2024-12-01,14,13,Other
ATT202412000421,STU000421,SCH023,2024-12-01,10,9,Medical
ATT202412000422,STU000422,SCH032,2024-12-01,14,13,Unauthorised
ATT202412000424,STU000424,SCH002,2024-12-01,12,12,
ATT202412000425,STU000425,SCH034,2024-12-01,11,9,Unauthorised
ATT202412000426,STU000426,SCH027,2024-12-01,15,14,Medical
ATT202412000427,STU000427,SCH036,2024-12-01,12,12,
ATT202412000428,STU000428,SCH010,2024-12-01,15,14,Other
ATT202412000429,STU000429,SCH019,2024-12-01,13,13,
ATT202412000430,STU000430,SCH032,2024-12-01,14,13,Family
ATT202412000431,STU000431,SCH014,2024-12-01,13,11,Other
ATT202412000432,STU000432,SCH018,2024-12-01,14,13,Unauthorised
ATT202412000433,STU000433,SCH035,2024-12-01,14,12,Family
ATT202412000434,STU000434,SCH020,2024-12-01,10,9,Illness
ATT202412000435,STU000435,SCH042,2024-12-01,13,11,Other
ATT202412000436,STU000436,SCH002,2024-12-01,11,9,Unauthorised
ATT202412000437,STU000437,SCH028,2024-12-01,13,13,
ATT202412000438,STU000438,SCH034,2024-12-01,14,12,Unauthorised
ATT202412000439,STU000439,SCH004,2024-12-01,13,12,Medical
ATT202412000440,STU000440,SCH007,2024-12-01,12,12,
ATT202412000441,STU000441,SCH008,2024-12-01,10,9,Other
ATT202412000442,STU000442,SCH036,2024-12-01,14,14,
ATT202412000443,STU000443,SCH019,2024-12-01,10,9,Medical
ATT202412000444,STU000444,SCH047,2024-12-01,15,14,Other
ATT202412000445,STU000445,SCH030,2024-12-01,15,14,Other
ATT202412000446,STU000446,SCH048,2024-12-01,14,13,Unauthorised
ATT202412000447,STU000447,SCH022,2024-12-01,12,10,Illness
ATT202412000448,STU000448,SCH017,2024-12-01,12,10,Unauthorised
ATT202412000449,STU000449,SCH035,2024-12-01,14,13,Unauthorised
ATT202412000450,STU000450,SCH001,2024-12-01,14,12,Family
ATT202412000451,STU000451,SCH046,2024-12-01,12,12,
ATT202412000452,STU000452,SCH007,2024-12-01,11,11,
ATT202412000453,STU000453,SCH041,2024-12-01,11,11,
ATT202412000454,STU000454,SCH014,2024-12-01,10,9,Illness
ATT202412000455,STU000455,SCH017,2024-12-01,12,11,Medical
ATT202412000456,STU000456,SCH049,2024-12-01,12,11,Family
ATT202412000457,STU000457,SCH039,2024-12-01,11,10,Other
ATT202412000458,STU000458,SCH042,2024-12-01,14,12,Unauthorised
ATT202412000459,STU000459,SCH004,2024-12-01,12,11,Illness
ATT202412000460,STU000460,SCH037,2024-12-01,10,10,
ATT202412000461,STU000461,SCH014,2024-12-01,13,12,Other
ATT202412000462,STU000462,SCH033,2024-12-01,13,12,Other
ATT202412000463,STU000463,SCH024,2024-12-01,10,9,Illness
ATT202412000464,STU000464,SCH020,2024-12-01,11,11,
ATT202412000465,STU000465,SCH021,2024-12-01,10,9,Family
ATT202412000466,STU000466,SCH046,2024-12-01,10,9,Unauthorised
ATT202412000467,STU000467,SCH043,2024-12-01,13,12,Unauthorised
ATT202412000468,STU000468,SCH023,2024-12-01,10,10,
ATT202412000469,STU000469,SCH011,2024-12-01,12,11,Unauthorised
ATT202412000470,STU000470,SCH025,2024-12-01,12,11,Family
ATT202412000471,STU000471,SCH040,2024-12-01,11,10,Other
ATT202412000472,STU000472,SCH046,2024-12-01,15,13,Illness
ATT202412000473,STU000473,SCH009,2024-12-01,10,10,
ATT202412000474,STU000474,SCH031,2024-12-01,11,9,Other
ATT202412000475,STU000475,SCH038,2024-12-01,12,12,
ATT202412000476,STU000476,SCH030,2024-12-01,14,14,
ATT202412000477,STU000477,SCH029,2024-12-01,11,10,Illness
ATT202412000478,STU000478,SCH009,2024-12-01,12,11,Illness
ATT202412000479,STU000479,SCH028,2024-12-01,10,9,Other
ATT202412000480,STU000480,SCH009,2024-12-01,11,10,Medical
ATT202412000481,STU000481,SCH009,2024-12-01,12,11,Other
ATT202412000482,STU000482,SCH039,2024-12-01,11,10,Illness
ATT202412000483,STU000483,SCH040,2024-12-01,10,10,
ATT202412000484,STU000484,SCH003,2024-12-01,11,10,Medical
ATT202412000485,STU000485,SCH004,2024-12-01,10,9,Other
ATT202412000486,STU000486,SCH038,2024-12-01,12,11,Other
ATT202412000487,STU000487,SCH049,2024-12-01,12,11,Unauthorised
ATT202412000488,STU000488,SCH012,2024-12-01,12,11,Medical
ATT202412000489,STU000489,SCH010,2024-12-01,11,9,Medical
ATT202412000490,STU000490,SCH019,2024-12-01,14,13,Unauthorised
ATT202412000491,STU000491,SCH009,2024-12-01,14,12,Other
ATT202412000492,STU000492,SCH005,2024-12-01,12,11,Illness
ATT202412000493,STU000493,SCH045,2024-12-01,14,13,Unauthorised
ATT202412000494,STU000494,SCH046,2024-12-01,12,11,Unauthorised
ATT202412000495,STU000495,SCH009,2024-12-01,15,13,Illness
ATT202412000496,STU000496,SCH004,2024-12-01,15,14,Unauthorised
ATT202412000497,STU000497,SCH048,2024-12-01,14,13,Other
ATT202412000498,STU000498,SCH014,2024-12-01,13,12,Family
ATT202412000499,STU000499,SCH040,2024-12-01,11,10,Medical
ATT202412000500,STU000500,SCH020,2024-12-01,11,10,Medical
ATT202412000501,STU000501,SCH019,2024-12-01,14,13,Illness
ATT202412000502,STU000502,SCH016,2024-12-01,15,13,Unauthorised
ATT202412000503,STU000503,SCH015,2024-12-01,14,13,Other
ATT202412000504,STU000504,SCH041,2024-12-01,14,13,Family
ATT202412000505,STU000505,SCH015,2024-12-01,11,10,Medical
ATT202412000506,STU000506,SCH024,2024-12-01,15,13,Unauthorised
ATT202412000507,STU000507,SCH040,2024-12-01,14,13,Other
ATT202412000508,STU000508,SCH024,2024-12-01,14,12,Medical
ATT202412000509,STU000509,SCH049,2024-12-01,12,11,Other
ATT202412000510,STU000510,SCH001,2024-12-01,11,10,Family
ATT202412000511,STU000511,SCH008,2024-12-01,15,13,Other
ATT202412000512,STU000512,SCH007,2024-12-01,15,14,Family
ATT202412000513,STU000513,SCH004,2024-12-01,15,14,Medical
ATT202412000514,STU000514,SCH012,2024-12-01,14,12,Family
ATT202412000515,STU000515,SCH012,2024-12-01,13,12,Unauthorised
ATT202412000516,STU000516,SCH047,2024-12-01,15,13,Medical
ATT202412000517,STU000517,SCH027,2024-12-01,13,12,Other
ATT202412000518,STU000518,SCH036,2024-12-01,15,14,Other
ATT202412000519,STU000519,SCH026,2024-12-01,13,12,Illness
ATT202412000520,STU000520,SCH018,2024-12-01,10,9,Family
ATT202412000521,STU000521,SCH045,2024-12-01,15,14,Unauthorised
ATT202412000522,STU000522,SCH029,2024-12-01,14,13,Other
ATT202412000523,STU000523,SCH007,2024-12-01,11,11,
ATT202412000524,STU000524,SCH005,2024-12-01,14,13,Illness
ATT202412000525,STU000525,SCH026,2024-12-01,12,11,Family
ATT202412000526,STU000526,SCH046,2024-12-01,10,9,Illness
ATT202412000527,STU000527,SCH006,2024-12-01,11,10,Medical
ATT202412000528,STU000528,SCH018,2024-12-01,14,13,Family
ATT202412000529,STU000529,SCH010,2024-12-01,14,13,Medical
ATT202412000530,STU000530,SCH011,2024-12-01,12,11,Other
ATT202412000531,STU000531,SCH008,2024-12-01,11,10,Illness
ATT202412000532,STU000532,SCH029,2024-12-01,13,12,Medical
ATT202412000533,STU000533,SCH017,2024-12-01,13,12,Illness
ATT202412000534,STU000534,SCH045,2024-12-01,13,12,Illness
ATT202412000535,STU000535,SCH024,2024-12-01,10,9,Illness
ATT202412000536,STU000536,SCH017,2024-12-01,15,14,Family
ATT202412000537,STU000537,SCH004,2024-12-01,13,11,Family
ATT202412000538,STU000538,SCH001,2024-12-01,15,13,Other
ATT202412000539,STU000539,SCH025,2024-12-01,12,11,Family
ATT202412000540,STU000540,SCH045,2024-12-01,12,11,Medical
ATT202412000541,STU000541,SCH038,2024-12-01,14,13,Family
ATT202412000542,STU000542,SCH006,2024-12-01,10,9,Unauthorised
ATT202412000543,STU000543,SCH029,2024-12-01,10,9,Illness
ATT202412000544,STU000544,SCH006,2024-12-01,12,10,Unauthorised
ATT202412000545,STU000545,SCH025,2024-12-01,13,12,Family
ATT202412000546,STU000546,SCH044,2024-12-01,15,14,Family
ATT202412000547,STU000547,SCH034,2024-12-01,13,11,Family
ATT202412000548,STU000548,SCH004,2024-12-01,13,12,Family
ATT202412000549,STU000549,SCH011,2024-12-01,11,10,Illness
ATT202412000550,STU000550,SCH008,2024-12-01,11,10,Medical
ATT202412000551,STU000551,SCH049,2024-12-01,15,12,Other
ATT202412000552,STU000552,SCH009,2024-12-01,14,13,Illness
ATT202412000553,STU000553,SCH048,2024-12-01,11,11,
ATT202412000554,STU000554,SCH016,2024-12-01,10,10,
ATT202412000555,STU000555,SCH010,2024-12-01,13,12,Unauthorised
ATT202412000556,STU000556,SCH034,2024-12-01,15,13,Medical
ATT202412000557,STU000557,SCH025,2024-12-01,11,10,Unauthorised
ATT202412000558,STU000558,SCH006,2024-12-01,13,11,Family
ATT202412000559,STU000559,SCH034,2024-12-01,10,9,Other
ATT202412000560,STU000560,SCH016,2024-12-01,11,10,Family
ATT202412000561,STU000561,SCH036,2024-12-01,13,11,Unauthorised
ATT202412000562,STU000562,SCH042,2024-12-01,12,11,Other
ATT202412000563,STU000563,SCH004,2024-12-01,12,11,Other
ATT202412000564,STU000564,SCH019,2024-12-01,14,12,Illness
ATT202412000565,STU000565,SCH049,2024-12-01,13,11,Medical
ATT202412000566,STU000566,SCH029,2024-12-01,14,13,Illness
ATT202412000567,STU000567,SCH030,2024-12-01,15,15,
ATT202412000568,STU000568,SCH036,2024-12-01,11,10,Unauthorised
ATT202412000569,STU000569,SCH012,2024-12-01,12,11,Medical
ATT202412000570,STU000570,SCH009,2024-12-01,10,8,Illness
ATT202412000571,STU000571,SCH036,2024-12-01,10,10,
ATT202412000572,STU000572,SCH027,2024-12-01,14,12,Illness
ATT202412000573,STU000573,SCH033,2024-12-01,13,12,Illness
ATT202412000574,STU000574,SCH025,2024-12-01,14,14,
ATT202412000575,STU000575,SCH014,2024-12-01,14,12,Medical
ATT202412000576,STU000576,SCH001,2024-12-01,12,11,Medical
ATT202412000577,STU000577,SCH040,2024-12-01,13,12,Medical
ATT202412000578,STU000578,SCH025,2024-12-01,15,14,Family
ATT202412000579,STU000579,SCH047,2024-12-01,12,11,Family
ATT202412000580,STU000580,SCH034,2024-12-01,11,10,Family
ATT202412000581,STU000581,SCH008,2024-12-01,12,11,Unauthorised
ATT202412000582,STU000582,SCH008,2024-12-01,12,11,Medical
ATT202412000583,STU000583,SCH004,2024-12-01,10,10,
ATT202412000584,STU000584,SCH025,2024-12-01,11,10,Other
ATT202412000585,STU000585,SCH039,2024-12-01,14,13,Family
ATT202412000586,STU000586,SCH009,2024-12-01,14,13,Unauthorised
ATT202412000587,STU000587,SCH028,2024-12-01,12,11,Family
ATT202412000588,STU000588,SCH009,2024-12-01,13,11,Unauthorised
ATT202412000589,STU000589,SCH040,2024-12-01,15,14,Other
ATT202412000590,STU000590,SCH044,2024-12-01,11,10,Unauthorised
ATT202412000591,STU000591,SCH020,2024-12-01,10,9,Other
ATT202412000592,STU000592,SCH047,2024-12-01,15,13,Unauthorised
ATT202412000593,STU000593,SCH020,2024-12-01,10,10,
ATT202412000594,STU000594,SCH015,2024-12-01,10,9,Illness
ATT202412000595,STU000595,SCH040,2024-12-01,13,12,Medical
ATT202412000596,STU000596,SCH031,2024-12-01,14,12,Family
ATT202412000597,STU000597,SCH043,2024-12-01,11,10,Family
ATT202412000598,STU000598,SCH028,2024-12-01,14,13,Illness
ATT202412000599,STU000599,SCH035,2024-12-01,10,9,Illness
ATT202412000600,STU000600,SCH042,2024-12-01,11,10,Illness
ATT202412000601,STU000601,SCH039,2024-12-01,10,9,Other
ATT202412000602,STU000602,SCH004,2024-12-01,12,11,Illness
ATT202412000603,STU000603,SCH022,2024-12-01,14,12,Unauthorised
ATT202412000604,STU000604,SCH033,2024-12-01,11,10,Other
ATT202412000605,STU000605,SCH008,2024-12-01,13,12,Medical
ATT202412000606,STU000606,SCH040,2024-12-01,12,12,
ATT202412000607,STU000607,SCH007,2024-12-01,13,12,Unauthorised
ATT202412000608,STU000608,SCH024,2024-12-01,10,9,Medical
ATT202412000609,STU000609,SCH017,2024-12-01,12,10,Unauthorised
ATT202412000610,STU000610,SCH018,2024-12-01,13,11,Illness
ATT202412000611,STU000611,SCH011,2024-12-01,11,9,Medical
ATT202412000612,STU000612,SCH022,2024-12-01,15,14,Medical
ATT202412000613,STU000613,SCH021,2024-12-01,14,13,Family
ATT202412000614,STU000614,SCH037,2024-12-01,15,14,Illness
ATT202412000615,STU000615,SCH004,2024-12-01,13,13,
ATT202412000616,STU000616,SCH016,2024-12-01,12,11,Other
ATT202412000617,STU000617,SCH040,2024-12-01,12,10,Family
ATT202412000618,STU000618,SCH048,2024-12-01,15,14,Unauthorised
ATT202412000619,STU000619,SCH043,2024-12-01,11,10,Medical
ATT202412000620,STU000620,SCH046,2024-12-01,11,10,Family
ATT202412000621,STU000621,SCH026,2024-12-01,14,13,Family
ATT202412000622,STU000622,SCH026,2024-12-01,13,12,Family
ATT202412000623,STU000623,SCH008,2024-12-01,15,14,Family
ATT202412000624,STU000624,SCH005,2024-12-01,12,11,Unauthorised
ATT202412000625,STU000625,SCH001,2024-12-01,11,9,Medical
ATT202412000626,STU000626,SCH001,2024-12-01,14,12,Unauthorised
ATT202412000627,STU000627,SCH012,2024-12-01,10,9,Unauthorised
ATT202412000628,STU000628,SCH004,2024-12-01,10,9,Medical
ATT202412000629,STU000629,SCH007,2024-12-01,14,13,Other
ATT202412000630,STU000630,SCH004,2024-12-01,12,11,Other
ATT202412000631,STU000631,SCH028,2024-12-01,15,14,Unauthorised
ATT202412000632,STU000632,SCH044,2024-12-01,10,9,Unauthorised
ATT202412000633,STU000633,SCH030,2024-12-01,13,12,Other
ATT202412000634,STU000634,SCH032,2024-12-01,13,11,Other
ATT202412000635,STU000635,SCH049,2024-12-01,10,9,Family
ATT202412000636,STU000636,SCH005,2024-12-01,14,13,Family
ATT202412000637,STU000637,SCH042,2024-12-01,11,11,
ATT202412000638,STU000638,SCH010,2024-12-01,15,13,Unauthorised
ATT202412000639,STU000639,SCH047,2024-12-01,10,10,
ATT202412000640,STU000640,SCH006,2024-12-01,15,13,Illness
ATT202412000641,STU000641,SCH025,2024-12-01,12,10,Illness
ATT202412000642,STU000642,SCH049,2024-12-01,14,13,Medical
ATT202412000643,STU000643,SCH026,2024-12-01,15,14,Other
ATT202412000644,STU000644,SCH004,2024-12-01,12,11,Other
ATT202412000645,STU000645,SCH020,2024-12-01,15,14,Family
ATT202412000646,STU000646,SCH019,2024-12-01,13,12,Family
ATT202412000647,STU000647,SCH018,2024-12-01,12,11,Family
ATT202412000648,STU000648,SCH039,2024-12-01,11,10,Family
ATT202412000649,STU000649,SCH024,2024-12-01,14,13,Other
ATT202412000650,STU000650,SCH016,2024-12-01,14,13,Illness
ATT202412000651,STU000651,SCH018,2024-12-01,14,13,Unauthorised
ATT202412000652,STU000652,SCH028,2024-12-01,15,14,Medical
ATT202412000653,STU000653,SCH040,2024-12-01,10,9,Other
ATT202412000654,STU000654,SCH015,2024-12-01,14,13,Family
ATT202412000655,STU000655,SCH027,2024-12-01,12,10,Medical
ATT202412000656,STU000656,SCH023,2024-12-01,15,14,Family
ATT202412000657,STU000657,SCH008,2024-12-01,14,13,Medical
ATT202412000658,STU000658,SCH018,2024-12-01,11,11,
ATT202412000659,STU000659,SCH045,2024-12-01,13,12,Other
ATT202412000660,STU000660,SCH026,2024-12-01,15,14,Unauthorised
ATT202412000661,STU000661,SCH040,2024-12-01,13,12,Other
ATT202412000662,STU000662,SCH006,2024-12-01,13,13,
ATT202412000663,STU000663,SCH010,2024-12-01,10,10,
ATT202412000665,STU000665,SCH013,2024-12-01,15,15,
ATT202412000666,STU000666,SCH023,2024-12-01,14,12,Medical
ATT202412000667,STU000667,SCH039,2024-12-01,13,12,Other
ATT202412000668,STU000668,SCH034,2024-12-01,10,9,Illness
ATT202412000669,STU000669,SCH030,2024-12-01,13,13,
ATT202412000670,STU000670,SCH035,2024-12-01,10,9,Unauthorised
ATT202412000671,STU000671,SCH014,2024-12-01,12,12,
ATT202412000672,STU000672,SCH001,2024-12-01,14,12,Unauthorised
ATT202412000673,STU000673,SCH032,2024-12-01,14,12,Medical
ATT202412000674,STU000674,SCH022,2024-12-01,15,14,Medical
ATT202412000675,STU000675,SCH022,2024-12-01,12,11,Other
ATT202412000676,STU000676,SCH004,2024-12-01,10,9,Family
ATT202412000677,STU000677,SCH026,2024-12-01,11,10,Medical
ATT202412000678,STU000678,SCH022,2024-12-01,14,12,Medical
ATT202412000679,STU000679,SCH034,2024-12-01,12,11,Medical
ATT202412000680,STU000680,SCH037,2024-12-01,10,10,
ATT202412000681,STU000681,SCH043,2024-12-01,12,11,Medical
ATT202412000682,STU000682,SCH011,2024-12-01,12,11,Illness
ATT202412000683,STU000683,SCH016,2024-12-01,11,10,Illness
ATT202412000684,STU000684,SCH017,2024-12-01,13,13,
ATT202412000685,STU000685,SCH020,2024-12-01,11,10,Illness
ATT202412000686,STU000686,SCH012,2024-12-01,12,11,Medical
ATT202412000687,STU000687,SCH050,2024-12-01,11,9,Medical
ATT202412000688,STU000688,SCH018,2024-12-01,13,12,Other
ATT202412000689,STU000689,SCH010,2024-12-01,14,13,Illness
ATT202412000690,STU000690,SCH001,2024-12-01,11,9,Family
ATT202412000691,STU000691,SCH031,2024-12-01,12,11,Family
ATT202412000692,STU000692,SCH012,2024-12-01,15,13,Unauthorised
ATT202412000693,STU000693,SCH043,2024-12-01,12,10,Illness
ATT202412000694,STU000694,SCH012,2024-12-01,11,11,
ATT202412000695,STU000695,SCH031,2024-12-01,12,10,Other
ATT202412000696,STU000696,SCH046,2024-12-01,10,9,Medical
ATT202412000698,STU000698,SCH031,2024-12-01,15,14,Other
ATT202412000699,STU000699,SCH014,2024-12-01,14,13,Illness
ATT202412000700,STU000700,SCH008,2024-12-01,11,10,Other
ATT202412000701,STU000701,SCH031,2024-12-01,15,12,Medical
ATT202412000702,STU000702,SCH034,2024-12-01,10,9,Unauthorised
ATT202412000703,STU000703,SCH034,2024-12-01,12,12,
ATT202412000704,STU000704,SCH048,2024-12-01,12,12,
ATT202412000705,STU000705,SCH043,2024-12-01,15,14,Unauthorised
ATT202412000706,STU000706,SCH042,2024-12-01,10,9,Illness
ATT202412000707,STU000707,SCH036,2024-12-01,14,13,Medical
ATT202412000708,STU000708,SCH034,2024-12-01,14,10,Other
ATT202412000709,STU000709,SCH045,2024-12-01,14,13,Medical
ATT202412000710,STU000710,SCH012,2024-12-01,12,11,Illness
ATT202412000711,STU000711,SCH012,2024-12-01,13,12,Other
ATT202412000712,STU000712,SCH035,2024-12-01,10,10,
ATT202412000713,STU000713,SCH046,2024-12-01,12,10,Medical
ATT202412000714,STU000714,SCH030,2024-12-01,10,9,Other
ATT202412000715,STU000715,SCH011,2024-12-01,14,13,Illness
ATT202412000716,STU000716,SCH015,2024-12-01,13,11,Other
ATT202412000717,STU000717,SCH001,2024-12-01,14,12,Medical
ATT202412000718,STU000718,SCH022,2024-12-01,13,11,Illness
ATT202412000719,STU000719,SCH007,2024-12-01,10,9,Other
ATT202412000720,STU000720,SCH039,2024-12-01,14,13,Medical
ATT202412000721,STU000721,SCH037,2024-12-01,14,13,Medical
ATT202412000722,STU000722,SCH038,2024-12-01,13,12,Family
ATT202412000723,STU000723,SCH040,2024-12-01,14,13,Medical
ATT202412000724,STU000724,SCH027,2024-12-01,13,13,
ATT202412000725,STU000725,SCH036,2024-12-01,14,14,
ATT202412000726,STU000726,SCH033,2024-12-01,14,14,
ATT202412000727,STU000727,SCH029,2024-12-01,15,14,Unauthorised
ATT202412000728,STU000728,SCH034,2024-12-01,12,9,Illness
ATT202412000729,STU000729,SCH034,2024-12-01,11,10,Family
ATT202412000730,STU000730,SCH042,2024-12-01,10,9,Medical
ATT202412000731,STU000731,SCH006,2024-12-01,11,11,
ATT202412000732,STU000732,SCH018,2024-12-01,11,10,Family
ATT202412000733,STU000733,SCH004,2024-12-01,10,9,Unauthorised
ATT202412000734,STU000734,SCH050,2024-12-01,14,12,Unauthorised
ATT202412000735,STU000735,SCH010,2024-12-01,15,13,Family
ATT202412000736,STU000736,SCH007,2024-12-01,10,9,Family
ATT202412000737,STU000737,SCH020,2024-12-01,10,10,
ATT202412000738,STU000738,SCH034,2024-12-01,11,9,Medical
ATT202412000739,STU000739,SCH017,2024-12-01,15,15,
ATT202412000740,STU000740,SCH016,2024-12-01,10,9,Illness
ATT202412000741,STU000741,SCH035,2024-12-01,11,10,Medical
ATT202412000742,STU000742,SCH020,2024-12-01,12,11,Illness
ATT202412000743,STU000743,SCH048,2024-12-01,14,12,Illness
ATT202412000744,STU000744,SCH007,2024-12-01,12,11,Family
ATT202412000745,STU000745,SCH043,2024-12-01,12,10,Other
ATT202412000746,STU000746,SCH013,2024-12-01,12,11,Family
ATT202412000747,STU000747,SCH008,2024-12-01,13,12,Medical
ATT202412000748,STU000748,SCH009,2024-12-01,11,9,Unauthorised
ATT202412000749,STU000749,SCH044,2024-12-01,14,12,Other
ATT202412000750,STU000750,SCH001,2024-12-01,13,12,Unauthorised
ATT202412000751,STU000751,SCH023,2024-12-01,10,9,Unauthorised
ATT202412000752,STU000752,SCH028,2024-12-01,15,14,Unauthorised
ATT202412000753,STU000753,SCH047,2024-12-01,15,14,Unauthorised
ATT202412000754,STU000754,SCH011,2024-12-01,12,11,Other
ATT202412000755,STU000755,SCH009,2024-12-01,13,12,Medical
ATT202412000756,STU000756,SCH018,2024-12-01,11,10,Family
ATT202412000757,STU000757,SCH020,2024-12-01,15,14,Other
ATT202412000758,STU000758,SCH038,2024-12-01,14,13,Unauthorised
ATT202412000759,STU000759,SCH047,2024-12-01,10,9,Illness
ATT202412000760,STU000760,SCH045,2024-12-01,13,12,Unauthorised
ATT202412000761,STU000761,SCH039,2024-12-01,15,13,Other
ATT202412000762,STU000762,SCH035,2024-12-01,12,11,Illness
ATT202412000763,STU000763,SCH010,2024-12-01,14,13,Other
ATT202412000764,STU000764,SCH050,2024-12-01,12,11,Family
ATT202412000765,STU000765,SCH003,2024-12-01,14,13,Other
ATT202412000766,STU000766,SCH001,2024-12-01,14,12,Family
ATT202412000767,STU000767,SCH017,2024-12-01,12,11,Illness
ATT202412000768,STU000768,SCH036,2024-12-01,15,14,Unauthorised
ATT202412000769,STU000769,SCH024,2024-12-01,11,9,Other
ATT202412000770,STU000770,SCH008,2024-12-01,13,13,
ATT202412000771,STU000771,SCH045,2024-12-01,11,10,Medical
ATT202412000772,STU000772,SCH006,2024-12-01,13,13,
ATT202412000773,STU000773,SCH019,2024-12-01,15,14,Medical
ATT202412000774,STU000774,SCH004,2024-12-01,14,12,Other
ATT202412000775,STU000775,SCH009,2024-12-01,15,14,Medical
ATT202412000776,STU000776,SCH044,2024-12-01,12,11,Medical
ATT202412000777,STU000777,SCH020,2024-12-01,12,11,Illness
ATT202412000778,STU000778,SCH041,2024-12-01,15,14,Other
ATT202412000779,STU000779,SCH006,2024-12-01,14,12,Other
ATT202412000780,STU000780,SCH041,2024-12-01,14,12,Medical
ATT202412000781,STU000781,SCH003,2024-12-01,15,14,Other
ATT202412000782,STU000782,SCH021,2024-12-01,12,11,Medical
ATT202412000783,STU000783,SCH006,2024-12-01,15,14,Family
ATT202412000784,STU000784,SCH023,2024-12-01,11,10,Illness
ATT202412000785,STU000785,SCH012,2024-12-01,13,11,Family
ATT202412000786,STU000786,SCH020,2024-12-01,11,10,Medical
ATT202412000787,STU000787,SCH037,2024-12-01,13,11,Medical
ATT202412000788,STU000788,SCH037,2024-12-01,12,11,Illness
ATT202412000789,STU000789,SCH026,2024-12-01,14,13,Family
ATT202412000790,STU000790,SCH041,2024-12-01,11,10,Other
ATT202412000791,STU000791,SCH032,2024-12-01,12,11,Illness
ATT202412000792,STU000792,SCH006,2024-12-01,13,12,Medical
ATT202412000793,STU000793,SCH048,2024-12-01,11,10,Family
ATT202412000794,STU000794,SCH025,2024-12-01,13,12,Medical
ATT202412000795,STU000795,SCH027,2024-12-01,14,13,Family
ATT202412000796,STU000796,SCH046,2024-12-01,11,10,Unauthorised
ATT202412000797,STU000797,SCH038,2024-12-01,10,9,Medical
ATT202412000798,STU000798,SCH029,2024-12-01,11,10,Illness
ATT202412000799,STU000799,SCH005,2024-12-01,14,13,Unauthorised
ATT202412000800,STU000800,SCH015,2024-12-01,11,10,Family
ATT202412000801,STU000801,SCH008,2024-12-01,15,13,Family
ATT202412000802,STU000802,SCH004,2024-12-01,13,12,Unauthorised
ATT202412000803,STU000803,SCH028,2024-12-01,14,13,Other
ATT202412000804,STU000804,SCH019,2024-12-01,14,13,Medical
ATT202412000805,STU000805,SCH027,2024-12-01,13,12,Medical
ATT202412000806,STU000806,SCH012,2024-12-01,11,9,Family
ATT202412000807,STU000807,SCH004,2024-12-01,13,12,Medical
ATT202412000808,STU000808,SCH043,2024-12-01,12,11,Family
ATT202412000809,STU000809,SCH005,2024-12-01,15,13,Family
ATT202412000810,STU000810,SCH015,2024-12-01,15,14,Unauthorised
ATT202412000811,STU000811,SCH025,2024-12-01,15,14,Other
ATT202412000812,STU000812,SCH026,2024-12-01,14,13,Illness
ATT202412000813,STU000813,SCH036,2024-12-01,11,10,Medical
ATT202412000814,STU000814,SCH028,2024-12-01,15,14,Other
ATT202412000815,STU000815,SCH048,2024-12-01,10,9,Other
ATT202412000816,STU000816,SCH046,2024-12-01,14,13,Family
ATT202412000817,STU000817,SCH034,2024-12-01,10,8,Family
ATT202412000818,STU000818,SCH030,2024-12-01,13,12,Illness
ATT202412000819,STU000819,SCH048,2024-12-01,11,10,Unauthorised
ATT202412000820,STU000820,SCH008,2024-12-01,14,13,Unauthorised
ATT202412000821,STU000821,SCH018,2024-12-01,15,14,Family
ATT202412000822,STU000822,SCH045,2024-12-01,14,13,Other
ATT202412000823,STU000823,SCH006,2024-12-01,10,10,
ATT202412000824,STU000824,SCH041,2024-12-01,13,12,Family
ATT202412000825,STU000825,SCH009,2024-12-01,15,13,Medical
ATT202412000826,STU000826,SCH030,2024-12-01,13,12,Family
ATT202412000827,STU000827,SCH003,2024-12-01,10,10,
ATT202412000829,STU000829,SCH006,2024-12-01,12,11,Illness
ATT202412000830,STU000830,SCH008,2024-12-01,15,14,Other
ATT202412000831,STU000831,SCH004,2024-12-01,14,14,
ATT202412000832,STU000832,SCH023,2024-12-01,11,10,Medical
ATT202412000833,STU000833,SCH038,2024-12-01,13,12,Illness
ATT202412000834,STU000834,SCH004,2024-12-01,15,14,Unauthorised
ATT202412000835,STU000835,SCH020,2024-12-01,12,11,Unauthorised
ATT202412000836,STU000836,SCH048,2024-12-01,15,15,
ATT202412000837,STU000837,SCH018,2024-12-01,15,13,Family
ATT202412000838,STU000838,SCH005,2024-12-01,12,12,
ATT202412000839,STU000839,SCH050,2024-12-01,14,12,Medical
ATT202412000840,STU000840,SCH001,2024-12-01,12,11,Other
ATT202412000841,STU000841,SCH045,2024-12-01,13,11,Other
ATT202412000842,STU000842,SCH005,2024-12-01,11,10,Other
ATT202412000843,STU000843,SCH046,2024-12-01,13,12,Unauthorised
ATT202412000844,STU000844,SCH028,2024-12-01,13,12,Medical
ATT202412000845,STU000845,SCH048,2024-12-01,12,11,Unauthorised
ATT202412000846,STU000846,SCH019,2024-12-01,10,9,Illness
ATT202412000847,STU000847,SCH040,2024-12-01,13,12,Unauthorised
ATT202412000848,STU000848,SCH018,2024-12-01,11,10,Other
ATT202412000849,STU000849,SCH048,2024-12-01,12,11,Family
ATT202412000850,STU000850,SCH033,2024-12-01,13,12,Medical
ATT202412000851,STU000851,SCH019,2024-12-01,10,10,
ATT202412000852,STU000852,SCH029,2024-12-01,15,14,Other
ATT202412000853,STU000853,SCH043,2024-12-01,10,9,Unauthorised
ATT202412000854,STU000854,SCH033,2024-12-01,10,10,
ATT202412000855,STU000855,SCH032,2024-12-01,12,11,Family
ATT202412000856,STU000856,SCH003,2024-12-01,15,14,Family
ATT202412000857,STU000857,SCH010,2024-12-01,12,11,Illness
ATT202412000858,STU000858,SCH013,2024-12-01,13,13,
ATT202412000859,STU000859,SCH037,2024-12-01,11,10,Illness
ATT202412000860,STU000860,SCH005,2024-12-01,10,9,Medical
ATT202412000861,STU000861,SCH037,2024-12-01,11,10,Unauthorised
ATT202412000862,STU000862,SCH004,2024-12-01,14,14,
ATT202412000863,STU000863,SCH011,2024-12-01,11,10,Medical
ATT202412000864,STU000864,SCH033,2024-12-01,10,9,Medical
ATT202412000865,STU000865,SCH026,2024-12-01,10,9,Illness
ATT202412000866,STU000866,SCH014,2024-12-01,12,11,Illness
ATT202412000867,STU000867,SCH014,2024-12-01,11,10,Illness
ATT202412000868,STU000868,SCH022,2024-12-01,13,11,Other
ATT202412000869,STU000869,SCH037,2024-12-01,13,12,Unauthorised
ATT202412000870,STU000870,SCH016,2024-12-01,14,13,Medical
ATT202412000871,STU000871,SCH043,2024-12-01,12,11,Other
ATT202412000872,STU000872,SCH002,2024-12-01,14,12,Other
ATT202412000874,STU000874,SCH027,2024-12-01,12,11,Other
ATT202412000875,STU000875,SCH038,2024-12-01,14,13,Family
ATT202412000876,STU000876,SCH036,2024-12-01,11,10,Other
ATT202412000877,STU000877,SCH033,2024-12-01,15,14,Other
ATT202412000878,STU000878,SCH035,2024-12-01,13,11,Family
ATT202412000879,STU000879,SCH038,2024-12-01,12,11,Illness
ATT202412000880,STU000880,SCH022,2024-12-01,11,10,Family
ATT202412000881,STU000881,SCH026,2024-12-01,10,10,
ATT202412000882,STU000882,SCH013,2024-12-01,12,11,Other
ATT202412000883,STU000883,SCH043,2024-12-01,10,9,Medical
ATT202412000884,STU000884,SCH020,2024-12-01,10,9,Medical
ATT202412000885,STU000885,SCH007,2024-12-01,12,11,Illness
ATT202412000886,STU000886,SCH008,2024-12-01,11,10,Medical
ATT202412000887,STU000887,SCH020,2024-12-01,13,12,Unauthorised
ATT202412000888,STU000888,SCH022,2024-12-01,11,9,Family
ATT202412000889,STU000889,SCH048,2024-12-01,13,12,Illness
ATT202412000890,STU000890,SCH045,2024-12-01,10,10,
ATT202412000891,STU000891,SCH015,2024-12-01,11,10,Other
ATT202412000892,STU000892,SCH037,2024-12-01,12,11,Other
ATT202412000893,STU000893,SCH028,2024-12-01,10,9,Other
ATT202412000894,STU000894,SCH011,2024-12-01,14,13,Illness
ATT202412000895,STU000895,SCH030,2024-12-01,14,12,Medical
ATT202412000896,STU000896,SCH028,2024-12-01,13,11,Other
ATT202412000897,STU000897,SCH020,2024-12-01,12,11,Unauthorised
ATT202412000898,STU000898,SCH015,2024-12-01,14,13,Unauthorised
ATT202412000899,STU000899,SCH012,2024-12-01,15,13,Illness
ATT202412000900,STU000900,SCH018,2024-12-01,13,12,Other
ATT202412000901,STU000901,SCH002,2024-12-01,14,13,Family
ATT202412000902,STU000902,SCH017,2024-12-01,12,10,Family
ATT202412000903,STU000903,SCH008,2024-12-01,14,13,Illness
ATT202412000904,STU000904,SCH012,2024-12-01,11,10,Family
ATT202412000905,STU000905,SCH023,2024-12-01,11,10,Family
ATT202412000906,STU000906,SCH032,2024-12-01,13,13,
ATT202412000907,STU000907,SCH046,2024-12-01,10,10,
ATT202412000908,STU000908,SCH041,2024-12-01,11,10,Unauthorised
ATT202412000909,STU000909,SCH043,2024-12-01,10,9,Family
ATT202412000910,STU000910,SCH016,2024-12-01,10,10,
ATT202412000911,STU000911,SCH040,2024-12-01,13,11,Other
ATT202412000912,STU000912,SCH026,2024-12-01,12,11,Other
ATT202412000913,STU000913,SCH032,2024-12-01,11,11,
ATT202412000914,STU000914,SCH045,2024-12-01,15,13,Medical
ATT202412000915,STU000915,SCH001,2024-12-01,15,14,Other
ATT202412000916,STU000916,SCH037,2024-12-01,15,13,Unauthorised
ATT202412000917,STU000917,SCH019,2024-12-01,15,13,Family
ATT202412000918,STU000918,SCH028,2024-12-01,11,11,
ATT202412000919,STU000919,SCH006,2024-12-01,12,11,Medical
ATT202412000920,STU000920,SCH045,2024-12-01,14,13,Unauthorised
ATT202412000921,STU000921,SCH028,2024-12-01,14,12,Other
ATT202412000922,STU000922,SCH033,2024-12-01,13,12,Illness
ATT202412000923,STU000923,SCH039,2024-12-01,11,11,
ATT202412000924,STU000924,SCH032,2024-12-01,14,12,Family
ATT202412000925,STU000925,SCH026,2024-12-01,10,9,Family
ATT202412000926,STU000926,SCH046,2024-12-01,11,10,Unauthorised
ATT202412000927,STU000927,SCH036,2024-12-01,10,9,Illness
ATT202412000928,STU000928,SCH042,2024-12-01,11,11,
ATT202412000929,STU000929,SCH028,2024-12-01,12,11,Medical
ATT202412000930,STU000930,SCH037,2024-12-01,14,13,Unauthorised
ATT202412000931,STU000931,SCH012,2024-12-01,11,10,Illness
ATT202412000932,STU000932,SCH035,2024-12-01,12,11,Illness
ATT202412000933,STU000933,SCH014,2024-12-01,12,10,Other
ATT202412000934,STU000934,SCH028,2024-12-01,10,10,
ATT202412000935,STU000935,SCH030,2024-12-01,12,11,Other
ATT202412000936,STU000936,SCH047,2024-12-01,11,10,Medical
ATT202412000937,STU000937,SCH035,2024-12-01,12,11,Family
ATT202412000938,STU000938,SCH001,2024-12-01,15,14,Other
ATT202412000939,STU000939,SCH005,2024-12-01,11,10,Medical
ATT202412000940,STU000940,SCH016,2024-12-01,11,10,Medical
ATT202412000941,STU000941,SCH036,2024-12-01,10,9,Illness
ATT202412000942,STU000942,SCH020,2024-12-01,13,13,
ATT202412000943,STU000943,SCH021,2024-12-01,11,10,Illness
ATT202412000944,STU000944,SCH050,2024-12-01,11,10,Family
ATT202412000945,STU000945,SCH002,2024-12-01,12,11,Family
ATT202412000946,STU000946,SCH031,2024-12-01,11,11,
ATT202412000947,STU000947,SCH026,2024-12-01,14,12,Family
ATT202412000948,STU000948,SCH002,2024-12-01,14,14,
ATT202412000949,STU000949,SCH046,2024-12-01,14,12,Family
ATT202412000950,STU000950,SCH043,2024-12-01,10,9,Illness
ATT202412000951,STU000951,SCH001,2024-12-01,11,10,Family
ATT202412000952,STU000952,SCH034,2024-12-01,11,10,Family
ATT202412000953,STU000953,SCH013,2024-12-01,10,9,Medical
ATT202412000954,STU000954,SCH046,2024-12-01,13,11,Illness
ATT202412000955,STU000955,SCH044,2024-12-01,11,10,Illness
ATT202412000956,STU000956,SCH016,2024-12-01,14,13,Illness
ATT202412000957,STU000957,SCH030,2024-12-01,15,14,Unauthorised
ATT202412000958,STU000958,SCH005,2024-12-01,12,11,Unauthorised
ATT202412000959,STU000959,SCH029,2024-12-01,15,13,Medical
ATT202412000960,STU000960,SCH025,2024-12-01,12,12,
ATT202412000961,STU000961,SCH038,2024-12-01,12,12,
ATT202412000962,STU000962,SCH032,2024-12-01,13,12,Unauthorised
ATT202412000963,STU000963,SCH003,2024-12-01,15,15,
ATT202412000964,STU000964,SCH040,2024-12-01,13,13,
ATT202412000965,STU000965,SCH024,2024-12-01,13,10,Unauthorised
ATT202412000966,STU000966,SCH035,2024-12-01,10,9,Family
ATT202412000967,STU000967,SCH013,2024-12-01,13,12,Medical
ATT202412000968,STU000968,SCH022,2024-12-01,13,12,Family
ATT202412000969,STU000969,SCH006,2024-12-01,10,9,Other
ATT202412000970,STU000970,SCH031,2024-12-01,11,10,Family
ATT202412000971,STU000971,SCH017,2024-12-01,15,14,Other
ATT202412000972,STU000972,SCH013,2024-12-01,12,11,Illness
ATT202412000974,STU000974,SCH040,2024-12-01,12,11,Other
ATT202412000975,STU000975,SCH039,2024-12-01,13,12,Medical
ATT202412000976,STU000976,SCH030,2024-12-01,15,13,Other
ATT202412000977,STU000977,SCH005,2024-12-01,11,10,Illness
ATT202412000978,STU000978,SCH046,2024-12-01,15,14,Medical
ATT202412000979,STU000979,SCH040,2024-12-01,10,9,Medical
ATT202412000980,STU000980,SCH047,2024-12-01,14,13,Medical
ATT202412000981,STU000981,SCH007,2024-12-01,11,10,Unauthorised
ATT202412000982,STU000982,SCH027,2024-12-01,11,10,Family
ATT202412000983,STU000983,SCH047,2024-12-01,10,9,Medical
ATT202412000984,STU000984,SCH047,2024-12-01,10,9,Family
ATT202412000985,STU000985,SCH008,2024-12-01,10,9,Other
ATT202412000986,STU000986,SCH033,2024-12-01,14,13,Family
ATT202412000987,STU000987,SCH024,2024-12-01,10,9,Family
ATT202412000988,STU000988,SCH037,2024-12-01,14,14,
ATT202412000989,STU000989,SCH008,2024-12-01,15,14,Other
ATT202412000990,STU000990,SCH017,2024-12-01,10,9,Family
ATT202412000991,STU000991,SCH015,2024-12-01,10,9,Family
ATT202412000992,STU000992,SCH002,2024-12-01,13,11,Family
ATT202412000993,STU000993,SCH048,2024-12-01,12,10,Illness
ATT202412000994,STU000994,SCH011,2024-12-01,14,12,Family
ATT202412000995,STU000995,SCH034,2024-12-01,15,12,Unauthorised
ATT202412000996,STU000996,SCH046,2024-12-01,12,11,Family
ATT202412000997,STU000997,SCH037,2024-12-01,14,14,
ATT202412000998,STU000998,SCH040,2024-12-01,14,12,Illness
ATT202412000999,STU000999,SCH002,2024-12-01,14,13,Unauthorised
ATT202412001000,STU001000,SCH033,2024-12-01,14,13,Medical
ATT202412001001,STU001001,SCH034,2024-12-01,15,14,Unauthorised
ATT202412001002,STU001002,SCH026,2024-12-01,10,9,Family
ATT202412001003,STU001003,SCH025,2024-12-01,15,14,Family
ATT202412001004,STU001004,SCH002,2024-12-01,13,12,Family
ATT202412001005,STU001005,SCH019,2024-12-01,12,11,Unauthorised
ATT202412001006,STU001006,SCH035,2024-12-01,10,9,Unauthorised
ATT202412001007,STU001007,SCH031,2024-12-01,11,10,Medical
ATT202412001008,STU001008,SCH012,2024-12-01,11,10,Medical
ATT202412001009,STU001009,SCH019,2024-12-01,15,13,Unauthorised
ATT202412001010,STU001010,SCH046,2024-12-01,10,9,Other
ATT202412001011,STU001011,SCH006,2024-12-01,10,8,Medical
ATT202412001012,STU001012,SCH041,2024-12-01,12,10,Family
ATT202412001013,STU001013,SCH025,2024-12-01,13,12,Illness
ATT202412001014,STU001014,SCH040,2024-12-01,14,14,
ATT202412001015,STU001015,SCH016,2024-12-01,15,15,
ATT202412001016,STU001016,SCH032,2024-12-01,11,10,Unauthorised
ATT202412001017,STU001017,SCH048,2024-12-01,12,11,Illness
ATT202412001018,STU001018,SCH026,2024-12-01,11,10,Medical
ATT202412001019,STU001019,SCH020,2024-12-01,14,13,Medical
ATT202412001020,STU001020,SCH035,2024-12-01,10,9,Other
ATT202412001021,STU001021,SCH002,2024-12-01,10,10,
ATT202412001022,STU001022,SCH048,2024-12-01,14,13,Unauthorised
ATT202412001023,STU001023,SCH040,2024-12-01,10,9,Family
ATT202412001024,STU001024,SCH007,2024-12-01,11,10,Unauthorised
ATT202412001025,STU001025,SCH040,2024-12-01,10,9,Unauthorised
ATT202412001026,STU001026,SCH023,2024-12-01,11,9,Unauthorised
ATT202412001027,STU001027,SCH042,2024-12-01,11,10,Other
ATT202412001028,STU001028,SCH048,2024-12-01,12,11,Other
ATT202412001029,STU001029,SCH020,2024-12-01,13,12,Family
ATT202412001030,STU001030,SCH037,2024-12-01,13,11,Unauthorised
ATT202412001031,STU001031,SCH049,2024-12-01,13,11,Unauthorised
ATT202412001032,STU001032,SCH045,2024-12-01,11,9,Unauthorised
ATT202412001033,STU001033,SCH003,2024-12-01,14,13,Medical
ATT202412001034,STU001034,SCH022,2024-12-01,15,14,Medical
ATT202412001035,STU001035,SCH050,2024-12-01,15,13,Other
ATT202412001036,STU001036,SCH026,2024-12-01,13,12,Medical
ATT202412001037,STU001037,SCH050,2024-12-01,14,13,Other
ATT202412001038,STU001038,SCH009,2024-12-01,13,11,Other
ATT202412001039,STU001039,SCH006,2024-12-01,14,14,
ATT202412001040,STU001040,SCH044,2024-12-01,12,10,Family
ATT202412001041,STU001041,SCH035,2024-12-01,14,12,Illness
ATT202412001042,STU001042,SCH025,2024-12-01,13,12,Medical
ATT202412001043,STU001043,SCH036,2024-12-01,13,12,Illness
ATT202412001044,STU001044,SCH024,2024-12-01,11,9,Medical
ATT202412001045,STU001045,SCH023,2024-12-01,13,12,Illness
ATT202412001046,STU001046,SCH010,2024-12-01,12,11,Medical
ATT202412001047,STU001047,SCH014,2024-12-01,14,12,Medical
ATT202412001048,STU001048,SCH027,2024-12-01,11,10,Illness
ATT202412001049,STU001049,SCH041,2024-12-01,14,13,Medical
ATT202412001050,STU001050,SCH049,2024-12-01,12,9,Medical
ATT202412001051,STU001051,SCH043,2024-12-01,12,11,Medical
ATT202412001052,STU001052,SCH009,2024-12-01,10,8,Illness
ATT202412001053,STU001053,SCH017,2024-12-01,13,11,Medical
ATT202412001054,STU001054,SCH021,2024-12-01,11,11,
ATT202412001055,STU001055,SCH027,2024-12-01,13,12,Unauthorised
ATT202412001056,STU001056,SCH023,2024-12-01,11,9,Illness
ATT202412001057,STU001057,SCH034,2024-12-01,13,11,Unauthorised
ATT202412001058,STU001058,SCH020,2024-12-01,15,13,Illness
ATT202412001059,STU001059,SCH045,2024-12-01,13,12,Other
ATT202412001060,STU001060,SCH034,2024-12-01,13,12,Medical
ATT202412001061,STU001061,SCH024,2024-12-01,13,11,Family
ATT202412001062,STU001062,SCH046,2024-12-01,15,14,Family
ATT202412001063,STU001063,SCH018,2024-12-01,15,14,Family
ATT202412001064,STU001064,SCH012,2024-12-01,11,9,Family
ATT202412001065,STU001065,SCH024,2024-12-01,11,10,Illness
ATT202412001066,STU001066,SCH007,2024-12-01,12,10,Unauthorised
ATT202412001068,STU001068,SCH041,2024-12-01,10,10,
ATT202412001069,STU001069,SCH042,2024-12-01,10,9,Medical
ATT202412001070,STU001070,SCH027,2024-12-01,12,10,Other
ATT202412001071,STU001071,SCH044,2024-12-01,11,10,Illness
ATT202412001072,STU001072,SCH014,2024-12-01,10,10,
ATT202412001073,STU001073,SCH030,2024-12-01,10,9,Unauthorised
ATT202412001074,STU001074,SCH041,2024-12-01,12,11,Family
ATT202412001075,STU001075,SCH025,2024-12-01,11,11,
ATT202412001076,STU001076,SCH045,2024-12-01,11,9,Medical
ATT202412001077,STU001077,SCH046,2024-12-01,12,11,Family
ATT202412001078,STU001078,SCH002,2024-12-01,14,12,Unauthorised
ATT202412001079,STU001079,SCH041,2024-12-01,12,11,Family
ATT202412001080,STU001080,SCH013,2024-12-01,10,9,Other
ATT202412001081,STU001081,SCH033,2024-12-01,14,13,Unauthorised
ATT202412001082,STU001082,SCH046,2024-12-01,12,10,Medical
ATT202412001083,STU001083,SCH009,2024-12-01,15,14,Unauthorised
ATT202412001084,STU001084,SCH031,2024-12-01,10,9,Family
ATT202412001085,STU001085,SCH018,2024-12-01,13,12,Other
ATT202412001086,STU001086,SCH008,2024-12-01,13,12,Illness
ATT202412001087,STU001087,SCH020,2024-12-01,11,10,Illness
ATT202412001089,STU001089,SCH047,2024-12-01,10,9,Medical
ATT202412001090,STU001090,SCH003,2024-12-01,13,12,Unauthorised
ATT202412001091,STU001091,SCH048,2024-12-01,13,12,Medical
ATT202412001092,STU001092,SCH025,2024-12-01,15,13,Medical
ATT202412001093,STU001093,SCH008,2024-12-01,14,13,Illness
ATT202412001094,STU001094,SCH027,2024-12-01,14,13,Medical
ATT202412001095,STU001095,SCH005,2024-12-01,13,12,Family
ATT202412001096,STU001096,SCH010,2024-12-01,10,8,Unauthorised
ATT202412001097,STU001097,SCH040,2024-12-01,15,13,Family
ATT202412001098,STU001098,SCH040,2024-12-01,12,11,Medical
ATT202412001099,STU001099,SCH011,2024-12-01,10,9,Illness
ATT202412001100,STU001100,SCH030,2024-12-01,11,10,Unauthorised
ATT202412001101,STU001101,SCH045,2024-12-01,13,11,Family
ATT202412001102,STU001102,SCH011,2024-12-01,15,14,Illness
ATT202412001103,STU001103,SCH050,2024-12-01,12,11,Family
ATT202412001104,STU001104,SCH046,2024-12-01,12,11,Other
ATT202412001105,STU001105,SCH050,2024-12-01,12,10,Illness
ATT202412001106,STU001106,SCH046,2024-12-01,13,12,Medical
ATT202412001107,STU001107,SCH015,2024-12-01,11,10,Medical
ATT202412001108,STU001108,SCH025,2024-12-01,13,12,Illness
ATT202412001109,STU001109,SCH021,2024-12-01,11,9,Other
ATT202412001110,STU001110,SCH046,2024-12-01,10,8,Unauthorised
ATT202412001111,STU001111,SCH017,2024-12-01,15,14,Unauthorised
ATT202412001112,STU001112,SCH047,2024-12-01,14,13,Medical
ATT202412001113,STU001113,SCH018,2024-12-01,14,13,Unauthorised
ATT202412001114,STU001114,SCH048,2024-12-01,10,9,Medical
ATT202412001115,STU001115,SCH006,2024-12-01,13,12,Family
ATT202412001116,STU001116,SCH044,2024-12-01,15,14,Medical
ATT202412001117,STU001117,SCH035,2024-12-01,11,10,Illness
ATT202412001118,STU001118,SCH027,2024-12-01,13,12,Family
ATT202412001119,STU001119,SCH036,2024-12-01,12,12,
ATT202412001120,STU001120,SCH048,2024-12-01,14,13,Unauthorised
ATT202412001121,STU001121,SCH043,2024-12-01,10,9,Unauthorised
ATT202412001122,STU001122,SCH004,2024-12-01,15,14,Family
ATT202412001123,STU001123,SCH027,2024-12-01,10,8,Illness
ATT202412001124,STU001124,SCH015,2024-12-01,11,10,Illness
ATT202412001125,STU001125,SCH024,2024-12-01,13,11,Unauthorised
ATT202412001126,STU001126,SCH049,2024-12-01,12,11,Illness
ATT202412001127,STU001127,SCH001,2024-12-01,13,12,Unauthorised
ATT202412001128,STU001128,SCH027,2024-12-01,15,13,Unauthorised
ATT202412001129,STU001129,SCH001,2024-12-01,10,9,Illness
ATT202412001130,STU001130,SCH024,2024-12-01,14,12,Medical
ATT202412001131,STU001131,SCH028,2024-12-01,12,11,Medical
ATT202412001132,STU001132,SCH016,2024-12-01,11,10,Family
ATT202412001133,STU001133,SCH024,2024-12-01,13,12,Medical
ATT202412001134,STU001134,SCH004,2024-12-01,13,11,Unauthorised
ATT202412001135,STU001135,SCH043,2024-12-01,13,11,Other
ATT202412001136,STU001136,SCH014,2024-12-01,14,13,Family
ATT202412001137,STU001137,SCH005,2024-12-01,10,9,Medical
ATT202412001138,STU001138,SCH025,2024-12-01,10,10,
ATT202412001139,STU001139,SCH002,2024-12-01,15,14,Unauthorised
ATT202412001140,STU001140,SCH031,2024-12-01,13,11,Other
ATT202412001141,STU001141,SCH023,2024-12-01,12,11,Illness
ATT202412001142,STU001142,SCH027,2024-12-01,11,10,Other
ATT202412001143,STU001143,SCH028,2024-12-01,11,10,Illness
ATT202412001144,STU001144,SCH014,2024-12-01,14,14,
ATT202412001145,STU001145,SCH050,2024-12-01,13,12,Other
ATT202412001146,STU001146,SCH021,2024-12-01,14,12,Medical
ATT202412001147,STU001147,SCH044,2024-12-01,10,9,Medical
ATT202412001148,STU001148,SCH048,2024-12-01,15,14,Illness
ATT202412001149,STU001149,SCH013,2024-12-01,14,13,Unauthorised
ATT202412001150,STU001150,SCH045,2024-12-01,13,12,Unauthorised
ATT202412001151,STU001151,SCH041,2024-12-01,11,10,Medical
ATT202412001152,STU001152,SCH019,2024-12-01,12,11,Family
ATT202412001153,STU001153,SCH046,2024-12-01,12,10,Family
ATT202412001154,STU001154,SCH045,2024-12-01,13,11,Other
ATT202412001155,STU001155,SCH029,2024-12-01,13,12,Illness
ATT202412001156,STU001156,SCH032,2024-12-01,11,10,Other
ATT202412001157,STU001157,SCH016,2024-12-01,15,14,Medical
ATT202412001158,STU001158,SCH014,2024-12-01,15,15,
ATT202412001159,STU001159,SCH042,2024-12-01,10,9,Illness
ATT202412001160,STU001160,SCH038,2024-12-01,13,13,
ATT202412001161,STU001161,SCH038,2024-12-01,11,10,Medical
ATT202412001162,STU001162,SCH030,2024-12-01,10,9,Other
ATT202412001163,STU001163,SCH014,2024-12-01,13,13,
ATT202412001164,STU001164,SCH036,2024-12-01,13,12,Family
ATT202412001165,STU001165,SCH032,2024-12-01,10,9,Medical
ATT202412001166,STU001166,SCH004,2024-12-01,13,13,
ATT202412001167,STU001167,SCH022,2024-12-01,10,9,Unauthorised
ATT202412001168,STU001168,SCH050,2024-12-01,13,12,Medical
ATT202412001169,STU001169,SCH026,2024-12-01,11,10,Medical
ATT202412001170,STU001170,SCH033,2024-12-01,15,14,Family
ATT202412001171,STU001171,SCH048,2024-12-01,13,13,
ATT202412001172,STU001172,SCH006,2024-12-01,10,9,Medical
ATT202412001173,STU001173,SCH030,2024-12-01,11,10,Unauthorised
ATT202412001174,STU001174,SCH004,2024-12-01,10,9,Illness
ATT202412001175,STU001175,SCH037,2024-12-01,13,12,Unauthorised
ATT202412001176,STU001176,SCH032,2024-12-01,11,9,Other
ATT202412001177,STU001177,SCH042,2024-12-01,11,9,Unauthorised
ATT202412001178,STU001178,SCH013,2024-12-01,11,10,Family
ATT202412001179,STU001179,SCH024,2024-12-01,13,13,
ATT202412001180,STU001180,SCH035,2024-12-01,14,12,Other
ATT202412001181,STU001181,SCH023,2024-12-01,14,12,Unauthorised
ATT202412001182,STU001182,SCH010,2024-12-01,10,9,Illness
ATT202412001183,STU001183,SCH001,2024-12-01,14,12,Other
ATT202412001184,STU001184,SCH021,2024-12-01,12,10,Medical
ATT202412001185,STU001185,SCH010,2024-12-01,15,14,Unauthorised
ATT202412001186,STU001186,SCH043,2024-12-01,10,9,Unauthorised
ATT202412001187,STU001187,SCH043,2024-12-01,14,13,Illness
ATT202412001188,STU001188,SCH044,2024-12-01,14,13,Illness
ATT202412001189,STU001189,SCH017,2024-12-01,10,10,
ATT202412001190,STU001190,SCH004,2024-12-01,15,14,Illness
ATT202412001191,STU001191,SCH050,2024-12-01,14,12,Other
ATT202412001192,STU001192,SCH032,2024-12-01,10,9,Illness
ATT202412001194,STU001194,SCH024,2024-12-01,11,11,
ATT202412001195,STU001195,SCH049,2024-12-01,11,10,Family
ATT202412001196,STU001196,SCH048,2024-12-01,14,13,Family
ATT202412001197,STU001197,SCH013,2024-12-01,15,14,Other
ATT202412001198,STU001198,SCH020,2024-12-01,14,13,Unauthorised
ATT202412001199,STU001199,SCH020,2024-12-01,10,10,
ATT202412001201,STU001201,SCH040,2024-12-01,15,14,Medical
ATT202412001202,STU001202,SCH013,2024-12-01,10,9,Other
ATT202412001203,STU001203,SCH004,2024-12-01,13,11,Unauthorised
ATT202412001204,STU001204,SCH019,2024-12-01,13,11,Family
ATT202412001205,STU001205,SCH007,2024-12-01,12,11,Family
ATT202412001206,STU001206,SCH028,2024-12-01,12,11,Medical
ATT202412001207,STU001207,SCH024,2024-12-01,14,13,Medical
ATT202412001208,STU001208,SCH033,2024-12-01,14,13,Medical
ATT202412001209,STU001209,SCH042,2024-12-01,11,10,Family
ATT202412001210,STU001210,SCH017,2024-12-01,12,10,Illness
ATT202412001211,STU001211,SCH032,2024-12-01,13,13,
ATT202412001212,STU001212,SCH019,2024-12-01,15,14,Unauthorised
ATT202412001213,STU001213,SCH015,2024-12-01,15,13,Other
ATT202412001214,STU001214,SCH024,2024-12-01,13,12,Family
ATT202412001215,STU001215,SCH001,2024-12-01,13,11,Other
ATT202412001216,STU001216,SCH009,2024-12-01,14,13,Unauthorised
ATT202412001217,STU001217,SCH026,2024-12-01,11,11,
ATT202412001218,STU001218,SCH009,2024-12-01,13,11,Medical
ATT202412001219,STU001219,SCH035,2024-12-01,13,12,Unauthorised
ATT202412001220,STU001220,SCH016,2024-12-01,14,14,
ATT202412001221,STU001221,SCH038,2024-12-01,10,9,Unauthorised
ATT202412001222,STU001222,SCH031,2024-12-01,13,12,Medical
ATT202412001223,STU001223,SCH036,2024-12-01,10,9,Family
ATT202412001224,STU001224,SCH010,2024-12-01,13,12,Family
ATT202412001225,STU001225,SCH037,2024-12-01,14,12,Medical
ATT202412001226,STU001226,SCH045,2024-12-01,14,12,Illness
ATT202412001227,STU001227,SCH004,2024-12-01,11,11,
ATT202412001228,STU001228,SCH016,2024-12-01,12,11,Family
ATT202412001229,STU001229,SCH046,2024-12-01,11,10,Family
ATT202412001230,STU001230,SCH035,2024-12-01,11,10,Family
ATT202412001231,STU001231,SCH013,2024-12-01,15,14,Family
ATT202412001232,STU001232,SCH008,2024-12-01,13,11,Other
ATT202412001233,STU001233,SCH028,2024-12-01,10,9,Unauthorised
ATT202412001234,STU001234,SCH046,2024-12-01,13,12,Other
ATT202412001235,STU001235,SCH022,2024-12-01,13,12,Unauthorised
ATT202412001236,STU001236,SCH002,2024-12-01,15,13,Unauthorised
ATT202412001237,STU001237,SCH040,2024-12-01,14,13,Family
ATT202412001238,STU001238,SCH020,2024-12-01,11,11,
ATT202412001239,STU001239,SCH019,2024-12-01,11,11,
ATT202412001240,STU001240,SCH031,2024-12-01,10,8,Unauthorised
ATT202412001241,STU001241,SCH048,2024-12-01,14,13,Other
ATT202412001242,STU001242,SCH018,2024-12-01,10,9,Unauthorised
ATT202412001244,STU001244,SCH039,2024-12-01,13,12,Unauthorised
ATT202412001245,STU001245,SCH008,2024-12-01,14,13,Family
ATT202412001246,STU001246,SCH029,2024-12-01,10,9,Illness
ATT202412001247,STU001247,SCH046,2024-12-01,10,10,
ATT202412001248,STU001248,SCH024,2024-12-01,13,11,Illness
ATT202412001249,STU001249,SCH047,2024-12-01,12,11,Illness
ATT202412001250,STU001250,SCH047,2024-12-01,11,9,Medical
ATT202412001251,STU001251,SCH002,2024-12-01,15,13,Illness
ATT202412001252,STU001252,SCH040,2024-12-01,11,10,Medical
ATT202412001253,STU001253,SCH005,2024-12-01,11,11,
ATT202412001254,STU001254,SCH033,2024-12-01,11,11,
ATT202412001255,STU001255,SCH037,2024-12-01,14,13,Illness
ATT202412001256,STU001256,SCH032,2024-12-01,12,11,Family
ATT202412001257,STU001257,SCH036,2024-12-01,10,9,Unauthorised
ATT202412001258,STU001258,SCH013,2024-12-01,15,15,
ATT202412001259,STU001259,SCH048,2024-12-01,15,14,Unauthorised
ATT202412001260,STU001260,SCH040,2024-12-01,14,14,
ATT202412001261,STU001261,SCH050,2024-12-01,10,10,
ATT202412001262,STU001262,SCH019,2024-12-01,14,13,Medical
ATT202412001263,STU001263,SCH016,2024-12-01,15,13,Illness
ATT202412001264,STU001264,SCH037,2024-12-01,14,13,Illness
ATT202412001265,STU001265,SCH013,2024-12-01,12,11,Other
ATT202412001266,STU001266,SCH005,2024-12-01,13,12,Illness
ATT202412001267,STU001267,SCH035,2024-12-01,13,11,Other
ATT202412001268,STU001268,SCH044,2024-12-01,10,9,Illness
ATT202412001269,STU001269,SCH021,2024-12-01,10,10,
ATT202412001270,STU001270,SCH024,2024-12-01,13,11,Illness
ATT202412001271,STU001271,SCH025,2024-12-01,10,9,Illness
ATT202412001272,STU001272,SCH043,2024-12-01,13,11,Family
ATT202412001273,STU001273,SCH019,2024-12-01,10,9,Medical
ATT202412001274,STU001274,SCH030,2024-12-01,15,14,Illness
ATT202412001275,STU001275,SCH010,2024-12-01,12,11,Medical
ATT202412001276,STU001276,SCH011,2024-12-01,14,13,Medical
ATT202412001277,STU001277,SCH017,2024-12-01,12,11,Medical
ATT202412001278,STU001278,SCH002,2024-12-01,12,11,Family
ATT202412001279,STU001279,SCH009,2024-12-01,15,14,Unauthorised
ATT202412001280,STU001280,SCH018,2024-12-01,10,10,
ATT202412001281,STU001281,SCH008,2024-12-01,14,13,Family
ATT202412001282,STU001282,SCH006,2024-12-01,12,11,Family
ATT202412001283,STU001283,SCH028,2024-12-01,10,9,Medical
ATT202412001284,STU001284,SCH030,2024-12-01,13,12,Illness
ATT202412001285,STU001285,SCH014,2024-12-01,12,11,Family
ATT202412001286,STU001286,SCH023,2024-12-01,12,11,Other
ATT202412001287,STU001287,SCH014,2024-12-01,15,14,Other
ATT202412001288,STU001288,SCH050,2024-12-01,10,9,Family
ATT202412001289,STU001289,SCH023,2024-12-01,12,11,Other
ATT202412001290,STU001290,SCH050,2024-12-01,12,11,Family
ATT202412001291,STU001291,SCH013,2024-12-01,10,9,Unauthorised
ATT202412001292,STU001292,SCH010,2024-12-01,14,13,Medical
ATT202412001293,STU001293,SCH005,2024-12-01,13,11,Illness
ATT202412001294,STU001294,SCH015,2024-12-01,10,10,
ATT202412001295,STU001295,SCH012,2024-12-01,15,14,Illness
ATT202412001296,STU001296,SCH031,2024-12-01,12,11,Medical
ATT202412001297,STU001297,SCH038,2024-12-01,14,13,Illness
ATT202412001298,STU001298,SCH015,2024-12-01,15,15,
ATT202412001299,STU001299,SCH023,2024-12-01,11,10,Illness
ATT202412001300,STU001300,SCH049,2024-12-01,15,14,Illness
ATT202412001301,STU001301,SCH025,2024-12-01,13,12,Illness
ATT202412001302,STU001302,SCH041,2024-12-01,12,11,Other
ATT202412001303,STU001303,SCH019,2024-12-01,14,13,Medical
ATT202412001304,STU001304,SCH006,2024-12-01,13,12,Other
ATT202412001305,STU001305,SCH046,2024-12-01,12,12,
ATT202412001306,STU001306,SCH011,2024-12-01,12,11,Illness
ATT202412001307,STU001307,SCH036,2024-12-01,11,10,Unauthorised
ATT202412001308,STU001308,SCH029,2024-12-01,11,10,Other
ATT202412001309,STU001309,SCH049,2024-12-01,11,11,
ATT202412001310,STU001310,SCH031,2024-12-01,14,12,Other
ATT202412001311,STU001311,SCH032,2024-12-01,11,10,Medical
ATT202412001312,STU001312,SCH046,2024-12-01,10,9,Family
ATT202412001313,STU001313,SCH027,2024-12-01,10,8,Illness
ATT202412001314,STU001314,SCH019,2024-12-01,10,10,
ATT202412001315,STU001315,SCH032,2024-12-01,13,12,Unauthorised
ATT202412001316,STU001316,SCH024,2024-12-01,13,11,Unauthorised
ATT202412001317,STU001317,SCH048,2024-12-01,12,12,
ATT202412001318,STU001318,SCH016,2024-12-01,11,10,Other
ATT202412001319,STU001319,SCH039,2024-12-01,15,13,Other
ATT202412001320,STU001320,SCH050,2024-12-01,12,11,Illness
ATT202412001321,STU001321,SCH049,2024-12-01,10,10,
ATT202412001322,STU001322,SCH024,2024-12-01,13,13,
ATT202412001323,STU001323,SCH012,2024-12-01,11,10,Medical
ATT202412001324,STU001324,SCH003,2024-12-01,13,12,Unauthorised
ATT202412001325,STU001325,SCH008,2024-12-01,11,10,Unauthorised
ATT202412001326,STU001326,SCH030,2024-12-01,15,13,Unauthorised
ATT202412001327,STU001327,SCH022,2024-12-01,15,13,Medical
ATT202412001328,STU001328,SCH030,2024-12-01,10,9,Family
ATT202412001329,STU001329,SCH006,2024-12-01,12,11,Other
ATT202412001330,STU001330,SCH017,2024-12-01,10,9,Family
ATT202412001331,STU001331,SCH013,2024-12-01,14,14,
ATT202412001332,STU001332,SCH023,2024-12-01,10,9,Other
ATT202412001333,STU001333,SCH044,2024-12-01,10,8,Other
ATT202412001334,STU001334,SCH006,2024-12-01,10,10,
ATT202412001335,STU001335,SCH013,2024-12-01,11,10,Family
ATT202412001336,STU001336,SCH048,2024-12-01,12,11,Medical
ATT202412001337,STU001337,SCH044,2024-12-01,13,12,Unauthorised
ATT202412001338,STU001338,SCH046,2024-12-01,14,13,Medical
ATT202412001339,STU001339,SCH046,2024-12-01,15,13,Family
ATT202412001340,STU001340,SCH030,2024-12-01,12,11,Medical
ATT202412001341,STU001341,SCH035,2024-12-01,13,13,
ATT202412001342,STU001342,SCH030,2024-12-01,14,12,Other
ATT202412001343,STU001343,SCH033,2024-12-01,15,14,Family
ATT202412001344,STU001344,SCH039,2024-12-01,12,11,Other
ATT202412001345,STU001345,SCH027,2024-12-01,14,12,Unauthorised
ATT202412001346,STU001346,SCH012,2024-12-01,13,12,Family
ATT202412001347,STU001347,SCH007,2024-12-01,10,9,Unauthorised
ATT202412001348,STU001348,SCH012,2024-12-01,14,13,Illness
ATT202412001349,STU001349,SCH036,2024-12-01,11,10,Family
ATT202412001350,STU001350,SCH048,2024-12-01,12,11,Other
ATT202412001351,STU001351,SCH045,2024-12-01,14,13,Illness
ATT202412001352,STU001352,SCH004,2024-12-01,13,12,Medical
ATT202412001353,STU001353,SCH027,2024-12-01,11,10,Unauthorised
ATT202412001354,STU001354,SCH021,2024-12-01,12,11,Unauthorised
ATT202412001355,STU001355,SCH013,2024-12-01,14,13,Unauthorised
ATT202412001356,STU001356,SCH041,2024-12-01,12,11,Unauthorised
ATT202412001357,STU001357,SCH048,2024-12-01,14,13,Illness
ATT202412001358,STU001358,SCH037,2024-12-01,10,10,
ATT202412001359,STU001359,SCH026,2024-12-01,11,10,Unauthorised
ATT202412001360,STU001360,SCH014,2024-12-01,10,10,
ATT202412001361,STU001361,SCH022,2024-12-01,10,9,Other
ATT202412001362,STU001362,SCH048,2024-12-01,14,13,Other
ATT202412001363,STU001363,SCH048,2024-12-01,13,12,Illness
ATT202412001364,STU001364,SCH037,2024-12-01,15,14,Illness
ATT202412001365,STU001365,SCH027,2024-12-01,15,14,Illness
ATT202412001366,STU001366,SCH033,2024-12-01,10,9,Family
ATT202412001367,STU001367,SCH025,2024-12-01,15,14,Medical
ATT202412001368,STU001368,SCH002,2024-12-01,15,13,Other
ATT202412001369,STU001369,SCH005,2024-12-01,14,13,Illness
ATT202412001370,STU001370,SCH013,2024-12-01,11,10,Other
ATT202412001371,STU001371,SCH050,2024-12-01,12,10,Illness
ATT202412001372,STU001372,SCH022,2024-12-01,11,9,Other
ATT202412001373,STU001373,SCH023,2024-12-01,14,12,Medical
ATT202412001374,STU001374,SCH026,2024-12-01,14,13,Illness
ATT202412001375,STU001375,SCH037,2024-12-01,13,12,Family
ATT202412001376,STU001376,SCH022,2024-12-01,12,10,Other
ATT202412001377,STU001377,SCH007,2024-12-01,12,11,Illness
ATT202412001378,STU001378,SCH046,2024-12-01,10,9,Family
ATT202412001379,STU001379,SCH012,2024-12-01,12,11,Medical
ATT202412001380,STU001380,SCH007,2024-12-01,11,11,
ATT202412001381,STU001381,SCH028,2024-12-01,13,12,Other
ATT202412001382,STU001382,SCH018,2024-12-01,14,12,Family
ATT202412001384,STU001384,SCH027,2024-12-01,10,9,Medical
ATT202412001385,STU001385,SCH023,2024-12-01,10,9,Illness
ATT202412001386,STU001386,SCH024,2024-12-01,14,11,Family
ATT202412001387,STU001387,SCH004,2024-12-01,13,12,Illness
ATT202412001388,STU001388,SCH013,2024-12-01,12,11,Illness
ATT202412001389,STU001389,SCH024,2024-12-01,10,8,Medical
ATT202412001390,STU001390,SCH030,2024-12-01,15,14,Medical
ATT202412001391,STU001391,SCH041,2024-12-01,11,11,
ATT202412001392,STU001392,SCH049,2024-12-01,12,10,Illness
ATT202412001393,STU001393,SCH020,2024-12-01,10,10,
ATT202412001394,STU001394,SCH012,2024-12-01,15,14,Illness
ATT202412001395,STU001395,SCH002,2024-12-01,15,13,Family
ATT202412001396,STU001396,SCH029,2024-12-01,11,10,Medical
ATT202412001397,STU001397,SCH037,2024-12-01,12,12,
ATT202412001398,STU001398,SCH018,2024-12-01,14,12,Family
ATT202412001399,STU001399,SCH027,2024-12-01,10,9,Unauthorised
ATT202412001400,STU001400,SCH032,2024-12-01,15,13,Other
ATT202412001401,STU001401,SCH047,2024-12-01,10,9,Family
ATT202412001402,STU001402,SCH005,2024-12-01,11,10,Unauthorised
ATT202412001403,STU001403,SCH048,2024-12-01,12,11,Unauthorised
ATT202412001404,STU001404,SCH048,2024-12-01,14,13,Unauthorised
ATT202412001405,STU001405,SCH015,2024-12-01,10,10,
ATT202412001406,STU001406,SCH039,2024-12-01,14,12,Medical
ATT202412001407,STU001407,SCH036,2024-12-01,13,13,
ATT202412001408,STU001408,SCH009,2024-12-01,15,14,Unauthorised
ATT202412001409,STU001409,SCH019,2024-12-01,15,15,
ATT202412001410,STU001410,SCH040,2024-12-01,11,10,Medical
ATT202412001411,STU001411,SCH009,2024-12-01,10,9,Medical
ATT202412001412,STU001412,SCH027,2024-12-01,15,14,Unauthorised
ATT202412001413,STU001413,SCH013,2024-12-01,15,14,Family
ATT202412001414,STU001414,SCH042,2024-12-01,11,11,
ATT202412001415,STU001415,SCH005,2024-12-01,13,12,Medical
ATT202412001416,STU001416,SCH016,2024-12-01,10,9,Illness
ATT202412001417,STU001417,SCH026,2024-12-01,12,10,Illness
ATT202412001418,STU001418,SCH026,2024-12-01,14,12,Illness
ATT202412001419,STU001419,SCH025,2024-12-01,12,11,Other
ATT202412001420,STU001420,SCH038,2024-12-01,14,14,
ATT202412001421,STU001421,SCH001,2024-12-01,13,13,
ATT202412001422,STU001422,SCH006,2024-12-01,11,9,Illness
ATT202412001423,STU001423,SCH007,2024-12-01,15,14,Family
ATT202412001424,STU001424,SCH005,2024-12-01,15,14,Other
ATT202412001425,STU001425,SCH047,2024-12-01,10,9,Family
ATT202412001426,STU001426,SCH029,2024-12-01,14,13,Medical
ATT202412001427,STU001427,SCH007,2024-12-01,15,14,Family
ATT202412001428,STU001428,SCH050,2024-12-01,15,13,Medical
ATT202412001429,STU001429,SCH009,2024-12-01,11,10,Family
ATT202412001431,STU001431,SCH020,2024-12-01,11,11,
ATT202412001432,STU001432,SCH022,2024-12-01,15,14,Other
ATT202412001433,STU001433,SCH011,2024-12-01,13,12,Family
ATT202412001434,STU001434,SCH042,2024-12-01,13,13,
ATT202412001435,STU001435,SCH037,2024-12-01,14,13,Medical
ATT202412001436,STU001436,SCH001,2024-12-01,15,11,Unauthorised
ATT202412001437,STU001437,SCH002,2024-12-01,11,9,Medical
ATT202412001438,STU001438,SCH016,2024-12-01,15,14,Family
ATT202412001439,STU001439,SCH048,2024-12-01,13,12,Medical
ATT202412001440,STU001440,SCH001,2024-12-01,12,10,Medical
ATT202412001441,STU001441,SCH039,2024-12-01,11,10,Other
ATT202412001442,STU001442,SCH029,2024-12-01,15,13,Medical
ATT202412001443,STU001443,SCH016,2024-12-01,14,13,Family
ATT202412001444,STU001444,SCH030,2024-12-01,14,12,Other
ATT202412001445,STU001445,SCH047,2024-12-01,10,10,
ATT202412001446,STU001446,SCH029,2024-12-01,15,13,Medical
ATT202412001447,STU001447,SCH036,2024-12-01,15,14,Family
ATT202412001448,STU001448,SCH050,2024-12-01,10,9,Family
ATT202412001449,STU001449,SCH001,2024-12-01,12,11,Unauthorised
ATT202412001450,STU001450,SCH047,2024-12-01,10,9,Family
ATT202412001451,STU001451,SCH048,2024-12-01,15,14,Medical
ATT202412001452,STU001452,SCH021,2024-12-01,13,11,Other
ATT202412001453,STU001453,SCH034,2024-12-01,10,9,Other
ATT202412001454,STU001454,SCH038,2024-12-01,11,11,
ATT202412001455,STU001455,SCH048,2024-12-01,11,9,Family
ATT202412001456,STU001456,SCH016,2024-12-01,14,13,Family
ATT202412001457,STU001457,SCH011,2024-12-01,15,13,Medical
ATT202412001458,STU001458,SCH030,2024-12-01,14,13,Other
ATT202412001459,STU001459,SCH004,2024-12-01,10,9,Other
ATT202412001460,STU001460,SCH008,2024-12-01,14,13,Unauthorised
ATT202412001461,STU001461,SCH017,2024-12-01,13,11,Unauthorised
ATT202412001462,STU001462,SCH008,2024-12-01,12,12,
ATT202412001463,STU001463,SCH013,2024-12-01,15,14,Other
ATT202412001464,STU001464,SCH015,2024-12-01,10,9,Medical
ATT202412001465,STU001465,SCH030,2024-12-01,14,13,Illness
ATT202412001466,STU001466,SCH016,2024-12-01,15,14,Illness
ATT202412001467,STU001467,SCH011,2024-12-01,13,11,Illness
ATT202412001468,STU001468,SCH018,2024-12-01,15,14,Other
ATT202412001469,STU001469,SCH016,2024-12-01,15,13,Illness
ATT202412001470,STU001470,SCH015,2024-12-01,14,13,Medical
ATT202412001471,STU001471,SCH008,2024-12-01,13,12,Other
ATT202412001472,STU001472,SCH004,2024-12-01,13,11,Family
ATT202412001473,STU001473,SCH008,2024-12-01,12,11,Other
ATT202412001474,STU001474,SCH005,2024-12-01,12,11,Illness
ATT202412001475,STU001475,SCH035,2024-12-01,12,11,Unauthorised
ATT202412001476,STU001476,SCH004,2024-12-01,10,10,
ATT202412001477,STU001477,SCH011,2024-12-01,12,11,Family
ATT202412001478,STU001478,SCH010,2024-12-01,13,12,Unauthorised
ATT202412001479,STU001479,SCH022,2024-12-01,10,9,Medical
ATT202412001480,STU001480,SCH034,2024-12-01,11,10,Family
ATT202412001481,STU001481,SCH013,2024-12-01,11,10,Illness
ATT202412001482,STU001482,SCH018,2024-12-01,15,14,Unauthorised
ATT202412001483,STU001483,SCH018,2024-12-01,15,14,Medical
ATT202412001484,STU001484,SCH002,2024-12-01,14,13,Other
ATT202412001485,STU001485,SCH020,2024-12-01,14,13,Medical
ATT202412001486,STU001486,SCH034,2024-12-01,11,9,Family
ATT202412001487,STU001487,SCH035,2024-12-01,11,10,Medical
ATT202412001488,STU001488,SCH043,2024-12-01,13,12,Illness
ATT202412001489,STU001489,SCH023,2024-12-01,15,13,Unauthorised
ATT202412001490,STU001490,SCH025,2024-12-01,13,12,Illness
ATT202412001491,STU001491,SCH015,2024-12-01,14,13,Illness
ATT202412001492,STU001492,SCH002,2024-12-01,11,10,Other
ATT202412001493,STU001493,SCH023,2024-12-01,15,13,Family
ATT202412001494,STU001494,SCH012,2024-12-01,14,13,Other
ATT202412001495,STU001495,SCH001,2024-12-01,13,12,Medical
ATT202412001496,STU001496,SCH038,2024-12-01,12,11,Illness
ATT202412001497,STU001497,SCH016,2024-12-01,15,14,Unauthorised
ATT202412001498,STU001498,SCH036,2024-12-01,12,10,Unauthorised
ATT202412001499,STU001499,SCH019,2024-12-01,12,12,
ATT202412001500,STU001500,SCH016,2024-12-01,15,14,Unauthorised
ATT202412001501,STU001501,SCH005,2024-12-01,12,11,Other
ATT202412001502,STU001502,SCH011,2024-12-01,10,9,Medical
ATT202412001503,STU001503,SCH021,2024-12-01,11,9,Unauthorised
ATT202412001504,STU001504,SCH009,2024-12-01,15,13,Medical
ATT202412001505,STU001505,SCH007,2024-12-01,10,9,Other
ATT202412001506,STU001506,SCH036,2024-12-01,13,12,Family
ATT202412001507,STU001507,SCH019,2024-12-01,11,10,Unauthorised
ATT202412001508,STU001508,SCH031,2024-12-01,15,14,Other
ATT202412001509,STU001509,SCH008,2024-12-01,13,12,Medical
ATT202412001510,STU001510,SCH047,2024-12-01,10,10,
ATT202412001511,STU001511,SCH007,2024-12-01,11,11,
ATT202412001512,STU001512,SCH049,2024-12-01,15,14,Illness
ATT202412001513,STU001513,SCH008,2024-12-01,10,9,Illness
ATT202412001514,STU001514,SCH003,2024-12-01,11,10,Illness
ATT202412001515,STU001515,SCH005,2024-12-01,13,12,Illness
ATT202412001516,STU001516,SCH050,2024-12-01,11,10,Unauthorised
ATT202412001517,STU001517,SCH017,2024-12-01,14,14,
ATT202412001518,STU001518,SCH027,2024-12-01,12,11,Medical
ATT202412001519,STU001519,SCH028,2024-12-01,13,12,Medical
ATT202412001520,STU001520,SCH026,2024-12-01,13,11,Other
ATT202412001521,STU001521,SCH040,2024-12-01,15,13,Unauthorised
ATT202412001522,STU001522,SCH040,2024-12-01,13,12,Medical
ATT202412001523,STU001523,SCH015,2024-12-01,15,14,Other
ATT202412001524,STU001524,SCH029,2024-12-01,10,9,Illness
ATT202412001525,STU001525,SCH007,2024-12-01,11,10,Medical
ATT202412001526,STU001526,SCH040,2024-12-01,12,11,Family
ATT202412001527,STU001527,SCH029,2024-12-01,11,10,Medical
ATT202412001528,STU001528,SCH042,2024-12-01,13,12,Family
ATT202412001529,STU001529,SCH030,2024-12-01,12,12,
ATT202412001530,STU001530,SCH036,2024-12-01,11,10,Unauthorised
ATT202412001531,STU001531,SCH038,2024-12-01,12,11,Illness
ATT202412001532,STU001532,SCH029,2024-12-01,13,12,Medical
ATT202412001533,STU001533,SCH020,2024-12-01,15,14,Medical
ATT202412001534,STU001534,SCH019,2024-12-01,12,11,Family
ATT202412001535,STU001535,SCH041,2024-12-01,15,14,Illness
ATT202412001536,STU001536,SCH013,2024-12-01,10,9,Family
ATT202412001537,STU001537,SCH001,2024-12-01,11,9,Illness
ATT202412001538,STU001538,SCH028,2024-12-01,12,11,Medical
ATT202412001539,STU001539,SCH039,2024-12-01,14,12,Unauthorised
ATT202412001540,STU001540,SCH030,2024-12-01,15,14,Other
ATT202412001541,STU001541,SCH045,2024-12-01,15,14,Medical
ATT202412001542,STU001542,SCH039,2024-12-01,12,11,Medical
ATT202412001543,STU001543,SCH011,2024-12-01,14,13,Family
ATT202412001544,STU001544,SCH011,2024-12-01,12,11,Other
ATT202412001545,STU001545,SCH025,2024-12-01,14,14,
ATT202412001546,STU001546,SCH042,2024-12-01,13,12,Other
ATT202412001547,STU001547,SCH014,2024-12-01,10,9,Other
ATT202412001548,STU001548,SCH003,2024-12-01,12,12,
ATT202412001549,STU001549,SCH038,2024-12-01,14,13,Medical
ATT202412001550,STU001550,SCH012,2024-12-01,15,13,Illness
ATT202412001551,STU001551,SCH016,2024-12-01,12,11,Unauthorised
ATT202412001552,STU001552,SCH020,2024-12-01,14,12,Illness
ATT202412001553,STU001553,SCH030,2024-12-01,15,14,Family
ATT202412001554,STU001554,SCH048,2024-12-01,13,13,
ATT202412001555,STU001555,SCH047,2024-12-01,14,14,
ATT202412001556,STU001556,SCH023,2024-12-01,13,12,Medical
ATT202412001557,STU001557,SCH038,2024-12-01,10,9,Unauthorised
ATT202412001558,STU001558,SCH037,2024-12-01,10,10,
ATT202412001559,STU001559,SCH033,2024-12-01,13,12,Family
ATT202412001560,STU001560,SCH041,2024-12-01,12,11,Other
ATT202412001561,STU001561,SCH041,2024-12-01,11,11,
ATT202412001562,STU001562,SCH011,2024-12-01,13,11,Illness
ATT202412001563,STU001563,SCH045,2024-12-01,10,10,
ATT202412001564,STU001564,SCH002,2024-12-01,15,13,Unauthorised
ATT202412001565,STU001565,SCH017,2024-12-01,13,11,Medical
ATT202412001566,STU001566,SCH013,2024-12-01,14,14,
ATT202412001567,STU001567,SCH007,2024-12-01,11,10,Other
ATT202412001568,STU001568,SCH010,2024-12-01,13,12,Unauthorised
ATT202412001569,STU001569,SCH016,2024-12-01,13,12,Unauthorised
ATT202412001570,STU001570,SCH035,2024-12-01,12,11,Family
ATT202412001571,STU001571,SCH034,2024-12-01,10,9,Illness
ATT202412001572,STU001572,SCH039,2024-12-01,11,11,
ATT202412001573,STU001573,SCH011,2024-12-01,10,9,Family
ATT202412001574,STU001574,SCH032,2024-12-01,14,13,Illness
ATT202412001575,STU001575,SCH003,2024-12-01,15,14,Medical
ATT202412001576,STU001576,SCH031,2024-12-01,11,10,Unauthorised
ATT202412001577,STU001577,SCH046,2024-12-01,12,11,Medical
ATT202412001578,STU001578,SCH046,2024-12-01,15,13,Family
ATT202412001579,STU001579,SCH011,2024-12-01,11,10,Medical
ATT202412001580,STU001580,SCH014,2024-12-01,11,10,Medical
ATT202412001581,STU001581,SCH023,2024-12-01,12,10,Other
ATT202412001582,STU001582,SCH007,2024-12-01,10,9,Other
ATT202412001583,STU001583,SCH034,2024-12-01,11,10,Unauthorised
ATT202412001584,STU001584,SCH033,2024-12-01,13,12,Illness
ATT202412001585,STU001585,SCH013,2024-12-01,12,11,Unauthorised
ATT202412001586,STU001586,SCH046,2024-12-01,14,13,Family
ATT202412001587,STU001587,SCH012,2024-12-01,15,13,Family
ATT202412001588,STU001588,SCH008,2024-12-01,11,10,Medical
ATT202412001589,STU001589,SCH048,2024-12-01,11,11,
ATT202412001590,STU001590,SCH008,2024-12-01,13,12,Medical
ATT202412001591,STU001591,SCH043,2024-12-01,13,12,Illness
ATT202412001592,STU001592,SCH015,2024-12-01,12,12,
ATT202412001593,STU001593,SCH022,2024-12-01,11,10,Unauthorised
ATT202412001594,STU001594,SCH024,2024-12-01,11,10,Illness
ATT202412001595,STU001595,SCH047,2024-12-01,13,12,Illness
ATT202412001596,STU001596,SCH002,2024-12-01,13,11,Family
ATT202412001597,STU001597,SCH031,2024-12-01,13,11,Illness
ATT202412001598,STU001598,SCH039,2024-12-01,10,10,
ATT202412001599,STU001599,SCH013,2024-12-01,10,10,
ATT202412001600,STU001600,SCH047,2024-12-01,14,13,Family
ATT202412001601,STU001601,SCH009,2024-12-01,14,12,Unauthorised
ATT202412001602,STU001602,SCH036,2024-12-01,14,13,Unauthorised
ATT202412001603,STU001603,SCH045,2024-12-01,14,13,Unauthorised
ATT202412001604,STU001604,SCH037,2024-12-01,12,11,Medical
ATT202412001605,STU001605,SCH037,2024-12-01,15,14,Unauthorised
ATT202412001606,STU001606,SCH044,2024-12-01,14,13,Unauthorised
ATT202412001607,STU001607,SCH014,2024-12-01,13,12,Medical
ATT202412001608,STU001608,SCH049,2024-12-01,12,10,Unauthorised
ATT202412001609,STU001609,SCH039,2024-12-01,14,13,Unauthorised
ATT202412001610,STU001610,SCH011,2024-12-01,12,11,Illness
ATT202412001611,STU001611,SCH012,2024-12-01,10,10,
ATT202412001612,STU001612,SCH020,2024-12-01,10,10,
ATT202412001613,STU001613,SCH014,2024-12-01,12,11,Unauthorised
ATT202412001614,STU001614,SCH027,2024-12-01,15,14,Medical
ATT202412001615,STU001615,SCH031,2024-12-01,15,14,Unauthorised
ATT202412001616,STU001616,SCH022,2024-12-01,12,10,Other
ATT202412001617,STU001617,SCH041,2024-12-01,15,14,Other
ATT202412001618,STU001618,SCH050,2024-12-01,10,9,Other
ATT202412001619,STU001619,SCH028,2024-12-01,11,10,Unauthorised
ATT202412001620,STU001620,SCH008,2024-12-01,11,10,Medical
ATT202412001621,STU001621,SCH033,2024-12-01,12,11,Family
ATT202412001622,STU001622,SCH030,2024-12-01,12,11,Other
ATT202412001623,STU001623,SCH023,2024-12-01,15,14,Family
ATT202412001624,STU001624,SCH046,2024-12-01,10,10,
ATT202412001625,STU001625,SCH017,2024-12-01,11,9,Other
ATT202412001626,STU001626,SCH049,2024-12-01,13,11,Family
ATT202412001627,STU001627,SCH018,2024-12-01,11,9,Other
ATT202412001628,STU001628,SCH044,2024-12-01,15,14,Family
ATT202412001629,STU001629,SCH047,2024-12-01,13,12,Illness
ATT202412001630,STU001630,SCH022,2024-12-01,11,9,Unauthorised
ATT202412001631,STU001631,SCH003,2024-12-01,10,8,Family
ATT202412001632,STU001632,SCH003,2024-12-01,15,14,Unauthorised
ATT202412001633,STU001633,SCH029,2024-12-01,15,13,Unauthorised
ATT202412001634,STU001634,SCH005,2024-12-01,13,11,Illness
ATT202412001635,STU001635,SCH049,2024-12-01,11,10,Other
ATT202412001636,STU001636,SCH032,2024-12-01,11,10,Illness
ATT202412001637,STU001637,SCH032,2024-12-01,10,9,Medical
ATT202412001638,STU001638,SCH006,2024-12-01,13,12,Family
ATT202412001639,STU001639,SCH014,2024-12-01,15,14,Family
ATT202412001640,STU001640,SCH040,2024-12-01,13,12,Family
ATT202412001641,STU001641,SCH016,2024-12-01,12,11,Illness
ATT202412001642,STU001642,SCH021,2024-12-01,13,13,
ATT202412001643,STU001643,SCH024,2024-12-01,12,10,Illness
ATT202412001644,STU001644,SCH022,2024-12-01,13,12,Unauthorised
ATT202412001645,STU001645,SCH036,2024-12-01,12,11,Other
ATT202412001646,STU001646,SCH022,2024-12-01,11,10,Other
ATT202412001647,STU001647,SCH040,2024-12-01,11,10,Medical
ATT202412001648,STU001648,SCH010,2024-12-01,10,9,Unauthorised
ATT202412001649,STU001649,SCH048,2024-12-01,13,12,Family
ATT202412001650,STU001650,SCH002,2024-12-01,11,10,Unauthorised
ATT202412001651,STU001651,SCH037,2024-12-01,11,10,Illness
ATT202412001652,STU001652,SCH045,2024-12-01,15,13,Other
ATT202412001653,STU001653,SCH036,2024-12-01,13,13,
ATT202412001654,STU001654,SCH029,2024-12-01,10,9,Illness
ATT202412001655,STU001655,SCH003,2024-12-01,11,10,Illness
ATT202412001656,STU001656,SCH024,2024-12-01,14,13,Illness
ATT202412001657,STU001657,SCH050,2024-12-01,15,13,Medical
ATT202412001658,STU001658,SCH010,2024-12-01,14,12,Illness
ATT202412001659,STU001659,SCH013,2024-12-01,14,13,Illness
ATT202412001660,STU001660,SCH006,2024-12-01,12,11,Unauthorised
ATT202412001661,STU001661,SCH048,2024-12-01,15,14,Other
ATT202412001662,STU001662,SCH017,2024-12-01,10,9,Unauthorised
ATT202412001663,STU001663,SCH013,2024-12-01,15,13,Medical
ATT202412001664,STU001664,SCH018,2024-12-01,12,11,Other
ATT202412001665,STU001665,SCH014,2024-12-01,14,13,Medical
ATT202412001666,STU001666,SCH010,2024-12-01,10,9,Medical
ATT202412001667,STU001667,SCH016,2024-12-01,14,11,Other
ATT202412001668,STU001668,SCH032,2024-12-01,14,12,Medical
ATT202412001669,STU001669,SCH039,2024-12-01,15,14,Unauthorised
ATT202412001670,STU001670,SCH036,2024-12-01,11,10,Other
ATT202412001671,STU001671,SCH001,2024-12-01,14,12,Illness
ATT202412001672,STU001672,SCH030,2024-12-01,13,12,Family
ATT202412001673,STU001673,SCH002,2024-12-01,12,10,Family
ATT202412001674,STU001674,SCH023,2024-12-01,10,9,Unauthorised
ATT202412001675,STU001675,SCH027,2024-12-01,13,12,Family
ATT202412001676,STU001676,SCH041,2024-12-01,10,9,Family
ATT202412001677,STU001677,SCH038,2024-12-01,11,11,
ATT202412001678,STU001678,SCH042,2024-12-01,11,10,Medical
ATT202412001679,STU001679,SCH019,2024-12-01,10,9,Illness
ATT202412001680,STU001680,SCH007,2024-12-01,11,10,Illness
ATT202412001681,STU001681,SCH015,2024-12-01,12,9,Medical
ATT202412001682,STU001682,SCH030,2024-12-01,13,12,Medical
ATT202412001683,STU001683,SCH037,2024-12-01,13,11,Medical
ATT202412001684,STU001684,SCH027,2024-12-01,14,12,Other
ATT202412001685,STU001685,SCH043,2024-12-01,12,11,Illness
ATT202412001686,STU001686,SCH032,2024-12-01,14,13,Illness
ATT202412001687,STU001687,SCH023,2024-12-01,13,11,Family
ATT202412001688,STU001688,SCH014,2024-12-01,14,13,Illness
ATT202412001689,STU001689,SCH006,2024-12-01,12,10,Unauthorised
ATT202412001690,STU001690,SCH015,2024-12-01,13,12,Unauthorised
ATT202412001691,STU001691,SCH043,2024-12-01,13,12,Illness
ATT202412001692,STU001692,SCH043,2024-12-01,15,13,Unauthorised
ATT202412001693,STU001693,SCH033,2024-12-01,12,11,Family
ATT202412001694,STU001694,SCH003,2024-12-01,13,12,Family
ATT202412001695,STU001695,SCH017,2024-12-01,12,12,
ATT202412001696,STU001696,SCH045,2024-12-01,12,10,Unauthorised
ATT202412001697,STU001697,SCH050,2024-12-01,10,9,Illness
ATT202412001698,STU001698,SCH046,2024-12-01,15,14,Illness
ATT202412001699,STU001699,SCH018,2024-12-01,11,10,Illness
ATT202412001700,STU001700,SCH045,2024-12-01,15,13,Other
ATT202412001701,STU001701,SCH027,2024-12-01,15,13,Illness
ATT202412001702,STU001702,SCH046,2024-12-01,13,12,Family
ATT202412001703,STU001703,SCH037,2024-12-01,15,15,
ATT202412001704,STU001704,SCH050,2024-12-01,12,11,Family
ATT202412001705,STU001705,SCH007,2024-12-01,10,9,Unauthorised
ATT202412001706,STU001706,SCH046,2024-12-01,15,13,Unauthorised
ATT202412001708,STU001708,SCH040,2024-12-01,15,14,Illness
ATT202412001709,STU001709,SCH001,2024-12-01,11,10,Other
ATT202412001710,STU001710,SCH045,2024-12-01,10,9,Unauthorised
ATT202412001711,STU001711,SCH006,2024-12-01,10,10,
ATT202412001712,STU001712,SCH001,2024-12-01,10,9,Other
ATT202412001713,STU001713,SCH041,2024-12-01,10,9,Medical
ATT202412001714,STU001714,SCH008,2024-12-01,10,9,Medical
ATT202412001715,STU001715,SCH022,2024-12-01,15,13,Other
ATT202412001716,STU001716,SCH019,2024-12-01,15,15,
ATT202412001717,STU001717,SCH012,2024-12-01,10,8,Illness
ATT202412001718,STU001718,SCH027,2024-12-01,14,12,Family
ATT202412001719,STU001719,SCH029,2024-12-01,14,13,Unauthorised
ATT202412001720,STU001720,SCH004,2024-12-01,10,10,
ATT202412001721,STU001721,SCH013,2024-12-01,15,14,Medical
ATT202412001722,STU001722,SCH013,2024-12-01,14,13,Medical
ATT202412001723,STU001723,SCH047,2024-12-01,13,12,Other
ATT202412001724,STU001724,SCH042,2024-12-01,12,10,Illness
ATT202412001725,STU001725,SCH027,2024-12-01,14,12,Unauthorised
ATT202412001726,STU001726,SCH031,2024-12-01,13,12,Other
ATT202412001727,STU001727,SCH007,2024-12-01,13,13,
ATT202412001728,STU001728,SCH039,2024-12-01,11,10,Illness
ATT202412001729,STU001729,SCH028,2024-12-01,13,13,
ATT202412001730,STU001730,SCH020,2024-12-01,15,14,Other
ATT202412001731,STU001731,SCH024,2024-12-01,13,13,
ATT202412001732,STU001732,SCH040,2024-12-01,15,13,Family
ATT202412001733,STU001733,SCH018,2024-12-01,12,12,
ATT202412001734,STU001734,SCH034,2024-12-01,12,11,Unauthorised
ATT202412001735,STU001735,SCH043,2024-12-01,15,14,Other
ATT202412001736,STU001736,SCH029,2024-12-01,14,12,Illness
ATT202412001737,STU001737,SCH046,2024-12-01,10,9,Illness
ATT202412001738,STU001738,SCH014,2024-12-01,14,13,Unauthorised
ATT202412001739,STU001739,SCH004,2024-12-01,11,10,Medical
ATT202412001740,STU001740,SCH019,2024-12-01,13,12,Unauthorised
ATT202412001741,STU001741,SCH047,2024-12-01,13,12,Illness
ATT202412001742,STU001742,SCH037,2024-12-01,15,14,Unauthorised
ATT202412001743,STU001743,SCH014,2024-12-01,13,12,Family
ATT202412001744,STU001744,SCH041,2024-12-01,15,15,
ATT202412001745,STU001745,SCH028,2024-12-01,15,14,Family
ATT202412001746,STU001746,SCH038,2024-12-01,13,11,Family
ATT202412001747,STU001747,SCH042,2024-12-01,12,12,
ATT202412001748,STU001748,SCH020,2024-12-01,12,11,Illness
ATT202412001749,STU001749,SCH034,2024-12-01,11,10,Unauthorised
ATT202412001750,STU001750,SCH021,2024-12-01,13,11,Other
ATT202412001751,STU001751,SCH039,2024-12-01,12,11,Other
ATT202412001752,STU001752,SCH031,2024-12-01,14,13,Illness
ATT202412001753,STU001753,SCH004,2024-12-01,13,12,Family
ATT202412001754,STU001754,SCH021,2024-12-01,14,13,Medical
ATT202412001755,STU001755,SCH015,2024-12-01,12,10,Unauthorised
ATT202412001756,STU001756,SCH018,2024-12-01,10,9,Other
ATT202412001757,STU001757,SCH028,2024-12-01,15,14,Illness
ATT202412001758,STU001758,SCH026,2024-12-01,15,14,Medical
ATT202412001759,STU001759,SCH046,2024-12-01,10,9,Illness
ATT202412001760,STU001760,SCH005,2024-12-01,12,11,Other
ATT202412001761,STU001761,SCH028,2024-12-01,10,10,
ATT202412001762,STU001762,SCH043,2024-12-01,15,13,Family
ATT202412001763,STU001763,SCH046,2024-12-01,15,13,Family
ATT202412001764,STU001764,SCH014,2024-12-01,10,10,
ATT202412001765,STU001765,SCH011,2024-12-01,13,12,Other
ATT202412001766,STU001766,SCH028,2024-12-01,14,13,Illness
ATT202412001767,STU001767,SCH047,2024-12-01,10,9,Family
ATT202412001768,STU001768,SCH011,2024-12-01,11,10,Illness
ATT202412001769,STU001769,SCH039,2024-12-01,15,14,Family
ATT202412001770,STU001770,SCH004,2024-12-01,15,14,Medical
ATT202412001771,STU001771,SCH027,2024-12-01,14,12,Family
ATT202412001772,STU001772,SCH024,2024-12-01,10,9,Medical
ATT202412001773,STU001773,SCH015,2024-12-01,11,10,Illness
ATT202412001774,STU001774,SCH020,2024-12-01,11,11,
ATT202412001775,STU001775,SCH024,2024-12-01,14,11,Medical
ATT202412001776,STU001776,SCH037,2024-12-01,11,10,Family
ATT202412001777,STU001777,SCH011,2024-12-01,13,12,Medical
ATT202412001778,STU001778,SCH028,2024-12-01,11,11,
ATT202412001779,STU001779,SCH048,2024-12-01,14,13,Family
ATT202412001780,STU001780,SCH019,2024-12-01,13,12,Other
ATT202412001781,STU001781,SCH035,2024-12-01,11,10,Family
ATT202412001782,STU001782,SCH042,2024-12-01,15,14,Illness
ATT202412001783,STU001783,SCH047,2024-12-01,14,13,Unauthorised
ATT202412001784,STU001784,SCH021,2024-12-01,14,13,Unauthorised
ATT202412001785,STU001785,SCH010,2024-12-01,11,10,Unauthorised
ATT202412001786,STU001786,SCH011,2024-12-01,11,10,Illness
ATT202412001787,STU001787,SCH021,2024-12-01,14,12,Illness
ATT202412001788,STU001788,SCH016,2024-12-01,13,12,Unauthorised
ATT202412001789,STU001789,SCH001,2024-12-01,14,12,Illness
ATT202412001790,STU001790,SCH024,2024-12-01,10,9,Family
ATT202412001791,STU001791,SCH042,2024-12-01,11,10,Illness
ATT202412001792,STU001792,SCH044,2024-12-01,14,13,Illness
ATT202412001793,STU001793,SCH014,2024-12-01,15,12,Illness
ATT202412001794,STU001794,SCH014,2024-12-01,12,10,Other
ATT202412001795,STU001795,SCH042,2024-12-01,11,9,Medical
ATT202412001796,STU001796,SCH001,2024-12-01,12,9,Unauthorised
ATT202412001797,STU001797,SCH024,2024-12-01,13,11,Illness
ATT202412001798,STU001798,SCH011,2024-12-01,15,13,Unauthorised
ATT202412001799,STU001799,SCH035,2024-12-01,14,12,Illness
ATT202412001800,STU001800,SCH025,2024-12-01,13,12,Family
ATT202412001801,STU001801,SCH046,2024-12-01,15,14,Unauthorised
ATT202412001802,STU001802,SCH018,2024-12-01,13,13,
ATT202412001803,STU001803,SCH006,2024-12-01,13,13,
ATT202412001804,STU001804,SCH045,2024-12-01,15,14,Medical
ATT202412001805,STU001805,SCH048,2024-12-01,13,12,Illness
ATT202412001806,STU001806,SCH043,2024-12-01,15,14,Other
ATT202412001807,STU001807,SCH021,2024-12-01,12,10,Family
ATT202412001808,STU001808,SCH018,2024-12-01,13,12,Unauthorised
ATT202412001809,STU001809,SCH037,2024-12-01,14,13,Unauthorised
ATT202412001810,STU001810,SCH020,2024-12-01,13,12,Unauthorised
ATT202412001811,STU001811,SCH029,2024-12-01,15,14,Family
ATT202412001812,STU001812,SCH001,2024-12-01,10,9,Family
ATT202412001813,STU001813,SCH028,2024-12-01,11,10,Unauthorised
ATT202412001814,STU001814,SCH042,2024-12-01,15,14,Illness
ATT202412001815,STU001815,SCH040,2024-12-01,12,11,Other
ATT202412001816,STU001816,SCH011,2024-12-01,13,11,Unauthorised
ATT202412001817,STU001817,SCH040,2024-12-01,13,13,
ATT202412001818,STU001818,SCH044,2024-12-01,12,11,Illness
ATT202412001819,STU001819,SCH047,2024-12-01,12,11,Medical
ATT202412001820,STU001820,SCH036,2024-12-01,14,13,Medical
ATT202412001821,STU001821,SCH022,2024-12-01,15,13,Illness
ATT202412001822,STU001822,SCH019,2024-12-01,14,14,
ATT202412001823,STU001823,SCH032,2024-12-01,13,12,Medical
ATT202412001824,STU001824,SCH020,2024-12-01,11,10,Illness
ATT202412001825,STU001825,SCH033,2024-12-01,14,13,Illness
ATT202412001826,STU001826,SCH006,2024-12-01,14,12,Illness
ATT202412001827,STU001827,SCH035,2024-12-01,10,9,Medical
ATT202412001828,STU001828,SCH047,2024-12-01,10,9,Other
ATT202412001829,STU001829,SCH026,2024-12-01,10,9,Unauthorised
ATT202412001830,STU001830,SCH011,2024-12-01,10,9,Family
ATT202412001831,STU001831,SCH014,2024-12-01,10,9,Unauthorised
ATT202412001832,STU001832,SCH012,2024-12-01,14,13,Illness
ATT202412001833,STU001833,SCH022,2024-12-01,12,10,Illness
ATT202412001834,STU001834,SCH018,2024-12-01,13,12,Family
ATT202412001835,STU001835,SCH003,2024-12-01,12,11,Medical
ATT202412001836,STU001836,SCH007,2024-12-01,10,9,Other
ATT202412001837,STU001837,SCH031,2024-12-01,13,13,
ATT202412001838,STU001838,SCH017,2024-12-01,12,10,Medical
ATT202412001839,STU001839,SCH009,2024-12-01,11,10,Unauthorised
ATT202412001840,STU001840,SCH036,2024-12-01,13,12,Unauthorised
ATT202412001841,STU001841,SCH038,2024-12-01,12,10,Medical
ATT202412001842,STU001842,SCH041,2024-12-01,11,10,Medical
ATT202412001843,STU001843,SCH003,2024-12-01,13,12,Family
ATT202412001844,STU001844,SCH008,2024-12-01,11,10,Unauthorised
ATT202412001845,STU001845,SCH007,2024-12-01,15,14,Other
ATT202412001846,STU001846,SCH043,2024-12-01,13,12,Illness
ATT202412001847,STU001847,SCH005,2024-12-01,13,12,Unauthorised
ATT202412001848,STU001848,SCH036,2024-12-01,11,10,Medical
ATT202412001849,STU001849,SCH013,2024-12-01,12,12,
ATT202412001850,STU001850,SCH021,2024-12-01,13,12,Family
ATT202412001851,STU001851,SCH047,2024-12-01,15,14,Medical
ATT202412001852,STU001852,SCH032,2024-12-01,14,12,Family
ATT202412001853,STU001853,SCH021,2024-12-01,10,9,Unauthorised
ATT202412001854,STU001854,SCH019,2024-12-01,11,9,Other
ATT202412001855,STU001855,SCH019,2024-12-01,11,10,Other
ATT202412001856,STU001856,SCH025,2024-12-01,15,15,
ATT202412001857,STU001857,SCH026,2024-12-01,13,12,Other
ATT202412001858,STU001858,SCH007,2024-12-01,14,13,Unauthorised
ATT202412001859,STU001859,SCH004,2024-12-01,15,14,Other
ATT202412001860,STU001860,SCH026,2024-12-01,13,12,Unauthorised
ATT202412001861,STU001861,SCH016,2024-12-01,15,15,
ATT202412001862,STU001862,SCH023,2024-12-01,11,10,Unauthorised
ATT202412001863,STU001863,SCH042,2024-12-01,10,9,Other
ATT202412001864,STU001864,SCH032,2024-12-01,15,14,Medical
ATT202412001865,STU001865,SCH009,2024-12-01,14,13,Unauthorised
ATT202412001866,STU001866,SCH037,2024-12-01,10,9,Family
ATT202412001867,STU001867,SCH036,2024-12-01,15,15,
ATT202412001868,STU001868,SCH010,2024-12-01,15,13,Family
ATT202412001869,STU001869,SCH048,2024-12-01,11,10,Other
ATT202412001870,STU001870,SCH041,2024-12-01,13,12,Illness
ATT202412001871,STU001871,SCH001,2024-12-01,15,13,Family
ATT202412001872,STU001872,SCH042,2024-12-01,15,14,Illness
ATT202412001873,STU001873,SCH032,2024-12-01,12,10,Other
ATT202412001874,STU001874,SCH035,2024-12-01,15,14,Other
ATT202412001875,STU001875,SCH038,2024-12-01,15,13,Unauthorised
ATT202412001876,STU001876,SCH049,2024-12-01,13,10,Medical
ATT202412001877,STU001877,SCH032,2024-12-01,10,9,Unauthorised
ATT202412001878,STU001878,SCH014,2024-12-01,13,12,Family
ATT202412001879,STU001879,SCH015,2024-12-01,10,9,Illness
ATT202412001880,STU001880,SCH037,2024-12-01,10,9,Family
ATT202412001881,STU001881,SCH012,2024-12-01,10,9,Unauthorised
ATT202412001882,STU001882,SCH007,2024-12-01,11,10,Illness
ATT202412001883,STU001883,SCH048,2024-12-01,14,13,Unauthorised
ATT202412001884,STU001884,SCH028,2024-12-01,14,14,
ATT202412001885,STU001885,SCH036,2024-12-01,10,9,Unauthorised
ATT202412001886,STU001886,SCH016,2024-12-01,10,9,Family
ATT202412001887,STU001887,SCH038,2024-12-01,12,11,Medical
ATT202412001888,STU001888,SCH024,2024-12-01,13,11,Unauthorised
ATT202412001889,STU001889,SCH046,2024-12-01,14,13,Other
ATT202412001891,STU001891,SCH024,2024-12-01,11,9,Other
ATT202412001893,STU001893,SCH021,2024-12-01,13,12,Family
ATT202412001894,STU001894,SCH024,2024-12-01,13,13,
ATT202412001895,STU001895,SCH007,2024-12-01,11,10,Illness
ATT202412001896,STU001896,SCH029,2024-12-01,15,14,Family
ATT202412001897,STU001897,SCH020,2024-12-01,10,8,Family
ATT202412001898,STU001898,SCH043,2024-12-01,12,11,Other
ATT202412001899,STU001899,SCH033,2024-12-01,10,9,Other
ATT202412001900,STU001900,SCH044,2024-12-01,13,12,Other
ATT202412001901,STU001901,SCH046,2024-12-01,13,12,Other
ATT202412001902,STU001902,SCH003,2024-12-01,13,13,
ATT202412001903,STU001903,SCH022,2024-12-01,10,9,Illness
ATT202412001904,STU001904,SCH024,2024-12-01,12,10,Unauthorised
ATT202412001905,STU001905,SCH041,2024-12-01,13,12,Unauthorised
ATT202412001906,STU001906,SCH028,2024-12-01,13,13,
ATT202412001907,STU001907,SCH028,2024-12-01,13,12,Medical
ATT202412001908,STU001908,SCH029,2024-12-01,13,12,Illness
ATT202412001909,STU001909,SCH034,2024-12-01,14,11,Family
ATT202412001910,STU001910,SCH025,2024-12-01,15,14,Other
ATT202412001911,STU001911,SCH029,2024-12-01,15,14,Illness
ATT202412001912,STU001912,SCH023,2024-12-01,10,8,Unauthorised
ATT202412001913,STU001913,SCH003,2024-12-01,11,10,Unauthorised
ATT202412001914,STU001914,SCH020,2024-12-01,10,9,Unauthorised
ATT202412001915,STU001915,SCH025,2024-12-01,11,10,Medical
ATT202412001916,STU001916,SCH001,2024-12-01,10,7,Family
ATT202412001917,STU001917,SCH004,2024-12-01,11,10,Unauthorised
ATT202412001918,STU001918,SCH037,2024-12-01,15,13,Family
ATT202412001919,STU001919,SCH022,2024-12-01,14,12,Medical
ATT202412001920,STU001920,SCH023,2024-12-01,10,8,Illness
ATT202412001921,STU001921,SCH020,2024-12-01,10,9,Medical
ATT202412001922,STU001922,SCH040,2024-12-01,14,13,Illness
ATT202412001923,STU001923,SCH005,2024-12-01,10,10,
ATT202412001924,STU001924,SCH003,2024-12-01,11,10,Other
ATT202412001925,STU001925,SCH029,2024-12-01,11,10,Unauthorised
ATT202412001926,STU001926,SCH012,2024-12-01,13,11,Unauthorised
ATT202412001927,STU001927,SCH015,2024-12-01,11,10,Other
ATT202412001928,STU001928,SCH008,2024-12-01,14,12,Illness
ATT202412001929,STU001929,SCH045,2024-12-01,14,13,Other
ATT202412001930,STU001930,SCH018,2024-12-01,15,14,Family
ATT202412001931,STU001931,SCH016,2024-12-01,12,11,Unauthorised
ATT202412001932,STU001932,SCH002,2024-12-01,11,10,Other
ATT202412001933,STU001933,SCH050,2024-12-01,13,12,Illness
ATT202412001934,STU001934,SCH027,2024-12-01,13,12,Unauthorised
ATT202412001935,STU001935,SCH038,2024-12-01,10,9,Other
ATT202412001936,STU001936,SCH043,2024-12-01,11,10,Medical
ATT202412001937,STU001937,SCH028,2024-12-01,14,13,Family
ATT202412001938,STU001938,SCH023,2024-12-01,10,9,Family
ATT202412001939,STU001939,SCH011,2024-12-01,15,13,Unauthorised
ATT202412001940,STU001940,SCH045,2024-12-01,15,13,Family
ATT202412001941,STU001941,SCH041,2024-12-01,11,11,
ATT202412001942,STU001942,SCH043,2024-12-01,13,11,Medical
ATT202412001943,STU001943,SCH042,2024-12-01,12,10,Other
ATT202412001944,STU001944,SCH041,2024-12-01,12,11,Unauthorised
ATT202412001945,STU001945,SCH002,2024-12-01,10,9,Other
ATT202412001946,STU001946,SCH013,2024-12-01,13,12,Family
ATT202412001947,STU001947,SCH005,2024-12-01,14,14,
ATT202412001948,STU001948,SCH045,2024-12-01,14,13,Family
ATT202412001949,STU001949,SCH032,2024-12-01,11,10,Unauthorised
ATT202412001950,STU001950,SCH012,2024-12-01,12,11,Illness
ATT202412001951,STU001951,SCH006,2024-12-01,15,15,
ATT202412001952,STU001952,SCH017,2024-12-01,10,8,Other
ATT202412001953,STU001953,SCH013,2024-12-01,11,10,Unauthorised
ATT202412001954,STU001954,SCH019,2024-12-01,15,15,
ATT202412001955,STU001955,SCH033,2024-12-01,15,13,Family
ATT202412001956,STU001956,SCH003,2024-12-01,13,12,Unauthorised
ATT202412001957,STU001957,SCH041,2024-12-01,10,9,Medical
ATT202412001958,STU001958,SCH012,2024-12-01,13,11,Illness
ATT202412001959,STU001959,SCH031,2024-12-01,14,14,
ATT202412001960,STU001960,SCH030,2024-12-01,13,11,Other
ATT202412001961,STU001961,SCH039,2024-12-01,12,11,Unauthorised
ATT202412001962,STU001962,SCH021,2024-12-01,13,12,Illness
ATT202412001963,STU001963,SCH038,2024-12-01,11,10,Unauthorised
ATT202412001964,STU001964,SCH044,2024-12-01,14,12,Unauthorised
ATT202412001965,STU001965,SCH020,2024-12-01,15,13,Unauthorised
ATT202412001966,STU001966,SCH003,2024-12-01,11,11,
ATT202412001967,STU001967,SCH033,2024-12-01,10,9,Illness
ATT202412001968,STU001968,SCH020,2024-12-01,12,11,Unauthorised
ATT202412001969,STU001969,SCH018,2024-12-01,15,14,Unauthorised
ATT202412001970,STU001970,SCH031,2024-12-01,14,12,Other
ATT202412001971,STU001971,SCH009,2024-12-01,10,9,Illness
ATT202412001972,STU001972,SCH020,2024-12-01,11,10,Medical
ATT202412001973,STU001973,SCH004,2024-12-01,14,13,Medical
ATT202412001974,STU001974,SCH022,2024-12-01,15,12,Family
ATT202412001975,STU001975,SCH041,2024-12-01,10,10,
ATT202412001976,STU001976,SCH009,2024-12-01,15,14,Other
ATT202412001977,STU001977,SCH036,2024-12-01,10,10,
ATT202412001978,STU001978,SCH007,2024-12-01,12,11,Other
ATT202412001979,STU001979,SCH016,2024-12-01,12,11,Unauthorised
ATT202412001980,STU001980,SCH046,2024-12-01,13,11,Other
ATT202412001981,STU001981,SCH041,2024-12-01,11,10,Other
ATT202412001982,STU001982,SCH047,2024-12-01,15,14,Illness
ATT202412001983,STU001983,SCH002,2024-12-01,11,9,Illness
ATT202412001984,STU001984,SCH004,2024-12-01,11,11,
ATT202412001985,STU001985,SCH037,2024-12-01,11,10,Other
ATT202412001986,STU001986,SCH050,2024-12-01,15,14,Other
ATT202412001987,STU001987,SCH047,2024-12-01,15,15,
ATT202412001988,STU001988,SCH005,2024-12-01,10,9,Family
ATT202412001989,STU001989,SCH014,2024-12-01,15,14,Other
ATT202412001990,STU001990,SCH015,2024-12-01,13,12,Medical
ATT202412001991,STU001991,SCH010,2024-12-01,14,13,Family
ATT202412001992,STU001992,SCH041,2024-12-01,10,9,Family
ATT202412001993,STU001993,SCH045,2024-12-01,12,11,Family
ATT202412001994,STU001994,SCH004,2024-12-01,13,13,
ATT202412001995,STU001995,SCH028,2024-12-01,13,13,
ATT202412001996,STU001996,SCH040,2024-12-01,11,10,Medical
ATT202412001997,STU001997,SCH045,2024-12-01,11,9,Family
ATT202412001998,STU001998,SCH041,2024-12-01,13,12,Unauthorised
ATT202412001999,STU001999,SCH025,2024-12-01,12,11,Other
ATT202412002000,STU002000,SCH048,2024-12-01,15,14,Medical
ATT202412002001,STU002001,SCH022,2024-12-01,15,13,Family
ATT202412002002,STU002002,SCH046,2024-12-01,10,9,Family
ATT202412002003,STU002003,SCH014,2024-12-01,10,9,Medical
ATT202412002004,STU002004,SCH043,2024-12-01,15,13,Family
ATT202412002005,STU002005,SCH028,2024-12-01,11,10,Illness
ATT202412002006,STU002006,SCH004,2024-12-01,12,12,
ATT202412002007,STU002007,SCH031,2024-12-01,10,9,Medical
ATT202412002008,STU002008,SCH009,2024-12-01,15,14,Medical
ATT202412002009,STU002009,SCH028,2024-12-01,13,12,Unauthorised
ATT202412002010,STU002010,SCH002,2024-12-01,11,9,Unauthorised
ATT202412002011,STU002011,SCH011,2024-12-01,15,13,Other
ATT202412002012,STU002012,SCH035,2024-12-01,10,9,Illness
ATT202412002013,STU002013,SCH050,2024-12-01,12,10,Unauthorised
ATT202412002014,STU002014,SCH050,2024-12-01,10,9,Family
ATT202412002015,STU002015,SCH013,2024-12-01,12,11,Family
ATT202412002016,STU002016,SCH037,2024-12-01,14,13,Family
ATT202412002017,STU002017,SCH023,2024-12-01,10,9,Illness
ATT202412002018,STU002018,SCH035,2024-12-01,11,9,Family
ATT202412002019,STU002019,SCH029,2024-12-01,15,14,Other
ATT202412002021,STU002021,SCH034,2024-12-01,11,10,Family
ATT202412002022,STU002022,SCH006,2024-12-01,14,13,Medical
ATT202412002023,STU002023,SCH043,2024-12-01,13,11,Family
ATT202412002024,STU002024,SCH021,2024-12-01,12,10,Unauthorised
ATT202412002025,STU002025,SCH039,2024-12-01,12,11,Medical
ATT202412002026,STU002026,SCH012,2024-12-01,12,11,Medical
ATT202412002027,STU002027,SCH035,2024-12-01,15,13,Medical
ATT202412002028,STU002028,SCH044,2024-12-01,14,13,Medical
ATT202412002029,STU002029,SCH005,2024-12-01,10,9,Family
ATT202412002030,STU002030,SCH031,2024-12-01,12,11,Family
ATT202412002031,STU002031,SCH009,2024-12-01,11,10,Other
ATT202412002032,STU002032,SCH049,2024-12-01,15,13,Family
ATT202412002033,STU002033,SCH049,2024-12-01,11,10,Family
ATT202412002034,STU002034,SCH050,2024-12-01,14,14,
ATT202412002035,STU002035,SCH026,2024-12-01,14,13,Medical
ATT202412002036,STU002036,SCH037,2024-12-01,12,11,Illness
ATT202412002037,STU002037,SCH028,2024-12-01,12,11,Unauthorised
ATT202412002038,STU002038,SCH042,2024-12-01,10,9,Other
ATT202412002039,STU002039,SCH002,2024-12-01,11,10,Unauthorised
ATT202412002040,STU002040,SCH031,2024-12-01,13,12,Unauthorised
ATT202412002041,STU002041,SCH017,2024-12-01,14,12,Other
ATT202412002042,STU002042,SCH024,2024-12-01,14,12,Unauthorised
ATT202412002043,STU002043,SCH011,2024-12-01,12,11,Medical
ATT202412002044,STU002044,SCH046,2024-12-01,11,10,Unauthorised
ATT202412002045,STU002045,SCH047,2024-12-01,15,13,Unauthorised
ATT202412002046,STU002046,SCH016,2024-12-01,13,13,
ATT202412002047,STU002047,SCH042,2024-12-01,11,10,Unauthorised
ATT202412002048,STU002048,SCH050,2024-12-01,14,13,Other
ATT202412002049,STU002049,SCH008,2024-12-01,15,14,Family
ATT202412002050,STU002050,SCH033,2024-12-01,15,13,Family
ATT202412002051,STU002051,SCH021,2024-12-01,15,15,
ATT202412002052,STU002052,SCH022,2024-12-01,13,12,Family
ATT202412002053,STU002053,SCH050,2024-12-01,13,12,Family
ATT202412002054,STU002054,SCH007,2024-12-01,10,9,Family
ATT202412002055,STU002055,SCH042,2024-12-01,15,13,Other
ATT202412002056,STU002056,SCH047,2024-12-01,15,13,Illness
ATT202412002057,STU002057,SCH033,2024-12-01,13,12,Illness
ATT202412002058,STU002058,SCH035,2024-12-01,15,13,Family
ATT202412002059,STU002059,SCH005,2024-12-01,10,9,Family
ATT202412002060,STU002060,SCH003,2024-12-01,14,13,Illness
ATT202412002061,STU002061,SCH030,2024-12-01,14,12,Medical
ATT202412002062,STU002062,SCH039,2024-12-01,11,10,Illness
ATT202412002063,STU002063,SCH043,2024-12-01,10,9,Illness
ATT202412002064,STU002064,SCH014,2024-12-01,11,11,
ATT202412002065,STU002065,SCH007,2024-12-01,13,12,Other
ATT202412002066,STU002066,SCH016,2024-12-01,10,10,
ATT202412002067,STU002067,SCH043,2024-12-01,11,10,Unauthorised
ATT202412002068,STU002068,SCH030,2024-12-01,12,11,Other
ATT202412002069,STU002069,SCH023,2024-12-01,14,13,Unauthorised
ATT202412002070,STU002070,SCH028,2024-12-01,10,10,
ATT202412002071,STU002071,SCH009,2024-12-01,10,9,Medical
ATT202412002072,STU002072,SCH037,2024-12-01,12,11,Medical
ATT202412002073,STU002073,SCH015,2024-12-01,11,10,Illness
ATT202412002074,STU002074,SCH021,2024-12-01,10,9,Medical
ATT202412002075,STU002075,SCH035,2024-12-01,11,9,Illness
ATT202412002076,STU002076,SCH014,2024-12-01,12,12,
ATT202412002077,STU002077,SCH011,2024-12-01,10,9,Other
ATT202412002078,STU002078,SCH022,2024-12-01,15,14,Medical
ATT202412002079,STU002079,SCH028,2024-12-01,14,12,Unauthorised
ATT202412002080,STU002080,SCH049,2024-12-01,15,12,Illness
ATT202412002081,STU002081,SCH017,2024-12-01,14,13,Unauthorised
ATT202412002082,STU002082,SCH009,2024-12-01,11,10,Medical
ATT202412002083,STU002083,SCH004,2024-12-01,15,14,Unauthorised
ATT202412002084,STU002084,SCH011,2024-12-01,12,12,
ATT202412002085,STU002085,SCH005,2024-12-01,14,12,Medical
ATT202412002086,STU002086,SCH016,2024-12-01,14,13,Illness
ATT202412002087,STU002087,SCH045,2024-12-01,12,11,Illness
ATT202412002088,STU002088,SCH047,2024-12-01,11,10,Other
ATT202412002089,STU002089,SCH017,2024-12-01,11,9,Illness
ATT202412002090,STU002090,SCH007,2024-12-01,15,14,Other
ATT202412002091,STU002091,SCH004,2024-12-01,15,13,Other
ATT202412002092,STU002092,SCH045,2024-12-01,14,12,Family
ATT202412002093,STU002093,SCH011,2024-12-01,14,13,Family
ATT202412002094,STU002094,SCH049,2024-12-01,13,11,Illness
ATT202412002095,STU002095,SCH006,2024-12-01,12,11,Unauthorised
ATT202412002096,STU002096,SCH048,2024-12-01,10,10,
ATT202412002097,STU002097,SCH016,2024-12-01,15,14,Illness
ATT202412002098,STU002098,SCH019,2024-12-01,14,13,Unauthorised
ATT202412002099,STU002099,SCH037,2024-12-01,12,11,Other
ATT202412002100,STU002100,SCH019,2024-12-01,14,13,Other
ATT202412002101,STU002101,SCH046,2024-12-01,12,11,Family
ATT202412002102,STU002102,SCH020,2024-12-01,10,9,Family
ATT202412002103,STU002103,SCH025,2024-12-01,15,15,
ATT202412002104,STU002104,SCH040,2024-12-01,15,13,Medical
ATT202412002105,STU002105,SCH044,2024-12-01,12,11,Illness
ATT202412002106,STU002106,SCH040,2024-12-01,12,11,Other
ATT202412002107,STU002107,SCH035,2024-12-01,10,9,Other
ATT202412002108,STU002108,SCH038,2024-12-01,11,11,
ATT202412002109,STU002109,SCH009,2024-12-01,10,9,Illness
ATT202412002110,STU002110,SCH033,2024-12-01,11,10,Unauthorised
ATT202412002111,STU002111,SCH026,2024-12-01,15,15,
ATT202412002112,STU002112,SCH037,2024-12-01,11,10,Unauthorised
ATT202412002113,STU002113,SCH044,2024-12-01,10,8,Medical
ATT202412002114,STU002114,SCH009,2024-12-01,12,11,Medical
ATT202412002115,STU002115,SCH007,2024-12-01,14,13,Other
ATT202412002116,STU002116,SCH050,2024-12-01,14,12,Family
ATT202412002117,STU002117,SCH006,2024-12-01,11,11,
ATT202412002118,STU002118,SCH029,2024-12-01,15,13,Unauthorised
ATT202412002119,STU002119,SCH002,2024-12-01,14,12,Family
ATT202412002120,STU002120,SCH029,2024-12-01,11,10,Illness
ATT202412002121,STU002121,SCH033,2024-12-01,12,11,Unauthorised
ATT202412002122,STU002122,SCH008,2024-12-01,12,11,Other
ATT202412002123,STU002123,SCH026,2024-12-01,10,9,Medical
ATT202412002124,STU002124,SCH022,2024-12-01,13,12,Illness
ATT202412002125,STU002125,SCH029,2024-12-01,11,10,Medical
ATT202412002126,STU002126,SCH046,2024-12-01,11,11,
ATT202412002127,STU002127,SCH026,2024-12-01,15,14,Other
ATT202412002128,STU002128,SCH007,2024-12-01,12,11,Medical
ATT202412002129,STU002129,SCH012,2024-12-01,15,13,Unauthorised
ATT202412002130,STU002130,SCH037,2024-12-01,11,10,Medical
ATT202412002131,STU002131,SCH050,2024-12-01,10,9,Illness
ATT202412002132,STU002132,SCH008,2024-12-01,13,12,Illness
ATT202412002133,STU002133,SCH021,2024-12-01,13,12,Family
ATT202412002134,STU002134,SCH040,2024-12-01,10,9,Other
ATT202412002135,STU002135,SCH023,2024-12-01,12,11,Unauthorised
ATT202412002136,STU002136,SCH011,2024-12-01,11,10,Other
ATT202412002137,STU002137,SCH009,2024-12-01,13,12,Family
ATT202412002138,STU002138,SCH044,2024-12-01,13,12,Unauthorised
ATT202412002139,STU002139,SCH047,2024-12-01,13,13,
ATT202412002140,STU002140,SCH014,2024-12-01,13,12,Family
ATT202412002141,STU002141,SCH004,2024-12-01,11,11,
ATT202412002142,STU002142,SCH004,2024-12-01,15,14,Unauthorised
ATT202412002143,STU002143,SCH005,2024-12-01,12,11,Other
ATT202412002144,STU002144,SCH035,2024-12-01,11,10,Illness
ATT202412002145,STU002145,SCH042,2024-12-01,12,10,Other
ATT202412002146,STU002146,SCH003,2024-12-01,13,12,Unauthorised
ATT202412002147,STU002147,SCH012,2024-12-01,15,14,Illness
ATT202412002148,STU002148,SCH039,2024-12-01,14,13,Family
ATT202412002149,STU002149,SCH041,2024-12-01,12,11,Illness
ATT202412002150,STU002150,SCH006,2024-12-01,11,11,
ATT202412002151,STU002151,SCH015,2024-12-01,13,11,Family
ATT202412002152,STU002152,SCH046,2024-12-01,12,11,Family
ATT202412002153,STU002153,SCH017,2024-12-01,15,13,Unauthorised
ATT202412002154,STU002154,SCH038,2024-12-01,15,15,
ATT202412002155,STU002155,SCH050,2024-12-01,11,10,Medical
ATT202412002156,STU002156,SCH032,2024-12-01,13,12,Unauthorised
ATT202412002157,STU002157,SCH040,2024-12-01,15,13,Illness
ATT202412002158,STU002158,SCH043,2024-12-01,14,13,Family
ATT202412002159,STU002159,SCH008,2024-12-01,13,12,Illness
ATT202412002160,STU002160,SCH044,2024-12-01,12,11,Family
ATT202412002161,STU002161,SCH022,2024-12-01,14,12,Family
ATT202412002162,STU002162,SCH041,2024-12-01,11,10,Medical
ATT202412002163,STU002163,SCH009,2024-12-01,11,10,Family
ATT202412002164,STU002164,SCH048,2024-12-01,12,10,Other
ATT202412002165,STU002165,SCH008,2024-12-01,13,12,Unauthorised
ATT202412002166,STU002166,SCH022,2024-12-01,14,12,Medical
ATT202412002167,STU002167,SCH018,2024-12-01,12,12,
ATT202412002168,STU002168,SCH034,2024-12-01,11,9,Family
ATT202412002170,STU002170,SCH007,2024-12-01,13,12,Illness
ATT202412002171,STU002171,SCH043,2024-12-01,13,13,
ATT202412002172,STU002172,SCH002,2024-12-01,10,9,Family
ATT202412002173,STU002173,SCH039,2024-12-01,13,12,Other
ATT202412002174,STU002174,SCH013,2024-12-01,13,12,Other
ATT202412002175,STU002175,SCH009,2024-12-01,15,14,Unauthorised
ATT202412002176,STU002176,SCH047,2024-12-01,10,9,Other
ATT202412002177,STU002177,SCH017,2024-12-01,10,9,Illness
ATT202412002178,STU002178,SCH045,2024-12-01,14,12,Illness
ATT202412002179,STU002179,SCH006,2024-12-01,13,12,Illness
ATT202412002180,STU002180,SCH030,2024-12-01,13,12,Medical
ATT202412002181,STU002181,SCH046,2024-12-01,15,14,Unauthorised
ATT202412002182,STU002182,SCH041,2024-12-01,14,13,Family
ATT202412002183,STU002183,SCH020,2024-12-01,13,12,Family
ATT202412002184,STU002184,SCH050,2024-12-01,13,12,Family
ATT202412002185,STU002185,SCH047,2024-12-01,10,9,Unauthorised
ATT202412002186,STU002186,SCH005,2024-12-01,11,10,Unauthorised
ATT202412002187,STU002187,SCH033,2024-12-01,11,11,
ATT202412002188,STU002188,SCH006,2024-12-01,14,13,Unauthorised
ATT202412002189,STU002189,SCH042,2024-12-01,13,12,Other
ATT202412002190,STU002190,SCH047,2024-12-01,13,12,Unauthorised
ATT202412002191,STU002191,SCH034,2024-12-01,13,12,Unauthorised
ATT202412002192,STU002192,SCH046,2024-12-01,10,9,Unauthorised
ATT202412002193,STU002193,SCH007,2024-12-01,12,11,Unauthorised
ATT202412002194,STU002194,SCH039,2024-12-01,12,11,Family
ATT202412002195,STU002195,SCH009,2024-12-01,11,10,Other
ATT202412002196,STU002196,SCH043,2024-12-01,10,9,Medical
ATT202412002197,STU002197,SCH046,2024-12-01,10,9,Family
ATT202412002198,STU002198,SCH045,2024-12-01,11,10,Illness
ATT202412002199,STU002199,SCH037,2024-12-01,15,14,Medical
ATT202412002200,STU002200,SCH015,2024-12-01,15,14,Unauthorised
ATT202412002201,STU002201,SCH023,2024-12-01,10,9,Family
ATT202412002202,STU002202,SCH015,2024-12-01,10,10,
ATT202412002203,STU002203,SCH006,2024-12-01,11,10,Family
ATT202412002204,STU002204,SCH005,2024-12-01,10,9,Illness
ATT202412002205,STU002205,SCH035,2024-12-01,15,13,Other
ATT202412002206,STU002206,SCH036,2024-12-01,15,14,Illness
ATT202412002207,STU002207,SCH026,2024-12-01,14,13,Family
ATT202412002208,STU002208,SCH008,2024-12-01,14,13,Family
ATT202412002209,STU002209,SCH037,2024-12-01,12,11,Unauthorised
ATT202412002210,STU002210,SCH003,2024-12-01,14,14,
ATT202412002211,STU002211,SCH034,2024-12-01,15,14,Illness
ATT202412002212,STU002212,SCH032,2024-12-01,12,11,Illness
ATT202412002213,STU002213,SCH005,2024-12-01,13,11,Medical
ATT202412002214,STU002214,SCH044,2024-12-01,12,11,Family
ATT202412002215,STU002215,SCH043,2024-12-01,14,13,Family
ATT202412002216,STU002216,SCH050,2024-12-01,14,13,Unauthorised
ATT202412002217,STU002217,SCH023,2024-12-01,11,10,Family
ATT202412002218,STU002218,SCH009,2024-12-01,11,10,Family
ATT202412002219,STU002219,SCH011,2024-12-01,15,14,Illness
ATT202412002221,STU002221,SCH005,2024-12-01,10,9,Illness
ATT202412002222,STU002222,SCH037,2024-12-01,12,11,Unauthorised
ATT202412002223,STU002223,SCH043,2024-12-01,13,11,Other
ATT202412002224,STU002224,SCH006,2024-12-01,13,12,Illness
ATT202412002225,STU002225,SCH017,2024-12-01,14,12,Other
ATT202412002226,STU002226,SCH046,2024-12-01,12,11,Unauthorised
ATT202412002227,STU002227,SCH008,2024-12-01,12,11,Medical
ATT202412002228,STU002228,SCH042,2024-12-01,13,12,Other
ATT202412002229,STU002229,SCH047,2024-12-01,14,13,Other
ATT202412002230,STU002230,SCH046,2024-12-01,12,10,Medical
ATT202412002231,STU002231,SCH022,2024-12-01,14,12,Family
ATT202412002232,STU002232,SCH024,2024-12-01,11,9,Family
ATT202412002233,STU002233,SCH023,2024-12-01,13,12,Other
ATT202412002234,STU002234,SCH023,2024-12-01,14,13,Unauthorised
ATT202412002235,STU002235,SCH037,2024-12-01,10,9,Unauthorised
ATT202412002236,STU002236,SCH042,2024-12-01,13,11,Other
ATT202412002237,STU002237,SCH012,2024-12-01,10,9,Unauthorised
ATT202412002238,STU002238,SCH034,2024-12-01,10,9,Other
ATT202412002239,STU002239,SCH003,2024-12-01,12,11,Other
ATT202412002240,STU002240,SCH035,2024-12-01,15,14,Medical
ATT202412002241,STU002241,SCH045,2024-12-01,10,9,Unauthorised
ATT202412002242,STU002242,SCH010,2024-12-01,12,11,Other
ATT202412002243,STU002243,SCH031,2024-12-01,13,12,Illness
ATT202412002244,STU002244,SCH016,2024-12-01,11,10,Medical
ATT202412002245,STU002245,SCH047,2024-12-01,10,10,
ATT202412002246,STU002246,SCH002,2024-12-01,15,14,Medical
ATT202412002247,STU002247,SCH031,2024-12-01,14,12,Medical
ATT202412002248,STU002248,SCH048,2024-12-01,14,13,Other
ATT202412002249,STU002249,SCH012,2024-12-01,10,9,Medical
ATT202412002250,STU002250,SCH036,2024-12-01,11,10,Other
ATT202412002251,STU002251,SCH038,2024-12-01,10,10,
ATT202412002252,STU002252,SCH001,2024-12-01,14,13,Unauthorised
ATT202412002253,STU002253,SCH048,2024-12-01,11,10,Other
ATT202412002254,STU002254,SCH003,2024-12-01,15,14,Other
ATT202412002255,STU002255,SCH017,2024-12-01,14,12,Illness
ATT202412002256,STU002256,SCH017,2024-12-01,11,10,Family
ATT202412002257,STU002257,SCH049,2024-12-01,15,14,Unauthorised
ATT202412002258,STU002258,SCH050,2024-12-01,11,10,Unauthorised
ATT202412002259,STU002259,SCH002,2024-12-01,14,12,Other
ATT202412002260,STU002260,SCH017,2024-12-01,13,11,Unauthorised
ATT202412002261,STU002261,SCH037,2024-12-01,10,9,Unauthorised
ATT202412002262,STU002262,SCH042,2024-12-01,13,12,Medical
ATT202412002263,STU002263,SCH005,2024-12-01,12,12,
ATT202412002264,STU002264,SCH023,2024-12-01,15,13,Medical
ATT202412002265,STU002265,SCH026,2024-12-01,15,14,Other
ATT202412002266,STU002266,SCH042,2024-12-01,15,12,Unauthorised
ATT202412002267,STU002267,SCH034,2024-12-01,13,12,Medical
ATT202412002268,STU002268,SCH032,2024-12-01,10,9,Family
ATT202412002269,STU002269,SCH045,2024-12-01,11,10,Family
ATT202412002270,STU002270,SCH011,2024-12-01,11,10,Medical
ATT202412002271,STU002271,SCH018,2024-12-01,11,10,Unauthorised
ATT202412002272,STU002272,SCH028,2024-12-01,15,14,Illness
ATT202412002273,STU002273,SCH024,2024-12-01,15,13,Family
ATT202412002274,STU002274,SCH007,2024-12-01,10,9,Other
ATT202412002275,STU002275,SCH012,2024-12-01,15,14,Medical
ATT202412002276,STU002276,SCH037,2024-12-01,12,11,Other
ATT202412002277,STU002277,SCH020,2024-12-01,14,13,Family
ATT202412002278,STU002278,SCH003,2024-12-01,14,13,Medical
ATT202412002279,STU002279,SCH020,2024-12-01,10,9,Medical
ATT202412002280,STU002280,SCH033,2024-12-01,12,11,Illness
ATT202412002281,STU002281,SCH043,2024-12-01,10,8,Illness
ATT202412002282,STU002282,SCH018,2024-12-01,15,15,
ATT202412002283,STU002283,SCH048,2024-12-01,11,10,Family
ATT202412002284,STU002284,SCH008,2024-12-01,12,12,
ATT202412002285,STU002285,SCH013,2024-12-01,10,9,Unauthorised
ATT202412002286,STU002286,SCH050,2024-12-01,14,12,Family
ATT202412002287,STU002287,SCH018,2024-12-01,10,10,
ATT202412002288,STU002288,SCH029,2024-12-01,13,11,Family
ATT202412002289,STU002289,SCH012,2024-12-01,10,9,Family
ATT202412002290,STU002290,SCH020,2024-12-01,11,10,Family
ATT202412002291,STU002291,SCH040,2024-12-01,14,14,
ATT202412002292,STU002292,SCH002,2024-12-01,15,12,Medical
ATT202412002293,STU002293,SCH033,2024-12-01,15,14,Family
ATT202412002294,STU002294,SCH009,2024-12-01,15,13,Illness
ATT202412002295,STU002295,SCH049,2024-12-01,14,13,Other
ATT202412002296,STU002296,SCH007,2024-12-01,15,14,Family
ATT202412002297,STU002297,SCH013,2024-12-01,11,10,Family
ATT202412002298,STU002298,SCH009,2024-12-01,14,13,Family
ATT202412002299,STU002299,SCH007,2024-12-01,15,15,
ATT202412002300,STU002300,SCH022,2024-12-01,11,10,Family
ATT202412002301,STU002301,SCH027,2024-12-01,13,12,Medical
ATT202412002302,STU002302,SCH025,2024-12-01,15,14,Family
ATT202412002303,STU002303,SCH043,2024-12-01,14,13,Family
ATT202412002304,STU002304,SCH007,2024-12-01,11,10,Family
ATT202412002305,STU002305,SCH010,2024-12-01,12,11,Illness
ATT202412002306,STU002306,SCH040,2024-12-01,12,11,Family
ATT202412002307,STU002307,SCH001,2024-12-01,10,8,Illness
ATT202412002308,STU002308,SCH050,2024-12-01,15,14,Medical
ATT202412002309,STU002309,SCH009,2024-12-01,11,10,Unauthorised
ATT202412002310,STU002310,SCH032,2024-12-01,13,13,
ATT202412002311,STU002311,SCH010,2024-12-01,14,13,Medical
ATT202412002312,STU002312,SCH032,2024-12-01,12,10,Illness
ATT202412002313,STU002313,SCH005,2024-12-01,14,14,
ATT202412002314,STU002314,SCH014,2024-12-01,14,12,Other
ATT202412002315,STU002315,SCH026,2024-12-01,10,9,Family
ATT202412002316,STU002316,SCH048,2024-12-01,10,9,Illness
ATT202412002317,STU002317,SCH016,2024-12-01,15,14,Family
ATT202412002318,STU002318,SCH016,2024-12-01,14,13,Unauthorised
ATT202412002319,STU002319,SCH038,2024-12-01,10,9,Other
ATT202412002320,STU002320,SCH045,2024-12-01,13,11,Family
ATT202412002321,STU002321,SCH030,2024-12-01,13,12,Other
ATT202412002322,STU002322,SCH040,2024-12-01,10,9,Illness
ATT202412002323,STU002323,SCH040,2024-12-01,12,11,Medical
ATT202412002324,STU002324,SCH001,2024-12-01,14,13,Family
ATT202412002325,STU002325,SCH002,2024-12-01,12,9,Medical
ATT202412002326,STU002326,SCH050,2024-12-01,12,12,
ATT202412002327,STU002327,SCH008,2024-12-01,13,12,Other
ATT202412002328,STU002328,SCH017,2024-12-01,14,14,
ATT202412002329,STU002329,SCH018,2024-12-01,13,12,Illness
ATT202412002330,STU002330,SCH022,2024-12-01,13,11,Other
ATT202412002331,STU002331,SCH006,2024-12-01,11,10,Illness
ATT202412002332,STU002332,SCH014,2024-12-01,12,11,Illness
ATT202412002333,STU002333,SCH047,2024-12-01,14,13,Medical
ATT202412002334,STU002334,SCH017,2024-12-01,14,13,Illness
ATT202412002335,STU002335,SCH049,2024-12-01,14,13,Unauthorised
ATT202412002336,STU002336,SCH045,2024-12-01,14,12,Family
ATT202412002337,STU002337,SCH044,2024-12-01,12,11,Other
ATT202412002338,STU002338,SCH034,2024-12-01,10,9,Other
ATT202412002339,STU002339,SCH031,2024-12-01,11,10,Other
ATT202412002340,STU002340,SCH050,2024-12-01,12,11,Illness
ATT202412002341,STU002341,SCH030,2024-12-01,13,12,Family
ATT202412002342,STU002342,SCH015,2024-12-01,12,11,Unauthorised
ATT202412002343,STU002343,SCH019,2024-12-01,14,13,Medical
ATT202412002344,STU002344,SCH023,2024-12-01,13,12,Illness
ATT202412002345,STU002345,SCH004,2024-12-01,14,14,
ATT202412002346,STU002346,SCH020,2024-12-01,13,12,Family
ATT202412002347,STU002347,SCH010,2024-12-01,14,12,Other
ATT202412002348,STU002348,SCH010,2024-12-01,11,10,Unauthorised
ATT202412002349,STU002349,SCH047,2024-12-01,10,9,Other
ATT202412002350,STU002350,SCH008,2024-12-01,11,9,Illness
ATT202412002351,STU002351,SCH050,2024-12-01,13,12,Unauthorised
ATT202412002352,STU002352,SCH030,2024-12-01,11,10,Medical
ATT202412002353,STU002353,SCH025,2024-12-01,14,13,Unauthorised
ATT202412002354,STU002354,SCH015,2024-12-01,14,13,Unauthorised
ATT202412002355,STU002355,SCH019,2024-12-01,15,14,Family
ATT202412002356,STU002356,SCH030,2024-12-01,11,11,
ATT202412002357,STU002357,SCH023,2024-12-01,11,10,Medical
ATT202412002358,STU002358,SCH025,2024-12-01,13,12,Family
ATT202412002359,STU002359,SCH009,2024-12-01,14,13,Unauthorised
ATT202412002361,STU002361,SCH011,2024-12-01,12,11,Family
ATT202412002362,STU002362,SCH020,2024-12-01,11,10,Other
ATT202412002363,STU002363,SCH041,2024-12-01,14,13,Medical
ATT202412002364,STU002364,SCH048,2024-12-01,12,11,Family
ATT202412002365,STU002365,SCH022,2024-12-01,12,11,Medical
ATT202412002366,STU002366,SCH025,2024-12-01,13,12,Medical
ATT202412002367,STU002367,SCH006,2024-12-01,10,9,Other
ATT202412002368,STU002368,SCH005,2024-12-01,13,11,Other
ATT202412002369,STU002369,SCH014,2024-12-01,11,10,Family
ATT202412002370,STU002370,SCH027,2024-12-01,11,9,Illness
ATT202412002371,STU002371,SCH007,2024-12-01,11,10,Medical
ATT202412002372,STU002372,SCH046,2024-12-01,11,9,Medical
ATT202412002373,STU002373,SCH028,2024-12-01,11,10,Unauthorised
ATT202412002374,STU002374,SCH041,2024-12-01,11,10,Unauthorised
ATT202412002375,STU002375,SCH041,2024-12-01,13,11,Family
ATT202412002376,STU002376,SCH038,2024-12-01,14,13,Illness
ATT202412002377,STU002377,SCH031,2024-12-01,11,10,Unauthorised
ATT202412002378,STU002378,SCH020,2024-12-01,14,13,Family
ATT202412002379,STU002379,SCH031,2024-12-01,14,13,Other
ATT202412002380,STU002380,SCH001,2024-12-01,15,12,Other
ATT202412002381,STU002381,SCH042,2024-12-01,10,9,Other
ATT202412002382,STU002382,SCH025,2024-12-01,10,9,Family
ATT202412002383,STU002383,SCH042,2024-12-01,12,11,Unauthorised
ATT202412002384,STU002384,SCH020,2024-12-01,10,9,Medical
ATT202412002385,STU002385,SCH020,2024-12-01,15,14,Illness
ATT202412002386,STU002386,SCH002,2024-12-01,15,15,
ATT202412002387,STU002387,SCH013,2024-12-01,15,13,Unauthorised
ATT202412002388,STU002388,SCH002,2024-12-01,15,13,Unauthorised
ATT202412002389,STU002389,SCH023,2024-12-01,10,9,Family
ATT202412002390,STU002390,SCH025,2024-12-01,14,13,Other
ATT202412002391,STU002391,SCH042,2024-12-01,12,11,Illness
ATT202412002392,STU002392,SCH017,2024-12-01,11,9,Unauthorised
ATT202412002393,STU002393,SCH033,2024-12-01,11,10,Family
ATT202412002394,STU002394,SCH038,2024-12-01,15,14,Family
ATT202412002395,STU002395,SCH017,2024-12-01,15,14,Illness
ATT202412002396,STU002396,SCH034,2024-12-01,10,9,Other
ATT202412002397,STU002397,SCH008,2024-12-01,14,12,Unauthorised
ATT202412002398,STU002398,SCH026,2024-12-01,10,9,Family
ATT202412002399,STU002399,SCH022,2024-12-01,13,11,Other
ATT202412002400,STU002400,SCH024,2024-12-01,12,11,Family
ATT202412002401,STU002401,SCH031,2024-12-01,14,13,Illness
ATT202412002402,STU002402,SCH030,2024-12-01,10,9,Family
ATT202412002403,STU002403,SCH029,2024-12-01,13,12,Unauthorised
ATT202412002404,STU002404,SCH027,2024-12-01,11,10,Illness
ATT202412002405,STU002405,SCH049,2024-12-01,14,13,Other
ATT202412002406,STU002406,SCH004,2024-12-01,14,13,Illness
ATT202412002407,STU002407,SCH011,2024-12-01,14,13,Unauthorised
ATT202412002408,STU002408,SCH017,2024-12-01,12,11,Family
ATT202412002409,STU002409,SCH004,2024-12-01,15,15,
ATT202412002410,STU002410,SCH046,2024-12-01,12,10,Illness
ATT202412002411,STU002411,SCH016,2024-12-01,14,13,Family
ATT202412002412,STU002412,SCH025,2024-12-01,13,12,Illness
ATT202412002413,STU002413,SCH027,2024-12-01,14,13,Other
ATT202412002414,STU002414,SCH022,2024-12-01,13,13,
ATT202412002415,STU002415,SCH005,2024-12-01,14,13,Family
ATT202412002416,STU002416,SCH003,2024-12-01,10,9,Medical
ATT202412002417,STU002417,SCH024,2024-12-01,12,10,Illness
ATT202412002418,STU002418,SCH013,2024-12-01,14,14,
ATT202412002419,STU002419,SCH032,2024-12-01,14,13,Other
ATT202412002420,STU002420,SCH045,2024-12-01,14,13,Unauthorised
ATT202412002421,STU002421,SCH031,2024-12-01,11,11,
ATT202412002422,STU002422,SCH038,2024-12-01,12,11,Illness
ATT202412002423,STU002423,SCH007,2024-12-01,15,15,
ATT202412002424,STU002424,SCH030,2024-12-01,11,10,Unauthorised
ATT202412002425,STU002425,SCH020,2024-12-01,15,14,Other
ATT202412002426,STU002426,SCH036,2024-12-01,13,12,Family
ATT202412002427,STU002427,SCH008,2024-12-01,11,10,Unauthorised
ATT202412002428,STU002428,SCH022,2024-12-01,14,12,Unauthorised
ATT202412002429,STU002429,SCH028,2024-12-01,15,13,Other
ATT202412002430,STU002430,SCH005,2024-12-01,15,13,Medical
ATT202412002431,STU002431,SCH019,2024-12-01,13,12,Family
ATT202412002432,STU002432,SCH047,2024-12-01,11,10,Unauthorised
ATT202412002433,STU002433,SCH026,2024-12-01,13,12,Family
ATT202412002434,STU002434,SCH009,2024-12-01,11,10,Other
ATT202412002435,STU002435,SCH016,2024-12-01,11,10,Other
ATT202412002436,STU002436,SCH029,2024-12-01,11,10,Unauthorised
ATT202412002437,STU002437,SCH030,2024-12-01,15,14,Illness
ATT202412002438,STU002438,SCH013,2024-12-01,13,12,Other
ATT202412002439,STU002439,SCH023,2024-12-01,13,12,Family
ATT202412002440,STU002440,SCH029,2024-12-01,15,14,Unauthorised
ATT202412002441,STU002441,SCH043,2024-12-01,13,12,Family
ATT202412002442,STU002442,SCH035,2024-12-01,10,9,Other
ATT202412002443,STU002443,SCH040,2024-12-01,12,11,Medical
ATT202412002444,STU002444,SCH010,2024-12-01,11,10,Illness
ATT202412002445,STU002445,SCH040,2024-12-01,13,12,Unauthorised
ATT202412002446,STU002446,SCH040,2024-12-01,12,11,Unauthorised
ATT202412002447,STU002447,SCH024,2024-12-01,15,13,Medical
ATT202412002448,STU002448,SCH018,2024-12-01,14,12,Family
ATT202412002449,STU002449,SCH010,2024-12-01,14,13,Other
ATT202412002450,STU002450,SCH002,2024-12-01,12,10,Illness
ATT202412002451,STU002451,SCH014,2024-12-01,13,12,Illness
ATT202412002452,STU002452,SCH035,2024-12-01,10,9,Family
ATT202412002453,STU002453,SCH013,2024-12-01,15,14,Family
ATT202412002454,STU002454,SCH029,2024-12-01,12,11,Other
ATT202412002455,STU002455,SCH032,2024-12-01,14,14,
ATT202412002456,STU002456,SCH025,2024-12-01,12,11,Medical
ATT202412002457,STU002457,SCH036,2024-12-01,12,12,
ATT202412002458,STU002458,SCH011,2024-12-01,11,10,Family
ATT202412002459,STU002459,SCH044,2024-12-01,14,12,Illness
ATT202412002460,STU002460,SCH041,2024-12-01,14,13,Family
ATT202412002461,STU002461,SCH008,2024-12-01,11,11,
ATT202412002462,STU002462,SCH046,2024-12-01,15,13,Illness
ATT202412002463,STU002463,SCH001,2024-12-01,11,9,Illness
ATT202412002464,STU002464,SCH042,2024-12-01,15,12,Medical
ATT202412002465,STU002465,SCH035,2024-12-01,12,11,Family
ATT202412002466,STU002466,SCH047,2024-12-01,11,11,
ATT202412002467,STU002467,SCH040,2024-12-01,15,14,Other
ATT202412002468,STU002468,SCH029,2024-12-01,10,9,Medical
ATT202412002469,STU002469,SCH035,2024-12-01,14,13,Unauthorised
ATT202412002470,STU002470,SCH037,2024-12-01,15,15,
ATT202412002471,STU002471,SCH024,2024-12-01,12,10,Medical
ATT202412002472,STU002472,SCH039,2024-12-01,15,13,Unauthorised
ATT202412002473,STU002473,SCH030,2024-12-01,14,13,Family
ATT202412002474,STU002474,SCH047,2024-12-01,10,9,Other
ATT202412002475,STU002475,SCH012,2024-12-01,10,9,Family
ATT202412002476,STU002476,SCH038,2024-12-01,13,12,Unauthorised
ATT202412002477,STU002477,SCH049,2024-12-01,11,9,Medical
ATT202412002478,STU002478,SCH025,2024-12-01,12,12,
ATT202412002479,STU002479,SCH020,2024-12-01,13,12,Medical
ATT202412002480,STU002480,SCH010,2024-12-01,14,13,Family
ATT202412002481,STU002481,SCH009,2024-12-01,10,9,Family
ATT202412002482,STU002482,SCH042,2024-12-01,14,12,Family
ATT202412002483,STU002483,SCH045,2024-12-01,14,12,Family
ATT202412002484,STU002484,SCH033,2024-12-01,10,9,Family
ATT202412002485,STU002485,SCH037,2024-12-01,14,13,Illness
ATT202412002486,STU002486,SCH034,2024-12-01,13,12,Unauthorised
ATT202412002487,STU002487,SCH012,2024-12-01,11,11,
ATT202412002488,STU002488,SCH015,2024-12-01,15,15,
ATT202412002489,STU002489,SCH045,2024-12-01,10,9,Illness
ATT202412002490,STU002490,SCH026,2024-12-01,11,10,Medical
ATT202412002491,STU002491,SCH038,2024-12-01,12,11,Unauthorised
ATT202412002492,STU002492,SCH045,2024-12-01,13,11,Unauthorised
ATT202412002493,STU002493,SCH018,2024-12-01,12,11,Family
ATT202412002494,STU002494,SCH009,2024-12-01,10,9,Other
ATT202412002495,STU002495,SCH014,2024-12-01,10,9,Illness
ATT202412002496,STU002496,SCH033,2024-12-01,12,11,Family
ATT202412002497,STU002497,SCH018,2024-12-01,10,10,
ATT202412002498,STU002498,SCH001,2024-12-01,15,13,Family
ATT202412002499,STU002499,SCH042,2024-12-01,10,9,Medical
ATT202412002500,STU002500,SCH014,2024-12-01,10,10,
ATT202412002501,STU002501,SCH012,2024-12-01,10,9,Other
ATT202412002502,STU002502,SCH011,2024-12-01,15,14,Unauthorised
ATT202412002503,STU002503,SCH021,2024-12-01,11,10,Illness
ATT202412002504,STU002504,SCH004,2024-12-01,10,9,Unauthorised
ATT202412002505,STU002505,SCH027,2024-12-01,15,13,Illness
ATT202412002506,STU002506,SCH007,2024-12-01,11,10,Family
ATT202412002507,STU002507,SCH039,2024-12-01,15,15,
ATT202412002508,STU002508,SCH046,2024-12-01,14,11,Medical
ATT202412002509,STU002509,SCH031,2024-12-01,15,14,Family
ATT202412002510,STU002510,SCH013,2024-12-01,14,13,Medical
ATT202412002511,STU002511,SCH043,2024-12-01,14,11,Other
ATT202412002512,STU002512,SCH023,2024-12-01,12,10,Family
ATT202412002513,STU002513,SCH016,2024-12-01,14,13,Other
ATT202412002514,STU002514,SCH020,2024-12-01,14,13,Family
ATT202412002515,STU002515,SCH010,2024-12-01,12,11,Family
ATT202412002516,STU002516,SCH036,2024-12-01,15,14,Family
ATT202412002517,STU002517,SCH013,2024-12-01,13,11,Family
ATT202412002518,STU002518,SCH050,2024-12-01,11,10,Other
ATT202412002519,STU002519,SCH014,2024-12-01,14,12,Illness
ATT202412002520,STU002520,SCH011,2024-12-01,14,13,Other
ATT202412002521,STU002521,SCH020,2024-12-01,11,10,Unauthorised
ATT202412002522,STU002522,SCH028,2024-12-01,11,10,Illness
ATT202412002523,STU002523,SCH032,2024-12-01,15,13,Other
ATT202412002524,STU002524,SCH013,2024-12-01,14,14,
ATT202412002525,STU002525,SCH047,2024-12-01,14,14,
ATT202412002526,STU002526,SCH043,2024-12-01,11,10,Medical
ATT202412002527,STU002527,SCH037,2024-12-01,15,14,Other
ATT202412002528,STU002528,SCH038,2024-12-01,12,11,Unauthorised
ATT202412002529,STU002529,SCH023,2024-12-01,11,10,Medical
ATT202412002530,STU002530,SCH026,2024-12-01,15,14,Medical
ATT202412002531,STU002531,SCH044,2024-12-01,13,12,Other
ATT202412002532,STU002532,SCH018,2024-12-01,12,11,Illness
ATT202412002533,STU002533,SCH021,2024-12-01,15,14,Unauthorised
ATT202412002534,STU002534,SCH021,2024-12-01,15,12,Other
ATT202412002535,STU002535,SCH030,2024-12-01,10,8,Illness
ATT202412002536,STU002536,SCH006,2024-12-01,13,12,Unauthorised
ATT202412002537,STU002537,SCH015,2024-12-01,14,13,Family
ATT202412002538,STU002538,SCH021,2024-12-01,11,10,Family
ATT202412002539,STU002539,SCH048,2024-12-01,13,13,
ATT202412002540,STU002540,SCH025,2024-12-01,13,12,Illness
ATT202412002541,STU002541,SCH010,2024-12-01,15,14,Family
ATT202412002542,STU002542,SCH029,2024-12-01,12,10,Illness
ATT202412002543,STU002543,SCH027,2024-12-01,10,9,Medical
ATT202412002544,STU002544,SCH024,2024-12-01,14,12,Medical
ATT202412002545,STU002545,SCH040,2024-12-01,11,10,Medical
ATT202412002546,STU002546,SCH039,2024-12-01,14,13,Family
ATT202412002547,STU002547,SCH006,2024-12-01,13,13,
ATT202412002548,STU002548,SCH003,2024-12-01,14,13,Unauthorised
ATT202412002549,STU002549,SCH023,2024-12-01,15,14,Illness
ATT202412002550,STU002550,SCH002,2024-12-01,15,13,Unauthorised
ATT202412002551,STU002551,SCH010,2024-12-01,13,12,Family
ATT202412002552,STU002552,SCH007,2024-12-01,10,9,Medical
ATT202412002553,STU002553,SCH010,2024-12-01,10,10,
ATT202412002554,STU002554,SCH017,2024-12-01,14,12,Other
ATT202412002555,STU002555,SCH047,2024-12-01,10,10,
ATT202412002556,STU002556,SCH012,2024-12-01,14,13,Illness
ATT202412002557,STU002557,SCH036,2024-12-01,12,11,Other
ATT202412002558,STU002558,SCH050,2024-12-01,14,12,Unauthorised
ATT202412002559,STU002559,SCH046,2024-12-01,15,14,Medical
ATT202412002560,STU002560,SCH050,2024-12-01,10,8,Family
ATT202412002561,STU002561,SCH014,2024-12-01,14,13,Medical
ATT202412002562,STU002562,SCH031,2024-12-01,10,9,Other
ATT202412002563,STU002563,SCH046,2024-12-01,11,10,Medical
ATT202412002564,STU002564,SCH020,2024-12-01,14,13,Medical
ATT202412002565,STU002565,SCH029,2024-12-01,13,12,Medical
ATT202412002566,STU002566,SCH044,2024-12-01,11,10,Illness
ATT202412002567,STU002567,SCH032,2024-12-01,10,8,Unauthorised
ATT202412002568,STU002568,SCH020,2024-12-01,10,9,Illness
ATT202412002569,STU002569,SCH037,2024-12-01,13,11,Family
ATT202412002570,STU002570,SCH046,2024-12-01,12,11,Illness
ATT202412002571,STU002571,SCH031,2024-12-01,10,9,Medical
ATT202412002572,STU002572,SCH033,2024-12-01,14,13,Other
ATT202412002574,STU002574,SCH037,2024-12-01,13,11,Medical
ATT202412002575,STU002575,SCH014,2024-12-01,12,11,Family
ATT202412002576,STU002576,SCH003,2024-12-01,11,10,Unauthorised
ATT202412002577,STU002577,SCH047,2024-12-01,12,11,Illness
ATT202412002578,STU002578,SCH018,2024-12-01,15,14,Other
ATT202412002579,STU002579,SCH014,2024-12-01,11,10,Other
ATT202412002580,STU002580,SCH003,2024-12-01,13,11,Other
ATT202412002581,STU002581,SCH026,2024-12-01,15,14,Family
ATT202412002582,STU002582,SCH019,2024-12-01,14,13,Unauthorised
ATT202412002583,STU002583,SCH020,2024-12-01,12,11,Unauthorised
ATT202412002584,STU002584,SCH034,2024-12-01,11,10,Medical
ATT202412002585,STU002585,SCH021,2024-12-01,11,9,Illness
ATT202412002586,STU002586,SCH048,2024-12-01,11,10,Illness
ATT202412002587,STU002587,SCH031,2024-12-01,13,12,Illness
ATT202412002588,STU002588,SCH029,2024-12-01,15,13,Family
ATT202412002589,STU002589,SCH027,2024-12-01,10,9,Medical
ATT202412002590,STU002590,SCH007,2024-12-01,14,13,Family
ATT202412002591,STU002591,SCH034,2024-12-01,12,10,Illness
ATT202412002592,STU002592,SCH008,2024-12-01,13,12,Illness
ATT202412002593,STU002593,SCH046,2024-12-01,14,12,Other
ATT202412002594,STU002594,SCH038,2024-12-01,11,10,Family
ATT202412002595,STU002595,SCH041,2024-12-01,10,10,
ATT202412002597,STU002597,SCH016,2024-12-01,11,11,
ATT202412002598,STU002598,SCH040,2024-12-01,11,11,
ATT202412002599,STU002599,SCH013,2024-12-01,15,13,Other
ATT202412002600,STU002600,SCH030,2024-12-01,14,14,
ATT202412002601,STU002601,SCH017,2024-12-01,10,10,
ATT202412002602,STU002602,SCH009,2024-12-01,11,11,
ATT202412002603,STU002603,SCH022,2024-12-01,11,10,Family
ATT202412002604,STU002604,SCH037,2024-12-01,13,13,
ATT202412002605,STU002605,SCH006,2024-12-01,10,10,
ATT202412002606,STU002606,SCH006,2024-12-01,10,9,Other
ATT202412002607,STU002607,SCH003,2024-12-01,14,13,Unauthorised
ATT202412002608,STU002608,SCH022,2024-12-01,11,10,Illness
ATT202412002609,STU002609,SCH022,2024-12-01,10,8,Family
ATT202412002610,STU002610,SCH016,2024-12-01,10,9,Unauthorised
ATT202412002611,STU002611,SCH006,2024-12-01,12,11,Other
ATT202412002612,STU002612,SCH016,2024-12-01,10,9,Family
ATT202412002613,STU002613,SCH037,2024-12-01,12,10,Medical
ATT202412002614,STU002614,SCH035,2024-12-01,15,14,Family
ATT202412002615,STU002615,SCH027,2024-12-01,10,8,Other
ATT202412002616,STU002616,SCH005,2024-12-01,13,12,Medical
ATT202412002617,STU002617,SCH045,2024-12-01,12,11,Other
ATT202412002618,STU002618,SCH013,2024-12-01,10,9,Medical
ATT202412002619,STU002619,SCH030,2024-12-01,11,11,
ATT202412002620,STU002620,SCH006,2024-12-01,14,13,Illness
ATT202412002621,STU002621,SCH034,2024-12-01,10,10,
ATT202412002622,STU002622,SCH048,2024-12-01,13,12,Unauthorised
ATT202412002623,STU002623,SCH033,2024-12-01,14,12,Illness
ATT202412002624,STU002624,SCH001,2024-12-01,13,11,Other
ATT202412002625,STU002625,SCH048,2024-12-01,13,12,Illness
ATT202412002626,STU002626,SCH018,2024-12-01,11,11,
ATT202412002627,STU002627,SCH011,2024-12-01,10,9,Medical
ATT202412002628,STU002628,SCH046,2024-12-01,14,12,Unauthorised
ATT202412002629,STU002629,SCH041,2024-12-01,11,10,Medical
ATT202412002630,STU002630,SCH032,2024-12-01,11,10,Family
ATT202412002631,STU002631,SCH026,2024-12-01,14,13,Illness
ATT202412002632,STU002632,SCH011,2024-12-01,10,9,Other
ATT202412002633,STU002633,SCH023,2024-12-01,13,11,Illness
ATT202412002634,STU002634,SCH036,2024-12-01,10,10,
ATT202412002635,STU002635,SCH026,2024-12-01,12,11,Family
ATT202412002636,STU002636,SCH002,2024-12-01,13,11,Family
ATT202412002637,STU002637,SCH006,2024-12-01,15,14,Illness
ATT202412002638,STU002638,SCH011,2024-12-01,15,14,Unauthorised
ATT202412002639,STU002639,SCH029,2024-12-01,15,14,Illness
ATT202412002640,STU002640,SCH005,2024-12-01,14,13,Unauthorised
ATT202412002641,STU002641,SCH026,2024-12-01,14,14,
ATT202412002642,STU002642,SCH001,2024-12-01,14,12,Family
ATT202412002643,STU002643,SCH014,2024-12-01,13,12,Medical
ATT202412002644,STU002644,SCH030,2024-12-01,14,13,Illness
ATT202412002645,STU002645,SCH032,2024-12-01,15,13,Other
ATT202412002646,STU002646,SCH019,2024-12-01,11,10,Unauthorised
ATT202412002647,STU002647,SCH023,2024-12-01,10,9,Unauthorised
ATT202412002648,STU002648,SCH005,2024-12-01,10,10,
ATT202412002649,STU002649,SCH042,2024-12-01,14,12,Illness
ATT202412002650,STU002650,SCH046,2024-12-01,13,12,Medical
ATT202412002651,STU002651,SCH018,2024-12-01,10,9,Unauthorised
ATT202412002652,STU002652,SCH002,2024-12-01,13,11,Other
ATT202412002653,STU002653,SCH015,2024-12-01,13,12,Unauthorised
ATT202412002654,STU002654,SCH027,2024-12-01,13,12,Other
ATT202412002655,STU002655,SCH036,2024-12-01,12,11,Unauthorised
ATT202412002656,STU002656,SCH029,2024-12-01,13,12,Family
ATT202412002657,STU002657,SCH023,2024-12-01,12,10,Medical
ATT202412002658,STU002658,SCH039,2024-12-01,15,13,Family
ATT202412002659,STU002659,SCH006,2024-12-01,15,14,Other
ATT202412002660,STU002660,SCH037,2024-12-01,13,13,
ATT202412002661,STU002661,SCH043,2024-12-01,11,10,Illness
ATT202412002662,STU002662,SCH010,2024-12-01,15,13,Other
ATT202412002663,STU002663,SCH021,2024-12-01,13,12,Other
ATT202412002664,STU002664,SCH041,2024-12-01,10,10,
ATT202412002665,STU002665,SCH012,2024-12-01,10,9,Family
ATT202412002666,STU002666,SCH045,2024-12-01,13,11,Other
ATT202412002667,STU002667,SCH031,2024-12-01,13,13,
ATT202412002668,STU002668,SCH027,2024-12-01,15,14,Illness
ATT202412002669,STU002669,SCH033,2024-12-01,10,9,Unauthorised
ATT202412002670,STU002670,SCH043,2024-12-01,10,9,Medical
ATT202412002671,STU002671,SCH047,2024-12-01,14,13,Unauthorised
ATT202412002672,STU002672,SCH040,2024-12-01,13,12,Medical
ATT202412002673,STU002673,SCH021,2024-12-01,15,14,Unauthorised
ATT202412002674,STU002674,SCH012,2024-12-01,13,11,Illness
ATT202412002675,STU002675,SCH045,2024-12-01,10,9,Illness
ATT202412002676,STU002676,SCH043,2024-12-01,12,11,Unauthorised
ATT202412002677,STU002677,SCH042,2024-12-01,11,9,Family
ATT202412002678,STU002678,SCH037,2024-12-01,14,13,Family
ATT202412002679,STU002679,SCH011,2024-12-01,12,12,
ATT202412002680,STU002680,SCH050,2024-12-01,15,14,Illness
ATT202412002681,STU002681,SCH017,2024-12-01,11,10,Unauthorised
ATT202412002682,STU002682,SCH040,2024-12-01,13,12,Medical
ATT202412002683,STU002683,SCH012,2024-12-01,13,12,Medical
ATT202412002685,STU002685,SCH043,2024-12-01,15,14,Family
ATT202412002686,STU002686,SCH031,2024-12-01,10,9,Unauthorised
ATT202412002687,STU002687,SCH014,2024-12-01,10,10,
ATT202412002688,STU002688,SCH022,2024-12-01,12,10,Unauthorised
ATT202412002689,STU002689,SCH010,2024-12-01,11,10,Family
ATT202412002690,STU002690,SCH009,2024-12-01,14,13,Medical
ATT202412002691,STU002691,SCH027,2024-12-01,12,10,Illness
ATT202412002692,STU002692,SCH047,2024-12-01,11,10,Family
ATT202412002693,STU002693,SCH024,2024-12-01,10,9,Unauthorised
ATT202412002694,STU002694,SCH012,2024-12-01,15,13,Medical
ATT202412002695,STU002695,SCH037,2024-12-01,10,9,Family
ATT202412002696,STU002696,SCH010,2024-12-01,12,12,
ATT202412002697,STU002697,SCH035,2024-12-01,11,10,Family
ATT202412002698,STU002698,SCH008,2024-12-01,15,15,
ATT202412002699,STU002699,SCH025,2024-12-01,13,11,Family
ATT202412002700,STU002700,SCH044,2024-12-01,12,11,Unauthorised
ATT202412002701,STU002701,SCH049,2024-12-01,12,11,Medical
ATT202412002702,STU002702,SCH045,2024-12-01,15,13,Medical
ATT202412002703,STU002703,SCH026,2024-12-01,11,10,Family
ATT202412002704,STU002704,SCH006,2024-12-01,12,12,
ATT202412002705,STU002705,SCH028,2024-12-01,14,13,Other
ATT202412002706,STU002706,SCH043,2024-12-01,12,11,Unauthorised
ATT202412002707,STU002707,SCH049,2024-12-01,14,14,
ATT202412002708,STU002708,SCH020,2024-12-01,14,12,Family
ATT202412002709,STU002709,SCH043,2024-12-01,15,14,Medical
ATT202412002710,STU002710,SCH001,2024-12-01,14,12,Other
ATT202412002711,STU002711,SCH040,2024-12-01,11,9,Other
ATT202412002712,STU002712,SCH013,2024-12-01,15,14,Medical
ATT202412002713,STU002713,SCH050,2024-12-01,14,12,Family
ATT202412002714,STU002714,SCH012,2024-12-01,15,14,Medical
ATT202412002715,STU002715,SCH025,2024-12-01,15,15,
ATT202412002716,STU002716,SCH012,2024-12-01,15,14,Other
ATT202412002717,STU002717,SCH032,2024-12-01,15,14,Unauthorised
ATT202412002718,STU002718,SCH017,2024-12-01,13,10,Medical
ATT202412002719,STU002719,SCH006,2024-12-01,10,9,Illness
ATT202412002720,STU002720,SCH041,2024-12-01,12,12,
ATT202412002721,STU002721,SCH041,2024-12-01,12,11,Illness
ATT202412002722,STU002722,SCH024,2024-12-01,13,13,
ATT202412002723,STU002723,SCH020,2024-12-01,13,12,Family
ATT202412002724,STU002724,SCH009,2024-12-01,12,11,Other
ATT202412002725,STU002725,SCH023,2024-12-01,15,14,Illness
ATT202412002726,STU002726,SCH041,2024-12-01,14,12,Other
ATT202412002727,STU002727,SCH024,2024-12-01,10,9,Unauthorised
ATT202412002728,STU002728,SCH004,2024-12-01,10,9,Family
ATT202412002729,STU002729,SCH003,2024-12-01,13,12,Unauthorised
ATT202412002730,STU002730,SCH008,2024-12-01,11,10,Illness
ATT202412002731,STU002731,SCH025,2024-12-01,11,10,Medical
ATT202412002732,STU002732,SCH018,2024-12-01,15,14,Illness
ATT202412002733,STU002733,SCH002,2024-12-01,13,12,Medical
ATT202412002734,STU002734,SCH046,2024-12-01,14,14,
ATT202412002735,STU002735,SCH036,2024-12-01,13,12,Other
ATT202412002736,STU002736,SCH049,2024-12-01,12,10,Other
ATT202412002737,STU002737,SCH021,2024-12-01,12,11,Family
ATT202412002738,STU002738,SCH015,2024-12-01,12,11,Illness
ATT202412002739,STU002739,SCH034,2024-12-01,10,9,Unauthorised
ATT202412002740,STU002740,SCH018,2024-12-01,12,11,Other
ATT202412002741,STU002741,SCH038,2024-12-01,12,11,Illness
ATT202412002742,STU002742,SCH033,2024-12-01,12,11,Family
ATT202412002743,STU002743,SCH048,2024-12-01,11,11,
ATT202412002744,STU002744,SCH036,2024-12-01,14,13,Family
ATT202412002745,STU002745,SCH032,2024-12-01,10,9,Other
ATT202412002746,STU002746,SCH021,2024-12-01,14,13,Illness
ATT202412002747,STU002747,SCH005,2024-12-01,15,14,Unauthorised
ATT202412002748,STU002748,SCH011,2024-12-01,14,13,Other
ATT202412002749,STU002749,SCH005,2024-12-01,15,14,Illness
ATT202412002750,STU002750,SCH048,2024-12-01,10,9,Other
ATT202412002751,STU002751,SCH034,2024-12-01,11,9,Unauthorised
ATT202412002752,STU002752,SCH038,2024-12-01,10,9,Other
ATT202412002753,STU002753,SCH022,2024-12-01,15,13,Medical
ATT202412002754,STU002754,SCH030,2024-12-01,10,9,Other
ATT202412002755,STU002755,SCH038,2024-12-01,14,13,Family
ATT202412002756,STU002756,SCH015,2024-12-01,10,10,
ATT202412002757,STU002757,SCH022,2024-12-01,12,12,
ATT202412002758,STU002758,SCH019,2024-12-01,14,13,Family
ATT202412002759,STU002759,SCH004,2024-12-01,11,10,Family
ATT202412002760,STU002760,SCH004,2024-12-01,15,14,Unauthorised
ATT202412002761,STU002761,SCH003,2024-12-01,14,14,
ATT202412002762,STU002762,SCH002,2024-12-01,14,11,Illness
ATT202412002763,STU002763,SCH001,2024-12-01,14,12,Family
ATT202412002764,STU002764,SCH008,2024-12-01,12,11,Unauthorised
ATT202412002765,STU002765,SCH003,2024-12-01,15,13,Illness
ATT202412002766,STU002766,SCH021,2024-12-01,14,11,Unauthorised
ATT202412002767,STU002767,SCH048,2024-12-01,14,13,Unauthorised
ATT202412002769,STU002769,SCH008,2024-12-01,11,10,Illness
ATT202412002770,STU002770,SCH002,2024-12-01,10,8,Illness
ATT202412002771,STU002771,SCH016,2024-12-01,13,11,Other
ATT202412002772,STU002772,SCH045,2024-12-01,12,11,Family
ATT202412002773,STU002773,SCH047,2024-12-01,15,15,
ATT202412002774,STU002774,SCH034,2024-12-01,14,12,Illness
ATT202412002775,STU002775,SCH044,2024-12-01,13,11,Other
ATT202412002776,STU002776,SCH018,2024-12-01,12,11,Illness
ATT202412002777,STU002777,SCH033,2024-12-01,15,14,Other
ATT202412002778,STU002778,SCH044,2024-12-01,10,8,Family
ATT202412002779,STU002779,SCH024,2024-12-01,13,11,Family
ATT202412002780,STU002780,SCH013,2024-12-01,14,14,
ATT202412002781,STU002781,SCH031,2024-12-01,13,12,Medical
ATT202412002782,STU002782,SCH019,2024-12-01,11,10,Unauthorised
ATT202412002783,STU002783,SCH050,2024-12-01,15,13,Unauthorised
ATT202412002784,STU002784,SCH025,2024-12-01,14,13,Unauthorised
ATT202412002785,STU002785,SCH043,2024-12-01,14,12,Unauthorised
ATT202412002786,STU002786,SCH019,2024-12-01,11,10,Unauthorised
ATT202412002787,STU002787,SCH038,2024-12-01,10,10,
ATT202412002788,STU002788,SCH039,2024-12-01,10,9,Illness
ATT202412002789,STU002789,SCH024,2024-12-01,12,11,Unauthorised
ATT202412002790,STU002790,SCH044,2024-12-01,10,9,Medical
ATT202412002791,STU002791,SCH035,2024-12-01,13,11,Family
ATT202412002792,STU002792,SCH043,2024-12-01,10,9,Medical
ATT202412002793,STU002793,SCH035,2024-12-01,14,12,Unauthorised
ATT202412002795,STU002795,SCH025,2024-12-01,10,9,Family
ATT202412002796,STU002796,SCH036,2024-12-01,12,11,Family
ATT202412002797,STU002797,SCH049,2024-12-01,15,14,Family
ATT202412002798,STU002798,SCH027,2024-12-01,11,10,Unauthorised
ATT202412002799,STU002799,SCH038,2024-12-01,14,12,Illness
ATT202412002800,STU002800,SCH003,2024-12-01,10,9,Medical
ATT202412002801,STU002801,SCH019,2024-12-01,10,9,Unauthorised
ATT202412002802,STU002802,SCH009,2024-12-01,14,13,Medical
ATT202412002803,STU002803,SCH043,2024-12-01,14,13,Unauthorised
ATT202412002804,STU002804,SCH031,2024-12-01,13,13,
ATT202412002805,STU002805,SCH022,2024-12-01,15,12,Family
ATT202412002806,STU002806,SCH012,2024-12-01,14,13,Medical
ATT202412002807,STU002807,SCH040,2024-12-01,12,11,Unauthorised
ATT202412002808,STU002808,SCH048,2024-12-01,12,11,Medical
ATT202412002809,STU002809,SCH008,2024-12-01,15,14,Unauthorised
ATT202412002810,STU002810,SCH035,2024-12-01,12,12,
ATT202412002811,STU002811,SCH030,2024-12-01,15,14,Other
ATT202412002812,STU002812,SCH007,2024-12-01,13,12,Illness
ATT202412002813,STU002813,SCH003,2024-12-01,14,14,
ATT202412002814,STU002814,SCH004,2024-12-01,11,10,Unauthorised
ATT202412002815,STU002815,SCH009,2024-12-01,14,13,Illness
ATT202412002816,STU002816,SCH017,2024-12-01,13,12,Medical
ATT202412002817,STU002817,SCH029,2024-12-01,10,9,Other
ATT202412002818,STU002818,SCH023,2024-12-01,10,9,Unauthorised
ATT202412002819,STU002819,SCH027,2024-12-01,13,12,Other
ATT202412002820,STU002820,SCH010,2024-12-01,14,12,Illness
ATT202412002821,STU002821,SCH031,2024-12-01,12,11,Illness
ATT202412002822,STU002822,SCH019,2024-12-01,10,9,Illness
ATT202412002823,STU002823,SCH010,2024-12-01,11,9,Unauthorised
ATT202412002824,STU002824,SCH034,2024-12-01,10,9,Illness
ATT202412002825,STU002825,SCH037,2024-12-01,15,13,Illness
ATT202412002826,STU002826,SCH003,2024-12-01,13,12,Other
ATT202412002827,STU002827,SCH034,2024-12-01,15,13,Illness
ATT202412002828,STU002828,SCH021,2024-12-01,10,9,Medical
ATT202412002829,STU002829,SCH044,2024-12-01,13,12,Medical
ATT202412002830,STU002830,SCH048,2024-12-01,10,9,Unauthorised
ATT202412002831,STU002831,SCH046,2024-12-01,10,10,
ATT202412002832,STU002832,SCH035,2024-12-01,12,11,Medical
ATT202412002833,STU002833,SCH041,2024-12-01,15,14,Family
ATT202412002834,STU002834,SCH035,2024-12-01,14,13,Other
ATT202412002835,STU002835,SCH031,2024-12-01,15,14,Other
ATT202412002836,STU002836,SCH005,2024-12-01,13,11,Illness
ATT202412002837,STU002837,SCH047,2024-12-01,12,11,Family
ATT202412002838,STU002838,SCH050,2024-12-01,11,10,Illness
ATT202412002840,STU002840,SCH050,2024-12-01,12,12,
ATT202412002841,STU002841,SCH032,2024-12-01,14,13,Illness
ATT202412002842,STU002842,SCH041,2024-12-01,15,14,Other
ATT202412002843,STU002843,SCH021,2024-12-01,13,12,Family
ATT202412002844,STU002844,SCH044,2024-12-01,12,11,Illness
ATT202412002845,STU002845,SCH016,2024-12-01,12,11,Unauthorised
ATT202412002846,STU002846,SCH033,2024-12-01,12,11,Medical
ATT202412002847,STU002847,SCH004,2024-12-01,11,10,Medical
ATT202412002848,STU002848,SCH013,2024-12-01,14,13,Medical
ATT202412002849,STU002849,SCH048,2024-12-01,13,12,Other
ATT202412002850,STU002850,SCH033,2024-12-01,10,10,
ATT202412002851,STU002851,SCH009,2024-12-01,10,9,Family
ATT202412002852,STU002852,SCH014,2024-12-01,11,10,Family
ATT202412002853,STU002853,SCH023,2024-12-01,12,11,Family
ATT202412002854,STU002854,SCH027,2024-12-01,12,11,Illness
ATT202412002855,STU002855,SCH044,2024-12-01,15,13,Family
ATT202412002856,STU002856,SCH003,2024-12-01,13,12,Unauthorised
ATT202412002857,STU002857,SCH012,2024-12-01,11,10,Medical
ATT202412002858,STU002858,SCH005,2024-12-01,13,12,Other
ATT202412002859,STU002859,SCH028,2024-12-01,12,11,Medical
ATT202412002860,STU002860,SCH019,2024-12-01,12,11,Family
ATT202412002861,STU002861,SCH032,2024-12-01,12,11,Other
ATT202412002862,STU002862,SCH023,2024-12-01,14,13,Medical
ATT202412002863,STU002863,SCH004,2024-12-01,12,11,Unauthorised
ATT202412002864,STU002864,SCH010,2024-12-01,14,12,Family
ATT202412002865,STU002865,SCH048,2024-12-01,13,12,Illness
ATT202412002866,STU002866,SCH007,2024-12-01,13,12,Medical
ATT202412002867,STU002867,SCH044,2024-12-01,14,13,Illness
ATT202412002868,STU002868,SCH010,2024-12-01,10,9,Medical
ATT202412002869,STU002869,SCH024,2024-12-01,15,15,
ATT202412002870,STU002870,SCH005,2024-12-01,12,11,Illness
ATT202412002871,STU002871,SCH047,2024-12-01,14,13,Unauthorised
ATT202412002872,STU002872,SCH018,2024-12-01,15,13,Family
ATT202412002873,STU002873,SCH001,2024-12-01,11,9,Unauthorised
ATT202412002874,STU002874,SCH041,2024-12-01,15,14,Illness
ATT202412002875,STU002875,SCH040,2024-12-01,12,11,Medical
ATT202412002876,STU002876,SCH010,2024-12-01,14,11,Other
ATT202412002877,STU002877,SCH048,2024-12-01,15,13,Family
ATT202412002878,STU002878,SCH048,2024-12-01,11,10,Unauthorised
ATT202412002879,STU002879,SCH037,2024-12-01,15,13,Family
ATT202412002880,STU002880,SCH031,2024-12-01,12,11,Medical
ATT202412002881,STU002881,SCH010,2024-12-01,15,14,Medical
ATT202412002882,STU002882,SCH046,2024-12-01,15,14,Family
ATT202412002883,STU002883,SCH005,2024-12-01,11,11,
ATT202412002884,STU002884,SCH035,2024-12-01,10,9,Unauthorised
ATT202412002885,STU002885,SCH023,2024-12-01,10,9,Unauthorised
ATT202412002886,STU002886,SCH011,2024-12-01,15,14,Illness
ATT202412002887,STU002887,SCH017,2024-12-01,12,10,Other
ATT202412002888,STU002888,SCH037,2024-12-01,15,14,Illness
ATT202412002889,STU002889,SCH034,2024-12-01,11,9,Illness
ATT202412002890,STU002890,SCH013,2024-12-01,13,12,Illness
ATT202412002891,STU002891,SCH012,2024-12-01,10,9,Other
ATT202412002892,STU002892,SCH008,2024-12-01,12,11,Unauthorised
ATT202412002893,STU002893,SCH001,2024-12-01,10,10,
ATT202412002894,STU002894,SCH030,2024-12-01,11,9,Family
ATT202412002895,STU002895,SCH015,2024-12-01,11,11,
ATT202412002897,STU002897,SCH022,2024-12-01,11,9,Other
ATT202412002898,STU002898,SCH040,2024-12-01,10,9,Illness
ATT202412002899,STU002899,SCH014,2024-12-01,12,11,Other
ATT202412002900,STU002900,SCH047,2024-12-01,10,9,Other
ATT202412002901,STU002901,SCH016,2024-12-01,13,11,Medical
ATT202412002902,STU002902,SCH041,2024-12-01,10,9,Illness
ATT202412002903,STU002903,SCH025,2024-12-01,13,11,Other
ATT202412002904,STU002904,SCH001,2024-12-01,11,10,Unauthorised
ATT202412002905,STU002905,SCH024,2024-12-01,14,12,Other
ATT202412002906,STU002906,SCH005,2024-12-01,14,13,Other
ATT202412002907,STU002907,SCH033,2024-12-01,11,9,Illness
ATT202412002908,STU002908,SCH044,2024-12-01,15,14,Unauthorised
ATT202412002909,STU002909,SCH023,2024-12-01,15,14,Unauthorised
ATT202412002910,STU002910,SCH016,2024-12-01,10,9,Illness
ATT202412002911,STU002911,SCH036,2024-12-01,14,13,Family
ATT202412002912,STU002912,SCH002,2024-12-01,14,13,Illness
ATT202412002913,STU002913,SCH003,2024-12-01,13,13,
ATT202412002914,STU002914,SCH031,2024-12-01,10,9,Family
ATT202412002915,STU002915,SCH038,2024-12-01,13,13,
ATT202412002916,STU002916,SCH044,2024-12-01,12,11,Family
ATT202412002917,STU002917,SCH050,2024-12-01,11,10,Unauthorised
ATT202412002918,STU002918,SCH048,2024-12-01,13,12,Other
ATT202412002919,STU002919,SCH010,2024-12-01,14,12,Family
ATT202412002920,STU002920,SCH025,2024-12-01,15,15,
ATT202412002921,STU002921,SCH027,2024-12-01,10,9,Other
ATT202412002922,STU002922,SCH026,2024-12-01,14,12,Other
ATT202412002923,STU002923,SCH027,2024-12-01,11,10,Family
ATT202412002924,STU002924,SCH002,2024-12-01,13,12,Illness
ATT202412002925,STU002925,SCH050,2024-12-01,14,14,
ATT202412002926,STU002926,SCH034,2024-12-01,15,12,Medical
ATT202412002927,STU002927,SCH023,2024-12-01,13,11,Other
ATT202412002928,STU002928,SCH030,2024-12-01,14,13,Unauthorised
ATT202412002929,STU002929,SCH032,2024-12-01,12,11,Other
ATT202412002930,STU002930,SCH049,2024-12-01,10,9,Illness
ATT202412002931,STU002931,SCH015,2024-12-01,11,10,Illness
ATT202412002932,STU002932,SCH038,2024-12-01,10,9,Illness
ATT202412002933,STU002933,SCH022,2024-12-01,14,12,Unauthorised
ATT202412002934,STU002934,SCH037,2024-12-01,11,9,Family
ATT202412002936,STU002936,SCH048,2024-12-01,10,9,Other
ATT202412002937,STU002937,SCH046,2024-12-01,10,9,Medical
ATT202412002938,STU002938,SCH031,2024-12-01,12,9,Illness
ATT202412002939,STU002939,SCH015,2024-12-01,13,12,Family
ATT202412002940,STU002940,SCH006,2024-12-01,15,14,Family
ATT202412002941,STU002941,SCH002,2024-12-01,14,12,Unauthorised
ATT202412002942,STU002942,SCH011,2024-12-01,13,12,Family
ATT202412002943,STU002943,SCH006,2024-12-01,10,9,Unauthorised
ATT202412002944,STU002944,SCH038,2024-12-01,14,13,Other
ATT202412002945,STU002945,SCH043,2024-12-01,14,12,Medical
ATT202412002946,STU002946,SCH010,2024-12-01,15,14,Family
ATT202412002947,STU002947,SCH047,2024-12-01,11,11,
ATT202412002948,STU002948,SCH011,2024-12-01,14,12,Other
ATT202412002949,STU002949,SCH043,2024-12-01,12,11,Family
ATT202412002950,STU002950,SCH026,2024-12-01,10,9,Illness
ATT202412002951,STU002951,SCH049,2024-12-01,10,9,Medical
ATT202412002952,STU002952,SCH014,2024-12-01,13,12,Family
ATT202412002953,STU002953,SCH025,2024-12-01,14,13,Family
ATT202412002954,STU002954,SCH024,2024-12-01,10,8,Family
ATT202412002955,STU002955,SCH007,2024-12-01,10,10,
ATT202412002956,STU002956,SCH005,2024-12-01,10,9,Family
ATT202412002957,STU002957,SCH008,2024-12-01,11,10,Other
ATT202412002958,STU002958,SCH016,2024-12-01,14,14,
ATT202412002959,STU002959,SCH033,2024-12-01,14,13,Medical
ATT202412002960,STU002960,SCH046,2024-12-01,10,10,
ATT202412002961,STU002961,SCH016,2024-12-01,13,12,Family
ATT202412002962,STU002962,SCH036,2024-12-01,11,11,
ATT202412002963,STU002963,SCH025,2024-12-01,10,10,
ATT202412002964,STU002964,SCH020,2024-12-01,15,14,Unauthorised
ATT202412002965,STU002965,SCH011,2024-12-01,15,14,Medical
ATT202412002966,STU002966,SCH022,2024-12-01,15,13,Unauthorised
ATT202412002967,STU002967,SCH021,2024-12-01,13,12,Medical
ATT202412002968,STU002968,SCH014,2024-12-01,13,10,Illness
ATT202412002969,STU002969,SCH037,2024-12-01,10,10,
ATT202412002970,STU002970,SCH019,2024-12-01,15,14,Unauthorised
ATT202412002971,STU002971,SCH012,2024-12-01,14,12,Other
ATT202412002972,STU002972,SCH030,2024-12-01,13,12,Unauthorised
ATT202412002973,STU002973,SCH021,2024-12-01,12,11,Unauthorised
ATT202412002974,STU002974,SCH003,2024-12-01,10,9,Other
ATT202412002975,STU002975,SCH044,2024-12-01,15,14,Unauthorised
ATT202412002976,STU002976,SCH007,2024-12-01,13,12,Family
ATT202412002977,STU002977,SCH028,2024-12-01,14,13,Other
ATT202412002978,STU002978,SCH033,2024-12-01,15,13,Illness
ATT202412002979,STU002979,SCH009,2024-12-01,11,10,Illness
ATT202412002980,STU002980,SCH030,2024-12-01,12,10,Unauthorised
ATT202412002981,STU002981,SCH023,2024-12-01,14,13,Family
ATT202412002982,STU002982,SCH010,2024-12-01,14,13,Medical
ATT202412002983,STU002983,SCH041,2024-12-01,15,15,
ATT202412002984,STU002984,SCH045,2024-12-01,10,9,Unauthorised
ATT202412002985,STU002985,SCH004,2024-12-01,10,9,Family
ATT202412002986,STU002986,SCH050,2024-12-01,15,14,Unauthorised
ATT202412002987,STU002987,SCH023,2024-12-01,15,14,Unauthorised
ATT202412002988,STU002988,SCH012,2024-12-01,15,14,Unauthorised
ATT202412002989,STU002989,SCH043,2024-12-01,12,10,Family
ATT202412002990,STU002990,SCH025,2024-12-01,12,11,Illness
ATT202412002991,STU002991,SCH050,2024-12-01,10,9,Other
ATT202412002992,STU002992,SCH034,2024-12-01,12,9,Other
ATT202412002993,STU002993,SCH025,2024-12-01,14,13,Illness
ATT202412002994,STU002994,SCH034,2024-12-01,15,12,Medical
ATT202412002995,STU002995,SCH020,2024-12-01,10,9,Illness
ATT202412002996,STU002996,SCH050,2024-12-01,15,14,Unauthorised
ATT202412002997,STU002997,SCH005,2024-12-01,11,10,Medical
ATT202412002998,STU002998,SCH010,2024-12-01,12,11,Family
ATT202412002999,STU002999,SCH016,2024-12-01,12,11,Other
ATT202412003000,STU003000,SCH031,2024-12-01,13,11,Illness
ATT202412003001,STU003001,SCH045,2024-12-01,13,11,Illness
ATT202412003002,STU003002,SCH035,2024-12-01,15,12,Other
ATT202412003003,STU003003,SCH033,2024-12-01,10,9,Medical
ATT202412003004,STU003004,SCH045,2024-12-01,15,13,Other
ATT202412003005,STU003005,SCH031,2024-12-01,13,12,Illness
ATT202412003006,STU003006,SCH039,2024-12-01,12,11,Illness
ATT202412003007,STU003007,SCH014,2024-12-01,14,13,Family
ATT202412003008,STU003008,SCH015,2024-12-01,11,10,Illness
ATT202412003009,STU003009,SCH006,2024-12-01,13,12,Other
ATT202412003010,STU003010,SCH047,2024-12-01,13,12,Illness
ATT202412003011,STU003011,SCH037,2024-12-01,15,14,Family
ATT202412003012,STU003012,SCH033,2024-12-01,14,13,Unauthorised
ATT202412003013,STU003013,SCH015,2024-12-01,12,11,Medical
ATT202412003014,STU003014,SCH025,2024-12-01,13,12,Other
ATT202412003015,STU003015,SCH038,2024-12-01,14,13,Family
ATT202412003016,STU003016,SCH038,2024-12-01,12,11,Unauthorised
ATT202412003017,STU003017,SCH008,2024-12-01,13,13,
ATT202412003018,STU003018,SCH023,2024-12-01,15,13,Unauthorised
ATT202412003019,STU003019,SCH011,2024-12-01,10,9,Illness
ATT202412003020,STU003020,SCH004,2024-12-01,14,13,Family
ATT202412003021,STU003021,SCH027,2024-12-01,14,12,Medical
ATT202412003022,STU003022,SCH043,2024-12-01,12,11,Medical
ATT202412003023,STU003023,SCH003,2024-12-01,15,13,Medical
ATT202412003024,STU003024,SCH040,2024-12-01,10,10,
ATT202412003025,STU003025,SCH029,2024-12-01,13,11,Medical
ATT202412003026,STU003026,SCH012,2024-12-01,12,11,Unauthorised
ATT202412003027,STU003027,SCH026,2024-12-01,12,11,Unauthorised
ATT202412003028,STU003028,SCH036,2024-12-01,12,12,
ATT202412003030,STU003030,SCH046,2024-12-01,12,10,Medical
ATT202412003031,STU003031,SCH037,2024-12-01,14,13,Family
ATT202412003032,STU003032,SCH041,2024-12-01,14,13,Unauthorised
ATT202412003033,STU003033,SCH041,2024-12-01,15,13,Medical
ATT202412003034,STU003034,SCH008,2024-12-01,14,13,Medical
ATT202412003035,STU003035,SCH016,2024-12-01,15,13,Other
ATT202412003036,STU003036,SCH005,2024-12-01,10,9,Family
ATT202412003037,STU003037,SCH016,2024-12-01,15,15,
ATT202412003038,STU003038,SCH026,2024-12-01,12,11,Family
ATT202412003039,STU003039,SCH049,2024-12-01,11,9,Unauthorised
ATT202412003040,STU003040,SCH041,2024-12-01,14,13,Other
ATT202412003041,STU003041,SCH006,2024-12-01,10,9,Illness
ATT202412003042,STU003042,SCH025,2024-12-01,10,9,Other
ATT202412003043,STU003043,SCH027,2024-12-01,11,10,Other
ATT202412003044,STU003044,SCH013,2024-12-01,12,12,
ATT202412003045,STU003045,SCH007,2024-12-01,13,12,Family
ATT202412003046,STU003046,SCH010,2024-12-01,11,11,
ATT202412003047,STU003047,SCH033,2024-12-01,10,9,Unauthorised
ATT202412003048,STU003048,SCH045,2024-12-01,14,13,Unauthorised
ATT202412003049,STU003049,SCH041,2024-12-01,14,13,Medical
ATT202412003050,STU003050,SCH041,2024-12-01,15,14,Other
ATT202412003051,STU003051,SCH014,2024-12-01,12,12,
ATT202412003052,STU003052,SCH050,2024-12-01,12,11,Unauthorised
ATT202412003053,STU003053,SCH003,2024-12-01,15,14,Medical
ATT202412003054,STU003054,SCH004,2024-12-01,14,13,Unauthorised
ATT202412003055,STU003055,SCH030,2024-12-01,15,15,
ATT202412003056,STU003056,SCH031,2024-12-01,10,9,Other
ATT202412003057,STU003057,SCH003,2024-12-01,14,12,Other
ATT202412003058,STU003058,SCH016,2024-12-01,13,12,Unauthorised
ATT202412003059,STU003059,SCH003,2024-12-01,15,14,Other
ATT202412003060,STU003060,SCH022,2024-12-01,15,13,Family
ATT202412003061,STU003061,SCH024,2024-12-01,13,11,Medical
ATT202412003062,STU003062,SCH013,2024-12-01,14,13,Family
ATT202412003063,STU003063,SCH040,2024-12-01,11,11,
ATT202412003064,STU003064,SCH025,2024-12-01,13,12,Other
ATT202412003065,STU003065,SCH036,2024-12-01,15,14,Unauthorised
ATT202412003066,STU003066,SCH030,2024-12-01,10,9,Illness
ATT202412003067,STU003067,SCH031,2024-12-01,15,13,Medical
ATT202412003068,STU003068,SCH044,2024-12-01,11,10,Family
ATT202412003069,STU003069,SCH008,2024-12-01,10,9,Other
ATT202412003071,STU003071,SCH040,2024-12-01,10,9,Medical
ATT202412003072,STU003072,SCH044,2024-12-01,10,9,Illness
ATT202412003073,STU003073,SCH043,2024-12-01,14,13,Unauthorised
ATT202412003074,STU003074,SCH050,2024-12-01,14,12,Family
ATT202412003075,STU003075,SCH027,2024-12-01,11,10,Medical
ATT202412003076,STU003076,SCH014,2024-12-01,12,11,Family
ATT202412003077,STU003077,SCH029,2024-12-01,15,14,Medical
ATT202412003078,STU003078,SCH012,2024-12-01,10,9,Other
ATT202412003079,STU003079,SCH011,2024-12-01,11,10,Other
ATT202412003080,STU003080,SCH018,2024-12-01,13,13,
ATT202412003081,STU003081,SCH029,2024-12-01,13,11,Medical
ATT202412003082,STU003082,SCH042,2024-12-01,15,13,Illness
ATT202412003083,STU003083,SCH002,2024-12-01,14,12,Family
ATT202412003084,STU003084,SCH041,2024-12-01,12,11,Unauthorised
ATT202412003085,STU003085,SCH026,2024-12-01,10,10,
ATT202412003086,STU003086,SCH024,2024-12-01,12,11,Illness
ATT202412003087,STU003087,SCH022,2024-12-01,11,10,Unauthorised
ATT202412003088,STU003088,SCH046,2024-12-01,14,13,Other
ATT202412003089,STU003089,SCH029,2024-12-01,12,11,Medical
ATT202412003090,STU003090,SCH045,2024-12-01,11,10,Family
ATT202412003091,STU003091,SCH027,2024-12-01,12,11,Unauthorised
ATT202412003092,STU003092,SCH037,2024-12-01,13,13,
ATT202412003093,STU003093,SCH007,2024-12-01,12,11,Illness
ATT202412003094,STU003094,SCH030,2024-12-01,14,13,Family
ATT202412003095,STU003095,SCH018,2024-12-01,12,11,Family
ATT202412003096,STU003096,SCH004,2024-12-01,11,10,Other
ATT202412003097,STU003097,SCH007,2024-12-01,12,11,Family
ATT202412003098,STU003098,SCH038,2024-12-01,10,9,Illness
ATT202412003099,STU003099,SCH007,2024-12-01,12,11,Other
ATT202412003100,STU003100,SCH039,2024-12-01,14,13,Unauthorised
ATT202412003101,STU003101,SCH043,2024-12-01,11,10,Unauthorised
ATT202412003102,STU003102,SCH025,2024-12-01,10,10,
ATT202412003103,STU003103,SCH040,2024-12-01,14,13,Medical
ATT202412003104,STU003104,SCH042,2024-12-01,15,13,Unauthorised
ATT202412003105,STU003105,SCH013,2024-12-01,14,12,Other
ATT202412003106,STU003106,SCH027,2024-12-01,11,10,Medical
ATT202412003107,STU003107,SCH049,2024-12-01,10,9,Illness
ATT202412003108,STU003108,SCH019,2024-12-01,10,10,
ATT202412003109,STU003109,SCH044,2024-12-01,13,11,Unauthorised
ATT202412003110,STU003110,SCH022,2024-12-01,12,10,Unauthorised
ATT202412003111,STU003111,SCH031,2024-12-01,14,13,Unauthorised
ATT202412003112,STU003112,SCH014,2024-12-01,10,9,Other
ATT202412003113,STU003113,SCH025,2024-12-01,13,12,Family
ATT202412003114,STU003114,SCH021,2024-12-01,11,10,Family
ATT202412003115,STU003115,SCH047,2024-12-01,13,12,Illness
ATT202412003116,STU003116,SCH020,2024-12-01,15,14,Family
ATT202412003117,STU003117,SCH035,2024-12-01,15,13,Unauthorised
ATT202412003118,STU003118,SCH028,2024-12-01,13,13,
ATT202412003119,STU003119,SCH031,2024-12-01,14,13,Illness
ATT202412003120,STU003120,SCH015,2024-12-01,12,12,
ATT202412003121,STU003121,SCH036,2024-12-01,12,11,Unauthorised
ATT202412003122,STU003122,SCH011,2024-12-01,15,13,Illness
ATT202412003123,STU003123,SCH037,2024-12-01,15,14,Illness
ATT202412003124,STU003124,SCH039,2024-12-01,11,11,
ATT202412003125,STU003125,SCH046,2024-12-01,13,12,Unauthorised
ATT202412003126,STU003126,SCH046,2024-12-01,13,12,Illness
ATT202412003127,STU003127,SCH005,2024-12-01,15,14,Family
ATT202412003128,STU003128,SCH022,2024-12-01,12,10,Unauthorised
ATT202412003129,STU003129,SCH032,2024-12-01,13,11,Illness
ATT202412003130,STU003130,SCH019,2024-12-01,13,12,Family
ATT202412003131,STU003131,SCH030,2024-12-01,10,9,Unauthorised
ATT202412003132,STU003132,SCH039,2024-12-01,12,11,Other
ATT202412003133,STU003133,SCH050,2024-12-01,14,13,Illness
ATT202412003134,STU003134,SCH012,2024-12-01,13,12,Family
ATT202412003135,STU003135,SCH013,2024-12-01,10,9,Other
ATT202412003136,STU003136,SCH041,2024-12-01,11,11,
ATT202412003137,STU003137,SCH048,2024-12-01,12,11,Medical
ATT202412003138,STU003138,SCH049,2024-12-01,11,9,Other
ATT202412003139,STU003139,SCH038,2024-12-01,12,12,
ATT202412003140,STU003140,SCH014,2024-12-01,10,9,Family
ATT202412003141,STU003141,SCH002,2024-12-01,14,12,Medical
ATT202412003142,STU003142,SCH016,2024-12-01,10,9,Family
ATT202412003143,STU003143,SCH039,2024-12-01,10,10,
ATT202412003144,STU003144,SCH037,2024-12-01,14,13,Other
ATT202412003145,STU003145,SCH034,2024-12-01,12,10,Illness
ATT202412003146,STU003146,SCH012,2024-12-01,11,10,Illness
ATT202412003147,STU003147,SCH012,2024-12-01,11,10,Medical
ATT202412003148,STU003148,SCH025,2024-12-01,13,12,Other
ATT202412003149,STU003149,SCH042,2024-12-01,14,13,Illness
ATT202412003150,STU003150,SCH012,2024-12-01,10,9,Family
ATT202412003151,STU003151,SCH028,2024-12-01,15,14,Unauthorised
ATT202412003152,STU003152,SCH029,2024-12-01,15,14,Family
ATT202412003153,STU003153,SCH003,2024-12-01,12,11,Medical
ATT202412003154,STU003154,SCH045,2024-12-01,15,13,Medical
ATT202412003155,STU003155,SCH018,2024-12-01,10,9,Family
ATT202412003156,STU003156,SCH037,2024-12-01,12,11,Illness
ATT202412003157,STU003157,SCH036,2024-12-01,12,11,Illness
ATT202412003158,STU003158,SCH030,2024-12-01,14,13,Unauthorised
ATT202412003159,STU003159,SCH037,2024-12-01,13,11,Medical
ATT202412003160,STU003160,SCH041,2024-12-01,11,10,Medical
ATT202412003161,STU003161,SCH007,2024-12-01,13,12,Medical
ATT202412003162,STU003162,SCH034,2024-12-01,13,12,Medical
ATT202412003163,STU003163,SCH012,2024-12-01,14,12,Unauthorised
ATT202412003164,STU003164,SCH035,2024-12-01,12,11,Medical
ATT202412003165,STU003165,SCH021,2024-12-01,12,9,Unauthorised
ATT202412003166,STU003166,SCH050,2024-12-01,12,11,Medical
ATT202412003167,STU003167,SCH005,2024-12-01,13,12,Unauthorised
ATT202412003168,STU003168,SCH043,2024-12-01,15,14,Other
ATT202412003169,STU003169,SCH023,2024-12-01,11,10,Illness
ATT202412003170,STU003170,SCH008,2024-12-01,10,9,Family
ATT202412003171,STU003171,SCH015,2024-12-01,10,10,
ATT202412003172,STU003172,SCH019,2024-12-01,13,12,Medical
ATT202412003173,STU003173,SCH026,2024-12-01,13,13,
ATT202412003174,STU003174,SCH043,2024-12-01,12,10,Illness
ATT202412003175,STU003175,SCH006,2024-12-01,12,12,
ATT202412003176,STU003176,SCH005,2024-12-01,15,13,Illness
ATT202412003177,STU003177,SCH007,2024-12-01,11,11,
ATT202412003178,STU003178,SCH047,2024-12-01,13,12,Other
ATT202412003179,STU003179,SCH032,2024-12-01,13,12,Unauthorised
ATT202412003180,STU003180,SCH035,2024-12-01,14,13,Unauthorised
ATT202412003181,STU003181,SCH038,2024-12-01,15,13,Unauthorised
ATT202412003182,STU003182,SCH014,2024-12-01,14,13,Illness
ATT202412003183,STU003183,SCH022,2024-12-01,11,9,Other
ATT202412003184,STU003184,SCH002,2024-12-01,13,12,Family
ATT202412003185,STU003185,SCH039,2024-12-01,11,10,Other
ATT202412003186,STU003186,SCH025,2024-12-01,12,11,Unauthorised
ATT202412003187,STU003187,SCH036,2024-12-01,15,14,Medical
ATT202412003188,STU003188,SCH018,2024-12-01,10,9,Unauthorised
ATT202412003189,STU003189,SCH030,2024-12-01,15,13,Unauthorised
ATT202412003190,STU003190,SCH040,2024-12-01,13,12,Other
ATT202412003191,STU003191,SCH010,2024-12-01,15,14,Unauthorised
ATT202412003192,STU003192,SCH001,2024-12-01,11,8,Family
ATT202412003193,STU003193,SCH024,2024-12-01,12,11,Other
ATT202412003194,STU003194,SCH049,2024-12-01,12,10,Other
ATT202412003195,STU003195,SCH048,2024-12-01,11,10,Illness
ATT202412003196,STU003196,SCH020,2024-12-01,15,14,Unauthorised
ATT202412003197,STU003197,SCH029,2024-12-01,11,10,Family
ATT202412003198,STU003198,SCH050,2024-12-01,12,11,Unauthorised
ATT202412003199,STU003199,SCH048,2024-12-01,13,12,Unauthorised
ATT202412003200,STU003200,SCH004,2024-12-01,13,11,Illness
ATT202412003201,STU003201,SCH028,2024-12-01,14,13,Unauthorised
ATT202412003202,STU003202,SCH021,2024-12-01,15,13,Medical
ATT202412003203,STU003203,SCH012,2024-12-01,15,14,Other
ATT202412003204,STU003204,SCH037,2024-12-01,15,14,Other
ATT202412003205,STU003205,SCH039,2024-12-01,14,13,Illness
ATT202412003206,STU003206,SCH017,2024-12-01,10,8,Medical
ATT202412003207,STU003207,SCH038,2024-12-01,10,9,Other
ATT202412003208,STU003208,SCH017,2024-12-01,14,12,Medical
ATT202412003209,STU003209,SCH031,2024-12-01,10,9,Family
ATT202412003210,STU003210,SCH014,2024-12-01,13,13,
ATT202412003211,STU003211,SCH032,2024-12-01,10,9,Other
ATT202412003212,STU003212,SCH012,2024-12-01,13,12,Family
ATT202412003213,STU003213,SCH031,2024-12-01,10,9,Medical
ATT202412003214,STU003214,SCH041,2024-12-01,14,13,Illness
ATT202412003215,STU003215,SCH049,2024-12-01,13,13,
ATT202412003216,STU003216,SCH012,2024-12-01,15,14,Unauthorised
ATT202412003217,STU003217,SCH033,2024-12-01,14,13,Medical
ATT202412003218,STU003218,SCH008,2024-12-01,15,13,Illness
ATT202412003219,STU003219,SCH032,2024-12-01,12,11,Illness
ATT202412003220,STU003220,SCH018,2024-12-01,12,11,Medical
ATT202412003221,STU003221,SCH035,2024-12-01,12,11,Unauthorised
ATT202412003222,STU003222,SCH019,2024-12-01,10,9,Illness
ATT202412003223,STU003223,SCH011,2024-12-01,11,11,
ATT202412003224,STU003224,SCH045,2024-12-01,12,11,Unauthorised
ATT202412003225,STU003225,SCH004,2024-12-01,10,10,
ATT202412003226,STU003226,SCH010,2024-12-01,10,9,Other
ATT202412003227,STU003227,SCH017,2024-12-01,13,11,Other
ATT202412003228,STU003228,SCH023,2024-12-01,15,13,Family
ATT202412003229,STU003229,SCH027,2024-12-01,13,12,Other
ATT202412003230,STU003230,SCH012,2024-12-01,11,9,Illness
ATT202412003231,STU003231,SCH044,2024-12-01,14,13,Illness
ATT202412003232,STU003232,SCH009,2024-12-01,11,10,Illness
ATT202412003233,STU003233,SCH010,2024-12-01,11,11,
ATT202412003234,STU003234,SCH036,2024-12-01,12,11,Family
ATT202412003235,STU003235,SCH010,2024-12-01,14,13,Medical
ATT202412003236,STU003236,SCH032,2024-12-01,11,10,Family
ATT202412003237,STU003237,SCH037,2024-12-01,12,11,Medical
ATT202412003238,STU003238,SCH015,2024-12-01,13,11,Other
ATT202412003239,STU003239,SCH040,2024-12-01,13,13,
ATT202412003240,STU003240,SCH025,2024-12-01,15,13,Medical
ATT202412003242,STU003242,SCH004,2024-12-01,15,15,
ATT202412003243,STU003243,SCH001,2024-12-01,14,13,Illness
ATT202412003244,STU003244,SCH005,2024-12-01,10,9,Unauthorised
ATT202412003245,STU003245,SCH042,2024-12-01,12,12,
ATT202412003246,STU003246,SCH044,2024-12-01,10,9,Other
ATT202412003247,STU003247,SCH035,2024-12-01,14,12,Family
ATT202412003248,STU003248,SCH038,2024-12-01,10,9,Other
ATT202412003249,STU003249,SCH001,2024-12-01,13,11,Family
ATT202412003250,STU003250,SCH030,2024-12-01,15,14,Other
ATT202412003251,STU003251,SCH005,2024-12-01,10,9,Other
ATT202412003252,STU003252,SCH031,2024-12-01,11,9,Medical
ATT202412003253,STU003253,SCH038,2024-12-01,11,10,Family
ATT202412003254,STU003254,SCH004,2024-12-01,10,9,Family
ATT202412003255,STU003255,SCH011,2024-12-01,13,12,Other
ATT202412003256,STU003256,SCH007,2024-12-01,13,11,Illness
ATT202412003257,STU003257,SCH033,2024-12-01,13,12,Family
ATT202412003258,STU003258,SCH002,2024-12-01,14,13,Family
ATT202412003259,STU003259,SCH029,2024-12-01,15,14,Illness
ATT202412003260,STU003260,SCH006,2024-12-01,12,11,Family
ATT202412003261,STU003261,SCH015,2024-12-01,14,12,Medical
ATT202412003262,STU003262,SCH005,2024-12-01,10,9,Other
ATT202412003263,STU003263,SCH012,2024-12-01,13,12,Family
ATT202412003264,STU003264,SCH049,2024-12-01,13,11,Family
ATT202412003265,STU003265,SCH030,2024-12-01,13,11,Unauthorised
ATT202412003266,STU003266,SCH036,2024-12-01,13,12,Illness
ATT202412003267,STU003267,SCH013,2024-12-01,11,10,Family
ATT202412003268,STU003268,SCH036,2024-12-01,15,14,Family
ATT202412003269,STU003269,SCH049,2024-12-01,12,11,Other
ATT202412003270,STU003270,SCH024,2024-12-01,13,12,Medical
ATT202412003271,STU003271,SCH024,2024-12-01,15,13,Family
ATT202412003272,STU003272,SCH022,2024-12-01,13,11,Medical
ATT202412003273,STU003273,SCH027,2024-12-01,14,13,Family
ATT202412003274,STU003274,SCH012,2024-12-01,13,11,Medical
ATT202412003275,STU003275,SCH009,2024-12-01,11,10,Family
ATT202412003276,STU003276,SCH016,2024-12-01,12,11,Medical
ATT202412003277,STU003277,SCH037,2024-12-01,13,12,Other
ATT202412003278,STU003278,SCH003,2024-12-01,11,10,Family
ATT202412003279,STU003279,SCH019,2024-12-01,13,12,Family
ATT202412003280,STU003280,SCH024,2024-12-01,12,10,Unauthorised
ATT202412003281,STU003281,SCH044,2024-12-01,12,11,Illness
ATT202412003282,STU003282,SCH050,2024-12-01,13,12,Other
ATT202412003283,STU003283,SCH029,2024-12-01,10,10,
ATT202412003284,STU003284,SCH009,2024-12-01,10,9,Illness
ATT202412003285,STU003285,SCH025,2024-12-01,11,10,Family
ATT202412003286,STU003286,SCH013,2024-12-01,15,14,Illness
ATT202412003287,STU003287,SCH040,2024-12-01,14,12,Illness
ATT202412003288,STU003288,SCH001,2024-12-01,14,12,Family
ATT202412003289,STU003289,SCH013,2024-12-01,11,10,Illness
ATT202412003290,STU003290,SCH043,2024-12-01,14,13,Family
ATT202412003291,STU003291,SCH018,2024-12-01,10,9,Illness
ATT202412003292,STU003292,SCH010,2024-12-01,12,11,Unauthorised
ATT202412003293,STU003293,SCH046,2024-12-01,12,11,Medical
ATT202412003294,STU003294,SCH017,2024-12-01,13,11,Medical
ATT202412003295,STU003295,SCH007,2024-12-01,10,9,Other
ATT202412003296,STU003296,SCH030,2024-12-01,11,10,Illness
ATT202412003297,STU003297,SCH011,2024-12-01,11,10,Family
ATT202412003298,STU003298,SCH034,2024-12-01,14,11,Other
ATT202412003299,STU003299,SCH034,2024-12-01,15,13,Medical
ATT202412003300,STU003300,SCH034,2024-12-01,11,10,Family
ATT202412003301,STU003301,SCH005,2024-12-01,11,10,Other
ATT202412003302,STU003302,SCH028,2024-12-01,12,11,Family
ATT202412003303,STU003303,SCH001,2024-12-01,15,14,Family
ATT202412003304,STU003304,SCH025,2024-12-01,12,11,Illness
ATT202412003305,STU003305,SCH038,2024-12-01,12,11,Illness
ATT202412003306,STU003306,SCH006,2024-12-01,10,9,Illness
ATT202412003307,STU003307,SCH021,2024-12-01,12,11,Unauthorised
ATT202412003308,STU003308,SCH030,2024-12-01,11,10,Family
ATT202412003309,STU003309,SCH047,2024-12-01,13,12,Unauthorised
ATT202412003310,STU003310,SCH030,2024-12-01,14,13,Medical
ATT202412003311,STU003311,SCH019,2024-12-01,11,11,
ATT202412003312,STU003312,SCH046,2024-12-01,10,8,Other
ATT202412003313,STU003313,SCH030,2024-12-01,12,11,Other
ATT202412003314,STU003314,SCH014,2024-12-01,14,12,Medical
ATT202412003315,STU003315,SCH038,2024-12-01,15,14,Illness
ATT202412003316,STU003316,SCH014,2024-12-01,13,12,Medical
ATT202412003317,STU003317,SCH017,2024-12-01,12,10,Medical
ATT202412003318,STU003318,SCH041,2024-12-01,10,9,Other
ATT202412003319,STU003319,SCH023,2024-12-01,10,9,Unauthorised
ATT202412003320,STU003320,SCH043,2024-12-01,10,9,Family
ATT202412003321,STU003321,SCH039,2024-12-01,14,13,Medical
ATT202412003322,STU003322,SCH050,2024-12-01,11,9,Medical
ATT202412003323,STU003323,SCH001,2024-12-01,14,12,Family
ATT202412003324,STU003324,SCH018,2024-12-01,11,10,Illness
ATT202412003325,STU003325,SCH018,2024-12-01,13,12,Other
ATT202412003326,STU003326,SCH026,2024-12-01,12,11,Other
ATT202412003327,STU003327,SCH013,2024-12-01,14,13,Other
ATT202412003328,STU003328,SCH010,2024-12-01,13,12,Illness
ATT202412003329,STU003329,SCH018,2024-12-01,12,11,Family
ATT202412003330,STU003330,SCH049,2024-12-01,13,12,Family
ATT202412003331,STU003331,SCH022,2024-12-01,14,12,Family
ATT202412003332,STU003332,SCH029,2024-12-01,10,9,Medical
ATT202412003333,STU003333,SCH033,2024-12-01,15,14,Family
ATT202412003335,STU003335,SCH028,2024-12-01,11,10,Medical
ATT202412003336,STU003336,SCH044,2024-12-01,12,11,Medical
ATT202412003337,STU003337,SCH005,2024-12-01,15,14,Medical
ATT202412003338,STU003338,SCH004,2024-12-01,14,13,Unauthorised
ATT202412003339,STU003339,SCH008,2024-12-01,11,10,Medical
ATT202412003340,STU003340,SCH026,2024-12-01,11,9,Medical
ATT202412003341,STU003341,SCH011,2024-12-01,13,12,Family
ATT202412003342,STU003342,SCH024,2024-12-01,15,13,Unauthorised
ATT202412003343,STU003343,SCH025,2024-12-01,10,9,Family
ATT202412003344,STU003344,SCH040,2024-12-01,13,12,Unauthorised
ATT202412003345,STU003345,SCH029,2024-12-01,13,12,Family
ATT202412003346,STU003346,SCH033,2024-12-01,13,12,Other
ATT202412003347,STU003347,SCH038,2024-12-01,11,11,
ATT202412003348,STU003348,SCH037,2024-12-01,12,11,Other
ATT202412003349,STU003349,SCH046,2024-12-01,15,13,Family
ATT202412003350,STU003350,SCH016,2024-12-01,10,9,Other
ATT202412003351,STU003351,SCH030,2024-12-01,13,13,
ATT202412003352,STU003352,SCH013,2024-12-01,13,12,Medical
ATT202412003353,STU003353,SCH002,2024-12-01,10,9,Family
ATT202412003354,STU003354,SCH016,2024-12-01,14,13,Family
ATT202412003355,STU003355,SCH031,2024-12-01,11,10,Illness
ATT202412003356,STU003356,SCH047,2024-12-01,15,14,Other
ATT202412003357,STU003357,SCH022,2024-12-01,15,13,Illness
ATT202412003358,STU003358,SCH037,2024-12-01,15,14,Other
ATT202412003359,STU003359,SCH006,2024-12-01,13,12,Medical
ATT202412003360,STU003360,SCH019,2024-12-01,14,13,Family
ATT202412003361,STU003361,SCH050,2024-12-01,14,13,Other
ATT202412003362,STU003362,SCH010,2024-12-01,11,11,
ATT202412003363,STU003363,SCH047,2024-12-01,11,11,
ATT202412003364,STU003364,SCH032,2024-12-01,15,13,Medical
ATT202412003365,STU003365,SCH025,2024-12-01,15,14,Family
ATT202412003366,STU003366,SCH043,2024-12-01,10,9,Illness
ATT202412003367,STU003367,SCH046,2024-12-01,10,8,Medical
ATT202412003368,STU003368,SCH029,2024-12-01,14,12,Medical
ATT202412003369,STU003369,SCH016,2024-12-01,13,12,Family
ATT202412003370,STU003370,SCH019,2024-12-01,15,13,Family
ATT202412003371,STU003371,SCH008,2024-12-01,15,14,Family
ATT202412003372,STU003372,SCH005,2024-12-01,11,10,Other
ATT202412003373,STU003373,SCH032,2024-12-01,14,13,Other
ATT202412003374,STU003374,SCH035,2024-12-01,13,12,Medical
ATT202412003375,STU003375,SCH044,2024-12-01,14,13,Medical
ATT202412003376,STU003376,SCH010,2024-12-01,15,14,Other
ATT202412003377,STU003377,SCH031,2024-12-01,13,11,Family
ATT202412003378,STU003378,SCH048,2024-12-01,13,12,Other
ATT202412003379,STU003379,SCH027,2024-12-01,13,11,Medical
ATT202412003380,STU003380,SCH019,2024-12-01,11,10,Illness
ATT202412003381,STU003381,SCH037,2024-12-01,10,9,Family
ATT202412003382,STU003382,SCH046,2024-12-01,13,11,Family
ATT202412003383,STU003383,SCH046,2024-12-01,13,12,Medical
ATT202412003384,STU003384,SCH026,2024-12-01,14,13,Other
ATT202412003385,STU003385,SCH039,2024-12-01,14,13,Other
ATT202412003386,STU003386,SCH042,2024-12-01,12,10,Family
ATT202412003387,STU003387,SCH046,2024-12-01,14,14,
ATT202412003388,STU003388,SCH014,2024-12-01,13,12,Illness
ATT202412003389,STU003389,SCH016,2024-12-01,12,10,Unauthorised
ATT202412003390,STU003390,SCH041,2024-12-01,12,11,Illness
ATT202412003391,STU003391,SCH039,2024-12-01,10,10,
ATT202412003392,STU003392,SCH040,2024-12-01,14,12,Family
ATT202412003393,STU003393,SCH045,2024-12-01,12,11,Illness
ATT202412003394,STU003394,SCH028,2024-12-01,12,12,
ATT202412003395,STU003395,SCH040,2024-12-01,11,10,Unauthorised
ATT202412003396,STU003396,SCH035,2024-12-01,13,12,Illness
ATT202412003397,STU003397,SCH016,2024-12-01,10,9,Medical
ATT202412003398,STU003398,SCH025,2024-12-01,10,9,Family
ATT202412003399,STU003399,SCH047,2024-12-01,13,12,Medical
ATT202412003400,STU003400,SCH015,2024-12-01,10,9,Unauthorised
ATT202412003401,STU003401,SCH022,2024-12-01,14,13,Illness
ATT202412003402,STU003402,SCH031,2024-12-01,15,14,Family
ATT202412003403,STU003403,SCH021,2024-12-01,13,12,Unauthorised
ATT202412003404,STU003404,SCH047,2024-12-01,11,10,Family
ATT202412003405,STU003405,SCH005,2024-12-01,11,10,Medical
ATT202412003406,STU003406,SCH017,2024-12-01,14,12,Medical
ATT202412003407,STU003407,SCH021,2024-12-01,15,13,Family
ATT202412003408,STU003408,SCH003,2024-12-01,14,13,Other
ATT202412003409,STU003409,SCH009,2024-12-01,13,12,Medical
ATT202412003410,STU003410,SCH027,2024-12-01,10,9,Unauthorised
ATT202412003411,STU003411,SCH016,2024-12-01,15,13,Illness
ATT202412003412,STU003412,SCH015,2024-12-01,12,11,Other
ATT202412003413,STU003413,SCH045,2024-12-01,12,11,Unauthorised
ATT202412003414,STU003414,SCH030,2024-12-01,15,14,Illness
ATT202412003415,STU003415,SCH031,2024-12-01,15,13,Illness
ATT202412003416,STU003416,SCH001,2024-12-01,10,8,Illness
ATT202412003417,STU003417,SCH010,2024-12-01,13,12,Medical
ATT202412003418,STU003418,SCH013,2024-12-01,12,12,
ATT202412003419,STU003419,SCH014,2024-12-01,10,9,Medical
ATT202412003420,STU003420,SCH006,2024-12-01,13,12,Unauthorised
ATT202412003421,STU003421,SCH021,2024-12-01,11,10,Family
ATT202412003422,STU003422,SCH008,2024-12-01,11,10,Medical
ATT202412003423,STU003423,SCH006,2024-12-01,11,10,Other
ATT202412003424,STU003424,SCH044,2024-12-01,15,14,Family
ATT202412003425,STU003425,SCH050,2024-12-01,11,10,Unauthorised
ATT202412003426,STU003426,SCH009,2024-12-01,10,9,Other
ATT202412003427,STU003427,SCH047,2024-12-01,10,9,Illness
ATT202412003428,STU003428,SCH030,2024-12-01,10,9,Medical
ATT202412003429,STU003429,SCH048,2024-12-01,10,9,Other
ATT202412003430,STU003430,SCH016,2024-12-01,11,10,Other
ATT202412003431,STU003431,SCH016,2024-12-01,10,9,Other
ATT202412003432,STU003432,SCH006,2024-12-01,12,11,Medical
ATT202412003433,STU003433,SCH001,2024-12-01,13,11,Family
ATT202412003434,STU003434,SCH018,2024-12-01,10,9,Illness
ATT202412003435,STU003435,SCH032,2024-12-01,10,9,Family
ATT202412003436,STU003436,SCH025,2024-12-01,13,12,Other
ATT202412003437,STU003437,SCH017,2024-12-01,10,8,Other
ATT202412003438,STU003438,SCH020,2024-12-01,14,14,
ATT202412003439,STU003439,SCH020,2024-12-01,13,12,Family
ATT202412003440,STU003440,SCH007,2024-12-01,12,11,Illness
ATT202412003441,STU003441,SCH018,2024-12-01,10,9,Unauthorised
ATT202412003442,STU003442,SCH021,2024-12-01,11,9,Illness
ATT202412003443,STU003443,SCH038,2024-12-01,11,10,Illness
ATT202412003444,STU003444,SCH043,2024-12-01,13,11,Other
ATT202412003445,STU003445,SCH026,2024-12-01,13,12,Family
ATT202412003446,STU003446,SCH024,2024-12-01,14,13,Other
ATT202412003447,STU003447,SCH047,2024-12-01,14,13,Family
ATT202412003448,STU003448,SCH048,2024-12-01,14,13,Unauthorised
ATT202412003450,STU003450,SCH007,2024-12-01,14,13,Medical
ATT202412003451,STU003451,SCH030,2024-12-01,10,9,Family
ATT202412003452,STU003452,SCH022,2024-12-01,13,11,Illness
ATT202412003453,STU003453,SCH009,2024-12-01,13,12,Family
ATT202412003454,STU003454,SCH032,2024-12-01,10,9,Unauthorised
ATT202412003455,STU003455,SCH026,2024-12-01,10,9,Illness
ATT202412003456,STU003456,SCH015,2024-12-01,12,11,Illness
ATT202412003457,STU003457,SCH045,2024-12-01,10,9,Other
ATT202412003458,STU003458,SCH001,2024-12-01,12,12,
ATT202412003459,STU003459,SCH001,2024-12-01,14,12,Illness
ATT202412003460,STU003460,SCH005,2024-12-01,14,13,Family
ATT202412003461,STU003461,SCH026,2024-12-01,14,13,Family
ATT202412003462,STU003462,SCH007,2024-12-01,13,12,Family
ATT202412003463,STU003463,SCH037,2024-12-01,12,11,Illness
ATT202412003464,STU003464,SCH012,2024-12-01,14,13,Family
ATT202412003465,STU003465,SCH013,2024-12-01,14,12,Medical
ATT202412003466,STU003466,SCH022,2024-12-01,14,13,Family
ATT202412003467,STU003467,SCH034,2024-12-01,14,12,Unauthorised
ATT202412003468,STU003468,SCH011,2024-12-01,11,10,Illness
ATT202412003469,STU003469,SCH042,2024-12-01,14,12,Illness
ATT202412003470,STU003470,SCH036,2024-12-01,11,10,Other
ATT202412003471,STU003471,SCH028,2024-12-01,12,11,Family
ATT202412003472,STU003472,SCH003,2024-12-01,11,11,
ATT202412003473,STU003473,SCH020,2024-12-01,10,9,Unauthorised
ATT202412003474,STU003474,SCH045,2024-12-01,13,13,
ATT202412003475,STU003475,SCH045,2024-12-01,14,13,Illness
ATT202412003476,STU003476,SCH021,2024-12-01,15,13,Unauthorised
ATT202412003477,STU003477,SCH015,2024-12-01,14,13,Unauthorised
ATT202412003478,STU003478,SCH048,2024-12-01,11,10,Medical
ATT202412003479,STU003479,SCH030,2024-12-01,15,14,Unauthorised
ATT202412003480,STU003480,SCH034,2024-12-01,15,13,Other
ATT202412003481,STU003481,SCH003,2024-12-01,11,10,Medical
ATT202412003482,STU003482,SCH007,2024-12-01,13,12,Medical
ATT202412003483,STU003483,SCH038,2024-12-01,12,12,
ATT202412003484,STU003484,SCH044,2024-12-01,10,8,Illness
ATT202412003485,STU003485,SCH021,2024-12-01,13,12,Unauthorised
ATT202412003486,STU003486,SCH012,2024-12-01,12,11,Other
ATT202412003487,STU003487,SCH045,2024-12-01,12,11,Other
ATT202412003488,STU003488,SCH034,2024-12-01,10,9,Medical
ATT202412003489,STU003489,SCH001,2024-12-01,11,9,Family
ATT202412003490,STU003490,SCH010,2024-12-01,12,12,
ATT202412003491,STU003491,SCH040,2024-12-01,10,10,
ATT202412003492,STU003492,SCH030,2024-12-01,15,14,Unauthorised
ATT202412003493,STU003493,SCH033,2024-12-01,15,13,Other
ATT202412003494,STU003494,SCH046,2024-12-01,10,9,Medical
ATT202412003495,STU003495,SCH010,2024-12-01,12,10,Medical
ATT202412003496,STU003496,SCH038,2024-12-01,15,15,
ATT202412003497,STU003497,SCH034,2024-12-01,13,12,Unauthorised
ATT202412003498,STU003498,SCH009,2024-12-01,12,11,Unauthorised
ATT202412003499,STU003499,SCH023,2024-12-01,13,11,Medical
ATT202412003500,STU003500,SCH019,2024-12-01,14,13,Other
ATT202412003501,STU003501,SCH009,2024-12-01,14,13,Illness
ATT202412003502,STU003502,SCH028,2024-12-01,13,13,
ATT202412003503,STU003503,SCH043,2024-12-01,12,11,Medical
ATT202412003504,STU003504,SCH004,2024-12-01,11,11,
ATT202412003505,STU003505,SCH005,2024-12-01,13,12,Other
ATT202412003506,STU003506,SCH030,2024-12-01,14,12,Family
ATT202412003508,STU003508,SCH048,2024-12-01,15,14,Other
ATT202412003509,STU003509,SCH012,2024-12-01,15,13,Other
ATT202412003510,STU003510,SCH046,2024-12-01,14,13,Medical
ATT202412003511,STU003511,SCH009,2024-12-01,14,13,Other
ATT202412003513,STU003513,SCH033,2024-12-01,12,11,Illness
ATT202412003514,STU003514,SCH019,2024-12-01,14,13,Illness
ATT202412003515,STU003515,SCH027,2024-12-01,14,13,Medical
ATT202412003516,STU003516,SCH043,2024-12-01,11,9,Other
ATT202412003517,STU003517,SCH014,2024-12-01,12,11,Family
ATT202412003518,STU003518,SCH044,2024-12-01,15,12,Medical
ATT202412003519,STU003519,SCH006,2024-12-01,14,13,Family
ATT202412003520,STU003520,SCH006,2024-12-01,10,10,
ATT202412003521,STU003521,SCH044,2024-12-01,12,11,Medical
ATT202412003523,STU003523,SCH032,2024-12-01,11,10,Family
ATT202412003524,STU003524,SCH040,2024-12-01,10,9,Family
ATT202412003525,STU003525,SCH010,2024-12-01,12,10,Medical
ATT202412003526,STU003526,SCH037,2024-12-01,12,11,Other
ATT202412003527,STU003527,SCH034,2024-12-01,13,13,
ATT202412003528,STU003528,SCH041,2024-12-01,12,11,Family
ATT202412003529,STU003529,SCH007,2024-12-01,12,11,Illness
ATT202412003530,STU003530,SCH042,2024-12-01,13,11,Other
ATT202412003531,STU003531,SCH007,2024-12-01,15,14,Other
ATT202412003532,STU003532,SCH006,2024-12-01,12,11,Illness
ATT202412003533,STU003533,SCH017,2024-12-01,15,13,Other
ATT202412003534,STU003534,SCH003,2024-12-01,10,9,Family
ATT202412003535,STU003535,SCH019,2024-12-01,14,13,Unauthorised
ATT202412003536,STU003536,SCH045,2024-12-01,14,12,Family
ATT202412003537,STU003537,SCH036,2024-12-01,15,13,Unauthorised
ATT202412003538,STU003538,SCH012,2024-12-01,11,9,Medical
ATT202412003539,STU003539,SCH002,2024-12-01,10,9,Other
ATT202412003540,STU003540,SCH046,2024-12-01,10,10,
ATT202412003541,STU003541,SCH049,2024-12-01,12,10,Medical
ATT202412003542,STU003542,SCH023,2024-12-01,11,10,Medical
ATT202412003543,STU003543,SCH016,2024-12-01,12,11,Illness
ATT202412003544,STU003544,SCH047,2024-12-01,15,14,Family
ATT202412003545,STU003545,SCH015,2024-12-01,11,11,
ATT202412003546,STU003546,SCH050,2024-12-01,10,9,Other
ATT202412003547,STU003547,SCH048,2024-12-01,14,12,Other
ATT202412003548,STU003548,SCH028,2024-12-01,15,14,Unauthorised
ATT202412003549,STU003549,SCH014,2024-12-01,15,15,
ATT202412003550,STU003550,SCH021,2024-12-01,15,15,
ATT202412003551,STU003551,SCH004,2024-12-01,13,12,Family
ATT202412003552,STU003552,SCH015,2024-12-01,13,12,Illness
ATT202412003553,STU003553,SCH004,2024-12-01,13,12,Medical
ATT202412003554,STU003554,SCH037,2024-12-01,11,10,Illness
ATT202412003555,STU003555,SCH014,2024-12-01,14,14,
ATT202412003556,STU003556,SCH008,2024-12-01,15,13,Illness
ATT202412003557,STU003557,SCH006,2024-12-01,15,14,Medical
ATT202412003558,STU003558,SCH034,2024-12-01,12,11,Unauthorised
ATT202412003559,STU003559,SCH028,2024-12-01,13,13,
ATT202412003561,STU003561,SCH037,2024-12-01,14,13,Medical
ATT202412003562,STU003562,SCH046,2024-12-01,14,14,
ATT202412003563,STU003563,SCH021,2024-12-01,14,14,
ATT202412003564,STU003564,SCH044,2024-12-01,10,9,Unauthorised
ATT202412003565,STU003565,SCH004,2024-12-01,14,12,Family
ATT202412003566,STU003566,SCH015,2024-12-01,10,9,Family
ATT202412003567,STU003567,SCH016,2024-12-01,14,12,Family
ATT202412003568,STU003568,SCH024,2024-12-01,12,10,Other
ATT202412003569,STU003569,SCH031,2024-12-01,15,15,
ATT202412003570,STU003570,SCH026,2024-12-01,13,12,Unauthorised
ATT202412003571,STU003571,SCH014,2024-12-01,13,12,Unauthorised
ATT202412003572,STU003572,SCH048,2024-12-01,11,10,Medical
ATT202412003573,STU003573,SCH001,2024-12-01,11,9,Unauthorised
ATT202412003574,STU003574,SCH043,2024-12-01,15,13,Medical
ATT202412003575,STU003575,SCH043,2024-12-01,12,11,Family
ATT202412003576,STU003576,SCH021,2024-12-01,13,12,Unauthorised
ATT202412003577,STU003577,SCH016,2024-12-01,15,14,Unauthorised
ATT202412003578,STU003578,SCH043,2024-12-01,14,12,Medical
ATT202412003579,STU003579,SCH025,2024-12-01,10,9,Family
ATT202412003580,STU003580,SCH041,2024-12-01,13,11,Illness
ATT202412003581,STU003581,SCH025,2024-12-01,14,13,Illness
ATT202412003582,STU003582,SCH007,2024-12-01,14,13,Medical
ATT202412003583,STU003583,SCH040,2024-12-01,12,12,
ATT202412003584,STU003584,SCH005,2024-12-01,14,13,Unauthorised
ATT202412003585,STU003585,SCH015,2024-12-01,14,13,Illness
ATT202412003586,STU003586,SCH036,2024-12-01,14,13,Other
ATT202412003587,STU003587,SCH033,2024-12-01,11,10,Illness
ATT202412003588,STU003588,SCH047,2024-12-01,11,10,Unauthorised
ATT202412003589,STU003589,SCH049,2024-12-01,11,9,Illness
ATT202412003590,STU003590,SCH034,2024-12-01,14,12,Illness
ATT202412003591,STU003591,SCH007,2024-12-01,13,11,Other
ATT202412003592,STU003592,SCH036,2024-12-01,15,13,Other
ATT202412003593,STU003593,SCH011,2024-12-01,13,12,Family
ATT202412003594,STU003594,SCH040,2024-12-01,12,11,Medical
ATT202412003595,STU003595,SCH027,2024-12-01,13,12,Family
ATT202412003596,STU003596,SCH043,2024-12-01,14,12,Other
ATT202412003597,STU003597,SCH046,2024-12-01,10,9,Family
ATT202412003598,STU003598,SCH018,2024-12-01,15,14,Family
ATT202412003599,STU003599,SCH031,2024-12-01,10,9,Other
ATT202412003600,STU003600,SCH008,2024-12-01,12,12,
ATT202412003601,STU003601,SCH040,2024-12-01,12,11,Illness
ATT202412003602,STU003602,SCH032,2024-12-01,13,12,Unauthorised
ATT202412003603,STU003603,SCH050,2024-12-01,13,12,Medical
ATT202412003604,STU003604,SCH043,2024-12-01,10,9,Family
ATT202412003605,STU003605,SCH049,2024-12-01,15,15,
ATT202412003606,STU003606,SCH041,2024-12-01,11,10,Unauthorised
ATT202412003607,STU003607,SCH007,2024-12-01,14,14,
ATT202412003608,STU003608,SCH007,2024-12-01,11,11,
ATT202412003609,STU003609,SCH015,2024-12-01,10,9,Unauthorised
ATT202412003610,STU003610,SCH029,2024-12-01,13,11,Other
ATT202412003611,STU003611,SCH041,2024-12-01,15,15,
ATT202412003612,STU003612,SCH030,2024-12-01,13,11,Unauthorised
ATT202412003613,STU003613,SCH013,2024-12-01,14,13,Other
ATT202412003614,STU003614,SCH041,2024-12-01,15,14,Family
ATT202412003615,STU003615,SCH008,2024-12-01,11,11,
ATT202412003616,STU003616,SCH013,2024-12-01,12,11,Illness
ATT202412003617,STU003617,SCH018,2024-12-01,14,13,Other
ATT202412003618,STU003618,SCH001,2024-12-01,14,12,Illness
ATT202412003619,STU003619,SCH015,2024-12-01,10,10,
ATT202412003620,STU003620,SCH032,2024-12-01,11,10,Family
ATT202412003621,STU003621,SCH044,2024-12-01,13,12,Illness
ATT202412003622,STU003622,SCH035,2024-12-01,15,14,Other
ATT202412003623,STU003623,SCH016,2024-12-01,13,12,Other
ATT202412003624,STU003624,SCH018,2024-12-01,14,13,Other
ATT202412003625,STU003625,SCH016,2024-12-01,13,11,Illness
ATT202412003626,STU003626,SCH043,2024-12-01,13,12,Other
ATT202412003627,STU003627,SCH043,2024-12-01,12,11,Unauthorised
ATT202412003628,STU003628,SCH010,2024-12-01,13,12,Medical
ATT202412003629,STU003629,SCH046,2024-12-01,15,14,Medical
ATT202412003630,STU003630,SCH016,2024-12-01,13,12,Other
ATT202412003631,STU003631,SCH041,2024-12-01,10,10,
ATT202412003632,STU003632,SCH001,2024-12-01,10,9,Other
ATT202412003633,STU003633,SCH011,2024-12-01,14,13,Other
ATT202412003634,STU003634,SCH015,2024-12-01,12,11,Medical
ATT202412003635,STU003635,SCH007,2024-12-01,12,11,Family
ATT202412003636,STU003636,SCH014,2024-12-01,10,9,Family
ATT202412003637,STU003637,SCH048,2024-12-01,14,13,Family
ATT202412003638,STU003638,SCH050,2024-12-01,11,10,Family
ATT202412003639,STU003639,SCH048,2024-12-01,15,14,Medical
ATT202412003640,STU003640,SCH034,2024-12-01,14,13,Family
ATT202412003641,STU003641,SCH029,2024-12-01,12,11,Family
ATT202412003642,STU003642,SCH043,2024-12-01,12,11,Illness
ATT202412003643,STU003643,SCH016,2024-12-01,12,11,Unauthorised
ATT202412003644,STU003644,SCH021,2024-12-01,10,10,
ATT202412003645,STU003645,SCH034,2024-12-01,14,14,
ATT202412003646,STU003646,SCH001,2024-12-01,14,12,Illness
ATT202412003647,STU003647,SCH001,2024-12-01,13,11,Unauthorised
ATT202412003648,STU003648,SCH032,2024-12-01,12,11,Unauthorised
ATT202412003649,STU003649,SCH019,2024-12-01,13,11,Family
ATT202412003650,STU003650,SCH029,2024-12-01,12,11,Illness
ATT202412003651,STU003651,SCH032,2024-12-01,10,9,Medical
ATT202412003652,STU003652,SCH021,2024-12-01,10,9,Family
ATT202412003653,STU003653,SCH045,2024-12-01,10,9,Family
ATT202412003654,STU003654,SCH013,2024-12-01,11,10,Medical
ATT202412003655,STU003655,SCH025,2024-12-01,12,11,Other
ATT202412003656,STU003656,SCH040,2024-12-01,15,14,Unauthorised
ATT202412003657,STU003657,SCH038,2024-12-01,13,12,Family
ATT202412003658,STU003658,SCH008,2024-12-01,13,12,Medical
ATT202412003659,STU003659,SCH006,2024-12-01,12,11,Family
ATT202412003660,STU003660,SCH015,2024-12-01,12,11,Other
ATT202412003661,STU003661,SCH021,2024-12-01,13,11,Unauthorised
ATT202412003662,STU003662,SCH033,2024-12-01,12,11,Medical
ATT202412003663,STU003663,SCH040,2024-12-01,15,14,Illness
ATT202412003664,STU003664,SCH014,2024-12-01,13,12,Other
ATT202412003665,STU003665,SCH043,2024-12-01,14,12,Unauthorised
ATT202412003666,STU003666,SCH007,2024-12-01,15,15,
ATT202412003667,STU003667,SCH040,2024-12-01,11,10,Other
ATT202412003668,STU003668,SCH030,2024-12-01,13,12,Unauthorised
ATT202412003669,STU003669,SCH039,2024-12-01,11,10,Family
ATT202412003670,STU003670,SCH025,2024-12-01,11,11,
ATT202412003671,STU003671,SCH023,2024-12-01,13,12,Medical
ATT202412003672,STU003672,SCH042,2024-12-01,13,10,Illness
ATT202412003673,STU003673,SCH041,2024-12-01,12,11,Other
ATT202412003674,STU003674,SCH004,2024-12-01,15,14,Unauthorised
ATT202412003675,STU003675,SCH025,2024-12-01,13,12,Unauthorised
ATT202412003676,STU003676,SCH041,2024-12-01,10,9,Unauthorised
ATT202412003677,STU003677,SCH028,2024-12-01,14,13,Unauthorised
ATT202412003678,STU003678,SCH025,2024-12-01,13,13,
ATT202412003679,STU003679,SCH021,2024-12-01,11,10,Illness
ATT202412003680,STU003680,SCH018,2024-12-01,14,13,Illness
ATT202412003681,STU003681,SCH005,2024-12-01,12,11,Medical
ATT202412003682,STU003682,SCH011,2024-12-01,14,12,Family
ATT202412003683,STU003683,SCH003,2024-12-01,14,13,Other
ATT202412003684,STU003684,SCH025,2024-12-01,14,13,Other
ATT202412003685,STU003685,SCH034,2024-12-01,13,12,Unauthorised
ATT202412003686,STU003686,SCH042,2024-12-01,12,10,Illness
ATT202412003687,STU003687,SCH047,2024-12-01,14,14,
ATT202412003688,STU003688,SCH047,2024-12-01,11,10,Medical
ATT202412003689,STU003689,SCH003,2024-12-01,10,10,
ATT202412003690,STU003690,SCH035,2024-12-01,12,10,Medical
ATT202412003691,STU003691,SCH010,2024-12-01,13,12,Illness
ATT202412003692,STU003692,SCH011,2024-12-01,10,9,Other
ATT202412003693,STU003693,SCH035,2024-12-01,11,10,Other
ATT202412003694,STU003694,SCH035,2024-12-01,10,9,Unauthorised
ATT202412003695,STU003695,SCH040,2024-12-01,10,9,Other
ATT202412003696,STU003696,SCH014,2024-12-01,10,9,Other
ATT202412003697,STU003697,SCH009,2024-12-01,11,10,Other
ATT202412003698,STU003698,SCH010,2024-12-01,15,13,Family
ATT202412003699,STU003699,SCH015,2024-12-01,10,9,Medical
ATT202412003700,STU003700,SCH030,2024-12-01,13,11,Illness
ATT202412003701,STU003701,SCH048,2024-12-01,13,12,Unauthorised
ATT202412003702,STU003702,SCH020,2024-12-01,11,10,Family
ATT202412003703,STU003703,SCH032,2024-12-01,13,12,Medical
ATT202412003704,STU003704,SCH029,2024-12-01,12,11,Unauthorised
ATT202412003705,STU003705,SCH045,2024-12-01,10,9,Other
ATT202412003706,STU003706,SCH037,2024-12-01,11,10,Unauthorised
ATT202412003707,STU003707,SCH036,2024-12-01,12,11,Other
ATT202412003708,STU003708,SCH012,2024-12-01,10,9,Other
ATT202412003709,STU003709,SCH013,2024-12-01,10,10,
ATT202412003710,STU003710,SCH012,2024-12-01,12,11,Illness
ATT202412003711,STU003711,SCH014,2024-12-01,15,14,Illness
ATT202412003712,STU003712,SCH030,2024-12-01,11,10,Family
ATT202412003713,STU003713,SCH030,2024-12-01,14,13,Other
ATT202412003714,STU003714,SCH004,2024-12-01,13,12,Medical
ATT202412003715,STU003715,SCH020,2024-12-01,14,12,Other
ATT202412003716,STU003716,SCH050,2024-12-01,11,10,Illness
ATT202412003717,STU003717,SCH039,2024-12-01,13,12,Illness
ATT202412003718,STU003718,SCH040,2024-12-01,15,13,Illness
ATT202412003719,STU003719,SCH016,2024-12-01,14,13,Unauthorised
ATT202412003720,STU003720,SCH026,2024-12-01,12,11,Illness
ATT202412003721,STU003721,SCH024,2024-12-01,15,13,Family
ATT202412003722,STU003722,SCH033,2024-12-01,13,12,Unauthorised
ATT202412003723,STU003723,SCH032,2024-12-01,13,11,Other
ATT202412003724,STU003724,SCH021,2024-12-01,15,14,Family
ATT202412003725,STU003725,SCH013,2024-12-01,13,12,Illness
ATT202412003726,STU003726,SCH025,2024-12-01,10,9,Unauthorised
ATT202412003727,STU003727,SCH002,2024-12-01,13,11,Medical
ATT202412003728,STU003728,SCH049,2024-12-01,11,10,Medical
ATT202412003729,STU003729,SCH028,2024-12-01,13,12,Family
ATT202412003730,STU003730,SCH035,2024-12-01,12,11,Illness
ATT202412003731,STU003731,SCH002,2024-12-01,12,9,Family
ATT202412003732,STU003732,SCH031,2024-12-01,11,10,Medical
ATT202412003733,STU003733,SCH050,2024-12-01,10,9,Family
ATT202412003734,STU003734,SCH044,2024-12-01,14,13,Family
ATT202412003735,STU003735,SCH004,2024-12-01,14,13,Family
ATT202412003736,STU003736,SCH043,2024-12-01,11,9,Illness
ATT202412003737,STU003737,SCH013,2024-12-01,12,11,Medical
ATT202412003738,STU003738,SCH006,2024-12-01,10,10,
ATT202412003739,STU003739,SCH035,2024-12-01,13,12,Illness
ATT202412003740,STU003740,SCH033,2024-12-01,10,9,Unauthorised
ATT202412003741,STU003741,SCH036,2024-12-01,14,13,Family
ATT202412003742,STU003742,SCH024,2024-12-01,13,11,Family
ATT202412003743,STU003743,SCH016,2024-12-01,10,10,
ATT202412003744,STU003744,SCH037,2024-12-01,11,10,Medical
ATT202412003745,STU003745,SCH037,2024-12-01,13,11,Illness
ATT202412003746,STU003746,SCH035,2024-12-01,11,9,Medical
ATT202412003747,STU003747,SCH007,2024-12-01,11,10,Medical
ATT202412003748,STU003748,SCH027,2024-12-01,11,10,Other
ATT202412003749,STU003749,SCH014,2024-12-01,12,11,Illness
ATT202412003750,STU003750,SCH027,2024-12-01,12,10,Family
ATT202412003751,STU003751,SCH002,2024-12-01,11,10,Unauthorised
ATT202412003752,STU003752,SCH045,2024-12-01,10,10,
ATT202412003753,STU003753,SCH048,2024-12-01,11,10,Other
ATT202412003754,STU003754,SCH031,2024-12-01,14,13,Other
ATT202412003755,STU003755,SCH027,2024-12-01,13,12,Other
ATT202412003756,STU003756,SCH007,2024-12-01,12,11,Illness
ATT202412003757,STU003757,SCH013,2024-12-01,13,12,Family
ATT202412003758,STU003758,SCH003,2024-12-01,14,14,
ATT202412003759,STU003759,SCH040,2024-12-01,10,9,Family
ATT202412003760,STU003760,SCH016,2024-12-01,14,12,Illness
ATT202412003761,STU003761,SCH036,2024-12-01,10,9,Illness
ATT202412003762,STU003762,SCH029,2024-12-01,13,13,
ATT202412003763,STU003763,SCH017,2024-12-01,12,11,Unauthorised
ATT202412003764,STU003764,SCH037,2024-12-01,12,11,Unauthorised
ATT202412003765,STU003765,SCH047,2024-12-01,11,11,
ATT202412003766,STU003766,SCH029,2024-12-01,14,13,Family
ATT202412003767,STU003767,SCH049,2024-12-01,12,11,Medical
ATT202412003768,STU003768,SCH040,2024-12-01,13,11,Family
ATT202412003769,STU003769,SCH020,2024-12-01,13,13,
ATT202412003770,STU003770,SCH014,2024-12-01,13,13,
ATT202412003771,STU003771,SCH050,2024-12-01,15,13,Unauthorised
ATT202412003772,STU003772,SCH017,2024-12-01,12,10,Family
ATT202412003773,STU003773,SCH039,2024-12-01,13,12,Other
ATT202412003774,STU003774,SCH012,2024-12-01,11,10,Unauthorised
ATT202412003775,STU003775,SCH008,2024-12-01,13,12,Unauthorised
ATT202412003776,STU003776,SCH046,2024-12-01,12,11,Medical
ATT202412003777,STU003777,SCH039,2024-12-01,11,11,
ATT202412003778,STU003778,SCH006,2024-12-01,14,13,Unauthorised
ATT202412003779,STU003779,SCH040,2024-12-01,12,11,Unauthorised
ATT202412003780,STU003780,SCH041,2024-12-01,12,11,Family
ATT202412003781,STU003781,SCH034,2024-12-01,13,12,Illness
ATT202412003782,STU003782,SCH047,2024-12-01,14,13,Illness
ATT202412003783,STU003783,SCH050,2024-12-01,12,11,Unauthorised
ATT202412003784,STU003784,SCH034,2024-12-01,11,10,Illness
ATT202412003785,STU003785,SCH034,2024-12-01,10,9,Medical
ATT202412003786,STU003786,SCH018,2024-12-01,13,12,Other
ATT202412003787,STU003787,SCH032,2024-12-01,11,10,Other
ATT202412003788,STU003788,SCH032,2024-12-01,10,9,Unauthorised
ATT202412003789,STU003789,SCH032,2024-12-01,12,11,Other
ATT202412003790,STU003790,SCH020,2024-12-01,11,10,Family
ATT202412003791,STU003791,SCH014,2024-12-01,14,13,Family
ATT202412003792,STU003792,SCH001,2024-12-01,10,9,Illness
ATT202412003793,STU003793,SCH017,2024-12-01,12,11,Illness
ATT202412003794,STU003794,SCH020,2024-12-01,10,9,Illness
ATT202412003795,STU003795,SCH025,2024-12-01,14,13,Illness
ATT202412003796,STU003796,SCH006,2024-12-01,12,11,Family
ATT202412003797,STU003797,SCH003,2024-12-01,12,11,Other
ATT202412003798,STU003798,SCH012,2024-12-01,10,9,Family
ATT202412003799,STU003799,SCH033,2024-12-01,15,13,Family
ATT202412003800,STU003800,SCH029,2024-12-01,11,10,Other
ATT202412003801,STU003801,SCH046,2024-12-01,11,10,Illness
ATT202412003802,STU003802,SCH021,2024-12-01,14,12,Medical
ATT202412003803,STU003803,SCH003,2024-12-01,13,11,Medical
ATT202412003804,STU003804,SCH005,2024-12-01,13,12,Medical
ATT202412003805,STU003805,SCH039,2024-12-01,15,14,Medical
ATT202412003806,STU003806,SCH043,2024-12-01,12,10,Other
ATT202412003807,STU003807,SCH016,2024-12-01,15,14,Family
ATT202412003808,STU003808,SCH015,2024-12-01,12,11,Other
ATT202412003809,STU003809,SCH006,2024-12-01,10,9,Unauthorised
ATT202412003810,STU003810,SCH018,2024-12-01,11,10,Unauthorised
ATT202412003811,STU003811,SCH031,2024-12-01,11,10,Medical
ATT202412003812,STU003812,SCH013,2024-12-01,14,13,Family
ATT202412003813,STU003813,SCH008,2024-12-01,13,12,Other
ATT202412003814,STU003814,SCH011,2024-12-01,10,10,
ATT202412003815,STU003815,SCH023,2024-12-01,14,13,Illness
ATT202412003816,STU003816,SCH013,2024-12-01,15,14,Family
ATT202412003817,STU003817,SCH021,2024-12-01,15,14,Illness
ATT202412003818,STU003818,SCH008,2024-12-01,14,13,Medical
ATT202412003819,STU003819,SCH032,2024-12-01,12,10,Illness
ATT202412003820,STU003820,SCH010,2024-12-01,15,14,Other
ATT202412003821,STU003821,SCH041,2024-12-01,14,13,Medical
ATT202412003822,STU003822,SCH005,2024-12-01,13,12,Medical
ATT202412003823,STU003823,SCH015,2024-12-01,12,12,
ATT202412003824,STU003824,SCH034,2024-12-01,15,13,Other
ATT202412003825,STU003825,SCH036,2024-12-01,13,13,
ATT202412003826,STU003826,SCH032,2024-12-01,15,14,Medical
ATT202412003827,STU003827,SCH005,2024-12-01,11,11,
ATT202412003828,STU003828,SCH050,2024-12-01,10,9,Other
ATT202412003829,STU003829,SCH043,2024-12-01,11,10,Illness
ATT202412003830,STU003830,SCH046,2024-12-01,11,10,Family
ATT202412003831,STU003831,SCH019,2024-12-01,11,10,Medical
ATT202412003832,STU003832,SCH014,2024-12-01,15,14,Illness
ATT202412003833,STU003833,SCH037,2024-12-01,12,11,Other
ATT202412003834,STU003834,SCH030,2024-12-01,15,13,Illness
ATT202412003835,STU003835,SCH040,2024-12-01,10,9,Unauthorised
ATT202412003836,STU003836,SCH021,2024-12-01,15,12,Medical
ATT202412003837,STU003837,SCH036,2024-12-01,10,9,Other
ATT202412003838,STU003838,SCH043,2024-12-01,11,10,Illness
ATT202412003839,STU003839,SCH036,2024-12-01,10,9,Other
ATT202412003840,STU003840,SCH028,2024-12-01,14,13,Illness
ATT202412003841,STU003841,SCH035,2024-12-01,12,11,Medical
ATT202412003842,STU003842,SCH008,2024-12-01,15,14,Family
ATT202412003843,STU003843,SCH031,2024-12-01,13,12,Other
ATT202412003844,STU003844,SCH031,2024-12-01,10,10,
ATT202412003845,STU003845,SCH029,2024-12-01,15,13,Family
ATT202412003847,STU003847,SCH001,2024-12-01,13,11,Medical
ATT202412003848,STU003848,SCH007,2024-12-01,11,10,Medical
ATT202412003849,STU003849,SCH015,2024-12-01,10,9,Illness
ATT202412003850,STU003850,SCH011,2024-12-01,10,9,Other
ATT202412003851,STU003851,SCH046,2024-12-01,11,10,Illness
ATT202412003852,STU003852,SCH019,2024-12-01,12,11,Unauthorised
ATT202412003853,STU003853,SCH043,2024-12-01,13,11,Unauthorised
ATT202412003854,STU003854,SCH048,2024-12-01,14,14,
ATT202412003855,STU003855,SCH042,2024-12-01,15,14,Other
ATT202412003856,STU003856,SCH003,2024-12-01,14,14,
ATT202412003857,STU003857,SCH038,2024-12-01,13,12,Unauthorised
ATT202412003858,STU003858,SCH032,2024-12-01,11,10,Medical
ATT202412003859,STU003859,SCH026,2024-12-01,10,9,Other
ATT202412003860,STU003860,SCH015,2024-12-01,15,14,Unauthorised
ATT202412003861,STU003861,SCH035,2024-12-01,10,9,Unauthorised
ATT202412003862,STU003862,SCH017,2024-12-01,14,13,Medical
ATT202412003863,STU003863,SCH007,2024-12-01,10,9,Unauthorised
ATT202412003864,STU003864,SCH032,2024-12-01,15,14,Unauthorised
ATT202412003865,STU003865,SCH022,2024-12-01,13,11,Other
ATT202412003866,STU003866,SCH024,2024-12-01,10,9,Family
ATT202412003867,STU003867,SCH026,2024-12-01,10,10,
ATT202412003868,STU003868,SCH033,2024-12-01,14,12,Unauthorised
ATT202412003869,STU003869,SCH017,2024-12-01,10,8,Family
ATT202412003870,STU003870,SCH030,2024-12-01,12,11,Family
ATT202412003871,STU003871,SCH015,2024-12-01,14,12,Unauthorised
ATT202412003872,STU003872,SCH041,2024-12-01,10,9,Unauthorised
ATT202412003873,STU003873,SCH023,2024-12-01,13,12,Illness
ATT202412003874,STU003874,SCH011,2024-12-01,12,11,Family
ATT202412003875,STU003875,SCH006,2024-12-01,13,12,Medical
ATT202412003876,STU003876,SCH036,2024-12-01,10,9,Other
ATT202412003877,STU003877,SCH012,2024-12-01,10,9,Illness
ATT202412003878,STU003878,SCH008,2024-12-01,14,13,Medical
ATT202412003879,STU003879,SCH037,2024-12-01,14,12,Unauthorised
ATT202412003880,STU003880,SCH026,2024-12-01,13,12,Unauthorised
ATT202412003881,STU003881,SCH010,2024-12-01,14,12,Medical
ATT202412003882,STU003882,SCH020,2024-12-01,12,12,
ATT202412003883,STU003883,SCH018,2024-12-01,12,11,Family
ATT202412003884,STU003884,SCH022,2024-12-01,15,14,Medical
ATT202412003885,STU003885,SCH032,2024-12-01,10,9,Unauthorised
ATT202412003886,STU003886,SCH020,2024-12-01,10,9,Family
ATT202412003887,STU003887,SCH050,2024-12-01,12,11,Illness
ATT202412003888,STU003888,SCH044,2024-12-01,12,11,Medical
ATT202412003889,STU003889,SCH030,2024-12-01,10,9,Medical
ATT202412003890,STU003890,SCH032,2024-12-01,11,10,Family
ATT202412003891,STU003891,SCH013,2024-12-01,10,9,Medical
ATT202412003892,STU003892,SCH009,2024-12-01,15,14,Unauthorised
ATT202412003893,STU003893,SCH048,2024-12-01,12,11,Family
ATT202412003894,STU003894,SCH022,2024-12-01,10,8,Medical
ATT202412003895,STU003895,SCH044,2024-12-01,14,12,Illness
ATT202412003896,STU003896,SCH029,2024-12-01,11,11,
ATT202412003897,STU003897,SCH003,2024-12-01,14,13,Other
ATT202412003898,STU003898,SCH045,2024-12-01,15,13,Unauthorised
ATT202412003899,STU003899,SCH037,2024-12-01,11,11,
ATT202412003900,STU003900,SCH004,2024-12-01,12,11,Other
ATT202412003901,STU003901,SCH045,2024-12-01,13,11,Family
ATT202412003902,STU003902,SCH002,2024-12-01,11,10,Other
ATT202412003903,STU003903,SCH038,2024-12-01,14,13,Family
ATT202412003904,STU003904,SCH007,2024-12-01,10,10,
ATT202412003905,STU003905,SCH042,2024-12-01,10,9,Other
ATT202412003906,STU003906,SCH026,2024-12-01,14,13,Other
ATT202412003907,STU003907,SCH040,2024-12-01,10,10,
ATT202412003908,STU003908,SCH004,2024-12-01,13,13,
ATT202412003909,STU003909,SCH001,2024-12-01,10,9,Medical
ATT202412003910,STU003910,SCH010,2024-12-01,11,10,Illness
ATT202412003911,STU003911,SCH004,2024-12-01,11,11,
ATT202412003912,STU003912,SCH013,2024-12-01,10,9,Unauthorised
ATT202412003913,STU003913,SCH012,2024-12-01,10,10,
ATT202412003914,STU003914,SCH050,2024-12-01,12,11,Unauthorised
ATT202412003915,STU003915,SCH014,2024-12-01,12,11,Unauthorised
ATT202412003916,STU003916,SCH017,2024-12-01,15,11,Unauthorised
ATT202412003917,STU003917,SCH005,2024-12-01,11,11,
ATT202412003918,STU003918,SCH004,2024-12-01,10,9,Other
ATT202412003919,STU003919,SCH035,2024-12-01,15,13,Medical
ATT202412003920,STU003920,SCH011,2024-12-01,10,10,
ATT202412003921,STU003921,SCH025,2024-12-01,12,12,
ATT202412003922,STU003922,SCH049,2024-12-01,13,12,Family
ATT202412003923,STU003923,SCH021,2024-12-01,11,10,Family
ATT202412003924,STU003924,SCH034,2024-12-01,14,12,Other
ATT202412003925,STU003925,SCH021,2024-12-01,15,15,
ATT202412003926,STU003926,SCH025,2024-12-01,12,12,
ATT202412003927,STU003927,SCH038,2024-12-01,11,10,Other
ATT202412003928,STU003928,SCH003,2024-12-01,15,13,Unauthorised
ATT202412003929,STU003929,SCH028,2024-12-01,10,9,Illness
ATT202412003930,STU003930,SCH007,2024-12-01,12,11,Family
ATT202412003931,STU003931,SCH047,2024-12-01,10,9,Unauthorised
ATT202412003932,STU003932,SCH007,2024-12-01,15,14,Unauthorised
ATT202412003933,STU003933,SCH023,2024-12-01,15,14,Medical
ATT202412003934,STU003934,SCH048,2024-12-01,12,11,Other
ATT202412003935,STU003935,SCH037,2024-12-01,12,11,Family
ATT202412003936,STU003936,SCH039,2024-12-01,13,12,Other
ATT202412003937,STU003937,SCH020,2024-12-01,10,9,Medical
ATT202412003938,STU003938,SCH025,2024-12-01,10,9,Other
ATT202412003939,STU003939,SCH001,2024-12-01,11,10,Illness
ATT202412003940,STU003940,SCH026,2024-12-01,15,15,
ATT202412003941,STU003941,SCH030,2024-12-01,12,11,Family
ATT202412003942,STU003942,SCH013,2024-12-01,11,10,Other
ATT202412003943,STU003943,SCH012,2024-12-01,13,12,Illness
ATT202412003944,STU003944,SCH045,2024-12-01,15,14,Family
ATT202412003945,STU003945,SCH025,2024-12-01,10,9,Medical
ATT202412003946,STU003946,SCH006,2024-12-01,14,14,
ATT202412003947,STU003947,SCH038,2024-12-01,14,13,Unauthorised
ATT202412003948,STU003948,SCH022,2024-12-01,14,14,
ATT202412003949,STU003949,SCH045,2024-12-01,12,11,Unauthorised
ATT202412003950,STU003950,SCH012,2024-12-01,10,10,
ATT202412003951,STU003951,SCH035,2024-12-01,14,14,
ATT202412003952,STU003952,SCH003,2024-12-01,11,10,Other
ATT202412003953,STU003953,SCH027,2024-12-01,12,10,Illness
ATT202412003954,STU003954,SCH044,2024-12-01,13,12,Other
ATT202412003955,STU003955,SCH048,2024-12-01,13,12,Medical
ATT202412003956,STU003956,SCH048,2024-12-01,12,12,
ATT202412003957,STU003957,SCH014,2024-12-01,11,11,
ATT202412003958,STU003958,SCH011,2024-12-01,13,12,Other
ATT202412003959,STU003959,SCH001,2024-12-01,11,9,Illness
ATT202412003960,STU003960,SCH003,2024-12-01,11,10,Medical
ATT202412003961,STU003961,SCH016,2024-12-01,10,10,
ATT202412003962,STU003962,SCH021,2024-12-01,15,14,Unauthorised
ATT202412003963,STU003963,SCH031,2024-12-01,14,14,
ATT202412003964,STU003964,SCH026,2024-12-01,11,10,Unauthorised
ATT202412003965,STU003965,SCH038,2024-12-01,14,12,Unauthorised
ATT202412003966,STU003966,SCH011,2024-12-01,10,9,Illness
ATT202412003967,STU003967,SCH044,2024-12-01,11,10,Other
ATT202412003968,STU003968,SCH041,2024-12-01,13,12,Unauthorised
ATT202412003969,STU003969,SCH047,2024-12-01,11,10,Family
ATT202412003970,STU003970,SCH036,2024-12-01,15,15,
ATT202412003971,STU003971,SCH047,2024-12-01,14,12,Family
ATT202412003972,STU003972,SCH003,2024-12-01,11,10,Illness
ATT202412003973,STU003973,SCH032,2024-12-01,15,14,Family
ATT202412003974,STU003974,SCH004,2024-12-01,10,9,Unauthorised
ATT202412003975,STU003975,SCH043,2024-12-01,14,13,Illness
ATT202412003976,STU003976,SCH022,2024-12-01,11,10,Illness
ATT202412003977,STU003977,SCH035,2024-12-01,13,12,Family
ATT202412003978,STU003978,SCH048,2024-12-01,14,12,Illness
ATT202412003979,STU003979,SCH008,2024-12-01,12,11,Other
ATT202412003980,STU003980,SCH044,2024-12-01,13,12,Illness
ATT202412003981,STU003981,SCH024,2024-12-01,14,13,Family
ATT202412003982,STU003982,SCH040,2024-12-01,10,9,Unauthorised
ATT202412003983,STU003983,SCH007,2024-12-01,10,9,Family
ATT202412003984,STU003984,SCH029,2024-12-01,10,9,Unauthorised
ATT202412003985,STU003985,SCH023,2024-12-01,11,10,Medical
ATT202412003986,STU003986,SCH001,2024-12-01,14,13,Unauthorised
ATT202412003987,STU003987,SCH023,2024-12-01,14,12,Medical
ATT202412003988,STU003988,SCH012,2024-12-01,13,12,Unauthorised
ATT202412003989,STU003989,SCH020,2024-12-01,13,13,
ATT202412003990,STU003990,SCH031,2024-12-01,12,12,
ATT202412003991,STU003991,SCH043,2024-12-01,14,13,Medical
ATT202412003992,STU003992,SCH031,2024-12-01,10,9,Family
ATT202412003993,STU003993,SCH011,2024-12-01,10,10,
ATT202412003994,STU003994,SCH032,2024-12-01,11,10,Other
ATT202412003995,STU003995,SCH025,2024-12-01,11,10,Family
ATT202412003996,STU003996,SCH042,2024-12-01,15,12,Other
ATT202412003997,STU003997,SCH031,2024-12-01,12,11,Family
ATT202412003998,STU003998,SCH031,2024-12-01,10,9,Medical
ATT202412003999,STU003999,SCH048,2024-12-01,15,14,Medical
ATT202412004000,STU004000,SCH050,2024-12-01,14,13,Family
ATT202412004001,STU004001,SCH043,2024-12-01,12,11,Other
ATT202412004003,STU004003,SCH002,2024-12-01,10,8,Family
ATT202412004004,STU004004,SCH002,2024-12-01,10,8,Other
ATT202412004005,STU004005,SCH035,2024-12-01,15,14,Illness
ATT202412004006,STU004006,SCH022,2024-12-01,13,11,Illness
ATT202412004007,STU004007,SCH021,2024-12-01,15,15,
ATT202412004008,STU004008,SCH050,2024-12-01,14,12,Illness
ATT202412004009,STU004009,SCH049,2024-12-01,11,10,Illness
ATT202412004010,STU004010,SCH049,2024-12-01,13,12,Illness
ATT202412004011,STU004011,SCH002,2024-12-01,13,11,Family
ATT202412004012,STU004012,SCH029,2024-12-01,12,10,Family
ATT202412004013,STU004013,SCH012,2024-12-01,11,11,
ATT202412004014,STU004014,SCH024,2024-12-01,10,9,Illness
ATT202412004015,STU004015,SCH037,2024-12-01,15,14,Unauthorised
ATT202412004016,STU004016,SCH004,2024-12-01,15,14,Unauthorised
ATT202412004017,STU004017,SCH033,2024-12-01,12,11,Illness
ATT202412004018,STU004018,SCH003,2024-12-01,10,10,
ATT202412004019,STU004019,SCH025,2024-12-01,11,10,Family
ATT202412004020,STU004020,SCH012,2024-12-01,13,12,Other
ATT202412004021,STU004021,SCH007,2024-12-01,14,13,Family
ATT202412004022,STU004022,SCH030,2024-12-01,10,9,Family
ATT202412004023,STU004023,SCH026,2024-12-01,13,12,Unauthorised
ATT202412004024,STU004024,SCH044,2024-12-01,14,12,Medical
ATT202412004025,STU004025,SCH024,2024-12-01,10,9,Illness
ATT202412004026,STU004026,SCH010,2024-12-01,12,12,
ATT202412004027,STU004027,SCH031,2024-12-01,10,10,
ATT202412004028,STU004028,SCH001,2024-12-01,10,8,Family
ATT202412004029,STU004029,SCH025,2024-12-01,14,13,Medical
ATT202412004030,STU004030,SCH023,2024-12-01,11,10,Family
ATT202412004031,STU004031,SCH007,2024-12-01,14,13,Unauthorised
ATT202412004032,STU004032,SCH041,2024-12-01,14,13,Family
ATT202412004033,STU004033,SCH014,2024-12-01,13,12,Unauthorised
ATT202412004034,STU004034,SCH012,2024-12-01,13,12,Medical
ATT202412004035,STU004035,SCH050,2024-12-01,10,9,Medical
ATT202412004036,STU004036,SCH016,2024-12-01,11,10,Illness
ATT202412004037,STU004037,SCH013,2024-12-01,15,13,Other
ATT202412004038,STU004038,SCH033,2024-12-01,14,14,
ATT202412004039,STU004039,SCH033,2024-12-01,15,15,
ATT202412004040,STU004040,SCH017,2024-12-01,15,12,Family
ATT202412004041,STU004041,SCH009,2024-12-01,12,12,
ATT202412004042,STU004042,SCH025,2024-12-01,14,13,Other
ATT202412004043,STU004043,SCH027,2024-12-01,13,12,Medical
ATT202412004044,STU004044,SCH039,2024-12-01,15,14,Family
ATT202412004045,STU004045,SCH015,2024-12-01,10,9,Medical
ATT202412004046,STU004046,SCH045,2024-12-01,14,13,Medical
ATT202412004047,STU004047,SCH043,2024-12-01,12,11,Family
ATT202412004048,STU004048,SCH019,2024-12-01,11,10,Family
ATT202412004049,STU004049,SCH010,2024-12-01,15,13,Family
ATT202412004050,STU004050,SCH008,2024-12-01,14,13,Unauthorised
ATT202412004051,STU004051,SCH006,2024-12-01,11,10,Family
ATT202412004052,STU004052,SCH005,2024-12-01,12,11,Medical
ATT202412004053,STU004053,SCH027,2024-12-01,15,13,Medical
ATT202412004054,STU004054,SCH016,2024-12-01,14,12,Other
ATT202412004055,STU004055,SCH017,2024-12-01,14,12,Medical
ATT202412004056,STU004056,SCH040,2024-12-01,15,14,Family
ATT202412004057,STU004057,SCH017,2024-12-01,12,10,Medical
ATT202412004058,STU004058,SCH029,2024-12-01,13,12,Medical
ATT202412004059,STU004059,SCH005,2024-12-01,13,13,
ATT202412004060,STU004060,SCH001,2024-12-01,11,10,Unauthorised
ATT202412004061,STU004061,SCH050,2024-12-01,15,13,Medical
ATT202412004062,STU004062,SCH018,2024-12-01,14,13,Family
ATT202412004063,STU004063,SCH006,2024-12-01,14,13,Medical
ATT202412004064,STU004064,SCH041,2024-12-01,15,13,Unauthorised
ATT202412004065,STU004065,SCH022,2024-12-01,14,12,Unauthorised
ATT202412004066,STU004066,SCH007,2024-12-01,14,13,Family
ATT202412004067,STU004067,SCH047,2024-12-01,15,15,
ATT202412004068,STU004068,SCH023,2024-12-01,10,9,Illness
ATT202412004069,STU004069,SCH008,2024-12-01,10,10,
ATT202412004070,STU004070,SCH037,2024-12-01,15,15,
ATT202412004071,STU004071,SCH046,2024-12-01,15,14,Medical
ATT202412004072,STU004072,SCH001,2024-12-01,14,12,Other
ATT202412004073,STU004073,SCH032,2024-12-01,12,11,Illness
ATT202412004074,STU004074,SCH033,2024-12-01,11,10,Unauthorised
ATT202412004075,STU004075,SCH037,2024-12-01,13,12,Other
ATT202412004076,STU004076,SCH049,2024-12-01,11,9,Medical
ATT202412004077,STU004077,SCH007,2024-12-01,15,13,Illness
ATT202412004078,STU004078,SCH048,2024-12-01,14,12,Family
ATT202412004079,STU004079,SCH022,2024-12-01,14,12,Unauthorised
ATT202412004080,STU004080,SCH022,2024-12-01,10,9,Medical
ATT202412004081,STU004081,SCH016,2024-12-01,13,12,Other
ATT202412004082,STU004082,SCH014,2024-12-01,12,12,
ATT202412004083,STU004083,SCH020,2024-12-01,12,10,Medical
ATT202412004084,STU004084,SCH044,2024-12-01,11,11,
ATT202412004085,STU004085,SCH015,2024-12-01,10,8,Illness
ATT202412004086,STU004086,SCH027,2024-12-01,14,13,Other
ATT202412004087,STU004087,SCH001,2024-12-01,11,10,Family
ATT202412004088,STU004088,SCH048,2024-12-01,15,15,
ATT202412004089,STU004089,SCH048,2024-12-01,12,11,Other
ATT202412004090,STU004090,SCH015,2024-12-01,10,9,Illness
ATT202412004092,STU004092,SCH017,2024-12-01,14,13,Unauthorised
ATT202412004093,STU004093,SCH035,2024-12-01,11,10,Other
ATT202412004094,STU004094,SCH045,2024-12-01,15,14,Medical
ATT202412004095,STU004095,SCH047,2024-12-01,12,11,Other
ATT202412004096,STU004096,SCH009,2024-12-01,13,12,Illness
ATT202412004097,STU004097,SCH016,2024-12-01,11,11,
ATT202412004098,STU004098,SCH046,2024-12-01,12,10,Illness
ATT202412004099,STU004099,SCH012,2024-12-01,10,10,
ATT202412004100,STU004100,SCH035,2024-12-01,10,9,Illness
ATT202412004101,STU004101,SCH037,2024-12-01,14,13,Illness
ATT202412004102,STU004102,SCH050,2024-12-01,11,9,Medical
ATT202412004103,STU004103,SCH038,2024-12-01,15,14,Illness
ATT202412004104,STU004104,SCH008,2024-12-01,13,12,Unauthorised
ATT202412004105,STU004105,SCH023,2024-12-01,15,13,Medical
ATT202412004106,STU004106,SCH022,2024-12-01,13,11,Illness
ATT202412004107,STU004107,SCH034,2024-12-01,12,11,Family
ATT202412004108,STU004108,SCH003,2024-12-01,11,10,Unauthorised
ATT202412004109,STU004109,SCH044,2024-12-01,15,13,Family
ATT202412004110,STU004110,SCH020,2024-12-01,14,13,Family
ATT202412004111,STU004111,SCH033,2024-12-01,14,13,Medical
ATT202412004112,STU004112,SCH005,2024-12-01,15,13,Illness
ATT202412004113,STU004113,SCH006,2024-12-01,11,10,Medical
ATT202412004114,STU004114,SCH048,2024-12-01,11,10,Other
ATT202412004115,STU004115,SCH044,2024-12-01,10,9,Illness
ATT202412004116,STU004116,SCH048,2024-12-01,14,13,Illness
ATT202412004117,STU004117,SCH013,2024-12-01,10,10,
ATT202412004118,STU004118,SCH042,2024-12-01,14,13,Other
ATT202412004119,STU004119,SCH030,2024-12-01,11,10,Illness
ATT202412004120,STU004120,SCH041,2024-12-01,11,11,
ATT202412004121,STU004121,SCH016,2024-12-01,13,12,Illness
ATT202412004122,STU004122,SCH018,2024-12-01,10,9,Medical
ATT202412004123,STU004123,SCH030,2024-12-01,14,13,Illness
ATT202412004124,STU004124,SCH012,2024-12-01,11,10,Illness
ATT202412004125,STU004125,SCH022,2024-12-01,14,12,Other
ATT202412004126,STU004126,SCH005,2024-12-01,11,11,
ATT202412004127,STU004127,SCH015,2024-12-01,14,13,Family
ATT202412004128,STU004128,SCH008,2024-12-01,11,10,Medical
ATT202412004129,STU004129,SCH017,2024-12-01,12,10,Other
ATT202412004130,STU004130,SCH025,2024-12-01,13,12,Unauthorised
ATT202412004131,STU004131,SCH008,2024-12-01,13,12,Medical
ATT202412004132,STU004132,SCH024,2024-12-01,12,11,Family
ATT202412004133,STU004133,SCH023,2024-12-01,15,15,
ATT202412004134,STU004134,SCH007,2024-12-01,13,12,Other
ATT202412004135,STU004135,SCH027,2024-12-01,12,10,Medical
ATT202412004136,STU004136,SCH046,2024-12-01,15,14,Family
ATT202412004137,STU004137,SCH045,2024-12-01,10,9,Other
ATT202412004138,STU004138,SCH002,2024-12-01,14,12,Other
ATT202412004139,STU004139,SCH028,2024-12-01,11,11,
ATT202412004140,STU004140,SCH007,2024-12-01,11,10,Other
ATT202412004141,STU004141,SCH042,2024-12-01,13,11,Other
ATT202412004142,STU004142,SCH047,2024-12-01,14,13,Unauthorised
ATT202412004143,STU004143,SCH048,2024-12-01,13,12,Family
ATT202412004144,STU004144,SCH023,2024-12-01,15,14,Family
ATT202412004145,STU004145,SCH029,2024-12-01,13,11,Medical
ATT202412004146,STU004146,SCH034,2024-12-01,14,13,Illness
ATT202412004148,STU004148,SCH034,2024-12-01,14,12,Medical
ATT202412004149,STU004149,SCH020,2024-12-01,10,10,
ATT202412004150,STU004150,SCH012,2024-12-01,11,10,Family
ATT202412004151,STU004151,SCH030,2024-12-01,13,13,
ATT202412004152,STU004152,SCH039,2024-12-01,11,10,Family
ATT202412004153,STU004153,SCH036,2024-12-01,12,12,
ATT202412004154,STU004154,SCH017,2024-12-01,12,10,Unauthorised
ATT202412004155,STU004155,SCH034,2024-12-01,10,8,Medical
ATT202412004156,STU004156,SCH007,2024-12-01,14,13,Unauthorised
ATT202412004157,STU004157,SCH019,2024-12-01,14,13,Other
ATT202412004158,STU004158,SCH041,2024-12-01,10,9,Illness
ATT202412004159,STU004159,SCH031,2024-12-01,10,8,Illness
ATT202412004160,STU004160,SCH005,2024-12-01,15,14,Unauthorised
ATT202412004161,STU004161,SCH042,2024-12-01,12,10,Medical
ATT202412004162,STU004162,SCH003,2024-12-01,11,10,Family
ATT202412004163,STU004163,SCH007,2024-12-01,11,10,Family
ATT202412004164,STU004164,SCH029,2024-12-01,11,10,Illness
ATT202412004165,STU004165,SCH014,2024-12-01,11,10,Other
ATT202412004166,STU004166,SCH020,2024-12-01,15,14,Illness
ATT202412004167,STU004167,SCH050,2024-12-01,10,9,Other
ATT202412004168,STU004168,SCH046,2024-12-01,13,12,Illness
ATT202412004169,STU004169,SCH038,2024-12-01,15,15,
ATT202412004170,STU004170,SCH013,2024-12-01,11,10,Other
ATT202412004171,STU004171,SCH020,2024-12-01,11,10,Medical
ATT202412004172,STU004172,SCH018,2024-12-01,12,11,Illness
ATT202412004173,STU004173,SCH017,2024-12-01,11,10,Unauthorised
ATT202412004174,STU004174,SCH034,2024-12-01,12,11,Medical
ATT202412004175,STU004175,SCH035,2024-12-01,12,11,Other
ATT202412004176,STU004176,SCH009,2024-12-01,14,12,Other
ATT202412004177,STU004177,SCH017,2024-12-01,14,12,Illness
ATT202412004178,STU004178,SCH049,2024-12-01,10,8,Unauthorised
ATT202412004179,STU004179,SCH024,2024-12-01,15,12,Other
ATT202412004180,STU004180,SCH008,2024-12-01,10,9,Illness
ATT202412004181,STU004181,SCH048,2024-12-01,11,10,Unauthorised
ATT202412004182,STU004182,SCH008,2024-12-01,13,12,Unauthorised
ATT202412004183,STU004183,SCH014,2024-12-01,13,12,Family
ATT202412004184,STU004184,SCH049,2024-12-01,13,11,Illness
ATT202412004185,STU004185,SCH028,2024-12-01,10,9,Other
ATT202412004186,STU004186,SCH030,2024-12-01,15,14,Medical
ATT202412004187,STU004187,SCH004,2024-12-01,14,13,Other
ATT202412004188,STU004188,SCH041,2024-12-01,15,14,Family
ATT202412004189,STU004189,SCH018,2024-12-01,15,14,Family
ATT202412004190,STU004190,SCH035,2024-12-01,10,9,Family
ATT202412004191,STU004191,SCH041,2024-12-01,14,13,Medical
ATT202412004192,STU004192,SCH045,2024-12-01,10,9,Other
ATT202412004193,STU004193,SCH015,2024-12-01,11,10,Medical
ATT202412004194,STU004194,SCH034,2024-12-01,12,11,Illness
ATT202412004195,STU004195,SCH032,2024-12-01,11,9,Unauthorised
ATT202412004196,STU004196,SCH012,2024-12-01,10,9,Illness
ATT202412004197,STU004197,SCH045,2024-12-01,14,13,Family
ATT202412004198,STU004198,SCH007,2024-12-01,10,9,Medical
ATT202412004199,STU004199,SCH050,2024-12-01,12,11,Medical
ATT202412004200,STU004200,SCH040,2024-12-01,14,13,Illness
ATT202412004201,STU004201,SCH028,2024-12-01,12,12,
ATT202412004202,STU004202,SCH008,2024-12-01,13,12,Medical
ATT202412004203,STU004203,SCH045,2024-12-01,10,10,
ATT202412004204,STU004204,SCH044,2024-12-01,11,10,Medical
ATT202412004205,STU004205,SCH034,2024-12-01,12,10,Illness
ATT202412004206,STU004206,SCH001,2024-12-01,13,11,Medical
ATT202412004207,STU004207,SCH015,2024-12-01,14,13,Medical
ATT202412004208,STU004208,SCH006,2024-12-01,10,10,
ATT202412004209,STU004209,SCH035,2024-12-01,13,12,Unauthorised
ATT202412004210,STU004210,SCH043,2024-12-01,11,10,Illness
ATT202412004211,STU004211,SCH028,2024-12-01,13,12,Family
ATT202412004212,STU004212,SCH041,2024-12-01,12,11,Family
ATT202412004213,STU004213,SCH025,2024-12-01,13,12,Unauthorised
ATT202412004214,STU004214,SCH048,2024-12-01,12,11,Illness
ATT202412004215,STU004215,SCH038,2024-12-01,15,14,Other
ATT202412004216,STU004216,SCH028,2024-12-01,15,14,Other
ATT202412004217,STU004217,SCH003,2024-12-01,14,12,Family
ATT202412004218,STU004218,SCH010,2024-12-01,12,12,
ATT202412004219,STU004219,SCH031,2024-12-01,13,12,Family
ATT202412004220,STU004220,SCH042,2024-12-01,14,11,Illness
ATT202412004221,STU004221,SCH019,2024-12-01,14,12,Other
ATT202412004222,STU004222,SCH043,2024-12-01,13,11,Other
ATT202412004223,STU004223,SCH006,2024-12-01,10,9,Illness
ATT202412004224,STU004224,SCH025,2024-12-01,14,12,Medical
ATT202412004225,STU004225,SCH039,2024-12-01,14,13,Family
ATT202412004226,STU004226,SCH032,2024-12-01,13,12,Family
ATT202412004227,STU004227,SCH021,2024-12-01,15,14,Medical
ATT202412004228,STU004228,SCH050,2024-12-01,12,10,Other
ATT202412004229,STU004229,SCH043,2024-12-01,13,11,Family
ATT202412004230,STU004230,SCH030,2024-12-01,13,12,Family
ATT202412004231,STU004231,SCH005,2024-12-01,11,10,Family
ATT202412004232,STU004232,SCH002,2024-12-01,14,12,Family
ATT202412004233,STU004233,SCH035,2024-12-01,14,12,Unauthorised
ATT202412004234,STU004234,SCH015,2024-12-01,15,14,Illness
ATT202412004235,STU004235,SCH009,2024-12-01,12,11,Family
ATT202412004236,STU004236,SCH043,2024-12-01,12,11,Medical
ATT202412004237,STU004237,SCH007,2024-12-01,12,11,Other
ATT202412004238,STU004238,SCH048,2024-12-01,10,9,Illness
ATT202412004239,STU004239,SCH019,2024-12-01,15,14,Other
ATT202412004240,STU004240,SCH005,2024-12-01,14,12,Other
ATT202412004241,STU004241,SCH031,2024-12-01,11,10,Medical
ATT202412004242,STU004242,SCH037,2024-12-01,13,12,Unauthorised
ATT202412004243,STU004243,SCH001,2024-12-01,15,13,Unauthorised
ATT202412004244,STU004244,SCH013,2024-12-01,15,14,Unauthorised
ATT202412004245,STU004245,SCH023,2024-12-01,15,12,Other
ATT202412004246,STU004246,SCH030,2024-12-01,12,11,Unauthorised
ATT202412004247,STU004247,SCH037,2024-12-01,10,10,
ATT202412004248,STU004248,SCH020,2024-12-01,11,11,
ATT202412004249,STU004249,SCH039,2024-12-01,14,13,Medical
ATT202412004250,STU004250,SCH001,2024-12-01,10,9,Other
ATT202412004251,STU004251,SCH003,2024-12-01,15,14,Illness
ATT202412004252,STU004252,SCH015,2024-12-01,12,11,Family
ATT202412004253,STU004253,SCH025,2024-12-01,15,14,Other
ATT202412004254,STU004254,SCH044,2024-12-01,13,12,Unauthorised
ATT202412004255,STU004255,SCH046,2024-12-01,13,12,Other
ATT202412004256,STU004256,SCH026,2024-12-01,10,9,Medical
ATT202412004257,STU004257,SCH025,2024-12-01,10,10,
ATT202412004258,STU004258,SCH009,2024-12-01,11,10,Medical
ATT202412004259,STU004259,SCH020,2024-12-01,15,13,Unauthorised
ATT202412004260,STU004260,SCH004,2024-12-01,11,10,Unauthorised
ATT202412004261,STU004261,SCH046,2024-12-01,15,14,Unauthorised
ATT202412004262,STU004262,SCH041,2024-12-01,10,9,Illness
ATT202412004263,STU004263,SCH029,2024-12-01,15,13,Medical
ATT202412004264,STU004264,SCH038,2024-12-01,15,14,Medical
ATT202412004265,STU004265,SCH050,2024-12-01,10,10,
ATT202412004266,STU004266,SCH014,2024-12-01,14,12,Other
ATT202412004267,STU004267,SCH028,2024-12-01,10,9,Unauthorised
ATT202412004268,STU004268,SCH024,2024-12-01,10,10,
ATT202412004269,STU004269,SCH021,2024-12-01,14,13,Other
ATT202412004270,STU004270,SCH007,2024-12-01,10,9,Unauthorised
ATT202412004271,STU004271,SCH040,2024-12-01,10,9,Medical
ATT202412004272,STU004272,SCH033,2024-12-01,10,9,Unauthorised
ATT202412004273,STU004273,SCH031,2024-12-01,11,10,Illness
ATT202412004274,STU004274,SCH007,2024-12-01,10,9,Other
ATT202412004275,STU004275,SCH039,2024-12-01,12,11,Family
ATT202412004276,STU004276,SCH004,2024-12-01,10,9,Other
ATT202412004277,STU004277,SCH021,2024-12-01,11,10,Other
ATT202412004278,STU004278,SCH028,2024-12-01,15,14,Medical
ATT202412004279,STU004279,SCH013,2024-12-01,10,9,Family
ATT202412004280,STU004280,SCH016,2024-12-01,15,13,Other
ATT202412004281,STU004281,SCH043,2024-12-01,15,14,Other
ATT202412004282,STU004282,SCH024,2024-12-01,14,12,Medical
ATT202412004283,STU004283,SCH049,2024-12-01,12,11,Medical
ATT202412004284,STU004284,SCH029,2024-12-01,11,10,Medical
ATT202412004285,STU004285,SCH046,2024-12-01,12,11,Unauthorised
ATT202412004286,STU004286,SCH041,2024-12-01,15,13,Illness
ATT202412004287,STU004287,SCH004,2024-12-01,12,11,Family
ATT202412004288,STU004288,SCH005,2024-12-01,15,15,
ATT202412004289,STU004289,SCH034,2024-12-01,10,9,Unauthorised
ATT202412004290,STU004290,SCH044,2024-12-01,15,14,Other
ATT202412004291,STU004291,SCH004,2024-12-01,13,12,Unauthorised
ATT202412004292,STU004292,SCH018,2024-12-01,11,11,
ATT202412004293,STU004293,SCH019,2024-12-01,14,13,Unauthorised
ATT202412004294,STU004294,SCH027,2024-12-01,10,9,Unauthorised
ATT202412004295,STU004295,SCH038,2024-12-01,10,9,Other
ATT202412004296,STU004296,SCH022,2024-12-01,14,12,Unauthorised
ATT202412004297,STU004297,SCH043,2024-12-01,10,9,Other
ATT202412004298,STU004298,SCH004,2024-12-01,11,10,Family
ATT202412004299,STU004299,SCH022,2024-12-01,10,9,Illness
ATT202412004300,STU004300,SCH007,2024-12-01,14,13,Illness
ATT202412004301,STU004301,SCH036,2024-12-01,13,12,Other
ATT202412004302,STU004302,SCH011,2024-12-01,10,10,
ATT202412004303,STU004303,SCH039,2024-12-01,12,10,Family
ATT202412004304,STU004304,SCH011,2024-12-01,15,13,Family
ATT202412004305,STU004305,SCH007,2024-12-01,12,11,Family
ATT202412004306,STU004306,SCH042,2024-12-01,15,13,Family
ATT202412004307,STU004307,SCH030,2024-12-01,11,10,Medical
ATT202412004308,STU004308,SCH008,2024-12-01,15,14,Family
ATT202412004309,STU004309,SCH042,2024-12-01,14,11,Other
ATT202412004310,STU004310,SCH010,2024-12-01,14,12,Unauthorised
ATT202412004311,STU004311,SCH009,2024-12-01,10,9,Medical
ATT202412004312,STU004312,SCH023,2024-12-01,13,12,Other
ATT202412004313,STU004313,SCH005,2024-12-01,10,9,Unauthorised
ATT202412004314,STU004314,SCH048,2024-12-01,12,12,
ATT202412004315,STU004315,SCH020,2024-12-01,10,10,
ATT202412004316,STU004316,SCH024,2024-12-01,15,12,Family
ATT202412004317,STU004317,SCH047,2024-12-01,11,10,Other
ATT202412004318,STU004318,SCH044,2024-12-01,13,12,Other
ATT202412004319,STU004319,SCH043,2024-12-01,10,10,
ATT202412004320,STU004320,SCH008,2024-12-01,12,10,Medical
ATT202412004321,STU004321,SCH041,2024-12-01,10,9,Medical
ATT202412004323,STU004323,SCH024,2024-12-01,12,11,Other
ATT202412004324,STU004324,SCH020,2024-12-01,13,12,Medical
ATT202412004325,STU004325,SCH027,2024-12-01,14,13,Medical
ATT202412004326,STU004326,SCH007,2024-12-01,10,9,Illness
ATT202412004327,STU004327,SCH035,2024-12-01,15,14,Unauthorised
ATT202412004328,STU004328,SCH032,2024-12-01,11,10,Family
ATT202412004330,STU004330,SCH025,2024-12-01,13,12,Medical
ATT202412004331,STU004331,SCH007,2024-12-01,15,14,Illness
ATT202412004332,STU004332,SCH019,2024-12-01,14,12,Family
ATT202412004333,STU004333,SCH030,2024-12-01,10,9,Unauthorised
ATT202412004334,STU004334,SCH030,2024-12-01,10,9,Other
ATT202412004335,STU004335,SCH006,2024-12-01,14,13,Other
ATT202412004336,STU004336,SCH024,2024-12-01,11,10,Family
ATT202412004337,STU004337,SCH020,2024-12-01,12,11,Family
ATT202412004338,STU004338,SCH005,2024-12-01,11,11,
ATT202412004339,STU004339,SCH028,2024-12-01,10,9,Medical
ATT202412004340,STU004340,SCH005,2024-12-01,15,14,Family
ATT202412004341,STU004341,SCH003,2024-12-01,13,12,Family
ATT202412004342,STU004342,SCH020,2024-12-01,11,10,Unauthorised
ATT202412004343,STU004343,SCH030,2024-12-01,14,13,Unauthorised
ATT202412004344,STU004344,SCH008,2024-12-01,11,10,Illness
ATT202412004345,STU004345,SCH039,2024-12-01,13,12,Family
ATT202412004346,STU004346,SCH040,2024-12-01,11,10,Medical
ATT202412004347,STU004347,SCH038,2024-12-01,12,11,Other
ATT202412004348,STU004348,SCH042,2024-12-01,10,10,
ATT202412004349,STU004349,SCH002,2024-12-01,10,8,Family
ATT202412004350,STU004350,SCH002,2024-12-01,14,12,Family
ATT202412004351,STU004351,SCH014,2024-12-01,14,14,
ATT202412004352,STU004352,SCH022,2024-12-01,10,9,Family
ATT202412004353,STU004353,SCH047,2024-12-01,14,13,Illness
ATT202412004354,STU004354,SCH048,2024-12-01,13,11,Illness
ATT202412004355,STU004355,SCH038,2024-12-01,11,10,Unauthorised
ATT202412004356,STU004356,SCH026,2024-12-01,13,12,Unauthorised
ATT202412004357,STU004357,SCH039,2024-12-01,12,12,
ATT202412004358,STU004358,SCH024,2024-12-01,14,12,Unauthorised
ATT202412004359,STU004359,SCH049,2024-12-01,11,10,Other
ATT202412004360,STU004360,SCH029,2024-12-01,11,10,Illness
ATT202412004361,STU004361,SCH004,2024-12-01,14,13,Illness
ATT202412004362,STU004362,SCH010,2024-12-01,13,11,Illness
ATT202412004363,STU004363,SCH021,2024-12-01,10,9,Medical
ATT202412004364,STU004364,SCH035,2024-12-01,11,10,Other
ATT202412004365,STU004365,SCH042,2024-12-01,12,10,Unauthorised
ATT202412004366,STU004366,SCH008,2024-12-01,12,11,Medical
ATT202412004367,STU004367,SCH037,2024-12-01,10,9,Illness
ATT202412004368,STU004368,SCH016,2024-12-01,10,9,Unauthorised
ATT202412004369,STU004369,SCH009,2024-12-01,14,12,Medical
ATT202412004370,STU004370,SCH023,2024-12-01,15,14,Other
ATT202412004371,STU004371,SCH012,2024-12-01,14,13,Medical
ATT202412004372,STU004372,SCH003,2024-12-01,13,12,Unauthorised
ATT202412004373,STU004373,SCH043,2024-12-01,13,12,Unauthorised
ATT202412004374,STU004374,SCH005,2024-12-01,13,12,Unauthorised
ATT202412004375,STU004375,SCH045,2024-12-01,10,9,Other
ATT202412004376,STU004376,SCH010,2024-12-01,10,9,Family
ATT202412004377,STU004377,SCH015,2024-12-01,12,10,Illness
ATT202412004378,STU004378,SCH012,2024-12-01,11,10,Illness
ATT202412004379,STU004379,SCH009,2024-12-01,13,12,Other
ATT202412004380,STU004380,SCH002,2024-12-01,11,10,Family
ATT202412004381,STU004381,SCH012,2024-12-01,12,12,
ATT202412004382,STU004382,SCH039,2024-12-01,12,11,Medical
ATT202412004383,STU004383,SCH044,2024-12-01,10,9,Other
ATT202412004384,STU004384,SCH014,2024-12-01,11,10,Family
ATT202412004386,STU004386,SCH031,2024-12-01,15,14,Illness
ATT202412004387,STU004387,SCH033,2024-12-01,14,12,Illness
ATT202412004388,STU004388,SCH001,2024-12-01,10,9,Other
ATT202412004389,STU004389,SCH029,2024-12-01,11,10,Medical
ATT202412004390,STU004390,SCH007,2024-12-01,15,13,Unauthorised
ATT202412004391,STU004391,SCH049,2024-12-01,11,10,Illness
ATT202412004392,STU004392,SCH027,2024-12-01,15,12,Unauthorised
ATT202412004393,STU004393,SCH032,2024-12-01,15,12,Medical
ATT202412004394,STU004394,SCH039,2024-12-01,11,10,Illness
ATT202412004395,STU004395,SCH004,2024-12-01,15,14,Illness
ATT202412004396,STU004396,SCH031,2024-12-01,15,14,Unauthorised
ATT202412004397,STU004397,SCH018,2024-12-01,13,12,Unauthorised
ATT202412004398,STU004398,SCH024,2024-12-01,12,12,
ATT202412004399,STU004399,SCH014,2024-12-01,14,13,Medical
ATT202412004400,STU004400,SCH014,2024-12-01,10,9,Unauthorised
ATT202412004401,STU004401,SCH050,2024-12-01,14,13,Illness
ATT202412004402,STU004402,SCH022,2024-12-01,12,10,Illness
ATT202412004403,STU004403,SCH049,2024-12-01,15,14,Medical
ATT202412004404,STU004404,SCH034,2024-12-01,14,12,Other
ATT202412004405,STU004405,SCH027,2024-12-01,14,13,Medical
ATT202412004406,STU004406,SCH014,2024-12-01,12,11,Medical
ATT202412004407,STU004407,SCH048,2024-12-01,12,11,Medical
ATT202412004408,STU004408,SCH043,2024-12-01,15,13,Medical
ATT202412004409,STU004409,SCH029,2024-12-01,13,12,Illness
ATT202412004410,STU004410,SCH012,2024-12-01,14,12,Illness
ATT202412004411,STU004411,SCH004,2024-12-01,12,11,Other
ATT202412004412,STU004412,SCH001,2024-12-01,14,12,Family
ATT202412004413,STU004413,SCH022,2024-12-01,13,11,Unauthorised
ATT202412004414,STU004414,SCH016,2024-12-01,11,10,Family
ATT202412004415,STU004415,SCH037,2024-12-01,13,12,Illness
ATT202412004416,STU004416,SCH033,2024-12-01,12,11,Other
ATT202412004417,STU004417,SCH027,2024-12-01,11,10,Other
ATT202412004418,STU004418,SCH008,2024-12-01,14,13,Illness
ATT202412004419,STU004419,SCH030,2024-12-01,15,14,Illness
ATT202412004420,STU004420,SCH011,2024-12-01,10,10,
ATT202412004421,STU004421,SCH009,2024-12-01,10,10,
ATT202412004422,STU004422,SCH007,2024-12-01,13,11,Unauthorised
ATT202412004423,STU004423,SCH043,2024-12-01,15,14,Unauthorised
ATT202412004424,STU004424,SCH023,2024-12-01,12,11,Unauthorised
ATT202412004425,STU004425,SCH011,2024-12-01,15,14,Medical
ATT202412004426,STU004426,SCH001,2024-12-01,15,14,Medical
ATT202412004427,STU004427,SCH046,2024-12-01,10,8,Family
ATT202412004428,STU004428,SCH029,2024-12-01,12,11,Unauthorised
ATT202412004429,STU004429,SCH033,2024-12-01,15,13,Family
ATT202412004430,STU004430,SCH047,2024-12-01,11,11,
ATT202412004431,STU004431,SCH010,2024-12-01,11,10,Other
ATT202412004432,STU004432,SCH036,2024-12-01,11,9,Family
ATT202412004433,STU004433,SCH026,2024-12-01,11,11,
ATT202412004434,STU004434,SCH030,2024-12-01,11,10,Illness
ATT202412004435,STU004435,SCH031,2024-12-01,14,12,Illness
ATT202412004436,STU004436,SCH026,2024-12-01,11,10,Family
ATT202412004437,STU004437,SCH038,2024-12-01,10,9,Illness
ATT202412004438,STU004438,SCH008,2024-12-01,13,12,Illness
ATT202412004439,STU004439,SCH032,2024-12-01,15,14,Family
ATT202412004440,STU004440,SCH026,2024-12-01,10,9,Unauthorised
ATT202412004441,STU004441,SCH045,2024-12-01,15,14,Family
ATT202412004442,STU004442,SCH049,2024-12-01,14,12,Illness
ATT202412004443,STU004443,SCH007,2024-12-01,12,12,
ATT202412004444,STU004444,SCH025,2024-12-01,12,11,Other
ATT202412004445,STU004445,SCH012,2024-12-01,15,13,Illness
ATT202412004446,STU004446,SCH008,2024-12-01,13,11,Family
ATT202412004447,STU004447,SCH047,2024-12-01,10,9,Medical
ATT202412004448,STU004448,SCH026,2024-12-01,13,12,Illness
ATT202412004449,STU004449,SCH045,2024-12-01,13,12,Illness
ATT202412004450,STU004450,SCH004,2024-12-01,11,11,
ATT202412004451,STU004451,SCH025,2024-12-01,14,13,Other
ATT202412004452,STU004452,SCH048,2024-12-01,13,12,Unauthorised
ATT202412004453,STU004453,SCH001,2024-12-01,12,10,Illness
ATT202412004454,STU004454,SCH007,2024-12-01,12,11,Medical
ATT202412004455,STU004455,SCH032,2024-12-01,12,11,Other
ATT202412004456,STU004456,SCH039,2024-12-01,14,13,Medical
ATT202412004457,STU004457,SCH011,2024-12-01,12,11,Unauthorised
ATT202412004458,STU004458,SCH033,2024-12-01,15,14,Other
ATT202412004459,STU004459,SCH015,2024-12-01,14,12,Medical
ATT202412004460,STU004460,SCH005,2024-12-01,12,11,Medical
ATT202412004461,STU004461,SCH012,2024-12-01,12,11,Unauthorised
ATT202412004462,STU004462,SCH005,2024-12-01,12,11,Other
ATT202412004463,STU004463,SCH044,2024-12-01,15,13,Illness
ATT202412004464,STU004464,SCH039,2024-12-01,14,13,Illness
ATT202412004465,STU004465,SCH004,2024-12-01,14,14,
ATT202412004466,STU004466,SCH013,2024-12-01,15,13,Family
ATT202412004467,STU004467,SCH041,2024-12-01,15,14,Family
ATT202412004468,STU004468,SCH005,2024-12-01,10,9,Other
ATT202412004469,STU004469,SCH021,2024-12-01,14,12,Unauthorised
ATT202412004470,STU004470,SCH049,2024-12-01,10,8,Other
ATT202412004471,STU004471,SCH024,2024-12-01,14,14,
ATT202412004472,STU004472,SCH011,2024-12-01,13,12,Family
ATT202412004473,STU004473,SCH039,2024-12-01,14,13,Medical
ATT202412004474,STU004474,SCH027,2024-12-01,15,13,Family
ATT202412004475,STU004475,SCH004,2024-12-01,14,11,Other
ATT202412004476,STU004476,SCH025,2024-12-01,13,11,Illness
ATT202412004477,STU004477,SCH023,2024-12-01,11,10,Medical
ATT202412004478,STU004478,SCH003,2024-12-01,13,12,Illness
ATT202412004479,STU004479,SCH033,2024-12-01,12,11,Illness
ATT202412004480,STU004480,SCH002,2024-12-01,11,8,Illness
ATT202412004481,STU004481,SCH046,2024-12-01,14,13,Family
ATT202412004482,STU004482,SCH014,2024-12-01,15,14,Medical
ATT202412004483,STU004483,SCH035,2024-12-01,14,13,Family
ATT202412004484,STU004484,SCH009,2024-12-01,15,13,Illness
ATT202412004485,STU004485,SCH031,2024-12-01,15,15,
ATT202412004486,STU004486,SCH005,2024-12-01,12,11,Unauthorised
ATT202412004487,STU004487,SCH042,2024-12-01,14,12,Illness
ATT202412004488,STU004488,SCH025,2024-12-01,10,9,Illness
ATT202412004489,STU004489,SCH035,2024-12-01,11,11,
ATT202412004490,STU004490,SCH030,2024-12-01,11,11,
ATT202412004491,STU004491,SCH024,2024-12-01,13,12,Other
ATT202412004492,STU004492,SCH003,2024-12-01,15,14,Medical
ATT202412004493,STU004493,SCH013,2024-12-01,14,12,Medical
ATT202412004494,STU004494,SCH035,2024-12-01,13,11,Illness
ATT202412004495,STU004495,SCH003,2024-12-01,10,9,Illness
ATT202412004496,STU004496,SCH034,2024-12-01,10,10,
ATT202412004497,STU004497,SCH015,2024-12-01,12,10,Family
ATT202412004498,STU004498,SCH028,2024-12-01,12,11,Medical
ATT202412004499,STU004499,SCH032,2024-12-01,15,14,Medical
ATT202412004500,STU004500,SCH049,2024-12-01,11,10,Family
ATT202412004501,STU004501,SCH039,2024-12-01,10,9,Other
ATT202412004502,STU004502,SCH012,2024-12-01,15,14,Unauthorised
ATT202412004503,STU004503,SCH042,2024-12-01,10,10,
ATT202412004504,STU004504,SCH025,2024-12-01,11,10,Medical
ATT202412004506,STU004506,SCH010,2024-12-01,11,10,Other
ATT202412004507,STU004507,SCH027,2024-12-01,11,10,Illness
ATT202412004508,STU004508,SCH029,2024-12-01,12,11,Unauthorised
ATT202412004509,STU004509,SCH039,2024-12-01,14,13,Other
ATT202412004510,STU004510,SCH016,2024-12-01,15,14,Unauthorised
ATT202412004511,STU004511,SCH042,2024-12-01,15,13,Family
ATT202412004512,STU004512,SCH029,2024-12-01,15,14,Unauthorised
ATT202412004513,STU004513,SCH040,2024-12-01,10,9,Unauthorised
ATT202412004514,STU004514,SCH015,2024-12-01,12,11,Illness
ATT202412004515,STU004515,SCH035,2024-12-01,14,12,Unauthorised
ATT202412004516,STU004516,SCH029,2024-12-01,10,9,Family
ATT202412004517,STU004517,SCH039,2024-12-01,11,11,
ATT202412004518,STU004518,SCH023,2024-12-01,15,14,Illness
ATT202412004519,STU004519,SCH003,2024-12-01,15,13,Unauthorised
ATT202412004520,STU004520,SCH047,2024-12-01,12,11,Other
ATT202412004521,STU004521,SCH038,2024-12-01,10,10,
ATT202412004522,STU004522,SCH035,2024-12-01,10,8,Family
ATT202412004523,STU004523,SCH022,2024-12-01,15,14,Other
ATT202412004524,STU004524,SCH038,2024-12-01,12,12,
ATT202412004525,STU004525,SCH036,2024-12-01,14,13,Family
ATT202412004526,STU004526,SCH004,2024-12-01,11,11,
ATT202412004527,STU004527,SCH016,2024-12-01,10,9,Unauthorised
ATT202412004528,STU004528,SCH011,2024-12-01,10,9,Family
ATT202412004529,STU004529,SCH047,2024-12-01,15,14,Unauthorised
ATT202412004530,STU004530,SCH019,2024-12-01,15,13,Unauthorised
ATT202412004531,STU004531,SCH039,2024-12-01,11,11,
ATT202412004532,STU004532,SCH039,2024-12-01,13,12,Illness
ATT202412004533,STU004533,SCH039,2024-12-01,12,11,Medical
ATT202412004534,STU004534,SCH034,2024-12-01,15,13,Medical
ATT202412004535,STU004535,SCH008,2024-12-01,11,10,Family
ATT202412004536,STU004536,SCH035,2024-12-01,12,11,Medical
ATT202412004537,STU004537,SCH019,2024-12-01,14,13,Unauthorised
ATT202412004538,STU004538,SCH029,2024-12-01,15,13,Family
ATT202412004539,STU004539,SCH038,2024-12-01,15,13,Unauthorised
ATT202412004540,STU004540,SCH001,2024-12-01,10,9,Illness
ATT202412004541,STU004541,SCH016,2024-12-01,13,12,Illness
ATT202412004542,STU004542,SCH008,2024-12-01,13,12,Family
ATT202412004543,STU004543,SCH022,2024-12-01,13,10,Family
ATT202412004544,STU004544,SCH001,2024-12-01,11,9,Other
ATT202412004545,STU004545,SCH011,2024-12-01,10,9,Family
ATT202412004546,STU004546,SCH035,2024-12-01,11,10,Family
ATT202412004547,STU004547,SCH049,2024-12-01,11,10,Other
ATT202412004548,STU004548,SCH042,2024-12-01,14,12,Family
ATT202412004549,STU004549,SCH024,2024-12-01,12,9,Medical
ATT202412004550,STU004550,SCH022,2024-12-01,13,11,Other
ATT202412004551,STU004551,SCH022,2024-12-01,10,8,Illness
ATT202412004553,STU004553,SCH026,2024-12-01,13,12,Family
ATT202412004554,STU004554,SCH049,2024-12-01,14,11,Illness
ATT202412004555,STU004555,SCH025,2024-12-01,11,10,Illness
ATT202412004556,STU004556,SCH033,2024-12-01,13,13,
ATT202412004557,STU004557,SCH006,2024-12-01,14,13,Family
ATT202412004558,STU004558,SCH018,2024-12-01,15,13,Family
ATT202412004560,STU004560,SCH011,2024-12-01,12,11,Family
ATT202412004561,STU004561,SCH008,2024-12-01,11,10,Other
ATT202412004562,STU004562,SCH021,2024-12-01,12,10,Family
ATT202412004563,STU004563,SCH013,2024-12-01,13,12,Other
ATT202412004564,STU004564,SCH022,2024-12-01,11,9,Other
ATT202412004565,STU004565,SCH050,2024-12-01,13,12,Unauthorised
ATT202412004566,STU004566,SCH022,2024-12-01,12,10,Unauthorised
ATT202412004567,STU004567,SCH029,2024-12-01,15,14,Illness
ATT202412004568,STU004568,SCH050,2024-12-01,10,9,Family
ATT202412004569,STU004569,SCH021,2024-12-01,10,9,Medical
ATT202412004570,STU004570,SCH001,2024-12-01,10,9,Unauthorised
ATT202412004571,STU004571,SCH014,2024-12-01,11,11,
ATT202412004572,STU004572,SCH031,2024-12-01,13,13,
ATT202412004573,STU004573,SCH033,2024-12-01,12,11,Illness
ATT202412004574,STU004574,SCH028,2024-12-01,13,12,Medical
ATT202412004575,STU004575,SCH045,2024-12-01,11,10,Unauthorised
ATT202412004576,STU004576,SCH037,2024-12-01,11,10,Unauthorised
ATT202412004577,STU004577,SCH027,2024-12-01,14,12,Unauthorised
ATT202412004578,STU004578,SCH018,2024-12-01,14,13,Illness
ATT202412004579,STU004579,SCH039,2024-12-01,13,12,Medical
ATT202412004580,STU004580,SCH023,2024-12-01,14,13,Family
ATT202412004581,STU004581,SCH035,2024-12-01,14,12,Medical
ATT202412004582,STU004582,SCH013,2024-12-01,15,13,Medical
ATT202412004583,STU004583,SCH039,2024-12-01,15,14,Illness
ATT202412004584,STU004584,SCH038,2024-12-01,10,10,
ATT202412004585,STU004585,SCH001,2024-12-01,12,11,Medical
ATT202412004586,STU004586,SCH039,2024-12-01,11,10,Other
ATT202412004587,STU004587,SCH014,2024-12-01,14,13,Other
ATT202412004588,STU004588,SCH029,2024-12-01,11,9,Unauthorised
ATT202412004589,STU004589,SCH004,2024-12-01,10,10,
ATT202412004590,STU004590,SCH040,2024-12-01,12,11,Family
ATT202412004591,STU004591,SCH050,2024-12-01,13,12,Illness
ATT202412004592,STU004592,SCH043,2024-12-01,10,9,Family
ATT202412004593,STU004593,SCH008,2024-12-01,11,10,Family
ATT202412004594,STU004594,SCH025,2024-12-01,14,13,Medical
ATT202412004595,STU004595,SCH046,2024-12-01,15,14,Family
ATT202412004596,STU004596,SCH036,2024-12-01,15,14,Other
ATT202412004597,STU004597,SCH032,2024-12-01,15,13,Family
ATT202412004598,STU004598,SCH006,2024-12-01,15,14,Medical
ATT202412004599,STU004599,SCH018,2024-12-01,15,14,Family
ATT202412004600,STU004600,SCH007,2024-12-01,10,10,
ATT202412004601,STU004601,SCH029,2024-12-01,12,10,Unauthorised
ATT202412004602,STU004602,SCH014,2024-12-01,11,10,Illness
ATT202412004603,STU004603,SCH036,2024-12-01,12,11,Illness
ATT202412004604,STU004604,SCH012,2024-12-01,14,12,Illness
ATT202412004605,STU004605,SCH034,2024-12-01,12,11,Unauthorised
ATT202412004606,STU004606,SCH019,2024-12-01,11,10,Medical
ATT202412004607,STU004607,SCH035,2024-12-01,14,12,Other
ATT202412004608,STU004608,SCH006,2024-12-01,13,12,Family
ATT202412004609,STU004609,SCH039,2024-12-01,15,15,
ATT202412004610,STU004610,SCH033,2024-12-01,12,11,Unauthorised
ATT202412004611,STU004611,SCH001,2024-12-01,12,11,Medical
ATT202412004612,STU004612,SCH006,2024-12-01,12,11,Family
ATT202412004613,STU004613,SCH014,2024-12-01,11,10,Unauthorised
ATT202412004614,STU004614,SCH040,2024-12-01,11,10,Family
ATT202412004615,STU004615,SCH033,2024-12-01,14,13,Unauthorised
ATT202412004616,STU004616,SCH022,2024-12-01,12,11,Other
ATT202412004617,STU004617,SCH012,2024-12-01,14,13,Illness
ATT202412004618,STU004618,SCH026,2024-12-01,14,13,Family
ATT202412004619,STU004619,SCH011,2024-12-01,12,11,Illness
ATT202412004620,STU004620,SCH046,2024-12-01,11,9,Other
ATT202412004621,STU004621,SCH020,2024-12-01,10,10,
ATT202412004622,STU004622,SCH019,2024-12-01,15,14,Unauthorised
ATT202412004623,STU004623,SCH011,2024-12-01,10,9,Medical
ATT202412004624,STU004624,SCH008,2024-12-01,13,12,Illness
ATT202412004625,STU004625,SCH041,2024-12-01,11,10,Other
ATT202412004626,STU004626,SCH001,2024-12-01,13,12,Medical
ATT202412004627,STU004627,SCH016,2024-12-01,13,12,Unauthorised
ATT202412004628,STU004628,SCH016,2024-12-01,14,13,Unauthorised
ATT202412004629,STU004629,SCH026,2024-12-01,12,11,Other
ATT202412004630,STU004630,SCH030,2024-12-01,13,12,Illness
ATT202412004631,STU004631,SCH032,2024-12-01,12,11,Other
ATT202412004632,STU004632,SCH004,2024-12-01,12,11,Illness
ATT202412004633,STU004633,SCH042,2024-12-01,12,9,Other
ATT202412004634,STU004634,SCH044,2024-12-01,11,10,Other
ATT202412004635,STU004635,SCH027,2024-12-01,15,13,Medical
ATT202412004636,STU004636,SCH038,2024-12-01,10,9,Other
ATT202412004637,STU004637,SCH030,2024-12-01,15,14,Illness
ATT202412004638,STU004638,SCH021,2024-12-01,10,9,Medical
ATT202412004639,STU004639,SCH029,2024-12-01,14,12,Family
ATT202412004640,STU004640,SCH015,2024-12-01,14,13,Illness
ATT202412004641,STU004641,SCH019,2024-12-01,14,13,Other
ATT202412004642,STU004642,SCH005,2024-12-01,14,13,Medical
ATT202412004643,STU004643,SCH046,2024-12-01,14,13,Unauthorised
ATT202412004644,STU004644,SCH032,2024-12-01,12,11,Unauthorised
ATT202412004645,STU004645,SCH008,2024-12-01,12,11,Medical
ATT202412004646,STU004646,SCH019,2024-12-01,11,10,Illness
ATT202412004647,STU004647,SCH004,2024-12-01,15,13,Other
ATT202412004648,STU004648,SCH032,2024-12-01,13,12,Family
ATT202412004649,STU004649,SCH023,2024-12-01,11,10,Unauthorised
ATT202412004650,STU004650,SCH032,2024-12-01,10,9,Family
ATT202412004651,STU004651,SCH034,2024-12-01,11,9,Other
ATT202412004652,STU004652,SCH042,2024-12-01,14,12,Other
ATT202412004653,STU004653,SCH034,2024-12-01,13,11,Family
ATT202412004654,STU004654,SCH031,2024-12-01,12,11,Family
ATT202412004655,STU004655,SCH027,2024-12-01,13,11,Other
ATT202412004656,STU004656,SCH046,2024-12-01,10,9,Unauthorised
ATT202412004657,STU004657,SCH007,2024-12-01,11,10,Illness
ATT202412004658,STU004658,SCH028,2024-12-01,11,10,Unauthorised
ATT202412004659,STU004659,SCH011,2024-12-01,11,10,Unauthorised
ATT202412004660,STU004660,SCH017,2024-12-01,13,11,Medical
ATT202412004661,STU004661,SCH011,2024-12-01,15,14,Illness
ATT202412004662,STU004662,SCH017,2024-12-01,13,10,Family
ATT202412004663,STU004663,SCH024,2024-12-01,13,12,Unauthorised
ATT202412004664,STU004664,SCH014,2024-12-01,12,12,
ATT202412004665,STU004665,SCH018,2024-12-01,13,11,Family
ATT202412004666,STU004666,SCH012,2024-12-01,12,11,Other
ATT202412004667,STU004667,SCH045,2024-12-01,15,13,Family
ATT202412004668,STU004668,SCH024,2024-12-01,12,11,Illness
ATT202412004669,STU004669,SCH046,2024-12-01,12,11,Unauthorised
ATT202412004670,STU004670,SCH025,2024-12-01,10,9,Illness
ATT202412004671,STU004671,SCH005,2024-12-01,12,11,Unauthorised
ATT202412004672,STU004672,SCH013,2024-12-01,11,10,Family
ATT202412004673,STU004673,SCH003,2024-12-01,14,13,Unauthorised
ATT202412004674,STU004674,SCH005,2024-12-01,13,12,Unauthorised
ATT202412004675,STU004675,SCH011,2024-12-01,12,11,Medical
ATT202412004676,STU004676,SCH010,2024-12-01,10,9,Illness
ATT202412004677,STU004677,SCH010,2024-12-01,11,9,Unauthorised
ATT202412004678,STU004678,SCH042,2024-12-01,13,11,Other
ATT202412004679,STU004679,SCH036,2024-12-01,14,12,Unauthorised
ATT202412004680,STU004680,SCH006,2024-12-01,12,11,Medical
ATT202412004681,STU004681,SCH048,2024-12-01,14,13,Medical
ATT202412004682,STU004682,SCH025,2024-12-01,12,11,Unauthorised
ATT202412004683,STU004683,SCH046,2024-12-01,15,15,
ATT202412004684,STU004684,SCH005,2024-12-01,11,10,Other
ATT202412004685,STU004685,SCH048,2024-12-01,11,10,Family
ATT202412004686,STU004686,SCH013,2024-12-01,13,12,Family
ATT202412004687,STU004687,SCH030,2024-12-01,12,11,Medical
ATT202412004688,STU004688,SCH013,2024-12-01,15,14,Medical
ATT202412004689,STU004689,SCH036,2024-12-01,10,9,Unauthorised
ATT202412004690,STU004690,SCH003,2024-12-01,10,9,Medical
ATT202412004691,STU004691,SCH013,2024-12-01,11,9,Family
ATT202412004692,STU004692,SCH014,2024-12-01,13,12,Illness
ATT202412004693,STU004693,SCH023,2024-12-01,14,12,Family
ATT202412004694,STU004694,SCH033,2024-12-01,13,12,Illness
ATT202412004695,STU004695,SCH032,2024-12-01,12,11,Unauthorised
ATT202412004696,STU004696,SCH027,2024-12-01,10,9,Other
ATT202412004697,STU004697,SCH032,2024-12-01,12,11,Family
ATT202412004698,STU004698,SCH030,2024-12-01,13,12,Family
ATT202412004699,STU004699,SCH037,2024-12-01,13,12,Medical
ATT202412004700,STU004700,SCH026,2024-12-01,10,9,Unauthorised
ATT202412004701,STU004701,SCH034,2024-12-01,15,14,Other
ATT202412004702,STU004702,SCH048,2024-12-01,15,14,Family
ATT202412004703,STU004703,SCH048,2024-12-01,15,13,Unauthorised
ATT202412004704,STU004704,SCH020,2024-12-01,12,11,Illness
ATT202412004705,STU004705,SCH020,2024-12-01,13,11,Medical
ATT202412004706,STU004706,SCH049,2024-12-01,12,10,Illness
ATT202412004707,STU004707,SCH023,2024-12-01,12,11,Other
ATT202412004708,STU004708,SCH033,2024-12-01,13,12,Illness
ATT202412004709,STU004709,SCH007,2024-12-01,15,14,Family
ATT202412004710,STU004710,SCH044,2024-12-01,13,11,Family
ATT202412004711,STU004711,SCH013,2024-12-01,10,9,Family
ATT202412004712,STU004712,SCH039,2024-12-01,12,11,Medical
ATT202412004713,STU004713,SCH032,2024-12-01,13,12,Family
ATT202412004714,STU004714,SCH029,2024-12-01,14,13,Family
ATT202412004715,STU004715,SCH013,2024-12-01,14,13,Family
ATT202412004716,STU004716,SCH001,2024-12-01,12,11,Family
ATT202412004717,STU004717,SCH004,2024-12-01,13,11,Unauthorised
ATT202412004718,STU004718,SCH046,2024-12-01,10,9,Other
ATT202412004719,STU004719,SCH032,2024-12-01,15,13,Family
ATT202412004720,STU004720,SCH009,2024-12-01,11,10,Other
ATT202412004721,STU004721,SCH021,2024-12-01,14,12,Unauthorised
ATT202412004722,STU004722,SCH011,2024-12-01,12,12,
ATT202412004723,STU004723,SCH020,2024-12-01,13,12,Unauthorised
ATT202412004724,STU004724,SCH028,2024-12-01,10,10,
ATT202412004725,STU004725,SCH007,2024-12-01,10,9,Illness
ATT202412004727,STU004727,SCH020,2024-12-01,10,10,
ATT202412004728,STU004728,SCH010,2024-12-01,13,12,Family
ATT202412004729,STU004729,SCH009,2024-12-01,13,12,Unauthorised
ATT202412004730,STU004730,SCH048,2024-12-01,13,11,Other
ATT202412004731,STU004731,SCH027,2024-12-01,11,10,Medical
ATT202412004732,STU004732,SCH010,2024-12-01,13,12,Other
ATT202412004733,STU004733,SCH006,2024-12-01,13,13,
ATT202412004734,STU004734,SCH042,2024-12-01,11,10,Unauthorised
ATT202412004735,STU004735,SCH031,2024-12-01,15,15,
ATT202412004736,STU004736,SCH010,2024-12-01,10,9,Illness
ATT202412004737,STU004737,SCH021,2024-12-01,14,14,
ATT202412004738,STU004738,SCH005,2024-12-01,10,10,
ATT202412004739,STU004739,SCH029,2024-12-01,14,13,Family
ATT202412004740,STU004740,SCH001,2024-12-01,15,14,Illness
ATT202412004741,STU004741,SCH047,2024-12-01,11,11,
ATT202412004742,STU004742,SCH034,2024-12-01,11,8,Illness
ATT202412004743,STU004743,SCH010,2024-12-01,14,13,Illness
ATT202412004744,STU004744,SCH028,2024-12-01,15,14,Illness
ATT202412004745,STU004745,SCH032,2024-12-01,13,12,Illness
ATT202412004746,STU004746,SCH035,2024-12-01,13,11,Family
ATT202412004747,STU004747,SCH021,2024-12-01,10,9,Medical
ATT202412004748,STU004748,SCH012,2024-12-01,10,9,Other
ATT202412004749,STU004749,SCH017,2024-12-01,13,11,Other
ATT202412004750,STU004750,SCH018,2024-12-01,12,12,
ATT202412004751,STU004751,SCH040,2024-12-01,11,11,
ATT202412004752,STU004752,SCH009,2024-12-01,14,12,Medical
ATT202412004753,STU004753,SCH030,2024-12-01,10,9,Unauthorised
ATT202412004754,STU004754,SCH016,2024-12-01,10,9,Other
ATT202412004755,STU004755,SCH036,2024-12-01,12,11,Other
ATT202412004756,STU004756,SCH048,2024-12-01,11,10,Illness
ATT202412004757,STU004757,SCH037,2024-12-01,14,12,Medical
ATT202412004758,STU004758,SCH050,2024-12-01,13,11,Illness
ATT202412004759,STU004759,SCH028,2024-12-01,10,9,Other
ATT202412004760,STU004760,SCH017,2024-12-01,11,11,
ATT202412004761,STU004761,SCH012,2024-12-01,14,13,Other
ATT202412004762,STU004762,SCH011,2024-12-01,11,10,Family
ATT202412004763,STU004763,SCH044,2024-12-01,15,14,Other
ATT202412004764,STU004764,SCH024,2024-12-01,12,11,Medical
ATT202412004765,STU004765,SCH005,2024-12-01,15,14,Family
ATT202412004766,STU004766,SCH026,2024-12-01,14,14,
ATT202412004767,STU004767,SCH038,2024-12-01,14,13,Other
ATT202412004768,STU004768,SCH004,2024-12-01,15,14,Family
ATT202412004769,STU004769,SCH007,2024-12-01,10,9,Other
ATT202412004770,STU004770,SCH011,2024-12-01,13,12,Unauthorised
ATT202412004771,STU004771,SCH015,2024-12-01,14,13,Medical
ATT202412004772,STU004772,SCH007,2024-12-01,12,11,Illness
ATT202412004773,STU004773,SCH011,2024-12-01,15,14,Family
ATT202412004774,STU004774,SCH008,2024-12-01,11,10,Other
ATT202412004775,STU004775,SCH050,2024-12-01,14,13,Family
ATT202412004776,STU004776,SCH027,2024-12-01,12,11,Other
ATT202412004777,STU004777,SCH048,2024-12-01,12,11,Family
ATT202412004778,STU004778,SCH034,2024-12-01,11,10,Illness
ATT202412004779,STU004779,SCH031,2024-12-01,15,14,Unauthorised
ATT202412004780,STU004780,SCH044,2024-12-01,12,12,
ATT202412004781,STU004781,SCH008,2024-12-01,15,13,Family
ATT202412004782,STU004782,SCH027,2024-12-01,14,13,Family
ATT202412004783,STU004783,SCH033,2024-12-01,11,11,
ATT202412004784,STU004784,SCH033,2024-12-01,15,14,Other
ATT202412004785,STU004785,SCH037,2024-12-01,14,12,Family
ATT202412004786,STU004786,SCH014,2024-12-01,13,12,Unauthorised
ATT202412004787,STU004787,SCH040,2024-12-01,13,12,Family
ATT202412004788,STU004788,SCH011,2024-12-01,13,12,Unauthorised
ATT202412004789,STU004789,SCH048,2024-12-01,10,10,
ATT202412004790,STU004790,SCH021,2024-12-01,11,11,
ATT202412004791,STU004791,SCH006,2024-12-01,14,13,Other
ATT202412004792,STU004792,SCH010,2024-12-01,14,13,Unauthorised
ATT202412004793,STU004793,SCH009,2024-12-01,15,14,Illness
ATT202412004794,STU004794,SCH022,2024-12-01,14,13,Medical
ATT202412004795,STU004795,SCH015,2024-12-01,10,9,Illness
ATT202412004796,STU004796,SCH006,2024-12-01,14,13,Family
ATT202412004797,STU004797,SCH028,2024-12-01,13,12,Medical
ATT202412004798,STU004798,SCH048,2024-12-01,13,11,Medical
ATT202412004799,STU004799,SCH027,2024-12-01,13,11,Family
ATT202412004800,STU004800,SCH019,2024-12-01,15,15,
ATT202412004801,STU004801,SCH015,2024-12-01,10,10,
ATT202412004802,STU004802,SCH014,2024-12-01,13,11,Illness
ATT202412004803,STU004803,SCH035,2024-12-01,11,11,
ATT202412004804,STU004804,SCH029,2024-12-01,12,10,Other
ATT202412004805,STU004805,SCH016,2024-12-01,12,10,Other
ATT202412004806,STU004806,SCH037,2024-12-01,12,12,
ATT202412004807,STU004807,SCH034,2024-12-01,11,10,Unauthorised
ATT202412004808,STU004808,SCH015,2024-12-01,13,12,Family
ATT202412004809,STU004809,SCH011,2024-12-01,13,12,Medical
ATT202412004810,STU004810,SCH026,2024-12-01,15,14,Medical
ATT202412004811,STU004811,SCH049,2024-12-01,13,12,Medical
ATT202412004812,STU004812,SCH030,2024-12-01,14,13,Family
ATT202412004813,STU004813,SCH047,2024-12-01,11,10,Unauthorised
ATT202412004814,STU004814,SCH045,2024-12-01,12,11,Illness
ATT202412004815,STU004815,SCH001,2024-12-01,11,10,Illness
ATT202412004816,STU004816,SCH045,2024-12-01,12,11,Family
ATT202412004817,STU004817,SCH043,2024-12-01,10,9,Other
ATT202412004818,STU004818,SCH014,2024-12-01,10,9,Unauthorised
ATT202412004819,STU004819,SCH026,2024-12-01,15,14,Family
ATT202412004820,STU004820,SCH043,2024-12-01,11,11,
ATT202412004821,STU004821,SCH012,2024-12-01,12,11,Other
ATT202412004822,STU004822,SCH013,2024-12-01,15,13,Family
ATT202412004823,STU004823,SCH037,2024-12-01,11,10,Family
ATT202412004824,STU004824,SCH007,2024-12-01,15,14,Unauthorised
ATT202412004825,STU004825,SCH007,2024-12-01,14,13,Unauthorised
ATT202412004826,STU004826,SCH039,2024-12-01,15,14,Other
ATT202412004827,STU004827,SCH029,2024-12-01,11,9,Other
ATT202412004828,STU004828,SCH044,2024-12-01,11,10,Other
ATT202412004829,STU004829,SCH050,2024-12-01,15,13,Family
ATT202412004830,STU004830,SCH026,2024-12-01,14,13,Unauthorised
ATT202412004831,STU004831,SCH026,2024-12-01,10,9,Other
ATT202412004832,STU004832,SCH005,2024-12-01,10,10,
ATT202412004833,STU004833,SCH011,2024-12-01,14,13,Other
ATT202412004834,STU004834,SCH045,2024-12-01,14,13,Other
ATT202412004835,STU004835,SCH019,2024-12-01,12,12,
ATT202412004836,STU004836,SCH006,2024-12-01,14,13,Unauthorised
ATT202412004837,STU004837,SCH032,2024-12-01,12,11,Other
ATT202412004838,STU004838,SCH018,2024-12-01,15,14,Unauthorised
ATT202412004839,STU004839,SCH034,2024-12-01,11,9,Medical
ATT202412004840,STU004840,SCH015,2024-12-01,10,9,Illness
ATT202412004841,STU004841,SCH046,2024-12-01,10,9,Medical
ATT202412004842,STU004842,SCH018,2024-12-01,15,13,Other
ATT202412004843,STU004843,SCH028,2024-12-01,12,12,
ATT202412004844,STU004844,SCH027,2024-12-01,15,13,Medical
ATT202412004845,STU004845,SCH035,2024-12-01,13,12,Family
ATT202412004846,STU004846,SCH025,2024-12-01,12,11,Unauthorised
ATT202412004847,STU004847,SCH002,2024-12-01,10,9,Illness
ATT202412004848,STU004848,SCH039,2024-12-01,11,10,Unauthorised
ATT202412004849,STU004849,SCH048,2024-12-01,13,12,Illness
ATT202412004850,STU004850,SCH048,2024-12-01,13,12,Medical
ATT202412004851,STU004851,SCH044,2024-12-01,14,12,Other
ATT202412004852,STU004852,SCH033,2024-12-01,13,12,Medical
ATT202412004853,STU004853,SCH004,2024-12-01,13,12,Unauthorised
ATT202412004854,STU004854,SCH022,2024-12-01,10,10,
ATT202412004855,STU004855,SCH034,2024-12-01,10,9,Medical
ATT202412004856,STU004856,SCH031,2024-12-01,10,9,Medical
ATT202412004857,STU004857,SCH046,2024-12-01,11,11,
ATT202412004858,STU004858,SCH013,2024-12-01,14,13,Medical
ATT202412004859,STU004859,SCH029,2024-12-01,15,14,Family
ATT202412004860,STU004860,SCH046,2024-12-01,13,12,Medical
ATT202412004861,STU004861,SCH022,2024-12-01,11,9,Other
ATT202412004862,STU004862,SCH007,2024-12-01,15,14,Illness
ATT202412004863,STU004863,SCH024,2024-12-01,10,9,Medical
ATT202412004864,STU004864,SCH044,2024-12-01,13,12,Unauthorised
ATT202412004865,STU004865,SCH036,2024-12-01,10,9,Other
ATT202412004866,STU004866,SCH028,2024-12-01,12,11,Medical
ATT202412004867,STU004867,SCH036,2024-12-01,12,12,
ATT202412004868,STU004868,SCH040,2024-12-01,12,11,Unauthorised
ATT202412004869,STU004869,SCH004,2024-12-01,11,10,Illness
ATT202412004870,STU004870,SCH022,2024-12-01,13,10,Medical
ATT202412004871,STU004871,SCH004,2024-12-01,12,10,Other
ATT202412004872,STU004872,SCH044,2024-12-01,12,10,Family
ATT202412004873,STU004873,SCH026,2024-12-01,15,14,Other
ATT202412004874,STU004874,SCH004,2024-12-01,11,10,Other
ATT202412004875,STU004875,SCH007,2024-12-01,12,11,Other
ATT202412004876,STU004876,SCH040,2024-12-01,14,13,Family
ATT202412004877,STU004877,SCH022,2024-12-01,10,9,Illness
ATT202412004878,STU004878,SCH049,2024-12-01,14,13,Illness
ATT202412004879,STU004879,SCH030,2024-12-01,13,13,
ATT202412004880,STU004880,SCH040,2024-12-01,12,12,
ATT202412004881,STU004881,SCH031,2024-12-01,13,13,
ATT202412004882,STU004882,SCH007,2024-12-01,14,13,Illness
ATT202412004883,STU004883,SCH019,2024-12-01,11,11,
ATT202412004884,STU004884,SCH026,2024-12-01,14,13,Other
ATT202412004885,STU004885,SCH007,2024-12-01,10,9,Family
ATT202412004886,STU004886,SCH006,2024-12-01,13,12,Other
ATT202412004887,STU004887,SCH050,2024-12-01,12,11,Medical
ATT202412004888,STU004888,SCH011,2024-12-01,12,11,Unauthorised
ATT202412004889,STU004889,SCH002,2024-12-01,14,13,Family
ATT202412004890,STU004890,SCH049,2024-12-01,15,13,Medical
ATT202412004891,STU004891,SCH017,2024-12-01,11,10,Medical
ATT202412004892,STU004892,SCH046,2024-12-01,15,14,Illness
ATT202412004893,STU004893,SCH035,2024-12-01,15,14,Illness
ATT202412004894,STU004894,SCH019,2024-12-01,13,12,Other
ATT202412004895,STU004895,SCH047,2024-12-01,13,13,
ATT202412004896,STU004896,SCH035,2024-12-01,12,12,
ATT202412004897,STU004897,SCH032,2024-12-01,13,12,Medical
ATT202412004898,STU004898,SCH031,2024-12-01,13,13,
ATT202412004899,STU004899,SCH016,2024-12-01,11,10,Family
ATT202412004900,STU004900,SCH007,2024-12-01,11,10,Other
ATT202412004901,STU004901,SCH012,2024-12-01,12,11,Medical
ATT202412004902,STU004902,SCH010,2024-12-01,14,12,Illness
ATT202412004903,STU004903,SCH003,2024-12-01,11,10,Illness
ATT202412004904,STU004904,SCH012,2024-12-01,14,13,Family
ATT202412004905,STU004905,SCH017,2024-12-01,10,9,Family
ATT202412004906,STU004906,SCH043,2024-12-01,10,10,
ATT202412004907,STU004907,SCH039,2024-12-01,10,9,Illness
ATT202412004908,STU004908,SCH001,2024-12-01,14,13,Medical
ATT202412004909,STU004909,SCH048,2024-12-01,12,11,Medical
ATT202412004910,STU004910,SCH015,2024-12-01,14,13,Illness
ATT202412004911,STU004911,SCH038,2024-12-01,14,13,Illness
ATT202412004912,STU004912,SCH042,2024-12-01,10,9,Medical
ATT202412004913,STU004913,SCH020,2024-12-01,13,12,Other
ATT202412004914,STU004914,SCH041,2024-12-01,11,11,
ATT202412004915,STU004915,SCH025,2024-12-01,15,14,Medical
ATT202412004916,STU004916,SCH042,2024-12-01,10,8,Family
ATT202412004917,STU004917,SCH035,2024-12-01,11,10,Family
ATT202412004918,STU004918,SCH039,2024-12-01,14,13,Medical
ATT202412004919,STU004919,SCH031,2024-12-01,10,9,Family
ATT202412004920,STU004920,SCH024,2024-12-01,11,9,Unauthorised
ATT202412004921,STU004921,SCH030,2024-12-01,12,11,Illness
ATT202412004922,STU004922,SCH043,2024-12-01,10,10,
ATT202412004923,STU004923,SCH037,2024-12-01,10,9,Family
ATT202412004924,STU004924,SCH025,2024-12-01,11,10,Illness
ATT202412004925,STU004925,SCH046,2024-12-01,13,12,Family
ATT202412004926,STU004926,SCH003,2024-12-01,15,14,Illness
ATT202412004927,STU004927,SCH038,2024-12-01,14,14,
ATT202412004928,STU004928,SCH002,2024-12-01,12,12,
ATT202412004929,STU004929,SCH048,2024-12-01,10,9,Medical
ATT202412004930,STU004930,SCH004,2024-12-01,12,12,
ATT202412004931,STU004931,SCH019,2024-12-01,11,10,Medical
ATT202412004932,STU004932,SCH018,2024-12-01,14,14,
ATT202412004933,STU004933,SCH040,2024-12-01,10,10,
ATT202412004934,STU004934,SCH018,2024-12-01,10,10,
ATT202412004935,STU004935,SCH012,2024-12-01,11,9,Family
ATT202412004936,STU004936,SCH015,2024-12-01,10,9,Illness
ATT202412004937,STU004937,SCH047,2024-12-01,14,13,Illness
ATT202412004938,STU004938,SCH008,2024-12-01,13,12,Illness
ATT202412004939,STU004939,SCH039,2024-12-01,14,13,Family
ATT202412004940,STU004940,SCH047,2024-12-01,15,14,Illness
ATT202412004941,STU004941,SCH032,2024-12-01,15,13,Illness
ATT202412004942,STU004942,SCH021,2024-12-01,12,11,Unauthorised
ATT202412004943,STU004943,SCH043,2024-12-01,15,13,Other
ATT202412004944,STU004944,SCH044,2024-12-01,11,10,Illness
ATT202412004945,STU004945,SCH042,2024-12-01,12,10,Other
ATT202412004946,STU004946,SCH021,2024-12-01,13,12,Illness
ATT202412004947,STU004947,SCH035,2024-12-01,13,12,Other
ATT202412004948,STU004948,SCH019,2024-12-01,12,11,Unauthorised
ATT202412004949,STU004949,SCH015,2024-12-01,10,9,Illness
ATT202412004950,STU004950,SCH013,2024-12-01,10,10,
ATT202412004951,STU004951,SCH035,2024-12-01,10,9,Unauthorised
ATT202412004952,STU004952,SCH011,2024-12-01,10,9,Medical
ATT202412004953,STU004953,SCH015,2024-12-01,14,14,
ATT202412004954,STU004954,SCH019,2024-12-01,14,13,Unauthorised
ATT202412004955,STU004955,SCH005,2024-12-01,10,9,Illness
ATT202412004956,STU004956,SCH011,2024-12-01,12,12,
ATT202412004957,STU004957,SCH017,2024-12-01,11,9,Family
ATT202412004958,STU004958,SCH041,2024-12-01,13,12,Medical
ATT202412004959,STU004959,SCH036,2024-12-01,11,10,Family
ATT202412004960,STU004960,SCH006,2024-12-01,11,10,Illness
ATT202412004961,STU004961,SCH005,2024-12-01,14,13,Medical
ATT202412004962,STU004962,SCH048,2024-12-01,10,10,
ATT202412004963,STU004963,SCH034,2024-12-01,13,11,Illness
ATT202412004964,STU004964,SCH041,2024-12-01,13,12,Other
ATT202412004965,STU004965,SCH020,2024-12-01,11,10,Family
ATT202412004966,STU004966,SCH018,2024-12-01,10,9,Unauthorised
ATT202412004967,STU004967,SCH014,2024-12-01,12,11,Medical
ATT202412004968,STU004968,SCH020,2024-12-01,11,10,Unauthorised
ATT202412004969,STU004969,SCH049,2024-12-01,13,12,Other
ATT202412004970,STU004970,SCH013,2024-12-01,15,14,Other
ATT202412004971,STU004971,SCH022,2024-12-01,12,10,Unauthorised
ATT202412004972,STU004972,SCH018,2024-12-01,15,14,Other
ATT202412004973,STU004973,SCH027,2024-12-01,13,12,Illness
ATT202412004974,STU004974,SCH003,2024-12-01,10,10,
ATT202412004975,STU004975,SCH039,2024-12-01,10,8,Medical
ATT202412004976,STU004976,SCH034,2024-12-01,11,9,Unauthorised
ATT202412004977,STU004977,SCH037,2024-12-01,14,13,Medical
ATT202412004978,STU004978,SCH025,2024-12-01,14,13,Medical
ATT202412004979,STU004979,SCH035,2024-12-01,14,13,Family
ATT202412004980,STU004980,SCH047,2024-12-01,14,13,Unauthorised
ATT202412004981,STU004981,SCH049,2024-12-01,10,8,Other
ATT202412004982,STU004982,SCH050,2024-12-01,14,12,Other
ATT202412004983,STU004983,SCH010,2024-12-01,13,12,Family
ATT202412004984,STU004984,SCH001,2024-12-01,15,14,Family
ATT202412004985,STU004985,SCH012,2024-12-01,12,11,Unauthorised
ATT202412004986,STU004986,SCH042,2024-12-01,12,12,
ATT202412004988,STU004988,SCH020,2024-12-01,11,10,Family
ATT202412004989,STU004989,SCH038,2024-12-01,13,12,Unauthorised
ATT202412004990,STU004990,SCH025,2024-12-01,12,11,Medical
ATT202412004991,STU004991,SCH048,2024-12-01,12,10,Unauthorised
ATT202412004992,STU004992,SCH037,2024-12-01,15,14,Medical
ATT202412004993,STU004993,SCH021,2024-12-01,11,10,Unauthorised
ATT202412004994,STU004994,SCH018,2024-12-01,11,10,Medical
ATT202412004995,STU004995,SCH006,2024-12-01,15,15,
ATT202412004996,STU004996,SCH016,2024-12-01,13,12,Unauthorised
ATT202412004997,STU004997,SCH029,2024-12-01,12,10,Unauthorised
ATT202412004998,STU004998,SCH002,2024-12-01,15,13,Medical
ATT202412004999,STU004999,SCH008,2024-12-01,10,9,Medical
ATT202412005000,STU005000,SCH038,2024-12-01,11,10,Medical
ATT202412005001,STU005001,SCH032,2024-12-01,14,13,Illness
ATT202412005002,STU005002,SCH050,2024-12-01,14,13,Other
ATT202412005003,STU005003,SCH004,2024-12-01,12,11,Other
ATT202412005004,STU005004,SCH033,2024-12-01,13,11,Other
ATT202412005005,STU005005,SCH043,2024-12-01,15,13,Unauthorised
ATT202412005006,STU005006,SCH007,2024-12-01,10,9,Family
ATT202412005007,STU005007,SCH032,2024-12-01,13,11,Other
ATT202412005008,STU005008,SCH018,2024-12-01,13,12,Illness
ATT202412005009,STU005009,SCH011,2024-12-01,15,14,Illness
ATT202412005010,STU005010,SCH050,2024-12-01,11,10,Other
ATT202412005011,STU005011,SCH016,2024-12-01,13,12,Medical
ATT202412005012,STU005012,SCH035,2024-12-01,15,14,Family
ATT202412005013,STU005013,SCH040,2024-12-01,10,9,Medical
ATT202412005014,STU005014,SCH001,2024-12-01,10,8,Illness
ATT202412005015,STU005015,SCH022,2024-12-01,10,9,Medical
ATT202412005016,STU005016,SCH024,2024-12-01,14,12,Illness
ATT202412005017,STU005017,SCH010,2024-12-01,12,11,Unauthorised
ATT202412005018,STU005018,SCH031,2024-12-01,10,9,Medical
ATT202412005019,STU005019,SCH028,2024-12-01,13,11,Medical
ATT202412005020,STU005020,SCH018,2024-12-01,11,10,Family
ATT202412005021,STU005021,SCH033,2024-12-01,14,13,Family
ATT202412005022,STU005022,SCH032,2024-12-01,10,9,Other
ATT202412005023,STU005023,SCH030,2024-12-01,13,13,
ATT202412005024,STU005024,SCH017,2024-12-01,11,9,Medical
ATT202412005025,STU005025,SCH018,2024-12-01,14,13,Illness
ATT202412005026,STU005026,SCH028,2024-12-01,11,11,
ATT202412005027,STU005027,SCH018,2024-12-01,10,9,Other
ATT202412005028,STU005028,SCH028,2024-12-01,10,9,Family
ATT202412005029,STU005029,SCH049,2024-12-01,11,10,Medical
ATT202412005030,STU005030,SCH018,2024-12-01,13,12,Family
ATT202412005031,STU005031,SCH015,2024-12-01,10,9,Unauthorised
ATT202412005032,STU005032,SCH026,2024-12-01,14,12,Unauthorised
ATT202412005033,STU005033,SCH004,2024-12-01,11,10,Illness
ATT202412005034,STU005034,SCH015,2024-12-01,11,10,Illness
ATT202412005035,STU005035,SCH017,2024-12-01,15,13,Unauthorised
ATT202412005036,STU005036,SCH029,2024-12-01,15,14,Other
ATT202412005037,STU005037,SCH043,2024-12-01,14,12,Unauthorised
ATT202412005038,STU005038,SCH006,2024-12-01,14,13,Other
ATT202412005039,STU005039,SCH014,2024-12-01,10,9,Medical
ATT202412005040,STU005040,SCH023,2024-12-01,15,14,Other
ATT202412005041,STU005041,SCH019,2024-12-01,11,10,Family
ATT202412005042,STU005042,SCH034,2024-12-01,14,13,Family
ATT202412005043,STU005043,SCH019,2024-12-01,10,9,Medical
ATT202412005044,STU005044,SCH041,2024-12-01,14,12,Unauthorised
ATT202412005045,STU005045,SCH038,2024-12-01,11,11,
ATT202412005046,STU005046,SCH037,2024-12-01,12,11,Illness
ATT202412005047,STU005047,SCH002,2024-12-01,12,11,Other
ATT202412005048,STU005048,SCH023,2024-12-01,11,10,Family
ATT202412005050,STU005050,SCH041,2024-12-01,11,9,Other
ATT202412005051,STU005051,SCH018,2024-12-01,11,11,
ATT202412005052,STU005052,SCH008,2024-12-01,11,10,Family
ATT202412005053,STU005053,SCH026,2024-12-01,13,12,Medical
ATT202412005054,STU005054,SCH047,2024-12-01,13,12,Unauthorised
ATT202412005055,STU005055,SCH042,2024-12-01,14,13,Unauthorised
ATT202412005056,STU005056,SCH018,2024-12-01,12,11,Family
ATT202412005057,STU005057,SCH018,2024-12-01,10,9,Family
ATT202412005058,STU005058,SCH049,2024-12-01,13,12,Other
ATT202412005059,STU005059,SCH011,2024-12-01,13,12,Medical
ATT202412005060,STU005060,SCH031,2024-12-01,12,11,Medical
ATT202412005061,STU005061,SCH032,2024-12-01,14,12,Unauthorised
ATT202412005062,STU005062,SCH020,2024-12-01,11,10,Family
ATT202412005063,STU005063,SCH003,2024-12-01,12,11,Medical
ATT202412005064,STU005064,SCH005,2024-12-01,15,14,Illness
ATT202412005065,STU005065,SCH031,2024-12-01,13,11,Illness
ATT202412005066,STU005066,SCH009,2024-12-01,12,11,Illness
ATT202412005067,STU005067,SCH010,2024-12-01,15,14,Unauthorised
ATT202412005068,STU005068,SCH015,2024-12-01,13,12,Other
ATT202412005069,STU005069,SCH043,2024-12-01,11,10,Medical
ATT202412005070,STU005070,SCH028,2024-12-01,12,11,Family
ATT202412005071,STU005071,SCH026,2024-12-01,12,11,Unauthorised
ATT202412005072,STU005072,SCH013,2024-12-01,14,13,Family
ATT202412005073,STU005073,SCH033,2024-12-01,13,12,Medical
ATT202412005074,STU005074,SCH022,2024-12-01,11,10,Unauthorised
ATT202412005075,STU005075,SCH014,2024-12-01,14,13,Medical
ATT202412005076,STU005076,SCH029,2024-12-01,12,11,Unauthorised
ATT202412005077,STU005077,SCH038,2024-12-01,15,13,Medical
ATT202412005078,STU005078,SCH039,2024-12-01,10,9,Illness
ATT202412005079,STU005079,SCH031,2024-12-01,15,13,Illness
ATT202412005080,STU005080,SCH031,2024-12-01,12,11,Other
ATT202412005081,STU005081,SCH019,2024-12-01,10,9,Other
ATT202412005082,STU005082,SCH014,2024-12-01,14,12,Unauthorised
ATT202412005083,STU005083,SCH050,2024-12-01,14,13,Medical
ATT202412005084,STU005084,SCH008,2024-12-01,13,12,Illness
ATT202412005085,STU005085,SCH018,2024-12-01,10,9,Illness
ATT202412005086,STU005086,SCH043,2024-12-01,14,13,Other
ATT202412005087,STU005087,SCH019,2024-12-01,14,12,Family
ATT202412005088,STU005088,SCH004,2024-12-01,11,9,Medical
ATT202412005089,STU005089,SCH014,2024-12-01,15,14,Family
ATT202412005090,STU005090,SCH023,2024-12-01,13,12,Medical
ATT202412005091,STU005091,SCH038,2024-12-01,11,10,Family
ATT202412005092,STU005092,SCH028,2024-12-01,10,10,
ATT202412005093,STU005093,SCH014,2024-12-01,11,11,
ATT202412005094,STU005094,SCH010,2024-12-01,15,13,Other
ATT202412005095,STU005095,SCH030,2024-12-01,10,9,Unauthorised
ATT202412005096,STU005096,SCH024,2024-12-01,15,14,Unauthorised
ATT202412005098,STU005098,SCH027,2024-12-01,12,11,Unauthorised
ATT202412005099,STU005099,SCH005,2024-12-01,10,9,Other
ATT202412005100,STU005100,SCH023,2024-12-01,10,9,Unauthorised
ATT202412005101,STU005101,SCH048,2024-12-01,12,10,Illness
ATT202412005102,STU005102,SCH019,2024-12-01,11,10,Unauthorised
ATT202412005103,STU005103,SCH015,2024-12-01,15,15,
ATT202412005104,STU005104,SCH041,2024-12-01,15,15,
ATT202412005105,STU005105,SCH040,2024-12-01,12,12,
ATT202412005106,STU005106,SCH001,2024-12-01,13,12,Family
ATT202412005107,STU005107,SCH004,2024-12-01,15,13,Unauthorised
ATT202412005108,STU005108,SCH015,2024-12-01,12,11,Illness
ATT202412005109,STU005109,SCH007,2024-12-01,14,13,Other
ATT202412005110,STU005110,SCH007,2024-12-01,14,13,Family
ATT202412005111,STU005111,SCH017,2024-12-01,15,14,Family
ATT202412005112,STU005112,SCH040,2024-12-01,11,10,Family
ATT202412005113,STU005113,SCH045,2024-12-01,15,14,Medical
ATT202412005114,STU005114,SCH025,2024-12-01,12,11,Family
ATT202412005115,STU005115,SCH026,2024-12-01,11,10,Illness
ATT202412005116,STU005116,SCH033,2024-12-01,12,11,Medical
ATT202412005117,STU005117,SCH011,2024-12-01,14,13,Family
ATT202412005118,STU005118,SCH004,2024-12-01,15,14,Medical
ATT202412005119,STU005119,SCH042,2024-12-01,14,14,
ATT202412005120,STU005120,SCH040,2024-12-01,12,11,Unauthorised
ATT202412005121,STU005121,SCH027,2024-12-01,11,10,Unauthorised
ATT202412005122,STU005122,SCH001,2024-12-01,14,13,Medical
ATT202412005123,STU005123,SCH041,2024-12-01,14,13,Unauthorised
ATT202412005124,STU005124,SCH001,2024-12-01,10,9,Unauthorised
ATT202412005125,STU005125,SCH013,2024-12-01,15,14,Medical
ATT202412005126,STU005126,SCH008,2024-12-01,11,10,Unauthorised
ATT202412005127,STU005127,SCH048,2024-12-01,15,14,Unauthorised
ATT202412005128,STU005128,SCH027,2024-12-01,13,12,Medical
ATT202412005129,STU005129,SCH041,2024-12-01,12,11,Other
ATT202412005130,STU005130,SCH038,2024-12-01,11,10,Unauthorised
ATT202412005131,STU005131,SCH020,2024-12-01,13,12,Illness
ATT202412005132,STU005132,SCH035,2024-12-01,11,10,Illness
ATT202412005133,STU005133,SCH010,2024-12-01,11,10,Other
ATT202412005134,STU005134,SCH018,2024-12-01,14,13,Medical
ATT202412005135,STU005135,SCH039,2024-12-01,11,11,
ATT202412005136,STU005136,SCH030,2024-12-01,15,14,Other
ATT202412005137,STU005137,SCH044,2024-12-01,15,14,Family
ATT202412005138,STU005138,SCH013,2024-12-01,12,11,Other
ATT202412005139,STU005139,SCH005,2024-12-01,14,13,Unauthorised
ATT202412005140,STU005140,SCH042,2024-12-01,10,8,Family
ATT202412005141,STU005141,SCH041,2024-12-01,12,10,Illness
ATT202412005142,STU005142,SCH037,2024-12-01,14,13,Illness
ATT202412005143,STU005143,SCH040,2024-12-01,11,10,Unauthorised
ATT202412005144,STU005144,SCH022,2024-12-01,13,11,Illness
ATT202412005145,STU005145,SCH046,2024-12-01,13,12,Medical
ATT202412005146,STU005146,SCH007,2024-12-01,13,12,Family
ATT202412005147,STU005147,SCH023,2024-12-01,11,11,
ATT202412005148,STU005148,SCH040,2024-12-01,12,10,Other
ATT202412005149,STU005149,SCH026,2024-12-01,12,11,Illness
ATT202412005150,STU005150,SCH029,2024-12-01,14,13,Other
ATT202412005151,STU005151,SCH044,2024-12-01,11,10,Illness
ATT202412005152,STU005152,SCH013,2024-12-01,15,15,
ATT202412005153,STU005153,SCH047,2024-12-01,15,13,Medical
ATT202412005154,STU005154,SCH002,2024-12-01,13,12,Other
ATT202412005155,STU005155,SCH013,2024-12-01,14,13,Illness
ATT202412005156,STU005156,SCH032,2024-12-01,10,8,Other
ATT202412005157,STU005157,SCH005,2024-12-01,14,13,Family
ATT202412005158,STU005158,SCH025,2024-12-01,10,9,Medical
ATT202412005159,STU005159,SCH041,2024-12-01,13,12,Illness
ATT202412005160,STU005160,SCH043,2024-12-01,14,12,Unauthorised
ATT202412005161,STU005161,SCH023,2024-12-01,15,13,Illness
ATT202412005163,STU005163,SCH029,2024-12-01,10,9,Family
ATT202412005164,STU005164,SCH010,2024-12-01,15,13,Other
ATT202412005165,STU005165,SCH022,2024-12-01,14,12,Unauthorised
ATT202412005166,STU005166,SCH023,2024-12-01,15,13,Family
ATT202412005167,STU005167,SCH036,2024-12-01,10,9,Medical
ATT202412005168,STU005168,SCH028,2024-12-01,10,10,
ATT202412005169,STU005169,SCH008,2024-12-01,11,9,Unauthorised
ATT202412005170,STU005170,SCH029,2024-12-01,13,11,Unauthorised
ATT202412005171,STU005171,SCH002,2024-12-01,11,10,Illness
ATT202412005172,STU005172,SCH020,2024-12-01,13,12,Other
ATT202412005173,STU005173,SCH050,2024-12-01,12,11,Other
ATT202412005174,STU005174,SCH034,2024-12-01,10,8,Unauthorised
ATT202412005175,STU005175,SCH045,2024-12-01,11,10,Unauthorised
ATT202412005176,STU005176,SCH030,2024-12-01,12,11,Illness
ATT202412005177,STU005177,SCH022,2024-12-01,10,7,Unauthorised
ATT202412005178,STU005178,SCH020,2024-12-01,11,10,Unauthorised
ATT202412005179,STU005179,SCH010,2024-12-01,10,9,Medical
ATT202412005180,STU005180,SCH050,2024-12-01,15,13,Family
ATT202412005181,STU005181,SCH031,2024-12-01,11,10,Illness
ATT202412005182,STU005182,SCH047,2024-12-01,11,11,
ATT202412005183,STU005183,SCH026,2024-12-01,12,11,Unauthorised
ATT202412005184,STU005184,SCH021,2024-12-01,14,12,Family
ATT202412005185,STU005185,SCH049,2024-12-01,13,12,Illness
ATT202412005186,STU005186,SCH010,2024-12-01,14,13,Medical
ATT202412005187,STU005187,SCH043,2024-12-01,10,9,Family
ATT202412005188,STU005188,SCH020,2024-12-01,14,12,Medical
ATT202412005189,STU005189,SCH007,2024-12-01,10,8,Medical
ATT202412005190,STU005190,SCH034,2024-12-01,11,10,Medical
ATT202412005191,STU005191,SCH042,2024-12-01,12,10,Unauthorised
ATT202412005192,STU005192,SCH045,2024-12-01,14,13,Illness
ATT202412005193,STU005193,SCH027,2024-12-01,13,12,Medical
ATT202412005194,STU005194,SCH012,2024-12-01,13,12,Family
ATT202412005195,STU005195,SCH010,2024-12-01,15,14,Other
ATT202412005196,STU005196,SCH021,2024-12-01,13,13,
ATT202412005197,STU005197,SCH011,2024-12-01,10,9,Unauthorised
ATT202412005198,STU005198,SCH042,2024-12-01,11,10,Illness
ATT202412005199,STU005199,SCH015,2024-12-01,10,10,
ATT202412005200,STU005200,SCH034,2024-12-01,13,11,Family
ATT202412005201,STU005201,SCH037,2024-12-01,13,11,Other
ATT202412005202,STU005202,SCH025,2024-12-01,13,13,
ATT202412005203,STU005203,SCH009,2024-12-01,13,12,Other
ATT202412005204,STU005204,SCH029,2024-12-01,10,10,
ATT202412005205,STU005205,SCH028,2024-12-01,13,11,Medical
ATT202412005206,STU005206,SCH006,2024-12-01,10,10,
ATT202412005207,STU005207,SCH002,2024-12-01,14,12,Illness
ATT202412005208,STU005208,SCH012,2024-12-01,12,11,Medical
ATT202412005209,STU005209,SCH016,2024-12-01,12,11,Unauthorised
ATT202412005210,STU005210,SCH026,2024-12-01,13,12,Unauthorised
ATT202412005211,STU005211,SCH031,2024-12-01,11,10,Unauthorised
ATT202412005212,STU005212,SCH002,2024-12-01,11,10,Medical
ATT202412005213,STU005213,SCH040,2024-12-01,13,12,Family
ATT202412005214,STU005214,SCH010,2024-12-01,15,13,Unauthorised
ATT202412005215,STU005215,SCH030,2024-12-01,14,12,Family
ATT202412005216,STU005216,SCH003,2024-12-01,14,14,
ATT202412005217,STU005217,SCH020,2024-12-01,15,14,Illness
ATT202412005218,STU005218,SCH009,2024-12-01,15,14,Illness
ATT202412005219,STU005219,SCH026,2024-12-01,10,9,Unauthorised
ATT202412005220,STU005220,SCH029,2024-12-01,13,12,Family
ATT202412005221,STU005221,SCH007,2024-12-01,14,13,Medical
ATT202412005222,STU005222,SCH041,2024-12-01,15,13,Medical
ATT202412005223,STU005223,SCH005,2024-12-01,14,14,
ATT202412005224,STU005224,SCH010,2024-12-01,13,12,Illness
ATT202412005225,STU005225,SCH026,2024-12-01,10,9,Unauthorised
ATT202412005226,STU005226,SCH032,2024-12-01,12,11,Illness
ATT202412005227,STU005227,SCH030,2024-12-01,10,9,Medical
ATT202412005228,STU005228,SCH036,2024-12-01,14,13,Medical
ATT202412005229,STU005229,SCH038,2024-12-01,14,12,Medical
ATT202412005230,STU005230,SCH040,2024-12-01,14,13,Other
ATT202412005231,STU005231,SCH042,2024-12-01,11,10,Family
ATT202412005232,STU005232,SCH043,2024-12-01,14,13,Other
ATT202412005233,STU005233,SCH032,2024-12-01,11,10,Family
ATT202412005234,STU005234,SCH048,2024-12-01,15,14,Family
ATT202412005235,STU005235,SCH025,2024-12-01,12,10,Family
ATT202412005236,STU005236,SCH039,2024-12-01,10,9,Medical
ATT202412005237,STU005237,SCH045,2024-12-01,10,9,Medical
ATT202412005238,STU005238,SCH025,2024-12-01,12,11,Family
ATT202412005239,STU005239,SCH047,2024-12-01,11,11,
ATT202412005240,STU005240,SCH018,2024-12-01,12,11,Family
ATT202412005241,STU005241,SCH013,2024-12-01,11,11,
ATT202412005242,STU005242,SCH030,2024-12-01,10,9,Medical
ATT202412005243,STU005243,SCH027,2024-12-01,12,11,Medical
ATT202412005244,STU005244,SCH012,2024-12-01,13,11,Unauthorised
ATT202412005245,STU005245,SCH032,2024-12-01,11,10,Other
ATT202412005246,STU005246,SCH014,2024-12-01,14,13,Family
ATT202412005247,STU005247,SCH026,2024-12-01,10,9,Illness
ATT202412005248,STU005248,SCH027,2024-12-01,10,9,Other
ATT202412005249,STU005249,SCH008,2024-12-01,12,10,Medical
ATT202412005250,STU005250,SCH013,2024-12-01,11,10,Medical
ATT202412005251,STU005251,SCH010,2024-12-01,11,10,Unauthorised
ATT202412005252,STU005252,SCH033,2024-12-01,15,14,Other
ATT202412005253,STU005253,SCH032,2024-12-01,10,9,Unauthorised
ATT202412005254,STU005254,SCH015,2024-12-01,11,10,Family
ATT202412005255,STU005255,SCH046,2024-12-01,13,11,Family
ATT202412005256,STU005256,SCH044,2024-12-01,13,11,Medical
ATT202412005257,STU005257,SCH035,2024-12-01,15,14,Medical
ATT202412005258,STU005258,SCH023,2024-12-01,12,11,Other
ATT202412005259,STU005259,SCH032,2024-12-01,14,13,Unauthorised
ATT202412005260,STU005260,SCH023,2024-12-01,13,12,Illness
ATT202412005261,STU005261,SCH029,2024-12-01,14,13,Medical
ATT202412005262,STU005262,SCH010,2024-12-01,14,13,Medical
ATT202412005263,STU005263,SCH042,2024-12-01,10,9,Family
ATT202412005264,STU005264,SCH032,2024-12-01,14,13,Medical
ATT202412005265,STU005265,SCH022,2024-12-01,14,12,Medical
ATT202412005266,STU005266,SCH031,2024-12-01,15,13,Medical
ATT202412005267,STU005267,SCH010,2024-12-01,14,12,Unauthorised
ATT202412005268,STU005268,SCH024,2024-12-01,14,14,
ATT202412005269,STU005269,SCH005,2024-12-01,13,11,Illness
ATT202412005270,STU005270,SCH036,2024-12-01,14,13,Family
ATT202412005271,STU005271,SCH006,2024-12-01,10,10,
ATT202412005272,STU005272,SCH003,2024-12-01,10,10,
ATT202412005273,STU005273,SCH034,2024-12-01,10,8,Illness
ATT202412005274,STU005274,SCH026,2024-12-01,14,12,Illness
ATT202412005275,STU005275,SCH026,2024-12-01,12,10,Family
ATT202412005276,STU005276,SCH013,2024-12-01,15,14,Unauthorised
ATT202412005277,STU005277,SCH020,2024-12-01,15,14,Unauthorised
ATT202412005278,STU005278,SCH042,2024-12-01,10,8,Other
ATT202412005279,STU005279,SCH021,2024-12-01,11,10,Unauthorised
ATT202412005280,STU005280,SCH047,2024-12-01,10,9,Illness
ATT202412005281,STU005281,SCH031,2024-12-01,13,12,Family
ATT202412005282,STU005282,SCH031,2024-12-01,13,12,Family
ATT202412005283,STU005283,SCH044,2024-12-01,10,9,Unauthorised
ATT202412005284,STU005284,SCH044,2024-12-01,15,12,Unauthorised
ATT202412005285,STU005285,SCH006,2024-12-01,11,10,Unauthorised
ATT202412005286,STU005286,SCH027,2024-12-01,15,14,Medical
ATT202412005287,STU005287,SCH027,2024-12-01,10,8,Family
ATT202412005288,STU005288,SCH025,2024-12-01,10,9,Illness
ATT202412005289,STU005289,SCH005,2024-12-01,15,14,Family
ATT202412005290,STU005290,SCH032,2024-12-01,11,10,Medical
ATT202412005291,STU005291,SCH020,2024-12-01,13,11,Medical
ATT202412005292,STU005292,SCH023,2024-12-01,11,10,Illness
ATT202412005293,STU005293,SCH039,2024-12-01,11,10,Family
ATT202412005294,STU005294,SCH023,2024-12-01,14,12,Illness
ATT202412005295,STU005295,SCH025,2024-12-01,12,11,Medical
ATT202412005296,STU005296,SCH013,2024-12-01,13,12,Unauthorised
ATT202412005297,STU005297,SCH021,2024-12-01,10,9,Family
ATT202412005298,STU005298,SCH039,2024-12-01,14,13,Other
ATT202412005299,STU005299,SCH012,2024-12-01,11,10,Other
ATT202412005300,STU005300,SCH015,2024-12-01,14,14,
ATT202412005301,STU005301,SCH006,2024-12-01,11,10,Other
ATT202412005302,STU005302,SCH031,2024-12-01,10,9,Other
ATT202412005303,STU005303,SCH037,2024-12-01,11,11,
ATT202412005304,STU005304,SCH032,2024-12-01,13,11,Family
ATT202412005305,STU005305,SCH050,2024-12-01,13,12,Medical
ATT202412005306,STU005306,SCH029,2024-12-01,13,12,Medical
ATT202412005307,STU005307,SCH049,2024-12-01,15,13,Unauthorised
ATT202412005308,STU005308,SCH050,2024-12-01,10,9,Medical
ATT202412005309,STU005309,SCH017,2024-12-01,15,13,Other
ATT202412005310,STU005310,SCH006,2024-12-01,13,11,Family
ATT202412005311,STU005311,SCH047,2024-12-01,10,9,Illness
ATT202412005312,STU005312,SCH026,2024-12-01,13,12,Unauthorised
ATT202412005313,STU005313,SCH001,2024-12-01,14,13,Other
ATT202412005314,STU005314,SCH036,2024-12-01,12,11,Unauthorised
ATT202412005315,STU005315,SCH026,2024-12-01,14,13,Family
ATT202412005316,STU005316,SCH018,2024-12-01,15,13,Unauthorised
ATT202412005317,STU005317,SCH021,2024-12-01,12,12,
ATT202412005318,STU005318,SCH002,2024-12-01,15,13,Unauthorised
ATT202412005319,STU005319,SCH015,2024-12-01,10,8,Illness
ATT202412005320,STU005320,SCH050,2024-12-01,10,9,Illness
ATT202412005321,STU005321,SCH020,2024-12-01,12,11,Other
ATT202412005322,STU005322,SCH015,2024-12-01,10,9,Other
ATT202412005323,STU005323,SCH045,2024-12-01,10,8,Other
ATT202412005324,STU005324,SCH036,2024-12-01,13,12,Medical
ATT202412005325,STU005325,SCH029,2024-12-01,14,13,Family
ATT202412005326,STU005326,SCH012,2024-12-01,14,13,Family
ATT202412005327,STU005327,SCH046,2024-12-01,14,13,Illness
ATT202412005328,STU005328,SCH003,2024-12-01,15,14,Illness
ATT202412005329,STU005329,SCH047,2024-12-01,10,10,
ATT202412005330,STU005330,SCH022,2024-12-01,14,12,Family
ATT202412005331,STU005331,SCH020,2024-12-01,12,11,Illness
ATT202412005332,STU005332,SCH009,2024-12-01,14,12,Medical
ATT202412005333,STU005333,SCH050,2024-12-01,10,9,Other
ATT202412005334,STU005334,SCH015,2024-12-01,10,9,Illness
ATT202412005335,STU005335,SCH031,2024-12-01,14,13,Other
ATT202412005336,STU005336,SCH032,2024-12-01,12,11,Medical
ATT202412005337,STU005337,SCH021,2024-12-01,14,13,Illness
ATT202412005338,STU005338,SCH049,2024-12-01,15,13,Medical
ATT202412005339,STU005339,SCH013,2024-12-01,15,12,Other
ATT202412005340,STU005340,SCH029,2024-12-01,13,12,Medical
ATT202412005341,STU005341,SCH045,2024-12-01,14,13,Other
ATT202412005342,STU005342,SCH026,2024-12-01,13,11,Unauthorised
ATT202412005343,STU005343,SCH041,2024-12-01,13,13,
ATT202412005344,STU005344,SCH044,2024-12-01,10,9,Family
ATT202412005345,STU005345,SCH023,2024-12-01,15,14,Other
ATT202412005346,STU005346,SCH009,2024-12-01,10,9,Illness
ATT202412005347,STU005347,SCH018,2024-12-01,15,13,Family
ATT202412005348,STU005348,SCH011,2024-12-01,14,12,Other
ATT202412005349,STU005349,SCH027,2024-12-01,15,14,Unauthorised
ATT202412005350,STU005350,SCH029,2024-12-01,11,10,Illness
ATT202412005351,STU005351,SCH029,2024-12-01,10,9,Medical
ATT202412005352,STU005352,SCH045,2024-12-01,12,11,Family
ATT202412005353,STU005353,SCH023,2024-12-01,13,12,Family
ATT202412005354,STU005354,SCH001,2024-12-01,11,8,Medical
ATT202412005355,STU005355,SCH021,2024-12-01,14,13,Family
ATT202412005356,STU005356,SCH028,2024-12-01,15,14,Unauthorised
ATT202412005357,STU005357,SCH049,2024-12-01,13,11,Other
ATT202412005358,STU005358,SCH030,2024-12-01,13,12,Other
ATT202412005359,STU005359,SCH033,2024-12-01,11,10,Family
ATT202412005360,STU005360,SCH029,2024-12-01,14,14,
ATT202412005361,STU005361,SCH036,2024-12-01,14,14,
ATT202412005362,STU005362,SCH029,2024-12-01,15,14,Family
ATT202412005363,STU005363,SCH014,2024-12-01,13,12,Family
ATT202412005364,STU005364,SCH040,2024-12-01,13,12,Family
ATT202412005365,STU005365,SCH046,2024-12-01,13,12,Unauthorised
ATT202412005366,STU005366,SCH025,2024-12-01,11,10,Family
ATT202412005367,STU005367,SCH042,2024-12-01,14,12,Family
ATT202412005368,STU005368,SCH034,2024-12-01,13,11,Family
ATT202412005369,STU005369,SCH041,2024-12-01,15,14,Other
ATT202412005370,STU005370,SCH045,2024-12-01,14,11,Illness
ATT202412005371,STU005371,SCH008,2024-12-01,14,12,Medical
ATT202412005372,STU005372,SCH048,2024-12-01,10,9,Family
ATT202412005373,STU005373,SCH047,2024-12-01,14,13,Unauthorised
ATT202412005374,STU005374,SCH031,2024-12-01,10,9,Illness
ATT202412005375,STU005375,SCH008,2024-12-01,13,13,
ATT202412005376,STU005376,SCH044,2024-12-01,13,11,Other
ATT202412005377,STU005377,SCH044,2024-12-01,15,13,Unauthorised
ATT202412005378,STU005378,SCH018,2024-12-01,12,12,
ATT202412005379,STU005379,SCH011,2024-12-01,14,13,Other
ATT202412005380,STU005380,SCH016,2024-12-01,14,13,Other
ATT202412005381,STU005381,SCH009,2024-12-01,10,8,Family
ATT202412005382,STU005382,SCH041,2024-12-01,15,14,Unauthorised
ATT202412005383,STU005383,SCH030,2024-12-01,10,9,Illness
ATT202412005384,STU005384,SCH035,2024-12-01,10,9,Unauthorised
ATT202412005385,STU005385,SCH043,2024-12-01,10,9,Illness
ATT202412005386,STU005386,SCH011,2024-12-01,12,11,Unauthorised
ATT202412005387,STU005387,SCH039,2024-12-01,12,12,
ATT202412005388,STU005388,SCH022,2024-12-01,14,12,Illness
ATT202412005389,STU005389,SCH029,2024-12-01,10,9,Unauthorised
ATT202412005390,STU005390,SCH041,2024-12-01,11,9,Unauthorised
ATT202412005391,STU005391,SCH046,2024-12-01,10,9,Medical
ATT202412005392,STU005392,SCH043,2024-12-01,11,10,Medical
ATT202412005393,STU005393,SCH044,2024-12-01,10,9,Illness
ATT202412005394,STU005394,SCH020,2024-12-01,12,11,Illness
ATT202412005395,STU005395,SCH004,2024-12-01,12,11,Other
ATT202412005396,STU005396,SCH047,2024-12-01,15,14,Medical
ATT202412005397,STU005397,SCH005,2024-12-01,12,11,Unauthorised
ATT202412005398,STU005398,SCH039,2024-12-01,10,10,
ATT202412005399,STU005399,SCH025,2024-12-01,14,13,Illness
ATT202412005400,STU005400,SCH011,2024-12-01,14,13,Medical
ATT202412005401,STU005401,SCH044,2024-12-01,11,10,Family
ATT202412005402,STU005402,SCH011,2024-12-01,14,12,Unauthorised
ATT202412005403,STU005403,SCH044,2024-12-01,15,13,Family
ATT202412005404,STU005404,SCH041,2024-12-01,10,10,
ATT202412005405,STU005405,SCH033,2024-12-01,12,11,Unauthorised
ATT202412005406,STU005406,SCH038,2024-12-01,10,9,Other
ATT202412005407,STU005407,SCH014,2024-12-01,15,14,Illness
ATT202412005408,STU005408,SCH013,2024-12-01,15,14,Family
ATT202412005409,STU005409,SCH034,2024-12-01,10,9,Other
ATT202412005410,STU005410,SCH011,2024-12-01,12,11,Illness
ATT202412005411,STU005411,SCH024,2024-12-01,11,9,Family
ATT202412005412,STU005412,SCH039,2024-12-01,15,14,Unauthorised
ATT202412005413,STU005413,SCH017,2024-12-01,13,11,Medical
ATT202412005414,STU005414,SCH011,2024-12-01,15,13,Family
ATT202412005415,STU005415,SCH009,2024-12-01,15,13,Unauthorised
ATT202412005416,STU005416,SCH040,2024-12-01,12,12,
ATT202412005417,STU005417,SCH025,2024-12-01,11,10,Unauthorised
ATT202412005418,STU005418,SCH020,2024-12-01,13,12,Illness
ATT202412005419,STU005419,SCH039,2024-12-01,14,12,Unauthorised
ATT202412005420,STU005420,SCH012,2024-12-01,12,11,Family
ATT202412005421,STU005421,SCH046,2024-12-01,12,11,Medical
ATT202412005422,STU005422,SCH046,2024-12-01,14,13,Unauthorised
ATT202412005423,STU005423,SCH005,2024-12-01,13,11,Other
ATT202412005424,STU005424,SCH015,2024-12-01,10,9,Family
ATT202412005425,STU005425,SCH042,2024-12-01,10,8,Medical
ATT202412005426,STU005426,SCH021,2024-12-01,10,8,Unauthorised
ATT202412005427,STU005427,SCH050,2024-12-01,14,13,Unauthorised
ATT202412005428,STU005428,SCH030,2024-12-01,13,11,Family
ATT202412005429,STU005429,SCH043,2024-12-01,12,10,Unauthorised
ATT202412005430,STU005430,SCH045,2024-12-01,10,9,Illness
ATT202412005431,STU005431,SCH037,2024-12-01,10,10,
ATT202412005432,STU005432,SCH018,2024-12-01,10,9,Other
ATT202412005433,STU005433,SCH038,2024-12-01,10,9,Illness
ATT202412005434,STU005434,SCH024,2024-12-01,11,10,Illness
ATT202412005435,STU005435,SCH040,2024-12-01,11,10,Illness
ATT202412005436,STU005436,SCH007,2024-12-01,12,11,Unauthorised
ATT202412005437,STU005437,SCH039,2024-12-01,15,13,Other
ATT202412005438,STU005438,SCH033,2024-12-01,10,9,Medical
ATT202412005439,STU005439,SCH038,2024-12-01,10,9,Illness
ATT202412005440,STU005440,SCH017,2024-12-01,14,11,Illness
ATT202412005441,STU005441,SCH032,2024-12-01,14,13,Family
ATT202412005442,STU005442,SCH018,2024-12-01,12,11,Other
ATT202412005443,STU005443,SCH012,2024-12-01,15,13,Family
ATT202412005444,STU005444,SCH014,2024-12-01,15,15,
ATT202412005445,STU005445,SCH025,2024-12-01,12,10,Unauthorised
ATT202412005446,STU005446,SCH049,2024-12-01,11,10,Unauthorised
ATT202412005447,STU005447,SCH018,2024-12-01,14,13,Other
ATT202412005448,STU005448,SCH014,2024-12-01,12,11,Other
ATT202412005449,STU005449,SCH001,2024-12-01,11,9,Other
ATT202412005450,STU005450,SCH004,2024-12-01,10,9,Unauthorised
ATT202412005451,STU005451,SCH006,2024-12-01,14,13,Family
ATT202412005452,STU005452,SCH032,2024-12-01,14,13,Medical
ATT202412005453,STU005453,SCH016,2024-12-01,10,9,Illness
ATT202412005454,STU005454,SCH038,2024-12-01,11,10,Family
ATT202412005455,STU005455,SCH029,2024-12-01,11,10,Unauthorised
ATT202412005456,STU005456,SCH040,2024-12-01,12,11,Illness
ATT202412005457,STU005457,SCH032,2024-12-01,10,9,Medical
ATT202412005458,STU005458,SCH036,2024-12-01,12,11,Other
ATT202412005459,STU005459,SCH047,2024-12-01,14,13,Other
ATT202412005460,STU005460,SCH017,2024-12-01,14,12,Illness
ATT202412005461,STU005461,SCH008,2024-12-01,10,9,Family
ATT202412005462,STU005462,SCH019,2024-12-01,11,10,Family
ATT202412005463,STU005463,SCH026,2024-12-01,15,14,Medical
ATT202412005464,STU005464,SCH037,2024-12-01,14,14,
ATT202412005465,STU005465,SCH034,2024-12-01,15,13,Illness
ATT202412005466,STU005466,SCH050,2024-12-01,14,12,Unauthorised
ATT202412005467,STU005467,SCH020,2024-12-01,13,13,
ATT202412005468,STU005468,SCH042,2024-12-01,15,13,Family
ATT202412005469,STU005469,SCH024,2024-12-01,12,11,Other
ATT202412005470,STU005470,SCH008,2024-12-01,15,14,Other
ATT202412005471,STU005471,SCH018,2024-12-01,11,10,Family
ATT202412005472,STU005472,SCH026,2024-12-01,13,13,
ATT202412005473,STU005473,SCH043,2024-12-01,15,14,Other
ATT202412005474,STU005474,SCH020,2024-12-01,12,11,Other
ATT202412005475,STU005475,SCH012,2024-12-01,15,13,Other
ATT202412005476,STU005476,SCH012,2024-12-01,13,12,Medical
ATT202412005477,STU005477,SCH020,2024-12-01,14,12,Unauthorised
ATT202412005478,STU005478,SCH031,2024-12-01,13,12,Unauthorised
ATT202412005479,STU005479,SCH030,2024-12-01,10,10,
ATT202412005480,STU005480,SCH019,2024-12-01,14,13,Family
ATT202412005481,STU005481,SCH004,2024-12-01,10,9,Unauthorised
ATT202412005482,STU005482,SCH011,2024-12-01,15,13,Unauthorised
ATT202412005483,STU005483,SCH040,2024-12-01,12,11,Illness
ATT202412005484,STU005484,SCH012,2024-12-01,12,9,Other
ATT202412005485,STU005485,SCH007,2024-12-01,12,11,Other
ATT202412005486,STU005486,SCH028,2024-12-01,12,11,Illness
ATT202412005487,STU005487,SCH048,2024-12-01,14,14,
ATT202412005488,STU005488,SCH010,2024-12-01,10,9,Other
ATT202412005489,STU005489,SCH012,2024-12-01,15,13,Unauthorised
ATT202412005490,STU005490,SCH019,2024-12-01,15,14,Illness
ATT202412005491,STU005491,SCH046,2024-12-01,10,9,Medical
ATT202412005492,STU005492,SCH044,2024-12-01,14,12,Family
ATT202412005493,STU005493,SCH009,2024-12-01,12,11,Medical
ATT202412005494,STU005494,SCH039,2024-12-01,12,11,Other
ATT202412005495,STU005495,SCH047,2024-12-01,11,10,Unauthorised
ATT202412005496,STU005496,SCH007,2024-12-01,13,13,
ATT202412005497,STU005497,SCH037,2024-12-01,10,9,Other
ATT202412005498,STU005498,SCH010,2024-12-01,11,11,
ATT202412005499,STU005499,SCH048,2024-12-01,12,11,Illness
ATT202412005500,STU005500,SCH031,2024-12-01,13,12,Family
ATT202412005501,STU005501,SCH020,2024-12-01,14,13,Unauthorised
ATT202412005502,STU005502,SCH009,2024-12-01,13,12,Unauthorised
ATT202412005503,STU005503,SCH014,2024-12-01,10,9,Unauthorised
ATT202412005504,STU005504,SCH001,2024-12-01,13,11,Family
ATT202412005505,STU005505,SCH021,2024-12-01,12,11,Unauthorised
ATT202412005506,STU005506,SCH020,2024-12-01,13,12,Unauthorised
ATT202412005507,STU005507,SCH035,2024-12-01,15,13,Illness
ATT202412005508,STU005508,SCH029,2024-12-01,14,13,Family
ATT202412005509,STU005509,SCH036,2024-12-01,12,11,Other
ATT202412005510,STU005510,SCH009,2024-12-01,10,9,Other
ATT202412005511,STU005511,SCH029,2024-12-01,11,10,Illness
ATT202412005512,STU005512,SCH044,2024-12-01,15,14,Unauthorised
ATT202412005513,STU005513,SCH034,2024-12-01,11,10,Other
ATT202412005514,STU005514,SCH018,2024-12-01,10,8,Unauthorised
ATT202412005515,STU005515,SCH021,2024-12-01,15,14,Unauthorised
ATT202412005516,STU005516,SCH044,2024-12-01,14,12,Other
ATT202412005517,STU005517,SCH044,2024-12-01,11,10,Other
ATT202412005518,STU005518,SCH026,2024-12-01,14,13,Family
ATT202412005519,STU005519,SCH042,2024-12-01,12,10,Medical
ATT202412005520,STU005520,SCH014,2024-12-01,12,11,Other
ATT202412005521,STU005521,SCH049,2024-12-01,14,14,
ATT202412005523,STU005523,SCH020,2024-12-01,15,14,Family
ATT202412005524,STU005524,SCH016,2024-12-01,10,9,Other
ATT202412005525,STU005525,SCH022,2024-12-01,15,13,Unauthorised
ATT202412005526,STU005526,SCH047,2024-12-01,15,13,Illness
ATT202412005527,STU005527,SCH021,2024-12-01,13,11,Illness
ATT202412005528,STU005528,SCH009,2024-12-01,12,11,Medical
ATT202412005529,STU005529,SCH005,2024-12-01,10,10,
ATT202412005530,STU005530,SCH016,2024-12-01,12,12,
ATT202412005531,STU005531,SCH012,2024-12-01,13,13,
ATT202412005532,STU005532,SCH030,2024-12-01,13,13,
ATT202412005533,STU005533,SCH026,2024-12-01,12,11,Unauthorised
ATT202412005534,STU005534,SCH008,2024-12-01,15,13,Other
ATT202412005535,STU005535,SCH028,2024-12-01,14,13,Medical
ATT202412005536,STU005536,SCH023,2024-12-01,12,11,Family
ATT202412005537,STU005537,SCH038,2024-12-01,14,13,Illness
ATT202412005538,STU005538,SCH032,2024-12-01,15,14,Family
ATT202412005539,STU005539,SCH010,2024-12-01,14,13,Illness
ATT202412005540,STU005540,SCH014,2024-12-01,13,12,Other
ATT202412005541,STU005541,SCH044,2024-12-01,13,12,Other
ATT202412005542,STU005542,SCH039,2024-12-01,14,13,Illness
ATT202412005543,STU005543,SCH015,2024-12-01,10,9,Illness
ATT202412005544,STU005544,SCH023,2024-12-01,13,11,Illness
ATT202412005545,STU005545,SCH019,2024-12-01,10,9,Medical
ATT202412005546,STU005546,SCH046,2024-12-01,10,9,Family
ATT202412005547,STU005547,SCH008,2024-12-01,10,10,
ATT202412005548,STU005548,SCH008,2024-12-01,10,9,Unauthorised
ATT202412005549,STU005549,SCH037,2024-12-01,12,11,Illness
ATT202412005550,STU005550,SCH032,2024-12-01,13,12,Other
ATT202412005551,STU005551,SCH033,2024-12-01,10,9,Family
ATT202412005552,STU005552,SCH030,2024-12-01,10,9,Family
ATT202412005553,STU005553,SCH039,2024-12-01,14,13,Family
ATT202412005554,STU005554,SCH035,2024-12-01,12,11,Family
ATT202412005555,STU005555,SCH041,2024-12-01,14,14,
ATT202412005556,STU005556,SCH034,2024-12-01,11,10,Family
ATT202412005557,STU005557,SCH006,2024-12-01,11,10,Unauthorised
ATT202412005558,STU005558,SCH020,2024-12-01,12,11,Illness
ATT202412005559,STU005559,SCH007,2024-12-01,15,14,Unauthorised
ATT202412005560,STU005560,SCH028,2024-12-01,14,13,Other
ATT202412005561,STU005561,SCH016,2024-12-01,15,13,Unauthorised
ATT202412005562,STU005562,SCH020,2024-12-01,15,13,Illness
ATT202412005564,STU005564,SCH004,2024-12-01,12,11,Illness
ATT202412005565,STU005565,SCH010,2024-12-01,13,12,Illness
ATT202412005566,STU005566,SCH003,2024-12-01,14,13,Illness
ATT202412005567,STU005567,SCH039,2024-12-01,12,11,Other
ATT202412005568,STU005568,SCH029,2024-12-01,15,13,Medical
ATT202412005569,STU005569,SCH005,2024-12-01,12,11,Unauthorised
ATT202412005570,STU005570,SCH001,2024-12-01,11,9,Illness
ATT202412005571,STU005571,SCH047,2024-12-01,10,10,
ATT202412005572,STU005572,SCH017,2024-12-01,12,11,Medical
ATT202412005573,STU005573,SCH048,2024-12-01,11,10,Medical
ATT202412005574,STU005574,SCH014,2024-12-01,13,12,Family
ATT202412005575,STU005575,SCH024,2024-12-01,12,11,Other
ATT202412005576,STU005576,SCH025,2024-12-01,15,14,Medical
ATT202412005577,STU005577,SCH028,2024-12-01,10,9,Illness
ATT202412005578,STU005578,SCH014,2024-12-01,10,9,Other
ATT202412005579,STU005579,SCH050,2024-12-01,14,12,Medical
ATT202412005580,STU005580,SCH005,2024-12-01,10,9,Other
ATT202412005581,STU005581,SCH030,2024-12-01,15,14,Family
ATT202412005582,STU005582,SCH031,2024-12-01,14,13,Illness
ATT202412005583,STU005583,SCH030,2024-12-01,11,10,Unauthorised
ATT202412005584,STU005584,SCH023,2024-12-01,13,12,Family
ATT202412005585,STU005585,SCH033,2024-12-01,14,13,Illness
ATT202412005586,STU005586,SCH044,2024-12-01,11,9,Unauthorised
ATT202412005587,STU005587,SCH001,2024-12-01,11,10,Medical
ATT202412005588,STU005588,SCH045,2024-12-01,10,9,Medical
ATT202412005589,STU005589,SCH048,2024-12-01,11,11,
ATT202412005590,STU005590,SCH016,2024-12-01,12,12,
ATT202412005591,STU005591,SCH027,2024-12-01,15,14,Illness
ATT202412005592,STU005592,SCH040,2024-12-01,14,13,Family
ATT202412005593,STU005593,SCH014,2024-12-01,10,9,Other
ATT202412005594,STU005594,SCH046,2024-12-01,15,14,Unauthorised
ATT202412005595,STU005595,SCH044,2024-12-01,10,9,Unauthorised
ATT202412005596,STU005596,SCH020,2024-12-01,11,10,Unauthorised
ATT202412005597,STU005597,SCH045,2024-12-01,13,12,Medical
ATT202412005598,STU005598,SCH014,2024-12-01,11,10,Family
ATT202412005599,STU005599,SCH018,2024-12-01,11,11,
ATT202412005600,STU005600,SCH050,2024-12-01,10,9,Other
ATT202412005601,STU005601,SCH017,2024-12-01,10,8,Medical
ATT202412005603,STU005603,SCH017,2024-12-01,12,10,Family
ATT202412005604,STU005604,SCH004,2024-12-01,10,8,Illness
ATT202412005606,STU005606,SCH004,2024-12-01,15,14,Family
ATT202412005607,STU005607,SCH041,2024-12-01,14,13,Family
ATT202412005608,STU005608,SCH019,2024-12-01,14,13,Unauthorised
ATT202412005609,STU005609,SCH015,2024-12-01,12,11,Family
ATT202412005610,STU005610,SCH010,2024-12-01,11,11,
ATT202412005611,STU005611,SCH035,2024-12-01,15,13,Other
ATT202412005612,STU005612,SCH009,2024-12-01,15,14,Medical
ATT202412005613,STU005613,SCH025,2024-12-01,13,12,Illness
ATT202412005614,STU005614,SCH031,2024-12-01,12,12,
ATT202412005615,STU005615,SCH045,2024-12-01,10,9,Unauthorised
ATT202412005616,STU005616,SCH005,2024-12-01,11,10,Other
ATT202412005617,STU005617,SCH019,2024-12-01,10,9,Illness
ATT202412005618,STU005618,SCH034,2024-12-01,14,13,Medical
ATT202412005620,STU005620,SCH019,2024-12-01,10,9,Medical
ATT202412005621,STU005621,SCH005,2024-12-01,10,9,Illness
ATT202412005622,STU005622,SCH021,2024-12-01,11,10,Unauthorised
ATT202412005623,STU005623,SCH015,2024-12-01,13,13,
ATT202412005624,STU005624,SCH021,2024-12-01,14,12,Medical
ATT202412005625,STU005625,SCH029,2024-12-01,14,12,Unauthorised
ATT202412005626,STU005626,SCH045,2024-12-01,14,13,Other
ATT202412005627,STU005627,SCH042,2024-12-01,13,12,Unauthorised
ATT202412005628,STU005628,SCH021,2024-12-01,15,13,Other
ATT202412005629,STU005629,SCH034,2024-12-01,11,10,Unauthorised
ATT202412005630,STU005630,SCH025,2024-12-01,15,14,Unauthorised
ATT202412005631,STU005631,SCH020,2024-12-01,11,10,Family
ATT202412005632,STU005632,SCH035,2024-12-01,13,12,Illness
ATT202412005633,STU005633,SCH027,2024-12-01,15,13,Unauthorised
ATT202412005634,STU005634,SCH044,2024-12-01,13,12,Unauthorised
ATT202412005635,STU005635,SCH013,2024-12-01,13,11,Other
ATT202412005636,STU005636,SCH039,2024-12-01,15,14,Medical
ATT202412005637,STU005637,SCH044,2024-12-01,11,10,Other
ATT202412005638,STU005638,SCH044,2024-12-01,13,11,Other
ATT202412005639,STU005639,SCH013,2024-12-01,12,11,Other
ATT202412005640,STU005640,SCH025,2024-12-01,11,10,Other
ATT202412005641,STU005641,SCH013,2024-12-01,13,12,Family
ATT202412005642,STU005642,SCH038,2024-12-01,12,11,Illness
ATT202412005643,STU005643,SCH022,2024-12-01,11,9,Illness
ATT202412005644,STU005644,SCH012,2024-12-01,14,13,Medical
ATT202412005645,STU005645,SCH043,2024-12-01,13,11,Other
ATT202412005646,STU005646,SCH015,2024-12-01,12,11,Unauthorised
ATT202412005647,STU005647,SCH038,2024-12-01,11,11,
ATT202412005648,STU005648,SCH037,2024-12-01,15,14,Unauthorised
ATT202412005649,STU005649,SCH028,2024-12-01,12,11,Unauthorised
ATT202412005650,STU005650,SCH035,2024-12-01,13,12,Other
ATT202412005651,STU005651,SCH019,2024-12-01,11,10,Family
ATT202412005652,STU005652,SCH046,2024-12-01,15,14,Illness
ATT202412005653,STU005653,SCH035,2024-12-01,11,10,Other
ATT202412005654,STU005654,SCH019,2024-12-01,11,10,Medical
ATT202412005655,STU005655,SCH013,2024-12-01,11,10,Other
ATT202412005656,STU005656,SCH041,2024-12-01,13,12,Unauthorised
ATT202412005657,STU005657,SCH012,2024-12-01,10,9,Family
ATT202412005658,STU005658,SCH006,2024-12-01,15,14,Other
ATT202412005659,STU005659,SCH023,2024-12-01,15,13,Unauthorised
ATT202412005660,STU005660,SCH040,2024-12-01,15,14,Family
ATT202412005661,STU005661,SCH009,2024-12-01,15,13,Other
ATT202412005662,STU005662,SCH044,2024-12-01,14,12,Family
ATT202412005663,STU005663,SCH045,2024-12-01,13,12,Family
ATT202412005664,STU005664,SCH049,2024-12-01,13,12,Illness
ATT202412005665,STU005665,SCH049,2024-12-01,13,11,Other
ATT202412005666,STU005666,SCH035,2024-12-01,14,12,Unauthorised
ATT202412005667,STU005667,SCH033,2024-12-01,11,11,
ATT202412005668,STU005668,SCH002,2024-12-01,10,8,Illness
ATT202412005669,STU005669,SCH017,2024-12-01,11,10,Other
ATT202412005670,STU005670,SCH002,2024-12-01,10,8,Unauthorised
ATT202412005671,STU005671,SCH014,2024-12-01,12,11,Unauthorised
ATT202412005672,STU005672,SCH016,2024-12-01,10,9,Illness
ATT202412005673,STU005673,SCH017,2024-12-01,14,11,Unauthorised
ATT202412005674,STU005674,SCH017,2024-12-01,10,8,Illness
ATT202412005675,STU005675,SCH029,2024-12-01,10,9,Medical
ATT202412005676,STU005676,SCH028,2024-12-01,10,9,Family
ATT202412005677,STU005677,SCH038,2024-12-01,15,13,Unauthorised
ATT202412005678,STU005678,SCH001,2024-12-01,10,10,
ATT202412005679,STU005679,SCH016,2024-12-01,12,11,Medical
ATT202412005680,STU005680,SCH023,2024-12-01,13,11,Medical
ATT202412005681,STU005681,SCH033,2024-12-01,14,14,
ATT202412005682,STU005682,SCH043,2024-12-01,15,13,Illness
ATT202412005683,STU005683,SCH011,2024-12-01,14,13,Other
ATT202412005684,STU005684,SCH022,2024-12-01,13,12,Unauthorised
ATT202412005685,STU005685,SCH041,2024-12-01,10,10,
ATT202412005686,STU005686,SCH012,2024-12-01,14,13,Unauthorised
ATT202412005687,STU005687,SCH035,2024-12-01,14,12,Illness
ATT202412005688,STU005688,SCH017,2024-12-01,10,9,Unauthorised
ATT202412005689,STU005689,SCH013,2024-12-01,11,10,Unauthorised
ATT202412005690,STU005690,SCH043,2024-12-01,14,13,Other
ATT202412005691,STU005691,SCH050,2024-12-01,10,9,Other
ATT202412005692,STU005692,SCH002,2024-12-01,12,10,Illness
ATT202412005693,STU005693,SCH046,2024-12-01,15,13,Unauthorised
ATT202412005694,STU005694,SCH040,2024-12-01,15,15,
ATT202412005695,STU005695,SCH015,2024-12-01,10,9,Other
ATT202412005696,STU005696,SCH044,2024-12-01,12,10,Other
ATT202412005697,STU005697,SCH036,2024-12-01,11,10,Family
ATT202412005698,STU005698,SCH042,2024-12-01,13,11,Family
ATT202412005699,STU005699,SCH048,2024-12-01,13,12,Illness
ATT202412005700,STU005700,SCH001,2024-12-01,14,12,Family
ATT202412005701,STU005701,SCH044,2024-12-01,14,12,Illness
ATT202412005702,STU005702,SCH050,2024-12-01,10,9,Unauthorised
ATT202412005703,STU005703,SCH026,2024-12-01,12,11,Unauthorised
ATT202412005704,STU005704,SCH039,2024-12-01,10,10,
ATT202412005705,STU005705,SCH016,2024-12-01,12,12,
ATT202412005706,STU005706,SCH001,2024-12-01,13,12,Family
ATT202412005707,STU005707,SCH008,2024-12-01,13,13,
ATT202412005708,STU005708,SCH012,2024-12-01,13,12,Other
ATT202412005709,STU005709,SCH036,2024-12-01,14,13,Medical
ATT202412005710,STU005710,SCH008,2024-12-01,13,12,Illness
ATT202412005711,STU005711,SCH037,2024-12-01,15,14,Medical
ATT202412005712,STU005712,SCH047,2024-12-01,14,13,Illness
ATT202412005713,STU005713,SCH030,2024-12-01,10,10,
ATT202412005714,STU005714,SCH027,2024-12-01,13,11,Other
ATT202412005715,STU005715,SCH005,2024-12-01,10,9,Unauthorised
ATT202412005716,STU005716,SCH017,2024-12-01,12,11,Unauthorised
ATT202412005717,STU005717,SCH041,2024-12-01,13,11,Unauthorised
ATT202412005718,STU005718,SCH011,2024-12-01,14,13,Medical
ATT202412005719,STU005719,SCH001,2024-12-01,14,12,Illness
ATT202412005720,STU005720,SCH018,2024-12-01,12,11,Medical
ATT202412005721,STU005721,SCH049,2024-12-01,12,11,Illness
ATT202412005722,STU005722,SCH050,2024-12-01,13,12,Unauthorised
ATT202412005723,STU005723,SCH012,2024-12-01,12,11,Family
ATT202412005724,STU005724,SCH050,2024-12-01,10,9,Medical
ATT202412005725,STU005725,SCH001,2024-12-01,15,13,Family
ATT202412005727,STU005727,SCH027,2024-12-01,12,12,
ATT202412005728,STU005728,SCH042,2024-12-01,15,13,Other
ATT202412005729,STU005729,SCH029,2024-12-01,14,13,Unauthorised
ATT202412005730,STU005730,SCH027,2024-12-01,12,11,Medical
ATT202412005731,STU005731,SCH038,2024-12-01,13,13,
ATT202412005732,STU005732,SCH044,2024-12-01,15,14,Other
ATT202412005733,STU005733,SCH025,2024-12-01,15,13,Unauthorised
ATT202412005734,STU005734,SCH022,2024-12-01,12,10,Medical
ATT202412005735,STU005735,SCH020,2024-12-01,14,12,Other
ATT202412005736,STU005736,SCH007,2024-12-01,10,10,
ATT202412005737,STU005737,SCH040,2024-12-01,15,14,Other
ATT202412005738,STU005738,SCH020,2024-12-01,13,12,Other
ATT202412005739,STU005739,SCH024,2024-12-01,11,9,Illness
ATT202412005740,STU005740,SCH023,2024-12-01,11,10,Other
ATT202412005741,STU005741,SCH010,2024-12-01,11,9,Other
ATT202412005742,STU005742,SCH023,2024-12-01,14,12,Unauthorised
ATT202412005743,STU005743,SCH050,2024-12-01,12,11,Family
ATT202412005744,STU005744,SCH050,2024-12-01,10,9,Family
ATT202412005745,STU005745,SCH019,2024-12-01,12,12,
ATT202412005746,STU005746,SCH033,2024-12-01,10,9,Other
ATT202412005747,STU005747,SCH039,2024-12-01,10,9,Family
ATT202412005748,STU005748,SCH011,2024-12-01,14,13,Illness
ATT202412005749,STU005749,SCH004,2024-12-01,12,11,Family
ATT202412005750,STU005750,SCH047,2024-12-01,11,10,Medical
ATT202412005751,STU005751,SCH007,2024-12-01,15,14,Medical
ATT202412005752,STU005752,SCH025,2024-12-01,12,12,
ATT202412005753,STU005753,SCH008,2024-12-01,14,12,Unauthorised
ATT202412005754,STU005754,SCH049,2024-12-01,10,9,Other
ATT202412005755,STU005755,SCH004,2024-12-01,12,11,Unauthorised
ATT202412005756,STU005756,SCH016,2024-12-01,14,13,Medical
ATT202412005757,STU005757,SCH042,2024-12-01,14,12,Unauthorised
ATT202412005758,STU005758,SCH031,2024-12-01,11,11,
ATT202412005759,STU005759,SCH012,2024-12-01,10,10,
ATT202412005760,STU005760,SCH002,2024-12-01,12,11,Illness
ATT202412005761,STU005761,SCH014,2024-12-01,14,13,Other
ATT202412005762,STU005762,SCH025,2024-12-01,15,13,Medical
ATT202412005763,STU005763,SCH040,2024-12-01,14,13,Unauthorised
ATT202412005764,STU005764,SCH002,2024-12-01,10,9,Medical
ATT202412005766,STU005766,SCH013,2024-12-01,12,10,Family
ATT202412005767,STU005767,SCH040,2024-12-01,11,10,Unauthorised
ATT202412005768,STU005768,SCH033,2024-12-01,15,14,Family
ATT202412005769,STU005769,SCH017,2024-12-01,11,10,Unauthorised
ATT202412005770,STU005770,SCH046,2024-12-01,12,11,Medical
ATT202412005771,STU005771,SCH004,2024-12-01,13,13,
ATT202412005772,STU005772,SCH002,2024-12-01,14,12,Illness
ATT202412005773,STU005773,SCH011,2024-12-01,15,14,Illness
ATT202412005774,STU005774,SCH017,2024-12-01,10,9,Unauthorised
ATT202412005775,STU005775,SCH026,2024-12-01,12,11,Medical
ATT202412005776,STU005776,SCH047,2024-12-01,10,9,Family
ATT202412005777,STU005777,SCH017,2024-12-01,12,10,Family
ATT202412005778,STU005778,SCH035,2024-12-01,14,13,Other
ATT202412005779,STU005779,SCH006,2024-12-01,11,11,
ATT202412005780,STU005780,SCH025,2024-12-01,15,13,Unauthorised
ATT202412005781,STU005781,SCH043,2024-12-01,15,14,Medical
ATT202412005782,STU005782,SCH040,2024-12-01,11,10,Other
ATT202412005783,STU005783,SCH040,2024-12-01,11,10,Family
ATT202412005784,STU005784,SCH043,2024-12-01,15,13,Family
ATT202412005785,STU005785,SCH049,2024-12-01,11,10,Other
ATT202412005786,STU005786,SCH017,2024-12-01,13,10,Other
ATT202412005787,STU005787,SCH019,2024-12-01,15,13,Family
ATT202412005788,STU005788,SCH016,2024-12-01,14,13,Unauthorised
ATT202412005789,STU005789,SCH021,2024-12-01,13,12,Family
ATT202412005790,STU005790,SCH040,2024-12-01,10,9,Family
ATT202412005791,STU005791,SCH040,2024-12-01,14,12,Family
ATT202412005792,STU005792,SCH037,2024-12-01,10,9,Medical
ATT202412005793,STU005793,SCH024,2024-12-01,12,11,Family
ATT202412005794,STU005794,SCH031,2024-12-01,10,9,Family
ATT202412005795,STU005795,SCH024,2024-12-01,13,10,Illness
ATT202412005796,STU005796,SCH042,2024-12-01,11,9,Other
ATT202412005797,STU005797,SCH030,2024-12-01,14,14,
ATT202412005798,STU005798,SCH032,2024-12-01,12,11,Unauthorised
ATT202412005799,STU005799,SCH015,2024-12-01,12,11,Medical
ATT202412005800,STU005800,SCH014,2024-12-01,14,13,Other
ATT202412005801,STU005801,SCH049,2024-12-01,14,12,Other
ATT202412005802,STU005802,SCH010,2024-12-01,13,12,Family
ATT202412005803,STU005803,SCH043,2024-12-01,12,11,Medical
ATT202412005804,STU005804,SCH027,2024-12-01,15,13,Other
ATT202412005805,STU005805,SCH014,2024-12-01,13,12,Other
ATT202412005806,STU005806,SCH017,2024-12-01,14,11,Other
ATT202412005807,STU005807,SCH036,2024-12-01,12,11,Other
ATT202412005808,STU005808,SCH019,2024-12-01,12,11,Family
ATT202412005809,STU005809,SCH019,2024-12-01,10,9,Medical
ATT202412005810,STU005810,SCH026,2024-12-01,10,9,Family
ATT202412005811,STU005811,SCH042,2024-12-01,13,11,Medical
ATT202412005812,STU005812,SCH015,2024-12-01,11,10,Unauthorised
ATT202412005813,STU005813,SCH050,2024-12-01,11,10,Family
ATT202412005814,STU005814,SCH009,2024-12-01,11,9,Family
ATT202412005815,STU005815,SCH033,2024-12-01,12,11,Other
ATT202412005816,STU005816,SCH027,2024-12-01,10,9,Medical
ATT202412005817,STU005817,SCH026,2024-12-01,11,10,Other
ATT202412005818,STU005818,SCH040,2024-12-01,11,11,
ATT202412005819,STU005819,SCH041,2024-12-01,15,14,Illness
ATT202412005820,STU005820,SCH050,2024-12-01,14,12,Family
ATT202412005821,STU005821,SCH018,2024-12-01,10,8,Family
ATT202412005822,STU005822,SCH027,2024-12-01,12,10,Illness
ATT202412005823,STU005823,SCH005,2024-12-01,10,9,Unauthorised
ATT202412005824,STU005824,SCH013,2024-12-01,10,9,Unauthorised
ATT202412005825,STU005825,SCH028,2024-12-01,10,10,
ATT202412005826,STU005826,SCH020,2024-12-01,10,10,
ATT202412005827,STU005827,SCH035,2024-12-01,13,11,Unauthorised
ATT202412005828,STU005828,SCH036,2024-12-01,12,12,
ATT202412005829,STU005829,SCH041,2024-12-01,11,10,Illness
ATT202412005830,STU005830,SCH009,2024-12-01,14,12,Illness
ATT202412005831,STU005831,SCH015,2024-12-01,14,13,Other
ATT202412005832,STU005832,SCH030,2024-12-01,11,10,Unauthorised
ATT202412005833,STU005833,SCH049,2024-12-01,15,12,Unauthorised
ATT202412005834,STU005834,SCH029,2024-12-01,14,12,Medical
ATT202412005835,STU005835,SCH037,2024-12-01,15,14,Unauthorised
ATT202412005836,STU005836,SCH036,2024-12-01,11,10,Family
ATT202412005837,STU005837,SCH001,2024-12-01,13,12,Family
ATT202412005838,STU005838,SCH004,2024-12-01,13,12,Family
ATT202412005839,STU005839,SCH043,2024-12-01,10,8,Illness
ATT202412005840,STU005840,SCH041,2024-12-01,10,9,Other
ATT202412005841,STU005841,SCH043,2024-12-01,12,12,
ATT202412005842,STU005842,SCH046,2024-12-01,10,9,Family
ATT202412005843,STU005843,SCH031,2024-12-01,12,11,Unauthorised
ATT202412005844,STU005844,SCH024,2024-12-01,12,10,Family
ATT202412005845,STU005845,SCH046,2024-12-01,14,13,Medical
ATT202412005846,STU005846,SCH043,2024-12-01,13,12,Other
ATT202412005847,STU005847,SCH038,2024-12-01,10,9,Unauthorised
ATT202412005848,STU005848,SCH029,2024-12-01,11,9,Medical
ATT202412005849,STU005849,SCH026,2024-12-01,13,12,Illness
ATT202412005850,STU005850,SCH004,2024-12-01,11,10,Unauthorised
ATT202412005851,STU005851,SCH036,2024-12-01,10,9,Medical
ATT202412005852,STU005852,SCH044,2024-12-01,10,9,Family
ATT202412005853,STU005853,SCH038,2024-12-01,12,11,Illness
ATT202412005854,STU005854,SCH023,2024-12-01,11,10,Unauthorised
ATT202412005855,STU005855,SCH014,2024-12-01,11,10,Other
ATT202412005856,STU005856,SCH029,2024-12-01,11,10,Illness
ATT202412005857,STU005857,SCH018,2024-12-01,11,10,Family
ATT202412005858,STU005858,SCH006,2024-12-01,11,11,
ATT202412005859,STU005859,SCH048,2024-12-01,15,15,
ATT202412005860,STU005860,SCH003,2024-12-01,14,13,Family
ATT202412005861,STU005861,SCH035,2024-12-01,15,12,Illness
ATT202412005862,STU005862,SCH011,2024-12-01,15,14,Illness
ATT202412005863,STU005863,SCH008,2024-12-01,15,14,Illness
ATT202412005864,STU005864,SCH030,2024-12-01,12,11,Medical
ATT202412005865,STU005865,SCH032,2024-12-01,10,9,Other
ATT202412005866,STU005866,SCH009,2024-12-01,10,9,Family
ATT202412005867,STU005867,SCH046,2024-12-01,10,9,Family
ATT202412005868,STU005868,SCH045,2024-12-01,12,11,Illness
ATT202412005869,STU005869,SCH023,2024-12-01,12,11,Illness
ATT202412005870,STU005870,SCH009,2024-12-01,12,10,Medical
ATT202412005871,STU005871,SCH035,2024-12-01,13,12,Other
ATT202412005872,STU005872,SCH040,2024-12-01,12,11,Unauthorised
ATT202412005873,STU005873,SCH033,2024-12-01,12,11,Unauthorised
ATT202412005874,STU005874,SCH002,2024-12-01,15,14,Illness
ATT202412005875,STU005875,SCH043,2024-12-01,12,11,Medical
ATT202412005876,STU005876,SCH025,2024-12-01,13,13,
ATT202412005877,STU005877,SCH032,2024-12-01,11,10,Unauthorised
ATT202412005878,STU005878,SCH003,2024-12-01,15,15,
ATT202412005879,STU005879,SCH030,2024-12-01,11,10,Family
ATT202412005880,STU005880,SCH047,2024-12-01,13,13,
ATT202412005881,STU005881,SCH014,2024-12-01,14,13,Other
ATT202412005882,STU005882,SCH015,2024-12-01,13,12,Other
ATT202412005883,STU005883,SCH008,2024-12-01,13,12,Other
ATT202412005884,STU005884,SCH014,2024-12-01,14,13,Medical
ATT202412005885,STU005885,SCH027,2024-12-01,13,11,Unauthorised
ATT202412005886,STU005886,SCH028,2024-12-01,10,9,Other
ATT202412005887,STU005887,SCH022,2024-12-01,12,11,Unauthorised
ATT202412005888,STU005888,SCH034,2024-12-01,12,10,Illness
ATT202412005889,STU005889,SCH007,2024-12-01,11,10,Unauthorised
ATT202412005890,STU005890,SCH036,2024-12-01,14,13,Unauthorised
ATT202412005891,STU005891,SCH003,2024-12-01,14,13,Family
ATT202412005892,STU005892,SCH041,2024-12-01,11,10,Illness
ATT202412005893,STU005893,SCH013,2024-12-01,13,12,Unauthorised
ATT202412005894,STU005894,SCH025,2024-12-01,12,11,Family
ATT202412005895,STU005895,SCH016,2024-12-01,14,13,Family
ATT202412005896,STU005896,SCH046,2024-12-01,13,11,Other
ATT202412005897,STU005897,SCH012,2024-12-01,14,12,Family
ATT202412005898,STU005898,SCH014,2024-12-01,15,14,Other
ATT202412005899,STU005899,SCH042,2024-12-01,12,9,Unauthorised
ATT202412005900,STU005900,SCH016,2024-12-01,11,10,Medical
ATT202412005901,STU005901,SCH044,2024-12-01,11,10,Family
ATT202412005902,STU005902,SCH044,2024-12-01,15,13,Family
ATT202412005903,STU005903,SCH044,2024-12-01,14,12,Medical
ATT202412005904,STU005904,SCH019,2024-12-01,13,12,Medical
ATT202412005905,STU005905,SCH009,2024-12-01,15,12,Family
ATT202412005906,STU005906,SCH040,2024-12-01,14,13,Other
ATT202412005907,STU005907,SCH007,2024-12-01,13,12,Unauthorised
ATT202412005908,STU005908,SCH040,2024-12-01,14,12,Unauthorised
ATT202412005909,STU005909,SCH015,2024-12-01,10,10,
ATT202412005910,STU005910,SCH023,2024-12-01,14,13,Other
ATT202412005911,STU005911,SCH011,2024-12-01,11,10,Family
ATT202412005912,STU005912,SCH002,2024-12-01,12,10,Family
ATT202412005913,STU005913,SCH017,2024-12-01,13,12,Other
ATT202412005914,STU005914,SCH049,2024-12-01,10,8,Other
ATT202412005915,STU005915,SCH047,2024-12-01,12,11,Unauthorised
ATT202412005916,STU005916,SCH033,2024-12-01,11,10,Illness
ATT202412005917,STU005917,SCH024,2024-12-01,10,8,Unauthorised
ATT202412005918,STU005918,SCH038,2024-12-01,10,10,
ATT202412005919,STU005919,SCH038,2024-12-01,13,12,Other
ATT202412005920,STU005920,SCH038,2024-12-01,11,10,Family
ATT202412005921,STU005921,SCH041,2024-12-01,10,9,Illness
ATT202412005922,STU005922,SCH020,2024-12-01,14,14,
ATT202412005923,STU005923,SCH047,2024-12-01,13,12,Family
ATT202412005924,STU005924,SCH020,2024-12-01,10,9,Unauthorised
ATT202412005925,STU005925,SCH050,2024-12-01,14,12,Unauthorised
ATT202412005926,STU005926,SCH007,2024-12-01,10,9,Other
ATT202412005927,STU005927,SCH038,2024-12-01,14,13,Illness
ATT202412005928,STU005928,SCH017,2024-12-01,15,13,Illness
ATT202412005929,STU005929,SCH040,2024-12-01,10,9,Unauthorised
ATT202412005930,STU005930,SCH023,2024-12-01,12,11,Illness
ATT202412005931,STU005931,SCH047,2024-12-01,11,10,Unauthorised
ATT202412005932,STU005932,SCH031,2024-12-01,11,10,Medical
ATT202412005933,STU005933,SCH010,2024-12-01,11,9,Family
ATT202412005934,STU005934,SCH016,2024-12-01,13,13,
ATT202412005935,STU005935,SCH012,2024-12-01,11,11,
ATT202412005936,STU005936,SCH008,2024-12-01,11,11,
ATT202412005937,STU005937,SCH038,2024-12-01,15,14,Unauthorised
ATT202412005938,STU005938,SCH024,2024-12-01,10,9,Other
ATT202412005939,STU005939,SCH025,2024-12-01,14,13,Medical
ATT202412005940,STU005940,SCH046,2024-12-01,15,14,Family
ATT202412005941,STU005941,SCH046,2024-12-01,13,12,Family
ATT202412005942,STU005942,SCH008,2024-12-01,14,13,Family
ATT202412005943,STU005943,SCH045,2024-12-01,13,12,Medical
ATT202412005944,STU005944,SCH011,2024-12-01,11,9,Family
ATT202412005945,STU005945,SCH045,2024-12-01,14,13,Medical
ATT202412005946,STU005946,SCH001,2024-12-01,10,9,Other
ATT202412005947,STU005947,SCH040,2024-12-01,12,11,Illness
ATT202412005948,STU005948,SCH009,2024-12-01,12,11,Other
ATT202412005949,STU005949,SCH001,2024-12-01,10,9,Family
ATT202412005950,STU005950,SCH045,2024-12-01,11,10,Unauthorised
ATT202412005952,STU005952,SCH005,2024-12-01,15,13,Family
ATT202412005953,STU005953,SCH013,2024-12-01,11,11,
ATT202412005954,STU005954,SCH042,2024-12-01,10,9,Other
ATT202412005955,STU005955,SCH013,2024-12-01,15,13,Other
ATT202412005956,STU005956,SCH042,2024-12-01,13,11,Illness
ATT202412005957,STU005957,SCH024,2024-12-01,14,11,Illness
ATT202412005958,STU005958,SCH007,2024-12-01,13,12,Illness
ATT202412005959,STU005959,SCH042,2024-12-01,14,12,Unauthorised
ATT202412005960,STU005960,SCH032,2024-12-01,14,11,Family
ATT202412005961,STU005961,SCH046,2024-12-01,15,14,Illness
ATT202412005962,STU005962,SCH019,2024-12-01,10,9,Family
ATT202412005963,STU005963,SCH027,2024-12-01,13,12,Unauthorised
ATT202412005964,STU005964,SCH006,2024-12-01,11,10,Other
ATT202412005965,STU005965,SCH021,2024-12-01,11,10,Medical
ATT202412005967,STU005967,SCH033,2024-12-01,15,14,Illness
ATT202412005968,STU005968,SCH031,2024-12-01,15,13,Medical
ATT202412005969,STU005969,SCH050,2024-12-01,10,9,Illness
ATT202412005970,STU005970,SCH045,2024-12-01,10,8,Medical
ATT202412005971,STU005971,SCH023,2024-12-01,14,12,Family
ATT202412005972,STU005972,SCH007,2024-12-01,15,14,Family
ATT202412005973,STU005973,SCH041,2024-12-01,12,10,Family
ATT202412005974,STU005974,SCH024,2024-12-01,13,13,
ATT202412005975,STU005975,SCH005,2024-12-01,11,10,Family
ATT202412005976,STU005976,SCH039,2024-12-01,11,10,Illness
ATT202412005977,STU005977,SCH040,2024-12-01,15,14,Illness
ATT202412005978,STU005978,SCH050,2024-12-01,12,11,Unauthorised
ATT202412005979,STU005979,SCH033,2024-12-01,14,14,
ATT202412005980,STU005980,SCH026,2024-12-01,11,11,
ATT202412005981,STU005981,SCH050,2024-12-01,15,13,Illness
ATT202412005982,STU005982,SCH023,2024-12-01,15,14,Illness
ATT202412005983,STU005983,SCH004,2024-12-01,13,12,Other
ATT202412005984,STU005984,SCH004,2024-12-01,14,13,Family
ATT202412005985,STU005985,SCH034,2024-12-01,14,13,Unauthorised
ATT202412005986,STU005986,SCH045,2024-12-01,10,9,Other
ATT202412005987,STU005987,SCH005,2024-12-01,11,11,
ATT202412005988,STU005988,SCH027,2024-12-01,12,11,Family
ATT202412005989,STU005989,SCH001,2024-12-01,11,9,Unauthorised
ATT202412005990,STU005990,SCH017,2024-12-01,11,10,Illness
ATT202412005991,STU005991,SCH003,2024-12-01,14,12,Other
ATT202412005992,STU005992,SCH012,2024-12-01,15,14,Medical
ATT202412005993,STU005993,SCH042,2024-12-01,10,9,Other
ATT202412005994,STU005994,SCH007,2024-12-01,13,12,Family
ATT202412005995,STU005995,SCH011,2024-12-01,10,10,
ATT202412005996,STU005996,SCH016,2024-12-01,12,11,Illness
ATT202412005997,STU005997,SCH049,2024-12-01,14,12,Other
ATT202412005998,STU005998,SCH024,2024-12-01,11,10,Unauthorised
ATT202412005999,STU005999,SCH032,2024-12-01,10,9,Family
ATT202412006000,STU006000,SCH039,2024-12-01,10,9,Medical
ATT202412006001,STU006001,SCH017,2024-12-01,12,10,Medical
ATT202412006002,STU006002,SCH003,2024-12-01,12,11,Unauthorised
ATT202412006003,STU006003,SCH008,2024-12-01,13,12,Illness
ATT202412006004,STU006004,SCH036,2024-12-01,15,14,Medical
ATT202412006005,STU006005,SCH004,2024-12-01,15,14,Family
ATT202412006006,STU006006,SCH002,2024-12-01,11,9,Unauthorised
ATT202412006007,STU006007,SCH047,2024-12-01,13,12,Medical
ATT202412006008,STU006008,SCH007,2024-12-01,12,12,
ATT202412006009,STU006009,SCH007,2024-12-01,14,13,Medical
ATT202412006010,STU006010,SCH022,2024-12-01,10,10,
ATT202412006011,STU006011,SCH015,2024-12-01,12,12,
ATT202412006012,STU006012,SCH013,2024-12-01,13,11,Other
ATT202412006013,STU006013,SCH002,2024-12-01,13,11,Unauthorised
ATT202412006014,STU006014,SCH036,2024-12-01,10,9,Medical
ATT202412006015,STU006015,SCH004,2024-12-01,13,12,Illness
ATT202412006016,STU006016,SCH041,2024-12-01,12,11,Other
ATT202412006017,STU006017,SCH010,2024-12-01,15,15,
ATT202412006018,STU006018,SCH003,2024-12-01,13,11,Family
ATT202412006019,STU006019,SCH012,2024-12-01,11,10,Family
ATT202412006020,STU006020,SCH012,2024-12-01,11,10,Other
ATT202412006021,STU006021,SCH008,2024-12-01,13,12,Illness
ATT202412006022,STU006022,SCH037,2024-12-01,14,14,
ATT202412006023,STU006023,SCH048,2024-12-01,15,14,Unauthorised
ATT202412006024,STU006024,SCH025,2024-12-01,14,13,Unauthorised
ATT202412006025,STU006025,SCH009,2024-12-01,15,14,Illness
ATT202412006026,STU006026,SCH006,2024-12-01,11,10,Other
ATT202412006027,STU006027,SCH035,2024-12-01,11,10,Family
ATT202412006028,STU006028,SCH025,2024-12-01,11,9,Medical
ATT202412006029,STU006029,SCH026,2024-12-01,14,13,Medical
ATT202412006030,STU006030,SCH044,2024-12-01,13,11,Unauthorised
ATT202412006031,STU006031,SCH041,2024-12-01,14,13,Other
ATT202412006032,STU006032,SCH047,2024-12-01,14,13,Family
ATT202412006033,STU006033,SCH026,2024-12-01,11,10,Medical
ATT202412006034,STU006034,SCH020,2024-12-01,11,10,Unauthorised
ATT202412006035,STU006035,SCH046,2024-12-01,13,12,Illness
ATT202412006036,STU006036,SCH024,2024-12-01,13,11,Medical
ATT202412006037,STU006037,SCH016,2024-12-01,13,12,Other
ATT202412006038,STU006038,SCH050,2024-12-01,10,9,Other
ATT202412006039,STU006039,SCH041,2024-12-01,13,12,Illness
ATT202412006040,STU006040,SCH049,2024-12-01,12,10,Family
ATT202412006041,STU006041,SCH022,2024-12-01,10,9,Other
ATT202412006042,STU006042,SCH009,2024-12-01,14,12,Other
ATT202412006043,STU006043,SCH018,2024-12-01,15,14,Unauthorised
ATT202412006044,STU006044,SCH046,2024-12-01,15,14,Unauthorised
ATT202412006045,STU006045,SCH045,2024-12-01,12,11,Illness
ATT202412006046,STU006046,SCH028,2024-12-01,15,13,Other
ATT202412006047,STU006047,SCH049,2024-12-01,13,12,Other
ATT202412006048,STU006048,SCH048,2024-12-01,10,9,Unauthorised
ATT202412006049,STU006049,SCH011,2024-12-01,14,14,
ATT202412006050,STU006050,SCH049,2024-12-01,15,12,Family
ATT202412006051,STU006051,SCH009,2024-12-01,13,11,Unauthorised
ATT202412006052,STU006052,SCH045,2024-12-01,12,11,Family
ATT202412006053,STU006053,SCH025,2024-12-01,13,11,Unauthorised
ATT202412006054,STU006054,SCH016,2024-12-01,14,13,Family
ATT202412006055,STU006055,SCH046,2024-12-01,12,11,Medical
ATT202412006056,STU006056,SCH022,2024-12-01,11,9,Medical
ATT202412006057,STU006057,SCH035,2024-12-01,14,14,
ATT202412006058,STU006058,SCH018,2024-12-01,14,13,Unauthorised
ATT202412006059,STU006059,SCH011,2024-12-01,15,14,Family
ATT202412006060,STU006060,SCH030,2024-12-01,12,12,
ATT202412006061,STU006061,SCH035,2024-12-01,15,14,Illness
ATT202412006062,STU006062,SCH021,2024-12-01,15,14,Medical
ATT202412006063,STU006063,SCH022,2024-12-01,14,13,Illness
ATT202412006064,STU006064,SCH002,2024-12-01,12,10,Family
ATT202412006065,STU006065,SCH042,2024-12-01,11,9,Medical
ATT202412006066,STU006066,SCH015,2024-12-01,12,11,Medical
ATT202412006067,STU006067,SCH027,2024-12-01,10,10,
ATT202412006068,STU006068,SCH026,2024-12-01,14,12,Family
ATT202412006069,STU006069,SCH048,2024-12-01,10,10,
ATT202412006070,STU006070,SCH030,2024-12-01,13,12,Illness
ATT202412006071,STU006071,SCH048,2024-12-01,15,14,Unauthorised
ATT202412006072,STU006072,SCH040,2024-12-01,11,10,Family
ATT202412006073,STU006073,SCH001,2024-12-01,14,13,Medical
ATT202412006074,STU006074,SCH048,2024-12-01,10,9,Unauthorised
ATT202412006075,STU006075,SCH012,2024-12-01,10,10,
ATT202412006076,STU006076,SCH021,2024-12-01,14,12,Other
ATT202412006077,STU006077,SCH014,2024-12-01,10,9,Medical
ATT202412006078,STU006078,SCH011,2024-12-01,12,10,Unauthorised
ATT202412006079,STU006079,SCH028,2024-12-01,13,12,Unauthorised
ATT202412006080,STU006080,SCH021,2024-12-01,12,10,Unauthorised
ATT202412006081,STU006081,SCH009,2024-12-01,14,13,Other
ATT202412006082,STU006082,SCH014,2024-12-01,15,14,Unauthorised
ATT202412006083,STU006083,SCH016,2024-12-01,15,14,Family
ATT202412006084,STU006084,SCH031,2024-12-01,15,14,Medical
ATT202412006085,STU006085,SCH050,2024-12-01,11,10,Other
ATT202412006086,STU006086,SCH011,2024-12-01,14,13,Family
ATT202412006087,STU006087,SCH049,2024-12-01,14,12,Medical
ATT202412006088,STU006088,SCH005,2024-12-01,12,11,Unauthorised
ATT202412006089,STU006089,SCH020,2024-12-01,13,13,
ATT202412006090,STU006090,SCH037,2024-12-01,14,13,Other
ATT202412006091,STU006091,SCH038,2024-12-01,11,10,Illness
ATT202412006092,STU006092,SCH004,2024-12-01,12,11,Medical
ATT202412006093,STU006093,SCH022,2024-12-01,11,9,Medical
ATT202412006094,STU006094,SCH014,2024-12-01,14,13,Medical
ATT202412006095,STU006095,SCH019,2024-12-01,13,12,Family
ATT202412006096,STU006096,SCH005,2024-12-01,13,13,
ATT202412006097,STU006097,SCH021,2024-12-01,10,8,Unauthorised
ATT202412006098,STU006098,SCH050,2024-12-01,10,9,Family
ATT202412006099,STU006099,SCH001,2024-12-01,11,10,Family
ATT202412006100,STU006100,SCH004,2024-12-01,12,11,Illness
ATT202412006101,STU006101,SCH002,2024-12-01,12,12,
ATT202412006102,STU006102,SCH026,2024-12-01,15,14,Illness
ATT202412006103,STU006103,SCH037,2024-12-01,10,9,Medical
ATT202412006104,STU006104,SCH034,2024-12-01,13,11,Unauthorised
ATT202412006105,STU006105,SCH028,2024-12-01,10,9,Illness
ATT202412006106,STU006106,SCH010,2024-12-01,15,13,Unauthorised
ATT202412006107,STU006107,SCH035,2024-12-01,11,10,Other
ATT202412006108,STU006108,SCH002,2024-12-01,11,10,Family
ATT202412006109,STU006109,SCH026,2024-12-01,15,14,Medical
ATT202412006110,STU006110,SCH033,2024-12-01,12,11,Unauthorised
ATT202412006111,STU006111,SCH049,2024-12-01,15,14,Illness
ATT202412006112,STU006112,SCH003,2024-12-01,10,10,
ATT202412006113,STU006113,SCH019,2024-12-01,13,12,Other
ATT202412006114,STU006114,SCH036,2024-12-01,10,9,Medical
ATT202412006115,STU006115,SCH022,2024-12-01,12,10,Other
ATT202412006116,STU006116,SCH004,2024-12-01,10,9,Unauthorised
ATT202412006117,STU006117,SCH030,2024-12-01,13,12,Medical
ATT202412006118,STU006118,SCH026,2024-12-01,10,9,Medical
ATT202412006119,STU006119,SCH037,2024-12-01,14,13,Other
ATT202412006120,STU006120,SCH041,2024-12-01,11,11,
ATT202412006121,STU006121,SCH043,2024-12-01,12,11,Unauthorised
ATT202412006122,STU006122,SCH012,2024-12-01,14,12,Unauthorised
ATT202412006123,STU006123,SCH025,2024-12-01,12,11,Unauthorised
ATT202412006124,STU006124,SCH040,2024-12-01,11,10,Illness
ATT202412006125,STU006125,SCH043,2024-12-01,15,13,Unauthorised
ATT202412006126,STU006126,SCH040,2024-12-01,11,10,Illness
ATT202412006128,STU006128,SCH013,2024-12-01,12,11,Other
ATT202412006129,STU006129,SCH026,2024-12-01,15,14,Family
ATT202412006130,STU006130,SCH034,2024-12-01,12,11,Family
ATT202412006131,STU006131,SCH003,2024-12-01,12,10,Medical
ATT202412006132,STU006132,SCH044,2024-12-01,11,10,Medical
ATT202412006133,STU006133,SCH030,2024-12-01,11,10,Illness
ATT202412006134,STU006134,SCH020,2024-12-01,12,11,Illness
ATT202412006135,STU006135,SCH027,2024-12-01,11,10,Unauthorised
ATT202412006136,STU006136,SCH020,2024-12-01,14,13,Illness
ATT202412006137,STU006137,SCH027,2024-12-01,12,11,Unauthorised
ATT202412006138,STU006138,SCH015,2024-12-01,13,13,
ATT202412006139,STU006139,SCH025,2024-12-01,15,14,Illness
ATT202412006140,STU006140,SCH024,2024-12-01,15,14,Medical
ATT202412006141,STU006141,SCH047,2024-12-01,11,10,Medical
ATT202412006142,STU006142,SCH047,2024-12-01,11,10,Illness
ATT202412006143,STU006143,SCH048,2024-12-01,14,12,Illness
ATT202412006144,STU006144,SCH004,2024-12-01,11,10,Medical
ATT202412006145,STU006145,SCH033,2024-12-01,13,11,Family
ATT202412006146,STU006146,SCH008,2024-12-01,13,12,Other
ATT202412006147,STU006147,SCH034,2024-12-01,14,13,Medical
ATT202412006148,STU006148,SCH029,2024-12-01,13,12,Illness
ATT202412006149,STU006149,SCH008,2024-12-01,12,11,Family
ATT202412006150,STU006150,SCH008,2024-12-01,15,14,Unauthorised
ATT202412006151,STU006151,SCH001,2024-12-01,14,13,Other
ATT202412006152,STU006152,SCH010,2024-12-01,14,12,Illness
ATT202412006153,STU006153,SCH010,2024-12-01,13,13,
ATT202412006154,STU006154,SCH031,2024-12-01,10,9,Family
ATT202412006155,STU006155,SCH001,2024-12-01,13,12,Family
ATT202412006156,STU006156,SCH047,2024-12-01,13,12,Unauthorised
ATT202412006157,STU006157,SCH038,2024-12-01,13,12,Illness
ATT202412006158,STU006158,SCH024,2024-12-01,15,14,Family
ATT202412006159,STU006159,SCH013,2024-12-01,13,11,Illness
ATT202412006160,STU006160,SCH011,2024-12-01,12,11,Illness
ATT202412006161,STU006161,SCH012,2024-12-01,12,11,Other
ATT202412006162,STU006162,SCH018,2024-12-01,10,9,Family
ATT202412006163,STU006163,SCH035,2024-12-01,15,13,Unauthorised
ATT202412006164,STU006164,SCH047,2024-12-01,10,9,Illness
ATT202412006165,STU006165,SCH048,2024-12-01,13,12,Other
ATT202412006166,STU006166,SCH006,2024-12-01,12,11,Unauthorised
ATT202412006167,STU006167,SCH010,2024-12-01,12,11,Illness
ATT202412006168,STU006168,SCH031,2024-12-01,15,14,Other
ATT202412006169,STU006169,SCH008,2024-12-01,14,13,Other
ATT202412006170,STU006170,SCH024,2024-12-01,12,11,Family
ATT202412006171,STU006171,SCH023,2024-12-01,14,12,Unauthorised
ATT202412006172,STU006172,SCH014,2024-12-01,13,12,Unauthorised
ATT202412006173,STU006173,SCH039,2024-12-01,15,14,Other
ATT202412006174,STU006174,SCH049,2024-12-01,11,10,Family
ATT202412006175,STU006175,SCH017,2024-12-01,11,9,Illness
ATT202412006176,STU006176,SCH037,2024-12-01,12,11,Other
ATT202412006177,STU006177,SCH002,2024-12-01,15,13,Other
ATT202412006178,STU006178,SCH042,2024-12-01,12,10,Illness
ATT202412006179,STU006179,SCH037,2024-12-01,10,9,Other
ATT202412006180,STU006180,SCH032,2024-12-01,11,9,Medical
ATT202412006181,STU006181,SCH017,2024-12-01,14,12,Illness
ATT202412006182,STU006182,SCH032,2024-12-01,15,12,Medical
ATT202412006183,STU006183,SCH046,2024-12-01,13,12,Medical
ATT202412006184,STU006184,SCH042,2024-12-01,15,13,Unauthorised
ATT202412006185,STU006185,SCH040,2024-12-01,11,10,Other
ATT202412006186,STU006186,SCH030,2024-12-01,14,13,Unauthorised
ATT202412006187,STU006187,SCH022,2024-12-01,11,9,Unauthorised
ATT202412006188,STU006188,SCH024,2024-12-01,15,13,Medical
ATT202412006189,STU006189,SCH030,2024-12-01,14,14,
ATT202412006190,STU006190,SCH013,2024-12-01,10,9,Other
ATT202412006191,STU006191,SCH013,2024-12-01,15,14,Unauthorised
ATT202412006192,STU006192,SCH036,2024-12-01,10,9,Other
ATT202412006193,STU006193,SCH007,2024-12-01,13,12,Unauthorised
ATT202412006194,STU006194,SCH043,2024-12-01,12,11,Illness
ATT202412006195,STU006195,SCH012,2024-12-01,13,12,Family
ATT202412006196,STU006196,SCH030,2024-12-01,11,11,
ATT202412006198,STU006198,SCH012,2024-12-01,14,12,Illness
ATT202412006199,STU006199,SCH016,2024-12-01,13,13,
ATT202412006200,STU006200,SCH037,2024-12-01,13,12,Family
ATT202412006201,STU006201,SCH041,2024-12-01,11,10,Unauthorised
ATT202412006202,STU006202,SCH031,2024-12-01,14,11,Illness
ATT202412006203,STU006203,SCH046,2024-12-01,13,11,Medical
ATT202412006204,STU006204,SCH048,2024-12-01,10,10,
ATT202412006205,STU006205,SCH026,2024-12-01,11,10,Unauthorised
ATT202412006206,STU006206,SCH018,2024-12-01,13,13,
ATT202412006207,STU006207,SCH030,2024-12-01,14,13,Unauthorised
ATT202412006208,STU006208,SCH003,2024-12-01,14,13,Family
ATT202412006209,STU006209,SCH021,2024-12-01,14,13,Family
ATT202412006210,STU006210,SCH003,2024-12-01,12,11,Unauthorised
ATT202412006211,STU006211,SCH043,2024-12-01,10,9,Other
ATT202412006212,STU006212,SCH040,2024-12-01,10,9,Unauthorised
ATT202412006213,STU006213,SCH048,2024-12-01,14,13,Illness
ATT202412006214,STU006214,SCH009,2024-12-01,14,12,Other
ATT202412006215,STU006215,SCH041,2024-12-01,13,11,Illness
ATT202412006216,STU006216,SCH049,2024-12-01,11,9,Other
ATT202412006217,STU006217,SCH043,2024-12-01,10,10,
ATT202412006218,STU006218,SCH037,2024-12-01,15,14,Unauthorised
ATT202412006219,STU006219,SCH007,2024-12-01,15,14,Other
ATT202412006220,STU006220,SCH024,2024-12-01,11,9,Family
ATT202412006221,STU006221,SCH041,2024-12-01,15,15,
ATT202412006222,STU006222,SCH023,2024-12-01,12,11,Illness
ATT202412006223,STU006223,SCH015,2024-12-01,13,11,Other
ATT202412006224,STU006224,SCH022,2024-12-01,14,10,Family
ATT202412006225,STU006225,SCH021,2024-12-01,11,10,Illness
ATT202412006226,STU006226,SCH033,2024-12-01,14,13,Illness
ATT202412006227,STU006227,SCH015,2024-12-01,15,15,
ATT202412006228,STU006228,SCH042,2024-12-01,13,11,Medical
ATT202412006229,STU006229,SCH034,2024-12-01,15,13,Other
ATT202412006230,STU006230,SCH028,2024-12-01,10,9,Illness
ATT202412006231,STU006231,SCH001,2024-12-01,11,9,Illness
ATT202412006233,STU006233,SCH027,2024-12-01,15,13,Other
ATT202412006234,STU006234,SCH040,2024-12-01,14,13,Family
ATT202412006235,STU006235,SCH010,2024-12-01,13,11,Family
ATT202412006236,STU006236,SCH044,2024-12-01,12,10,Family
ATT202412006237,STU006237,SCH012,2024-12-01,13,11,Other
ATT202412006238,STU006238,SCH005,2024-12-01,13,12,Illness
ATT202412006239,STU006239,SCH041,2024-12-01,10,9,Unauthorised
ATT202412006240,STU006240,SCH012,2024-12-01,12,11,Medical
ATT202412006241,STU006241,SCH041,2024-12-01,10,10,
ATT202412006242,STU006242,SCH034,2024-12-01,11,9,Illness
ATT202412006243,STU006243,SCH019,2024-12-01,12,11,Other
ATT202412006244,STU006244,SCH028,2024-12-01,13,12,Illness
ATT202412006245,STU006245,SCH030,2024-12-01,12,11,Unauthorised
ATT202412006246,STU006246,SCH025,2024-12-01,10,9,Family
ATT202412006247,STU006247,SCH036,2024-12-01,15,13,Family
ATT202412006248,STU006248,SCH007,2024-12-01,10,9,Illness
ATT202412006249,STU006249,SCH049,2024-12-01,11,9,Unauthorised
ATT202412006250,STU006250,SCH020,2024-12-01,11,10,Medical
ATT202412006251,STU006251,SCH022,2024-12-01,10,9,Illness
ATT202412006252,STU006252,SCH018,2024-12-01,12,12,
ATT202412006253,STU006253,SCH028,2024-12-01,15,14,Medical
ATT202412006254,STU006254,SCH029,2024-12-01,10,9,Medical
ATT202412006255,STU006255,SCH044,2024-12-01,13,12,Family
ATT202412006256,STU006256,SCH030,2024-12-01,12,11,Illness
ATT202412006257,STU006257,SCH017,2024-12-01,15,12,Unauthorised
ATT202412006258,STU006258,SCH041,2024-12-01,11,10,Other
ATT202412006259,STU006259,SCH050,2024-12-01,13,12,Other
ATT202412006260,STU006260,SCH026,2024-12-01,15,14,Other
ATT202412006261,STU006261,SCH019,2024-12-01,15,14,Other
ATT202412006262,STU006262,SCH014,2024-12-01,14,13,Medical
ATT202412006263,STU006263,SCH048,2024-12-01,10,9,Family
ATT202412006264,STU006264,SCH030,2024-12-01,15,13,Other
ATT202412006265,STU006265,SCH043,2024-12-01,13,12,Unauthorised
ATT202412006266,STU006266,SCH037,2024-12-01,11,10,Medical
ATT202412006267,STU006267,SCH033,2024-12-01,11,11,
ATT202412006268,STU006268,SCH011,2024-12-01,13,12,Other
ATT202412006269,STU006269,SCH026,2024-12-01,15,14,Other
ATT202412006270,STU006270,SCH037,2024-12-01,15,14,Other
ATT202412006271,STU006271,SCH050,2024-12-01,13,12,Illness
ATT202412006272,STU006272,SCH021,2024-12-01,13,12,Other
ATT202412006273,STU006273,SCH026,2024-12-01,15,15,
ATT202412006274,STU006274,SCH030,2024-12-01,11,10,Other
ATT202412006275,STU006275,SCH003,2024-12-01,15,15,
ATT202412006276,STU006276,SCH028,2024-12-01,10,9,Illness
ATT202412006277,STU006277,SCH018,2024-12-01,14,13,Illness
ATT202412006278,STU006278,SCH045,2024-12-01,14,13,Medical
ATT202412006279,STU006279,SCH009,2024-12-01,12,11,Medical
ATT202412006280,STU006280,SCH007,2024-12-01,12,12,
ATT202412006281,STU006281,SCH017,2024-12-01,15,14,Illness
ATT202412006282,STU006282,SCH020,2024-12-01,12,11,Medical
ATT202412006283,STU006283,SCH038,2024-12-01,14,13,Medical
ATT202412006284,STU006284,SCH023,2024-12-01,13,12,Illness
ATT202412006285,STU006285,SCH019,2024-12-01,12,11,Other
ATT202412006286,STU006286,SCH007,2024-12-01,12,11,Illness
ATT202412006287,STU006287,SCH005,2024-12-01,15,14,Unauthorised
ATT202412006288,STU006288,SCH021,2024-12-01,14,13,Other
ATT202412006289,STU006289,SCH007,2024-12-01,11,11,
ATT202412006290,STU006290,SCH026,2024-12-01,14,13,Unauthorised
ATT202412006291,STU006291,SCH023,2024-12-01,12,11,Unauthorised
ATT202412006292,STU006292,SCH036,2024-12-01,14,13,Illness
ATT202412006293,STU006293,SCH017,2024-12-01,10,9,Family
ATT202412006294,STU006294,SCH033,2024-12-01,15,14,Unauthorised
ATT202412006295,STU006295,SCH003,2024-12-01,13,12,Other
ATT202412006296,STU006296,SCH004,2024-12-01,13,13,
ATT202412006298,STU006298,SCH004,2024-12-01,12,10,Unauthorised
ATT202412006299,STU006299,SCH048,2024-12-01,11,10,Medical
ATT202412006300,STU006300,SCH018,2024-12-01,14,13,Other
ATT202412006301,STU006301,SCH003,2024-12-01,11,10,Other
ATT202412006302,STU006302,SCH004,2024-12-01,15,14,Medical
ATT202412006303,STU006303,SCH002,2024-12-01,14,12,Unauthorised
ATT202412006304,STU006304,SCH022,2024-12-01,12,10,Medical
ATT202412006305,STU006305,SCH031,2024-12-01,11,10,Unauthorised
ATT202412006306,STU006306,SCH024,2024-12-01,14,12,Other
ATT202412006307,STU006307,SCH030,2024-12-01,11,10,Medical
ATT202412006308,STU006308,SCH019,2024-12-01,13,13,
ATT202412006309,STU006309,SCH035,2024-12-01,14,12,Medical
ATT202412006310,STU006310,SCH006,2024-12-01,14,13,Illness
ATT202412006311,STU006311,SCH033,2024-12-01,14,13,Other
ATT202412006312,STU006312,SCH027,2024-12-01,10,9,Medical
ATT202412006313,STU006313,SCH001,2024-12-01,15,13,Unauthorised
ATT202412006314,STU006314,SCH047,2024-12-01,14,13,Medical
ATT202412006315,STU006315,SCH018,2024-12-01,15,14,Family
ATT202412006316,STU006316,SCH049,2024-12-01,10,9,Illness
ATT202412006317,STU006317,SCH038,2024-12-01,12,11,Other
ATT202412006318,STU006318,SCH027,2024-12-01,10,9,Medical
ATT202412006319,STU006319,SCH001,2024-12-01,11,10,Illness
ATT202412006320,STU006320,SCH026,2024-12-01,14,13,Other
ATT202412006321,STU006321,SCH028,2024-12-01,11,10,Illness
ATT202412006322,STU006322,SCH006,2024-12-01,13,11,Medical
ATT202412006323,STU006323,SCH003,2024-12-01,12,10,Family
ATT202412006324,STU006324,SCH042,2024-12-01,10,9,Unauthorised
ATT202412006325,STU006325,SCH049,2024-12-01,10,9,Family
ATT202412006326,STU006326,SCH028,2024-12-01,15,14,Medical
ATT202412006327,STU006327,SCH016,2024-12-01,15,14,Unauthorised
ATT202412006328,STU006328,SCH044,2024-12-01,12,11,Illness
ATT202412006329,STU006329,SCH006,2024-12-01,13,11,Family
ATT202412006330,STU006330,SCH039,2024-12-01,13,13,
ATT202412006331,STU006331,SCH037,2024-12-01,12,11,Unauthorised
ATT202412006332,STU006332,SCH038,2024-12-01,13,11,Family
ATT202412006333,STU006333,SCH019,2024-12-01,10,10,
ATT202412006334,STU006334,SCH037,2024-12-01,11,9,Illness
ATT202412006335,STU006335,SCH038,2024-12-01,14,13,Medical
ATT202412006336,STU006336,SCH037,2024-12-01,12,12,
ATT202412006337,STU006337,SCH009,2024-12-01,15,13,Illness
ATT202412006338,STU006338,SCH001,2024-12-01,11,10,Unauthorised
ATT202412006339,STU006339,SCH048,2024-12-01,14,13,Medical
ATT202412006340,STU006340,SCH002,2024-12-01,10,9,Medical
ATT202412006341,STU006341,SCH005,2024-12-01,12,10,Other
ATT202412006342,STU006342,SCH009,2024-12-01,14,13,Medical
ATT202412006343,STU006343,SCH042,2024-12-01,13,13,
ATT202412006344,STU006344,SCH003,2024-12-01,11,9,Family
ATT202412006345,STU006345,SCH009,2024-12-01,11,10,Other
ATT202412006346,STU006346,SCH008,2024-12-01,14,13,Medical
ATT202412006347,STU006347,SCH016,2024-12-01,12,10,Other
ATT202412006348,STU006348,SCH029,2024-12-01,13,12,Medical
ATT202412006349,STU006349,SCH019,2024-12-01,15,14,Family
ATT202412006350,STU006350,SCH040,2024-12-01,13,13,
ATT202412006351,STU006351,SCH046,2024-12-01,13,13,
ATT202412006352,STU006352,SCH002,2024-12-01,12,11,Family
ATT202412006353,STU006353,SCH036,2024-12-01,13,12,Other
ATT202412006354,STU006354,SCH047,2024-12-01,15,14,Medical
ATT202412006355,STU006355,SCH039,2024-12-01,10,9,Unauthorised
ATT202412006356,STU006356,SCH012,2024-12-01,10,9,Illness
ATT202412006357,STU006357,SCH039,2024-12-01,11,10,Medical
ATT202412006358,STU006358,SCH001,2024-12-01,13,12,Unauthorised
ATT202412006359,STU006359,SCH012,2024-12-01,12,11,Other
ATT202412006360,STU006360,SCH019,2024-12-01,13,12,Family
ATT202412006361,STU006361,SCH032,2024-12-01,10,9,Other
ATT202412006362,STU006362,SCH019,2024-12-01,15,15,
ATT202412006363,STU006363,SCH041,2024-12-01,10,9,Unauthorised
ATT202412006364,STU006364,SCH014,2024-12-01,11,9,Medical
ATT202412006365,STU006365,SCH007,2024-12-01,13,12,Family
ATT202412006366,STU006366,SCH019,2024-12-01,15,15,
ATT202412006367,STU006367,SCH031,2024-12-01,14,12,Unauthorised
ATT202412006368,STU006368,SCH024,2024-12-01,13,11,Illness
ATT202412006369,STU006369,SCH012,2024-12-01,11,10,Illness
ATT202412006370,STU006370,SCH035,2024-12-01,11,9,Family
ATT202412006371,STU006371,SCH029,2024-12-01,14,12,Other
ATT202412006372,STU006372,SCH002,2024-12-01,14,13,Unauthorised
ATT202412006373,STU006373,SCH034,2024-12-01,13,12,Other
ATT202412006374,STU006374,SCH022,2024-12-01,10,10,
ATT202412006375,STU006375,SCH015,2024-12-01,12,11,Unauthorised
ATT202412006376,STU006376,SCH040,2024-12-01,14,13,Illness
ATT202412006377,STU006377,SCH003,2024-12-01,15,14,Unauthorised
ATT202412006378,STU006378,SCH042,2024-12-01,13,10,Medical
ATT202412006379,STU006379,SCH033,2024-12-01,15,14,Medical
ATT202412006380,STU006380,SCH020,2024-12-01,15,14,Unauthorised
ATT202412006381,STU006381,SCH005,2024-12-01,13,12,Illness
ATT202412006382,STU006382,SCH038,2024-12-01,11,10,Medical
ATT202412006383,STU006383,SCH004,2024-12-01,11,11,
ATT202412006384,STU006384,SCH005,2024-12-01,15,14,Other
ATT202412006385,STU006385,SCH006,2024-12-01,11,10,Medical
ATT202412006387,STU006387,SCH011,2024-12-01,15,14,Medical
ATT202412006388,STU006388,SCH048,2024-12-01,12,10,Family
ATT202412006389,STU006389,SCH002,2024-12-01,14,12,Family
ATT202412006390,STU006390,SCH008,2024-12-01,14,13,Medical
ATT202412006391,STU006391,SCH005,2024-12-01,12,11,Other
ATT202412006392,STU006392,SCH007,2024-12-01,10,9,Unauthorised
ATT202412006393,STU006393,SCH047,2024-12-01,13,12,Unauthorised
ATT202412006394,STU006394,SCH006,2024-12-01,13,12,Medical
ATT202412006395,STU006395,SCH006,2024-12-01,15,13,Other
ATT202412006396,STU006396,SCH016,2024-12-01,15,14,Illness
ATT202412006397,STU006397,SCH034,2024-12-01,10,9,Other
ATT202412006398,STU006398,SCH037,2024-12-01,10,10,
ATT202412006399,STU006399,SCH019,2024-12-01,12,11,Unauthorised
ATT202412006400,STU006400,SCH017,2024-12-01,14,13,Unauthorised
ATT202412006401,STU006401,SCH050,2024-12-01,14,13,Family
ATT202412006402,STU006402,SCH021,2024-12-01,14,13,Other
ATT202412006404,STU006404,SCH022,2024-12-01,12,11,Family
ATT202412006405,STU006405,SCH038,2024-12-01,11,10,Family
ATT202412006406,STU006406,SCH044,2024-12-01,12,11,Unauthorised
ATT202412006407,STU006407,SCH017,2024-12-01,14,12,Unauthorised
ATT202412006408,STU006408,SCH044,2024-12-01,11,10,Family
ATT202412006409,STU006409,SCH010,2024-12-01,12,11,Medical
ATT202412006410,STU006410,SCH035,2024-12-01,11,10,Illness
ATT202412006411,STU006411,SCH019,2024-12-01,13,12,Illness
ATT202412006412,STU006412,SCH030,2024-12-01,12,12,
ATT202412006413,STU006413,SCH004,2024-12-01,11,10,Other
ATT202412006414,STU006414,SCH018,2024-12-01,13,12,Family
ATT202412006415,STU006415,SCH048,2024-12-01,12,11,Medical
ATT202412006416,STU006416,SCH029,2024-12-01,12,11,Medical
ATT202412006417,STU006417,SCH029,2024-12-01,11,9,Unauthorised
ATT202412006418,STU006418,SCH010,2024-12-01,14,13,Family
ATT202412006419,STU006419,SCH007,2024-12-01,10,9,Medical
ATT202412006420,STU006420,SCH023,2024-12-01,14,12,Medical
ATT202412006421,STU006421,SCH019,2024-12-01,14,13,Other
ATT202412006422,STU006422,SCH004,2024-12-01,13,11,Family
ATT202412006423,STU006423,SCH007,2024-12-01,12,11,Illness
ATT202412006424,STU006424,SCH031,2024-12-01,12,12,
ATT202412006425,STU006425,SCH041,2024-12-01,13,12,Unauthorised
ATT202412006426,STU006426,SCH007,2024-12-01,13,12,Unauthorised
ATT202412006427,STU006427,SCH020,2024-12-01,10,9,Illness
ATT202412006428,STU006428,SCH047,2024-12-01,13,12,Unauthorised
ATT202412006429,STU006429,SCH049,2024-12-01,13,12,Illness
ATT202412006430,STU006430,SCH018,2024-12-01,10,9,Medical
ATT202412006431,STU006431,SCH007,2024-12-01,11,10,Unauthorised
ATT202412006432,STU006432,SCH033,2024-12-01,14,12,Medical
ATT202412006434,STU006434,SCH035,2024-12-01,11,10,Medical
ATT202412006435,STU006435,SCH001,2024-12-01,13,13,
ATT202412006436,STU006436,SCH028,2024-12-01,11,10,Medical
ATT202412006437,STU006437,SCH003,2024-12-01,12,11,Illness
ATT202412006438,STU006438,SCH035,2024-12-01,10,9,Other
ATT202412006439,STU006439,SCH017,2024-12-01,11,9,Family
ATT202412006440,STU006440,SCH019,2024-12-01,11,10,Medical
ATT202412006441,STU006441,SCH042,2024-12-01,12,10,Unauthorised
ATT202412006442,STU006442,SCH045,2024-12-01,10,8,Illness
ATT202412006443,STU006443,SCH046,2024-12-01,13,12,Unauthorised
ATT202412006444,STU006444,SCH001,2024-12-01,11,10,Illness
ATT202412006445,STU006445,SCH014,2024-12-01,15,14,Illness
ATT202412006446,STU006446,SCH034,2024-12-01,14,12,Unauthorised
ATT202412006447,STU006447,SCH025,2024-12-01,10,9,Unauthorised
ATT202412006448,STU006448,SCH018,2024-12-01,15,14,Illness
ATT202412006449,STU006449,SCH044,2024-12-01,14,13,Other
ATT202412006450,STU006450,SCH004,2024-12-01,12,12,
ATT202412006451,STU006451,SCH044,2024-12-01,10,9,Illness
ATT202412006452,STU006452,SCH020,2024-12-01,14,14,
ATT202412006453,STU006453,SCH013,2024-12-01,12,11,Medical
ATT202412006454,STU006454,SCH035,2024-12-01,14,13,Other
ATT202412006455,STU006455,SCH043,2024-12-01,11,10,Illness
ATT202412006456,STU006456,SCH023,2024-12-01,12,11,Illness
ATT202412006457,STU006457,SCH041,2024-12-01,14,12,Family
ATT202412006458,STU006458,SCH015,2024-12-01,13,13,
ATT202412006459,STU006459,SCH017,2024-12-01,15,14,Medical
ATT202412006460,STU006460,SCH045,2024-12-01,14,12,Family
ATT202412006461,STU006461,SCH023,2024-12-01,11,10,Illness
ATT202412006462,STU006462,SCH034,2024-12-01,15,13,Medical
ATT202412006463,STU006463,SCH012,2024-12-01,12,11,Unauthorised
ATT202412006464,STU006464,SCH041,2024-12-01,12,10,Unauthorised
ATT202412006465,STU006465,SCH039,2024-12-01,13,11,Family
ATT202412006466,STU006466,SCH034,2024-12-01,10,8,Family
ATT202412006467,STU006467,SCH033,2024-12-01,12,11,Other
ATT202412006468,STU006468,SCH037,2024-12-01,11,10,Illness
ATT202412006469,STU006469,SCH013,2024-12-01,12,11,Unauthorised
ATT202412006470,STU006470,SCH043,2024-12-01,11,10,Medical
ATT202412006471,STU006471,SCH021,2024-12-01,13,12,Other
ATT202412006472,STU006472,SCH028,2024-12-01,15,14,Medical
ATT202412006473,STU006473,SCH047,2024-12-01,11,10,Other
ATT202412006474,STU006474,SCH031,2024-12-01,10,9,Illness
ATT202412006475,STU006475,SCH038,2024-12-01,10,9,Family
ATT202412006476,STU006476,SCH036,2024-12-01,12,11,Unauthorised
ATT202412006477,STU006477,SCH029,2024-12-01,11,10,Medical
ATT202412006478,STU006478,SCH014,2024-12-01,13,12,Unauthorised
ATT202412006479,STU006479,SCH046,2024-12-01,14,13,Other
ATT202412006480,STU006480,SCH044,2024-12-01,15,12,Family
ATT202412006481,STU006481,SCH031,2024-12-01,11,10,Family
ATT202412006482,STU006482,SCH031,2024-12-01,13,11,Family
ATT202412006483,STU006483,SCH007,2024-12-01,13,12,Unauthorised
ATT202412006484,STU006484,SCH042,2024-12-01,12,11,Family
ATT202412006485,STU006485,SCH017,2024-12-01,10,8,Other
ATT202412006486,STU006486,SCH040,2024-12-01,15,15,
ATT202412006487,STU006487,SCH022,2024-12-01,11,11,
ATT202412006488,STU006488,SCH038,2024-12-01,12,10,Family
ATT202412006489,STU006489,SCH023,2024-12-01,15,14,Unauthorised
ATT202412006490,STU006490,SCH018,2024-12-01,11,9,Other
ATT202412006491,STU006491,SCH020,2024-12-01,12,11,Medical
ATT202412006492,STU006492,SCH019,2024-12-01,10,9,Unauthorised
ATT202412006493,STU006493,SCH027,2024-12-01,14,13,Unauthorised
ATT202412006495,STU006495,SCH001,2024-12-01,12,11,Unauthorised
ATT202412006496,STU006496,SCH033,2024-12-01,15,13,Illness
ATT202412006497,STU006497,SCH028,2024-12-01,14,13,Illness
ATT202412006498,STU006498,SCH034,2024-12-01,13,11,Other
ATT202412006499,STU006499,SCH033,2024-12-01,13,12,Unauthorised
ATT202412006500,STU006500,SCH024,2024-12-01,11,9,Family
ATT202412006501,STU006501,SCH032,2024-12-01,15,13,Medical
ATT202412006502,STU006502,SCH034,2024-12-01,11,10,Medical
ATT202412006503,STU006503,SCH016,2024-12-01,14,14,
ATT202412006504,STU006504,SCH001,2024-12-01,11,9,Family
ATT202412006505,STU006505,SCH044,2024-12-01,10,9,Illness
ATT202412006506,STU006506,SCH047,2024-12-01,15,14,Other
ATT202412006507,STU006507,SCH035,2024-12-01,10,8,Family
ATT202412006508,STU006508,SCH041,2024-12-01,14,13,Medical
ATT202412006509,STU006509,SCH044,2024-12-01,11,10,Medical
ATT202412006510,STU006510,SCH014,2024-12-01,14,12,Unauthorised
ATT202412006511,STU006511,SCH010,2024-12-01,15,14,Other
ATT202412006512,STU006512,SCH002,2024-12-01,10,9,Family
ATT202412006513,STU006513,SCH037,2024-12-01,13,13,
ATT202412006514,STU006514,SCH037,2024-12-01,11,10,Medical
ATT202412006515,STU006515,SCH021,2024-12-01,14,13,Medical
ATT202412006516,STU006516,SCH021,2024-12-01,12,11,Other
ATT202412006517,STU006517,SCH023,2024-12-01,10,9,Unauthorised
ATT202412006518,STU006518,SCH050,2024-12-01,11,10,Illness
ATT202412006519,STU006519,SCH012,2024-12-01,15,13,Medical
ATT202412006520,STU006520,SCH026,2024-12-01,11,11,
ATT202412006521,STU006521,SCH005,2024-12-01,15,14,Family
ATT202412006522,STU006522,SCH008,2024-12-01,15,14,Medical
ATT202412006523,STU006523,SCH012,2024-12-01,10,9,Illness
ATT202412006524,STU006524,SCH026,2024-12-01,15,14,Medical
ATT202412006525,STU006525,SCH005,2024-12-01,10,9,Other
ATT202412006526,STU006526,SCH047,2024-12-01,14,13,Illness
ATT202412006527,STU006527,SCH022,2024-12-01,13,11,Medical
ATT202412006528,STU006528,SCH025,2024-12-01,14,14,
ATT202412006530,STU006530,SCH017,2024-12-01,12,9,Family
ATT202412006531,STU006531,SCH033,2024-12-01,12,11,Other
ATT202412006532,STU006532,SCH050,2024-12-01,11,10,Other
ATT202412006533,STU006533,SCH042,2024-12-01,11,10,Family
ATT202412006534,STU006534,SCH046,2024-12-01,11,11,
ATT202412006535,STU006535,SCH041,2024-12-01,12,11,Unauthorised
ATT202412006536,STU006536,SCH029,2024-12-01,10,9,Unauthorised
ATT202412006537,STU006537,SCH020,2024-12-01,10,9,Unauthorised
ATT202412006538,STU006538,SCH013,2024-12-01,14,13,Medical
ATT202412006539,STU006539,SCH044,2024-12-01,12,10,Illness
ATT202412006540,STU006540,SCH014,2024-12-01,13,12,Medical
ATT202412006541,STU006541,SCH013,2024-12-01,14,13,Unauthorised
ATT202412006542,STU006542,SCH048,2024-12-01,13,12,Medical
ATT202412006543,STU006543,SCH032,2024-12-01,12,10,Other
ATT202412006544,STU006544,SCH050,2024-12-01,13,11,Unauthorised
ATT202412006545,STU006545,SCH050,2024-12-01,12,11,Illness
ATT202412006546,STU006546,SCH026,2024-12-01,15,14,Family
ATT202412006547,STU006547,SCH044,2024-12-01,13,12,Family
ATT202412006548,STU006548,SCH028,2024-12-01,15,14,Family
ATT202412006549,STU006549,SCH041,2024-12-01,10,9,Medical
ATT202412006550,STU006550,SCH038,2024-12-01,14,13,Other
ATT202412006551,STU006551,SCH027,2024-12-01,12,11,Medical
ATT202412006552,STU006552,SCH002,2024-12-01,15,13,Medical
ATT202412006553,STU006553,SCH014,2024-12-01,13,13,
ATT202412006554,STU006554,SCH023,2024-12-01,10,9,Illness
ATT202412006555,STU006555,SCH043,2024-12-01,12,11,Other
ATT202412006556,STU006556,SCH036,2024-12-01,15,13,Other
ATT202412006557,STU006557,SCH027,2024-12-01,11,10,Family
ATT202412006558,STU006558,SCH003,2024-12-01,13,12,Medical
ATT202412006559,STU006559,SCH008,2024-12-01,15,14,Other
ATT202412006560,STU006560,SCH033,2024-12-01,12,11,Other
ATT202412006561,STU006561,SCH024,2024-12-01,11,9,Family
ATT202412006562,STU006562,SCH029,2024-12-01,12,10,Medical
ATT202412006563,STU006563,SCH011,2024-12-01,11,10,Medical
ATT202412006564,STU006564,SCH021,2024-12-01,12,11,Unauthorised
ATT202412006565,STU006565,SCH018,2024-12-01,13,12,Other
ATT202412006566,STU006566,SCH021,2024-12-01,15,13,Family
ATT202412006567,STU006567,SCH004,2024-12-01,10,9,Medical
ATT202412006568,STU006568,SCH007,2024-12-01,11,10,Family
ATT202412006569,STU006569,SCH020,2024-12-01,10,9,Family
ATT202412006570,STU006570,SCH036,2024-12-01,15,14,Illness
ATT202412006571,STU006571,SCH004,2024-12-01,11,10,Medical
ATT202412006572,STU006572,SCH004,2024-12-01,12,11,Unauthorised
ATT202412006573,STU006573,SCH043,2024-12-01,15,14,Illness
ATT202412006574,STU006574,SCH007,2024-12-01,10,9,Medical
ATT202412006575,STU006575,SCH004,2024-12-01,12,12,
ATT202412006576,STU006576,SCH006,2024-12-01,14,13,Family
ATT202412006577,STU006577,SCH021,2024-12-01,15,13,Other
ATT202412006578,STU006578,SCH030,2024-12-01,14,14,
ATT202412006579,STU006579,SCH011,2024-12-01,13,13,
ATT202412006580,STU006580,SCH037,2024-12-01,10,9,Unauthorised
ATT202412006581,STU006581,SCH004,2024-12-01,13,11,Illness
ATT202412006582,STU006582,SCH047,2024-12-01,12,10,Family
ATT202412006583,STU006583,SCH040,2024-12-01,15,14,Family
ATT202412006584,STU006584,SCH009,2024-12-01,11,10,Illness
ATT202412006585,STU006585,SCH019,2024-12-01,11,10,Unauthorised
ATT202412006586,STU006586,SCH030,2024-12-01,12,12,
ATT202412006587,STU006587,SCH014,2024-12-01,13,12,Medical
ATT202412006588,STU006588,SCH049,2024-12-01,11,10,Unauthorised
ATT202412006589,STU006589,SCH044,2024-12-01,14,12,Other
ATT202412006590,STU006590,SCH037,2024-12-01,11,10,Other
ATT202412006591,STU006591,SCH021,2024-12-01,12,11,Other
ATT202412006592,STU006592,SCH019,2024-12-01,11,10,Other
ATT202412006593,STU006593,SCH027,2024-12-01,14,13,Medical
ATT202412006594,STU006594,SCH012,2024-12-01,12,11,Other
ATT202412006595,STU006595,SCH050,2024-12-01,14,12,Medical
ATT202412006596,STU006596,SCH015,2024-12-01,14,12,Illness
ATT202412006598,STU006598,SCH036,2024-12-01,12,11,Other
ATT202412006599,STU006599,SCH049,2024-12-01,11,9,Family
ATT202412006600,STU006600,SCH008,2024-12-01,14,13,Illness
ATT202412006602,STU006602,SCH011,2024-12-01,14,13,Unauthorised
ATT202412006603,STU006603,SCH031,2024-12-01,14,12,Unauthorised
ATT202412006604,STU006604,SCH004,2024-12-01,10,9,Family
ATT202412006605,STU006605,SCH007,2024-12-01,14,14,
ATT202412006606,STU006606,SCH048,2024-12-01,13,12,Family
ATT202412006607,STU006607,SCH024,2024-12-01,10,9,Illness
ATT202412006608,STU006608,SCH006,2024-12-01,12,11,Illness
ATT202412006609,STU006609,SCH031,2024-12-01,14,13,Medical
ATT202412006610,STU006610,SCH046,2024-12-01,13,12,Family
ATT202412006611,STU006611,SCH046,2024-12-01,12,11,Family
ATT202412006612,STU006612,SCH008,2024-12-01,13,12,Family
ATT202412006613,STU006613,SCH046,2024-12-01,14,13,Medical
ATT202412006614,STU006614,SCH025,2024-12-01,14,13,Unauthorised
ATT202412006615,STU006615,SCH039,2024-12-01,12,11,Illness
ATT202412006616,STU006616,SCH028,2024-12-01,15,13,Unauthorised
ATT202412006617,STU006617,SCH050,2024-12-01,11,10,Medical
ATT202412006618,STU006618,SCH037,2024-12-01,15,14,Other
ATT202412006619,STU006619,SCH032,2024-12-01,11,9,Unauthorised
ATT202412006620,STU006620,SCH023,2024-12-01,13,11,Unauthorised
ATT202412006621,STU006621,SCH046,2024-12-01,14,12,Unauthorised
ATT202412006622,STU006622,SCH039,2024-12-01,12,11,Medical
ATT202412006623,STU006623,SCH037,2024-12-01,11,10,Unauthorised
ATT202412006624,STU006624,SCH011,2024-12-01,11,10,Medical
ATT202412006625,STU006625,SCH016,2024-12-01,14,13,Unauthorised
ATT202412006626,STU006626,SCH017,2024-12-01,11,10,Unauthorised
ATT202412006627,STU006627,SCH034,2024-12-01,11,9,Family
ATT202412006628,STU006628,SCH036,2024-12-01,11,10,Medical
ATT202412006629,STU006629,SCH021,2024-12-01,13,12,Family
ATT202412006630,STU006630,SCH009,2024-12-01,10,10,
ATT202412006631,STU006631,SCH031,2024-12-01,12,11,Other
ATT202412006632,STU006632,SCH047,2024-12-01,10,9,Other
ATT202412006633,STU006633,SCH044,2024-12-01,12,11,Other
ATT202412006634,STU006634,SCH005,2024-12-01,12,11,Medical
ATT202412006635,STU006635,SCH002,2024-12-01,13,12,Unauthorised
ATT202412006636,STU006636,SCH028,2024-12-01,10,10,
ATT202412006637,STU006637,SCH002,2024-12-01,11,9,Other
ATT202412006638,STU006638,SCH006,2024-12-01,12,11,Medical
ATT202412006639,STU006639,SCH031,2024-12-01,13,11,Other
ATT202412006640,STU006640,SCH008,2024-12-01,10,9,Unauthorised
ATT202412006641,STU006641,SCH042,2024-12-01,10,9,Other
ATT202412006642,STU006642,SCH046,2024-12-01,15,14,Family
ATT202412006643,STU006643,SCH038,2024-12-01,13,12,Other
ATT202412006644,STU006644,SCH040,2024-12-01,11,10,Illness
ATT202412006645,STU006645,SCH038,2024-12-01,15,14,Family
ATT202412006646,STU006646,SCH018,2024-12-01,13,12,Medical
ATT202412006647,STU006647,SCH003,2024-12-01,11,10,Family
ATT202412006648,STU006648,SCH036,2024-12-01,12,11,Unauthorised
ATT202412006649,STU006649,SCH028,2024-12-01,14,13,Illness
ATT202412006650,STU006650,SCH030,2024-12-01,14,14,
ATT202412006651,STU006651,SCH015,2024-12-01,12,12,
ATT202412006652,STU006652,SCH018,2024-12-01,10,9,Family
ATT202412006653,STU006653,SCH027,2024-12-01,11,10,Family
ATT202412006654,STU006654,SCH006,2024-12-01,11,10,Family
ATT202412006655,STU006655,SCH043,2024-12-01,12,11,Family
ATT202412006656,STU006656,SCH033,2024-12-01,12,12,
ATT202412006657,STU006657,SCH029,2024-12-01,15,15,
ATT202412006658,STU006658,SCH009,2024-12-01,13,12,Family
ATT202412006659,STU006659,SCH013,2024-12-01,14,13,Medical
ATT202412006660,STU006660,SCH043,2024-12-01,14,12,Medical
ATT202412006661,STU006661,SCH011,2024-12-01,11,10,Medical
ATT202412006662,STU006662,SCH044,2024-12-01,13,13,
ATT202412006663,STU006663,SCH010,2024-12-01,10,9,Medical
ATT202412006664,STU006664,SCH027,2024-12-01,15,14,Family
ATT202412006665,STU006665,SCH045,2024-12-01,11,10,Other
ATT202412006666,STU006666,SCH033,2024-12-01,15,14,Illness
ATT202412006667,STU006667,SCH020,2024-12-01,11,11,
ATT202412006668,STU006668,SCH045,2024-12-01,12,11,Medical
ATT202412006669,STU006669,SCH024,2024-12-01,15,13,Illness
ATT202412006670,STU006670,SCH027,2024-12-01,13,12,Other
ATT202412006671,STU006671,SCH048,2024-12-01,11,11,
ATT202412006672,STU006672,SCH046,2024-12-01,12,10,Unauthorised
ATT202412006673,STU006673,SCH003,2024-12-01,11,10,Other
ATT202412006674,STU006674,SCH004,2024-12-01,10,9,Other
ATT202412006675,STU006675,SCH035,2024-12-01,12,10,Other
ATT202412006677,STU006677,SCH004,2024-12-01,11,10,Illness
ATT202412006678,STU006678,SCH014,2024-12-01,15,14,Other
ATT202412006679,STU006679,SCH041,2024-12-01,14,12,Family
ATT202412006680,STU006680,SCH026,2024-12-01,12,11,Unauthorised
ATT202412006681,STU006681,SCH016,2024-12-01,13,12,Other
ATT202412006682,STU006682,SCH040,2024-12-01,11,9,Unauthorised
ATT202412006683,STU006683,SCH034,2024-12-01,14,12,Other
ATT202412006684,STU006684,SCH029,2024-12-01,12,11,Unauthorised
ATT202412006685,STU006685,SCH013,2024-12-01,14,12,Family
ATT202412006686,STU006686,SCH007,2024-12-01,15,13,Other
ATT202412006687,STU006687,SCH033,2024-12-01,11,10,Unauthorised
ATT202412006688,STU006688,SCH032,2024-12-01,10,8,Family
ATT202412006689,STU006689,SCH018,2024-12-01,13,12,Medical
ATT202412006690,STU006690,SCH028,2024-12-01,12,11,Illness
ATT202412006691,STU006691,SCH012,2024-12-01,14,13,Unauthorised
ATT202412006692,STU006692,SCH011,2024-12-01,10,9,Family
ATT202412006693,STU006693,SCH046,2024-12-01,14,13,Family
ATT202412006694,STU006694,SCH001,2024-12-01,13,11,Other
ATT202412006695,STU006695,SCH026,2024-12-01,10,9,Family
ATT202412006696,STU006696,SCH046,2024-12-01,12,10,Other
ATT202412006697,STU006697,SCH003,2024-12-01,15,13,Medical
ATT202412006698,STU006698,SCH040,2024-12-01,12,12,
ATT202412006699,STU006699,SCH042,2024-12-01,14,12,Medical
ATT202412006700,STU006700,SCH023,2024-12-01,10,9,Family
ATT202412006701,STU006701,SCH044,2024-12-01,14,13,Medical
ATT202412006702,STU006702,SCH028,2024-12-01,10,9,Unauthorised
ATT202412006703,STU006703,SCH037,2024-12-01,15,14,Unauthorised
ATT202412006704,STU006704,SCH024,2024-12-01,12,10,Illness
ATT202412006705,STU006705,SCH017,2024-12-01,10,9,Illness
ATT202412006706,STU006706,SCH014,2024-12-01,15,13,Illness
ATT202412006707,STU006707,SCH020,2024-12-01,15,13,Illness
ATT202412006708,STU006708,SCH043,2024-12-01,11,10,Unauthorised
ATT202412006709,STU006709,SCH028,2024-12-01,14,14,
ATT202412006710,STU006710,SCH004,2024-12-01,13,12,Family
ATT202412006711,STU006711,SCH022,2024-12-01,10,9,Medical
ATT202412006712,STU006712,SCH018,2024-12-01,10,9,Medical
ATT202412006713,STU006713,SCH016,2024-12-01,15,14,Medical
ATT202412006714,STU006714,SCH037,2024-12-01,11,10,Family
ATT202412006716,STU006716,SCH007,2024-12-01,11,10,Other
ATT202412006717,STU006717,SCH036,2024-12-01,12,12,
ATT202412006718,STU006718,SCH027,2024-12-01,15,13,Unauthorised
ATT202412006719,STU006719,SCH036,2024-12-01,13,12,Unauthorised
ATT202412006720,STU006720,SCH050,2024-12-01,11,10,Illness
ATT202412006721,STU006721,SCH016,2024-12-01,13,12,Other
ATT202412006722,STU006722,SCH018,2024-12-01,13,12,Other
ATT202412006723,STU006723,SCH031,2024-12-01,14,13,Medical
ATT202412006724,STU006724,SCH037,2024-12-01,12,11,Unauthorised
ATT202412006725,STU006725,SCH002,2024-12-01,10,9,Illness
ATT202412006726,STU006726,SCH041,2024-12-01,10,9,Family
ATT202412006727,STU006727,SCH030,2024-12-01,13,12,Unauthorised
ATT202412006728,STU006728,SCH012,2024-12-01,14,12,Unauthorised
ATT202412006729,STU006729,SCH032,2024-12-01,12,11,Other
ATT202412006730,STU006730,SCH013,2024-12-01,12,12,
ATT202412006731,STU006731,SCH020,2024-12-01,15,14,Other
ATT202412006732,STU006732,SCH042,2024-12-01,13,12,Other
ATT202412006733,STU006733,SCH031,2024-12-01,13,12,Medical
ATT202412006734,STU006734,SCH010,2024-12-01,11,10,Family
ATT202412006735,STU006735,SCH042,2024-12-01,11,9,Medical
ATT202412006736,STU006736,SCH003,2024-12-01,12,12,
ATT202412006737,STU006737,SCH019,2024-12-01,12,11,Illness
ATT202412006738,STU006738,SCH028,2024-12-01,12,10,Other
ATT202412006739,STU006739,SCH030,2024-12-01,11,10,Unauthorised
ATT202412006740,STU006740,SCH029,2024-12-01,13,11,Medical
ATT202412006741,STU006741,SCH029,2024-12-01,11,10,Unauthorised
ATT202412006742,STU006742,SCH033,2024-12-01,10,10,
ATT202412006743,STU006743,SCH020,2024-12-01,10,9,Family
ATT202412006744,STU006744,SCH006,2024-12-01,12,11,Family
ATT202412006745,STU006745,SCH016,2024-12-01,13,12,Unauthorised
ATT202412006746,STU006746,SCH012,2024-12-01,10,9,Other
ATT202412006747,STU006747,SCH005,2024-12-01,10,9,Medical
ATT202412006748,STU006748,SCH033,2024-12-01,11,10,Medical
ATT202412006749,STU006749,SCH030,2024-12-01,12,11,Family
ATT202412006750,STU006750,SCH018,2024-12-01,13,12,Medical
ATT202412006751,STU006751,SCH030,2024-12-01,10,10,
ATT202412006752,STU006752,SCH019,2024-12-01,15,14,Illness
ATT202412006753,STU006753,SCH011,2024-12-01,14,13,Medical
ATT202412006754,STU006754,SCH002,2024-12-01,12,11,Illness
ATT202412006755,STU006755,SCH023,2024-12-01,13,12,Other
ATT202412006756,STU006756,SCH027,2024-12-01,12,10,Unauthorised
ATT202412006757,STU006757,SCH008,2024-12-01,15,14,Illness
ATT202412006758,STU006758,SCH011,2024-12-01,14,13,Unauthorised
ATT202412006759,STU006759,SCH030,2024-12-01,12,11,Unauthorised
ATT202412006760,STU006760,SCH036,2024-12-01,15,13,Other
ATT202412006761,STU006761,SCH044,2024-12-01,10,9,Medical
ATT202412006762,STU006762,SCH028,2024-12-01,14,13,Unauthorised
ATT202412006763,STU006763,SCH040,2024-12-01,12,12,
ATT202412006764,STU006764,SCH031,2024-12-01,10,9,Unauthorised
ATT202412006765,STU006765,SCH040,2024-12-01,10,9,Medical
ATT202412006766,STU006766,SCH043,2024-12-01,12,10,Other
ATT202412006767,STU006767,SCH029,2024-12-01,11,10,Family
ATT202412006768,STU006768,SCH049,2024-12-01,15,13,Other
ATT202412006769,STU006769,SCH026,2024-12-01,12,11,Unauthorised
ATT202412006770,STU006770,SCH017,2024-12-01,13,11,Medical
ATT202412006771,STU006771,SCH016,2024-12-01,14,13,Illness
ATT202412006772,STU006772,SCH020,2024-12-01,10,9,Illness
ATT202412006773,STU006773,SCH040,2024-12-01,10,9,Other
ATT202412006774,STU006774,SCH023,2024-12-01,10,10,
ATT202412006775,STU006775,SCH033,2024-12-01,11,10,Medical
ATT202412006776,STU006776,SCH002,2024-12-01,12,10,Unauthorised
ATT202412006777,STU006777,SCH010,2024-12-01,11,10,Unauthorised
ATT202412006778,STU006778,SCH007,2024-12-01,15,13,Unauthorised
ATT202412006779,STU006779,SCH010,2024-12-01,10,9,Family
ATT202412006780,STU006780,SCH037,2024-12-01,12,11,Other
ATT202412006781,STU006781,SCH047,2024-12-01,12,12,
ATT202412006782,STU006782,SCH003,2024-12-01,12,11,Medical
ATT202412006783,STU006783,SCH033,2024-12-01,14,13,Family
ATT202412006784,STU006784,SCH036,2024-12-01,12,11,Other
ATT202412006785,STU006785,SCH042,2024-12-01,13,11,Illness
ATT202412006786,STU006786,SCH002,2024-12-01,12,11,Unauthorised
ATT202412006787,STU006787,SCH012,2024-12-01,11,9,Illness
ATT202412006788,STU006788,SCH027,2024-12-01,13,12,Illness
ATT202412006789,STU006789,SCH017,2024-12-01,15,13,Medical
ATT202412006790,STU006790,SCH041,2024-12-01,12,11,Illness
ATT202412006791,STU006791,SCH045,2024-12-01,12,10,Family
ATT202412006792,STU006792,SCH005,2024-12-01,10,10,
ATT202412006793,STU006793,SCH046,2024-12-01,12,10,Family
ATT202412006794,STU006794,SCH028,2024-12-01,15,13,Other
ATT202412006795,STU006795,SCH049,2024-12-01,11,10,Illness
ATT202412006796,STU006796,SCH002,2024-12-01,15,14,Family
ATT202412006797,STU006797,SCH039,2024-12-01,13,12,Unauthorised
ATT202412006798,STU006798,SCH018,2024-12-01,10,9,Other
ATT202412006799,STU006799,SCH042,2024-12-01,11,10,Other
ATT202412006800,STU006800,SCH037,2024-12-01,10,9,Illness
ATT202412006801,STU006801,SCH021,2024-12-01,14,13,Other
ATT202412006802,STU006802,SCH003,2024-12-01,14,13,Other
ATT202412006803,STU006803,SCH023,2024-12-01,12,10,Medical
ATT202412006804,STU006804,SCH040,2024-12-01,10,9,Unauthorised
ATT202412006805,STU006805,SCH016,2024-12-01,12,11,Illness
ATT202412006806,STU006806,SCH002,2024-12-01,12,11,Illness
ATT202412006807,STU006807,SCH006,2024-12-01,13,12,Medical
ATT202412006808,STU006808,SCH014,2024-12-01,12,11,Medical
ATT202412006809,STU006809,SCH024,2024-12-01,14,13,Medical
ATT202412006810,STU006810,SCH006,2024-12-01,11,11,
ATT202412006811,STU006811,SCH046,2024-12-01,14,12,Unauthorised
ATT202412006812,STU006812,SCH008,2024-12-01,10,9,Medical
ATT202412006813,STU006813,SCH012,2024-12-01,13,11,Family
ATT202412006814,STU006814,SCH011,2024-12-01,13,13,
ATT202412006815,STU006815,SCH042,2024-12-01,11,11,
ATT202412006816,STU006816,SCH015,2024-12-01,14,12,Illness
ATT202412006817,STU006817,SCH002,2024-12-01,13,12,Other
ATT202412006818,STU006818,SCH001,2024-12-01,15,13,Unauthorised
ATT202412006819,STU006819,SCH023,2024-12-01,15,13,Medical
ATT202412006820,STU006820,SCH016,2024-12-01,10,9,Other
ATT202412006821,STU006821,SCH012,2024-12-01,12,11,Family
ATT202412006822,STU006822,SCH010,2024-12-01,15,14,Family
ATT202412006823,STU006823,SCH017,2024-12-01,12,10,Medical
ATT202412006824,STU006824,SCH014,2024-12-01,13,12,Unauthorised
ATT202412006825,STU006825,SCH019,2024-12-01,13,12,Other
ATT202412006826,STU006826,SCH025,2024-12-01,14,14,
ATT202412006827,STU006827,SCH005,2024-12-01,15,13,Family
ATT202412006828,STU006828,SCH005,2024-12-01,10,9,Unauthorised
ATT202412006829,STU006829,SCH034,2024-12-01,10,9,Medical
ATT202412006830,STU006830,SCH026,2024-12-01,11,10,Other
ATT202412006831,STU006831,SCH008,2024-12-01,11,11,
ATT202412006832,STU006832,SCH047,2024-12-01,12,11,Medical
ATT202412006833,STU006833,SCH009,2024-12-01,12,12,
ATT202412006834,STU006834,SCH020,2024-12-01,14,13,Medical
ATT202412006835,STU006835,SCH015,2024-12-01,15,14,Illness
ATT202412006836,STU006836,SCH002,2024-12-01,13,12,Other
ATT202412006837,STU006837,SCH027,2024-12-01,14,12,Medical
ATT202412006838,STU006838,SCH047,2024-12-01,14,14,
ATT202412006839,STU006839,SCH011,2024-12-01,14,12,Other
ATT202412006840,STU006840,SCH028,2024-12-01,15,13,Medical
ATT202412006841,STU006841,SCH024,2024-12-01,14,11,Other
ATT202412006842,STU006842,SCH025,2024-12-01,12,11,Unauthorised
ATT202412006843,STU006843,SCH049,2024-12-01,11,10,Other
ATT202412006844,STU006844,SCH019,2024-12-01,15,14,Unauthorised
ATT202412006845,STU006845,SCH020,2024-12-01,12,11,Family
ATT202412006846,STU006846,SCH014,2024-12-01,11,10,Illness
ATT202412006847,STU006847,SCH001,2024-12-01,15,13,Medical
ATT202412006848,STU006848,SCH022,2024-12-01,13,11,Family
ATT202412006849,STU006849,SCH044,2024-12-01,12,10,Medical
ATT202412006850,STU006850,SCH008,2024-12-01,15,13,Illness
ATT202412006851,STU006851,SCH015,2024-12-01,12,11,Illness
ATT202412006852,STU006852,SCH013,2024-12-01,14,13,Illness
ATT202412006853,STU006853,SCH009,2024-12-01,15,14,Medical
ATT202412006854,STU006854,SCH031,2024-12-01,13,11,Family
ATT202412006855,STU006855,SCH046,2024-12-01,13,12,Medical
ATT202412006856,STU006856,SCH015,2024-12-01,12,11,Medical
ATT202412006857,STU006857,SCH018,2024-12-01,13,13,
ATT202412006858,STU006858,SCH032,2024-12-01,14,13,Illness
ATT202412006859,STU006859,SCH022,2024-12-01,15,13,Family
ATT202412006860,STU006860,SCH028,2024-12-01,13,12,Other
ATT202412006861,STU006861,SCH043,2024-12-01,13,11,Other
ATT202412006862,STU006862,SCH024,2024-12-01,13,11,Illness
ATT202412006863,STU006863,SCH043,2024-12-01,10,10,
ATT202412006864,STU006864,SCH034,2024-12-01,14,12,Family
ATT202412006865,STU006865,SCH005,2024-12-01,13,12,Other
ATT202412006866,STU006866,SCH035,2024-12-01,14,12,Medical
ATT202412006867,STU006867,SCH043,2024-12-01,13,11,Medical
ATT202412006868,STU006868,SCH019,2024-12-01,15,14,Medical
ATT202412006869,STU006869,SCH024,2024-12-01,10,8,Unauthorised
ATT202412006870,STU006870,SCH050,2024-12-01,12,10,Illness
ATT202412006871,STU006871,SCH016,2024-12-01,15,15,
ATT202412006872,STU006872,SCH034,2024-12-01,12,11,Unauthorised
ATT202412006873,STU006873,SCH033,2024-12-01,10,9,Other
ATT202412006874,STU006874,SCH009,2024-12-01,10,9,Family
ATT202412006875,STU006875,SCH004,2024-12-01,10,9,Illness
ATT202412006876,STU006876,SCH019,2024-12-01,15,14,Unauthorised
ATT202412006877,STU006877,SCH042,2024-12-01,10,9,Medical
ATT202412006878,STU006878,SCH030,2024-12-01,11,10,Medical
ATT202412006879,STU006879,SCH027,2024-12-01,15,13,Unauthorised
ATT202412006880,STU006880,SCH036,2024-12-01,13,11,Family
ATT202412006881,STU006881,SCH020,2024-12-01,11,10,Medical
ATT202412006882,STU006882,SCH006,2024-12-01,12,11,Illness
ATT202412006883,STU006883,SCH001,2024-12-01,12,11,Family
ATT202412006884,STU006884,SCH022,2024-12-01,13,11,Illness
ATT202412006885,STU006885,SCH002,2024-12-01,12,10,Unauthorised
ATT202412006886,STU006886,SCH042,2024-12-01,12,11,Illness
ATT202412006887,STU006887,SCH006,2024-12-01,12,11,Illness
ATT202412006888,STU006888,SCH004,2024-12-01,12,11,Illness
ATT202412006889,STU006889,SCH009,2024-12-01,12,10,Family
ATT202412006890,STU006890,SCH029,2024-12-01,12,11,Other
ATT202412006891,STU006891,SCH046,2024-12-01,14,12,Unauthorised
ATT202412006892,STU006892,SCH028,2024-12-01,12,11,Family
ATT202412006893,STU006893,SCH023,2024-12-01,15,13,Other
ATT202412006894,STU006894,SCH036,2024-12-01,11,10,Illness
ATT202412006895,STU006895,SCH028,2024-12-01,15,13,Illness
ATT202412006896,STU006896,SCH014,2024-12-01,12,12,
ATT202412006897,STU006897,SCH030,2024-12-01,13,11,Illness
ATT202412006898,STU006898,SCH016,2024-12-01,13,12,Illness
ATT202412006899,STU006899,SCH044,2024-12-01,12,10,Medical
ATT202412006900,STU006900,SCH048,2024-12-01,13,12,Unauthorised
ATT202412006901,STU006901,SCH048,2024-12-01,10,9,Other
ATT202412006902,STU006902,SCH031,2024-12-01,11,10,Other
ATT202412006903,STU006903,SCH030,2024-12-01,14,13,Unauthorised
ATT202412006904,STU006904,SCH025,2024-12-01,11,10,Other
ATT202412006905,STU006905,SCH031,2024-12-01,14,13,Medical
ATT202412006906,STU006906,SCH025,2024-12-01,11,10,Medical
ATT202412006907,STU006907,SCH043,2024-12-01,14,12,Family
ATT202412006908,STU006908,SCH046,2024-12-01,13,12,Medical
ATT202412006909,STU006909,SCH017,2024-12-01,12,10,Unauthorised
ATT202412006910,STU006910,SCH046,2024-12-01,13,12,Medical
ATT202412006911,STU006911,SCH036,2024-12-01,10,9,Other
ATT202412006912,STU006912,SCH039,2024-12-01,12,11,Medical
ATT202412006913,STU006913,SCH041,2024-12-01,14,13,Other
ATT202412006914,STU006914,SCH016,2024-12-01,10,9,Illness
ATT202412006915,STU006915,SCH037,2024-12-01,10,10,
ATT202412006916,STU006916,SCH030,2024-12-01,15,14,Family
ATT202412006917,STU006917,SCH019,2024-12-01,10,9,Other
ATT202412006918,STU006918,SCH033,2024-12-01,14,13,Family
ATT202412006919,STU006919,SCH035,2024-12-01,15,13,Other
ATT202412006920,STU006920,SCH045,2024-12-01,15,14,Unauthorised
ATT202412006921,STU006921,SCH050,2024-12-01,10,9,Family
ATT202412006922,STU006922,SCH008,2024-12-01,12,12,
ATT202412006923,STU006923,SCH039,2024-12-01,12,11,Family
ATT202412006924,STU006924,SCH028,2024-12-01,15,14,Illness
ATT202412006925,STU006925,SCH001,2024-12-01,14,12,Illness
ATT202412006926,STU006926,SCH050,2024-12-01,15,14,Family
ATT202412006927,STU006927,SCH033,2024-12-01,14,13,Other
ATT202412006928,STU006928,SCH005,2024-12-01,13,11,Unauthorised
ATT202412006929,STU006929,SCH012,2024-12-01,13,11,Medical
ATT202412006930,STU006930,SCH022,2024-12-01,11,9,Illness
ATT202412006931,STU006931,SCH013,2024-12-01,14,12,Illness
ATT202412006932,STU006932,SCH025,2024-12-01,13,12,Family
ATT202412006933,STU006933,SCH019,2024-12-01,10,9,Medical
ATT202412006934,STU006934,SCH024,2024-12-01,10,9,Family
ATT202412006935,STU006935,SCH015,2024-12-01,14,13,Unauthorised
ATT202412006936,STU006936,SCH015,2024-12-01,13,12,Unauthorised
ATT202412006937,STU006937,SCH028,2024-12-01,10,9,Illness
ATT202412006938,STU006938,SCH022,2024-12-01,14,11,Medical
ATT202412006939,STU006939,SCH015,2024-12-01,11,11,
ATT202412006940,STU006940,SCH013,2024-12-01,13,12,Family
ATT202412006941,STU006941,SCH037,2024-12-01,11,10,Other
ATT202412006942,STU006942,SCH013,2024-12-01,13,12,Unauthorised
ATT202412006943,STU006943,SCH009,2024-12-01,14,13,Family
ATT202412006944,STU006944,SCH003,2024-12-01,13,12,Illness
ATT202412006945,STU006945,SCH009,2024-12-01,14,12,Other
ATT202412006946,STU006946,SCH034,2024-12-01,10,8,Illness
ATT202412006947,STU006947,SCH010,2024-12-01,13,12,Medical
ATT202412006948,STU006948,SCH032,2024-12-01,13,12,Other
ATT202412006949,STU006949,SCH010,2024-12-01,15,13,Medical
ATT202412006950,STU006950,SCH004,2024-12-01,11,10,Other
ATT202412006951,STU006951,SCH009,2024-12-01,11,10,Unauthorised
ATT202412006952,STU006952,SCH004,2024-12-01,15,14,Illness
ATT202412006953,STU006953,SCH028,2024-12-01,13,12,Illness
ATT202412006954,STU006954,SCH023,2024-12-01,12,11,Illness
ATT202412006955,STU006955,SCH046,2024-12-01,10,7,Other
ATT202412006956,STU006956,SCH040,2024-12-01,14,13,Medical
ATT202412006957,STU006957,SCH038,2024-12-01,15,14,Family
ATT202412006958,STU006958,SCH032,2024-12-01,11,9,Illness
ATT202412006959,STU006959,SCH030,2024-12-01,13,12,Family
ATT202412006960,STU006960,SCH029,2024-12-01,14,12,Illness
ATT202412006961,STU006961,SCH008,2024-12-01,11,10,Unauthorised
ATT202412006962,STU006962,SCH037,2024-12-01,12,11,Medical
ATT202412006963,STU006963,SCH013,2024-12-01,11,11,
ATT202412006964,STU006964,SCH005,2024-12-01,12,11,Medical
ATT202412006965,STU006965,SCH037,2024-12-01,12,10,Medical
ATT202412006966,STU006966,SCH029,2024-12-01,11,10,Family
ATT202412006967,STU006967,SCH024,2024-12-01,10,9,Unauthorised
ATT202412006968,STU006968,SCH036,2024-12-01,13,11,Medical
ATT202412006969,STU006969,SCH042,2024-12-01,14,12,Family
ATT202412006970,STU006970,SCH007,2024-12-01,10,10,
ATT202412006971,STU006971,SCH011,2024-12-01,11,10,Family
ATT202412006972,STU006972,SCH048,2024-12-01,14,13,Unauthorised
ATT202412006973,STU006973,SCH040,2024-12-01,10,9,Other
ATT202412006974,STU006974,SCH044,2024-12-01,12,11,Family
ATT202412006975,STU006975,SCH029,2024-12-01,10,9,Unauthorised
ATT202412006976,STU006976,SCH048,2024-12-01,11,10,Other
ATT202412006977,STU006977,SCH008,2024-12-01,10,9,Medical
ATT202412006978,STU006978,SCH048,2024-12-01,13,11,Illness
ATT202412006979,STU006979,SCH014,2024-12-01,15,14,Family
ATT202412006980,STU006980,SCH048,2024-12-01,12,11,Other
ATT202412006981,STU006981,SCH021,2024-12-01,14,13,Illness
ATT202412006982,STU006982,SCH029,2024-12-01,15,14,Other
ATT202412006983,STU006983,SCH018,2024-12-01,12,11,Other
ATT202412006984,STU006984,SCH033,2024-12-01,12,12,
ATT202412006985,STU006985,SCH033,2024-12-01,14,13,Other
ATT202412006986,STU006986,SCH013,2024-12-01,14,13,Family
ATT202412006987,STU006987,SCH026,2024-12-01,14,13,Medical
ATT202412006988,STU006988,SCH024,2024-12-01,12,11,Unauthorised
ATT202412006989,STU006989,SCH025,2024-12-01,15,14,Medical
ATT202412006990,STU006990,SCH012,2024-12-01,14,12,Unauthorised
ATT202412006991,STU006991,SCH042,2024-12-01,13,11,Medical
ATT202412006992,STU006992,SCH002,2024-12-01,15,13,Illness
ATT202412006993,STU006993,SCH008,2024-12-01,11,11,
ATT202412006994,STU006994,SCH047,2024-12-01,15,14,Other
ATT202412006995,STU006995,SCH025,2024-12-01,11,11,
ATT202412006996,STU006996,SCH024,2024-12-01,12,11,Family
ATT202412006997,STU006997,SCH018,2024-12-01,13,11,Unauthorised
ATT202412006998,STU006998,SCH020,2024-12-01,10,9,Medical
ATT202412006999,STU006999,SCH018,2024-12-01,13,12,Family
ATT202412007000,STU007000,SCH033,2024-12-01,12,11,Medical
ATT202412007001,STU007001,SCH046,2024-12-01,15,14,Unauthorised
ATT202412007002,STU007002,SCH005,2024-12-01,14,13,Unauthorised
ATT202412007003,STU007003,SCH017,2024-12-01,11,9,Other
ATT202412007004,STU007004,SCH012,2024-12-01,15,13,Other
ATT202412007006,STU007006,SCH027,2024-12-01,13,12,Unauthorised
ATT202412007007,STU007007,SCH004,2024-12-01,15,14,Unauthorised
ATT202412007008,STU007008,SCH015,2024-12-01,10,9,Unauthorised
ATT202412007009,STU007009,SCH001,2024-12-01,12,11,Family
ATT202412007010,STU007010,SCH008,2024-12-01,14,12,Other
ATT202412007011,STU007011,SCH021,2024-12-01,15,14,Illness
ATT202412007012,STU007012,SCH032,2024-12-01,15,13,Family
ATT202412007013,STU007013,SCH010,2024-12-01,15,13,Other
ATT202412007014,STU007014,SCH042,2024-12-01,15,13,Illness
ATT202412007015,STU007015,SCH021,2024-12-01,11,10,Illness
ATT202412007016,STU007016,SCH038,2024-12-01,15,14,Illness
ATT202412007017,STU007017,SCH012,2024-12-01,12,11,Family
ATT202412007018,STU007018,SCH040,2024-12-01,14,14,
ATT202412007019,STU007019,SCH011,2024-12-01,10,10,
ATT202412007020,STU007020,SCH016,2024-12-01,12,11,Unauthorised
ATT202412007021,STU007021,SCH014,2024-12-01,12,12,
ATT202412007022,STU007022,SCH032,2024-12-01,12,11,Family
ATT202412007023,STU007023,SCH047,2024-12-01,12,10,Unauthorised
ATT202412007024,STU007024,SCH023,2024-12-01,12,11,Family
ATT202412007025,STU007025,SCH027,2024-12-01,14,12,Other
ATT202412007026,STU007026,SCH032,2024-12-01,11,10,Other
ATT202412007027,STU007027,SCH047,2024-12-01,15,14,Other
ATT202412007028,STU007028,SCH034,2024-12-01,13,12,Illness
ATT202412007029,STU007029,SCH037,2024-12-01,11,10,Unauthorised
ATT202412007030,STU007030,SCH020,2024-12-01,10,9,Illness
ATT202412007031,STU007031,SCH034,2024-12-01,11,9,Unauthorised
ATT202412007032,STU007032,SCH018,2024-12-01,15,13,Illness
ATT202412007033,STU007033,SCH020,2024-12-01,14,13,Illness
ATT202412007034,STU007034,SCH042,2024-12-01,15,14,Medical
ATT202412007035,STU007035,SCH005,2024-12-01,11,10,Medical
ATT202412007036,STU007036,SCH009,2024-12-01,15,14,Unauthorised
ATT202412007037,STU007037,SCH004,2024-12-01,12,11,Medical
ATT202412007038,STU007038,SCH013,2024-12-01,12,11,Other
ATT202412007039,STU007039,SCH034,2024-12-01,14,14,
ATT202412007040,STU007040,SCH019,2024-12-01,12,11,Unauthorised
ATT202412007041,STU007041,SCH025,2024-12-01,11,10,Unauthorised
ATT202412007042,STU007042,SCH037,2024-12-01,13,12,Illness
ATT202412007043,STU007043,SCH025,2024-12-01,14,13,Medical
ATT202412007044,STU007044,SCH027,2024-12-01,13,12,Family
ATT202412007045,STU007045,SCH020,2024-12-01,11,9,Family
ATT202412007046,STU007046,SCH035,2024-12-01,12,12,
ATT202412007047,STU007047,SCH041,2024-12-01,11,11,
ATT202412007048,STU007048,SCH043,2024-12-01,11,10,Medical
ATT202412007049,STU007049,SCH037,2024-12-01,15,14,Medical
ATT202412007050,STU007050,SCH027,2024-12-01,10,9,Family
ATT202412007051,STU007051,SCH017,2024-12-01,11,11,
ATT202412007052,STU007052,SCH003,2024-12-01,14,13,Other
ATT202412007053,STU007053,SCH011,2024-12-01,15,14,Other
ATT202412007054,STU007054,SCH044,2024-12-01,12,11,Medical
ATT202412007055,STU007055,SCH007,2024-12-01,15,15,
ATT202412007056,STU007056,SCH002,2024-12-01,12,10,Other
ATT202412007057,STU007057,SCH004,2024-12-01,15,14,Unauthorised
ATT202412007058,STU007058,SCH029,2024-12-01,13,11,Illness
ATT202412007059,STU007059,SCH032,2024-12-01,14,12,Family
ATT202412007060,STU007060,SCH026,2024-12-01,10,10,
ATT202412007061,STU007061,SCH045,2024-12-01,10,9,Illness
ATT202412007062,STU007062,SCH045,2024-12-01,10,9,Other
ATT202412007063,STU007063,SCH034,2024-12-01,10,10,
ATT202412007064,STU007064,SCH032,2024-12-01,12,12,
ATT202412007065,STU007065,SCH026,2024-12-01,10,9,Illness
ATT202412007066,STU007066,SCH049,2024-12-01,10,8,Medical
ATT202412007067,STU007067,SCH004,2024-12-01,10,10,
ATT202412007068,STU007068,SCH017,2024-12-01,15,13,Other
ATT202412007069,STU007069,SCH034,2024-12-01,10,9,Medical
ATT202412007070,STU007070,SCH007,2024-12-01,11,10,Medical
ATT202412007071,STU007071,SCH028,2024-12-01,15,14,Family
ATT202412007072,STU007072,SCH039,2024-12-01,11,10,Family
ATT202412007073,STU007073,SCH028,2024-12-01,13,11,Family
ATT202412007074,STU007074,SCH046,2024-12-01,11,10,Medical
ATT202412007075,STU007075,SCH033,2024-12-01,15,14,Illness
ATT202412007076,STU007076,SCH042,2024-12-01,14,12,Unauthorised
ATT202412007077,STU007077,SCH018,2024-12-01,12,11,Family
ATT202412007078,STU007078,SCH050,2024-12-01,12,11,Illness
ATT202412007079,STU007079,SCH039,2024-12-01,15,14,Family
ATT202412007080,STU007080,SCH013,2024-12-01,12,11,Illness
ATT202412007081,STU007081,SCH043,2024-12-01,10,9,Other
ATT202412007082,STU007082,SCH045,2024-12-01,12,12,
ATT202412007083,STU007083,SCH047,2024-12-01,14,13,Other
ATT202412007084,STU007084,SCH030,2024-12-01,10,9,Other
ATT202412007085,STU007085,SCH034,2024-12-01,13,11,Medical
ATT202412007086,STU007086,SCH026,2024-12-01,14,13,Medical
ATT202412007087,STU007087,SCH024,2024-12-01,13,11,Medical
ATT202412007088,STU007088,SCH024,2024-12-01,14,13,Other
ATT202412007089,STU007089,SCH009,2024-12-01,13,12,Family
ATT202412007090,STU007090,SCH050,2024-12-01,15,13,Illness
ATT202412007091,STU007091,SCH023,2024-12-01,14,13,Family
ATT202412007092,STU007092,SCH044,2024-12-01,15,12,Medical
ATT202412007093,STU007093,SCH031,2024-12-01,11,10,Family
ATT202412007094,STU007094,SCH044,2024-12-01,13,11,Unauthorised
ATT202412007095,STU007095,SCH047,2024-12-01,10,9,Unauthorised
ATT202412007096,STU007096,SCH002,2024-12-01,11,10,Unauthorised
ATT202412007097,STU007097,SCH024,2024-12-01,13,11,Family
ATT202412007098,STU007098,SCH021,2024-12-01,10,10,
ATT202412007099,STU007099,SCH006,2024-12-01,11,10,Other
ATT202412007100,STU007100,SCH017,2024-12-01,13,12,Family
ATT202412007101,STU007101,SCH046,2024-12-01,13,13,
ATT202412007102,STU007102,SCH010,2024-12-01,12,10,Family
ATT202412007103,STU007103,SCH002,2024-12-01,12,10,Medical
ATT202412007104,STU007104,SCH047,2024-12-01,11,10,Family
ATT202412007105,STU007105,SCH019,2024-12-01,12,11,Unauthorised
ATT202412007106,STU007106,SCH003,2024-12-01,12,11,Unauthorised
ATT202412007107,STU007107,SCH005,2024-12-01,12,11,Medical
ATT202412007108,STU007108,SCH049,2024-12-01,14,13,Unauthorised
ATT202412007109,STU007109,SCH021,2024-12-01,15,13,Other
ATT202412007110,STU007110,SCH004,2024-12-01,13,12,Medical
ATT202412007111,STU007111,SCH003,2024-12-01,11,11,
ATT202412007112,STU007112,SCH043,2024-12-01,11,10,Unauthorised
ATT202412007113,STU007113,SCH039,2024-12-01,11,10,Illness
ATT202412007114,STU007114,SCH010,2024-12-01,12,10,Illness
ATT202412007115,STU007115,SCH020,2024-12-01,15,13,Medical
ATT202412007116,STU007116,SCH046,2024-12-01,11,10,Illness
ATT202412007117,STU007117,SCH024,2024-12-01,10,9,Illness
ATT202412007118,STU007118,SCH022,2024-12-01,10,8,Other
ATT202412007119,STU007119,SCH036,2024-12-01,15,14,Family
ATT202412007120,STU007120,SCH048,2024-12-01,15,14,Medical
ATT202412007121,STU007121,SCH021,2024-12-01,11,10,Other
ATT202412007122,STU007122,SCH008,2024-12-01,10,9,Other
ATT202412007123,STU007123,SCH042,2024-12-01,12,10,Family
ATT202412007124,STU007124,SCH046,2024-12-01,13,12,Illness
ATT202412007126,STU007126,SCH027,2024-12-01,10,9,Other
ATT202412007127,STU007127,SCH044,2024-12-01,14,13,Other
ATT202412007128,STU007128,SCH045,2024-12-01,11,11,
ATT202412007129,STU007129,SCH013,2024-12-01,14,13,Other
ATT202412007130,STU007130,SCH047,2024-12-01,12,11,Family
ATT202412007131,STU007131,SCH021,2024-12-01,14,12,Unauthorised
ATT202412007132,STU007132,SCH033,2024-12-01,15,14,Other
ATT202412007133,STU007133,SCH021,2024-12-01,10,9,Illness
ATT202412007134,STU007134,SCH022,2024-12-01,15,14,Illness
ATT202412007135,STU007135,SCH030,2024-12-01,14,13,Illness
ATT202412007136,STU007136,SCH018,2024-12-01,13,11,Unauthorised
ATT202412007137,STU007137,SCH027,2024-12-01,15,13,Medical
ATT202412007138,STU007138,SCH042,2024-12-01,14,12,Family
ATT202412007139,STU007139,SCH030,2024-12-01,11,10,Unauthorised
ATT202412007140,STU007140,SCH025,2024-12-01,10,9,Other
ATT202412007141,STU007141,SCH045,2024-12-01,14,13,Illness
ATT202412007142,STU007142,SCH039,2024-12-01,11,9,Unauthorised
ATT202412007143,STU007143,SCH010,2024-12-01,13,13,
ATT202412007144,STU007144,SCH048,2024-12-01,12,11,Medical
ATT202412007145,STU007145,SCH048,2024-12-01,15,13,Medical
ATT202412007146,STU007146,SCH031,2024-12-01,15,14,Medical
ATT202412007147,STU007147,SCH001,2024-12-01,15,14,Other
ATT202412007148,STU007148,SCH050,2024-12-01,15,14,Medical
ATT202412007149,STU007149,SCH034,2024-12-01,11,10,Unauthorised
ATT202412007150,STU007150,SCH021,2024-12-01,15,14,Unauthorised
ATT202412007151,STU007151,SCH004,2024-12-01,15,13,Medical
ATT202412007152,STU007152,SCH023,2024-12-01,12,10,Other
ATT202412007153,STU007153,SCH043,2024-12-01,13,11,Family
ATT202412007154,STU007154,SCH021,2024-12-01,13,11,Family
ATT202412007155,STU007155,SCH039,2024-12-01,14,12,Medical
ATT202412007156,STU007156,SCH022,2024-12-01,13,11,Family
ATT202412007157,STU007157,SCH005,2024-12-01,15,14,Illness
ATT202412007158,STU007158,SCH011,2024-12-01,11,9,Medical
ATT202412007159,STU007159,SCH020,2024-12-01,13,12,Medical
ATT202412007160,STU007160,SCH024,2024-12-01,12,11,Illness
ATT202412007161,STU007161,SCH049,2024-12-01,12,11,Medical
ATT202412007162,STU007162,SCH035,2024-12-01,13,12,Medical
ATT202412007163,STU007163,SCH020,2024-12-01,15,14,Medical
ATT202412007164,STU007164,SCH021,2024-12-01,10,10,
ATT202412007165,STU007165,SCH021,2024-12-01,12,10,Illness
ATT202412007166,STU007166,SCH007,2024-12-01,10,9,Family
ATT202412007167,STU007167,SCH022,2024-12-01,12,11,Medical
ATT202412007169,STU007169,SCH035,2024-12-01,11,10,Other
ATT202412007170,STU007170,SCH021,2024-12-01,12,11,Unauthorised
ATT202412007171,STU007171,SCH007,2024-12-01,11,11,
ATT202412007172,STU007172,SCH031,2024-12-01,10,10,
ATT202412007173,STU007173,SCH042,2024-12-01,12,10,Other
ATT202412007174,STU007174,SCH047,2024-12-01,14,13,Medical
ATT202412007175,STU007175,SCH038,2024-12-01,14,13,Medical
ATT202412007176,STU007176,SCH044,2024-12-01,13,11,Unauthorised
ATT202412007177,STU007177,SCH046,2024-12-01,15,14,Other
ATT202412007178,STU007178,SCH040,2024-12-01,12,12,
ATT202412007179,STU007179,SCH010,2024-12-01,13,10,Illness
ATT202412007180,STU007180,SCH036,2024-12-01,11,11,
ATT202412007181,STU007181,SCH010,2024-12-01,14,14,
ATT202412007183,STU007183,SCH007,2024-12-01,14,13,Family
ATT202412007184,STU007184,SCH025,2024-12-01,12,10,Illness
ATT202412007185,STU007185,SCH038,2024-12-01,10,9,Illness
ATT202412007186,STU007186,SCH002,2024-12-01,11,10,Illness
ATT202412007187,STU007187,SCH049,2024-12-01,11,10,Other
ATT202412007188,STU007188,SCH041,2024-12-01,15,14,Illness
ATT202412007189,STU007189,SCH012,2024-12-01,13,12,Family
ATT202412007190,STU007190,SCH035,2024-12-01,10,9,Unauthorised
ATT202412007191,STU007191,SCH013,2024-12-01,12,12,
ATT202412007192,STU007192,SCH031,2024-12-01,12,11,Family
ATT202412007193,STU007193,SCH011,2024-12-01,10,10,
ATT202412007194,STU007194,SCH025,2024-12-01,11,10,Unauthorised
ATT202412007195,STU007195,SCH037,2024-12-01,14,13,Medical
ATT202412007196,STU007196,SCH002,2024-12-01,11,9,Unauthorised
ATT202412007197,STU007197,SCH047,2024-12-01,15,14,Illness
ATT202412007198,STU007198,SCH035,2024-12-01,14,13,Illness
ATT202412007199,STU007199,SCH034,2024-12-01,11,10,Unauthorised
ATT202412007200,STU007200,SCH010,2024-12-01,11,9,Illness
ATT202412007201,STU007201,SCH002,2024-12-01,11,9,Illness
ATT202412007202,STU007202,SCH010,2024-12-01,11,10,Unauthorised
ATT202412007203,STU007203,SCH028,2024-12-01,10,10,
ATT202412007204,STU007204,SCH018,2024-12-01,15,14,Unauthorised
ATT202412007205,STU007205,SCH008,2024-12-01,15,14,Illness
ATT202412007206,STU007206,SCH025,2024-12-01,10,9,Family
ATT202412007207,STU007207,SCH032,2024-12-01,15,13,Unauthorised
ATT202412007208,STU007208,SCH041,2024-12-01,12,11,Unauthorised
ATT202412007209,STU007209,SCH006,2024-12-01,10,9,Illness
ATT202412007210,STU007210,SCH003,2024-12-01,14,13,Unauthorised
ATT202412007211,STU007211,SCH021,2024-12-01,14,12,Family
ATT202412007212,STU007212,SCH010,2024-12-01,10,9,Other
ATT202412007213,STU007213,SCH033,2024-12-01,12,11,Unauthorised
ATT202412007214,STU007214,SCH010,2024-12-01,10,9,Other
ATT202412007215,STU007215,SCH041,2024-12-01,13,11,Other
ATT202412007216,STU007216,SCH009,2024-12-01,11,10,Other
ATT202412007217,STU007217,SCH001,2024-12-01,14,12,Medical
ATT202412007218,STU007218,SCH037,2024-12-01,10,9,Other
ATT202412007219,STU007219,SCH029,2024-12-01,14,13,Illness
ATT202412007220,STU007220,SCH032,2024-12-01,15,14,Medical
ATT202412007221,STU007221,SCH010,2024-12-01,10,9,Other
ATT202412007222,STU007222,SCH027,2024-12-01,15,13,Unauthorised
ATT202412007223,STU007223,SCH010,2024-12-01,13,12,Other
ATT202412007224,STU007224,SCH049,2024-12-01,10,9,Medical
ATT202412007225,STU007225,SCH046,2024-12-01,14,13,Family
ATT202412007226,STU007226,SCH009,2024-12-01,13,11,Unauthorised
ATT202412007227,STU007227,SCH006,2024-12-01,11,10,Family
ATT202412007228,STU007228,SCH043,2024-12-01,15,14,Illness
ATT202412007229,STU007229,SCH019,2024-12-01,13,12,Other
ATT202412007230,STU007230,SCH002,2024-12-01,15,13,Other
ATT202412007231,STU007231,SCH033,2024-12-01,11,10,Medical
ATT202412007232,STU007232,SCH008,2024-12-01,11,10,Medical
ATT202412007233,STU007233,SCH040,2024-12-01,15,14,Other
ATT202412007234,STU007234,SCH042,2024-12-01,13,11,Illness
ATT202412007235,STU007235,SCH045,2024-12-01,13,11,Other
ATT202412007236,STU007236,SCH024,2024-12-01,10,9,Unauthorised
ATT202412007237,STU007237,SCH026,2024-12-01,14,13,Unauthorised
ATT202412007238,STU007238,SCH011,2024-12-01,10,9,Other
ATT202412007239,STU007239,SCH022,2024-12-01,12,11,Illness
ATT202412007240,STU007240,SCH015,2024-12-01,14,13,Medical
ATT202412007241,STU007241,SCH046,2024-12-01,13,12,Illness
ATT202412007242,STU007242,SCH042,2024-12-01,13,12,Illness
ATT202412007243,STU007243,SCH036,2024-12-01,13,12,Illness
ATT202412007244,STU007244,SCH018,2024-12-01,13,12,Other
ATT202412007245,STU007245,SCH019,2024-12-01,11,10,Illness
ATT202412007246,STU007246,SCH031,2024-12-01,11,10,Medical
ATT202412007247,STU007247,SCH037,2024-12-01,13,13,
ATT202412007248,STU007248,SCH006,2024-12-01,13,12,Other
ATT202412007249,STU007249,SCH017,2024-12-01,10,9,Other
ATT202412007250,STU007250,SCH003,2024-12-01,14,13,Medical
ATT202412007251,STU007251,SCH002,2024-12-01,15,12,Other
ATT202412007252,STU007252,SCH027,2024-12-01,15,13,Other
ATT202412007253,STU007253,SCH020,2024-12-01,10,9,Unauthorised
ATT202412007254,STU007254,SCH018,2024-12-01,10,9,Illness
ATT202412007255,STU007255,SCH048,2024-12-01,15,14,Family
ATT202412007256,STU007256,SCH015,2024-12-01,15,14,Illness
ATT202412007257,STU007257,SCH033,2024-12-01,15,14,Unauthorised
ATT202412007258,STU007258,SCH023,2024-12-01,12,11,Family
ATT202412007259,STU007259,SCH041,2024-12-01,13,13,
ATT202412007260,STU007260,SCH028,2024-12-01,11,10,Family
ATT202412007261,STU007261,SCH024,2024-12-01,10,9,Unauthorised
ATT202412007262,STU007262,SCH012,2024-12-01,11,10,Unauthorised
ATT202412007263,STU007263,SCH028,2024-12-01,13,12,Illness
ATT202412007264,STU007264,SCH029,2024-12-01,11,10,Illness
ATT202412007265,STU007265,SCH005,2024-12-01,12,11,Unauthorised
ATT202412007266,STU007266,SCH045,2024-12-01,11,10,Family
ATT202412007267,STU007267,SCH031,2024-12-01,13,13,
ATT202412007268,STU007268,SCH004,2024-12-01,10,9,Family
ATT202412007269,STU007269,SCH042,2024-12-01,10,9,Family
ATT202412007270,STU007270,SCH030,2024-12-01,11,10,Family
ATT202412007271,STU007271,SCH049,2024-12-01,14,12,Medical
ATT202412007272,STU007272,SCH017,2024-12-01,14,12,Family
ATT202412007273,STU007273,SCH036,2024-12-01,14,14,
ATT202412007274,STU007274,SCH046,2024-12-01,11,10,Medical
ATT202412007275,STU007275,SCH038,2024-12-01,13,12,Unauthorised
ATT202412007276,STU007276,SCH029,2024-12-01,10,9,Medical
ATT202412007277,STU007277,SCH030,2024-12-01,14,13,Family
ATT202412007278,STU007278,SCH046,2024-12-01,11,10,Other
ATT202412007279,STU007279,SCH022,2024-12-01,15,14,Illness
ATT202412007280,STU007280,SCH011,2024-12-01,10,10,
ATT202412007281,STU007281,SCH047,2024-12-01,15,14,Illness
ATT202412007282,STU007282,SCH008,2024-12-01,10,9,Unauthorised
ATT202412007283,STU007283,SCH026,2024-12-01,10,9,Other
ATT202412007284,STU007284,SCH007,2024-12-01,13,12,Other
ATT202412007285,STU007285,SCH004,2024-12-01,15,15,
ATT202412007286,STU007286,SCH002,2024-12-01,15,12,Illness
ATT202412007287,STU007287,SCH007,2024-12-01,11,10,Other
ATT202412007288,STU007288,SCH014,2024-12-01,14,13,Medical
ATT202412007289,STU007289,SCH023,2024-12-01,14,13,Family
ATT202412007290,STU007290,SCH017,2024-12-01,14,12,Other
ATT202412007291,STU007291,SCH018,2024-12-01,15,15,
ATT202412007292,STU007292,SCH009,2024-12-01,14,13,Other
ATT202412007293,STU007293,SCH049,2024-12-01,12,11,Unauthorised
ATT202412007294,STU007294,SCH011,2024-12-01,15,14,Medical
ATT202412007295,STU007295,SCH028,2024-12-01,11,10,Family
ATT202412007296,STU007296,SCH017,2024-12-01,12,12,
ATT202412007297,STU007297,SCH044,2024-12-01,13,13,
ATT202412007298,STU007298,SCH010,2024-12-01,10,9,Medical
ATT202412007299,STU007299,SCH049,2024-12-01,11,10,Other
ATT202412007300,STU007300,SCH044,2024-12-01,15,13,Medical
ATT202412007301,STU007301,SCH040,2024-12-01,12,11,Illness
ATT202412007302,STU007302,SCH006,2024-12-01,15,13,Unauthorised
ATT202412007303,STU007303,SCH024,2024-12-01,11,10,Family
ATT202412007304,STU007304,SCH032,2024-12-01,12,11,Unauthorised
ATT202412007305,STU007305,SCH011,2024-12-01,13,12,Other
ATT202412007306,STU007306,SCH011,2024-12-01,11,10,Medical
ATT202412007307,STU007307,SCH023,2024-12-01,11,11,
ATT202412007308,STU007308,SCH045,2024-12-01,15,14,Other
ATT202412007309,STU007309,SCH042,2024-12-01,14,13,Unauthorised
ATT202412007310,STU007310,SCH045,2024-12-01,11,10,Unauthorised
ATT202412007311,STU007311,SCH047,2024-12-01,10,10,
ATT202412007312,STU007312,SCH032,2024-12-01,11,11,
ATT202412007313,STU007313,SCH005,2024-12-01,13,12,Family
ATT202412007314,STU007314,SCH024,2024-12-01,14,13,Unauthorised
ATT202412007315,STU007315,SCH042,2024-12-01,13,11,Family
ATT202412007316,STU007316,SCH022,2024-12-01,13,10,Illness
ATT202412007317,STU007317,SCH049,2024-12-01,10,9,Family
ATT202412007318,STU007318,SCH017,2024-12-01,12,11,Illness
ATT202412007319,STU007319,SCH036,2024-12-01,12,11,Medical
ATT202412007320,STU007320,SCH049,2024-12-01,15,13,Medical
ATT202412007321,STU007321,SCH047,2024-12-01,13,12,Illness
ATT202412007322,STU007322,SCH039,2024-12-01,13,12,Medical
ATT202412007323,STU007323,SCH025,2024-12-01,15,13,Unauthorised
ATT202412007324,STU007324,SCH012,2024-12-01,10,10,
ATT202412007325,STU007325,SCH046,2024-12-01,14,14,
ATT202412007326,STU007326,SCH033,2024-12-01,15,14,Medical
ATT202412007327,STU007327,SCH011,2024-12-01,12,11,Medical
ATT202412007328,STU007328,SCH003,2024-12-01,14,13,Medical
ATT202412007329,STU007329,SCH042,2024-12-01,13,11,Medical
ATT202412007330,STU007330,SCH042,2024-12-01,10,10,
ATT202412007331,STU007331,SCH048,2024-12-01,13,12,Illness
ATT202412007332,STU007332,SCH028,2024-12-01,15,14,Medical
ATT202412007333,STU007333,SCH002,2024-12-01,14,11,Medical
ATT202412007334,STU007334,SCH010,2024-12-01,10,10,
ATT202412007335,STU007335,SCH014,2024-12-01,11,10,Family
ATT202412007336,STU007336,SCH048,2024-12-01,10,9,Illness
ATT202412007337,STU007337,SCH041,2024-12-01,11,10,Medical
ATT202412007338,STU007338,SCH020,2024-12-01,14,13,Illness
ATT202412007339,STU007339,SCH047,2024-12-01,12,11,Illness
ATT202412007340,STU007340,SCH026,2024-12-01,15,14,Family
ATT202412007341,STU007341,SCH038,2024-12-01,13,13,
ATT202412007342,STU007342,SCH039,2024-12-01,13,13,
ATT202412007343,STU007343,SCH028,2024-12-01,11,10,Medical
ATT202412007344,STU007344,SCH027,2024-12-01,15,13,Other
ATT202412007345,STU007345,SCH045,2024-12-01,10,9,Illness
ATT202412007346,STU007346,SCH042,2024-12-01,10,8,Other
ATT202412007347,STU007347,SCH013,2024-12-01,13,13,
ATT202412007348,STU007348,SCH004,2024-12-01,15,14,Family
ATT202412007349,STU007349,SCH011,2024-12-01,10,9,Family
ATT202412007350,STU007350,SCH001,2024-12-01,12,11,Family
ATT202412007351,STU007351,SCH041,2024-12-01,12,11,Other
ATT202412007352,STU007352,SCH028,2024-12-01,15,14,Illness
ATT202412007353,STU007353,SCH020,2024-12-01,12,12,
ATT202412007354,STU007354,SCH036,2024-12-01,13,12,Illness
ATT202412007355,STU007355,SCH021,2024-12-01,12,11,Family
ATT202412007356,STU007356,SCH012,2024-12-01,13,11,Medical
ATT202412007357,STU007357,SCH031,2024-12-01,13,13,
ATT202412007358,STU007358,SCH038,2024-12-01,14,13,Family
ATT202412007359,STU007359,SCH026,2024-12-01,12,11,Other
ATT202412007360,STU007360,SCH017,2024-12-01,13,13,
ATT202412007361,STU007361,SCH043,2024-12-01,11,11,
ATT202412007362,STU007362,SCH010,2024-12-01,11,10,Unauthorised
ATT202412007363,STU007363,SCH049,2024-12-01,15,13,Other
ATT202412007364,STU007364,SCH032,2024-12-01,13,12,Family
ATT202412007365,STU007365,SCH027,2024-12-01,12,12,
ATT202412007366,STU007366,SCH003,2024-12-01,14,13,Family
ATT202412007367,STU007367,SCH007,2024-12-01,11,10,Family
ATT202412007368,STU007368,SCH014,2024-12-01,15,14,Other
ATT202412007369,STU007369,SCH006,2024-12-01,14,13,Unauthorised
ATT202412007370,STU007370,SCH004,2024-12-01,14,13,Illness
ATT202412007371,STU007371,SCH001,2024-12-01,13,11,Unauthorised
ATT202412007372,STU007372,SCH049,2024-12-01,13,11,Unauthorised
ATT202412007373,STU007373,SCH017,2024-12-01,10,8,Other
ATT202412007374,STU007374,SCH011,2024-12-01,15,15,
ATT202412007375,STU007375,SCH049,2024-12-01,11,9,Other
ATT202412007376,STU007376,SCH029,2024-12-01,14,12,Illness
ATT202412007377,STU007377,SCH004,2024-12-01,10,9,Family
ATT202412007378,STU007378,SCH006,2024-12-01,10,9,Medical
ATT202412007379,STU007379,SCH021,2024-12-01,10,9,Illness
ATT202412007380,STU007380,SCH004,2024-12-01,11,11,
ATT202412007381,STU007381,SCH046,2024-12-01,15,14,Illness
ATT202412007382,STU007382,SCH024,2024-12-01,13,11,Illness
ATT202412007383,STU007383,SCH017,2024-12-01,11,9,Other
ATT202412007384,STU007384,SCH041,2024-12-01,14,12,Other
ATT202412007385,STU007385,SCH019,2024-12-01,13,12,Medical
ATT202412007386,STU007386,SCH020,2024-12-01,10,10,
ATT202412007387,STU007387,SCH029,2024-12-01,14,12,Family
ATT202412007388,STU007388,SCH035,2024-12-01,12,11,Medical
ATT202412007389,STU007389,SCH022,2024-12-01,10,7,Other
ATT202412007390,STU007390,SCH039,2024-12-01,11,10,Medical
ATT202412007391,STU007391,SCH022,2024-12-01,15,12,Unauthorised
ATT202412007392,STU007392,SCH016,2024-12-01,14,13,Medical
ATT202412007393,STU007393,SCH048,2024-12-01,14,13,Other
ATT202412007394,STU007394,SCH037,2024-12-01,14,14,
ATT202412007395,STU007395,SCH033,2024-12-01,10,9,Illness
ATT202412007396,STU007396,SCH015,2024-12-01,12,11,Unauthorised
ATT202412007397,STU007397,SCH011,2024-12-01,13,11,Other
ATT202412007398,STU007398,SCH012,2024-12-01,13,12,Other
ATT202412007399,STU007399,SCH043,2024-12-01,12,10,Other
ATT202412007400,STU007400,SCH038,2024-12-01,13,12,Other
ATT202412007401,STU007401,SCH046,2024-12-01,15,14,Family
ATT202412007402,STU007402,SCH013,2024-12-01,14,13,Family
ATT202412007404,STU007404,SCH011,2024-12-01,10,9,Other
ATT202412007405,STU007405,SCH050,2024-12-01,11,9,Other
ATT202412007406,STU007406,SCH006,2024-12-01,11,10,Illness
ATT202412007407,STU007407,SCH010,2024-12-01,15,13,Other
ATT202412007408,STU007408,SCH014,2024-12-01,12,11,Family
ATT202412007409,STU007409,SCH041,2024-12-01,14,13,Medical
ATT202412007410,STU007410,SCH028,2024-12-01,11,10,Illness
ATT202412007411,STU007411,SCH021,2024-12-01,12,10,Family
ATT202412007412,STU007412,SCH038,2024-12-01,10,9,Unauthorised
ATT202412007413,STU007413,SCH018,2024-12-01,14,13,Family
ATT202412007414,STU007414,SCH043,2024-12-01,12,11,Other
ATT202412007415,STU007415,SCH046,2024-12-01,12,11,Other
ATT202412007416,STU007416,SCH023,2024-12-01,12,10,Other
ATT202412007417,STU007417,SCH027,2024-12-01,15,14,Unauthorised
ATT202412007418,STU007418,SCH036,2024-12-01,15,13,Other
ATT202412007419,STU007419,SCH028,2024-12-01,14,12,Unauthorised
ATT202412007420,STU007420,SCH016,2024-12-01,10,9,Medical
ATT202412007421,STU007421,SCH014,2024-12-01,12,10,Unauthorised
ATT202412007422,STU007422,SCH039,2024-12-01,14,13,Family
ATT202412007423,STU007423,SCH039,2024-12-01,10,9,Medical
ATT202412007424,STU007424,SCH048,2024-12-01,11,10,Family
ATT202412007425,STU007425,SCH014,2024-12-01,10,9,Unauthorised
ATT202412007426,STU007426,SCH015,2024-12-01,10,10,
ATT202412007427,STU007427,SCH009,2024-12-01,13,12,Illness
ATT202412007428,STU007428,SCH040,2024-12-01,12,11,Illness
ATT202412007429,STU007429,SCH014,2024-12-01,12,12,
ATT202412007430,STU007430,SCH018,2024-12-01,12,12,
ATT202412007431,STU007431,SCH018,2024-12-01,14,14,
ATT202412007432,STU007432,SCH033,2024-12-01,14,14,
ATT202412007433,STU007433,SCH048,2024-12-01,12,12,
ATT202412007434,STU007434,SCH047,2024-12-01,10,9,Illness
ATT202412007435,STU007435,SCH002,2024-12-01,12,11,Family
ATT202412007436,STU007436,SCH036,2024-12-01,10,9,Other
ATT202412007437,STU007437,SCH023,2024-12-01,13,12,Other
ATT202412007438,STU007438,SCH034,2024-12-01,11,9,Family
ATT202412007439,STU007439,SCH018,2024-12-01,15,14,Unauthorised
ATT202412007440,STU007440,SCH007,2024-12-01,10,10,
ATT202412007441,STU007441,SCH011,2024-12-01,11,10,Other
ATT202412007442,STU007442,SCH002,2024-12-01,10,8,Other
ATT202412007443,STU007443,SCH050,2024-12-01,11,10,Family
ATT202412007444,STU007444,SCH031,2024-12-01,10,10,
ATT202412007445,STU007445,SCH041,2024-12-01,14,13,Unauthorised
ATT202412007446,STU007446,SCH033,2024-12-01,11,10,Other
ATT202412007447,STU007447,SCH018,2024-12-01,13,12,Unauthorised
ATT202412007448,STU007448,SCH030,2024-12-01,10,9,Medical
ATT202412007449,STU007449,SCH046,2024-12-01,15,13,Illness
ATT202412007450,STU007450,SCH025,2024-12-01,14,13,Unauthorised
ATT202412007451,STU007451,SCH031,2024-12-01,12,11,Illness
ATT202412007452,STU007452,SCH034,2024-12-01,15,13,Unauthorised
ATT202412007453,STU007453,SCH003,2024-12-01,10,9,Family
ATT202412007454,STU007454,SCH042,2024-12-01,15,13,Family
ATT202412007455,STU007455,SCH040,2024-12-01,15,14,Other
ATT202412007456,STU007456,SCH043,2024-12-01,10,9,Other
ATT202412007457,STU007457,SCH014,2024-12-01,11,10,Unauthorised
ATT202412007458,STU007458,SCH037,2024-12-01,14,12,Unauthorised
ATT202412007459,STU007459,SCH044,2024-12-01,14,12,Other
ATT202412007460,STU007460,SCH045,2024-12-01,10,9,Unauthorised
ATT202412007461,STU007461,SCH010,2024-12-01,10,10,
ATT202412007462,STU007462,SCH012,2024-12-01,12,11,Unauthorised
ATT202412007463,STU007463,SCH029,2024-12-01,10,9,Illness
ATT202412007464,STU007464,SCH045,2024-12-01,12,11,Unauthorised
ATT202412007465,STU007465,SCH026,2024-12-01,13,12,Illness
ATT202412007466,STU007466,SCH042,2024-12-01,11,9,Other
ATT202412007467,STU007467,SCH006,2024-12-01,15,14,Other
ATT202412007468,STU007468,SCH002,2024-12-01,14,12,Unauthorised
ATT202412007469,STU007469,SCH037,2024-12-01,15,14,Family
ATT202412007470,STU007470,SCH005,2024-12-01,12,11,Unauthorised
ATT202412007471,STU007471,SCH006,2024-12-01,10,9,Unauthorised
ATT202412007472,STU007472,SCH033,2024-12-01,12,12,
ATT202412007473,STU007473,SCH014,2024-12-01,14,12,Other
ATT202412007474,STU007474,SCH014,2024-12-01,12,11,Illness
ATT202412007475,STU007475,SCH041,2024-12-01,14,13,Illness
ATT202412007476,STU007476,SCH011,2024-12-01,13,11,Medical
ATT202412007477,STU007477,SCH029,2024-12-01,13,11,Other
ATT202412007478,STU007478,SCH016,2024-12-01,11,10,Medical
ATT202412007479,STU007479,SCH042,2024-12-01,14,13,Other
ATT202412007480,STU007480,SCH024,2024-12-01,12,11,Unauthorised
ATT202412007482,STU007482,SCH017,2024-12-01,14,12,Illness
ATT202412007483,STU007483,SCH035,2024-12-01,13,12,Unauthorised
ATT202412007484,STU007484,SCH040,2024-12-01,14,13,Family
ATT202412007485,STU007485,SCH028,2024-12-01,13,12,Family
ATT202412007486,STU007486,SCH013,2024-12-01,11,11,
ATT202412007487,STU007487,SCH001,2024-12-01,12,9,Illness
ATT202412007488,STU007488,SCH002,2024-12-01,10,9,Illness
ATT202412007489,STU007489,SCH019,2024-12-01,12,11,Medical
ATT202412007490,STU007490,SCH029,2024-12-01,11,10,Other
ATT202412007491,STU007491,SCH046,2024-12-01,12,12,
ATT202412007492,STU007492,SCH041,2024-12-01,11,10,Other
ATT202412007493,STU007493,SCH011,2024-12-01,14,13,Illness
ATT202412007494,STU007494,SCH019,2024-12-01,11,10,Illness
ATT202412007495,STU007495,SCH011,2024-12-01,11,10,Other
ATT202412007496,STU007496,SCH029,2024-12-01,13,11,Family
ATT202412007497,STU007497,SCH018,2024-12-01,12,11,Medical
ATT202412007498,STU007498,SCH012,2024-12-01,10,9,Other
ATT202412007499,STU007499,SCH045,2024-12-01,14,13,Other
ATT202412007500,STU007500,SCH032,2024-12-01,12,11,Unauthorised
ATT202412007501,STU007501,SCH003,2024-12-01,10,9,Unauthorised
ATT202412007502,STU007502,SCH019,2024-12-01,10,10,
ATT202412007503,STU007503,SCH021,2024-12-01,14,11,Unauthorised
ATT202412007504,STU007504,SCH005,2024-12-01,13,11,Other
ATT202412007505,STU007505,SCH004,2024-12-01,15,13,Medical
ATT202412007506,STU007506,SCH020,2024-12-01,15,14,Illness
ATT202412007507,STU007507,SCH008,2024-12-01,10,9,Unauthorised
ATT202412007508,STU007508,SCH041,2024-12-01,10,10,
ATT202412007509,STU007509,SCH012,2024-12-01,13,11,Unauthorised
ATT202412007510,STU007510,SCH016,2024-12-01,15,14,Illness
ATT202412007511,STU007511,SCH045,2024-12-01,13,11,Medical
ATT202412007512,STU007512,SCH047,2024-12-01,14,13,Unauthorised
ATT202412007513,STU007513,SCH035,2024-12-01,13,12,Medical
ATT202412007514,STU007514,SCH030,2024-12-01,10,10,
ATT202412007515,STU007515,SCH029,2024-12-01,14,12,Medical
ATT202412007516,STU007516,SCH008,2024-12-01,14,12,Illness
ATT202412007517,STU007517,SCH033,2024-12-01,11,10,Other
ATT202412007518,STU007518,SCH041,2024-12-01,11,10,Illness
ATT202412007519,STU007519,SCH030,2024-12-01,12,11,Other
ATT202412007520,STU007520,SCH048,2024-12-01,12,11,Medical
ATT202412007522,STU007522,SCH007,2024-12-01,12,11,Family
ATT202412007523,STU007523,SCH006,2024-12-01,12,11,Illness
ATT202412007524,STU007524,SCH003,2024-12-01,14,13,Unauthorised
ATT202412007525,STU007525,SCH006,2024-12-01,15,14,Unauthorised
ATT202412007526,STU007526,SCH025,2024-12-01,14,13,Other
ATT202412007527,STU007527,SCH024,2024-12-01,14,12,Illness
ATT202412007528,STU007528,SCH015,2024-12-01,14,13,Medical
ATT202412007529,STU007529,SCH003,2024-12-01,15,13,Illness
ATT202412007530,STU007530,SCH021,2024-12-01,15,15,
ATT202412007531,STU007531,SCH046,2024-12-01,15,14,Illness
ATT202412007532,STU007532,SCH048,2024-12-01,10,9,Unauthorised
ATT202412007533,STU007533,SCH031,2024-12-01,12,10,Medical
ATT202412007534,STU007534,SCH007,2024-12-01,12,11,Unauthorised
ATT202412007535,STU007535,SCH015,2024-12-01,11,10,Medical
ATT202412007536,STU007536,SCH019,2024-12-01,11,10,Medical
ATT202412007537,STU007537,SCH028,2024-12-01,11,11,
ATT202412007538,STU007538,SCH026,2024-12-01,14,13,Medical
ATT202412007539,STU007539,SCH044,2024-12-01,11,10,Unauthorised
ATT202412007540,STU007540,SCH035,2024-12-01,10,9,Illness
ATT202412007541,STU007541,SCH031,2024-12-01,12,10,Family
ATT202412007542,STU007542,SCH037,2024-12-01,10,9,Medical
ATT202412007543,STU007543,SCH008,2024-12-01,11,10,Family
ATT202412007544,STU007544,SCH046,2024-12-01,15,13,Unauthorised
ATT202412007545,STU007545,SCH021,2024-12-01,10,9,Illness
ATT202412007546,STU007546,SCH037,2024-12-01,14,13,Illness
ATT202412007547,STU007547,SCH021,2024-12-01,13,12,Medical
ATT202412007548,STU007548,SCH021,2024-12-01,12,11,Other
ATT202412007549,STU007549,SCH035,2024-12-01,12,11,Other
ATT202412007550,STU007550,SCH006,2024-12-01,10,9,Family
ATT202412007551,STU007551,SCH008,2024-12-01,14,13,Illness
ATT202412007552,STU007552,SCH004,2024-12-01,14,13,Medical
ATT202412007553,STU007553,SCH029,2024-12-01,14,13,Family
ATT202412007554,STU007554,SCH043,2024-12-01,12,11,Other
ATT202412007555,STU007555,SCH017,2024-12-01,12,10,Unauthorised
ATT202412007556,STU007556,SCH019,2024-12-01,12,11,Unauthorised
ATT202412007557,STU007557,SCH032,2024-12-01,14,14,
ATT202412007558,STU007558,SCH027,2024-12-01,10,9,Other
ATT202412007559,STU007559,SCH046,2024-12-01,10,9,Unauthorised
ATT202412007560,STU007560,SCH031,2024-12-01,15,14,Medical
ATT202412007561,STU007561,SCH019,2024-12-01,11,10,Other
ATT202412007562,STU007562,SCH013,2024-12-01,14,14,
ATT202412007563,STU007563,SCH019,2024-12-01,13,11,Illness
ATT202412007564,STU007564,SCH006,2024-12-01,12,11,Unauthorised
ATT202412007565,STU007565,SCH011,2024-12-01,10,9,Other
ATT202412007566,STU007566,SCH042,2024-12-01,14,11,Family
ATT202412007567,STU007567,SCH029,2024-12-01,12,11,Other
ATT202412007568,STU007568,SCH044,2024-12-01,13,12,Illness
ATT202412007569,STU007569,SCH044,2024-12-01,15,14,Illness
ATT202412007570,STU007570,SCH046,2024-12-01,11,9,Family
ATT202412007571,STU007571,SCH014,2024-12-01,11,10,Family
ATT202412007572,STU007572,SCH023,2024-12-01,15,13,Other
ATT202412007573,STU007573,SCH035,2024-12-01,11,10,Unauthorised
ATT202412007574,STU007574,SCH006,2024-12-01,12,11,Unauthorised
ATT202412007575,STU007575,SCH047,2024-12-01,13,12,Other
ATT202412007576,STU007576,SCH043,2024-12-01,13,11,Medical
ATT202412007577,STU007577,SCH028,2024-12-01,15,13,Other
ATT202412007578,STU007578,SCH003,2024-12-01,10,9,Unauthorised
ATT202412007579,STU007579,SCH036,2024-12-01,11,10,Other
ATT202412007580,STU007580,SCH039,2024-12-01,13,11,Unauthorised
ATT202412007581,STU007581,SCH006,2024-12-01,10,9,Other
ATT202412007582,STU007582,SCH033,2024-12-01,15,14,Illness
ATT202412007583,STU007583,SCH036,2024-12-01,13,12,Medical
ATT202412007584,STU007584,SCH008,2024-12-01,12,11,Other
ATT202412007585,STU007585,SCH009,2024-12-01,12,10,Unauthorised
ATT202412007586,STU007586,SCH003,2024-12-01,11,10,Unauthorised
ATT202412007587,STU007587,SCH003,2024-12-01,14,13,Illness
ATT202412007588,STU007588,SCH020,2024-12-01,14,13,Medical
ATT202412007589,STU007589,SCH003,2024-12-01,14,13,Family
ATT202412007590,STU007590,SCH022,2024-12-01,11,9,Family
ATT202412007591,STU007591,SCH022,2024-12-01,12,10,Unauthorised
ATT202412007592,STU007592,SCH027,2024-12-01,10,9,Other
ATT202412007593,STU007593,SCH002,2024-12-01,11,9,Unauthorised
ATT202412007594,STU007594,SCH039,2024-12-01,15,14,Family
ATT202412007595,STU007595,SCH029,2024-12-01,15,14,Illness
ATT202412007596,STU007596,SCH014,2024-12-01,10,10,
ATT202412007597,STU007597,SCH016,2024-12-01,13,12,Unauthorised
ATT202412007598,STU007598,SCH043,2024-12-01,12,11,Unauthorised
ATT202412007599,STU007599,SCH018,2024-12-01,14,13,Medical
ATT202412007600,STU007600,SCH008,2024-12-01,15,13,Illness
ATT202412007601,STU007601,SCH028,2024-12-01,13,12,Other
ATT202412007602,STU007602,SCH031,2024-12-01,12,11,Illness
ATT202412007603,STU007603,SCH046,2024-12-01,10,9,Other
ATT202412007604,STU007604,SCH025,2024-12-01,11,9,Unauthorised
ATT202412007605,STU007605,SCH005,2024-12-01,11,10,Medical
ATT202412007606,STU007606,SCH032,2024-12-01,13,11,Illness
ATT202412007607,STU007607,SCH029,2024-12-01,11,10,Unauthorised
ATT202412007608,STU007608,SCH028,2024-12-01,14,12,Other
ATT202412007609,STU007609,SCH001,2024-12-01,14,13,Illness
ATT202412007610,STU007610,SCH023,2024-12-01,11,10,Illness
ATT202412007611,STU007611,SCH043,2024-12-01,10,9,Illness
ATT202412007612,STU007612,SCH034,2024-12-01,14,13,Medical
ATT202412007613,STU007613,SCH027,2024-12-01,11,10,Other
ATT202412007614,STU007614,SCH044,2024-12-01,11,10,Unauthorised
ATT202412007615,STU007615,SCH035,2024-12-01,11,10,Unauthorised
ATT202412007616,STU007616,SCH012,2024-12-01,14,13,Other
ATT202412007617,STU007617,SCH027,2024-12-01,13,11,Family
ATT202412007618,STU007618,SCH036,2024-12-01,15,14,Illness
ATT202412007619,STU007619,SCH032,2024-12-01,10,9,Medical
ATT202412007620,STU007620,SCH007,2024-12-01,15,14,Other
ATT202412007621,STU007621,SCH029,2024-12-01,12,11,Other
ATT202412007622,STU007622,SCH002,2024-12-01,12,11,Illness
ATT202412007623,STU007623,SCH018,2024-12-01,14,13,Illness
ATT202412007624,STU007624,SCH039,2024-12-01,15,14,Medical
ATT202412007625,STU007625,SCH049,2024-12-01,14,12,Family
ATT202412007626,STU007626,SCH040,2024-12-01,11,11,
ATT202412007627,STU007627,SCH034,2024-12-01,14,13,Unauthorised
ATT202412007628,STU007628,SCH005,2024-12-01,10,10,
ATT202412007629,STU007629,SCH029,2024-12-01,10,9,Unauthorised
ATT202412007630,STU007630,SCH031,2024-12-01,11,10,Unauthorised
ATT202412007631,STU007631,SCH040,2024-12-01,15,15,
ATT202412007632,STU007632,SCH014,2024-12-01,14,13,Illness
ATT202412007633,STU007633,SCH038,2024-12-01,15,14,Other
ATT202412007634,STU007634,SCH029,2024-12-01,10,9,Illness
ATT202412007635,STU007635,SCH038,2024-12-01,13,12,Illness
ATT202412007636,STU007636,SCH002,2024-12-01,10,9,Medical
ATT202412007637,STU007637,SCH022,2024-12-01,10,8,Family
ATT202412007638,STU007638,SCH008,2024-12-01,13,12,Other
ATT202412007639,STU007639,SCH040,2024-12-01,10,9,Unauthorised
ATT202412007640,STU007640,SCH039,2024-12-01,14,13,Illness
ATT202412007641,STU007641,SCH024,2024-12-01,13,12,Unauthorised
ATT202412007643,STU007643,SCH041,2024-12-01,12,11,Family
ATT202412007644,STU007644,SCH004,2024-12-01,10,9,Other
ATT202412007645,STU007645,SCH029,2024-12-01,11,10,Unauthorised
ATT202412007646,STU007646,SCH025,2024-12-01,10,9,Illness
ATT202412007647,STU007647,SCH040,2024-12-01,10,9,Other
ATT202412007648,STU007648,SCH020,2024-12-01,11,10,Illness
ATT202412007649,STU007649,SCH011,2024-12-01,15,14,Family
ATT202412007650,STU007650,SCH042,2024-12-01,10,8,Unauthorised
ATT202412007651,STU007651,SCH003,2024-12-01,10,10,
ATT202412007652,STU007652,SCH014,2024-12-01,10,10,
ATT202412007653,STU007653,SCH027,2024-12-01,13,11,Illness
ATT202412007654,STU007654,SCH039,2024-12-01,14,14,
ATT202412007655,STU007655,SCH032,2024-12-01,12,11,Illness
ATT202412007656,STU007656,SCH030,2024-12-01,15,13,Illness
ATT202412007657,STU007657,SCH036,2024-12-01,13,12,Illness
ATT202412007658,STU007658,SCH046,2024-12-01,10,9,Medical
ATT202412007659,STU007659,SCH041,2024-12-01,11,10,Medical
ATT202412007660,STU007660,SCH019,2024-12-01,11,10,Other
ATT202412007661,STU007661,SCH046,2024-12-01,13,12,Other
ATT202412007662,STU007662,SCH041,2024-12-01,13,11,Illness
ATT202412007663,STU007663,SCH021,2024-12-01,14,13,Unauthorised
ATT202412007664,STU007664,SCH022,2024-12-01,11,10,Medical
ATT202412007665,STU007665,SCH044,2024-12-01,11,9,Medical
ATT202412007666,STU007666,SCH006,2024-12-01,11,11,
ATT202412007667,STU007667,SCH031,2024-12-01,14,13,Other
ATT202412007668,STU007668,SCH011,2024-12-01,12,11,Unauthorised
ATT202412007669,STU007669,SCH005,2024-12-01,15,13,Medical
ATT202412007670,STU007670,SCH049,2024-12-01,14,12,Family
ATT202412007671,STU007671,SCH007,2024-12-01,12,11,Other
ATT202412007672,STU007672,SCH050,2024-12-01,10,8,Family
ATT202412007673,STU007673,SCH028,2024-12-01,13,12,Medical
ATT202412007674,STU007674,SCH050,2024-12-01,14,13,Medical
ATT202412007675,STU007675,SCH023,2024-12-01,11,10,Medical
ATT202412007676,STU007676,SCH041,2024-12-01,12,11,Medical
ATT202412007677,STU007677,SCH006,2024-12-01,15,14,Other
ATT202412007678,STU007678,SCH031,2024-12-01,12,11,Family
ATT202412007679,STU007679,SCH028,2024-12-01,14,13,Illness
ATT202412007680,STU007680,SCH033,2024-12-01,10,9,Medical
ATT202412007681,STU007681,SCH025,2024-12-01,10,10,
ATT202412007682,STU007682,SCH013,2024-12-01,11,11,
ATT202412007683,STU007683,SCH050,2024-12-01,15,13,Illness
ATT202412007684,STU007684,SCH031,2024-12-01,14,13,Illness
ATT202412007685,STU007685,SCH033,2024-12-01,15,13,Unauthorised
ATT202412007686,STU007686,SCH034,2024-12-01,14,13,Medical
ATT202412007687,STU007687,SCH004,2024-12-01,13,12,Medical
ATT202412007688,STU007688,SCH042,2024-12-01,10,8,Illness
ATT202412007689,STU007689,SCH030,2024-12-01,15,14,Medical
ATT202412007690,STU007690,SCH048,2024-12-01,12,11,Family
ATT202412007691,STU007691,SCH012,2024-12-01,14,13,Illness
ATT202412007692,STU007692,SCH036,2024-12-01,14,14,
ATT202412007693,STU007693,SCH037,2024-12-01,11,10,Family
ATT202412007694,STU007694,SCH011,2024-12-01,13,12,Family
ATT202412007695,STU007695,SCH041,2024-12-01,13,12,Family
ATT202412007696,STU007696,SCH017,2024-12-01,10,9,Unauthorised
ATT202412007697,STU007697,SCH007,2024-12-01,13,12,Family
ATT202412007698,STU007698,SCH047,2024-12-01,13,12,Medical
ATT202412007699,STU007699,SCH038,2024-12-01,10,10,
ATT202412007700,STU007700,SCH025,2024-12-01,11,10,Family
ATT202412007701,STU007701,SCH006,2024-12-01,10,9,Illness
ATT202412007702,STU007702,SCH002,2024-12-01,11,9,Medical
ATT202412007703,STU007703,SCH040,2024-12-01,13,11,Medical
ATT202412007704,STU007704,SCH049,2024-12-01,12,11,Family
ATT202412007705,STU007705,SCH038,2024-12-01,14,13,Family
ATT202412007706,STU007706,SCH026,2024-12-01,10,9,Illness
ATT202412007707,STU007707,SCH020,2024-12-01,14,13,Medical
ATT202412007708,STU007708,SCH004,2024-12-01,11,11,
ATT202412007709,STU007709,SCH047,2024-12-01,10,10,
ATT202412007710,STU007710,SCH039,2024-12-01,14,13,Illness
ATT202412007711,STU007711,SCH023,2024-12-01,15,13,Illness
ATT202412007712,STU007712,SCH050,2024-12-01,15,12,Illness
ATT202412007713,STU007713,SCH045,2024-12-01,12,11,Medical
ATT202412007714,STU007714,SCH016,2024-12-01,13,12,Family
ATT202412007715,STU007715,SCH038,2024-12-01,14,12,Family
ATT202412007716,STU007716,SCH017,2024-12-01,10,9,Medical
ATT202412007717,STU007717,SCH032,2024-12-01,14,13,Unauthorised
ATT202412007718,STU007718,SCH030,2024-12-01,12,10,Illness
ATT202412007719,STU007719,SCH020,2024-12-01,11,10,Unauthorised
ATT202412007720,STU007720,SCH021,2024-12-01,12,11,Unauthorised
ATT202412007721,STU007721,SCH015,2024-12-01,15,14,Unauthorised
ATT202412007722,STU007722,SCH036,2024-12-01,14,13,Unauthorised
ATT202412007723,STU007723,SCH042,2024-12-01,13,12,Other
ATT202412007724,STU007724,SCH050,2024-12-01,11,10,Other
ATT202412007726,STU007726,SCH046,2024-12-01,14,12,Other
ATT202412007727,STU007727,SCH037,2024-12-01,15,14,Other
ATT202412007728,STU007728,SCH019,2024-12-01,10,9,Unauthorised
ATT202412007729,STU007729,SCH003,2024-12-01,11,10,Medical
ATT202412007730,STU007730,SCH002,2024-12-01,11,10,Unauthorised
ATT202412007731,STU007731,SCH041,2024-12-01,15,14,Other
ATT202412007732,STU007732,SCH004,2024-12-01,14,13,Other
ATT202412007733,STU007733,SCH004,2024-12-01,15,14,Family
ATT202412007734,STU007734,SCH033,2024-12-01,10,9,Unauthorised
ATT202412007735,STU007735,SCH011,2024-12-01,11,10,Illness
ATT202412007736,STU007736,SCH015,2024-12-01,14,12,Other
ATT202412007737,STU007737,SCH028,2024-12-01,12,11,Family
ATT202412007738,STU007738,SCH043,2024-12-01,15,13,Illness
ATT202412007739,STU007739,SCH008,2024-12-01,14,13,Illness
ATT202412007740,STU007740,SCH025,2024-12-01,15,13,Other
ATT202412007741,STU007741,SCH030,2024-12-01,14,13,Other
ATT202412007742,STU007742,SCH022,2024-12-01,11,10,Unauthorised
ATT202412007743,STU007743,SCH031,2024-12-01,11,10,Other
ATT202412007744,STU007744,SCH008,2024-12-01,13,12,Family
ATT202412007745,STU007745,SCH012,2024-12-01,14,12,Other
ATT202412007746,STU007746,SCH019,2024-12-01,12,11,Medical
ATT202412007747,STU007747,SCH011,2024-12-01,15,14,Other
ATT202412007748,STU007748,SCH011,2024-12-01,15,14,Unauthorised
ATT202412007749,STU007749,SCH019,2024-12-01,13,12,Family
ATT202412007750,STU007750,SCH030,2024-12-01,10,10,
ATT202412007751,STU007751,SCH014,2024-12-01,15,14,Illness
ATT202412007752,STU007752,SCH046,2024-12-01,10,9,Unauthorised
ATT202412007753,STU007753,SCH030,2024-12-01,10,9,Medical
ATT202412007754,STU007754,SCH015,2024-12-01,13,12,Family
ATT202412007755,STU007755,SCH032,2024-12-01,15,14,Unauthorised
ATT202412007756,STU007756,SCH046,2024-12-01,12,11,Family
ATT202412007757,STU007757,SCH032,2024-12-01,15,13,Unauthorised
ATT202412007758,STU007758,SCH042,2024-12-01,14,10,Family
ATT202412007759,STU007759,SCH048,2024-12-01,15,14,Illness
ATT202412007760,STU007760,SCH018,2024-12-01,10,9,Other
ATT202412007762,STU007762,SCH011,2024-12-01,11,10,Other
ATT202412007763,STU007763,SCH023,2024-12-01,15,13,Family
ATT202412007764,STU007764,SCH003,2024-12-01,15,13,Family
ATT202412007765,STU007765,SCH004,2024-12-01,14,11,Unauthorised
ATT202412007766,STU007766,SCH006,2024-12-01,15,14,Unauthorised
ATT202412007767,STU007767,SCH005,2024-12-01,10,9,Unauthorised
ATT202412007768,STU007768,SCH019,2024-12-01,11,10,Illness
ATT202412007769,STU007769,SCH044,2024-12-01,13,11,Unauthorised
ATT202412007770,STU007770,SCH036,2024-12-01,14,14,
ATT202412007771,STU007771,SCH043,2024-12-01,11,10,Medical
ATT202412007772,STU007772,SCH014,2024-12-01,13,12,Unauthorised
ATT202412007773,STU007773,SCH044,2024-12-01,15,13,Other
ATT202412007774,STU007774,SCH016,2024-12-01,12,11,Unauthorised
ATT202412007775,STU007775,SCH041,2024-12-01,11,10,Other
ATT202412007776,STU007776,SCH050,2024-12-01,15,13,Family
ATT202412007777,STU007777,SCH032,2024-12-01,10,9,Family
ATT202412007778,STU007778,SCH008,2024-12-01,15,14,Unauthorised
ATT202412007779,STU007779,SCH039,2024-12-01,15,15,
ATT202412007780,STU007780,SCH032,2024-12-01,12,11,Medical
ATT202412007781,STU007781,SCH031,2024-12-01,10,10,
ATT202412007782,STU007782,SCH034,2024-12-01,15,13,Medical
ATT202412007783,STU007783,SCH036,2024-12-01,12,11,Other
ATT202412007784,STU007784,SCH019,2024-12-01,15,13,Unauthorised
ATT202412007785,STU007785,SCH014,2024-12-01,13,12,Unauthorised
ATT202412007786,STU007786,SCH003,2024-12-01,11,11,
ATT202412007787,STU007787,SCH011,2024-12-01,12,11,Family
ATT202412007788,STU007788,SCH008,2024-12-01,14,13,Other
ATT202412007789,STU007789,SCH027,2024-12-01,13,11,Medical
ATT202412007790,STU007790,SCH037,2024-12-01,12,11,Unauthorised
ATT202412007791,STU007791,SCH038,2024-12-01,14,14,
ATT202412007792,STU007792,SCH003,2024-12-01,14,13,Other
ATT202412007793,STU007793,SCH045,2024-12-01,13,12,Family
ATT202412007794,STU007794,SCH049,2024-12-01,14,12,Medical
ATT202412007795,STU007795,SCH009,2024-12-01,12,12,
ATT202412007796,STU007796,SCH044,2024-12-01,11,11,
ATT202412007797,STU007797,SCH018,2024-12-01,10,9,Other
ATT202412007798,STU007798,SCH013,2024-12-01,11,10,Other
ATT202412007799,STU007799,SCH019,2024-12-01,14,12,Medical
ATT202412007800,STU007800,SCH020,2024-12-01,10,9,Medical
ATT202412007801,STU007801,SCH006,2024-12-01,15,14,Family
ATT202412007802,STU007802,SCH050,2024-12-01,10,9,Unauthorised
ATT202412007803,STU007803,SCH037,2024-12-01,11,10,Family
ATT202412007804,STU007804,SCH049,2024-12-01,13,12,Other
ATT202412007805,STU007805,SCH011,2024-12-01,15,13,Medical
ATT202412007806,STU007806,SCH006,2024-12-01,10,9,Illness
ATT202412007807,STU007807,SCH024,2024-12-01,12,11,Other
ATT202412007808,STU007808,SCH004,2024-12-01,14,13,Family
ATT202412007809,STU007809,SCH004,2024-12-01,14,13,Family
ATT202412007810,STU007810,SCH040,2024-12-01,15,13,Medical
ATT202412007811,STU007811,SCH008,2024-12-01,15,14,Medical
ATT202412007812,STU007812,SCH050,2024-12-01,13,12,Unauthorised
ATT202412007813,STU007813,SCH030,2024-12-01,13,12,Other
ATT202412007814,STU007814,SCH016,2024-12-01,13,12,Other
ATT202412007815,STU007815,SCH007,2024-12-01,10,10,
ATT202412007816,STU007816,SCH043,2024-12-01,15,13,Unauthorised
ATT202412007817,STU007817,SCH030,2024-12-01,11,10,Medical
ATT202412007818,STU007818,SCH002,2024-12-01,15,13,Illness
ATT202412007819,STU007819,SCH017,2024-12-01,14,13,Medical
ATT202412007820,STU007820,SCH045,2024-12-01,13,12,Unauthorised
ATT202412007821,STU007821,SCH027,2024-12-01,15,14,Illness
ATT202412007822,STU007822,SCH041,2024-12-01,15,14,Illness
ATT202412007823,STU007823,SCH011,2024-12-01,12,11,Illness
ATT202412007824,STU007824,SCH025,2024-12-01,12,11,Illness
ATT202412007825,STU007825,SCH011,2024-12-01,11,9,Medical
ATT202412007826,STU007826,SCH033,2024-12-01,10,9,Illness
ATT202412007827,STU007827,SCH029,2024-12-01,10,8,Other
ATT202412007828,STU007828,SCH021,2024-12-01,12,10,Other
ATT202412007829,STU007829,SCH008,2024-12-01,12,11,Illness
ATT202412007830,STU007830,SCH032,2024-12-01,14,13,Unauthorised
ATT202412007831,STU007831,SCH035,2024-12-01,11,10,Unauthorised
ATT202412007832,STU007832,SCH008,2024-12-01,12,11,Family
ATT202412007833,STU007833,SCH016,2024-12-01,11,11,
ATT202412007834,STU007834,SCH029,2024-12-01,12,11,Other
ATT202412007835,STU007835,SCH012,2024-12-01,15,14,Other
ATT202412007836,STU007836,SCH031,2024-12-01,10,9,Other
ATT202412007837,STU007837,SCH013,2024-12-01,15,14,Unauthorised
ATT202412007838,STU007838,SCH040,2024-12-01,13,12,Unauthorised
ATT202412007839,STU007839,SCH004,2024-12-01,14,13,Family
ATT202412007840,STU007840,SCH019,2024-12-01,11,10,Unauthorised
ATT202412007841,STU007841,SCH024,2024-12-01,12,10,Medical
ATT202412007842,STU007842,SCH036,2024-12-01,11,11,
ATT202412007843,STU007843,SCH027,2024-12-01,10,10,
ATT202412007844,STU007844,SCH045,2024-12-01,14,13,Family
ATT202412007845,STU007845,SCH043,2024-12-01,15,13,Family
ATT202412007846,STU007846,SCH019,2024-12-01,12,11,Illness
ATT202412007847,STU007847,SCH029,2024-12-01,12,11,Unauthorised
ATT202412007848,STU007848,SCH047,2024-12-01,14,13,Medical
ATT202412007849,STU007849,SCH020,2024-12-01,13,13,
ATT202412007850,STU007850,SCH018,2024-12-01,10,9,Medical
ATT202412007851,STU007851,SCH045,2024-12-01,14,14,
ATT202412007852,STU007852,SCH024,2024-12-01,13,11,Illness
ATT202412007853,STU007853,SCH038,2024-12-01,13,12,Illness
ATT202412007854,STU007854,SCH023,2024-12-01,10,10,
ATT202412007855,STU007855,SCH010,2024-12-01,13,12,Illness
ATT202412007856,STU007856,SCH044,2024-12-01,13,12,Other
ATT202412007857,STU007857,SCH027,2024-12-01,10,9,Other
ATT202412007858,STU007858,SCH030,2024-12-01,10,9,Family
ATT202412007859,STU007859,SCH046,2024-12-01,10,9,Family
ATT202412007860,STU007860,SCH027,2024-12-01,11,11,
ATT202412007861,STU007861,SCH038,2024-12-01,15,14,Other
ATT202412007862,STU007862,SCH017,2024-12-01,13,12,Medical
ATT202412007863,STU007863,SCH036,2024-12-01,13,12,Medical
ATT202412007864,STU007864,SCH008,2024-12-01,12,12,
ATT202412007865,STU007865,SCH050,2024-12-01,11,10,Unauthorised
ATT202412007866,STU007866,SCH050,2024-12-01,10,9,Medical
ATT202412007867,STU007867,SCH026,2024-12-01,10,10,
ATT202412007868,STU007868,SCH029,2024-12-01,10,9,Other
ATT202412007869,STU007869,SCH023,2024-12-01,11,10,Illness
ATT202412007870,STU007870,SCH013,2024-12-01,15,12,Other
ATT202412007871,STU007871,SCH044,2024-12-01,14,12,Medical
ATT202412007872,STU007872,SCH036,2024-12-01,14,12,Illness
ATT202412007873,STU007873,SCH005,2024-12-01,14,14,
ATT202412007874,STU007874,SCH037,2024-12-01,10,9,Illness
ATT202412007875,STU007875,SCH041,2024-12-01,14,13,Family
ATT202412007876,STU007876,SCH005,2024-12-01,13,12,Illness
ATT202412007877,STU007877,SCH002,2024-12-01,13,12,Unauthorised
ATT202412007878,STU007878,SCH015,2024-12-01,13,11,Unauthorised
ATT202412007879,STU007879,SCH028,2024-12-01,13,12,Other
ATT202412007880,STU007880,SCH002,2024-12-01,13,12,Illness
ATT202412007881,STU007881,SCH014,2024-12-01,10,9,Medical
ATT202412007882,STU007882,SCH005,2024-12-01,15,14,Medical
ATT202412007883,STU007883,SCH023,2024-12-01,11,10,Medical
ATT202412007884,STU007884,SCH029,2024-12-01,13,12,Illness
ATT202412007885,STU007885,SCH042,2024-12-01,10,8,Unauthorised
ATT202412007886,STU007886,SCH037,2024-12-01,15,14,Illness
ATT202412007887,STU007887,SCH040,2024-12-01,10,10,
ATT202412007888,STU007888,SCH038,2024-12-01,12,11,Unauthorised
ATT202412007889,STU007889,SCH035,2024-12-01,15,13,Unauthorised
ATT202412007890,STU007890,SCH032,2024-12-01,14,13,Family
ATT202412007891,STU007891,SCH029,2024-12-01,14,13,Medical
ATT202412007892,STU007892,SCH026,2024-12-01,14,13,Illness
ATT202412007893,STU007893,SCH032,2024-12-01,14,13,Family
ATT202412007894,STU007894,SCH028,2024-12-01,14,13,Family
ATT202412007895,STU007895,SCH022,2024-12-01,12,10,Other
ATT202412007896,STU007896,SCH004,2024-12-01,12,11,Other
ATT202412007897,STU007897,SCH005,2024-12-01,14,13,Unauthorised
ATT202412007898,STU007898,SCH003,2024-12-01,12,11,Illness
ATT202412007899,STU007899,SCH002,2024-12-01,15,14,Medical
ATT202412007900,STU007900,SCH011,2024-12-01,12,11,Family
ATT202412007901,STU007901,SCH026,2024-12-01,15,14,Medical
ATT202412007902,STU007902,SCH050,2024-12-01,14,12,Family
ATT202412007903,STU007903,SCH028,2024-12-01,13,12,Illness
ATT202412007904,STU007904,SCH032,2024-12-01,14,13,Unauthorised
ATT202412007905,STU007905,SCH023,2024-12-01,12,11,Other
ATT202412007906,STU007906,SCH003,2024-12-01,13,13,
ATT202412007907,STU007907,SCH024,2024-12-01,15,14,Family
ATT202412007908,STU007908,SCH008,2024-12-01,15,14,Other
ATT202412007909,STU007909,SCH017,2024-12-01,14,12,Family
ATT202412007910,STU007910,SCH039,2024-12-01,11,10,Unauthorised
ATT202412007911,STU007911,SCH026,2024-12-01,14,13,Medical
ATT202412007912,STU007912,SCH050,2024-12-01,15,14,Illness
ATT202412007913,STU007913,SCH019,2024-12-01,11,10,Family
ATT202412007914,STU007914,SCH034,2024-12-01,10,9,Illness
ATT202412007915,STU007915,SCH034,2024-12-01,15,13,Medical
ATT202412007916,STU007916,SCH028,2024-12-01,13,12,Other
ATT202412007917,STU007917,SCH014,2024-12-01,13,11,Medical
ATT202412007918,STU007918,SCH035,2024-12-01,14,12,Medical
ATT202412007919,STU007919,SCH028,2024-12-01,15,14,Other
ATT202412007920,STU007920,SCH050,2024-12-01,14,13,Medical
ATT202412007921,STU007921,SCH022,2024-12-01,14,12,Medical
ATT202412007922,STU007922,SCH042,2024-12-01,13,12,Other
ATT202412007923,STU007923,SCH025,2024-12-01,14,13,Unauthorised
ATT202412007924,STU007924,SCH047,2024-12-01,11,10,Medical
ATT202412007925,STU007925,SCH033,2024-12-01,10,9,Other
ATT202412007926,STU007926,SCH016,2024-12-01,15,15,
ATT202412007927,STU007927,SCH001,2024-12-01,11,10,Unauthorised
ATT202412007928,STU007928,SCH015,2024-12-01,11,10,Illness
ATT202412007929,STU007929,SCH010,2024-12-01,10,9,Family
ATT202412007930,STU007930,SCH009,2024-12-01,11,10,Illness
ATT202412007931,STU007931,SCH008,2024-12-01,10,9,Family
ATT202412007932,STU007932,SCH036,2024-12-01,12,11,Medical
ATT202412007933,STU007933,SCH006,2024-12-01,10,9,Illness
ATT202412007934,STU007934,SCH032,2024-12-01,13,11,Illness
ATT202412007935,STU007935,SCH040,2024-12-01,14,14,
ATT202412007936,STU007936,SCH008,2024-12-01,10,10,
ATT202412007937,STU007937,SCH024,2024-12-01,15,13,Other
ATT202412007938,STU007938,SCH009,2024-12-01,11,10,Other
ATT202412007939,STU007939,SCH006,2024-12-01,10,10,
ATT202412007940,STU007940,SCH006,2024-12-01,12,11,Other
ATT202412007941,STU007941,SCH041,2024-12-01,10,10,
ATT202412007942,STU007942,SCH048,2024-12-01,15,14,Medical
ATT202412007943,STU007943,SCH048,2024-12-01,12,11,Unauthorised
ATT202412007944,STU007944,SCH022,2024-12-01,14,13,Illness
ATT202412007945,STU007945,SCH047,2024-12-01,10,10,
ATT202412007946,STU007946,SCH019,2024-12-01,11,10,Medical
ATT202412007947,STU007947,SCH019,2024-12-01,10,9,Other
ATT202412007948,STU007948,SCH015,2024-12-01,14,13,Illness
ATT202412007949,STU007949,SCH005,2024-12-01,13,12,Medical
ATT202412007950,STU007950,SCH020,2024-12-01,15,14,Unauthorised
ATT202412007951,STU007951,SCH043,2024-12-01,10,9,Illness
ATT202412007952,STU007952,SCH019,2024-12-01,13,12,Unauthorised
ATT202412007953,STU007953,SCH013,2024-12-01,12,12,
ATT202412007954,STU007954,SCH004,2024-12-01,11,10,Unauthorised
ATT202412007955,STU007955,SCH020,2024-12-01,10,9,Illness
ATT202412007956,STU007956,SCH025,2024-12-01,13,11,Family
ATT202412007957,STU007957,SCH047,2024-12-01,13,12,Medical
ATT202412007958,STU007958,SCH016,2024-12-01,11,11,
ATT202412007959,STU007959,SCH032,2024-12-01,10,9,Family
ATT202412007960,STU007960,SCH005,2024-12-01,11,10,Illness
ATT202412007961,STU007961,SCH019,2024-12-01,12,12,
ATT202412007962,STU007962,SCH047,2024-12-01,13,12,Unauthorised
ATT202412007963,STU007963,SCH048,2024-12-01,14,13,Medical
ATT202412007964,STU007964,SCH046,2024-12-01,11,10,Family
ATT202412007965,STU007965,SCH042,2024-12-01,12,10,Unauthorised
ATT202412007966,STU007966,SCH040,2024-12-01,14,13,Family
ATT202412007967,STU007967,SCH043,2024-12-01,12,11,Other
ATT202412007968,STU007968,SCH042,2024-12-01,15,13,Illness
ATT202412007969,STU007969,SCH015,2024-12-01,12,12,
ATT202412007970,STU007970,SCH020,2024-12-01,14,13,Unauthorised
ATT202412007971,STU007971,SCH011,2024-12-01,11,11,
ATT202412007972,STU007972,SCH041,2024-12-01,10,9,Illness
ATT202412007973,STU007973,SCH007,2024-12-01,12,11,Unauthorised
ATT202412007974,STU007974,SCH006,2024-12-01,15,15,
ATT202412007975,STU007975,SCH009,2024-12-01,14,13,Unauthorised
ATT202412007976,STU007976,SCH033,2024-12-01,12,11,Unauthorised
ATT202412007977,STU007977,SCH018,2024-12-01,15,13,Family
ATT202412007978,STU007978,SCH024,2024-12-01,12,11,Medical
ATT202412007979,STU007979,SCH021,2024-12-01,10,9,Medical
ATT202412007980,STU007980,SCH013,2024-12-01,15,13,Illness
ATT202412007981,STU007981,SCH039,2024-12-01,10,9,Family
ATT202412007982,STU007982,SCH045,2024-12-01,12,10,Other
ATT202412007983,STU007983,SCH021,2024-12-01,13,12,Illness
ATT202412007984,STU007984,SCH019,2024-12-01,13,12,Medical
ATT202412007985,STU007985,SCH013,2024-12-01,11,10,Family
ATT202412007986,STU007986,SCH014,2024-12-01,14,13,Unauthorised
ATT202412007987,STU007987,SCH036,2024-12-01,10,10,
ATT202412007988,STU007988,SCH050,2024-12-01,13,12,Unauthorised
ATT202412007989,STU007989,SCH039,2024-12-01,12,11,Family
ATT202412007990,STU007990,SCH003,2024-12-01,11,10,Medical
ATT202412007991,STU007991,SCH040,2024-12-01,15,14,Medical
ATT202412007992,STU007992,SCH007,2024-12-01,15,14,Other
ATT202412007993,STU007993,SCH003,2024-12-01,12,11,Other
ATT202412007994,STU007994,SCH039,2024-12-01,15,14,Illness
ATT202412007995,STU007995,SCH013,2024-12-01,11,10,Medical
ATT202412007996,STU007996,SCH045,2024-12-01,13,12,Other
ATT202412007997,STU007997,SCH027,2024-12-01,14,12,Illness
ATT202412007998,STU007998,SCH031,2024-12-01,15,13,Medical
ATT202412007999,STU007999,SCH037,2024-12-01,14,13,Other
ATT202412008000,STU008000,SCH040,2024-12-01,10,10,
ATT202412008001,STU008001,SCH019,2024-12-01,11,10,Other
ATT202412008002,STU008002,SCH020,2024-12-01,11,10,Unauthorised
ATT202412008003,STU008003,SCH040,2024-12-01,11,10,Illness
ATT202412008004,STU008004,SCH050,2024-12-01,14,13,Illness
ATT202412008005,STU008005,SCH029,2024-12-01,10,9,Illness
ATT202412008006,STU008006,SCH036,2024-12-01,14,13,Unauthorised
ATT202412008007,STU008007,SCH033,2024-12-01,14,13,Family
ATT202412008008,STU008008,SCH008,2024-12-01,14,12,Medical
ATT202412008009,STU008009,SCH005,2024-12-01,11,10,Unauthorised
ATT202412008010,STU008010,SCH046,2024-12-01,10,9,Other
ATT202412008011,STU008011,SCH035,2024-12-01,14,13,Family
ATT202412008012,STU008012,SCH041,2024-12-01,12,11,Family
ATT202412008013,STU008013,SCH012,2024-12-01,14,13,Unauthorised
ATT202412008014,STU008014,SCH035,2024-12-01,10,9,Unauthorised
ATT202412008015,STU008015,SCH013,2024-12-01,14,13,Unauthorised
ATT202412008016,STU008016,SCH030,2024-12-01,13,12,Unauthorised
ATT202412008017,STU008017,SCH030,2024-12-01,10,10,
ATT202412008018,STU008018,SCH016,2024-12-01,11,10,Illness
ATT202412008019,STU008019,SCH032,2024-12-01,10,9,Unauthorised
ATT202412008020,STU008020,SCH030,2024-12-01,13,12,Family
ATT202412008021,STU008021,SCH021,2024-12-01,12,10,Medical
ATT202412008022,STU008022,SCH028,2024-12-01,14,13,Other
ATT202412008023,STU008023,SCH001,2024-12-01,14,13,Other
ATT202412008024,STU008024,SCH045,2024-12-01,11,10,Other
ATT202412008025,STU008025,SCH044,2024-12-01,10,10,
ATT202412008026,STU008026,SCH033,2024-12-01,15,14,Illness
ATT202412008027,STU008027,SCH019,2024-12-01,15,14,Illness
ATT202412008028,STU008028,SCH015,2024-12-01,13,12,Other
ATT202412008029,STU008029,SCH045,2024-12-01,14,13,Unauthorised
ATT202412008030,STU008030,SCH023,2024-12-01,10,8,Illness
ATT202412008031,STU008031,SCH008,2024-12-01,11,10,Illness
ATT202412008032,STU008032,SCH015,2024-12-01,12,12,
ATT202412008033,STU008033,SCH020,2024-12-01,10,9,Unauthorised
ATT202412008034,STU008034,SCH018,2024-12-01,10,9,Other
ATT202412008035,STU008035,SCH008,2024-12-01,12,12,
ATT202412008036,STU008036,SCH021,2024-12-01,11,9,Unauthorised
ATT202412008037,STU008037,SCH020,2024-12-01,13,12,Illness
ATT202412008038,STU008038,SCH033,2024-12-01,10,9,Family
ATT202412008039,STU008039,SCH024,2024-12-01,13,11,Family
ATT202412008040,STU008040,SCH015,2024-12-01,14,13,Illness
ATT202412008041,STU008041,SCH034,2024-12-01,15,12,Other
ATT202412008042,STU008042,SCH033,2024-12-01,12,12,
ATT202412008043,STU008043,SCH043,2024-12-01,12,10,Unauthorised
ATT202412008044,STU008044,SCH017,2024-12-01,12,10,Unauthorised
ATT202412008045,STU008045,SCH027,2024-12-01,10,9,Unauthorised
ATT202412008046,STU008046,SCH015,2024-12-01,10,10,
ATT202412008047,STU008047,SCH020,2024-12-01,12,11,Family
ATT202412008048,STU008048,SCH010,2024-12-01,10,9,Family
ATT202412008049,STU008049,SCH043,2024-12-01,15,13,Family
ATT202412008050,STU008050,SCH006,2024-12-01,13,12,Illness
ATT202412008051,STU008051,SCH016,2024-12-01,13,12,Unauthorised
ATT202412008052,STU008052,SCH016,2024-12-01,13,12,Unauthorised
ATT202412008053,STU008053,SCH028,2024-12-01,12,11,Illness
ATT202412008054,STU008054,SCH008,2024-12-01,15,14,Medical
ATT202412008055,STU008055,SCH023,2024-12-01,14,12,Unauthorised
ATT202412008056,STU008056,SCH016,2024-12-01,11,10,Illness
ATT202412008057,STU008057,SCH040,2024-12-01,15,13,Illness
ATT202412008058,STU008058,SCH030,2024-12-01,14,12,Unauthorised
ATT202412008059,STU008059,SCH009,2024-12-01,12,11,Unauthorised
ATT202412008060,STU008060,SCH033,2024-12-01,11,10,Medical
ATT202412008061,STU008061,SCH035,2024-12-01,12,11,Illness
ATT202412008062,STU008062,SCH007,2024-12-01,12,11,Other
ATT202412008063,STU008063,SCH041,2024-12-01,10,9,Illness
ATT202412008064,STU008064,SCH041,2024-12-01,15,14,Illness
ATT202412008065,STU008065,SCH025,2024-12-01,13,12,Other
ATT202412008066,STU008066,SCH008,2024-12-01,14,13,Family
ATT202412008067,STU008067,SCH041,2024-12-01,14,13,Illness
ATT202412008068,STU008068,SCH012,2024-12-01,10,9,Illness
ATT202412008069,STU008069,SCH011,2024-12-01,14,13,Medical
ATT202412008070,STU008070,SCH016,2024-12-01,11,11,
ATT202412008071,STU008071,SCH022,2024-12-01,13,12,Other
ATT202412008072,STU008072,SCH022,2024-12-01,14,12,Other
ATT202412008073,STU008073,SCH011,2024-12-01,11,10,Family
ATT202412008074,STU008074,SCH047,2024-12-01,15,13,Illness
ATT202412008075,STU008075,SCH004,2024-12-01,12,11,Illness
ATT202412008076,STU008076,SCH034,2024-12-01,11,10,Unauthorised
ATT202412008077,STU008077,SCH011,2024-12-01,14,13,Unauthorised
ATT202412008078,STU008078,SCH022,2024-12-01,12,11,Medical
ATT202412008079,STU008079,SCH012,2024-12-01,11,11,
ATT202412008080,STU008080,SCH002,2024-12-01,10,9,Other
ATT202412008081,STU008081,SCH037,2024-12-01,14,13,Medical
ATT202412008082,STU008082,SCH048,2024-12-01,15,14,Unauthorised
ATT202412008083,STU008083,SCH020,2024-12-01,12,11,Unauthorised
ATT202412008084,STU008084,SCH041,2024-12-01,13,12,Unauthorised
ATT202412008085,STU008085,SCH042,2024-12-01,10,8,Other
ATT202412008086,STU008086,SCH037,2024-12-01,12,11,Unauthorised
ATT202412008087,STU008087,SCH037,2024-12-01,13,12,Illness
ATT202412008088,STU008088,SCH046,2024-12-01,10,9,Medical
ATT202412008089,STU008089,SCH008,2024-12-01,13,12,Unauthorised
ATT202412008090,STU008090,SCH016,2024-12-01,13,12,Unauthorised
ATT202412008091,STU008091,SCH029,2024-12-01,14,12,Family
ATT202412008092,STU008092,SCH037,2024-12-01,12,11,Illness
ATT202412008093,STU008093,SCH047,2024-12-01,10,9,Unauthorised
ATT202412008094,STU008094,SCH029,2024-12-01,12,11,Medical
ATT202412008095,STU008095,SCH050,2024-12-01,15,14,Unauthorised
ATT202412008096,STU008096,SCH029,2024-12-01,13,12,Illness
ATT202412008097,STU008097,SCH021,2024-12-01,11,10,Other
ATT202412008098,STU008098,SCH046,2024-12-01,12,12,
ATT202412008099,STU008099,SCH044,2024-12-01,14,12,Medical
ATT202412008100,STU008100,SCH033,2024-12-01,13,11,Unauthorised
ATT202412008101,STU008101,SCH035,2024-12-01,15,14,Illness
ATT202412008102,STU008102,SCH050,2024-12-01,13,11,Unauthorised
ATT202412008103,STU008103,SCH005,2024-12-01,14,13,Medical
ATT202412008104,STU008104,SCH002,2024-12-01,11,9,Unauthorised
ATT202412008105,STU008105,SCH016,2024-12-01,13,12,Illness
ATT202412008106,STU008106,SCH003,2024-12-01,15,15,
ATT202412008107,STU008107,SCH050,2024-12-01,10,9,Unauthorised
ATT202412008108,STU008108,SCH044,2024-12-01,11,10,Medical
ATT202412008109,STU008109,SCH004,2024-12-01,15,14,Unauthorised
ATT202412008110,STU008110,SCH040,2024-12-01,12,10,Family
ATT202412008111,STU008111,SCH008,2024-12-01,13,12,Unauthorised
ATT202412008112,STU008112,SCH010,2024-12-01,10,9,Other
ATT202412008113,STU008113,SCH035,2024-12-01,15,13,Illness
ATT202412008114,STU008114,SCH007,2024-12-01,10,10,
ATT202412008115,STU008115,SCH027,2024-12-01,14,12,Family
ATT202412008116,STU008116,SCH004,2024-12-01,14,14,
ATT202412008117,STU008117,SCH012,2024-12-01,10,9,Family
ATT202412008118,STU008118,SCH032,2024-12-01,11,9,Other
ATT202412008119,STU008119,SCH045,2024-12-01,15,14,Illness
ATT202412008120,STU008120,SCH019,2024-12-01,12,11,Medical
ATT202412008121,STU008121,SCH042,2024-12-01,14,14,
ATT202412008122,STU008122,SCH006,2024-12-01,15,14,Unauthorised
ATT202412008123,STU008123,SCH025,2024-12-01,15,14,Other
ATT202412008124,STU008124,SCH028,2024-12-01,13,12,Other
ATT202412008125,STU008125,SCH039,2024-12-01,11,10,Other
ATT202412008126,STU008126,SCH018,2024-12-01,11,9,Medical
ATT202412008127,STU008127,SCH034,2024-12-01,13,11,Unauthorised
ATT202412008128,STU008128,SCH021,2024-12-01,11,10,Unauthorised
ATT202412008129,STU008129,SCH040,2024-12-01,14,13,Family
ATT202412008130,STU008130,SCH009,2024-12-01,10,9,Illness
ATT202412008131,STU008131,SCH050,2024-12-01,12,11,Medical
ATT202412008132,STU008132,SCH009,2024-12-01,10,9,Medical
ATT202412008133,STU008133,SCH022,2024-12-01,12,10,Medical
ATT202412008134,STU008134,SCH005,2024-12-01,11,11,
ATT202412008135,STU008135,SCH022,2024-12-01,12,10,Other
ATT202412008136,STU008136,SCH033,2024-12-01,11,10,Unauthorised
ATT202412008137,STU008137,SCH008,2024-12-01,15,15,
ATT202412008138,STU008138,SCH034,2024-12-01,14,11,Unauthorised
ATT202412008139,STU008139,SCH043,2024-12-01,11,9,Family
ATT202412008140,STU008140,SCH037,2024-12-01,12,11,Illness
ATT202412008141,STU008141,SCH035,2024-12-01,10,10,
ATT202412008142,STU008142,SCH010,2024-12-01,13,12,Illness
ATT202412008143,STU008143,SCH013,2024-12-01,10,9,Unauthorised
ATT202412008144,STU008144,SCH045,2024-12-01,12,11,Family
ATT202412008145,STU008145,SCH049,2024-12-01,11,10,Unauthorised
ATT202412008146,STU008146,SCH041,2024-12-01,15,14,Illness
ATT202412008147,STU008147,SCH008,2024-12-01,10,10,
ATT202412008148,STU008148,SCH013,2024-12-01,15,14,Unauthorised
ATT202412008149,STU008149,SCH033,2024-12-01,10,9,Medical
ATT202412008150,STU008150,SCH030,2024-12-01,10,10,
ATT202412008151,STU008151,SCH012,2024-12-01,12,11,Family
ATT202412008152,STU008152,SCH025,2024-12-01,11,10,Unauthorised
ATT202412008153,STU008153,SCH043,2024-12-01,11,10,Family
ATT202412008154,STU008154,SCH018,2024-12-01,12,10,Family
ATT202412008155,STU008155,SCH007,2024-12-01,14,14,
ATT202412008156,STU008156,SCH024,2024-12-01,15,13,Unauthorised
ATT202412008157,STU008157,SCH006,2024-12-01,15,13,Family
ATT202412008158,STU008158,SCH006,2024-12-01,14,13,Unauthorised
ATT202412008159,STU008159,SCH036,2024-12-01,10,10,
ATT202412008161,STU008161,SCH017,2024-12-01,15,14,Illness
ATT202412008162,STU008162,SCH040,2024-12-01,15,15,
ATT202412008163,STU008163,SCH028,2024-12-01,14,13,Family
ATT202412008164,STU008164,SCH016,2024-12-01,11,10,Other
ATT202412008165,STU008165,SCH040,2024-12-01,10,9,Family
ATT202412008166,STU008166,SCH048,2024-12-01,15,14,Unauthorised
ATT202412008167,STU008167,SCH017,2024-12-01,15,12,Family
ATT202412008168,STU008168,SCH002,2024-12-01,15,13,Other
ATT202412008169,STU008169,SCH015,2024-12-01,15,14,Illness
ATT202412008170,STU008170,SCH023,2024-12-01,10,9,Illness
ATT202412008171,STU008171,SCH029,2024-12-01,12,11,Other
ATT202412008172,STU008172,SCH004,2024-12-01,14,13,Medical
ATT202412008173,STU008173,SCH032,2024-12-01,14,12,Illness
ATT202412008174,STU008174,SCH021,2024-12-01,13,12,Family
ATT202412008175,STU008175,SCH043,2024-12-01,15,14,Family
ATT202412008176,STU008176,SCH025,2024-12-01,15,14,Illness
ATT202412008177,STU008177,SCH024,2024-12-01,15,13,Other
ATT202412008178,STU008178,SCH029,2024-12-01,13,12,Unauthorised
ATT202412008179,STU008179,SCH050,2024-12-01,10,8,Family
ATT202412008180,STU008180,SCH002,2024-12-01,15,13,Family
ATT202412008181,STU008181,SCH041,2024-12-01,11,10,Unauthorised
ATT202412008182,STU008182,SCH033,2024-12-01,15,15,
ATT202412008183,STU008183,SCH023,2024-12-01,14,13,Medical
ATT202412008184,STU008184,SCH012,2024-12-01,10,10,
ATT202412008185,STU008185,SCH020,2024-12-01,15,14,Illness
ATT202412008186,STU008186,SCH020,2024-12-01,12,11,Unauthorised
ATT202412008187,STU008187,SCH033,2024-12-01,12,10,Family
ATT202412008188,STU008188,SCH010,2024-12-01,10,9,Medical
ATT202412008189,STU008189,SCH007,2024-12-01,11,10,Illness
ATT202412008190,STU008190,SCH026,2024-12-01,15,14,Unauthorised
ATT202412008191,STU008191,SCH017,2024-12-01,13,11,Unauthorised
ATT202412008192,STU008192,SCH006,2024-12-01,13,12,Family
ATT202412008193,STU008193,SCH003,2024-12-01,15,14,Family
ATT202412008194,STU008194,SCH048,2024-12-01,12,11,Medical
ATT202412008195,STU008195,SCH026,2024-12-01,12,11,Medical
ATT202412008196,STU008196,SCH021,2024-12-01,11,10,Illness
ATT202412008197,STU008197,SCH037,2024-12-01,12,11,Other
ATT202412008198,STU008198,SCH041,2024-12-01,12,12,
ATT202412008199,STU008199,SCH028,2024-12-01,11,10,Unauthorised
ATT202412008200,STU008200,SCH041,2024-12-01,12,12,
ATT202412008201,STU008201,SCH049,2024-12-01,11,10,Medical
ATT202412008202,STU008202,SCH001,2024-12-01,13,10,Other
ATT202412008203,STU008203,SCH001,2024-12-01,10,9,Illness
ATT202412008204,STU008204,SCH029,2024-12-01,13,12,Other
ATT202412008205,STU008205,SCH031,2024-12-01,11,10,Other
ATT202412008206,STU008206,SCH048,2024-12-01,14,13,Illness
ATT202412008207,STU008207,SCH033,2024-12-01,14,13,Other
ATT202412008208,STU008208,SCH007,2024-12-01,14,14,
ATT202412008209,STU008209,SCH036,2024-12-01,10,9,Illness
ATT202412008210,STU008210,SCH026,2024-12-01,13,13,
ATT202412008211,STU008211,SCH026,2024-12-01,11,10,Other
ATT202412008212,STU008212,SCH048,2024-12-01,10,9,Family
ATT202412008213,STU008213,SCH006,2024-12-01,13,12,Other
ATT202412008214,STU008214,SCH024,2024-12-01,12,10,Other
ATT202412008215,STU008215,SCH037,2024-12-01,14,13,Illness
ATT202412008216,STU008216,SCH045,2024-12-01,10,9,Unauthorised
ATT202412008217,STU008217,SCH018,2024-12-01,15,14,Unauthorised
ATT202412008218,STU008218,SCH036,2024-12-01,11,10,Other
ATT202412008219,STU008219,SCH040,2024-12-01,12,11,Family
ATT202412008220,STU008220,SCH036,2024-12-01,15,13,Medical
ATT202412008221,STU008221,SCH043,2024-12-01,13,12,Medical
ATT202412008222,STU008222,SCH026,2024-12-01,14,13,Illness
ATT202412008223,STU008223,SCH025,2024-12-01,10,9,Other
ATT202412008224,STU008224,SCH014,2024-12-01,13,13,
ATT202412008225,STU008225,SCH032,2024-12-01,12,10,Unauthorised
ATT202412008226,STU008226,SCH028,2024-12-01,10,10,
ATT202412008227,STU008227,SCH018,2024-12-01,10,10,
ATT202412008228,STU008228,SCH018,2024-12-01,15,14,Other
ATT202412008229,STU008229,SCH002,2024-12-01,15,13,Medical
ATT202412008230,STU008230,SCH039,2024-12-01,15,15,
ATT202412008231,STU008231,SCH027,2024-12-01,10,9,Medical
ATT202412008232,STU008232,SCH016,2024-12-01,11,10,Illness
ATT202412008233,STU008233,SCH032,2024-12-01,10,9,Other
ATT202412008234,STU008234,SCH027,2024-12-01,13,12,Other
ATT202412008235,STU008235,SCH032,2024-12-01,10,9,Unauthorised
ATT202412008236,STU008236,SCH034,2024-12-01,10,8,Medical
ATT202412008237,STU008237,SCH031,2024-12-01,14,13,Other
ATT202412008238,STU008238,SCH014,2024-12-01,13,11,Family
ATT202412008239,STU008239,SCH011,2024-12-01,15,15,
ATT202412008240,STU008240,SCH003,2024-12-01,13,11,Unauthorised
ATT202412008241,STU008241,SCH021,2024-12-01,14,13,Family
ATT202412008242,STU008242,SCH011,2024-12-01,13,12,Family
ATT202412008243,STU008243,SCH017,2024-12-01,11,9,Unauthorised
ATT202412008244,STU008244,SCH024,2024-12-01,11,9,Other
ATT202412008245,STU008245,SCH027,2024-12-01,15,12,Other
ATT202412008246,STU008246,SCH008,2024-12-01,12,11,Other
ATT202412008247,STU008247,SCH028,2024-12-01,10,10,
ATT202412008248,STU008248,SCH010,2024-12-01,11,10,Family
ATT202412008249,STU008249,SCH015,2024-12-01,14,13,Medical
ATT202412008250,STU008250,SCH013,2024-12-01,15,14,Medical
ATT202412008251,STU008251,SCH046,2024-12-01,10,10,
ATT202412008252,STU008252,SCH049,2024-12-01,14,13,Family
ATT202412008253,STU008253,SCH009,2024-12-01,13,12,Illness
ATT202412008254,STU008254,SCH024,2024-12-01,11,10,Medical
ATT202412008255,STU008255,SCH044,2024-12-01,13,11,Family
ATT202412008256,STU008256,SCH041,2024-12-01,15,14,Family
ATT202412008257,STU008257,SCH017,2024-12-01,13,11,Medical
ATT202412008258,STU008258,SCH031,2024-12-01,10,10,
ATT202412008259,STU008259,SCH026,2024-12-01,14,13,Medical
ATT202412008260,STU008260,SCH049,2024-12-01,10,8,Illness
ATT202412008261,STU008261,SCH044,2024-12-01,11,10,Medical
ATT202412008262,STU008262,SCH010,2024-12-01,11,10,Illness
ATT202412008263,STU008263,SCH022,2024-12-01,11,10,Medical
ATT202412008264,STU008264,SCH042,2024-12-01,13,11,Family
ATT202412008265,STU008265,SCH020,2024-12-01,11,10,Unauthorised
ATT202412008266,STU008266,SCH012,2024-12-01,12,11,Unauthorised
ATT202412008268,STU008268,SCH012,2024-12-01,10,9,Unauthorised
ATT202412008269,STU008269,SCH046,2024-12-01,14,12,Illness
ATT202412008270,STU008270,SCH018,2024-12-01,11,10,Other
ATT202412008271,STU008271,SCH023,2024-12-01,14,13,Unauthorised
ATT202412008272,STU008272,SCH017,2024-12-01,13,11,Other
ATT202412008273,STU008273,SCH027,2024-12-01,11,9,Illness
ATT202412008274,STU008274,SCH008,2024-12-01,14,13,Family
ATT202412008275,STU008275,SCH009,2024-12-01,10,8,Other
ATT202412008276,STU008276,SCH021,2024-12-01,12,11,Family
ATT202412008277,STU008277,SCH022,2024-12-01,15,13,Medical
ATT202412008278,STU008278,SCH022,2024-12-01,12,10,Family
ATT202412008279,STU008279,SCH007,2024-12-01,14,14,
ATT202412008280,STU008280,SCH014,2024-12-01,10,9,Unauthorised
ATT202412008281,STU008281,SCH010,2024-12-01,14,13,Illness
ATT202412008282,STU008282,SCH040,2024-12-01,14,13,Other
ATT202412008283,STU008283,SCH017,2024-12-01,13,12,Unauthorised
ATT202412008284,STU008284,SCH039,2024-12-01,14,14,
ATT202412008285,STU008285,SCH037,2024-12-01,11,10,Unauthorised
ATT202412008287,STU008287,SCH003,2024-12-01,11,10,Illness
ATT202412008288,STU008288,SCH016,2024-12-01,12,11,Illness
ATT202412008289,STU008289,SCH049,2024-12-01,10,9,Other
ATT202412008290,STU008290,SCH023,2024-12-01,11,11,
ATT202412008291,STU008291,SCH037,2024-12-01,15,14,Family
ATT202412008292,STU008292,SCH029,2024-12-01,13,12,Unauthorised
ATT202412008293,STU008293,SCH010,2024-12-01,14,13,Other
ATT202412008294,STU008294,SCH032,2024-12-01,14,12,Other
ATT202412008295,STU008295,SCH050,2024-12-01,11,10,Unauthorised
ATT202412008296,STU008296,SCH013,2024-12-01,13,12,Family
ATT202412008297,STU008297,SCH016,2024-12-01,14,13,Illness
ATT202412008298,STU008298,SCH020,2024-12-01,14,13,Medical
ATT202412008299,STU008299,SCH002,2024-12-01,13,11,Unauthorised
ATT202412008300,STU008300,SCH047,2024-12-01,13,12,Other
ATT202412008301,STU008301,SCH013,2024-12-01,13,12,Other
ATT202412008302,STU008302,SCH002,2024-12-01,12,11,Unauthorised
ATT202412008303,STU008303,SCH035,2024-12-01,10,10,
ATT202412008304,STU008304,SCH018,2024-12-01,14,13,Illness
ATT202412008305,STU008305,SCH034,2024-12-01,13,11,Family
ATT202412008306,STU008306,SCH048,2024-12-01,13,12,Other
ATT202412008307,STU008307,SCH046,2024-12-01,14,13,Medical
ATT202412008308,STU008308,SCH029,2024-12-01,11,10,Illness
ATT202412008309,STU008309,SCH034,2024-12-01,13,11,Family
ATT202412008310,STU008310,SCH038,2024-12-01,14,12,Medical
ATT202412008311,STU008311,SCH046,2024-12-01,10,9,Unauthorised
ATT202412008312,STU008312,SCH025,2024-12-01,11,10,Other
ATT202412008313,STU008313,SCH022,2024-12-01,13,13,
ATT202412008314,STU008314,SCH041,2024-12-01,11,10,Other
ATT202412008315,STU008315,SCH005,2024-12-01,13,12,Illness
ATT202412008316,STU008316,SCH034,2024-12-01,10,10,
ATT202412008317,STU008317,SCH049,2024-12-01,11,10,Unauthorised
ATT202412008318,STU008318,SCH004,2024-12-01,15,14,Family
ATT202412008319,STU008319,SCH028,2024-12-01,13,12,Family
ATT202412008320,STU008320,SCH021,2024-12-01,11,10,Medical
ATT202412008321,STU008321,SCH050,2024-12-01,14,12,Unauthorised
ATT202412008322,STU008322,SCH018,2024-12-01,15,14,Unauthorised
ATT202412008323,STU008323,SCH008,2024-12-01,11,10,Family
ATT202412008324,STU008324,SCH002,2024-12-01,12,10,Illness
ATT202412008325,STU008325,SCH047,2024-12-01,12,11,Other
ATT202412008326,STU008326,SCH024,2024-12-01,15,14,Unauthorised
ATT202412008327,STU008327,SCH048,2024-12-01,14,12,Illness
ATT202412008328,STU008328,SCH050,2024-12-01,11,10,Medical
ATT202412008329,STU008329,SCH001,2024-12-01,10,9,Other
ATT202412008330,STU008330,SCH009,2024-12-01,10,8,Other
ATT202412008331,STU008331,SCH038,2024-12-01,11,11,
ATT202412008332,STU008332,SCH026,2024-12-01,11,10,Medical
ATT202412008333,STU008333,SCH048,2024-12-01,14,13,Family
ATT202412008334,STU008334,SCH008,2024-12-01,10,9,Family
ATT202412008335,STU008335,SCH049,2024-12-01,15,12,Illness
ATT202412008336,STU008336,SCH017,2024-12-01,12,11,Other
ATT202412008337,STU008337,SCH049,2024-12-01,13,11,Illness
ATT202412008338,STU008338,SCH012,2024-12-01,15,14,Unauthorised
ATT202412008339,STU008339,SCH042,2024-12-01,12,10,Unauthorised
ATT202412008340,STU008340,SCH007,2024-12-01,10,9,Illness
ATT202412008341,STU008341,SCH049,2024-12-01,14,13,Illness
ATT202412008342,STU008342,SCH009,2024-12-01,11,9,Unauthorised
ATT202412008343,STU008343,SCH014,2024-12-01,11,11,
ATT202412008344,STU008344,SCH020,2024-12-01,13,12,Illness
ATT202412008345,STU008345,SCH001,2024-12-01,12,10,Unauthorised
ATT202412008346,STU008346,SCH049,2024-12-01,12,10,Medical
ATT202412008347,STU008347,SCH012,2024-12-01,10,9,Other
ATT202412008348,STU008348,SCH024,2024-12-01,12,11,Illness
ATT202412008349,STU008349,SCH023,2024-12-01,14,13,Medical
ATT202412008350,STU008350,SCH003,2024-12-01,15,14,Illness
ATT202412008351,STU008351,SCH027,2024-12-01,10,9,Family
ATT202412008352,STU008352,SCH012,2024-12-01,15,13,Other
ATT202412008353,STU008353,SCH002,2024-12-01,13,12,Illness
ATT202412008354,STU008354,SCH050,2024-12-01,13,12,Medical
ATT202412008355,STU008355,SCH018,2024-12-01,13,12,Medical
ATT202412008356,STU008356,SCH019,2024-12-01,13,13,
ATT202412008357,STU008357,SCH039,2024-12-01,15,14,Unauthorised
ATT202412008358,STU008358,SCH035,2024-12-01,10,9,Family
ATT202412008359,STU008359,SCH017,2024-12-01,13,11,Medical
ATT202412008360,STU008360,SCH008,2024-12-01,11,10,Unauthorised
ATT202412008361,STU008361,SCH003,2024-12-01,10,9,Unauthorised
ATT202412008362,STU008362,SCH043,2024-12-01,15,12,Other
ATT202412008363,STU008363,SCH041,2024-12-01,12,11,Illness
ATT202412008364,STU008364,SCH038,2024-12-01,11,10,Family
ATT202412008365,STU008365,SCH032,2024-12-01,10,8,Illness
ATT202412008366,STU008366,SCH003,2024-12-01,10,9,Other
ATT202412008367,STU008367,SCH044,2024-12-01,15,13,Family
ATT202412008368,STU008368,SCH029,2024-12-01,11,10,Medical
ATT202412008370,STU008370,SCH033,2024-12-01,11,10,Unauthorised
ATT202412008371,STU008371,SCH019,2024-12-01,10,9,Medical
ATT202412008372,STU008372,SCH022,2024-12-01,10,8,Other
ATT202412008373,STU008373,SCH039,2024-12-01,13,12,Illness
ATT202412008374,STU008374,SCH037,2024-12-01,13,13,
ATT202412008375,STU008375,SCH007,2024-12-01,14,13,Unauthorised
ATT202412008376,STU008376,SCH049,2024-12-01,11,10,Illness
ATT202412008377,STU008377,SCH045,2024-12-01,15,14,Family
ATT202412008378,STU008378,SCH013,2024-12-01,13,12,Illness
ATT202412008379,STU008379,SCH024,2024-12-01,11,11,
ATT202412008380,STU008380,SCH008,2024-12-01,10,9,Illness
ATT202412008381,STU008381,SCH004,2024-12-01,11,10,Unauthorised
ATT202412008382,STU008382,SCH017,2024-12-01,14,11,Unauthorised
ATT202412008383,STU008383,SCH020,2024-12-01,11,11,
ATT202412008384,STU008384,SCH009,2024-12-01,13,11,Unauthorised
ATT202412008385,STU008385,SCH003,2024-12-01,11,10,Unauthorised
ATT202412008386,STU008386,SCH027,2024-12-01,13,12,Family
ATT202412008387,STU008387,SCH001,2024-12-01,10,9,Family
ATT202412008388,STU008388,SCH013,2024-12-01,12,12,
ATT202412008389,STU008389,SCH040,2024-12-01,15,15,
ATT202412008390,STU008390,SCH011,2024-12-01,14,13,Medical
ATT202412008391,STU008391,SCH045,2024-12-01,15,14,Family
ATT202412008392,STU008392,SCH033,2024-12-01,13,13,
ATT202412008393,STU008393,SCH011,2024-12-01,13,12,Illness
ATT202412008394,STU008394,SCH011,2024-12-01,10,9,Medical
ATT202412008395,STU008395,SCH027,2024-12-01,13,12,Family
ATT202412008396,STU008396,SCH015,2024-12-01,15,14,Family
ATT202412008397,STU008397,SCH023,2024-12-01,11,10,Unauthorised
ATT202412008398,STU008398,SCH018,2024-12-01,11,10,Illness
ATT202412008399,STU008399,SCH025,2024-12-01,13,12,Unauthorised
ATT202412008400,STU008400,SCH021,2024-12-01,14,12,Other
ATT202412008401,STU008401,SCH050,2024-12-01,12,11,Unauthorised
ATT202412008402,STU008402,SCH036,2024-12-01,13,12,Family
ATT202412008403,STU008403,SCH006,2024-12-01,14,13,Medical
ATT202412008404,STU008404,SCH044,2024-12-01,11,10,Family
ATT202412008405,STU008405,SCH047,2024-12-01,10,10,
ATT202412008406,STU008406,SCH018,2024-12-01,13,12,Unauthorised
ATT202412008407,STU008407,SCH030,2024-12-01,14,13,Unauthorised
ATT202412008408,STU008408,SCH015,2024-12-01,11,10,Other
ATT202412008409,STU008409,SCH038,2024-12-01,14,13,Medical
ATT202412008410,STU008410,SCH029,2024-12-01,15,14,Other
ATT202412008411,STU008411,SCH028,2024-12-01,15,15,
ATT202412008412,STU008412,SCH022,2024-12-01,14,12,Unauthorised
ATT202412008413,STU008413,SCH038,2024-12-01,13,13,
ATT202412008414,STU008414,SCH011,2024-12-01,11,11,
ATT202412008415,STU008415,SCH008,2024-12-01,13,12,Medical
ATT202412008417,STU008417,SCH004,2024-12-01,12,11,Other
ATT202412008418,STU008418,SCH047,2024-12-01,12,11,Medical
ATT202412008419,STU008419,SCH041,2024-12-01,10,9,Medical
ATT202412008420,STU008420,SCH036,2024-12-01,11,10,Illness
ATT202412008421,STU008421,SCH042,2024-12-01,11,10,Family
ATT202412008422,STU008422,SCH044,2024-12-01,12,11,Family
ATT202412008423,STU008423,SCH046,2024-12-01,15,13,Other
ATT202412008424,STU008424,SCH043,2024-12-01,11,10,Family
ATT202412008425,STU008425,SCH001,2024-12-01,14,12,Other
ATT202412008426,STU008426,SCH034,2024-12-01,13,11,Medical
ATT202412008427,STU008427,SCH043,2024-12-01,13,12,Unauthorised
ATT202412008428,STU008428,SCH030,2024-12-01,11,11,
ATT202412008429,STU008429,SCH033,2024-12-01,14,12,Unauthorised
ATT202412008430,STU008430,SCH005,2024-12-01,14,13,Family
ATT202412008431,STU008431,SCH050,2024-12-01,10,9,Other
ATT202412008432,STU008432,SCH018,2024-12-01,10,10,
ATT202412008433,STU008433,SCH050,2024-12-01,15,13,Unauthorised
ATT202412008434,STU008434,SCH045,2024-12-01,13,12,Family
ATT202412008435,STU008435,SCH014,2024-12-01,12,11,Unauthorised
ATT202412008436,STU008436,SCH021,2024-12-01,11,10,Other
ATT202412008437,STU008437,SCH011,2024-12-01,13,12,Illness
ATT202412008438,STU008438,SCH045,2024-12-01,15,13,Family
ATT202412008439,STU008439,SCH033,2024-12-01,10,9,Unauthorised
ATT202412008440,STU008440,SCH005,2024-12-01,15,13,Other
ATT202412008441,STU008441,SCH011,2024-12-01,14,13,Family
ATT202412008442,STU008442,SCH007,2024-12-01,12,11,Family
ATT202412008443,STU008443,SCH022,2024-12-01,11,9,Other
ATT202412008444,STU008444,SCH046,2024-12-01,11,10,Family
ATT202412008445,STU008445,SCH002,2024-12-01,11,9,Family
ATT202412008446,STU008446,SCH047,2024-12-01,12,11,Unauthorised
ATT202412008447,STU008447,SCH014,2024-12-01,12,11,Illness
ATT202412008448,STU008448,SCH018,2024-12-01,14,14,
ATT202412008449,STU008449,SCH021,2024-12-01,15,14,Illness
ATT202412008450,STU008450,SCH032,2024-12-01,10,9,Medical
ATT202412008451,STU008451,SCH027,2024-12-01,14,13,Medical
ATT202412008452,STU008452,SCH026,2024-12-01,10,10,
ATT202412008453,STU008453,SCH026,2024-12-01,14,12,Unauthorised
ATT202412008454,STU008454,SCH013,2024-12-01,14,13,Family
ATT202412008455,STU008455,SCH006,2024-12-01,11,10,Medical
ATT202412008456,STU008456,SCH003,2024-12-01,13,11,Other
ATT202412008457,STU008457,SCH039,2024-12-01,15,14,Family
ATT202412008458,STU008458,SCH044,2024-12-01,13,12,Family
ATT202412008459,STU008459,SCH011,2024-12-01,10,10,
ATT202412008460,STU008460,SCH040,2024-12-01,11,10,Illness
ATT202412008461,STU008461,SCH030,2024-12-01,12,11,Medical
ATT202412008462,STU008462,SCH031,2024-12-01,11,10,Family
ATT202412008463,STU008463,SCH050,2024-12-01,13,12,Illness
ATT202412008464,STU008464,SCH010,2024-12-01,15,13,Illness
ATT202412008465,STU008465,SCH029,2024-12-01,13,11,Family
ATT202412008466,STU008466,SCH023,2024-12-01,13,12,Medical
ATT202412008467,STU008467,SCH011,2024-12-01,10,10,
ATT202412008468,STU008468,SCH006,2024-12-01,15,13,Unauthorised
ATT202412008469,STU008469,SCH029,2024-12-01,15,13,Medical
ATT202412008470,STU008470,SCH032,2024-12-01,10,9,Other
ATT202412008471,STU008471,SCH040,2024-12-01,14,13,Illness
ATT202412008472,STU008472,SCH044,2024-12-01,12,11,Unauthorised
ATT202412008473,STU008473,SCH007,2024-12-01,15,14,Other
ATT202412008474,STU008474,SCH045,2024-12-01,11,10,Illness
ATT202412008475,STU008475,SCH018,2024-12-01,13,12,Other
ATT202412008476,STU008476,SCH006,2024-12-01,14,13,Illness
ATT202412008477,STU008477,SCH013,2024-12-01,11,10,Unauthorised
ATT202412008478,STU008478,SCH040,2024-12-01,15,14,Other
ATT202412008479,STU008479,SCH022,2024-12-01,12,11,Other
ATT202412008480,STU008480,SCH043,2024-12-01,15,13,Illness
ATT202412008481,STU008481,SCH017,2024-12-01,13,12,Medical
ATT202412008482,STU008482,SCH049,2024-12-01,14,12,Family
ATT202412008483,STU008483,SCH019,2024-12-01,11,10,Illness
ATT202412008484,STU008484,SCH044,2024-12-01,13,12,Family
ATT202412008485,STU008485,SCH009,2024-12-01,10,9,Family
ATT202412008486,STU008486,SCH011,2024-12-01,14,13,Family
ATT202412008487,STU008487,SCH006,2024-12-01,13,12,Illness
ATT202412008488,STU008488,SCH048,2024-12-01,15,14,Other
ATT202412008489,STU008489,SCH002,2024-12-01,14,12,Family
ATT202412008490,STU008490,SCH045,2024-12-01,10,9,Illness
ATT202412008491,STU008491,SCH007,2024-12-01,14,13,Illness
ATT202412008492,STU008492,SCH008,2024-12-01,15,15,
ATT202412008493,STU008493,SCH007,2024-12-01,13,11,Other
ATT202412008494,STU008494,SCH049,2024-12-01,10,9,Unauthorised
ATT202412008495,STU008495,SCH006,2024-12-01,15,14,Medical
ATT202412008496,STU008496,SCH021,2024-12-01,10,9,Other
ATT202412008497,STU008497,SCH003,2024-12-01,12,11,Medical
ATT202412008498,STU008498,SCH029,2024-12-01,12,11,Other
ATT202412008499,STU008499,SCH002,2024-12-01,11,8,Medical
ATT202412008500,STU008500,SCH048,2024-12-01,12,11,Medical
ATT202412008501,STU008501,SCH036,2024-12-01,10,10,
ATT202412008502,STU008502,SCH009,2024-12-01,14,13,Illness
ATT202412008503,STU008503,SCH034,2024-12-01,15,13,Family
ATT202412008504,STU008504,SCH003,2024-12-01,11,10,Other
ATT202412008505,STU008505,SCH012,2024-12-01,12,10,Other
ATT202412008506,STU008506,SCH007,2024-12-01,13,13,
ATT202412008507,STU008507,SCH026,2024-12-01,10,9,Illness
ATT202412008508,STU008508,SCH028,2024-12-01,12,11,Illness
ATT202412008509,STU008509,SCH049,2024-12-01,14,12,Medical
ATT202412008510,STU008510,SCH032,2024-12-01,12,10,Medical
ATT202412008511,STU008511,SCH032,2024-12-01,11,10,Illness
ATT202412008512,STU008512,SCH035,2024-12-01,10,9,Other
ATT202412008513,STU008513,SCH040,2024-12-01,15,14,Family
ATT202412008514,STU008514,SCH033,2024-12-01,14,13,Family
ATT202412008515,STU008515,SCH016,2024-12-01,15,14,Illness
ATT202412008516,STU008516,SCH008,2024-12-01,13,12,Other
ATT202412008517,STU008517,SCH014,2024-12-01,10,9,Family
ATT202412008518,STU008518,SCH011,2024-12-01,13,12,Other
ATT202412008519,STU008519,SCH022,2024-12-01,13,12,Other
ATT202412008520,STU008520,SCH026,2024-12-01,12,12,
ATT202412008521,STU008521,SCH017,2024-12-01,15,14,Medical
ATT202412008522,STU008522,SCH005,2024-12-01,14,13,Illness
ATT202412008523,STU008523,SCH022,2024-12-01,11,10,Unauthorised
ATT202412008524,STU008524,SCH045,2024-12-01,10,9,Medical
ATT202412008525,STU008525,SCH039,2024-12-01,11,10,Medical
ATT202412008526,STU008526,SCH041,2024-12-01,10,9,Unauthorised
ATT202412008527,STU008527,SCH022,2024-12-01,12,11,Other
ATT202412008528,STU008528,SCH031,2024-12-01,13,12,Family
ATT202412008529,STU008529,SCH010,2024-12-01,13,11,Medical
ATT202412008530,STU008530,SCH040,2024-12-01,15,14,Family
ATT202412008531,STU008531,SCH030,2024-12-01,12,11,Family
ATT202412008532,STU008532,SCH012,2024-12-01,10,9,Illness
ATT202412008533,STU008533,SCH015,2024-12-01,15,14,Family
ATT202412008534,STU008534,SCH017,2024-12-01,15,13,Other
ATT202412008535,STU008535,SCH044,2024-12-01,14,12,Illness
ATT202412008536,STU008536,SCH023,2024-12-01,13,11,Illness
ATT202412008537,STU008537,SCH040,2024-12-01,12,11,Family
ATT202412008538,STU008538,SCH022,2024-12-01,15,12,Illness
ATT202412008539,STU008539,SCH049,2024-12-01,10,8,Other
ATT202412008540,STU008540,SCH042,2024-12-01,15,13,Unauthorised
ATT202412008541,STU008541,SCH048,2024-12-01,11,9,Other
ATT202412008542,STU008542,SCH044,2024-12-01,12,11,Illness
ATT202412008543,STU008543,SCH005,2024-12-01,15,14,Illness
ATT202412008544,STU008544,SCH047,2024-12-01,14,13,Illness
ATT202412008545,STU008545,SCH035,2024-12-01,12,10,Family
ATT202412008546,STU008546,SCH012,2024-12-01,10,9,Unauthorised
ATT202412008547,STU008547,SCH001,2024-12-01,10,9,Family
ATT202412008548,STU008548,SCH041,2024-12-01,15,13,Medical
ATT202412008549,STU008549,SCH009,2024-12-01,12,10,Family
ATT202412008550,STU008550,SCH024,2024-12-01,12,11,Other
ATT202412008551,STU008551,SCH039,2024-12-01,13,12,Illness
ATT202412008552,STU008552,SCH025,2024-12-01,10,9,Other
ATT202412008553,STU008553,SCH017,2024-12-01,10,8,Other
ATT202412008554,STU008554,SCH043,2024-12-01,10,9,Other
ATT202412008555,STU008555,SCH027,2024-12-01,12,11,Unauthorised
ATT202412008556,STU008556,SCH045,2024-12-01,11,10,Unauthorised
ATT202412008557,STU008557,SCH043,2024-12-01,10,9,Medical
ATT202412008558,STU008558,SCH018,2024-12-01,14,13,Unauthorised
ATT202412008559,STU008559,SCH011,2024-12-01,11,11,
ATT202412008560,STU008560,SCH017,2024-12-01,13,11,Unauthorised
ATT202412008561,STU008561,SCH001,2024-12-01,10,7,Medical
ATT202412008562,STU008562,SCH025,2024-12-01,13,12,Other
ATT202412008563,STU008563,SCH040,2024-12-01,10,9,Other
ATT202412008564,STU008564,SCH026,2024-12-01,14,14,
ATT202412008565,STU008565,SCH039,2024-12-01,15,14,Medical
ATT202412008566,STU008566,SCH019,2024-12-01,15,14,Family
ATT202412008567,STU008567,SCH046,2024-12-01,10,9,Illness
ATT202412008568,STU008568,SCH022,2024-12-01,13,11,Illness
ATT202412008569,STU008569,SCH028,2024-12-01,12,11,Other
ATT202412008570,STU008570,SCH030,2024-12-01,10,9,Illness
ATT202412008571,STU008571,SCH016,2024-12-01,11,11,
ATT202412008572,STU008572,SCH006,2024-12-01,10,10,
ATT202412008573,STU008573,SCH005,2024-12-01,12,11,Unauthorised
ATT202412008574,STU008574,SCH046,2024-12-01,13,13,
ATT202412008575,STU008575,SCH018,2024-12-01,14,14,
ATT202412008576,STU008576,SCH010,2024-12-01,14,12,Unauthorised
ATT202412008577,STU008577,SCH034,2024-12-01,14,12,Medical
ATT202412008578,STU008578,SCH008,2024-12-01,12,11,Family
ATT202412008579,STU008579,SCH031,2024-12-01,10,9,Unauthorised
ATT202412008580,STU008580,SCH043,2024-12-01,15,13,Illness
ATT202412008581,STU008581,SCH008,2024-12-01,10,9,Family
ATT202412008582,STU008582,SCH035,2024-12-01,10,9,Family
ATT202412008583,STU008583,SCH028,2024-12-01,11,10,Other
ATT202412008584,STU008584,SCH015,2024-12-01,10,9,Other
ATT202412008585,STU008585,SCH006,2024-12-01,11,10,Family
ATT202412008586,STU008586,SCH011,2024-12-01,10,10,
ATT202412008587,STU008587,SCH011,2024-12-01,15,14,Unauthorised
ATT202412008588,STU008588,SCH031,2024-12-01,10,8,Other
ATT202412008589,STU008589,SCH011,2024-12-01,10,9,Medical
ATT202412008590,STU008590,SCH004,2024-12-01,11,10,Unauthorised
ATT202412008591,STU008591,SCH037,2024-12-01,13,12,Illness
ATT202412008592,STU008592,SCH022,2024-12-01,12,9,Medical
ATT202412008593,STU008593,SCH050,2024-12-01,13,11,Medical
ATT202412008594,STU008594,SCH034,2024-12-01,15,12,Medical
ATT202412008595,STU008595,SCH021,2024-12-01,10,10,
ATT202412008596,STU008596,SCH010,2024-12-01,15,14,Illness
ATT202412008597,STU008597,SCH028,2024-12-01,14,13,Medical
ATT202412008598,STU008598,SCH030,2024-12-01,14,13,Medical
ATT202412008599,STU008599,SCH036,2024-12-01,14,13,Unauthorised
ATT202412008600,STU008600,SCH041,2024-12-01,13,12,Medical
ATT202412008601,STU008601,SCH049,2024-12-01,10,9,Medical
ATT202412008602,STU008602,SCH033,2024-12-01,11,10,Unauthorised
ATT202412008603,STU008603,SCH030,2024-12-01,14,13,Other
ATT202412008604,STU008604,SCH025,2024-12-01,13,12,Medical
ATT202412008605,STU008605,SCH008,2024-12-01,12,11,Other
ATT202412008606,STU008606,SCH031,2024-12-01,11,10,Other
ATT202412008607,STU008607,SCH018,2024-12-01,11,10,Other
ATT202412008608,STU008608,SCH012,2024-12-01,14,13,Medical
ATT202412008609,STU008609,SCH028,2024-12-01,15,14,Family
ATT202412008610,STU008610,SCH024,2024-12-01,15,14,Unauthorised
ATT202412008611,STU008611,SCH008,2024-12-01,10,9,Unauthorised
ATT202412008612,STU008612,SCH030,2024-12-01,13,13,
ATT202412008613,STU008613,SCH027,2024-12-01,11,10,Illness
ATT202412008614,STU008614,SCH016,2024-12-01,15,13,Unauthorised
ATT202412008615,STU008615,SCH039,2024-12-01,13,12,Unauthorised
ATT202412008616,STU008616,SCH047,2024-12-01,14,12,Unauthorised
ATT202412008617,STU008617,SCH010,2024-12-01,12,12,
ATT202412008618,STU008618,SCH032,2024-12-01,14,13,Family
ATT202412008619,STU008619,SCH021,2024-12-01,13,12,Medical
ATT202412008620,STU008620,SCH018,2024-12-01,14,13,Other
ATT202412008621,STU008621,SCH044,2024-12-01,11,10,Unauthorised
ATT202412008622,STU008622,SCH001,2024-12-01,14,12,Unauthorised
ATT202412008623,STU008623,SCH008,2024-12-01,11,10,Unauthorised
ATT202412008624,STU008624,SCH048,2024-12-01,15,13,Unauthorised
ATT202412008625,STU008625,SCH043,2024-12-01,10,10,
ATT202412008626,STU008626,SCH045,2024-12-01,15,14,Other
ATT202412008627,STU008627,SCH049,2024-12-01,10,8,Family
ATT202412008628,STU008628,SCH042,2024-12-01,11,10,Family
ATT202412008629,STU008629,SCH001,2024-12-01,11,10,Medical
ATT202412008630,STU008630,SCH032,2024-12-01,11,11,
ATT202412008631,STU008631,SCH035,2024-12-01,11,10,Illness
ATT202412008632,STU008632,SCH001,2024-12-01,13,11,Other
ATT202412008633,STU008633,SCH048,2024-12-01,14,13,Unauthorised
ATT202412008634,STU008634,SCH020,2024-12-01,10,9,Family
ATT202412008635,STU008635,SCH017,2024-12-01,13,11,Other
ATT202412008636,STU008636,SCH024,2024-12-01,10,9,Illness
ATT202412008637,STU008637,SCH047,2024-12-01,11,10,Other
ATT202412008638,STU008638,SCH007,2024-12-01,15,14,Unauthorised
ATT202412008639,STU008639,SCH024,2024-12-01,13,11,Other
ATT202412008640,STU008640,SCH032,2024-12-01,12,12,
ATT202412008641,STU008641,SCH048,2024-12-01,11,10,Illness
ATT202412008642,STU008642,SCH033,2024-12-01,11,9,Other
ATT202412008643,STU008643,SCH048,2024-12-01,11,10,Illness
ATT202412008644,STU008644,SCH024,2024-12-01,13,12,Medical
ATT202412008645,STU008645,SCH037,2024-12-01,14,13,Unauthorised
ATT202412008646,STU008646,SCH034,2024-12-01,12,10,Illness
ATT202412008647,STU008647,SCH037,2024-12-01,11,10,Other
ATT202412008648,STU008648,SCH017,2024-12-01,11,10,Medical
ATT202412008649,STU008649,SCH016,2024-12-01,15,14,Family
ATT202412008650,STU008650,SCH016,2024-12-01,10,9,Unauthorised
ATT202412008651,STU008651,SCH039,2024-12-01,10,9,Unauthorised
ATT202412008652,STU008652,SCH021,2024-12-01,10,8,Illness
ATT202412008653,STU008653,SCH014,2024-12-01,10,9,Medical
ATT202412008654,STU008654,SCH050,2024-12-01,11,10,Family
ATT202412008655,STU008655,SCH024,2024-12-01,12,11,Unauthorised
ATT202412008656,STU008656,SCH005,2024-12-01,14,13,Unauthorised
ATT202412008657,STU008657,SCH009,2024-12-01,13,12,Other
ATT202412008658,STU008658,SCH020,2024-12-01,11,10,Illness
ATT202412008659,STU008659,SCH046,2024-12-01,12,11,Medical
ATT202412008660,STU008660,SCH037,2024-12-01,14,13,Illness
ATT202412008661,STU008661,SCH031,2024-12-01,12,11,Family
ATT202412008662,STU008662,SCH037,2024-12-01,13,11,Unauthorised
ATT202412008663,STU008663,SCH037,2024-12-01,12,10,Other
ATT202412008664,STU008664,SCH032,2024-12-01,14,13,Family
ATT202412008665,STU008665,SCH049,2024-12-01,11,9,Illness
ATT202412008666,STU008666,SCH011,2024-12-01,10,10,
ATT202412008667,STU008667,SCH002,2024-12-01,11,11,
ATT202412008668,STU008668,SCH034,2024-12-01,10,9,Family
ATT202412008669,STU008669,SCH015,2024-12-01,15,14,Medical
ATT202412008670,STU008670,SCH037,2024-12-01,11,10,Unauthorised
ATT202412008671,STU008671,SCH003,2024-12-01,11,9,Illness
ATT202412008672,STU008672,SCH047,2024-12-01,12,11,Family
ATT202412008673,STU008673,SCH036,2024-12-01,13,12,Medical
ATT202412008674,STU008674,SCH021,2024-12-01,12,11,Family
ATT202412008675,STU008675,SCH008,2024-12-01,14,13,Medical
ATT202412008676,STU008676,SCH008,2024-12-01,10,10,
ATT202412008677,STU008677,SCH032,2024-12-01,10,9,Unauthorised
ATT202412008678,STU008678,SCH046,2024-12-01,14,12,Family
ATT202412008680,STU008680,SCH022,2024-12-01,10,8,Unauthorised
ATT202412008681,STU008681,SCH041,2024-12-01,14,13,Family
ATT202412008682,STU008682,SCH037,2024-12-01,13,12,Medical
ATT202412008683,STU008683,SCH010,2024-12-01,11,10,Other
ATT202412008684,STU008684,SCH034,2024-12-01,12,11,Medical
ATT202412008685,STU008685,SCH037,2024-12-01,11,11,
ATT202412008686,STU008686,SCH025,2024-12-01,14,12,Unauthorised
ATT202412008687,STU008687,SCH010,2024-12-01,12,11,Unauthorised
ATT202412008688,STU008688,SCH018,2024-12-01,13,12,Unauthorised
ATT202412008689,STU008689,SCH012,2024-12-01,14,13,Unauthorised
ATT202412008690,STU008690,SCH030,2024-12-01,11,11,
ATT202412008691,STU008691,SCH008,2024-12-01,12,11,Other
ATT202412008692,STU008692,SCH003,2024-12-01,12,11,Family
ATT202412008693,STU008693,SCH034,2024-12-01,14,12,Other
ATT202412008694,STU008694,SCH030,2024-12-01,14,13,Medical
ATT202412008695,STU008695,SCH006,2024-12-01,15,13,Illness
ATT202412008696,STU008696,SCH023,2024-12-01,11,9,Other
ATT202412008697,STU008697,SCH020,2024-12-01,12,12,
ATT202412008698,STU008698,SCH017,2024-12-01,12,10,Illness
ATT202412008699,STU008699,SCH005,2024-12-01,13,12,Illness
ATT202412008700,STU008700,SCH045,2024-12-01,12,10,Medical
ATT202412008702,STU008702,SCH021,2024-12-01,10,8,Medical
ATT202412008703,STU008703,SCH030,2024-12-01,10,9,Unauthorised
ATT202412008704,STU008704,SCH014,2024-12-01,12,12,
ATT202412008705,STU008705,SCH035,2024-12-01,11,10,Other
ATT202412008706,STU008706,SCH007,2024-12-01,15,14,Medical
ATT202412008707,STU008707,SCH046,2024-12-01,11,11,
ATT202412008708,STU008708,SCH044,2024-12-01,13,10,Other
ATT202412008709,STU008709,SCH012,2024-12-01,11,9,Unauthorised
ATT202412008710,STU008710,SCH024,2024-12-01,15,14,Family
ATT202412008711,STU008711,SCH014,2024-12-01,13,12,Illness
ATT202412008712,STU008712,SCH015,2024-12-01,15,14,Unauthorised
ATT202412008713,STU008713,SCH009,2024-12-01,14,12,Other
ATT202412008714,STU008714,SCH032,2024-12-01,10,9,Other
ATT202412008715,STU008715,SCH014,2024-12-01,14,13,Other
ATT202412008716,STU008716,SCH012,2024-12-01,11,10,Family
ATT202412008717,STU008717,SCH004,2024-12-01,10,9,Illness
ATT202412008718,STU008718,SCH043,2024-12-01,15,14,Family
ATT202412008719,STU008719,SCH035,2024-12-01,12,11,Other
ATT202412008720,STU008720,SCH024,2024-12-01,11,9,Illness
ATT202412008721,STU008721,SCH017,2024-12-01,15,14,Illness
ATT202412008722,STU008722,SCH016,2024-12-01,10,9,Family
ATT202412008723,STU008723,SCH018,2024-12-01,12,11,Unauthorised
ATT202412008724,STU008724,SCH003,2024-12-01,11,11,
ATT202412008725,STU008725,SCH032,2024-12-01,12,11,Illness
ATT202412008726,STU008726,SCH009,2024-12-01,10,9,Unauthorised
ATT202412008727,STU008727,SCH049,2024-12-01,15,14,Illness
ATT202412008728,STU008728,SCH019,2024-12-01,14,12,Other
ATT202412008729,STU008729,SCH005,2024-12-01,11,10,Family
ATT202412008730,STU008730,SCH028,2024-12-01,13,12,Family
ATT202412008731,STU008731,SCH016,2024-12-01,15,15,
ATT202412008732,STU008732,SCH028,2024-12-01,10,9,Unauthorised
ATT202412008733,STU008733,SCH044,2024-12-01,11,10,Family
ATT202412008734,STU008734,SCH040,2024-12-01,14,13,Illness
ATT202412008735,STU008735,SCH006,2024-12-01,10,9,Unauthorised
ATT202412008737,STU008737,SCH038,2024-12-01,13,12,Illness
ATT202412008738,STU008738,SCH009,2024-12-01,11,10,Medical
ATT202412008739,STU008739,SCH009,2024-12-01,12,11,Medical
ATT202412008740,STU008740,SCH010,2024-12-01,10,9,Illness
ATT202412008741,STU008741,SCH033,2024-12-01,11,11,
ATT202412008742,STU008742,SCH009,2024-12-01,10,9,Other
ATT202412008743,STU008743,SCH008,2024-12-01,10,9,Illness
ATT202412008744,STU008744,SCH023,2024-12-01,12,10,Family
ATT202412008745,STU008745,SCH021,2024-12-01,11,10,Medical
ATT202412008746,STU008746,SCH029,2024-12-01,15,13,Medical
ATT202412008747,STU008747,SCH009,2024-12-01,14,13,Family
ATT202412008748,STU008748,SCH005,2024-12-01,13,12,Family
ATT202412008749,STU008749,SCH031,2024-12-01,10,9,Illness
ATT202412008750,STU008750,SCH031,2024-12-01,13,11,Unauthorised
ATT202412008751,STU008751,SCH027,2024-12-01,15,13,Illness
ATT202412008752,STU008752,SCH037,2024-12-01,11,10,Medical
ATT202412008753,STU008753,SCH013,2024-12-01,10,10,
ATT202412008754,STU008754,SCH016,2024-12-01,10,9,Family
ATT202412008755,STU008755,SCH049,2024-12-01,12,11,Illness
ATT202412008756,STU008756,SCH019,2024-12-01,12,11,Family
ATT202412008757,STU008757,SCH030,2024-12-01,14,13,Illness
ATT202412008758,STU008758,SCH016,2024-12-01,11,10,Illness
ATT202412008759,STU008759,SCH010,2024-12-01,15,14,Medical
ATT202412008760,STU008760,SCH044,2024-12-01,14,12,Unauthorised
ATT202412008761,STU008761,SCH032,2024-12-01,14,13,Family
ATT202412008762,STU008762,SCH044,2024-12-01,14,13,Unauthorised
ATT202412008763,STU008763,SCH013,2024-12-01,13,12,Family
ATT202412008764,STU008764,SCH021,2024-12-01,15,12,Medical
ATT202412008765,STU008765,SCH009,2024-12-01,11,10,Unauthorised
ATT202412008766,STU008766,SCH034,2024-12-01,14,12,Unauthorised
ATT202412008767,STU008767,SCH019,2024-12-01,14,13,Family
ATT202412008768,STU008768,SCH032,2024-12-01,12,11,Illness
ATT202412008769,STU008769,SCH004,2024-12-01,14,12,Illness
ATT202412008770,STU008770,SCH007,2024-12-01,10,9,Other
ATT202412008771,STU008771,SCH028,2024-12-01,10,9,Family
ATT202412008772,STU008772,SCH004,2024-12-01,13,12,Other
ATT202412008773,STU008773,SCH028,2024-12-01,10,9,Family
ATT202412008774,STU008774,SCH044,2024-12-01,12,11,Illness
ATT202412008775,STU008775,SCH026,2024-12-01,12,11,Illness
ATT202412008776,STU008776,SCH006,2024-12-01,12,10,Other
ATT202412008777,STU008777,SCH020,2024-12-01,11,10,Medical
ATT202412008778,STU008778,SCH002,2024-12-01,15,13,Family
ATT202412008779,STU008779,SCH024,2024-12-01,13,12,Medical
ATT202412008780,STU008780,SCH030,2024-12-01,15,14,Illness
ATT202412008781,STU008781,SCH028,2024-12-01,14,13,Family
ATT202412008782,STU008782,SCH001,2024-12-01,14,11,Medical
ATT202412008783,STU008783,SCH013,2024-12-01,12,11,Other
ATT202412008784,STU008784,SCH005,2024-12-01,12,11,Illness
ATT202412008785,STU008785,SCH042,2024-12-01,12,11,Illness
ATT202412008786,STU008786,SCH039,2024-12-01,10,9,Other
ATT202412008787,STU008787,SCH043,2024-12-01,11,10,Unauthorised
ATT202412008788,STU008788,SCH031,2024-12-01,14,12,Family
ATT202412008789,STU008789,SCH036,2024-12-01,10,10,
ATT202412008790,STU008790,SCH019,2024-12-01,11,10,Medical
ATT202412008791,STU008791,SCH013,2024-12-01,15,13,Other
ATT202412008792,STU008792,SCH007,2024-12-01,11,10,Unauthorised
ATT202412008793,STU008793,SCH010,2024-12-01,13,13,
ATT202412008794,STU008794,SCH011,2024-12-01,13,12,Family
ATT202412008795,STU008795,SCH004,2024-12-01,12,11,Other
ATT202412008796,STU008796,SCH037,2024-12-01,15,14,Medical
ATT202412008797,STU008797,SCH048,2024-12-01,11,10,Other
ATT202412008798,STU008798,SCH028,2024-12-01,11,10,Unauthorised
ATT202412008799,STU008799,SCH027,2024-12-01,10,9,Illness
ATT202412008800,STU008800,SCH010,2024-12-01,10,9,Family
ATT202412008801,STU008801,SCH035,2024-12-01,13,12,Medical
ATT202412008802,STU008802,SCH002,2024-12-01,12,11,Illness
ATT202412008803,STU008803,SCH022,2024-12-01,14,12,Other
ATT202412008804,STU008804,SCH005,2024-12-01,13,12,Unauthorised
ATT202412008805,STU008805,SCH048,2024-12-01,12,11,Unauthorised
ATT202412008806,STU008806,SCH021,2024-12-01,12,11,Medical
ATT202412008807,STU008807,SCH009,2024-12-01,12,11,Medical
ATT202412008808,STU008808,SCH045,2024-12-01,10,9,Family
ATT202412008809,STU008809,SCH034,2024-12-01,14,13,Other
ATT202412008810,STU008810,SCH032,2024-12-01,12,11,Family
ATT202412008811,STU008811,SCH029,2024-12-01,11,9,Unauthorised
ATT202412008812,STU008812,SCH015,2024-12-01,10,9,Illness
ATT202412008813,STU008813,SCH028,2024-12-01,13,12,Unauthorised
ATT202412008814,STU008814,SCH003,2024-12-01,15,14,Medical
ATT202412008815,STU008815,SCH029,2024-12-01,13,12,Unauthorised
ATT202412008816,STU008816,SCH048,2024-12-01,10,9,Unauthorised
ATT202412008817,STU008817,SCH031,2024-12-01,11,10,Family
ATT202412008818,STU008818,SCH018,2024-12-01,10,10,
ATT202412008819,STU008819,SCH042,2024-12-01,13,12,Medical
ATT202412008820,STU008820,SCH005,2024-12-01,11,11,
ATT202412008821,STU008821,SCH023,2024-12-01,15,13,Other
ATT202412008822,STU008822,SCH025,2024-12-01,14,13,Illness
ATT202412008823,STU008823,SCH049,2024-12-01,14,13,Unauthorised
ATT202412008824,STU008824,SCH034,2024-12-01,12,11,Unauthorised
ATT202412008825,STU008825,SCH045,2024-12-01,12,11,Family
ATT202412008826,STU008826,SCH030,2024-12-01,14,13,Medical
ATT202412008827,STU008827,SCH018,2024-12-01,10,9,Family
ATT202412008828,STU008828,SCH034,2024-12-01,12,11,Illness
ATT202412008829,STU008829,SCH017,2024-12-01,12,11,Medical
ATT202412008830,STU008830,SCH035,2024-12-01,11,9,Family
ATT202412008831,STU008831,SCH044,2024-12-01,13,11,Family
ATT202412008832,STU008832,SCH047,2024-12-01,14,13,Illness
ATT202412008833,STU008833,SCH022,2024-12-01,10,8,Illness
ATT202412008834,STU008834,SCH006,2024-12-01,15,14,Other
ATT202412008835,STU008835,SCH016,2024-12-01,12,11,Unauthorised
ATT202412008836,STU008836,SCH002,2024-12-01,10,8,Illness
ATT202412008837,STU008837,SCH037,2024-12-01,10,8,Unauthorised
ATT202412008838,STU008838,SCH021,2024-12-01,13,12,Other
ATT202412008839,STU008839,SCH032,2024-12-01,10,9,Other
ATT202412008840,STU008840,SCH025,2024-12-01,15,14,Family
ATT202412008841,STU008841,SCH042,2024-12-01,10,9,Other
ATT202412008842,STU008842,SCH032,2024-12-01,14,12,Medical
ATT202412008843,STU008843,SCH045,2024-12-01,14,13,Medical
ATT202412008844,STU008844,SCH050,2024-12-01,14,12,Medical
ATT202412008845,STU008845,SCH014,2024-12-01,13,13,
ATT202412008846,STU008846,SCH031,2024-12-01,12,11,Medical
ATT202412008847,STU008847,SCH047,2024-12-01,14,13,Other
ATT202412008848,STU008848,SCH027,2024-12-01,13,11,Illness
ATT202412008849,STU008849,SCH009,2024-12-01,13,12,Other
ATT202412008850,STU008850,SCH028,2024-12-01,11,10,Unauthorised
ATT202412008851,STU008851,SCH032,2024-12-01,13,12,Unauthorised
ATT202412008852,STU008852,SCH015,2024-12-01,12,12,
ATT202412008853,STU008853,SCH027,2024-12-01,12,10,Unauthorised
ATT202412008854,STU008854,SCH041,2024-12-01,15,14,Other
ATT202412008855,STU008855,SCH011,2024-12-01,15,14,Illness
ATT202412008856,STU008856,SCH025,2024-12-01,12,10,Family
ATT202412008857,STU008857,SCH023,2024-12-01,13,11,Other
ATT202412008858,STU008858,SCH020,2024-12-01,10,9,Unauthorised
ATT202412008859,STU008859,SCH025,2024-12-01,10,10,
ATT202412008860,STU008860,SCH001,2024-12-01,12,11,Family
ATT202412008861,STU008861,SCH045,2024-12-01,12,11,Medical
ATT202412008862,STU008862,SCH026,2024-12-01,11,11,
ATT202412008863,STU008863,SCH014,2024-12-01,12,11,Illness
ATT202412008864,STU008864,SCH048,2024-12-01,14,12,Family
ATT202412008866,STU008866,SCH011,2024-12-01,14,14,
ATT202412008867,STU008867,SCH026,2024-12-01,11,10,Unauthorised
ATT202412008868,STU008868,SCH042,2024-12-01,12,12,
ATT202412008869,STU008869,SCH004,2024-12-01,14,13,Other
ATT202412008870,STU008870,SCH014,2024-12-01,10,10,
ATT202412008871,STU008871,SCH021,2024-12-01,11,10,Unauthorised
ATT202412008872,STU008872,SCH017,2024-12-01,13,11,Unauthorised
ATT202412008873,STU008873,SCH044,2024-12-01,13,12,Medical
ATT202412008874,STU008874,SCH009,2024-12-01,15,14,Other
ATT202412008875,STU008875,SCH013,2024-12-01,12,11,Medical
ATT202412008876,STU008876,SCH003,2024-12-01,10,9,Other
ATT202412008877,STU008877,SCH014,2024-12-01,12,11,Other
ATT202412008878,STU008878,SCH034,2024-12-01,14,12,Illness
ATT202412008879,STU008879,SCH048,2024-12-01,15,15,
ATT202412008880,STU008880,SCH016,2024-12-01,13,12,Unauthorised
ATT202412008881,STU008881,SCH017,2024-12-01,11,10,Other
ATT202412008882,STU008882,SCH004,2024-12-01,14,12,Family
ATT202412008883,STU008883,SCH014,2024-12-01,12,12,
ATT202412008884,STU008884,SCH024,2024-12-01,10,9,Family
ATT202412008885,STU008885,SCH015,2024-12-01,15,13,Other
ATT202412008886,STU008886,SCH003,2024-12-01,12,11,Illness
ATT202412008887,STU008887,SCH033,2024-12-01,12,11,Family
ATT202412008888,STU008888,SCH049,2024-12-01,15,13,Illness
ATT202412008889,STU008889,SCH012,2024-12-01,10,10,
ATT202412008891,STU008891,SCH017,2024-12-01,12,10,Family
ATT202412008892,STU008892,SCH043,2024-12-01,14,12,Illness
ATT202412008893,STU008893,SCH012,2024-12-01,13,11,Family
ATT202412008894,STU008894,SCH019,2024-12-01,15,14,Other
ATT202412008895,STU008895,SCH033,2024-12-01,15,13,Illness
ATT202412008896,STU008896,SCH010,2024-12-01,13,12,Other
ATT202412008897,STU008897,SCH049,2024-12-01,12,11,Unauthorised
ATT202412008898,STU008898,SCH032,2024-12-01,14,13,Unauthorised
ATT202412008899,STU008899,SCH032,2024-12-01,14,13,Family
ATT202412008900,STU008900,SCH012,2024-12-01,13,12,Illness
ATT202412008901,STU008901,SCH048,2024-12-01,12,12,
ATT202412008902,STU008902,SCH030,2024-12-01,15,14,Illness
ATT202412008903,STU008903,SCH019,2024-12-01,14,13,Illness
ATT202412008904,STU008904,SCH016,2024-12-01,13,13,
ATT202412008905,STU008905,SCH010,2024-12-01,10,9,Other
ATT202412008906,STU008906,SCH034,2024-12-01,11,10,Other
ATT202412008907,STU008907,SCH036,2024-12-01,14,13,Medical
ATT202412008908,STU008908,SCH036,2024-12-01,13,12,Illness
ATT202412008909,STU008909,SCH049,2024-12-01,12,10,Family
ATT202412008910,STU008910,SCH016,2024-12-01,11,10,Medical
ATT202412008911,STU008911,SCH044,2024-12-01,14,13,Illness
ATT202412008912,STU008912,SCH013,2024-12-01,12,11,Unauthorised
ATT202412008913,STU008913,SCH010,2024-12-01,15,12,Unauthorised
ATT202412008914,STU008914,SCH022,2024-12-01,15,13,Illness
ATT202412008915,STU008915,SCH008,2024-12-01,11,9,Other
ATT202412008916,STU008916,SCH040,2024-12-01,10,10,
ATT202412008917,STU008917,SCH015,2024-12-01,12,11,Unauthorised
ATT202412008918,STU008918,SCH049,2024-12-01,12,11,Unauthorised
ATT202412008919,STU008919,SCH030,2024-12-01,12,11,Unauthorised
ATT202412008920,STU008920,SCH044,2024-12-01,15,14,Other
ATT202412008921,STU008921,SCH028,2024-12-01,11,10,Family
ATT202412008922,STU008922,SCH031,2024-12-01,11,8,Other
ATT202412008923,STU008923,SCH026,2024-12-01,10,9,Family
ATT202412008924,STU008924,SCH013,2024-12-01,12,11,Medical
ATT202412008925,STU008925,SCH018,2024-12-01,10,9,Unauthorised
ATT202412008927,STU008927,SCH035,2024-12-01,14,13,Medical
ATT202412008928,STU008928,SCH049,2024-12-01,15,13,Illness
ATT202412008929,STU008929,SCH014,2024-12-01,15,13,Illness
ATT202412008930,STU008930,SCH041,2024-12-01,15,14,Family
ATT202412008931,STU008931,SCH024,2024-12-01,10,9,Illness
ATT202412008932,STU008932,SCH037,2024-12-01,11,10,Medical
ATT202412008933,STU008933,SCH008,2024-12-01,11,11,
ATT202412008934,STU008934,SCH023,2024-12-01,14,13,Illness
ATT202412008935,STU008935,SCH024,2024-12-01,14,14,
ATT202412008936,STU008936,SCH049,2024-12-01,11,10,Medical
ATT202412008937,STU008937,SCH017,2024-12-01,11,9,Unauthorised
ATT202412008938,STU008938,SCH012,2024-12-01,10,10,
ATT202412008939,STU008939,SCH038,2024-12-01,15,13,Medical
ATT202412008940,STU008940,SCH049,2024-12-01,12,11,Other
ATT202412008941,STU008941,SCH047,2024-12-01,14,13,Other
ATT202412008942,STU008942,SCH005,2024-12-01,14,13,Illness
ATT202412008943,STU008943,SCH010,2024-12-01,14,13,Unauthorised
ATT202412008944,STU008944,SCH001,2024-12-01,12,10,Illness
ATT202412008945,STU008945,SCH039,2024-12-01,13,13,
ATT202412008946,STU008946,SCH011,2024-12-01,10,10,
ATT202412008947,STU008947,SCH043,2024-12-01,11,11,
ATT202412008948,STU008948,SCH047,2024-12-01,12,11,Other
ATT202412008949,STU008949,SCH002,2024-12-01,15,13,Illness
ATT202412008950,STU008950,SCH034,2024-12-01,14,11,Illness
ATT202412008951,STU008951,SCH012,2024-12-01,11,10,Medical
ATT202412008952,STU008952,SCH043,2024-12-01,11,9,Unauthorised
ATT202412008953,STU008953,SCH036,2024-12-01,12,11,Medical
ATT202412008954,STU008954,SCH001,2024-12-01,10,9,Illness
ATT202412008955,STU008955,SCH036,2024-12-01,14,14,
ATT202412008956,STU008956,SCH014,2024-12-01,15,14,Medical
ATT202412008957,STU008957,SCH032,2024-12-01,14,14,
ATT202412008958,STU008958,SCH038,2024-12-01,11,10,Medical
ATT202412008959,STU008959,SCH042,2024-12-01,13,12,Other
ATT202412008960,STU008960,SCH035,2024-12-01,12,11,Other
ATT202412008961,STU008961,SCH025,2024-12-01,15,13,Unauthorised
ATT202412008962,STU008962,SCH006,2024-12-01,15,14,Medical
ATT202412008963,STU008963,SCH003,2024-12-01,12,11,Other
ATT202412008964,STU008964,SCH013,2024-12-01,15,14,Medical
ATT202412008965,STU008965,SCH010,2024-12-01,13,11,Unauthorised
ATT202412008966,STU008966,SCH008,2024-12-01,12,11,Other
ATT202412008967,STU008967,SCH009,2024-12-01,12,11,Family
ATT202412008968,STU008968,SCH017,2024-12-01,11,9,Other
ATT202412008969,STU008969,SCH041,2024-12-01,10,9,Medical
ATT202412008970,STU008970,SCH006,2024-12-01,14,13,Other
ATT202412008971,STU008971,SCH017,2024-12-01,12,10,Medical
ATT202412008972,STU008972,SCH009,2024-12-01,11,10,Illness
ATT202412008973,STU008973,SCH035,2024-12-01,15,13,Illness
ATT202412008974,STU008974,SCH019,2024-12-01,11,10,Family
ATT202412008975,STU008975,SCH017,2024-12-01,10,9,Family
ATT202412008976,STU008976,SCH048,2024-12-01,12,11,Medical
ATT202412008977,STU008977,SCH009,2024-12-01,11,10,Illness
ATT202412008978,STU008978,SCH034,2024-12-01,13,12,Unauthorised
ATT202412008979,STU008979,SCH025,2024-12-01,14,13,Family
ATT202412008980,STU008980,SCH037,2024-12-01,10,9,Unauthorised
ATT202412008981,STU008981,SCH003,2024-12-01,14,13,Medical
ATT202412008982,STU008982,SCH005,2024-12-01,14,13,Other
ATT202412008983,STU008983,SCH004,2024-12-01,12,11,Other
ATT202412008984,STU008984,SCH033,2024-12-01,12,11,Other
ATT202412008985,STU008985,SCH036,2024-12-01,11,10,Family
ATT202412008986,STU008986,SCH035,2024-12-01,14,13,Family
ATT202412008987,STU008987,SCH048,2024-12-01,12,12,
ATT202412008988,STU008988,SCH021,2024-12-01,13,11,Other
ATT202412008989,STU008989,SCH010,2024-12-01,10,9,Other
ATT202412008990,STU008990,SCH031,2024-12-01,10,9,Family
ATT202412008991,STU008991,SCH019,2024-12-01,13,12,Illness
ATT202412008992,STU008992,SCH042,2024-12-01,10,9,Other
ATT202412008993,STU008993,SCH038,2024-12-01,12,11,Medical
ATT202412008994,STU008994,SCH009,2024-12-01,14,13,Other
ATT202412008995,STU008995,SCH002,2024-12-01,12,11,Medical
ATT202412008996,STU008996,SCH010,2024-12-01,13,12,Unauthorised
ATT202412008997,STU008997,SCH021,2024-12-01,11,10,Other
ATT202412008998,STU008998,SCH035,2024-12-01,13,11,Other
ATT202412008999,STU008999,SCH034,2024-12-01,10,10,
ATT202412009000,STU009000,SCH044,2024-12-01,14,12,Other
ATT202412009001,STU009001,SCH007,2024-12-01,10,9,Medical
ATT202412009002,STU009002,SCH040,2024-12-01,13,12,Medical
ATT202412009003,STU009003,SCH002,2024-12-01,11,10,Illness
ATT202412009004,STU009004,SCH026,2024-12-01,14,12,Family
ATT202412009005,STU009005,SCH017,2024-12-01,12,10,Unauthorised
ATT202412009006,STU009006,SCH033,2024-12-01,15,13,Family
ATT202412009007,STU009007,SCH048,2024-12-01,12,11,Illness
ATT202412009008,STU009008,SCH004,2024-12-01,12,11,Medical
ATT202412009009,STU009009,SCH044,2024-12-01,10,9,Medical
ATT202412009010,STU009010,SCH024,2024-12-01,13,12,Other
ATT202412009011,STU009011,SCH043,2024-12-01,12,10,Unauthorised
ATT202412009012,STU009012,SCH043,2024-12-01,10,9,Medical
ATT202412009013,STU009013,SCH034,2024-12-01,15,13,Unauthorised
ATT202412009014,STU009014,SCH013,2024-12-01,14,13,Illness
ATT202412009015,STU009015,SCH017,2024-12-01,10,8,Medical
ATT202412009016,STU009016,SCH024,2024-12-01,11,10,Medical
ATT202412009017,STU009017,SCH012,2024-12-01,10,9,Medical
ATT202412009018,STU009018,SCH027,2024-12-01,15,14,Medical
ATT202412009019,STU009019,SCH006,2024-12-01,12,10,Unauthorised
ATT202412009020,STU009020,SCH012,2024-12-01,13,11,Medical
ATT202412009021,STU009021,SCH040,2024-12-01,13,12,Illness
ATT202412009022,STU009022,SCH049,2024-12-01,14,12,Medical
ATT202412009023,STU009023,SCH019,2024-12-01,15,13,Illness
ATT202412009024,STU009024,SCH036,2024-12-01,11,10,Family
ATT202412009025,STU009025,SCH049,2024-12-01,13,11,Medical
ATT202412009026,STU009026,SCH016,2024-12-01,12,11,Family
ATT202412009027,STU009027,SCH002,2024-12-01,12,11,Medical
ATT202412009028,STU009028,SCH029,2024-12-01,11,10,Unauthorised
ATT202412009029,STU009029,SCH003,2024-12-01,14,13,Family
ATT202412009030,STU009030,SCH046,2024-12-01,13,12,Unauthorised
ATT202412009031,STU009031,SCH044,2024-12-01,12,11,Other
ATT202412009032,STU009032,SCH027,2024-12-01,15,13,Medical
ATT202412009033,STU009033,SCH044,2024-12-01,14,13,Medical
ATT202412009034,STU009034,SCH048,2024-12-01,10,9,Unauthorised
ATT202412009035,STU009035,SCH020,2024-12-01,12,11,Unauthorised
ATT202412009036,STU009036,SCH038,2024-12-01,15,13,Other
ATT202412009037,STU009037,SCH013,2024-12-01,10,9,Family
ATT202412009038,STU009038,SCH027,2024-12-01,14,12,Family
ATT202412009040,STU009040,SCH004,2024-12-01,12,11,Unauthorised
ATT202412009041,STU009041,SCH042,2024-12-01,11,9,Medical
ATT202412009042,STU009042,SCH011,2024-12-01,12,12,
ATT202412009043,STU009043,SCH030,2024-12-01,10,9,Unauthorised
ATT202412009044,STU009044,SCH004,2024-12-01,11,10,Family
ATT202412009045,STU009045,SCH006,2024-12-01,13,12,Medical
ATT202412009046,STU009046,SCH046,2024-12-01,13,12,Illness
ATT202412009047,STU009047,SCH024,2024-12-01,10,9,Unauthorised
ATT202412009048,STU009048,SCH021,2024-12-01,14,12,Medical
ATT202412009049,STU009049,SCH032,2024-12-01,11,9,Other
ATT202412009050,STU009050,SCH042,2024-12-01,15,14,Illness
ATT202412009051,STU009051,SCH015,2024-12-01,14,13,Medical
ATT202412009052,STU009052,SCH023,2024-12-01,10,9,Other
ATT202412009053,STU009053,SCH002,2024-12-01,15,12,Medical
ATT202412009054,STU009054,SCH011,2024-12-01,15,14,Unauthorised
ATT202412009055,STU009055,SCH035,2024-12-01,13,11,Medical
ATT202412009056,STU009056,SCH015,2024-12-01,15,12,Family
ATT202412009057,STU009057,SCH042,2024-12-01,10,10,
ATT202412009058,STU009058,SCH028,2024-12-01,14,13,Family
ATT202412009059,STU009059,SCH044,2024-12-01,13,11,Unauthorised
ATT202412009060,STU009060,SCH026,2024-12-01,14,13,Medical
ATT202412009061,STU009061,SCH026,2024-12-01,13,12,Illness
ATT202412009062,STU009062,SCH020,2024-12-01,12,11,Family
ATT202412009063,STU009063,SCH041,2024-12-01,15,14,Unauthorised
ATT202412009064,STU009064,SCH049,2024-12-01,12,11,Medical
ATT202412009065,STU009065,SCH025,2024-12-01,11,10,Illness
ATT202412009066,STU009066,SCH032,2024-12-01,14,13,Illness
ATT202412009067,STU009067,SCH011,2024-12-01,12,11,Family
ATT202412009068,STU009068,SCH018,2024-12-01,14,14,
ATT202412009069,STU009069,SCH050,2024-12-01,13,12,Other
ATT202412009070,STU009070,SCH011,2024-12-01,10,10,
ATT202412009071,STU009071,SCH048,2024-12-01,10,9,Illness
ATT202412009072,STU009072,SCH002,2024-12-01,10,8,Other
ATT202412009073,STU009073,SCH021,2024-12-01,10,9,Other
ATT202412009074,STU009074,SCH040,2024-12-01,11,10,Medical
ATT202412009075,STU009075,SCH009,2024-12-01,13,11,Unauthorised
ATT202412009076,STU009076,SCH020,2024-12-01,11,10,Other
ATT202412009077,STU009077,SCH024,2024-12-01,13,13,
ATT202412009078,STU009078,SCH049,2024-12-01,13,10,Unauthorised
ATT202412009079,STU009079,SCH021,2024-12-01,14,13,Medical
ATT202412009080,STU009080,SCH038,2024-12-01,11,10,Medical
ATT202412009081,STU009081,SCH022,2024-12-01,11,9,Family
ATT202412009082,STU009082,SCH026,2024-12-01,13,12,Medical
ATT202412009083,STU009083,SCH016,2024-12-01,10,9,Family
ATT202412009084,STU009084,SCH033,2024-12-01,10,10,
ATT202412009085,STU009085,SCH041,2024-12-01,14,13,Other
ATT202412009086,STU009086,SCH032,2024-12-01,11,10,Medical
ATT202412009087,STU009087,SCH018,2024-12-01,11,11,
ATT202412009088,STU009088,SCH010,2024-12-01,10,9,Other
ATT202412009089,STU009089,SCH047,2024-12-01,15,13,Illness
ATT202412009090,STU009090,SCH038,2024-12-01,12,11,Unauthorised
ATT202412009091,STU009091,SCH042,2024-12-01,15,13,Illness
ATT202412009092,STU009092,SCH047,2024-12-01,14,13,Other
ATT202412009093,STU009093,SCH025,2024-12-01,11,10,Other
ATT202412009094,STU009094,SCH031,2024-12-01,12,10,Unauthorised
ATT202412009095,STU009095,SCH017,2024-12-01,13,11,Family
ATT202412009097,STU009097,SCH029,2024-12-01,15,14,Family
ATT202412009098,STU009098,SCH039,2024-12-01,14,13,Other
ATT202412009099,STU009099,SCH014,2024-12-01,10,9,Other
ATT202412009100,STU009100,SCH021,2024-12-01,15,14,Medical
ATT202412009101,STU009101,SCH016,2024-12-01,13,13,
ATT202412009102,STU009102,SCH041,2024-12-01,11,10,Unauthorised
ATT202412009103,STU009103,SCH050,2024-12-01,12,11,Other
ATT202412009104,STU009104,SCH003,2024-12-01,11,10,Medical
ATT202412009105,STU009105,SCH034,2024-12-01,14,12,Unauthorised
ATT202412009106,STU009106,SCH047,2024-12-01,10,9,Medical
ATT202412009107,STU009107,SCH038,2024-12-01,15,14,Other
ATT202412009108,STU009108,SCH006,2024-12-01,13,12,Other
ATT202412009109,STU009109,SCH037,2024-12-01,15,14,Unauthorised
ATT202412009110,STU009110,SCH029,2024-12-01,10,9,Unauthorised
ATT202412009111,STU009111,SCH001,2024-12-01,13,13,
ATT202412009112,STU009112,SCH031,2024-12-01,13,12,Family
ATT202412009113,STU009113,SCH023,2024-12-01,13,13,
ATT202412009114,STU009114,SCH020,2024-12-01,11,10,Family
ATT202412009115,STU009115,SCH017,2024-12-01,14,13,Illness
ATT202412009116,STU009116,SCH002,2024-12-01,15,13,Medical
ATT202412009117,STU009117,SCH047,2024-12-01,12,11,Unauthorised
ATT202412009118,STU009118,SCH011,2024-12-01,15,14,Illness
ATT202412009119,STU009119,SCH022,2024-12-01,15,13,Medical
ATT202412009120,STU009120,SCH029,2024-12-01,14,14,
ATT202412009121,STU009121,SCH020,2024-12-01,11,10,Illness
ATT202412009122,STU009122,SCH040,2024-12-01,10,9,Unauthorised
ATT202412009123,STU009123,SCH023,2024-12-01,11,10,Family
ATT202412009124,STU009124,SCH010,2024-12-01,10,10,
ATT202412009125,STU009125,SCH010,2024-12-01,12,11,Family
ATT202412009126,STU009126,SCH015,2024-12-01,14,13,Other
ATT202412009127,STU009127,SCH008,2024-12-01,14,12,Medical
ATT202412009128,STU009128,SCH047,2024-12-01,14,13,Family
ATT202412009129,STU009129,SCH014,2024-12-01,14,13,Medical
ATT202412009130,STU009130,SCH017,2024-12-01,11,10,Unauthorised
ATT202412009131,STU009131,SCH027,2024-12-01,12,11,Illness
ATT202412009132,STU009132,SCH012,2024-12-01,15,14,Illness
ATT202412009133,STU009133,SCH041,2024-12-01,15,13,Illness
ATT202412009134,STU009134,SCH049,2024-12-01,10,9,Medical
ATT202412009135,STU009135,SCH006,2024-12-01,14,13,Unauthorised
ATT202412009136,STU009136,SCH004,2024-12-01,12,11,Illness
ATT202412009137,STU009137,SCH003,2024-12-01,15,14,Illness
ATT202412009138,STU009138,SCH010,2024-12-01,14,12,Medical
ATT202412009139,STU009139,SCH023,2024-12-01,11,10,Illness
ATT202412009140,STU009140,SCH005,2024-12-01,13,12,Illness
ATT202412009141,STU009141,SCH012,2024-12-01,13,12,Family
ATT202412009142,STU009142,SCH047,2024-12-01,11,11,
ATT202412009143,STU009143,SCH009,2024-12-01,15,13,Illness
ATT202412009144,STU009144,SCH021,2024-12-01,14,13,Unauthorised
ATT202412009145,STU009145,SCH020,2024-12-01,12,11,Other
ATT202412009146,STU009146,SCH038,2024-12-01,10,10,
ATT202412009147,STU009147,SCH045,2024-12-01,12,11,Medical
ATT202412009148,STU009148,SCH009,2024-12-01,13,11,Medical
ATT202412009149,STU009149,SCH005,2024-12-01,11,10,Illness
ATT202412009150,STU009150,SCH005,2024-12-01,14,13,Medical
ATT202412009151,STU009151,SCH028,2024-12-01,15,14,Other
ATT202412009152,STU009152,SCH027,2024-12-01,13,12,Unauthorised
ATT202412009153,STU009153,SCH044,2024-12-01,15,13,Illness
ATT202412009154,STU009154,SCH043,2024-12-01,15,13,Unauthorised
ATT202412009155,STU009155,SCH049,2024-12-01,14,11,Medical
ATT202412009156,STU009156,SCH044,2024-12-01,15,13,Family
ATT202412009157,STU009157,SCH038,2024-12-01,14,13,Family
ATT202412009158,STU009158,SCH039,2024-12-01,14,14,
ATT202412009159,STU009159,SCH006,2024-12-01,15,13,Medical
ATT202412009160,STU009160,SCH001,2024-12-01,15,13,Medical
ATT202412009161,STU009161,SCH008,2024-12-01,10,10,
ATT202412009162,STU009162,SCH043,2024-12-01,11,10,Illness
ATT202412009163,STU009163,SCH042,2024-12-01,14,12,Other
ATT202412009164,STU009164,SCH027,2024-12-01,10,9,Medical
ATT202412009165,STU009165,SCH040,2024-12-01,14,13,Other
ATT202412009166,STU009166,SCH011,2024-12-01,15,14,Other
ATT202412009167,STU009167,SCH024,2024-12-01,15,14,Family
ATT202412009168,STU009168,SCH010,2024-12-01,12,12,
ATT202412009169,STU009169,SCH013,2024-12-01,10,9,Medical
ATT202412009170,STU009170,SCH025,2024-12-01,12,11,Other
ATT202412009172,STU009172,SCH015,2024-12-01,14,13,Medical
ATT202412009173,STU009173,SCH016,2024-12-01,13,12,Other
ATT202412009174,STU009174,SCH022,2024-12-01,10,8,Other
ATT202412009175,STU009175,SCH031,2024-12-01,15,13,Unauthorised
ATT202412009176,STU009176,SCH030,2024-12-01,15,14,Medical
ATT202412009177,STU009177,SCH023,2024-12-01,10,9,Unauthorised
ATT202412009178,STU009178,SCH030,2024-12-01,11,10,Illness
ATT202412009179,STU009179,SCH004,2024-12-01,15,14,Illness
ATT202412009180,STU009180,SCH025,2024-12-01,15,13,Medical
ATT202412009181,STU009181,SCH023,2024-12-01,14,12,Family
ATT202412009182,STU009182,SCH003,2024-12-01,15,14,Illness
ATT202412009183,STU009183,SCH036,2024-12-01,11,9,Unauthorised
ATT202412009184,STU009184,SCH002,2024-12-01,12,11,Other
ATT202412009185,STU009185,SCH009,2024-12-01,12,11,Other
ATT202412009186,STU009186,SCH011,2024-12-01,15,14,Illness
ATT202412009187,STU009187,SCH027,2024-12-01,12,11,Medical
ATT202412009188,STU009188,SCH007,2024-12-01,12,11,Unauthorised
ATT202412009189,STU009189,SCH048,2024-12-01,14,13,Illness
ATT202412009190,STU009190,SCH034,2024-12-01,15,14,Medical
ATT202412009191,STU009191,SCH007,2024-12-01,13,12,Unauthorised
ATT202412009192,STU009192,SCH044,2024-12-01,14,12,Other
ATT202412009193,STU009193,SCH028,2024-12-01,14,13,Family
ATT202412009194,STU009194,SCH043,2024-12-01,12,11,Unauthorised
ATT202412009195,STU009195,SCH012,2024-12-01,10,9,Unauthorised
ATT202412009196,STU009196,SCH010,2024-12-01,13,12,Illness
ATT202412009197,STU009197,SCH036,2024-12-01,15,14,Other
ATT202412009198,STU009198,SCH004,2024-12-01,13,12,Illness
ATT202412009199,STU009199,SCH011,2024-12-01,11,10,Illness
ATT202412009200,STU009200,SCH021,2024-12-01,13,12,Other
ATT202412009201,STU009201,SCH036,2024-12-01,10,10,
ATT202412009202,STU009202,SCH001,2024-12-01,12,10,Family
ATT202412009203,STU009203,SCH009,2024-12-01,14,13,Unauthorised
ATT202412009204,STU009204,SCH034,2024-12-01,12,10,Other
ATT202412009205,STU009205,SCH028,2024-12-01,14,13,Illness
ATT202412009206,STU009206,SCH028,2024-12-01,13,12,Medical
ATT202412009207,STU009207,SCH032,2024-12-01,15,14,Other
ATT202412009208,STU009208,SCH027,2024-12-01,10,8,Unauthorised
ATT202412009209,STU009209,SCH048,2024-12-01,15,14,Illness
ATT202412009210,STU009210,SCH010,2024-12-01,11,10,Unauthorised
ATT202412009211,STU009211,SCH014,2024-12-01,11,10,Family
ATT202412009212,STU009212,SCH046,2024-12-01,12,11,Family
ATT202412009213,STU009213,SCH012,2024-12-01,14,13,Other
ATT202412009214,STU009214,SCH035,2024-12-01,12,11,Unauthorised
ATT202412009215,STU009215,SCH007,2024-12-01,11,10,Illness
ATT202412009216,STU009216,SCH046,2024-12-01,10,9,Other
ATT202412009217,STU009217,SCH044,2024-12-01,10,9,Family
ATT202412009218,STU009218,SCH043,2024-12-01,11,10,Family
ATT202412009219,STU009219,SCH050,2024-12-01,13,12,Illness
ATT202412009220,STU009220,SCH008,2024-12-01,14,13,Medical
ATT202412009221,STU009221,SCH050,2024-12-01,11,9,Illness
ATT202412009222,STU009222,SCH048,2024-12-01,13,11,Other
ATT202412009223,STU009223,SCH034,2024-12-01,15,13,Other
ATT202412009224,STU009224,SCH032,2024-12-01,15,14,Unauthorised
ATT202412009225,STU009225,SCH028,2024-12-01,12,11,Illness
ATT202412009226,STU009226,SCH017,2024-12-01,11,10,Unauthorised
ATT202412009227,STU009227,SCH043,2024-12-01,15,14,Unauthorised
ATT202412009228,STU009228,SCH036,2024-12-01,11,10,Medical
ATT202412009229,STU009229,SCH044,2024-12-01,15,14,Medical
ATT202412009230,STU009230,SCH036,2024-12-01,14,13,Family
ATT202412009231,STU009231,SCH027,2024-12-01,11,10,Illness
ATT202412009233,STU009233,SCH038,2024-12-01,15,13,Family
ATT202412009234,STU009234,SCH008,2024-12-01,14,13,Medical
ATT202412009235,STU009235,SCH035,2024-12-01,12,11,Illness
ATT202412009236,STU009236,SCH031,2024-12-01,15,13,Other
ATT202412009237,STU009237,SCH040,2024-12-01,15,15,
ATT202412009238,STU009238,SCH009,2024-12-01,14,11,Medical
ATT202412009239,STU009239,SCH028,2024-12-01,10,9,Unauthorised
ATT202412009240,STU009240,SCH001,2024-12-01,11,9,Family
ATT202412009241,STU009241,SCH047,2024-12-01,13,11,Other
ATT202412009242,STU009242,SCH026,2024-12-01,10,9,Unauthorised
ATT202412009243,STU009243,SCH026,2024-12-01,14,14,
ATT202412009244,STU009244,SCH050,2024-12-01,11,10,Unauthorised
ATT202412009245,STU009245,SCH039,2024-12-01,12,11,Family
ATT202412009246,STU009246,SCH043,2024-12-01,14,13,Unauthorised
ATT202412009247,STU009247,SCH016,2024-12-01,10,9,Illness
ATT202412009248,STU009248,SCH033,2024-12-01,11,9,Unauthorised
ATT202412009249,STU009249,SCH019,2024-12-01,14,13,Illness
ATT202412009250,STU009250,SCH018,2024-12-01,12,12,
ATT202412009251,STU009251,SCH037,2024-12-01,11,10,Unauthorised
ATT202412009252,STU009252,SCH008,2024-12-01,11,10,Medical
ATT202412009253,STU009253,SCH012,2024-12-01,14,13,Unauthorised
ATT202412009254,STU009254,SCH012,2024-12-01,14,14,
ATT202412009255,STU009255,SCH018,2024-12-01,14,13,Other
ATT202412009256,STU009256,SCH031,2024-12-01,14,13,Illness
ATT202412009257,STU009257,SCH039,2024-12-01,13,13,
ATT202412009258,STU009258,SCH034,2024-12-01,11,9,Other
ATT202412009259,STU009259,SCH038,2024-12-01,13,12,Family
ATT202412009260,STU009260,SCH048,2024-12-01,10,9,Medical
ATT202412009261,STU009261,SCH039,2024-12-01,12,11,Medical
ATT202412009262,STU009262,SCH033,2024-12-01,14,13,Medical
ATT202412009263,STU009263,SCH028,2024-12-01,15,14,Family
ATT202412009264,STU009264,SCH037,2024-12-01,11,10,Illness
ATT202412009265,STU009265,SCH036,2024-12-01,10,9,Other
ATT202412009266,STU009266,SCH023,2024-12-01,13,11,Illness
ATT202412009267,STU009267,SCH007,2024-12-01,10,9,Unauthorised
ATT202412009268,STU009268,SCH006,2024-12-01,11,11,
ATT202412009269,STU009269,SCH049,2024-12-01,10,9,Illness
ATT202412009270,STU009270,SCH005,2024-12-01,11,10,Family
ATT202412009271,STU009271,SCH007,2024-12-01,11,10,Illness
ATT202412009272,STU009272,SCH006,2024-12-01,11,11,
ATT202412009273,STU009273,SCH025,2024-12-01,10,9,Illness
ATT202412009274,STU009274,SCH033,2024-12-01,11,10,Family
ATT202412009275,STU009275,SCH003,2024-12-01,15,14,Unauthorised
ATT202412009276,STU009276,SCH033,2024-12-01,12,11,Family
ATT202412009277,STU009277,SCH025,2024-12-01,14,13,Illness
ATT202412009278,STU009278,SCH042,2024-12-01,14,14,
ATT202412009279,STU009279,SCH021,2024-12-01,14,12,Illness
ATT202412009280,STU009280,SCH023,2024-12-01,15,13,Medical
ATT202412009281,STU009281,SCH045,2024-12-01,10,9,Other
ATT202412009282,STU009282,SCH021,2024-12-01,11,10,Other
ATT202412009283,STU009283,SCH012,2024-12-01,15,13,Medical
ATT202412009284,STU009284,SCH049,2024-12-01,10,8,Other
ATT202412009285,STU009285,SCH014,2024-12-01,12,10,Medical
ATT202412009286,STU009286,SCH005,2024-12-01,14,13,Unauthorised
ATT202412009287,STU009287,SCH022,2024-12-01,12,11,Illness
ATT202412009288,STU009288,SCH025,2024-12-01,11,10,Family
ATT202412009289,STU009289,SCH045,2024-12-01,12,11,Unauthorised
ATT202412009290,STU009290,SCH024,2024-12-01,14,13,Family
ATT202412009291,STU009291,SCH033,2024-12-01,15,13,Family
ATT202412009292,STU009292,SCH009,2024-12-01,14,12,Illness
ATT202412009293,STU009293,SCH031,2024-12-01,11,10,Unauthorised
ATT202412009294,STU009294,SCH018,2024-12-01,11,10,Other
ATT202412009295,STU009295,SCH019,2024-12-01,12,11,Family
ATT202412009296,STU009296,SCH022,2024-12-01,12,11,Medical
ATT202412009297,STU009297,SCH017,2024-12-01,12,11,Illness
ATT202412009298,STU009298,SCH040,2024-12-01,14,13,Other
ATT202412009299,STU009299,SCH041,2024-12-01,14,13,Other
ATT202412009300,STU009300,SCH010,2024-12-01,13,13,
ATT202412009301,STU009301,SCH004,2024-12-01,11,10,Illness
ATT202412009302,STU009302,SCH025,2024-12-01,14,13,Family
ATT202412009303,STU009303,SCH002,2024-12-01,15,13,Unauthorised
ATT202412009304,STU009304,SCH001,2024-12-01,11,9,Unauthorised
ATT202412009305,STU009305,SCH043,2024-12-01,10,9,Unauthorised
ATT202412009306,STU009306,SCH004,2024-12-01,11,11,
ATT202412009307,STU009307,SCH040,2024-12-01,10,9,Family
ATT202412009308,STU009308,SCH041,2024-12-01,15,14,Unauthorised
ATT202412009310,STU009310,SCH016,2024-12-01,11,10,Medical
ATT202412009311,STU009311,SCH004,2024-12-01,14,12,Unauthorised
ATT202412009312,STU009312,SCH028,2024-12-01,15,14,Other
ATT202412009313,STU009313,SCH044,2024-12-01,11,10,Unauthorised
ATT202412009314,STU009314,SCH014,2024-12-01,11,10,Medical
ATT202412009315,STU009315,SCH017,2024-12-01,14,12,Other
ATT202412009316,STU009316,SCH025,2024-12-01,15,14,Family
ATT202412009317,STU009317,SCH022,2024-12-01,11,10,Illness
ATT202412009318,STU009318,SCH037,2024-12-01,15,14,Illness
ATT202412009319,STU009319,SCH035,2024-12-01,13,12,Illness
ATT202412009320,STU009320,SCH017,2024-12-01,13,11,Other
ATT202412009321,STU009321,SCH007,2024-12-01,14,13,Family
ATT202412009322,STU009322,SCH009,2024-12-01,12,10,Other
ATT202412009323,STU009323,SCH015,2024-12-01,11,10,Unauthorised
ATT202412009324,STU009324,SCH015,2024-12-01,12,11,Family
ATT202412009325,STU009325,SCH013,2024-12-01,13,12,Medical
ATT202412009326,STU009326,SCH023,2024-12-01,13,12,Unauthorised
ATT202412009327,STU009327,SCH043,2024-12-01,13,12,Illness
ATT202412009328,STU009328,SCH021,2024-12-01,13,12,Illness
ATT202412009329,STU009329,SCH009,2024-12-01,13,11,Unauthorised
ATT202412009330,STU009330,SCH002,2024-12-01,13,11,Unauthorised
ATT202412009331,STU009331,SCH008,2024-12-01,15,14,Unauthorised
ATT202412009332,STU009332,SCH001,2024-12-01,13,11,Illness
ATT202412009333,STU009333,SCH025,2024-12-01,12,11,Illness
ATT202412009334,STU009334,SCH003,2024-12-01,12,12,
ATT202412009335,STU009335,SCH018,2024-12-01,15,14,Family
ATT202412009336,STU009336,SCH033,2024-12-01,11,10,Medical
ATT202412009337,STU009337,SCH022,2024-12-01,14,12,Illness
ATT202412009338,STU009338,SCH021,2024-12-01,15,14,Medical
ATT202412009339,STU009339,SCH041,2024-12-01,11,10,Family
ATT202412009340,STU009340,SCH045,2024-12-01,13,12,Unauthorised
ATT202412009341,STU009341,SCH046,2024-12-01,11,10,Illness
ATT202412009342,STU009342,SCH024,2024-12-01,14,11,Unauthorised
ATT202412009343,STU009343,SCH040,2024-12-01,13,12,Family
ATT202412009344,STU009344,SCH047,2024-12-01,14,13,Unauthorised
ATT202412009345,STU009345,SCH034,2024-12-01,11,9,Family
ATT202412009346,STU009346,SCH043,2024-12-01,15,13,Other
ATT202412009347,STU009347,SCH019,2024-12-01,15,15,
ATT202412009348,STU009348,SCH006,2024-12-01,11,10,Family
ATT202412009349,STU009349,SCH041,2024-12-01,10,10,
ATT202412009350,STU009350,SCH017,2024-12-01,14,14,
ATT202412009351,STU009351,SCH050,2024-12-01,15,15,
ATT202412009352,STU009352,SCH002,2024-12-01,10,9,Unauthorised
ATT202412009353,STU009353,SCH040,2024-12-01,15,14,Family
ATT202412009354,STU009354,SCH025,2024-12-01,13,11,Unauthorised
ATT202412009355,STU009355,SCH007,2024-12-01,15,14,Unauthorised
ATT202412009356,STU009356,SCH034,2024-12-01,10,9,Unauthorised
ATT202412009357,STU009357,SCH016,2024-12-01,13,12,Illness
ATT202412009358,STU009358,SCH001,2024-12-01,11,11,
ATT202412009359,STU009359,SCH029,2024-12-01,10,9,Other
ATT202412009360,STU009360,SCH003,2024-12-01,14,12,Other
ATT202412009361,STU009361,SCH018,2024-12-01,13,12,Other
ATT202412009362,STU009362,SCH038,2024-12-01,15,14,Family
ATT202412009363,STU009363,SCH012,2024-12-01,12,11,Unauthorised
ATT202412009364,STU009364,SCH002,2024-12-01,14,13,Medical
ATT202412009365,STU009365,SCH027,2024-12-01,15,13,Unauthorised
ATT202412009366,STU009366,SCH004,2024-12-01,10,9,Illness
ATT202412009367,STU009367,SCH038,2024-12-01,12,11,Illness
ATT202412009368,STU009368,SCH045,2024-12-01,12,11,Medical
ATT202412009369,STU009369,SCH044,2024-12-01,12,11,Illness
ATT202412009370,STU009370,SCH005,2024-12-01,10,9,Illness
ATT202412009371,STU009371,SCH040,2024-12-01,10,9,Other
ATT202412009372,STU009372,SCH021,2024-12-01,10,9,Other
ATT202412009373,STU009373,SCH022,2024-12-01,15,12,Illness
ATT202412009374,STU009374,SCH020,2024-12-01,10,9,Illness
ATT202412009375,STU009375,SCH017,2024-12-01,15,12,Other
ATT202412009376,STU009376,SCH018,2024-12-01,10,9,Family
ATT202412009377,STU009377,SCH033,2024-12-01,13,12,Unauthorised
ATT202412009378,STU009378,SCH046,2024-12-01,13,12,Illness
ATT202412009379,STU009379,SCH044,2024-12-01,10,9,Family
ATT202412009380,STU009380,SCH007,2024-12-01,12,11,Family
ATT202412009381,STU009381,SCH021,2024-12-01,14,13,Illness
ATT202412009382,STU009382,SCH018,2024-12-01,13,12,Medical
ATT202412009383,STU009383,SCH036,2024-12-01,13,12,Illness
ATT202412009384,STU009384,SCH030,2024-12-01,12,12,
ATT202412009385,STU009385,SCH038,2024-12-01,10,9,Illness
ATT202412009386,STU009386,SCH007,2024-12-01,12,11,Unauthorised
ATT202412009387,STU009387,SCH015,2024-12-01,12,11,Medical
ATT202412009388,STU009388,SCH031,2024-12-01,13,12,Illness
ATT202412009389,STU009389,SCH047,2024-12-01,15,15,
ATT202412009390,STU009390,SCH025,2024-12-01,13,12,Other
ATT202412009391,STU009391,SCH012,2024-12-01,13,13,
ATT202412009392,STU009392,SCH014,2024-12-01,15,14,Illness
ATT202412009393,STU009393,SCH041,2024-12-01,14,12,Family
ATT202412009394,STU009394,SCH023,2024-12-01,10,9,Medical
ATT202412009395,STU009395,SCH011,2024-12-01,13,13,
ATT202412009396,STU009396,SCH049,2024-12-01,14,12,Illness
ATT202412009397,STU009397,SCH001,2024-12-01,13,11,Medical
ATT202412009398,STU009398,SCH045,2024-12-01,12,11,Unauthorised
ATT202412009399,STU009399,SCH003,2024-12-01,11,10,Other
ATT202412009400,STU009400,SCH046,2024-12-01,10,9,Medical
ATT202412009401,STU009401,SCH005,2024-12-01,14,13,Family
ATT202412009402,STU009402,SCH023,2024-12-01,12,12,
ATT202412009403,STU009403,SCH010,2024-12-01,15,15,
ATT202412009404,STU009404,SCH031,2024-12-01,10,9,Other
ATT202412009405,STU009405,SCH045,2024-12-01,13,12,Medical
ATT202412009406,STU009406,SCH036,2024-12-01,15,14,Family
ATT202412009407,STU009407,SCH008,2024-12-01,11,10,Family
ATT202412009408,STU009408,SCH018,2024-12-01,10,9,Medical
ATT202412009409,STU009409,SCH016,2024-12-01,10,9,Illness
ATT202412009410,STU009410,SCH028,2024-12-01,14,12,Unauthorised
ATT202412009411,STU009411,SCH041,2024-12-01,11,10,Unauthorised
ATT202412009412,STU009412,SCH036,2024-12-01,11,10,Family
ATT202412009413,STU009413,SCH026,2024-12-01,12,10,Illness
ATT202412009414,STU009414,SCH048,2024-12-01,14,14,
ATT202412009415,STU009415,SCH035,2024-12-01,10,9,Medical
ATT202412009416,STU009416,SCH016,2024-12-01,12,11,Family
ATT202412009417,STU009417,SCH029,2024-12-01,10,9,Family
ATT202412009418,STU009418,SCH021,2024-12-01,11,10,Medical
ATT202412009419,STU009419,SCH041,2024-12-01,12,11,Other
ATT202412009420,STU009420,SCH028,2024-12-01,15,14,Family
ATT202412009421,STU009421,SCH011,2024-12-01,14,13,Illness
ATT202412009422,STU009422,SCH047,2024-12-01,10,9,Illness
ATT202412009423,STU009423,SCH007,2024-12-01,11,11,
ATT202412009424,STU009424,SCH017,2024-12-01,13,10,Other
ATT202412009425,STU009425,SCH023,2024-12-01,14,13,Medical
ATT202412009426,STU009426,SCH018,2024-12-01,14,13,Other
ATT202412009427,STU009427,SCH027,2024-12-01,10,9,Unauthorised
ATT202412009428,STU009428,SCH049,2024-12-01,13,9,Other
ATT202412009429,STU009429,SCH022,2024-12-01,12,11,Other
ATT202412009430,STU009430,SCH001,2024-12-01,11,9,Other
ATT202412009431,STU009431,SCH046,2024-12-01,11,10,Illness
ATT202412009432,STU009432,SCH010,2024-12-01,14,11,Family
ATT202412009433,STU009433,SCH041,2024-12-01,10,9,Unauthorised
ATT202412009434,STU009434,SCH040,2024-12-01,13,12,Illness
ATT202412009435,STU009435,SCH005,2024-12-01,14,13,Unauthorised
ATT202412009436,STU009436,SCH028,2024-12-01,12,12,
ATT202412009437,STU009437,SCH006,2024-12-01,11,10,Medical
ATT202412009438,STU009438,SCH024,2024-12-01,14,12,Unauthorised
ATT202412009439,STU009439,SCH027,2024-12-01,12,11,Family
ATT202412009440,STU009440,SCH015,2024-12-01,11,10,Medical
ATT202412009441,STU009441,SCH001,2024-12-01,13,11,Family
ATT202412009442,STU009442,SCH034,2024-12-01,13,11,Illness
ATT202412009443,STU009443,SCH020,2024-12-01,11,10,Family
ATT202412009444,STU009444,SCH015,2024-12-01,12,12,
ATT202412009445,STU009445,SCH049,2024-12-01,11,10,Illness
ATT202412009446,STU009446,SCH036,2024-12-01,10,9,Family
ATT202412009447,STU009447,SCH027,2024-12-01,14,13,Other
ATT202412009448,STU009448,SCH021,2024-12-01,12,10,Other
ATT202412009449,STU009449,SCH003,2024-12-01,11,10,Other
ATT202412009450,STU009450,SCH017,2024-12-01,11,10,Other
ATT202412009451,STU009451,SCH032,2024-12-01,12,11,Unauthorised
ATT202412009452,STU009452,SCH021,2024-12-01,10,8,Medical
ATT202412009453,STU009453,SCH027,2024-12-01,14,12,Illness
ATT202412009454,STU009454,SCH012,2024-12-01,12,11,Other
ATT202412009455,STU009455,SCH021,2024-12-01,13,12,Family
ATT202412009456,STU009456,SCH020,2024-12-01,13,12,Illness
ATT202412009457,STU009457,SCH017,2024-12-01,15,13,Other
ATT202412009458,STU009458,SCH002,2024-12-01,13,12,Illness
ATT202412009459,STU009459,SCH035,2024-12-01,13,12,Family
ATT202412009460,STU009460,SCH012,2024-12-01,12,12,
ATT202412009461,STU009461,SCH028,2024-12-01,14,14,
ATT202412009462,STU009462,SCH036,2024-12-01,13,13,
ATT202412009463,STU009463,SCH011,2024-12-01,11,10,Medical
ATT202412009464,STU009464,SCH037,2024-12-01,14,13,Medical
ATT202412009465,STU009465,SCH022,2024-12-01,11,11,
ATT202412009466,STU009466,SCH012,2024-12-01,10,9,Illness
ATT202412009467,STU009467,SCH024,2024-12-01,10,9,Illness
ATT202412009468,STU009468,SCH048,2024-12-01,15,14,Unauthorised
ATT202412009469,STU009469,SCH020,2024-12-01,13,12,Illness
ATT202412009470,STU009470,SCH030,2024-12-01,11,10,Other
ATT202412009471,STU009471,SCH038,2024-12-01,10,9,Illness
ATT202412009472,STU009472,SCH037,2024-12-01,11,10,Illness
ATT202412009473,STU009473,SCH016,2024-12-01,15,13,Medical
ATT202412009474,STU009474,SCH043,2024-12-01,14,12,Illness
ATT202412009475,STU009475,SCH036,2024-12-01,10,9,Medical
ATT202412009476,STU009476,SCH024,2024-12-01,14,12,Unauthorised
ATT202412009477,STU009477,SCH042,2024-12-01,10,9,Medical
ATT202412009478,STU009478,SCH049,2024-12-01,12,10,Medical
ATT202412009479,STU009479,SCH045,2024-12-01,10,9,Illness
ATT202412009480,STU009480,SCH009,2024-12-01,12,11,Family
ATT202412009481,STU009481,SCH023,2024-12-01,10,8,Medical
ATT202412009482,STU009482,SCH006,2024-12-01,14,13,Unauthorised
ATT202412009483,STU009483,SCH027,2024-12-01,10,9,Unauthorised
ATT202412009484,STU009484,SCH028,2024-12-01,13,12,Family
ATT202412009485,STU009485,SCH027,2024-12-01,11,10,Other
ATT202412009486,STU009486,SCH031,2024-12-01,15,14,Medical
ATT202412009487,STU009487,SCH049,2024-12-01,14,14,
ATT202412009488,STU009488,SCH032,2024-12-01,11,10,Illness
ATT202412009489,STU009489,SCH035,2024-12-01,13,12,Medical
ATT202412009490,STU009490,SCH023,2024-12-01,13,12,Family
ATT202412009491,STU009491,SCH010,2024-12-01,11,10,Medical
ATT202412009492,STU009492,SCH039,2024-12-01,14,13,Medical
ATT202412009493,STU009493,SCH022,2024-12-01,10,9,Unauthorised
ATT202412009494,STU009494,SCH011,2024-12-01,12,10,Medical
ATT202412009495,STU009495,SCH034,2024-12-01,11,11,
ATT202412009496,STU009496,SCH001,2024-12-01,14,13,Medical
ATT202412009497,STU009497,SCH036,2024-12-01,12,12,
ATT202412009498,STU009498,SCH048,2024-12-01,11,10,Illness
ATT202412009499,STU009499,SCH002,2024-12-01,11,9,Illness
ATT202412009500,STU009500,SCH008,2024-12-01,12,11,Unauthorised
ATT202412009501,STU009501,SCH025,2024-12-01,12,11,Illness
ATT202412009502,STU009502,SCH014,2024-12-01,14,12,Illness
ATT202412009503,STU009503,SCH014,2024-12-01,11,10,Unauthorised
ATT202412009504,STU009504,SCH010,2024-12-01,15,13,Medical
ATT202412009505,STU009505,SCH004,2024-12-01,10,9,Medical
ATT202412009506,STU009506,SCH004,2024-12-01,12,11,Illness
ATT202412009507,STU009507,SCH013,2024-12-01,14,13,Family
ATT202412009508,STU009508,SCH026,2024-12-01,11,10,Other
ATT202412009509,STU009509,SCH031,2024-12-01,15,14,Family
ATT202412009510,STU009510,SCH026,2024-12-01,13,12,Family
ATT202412009511,STU009511,SCH037,2024-12-01,13,13,
ATT202412009512,STU009512,SCH036,2024-12-01,11,10,Medical
ATT202412009513,STU009513,SCH027,2024-12-01,12,11,Medical
ATT202412009514,STU009514,SCH004,2024-12-01,11,10,Medical
ATT202412009515,STU009515,SCH031,2024-12-01,13,12,Medical
ATT202412009516,STU009516,SCH040,2024-12-01,14,13,Illness
ATT202412009517,STU009517,SCH028,2024-12-01,12,11,Other
ATT202412009518,STU009518,SCH031,2024-12-01,15,12,Illness
ATT202412009519,STU009519,SCH041,2024-12-01,11,10,Other
ATT202412009520,STU009520,SCH038,2024-12-01,15,14,Medical
ATT202412009521,STU009521,SCH002,2024-12-01,13,11,Unauthorised
ATT202412009522,STU009522,SCH049,2024-12-01,15,13,Unauthorised
ATT202412009523,STU009523,SCH009,2024-12-01,11,9,Other
ATT202412009524,STU009524,SCH022,2024-12-01,14,12,Other
ATT202412009525,STU009525,SCH037,2024-12-01,10,9,Medical
ATT202412009526,STU009526,SCH039,2024-12-01,14,14,
ATT202412009527,STU009527,SCH016,2024-12-01,12,11,Unauthorised
ATT202412009528,STU009528,SCH018,2024-12-01,13,12,Unauthorised
ATT202412009529,STU009529,SCH001,2024-12-01,14,11,Other
ATT202412009530,STU009530,SCH027,2024-12-01,10,9,Illness
ATT202412009531,STU009531,SCH015,2024-12-01,10,10,
ATT202412009532,STU009532,SCH016,2024-12-01,13,12,Other
ATT202412009533,STU009533,SCH012,2024-12-01,14,12,Illness
ATT202412009534,STU009534,SCH027,2024-12-01,11,10,Illness
ATT202412009535,STU009535,SCH022,2024-12-01,14,12,Medical
ATT202412009536,STU009536,SCH042,2024-12-01,15,13,Medical
ATT202412009537,STU009537,SCH009,2024-12-01,15,13,Illness
ATT202412009538,STU009538,SCH036,2024-12-01,11,11,
ATT202412009539,STU009539,SCH002,2024-12-01,10,9,Medical
ATT202412009540,STU009540,SCH003,2024-12-01,10,9,Unauthorised
ATT202412009541,STU009541,SCH036,2024-12-01,11,11,
ATT202412009542,STU009542,SCH027,2024-12-01,13,12,Unauthorised
ATT202412009543,STU009543,SCH016,2024-12-01,15,14,Family
ATT202412009544,STU009544,SCH008,2024-12-01,11,10,Family
ATT202412009545,STU009545,SCH002,2024-12-01,11,10,Family
ATT202412009546,STU009546,SCH019,2024-12-01,11,10,Illness
ATT202412009547,STU009547,SCH038,2024-12-01,12,11,Unauthorised
ATT202412009548,STU009548,SCH014,2024-12-01,15,13,Family
ATT202412009549,STU009549,SCH011,2024-12-01,13,12,Other
ATT202412009550,STU009550,SCH009,2024-12-01,15,14,Family
ATT202412009551,STU009551,SCH039,2024-12-01,11,10,Medical
ATT202412009552,STU009552,SCH021,2024-12-01,12,11,Family
ATT202412009553,STU009553,SCH018,2024-12-01,11,11,
ATT202412009554,STU009554,SCH031,2024-12-01,14,13,Illness
ATT202412009555,STU009555,SCH034,2024-12-01,10,9,Illness
ATT202412009556,STU009556,SCH019,2024-12-01,12,12,
ATT202412009557,STU009557,SCH024,2024-12-01,13,11,Unauthorised
ATT202412009558,STU009558,SCH001,2024-12-01,13,13,
ATT202412009559,STU009559,SCH048,2024-12-01,10,10,
ATT202412009560,STU009560,SCH019,2024-12-01,13,12,Family
ATT202412009561,STU009561,SCH007,2024-12-01,10,9,Medical
ATT202412009562,STU009562,SCH009,2024-12-01,14,13,Family
ATT202412009563,STU009563,SCH023,2024-12-01,11,10,Illness
ATT202412009564,STU009564,SCH003,2024-12-01,12,11,Other
ATT202412009565,STU009565,SCH006,2024-12-01,10,10,
ATT202412009566,STU009566,SCH009,2024-12-01,13,11,Illness
ATT202412009567,STU009567,SCH036,2024-12-01,10,9,Illness
ATT202412009568,STU009568,SCH027,2024-12-01,14,13,Medical
ATT202412009569,STU009569,SCH013,2024-12-01,10,9,Illness
ATT202412009570,STU009570,SCH016,2024-12-01,13,12,Medical
ATT202412009571,STU009571,SCH014,2024-12-01,14,13,Other
ATT202412009572,STU009572,SCH028,2024-12-01,14,13,Illness
ATT202412009573,STU009573,SCH025,2024-12-01,15,14,Family
ATT202412009574,STU009574,SCH049,2024-12-01,12,9,Medical
ATT202412009575,STU009575,SCH016,2024-12-01,15,13,Illness
ATT202412009576,STU009576,SCH008,2024-12-01,15,13,Unauthorised
ATT202412009577,STU009577,SCH005,2024-12-01,10,9,Unauthorised
ATT202412009578,STU009578,SCH011,2024-12-01,15,13,Family
ATT202412009579,STU009579,SCH032,2024-12-01,14,13,Illness
ATT202412009580,STU009580,SCH001,2024-12-01,12,10,Medical
ATT202412009581,STU009581,SCH009,2024-12-01,14,14,
ATT202412009582,STU009582,SCH013,2024-12-01,11,10,Medical
ATT202412009583,STU009583,SCH005,2024-12-01,13,11,Other
ATT202412009584,STU009584,SCH022,2024-12-01,15,13,Other
ATT202412009585,STU009585,SCH023,2024-12-01,11,9,Unauthorised
ATT202412009586,STU009586,SCH025,2024-12-01,10,9,Other
ATT202412009587,STU009587,SCH028,2024-12-01,14,13,Medical
ATT202412009588,STU009588,SCH017,2024-12-01,12,11,Unauthorised
ATT202412009589,STU009589,SCH026,2024-12-01,14,13,Medical
ATT202412009590,STU009590,SCH011,2024-12-01,15,13,Illness
ATT202412009591,STU009591,SCH001,2024-12-01,11,9,Unauthorised
ATT202412009592,STU009592,SCH025,2024-12-01,14,14,
ATT202412009593,STU009593,SCH028,2024-12-01,12,11,Medical
ATT202412009594,STU009594,SCH033,2024-12-01,10,8,Unauthorised
ATT202412009595,STU009595,SCH018,2024-12-01,12,11,Other
ATT202412009596,STU009596,SCH017,2024-12-01,10,9,Illness
ATT202412009597,STU009597,SCH025,2024-12-01,15,14,Family
ATT202412009598,STU009598,SCH002,2024-12-01,10,8,Medical
ATT202412009599,STU009599,SCH017,2024-12-01,10,8,Illness
ATT202412009600,STU009600,SCH045,2024-12-01,14,13,Other
ATT202412009601,STU009601,SCH002,2024-12-01,11,10,Family
ATT202412009602,STU009602,SCH046,2024-12-01,14,14,
ATT202412009603,STU009603,SCH026,2024-12-01,15,14,Medical
ATT202412009604,STU009604,SCH009,2024-12-01,11,11,
ATT202412009605,STU009605,SCH003,2024-12-01,11,10,Other
ATT202412009606,STU009606,SCH016,2024-12-01,15,14,Medical
ATT202412009607,STU009607,SCH048,2024-12-01,15,14,Family
ATT202412009608,STU009608,SCH003,2024-12-01,11,11,
ATT202412009609,STU009609,SCH040,2024-12-01,12,11,Family
ATT202412009610,STU009610,SCH031,2024-12-01,13,12,Family
ATT202412009611,STU009611,SCH048,2024-12-01,14,12,Other
ATT202412009612,STU009612,SCH043,2024-12-01,11,10,Medical
ATT202412009613,STU009613,SCH019,2024-12-01,12,12,
ATT202412009614,STU009614,SCH011,2024-12-01,15,14,Unauthorised
ATT202412009615,STU009615,SCH012,2024-12-01,14,14,
ATT202412009616,STU009616,SCH048,2024-12-01,11,10,Medical
ATT202412009617,STU009617,SCH003,2024-12-01,11,11,
ATT202412009618,STU009618,SCH037,2024-12-01,13,12,Other
ATT202412009619,STU009619,SCH017,2024-12-01,14,14,
ATT202412009620,STU009620,SCH005,2024-12-01,12,11,Family
ATT202412009621,STU009621,SCH028,2024-12-01,14,14,
ATT202412009622,STU009622,SCH002,2024-12-01,10,7,Family
ATT202412009623,STU009623,SCH044,2024-12-01,13,11,Illness
ATT202412009624,STU009624,SCH041,2024-12-01,15,14,Other
ATT202412009625,STU009625,SCH006,2024-12-01,11,10,Illness
ATT202412009626,STU009626,SCH028,2024-12-01,10,10,
ATT202412009627,STU009627,SCH007,2024-12-01,13,12,Unauthorised
ATT202412009628,STU009628,SCH042,2024-12-01,15,13,Other
ATT202412009629,STU009629,SCH026,2024-12-01,13,12,Medical
ATT202412009630,STU009630,SCH014,2024-12-01,14,13,Medical
ATT202412009631,STU009631,SCH027,2024-12-01,12,10,Illness
ATT202412009632,STU009632,SCH031,2024-12-01,14,13,Family
ATT202412009633,STU009633,SCH006,2024-12-01,11,10,Medical
ATT202412009634,STU009634,SCH020,2024-12-01,12,10,Medical
ATT202412009635,STU009635,SCH032,2024-12-01,10,9,Family
ATT202412009636,STU009636,SCH010,2024-12-01,12,11,Medical
ATT202412009637,STU009637,SCH019,2024-12-01,13,12,Family
ATT202412009638,STU009638,SCH037,2024-12-01,15,13,Other
ATT202412009639,STU009639,SCH011,2024-12-01,13,12,Family
ATT202412009640,STU009640,SCH023,2024-12-01,11,10,Medical
ATT202412009641,STU009641,SCH030,2024-12-01,12,11,Other
ATT202412009642,STU009642,SCH047,2024-12-01,11,10,Unauthorised
ATT202412009643,STU009643,SCH046,2024-12-01,10,9,Medical
ATT202412009644,STU009644,SCH013,2024-12-01,11,10,Family
ATT202412009645,STU009645,SCH038,2024-12-01,15,13,Family
ATT202412009646,STU009646,SCH034,2024-12-01,13,12,Other
ATT202412009648,STU009648,SCH036,2024-12-01,11,10,Other
ATT202412009649,STU009649,SCH002,2024-12-01,11,10,Medical
ATT202412009650,STU009650,SCH039,2024-12-01,12,11,Medical
ATT202412009651,STU009651,SCH035,2024-12-01,14,13,Unauthorised
ATT202412009652,STU009652,SCH050,2024-12-01,12,11,Unauthorised
ATT202412009653,STU009653,SCH047,2024-12-01,13,12,Other
ATT202412009654,STU009654,SCH031,2024-12-01,11,10,Family
ATT202412009655,STU009655,SCH049,2024-12-01,13,11,Medical
ATT202412009656,STU009656,SCH034,2024-12-01,11,9,Illness
ATT202412009657,STU009657,SCH028,2024-12-01,12,10,Illness
ATT202412009658,STU009658,SCH010,2024-12-01,15,13,Medical
ATT202412009659,STU009659,SCH023,2024-12-01,14,13,Medical
ATT202412009660,STU009660,SCH009,2024-12-01,11,10,Family
ATT202412009661,STU009661,SCH017,2024-12-01,10,9,Family
ATT202412009662,STU009662,SCH029,2024-12-01,14,13,Other
ATT202412009663,STU009663,SCH009,2024-12-01,10,9,Unauthorised
ATT202412009664,STU009664,SCH008,2024-12-01,13,12,Medical
ATT202412009665,STU009665,SCH005,2024-12-01,10,9,Other
ATT202412009666,STU009666,SCH027,2024-12-01,15,13,Family
ATT202412009667,STU009667,SCH004,2024-12-01,10,9,Unauthorised
ATT202412009668,STU009668,SCH036,2024-12-01,12,11,Illness
ATT202412009669,STU009669,SCH011,2024-12-01,13,12,Family
ATT202412009670,STU009670,SCH019,2024-12-01,15,14,Medical
ATT202412009671,STU009671,SCH021,2024-12-01,13,11,Family
ATT202412009672,STU009672,SCH048,2024-12-01,12,11,Family
ATT202412009673,STU009673,SCH017,2024-12-01,10,9,Family
ATT202412009674,STU009674,SCH044,2024-12-01,11,9,Family
ATT202412009675,STU009675,SCH012,2024-12-01,15,14,Illness
ATT202412009676,STU009676,SCH024,2024-12-01,13,12,Family
ATT202412009677,STU009677,SCH032,2024-12-01,13,12,Family
ATT202412009678,STU009678,SCH012,2024-12-01,13,12,Family
ATT202412009679,STU009679,SCH041,2024-12-01,14,12,Illness
ATT202412009680,STU009680,SCH005,2024-12-01,13,12,Other
ATT202412009681,STU009681,SCH046,2024-12-01,14,12,Other
ATT202412009682,STU009682,SCH022,2024-12-01,14,12,Family
ATT202412009683,STU009683,SCH024,2024-12-01,10,9,Other
ATT202412009684,STU009684,SCH032,2024-12-01,10,8,Other
ATT202412009685,STU009685,SCH050,2024-12-01,10,9,Medical
ATT202412009686,STU009686,SCH043,2024-12-01,15,13,Other
ATT202412009687,STU009687,SCH028,2024-12-01,10,10,
ATT202412009688,STU009688,SCH001,2024-12-01,14,13,Other
ATT202412009689,STU009689,SCH014,2024-12-01,10,9,Illness
ATT202412009690,STU009690,SCH046,2024-12-01,14,13,Unauthorised
ATT202412009691,STU009691,SCH041,2024-12-01,14,13,Medical
ATT202412009692,STU009692,SCH040,2024-12-01,12,11,Medical
ATT202412009693,STU009693,SCH007,2024-12-01,13,13,
ATT202412009694,STU009694,SCH025,2024-12-01,14,13,Illness
ATT202412009695,STU009695,SCH050,2024-12-01,11,10,Medical
ATT202412009696,STU009696,SCH028,2024-12-01,11,10,Other
ATT202412009697,STU009697,SCH048,2024-12-01,14,13,Family
ATT202412009698,STU009698,SCH046,2024-12-01,10,9,Other
ATT202412009699,STU009699,SCH004,2024-12-01,13,12,Illness
ATT202412009700,STU009700,SCH009,2024-12-01,15,14,Other
ATT202412009701,STU009701,SCH018,2024-12-01,14,13,Family
ATT202412009702,STU009702,SCH012,2024-12-01,10,9,Illness
ATT202412009703,STU009703,SCH040,2024-12-01,14,13,Unauthorised
ATT202412009704,STU009704,SCH044,2024-12-01,12,11,Other
ATT202412009705,STU009705,SCH046,2024-12-01,13,12,Unauthorised
ATT202412009706,STU009706,SCH013,2024-12-01,14,13,Unauthorised
ATT202412009707,STU009707,SCH035,2024-12-01,13,12,Other
ATT202412009708,STU009708,SCH012,2024-12-01,10,9,Family
ATT202412009709,STU009709,SCH006,2024-12-01,12,11,Illness
ATT202412009710,STU009710,SCH027,2024-12-01,11,9,Other
ATT202412009711,STU009711,SCH003,2024-12-01,13,12,Other
ATT202412009712,STU009712,SCH047,2024-12-01,13,11,Illness
ATT202412009713,STU009713,SCH024,2024-12-01,10,10,
ATT202412009714,STU009714,SCH013,2024-12-01,12,11,Medical
ATT202412009715,STU009715,SCH011,2024-12-01,15,14,Illness
ATT202412009716,STU009716,SCH032,2024-12-01,10,9,Family
ATT202412009717,STU009717,SCH032,2024-12-01,15,14,Family
ATT202412009718,STU009718,SCH005,2024-12-01,10,9,Unauthorised
ATT202412009719,STU009719,SCH033,2024-12-01,12,11,Unauthorised
ATT202412009720,STU009720,SCH014,2024-12-01,14,13,Illness
ATT202412009721,STU009721,SCH019,2024-12-01,15,14,Unauthorised
ATT202412009722,STU009722,SCH009,2024-12-01,15,14,Medical
ATT202412009723,STU009723,SCH017,2024-12-01,14,12,Unauthorised
ATT202412009724,STU009724,SCH025,2024-12-01,14,11,Family
ATT202412009725,STU009725,SCH050,2024-12-01,11,10,Family
ATT202412009726,STU009726,SCH022,2024-12-01,12,9,Family
ATT202412009727,STU009727,SCH028,2024-12-01,13,13,
ATT202412009728,STU009728,SCH042,2024-12-01,10,9,Medical
ATT202412009729,STU009729,SCH008,2024-12-01,14,14,
ATT202412009730,STU009730,SCH008,2024-12-01,15,14,Family
ATT202412009731,STU009731,SCH020,2024-12-01,13,12,Other
ATT202412009732,STU009732,SCH040,2024-12-01,10,9,Other
ATT202412009733,STU009733,SCH010,2024-12-01,14,13,Unauthorised
ATT202412009734,STU009734,SCH016,2024-12-01,15,15,
ATT202412009735,STU009735,SCH004,2024-12-01,15,14,Unauthorised
ATT202412009736,STU009736,SCH011,2024-12-01,15,14,Medical
ATT202412009737,STU009737,SCH027,2024-12-01,15,13,Unauthorised
ATT202412009738,STU009738,SCH044,2024-12-01,11,10,Unauthorised
ATT202412009739,STU009739,SCH009,2024-12-01,12,10,Illness
ATT202412009740,STU009740,SCH049,2024-12-01,11,9,Medical
ATT202412009741,STU009741,SCH014,2024-12-01,12,11,Unauthorised
ATT202412009742,STU009742,SCH020,2024-12-01,15,13,Unauthorised
ATT202412009743,STU009743,SCH025,2024-12-01,11,11,
ATT202412009744,STU009744,SCH029,2024-12-01,12,11,Illness
ATT202412009745,STU009745,SCH038,2024-12-01,10,9,Family
ATT202412009746,STU009746,SCH029,2024-12-01,11,9,Other
ATT202412009747,STU009747,SCH026,2024-12-01,10,9,Unauthorised
ATT202412009748,STU009748,SCH036,2024-12-01,11,11,
ATT202412009749,STU009749,SCH017,2024-12-01,15,13,Medical
ATT202412009750,STU009750,SCH049,2024-12-01,15,13,Illness
ATT202412009751,STU009751,SCH007,2024-12-01,13,11,Illness
ATT202412009752,STU009752,SCH036,2024-12-01,15,14,Illness
ATT202412009753,STU009753,SCH040,2024-12-01,15,13,Medical
ATT202412009754,STU009754,SCH028,2024-12-01,12,12,
ATT202412009755,STU009755,SCH004,2024-12-01,12,10,Unauthorised
ATT202412009756,STU009756,SCH039,2024-12-01,11,10,Illness
ATT202412009757,STU009757,SCH050,2024-12-01,11,10,Illness
ATT202412009758,STU009758,SCH030,2024-12-01,12,11,Medical
ATT202412009759,STU009759,SCH009,2024-12-01,10,9,Family
ATT202412009760,STU009760,SCH024,2024-12-01,15,12,Other
ATT202412009761,STU009761,SCH016,2024-12-01,13,12,Medical
ATT202412009762,STU009762,SCH045,2024-12-01,12,11,Illness
ATT202412009763,STU009763,SCH018,2024-12-01,14,13,Illness
ATT202412009764,STU009764,SCH010,2024-12-01,13,12,Other
ATT202412009765,STU009765,SCH026,2024-12-01,13,12,Other
ATT202412009766,STU009766,SCH042,2024-12-01,12,10,Other
ATT202412009767,STU009767,SCH021,2024-12-01,15,14,Medical
ATT202412009768,STU009768,SCH014,2024-12-01,12,10,Family
ATT202412009769,STU009769,SCH038,2024-12-01,14,14,
ATT202412009770,STU009770,SCH043,2024-12-01,13,12,Medical
ATT202412009771,STU009771,SCH012,2024-12-01,11,10,Family
ATT202412009772,STU009772,SCH049,2024-12-01,11,10,Unauthorised
ATT202412009773,STU009773,SCH037,2024-12-01,11,10,Illness
ATT202412009774,STU009774,SCH005,2024-12-01,11,10,Illness
ATT202412009775,STU009775,SCH038,2024-12-01,15,13,Other
ATT202412009776,STU009776,SCH016,2024-12-01,13,13,
ATT202412009777,STU009777,SCH014,2024-12-01,15,13,Other
ATT202412009778,STU009778,SCH016,2024-12-01,12,11,Medical
ATT202412009779,STU009779,SCH006,2024-12-01,13,12,Medical
ATT202412009780,STU009780,SCH035,2024-12-01,12,11,Medical
ATT202412009781,STU009781,SCH008,2024-12-01,15,13,Other
ATT202412009782,STU009782,SCH016,2024-12-01,10,9,Family
ATT202412009783,STU009783,SCH019,2024-12-01,13,12,Illness
ATT202412009784,STU009784,SCH014,2024-12-01,12,11,Family
ATT202412009785,STU009785,SCH035,2024-12-01,15,14,Unauthorised
ATT202412009786,STU009786,SCH023,2024-12-01,11,10,Illness
ATT202412009787,STU009787,SCH025,2024-12-01,11,9,Medical
ATT202412009788,STU009788,SCH001,2024-12-01,10,9,Medical
ATT202412009789,STU009789,SCH026,2024-12-01,13,12,Medical
ATT202412009790,STU009790,SCH015,2024-12-01,14,13,Illness
ATT202412009791,STU009791,SCH014,2024-12-01,12,12,
ATT202412009792,STU009792,SCH011,2024-12-01,13,12,Other
ATT202412009793,STU009793,SCH028,2024-12-01,15,14,Illness
ATT202412009794,STU009794,SCH008,2024-12-01,12,12,
ATT202412009795,STU009795,SCH045,2024-12-01,14,12,Illness
ATT202412009796,STU009796,SCH029,2024-12-01,10,9,Illness
ATT202412009797,STU009797,SCH006,2024-12-01,12,11,Unauthorised
ATT202412009798,STU009798,SCH017,2024-12-01,12,10,Medical
ATT202412009799,STU009799,SCH030,2024-12-01,12,12,
ATT202412009800,STU009800,SCH008,2024-12-01,15,14,Other
ATT202412009801,STU009801,SCH028,2024-12-01,13,12,Illness
ATT202412009802,STU009802,SCH050,2024-12-01,14,13,Unauthorised
ATT202412009803,STU009803,SCH016,2024-12-01,11,10,Other
ATT202412009804,STU009804,SCH042,2024-12-01,10,9,Medical
ATT202412009805,STU009805,SCH013,2024-12-01,12,11,Unauthorised
ATT202412009806,STU009806,SCH050,2024-12-01,12,10,Illness
ATT202412009807,STU009807,SCH002,2024-12-01,15,13,Medical
ATT202412009808,STU009808,SCH036,2024-12-01,15,14,Illness
ATT202412009809,STU009809,SCH030,2024-12-01,14,13,Illness
ATT202412009810,STU009810,SCH007,2024-12-01,10,9,Family
ATT202412009811,STU009811,SCH047,2024-12-01,15,14,Illness
ATT202412009812,STU009812,SCH046,2024-12-01,11,10,Other
ATT202412009813,STU009813,SCH033,2024-12-01,15,14,Family
ATT202412009814,STU009814,SCH037,2024-12-01,11,10,Medical
ATT202412009815,STU009815,SCH014,2024-12-01,13,12,Other
ATT202412009816,STU009816,SCH024,2024-12-01,14,13,Other
ATT202412009817,STU009817,SCH016,2024-12-01,14,13,Medical
ATT202412009818,STU009818,SCH003,2024-12-01,11,11,
ATT202412009819,STU009819,SCH013,2024-12-01,10,9,Illness
ATT202412009820,STU009820,SCH006,2024-12-01,10,9,Medical
ATT202412009822,STU009822,SCH018,2024-12-01,13,12,Illness
ATT202412009823,STU009823,SCH045,2024-12-01,13,12,Illness
ATT202412009824,STU009824,SCH022,2024-12-01,10,9,Unauthorised
ATT202412009825,STU009825,SCH010,2024-12-01,11,10,Illness
ATT202412009826,STU009826,SCH034,2024-12-01,10,8,Unauthorised
ATT202412009827,STU009827,SCH023,2024-12-01,12,11,Medical
ATT202412009828,STU009828,SCH025,2024-12-01,11,10,Unauthorised
ATT202412009829,STU009829,SCH038,2024-12-01,15,14,Illness
ATT202412009830,STU009830,SCH018,2024-12-01,15,14,Illness
ATT202412009831,STU009831,SCH042,2024-12-01,11,10,Family
ATT202412009832,STU009832,SCH026,2024-12-01,11,10,Unauthorised
ATT202412009833,STU009833,SCH025,2024-12-01,12,11,Medical
ATT202412009834,STU009834,SCH003,2024-12-01,12,10,Unauthorised
ATT202412009835,STU009835,SCH031,2024-12-01,15,13,Unauthorised
ATT202412009836,STU009836,SCH037,2024-12-01,11,11,
ATT202412009837,STU009837,SCH037,2024-12-01,10,9,Family
ATT202412009838,STU009838,SCH049,2024-12-01,11,10,Unauthorised
ATT202412009839,STU009839,SCH043,2024-12-01,12,11,Other
ATT202412009840,STU009840,SCH026,2024-12-01,14,12,Other
ATT202412009841,STU009841,SCH035,2024-12-01,15,13,Other
ATT202412009842,STU009842,SCH047,2024-12-01,12,12,
ATT202412009843,STU009843,SCH006,2024-12-01,12,11,Family
ATT202412009844,STU009844,SCH047,2024-12-01,13,12,Other
ATT202412009845,STU009845,SCH039,2024-12-01,12,11,Medical
ATT202412009846,STU009846,SCH015,2024-12-01,12,11,Other
ATT202412009847,STU009847,SCH026,2024-12-01,13,12,Other
ATT202412009848,STU009848,SCH030,2024-12-01,15,13,Medical
ATT202412009849,STU009849,SCH031,2024-12-01,13,11,Family
ATT202412009850,STU009850,SCH006,2024-12-01,13,12,Unauthorised
ATT202412009851,STU009851,SCH018,2024-12-01,10,10,
ATT202412009852,STU009852,SCH007,2024-12-01,15,14,Medical
ATT202412009853,STU009853,SCH020,2024-12-01,15,14,Illness
ATT202412009854,STU009854,SCH050,2024-12-01,15,13,Other
ATT202412009855,STU009855,SCH020,2024-12-01,11,10,Medical
ATT202412009856,STU009856,SCH018,2024-12-01,10,9,Other
ATT202412009857,STU009857,SCH045,2024-12-01,10,9,Other
ATT202412009858,STU009858,SCH008,2024-12-01,11,10,Medical
ATT202412009859,STU009859,SCH031,2024-12-01,15,14,Illness
ATT202412009860,STU009860,SCH041,2024-12-01,12,12,
ATT202412009861,STU009861,SCH044,2024-12-01,10,9,Illness
ATT202412009862,STU009862,SCH033,2024-12-01,13,11,Other
ATT202412009863,STU009863,SCH048,2024-12-01,14,12,Illness
ATT202412009864,STU009864,SCH012,2024-12-01,13,12,Unauthorised
ATT202412009866,STU009866,SCH031,2024-12-01,15,14,Other
ATT202412009867,STU009867,SCH015,2024-12-01,11,11,
ATT202412009868,STU009868,SCH029,2024-12-01,11,10,Family
ATT202412009869,STU009869,SCH012,2024-12-01,14,13,Other
ATT202412009870,STU009870,SCH031,2024-12-01,13,12,Other
ATT202412009871,STU009871,SCH033,2024-12-01,13,12,Family
ATT202412009872,STU009872,SCH033,2024-12-01,11,10,Illness
ATT202412009873,STU009873,SCH015,2024-12-01,14,13,Unauthorised
ATT202412009874,STU009874,SCH041,2024-12-01,10,9,Other
ATT202412009875,STU009875,SCH040,2024-12-01,10,9,Family
ATT202412009876,STU009876,SCH019,2024-12-01,13,13,
ATT202412009877,STU009877,SCH001,2024-12-01,13,12,Unauthorised
ATT202412009878,STU009878,SCH007,2024-12-01,13,12,Family
ATT202412009879,STU009879,SCH023,2024-12-01,10,9,Unauthorised
ATT202412009880,STU009880,SCH033,2024-12-01,11,11,
ATT202412009881,STU009881,SCH004,2024-12-01,11,10,Unauthorised
ATT202412009882,STU009882,SCH004,2024-12-01,14,12,Other
ATT202412009883,STU009883,SCH013,2024-12-01,14,13,Medical
ATT202412009884,STU009884,SCH016,2024-12-01,11,10,Other
ATT202412009885,STU009885,SCH008,2024-12-01,14,14,
ATT202412009886,STU009886,SCH029,2024-12-01,14,11,Illness
ATT202412009887,STU009887,SCH019,2024-12-01,11,10,Illness
ATT202412009888,STU009888,SCH015,2024-12-01,14,13,Other
ATT202412009889,STU009889,SCH019,2024-12-01,15,13,Other
ATT202412009890,STU009890,SCH021,2024-12-01,14,13,Unauthorised
ATT202412009891,STU009891,SCH009,2024-12-01,11,10,Unauthorised
ATT202412009892,STU009892,SCH013,2024-12-01,11,11,
ATT202412009893,STU009893,SCH009,2024-12-01,15,13,Illness
ATT202412009894,STU009894,SCH039,2024-12-01,11,10,Unauthorised
ATT202412009895,STU009895,SCH030,2024-12-01,12,11,Illness
ATT202412009896,STU009896,SCH018,2024-12-01,15,14,Other
ATT202412009897,STU009897,SCH040,2024-12-01,12,12,
ATT202412009898,STU009898,SCH018,2024-12-01,12,11,Other
ATT202412009899,STU009899,SCH016,2024-12-01,10,9,Other
ATT202412009900,STU009900,SCH041,2024-12-01,12,12,
ATT202412009901,STU009901,SCH006,2024-12-01,15,14,Other
ATT202412009902,STU009902,SCH044,2024-12-01,12,11,Other
ATT202412009903,STU009903,SCH031,2024-12-01,15,13,Other
ATT202412009904,STU009904,SCH014,2024-12-01,14,14,
ATT202412009905,STU009905,SCH030,2024-12-01,15,13,Other
ATT202412009906,STU009906,SCH005,2024-12-01,10,9,Medical
ATT202412009907,STU009907,SCH026,2024-12-01,14,13,Family
ATT202412009908,STU009908,SCH038,2024-12-01,12,11,Unauthorised
ATT202412009909,STU009909,SCH021,2024-12-01,14,13,Other
ATT202412009910,STU009910,SCH037,2024-12-01,15,14,Medical
ATT202412009911,STU009911,SCH038,2024-12-01,11,10,Family
ATT202412009912,STU009912,SCH039,2024-12-01,11,10,Unauthorised
ATT202412009913,STU009913,SCH002,2024-12-01,15,13,Illness
ATT202412009914,STU009914,SCH029,2024-12-01,15,13,Illness
ATT202412009915,STU009915,SCH004,2024-12-01,11,11,
ATT202412009916,STU009916,SCH049,2024-12-01,14,11,Illness
ATT202412009917,STU009917,SCH045,2024-12-01,13,11,Unauthorised
ATT202412009918,STU009918,SCH034,2024-12-01,10,9,Family
ATT202412009919,STU009919,SCH031,2024-12-01,14,14,
ATT202412009920,STU009920,SCH048,2024-12-01,13,13,
ATT202412009921,STU009921,SCH014,2024-12-01,11,11,
ATT202412009922,STU009922,SCH028,2024-12-01,13,12,Family
ATT202412009923,STU009923,SCH004,2024-12-01,11,10,Other
ATT202412009924,STU009924,SCH040,2024-12-01,14,14,
ATT202412009925,STU009925,SCH032,2024-12-01,15,14,Unauthorised
ATT202412009926,STU009926,SCH015,2024-12-01,15,14,Illness
ATT202412009927,STU009927,SCH038,2024-12-01,14,13,Family
ATT202412009928,STU009928,SCH038,2024-12-01,15,14,Unauthorised
ATT202412009929,STU009929,SCH018,2024-12-01,10,9,Family
ATT202412009930,STU009930,SCH045,2024-12-01,14,13,Medical
ATT202412009931,STU009931,SCH029,2024-12-01,11,10,Family
ATT202412009932,STU009932,SCH040,2024-12-01,10,9,Illness
ATT202412009933,STU009933,SCH045,2024-12-01,12,10,Other
ATT202412009934,STU009934,SCH049,2024-12-01,14,13,Unauthorised
ATT202412009935,STU009935,SCH037,2024-12-01,13,12,Other
ATT202412009936,STU009936,SCH014,2024-12-01,11,10,Other
ATT202412009937,STU009937,SCH002,2024-12-01,12,10,Illness
ATT202412009938,STU009938,SCH042,2024-12-01,13,11,Medical
ATT202412009939,STU009939,SCH012,2024-12-01,15,13,Other
ATT202412009940,STU009940,SCH042,2024-12-01,14,13,Other
ATT202412009941,STU009941,SCH024,2024-12-01,14,13,Medical
ATT202412009942,STU009942,SCH016,2024-12-01,14,13,Unauthorised
ATT202412009943,STU009943,SCH031,2024-12-01,10,9,Illness
ATT202412009944,STU009944,SCH033,2024-12-01,12,11,Unauthorised
ATT202412009945,STU009945,SCH033,2024-12-01,13,12,Illness
ATT202412009946,STU009946,SCH050,2024-12-01,14,13,Illness
ATT202412009947,STU009947,SCH034,2024-12-01,13,12,Family
ATT202412009948,STU009948,SCH032,2024-12-01,15,14,Other
ATT202412009949,STU009949,SCH030,2024-12-01,14,13,Family
ATT202412009950,STU009950,SCH004,2024-12-01,10,9,Illness
ATT202412009951,STU009951,SCH048,2024-12-01,12,12,
ATT202412009952,STU009952,SCH020,2024-12-01,14,14,
ATT202412009953,STU009953,SCH044,2024-12-01,10,8,Family
ATT202412009954,STU009954,SCH029,2024-12-01,10,9,Medical
ATT202412009955,STU009955,SCH010,2024-12-01,10,9,Unauthorised
ATT202412009956,STU009956,SCH010,2024-12-01,10,9,Unauthorised
ATT202412009957,STU009957,SCH038,2024-12-01,12,11,Medical
ATT202412009958,STU009958,SCH037,2024-12-01,15,14,Other
ATT202412009959,STU009959,SCH015,2024-12-01,11,10,Unauthorised
ATT202412009960,STU009960,SCH020,2024-12-01,15,13,Family
ATT202412009961,STU009961,SCH026,2024-12-01,14,12,Illness
ATT202412009962,STU009962,SCH033,2024-12-01,15,14,Medical
ATT202412009963,STU009963,SCH008,2024-12-01,14,13,Unauthorised
ATT202412009964,STU009964,SCH037,2024-12-01,13,12,Medical
ATT202412009965,STU009965,SCH027,2024-12-01,15,14,Unauthorised
ATT202412009966,STU009966,SCH043,2024-12-01,10,9,Unauthorised
ATT202412009967,STU009967,SCH017,2024-12-01,11,11,
ATT202412009968,STU009968,SCH046,2024-12-01,14,13,Illness
ATT202412009969,STU009969,SCH014,2024-12-01,11,10,Other
ATT202412009970,STU009970,SCH021,2024-12-01,11,10,Other
ATT202412009971,STU009971,SCH036,2024-12-01,13,13,
ATT202412009972,STU009972,SCH031,2024-12-01,14,13,Unauthorised
ATT202412009973,STU009973,SCH001,2024-12-01,12,9,Other
ATT202412009974,STU009974,SCH032,2024-12-01,10,8,Unauthorised
ATT202412009975,STU009975,SCH004,2024-12-01,15,13,Illness
ATT202412009976,STU009976,SCH030,2024-12-01,11,10,Illness
ATT202412009977,STU009977,SCH031,2024-12-01,11,10,Other
ATT202412009978,STU009978,SCH048,2024-12-01,14,13,Other
ATT202412009979,STU009979,SCH004,2024-12-01,13,12,Unauthorised
ATT202412009980,STU009980,SCH031,2024-12-01,11,10,Illness
ATT202412009981,STU009981,SCH035,2024-12-01,10,9,Unauthorised
ATT202412009982,STU009982,SCH026,2024-12-01,14,12,Unauthorised
ATT202412009983,STU009983,SCH045,2024-12-01,10,9,Medical
ATT202412009984,STU009984,SCH025,2024-12-01,14,13,Medical
ATT202412009985,STU009985,SCH012,2024-12-01,14,12,Illness
ATT202412009986,STU009986,SCH026,2024-12-01,12,12,
ATT202412009987,STU009987,SCH033,2024-12-01,10,9,Illness
ATT202412009988,STU009988,SCH009,2024-12-01,10,9,Family
ATT202412009989,STU009989,SCH010,2024-12-01,12,11,Medical
ATT202412009990,STU009990,SCH018,2024-12-01,13,12,Illness
ATT202412009991,STU009991,SCH033,2024-12-01,12,10,Illness
ATT202412009992,STU009992,SCH040,2024-12-01,14,12,Other
ATT202412009993,STU009993,SCH020,2024-12-01,13,12,Unauthorised
ATT202412009994,STU009994,SCH042,2024-12-01,13,11,Medical
ATT202412009995,STU009995,SCH033,2024-12-01,13,12,Family
ATT202412009996,STU009996,SCH016,2024-12-01,12,12,
ATT202412009997,STU009997,SCH014,2024-12-01,13,12,Family
ATT202412009998,STU009998,SCH027,2024-12-01,14,12,Unauthorised
ATT202412009999,STU009999,SCH018,2024-12-01,12,11,Unauthorised
ATT202412010000,STU010000,SCH019,2024-12-01,12,12,
ATT202412010001,STU010001,SCH041,2024-12-01,12,11,Other
ATT202412010002,STU010002,SCH024,2024-12-01,14,14,
ATT202412010003,STU010003,SCH048,2024-12-01,15,13,Unauthorised
ATT202412010004,STU010004,SCH048,2024-12-01,10,10,
ATT202412010005,STU010005,SCH014,2024-12-01,13,11,Other
ATT202412010006,STU010006,SCH008,2024-12-01,15,14,Medical
ATT202412010007,STU010007,SCH030,2024-12-01,13,12,Illness
ATT202412010008,STU010008,SCH005,2024-12-01,12,11,Unauthorised
ATT202412010009,STU010009,SCH042,2024-12-01,13,12,Other
ATT202412010010,STU010010,SCH016,2024-12-01,12,11,Other
ATT202412010011,STU010011,SCH011,2024-12-01,14,13,Medical
ATT202412010012,STU010012,SCH025,2024-12-01,10,9,Family
ATT202412010013,STU010013,SCH040,2024-12-01,13,11,Unauthorised
ATT202412010014,STU010014,SCH037,2024-12-01,14,13,Family
ATT202412010015,STU010015,SCH046,2024-12-01,10,8,Illness
ATT202412010016,STU010016,SCH046,2024-12-01,13,12,Unauthorised
ATT202412010017,STU010017,SCH015,2024-12-01,11,10,Unauthorised
ATT202412010018,STU010018,SCH032,2024-12-01,10,9,Family
ATT202412010019,STU010019,SCH031,2024-12-01,10,9,Other
ATT202412010020,STU010020,SCH016,2024-12-01,11,10,Other
ATT202412010021,STU010021,SCH037,2024-12-01,14,12,Unauthorised
ATT202412010022,STU010022,SCH009,2024-12-01,15,14,Medical
ATT202412010023,STU010023,SCH032,2024-12-01,11,10,Unauthorised
ATT202412010024,STU010024,SCH031,2024-12-01,11,10,Illness
ATT202412010025,STU010025,SCH009,2024-12-01,10,9,Medical
ATT202412010026,STU010026,SCH039,2024-12-01,13,12,Medical
ATT202412010027,STU010027,SCH030,2024-12-01,13,12,Other
ATT202412010028,STU010028,SCH030,2024-12-01,13,12,Family
ATT202412010029,STU010029,SCH006,2024-12-01,13,12,Other
ATT202412010030,STU010030,SCH035,2024-12-01,15,13,Family
ATT202412010031,STU010031,SCH040,2024-12-01,15,14,Medical
ATT202412010032,STU010032,SCH010,2024-12-01,10,8,Family
ATT202412010033,STU010033,SCH039,2024-12-01,15,15,
ATT202412010034,STU010034,SCH019,2024-12-01,10,9,Family
ATT202412010035,STU010035,SCH019,2024-12-01,11,10,Illness
ATT202412010036,STU010036,SCH033,2024-12-01,12,11,Unauthorised
ATT202412010037,STU010037,SCH015,2024-12-01,13,13,
ATT202412010038,STU010038,SCH035,2024-12-01,12,11,Medical
ATT202412010039,STU010039,SCH005,2024-12-01,10,9,Illness
ATT202412010040,STU010040,SCH046,2024-12-01,11,10,Family
ATT202412010041,STU010041,SCH018,2024-12-01,11,11,
ATT202412010042,STU010042,SCH027,2024-12-01,15,15,
ATT202412010043,STU010043,SCH031,2024-12-01,11,10,Other
ATT202412010044,STU010044,SCH028,2024-12-01,14,13,Unauthorised
ATT202412010045,STU010045,SCH046,2024-12-01,10,9,Family
ATT202412010046,STU010046,SCH014,2024-12-01,12,11,Family
ATT202412010047,STU010047,SCH042,2024-12-01,14,13,Unauthorised
ATT202412010048,STU010048,SCH046,2024-12-01,12,11,Illness
ATT202412010049,STU010049,SCH011,2024-12-01,10,10,
ATT202412010050,STU010050,SCH021,2024-12-01,12,11,Medical
ATT202412010051,STU010051,SCH038,2024-12-01,12,12,
ATT202412010052,STU010052,SCH021,2024-12-01,10,9,Other
ATT202412010053,STU010053,SCH037,2024-12-01,15,13,Illness
ATT202412010054,STU010054,SCH050,2024-12-01,13,12,Medical
ATT202412010055,STU010055,SCH040,2024-12-01,10,9,Medical
ATT202412010056,STU010056,SCH047,2024-12-01,11,10,Unauthorised
ATT202412010057,STU010057,SCH037,2024-12-01,11,10,Unauthorised
ATT202412010058,STU010058,SCH007,2024-12-01,13,11,Illness
ATT202412010059,STU010059,SCH011,2024-12-01,14,13,Illness
ATT202412010060,STU010060,SCH022,2024-12-01,14,13,Other
ATT202412010061,STU010061,SCH028,2024-12-01,14,13,Unauthorised
ATT202412010062,STU010062,SCH022,2024-12-01,14,13,Unauthorised
ATT202412010063,STU010063,SCH039,2024-12-01,13,12,Other
ATT202412010064,STU010064,SCH020,2024-12-01,11,10,Medical
ATT202412010065,STU010065,SCH031,2024-12-01,10,9,Illness
ATT202412010066,STU010066,SCH046,2024-12-01,10,9,Other
ATT202412010067,STU010067,SCH004,2024-12-01,14,14,
ATT202412010068,STU010068,SCH041,2024-12-01,10,10,
ATT202412010069,STU010069,SCH020,2024-12-01,14,13,Family
ATT202412010070,STU010070,SCH016,2024-12-01,11,10,Medical
ATT202412010071,STU010071,SCH036,2024-12-01,11,10,Medical
ATT202412010072,STU010072,SCH040,2024-12-01,14,13,Other
ATT202412010073,STU010073,SCH011,2024-12-01,15,14,Illness
ATT202412010074,STU010074,SCH044,2024-12-01,13,12,Illness
ATT202412010075,STU010075,SCH006,2024-12-01,13,12,Family
ATT202412010076,STU010076,SCH004,2024-12-01,13,12,Family
ATT202412010077,STU010077,SCH007,2024-12-01,13,13,
ATT202412010078,STU010078,SCH023,2024-12-01,14,13,Unauthorised
ATT202412010079,STU010079,SCH032,2024-12-01,15,14,Unauthorised
ATT202412010080,STU010080,SCH048,2024-12-01,14,13,Illness
ATT202412010081,STU010081,SCH030,2024-12-01,15,14,Illness
ATT202412010082,STU010082,SCH043,2024-12-01,10,9,Other
ATT202412010083,STU010083,SCH048,2024-12-01,14,13,Other
ATT202412010084,STU010084,SCH022,2024-12-01,14,12,Other
ATT202412010085,STU010085,SCH004,2024-12-01,11,10,Other
ATT202412010086,STU010086,SCH037,2024-12-01,11,9,Medical
ATT202412010087,STU010087,SCH037,2024-12-01,13,12,Medical
ATT202412010088,STU010088,SCH016,2024-12-01,15,14,Illness
ATT202412010089,STU010089,SCH026,2024-12-01,14,12,Medical
ATT202412010090,STU010090,SCH046,2024-12-01,12,10,Unauthorised
ATT202412010091,STU010091,SCH031,2024-12-01,11,10,Illness
ATT202412010092,STU010092,SCH025,2024-12-01,13,12,Other
ATT202412010093,STU010093,SCH043,2024-12-01,10,9,Family
ATT202412010094,STU010094,SCH007,2024-12-01,11,11,
ATT202412010095,STU010095,SCH028,2024-12-01,14,13,Illness
ATT202412010096,STU010096,SCH029,2024-12-01,12,11,Unauthorised
ATT202412010097,STU010097,SCH046,2024-12-01,13,12,Unauthorised
ATT202412010098,STU010098,SCH050,2024-12-01,13,12,Medical
ATT202412010099,STU010099,SCH020,2024-12-01,11,10,Unauthorised
ATT202412010100,STU010100,SCH019,2024-12-01,12,11,Other
ATT202412010101,STU010101,SCH029,2024-12-01,10,9,Illness
ATT202412010102,STU010102,SCH043,2024-12-01,12,10,Family
ATT202412010103,STU010103,SCH022,2024-12-01,12,12,
ATT202412010104,STU010104,SCH031,2024-12-01,14,13,Unauthorised
ATT202412010105,STU010105,SCH013,2024-12-01,12,11,Other
ATT202412010106,STU010106,SCH023,2024-12-01,14,12,Family
ATT202412010107,STU010107,SCH019,2024-12-01,14,13,Other
ATT202412010108,STU010108,SCH043,2024-12-01,11,10,Unauthorised
ATT202412010109,STU010109,SCH005,2024-12-01,10,9,Illness
ATT202412010110,STU010110,SCH026,2024-12-01,15,14,Unauthorised
ATT202412010111,STU010111,SCH043,2024-12-01,12,11,Medical
ATT202412010112,STU010112,SCH017,2024-12-01,14,12,Unauthorised
ATT202412010113,STU010113,SCH039,2024-12-01,10,10,
ATT202412010114,STU010114,SCH030,2024-12-01,15,13,Family
ATT202412010115,STU010115,SCH007,2024-12-01,15,14,Other
ATT202412010116,STU010116,SCH046,2024-12-01,13,11,Medical
ATT202412010117,STU010117,SCH032,2024-12-01,13,11,Medical
ATT202412010118,STU010118,SCH023,2024-12-01,15,13,Illness
ATT202412010119,STU010119,SCH010,2024-12-01,15,13,Unauthorised
ATT202412010120,STU010120,SCH014,2024-12-01,12,11,Illness
ATT202412010121,STU010121,SCH026,2024-12-01,11,10,Medical
ATT202412010122,STU010122,SCH044,2024-12-01,14,12,Other
ATT202412010123,STU010123,SCH018,2024-12-01,12,11,Family
ATT202412010124,STU010124,SCH049,2024-12-01,11,9,Medical
ATT202412010125,STU010125,SCH010,2024-12-01,15,14,Unauthorised
ATT202412010126,STU010126,SCH037,2024-12-01,14,13,Other
ATT202412010127,STU010127,SCH035,2024-12-01,13,13,
ATT202412010128,STU010128,SCH010,2024-12-01,13,12,Medical
ATT202412010129,STU010129,SCH003,2024-12-01,13,12,Medical
ATT202412010130,STU010130,SCH035,2024-12-01,12,11,Other
ATT202412010131,STU010131,SCH015,2024-12-01,12,11,Family
ATT202412010132,STU010132,SCH043,2024-12-01,15,13,Other
ATT202412010133,STU010133,SCH036,2024-12-01,14,13,Other
ATT202412010134,STU010134,SCH010,2024-12-01,13,12,Family
ATT202412010135,STU010135,SCH039,2024-12-01,14,13,Illness
ATT202412010136,STU010136,SCH042,2024-12-01,10,9,Unauthorised
ATT202412010137,STU010137,SCH009,2024-12-01,11,10,Family
ATT202412010138,STU010138,SCH041,2024-12-01,11,10,Family
ATT202412010139,STU010139,SCH008,2024-12-01,11,10,Medical
ATT202412010140,STU010140,SCH043,2024-12-01,12,12,
ATT202412010142,STU010142,SCH046,2024-12-01,13,12,Family
ATT202412010143,STU010143,SCH021,2024-12-01,15,13,Family
ATT202412010144,STU010144,SCH004,2024-12-01,14,13,Medical
ATT202412010145,STU010145,SCH019,2024-12-01,10,9,Illness
ATT202412010146,STU010146,SCH010,2024-12-01,12,11,Illness
ATT202412010147,STU010147,SCH046,2024-12-01,12,11,Illness
ATT202412010148,STU010148,SCH046,2024-12-01,10,9,Unauthorised
ATT202412010149,STU010149,SCH012,2024-12-01,15,13,Medical
ATT202412010150,STU010150,SCH031,2024-12-01,14,13,Medical
ATT202412010151,STU010151,SCH015,2024-12-01,15,15,
ATT202412010152,STU010152,SCH007,2024-12-01,13,13,
ATT202412010153,STU010153,SCH021,2024-12-01,10,9,Medical
ATT202412010154,STU010154,SCH025,2024-12-01,10,10,
ATT202412010155,STU010155,SCH034,2024-12-01,10,9,Unauthorised
ATT202412010156,STU010156,SCH012,2024-12-01,12,10,Other
ATT202412010157,STU010157,SCH037,2024-12-01,14,13,Unauthorised
ATT202412010158,STU010158,SCH020,2024-12-01,15,14,Medical
ATT202412010159,STU010159,SCH035,2024-12-01,15,13,Other
ATT202412010160,STU010160,SCH025,2024-12-01,13,12,Unauthorised
ATT202412010161,STU010161,SCH035,2024-12-01,10,9,Medical
ATT202412010162,STU010162,SCH019,2024-12-01,13,12,Family
ATT202412010163,STU010163,SCH001,2024-12-01,15,13,Family
ATT202412010164,STU010164,SCH031,2024-12-01,10,10,
ATT202412010165,STU010165,SCH039,2024-12-01,10,9,Medical
ATT202412010166,STU010166,SCH046,2024-12-01,13,12,Illness
ATT202412010167,STU010167,SCH003,2024-12-01,10,9,Other
ATT202412010168,STU010168,SCH047,2024-12-01,14,14,
ATT202412010169,STU010169,SCH005,2024-12-01,15,14,Unauthorised
ATT202412010170,STU010170,SCH047,2024-12-01,14,14,
ATT202412010171,STU010171,SCH049,2024-12-01,14,14,
ATT202412010172,STU010172,SCH014,2024-12-01,13,12,Other
ATT202412010173,STU010173,SCH029,2024-12-01,11,10,Illness
ATT202412010174,STU010174,SCH019,2024-12-01,11,10,Family
ATT202412010175,STU010175,SCH010,2024-12-01,13,12,Family
ATT202412010176,STU010176,SCH006,2024-12-01,13,12,Unauthorised
ATT202412010177,STU010177,SCH009,2024-12-01,15,13,Illness
ATT202412010178,STU010178,SCH047,2024-12-01,13,12,Family
ATT202412010179,STU010179,SCH031,2024-12-01,14,12,Medical
ATT202412010180,STU010180,SCH028,2024-12-01,12,11,Family
ATT202412010181,STU010181,SCH041,2024-12-01,13,12,Illness
ATT202412010182,STU010182,SCH025,2024-12-01,10,9,Medical
ATT202412010183,STU010183,SCH014,2024-12-01,15,15,
ATT202412010184,STU010184,SCH014,2024-12-01,14,13,Family
ATT202412010185,STU010185,SCH043,2024-12-01,10,9,Family
ATT202412010186,STU010186,SCH031,2024-12-01,12,9,Family
ATT202412010187,STU010187,SCH046,2024-12-01,11,10,Family
ATT202412010188,STU010188,SCH021,2024-12-01,12,11,Medical
ATT202412010189,STU010189,SCH018,2024-12-01,11,10,Family
ATT202412010190,STU010190,SCH034,2024-12-01,12,10,Medical
ATT202412010191,STU010191,SCH025,2024-12-01,10,9,Family
ATT202412010192,STU010192,SCH003,2024-12-01,14,13,Illness
ATT202412010193,STU010193,SCH007,2024-12-01,14,13,Illness
ATT202412010194,STU010194,SCH031,2024-12-01,10,9,Unauthorised
ATT202412010195,STU010195,SCH035,2024-12-01,12,11,Medical
ATT202412010196,STU010196,SCH032,2024-12-01,10,10,
ATT202412010197,STU010197,SCH020,2024-12-01,12,11,Other
ATT202412010198,STU010198,SCH037,2024-12-01,15,14,Other
ATT202412010199,STU010199,SCH018,2024-12-01,12,12,
ATT202412010200,STU010200,SCH047,2024-12-01,10,9,Other
ATT202412010201,STU010201,SCH004,2024-12-01,15,14,Illness
ATT202412010202,STU010202,SCH011,2024-12-01,11,10,Unauthorised
ATT202412010203,STU010203,SCH039,2024-12-01,14,13,Illness
ATT202412010204,STU010204,SCH038,2024-12-01,15,14,Medical
ATT202412010205,STU010205,SCH043,2024-12-01,15,13,Other
ATT202412010206,STU010206,SCH016,2024-12-01,11,10,Medical
ATT202412010207,STU010207,SCH031,2024-12-01,11,10,Unauthorised
ATT202412010208,STU010208,SCH027,2024-12-01,12,11,Unauthorised
ATT202412010209,STU010209,SCH043,2024-12-01,14,12,Unauthorised
ATT202412010210,STU010210,SCH045,2024-12-01,14,13,Family
ATT202412010211,STU010211,SCH005,2024-12-01,14,12,Illness
ATT202412010212,STU010212,SCH005,2024-12-01,11,10,Medical
ATT202412010213,STU010213,SCH036,2024-12-01,15,14,Illness
ATT202412010214,STU010214,SCH015,2024-12-01,11,10,Unauthorised
ATT202412010215,STU010215,SCH011,2024-12-01,12,11,Family
ATT202412010216,STU010216,SCH031,2024-12-01,11,10,Medical
ATT202412010217,STU010217,SCH048,2024-12-01,14,13,Unauthorised
ATT202412010218,STU010218,SCH028,2024-12-01,11,10,Unauthorised
ATT202412010219,STU010219,SCH019,2024-12-01,10,10,
ATT202412010220,STU010220,SCH004,2024-12-01,10,9,Unauthorised
ATT202412010221,STU010221,SCH014,2024-12-01,10,10,
ATT202412010222,STU010222,SCH046,2024-12-01,15,14,Other
ATT202412010223,STU010223,SCH021,2024-12-01,13,12,Family
ATT202412010224,STU010224,SCH010,2024-12-01,12,11,Other
ATT202412010225,STU010225,SCH013,2024-12-01,10,10,
ATT202412010226,STU010226,SCH011,2024-12-01,10,9,Other
ATT202412010227,STU010227,SCH029,2024-12-01,14,12,Illness
ATT202412010228,STU010228,SCH024,2024-12-01,12,12,
ATT202412010229,STU010229,SCH046,2024-12-01,15,14,Illness
ATT202412010230,STU010230,SCH020,2024-12-01,12,11,Illness
ATT202412010231,STU010231,SCH031,2024-12-01,10,9,Other
ATT202412010232,STU010232,SCH037,2024-12-01,15,14,Medical
ATT202412010233,STU010233,SCH010,2024-12-01,12,11,Illness
ATT202412010234,STU010234,SCH040,2024-12-01,10,9,Other
ATT202412010235,STU010235,SCH036,2024-12-01,10,10,
ATT202412010236,STU010236,SCH042,2024-12-01,14,13,Unauthorised
ATT202412010237,STU010237,SCH014,2024-12-01,10,9,Medical
ATT202412010238,STU010238,SCH003,2024-12-01,13,12,Medical
ATT202412010239,STU010239,SCH017,2024-12-01,13,11,Illness
ATT202412010240,STU010240,SCH021,2024-12-01,13,12,Family
ATT202412010241,STU010241,SCH030,2024-12-01,11,10,Other
ATT202412010242,STU010242,SCH011,2024-12-01,11,9,Medical
ATT202412010243,STU010243,SCH039,2024-12-01,12,10,Unauthorised
ATT202412010244,STU010244,SCH018,2024-12-01,14,12,Other
ATT202412010245,STU010245,SCH021,2024-12-01,11,11,
ATT202412010246,STU010246,SCH006,2024-12-01,12,12,
ATT202412010247,STU010247,SCH016,2024-12-01,15,14,Illness
ATT202412010248,STU010248,SCH025,2024-12-01,10,10,
ATT202412010249,STU010249,SCH030,2024-12-01,14,13,Family
ATT202412010250,STU010250,SCH044,2024-12-01,15,14,Illness
ATT202412010251,STU010251,SCH041,2024-12-01,13,12,Family
ATT202412010252,STU010252,SCH036,2024-12-01,14,13,Illness
ATT202412010253,STU010253,SCH012,2024-12-01,10,8,Unauthorised
ATT202412010254,STU010254,SCH004,2024-12-01,15,15,
ATT202412010255,STU010255,SCH027,2024-12-01,10,9,Family
ATT202412010256,STU010256,SCH041,2024-12-01,10,10,
ATT202412010257,STU010257,SCH005,2024-12-01,10,9,Medical
ATT202412010258,STU010258,SCH021,2024-12-01,15,13,Medical
ATT202412010259,STU010259,SCH003,2024-12-01,15,14,Other
ATT202412010260,STU010260,SCH029,2024-12-01,15,14,Family
ATT202412010261,STU010261,SCH031,2024-12-01,11,9,Medical
ATT202412010262,STU010262,SCH050,2024-12-01,14,13,Medical
ATT202412010263,STU010263,SCH005,2024-12-01,13,12,Illness
ATT202412010264,STU010264,SCH026,2024-12-01,15,14,Illness
ATT202412010265,STU010265,SCH006,2024-12-01,14,13,Unauthorised
ATT202412010266,STU010266,SCH022,2024-12-01,15,12,Other
ATT202412010267,STU010267,SCH010,2024-12-01,12,11,Medical
ATT202412010268,STU010268,SCH032,2024-12-01,14,11,Family
ATT202412010269,STU010269,SCH027,2024-12-01,13,12,Family
ATT202412010270,STU010270,SCH021,2024-12-01,15,13,Illness
ATT202412010271,STU010271,SCH018,2024-12-01,11,10,Illness
ATT202412010272,STU010272,SCH007,2024-12-01,12,11,Unauthorised
ATT202412010273,STU010273,SCH041,2024-12-01,12,11,Medical
ATT202412010274,STU010274,SCH046,2024-12-01,15,13,Family
ATT202412010275,STU010275,SCH005,2024-12-01,15,14,Unauthorised
