attendance_id,student_id,school_id,attendance_month,possible_days,attended_days,absence_reason
ATT202410000001,STU000001,SCH015,2024-10-01,19,18,Other
ATT202410000002,STU000002,SCH021,2024-10-01,21,19,Unauthorised
ATT202410000003,STU000003,SCH002,2024-10-01,20,19,Illness
ATT202410000004,STU000004,SCH040,2024-10-01,21,19,Family
ATT202410000005,STU000005,SCH043,2024-10-01,18,16,Illness
ATT202410000006,STU000006,SCH047,2024-10-01,22,21,Family
ATT202410000007,STU000007,SCH031,2024-10-01,21,19,Medical
ATT202410000008,STU000008,SCH042,2024-10-01,18,16,Medical
ATT202410000009,STU000009,SCH001,2024-10-01,18,16,Illness
ATT202410000010,STU000010,SCH043,2024-10-01,19,17,Medical
ATT202410000011,STU000011,SCH038,2024-10-01,18,16,Medical
ATT202410000012,STU000012,SCH020,2024-10-01,21,18,Illness
ATT202410000013,STU000013,SCH045,2024-10-01,22,20,Illness
ATT202410000014,STU000014,SCH029,2024-10-01,21,19,Other
ATT202410000015,STU000015,SCH006,2024-10-01,19,19,
ATT202410000016,STU000016,SCH005,2024-10-01,21,20,Unauthorised
ATT202410000017,STU000017,SCH034,2024-10-01,19,15,Other
ATT202410000018,STU000018,SCH025,2024-10-01,20,19,Illness
ATT202410000019,STU000019,SCH005,2024-10-01,18,17,Family
ATT202410000020,STU000020,SCH027,2024-10-01,20,18,Illness
ATT202410000021,STU000021,SCH002,2024-10-01,20,18,Other
ATT202410000022,STU000022,SCH041,2024-10-01,19,19,
ATT202410000023,STU000023,SCH027,2024-10-01,21,19,Medical
ATT202410000024,STU000024,SCH032,2024-10-01,18,17,Family
ATT202410000025,STU000025,SCH020,2024-10-01,18,16,Illness
ATT202410000026,STU000026,SCH036,2024-10-01,22,20,Other
ATT202410000027,STU000027,SCH023,2024-10-01,18,17,Other
ATT202410000028,STU000028,SCH005,2024-10-01,18,18,
ATT202410000029,STU000029,SCH024,2024-10-01,22,21,Other
ATT202410000030,STU000030,SCH028,2024-10-01,20,18,Medical
ATT202410000031,STU000031,SCH021,2024-10-01,20,19,Unauthorised
ATT202410000032,STU000032,SCH014,2024-10-01,18,18,
ATT202410000033,STU000033,SCH040,2024-10-01,22,22,
ATT202410000034,STU000034,SCH009,2024-10-01,19,17,Medical
ATT202410000035,STU000035,SCH011,2024-10-01,22,21,Unauthorised
ATT202410000036,STU000036,SCH029,2024-10-01,22,19,Medical
ATT202410000037,STU000037,SCH036,2024-10-01,19,16,Unauthorised
ATT202410000038,STU000038,SCH008,2024-10-01,22,20,Unauthorised
ATT202410000039,STU000039,SCH014,2024-10-01,22,21,Family
ATT202410000040,STU000040,SCH008,2024-10-01,19,17,Illness
ATT202410000041,STU000041,SCH013,2024-10-01,21,20,Unauthorised
ATT202410000042,STU000042,SCH049,2024-10-01,20,18,Unauthorised
ATT202410000043,STU000043,SCH038,2024-10-01,19,18,Other
ATT202410000045,STU000045,SCH009,2024-10-01,21,19,Illness
ATT202410000046,STU000046,SCH045,2024-10-01,21,19,Medical
ATT202410000047,STU000047,SCH029,2024-10-01,20,18,Illness
ATT202410000048,STU000048,SCH022,2024-10-01,18,16,Family
ATT202410000049,STU000049,SCH037,2024-10-01,21,19,Family
ATT202410000050,STU000050,SCH027,2024-10-01,19,17,Family
ATT202410000051,STU000051,SCH017,2024-10-01,20,17,Unauthorised
ATT202410000052,STU000052,SCH005,2024-10-01,22,20,Family
ATT202410000053,STU000053,SCH043,2024-10-01,18,16,Unauthorised
ATT202410000054,STU000054,SCH045,2024-10-01,21,19,Other
ATT202410000055,STU000055,SCH030,2024-10-01,22,21,Family
ATT202410000056,STU000056,SCH048,2024-10-01,20,19,Other
ATT202410000057,STU000057,SCH021,2024-10-01,21,20,Other
ATT202410000058,STU000058,SCH002,2024-10-01,18,15,Medical
ATT202410000059,STU000059,SCH034,2024-10-01,20,19,Unauthorised
ATT202410000060,STU000060,SCH012,2024-10-01,20,17,Family
ATT202410000061,STU000061,SCH009,2024-10-01,20,19,Family
ATT202410000062,STU000062,SCH018,2024-10-01,22,20,Family
ATT202410000063,STU000063,SCH022,2024-10-01,18,17,Unauthorised
ATT202410000064,STU000064,SCH029,2024-10-01,21,18,Family
ATT202410000065,STU000065,SCH027,2024-10-01,22,21,Illness
ATT202410000066,STU000066,SCH010,2024-10-01,18,16,Medical
ATT202410000067,STU000067,SCH034,2024-10-01,18,14,Other
ATT202410000068,STU000068,SCH010,2024-10-01,19,19,
ATT202410000069,STU000069,SCH021,2024-10-01,19,17,Unauthorised
ATT202410000070,STU000070,SCH047,2024-10-01,20,18,Unauthorised
ATT202410000071,STU000071,SCH005,2024-10-01,22,21,Family
ATT202410000072,STU000072,SCH001,2024-10-01,21,19,Illness
ATT202410000073,STU000073,SCH034,2024-10-01,19,16,Illness
ATT202410000074,STU000074,SCH004,2024-10-01,20,17,Other
ATT202410000075,STU000075,SCH025,2024-10-01,20,17,Other
ATT202410000076,STU000076,SCH045,2024-10-01,22,20,Medical
ATT202410000077,STU000077,SCH045,2024-10-01,22,19,Unauthorised
ATT202410000078,STU000078,SCH001,2024-10-01,21,18,Other
ATT202410000079,STU000079,SCH004,2024-10-01,20,20,
ATT202410000080,STU000080,SCH019,2024-10-01,18,17,Unauthorised
ATT202410000081,STU000081,SCH021,2024-10-01,19,17,Family
ATT202410000082,STU000082,SCH016,2024-10-01,19,18,Unauthorised
ATT202410000083,STU000083,SCH038,2024-10-01,20,18,Other
ATT202410000084,STU000084,SCH003,2024-10-01,19,17,Unauthorised
ATT202410000085,STU000085,SCH013,2024-10-01,21,19,Medical
ATT202410000086,STU000086,SCH019,2024-10-01,19,17,Family
ATT202410000087,STU000087,SCH041,2024-10-01,19,17,Medical
ATT202410000088,STU000088,SCH049,2024-10-01,20,18,Medical
ATT202410000089,STU000089,SCH015,2024-10-01,20,19,Medical
ATT202410000090,STU000090,SCH008,2024-10-01,21,19,Unauthorised
ATT202410000091,STU000091,SCH042,2024-10-01,19,19,
ATT202410000092,STU000092,SCH008,2024-10-01,20,18,Unauthorised
ATT202410000093,STU000093,SCH048,2024-10-01,18,17,Illness
ATT202410000094,STU000094,SCH006,2024-10-01,22,20,Unauthorised
ATT202410000095,STU000095,SCH012,2024-10-01,20,17,Other
ATT202410000096,STU000096,SCH017,2024-10-01,20,17,Medical
ATT202410000097,STU000097,SCH022,2024-10-01,18,16,Family
ATT202410000098,STU000098,SCH046,2024-10-01,22,19,Illness
ATT202410000099,STU000099,SCH002,2024-10-01,22,19,Unauthorised
ATT202410000100,STU000100,SCH022,2024-10-01,19,17,Family
ATT202410000101,STU000101,SCH002,2024-10-01,22,18,Family
ATT202410000102,STU000102,SCH037,2024-10-01,21,20,Illness
ATT202410000103,STU000103,SCH006,2024-10-01,22,20,Family
ATT202410000104,STU000104,SCH019,2024-10-01,19,17,Illness
ATT202410000105,STU000105,SCH044,2024-10-01,22,21,Unauthorised
ATT202410000106,STU000106,SCH046,2024-10-01,22,21,Family
ATT202410000107,STU000107,SCH016,2024-10-01,18,18,
ATT202410000108,STU000108,SCH045,2024-10-01,20,18,Medical
ATT202410000109,STU000109,SCH008,2024-10-01,19,17,Family
ATT202410000110,STU000110,SCH019,2024-10-01,18,16,Family
ATT202410000111,STU000111,SCH017,2024-10-01,21,20,Unauthorised
ATT202410000112,STU000112,SCH036,2024-10-01,20,19,Unauthorised
ATT202410000113,STU000113,SCH010,2024-10-01,20,19,Unauthorised
ATT202410000114,STU000114,SCH046,2024-10-01,21,20,Illness
ATT202410000115,STU000115,SCH029,2024-10-01,19,18,Other
ATT202410000116,STU000116,SCH027,2024-10-01,21,18,Other
ATT202410000117,STU000117,SCH047,2024-10-01,22,21,Other
ATT202410000118,STU000118,SCH012,2024-10-01,18,18,
ATT202410000119,STU000119,SCH040,2024-10-01,19,17,Unauthorised
ATT202410000120,STU000120,SCH049,2024-10-01,22,20,Other
ATT202410000121,STU000121,SCH002,2024-10-01,19,17,Family
ATT202410000122,STU000122,SCH039,2024-10-01,19,17,Illness
ATT202410000123,STU000123,SCH036,2024-10-01,22,21,Unauthorised
ATT202410000124,STU000124,SCH029,2024-10-01,19,19,
ATT202410000125,STU000125,SCH033,2024-10-01,21,20,Medical
ATT202410000126,STU000126,SCH026,2024-10-01,20,20,
ATT202410000127,STU000127,SCH012,2024-10-01,18,16,Other
ATT202410000128,STU000128,SCH018,2024-10-01,18,15,Medical
ATT202410000129,STU000129,SCH028,2024-10-01,22,20,Family
ATT202410000130,STU000130,SCH032,2024-10-01,20,19,Other
ATT202410000131,STU000131,SCH030,2024-10-01,19,18,Illness
ATT202410000132,STU000132,SCH013,2024-10-01,21,20,Unauthorised
ATT202410000133,STU000133,SCH022,2024-10-01,18,16,Family
ATT202410000134,STU000134,SCH008,2024-10-01,22,21,Medical
ATT202410000135,STU000135,SCH027,2024-10-01,22,20,Other
ATT202410000136,STU000136,SCH020,2024-10-01,20,20,
ATT202410000137,STU000137,SCH028,2024-10-01,21,19,Unauthorised
ATT202410000138,STU000138,SCH025,2024-10-01,22,20,Illness
ATT202410000139,STU000139,SCH029,2024-10-01,22,21,Medical
ATT202410000140,STU000140,SCH022,2024-10-01,20,17,Illness
ATT202410000141,STU000141,SCH010,2024-10-01,22,20,Other
ATT202410000142,STU000142,SCH009,2024-10-01,20,18,Unauthorised
ATT202410000143,STU000143,SCH023,2024-10-01,21,20,Illness
ATT202410000144,STU000144,SCH019,2024-10-01,21,20,Unauthorised
ATT202410000145,STU000145,SCH035,2024-10-01,18,15,Unauthorised
ATT202410000146,STU000146,SCH003,2024-10-01,18,16,Unauthorised
ATT202410000147,STU000147,SCH031,2024-10-01,18,18,
ATT202410000148,STU000148,SCH009,2024-10-01,21,19,Unauthorised
ATT202410000149,STU000149,SCH015,2024-10-01,18,16,Family
ATT202410000150,STU000150,SCH023,2024-10-01,22,19,Family
ATT202410000151,STU000151,SCH043,2024-10-01,18,16,Unauthorised
ATT202410000152,STU000152,SCH011,2024-10-01,18,17,Family
ATT202410000153,STU000153,SCH045,2024-10-01,20,19,Family
ATT202410000154,STU000154,SCH014,2024-10-01,18,17,Unauthorised
ATT202410000155,STU000155,SCH044,2024-10-01,20,18,Illness
ATT202410000156,STU000156,SCH018,2024-10-01,19,16,Other
ATT202410000157,STU000157,SCH013,2024-10-01,19,18,Medical
ATT202410000158,STU000158,SCH033,2024-10-01,22,20,Family
ATT202410000159,STU000159,SCH017,2024-10-01,18,17,Other
ATT202410000160,STU000160,SCH009,2024-10-01,20,18,Other
ATT202410000161,STU000161,SCH033,2024-10-01,22,19,Other
ATT202410000162,STU000162,SCH027,2024-10-01,19,18,Medical
ATT202410000163,STU000163,SCH022,2024-10-01,22,19,Family
ATT202410000164,STU000164,SCH018,2024-10-01,21,21,
ATT202410000165,STU000165,SCH045,2024-10-01,21,20,Family
ATT202410000166,STU000166,SCH047,2024-10-01,20,18,Unauthorised
ATT202410000167,STU000167,SCH033,2024-10-01,22,20,Medical
ATT202410000169,STU000169,SCH007,2024-10-01,21,19,Illness
ATT202410000170,STU000170,SCH041,2024-10-01,21,19,Other
ATT202410000171,STU000171,SCH012,2024-10-01,20,19,Unauthorised
ATT202410000172,STU000172,SCH023,2024-10-01,18,17,Unauthorised
ATT202410000173,STU000173,SCH006,2024-10-01,18,16,Medical
ATT202410000174,STU000174,SCH043,2024-10-01,18,16,Other
ATT202410000175,STU000175,SCH015,2024-10-01,21,19,Other
ATT202410000176,STU000176,SCH003,2024-10-01,22,20,Other
ATT202410000177,STU000177,SCH036,2024-10-01,21,19,Family
ATT202410000178,STU000178,SCH022,2024-10-01,21,19,Other
ATT202410000179,STU000179,SCH007,2024-10-01,20,19,Other
ATT202410000180,STU000180,SCH048,2024-10-01,21,20,Illness
ATT202410000181,STU000181,SCH022,2024-10-01,22,21,Illness
ATT202410000182,STU000182,SCH034,2024-10-01,21,16,Medical
ATT202410000183,STU000183,SCH013,2024-10-01,21,19,Other
ATT202410000184,STU000184,SCH032,2024-10-01,20,18,Family
ATT202410000185,STU000185,SCH015,2024-10-01,20,19,Family
ATT202410000186,STU000186,SCH007,2024-10-01,19,18,Unauthorised
ATT202410000187,STU000187,SCH020,2024-10-01,19,19,
ATT202410000188,STU000188,SCH004,2024-10-01,20,19,Illness
ATT202410000189,STU000189,SCH040,2024-10-01,18,17,Other
ATT202410000190,STU000190,SCH008,2024-10-01,20,18,Illness
ATT202410000191,STU000191,SCH008,2024-10-01,22,20,Other
ATT202410000192,STU000192,SCH018,2024-10-01,18,18,
ATT202410000193,STU000193,SCH031,2024-10-01,20,18,Family
ATT202410000194,STU000194,SCH022,2024-10-01,18,16,Family
ATT202410000196,STU000196,SCH005,2024-10-01,22,20,Unauthorised
ATT202410000197,STU000197,SCH027,2024-10-01,19,17,Other
ATT202410000198,STU000198,SCH009,2024-10-01,21,19,Unauthorised
ATT202410000199,STU000199,SCH017,2024-10-01,21,18,Medical
ATT202410000200,STU000200,SCH049,2024-10-01,21,17,Illness
ATT202410000201,STU000201,SCH030,2024-10-01,21,21,
ATT202410000202,STU000202,SCH003,2024-10-01,20,19,Unauthorised
ATT202410000203,STU000203,SCH008,2024-10-01,19,18,Illness
ATT202410000204,STU000204,SCH011,2024-10-01,19,17,Medical
ATT202410000205,STU000205,SCH050,2024-10-01,20,18,Unauthorised
ATT202410000206,STU000206,SCH050,2024-10-01,22,19,Other
ATT202410000207,STU000207,SCH017,2024-10-01,19,18,Medical
ATT202410000208,STU000208,SCH016,2024-10-01,22,21,Medical
ATT202410000209,STU000209,SCH011,2024-10-01,19,19,
ATT202410000210,STU000210,SCH001,2024-10-01,21,19,Other
ATT202410000211,STU000211,SCH040,2024-10-01,21,19,Medical
ATT202410000212,STU000212,SCH014,2024-10-01,20,19,Family
ATT202410000213,STU000213,SCH002,2024-10-01,18,14,Other
ATT202410000214,STU000214,SCH026,2024-10-01,21,19,Medical
ATT202410000215,STU000215,SCH029,2024-10-01,20,18,Other
ATT202410000216,STU000216,SCH012,2024-10-01,19,18,Unauthorised
ATT202410000217,STU000217,SCH001,2024-10-01,18,17,Unauthorised
ATT202410000218,STU000218,SCH037,2024-10-01,20,19,Medical
ATT202410000219,STU000219,SCH021,2024-10-01,21,18,Other
ATT202410000220,STU000220,SCH008,2024-10-01,18,17,Other
ATT202410000221,STU000221,SCH040,2024-10-01,22,19,Family
ATT202410000222,STU000222,SCH041,2024-10-01,18,16,Medical
ATT202410000223,STU000223,SCH019,2024-10-01,20,19,Other
ATT202410000224,STU000224,SCH008,2024-10-01,19,18,Illness
ATT202410000225,STU000225,SCH030,2024-10-01,19,18,Medical
ATT202410000226,STU000226,SCH013,2024-10-01,21,19,Unauthorised
ATT202410000227,STU000227,SCH043,2024-10-01,18,17,Family
ATT202410000228,STU000228,SCH003,2024-10-01,19,17,Family
ATT202410000229,STU000229,SCH026,2024-10-01,20,18,Other
ATT202410000230,STU000230,SCH039,2024-10-01,18,17,Family
ATT202410000231,STU000231,SCH009,2024-10-01,21,17,Unauthorised
ATT202410000232,STU000232,SCH025,2024-10-01,22,20,Unauthorised
ATT202410000233,STU000233,SCH011,2024-10-01,18,17,Family
ATT202410000234,STU000234,SCH021,2024-10-01,18,17,Family
ATT202410000235,STU000235,SCH005,2024-10-01,21,19,Family
ATT202410000236,STU000236,SCH022,2024-10-01,18,16,Illness
ATT202410000237,STU000237,SCH040,2024-10-01,18,17,Family
ATT202410000238,STU000238,SCH018,2024-10-01,19,17,Other
ATT202410000239,STU000239,SCH031,2024-10-01,20,16,Illness
ATT202410000240,STU000240,SCH047,2024-10-01,20,19,Illness
ATT202410000241,STU000241,SCH015,2024-10-01,21,20,Other
ATT202410000242,STU000242,SCH005,2024-10-01,18,15,Medical
ATT202410000243,STU000243,SCH006,2024-10-01,22,20,Medical
ATT202410000244,STU000244,SCH002,2024-10-01,18,16,Other
ATT202410000245,STU000245,SCH038,2024-10-01,20,19,Other
ATT202410000246,STU000246,SCH044,2024-10-01,19,17,Illness
ATT202410000247,STU000247,SCH050,2024-10-01,22,19,Medical
ATT202410000248,STU000248,SCH039,2024-10-01,19,18,Family
ATT202410000249,STU000249,SCH001,2024-10-01,20,18,Medical
ATT202410000250,STU000250,SCH004,2024-10-01,21,19,Unauthorised
ATT202410000251,STU000251,SCH032,2024-10-01,20,17,Medical
ATT202410000252,STU000252,SCH047,2024-10-01,19,17,Illness
ATT202410000253,STU000253,SCH014,2024-10-01,22,20,Illness
ATT202410000254,STU000254,SCH018,2024-10-01,19,17,Illness
ATT202410000255,STU000255,SCH026,2024-10-01,18,17,Other
ATT202410000256,STU000256,SCH044,2024-10-01,18,16,Family
ATT202410000257,STU000257,SCH046,2024-10-01,22,19,Other
ATT202410000258,STU000258,SCH034,2024-10-01,20,17,Family
ATT202410000259,STU000259,SCH003,2024-10-01,19,18,Medical
ATT202410000260,STU000260,SCH050,2024-10-01,22,18,Family
ATT202410000261,STU000261,SCH009,2024-10-01,19,18,Unauthorised
ATT202410000262,STU000262,SCH045,2024-10-01,19,16,Illness
ATT202410000263,STU000263,SCH026,2024-10-01,22,21,Other
ATT202410000264,STU000264,SCH008,2024-10-01,18,16,Medical
ATT202410000265,STU000265,SCH050,2024-10-01,21,19,Illness
ATT202410000266,STU000266,SCH040,2024-10-01,21,18,Medical
ATT202410000267,STU000267,SCH001,2024-10-01,20,19,Family
ATT202410000268,STU000268,SCH008,2024-10-01,18,18,
ATT202410000269,STU000269,SCH009,2024-10-01,19,17,Medical
ATT202410000270,STU000270,SCH018,2024-10-01,19,19,
ATT202410000271,STU000271,SCH027,2024-10-01,20,18,Family
ATT202410000272,STU000272,SCH041,2024-10-01,20,18,Unauthorised
ATT202410000273,STU000273,SCH016,2024-10-01,20,18,Other
ATT202410000274,STU000274,SCH012,2024-10-01,21,18,Illness
ATT202410000275,STU000275,SCH050,2024-10-01,18,16,Medical
ATT202410000276,STU000276,SCH039,2024-10-01,20,18,Illness
ATT202410000277,STU000277,SCH041,2024-10-01,21,19,Family
ATT202410000278,STU000278,SCH039,2024-10-01,20,19,Illness
ATT202410000279,STU000279,SCH028,2024-10-01,19,17,Unauthorised
ATT202410000280,STU000280,SCH028,2024-10-01,22,20,Unauthorised
ATT202410000281,STU000281,SCH040,2024-10-01,22,19,Other
ATT202410000282,STU000282,SCH001,2024-10-01,18,15,Family
ATT202410000283,STU000283,SCH027,2024-10-01,21,19,Illness
ATT202410000284,STU000284,SCH020,2024-10-01,20,20,
ATT202410000285,STU000285,SCH046,2024-10-01,22,21,Family
ATT202410000286,STU000286,SCH041,2024-10-01,21,19,Other
ATT202410000287,STU000287,SCH008,2024-10-01,19,18,Family
ATT202410000288,STU000288,SCH031,2024-10-01,18,17,Medical
ATT202410000289,STU000289,SCH033,2024-10-01,22,20,Other
ATT202410000290,STU000290,SCH040,2024-10-01,21,19,Unauthorised
ATT202410000291,STU000291,SCH036,2024-10-01,21,18,Medical
ATT202410000292,STU000292,SCH044,2024-10-01,20,18,Unauthorised
ATT202410000293,STU000293,SCH033,2024-10-01,22,20,Unauthorised
ATT202410000294,STU000294,SCH012,2024-10-01,21,18,Medical
ATT202410000295,STU000295,SCH027,2024-10-01,20,19,Other
ATT202410000296,STU000296,SCH017,2024-10-01,21,18,Unauthorised
ATT202410000297,STU000297,SCH045,2024-10-01,21,18,Family
ATT202410000298,STU000298,SCH042,2024-10-01,22,16,Family
ATT202410000299,STU000299,SCH033,2024-10-01,21,20,Unauthorised
ATT202410000300,STU000300,SCH017,2024-10-01,19,17,Medical
ATT202410000301,STU000301,SCH043,2024-10-01,19,17,Other
ATT202410000302,STU000302,SCH024,2024-10-01,22,19,Other
ATT202410000303,STU000303,SCH010,2024-10-01,22,21,Illness
ATT202410000304,STU000304,SCH046,2024-10-01,22,20,Other
ATT202410000305,STU000305,SCH004,2024-10-01,20,18,Unauthorised
ATT202410000306,STU000306,SCH046,2024-10-01,19,16,Medical
ATT202410000307,STU000307,SCH010,2024-10-01,22,21,Family
ATT202410000308,STU000308,SCH005,2024-10-01,18,18,
ATT202410000309,STU000309,SCH026,2024-10-01,21,20,Family
ATT202410000310,STU000310,SCH025,2024-10-01,22,20,Illness
ATT202410000311,STU000311,SCH012,2024-10-01,19,16,Unauthorised
ATT202410000312,STU000312,SCH022,2024-10-01,20,16,Other
ATT202410000313,STU000313,SCH028,2024-10-01,20,18,Illness
ATT202410000314,STU000314,SCH012,2024-10-01,22,20,Other
ATT202410000315,STU000315,SCH046,2024-10-01,21,19,Unauthorised
ATT202410000316,STU000316,SCH037,2024-10-01,22,20,Family
ATT202410000317,STU000317,SCH008,2024-10-01,19,17,Medical
ATT202410000318,STU000318,SCH026,2024-10-01,18,18,
ATT202410000319,STU000319,SCH016,2024-10-01,22,21,Other
ATT202410000320,STU000320,SCH007,2024-10-01,20,19,Other
ATT202410000321,STU000321,SCH042,2024-10-01,21,18,Family
ATT202410000322,STU000322,SCH011,2024-10-01,20,19,Family
ATT202410000323,STU000323,SCH010,2024-10-01,19,17,Medical
ATT202410000324,STU000324,SCH042,2024-10-01,18,17,Unauthorised
ATT202410000325,STU000325,SCH041,2024-10-01,22,21,Family
ATT202410000326,STU000326,SCH023,2024-10-01,19,17,Medical
ATT202410000327,STU000327,SCH017,2024-10-01,21,18,Unauthorised
ATT202410000328,STU000328,SCH024,2024-10-01,18,16,Unauthorised
ATT202410000329,STU000329,SCH023,2024-10-01,22,19,Illness
ATT202410000330,STU000330,SCH031,2024-10-01,19,18,Other
ATT202410000331,STU000331,SCH025,2024-10-01,19,17,Medical
ATT202410000332,STU000332,SCH030,2024-10-01,22,20,Illness
ATT202410000333,STU000333,SCH037,2024-10-01,20,19,Family
ATT202410000334,STU000334,SCH005,2024-10-01,22,21,Illness
ATT202410000335,STU000335,SCH041,2024-10-01,18,16,Family
ATT202410000336,STU000336,SCH035,2024-10-01,18,16,Illness
ATT202410000337,STU000337,SCH011,2024-10-01,19,18,Medical
ATT202410000338,STU000338,SCH043,2024-10-01,20,17,Illness
ATT202410000339,STU000339,SCH024,2024-10-01,21,18,Unauthorised
ATT202410000340,STU000340,SCH025,2024-10-01,21,19,Other
ATT202410000341,STU000341,SCH007,2024-10-01,22,20,Illness
ATT202410000342,STU000342,SCH025,2024-10-01,20,19,Medical
ATT202410000343,STU000343,SCH042,2024-10-01,21,17,Medical
ATT202410000344,STU000344,SCH035,2024-10-01,22,19,Medical
ATT202410000345,STU000345,SCH010,2024-10-01,22,21,Medical
ATT202410000346,STU000346,SCH021,2024-10-01,19,17,Illness
ATT202410000347,STU000347,SCH012,2024-10-01,19,17,Illness
ATT202410000348,STU000348,SCH031,2024-10-01,22,19,Family
ATT202410000349,STU000349,SCH038,2024-10-01,21,19,Unauthorised
ATT202410000350,STU000350,SCH033,2024-10-01,19,18,Family
ATT202410000351,STU000351,SCH040,2024-10-01,20,19,Illness
ATT202410000352,STU000352,SCH027,2024-10-01,18,16,Family
ATT202410000353,STU000353,SCH008,2024-10-01,18,16,Unauthorised
ATT202410000354,STU000354,SCH031,2024-10-01,22,20,Other
ATT202410000355,STU000355,SCH038,2024-10-01,18,16,Medical
ATT202410000356,STU000356,SCH020,2024-10-01,21,19,Other
ATT202410000357,STU000357,SCH009,2024-10-01,20,19,Medical
ATT202410000358,STU000358,SCH014,2024-10-01,20,19,Medical
ATT202410000359,STU000359,SCH031,2024-10-01,20,19,Medical
ATT202410000360,STU000360,SCH006,2024-10-01,19,19,
ATT202410000361,STU000361,SCH029,2024-10-01,20,18,Illness
ATT202410000362,STU000362,SCH047,2024-10-01,20,20,
ATT202410000363,STU000363,SCH013,2024-10-01,18,17,Family
ATT202410000364,STU000364,SCH039,2024-10-01,20,19,Other
ATT202410000365,STU000365,SCH010,2024-10-01,20,18,Illness
ATT202410000366,STU000366,SCH038,2024-10-01,18,16,Other
ATT202410000367,STU000367,SCH047,2024-10-01,20,19,Other
ATT202410000368,STU000368,SCH022,2024-10-01,22,20,Family
ATT202410000369,STU000369,SCH047,2024-10-01,22,19,Unauthorised
ATT202410000370,STU000370,SCH026,2024-10-01,20,18,Medical
ATT202410000371,STU000371,SCH036,2024-10-01,21,20,Other
ATT202410000372,STU000372,SCH002,2024-10-01,19,17,Unauthorised
ATT202410000373,STU000373,SCH025,2024-10-01,22,21,Other
ATT202410000374,STU000374,SCH003,2024-10-01,21,21,
ATT202410000375,STU000375,SCH019,2024-10-01,20,20,
ATT202410000376,STU000376,SCH019,2024-10-01,21,19,Other
ATT202410000377,STU000377,SCH008,2024-10-01,19,19,
ATT202410000378,STU000378,SCH034,2024-10-01,20,19,Other
ATT202410000379,STU000379,SCH047,2024-10-01,22,20,Unauthorised
ATT202410000380,STU000380,SCH049,2024-10-01,21,19,Family
ATT202410000381,STU000381,SCH036,2024-10-01,19,18,Illness
ATT202410000382,STU000382,SCH004,2024-10-01,22,20,Medical
ATT202410000383,STU000383,SCH047,2024-10-01,18,17,Other
ATT202410000384,STU000384,SCH032,2024-10-01,20,19,Unauthorised
ATT202410000385,STU000385,SCH023,2024-10-01,21,18,Illness
ATT202410000386,STU000386,SCH011,2024-10-01,19,18,Illness
ATT202410000387,STU000387,SCH027,2024-10-01,18,16,Illness
ATT202410000388,STU000388,SCH032,2024-10-01,21,19,Family
ATT202410000389,STU000389,SCH026,2024-10-01,21,20,Illness
ATT202410000390,STU000390,SCH032,2024-10-01,22,20,Medical
ATT202410000391,STU000391,SCH024,2024-10-01,19,16,Medical
ATT202410000392,STU000392,SCH036,2024-10-01,19,18,Illness
ATT202410000393,STU000393,SCH005,2024-10-01,18,17,Other
ATT202410000394,STU000394,SCH032,2024-10-01,22,20,Illness
ATT202410000395,STU000395,SCH023,2024-10-01,20,18,Illness
ATT202410000396,STU000396,SCH037,2024-10-01,19,17,Other
ATT202410000397,STU000397,SCH047,2024-10-01,22,20,Illness
ATT202410000398,STU000398,SCH034,2024-10-01,18,16,Family
ATT202410000399,STU000399,SCH036,2024-10-01,18,16,Unauthorised
ATT202410000400,STU000400,SCH022,2024-10-01,18,18,
ATT202410000401,STU000401,SCH012,2024-10-01,20,17,Illness
ATT202410000402,STU000402,SCH037,2024-10-01,19,18,Medical
ATT202410000403,STU000403,SCH028,2024-10-01,19,18,Family
ATT202410000404,STU000404,SCH026,2024-10-01,18,16,Family
ATT202410000405,STU000405,SCH020,2024-10-01,22,22,
ATT202410000406,STU000406,SCH029,2024-10-01,21,19,Medical
ATT202410000407,STU000407,SCH034,2024-10-01,19,17,Family
ATT202410000408,STU000408,SCH050,2024-10-01,21,19,Medical
ATT202410000409,STU000409,SCH005,2024-10-01,20,19,Other
ATT202410000410,STU000410,SCH008,2024-10-01,20,17,Medical
ATT202410000411,STU000411,SCH008,2024-10-01,22,19,Medical
ATT202410000412,STU000412,SCH036,2024-10-01,21,19,Illness
ATT202410000413,STU000413,SCH016,2024-10-01,22,22,
ATT202410000414,STU000414,SCH021,2024-10-01,18,15,Medical
ATT202410000415,STU000415,SCH009,2024-10-01,22,20,Family
ATT202410000416,STU000416,SCH049,2024-10-01,18,16,Unauthorised
ATT202410000417,STU000417,SCH022,2024-10-01,21,19,Unauthorised
ATT202410000418,STU000418,SCH032,2024-10-01,19,17,Other
ATT202410000419,STU000419,SCH039,2024-10-01,19,17,Unauthorised
ATT202410000420,STU000420,SCH046,2024-10-01,19,18,Unauthorised
ATT202410000421,STU000421,SCH023,2024-10-01,20,18,Family
ATT202410000422,STU000422,SCH032,2024-10-01,19,18,Medical
ATT202410000424,STU000424,SCH002,2024-10-01,22,20,Illness
ATT202410000425,STU000425,SCH034,2024-10-01,18,17,Unauthorised
ATT202410000426,STU000426,SCH027,2024-10-01,20,18,Unauthorised
ATT202410000427,STU000427,SCH036,2024-10-01,20,20,
ATT202410000428,STU000428,SCH010,2024-10-01,22,21,Medical
ATT202410000429,STU000429,SCH019,2024-10-01,20,20,
ATT202410000430,STU000430,SCH032,2024-10-01,19,17,Illness
ATT202410000431,STU000431,SCH014,2024-10-01,20,17,Family
ATT202410000432,STU000432,SCH018,2024-10-01,19,17,Family
ATT202410000433,STU000433,SCH035,2024-10-01,19,17,Unauthorised
ATT202410000434,STU000434,SCH020,2024-10-01,22,20,Medical
ATT202410000435,STU000435,SCH042,2024-10-01,20,18,Illness
ATT202410000436,STU000436,SCH002,2024-10-01,21,16,Illness
ATT202410000437,STU000437,SCH028,2024-10-01,22,22,
ATT202410000438,STU000438,SCH034,2024-10-01,18,16,Other
ATT202410000439,STU000439,SCH004,2024-10-01,20,18,Medical
ATT202410000440,STU000440,SCH007,2024-10-01,22,22,
ATT202410000441,STU000441,SCH008,2024-10-01,21,19,Family
ATT202410000442,STU000442,SCH036,2024-10-01,20,19,Other
ATT202410000443,STU000443,SCH019,2024-10-01,21,20,Medical
ATT202410000444,STU000444,SCH047,2024-10-01,18,16,Medical
ATT202410000445,STU000445,SCH030,2024-10-01,18,16,Other
ATT202410000446,STU000446,SCH048,2024-10-01,21,19,Unauthorised
ATT202410000447,STU000447,SCH022,2024-10-01,22,18,Unauthorised
ATT202410000448,STU000448,SCH017,2024-10-01,18,16,Unauthorised
ATT202410000449,STU000449,SCH035,2024-10-01,20,18,Illness
ATT202410000450,STU000450,SCH001,2024-10-01,18,17,Medical
ATT202410000451,STU000451,SCH046,2024-10-01,19,17,Family
ATT202410000452,STU000452,SCH007,2024-10-01,19,17,Unauthorised
ATT202410000453,STU000453,SCH041,2024-10-01,18,16,Family
ATT202410000454,STU000454,SCH014,2024-10-01,21,21,
ATT202410000455,STU000455,SCH017,2024-10-01,20,18,Medical
ATT202410000456,STU000456,SCH049,2024-10-01,21,19,Unauthorised
ATT202410000457,STU000457,SCH039,2024-10-01,19,18,Medical
ATT202410000458,STU000458,SCH042,2024-10-01,20,17,Other
ATT202410000459,STU000459,SCH004,2024-10-01,21,20,Other
ATT202410000460,STU000460,SCH037,2024-10-01,19,18,Medical
ATT202410000461,STU000461,SCH014,2024-10-01,20,17,Other
ATT202410000462,STU000462,SCH033,2024-10-01,19,18,Illness
ATT202410000463,STU000463,SCH024,2024-10-01,20,17,Unauthorised
ATT202410000464,STU000464,SCH020,2024-10-01,20,19,Unauthorised
ATT202410000465,STU000465,SCH021,2024-10-01,18,17,Unauthorised
ATT202410000466,STU000466,SCH046,2024-10-01,19,18,Other
ATT202410000467,STU000467,SCH043,2024-10-01,20,18,Other
ATT202410000468,STU000468,SCH023,2024-10-01,20,18,Unauthorised
ATT202410000469,STU000469,SCH011,2024-10-01,22,21,Illness
ATT202410000470,STU000470,SCH025,2024-10-01,21,19,Illness
ATT202410000471,STU000471,SCH040,2024-10-01,21,19,Unauthorised
ATT202410000472,STU000472,SCH046,2024-10-01,21,18,Unauthorised
ATT202410000473,STU000473,SCH009,2024-10-01,18,17,Illness
ATT202410000474,STU000474,SCH031,2024-10-01,21,19,Medical
ATT202410000475,STU000475,SCH038,2024-10-01,20,19,Medical
ATT202410000476,STU000476,SCH030,2024-10-01,21,19,Family
ATT202410000477,STU000477,SCH029,2024-10-01,19,16,Illness
ATT202410000478,STU000478,SCH009,2024-10-01,19,17,Other
ATT202410000479,STU000479,SCH028,2024-10-01,21,18,Other
ATT202410000480,STU000480,SCH009,2024-10-01,19,16,Other
ATT202410000481,STU000481,SCH009,2024-10-01,18,15,Unauthorised
ATT202410000482,STU000482,SCH039,2024-10-01,21,18,Other
ATT202410000483,STU000483,SCH040,2024-10-01,21,20,Other
ATT202410000484,STU000484,SCH003,2024-10-01,22,20,Unauthorised
ATT202410000485,STU000485,SCH004,2024-10-01,21,20,Illness
ATT202410000486,STU000486,SCH038,2024-10-01,19,18,Illness
ATT202410000487,STU000487,SCH049,2024-10-01,20,16,Medical
ATT202410000488,STU000488,SCH012,2024-10-01,21,20,Illness
ATT202410000489,STU000489,SCH010,2024-10-01,21,18,Family
ATT202410000490,STU000490,SCH019,2024-10-01,18,17,Family
ATT202410000491,STU000491,SCH009,2024-10-01,21,19,Medical
ATT202410000492,STU000492,SCH005,2024-10-01,19,17,Family
ATT202410000493,STU000493,SCH045,2024-10-01,18,17,Unauthorised
ATT202410000494,STU000494,SCH046,2024-10-01,20,19,Illness
ATT202410000495,STU000495,SCH009,2024-10-01,20,17,Other
ATT202410000496,STU000496,SCH004,2024-10-01,22,20,Medical
ATT202410000497,STU000497,SCH048,2024-10-01,19,17,Medical
ATT202410000498,STU000498,SCH014,2024-10-01,22,20,Illness
ATT202410000499,STU000499,SCH040,2024-10-01,19,17,Family
ATT202410000500,STU000500,SCH020,2024-10-01,19,18,Family
ATT202410000501,STU000501,SCH019,2024-10-01,21,20,Medical
ATT202410000502,STU000502,SCH016,2024-10-01,21,20,Other
ATT202410000503,STU000503,SCH015,2024-10-01,19,19,
ATT202410000504,STU000504,SCH041,2024-10-01,22,21,Unauthorised
ATT202410000505,STU000505,SCH015,2024-10-01,18,17,Medical
ATT202410000506,STU000506,SCH024,2024-10-01,22,20,Illness
ATT202410000507,STU000507,SCH040,2024-10-01,20,19,Other
ATT202410000508,STU000508,SCH024,2024-10-01,20,15,Other
ATT202410000509,STU000509,SCH049,2024-10-01,21,20,Illness
ATT202410000510,STU000510,SCH001,2024-10-01,22,19,Family
ATT202410000511,STU000511,SCH008,2024-10-01,22,19,Family
ATT202410000512,STU000512,SCH007,2024-10-01,21,20,Illness
ATT202410000513,STU000513,SCH004,2024-10-01,22,20,Other
ATT202410000514,STU000514,SCH012,2024-10-01,22,20,Illness
ATT202410000515,STU000515,SCH012,2024-10-01,21,19,Family
ATT202410000516,STU000516,SCH047,2024-10-01,18,16,Other
ATT202410000517,STU000517,SCH027,2024-10-01,19,18,Medical
ATT202410000518,STU000518,SCH036,2024-10-01,20,19,Other
ATT202410000519,STU000519,SCH026,2024-10-01,19,18,Illness
ATT202410000520,STU000520,SCH018,2024-10-01,20,19,Unauthorised
ATT202410000521,STU000521,SCH045,2024-10-01,21,19,Medical
ATT202410000522,STU000522,SCH029,2024-10-01,22,19,Illness
ATT202410000523,STU000523,SCH007,2024-10-01,21,19,Medical
ATT202410000524,STU000524,SCH005,2024-10-01,19,17,Other
ATT202410000525,STU000525,SCH026,2024-10-01,21,20,Family
ATT202410000526,STU000526,SCH046,2024-10-01,18,16,Medical
ATT202410000527,STU000527,SCH006,2024-10-01,20,19,Medical
ATT202410000528,STU000528,SCH018,2024-10-01,19,17,Family
ATT202410000529,STU000529,SCH010,2024-10-01,22,20,Family
ATT202410000530,STU000530,SCH011,2024-10-01,19,18,Illness
ATT202410000531,STU000531,SCH008,2024-10-01,22,20,Other
ATT202410000532,STU000532,SCH029,2024-10-01,20,19,Illness
ATT202410000533,STU000533,SCH017,2024-10-01,20,18,Family
ATT202410000534,STU000534,SCH045,2024-10-01,19,17,Medical
ATT202410000535,STU000535,SCH024,2024-10-01,19,17,Medical
ATT202410000536,STU000536,SCH017,2024-10-01,19,18,Other
ATT202410000537,STU000537,SCH004,2024-10-01,18,16,Unauthorised
ATT202410000538,STU000538,SCH001,2024-10-01,21,18,Unauthorised
ATT202410000539,STU000539,SCH025,2024-10-01,20,18,Other
ATT202410000540,STU000540,SCH045,2024-10-01,21,19,Unauthorised
ATT202410000541,STU000541,SCH038,2024-10-01,19,19,
ATT202410000542,STU000542,SCH006,2024-10-01,21,19,Other
ATT202410000543,STU000543,SCH029,2024-10-01,22,20,Unauthorised
ATT202410000544,STU000544,SCH006,2024-10-01,21,19,Medical
ATT202410000545,STU000545,SCH025,2024-10-01,22,20,Other
ATT202410000546,STU000546,SCH044,2024-10-01,19,18,Illness
ATT202410000547,STU000547,SCH034,2024-10-01,20,17,Family
ATT202410000548,STU000548,SCH004,2024-10-01,20,18,Illness
ATT202410000549,STU000549,SCH011,2024-10-01,20,19,Medical
ATT202410000550,STU000550,SCH008,2024-10-01,21,18,Illness
ATT202410000551,STU000551,SCH049,2024-10-01,18,15,Unauthorised
ATT202410000552,STU000552,SCH009,2024-10-01,18,16,Family
ATT202410000553,STU000553,SCH048,2024-10-01,20,19,Medical
ATT202410000554,STU000554,SCH016,2024-10-01,18,17,Family
ATT202410000555,STU000555,SCH010,2024-10-01,19,19,
ATT202410000556,STU000556,SCH034,2024-10-01,22,19,Family
ATT202410000557,STU000557,SCH025,2024-10-01,19,17,Family
ATT202410000558,STU000558,SCH006,2024-10-01,20,17,Illness
ATT202410000559,STU000559,SCH034,2024-10-01,22,20,Unauthorised
ATT202410000560,STU000560,SCH016,2024-10-01,21,19,Illness
ATT202410000561,STU000561,SCH036,2024-10-01,22,20,Medical
ATT202410000562,STU000562,SCH042,2024-10-01,22,20,Illness
ATT202410000563,STU000563,SCH004,2024-10-01,20,18,Other
ATT202410000564,STU000564,SCH019,2024-10-01,21,18,Illness
ATT202410000565,STU000565,SCH049,2024-10-01,18,16,Unauthorised
ATT202410000566,STU000566,SCH029,2024-10-01,18,17,Unauthorised
ATT202410000567,STU000567,SCH030,2024-10-01,22,21,Unauthorised
ATT202410000568,STU000568,SCH036,2024-10-01,22,20,Illness
ATT202410000569,STU000569,SCH012,2024-10-01,22,20,Family
ATT202410000570,STU000570,SCH009,2024-10-01,22,19,Unauthorised
ATT202410000571,STU000571,SCH036,2024-10-01,18,17,Illness
ATT202410000572,STU000572,SCH027,2024-10-01,19,16,Other
ATT202410000573,STU000573,SCH033,2024-10-01,18,16,Illness
ATT202410000574,STU000574,SCH025,2024-10-01,19,18,Illness
ATT202410000575,STU000575,SCH014,2024-10-01,18,15,Illness
ATT202410000576,STU000576,SCH001,2024-10-01,19,16,Unauthorised
ATT202410000577,STU000577,SCH040,2024-10-01,19,17,Other
ATT202410000578,STU000578,SCH025,2024-10-01,19,17,Unauthorised
ATT202410000579,STU000579,SCH047,2024-10-01,19,16,Medical
ATT202410000580,STU000580,SCH034,2024-10-01,20,18,Illness
ATT202410000581,STU000581,SCH008,2024-10-01,19,17,Other
ATT202410000582,STU000582,SCH008,2024-10-01,20,19,Medical
ATT202410000583,STU000583,SCH004,2024-10-01,18,18,
ATT202410000584,STU000584,SCH025,2024-10-01,18,16,Unauthorised
ATT202410000585,STU000585,SCH039,2024-10-01,20,18,Family
ATT202410000586,STU000586,SCH009,2024-10-01,19,17,Unauthorised
ATT202410000587,STU000587,SCH028,2024-10-01,20,18,Illness
ATT202410000588,STU000588,SCH009,2024-10-01,18,17,Family
ATT202410000589,STU000589,SCH040,2024-10-01,21,19,Medical
ATT202410000590,STU000590,SCH044,2024-10-01,22,19,Illness
ATT202410000591,STU000591,SCH020,2024-10-01,20,18,Other
ATT202410000592,STU000592,SCH047,2024-10-01,19,18,Family
ATT202410000593,STU000593,SCH020,2024-10-01,22,20,Unauthorised
ATT202410000594,STU000594,SCH015,2024-10-01,21,19,Medical
ATT202410000595,STU000595,SCH040,2024-10-01,19,18,Medical
ATT202410000596,STU000596,SCH031,2024-10-01,18,16,Medical
ATT202410000597,STU000597,SCH043,2024-10-01,19,17,Family
ATT202410000598,STU000598,SCH028,2024-10-01,20,18,Unauthorised
ATT202410000599,STU000599,SCH035,2024-10-01,21,20,Illness
ATT202410000600,STU000600,SCH042,2024-10-01,20,18,Medical
ATT202410000601,STU000601,SCH039,2024-10-01,19,17,Other
ATT202410000602,STU000602,SCH004,2024-10-01,22,20,Other
ATT202410000603,STU000603,SCH022,2024-10-01,22,18,Unauthorised
ATT202410000604,STU000604,SCH033,2024-10-01,21,19,Family
ATT202410000605,STU000605,SCH008,2024-10-01,20,18,Unauthorised
ATT202410000606,STU000606,SCH040,2024-10-01,22,22,
ATT202410000607,STU000607,SCH007,2024-10-01,22,20,Unauthorised
ATT202410000608,STU000608,SCH024,2024-10-01,21,19,Medical
ATT202410000609,STU000609,SCH042,2024-10-01,22,20,Medical
ATT202410000610,STU000610,SCH018,2024-10-01,18,16,Medical
ATT202410000611,STU000611,SCH011,2024-10-01,18,16,Unauthorised
ATT202410000612,STU000612,SCH022,2024-10-01,18,16,Medical
ATT202410000613,STU000613,SCH021,2024-10-01,19,17,Medical
ATT202410000614,STU000614,SCH037,2024-10-01,18,17,Unauthorised
ATT202410000615,STU000615,SCH004,2024-10-01,21,19,Illness
ATT202410000616,STU000616,SCH016,2024-10-01,18,16,Unauthorised
ATT202410000617,STU000617,SCH040,2024-10-01,18,15,Medical
ATT202410000618,STU000618,SCH005,2024-10-01,19,18,Illness
ATT202410000619,STU000619,SCH043,2024-10-01,20,18,Illness
ATT202410000620,STU000620,SCH046,2024-10-01,19,17,Family
ATT202410000621,STU000621,SCH026,2024-10-01,22,20,Illness
ATT202410000622,STU000622,SCH026,2024-10-01,18,16,Other
ATT202410000623,STU000623,SCH008,2024-10-01,21,19,Other
ATT202410000624,STU000624,SCH005,2024-10-01,18,16,Other
ATT202410000625,STU000625,SCH001,2024-10-01,21,20,Illness
ATT202410000626,STU000626,SCH001,2024-10-01,20,17,Illness
ATT202410000627,STU000627,SCH012,2024-10-01,18,16,Medical
ATT202410000628,STU000628,SCH004,2024-10-01,19,18,Family
ATT202410000629,STU000629,SCH007,2024-10-01,18,17,Family
ATT202410000630,STU000630,SCH004,2024-10-01,22,19,Other
ATT202410000631,STU000631,SCH028,2024-10-01,22,21,Family
ATT202410000632,STU000632,SCH044,2024-10-01,22,20,Illness
ATT202410000633,STU000633,SCH030,2024-10-01,22,20,Unauthorised
ATT202410000634,STU000634,SCH032,2024-10-01,22,20,Other
ATT202410000635,STU000635,SCH049,2024-10-01,21,19,Other
ATT202410000636,STU000636,SCH005,2024-10-01,21,19,Other
ATT202410000637,STU000637,SCH042,2024-10-01,19,18,Family
ATT202410000638,STU000638,SCH010,2024-10-01,20,18,Medical
ATT202410000639,STU000639,SCH047,2024-10-01,19,17,Other
ATT202410000640,STU000640,SCH006,2024-10-01,20,17,Family
ATT202410000641,STU000641,SCH025,2024-10-01,20,18,Illness
ATT202410000642,STU000642,SCH049,2024-10-01,21,19,Medical
ATT202410000643,STU000643,SCH026,2024-10-01,21,21,
ATT202410000644,STU000644,SCH004,2024-10-01,20,19,Medical
ATT202410000645,STU000645,SCH020,2024-10-01,20,18,Other
ATT202410000646,STU000646,SCH019,2024-10-01,19,18,Medical
ATT202410000647,STU000647,SCH018,2024-10-01,21,19,Unauthorised
ATT202410000648,STU000648,SCH039,2024-10-01,20,18,Illness
ATT202410000649,STU000649,SCH024,2024-10-01,20,18,Other
ATT202410000650,STU000650,SCH016,2024-10-01,18,17,Other
ATT202410000651,STU000651,SCH018,2024-10-01,18,17,Other
ATT202410000652,STU000652,SCH028,2024-10-01,18,16,Family
ATT202410000653,STU000653,SCH040,2024-10-01,19,19,
ATT202410000654,STU000654,SCH015,2024-10-01,20,19,Illness
ATT202410000655,STU000655,SCH027,2024-10-01,19,17,Unauthorised
ATT202410000656,STU000656,SCH023,2024-10-01,19,17,Unauthorised
ATT202410000657,STU000657,SCH008,2024-10-01,19,18,Other
ATT202410000658,STU000658,SCH018,2024-10-01,22,21,Unauthorised
ATT202410000659,STU000659,SCH045,2024-10-01,22,19,Illness
ATT202410000660,STU000660,SCH026,2024-10-01,21,19,Other
ATT202410000661,STU000661,SCH040,2024-10-01,20,19,Other
ATT202410000662,STU000662,SCH006,2024-10-01,21,20,Other
ATT202410000663,STU000663,SCH010,2024-10-01,19,17,Unauthorised
ATT202410000665,STU000665,SCH013,2024-10-01,20,20,
ATT202410000666,STU000666,SCH023,2024-10-01,18,16,Medical
ATT202410000667,STU000667,SCH039,2024-10-01,21,21,
ATT202410000668,STU000668,SCH034,2024-10-01,20,19,Illness
ATT202410000669,STU000669,SCH030,2024-10-01,20,19,Family
ATT202410000670,STU000670,SCH035,2024-10-01,22,19,Illness
ATT202410000671,STU000671,SCH014,2024-10-01,22,20,Other
ATT202410000672,STU000672,SCH001,2024-10-01,22,20,Other
ATT202410000673,STU000673,SCH032,2024-10-01,18,15,Medical
ATT202410000674,STU000674,SCH022,2024-10-01,20,17,Other
ATT202410000675,STU000675,SCH022,2024-10-01,20,19,Medical
ATT202410000676,STU000676,SCH004,2024-10-01,18,17,Illness
ATT202410000677,STU000677,SCH026,2024-10-01,19,19,
ATT202410000678,STU000678,SCH022,2024-10-01,21,20,Other
ATT202410000679,STU000679,SCH034,2024-10-01,18,16,Other
ATT202410000680,STU000680,SCH037,2024-10-01,18,18,
ATT202410000681,STU000681,SCH043,2024-10-01,18,15,Family
ATT202410000682,STU000682,SCH011,2024-10-01,20,18,Other
ATT202410000683,STU000683,SCH016,2024-10-01,19,18,Other
ATT202410000684,STU000684,SCH017,2024-10-01,18,16,Other
ATT202410000685,STU000685,SCH020,2024-10-01,18,16,Medical
ATT202410000686,STU000686,SCH012,2024-10-01,18,16,Other
ATT202410000687,STU000687,SCH050,2024-10-01,19,15,Illness
ATT202410000688,STU000688,SCH018,2024-10-01,18,17,Family
ATT202410000689,STU000689,SCH010,2024-10-01,18,15,Unauthorised
ATT202410000690,STU000690,SCH001,2024-10-01,22,18,Family
ATT202410000691,STU000691,SCH031,2024-10-01,19,17,Other
ATT202410000692,STU000692,SCH012,2024-10-01,20,18,Family
ATT202410000693,STU000693,SCH043,2024-10-01,21,18,Medical
ATT202410000694,STU000694,SCH012,2024-10-01,22,21,Unauthorised
ATT202410000695,STU000695,SCH031,2024-10-01,21,18,Medical
ATT202410000696,STU000696,SCH046,2024-10-01,22,20,Medical
ATT202410000698,STU000698,SCH031,2024-10-01,22,20,Unauthorised
ATT202410000699,STU000699,SCH014,2024-10-01,19,18,Unauthorised
ATT202410000700,STU000700,SCH008,2024-10-01,22,19,Medical
ATT202410000701,STU000701,SCH031,2024-10-01,22,19,Other
ATT202410000702,STU000702,SCH034,2024-10-01,18,17,Unauthorised
ATT202410000703,STU000703,SCH034,2024-10-01,20,18,Illness
ATT202410000704,STU000704,SCH048,2024-10-01,21,19,Unauthorised
ATT202410000705,STU000705,SCH043,2024-10-01,19,17,Family
ATT202410000706,STU000706,SCH042,2024-10-01,20,18,Illness
ATT202410000707,STU000707,SCH036,2024-10-01,20,18,Other
ATT202410000708,STU000708,SCH034,2024-10-01,19,19,
ATT202410000709,STU000709,SCH045,2024-10-01,19,18,Illness
ATT202410000710,STU000710,SCH012,2024-10-01,21,19,Family
ATT202410000711,STU000711,SCH012,2024-10-01,21,19,Family
ATT202410000712,STU000712,SCH035,2024-10-01,18,17,Other
ATT202410000713,STU000713,SCH046,2024-10-01,22,19,Unauthorised
ATT202410000714,STU000714,SCH030,2024-10-01,19,17,Medical
ATT202410000715,STU000715,SCH011,2024-10-01,19,18,Unauthorised
ATT202410000716,STU000716,SCH015,2024-10-01,20,18,Medical
ATT202410000717,STU000717,SCH001,2024-10-01,19,16,Medical
ATT202410000718,STU000718,SCH022,2024-10-01,18,17,Other
ATT202410000719,STU000719,SCH007,2024-10-01,21,20,Other
ATT202410000720,STU000720,SCH039,2024-10-01,18,15,Family
ATT202410000721,STU000721,SCH037,2024-10-01,22,20,Illness
ATT202410000722,STU000722,SCH038,2024-10-01,19,18,Other
ATT202410000723,STU000723,SCH040,2024-10-01,20,19,Family
ATT202410000724,STU000724,SCH027,2024-10-01,21,19,Family
ATT202410000725,STU000725,SCH036,2024-10-01,18,16,Medical
ATT202410000726,STU000726,SCH033,2024-10-01,18,18,
ATT202410000727,STU000727,SCH029,2024-10-01,22,20,Other
ATT202410000728,STU000728,SCH034,2024-10-01,21,19,Unauthorised
ATT202410000729,STU000729,SCH034,2024-10-01,20,17,Family
ATT202410000730,STU000730,SCH042,2024-10-01,18,18,
ATT202410000731,STU000731,SCH006,2024-10-01,21,20,Family
ATT202410000732,STU000732,SCH018,2024-10-01,18,17,Unauthorised
ATT202410000733,STU000733,SCH004,2024-10-01,18,17,Medical
ATT202410000734,STU000734,SCH050,2024-10-01,20,17,Family
ATT202410000735,STU000735,SCH010,2024-10-01,19,17,Family
ATT202410000736,STU000736,SCH007,2024-10-01,22,20,Illness
ATT202410000737,STU000737,SCH020,2024-10-01,19,18,Unauthorised
ATT202410000738,STU000738,SCH034,2024-10-01,21,20,Family
ATT202410000739,STU000739,SCH017,2024-10-01,22,19,Unauthorised
ATT202410000740,STU000740,SCH016,2024-10-01,21,20,Other
ATT202410000741,STU000741,SCH035,2024-10-01,22,20,Unauthorised
ATT202410000742,STU000742,SCH020,2024-10-01,22,22,
ATT202410000743,STU000743,SCH048,2024-10-01,22,18,Other
ATT202410000744,STU000744,SCH007,2024-10-01,22,21,Medical
ATT202410000745,STU000745,SCH043,2024-10-01,22,18,Unauthorised
ATT202410000746,STU000746,SCH013,2024-10-01,22,20,Other
ATT202410000747,STU000747,SCH008,2024-10-01,19,17,Medical
ATT202410000748,STU000748,SCH009,2024-10-01,18,16,Family
ATT202410000749,STU000749,SCH044,2024-10-01,21,19,Other
ATT202410000750,STU000750,SCH001,2024-10-01,18,17,Family
ATT202410000751,STU000751,SCH023,2024-10-01,19,18,Family
ATT202410000752,STU000752,SCH028,2024-10-01,18,17,Other
ATT202410000753,STU000753,SCH047,2024-10-01,22,21,Family
ATT202410000754,STU000754,SCH011,2024-10-01,20,18,Other
ATT202410000755,STU000755,SCH009,2024-10-01,21,20,Unauthorised
ATT202410000756,STU000756,SCH018,2024-10-01,21,20,Other
ATT202410000757,STU000757,SCH020,2024-10-01,21,19,Illness
ATT202410000758,STU000758,SCH038,2024-10-01,22,20,Unauthorised
ATT202410000759,STU000759,SCH047,2024-10-01,22,20,Unauthorised
ATT202410000760,STU000760,SCH045,2024-10-01,22,20,Unauthorised
ATT202410000761,STU000761,SCH039,2024-10-01,19,17,Illness
ATT202410000762,STU000762,SCH035,2024-10-01,19,17,Unauthorised
ATT202410000763,STU000763,SCH010,2024-10-01,21,21,
ATT202410000764,STU000764,SCH050,2024-10-01,21,19,Unauthorised
ATT202410000765,STU000765,SCH003,2024-10-01,19,17,Family
ATT202410000766,STU000766,SCH001,2024-10-01,21,19,Family
ATT202410000767,STU000767,SCH017,2024-10-01,18,16,Other
ATT202410000768,STU000768,SCH036,2024-10-01,19,18,Family
ATT202410000769,STU000769,SCH024,2024-10-01,21,19,Family
ATT202410000770,STU000770,SCH008,2024-10-01,22,21,Other
ATT202410000771,STU000771,SCH045,2024-10-01,20,18,Family
ATT202410000772,STU000772,SCH037,2024-10-01,20,18,Other
ATT202410000773,STU000773,SCH019,2024-10-01,20,19,Illness
ATT202410000774,STU000774,SCH004,2024-10-01,20,18,Medical
ATT202410000775,STU000775,SCH009,2024-10-01,19,17,Illness
ATT202410000776,STU000776,SCH044,2024-10-01,20,18,Other
ATT202410000777,STU000777,SCH020,2024-10-01,22,20,Family
ATT202410000778,STU000778,SCH041,2024-10-01,20,19,Other
ATT202410000779,STU000779,SCH006,2024-10-01,22,20,Medical
ATT202410000780,STU000780,SCH041,2024-10-01,18,17,Illness
ATT202410000781,STU000781,SCH003,2024-10-01,22,19,Illness
ATT202410000782,STU000782,SCH021,2024-10-01,20,18,Family
ATT202410000783,STU000783,SCH006,2024-10-01,20,18,Family
ATT202410000784,STU000784,SCH023,2024-10-01,21,19,Medical
ATT202410000785,STU000785,SCH012,2024-10-01,20,17,Unauthorised
ATT202410000786,STU000786,SCH020,2024-10-01,21,19,Other
ATT202410000787,STU000787,SCH037,2024-10-01,19,16,Medical
ATT202410000788,STU000788,SCH037,2024-10-01,22,20,Unauthorised
ATT202410000789,STU000789,SCH026,2024-10-01,18,17,Unauthorised
ATT202410000790,STU000790,SCH041,2024-10-01,21,19,Other
ATT202410000791,STU000791,SCH032,2024-10-01,18,15,Medical
ATT202410000792,STU000792,SCH006,2024-10-01,21,19,Medical
ATT202410000793,STU000793,SCH048,2024-10-01,18,16,Illness
ATT202410000794,STU000794,SCH025,2024-10-01,22,21,Family
ATT202410000795,STU000795,SCH027,2024-10-01,20,19,Illness
ATT202410000796,STU000796,SCH046,2024-10-01,18,17,Illness
ATT202410000797,STU000797,SCH038,2024-10-01,19,17,Other
ATT202410000798,STU000798,SCH029,2024-10-01,20,17,Medical
ATT202410000799,STU000799,SCH005,2024-10-01,19,18,Medical
ATT202410000800,STU000800,SCH015,2024-10-01,21,19,Other
ATT202410000801,STU000801,SCH008,2024-10-01,19,16,Illness
ATT202410000802,STU000802,SCH004,2024-10-01,18,16,Family
ATT202410000803,STU000803,SCH028,2024-10-01,20,18,Other
ATT202410000804,STU000804,SCH019,2024-10-01,19,18,Unauthorised
ATT202410000805,STU000805,SCH027,2024-10-01,20,18,Family
ATT202410000806,STU000806,SCH012,2024-10-01,22,19,Unauthorised
ATT202410000807,STU000807,SCH004,2024-10-01,18,16,Medical
ATT202410000808,STU000808,SCH043,2024-10-01,20,18,Medical
ATT202410000809,STU000809,SCH005,2024-10-01,18,16,Unauthorised
ATT202410000810,STU000810,SCH015,2024-10-01,20,18,Unauthorised
ATT202410000811,STU000811,SCH025,2024-10-01,22,21,Other
ATT202410000812,STU000812,SCH026,2024-10-01,21,19,Family
ATT202410000813,STU000813,SCH036,2024-10-01,19,17,Other
ATT202410000814,STU000814,SCH028,2024-10-01,18,17,Other
ATT202410000815,STU000815,SCH048,2024-10-01,18,16,Illness
ATT202410000816,STU000816,SCH046,2024-10-01,18,17,Family
ATT202410000817,STU000817,SCH034,2024-10-01,21,17,Unauthorised
ATT202410000818,STU000818,SCH030,2024-10-01,18,16,Other
ATT202410000819,STU000819,SCH048,2024-10-01,19,18,Illness
ATT202410000820,STU000820,SCH008,2024-10-01,21,20,Unauthorised
ATT202410000821,STU000821,SCH018,2024-10-01,21,20,Family
ATT202410000822,STU000822,SCH045,2024-10-01,21,19,Illness
ATT202410000823,STU000823,SCH006,2024-10-01,21,20,Family
ATT202410000824,STU000824,SCH041,2024-10-01,22,20,Medical
ATT202410000825,STU000825,SCH009,2024-10-01,20,18,Medical
ATT202410000826,STU000826,SCH030,2024-10-01,20,19,Unauthorised
ATT202410000827,STU000827,SCH003,2024-10-01,20,18,Unauthorised
ATT202410000829,STU000829,SCH006,2024-10-01,18,17,Medical
ATT202410000830,STU000830,SCH008,2024-10-01,21,19,Family
ATT202410000831,STU000831,SCH004,2024-10-01,22,20,Medical
ATT202410000832,STU000832,SCH023,2024-10-01,21,18,Medical
ATT202410000833,STU000833,SCH038,2024-10-01,21,20,Medical
ATT202410000834,STU000834,SCH004,2024-10-01,18,16,Illness
ATT202410000835,STU000835,SCH020,2024-10-01,22,19,Medical
ATT202410000836,STU000836,SCH048,2024-10-01,18,18,
ATT202410000837,STU000837,SCH018,2024-10-01,18,16,Illness
ATT202410000838,STU000838,SCH005,2024-10-01,20,19,Family
ATT202410000839,STU000839,SCH050,2024-10-01,20,18,Unauthorised
ATT202410000840,STU000840,SCH001,2024-10-01,19,18,Other
ATT202410000841,STU000841,SCH045,2024-10-01,22,20,Family
ATT202410000842,STU000842,SCH005,2024-10-01,21,20,Other
ATT202410000843,STU000843,SCH046,2024-10-01,21,19,Family
ATT202410000844,STU000844,SCH028,2024-10-01,19,17,Illness
ATT202410000845,STU000845,SCH048,2024-10-01,21,19,Illness
ATT202410000846,STU000846,SCH019,2024-10-01,19,18,Medical
ATT202410000847,STU000847,SCH040,2024-10-01,22,19,Illness
ATT202410000848,STU000848,SCH018,2024-10-01,20,18,Unauthorised
ATT202410000849,STU000849,SCH048,2024-10-01,19,19,
ATT202410000850,STU000850,SCH033,2024-10-01,20,19,Illness
ATT202410000851,STU000851,SCH019,2024-10-01,19,19,
ATT202410000852,STU000852,SCH029,2024-10-01,21,20,Unauthorised
ATT202410000853,STU000853,SCH043,2024-10-01,22,18,Illness
ATT202410000854,STU000854,SCH033,2024-10-01,20,19,Other
ATT202410000855,STU000855,SCH032,2024-10-01,18,16,Other
ATT202410000856,STU000856,SCH003,2024-10-01,18,17,Other
ATT202410000857,STU000857,SCH010,2024-10-01,20,19,Unauthorised
ATT202410000858,STU000858,SCH013,2024-10-01,19,18,Medical
ATT202410000859,STU000859,SCH037,2024-10-01,21,19,Illness
ATT202410000860,STU000860,SCH005,2024-10-01,20,18,Unauthorised
ATT202410000861,STU000861,SCH037,2024-10-01,22,21,Unauthorised
ATT202410000862,STU000862,SCH004,2024-10-01,21,19,Illness
ATT202410000863,STU000863,SCH011,2024-10-01,18,16,Unauthorised
ATT202410000864,STU000864,SCH033,2024-10-01,22,20,Unauthorised
ATT202410000865,STU000865,SCH026,2024-10-01,22,20,Illness
ATT202410000866,STU000866,SCH014,2024-10-01,21,19,Other
ATT202410000867,STU000867,SCH014,2024-10-01,21,20,Illness
ATT202410000868,STU000868,SCH022,2024-10-01,20,17,Illness
ATT202410000869,STU000869,SCH037,2024-10-01,22,21,Unauthorised
ATT202410000870,STU000870,SCH016,2024-10-01,18,16,Medical
ATT202410000871,STU000871,SCH043,2024-10-01,21,18,Medical
ATT202410000872,STU000872,SCH002,2024-10-01,20,18,Unauthorised
ATT202410000874,STU000874,SCH027,2024-10-01,21,20,Illness
ATT202410000875,STU000875,SCH038,2024-10-01,18,17,Family
ATT202410000876,STU000876,SCH036,2024-10-01,20,19,Medical
ATT202410000877,STU000877,SCH033,2024-10-01,18,17,Medical
ATT202410000878,STU000878,SCH035,2024-10-01,18,16,Medical
ATT202410000879,STU000879,SCH038,2024-10-01,18,17,Other
ATT202410000880,STU000880,SCH022,2024-10-01,20,18,Family
ATT202410000881,STU000881,SCH026,2024-10-01,18,17,Other
ATT202410000882,STU000882,SCH013,2024-10-01,21,19,Unauthorised
ATT202410000883,STU000883,SCH043,2024-10-01,19,17,Other
ATT202410000884,STU000884,SCH020,2024-10-01,18,16,Family
ATT202410000885,STU000885,SCH007,2024-10-01,19,18,Family
ATT202410000886,STU000886,SCH008,2024-10-01,20,18,Medical
ATT202410000887,STU000887,SCH020,2024-10-01,20,18,Illness
ATT202410000888,STU000888,SCH022,2024-10-01,20,18,Medical
ATT202410000889,STU000889,SCH048,2024-10-01,19,18,Other
ATT202410000890,STU000890,SCH045,2024-10-01,19,17,Unauthorised
ATT202410000891,STU000891,SCH015,2024-10-01,20,19,Illness
ATT202410000892,STU000892,SCH037,2024-10-01,20,20,
ATT202410000893,STU000893,SCH028,2024-10-01,20,18,Family
ATT202410000894,STU000894,SCH011,2024-10-01,20,20,
ATT202410000895,STU000895,SCH030,2024-10-01,20,18,Unauthorised
ATT202410000896,STU000896,SCH028,2024-10-01,20,17,Other
ATT202410000897,STU000897,SCH020,2024-10-01,19,18,Illness
ATT202410000898,STU000898,SCH015,2024-10-01,18,16,Family
ATT202410000899,STU000899,SCH012,2024-10-01,18,16,Medical
ATT202410000900,STU000900,SCH018,2024-10-01,18,17,Illness
ATT202410000901,STU000901,SCH002,2024-10-01,18,18,
ATT202410000902,STU000902,SCH017,2024-10-01,21,17,Unauthorised
ATT202410000903,STU000903,SCH008,2024-10-01,19,18,Other
ATT202410000904,STU000904,SCH012,2024-10-01,22,20,Family
ATT202410000905,STU000905,SCH023,2024-10-01,18,16,Other
ATT202410000906,STU000906,SCH032,2024-10-01,21,20,Unauthorised
ATT202410000907,STU000907,SCH046,2024-10-01,19,17,Medical
ATT202410000908,STU000908,SCH041,2024-10-01,19,18,Medical
ATT202410000909,STU000909,SCH043,2024-10-01,22,20,Medical
ATT202410000910,STU000910,SCH016,2024-10-01,20,19,Unauthorised
ATT202410000911,STU000911,SCH040,2024-10-01,18,15,Other
ATT202410000912,STU000912,SCH026,2024-10-01,21,19,Illness
ATT202410000913,STU000913,SCH032,2024-10-01,21,20,Illness
ATT202410000914,STU000914,SCH045,2024-10-01,20,18,Family
ATT202410000915,STU000915,SCH001,2024-10-01,21,18,Unauthorised
ATT202410000916,STU000916,SCH037,2024-10-01,18,16,Illness
ATT202410000917,STU000917,SCH019,2024-10-01,18,17,Family
ATT202410000918,STU000918,SCH028,2024-10-01,20,18,Unauthorised
ATT202410000919,STU000919,SCH006,2024-10-01,21,20,Other
ATT202410000920,STU000920,SCH045,2024-10-01,20,18,Illness
ATT202410000921,STU000921,SCH028,2024-10-01,22,21,Unauthorised
ATT202410000922,STU000922,SCH033,2024-10-01,19,17,Family
ATT202410000923,STU000923,SCH038,2024-10-01,22,21,Other
ATT202410000924,STU000924,SCH032,2024-10-01,22,20,Illness
ATT202410000925,STU000925,SCH026,2024-10-01,22,20,Medical
ATT202410000926,STU000926,SCH046,2024-10-01,21,19,Medical
ATT202410000927,STU000927,SCH036,2024-10-01,20,19,Illness
ATT202410000928,STU000928,SCH042,2024-10-01,21,19,Unauthorised
ATT202410000929,STU000929,SCH028,2024-10-01,19,17,Other
ATT202410000930,STU000930,SCH037,2024-10-01,19,18,Family
ATT202410000931,STU000931,SCH012,2024-10-01,19,16,Family
ATT202410000932,STU000932,SCH035,2024-10-01,22,20,Medical
ATT202410000933,STU000933,SCH014,2024-10-01,18,16,Unauthorised
ATT202410000934,STU000934,SCH028,2024-10-01,18,17,Unauthorised
ATT202410000935,STU000935,SCH030,2024-10-01,22,21,Unauthorised
ATT202410000936,STU000936,SCH047,2024-10-01,20,19,Other
ATT202410000937,STU000937,SCH035,2024-10-01,20,18,Family
ATT202410000938,STU000938,SCH001,2024-10-01,21,20,Other
ATT202410000939,STU000939,SCH005,2024-10-01,21,20,Illness
ATT202410000940,STU000940,SCH016,2024-10-01,21,19,Medical
ATT202410000941,STU000941,SCH036,2024-10-01,18,17,Family
ATT202410000942,STU000942,SCH020,2024-10-01,19,18,Other
ATT202410000943,STU000943,SCH021,2024-10-01,18,16,Medical
ATT202410000944,STU000944,SCH050,2024-10-01,22,19,Unauthorised
ATT202410000945,STU000945,SCH002,2024-10-01,20,19,Medical
ATT202410000946,STU000946,SCH031,2024-10-01,19,18,Illness
ATT202410000947,STU000947,SCH026,2024-10-01,18,17,Illness
ATT202410000948,STU000948,SCH002,2024-10-01,22,19,Medical
ATT202410000949,STU000949,SCH046,2024-10-01,18,16,Medical
ATT202410000950,STU000950,SCH043,2024-10-01,19,18,Other
ATT202410000951,STU000951,SCH001,2024-10-01,20,18,Other
ATT202410000952,STU000952,SCH034,2024-10-01,20,19,Illness
ATT202410000953,STU000953,SCH013,2024-10-01,21,19,Illness
ATT202410000954,STU000954,SCH046,2024-10-01,20,18,Unauthorised
ATT202410000955,STU000955,SCH044,2024-10-01,18,16,Other
ATT202410000956,STU000956,SCH016,2024-10-01,18,17,Unauthorised
ATT202410000957,STU000957,SCH030,2024-10-01,19,17,Unauthorised
ATT202410000958,STU000958,SCH005,2024-10-01,22,20,Unauthorised
ATT202410000959,STU000959,SCH029,2024-10-01,20,17,Medical
ATT202410000960,STU000960,SCH025,2024-10-01,18,16,Illness
ATT202410000961,STU000961,SCH038,2024-10-01,21,21,
ATT202410000962,STU000962,SCH032,2024-10-01,19,17,Illness
ATT202410000963,STU000963,SCH003,2024-10-01,21,19,Medical
ATT202410000964,STU000964,SCH040,2024-10-01,19,18,Illness
ATT202410000965,STU000965,SCH024,2024-10-01,21,18,Family
ATT202410000966,STU000966,SCH035,2024-10-01,18,16,Other
ATT202410000967,STU000967,SCH013,2024-10-01,19,18,Unauthorised
ATT202410000968,STU000968,SCH022,2024-10-01,21,19,Medical
ATT202410000969,STU000969,SCH006,2024-10-01,18,17,Illness
ATT202410000970,STU000970,SCH031,2024-10-01,18,17,Unauthorised
ATT202410000971,STU000971,SCH017,2024-10-01,18,15,Illness
ATT202410000972,STU000972,SCH013,2024-10-01,22,20,Other
ATT202410000974,STU000974,SCH040,2024-10-01,20,20,
ATT202410000975,STU000975,SCH039,2024-10-01,20,18,Unauthorised
ATT202410000976,STU000976,SCH030,2024-10-01,21,20,Unauthorised
ATT202410000977,STU000977,SCH005,2024-10-01,19,18,Family
ATT202410000978,STU000978,SCH046,2024-10-01,18,16,Unauthorised
ATT202410000979,STU000979,SCH040,2024-10-01,20,18,Illness
ATT202410000980,STU000980,SCH047,2024-10-01,20,19,Family
ATT202410000981,STU000981,SCH007,2024-10-01,21,17,Unauthorised
ATT202410000982,STU000982,SCH027,2024-10-01,20,17,Other
ATT202410000983,STU000983,SCH047,2024-10-01,20,19,Unauthorised
ATT202410000984,STU000984,SCH047,2024-10-01,21,19,Illness
ATT202410000985,STU000985,SCH008,2024-10-01,19,18,Unauthorised
ATT202410000986,STU000986,SCH033,2024-10-01,21,18,Other
ATT202410000987,STU000987,SCH024,2024-10-01,20,18,Family
ATT202410000988,STU000988,SCH037,2024-10-01,22,21,Other
ATT202410000989,STU000989,SCH008,2024-10-01,20,19,Illness
ATT202410000990,STU000990,SCH017,2024-10-01,21,19,Medical
ATT202410000991,STU000991,SCH015,2024-10-01,21,19,Illness
ATT202410000992,STU000992,SCH002,2024-10-01,22,20,Medical
ATT202410000993,STU000993,SCH048,2024-10-01,21,19,Medical
ATT202410000994,STU000994,SCH011,2024-10-01,20,19,Family
ATT202410000995,STU000995,SCH034,2024-10-01,21,17,Other
ATT202410000996,STU000996,SCH046,2024-10-01,19,19,
ATT202410000997,STU000997,SCH037,2024-10-01,22,22,
ATT202410000998,STU000998,SCH040,2024-10-01,21,18,Unauthorised
ATT202410000999,STU000999,SCH002,2024-10-01,22,16,Illness
ATT202410001000,STU001000,SCH033,2024-10-01,22,22,
ATT202410001001,STU001001,SCH034,2024-10-01,19,17,Family
ATT202410001002,STU001002,SCH026,2024-10-01,20,18,Illness
ATT202410001003,STU001003,SCH025,2024-10-01,19,18,Unauthorised
ATT202410001004,STU001004,SCH002,2024-10-01,21,19,Medical
ATT202410001005,STU001005,SCH019,2024-10-01,20,19,Medical
ATT202410001006,STU001006,SCH035,2024-10-01,21,19,Family
ATT202410001007,STU001007,SCH031,2024-10-01,20,19,Unauthorised
ATT202410001008,STU001008,SCH012,2024-10-01,19,17,Medical
ATT202410001009,STU001009,SCH019,2024-10-01,22,20,Family
ATT202410001010,STU001010,SCH046,2024-10-01,19,18,Illness
ATT202410001011,STU001011,SCH006,2024-10-01,19,17,Unauthorised
ATT202410001012,STU001012,SCH041,2024-10-01,18,16,Family
ATT202410001013,STU001013,SCH025,2024-10-01,20,19,Family
ATT202410001014,STU001014,SCH040,2024-10-01,21,21,
ATT202410001015,STU001015,SCH016,2024-10-01,21,20,Family
ATT202410001016,STU001016,SCH032,2024-10-01,22,20,Other
ATT202410001017,STU001017,SCH048,2024-10-01,21,20,Illness
ATT202410001018,STU001018,SCH026,2024-10-01,18,17,Family
ATT202410001019,STU001019,SCH020,2024-10-01,19,17,Unauthorised
ATT202410001020,STU001020,SCH035,2024-10-01,18,16,Unauthorised
ATT202410001021,STU001021,SCH002,2024-10-01,20,19,Unauthorised
ATT202410001022,STU001022,SCH048,2024-10-01,21,19,Illness
ATT202410001023,STU001023,SCH040,2024-10-01,22,19,Illness
ATT202410001024,STU001024,SCH007,2024-10-01,22,21,Illness
ATT202410001025,STU001025,SCH040,2024-10-01,21,20,Illness
ATT202410001026,STU001026,SCH023,2024-10-01,21,19,Other
ATT202410001027,STU001027,SCH042,2024-10-01,21,20,Unauthorised
ATT202410001028,STU001028,SCH048,2024-10-01,19,18,Medical
ATT202410001029,STU001029,SCH020,2024-10-01,20,18,Medical
ATT202410001030,STU001030,SCH037,2024-10-01,20,18,Unauthorised
ATT202410001031,STU001031,SCH049,2024-10-01,20,18,Unauthorised
ATT202410001032,STU001032,SCH045,2024-10-01,21,19,Unauthorised
ATT202410001033,STU001033,SCH003,2024-10-01,18,17,Illness
ATT202410001034,STU001034,SCH022,2024-10-01,20,18,Other
ATT202410001035,STU001035,SCH050,2024-10-01,21,18,Unauthorised
ATT202410001036,STU001036,SCH026,2024-10-01,19,17,Illness
ATT202410001037,STU001037,SCH050,2024-10-01,21,19,Medical
ATT202410001038,STU001038,SCH009,2024-10-01,21,18,Unauthorised
ATT202410001039,STU001039,SCH006,2024-10-01,22,20,Family
ATT202410001040,STU001040,SCH044,2024-10-01,22,19,Medical
ATT202410001041,STU001041,SCH035,2024-10-01,21,19,Family
ATT202410001042,STU001042,SCH025,2024-10-01,20,19,Family
ATT202410001043,STU001043,SCH036,2024-10-01,20,19,Illness
ATT202410001044,STU001044,SCH024,2024-10-01,20,18,Illness
ATT202410001045,STU001045,SCH023,2024-10-01,18,16,Illness
ATT202410001046,STU001046,SCH010,2024-10-01,18,18,
ATT202410001047,STU001047,SCH014,2024-10-01,20,17,Family
ATT202410001048,STU001048,SCH027,2024-10-01,22,19,Other
ATT202410001049,STU001049,SCH041,2024-10-01,18,16,Illness
ATT202410001050,STU001050,SCH049,2024-10-01,20,18,Illness
ATT202410001051,STU001051,SCH043,2024-10-01,18,17,Illness
ATT202410001052,STU001052,SCH009,2024-10-01,20,18,Other
ATT202410001053,STU001053,SCH017,2024-10-01,18,16,Other
ATT202410001054,STU001054,SCH021,2024-10-01,20,20,
ATT202410001055,STU001055,SCH027,2024-10-01,22,20,Unauthorised
ATT202410001056,STU001056,SCH023,2024-10-01,21,19,Family
ATT202410001057,STU001057,SCH034,2024-10-01,19,16,Medical
ATT202410001058,STU001058,SCH020,2024-10-01,19,16,Family
ATT202410001059,STU001059,SCH045,2024-10-01,18,16,Family
ATT202410001060,STU001060,SCH034,2024-10-01,18,15,Medical
ATT202410001061,STU001061,SCH024,2024-10-01,20,18,Illness
ATT202410001062,STU001062,SCH046,2024-10-01,22,20,Family
ATT202410001063,STU001063,SCH018,2024-10-01,22,21,Other
ATT202410001064,STU001064,SCH012,2024-10-01,20,18,Unauthorised
ATT202410001065,STU001065,SCH024,2024-10-01,19,17,Other
ATT202410001066,STU001066,SCH007,2024-10-01,20,16,Other
ATT202410001068,STU001068,SCH041,2024-10-01,18,17,Other
ATT202410001069,STU001069,SCH042,2024-10-01,19,17,Family
ATT202410001070,STU001070,SCH027,2024-10-01,20,17,Unauthorised
ATT202410001071,STU001071,SCH044,2024-10-01,21,19,Other
ATT202410001072,STU001072,SCH014,2024-10-01,21,19,Other
ATT202410001073,STU001073,SCH030,2024-10-01,19,17,Family
ATT202410001074,STU001074,SCH041,2024-10-01,19,18,Other
ATT202410001075,STU001075,SCH025,2024-10-01,19,18,Family
ATT202410001076,STU001076,SCH045,2024-10-01,22,19,Medical
ATT202410001077,STU001077,SCH046,2024-10-01,18,17,Illness
ATT202410001078,STU001078,SCH002,2024-10-01,22,19,Illness
ATT202410001079,STU001079,SCH041,2024-10-01,20,19,Medical
ATT202410001080,STU001080,SCH013,2024-10-01,20,19,Medical
ATT202410001081,STU001081,SCH033,2024-10-01,20,18,Medical
ATT202410001082,STU001082,SCH046,2024-10-01,18,17,Other
ATT202410001083,STU001083,SCH009,2024-10-01,19,16,Other
ATT202410001084,STU001084,SCH031,2024-10-01,22,22,
ATT202410001085,STU001085,SCH018,2024-10-01,19,18,Family
ATT202410001086,STU001086,SCH008,2024-10-01,22,20,Other
ATT202410001087,STU001087,SCH020,2024-10-01,21,20,Medical
ATT202410001089,STU001089,SCH047,2024-10-01,20,19,Other
ATT202410001090,STU001090,SCH003,2024-10-01,22,20,Other
ATT202410001091,STU001091,SCH048,2024-10-01,19,18,Family
ATT202410001092,STU001092,SCH025,2024-10-01,21,19,Illness
ATT202410001093,STU001093,SCH008,2024-10-01,22,20,Illness
ATT202410001094,STU001094,SCH027,2024-10-01,18,16,Illness
ATT202410001095,STU001095,SCH005,2024-10-01,20,17,Other
ATT202410001096,STU001096,SCH010,2024-10-01,19,17,Family
ATT202410001097,STU001097,SCH040,2024-10-01,20,18,Other
ATT202410001098,STU001098,SCH040,2024-10-01,22,20,Illness
ATT202410001099,STU001099,SCH011,2024-10-01,22,19,Unauthorised
ATT202410001100,STU001100,SCH030,2024-10-01,19,18,Other
ATT202410001101,STU001101,SCH045,2024-10-01,20,17,Unauthorised
ATT202410001102,STU001102,SCH011,2024-10-01,21,19,Illness
ATT202410001103,STU001103,SCH050,2024-10-01,18,16,Illness
ATT202410001104,STU001104,SCH046,2024-10-01,18,15,Medical
ATT202410001105,STU001105,SCH050,2024-10-01,20,17,Unauthorised
ATT202410001106,STU001106,SCH046,2024-10-01,19,19,
ATT202410001107,STU001107,SCH015,2024-10-01,21,20,Medical
ATT202410001108,STU001108,SCH025,2024-10-01,18,17,Other
ATT202410001109,STU001109,SCH021,2024-10-01,18,17,Medical
ATT202410001110,STU001110,SCH046,2024-10-01,20,18,Unauthorised
ATT202410001111,STU001111,SCH017,2024-10-01,19,17,Family
ATT202410001112,STU001112,SCH047,2024-10-01,19,17,Medical
ATT202410001113,STU001113,SCH018,2024-10-01,21,20,Illness
ATT202410001114,STU001114,SCH048,2024-10-01,18,16,Family
ATT202410001115,STU001115,SCH006,2024-10-01,19,19,
ATT202410001116,STU001116,SCH044,2024-10-01,22,20,Illness
ATT202410001117,STU001117,SCH035,2024-10-01,18,18,
ATT202410001118,STU001118,SCH027,2024-10-01,18,17,Other
ATT202410001119,STU001119,SCH036,2024-10-01,21,19,Medical
ATT202410001120,STU001120,SCH048,2024-10-01,20,18,Medical
ATT202410001121,STU001121,SCH043,2024-10-01,18,17,Illness
ATT202410001122,STU001122,SCH004,2024-10-01,21,20,Family
ATT202410001123,STU001123,SCH027,2024-10-01,18,14,Family
ATT202410001124,STU001124,SCH015,2024-10-01,18,18,
ATT202410001125,STU001125,SCH024,2024-10-01,18,15,Family
ATT202410001126,STU001126,SCH049,2024-10-01,20,17,Medical
ATT202410001127,STU001127,SCH001,2024-10-01,19,17,Illness
ATT202410001128,STU001128,SCH027,2024-10-01,22,20,Other
ATT202410001129,STU001129,SCH001,2024-10-01,20,19,Unauthorised
ATT202410001130,STU001130,SCH024,2024-10-01,18,17,Family
ATT202410001131,STU001131,SCH028,2024-10-01,19,18,Unauthorised
ATT202410001132,STU001132,SCH016,2024-10-01,18,16,Illness
ATT202410001133,STU001133,SCH024,2024-10-01,19,16,Family
ATT202410001134,STU001134,SCH004,2024-10-01,18,16,Family
ATT202410001135,STU001135,SCH043,2024-10-01,19,16,Illness
ATT202410001136,STU001136,SCH014,2024-10-01,18,16,Other
ATT202410001137,STU001137,SCH005,2024-10-01,18,17,Other
ATT202410001138,STU001138,SCH025,2024-10-01,20,20,
ATT202410001139,STU001139,SCH002,2024-10-01,19,17,Family
ATT202410001140,STU001140,SCH031,2024-10-01,22,18,Medical
ATT202410001141,STU001141,SCH023,2024-10-01,18,16,Medical
ATT202410001142,STU001142,SCH027,2024-10-01,19,19,
ATT202410001143,STU001143,SCH028,2024-10-01,18,16,Unauthorised
ATT202410001144,STU001144,SCH014,2024-10-01,22,21,Medical
ATT202410001145,STU001145,SCH050,2024-10-01,18,15,Family
ATT202410001146,STU001146,SCH021,2024-10-01,21,19,Illness
ATT202410001147,STU001147,SCH044,2024-10-01,20,19,Family
ATT202410001148,STU001148,SCH048,2024-10-01,18,16,Other
ATT202410001149,STU001149,SCH013,2024-10-01,19,18,Medical
ATT202410001150,STU001150,SCH045,2024-10-01,19,17,Unauthorised
ATT202410001151,STU001151,SCH041,2024-10-01,19,19,
ATT202410001152,STU001152,SCH019,2024-10-01,22,21,Unauthorised
ATT202410001153,STU001153,SCH046,2024-10-01,19,17,Illness
ATT202410001154,STU001154,SCH045,2024-10-01,22,20,Unauthorised
ATT202410001155,STU001155,SCH029,2024-10-01,19,17,Unauthorised
ATT202410001156,STU001156,SCH032,2024-10-01,20,19,Illness
ATT202410001157,STU001157,SCH016,2024-10-01,19,18,Unauthorised
ATT202410001158,STU001158,SCH014,2024-10-01,20,18,Unauthorised
ATT202410001159,STU001159,SCH042,2024-10-01,18,15,Family
ATT202410001160,STU001160,SCH038,2024-10-01,22,21,Illness
ATT202410001161,STU001161,SCH038,2024-10-01,19,17,Other
ATT202410001162,STU001162,SCH030,2024-10-01,21,20,Other
ATT202410001163,STU001163,SCH014,2024-10-01,19,18,Unauthorised
ATT202410001164,STU001164,SCH036,2024-10-01,18,17,Unauthorised
ATT202410001165,STU001165,SCH032,2024-10-01,18,17,Family
ATT202410001166,STU001166,SCH004,2024-10-01,22,21,Other
ATT202410001167,STU001167,SCH022,2024-10-01,20,19,Other
ATT202410001168,STU001168,SCH050,2024-10-01,22,20,Medical
ATT202410001169,STU001169,SCH026,2024-10-01,20,18,Unauthorised
ATT202410001170,STU001170,SCH033,2024-10-01,18,17,Unauthorised
ATT202410001171,STU001171,SCH048,2024-10-01,19,18,Other
ATT202410001172,STU001172,SCH006,2024-10-01,18,17,Medical
ATT202410001173,STU001173,SCH030,2024-10-01,22,20,Medical
ATT202410001174,STU001174,SCH004,2024-10-01,18,17,Other
ATT202410001175,STU001175,SCH037,2024-10-01,22,20,Unauthorised
ATT202410001176,STU001176,SCH032,2024-10-01,22,18,Medical
ATT202410001177,STU001177,SCH042,2024-10-01,22,19,Unauthorised
ATT202410001178,STU001178,SCH013,2024-10-01,20,18,Other
ATT202410001179,STU001179,SCH024,2024-10-01,19,17,Illness
ATT202410001180,STU001180,SCH035,2024-10-01,21,19,Illness
ATT202410001181,STU001181,SCH023,2024-10-01,20,18,Medical
ATT202410001182,STU001182,SCH010,2024-10-01,21,19,Medical
ATT202410001183,STU001183,SCH001,2024-10-01,22,19,Unauthorised
ATT202410001184,STU001184,SCH021,2024-10-01,18,15,Illness
ATT202410001185,STU001185,SCH010,2024-10-01,19,18,Family
ATT202410001186,STU001186,SCH043,2024-10-01,20,16,Unauthorised
ATT202410001187,STU001187,SCH043,2024-10-01,20,18,Family
ATT202410001188,STU001188,SCH044,2024-10-01,21,19,Medical
ATT202410001189,STU001189,SCH017,2024-10-01,19,17,Other
ATT202410001190,STU001190,SCH004,2024-10-01,19,18,Unauthorised
ATT202410001191,STU001191,SCH050,2024-10-01,19,17,Illness
ATT202410001192,STU001192,SCH032,2024-10-01,19,17,Family
ATT202410001194,STU001194,SCH024,2024-10-01,20,19,Family
ATT202410001195,STU001195,SCH049,2024-10-01,22,22,
ATT202410001196,STU001196,SCH048,2024-10-01,20,20,
ATT202410001197,STU001197,SCH013,2024-10-01,18,17,Family
ATT202410001198,STU001198,SCH020,2024-10-01,18,18,
ATT202410001199,STU001199,SCH020,2024-10-01,18,18,
ATT202410001201,STU001201,SCH040,2024-10-01,21,19,Illness
ATT202410001202,STU001202,SCH013,2024-10-01,20,17,Medical
ATT202410001203,STU001203,SCH004,2024-10-01,20,17,Other
ATT202410001204,STU001204,SCH019,2024-10-01,21,18,Other
ATT202410001205,STU001205,SCH007,2024-10-01,21,20,Illness
ATT202410001206,STU001206,SCH028,2024-10-01,20,19,Medical
ATT202410001207,STU001207,SCH024,2024-10-01,18,16,Family
ATT202410001208,STU001208,SCH033,2024-10-01,19,18,Medical
ATT202410001209,STU001209,SCH042,2024-10-01,21,18,Other
ATT202410001210,STU001210,SCH017,2024-10-01,19,17,Illness
ATT202410001211,STU001211,SCH032,2024-10-01,19,17,Family
ATT202410001212,STU001212,SCH019,2024-10-01,20,18,Family
ATT202410001213,STU001213,SCH015,2024-10-01,22,21,Illness
ATT202410001214,STU001214,SCH024,2024-10-01,19,17,Family
ATT202410001215,STU001215,SCH001,2024-10-01,18,16,Unauthorised
ATT202410001216,STU001216,SCH009,2024-10-01,22,21,Medical
ATT202410001217,STU001217,SCH026,2024-10-01,20,19,Medical
ATT202410001218,STU001218,SCH009,2024-10-01,21,18,Illness
ATT202410001219,STU001219,SCH035,2024-10-01,18,17,Medical
ATT202410001220,STU001220,SCH016,2024-10-01,18,18,
ATT202410001221,STU001221,SCH007,2024-10-01,21,20,Other
ATT202410001222,STU001222,SCH031,2024-10-01,21,21,
ATT202410001223,STU001223,SCH036,2024-10-01,18,17,Illness
ATT202410001224,STU001224,SCH010,2024-10-01,21,18,Unauthorised
ATT202410001225,STU001225,SCH037,2024-10-01,21,19,Illness
ATT202410001226,STU001226,SCH045,2024-10-01,21,18,Unauthorised
ATT202410001227,STU001227,SCH004,2024-10-01,21,20,Unauthorised
ATT202410001228,STU001228,SCH016,2024-10-01,21,19,Unauthorised
ATT202410001229,STU001229,SCH046,2024-10-01,18,17,Illness
ATT202410001230,STU001230,SCH035,2024-10-01,20,18,Family
ATT202410001231,STU001231,SCH013,2024-10-01,19,17,Unauthorised
ATT202410001232,STU001232,SCH008,2024-10-01,21,18,Medical
ATT202410001233,STU001233,SCH028,2024-10-01,22,20,Medical
ATT202410001234,STU001234,SCH046,2024-10-01,20,18,Medical
ATT202410001235,STU001235,SCH022,2024-10-01,22,18,Family
ATT202410001236,STU001236,SCH002,2024-10-01,21,18,Illness
ATT202410001237,STU001237,SCH040,2024-10-01,22,21,Other
ATT202410001238,STU001238,SCH020,2024-10-01,22,21,Medical
ATT202410001239,STU001239,SCH019,2024-10-01,20,19,Medical
ATT202410001240,STU001240,SCH031,2024-10-01,21,19,Illness
ATT202410001241,STU001241,SCH048,2024-10-01,18,17,Medical
ATT202410001242,STU001242,SCH018,2024-10-01,21,20,Medical
ATT202410001244,STU001244,SCH039,2024-10-01,22,19,Medical
ATT202410001245,STU001245,SCH008,2024-10-01,21,19,Illness
ATT202410001246,STU001246,SCH029,2024-10-01,18,16,Other
ATT202410001247,STU001247,SCH046,2024-10-01,19,18,Unauthorised
ATT202410001248,STU001248,SCH024,2024-10-01,20,17,Family
ATT202410001249,STU001249,SCH047,2024-10-01,20,18,Medical
ATT202410001250,STU001250,SCH047,2024-10-01,22,19,Other
ATT202410001251,STU001251,SCH002,2024-10-01,22,19,Illness
ATT202410001252,STU001252,SCH040,2024-10-01,20,18,Other
ATT202410001253,STU001253,SCH005,2024-10-01,19,18,Medical
ATT202410001254,STU001254,SCH033,2024-10-01,22,21,Unauthorised
ATT202410001255,STU001255,SCH037,2024-10-01,22,22,
ATT202410001256,STU001256,SCH032,2024-10-01,21,20,Other
ATT202410001257,STU001257,SCH036,2024-10-01,18,17,Illness
ATT202410001258,STU001258,SCH013,2024-10-01,18,16,Family
ATT202410001259,STU001259,SCH048,2024-10-01,19,17,Medical
ATT202410001260,STU001260,SCH040,2024-10-01,22,22,
ATT202410001261,STU001261,SCH050,2024-10-01,18,17,Other
ATT202410001262,STU001262,SCH019,2024-10-01,21,19,Family
ATT202410001263,STU001263,SCH016,2024-10-01,21,19,Illness
ATT202410001264,STU001264,SCH037,2024-10-01,20,18,Illness
ATT202410001265,STU001265,SCH013,2024-10-01,22,21,Medical
ATT202410001266,STU001266,SCH005,2024-10-01,19,19,
ATT202410001267,STU001267,SCH035,2024-10-01,22,20,Unauthorised
ATT202410001268,STU001268,SCH044,2024-10-01,22,21,Illness
ATT202410001269,STU001269,SCH021,2024-10-01,18,16,Unauthorised
ATT202410001270,STU001270,SCH024,2024-10-01,20,17,Family
ATT202410001271,STU001271,SCH025,2024-10-01,18,17,Medical
ATT202410001272,STU001272,SCH043,2024-10-01,21,17,Other
ATT202410001273,STU001273,SCH019,2024-10-01,18,16,Illness
ATT202410001274,STU001274,SCH030,2024-10-01,22,22,
ATT202410001275,STU001275,SCH010,2024-10-01,21,19,Illness
ATT202410001276,STU001276,SCH011,2024-10-01,19,18,Medical
ATT202410001277,STU001277,SCH017,2024-10-01,21,18,Medical
ATT202410001278,STU001278,SCH002,2024-10-01,21,21,
ATT202410001279,STU001279,SCH009,2024-10-01,18,16,Family
ATT202410001280,STU001280,SCH018,2024-10-01,18,16,Unauthorised
ATT202410001281,STU001281,SCH008,2024-10-01,22,19,Family
ATT202410001282,STU001282,SCH006,2024-10-01,18,17,Other
ATT202410001283,STU001283,SCH028,2024-10-01,19,17,Medical
ATT202410001284,STU001284,SCH030,2024-10-01,21,19,Other
ATT202410001285,STU001285,SCH014,2024-10-01,22,19,Other
ATT202410001286,STU001286,SCH023,2024-10-01,22,21,Family
ATT202410001287,STU001287,SCH014,2024-10-01,20,18,Unauthorised
ATT202410001288,STU001288,SCH050,2024-10-01,19,17,Other
ATT202410001289,STU001289,SCH023,2024-10-01,21,18,Medical
ATT202410001290,STU001290,SCH050,2024-10-01,19,18,Medical
ATT202410001291,STU001291,SCH013,2024-10-01,18,17,Unauthorised
ATT202410001292,STU001292,SCH010,2024-10-01,22,20,Other
ATT202410001293,STU001293,SCH005,2024-10-01,21,19,Other
ATT202410001294,STU001294,SCH015,2024-10-01,22,22,
ATT202410001295,STU001295,SCH012,2024-10-01,22,19,Illness
ATT202410001296,STU001296,SCH031,2024-10-01,18,16,Other
ATT202410001297,STU001297,SCH038,2024-10-01,19,17,Family
ATT202410001298,STU001298,SCH015,2024-10-01,18,16,Illness
ATT202410001299,STU001299,SCH023,2024-10-01,19,18,Illness
ATT202410001300,STU001300,SCH049,2024-10-01,21,20,Illness
ATT202410001301,STU001301,SCH025,2024-10-01,22,20,Illness
ATT202410001302,STU001302,SCH041,2024-10-01,21,18,Family
ATT202410001303,STU001303,SCH019,2024-10-01,19,17,Other
ATT202410001304,STU001304,SCH006,2024-10-01,19,18,Other
ATT202410001305,STU001305,SCH046,2024-10-01,20,18,Family
ATT202410001306,STU001306,SCH011,2024-10-01,21,19,Other
ATT202410001307,STU001307,SCH036,2024-10-01,18,17,Family
ATT202410001308,STU001308,SCH029,2024-10-01,22,19,Medical
ATT202410001309,STU001309,SCH049,2024-10-01,20,17,Other
ATT202410001310,STU001310,SCH031,2024-10-01,20,18,Other
ATT202410001311,STU001311,SCH032,2024-10-01,22,19,Unauthorised
ATT202410001312,STU001312,SCH046,2024-10-01,22,19,Unauthorised
ATT202410001313,STU001313,SCH027,2024-10-01,19,17,Family
ATT202410001314,STU001314,SCH019,2024-10-01,22,21,Illness
ATT202410001315,STU001315,SCH032,2024-10-01,22,20,Unauthorised
ATT202410001316,STU001316,SCH024,2024-10-01,18,17,Illness
ATT202410001317,STU001317,SCH048,2024-10-01,22,20,Unauthorised
ATT202410001318,STU001318,SCH016,2024-10-01,18,17,Family
ATT202410001319,STU001319,SCH039,2024-10-01,19,18,Other
ATT202410001320,STU001320,SCH050,2024-10-01,19,17,Medical
ATT202410001321,STU001321,SCH049,2024-10-01,21,21,
ATT202410001322,STU001322,SCH024,2024-10-01,18,16,Other
ATT202410001323,STU001323,SCH012,2024-10-01,20,17,Illness
ATT202410001324,STU001324,SCH003,2024-10-01,18,16,Other
ATT202410001325,STU001325,SCH008,2024-10-01,22,21,Other
ATT202410001326,STU001326,SCH030,2024-10-01,20,18,Medical
ATT202410001327,STU001327,SCH022,2024-10-01,20,18,Unauthorised
ATT202410001328,STU001328,SCH030,2024-10-01,22,21,Illness
ATT202410001329,STU001329,SCH006,2024-10-01,22,20,Unauthorised
ATT202410001330,STU001330,SCH017,2024-10-01,21,20,Unauthorised
ATT202410001331,STU001331,SCH013,2024-10-01,20,18,Unauthorised
ATT202410001332,STU001332,SCH023,2024-10-01,21,19,Medical
ATT202410001333,STU001333,SCH044,2024-10-01,20,17,Other
ATT202410001334,STU001334,SCH006,2024-10-01,21,19,Illness
ATT202410001335,STU001335,SCH013,2024-10-01,20,19,Illness
ATT202410001336,STU001336,SCH048,2024-10-01,19,18,Family
ATT202410001337,STU001337,SCH044,2024-10-01,21,19,Medical
ATT202410001338,STU001338,SCH046,2024-10-01,20,18,Other
ATT202410001339,STU001339,SCH046,2024-10-01,18,15,Illness
ATT202410001340,STU001340,SCH030,2024-10-01,19,17,Unauthorised
ATT202410001341,STU001341,SCH035,2024-10-01,20,19,Other
ATT202410001342,STU001342,SCH030,2024-10-01,18,16,Medical
ATT202410001343,STU001343,SCH033,2024-10-01,18,17,Unauthorised
ATT202410001344,STU001344,SCH039,2024-10-01,22,22,
ATT202410001345,STU001345,SCH027,2024-10-01,22,20,Medical
ATT202410001346,STU001346,SCH012,2024-10-01,22,20,Medical
ATT202410001347,STU001347,SCH007,2024-10-01,18,17,Family
ATT202410001348,STU001348,SCH012,2024-10-01,19,17,Medical
ATT202410001349,STU001349,SCH036,2024-10-01,19,17,Family
ATT202410001350,STU001350,SCH048,2024-10-01,22,20,Medical
ATT202410001351,STU001351,SCH045,2024-10-01,18,16,Medical
ATT202410001352,STU001352,SCH004,2024-10-01,22,20,Unauthorised
ATT202410001353,STU001353,SCH027,2024-10-01,22,21,Other
ATT202410001354,STU001354,SCH021,2024-10-01,22,19,Other
ATT202410001355,STU001355,SCH013,2024-10-01,22,21,Illness
ATT202410001356,STU001356,SCH041,2024-10-01,22,20,Illness
ATT202410001357,STU001357,SCH048,2024-10-01,18,16,Family
ATT202410001358,STU001358,SCH037,2024-10-01,21,21,
ATT202410001359,STU001359,SCH026,2024-10-01,20,18,Medical
ATT202410001360,STU001360,SCH014,2024-10-01,22,22,
ATT202410001361,STU001361,SCH022,2024-10-01,19,17,Other
ATT202410001362,STU001362,SCH048,2024-10-01,19,19,
ATT202410001363,STU001363,SCH048,2024-10-01,21,18,Other
ATT202410001364,STU001364,SCH037,2024-10-01,20,19,Family
ATT202410001365,STU001365,SCH027,2024-10-01,18,16,Illness
ATT202410001366,STU001366,SCH033,2024-10-01,21,19,Other
ATT202410001367,STU001367,SCH025,2024-10-01,19,17,Unauthorised
ATT202410001368,STU001368,SCH002,2024-10-01,19,15,Family
ATT202410001369,STU001369,SCH005,2024-10-01,18,17,Unauthorised
ATT202410001370,STU001370,SCH013,2024-10-01,19,18,Unauthorised
ATT202410001371,STU001371,SCH050,2024-10-01,19,17,Illness
ATT202410001372,STU001372,SCH022,2024-10-01,21,19,Medical
ATT202410001373,STU001373,SCH023,2024-10-01,20,17,Medical
ATT202410001374,STU001374,SCH026,2024-10-01,21,20,Other
ATT202410001375,STU001375,SCH037,2024-10-01,22,21,Unauthorised
ATT202410001376,STU001376,SCH022,2024-10-01,21,19,Other
ATT202410001377,STU001377,SCH007,2024-10-01,19,17,Family
ATT202410001378,STU001378,SCH046,2024-10-01,20,17,Medical
ATT202410001379,STU001379,SCH012,2024-10-01,22,20,Illness
ATT202410001380,STU001380,SCH007,2024-10-01,20,19,Unauthorised
ATT202410001381,STU001381,SCH028,2024-10-01,20,19,Medical
ATT202410001382,STU001382,SCH018,2024-10-01,20,18,Illness
ATT202410001384,STU001384,SCH027,2024-10-01,18,17,Illness
ATT202410001385,STU001385,SCH023,2024-10-01,19,16,Illness
ATT202410001386,STU001386,SCH024,2024-10-01,19,18,Family
ATT202410001387,STU001387,SCH004,2024-10-01,18,17,Illness
ATT202410001388,STU001388,SCH013,2024-10-01,19,17,Illness
ATT202410001389,STU001389,SCH024,2024-10-01,20,17,Medical
ATT202410001390,STU001390,SCH030,2024-10-01,22,21,Illness
ATT202410001391,STU001391,SCH041,2024-10-01,20,18,Unauthorised
ATT202410001392,STU001392,SCH049,2024-10-01,18,15,Family
ATT202410001393,STU001393,SCH020,2024-10-01,19,19,
ATT202410001394,STU001394,SCH012,2024-10-01,22,21,Unauthorised
ATT202410001395,STU001395,SCH002,2024-10-01,20,18,Illness
ATT202410001396,STU001396,SCH029,2024-10-01,19,16,Family
ATT202410001397,STU001397,SCH037,2024-10-01,22,22,
ATT202410001398,STU001398,SCH018,2024-10-01,20,17,Medical
ATT202410001399,STU001399,SCH027,2024-10-01,18,16,Illness
ATT202410001400,STU001400,SCH032,2024-10-01,19,16,Illness
ATT202410001401,STU001401,SCH047,2024-10-01,18,16,Other
ATT202410001402,STU001402,SCH005,2024-10-01,21,19,Family
ATT202410001403,STU001403,SCH048,2024-10-01,19,18,Other
ATT202410001404,STU001404,SCH048,2024-10-01,20,19,Medical
ATT202410001405,STU001405,SCH015,2024-10-01,18,17,Medical
ATT202410001406,STU001406,SCH039,2024-10-01,22,20,Medical
ATT202410001407,STU001407,SCH036,2024-10-01,22,22,
ATT202410001408,STU001408,SCH009,2024-10-01,21,19,Other
ATT202410001409,STU001409,SCH019,2024-10-01,18,18,
ATT202410001410,STU001410,SCH040,2024-10-01,22,20,Medical
ATT202410001411,STU001411,SCH009,2024-10-01,20,18,Family
ATT202410001412,STU001412,SCH027,2024-10-01,18,17,Family
ATT202410001413,STU001413,SCH013,2024-10-01,22,18,Family
ATT202410001414,STU001414,SCH042,2024-10-01,20,17,Unauthorised
ATT202410001415,STU001415,SCH005,2024-10-01,18,17,Family
ATT202410001416,STU001416,SCH016,2024-10-01,21,21,
ATT202410001417,STU001417,SCH026,2024-10-01,21,20,Unauthorised
ATT202410001418,STU001418,SCH026,2024-10-01,19,17,Family
ATT202410001419,STU001419,SCH025,2024-10-01,21,20,Unauthorised
ATT202410001420,STU001420,SCH038,2024-10-01,20,19,Other
ATT202410001421,STU001421,SCH001,2024-10-01,22,20,Illness
ATT202410001422,STU001422,SCH006,2024-10-01,20,18,Family
ATT202410001423,STU001423,SCH007,2024-10-01,20,18,Illness
ATT202410001424,STU001424,SCH005,2024-10-01,20,18,Unauthorised
ATT202410001425,STU001425,SCH047,2024-10-01,19,18,Other
ATT202410001426,STU001426,SCH029,2024-10-01,19,18,Medical
ATT202410001427,STU001427,SCH007,2024-10-01,19,18,Illness
ATT202410001428,STU001428,SCH050,2024-10-01,18,16,Medical
ATT202410001429,STU001429,SCH009,2024-10-01,20,18,Medical
ATT202410001431,STU001431,SCH020,2024-10-01,21,20,Medical
ATT202410001432,STU001432,SCH022,2024-10-01,20,16,Unauthorised
ATT202410001433,STU001433,SCH011,2024-10-01,20,19,Illness
ATT202410001434,STU001434,SCH042,2024-10-01,20,19,Medical
ATT202410001435,STU001435,SCH037,2024-10-01,19,18,Family
ATT202410001436,STU001436,SCH001,2024-10-01,22,19,Illness
ATT202410001437,STU001437,SCH002,2024-10-01,18,15,Unauthorised
ATT202410001438,STU001438,SCH016,2024-10-01,19,18,Medical
ATT202410001439,STU001439,SCH048,2024-10-01,18,17,Unauthorised
ATT202410001440,STU001440,SCH001,2024-10-01,22,20,Illness
ATT202410001441,STU001441,SCH039,2024-10-01,21,20,Other
ATT202410001442,STU001442,SCH029,2024-10-01,19,17,Unauthorised
ATT202410001443,STU001443,SCH016,2024-10-01,22,21,Illness
ATT202410001444,STU001444,SCH030,2024-10-01,22,20,Illness
ATT202410001445,STU001445,SCH047,2024-10-01,20,20,
ATT202410001446,STU001446,SCH029,2024-10-01,20,17,Other
ATT202410001447,STU001447,SCH036,2024-10-01,22,21,Medical
ATT202410001448,STU001448,SCH050,2024-10-01,19,18,Medical
ATT202410001449,STU001449,SCH001,2024-10-01,19,15,Other
ATT202410001450,STU001450,SCH047,2024-10-01,19,17,Medical
ATT202410001451,STU001451,SCH048,2024-10-01,21,19,Illness
ATT202410001452,STU001452,SCH021,2024-10-01,22,18,Illness
ATT202410001453,STU001453,SCH034,2024-10-01,22,19,Unauthorised
ATT202410001454,STU001454,SCH038,2024-10-01,18,17,Other
ATT202410001455,STU001455,SCH048,2024-10-01,19,17,Other
ATT202410001456,STU001456,SCH016,2024-10-01,21,19,Unauthorised
ATT202410001457,STU001457,SCH011,2024-10-01,21,18,Other
ATT202410001458,STU001458,SCH030,2024-10-01,21,19,Unauthorised
ATT202410001459,STU001459,SCH004,2024-10-01,19,19,
ATT202410001460,STU001460,SCH008,2024-10-01,22,22,
ATT202410001461,STU001461,SCH017,2024-10-01,22,19,Medical
ATT202410001462,STU001462,SCH008,2024-10-01,18,18,
ATT202410001463,STU001463,SCH013,2024-10-01,18,17,Medical
ATT202410001464,STU001464,SCH015,2024-10-01,19,17,Illness
ATT202410001465,STU001465,SCH030,2024-10-01,19,18,Family
ATT202410001466,STU001466,SCH016,2024-10-01,22,20,Unauthorised
ATT202410001467,STU001467,SCH011,2024-10-01,19,17,Illness
ATT202410001468,STU001468,SCH018,2024-10-01,22,20,Medical
ATT202410001469,STU001469,SCH016,2024-10-01,18,16,Illness
ATT202410001470,STU001470,SCH015,2024-10-01,21,19,Other
ATT202410001471,STU001471,SCH008,2024-10-01,22,21,Illness
ATT202410001472,STU001472,SCH004,2024-10-01,22,20,Unauthorised
ATT202410001473,STU001473,SCH008,2024-10-01,21,19,Illness
ATT202410001474,STU001474,SCH005,2024-10-01,19,18,Other
ATT202410001475,STU001475,SCH035,2024-10-01,19,17,Other
ATT202410001476,STU001476,SCH004,2024-10-01,18,17,Unauthorised
ATT202410001477,STU001477,SCH011,2024-10-01,22,21,Unauthorised
ATT202410001478,STU001478,SCH010,2024-10-01,19,18,Illness
ATT202410001479,STU001479,SCH022,2024-10-01,21,19,Family
ATT202410001480,STU001480,SCH034,2024-10-01,22,18,Medical
ATT202410001481,STU001481,SCH013,2024-10-01,18,17,Other
ATT202410001482,STU001482,SCH018,2024-10-01,19,17,Family
ATT202410001483,STU001483,SCH018,2024-10-01,21,19,Medical
ATT202410001484,STU001484,SCH002,2024-10-01,18,17,Family
ATT202410001485,STU001485,SCH020,2024-10-01,20,18,Illness
ATT202410001486,STU001486,SCH034,2024-10-01,22,19,Illness
ATT202410001487,STU001487,SCH035,2024-10-01,22,20,Unauthorised
ATT202410001488,STU001488,SCH043,2024-10-01,20,18,Illness
ATT202410001489,STU001489,SCH023,2024-10-01,22,20,Other
ATT202410001490,STU001490,SCH025,2024-10-01,18,17,Other
ATT202410001491,STU001491,SCH015,2024-10-01,21,20,Other
ATT202410001492,STU001492,SCH002,2024-10-01,21,18,Illness
ATT202410001493,STU001493,SCH023,2024-10-01,21,19,Medical
ATT202410001494,STU001494,SCH012,2024-10-01,20,18,Medical
ATT202410001495,STU001495,SCH001,2024-10-01,20,17,Family
ATT202410001496,STU001496,SCH038,2024-10-01,20,19,Other
ATT202410001497,STU001497,SCH016,2024-10-01,22,20,Illness
ATT202410001498,STU001498,SCH036,2024-10-01,21,18,Other
ATT202410001499,STU001499,SCH019,2024-10-01,22,22,
ATT202410001500,STU001500,SCH016,2024-10-01,21,20,Family
ATT202410001501,STU001501,SCH005,2024-10-01,19,17,Illness
ATT202410001502,STU001502,SCH011,2024-10-01,19,17,Family
ATT202410001503,STU001503,SCH021,2024-10-01,19,16,Unauthorised
ATT202410001504,STU001504,SCH009,2024-10-01,18,16,Unauthorised
ATT202410001505,STU001505,SCH007,2024-10-01,22,20,Medical
ATT202410001506,STU001506,SCH036,2024-10-01,22,21,Illness
ATT202410001507,STU001507,SCH019,2024-10-01,20,18,Illness
ATT202410001508,STU001508,SCH031,2024-10-01,18,18,
ATT202410001509,STU001509,SCH008,2024-10-01,18,15,Other
ATT202410001510,STU001510,SCH047,2024-10-01,19,18,Family
ATT202410001511,STU001511,SCH007,2024-10-01,20,18,Family
ATT202410001512,STU001512,SCH049,2024-10-01,18,17,Unauthorised
ATT202410001513,STU001513,SCH008,2024-10-01,20,18,Other
ATT202410001514,STU001514,SCH003,2024-10-01,18,17,Unauthorised
ATT202410001515,STU001515,SCH005,2024-10-01,18,16,Medical
ATT202410001516,STU001516,SCH050,2024-10-01,22,19,Unauthorised
ATT202410001517,STU001517,SCH017,2024-10-01,19,19,
ATT202410001518,STU001518,SCH027,2024-10-01,18,16,Illness
ATT202410001519,STU001519,SCH028,2024-10-01,22,22,
ATT202410001520,STU001520,SCH026,2024-10-01,20,17,Other
ATT202410001521,STU001521,SCH040,2024-10-01,21,18,Illness
ATT202410001522,STU001522,SCH040,2024-10-01,22,19,Unauthorised
ATT202410001523,STU001523,SCH015,2024-10-01,21,20,Family
ATT202410001524,STU001524,SCH029,2024-10-01,22,19,Family
ATT202410001525,STU001525,SCH007,2024-10-01,21,20,Unauthorised
ATT202410001526,STU001526,SCH040,2024-10-01,21,19,Illness
ATT202410001527,STU001527,SCH029,2024-10-01,18,16,Other
ATT202410001528,STU001528,SCH042,2024-10-01,21,18,Illness
ATT202410001529,STU001529,SCH030,2024-10-01,22,21,Illness
ATT202410001530,STU001530,SCH036,2024-10-01,21,19,Illness
ATT202410001531,STU001531,SCH038,2024-10-01,18,16,Illness
ATT202410001532,STU001532,SCH029,2024-10-01,21,19,Unauthorised
ATT202410001533,STU001533,SCH020,2024-10-01,19,16,Illness
ATT202410001534,STU001534,SCH019,2024-10-01,20,18,Other
ATT202410001535,STU001535,SCH041,2024-10-01,22,21,Unauthorised
ATT202410001536,STU001536,SCH013,2024-10-01,22,21,Other
ATT202410001537,STU001537,SCH001,2024-10-01,20,18,Medical
ATT202410001538,STU001538,SCH028,2024-10-01,22,20,Other
ATT202410001539,STU001539,SCH039,2024-10-01,18,15,Illness
ATT202410001540,STU001540,SCH030,2024-10-01,21,19,Unauthorised
ATT202410001541,STU001541,SCH045,2024-10-01,21,19,Family
ATT202410001542,STU001542,SCH039,2024-10-01,18,17,Other
ATT202410001543,STU001543,SCH011,2024-10-01,18,16,Other
ATT202410001544,STU001544,SCH011,2024-10-01,18,16,Illness
ATT202410001545,STU001545,SCH025,2024-10-01,21,20,Medical
ATT202410001546,STU001546,SCH042,2024-10-01,20,17,Family
ATT202410001547,STU001547,SCH014,2024-10-01,21,18,Family
ATT202410001548,STU001548,SCH003,2024-10-01,19,18,Medical
ATT202410001549,STU001549,SCH038,2024-10-01,20,18,Other
ATT202410001550,STU001550,SCH012,2024-10-01,18,16,Other
ATT202410001551,STU001551,SCH016,2024-10-01,22,20,Unauthorised
ATT202410001552,STU001552,SCH020,2024-10-01,19,17,Illness
ATT202410001553,STU001553,SCH030,2024-10-01,18,17,Unauthorised
ATT202410001554,STU001554,SCH048,2024-10-01,20,19,Medical
ATT202410001555,STU001555,SCH047,2024-10-01,22,21,Medical
ATT202410001556,STU001556,SCH023,2024-10-01,19,18,Unauthorised
ATT202410001557,STU001557,SCH038,2024-10-01,18,17,Unauthorised
ATT202410001558,STU001558,SCH037,2024-10-01,20,19,Unauthorised
ATT202410001559,STU001559,SCH033,2024-10-01,21,20,Illness
ATT202410001560,STU001560,SCH041,2024-10-01,21,19,Medical
ATT202410001561,STU001561,SCH041,2024-10-01,20,19,Other
ATT202410001562,STU001562,SCH011,2024-10-01,20,18,Unauthorised
ATT202410001563,STU001563,SCH045,2024-10-01,22,20,Illness
ATT202410001564,STU001564,SCH002,2024-10-01,18,16,Other
ATT202410001565,STU001565,SCH017,2024-10-01,19,16,Other
ATT202410001566,STU001566,SCH013,2024-10-01,20,19,Family
ATT202410001567,STU001567,SCH007,2024-10-01,18,16,Other
ATT202410001568,STU001568,SCH010,2024-10-01,22,20,Illness
ATT202410001569,STU001569,SCH016,2024-10-01,19,17,Medical
ATT202410001570,STU001570,SCH035,2024-10-01,21,18,Medical
ATT202410001571,STU001571,SCH034,2024-10-01,19,19,
ATT202410001572,STU001572,SCH039,2024-10-01,19,18,Other
ATT202410001573,STU001573,SCH011,2024-10-01,18,16,Other
ATT202410001574,STU001574,SCH032,2024-10-01,18,16,Unauthorised
ATT202410001575,STU001575,SCH003,2024-10-01,21,19,Unauthorised
ATT202410001576,STU001576,SCH031,2024-10-01,18,16,Illness
ATT202410001577,STU001577,SCH046,2024-10-01,19,17,Illness
ATT202410001578,STU001578,SCH046,2024-10-01,20,17,Unauthorised
ATT202410001579,STU001579,SCH011,2024-10-01,20,18,Unauthorised
ATT202410001580,STU001580,SCH014,2024-10-01,20,18,Unauthorised
ATT202410001581,STU001581,SCH023,2024-10-01,20,17,Family
ATT202410001582,STU001582,SCH007,2024-10-01,20,17,Family
ATT202410001583,STU001583,SCH034,2024-10-01,21,18,Unauthorised
ATT202410001584,STU001584,SCH033,2024-10-01,20,18,Medical
ATT202410001585,STU001585,SCH013,2024-10-01,20,18,Medical
ATT202410001586,STU001586,SCH046,2024-10-01,19,16,Family
ATT202410001587,STU001587,SCH012,2024-10-01,20,18,Other
ATT202410001588,STU001588,SCH008,2024-10-01,18,17,Medical
ATT202410001589,STU001589,SCH048,2024-10-01,19,18,Other
ATT202410001590,STU001590,SCH008,2024-10-01,19,18,Other
ATT202410001591,STU001591,SCH043,2024-10-01,19,17,Unauthorised
ATT202410001592,STU001592,SCH015,2024-10-01,20,19,Unauthorised
ATT202410001593,STU001593,SCH022,2024-10-01,19,18,Unauthorised
ATT202410001594,STU001594,SCH024,2024-10-01,20,17,Family
ATT202410001595,STU001595,SCH047,2024-10-01,19,18,Illness
ATT202410001596,STU001596,SCH002,2024-10-01,19,16,Medical
ATT202410001597,STU001597,SCH031,2024-10-01,18,16,Other
ATT202410001598,STU001598,SCH039,2024-10-01,21,20,Illness
ATT202410001599,STU001599,SCH013,2024-10-01,20,19,Other
ATT202410001600,STU001600,SCH047,2024-10-01,22,20,Unauthorised
ATT202410001601,STU001601,SCH009,2024-10-01,20,18,Family
ATT202410001602,STU001602,SCH036,2024-10-01,18,17,Medical
ATT202410001603,STU001603,SCH045,2024-10-01,18,17,Medical
ATT202410001604,STU001604,SCH037,2024-10-01,22,19,Illness
ATT202410001605,STU001605,SCH037,2024-10-01,22,20,Family
ATT202410001606,STU001606,SCH044,2024-10-01,22,21,Unauthorised
ATT202410001607,STU001607,SCH014,2024-10-01,20,18,Unauthorised
ATT202410001608,STU001608,SCH049,2024-10-01,20,18,Other
ATT202410001609,STU001609,SCH039,2024-10-01,20,19,Unauthorised
ATT202410001610,STU001610,SCH011,2024-10-01,22,20,Medical
ATT202410001611,STU001611,SCH012,2024-10-01,18,17,Unauthorised
ATT202410001612,STU001612,SCH020,2024-10-01,20,18,Other
ATT202410001613,STU001613,SCH014,2024-10-01,22,19,Unauthorised
ATT202410001614,STU001614,SCH027,2024-10-01,19,19,
ATT202410001615,STU001615,SCH031,2024-10-01,21,19,Family
ATT202410001616,STU001616,SCH022,2024-10-01,20,16,Other
ATT202410001617,STU001617,SCH041,2024-10-01,18,16,Medical
ATT202410001618,STU001618,SCH050,2024-10-01,21,18,Illness
ATT202410001619,STU001619,SCH028,2024-10-01,22,21,Illness
ATT202410001620,STU001620,SCH008,2024-10-01,19,18,Other
ATT202410001621,STU001621,SCH033,2024-10-01,21,20,Other
ATT202410001622,STU001622,SCH030,2024-10-01,22,21,Family
ATT202410001623,STU001623,SCH023,2024-10-01,20,19,Family
ATT202410001624,STU001624,SCH046,2024-10-01,21,19,Other
ATT202410001625,STU001625,SCH017,2024-10-01,21,18,Other
ATT202410001626,STU001626,SCH049,2024-10-01,20,18,Other
ATT202410001627,STU001627,SCH018,2024-10-01,18,15,Family
ATT202410001628,STU001628,SCH044,2024-10-01,20,19,Other
ATT202410001629,STU001629,SCH047,2024-10-01,19,18,Unauthorised
ATT202410001630,STU001630,SCH022,2024-10-01,22,19,Family
ATT202410001631,STU001631,SCH003,2024-10-01,21,19,Unauthorised
ATT202410001632,STU001632,SCH003,2024-10-01,19,18,Family
ATT202410001633,STU001633,SCH029,2024-10-01,18,16,Unauthorised
ATT202410001634,STU001634,SCH005,2024-10-01,22,19,Illness
ATT202410001635,STU001635,SCH049,2024-10-01,19,16,Other
ATT202410001636,STU001636,SCH032,2024-10-01,22,18,Other
ATT202410001637,STU001637,SCH032,2024-10-01,19,17,Family
ATT202410001638,STU001638,SCH006,2024-10-01,22,20,Medical
ATT202410001639,STU001639,SCH014,2024-10-01,22,20,Unauthorised
ATT202410001640,STU001640,SCH040,2024-10-01,19,17,Unauthorised
ATT202410001641,STU001641,SCH016,2024-10-01,18,17,Illness
ATT202410001642,STU001642,SCH021,2024-10-01,21,19,Illness
ATT202410001643,STU001643,SCH024,2024-10-01,18,16,Illness
ATT202410001644,STU001644,SCH022,2024-10-01,19,16,Medical
ATT202410001645,STU001645,SCH036,2024-10-01,20,19,Illness
ATT202410001646,STU001646,SCH022,2024-10-01,18,16,Unauthorised
ATT202410001647,STU001647,SCH040,2024-10-01,19,18,Unauthorised
ATT202410001648,STU001648,SCH010,2024-10-01,18,17,Unauthorised
ATT202410001649,STU001649,SCH048,2024-10-01,18,16,Medical
ATT202410001650,STU001650,SCH002,2024-10-01,20,18,Unauthorised
ATT202410001651,STU001651,SCH037,2024-10-01,19,17,Other
ATT202410001652,STU001652,SCH045,2024-10-01,22,18,Medical
ATT202410001653,STU001653,SCH036,2024-10-01,20,20,
ATT202410001654,STU001654,SCH029,2024-10-01,19,18,Other
ATT202410001655,STU001655,SCH003,2024-10-01,21,19,Unauthorised
ATT202410001656,STU001656,SCH024,2024-10-01,19,18,Family
ATT202410001657,STU001657,SCH050,2024-10-01,19,16,Unauthorised
ATT202410001658,STU001658,SCH010,2024-10-01,20,18,Medical
ATT202410001659,STU001659,SCH013,2024-10-01,22,20,Illness
ATT202410001660,STU001660,SCH006,2024-10-01,20,18,Unauthorised
ATT202410001661,STU001661,SCH048,2024-10-01,18,17,Other
ATT202410001662,STU001662,SCH017,2024-10-01,18,15,Medical
ATT202410001663,STU001663,SCH013,2024-10-01,20,17,Medical
ATT202410001664,STU001664,SCH018,2024-10-01,19,18,Family
ATT202410001665,STU001665,SCH014,2024-10-01,18,16,Family
ATT202410001666,STU001666,SCH010,2024-10-01,19,17,Family
ATT202410001667,STU001667,SCH016,2024-10-01,20,16,Other
ATT202410001668,STU001668,SCH032,2024-10-01,21,19,Unauthorised
ATT202410001669,STU001669,SCH039,2024-10-01,20,19,Medical
ATT202410001670,STU001670,SCH036,2024-10-01,19,18,Other
ATT202410001671,STU001671,SCH001,2024-10-01,21,18,Illness
ATT202410001672,STU001672,SCH030,2024-10-01,18,16,Other
ATT202410001673,STU001673,SCH002,2024-10-01,21,18,Medical
ATT202410001674,STU001674,SCH023,2024-10-01,20,18,Family
ATT202410001675,STU001675,SCH027,2024-10-01,20,18,Other
ATT202410001676,STU001676,SCH041,2024-10-01,21,20,Other
ATT202410001677,STU001677,SCH038,2024-10-01,22,21,Illness
ATT202410001678,STU001678,SCH042,2024-10-01,21,19,Unauthorised
ATT202410001679,STU001679,SCH019,2024-10-01,18,16,Family
ATT202410001680,STU001680,SCH007,2024-10-01,19,16,Unauthorised
ATT202410001681,STU001681,SCH015,2024-10-01,20,17,Medical
ATT202410001682,STU001682,SCH030,2024-10-01,18,16,Other
ATT202410001683,STU001683,SCH037,2024-10-01,19,17,Medical
ATT202410001684,STU001684,SCH027,2024-10-01,18,15,Other
ATT202410001685,STU001685,SCH043,2024-10-01,19,18,Illness
ATT202410001686,STU001686,SCH032,2024-10-01,20,18,Medical
ATT202410001687,STU001687,SCH023,2024-10-01,19,17,Medical
ATT202410001688,STU001688,SCH014,2024-10-01,21,19,Illness
ATT202410001689,STU001689,SCH006,2024-10-01,21,19,Illness
ATT202410001690,STU001690,SCH015,2024-10-01,18,17,Unauthorised
ATT202410001691,STU001691,SCH043,2024-10-01,21,19,Family
ATT202410001692,STU001692,SCH043,2024-10-01,20,17,Illness
ATT202410001693,STU001693,SCH033,2024-10-01,22,21,Medical
ATT202410001694,STU001694,SCH003,2024-10-01,20,18,Medical
ATT202410001695,STU001695,SCH017,2024-10-01,19,17,Other
ATT202410001696,STU001696,SCH045,2024-10-01,22,19,Family
ATT202410001697,STU001697,SCH050,2024-10-01,19,17,Other
ATT202410001698,STU001698,SCH046,2024-10-01,18,17,Other
ATT202410001699,STU001699,SCH018,2024-10-01,19,18,Illness
ATT202410001700,STU001700,SCH045,2024-10-01,18,17,Medical
ATT202410001701,STU001701,SCH027,2024-10-01,21,19,Unauthorised
ATT202410001702,STU001702,SCH046,2024-10-01,22,21,Unauthorised
ATT202410001703,STU001703,SCH037,2024-10-01,22,22,
ATT202410001704,STU001704,SCH050,2024-10-01,20,18,Illness
ATT202410001705,STU001705,SCH007,2024-10-01,18,17,Medical
ATT202410001706,STU001706,SCH046,2024-10-01,20,17,Medical
ATT202410001708,STU001708,SCH040,2024-10-01,21,19,Unauthorised
ATT202410001709,STU001709,SCH001,2024-10-01,22,21,Family
ATT202410001710,STU001710,SCH045,2024-10-01,22,20,Illness
ATT202410001711,STU001711,SCH006,2024-10-01,20,19,Unauthorised
ATT202410001712,STU001712,SCH001,2024-10-01,20,17,Other
ATT202410001713,STU001713,SCH041,2024-10-01,21,19,Unauthorised
ATT202410001714,STU001714,SCH008,2024-10-01,19,18,Medical
ATT202410001715,STU001715,SCH022,2024-10-01,20,19,Other
ATT202410001716,STU001716,SCH019,2024-10-01,19,19,
ATT202410001717,STU001717,SCH012,2024-10-01,18,15,Illness
ATT202410001718,STU001718,SCH027,2024-10-01,18,16,Illness
ATT202410001719,STU001719,SCH029,2024-10-01,21,20,Other
ATT202410001720,STU001720,SCH004,2024-10-01,21,19,Unauthorised
ATT202410001721,STU001721,SCH013,2024-10-01,20,19,Medical
ATT202410001722,STU001722,SCH013,2024-10-01,21,19,Illness
ATT202410001723,STU001723,SCH047,2024-10-01,18,17,Other
ATT202410001724,STU001724,SCH042,2024-10-01,21,18,Unauthorised
ATT202410001725,STU001725,SCH027,2024-10-01,21,18,Other
ATT202410001726,STU001726,SCH031,2024-10-01,20,18,Unauthorised
ATT202410001727,STU001727,SCH007,2024-10-01,22,20,Illness
ATT202410001728,STU001728,SCH039,2024-10-01,19,17,Family
ATT202410001729,STU001729,SCH028,2024-10-01,18,17,Family
ATT202410001730,STU001730,SCH020,2024-10-01,22,20,Illness
ATT202410001731,STU001731,SCH024,2024-10-01,20,18,Medical
ATT202410001732,STU001732,SCH040,2024-10-01,22,19,Illness
ATT202410001733,STU001733,SCH018,2024-10-01,22,22,
ATT202410001734,STU001734,SCH034,2024-10-01,19,19,
ATT202410001735,STU001735,SCH043,2024-10-01,19,17,Medical
ATT202410001736,STU001736,SCH029,2024-10-01,21,18,Unauthorised
ATT202410001737,STU001737,SCH046,2024-10-01,20,18,Unauthorised
ATT202410001738,STU001738,SCH014,2024-10-01,19,17,Other
ATT202410001739,STU001739,SCH004,2024-10-01,18,17,Medical
ATT202410001740,STU001740,SCH019,2024-10-01,20,18,Other
ATT202410001741,STU001741,SCH047,2024-10-01,20,17,Illness
ATT202410001742,STU001742,SCH037,2024-10-01,20,19,Family
ATT202410001743,STU001743,SCH014,2024-10-01,18,15,Family
ATT202410001744,STU001744,SCH041,2024-10-01,19,19,
ATT202410001745,STU001745,SCH028,2024-10-01,21,20,Unauthorised
ATT202410001746,STU001746,SCH038,2024-10-01,20,17,Illness
ATT202410001747,STU001747,SCH042,2024-10-01,21,17,Unauthorised
ATT202410001748,STU001748,SCH020,2024-10-01,20,18,Other
ATT202410001749,STU001749,SCH034,2024-10-01,22,20,Other
ATT202410001750,STU001750,SCH021,2024-10-01,19,17,Illness
ATT202410001751,STU001751,SCH039,2024-10-01,20,18,Unauthorised
ATT202410001752,STU001752,SCH031,2024-10-01,19,17,Other
ATT202410001753,STU001753,SCH004,2024-10-01,20,18,Illness
ATT202410001754,STU001754,SCH021,2024-10-01,20,19,Illness
ATT202410001755,STU001755,SCH015,2024-10-01,19,17,Family
ATT202410001756,STU001756,SCH018,2024-10-01,21,20,Other
ATT202410001757,STU001757,SCH028,2024-10-01,21,20,Unauthorised
ATT202410001758,STU001758,SCH026,2024-10-01,20,18,Illness
ATT202410001759,STU001759,SCH046,2024-10-01,22,22,
ATT202410001760,STU001760,SCH005,2024-10-01,22,20,Illness
ATT202410001761,STU001761,SCH028,2024-10-01,21,19,Family
ATT202410001762,STU001762,SCH043,2024-10-01,18,17,Unauthorised
ATT202410001763,STU001763,SCH046,2024-10-01,19,15,Medical
ATT202410001764,STU001764,SCH014,2024-10-01,18,16,Other
ATT202410001765,STU001765,SCH011,2024-10-01,21,19,Medical
ATT202410001766,STU001766,SCH028,2024-10-01,21,19,Other
ATT202410001767,STU001767,SCH047,2024-10-01,19,18,Illness
ATT202410001768,STU001768,SCH011,2024-10-01,21,19,Family
ATT202410001769,STU001769,SCH039,2024-10-01,20,19,Family
ATT202410001770,STU001770,SCH004,2024-10-01,20,19,Family
ATT202410001771,STU001771,SCH027,2024-10-01,19,17,Other
ATT202410001772,STU001772,SCH024,2024-10-01,19,17,Unauthorised
ATT202410001773,STU001773,SCH015,2024-10-01,19,17,Illness
ATT202410001774,STU001774,SCH020,2024-10-01,21,20,Unauthorised
ATT202410001775,STU001775,SCH024,2024-10-01,19,18,Unauthorised
ATT202410001776,STU001776,SCH037,2024-10-01,20,18,Family
ATT202410001777,STU001777,SCH011,2024-10-01,22,20,Illness
ATT202410001778,STU001778,SCH028,2024-10-01,21,20,Illness
ATT202410001779,STU001779,SCH048,2024-10-01,21,20,Illness
ATT202410001780,STU001780,SCH019,2024-10-01,21,20,Medical
ATT202410001781,STU001781,SCH035,2024-10-01,21,20,Illness
ATT202410001782,STU001782,SCH042,2024-10-01,18,16,Other
ATT202410001783,STU001783,SCH047,2024-10-01,21,19,Medical
ATT202410001784,STU001784,SCH021,2024-10-01,19,17,Unauthorised
ATT202410001785,STU001785,SCH010,2024-10-01,18,16,Unauthorised
ATT202410001786,STU001786,SCH011,2024-10-01,22,19,Medical
ATT202410001787,STU001787,SCH021,2024-10-01,22,19,Illness
ATT202410001788,STU001788,SCH016,2024-10-01,22,21,Family
ATT202410001789,STU001789,SCH001,2024-10-01,18,16,Other
ATT202410001790,STU001790,SCH024,2024-10-01,18,16,Other
ATT202410001791,STU001791,SCH042,2024-10-01,22,21,Unauthorised
ATT202410001792,STU001792,SCH044,2024-10-01,20,18,Illness
ATT202410001793,STU001793,SCH014,2024-10-01,22,18,Medical
ATT202410001794,STU001794,SCH014,2024-10-01,22,19,Medical
ATT202410001795,STU001795,SCH042,2024-10-01,22,21,Medical
ATT202410001796,STU001796,SCH001,2024-10-01,22,19,Illness
ATT202410001797,STU001797,SCH024,2024-10-01,19,16,Medical
ATT202410001798,STU001798,SCH011,2024-10-01,18,17,Other
ATT202410001799,STU001799,SCH035,2024-10-01,18,17,Medical
ATT202410001800,STU001800,SCH025,2024-10-01,18,16,Unauthorised
ATT202410001801,STU001801,SCH046,2024-10-01,19,18,Illness
ATT202410001802,STU001802,SCH018,2024-10-01,21,19,Unauthorised
ATT202410001803,STU001803,SCH006,2024-10-01,21,20,Illness
ATT202410001804,STU001804,SCH045,2024-10-01,22,20,Other
ATT202410001805,STU001805,SCH048,2024-10-01,19,17,Family
ATT202410001806,STU001806,SCH043,2024-10-01,19,17,Family
ATT202410001807,STU001807,SCH021,2024-10-01,22,20,Medical
ATT202410001808,STU001808,SCH018,2024-10-01,19,17,Illness
ATT202410001809,STU001809,SCH037,2024-10-01,22,22,
ATT202410001810,STU001810,SCH020,2024-10-01,22,20,Unauthorised
ATT202410001811,STU001811,SCH029,2024-10-01,20,19,Medical
ATT202410001812,STU001812,SCH001,2024-10-01,22,20,Other
ATT202410001813,STU001813,SCH028,2024-10-01,19,18,Illness
ATT202410001814,STU001814,SCH001,2024-10-01,18,17,Family
ATT202410001815,STU001815,SCH040,2024-10-01,21,20,Medical
ATT202410001816,STU001816,SCH011,2024-10-01,19,17,Medical
ATT202410001817,STU001817,SCH040,2024-10-01,22,21,Illness
ATT202410001818,STU001818,SCH044,2024-10-01,18,17,Other
ATT202410001819,STU001819,SCH047,2024-10-01,20,18,Unauthorised
ATT202410001820,STU001820,SCH036,2024-10-01,19,18,Unauthorised
ATT202410001821,STU001821,SCH022,2024-10-01,22,21,Family
ATT202410001822,STU001822,SCH019,2024-10-01,21,21,
ATT202410001823,STU001823,SCH032,2024-10-01,22,20,Unauthorised
ATT202410001824,STU001824,SCH020,2024-10-01,22,21,Other
ATT202410001825,STU001825,SCH033,2024-10-01,20,19,Unauthorised
ATT202410001826,STU001826,SCH006,2024-10-01,20,18,Medical
ATT202410001827,STU001827,SCH035,2024-10-01,21,19,Illness
ATT202410001828,STU001828,SCH047,2024-10-01,20,17,Illness
ATT202410001829,STU001829,SCH026,2024-10-01,19,18,Medical
ATT202410001830,STU001830,SCH011,2024-10-01,18,16,Illness
ATT202410001831,STU001831,SCH014,2024-10-01,22,21,Unauthorised
ATT202410001832,STU001832,SCH012,2024-10-01,19,17,Other
ATT202410001833,STU001833,SCH022,2024-10-01,18,14,Medical
ATT202410001834,STU001834,SCH018,2024-10-01,20,18,Illness
ATT202410001835,STU001835,SCH003,2024-10-01,19,17,Illness
ATT202410001836,STU001836,SCH007,2024-10-01,19,18,Unauthorised
ATT202410001837,STU001837,SCH031,2024-10-01,20,19,Illness
ATT202410001838,STU001838,SCH017,2024-10-01,20,19,Other
ATT202410001839,STU001839,SCH009,2024-10-01,18,16,Illness
ATT202410001840,STU001840,SCH036,2024-10-01,22,22,
ATT202410001841,STU001841,SCH038,2024-10-01,21,19,Illness
ATT202410001842,STU001842,SCH041,2024-10-01,18,17,Illness
ATT202410001843,STU001843,SCH003,2024-10-01,20,18,Medical
ATT202410001844,STU001844,SCH008,2024-10-01,22,20,Unauthorised
ATT202410001845,STU001845,SCH007,2024-10-01,21,19,Family
ATT202410001846,STU001846,SCH043,2024-10-01,20,18,Family
ATT202410001847,STU001847,SCH005,2024-10-01,19,16,Illness
ATT202410001848,STU001848,SCH036,2024-10-01,20,18,Illness
ATT202410001849,STU001849,SCH013,2024-10-01,20,19,Unauthorised
ATT202410001850,STU001850,SCH021,2024-10-01,19,18,Illness
ATT202410001851,STU001851,SCH047,2024-10-01,19,18,Illness
ATT202410001852,STU001852,SCH032,2024-10-01,22,19,Medical
ATT202410001853,STU001853,SCH021,2024-10-01,21,19,Unauthorised
ATT202410001854,STU001854,SCH019,2024-10-01,18,15,Illness
ATT202410001855,STU001855,SCH019,2024-10-01,19,18,Illness
ATT202410001856,STU001856,SCH025,2024-10-01,21,20,Other
ATT202410001857,STU001857,SCH026,2024-10-01,18,17,Other
ATT202410001858,STU001858,SCH007,2024-10-01,21,20,Illness
ATT202410001859,STU001859,SCH004,2024-10-01,19,18,Medical
ATT202410001860,STU001860,SCH026,2024-10-01,22,21,Illness
ATT202410001861,STU001861,SCH016,2024-10-01,19,18,Medical
ATT202410001862,STU001862,SCH023,2024-10-01,19,18,Illness
ATT202410001863,STU001863,SCH042,2024-10-01,20,16,Illness
ATT202410001864,STU001864,SCH032,2024-10-01,20,19,Medical
ATT202410001865,STU001865,SCH009,2024-10-01,22,21,Family
ATT202410001866,STU001866,SCH037,2024-10-01,21,19,Medical
ATT202410001867,STU001867,SCH036,2024-10-01,18,17,Family
ATT202410001868,STU001868,SCH010,2024-10-01,20,18,Unauthorised
ATT202410001869,STU001869,SCH048,2024-10-01,18,18,
ATT202410001870,STU001870,SCH041,2024-10-01,21,21,
ATT202410001871,STU001871,SCH001,2024-10-01,21,19,Illness
ATT202410001872,STU001872,SCH042,2024-10-01,20,18,Other
ATT202410001873,STU001873,SCH032,2024-10-01,18,15,Medical
ATT202410001874,STU001874,SCH035,2024-10-01,21,20,Unauthorised
ATT202410001875,STU001875,SCH038,2024-10-01,19,16,Other
ATT202410001876,STU001876,SCH049,2024-10-01,20,17,Other
ATT202410001877,STU001877,SCH032,2024-10-01,21,19,Medical
ATT202410001878,STU001878,SCH014,2024-10-01,21,20,Family
ATT202410001879,STU001879,SCH015,2024-10-01,22,20,Medical
ATT202410001880,STU001880,SCH037,2024-10-01,20,18,Unauthorised
ATT202410001881,STU001881,SCH012,2024-10-01,19,17,Illness
ATT202410001882,STU001882,SCH007,2024-10-01,18,17,Family
ATT202410001883,STU001883,SCH048,2024-10-01,21,19,Unauthorised
ATT202410001884,STU001884,SCH028,2024-10-01,22,21,Medical
ATT202410001885,STU001885,SCH036,2024-10-01,19,17,Unauthorised
ATT202410001886,STU001886,SCH038,2024-10-01,20,18,Family
ATT202410001887,STU001887,SCH038,2024-10-01,20,19,Medical
ATT202410001888,STU001888,SCH024,2024-10-01,18,17,Other
ATT202410001889,STU001889,SCH046,2024-10-01,20,18,Other
ATT202410001891,STU001891,SCH024,2024-10-01,18,16,Other
ATT202410001893,STU001893,SCH021,2024-10-01,22,20,Medical
ATT202410001894,STU001894,SCH024,2024-10-01,22,21,Family
ATT202410001895,STU001895,SCH007,2024-10-01,22,21,Medical
ATT202410001896,STU001896,SCH029,2024-10-01,19,18,Illness
ATT202410001897,STU001897,SCH020,2024-10-01,22,19,Medical
ATT202410001898,STU001898,SCH043,2024-10-01,18,16,Other
ATT202410001899,STU001899,SCH033,2024-10-01,19,18,Medical
ATT202410001900,STU001900,SCH044,2024-10-01,19,17,Medical
ATT202410001901,STU001901,SCH046,2024-10-01,22,21,Unauthorised
ATT202410001902,STU001902,SCH003,2024-10-01,19,18,Other
ATT202410001903,STU001903,SCH022,2024-10-01,21,16,Family
ATT202410001904,STU001904,SCH024,2024-10-01,20,18,Unauthorised
ATT202410001905,STU001905,SCH041,2024-10-01,21,20,Family
ATT202410001906,STU001906,SCH028,2024-10-01,20,19,Other
ATT202410001907,STU001907,SCH028,2024-10-01,22,20,Family
ATT202410001908,STU001908,SCH029,2024-10-01,21,19,Other
ATT202410001909,STU001909,SCH034,2024-10-01,21,19,Unauthorised
ATT202410001910,STU001910,SCH025,2024-10-01,21,21,
ATT202410001911,STU001911,SCH029,2024-10-01,20,19,Family
ATT202410001912,STU001912,SCH023,2024-10-01,18,15,Family
ATT202410001913,STU001913,SCH003,2024-10-01,21,20,Other
ATT202410001914,STU001914,SCH020,2024-10-01,19,18,Other
ATT202410001915,STU001915,SCH025,2024-10-01,20,19,Illness
ATT202410001916,STU001916,SCH001,2024-10-01,18,15,Unauthorised
ATT202410001917,STU001917,SCH004,2024-10-01,21,19,Illness
ATT202410001918,STU001918,SCH037,2024-10-01,20,18,Medical
ATT202410001919,STU001919,SCH022,2024-10-01,19,16,Other
ATT202410001920,STU001920,SCH023,2024-10-01,21,18,Medical
ATT202410001921,STU001921,SCH020,2024-10-01,20,19,Other
ATT202410001922,STU001922,SCH040,2024-10-01,22,21,Medical
ATT202410001923,STU001923,SCH005,2024-10-01,18,18,
ATT202410001924,STU001924,SCH003,2024-10-01,22,20,Family
ATT202410001925,STU001925,SCH029,2024-10-01,21,19,Other
ATT202410001926,STU001926,SCH012,2024-10-01,22,20,Other
ATT202410001927,STU001927,SCH015,2024-10-01,18,15,Other
ATT202410001928,STU001928,SCH008,2024-10-01,19,19,
ATT202410001929,STU001929,SCH045,2024-10-01,18,16,Illness
ATT202410001930,STU001930,SCH018,2024-10-01,18,16,Family
ATT202410001931,STU001931,SCH016,2024-10-01,18,17,Unauthorised
ATT202410001932,STU001932,SCH002,2024-10-01,21,18,Illness
ATT202410001933,STU001933,SCH050,2024-10-01,21,19,Medical
ATT202410001934,STU001934,SCH027,2024-10-01,20,19,Other
ATT202410001935,STU001935,SCH038,2024-10-01,19,18,Medical
ATT202410001936,STU001936,SCH043,2024-10-01,20,18,Unauthorised
ATT202410001937,STU001937,SCH028,2024-10-01,21,19,Medical
ATT202410001938,STU001938,SCH023,2024-10-01,21,19,Illness
ATT202410001939,STU001939,SCH011,2024-10-01,20,17,Family
ATT202410001940,STU001940,SCH045,2024-10-01,20,17,Unauthorised
ATT202410001941,STU001941,SCH041,2024-10-01,20,18,Illness
ATT202410001942,STU001942,SCH043,2024-10-01,18,16,Family
ATT202410001943,STU001943,SCH042,2024-10-01,21,18,Illness
ATT202410001944,STU001944,SCH041,2024-10-01,19,18,Medical
ATT202410001945,STU001945,SCH002,2024-10-01,21,19,Medical
ATT202410001946,STU001946,SCH013,2024-10-01,20,19,Medical
ATT202410001947,STU001947,SCH005,2024-10-01,18,18,
ATT202410001948,STU001948,SCH045,2024-10-01,20,19,Family
ATT202410001949,STU001949,SCH032,2024-10-01,20,18,Medical
ATT202410001950,STU001950,SCH012,2024-10-01,22,21,Illness
ATT202410001951,STU001951,SCH006,2024-10-01,19,18,Unauthorised
ATT202410001952,STU001952,SCH017,2024-10-01,18,16,Illness
ATT202410001953,STU001953,SCH013,2024-10-01,22,21,Unauthorised
ATT202410001954,STU001954,SCH019,2024-10-01,19,18,Other
ATT202410001955,STU001955,SCH033,2024-10-01,18,17,Medical
ATT202410001956,STU001956,SCH003,2024-10-01,20,18,Other
ATT202410001957,STU001957,SCH041,2024-10-01,21,19,Medical
ATT202410001958,STU001958,SCH012,2024-10-01,21,19,Other
ATT202410001959,STU001959,SCH031,2024-10-01,18,17,Family
ATT202410001960,STU001960,SCH030,2024-10-01,21,20,Medical
ATT202410001961,STU001961,SCH039,2024-10-01,19,17,Unauthorised
ATT202410001962,STU001962,SCH021,2024-10-01,19,17,Illness
ATT202410001963,STU001963,SCH038,2024-10-01,22,21,Unauthorised
ATT202410001964,STU001964,SCH044,2024-10-01,21,19,Unauthorised
ATT202410001965,STU001965,SCH020,2024-10-01,18,15,Unauthorised
ATT202410001966,STU001966,SCH003,2024-10-01,19,18,Illness
ATT202410001967,STU001967,SCH033,2024-10-01,21,20,Illness
ATT202410001968,STU001968,SCH020,2024-10-01,22,20,Unauthorised
ATT202410001969,STU001969,SCH018,2024-10-01,20,19,Unauthorised
ATT202410001970,STU001970,SCH031,2024-10-01,21,19,Family
ATT202410001971,STU001971,SCH009,2024-10-01,18,16,Illness
ATT202410001972,STU001972,SCH020,2024-10-01,21,20,Illness
ATT202410001973,STU001973,SCH004,2024-10-01,22,20,Other
ATT202410001974,STU001974,SCH022,2024-10-01,18,16,Medical
ATT202410001975,STU001975,SCH041,2024-10-01,19,19,
ATT202410001976,STU001976,SCH009,2024-10-01,18,16,Other
ATT202410001977,STU001977,SCH036,2024-10-01,18,17,Medical
ATT202410001978,STU001978,SCH007,2024-10-01,20,18,Other
ATT202410001979,STU001979,SCH016,2024-10-01,21,20,Unauthorised
ATT202410001980,STU001980,SCH046,2024-10-01,21,18,Family
ATT202410001981,STU001981,SCH041,2024-10-01,19,19,
ATT202410001982,STU001982,SCH047,2024-10-01,20,19,Illness
ATT202410001983,STU001983,SCH002,2024-10-01,19,18,Unauthorised
ATT202410001984,STU001984,SCH004,2024-10-01,21,20,Medical
ATT202410001985,STU001985,SCH037,2024-10-01,20,18,Illness
ATT202410001986,STU001986,SCH050,2024-10-01,20,18,Other
ATT202410001987,STU001987,SCH047,2024-10-01,21,21,
ATT202410001988,STU001988,SCH005,2024-10-01,19,17,Illness
ATT202410001989,STU001989,SCH014,2024-10-01,22,20,Illness
ATT202410001990,STU001990,SCH015,2024-10-01,19,19,
ATT202410001991,STU001991,SCH001,2024-10-01,18,17,Other
ATT202410001992,STU001992,SCH041,2024-10-01,18,17,Medical
ATT202410001993,STU001993,SCH045,2024-10-01,18,17,Unauthorised
ATT202410001994,STU001994,SCH004,2024-10-01,19,18,Other
ATT202410001995,STU001995,SCH028,2024-10-01,19,18,Illness
ATT202410001996,STU001996,SCH040,2024-10-01,22,20,Illness
ATT202410001997,STU001997,SCH045,2024-10-01,21,17,Unauthorised
ATT202410001998,STU001998,SCH041,2024-10-01,19,18,Unauthorised
ATT202410001999,STU001999,SCH025,2024-10-01,19,18,Family
ATT202410002000,STU002000,SCH048,2024-10-01,20,18,Family
ATT202410002001,STU002001,SCH022,2024-10-01,19,15,Other
ATT202410002002,STU002002,SCH046,2024-10-01,19,18,Family
ATT202410002003,STU002003,SCH014,2024-10-01,22,21,Family
ATT202410002004,STU002004,SCH043,2024-10-01,22,18,Illness
ATT202410002005,STU002005,SCH028,2024-10-01,21,19,Unauthorised
ATT202410002006,STU002006,SCH004,2024-10-01,21,20,Family
ATT202410002007,STU002007,SCH031,2024-10-01,22,20,Other
ATT202410002008,STU002008,SCH009,2024-10-01,19,17,Other
ATT202410002009,STU002009,SCH028,2024-10-01,21,19,Family
ATT202410002010,STU002010,SCH002,2024-10-01,20,17,Illness
ATT202410002011,STU002011,SCH011,2024-10-01,22,19,Medical
ATT202410002012,STU002012,SCH035,2024-10-01,22,20,Illness
ATT202410002013,STU002013,SCH050,2024-10-01,18,16,Unauthorised
ATT202410002014,STU002014,SCH050,2024-10-01,20,19,Unauthorised
ATT202410002015,STU002015,SCH013,2024-10-01,19,17,Family
ATT202410002016,STU002016,SCH037,2024-10-01,19,18,Other
ATT202410002017,STU002017,SCH023,2024-10-01,18,16,Unauthorised
ATT202410002018,STU002018,SCH035,2024-10-01,21,19,Family
ATT202410002019,STU002019,SCH029,2024-10-01,20,19,Medical
ATT202410002021,STU002021,SCH034,2024-10-01,20,19,Unauthorised
ATT202410002022,STU002022,SCH006,2024-10-01,21,19,Unauthorised
ATT202410002023,STU002023,SCH043,2024-10-01,22,19,Other
ATT202410002024,STU002024,SCH021,2024-10-01,18,15,Unauthorised
ATT202410002025,STU002025,SCH039,2024-10-01,19,18,Illness
ATT202410002026,STU002026,SCH012,2024-10-01,20,18,Unauthorised
ATT202410002027,STU002027,SCH035,2024-10-01,20,18,Unauthorised
ATT202410002028,STU002028,SCH044,2024-10-01,20,19,Unauthorised
ATT202410002029,STU002029,SCH005,2024-10-01,21,19,Medical
ATT202410002030,STU002030,SCH031,2024-10-01,19,18,Unauthorised
ATT202410002031,STU002031,SCH009,2024-10-01,20,19,Family
ATT202410002032,STU002032,SCH049,2024-10-01,18,17,Illness
ATT202410002033,STU002033,SCH049,2024-10-01,18,16,Medical
ATT202410002034,STU002034,SCH050,2024-10-01,19,17,Other
ATT202410002035,STU002035,SCH026,2024-10-01,18,16,Unauthorised
ATT202410002036,STU002036,SCH037,2024-10-01,19,17,Medical
ATT202410002037,STU002037,SCH028,2024-10-01,18,17,Other
ATT202410002038,STU002038,SCH042,2024-10-01,20,18,Family
ATT202410002039,STU002039,SCH002,2024-10-01,21,17,Illness
ATT202410002040,STU002040,SCH031,2024-10-01,20,18,Family
ATT202410002041,STU002041,SCH017,2024-10-01,18,17,Other
ATT202410002042,STU002042,SCH024,2024-10-01,19,18,Medical
ATT202410002043,STU002043,SCH011,2024-10-01,18,17,Illness
ATT202410002044,STU002044,SCH046,2024-10-01,22,19,Illness
ATT202410002045,STU002045,SCH047,2024-10-01,22,20,Unauthorised
ATT202410002046,STU002046,SCH016,2024-10-01,18,18,
ATT202410002047,STU002047,SCH042,2024-10-01,20,17,Illness
ATT202410002048,STU002048,SCH050,2024-10-01,20,19,Family
ATT202410002049,STU002049,SCH008,2024-10-01,21,19,Illness
ATT202410002050,STU002050,SCH033,2024-10-01,22,20,Medical
ATT202410002051,STU002051,SCH021,2024-10-01,18,17,Illness
ATT202410002052,STU002052,SCH022,2024-10-01,21,19,Family
ATT202410002053,STU002053,SCH050,2024-10-01,22,20,Medical
ATT202410002054,STU002054,SCH007,2024-10-01,18,17,Other
ATT202410002055,STU002055,SCH042,2024-10-01,19,18,Unauthorised
ATT202410002056,STU002056,SCH047,2024-10-01,19,16,Medical
ATT202410002057,STU002057,SCH033,2024-10-01,18,17,Unauthorised
ATT202410002058,STU002058,SCH035,2024-10-01,19,16,Illness
ATT202410002059,STU002059,SCH005,2024-10-01,21,19,Unauthorised
ATT202410002060,STU002060,SCH003,2024-10-01,18,16,Other
ATT202410002061,STU002061,SCH030,2024-10-01,21,18,Illness
ATT202410002062,STU002062,SCH039,2024-10-01,19,18,Medical
ATT202410002063,STU002063,SCH043,2024-10-01,19,16,Illness
ATT202410002064,STU002064,SCH014,2024-10-01,20,18,Illness
ATT202410002065,STU002065,SCH007,2024-10-01,22,22,
ATT202410002066,STU002066,SCH016,2024-10-01,20,20,
ATT202410002067,STU002067,SCH043,2024-10-01,19,17,Unauthorised
ATT202410002068,STU002068,SCH030,2024-10-01,20,19,Unauthorised
ATT202410002069,STU002069,SCH023,2024-10-01,19,18,Unauthorised
ATT202410002070,STU002070,SCH028,2024-10-01,20,20,
ATT202410002071,STU002071,SCH009,2024-10-01,22,19,Medical
ATT202410002072,STU002072,SCH037,2024-10-01,20,17,Medical
ATT202410002073,STU002073,SCH015,2024-10-01,20,18,Medical
ATT202410002074,STU002074,SCH021,2024-10-01,20,19,Unauthorised
ATT202410002075,STU002075,SCH035,2024-10-01,18,16,Family
ATT202410002076,STU002076,SCH014,2024-10-01,18,17,Unauthorised
ATT202410002077,STU002077,SCH011,2024-10-01,18,16,Medical
ATT202410002078,STU002078,SCH022,2024-10-01,18,16,Family
ATT202410002079,STU002079,SCH028,2024-10-01,20,19,Illness
ATT202410002080,STU002080,SCH049,2024-10-01,20,16,Unauthorised
ATT202410002081,STU002081,SCH017,2024-10-01,22,19,Medical
ATT202410002082,STU002082,SCH009,2024-10-01,18,15,Other
ATT202410002083,STU002083,SCH004,2024-10-01,18,16,Family
ATT202410002084,STU002084,SCH011,2024-10-01,18,18,
ATT202410002085,STU002085,SCH005,2024-10-01,21,20,Medical
ATT202410002086,STU002086,SCH016,2024-10-01,21,19,Family
ATT202410002087,STU002087,SCH045,2024-10-01,18,16,Illness
ATT202410002088,STU002088,SCH047,2024-10-01,18,16,Illness
ATT202410002089,STU002089,SCH017,2024-10-01,19,15,Other
ATT202410002090,STU002090,SCH007,2024-10-01,22,21,Medical
ATT202410002091,STU002091,SCH004,2024-10-01,22,20,Medical
ATT202410002092,STU002092,SCH045,2024-10-01,19,17,Illness
ATT202410002093,STU002093,SCH011,2024-10-01,19,18,Illness
ATT202410002094,STU002094,SCH049,2024-10-01,19,17,Unauthorised
ATT202410002095,STU002095,SCH006,2024-10-01,20,19,Unauthorised
ATT202410002096,STU002096,SCH048,2024-10-01,18,18,
ATT202410002097,STU002097,SCH016,2024-10-01,19,17,Illness
ATT202410002098,STU002098,SCH019,2024-10-01,21,20,Family
ATT202410002099,STU002099,SCH037,2024-10-01,22,20,Unauthorised
ATT202410002100,STU002100,SCH019,2024-10-01,20,18,Unauthorised
ATT202410002101,STU002101,SCH046,2024-10-01,20,19,Medical
ATT202410002102,STU002102,SCH020,2024-10-01,19,17,Unauthorised
ATT202410002103,STU002103,SCH025,2024-10-01,22,20,Illness
ATT202410002104,STU002104,SCH040,2024-10-01,21,19,Medical
ATT202410002105,STU002105,SCH044,2024-10-01,21,19,Medical
ATT202410002106,STU002106,SCH040,2024-10-01,22,21,Medical
ATT202410002107,STU002107,SCH035,2024-10-01,22,19,Unauthorised
ATT202410002108,STU002108,SCH038,2024-10-01,18,18,
ATT202410002109,STU002109,SCH009,2024-10-01,22,19,Unauthorised
ATT202410002110,STU002110,SCH033,2024-10-01,21,18,Unauthorised
ATT202410002111,STU002111,SCH026,2024-10-01,20,19,Medical
ATT202410002112,STU002112,SCH037,2024-10-01,20,18,Other
ATT202410002113,STU002113,SCH044,2024-10-01,19,15,Family
ATT202410002114,STU002114,SCH009,2024-10-01,20,18,Illness
ATT202410002115,STU002115,SCH007,2024-10-01,20,19,Other
ATT202410002116,STU002116,SCH050,2024-10-01,18,16,Unauthorised
ATT202410002117,STU002117,SCH006,2024-10-01,19,19,
ATT202410002118,STU002118,SCH029,2024-10-01,22,20,Family
ATT202410002119,STU002119,SCH002,2024-10-01,21,17,Unauthorised
ATT202410002120,STU002120,SCH029,2024-10-01,21,19,Illness
ATT202410002121,STU002121,SCH033,2024-10-01,22,20,Illness
ATT202410002122,STU002122,SCH008,2024-10-01,21,19,Family
ATT202410002123,STU002123,SCH026,2024-10-01,18,17,Illness
ATT202410002124,STU002124,SCH022,2024-10-01,20,19,Family
ATT202410002125,STU002125,SCH029,2024-10-01,19,17,Medical
ATT202410002126,STU002126,SCH046,2024-10-01,21,21,
ATT202410002127,STU002127,SCH026,2024-10-01,20,18,Other
ATT202410002128,STU002128,SCH007,2024-10-01,20,20,
ATT202410002129,STU002129,SCH012,2024-10-01,21,19,Family
ATT202410002130,STU002130,SCH037,2024-10-01,21,21,
ATT202410002131,STU002131,SCH050,2024-10-01,20,17,Other
ATT202410002132,STU002132,SCH008,2024-10-01,21,20,Other
ATT202410002133,STU002133,SCH021,2024-10-01,20,18,Other
ATT202410002134,STU002134,SCH040,2024-10-01,22,20,Other
ATT202410002135,STU002135,SCH023,2024-10-01,19,17,Unauthorised
ATT202410002136,STU002136,SCH011,2024-10-01,20,19,Illness
ATT202410002137,STU002137,SCH009,2024-10-01,20,19,Unauthorised
ATT202410002138,STU002138,SCH044,2024-10-01,19,18,Unauthorised
ATT202410002139,STU002139,SCH047,2024-10-01,21,20,Illness
ATT202410002140,STU002140,SCH014,2024-10-01,18,16,Other
ATT202410002141,STU002141,SCH004,2024-10-01,18,17,Other
ATT202410002142,STU002142,SCH004,2024-10-01,18,17,Illness
ATT202410002143,STU002143,SCH005,2024-10-01,21,19,Medical
ATT202410002144,STU002144,SCH035,2024-10-01,20,18,Family
ATT202410002145,STU002145,SCH042,2024-10-01,20,16,Illness
ATT202410002146,STU002146,SCH003,2024-10-01,19,18,Family
ATT202410002147,STU002147,SCH012,2024-10-01,22,21,Medical
ATT202410002148,STU002148,SCH039,2024-10-01,20,19,Other
ATT202410002149,STU002149,SCH041,2024-10-01,21,20,Unauthorised
ATT202410002150,STU002150,SCH006,2024-10-01,20,20,
ATT202410002151,STU002151,SCH015,2024-10-01,18,16,Unauthorised
ATT202410002152,STU002152,SCH046,2024-10-01,18,16,Other
ATT202410002153,STU002153,SCH017,2024-10-01,22,21,Unauthorised
ATT202410002154,STU002154,SCH038,2024-10-01,22,21,Unauthorised
ATT202410002155,STU002155,SCH050,2024-10-01,20,19,Other
ATT202410002156,STU002156,SCH032,2024-10-01,20,18,Other
ATT202410002157,STU002157,SCH040,2024-10-01,22,19,Illness
ATT202410002158,STU002158,SCH043,2024-10-01,20,17,Other
ATT202410002159,STU002159,SCH008,2024-10-01,19,19,
ATT202410002160,STU002160,SCH044,2024-10-01,19,18,Other
ATT202410002161,STU002161,SCH022,2024-10-01,20,16,Illness
ATT202410002162,STU002162,SCH041,2024-10-01,19,18,Family
ATT202410002163,STU002163,SCH009,2024-10-01,19,16,Medical
ATT202410002164,STU002164,SCH048,2024-10-01,21,18,Other
ATT202410002165,STU002165,SCH008,2024-10-01,19,18,Medical
ATT202410002166,STU002166,SCH022,2024-10-01,18,17,Medical
ATT202410002167,STU002167,SCH018,2024-10-01,19,17,Other
ATT202410002168,STU002168,SCH034,2024-10-01,19,15,Other
ATT202410002170,STU002170,SCH007,2024-10-01,22,21,Medical
ATT202410002171,STU002171,SCH043,2024-10-01,22,20,Illness
ATT202410002172,STU002172,SCH002,2024-10-01,18,16,Family
ATT202410002173,STU002173,SCH039,2024-10-01,20,18,Unauthorised
ATT202410002174,STU002174,SCH013,2024-10-01,22,20,Medical
ATT202410002175,STU002175,SCH009,2024-10-01,21,18,Other
ATT202410002176,STU002176,SCH004,2024-10-01,18,16,Other
ATT202410002177,STU002177,SCH017,2024-10-01,21,20,Medical
ATT202410002178,STU002178,SCH045,2024-10-01,21,17,Other
ATT202410002179,STU002179,SCH006,2024-10-01,21,20,Illness
ATT202410002180,STU002180,SCH030,2024-10-01,20,18,Illness
ATT202410002181,STU002181,SCH046,2024-10-01,22,20,Family
ATT202410002182,STU002182,SCH041,2024-10-01,21,19,Family
ATT202410002183,STU002183,SCH020,2024-10-01,18,17,Unauthorised
ATT202410002184,STU002184,SCH050,2024-10-01,21,18,Medical
ATT202410002185,STU002185,SCH047,2024-10-01,22,20,Illness
ATT202410002186,STU002186,SCH005,2024-10-01,19,17,Medical
ATT202410002187,STU002187,SCH033,2024-10-01,20,19,Medical
ATT202410002188,STU002188,SCH006,2024-10-01,21,18,Family
ATT202410002189,STU002189,SCH042,2024-10-01,18,15,Other
ATT202410002190,STU002190,SCH047,2024-10-01,21,19,Unauthorised
ATT202410002191,STU002191,SCH034,2024-10-01,20,18,Unauthorised
ATT202410002192,STU002192,SCH046,2024-10-01,19,17,Other
ATT202410002193,STU002193,SCH007,2024-10-01,18,16,Medical
ATT202410002194,STU002194,SCH039,2024-10-01,22,20,Medical
ATT202410002195,STU002195,SCH009,2024-10-01,20,17,Unauthorised
ATT202410002196,STU002196,SCH043,2024-10-01,22,19,Family
ATT202410002197,STU002197,SCH046,2024-10-01,22,20,Illness
ATT202410002198,STU002198,SCH045,2024-10-01,18,16,Other
ATT202410002199,STU002199,SCH037,2024-10-01,18,16,Unauthorised
ATT202410002200,STU002200,SCH015,2024-10-01,22,20,Illness
ATT202410002201,STU002201,SCH023,2024-10-01,19,18,Illness
ATT202410002202,STU002202,SCH015,2024-10-01,19,18,Family
ATT202410002203,STU002203,SCH006,2024-10-01,21,19,Medical
ATT202410002204,STU002204,SCH005,2024-10-01,21,20,Family
ATT202410002205,STU002205,SCH035,2024-10-01,19,17,Other
ATT202410002206,STU002206,SCH036,2024-10-01,18,17,Other
ATT202410002207,STU002207,SCH026,2024-10-01,22,20,Family
ATT202410002208,STU002208,SCH008,2024-10-01,22,20,Illness
ATT202410002209,STU002209,SCH037,2024-10-01,22,19,Illness
ATT202410002210,STU002210,SCH003,2024-10-01,21,19,Family
ATT202410002211,STU002211,SCH034,2024-10-01,22,19,Illness
ATT202410002212,STU002212,SCH032,2024-10-01,20,17,Other
ATT202410002213,STU002213,SCH005,2024-10-01,21,18,Other
ATT202410002214,STU002214,SCH044,2024-10-01,21,19,Illness
ATT202410002215,STU002215,SCH043,2024-10-01,18,17,Medical
ATT202410002216,STU002216,SCH050,2024-10-01,22,21,Other
ATT202410002217,STU002217,SCH023,2024-10-01,20,18,Other
ATT202410002218,STU002218,SCH009,2024-10-01,22,21,Medical
ATT202410002219,STU002219,SCH011,2024-10-01,20,18,Medical
ATT202410002221,STU002221,SCH005,2024-10-01,21,18,Family
ATT202410002222,STU002222,SCH037,2024-10-01,20,18,Other
ATT202410002223,STU002223,SCH043,2024-10-01,18,16,Family
ATT202410002224,STU002224,SCH006,2024-10-01,18,18,
ATT202410002225,STU002225,SCH017,2024-10-01,19,17,Illness
ATT202410002226,STU002226,SCH046,2024-10-01,20,18,Other
ATT202410002227,STU002227,SCH008,2024-10-01,21,19,Family
ATT202410002228,STU002228,SCH042,2024-10-01,20,19,Medical
ATT202410002229,STU002229,SCH047,2024-10-01,22,19,Illness
ATT202410002230,STU002230,SCH046,2024-10-01,19,17,Illness
ATT202410002231,STU002231,SCH022,2024-10-01,19,18,Medical
ATT202410002232,STU002232,SCH024,2024-10-01,19,18,Unauthorised
ATT202410002233,STU002233,SCH023,2024-10-01,19,18,Illness
ATT202410002234,STU002234,SCH023,2024-10-01,21,18,Unauthorised
ATT202410002235,STU002235,SCH037,2024-10-01,21,19,Illness
ATT202410002236,STU002236,SCH042,2024-10-01,21,19,Unauthorised
ATT202410002237,STU002237,SCH012,2024-10-01,18,15,Other
ATT202410002238,STU002238,SCH034,2024-10-01,18,17,Unauthorised
ATT202410002239,STU002239,SCH003,2024-10-01,18,16,Illness
ATT202410002240,STU002240,SCH035,2024-10-01,21,19,Family
ATT202410002241,STU002241,SCH045,2024-10-01,22,19,Family
ATT202410002242,STU002242,SCH010,2024-10-01,18,17,Family
ATT202410002243,STU002243,SCH031,2024-10-01,22,21,Medical
ATT202410002244,STU002244,SCH016,2024-10-01,21,20,Illness
ATT202410002245,STU002245,SCH047,2024-10-01,21,20,Illness
ATT202410002246,STU002246,SCH002,2024-10-01,18,16,Medical
ATT202410002247,STU002247,SCH031,2024-10-01,22,19,Medical
ATT202410002248,STU002248,SCH048,2024-10-01,20,19,Illness
ATT202410002249,STU002249,SCH012,2024-10-01,18,16,Illness
ATT202410002250,STU002250,SCH036,2024-10-01,22,20,Family
ATT202410002251,STU002251,SCH038,2024-10-01,21,20,Illness
ATT202410002252,STU002252,SCH001,2024-10-01,19,16,Illness
ATT202410002253,STU002253,SCH048,2024-10-01,22,21,Unauthorised
ATT202410002254,STU002254,SCH003,2024-10-01,21,20,Illness
ATT202410002255,STU002255,SCH017,2024-10-01,19,17,Other
ATT202410002256,STU002256,SCH017,2024-10-01,21,19,Illness
ATT202410002257,STU002257,SCH049,2024-10-01,22,20,Family
ATT202410002258,STU002258,SCH050,2024-10-01,22,19,Family
ATT202410002259,STU002259,SCH002,2024-10-01,22,20,Family
ATT202410002260,STU002260,SCH017,2024-10-01,20,17,Family
ATT202410002261,STU002261,SCH037,2024-10-01,22,20,Unauthorised
ATT202410002262,STU002262,SCH042,2024-10-01,20,18,Medical
ATT202410002263,STU002263,SCH005,2024-10-01,22,20,Family
ATT202410002264,STU002264,SCH023,2024-10-01,19,18,Illness
ATT202410002265,STU002265,SCH026,2024-10-01,20,17,Unauthorised
ATT202410002266,STU002266,SCH042,2024-10-01,19,16,Unauthorised
ATT202410002267,STU002267,SCH034,2024-10-01,22,20,Other
ATT202410002268,STU002268,SCH032,2024-10-01,19,17,Illness
ATT202410002269,STU002269,SCH045,2024-10-01,19,17,Other
ATT202410002270,STU002270,SCH011,2024-10-01,21,20,Other
ATT202410002271,STU002271,SCH018,2024-10-01,22,20,Illness
ATT202410002272,STU002272,SCH028,2024-10-01,21,19,Unauthorised
ATT202410002273,STU002273,SCH024,2024-10-01,18,16,Medical
ATT202410002274,STU002274,SCH007,2024-10-01,21,19,Family
ATT202410002275,STU002275,SCH012,2024-10-01,20,18,Family
ATT202410002276,STU002276,SCH037,2024-10-01,22,20,Unauthorised
ATT202410002277,STU002277,SCH020,2024-10-01,20,18,Other
ATT202410002278,STU002278,SCH003,2024-10-01,18,17,Other
ATT202410002279,STU002279,SCH020,2024-10-01,20,19,Other
ATT202410002280,STU002280,SCH033,2024-10-01,18,16,Family
ATT202410002281,STU002281,SCH043,2024-10-01,18,15,Family
ATT202410002282,STU002282,SCH018,2024-10-01,20,20,
ATT202410002283,STU002283,SCH048,2024-10-01,20,19,Other
ATT202410002284,STU002284,SCH008,2024-10-01,19,18,Other
ATT202410002285,STU002285,SCH013,2024-10-01,20,19,Illness
ATT202410002286,STU002286,SCH050,2024-10-01,18,15,Other
ATT202410002287,STU002287,SCH018,2024-10-01,22,20,Family
ATT202410002288,STU002288,SCH029,2024-10-01,18,16,Family
ATT202410002289,STU002289,SCH012,2024-10-01,18,16,Unauthorised
ATT202410002290,STU002290,SCH020,2024-10-01,19,18,Illness
ATT202410002291,STU002291,SCH040,2024-10-01,18,17,Family
ATT202410002292,STU002292,SCH002,2024-10-01,21,19,Other
ATT202410002293,STU002293,SCH033,2024-10-01,19,18,Other
ATT202410002294,STU002294,SCH009,2024-10-01,18,16,Family
ATT202410002295,STU002295,SCH049,2024-10-01,21,18,Medical
ATT202410002296,STU002296,SCH007,2024-10-01,18,18,
ATT202410002297,STU002297,SCH013,2024-10-01,21,19,Family
ATT202410002298,STU002298,SCH009,2024-10-01,19,17,Medical
ATT202410002299,STU002299,SCH007,2024-10-01,19,18,Illness
ATT202410002300,STU002300,SCH022,2024-10-01,18,15,Other
ATT202410002301,STU002301,SCH027,2024-10-01,20,18,Illness
ATT202410002302,STU002302,SCH025,2024-10-01,22,21,Other
ATT202410002303,STU002303,SCH043,2024-10-01,18,17,Illness
ATT202410002304,STU002304,SCH007,2024-10-01,21,20,Other
ATT202410002305,STU002305,SCH010,2024-10-01,18,17,Family
ATT202410002306,STU002306,SCH040,2024-10-01,22,21,Medical
ATT202410002307,STU002307,SCH001,2024-10-01,20,17,Medical
ATT202410002308,STU002308,SCH050,2024-10-01,22,19,Illness
ATT202410002309,STU002309,SCH009,2024-10-01,21,19,Medical
ATT202410002310,STU002310,SCH032,2024-10-01,21,20,Medical
ATT202410002311,STU002311,SCH010,2024-10-01,22,20,Medical
ATT202410002312,STU002312,SCH032,2024-10-01,22,19,Other
ATT202410002313,STU002313,SCH005,2024-10-01,22,21,Family
ATT202410002314,STU002314,SCH014,2024-10-01,22,21,Unauthorised
ATT202410002315,STU002315,SCH026,2024-10-01,22,20,Other
ATT202410002316,STU002316,SCH048,2024-10-01,21,19,Medical
ATT202410002317,STU002317,SCH016,2024-10-01,22,20,Medical
ATT202410002318,STU002318,SCH016,2024-10-01,18,17,Medical
ATT202410002319,STU002319,SCH038,2024-10-01,21,20,Family
ATT202410002320,STU002320,SCH045,2024-10-01,21,18,Illness
ATT202410002321,STU002321,SCH030,2024-10-01,22,20,Illness
ATT202410002322,STU002322,SCH040,2024-10-01,20,18,Family
ATT202410002323,STU002323,SCH040,2024-10-01,20,17,Other
ATT202410002324,STU002324,SCH001,2024-10-01,18,16,Unauthorised
ATT202410002325,STU002325,SCH002,2024-10-01,19,16,Unauthorised
ATT202410002326,STU002326,SCH050,2024-10-01,18,17,Illness
ATT202410002327,STU002327,SCH008,2024-10-01,19,17,Medical
ATT202410002328,STU002328,SCH017,2024-10-01,21,19,Medical
ATT202410002329,STU002329,SCH018,2024-10-01,21,21,
ATT202410002330,STU002330,SCH022,2024-10-01,19,18,Medical
ATT202410002331,STU002331,SCH006,2024-10-01,18,16,Illness
ATT202410002332,STU002332,SCH014,2024-10-01,18,18,
ATT202410002333,STU002333,SCH047,2024-10-01,18,17,Unauthorised
ATT202410002334,STU002334,SCH017,2024-10-01,20,16,Family
ATT202410002335,STU002335,SCH049,2024-10-01,19,14,Other
ATT202410002336,STU002336,SCH045,2024-10-01,19,18,Other
ATT202410002337,STU002337,SCH044,2024-10-01,18,16,Family
ATT202410002338,STU002338,SCH034,2024-10-01,22,19,Other
ATT202410002339,STU002339,SCH031,2024-10-01,20,19,Medical
ATT202410002340,STU002340,SCH050,2024-10-01,19,16,Medical
ATT202410002341,STU002341,SCH030,2024-10-01,20,18,Family
ATT202410002342,STU002342,SCH015,2024-10-01,18,16,Other
ATT202410002343,STU002343,SCH019,2024-10-01,18,17,Illness
ATT202410002344,STU002344,SCH023,2024-10-01,18,16,Illness
ATT202410002345,STU002345,SCH004,2024-10-01,22,22,
ATT202410002346,STU002346,SCH020,2024-10-01,18,16,Unauthorised
ATT202410002347,STU002347,SCH010,2024-10-01,22,18,Other
ATT202410002348,STU002348,SCH010,2024-10-01,19,18,Unauthorised
ATT202410002349,STU002349,SCH047,2024-10-01,20,19,Illness
ATT202410002350,STU002350,SCH008,2024-10-01,20,17,Other
ATT202410002351,STU002351,SCH050,2024-10-01,19,18,Illness
ATT202410002352,STU002352,SCH030,2024-10-01,22,22,
ATT202410002353,STU002353,SCH025,2024-10-01,22,19,Other
ATT202410002354,STU002354,SCH015,2024-10-01,20,19,Unauthorised
ATT202410002355,STU002355,SCH019,2024-10-01,18,17,Medical
ATT202410002356,STU002356,SCH030,2024-10-01,18,18,
ATT202410002357,STU002357,SCH023,2024-10-01,21,19,Family
ATT202410002358,STU002358,SCH025,2024-10-01,20,19,Illness
ATT202410002359,STU002359,SCH009,2024-10-01,21,18,Unauthorised
ATT202410002361,STU002361,SCH011,2024-10-01,22,19,Other
ATT202410002362,STU002362,SCH020,2024-10-01,19,19,
ATT202410002363,STU002363,SCH041,2024-10-01,21,20,Other
ATT202410002364,STU002364,SCH048,2024-10-01,19,17,Unauthorised
ATT202410002365,STU002365,SCH022,2024-10-01,21,19,Medical
ATT202410002366,STU002366,SCH025,2024-10-01,20,18,Illness
ATT202410002367,STU002367,SCH006,2024-10-01,20,19,Family
ATT202410002368,STU002368,SCH005,2024-10-01,21,18,Other
ATT202410002369,STU002369,SCH014,2024-10-01,22,21,Family
ATT202410002370,STU002370,SCH027,2024-10-01,19,17,Illness
ATT202410002371,STU002371,SCH007,2024-10-01,21,19,Illness
ATT202410002372,STU002372,SCH046,2024-10-01,19,17,Family
ATT202410002373,STU002373,SCH028,2024-10-01,19,19,
ATT202410002374,STU002374,SCH041,2024-10-01,22,20,Other
ATT202410002375,STU002375,SCH041,2024-10-01,21,18,Unauthorised
ATT202410002376,STU002376,SCH038,2024-10-01,20,18,Illness
ATT202410002377,STU002377,SCH031,2024-10-01,19,16,Illness
ATT202410002378,STU002378,SCH020,2024-10-01,22,21,Unauthorised
ATT202410002379,STU002379,SCH031,2024-10-01,21,20,Illness
ATT202410002380,STU002380,SCH001,2024-10-01,18,15,Other
ATT202410002381,STU002381,SCH042,2024-10-01,18,15,Illness
ATT202410002382,STU002382,SCH025,2024-10-01,22,20,Family
ATT202410002383,STU002383,SCH042,2024-10-01,21,19,Unauthorised
ATT202410002384,STU002384,SCH020,2024-10-01,19,18,Family
ATT202410002385,STU002385,SCH020,2024-10-01,19,18,Other
ATT202410002386,STU002386,SCH002,2024-10-01,19,17,Other
ATT202410002387,STU002387,SCH013,2024-10-01,18,17,Other
ATT202410002388,STU002388,SCH002,2024-10-01,19,18,Unauthorised
ATT202410002389,STU002389,SCH023,2024-10-01,21,19,Family
ATT202410002390,STU002390,SCH025,2024-10-01,20,19,Illness
ATT202410002391,STU002391,SCH042,2024-10-01,20,18,Other
ATT202410002392,STU002392,SCH017,2024-10-01,20,18,Unauthorised
ATT202410002393,STU002393,SCH033,2024-10-01,22,20,Medical
ATT202410002394,STU002394,SCH038,2024-10-01,18,17,Illness
ATT202410002395,STU002395,SCH017,2024-10-01,21,18,Unauthorised
ATT202410002396,STU002396,SCH034,2024-10-01,22,18,Medical
ATT202410002397,STU002397,SCH008,2024-10-01,19,16,Other
ATT202410002398,STU002398,SCH026,2024-10-01,19,17,Unauthorised
ATT202410002399,STU002399,SCH022,2024-10-01,18,18,
ATT202410002400,STU002400,SCH024,2024-10-01,18,16,Illness
ATT202410002401,STU002401,SCH031,2024-10-01,18,17,Family
ATT202410002402,STU002402,SCH030,2024-10-01,20,18,Family
ATT202410002403,STU002403,SCH029,2024-10-01,21,19,Illness
ATT202410002404,STU002404,SCH027,2024-10-01,21,19,Illness
ATT202410002405,STU002405,SCH049,2024-10-01,18,16,Medical
ATT202410002406,STU002406,SCH004,2024-10-01,22,20,Illness
ATT202410002407,STU002407,SCH011,2024-10-01,19,18,Other
ATT202410002408,STU002408,SCH017,2024-10-01,22,18,Unauthorised
ATT202410002409,STU002409,SCH004,2024-10-01,18,17,Unauthorised
ATT202410002410,STU002410,SCH046,2024-10-01,19,18,Family
ATT202410002411,STU002411,SCH016,2024-10-01,21,21,
ATT202410002412,STU002412,SCH025,2024-10-01,21,19,Illness
ATT202410002413,STU002413,SCH027,2024-10-01,20,20,
ATT202410002414,STU002414,SCH022,2024-10-01,18,16,Illness
ATT202410002415,STU002415,SCH005,2024-10-01,22,21,Unauthorised
ATT202410002416,STU002416,SCH003,2024-10-01,18,16,Illness
ATT202410002417,STU002417,SCH024,2024-10-01,20,19,Illness
ATT202410002418,STU002418,SCH013,2024-10-01,18,18,
ATT202410002419,STU002419,SCH032,2024-10-01,22,21,Illness
ATT202410002420,STU002420,SCH045,2024-10-01,22,20,Illness
ATT202410002421,STU002421,SCH031,2024-10-01,21,21,
ATT202410002422,STU002422,SCH038,2024-10-01,19,17,Unauthorised
ATT202410002423,STU002423,SCH007,2024-10-01,20,19,Medical
ATT202410002424,STU002424,SCH030,2024-10-01,21,19,Unauthorised
ATT202410002425,STU002425,SCH020,2024-10-01,18,17,Medical
ATT202410002426,STU002426,SCH036,2024-10-01,22,20,Illness
ATT202410002427,STU002427,SCH008,2024-10-01,20,18,Other
ATT202410002428,STU002428,SCH022,2024-10-01,20,18,Illness
ATT202410002429,STU002429,SCH028,2024-10-01,19,17,Other
ATT202410002430,STU002430,SCH005,2024-10-01,21,18,Other
ATT202410002431,STU002431,SCH019,2024-10-01,22,21,Other
ATT202410002432,STU002432,SCH047,2024-10-01,19,17,Unauthorised
ATT202410002433,STU002433,SCH026,2024-10-01,18,16,Illness
ATT202410002434,STU002434,SCH009,2024-10-01,21,20,Other
ATT202410002435,STU002435,SCH016,2024-10-01,22,21,Medical
ATT202410002436,STU002436,SCH029,2024-10-01,22,19,Family
ATT202410002437,STU002437,SCH030,2024-10-01,20,18,Medical
ATT202410002438,STU002438,SCH013,2024-10-01,22,20,Other
ATT202410002439,STU002439,SCH023,2024-10-01,21,19,Illness
ATT202410002440,STU002440,SCH029,2024-10-01,20,18,Family
ATT202410002441,STU002441,SCH043,2024-10-01,18,16,Family
ATT202410002442,STU002442,SCH035,2024-10-01,18,16,Medical
ATT202410002443,STU002443,SCH040,2024-10-01,20,17,Other
ATT202410002444,STU002444,SCH010,2024-10-01,21,19,Illness
ATT202410002445,STU002445,SCH040,2024-10-01,19,19,
ATT202410002446,STU002446,SCH040,2024-10-01,22,20,Other
ATT202410002447,STU002447,SCH024,2024-10-01,19,17,Illness
ATT202410002448,STU002448,SCH018,2024-10-01,18,16,Illness
ATT202410002449,STU002449,SCH010,2024-10-01,18,17,Other
ATT202410002450,STU002450,SCH002,2024-10-01,21,18,Medical
ATT202410002451,STU002451,SCH014,2024-10-01,21,21,
ATT202410002452,STU002452,SCH035,2024-10-01,21,18,Family
ATT202410002453,STU002453,SCH013,2024-10-01,18,17,Family
ATT202410002454,STU002454,SCH029,2024-10-01,20,18,Family
ATT202410002455,STU002455,SCH032,2024-10-01,18,16,Family
ATT202410002456,STU002456,SCH025,2024-10-01,19,17,Illness
ATT202410002457,STU002457,SCH036,2024-10-01,21,20,Medical
ATT202410002458,STU002458,SCH011,2024-10-01,21,20,Family
ATT202410002459,STU002459,SCH044,2024-10-01,22,19,Other
ATT202410002460,STU002460,SCH041,2024-10-01,22,19,Other
ATT202410002461,STU002461,SCH008,2024-10-01,21,19,Family
ATT202410002462,STU002462,SCH046,2024-10-01,22,19,Illness
ATT202410002463,STU002463,SCH001,2024-10-01,22,19,Other
ATT202410002464,STU002464,SCH042,2024-10-01,19,15,Illness
ATT202410002465,STU002465,SCH035,2024-10-01,21,18,Family
ATT202410002466,STU002466,SCH047,2024-10-01,19,19,
ATT202410002467,STU002467,SCH040,2024-10-01,21,19,Family
ATT202410002468,STU002468,SCH029,2024-10-01,22,18,Other
ATT202410002469,STU002469,SCH035,2024-10-01,18,16,Illness
ATT202410002470,STU002470,SCH037,2024-10-01,20,19,Medical
ATT202410002471,STU002471,SCH024,2024-10-01,21,17,Unauthorised
ATT202410002472,STU002472,SCH039,2024-10-01,21,18,Other
ATT202410002473,STU002473,SCH030,2024-10-01,18,17,Medical
ATT202410002474,STU002474,SCH047,2024-10-01,22,19,Other
ATT202410002475,STU002475,SCH012,2024-10-01,20,17,Family
ATT202410002476,STU002476,SCH038,2024-10-01,19,18,Family
ATT202410002477,STU002477,SCH049,2024-10-01,20,18,Illness
ATT202410002478,STU002478,SCH025,2024-10-01,22,22,
ATT202410002479,STU002479,SCH020,2024-10-01,20,18,Medical
ATT202410002480,STU002480,SCH010,2024-10-01,18,17,Family
ATT202410002481,STU002481,SCH009,2024-10-01,21,19,Medical
ATT202410002482,STU002482,SCH042,2024-10-01,21,18,Other
ATT202410002483,STU002483,SCH045,2024-10-01,22,21,Family
ATT202410002484,STU002484,SCH033,2024-10-01,20,19,Other
ATT202410002485,STU002485,SCH037,2024-10-01,21,21,
ATT202410002486,STU002486,SCH034,2024-10-01,18,15,Other
ATT202410002487,STU002487,SCH012,2024-10-01,20,18,Other
ATT202410002488,STU002488,SCH015,2024-10-01,22,21,Family
ATT202410002489,STU002489,SCH045,2024-10-01,22,21,Family
ATT202410002490,STU002490,SCH026,2024-10-01,20,18,Unauthorised
ATT202410002491,STU002491,SCH038,2024-10-01,18,18,
ATT202410002492,STU002492,SCH045,2024-10-01,18,14,Family
ATT202410002493,STU002493,SCH018,2024-10-01,18,17,Other
ATT202410002494,STU002494,SCH009,2024-10-01,21,19,Medical
ATT202410002495,STU002495,SCH014,2024-10-01,18,17,Family
ATT202410002496,STU002496,SCH033,2024-10-01,22,20,Other
ATT202410002497,STU002497,SCH018,2024-10-01,20,18,Unauthorised
ATT202410002498,STU002498,SCH001,2024-10-01,21,19,Other
ATT202410002499,STU002499,SCH042,2024-10-01,22,20,Family
ATT202410002500,STU002500,SCH014,2024-10-01,19,18,Family
ATT202410002501,STU002501,SCH012,2024-10-01,19,18,Medical
ATT202410002502,STU002502,SCH011,2024-10-01,18,16,Family
ATT202410002503,STU002503,SCH021,2024-10-01,19,18,Family
ATT202410002504,STU002504,SCH004,2024-10-01,19,17,Family
ATT202410002505,STU002505,SCH027,2024-10-01,20,18,Illness
ATT202410002506,STU002506,SCH007,2024-10-01,21,20,Illness
ATT202410002507,STU002507,SCH039,2024-10-01,20,19,Other
ATT202410002508,STU002508,SCH046,2024-10-01,21,20,Unauthorised
ATT202410002509,STU002509,SCH031,2024-10-01,18,17,Other
ATT202410002510,STU002510,SCH013,2024-10-01,22,20,Other
ATT202410002511,STU002511,SCH043,2024-10-01,22,18,Illness
ATT202410002512,STU002512,SCH023,2024-10-01,19,16,Family
ATT202410002513,STU002513,SCH016,2024-10-01,22,21,Medical
ATT202410002514,STU002514,SCH020,2024-10-01,19,17,Illness
ATT202410002515,STU002515,SCH010,2024-10-01,21,19,Family
ATT202410002516,STU002516,SCH036,2024-10-01,20,17,Illness
ATT202410002517,STU002517,SCH013,2024-10-01,21,18,Family
ATT202410002518,STU002518,SCH050,2024-10-01,19,18,Medical
ATT202410002519,STU002519,SCH014,2024-10-01,20,18,Illness
ATT202410002520,STU002520,SCH011,2024-10-01,19,17,Illness
ATT202410002521,STU002521,SCH020,2024-10-01,21,20,Illness
ATT202410002522,STU002522,SCH028,2024-10-01,18,17,Illness
ATT202410002523,STU002523,SCH032,2024-10-01,22,19,Other
ATT202410002524,STU002524,SCH013,2024-10-01,22,21,Family
ATT202410002525,STU002525,SCH047,2024-10-01,22,21,Unauthorised
ATT202410002526,STU002526,SCH043,2024-10-01,20,18,Medical
ATT202410002527,STU002527,SCH037,2024-10-01,18,17,Family
ATT202410002528,STU002528,SCH038,2024-10-01,22,20,Other
ATT202410002529,STU002529,SCH023,2024-10-01,21,19,Unauthorised
ATT202410002530,STU002530,SCH026,2024-10-01,18,17,Illness
ATT202410002531,STU002531,SCH044,2024-10-01,18,17,Other
ATT202410002532,STU002532,SCH018,2024-10-01,21,19,Family
ATT202410002533,STU002533,SCH021,2024-10-01,20,18,Illness
ATT202410002534,STU002534,SCH021,2024-10-01,21,18,Medical
ATT202410002535,STU002535,SCH030,2024-10-01,19,17,Other
ATT202410002536,STU002536,SCH006,2024-10-01,19,18,Illness
ATT202410002537,STU002537,SCH015,2024-10-01,19,19,
ATT202410002538,STU002538,SCH021,2024-10-01,19,17,Other
ATT202410002539,STU002539,SCH048,2024-10-01,20,18,Other
ATT202410002540,STU002540,SCH025,2024-10-01,19,18,Other
ATT202410002541,STU002541,SCH010,2024-10-01,21,20,Medical
ATT202410002542,STU002542,SCH029,2024-10-01,18,17,Illness
ATT202410002543,STU002543,SCH027,2024-10-01,22,21,Illness
ATT202410002544,STU002544,SCH024,2024-10-01,20,18,Illness
ATT202410002545,STU002545,SCH040,2024-10-01,19,18,Illness
ATT202410002546,STU002546,SCH039,2024-10-01,22,21,Illness
ATT202410002547,STU002547,SCH006,2024-10-01,18,17,Illness
ATT202410002548,STU002548,SCH003,2024-10-01,21,20,Unauthorised
ATT202410002549,STU002549,SCH023,2024-10-01,18,17,Unauthorised
ATT202410002550,STU002550,SCH002,2024-10-01,18,16,Medical
ATT202410002551,STU002551,SCH010,2024-10-01,18,17,Unauthorised
ATT202410002552,STU002552,SCH007,2024-10-01,20,18,Unauthorised
ATT202410002553,STU002553,SCH010,2024-10-01,20,20,
ATT202410002554,STU002554,SCH017,2024-10-01,19,18,Unauthorised
ATT202410002555,STU002555,SCH047,2024-10-01,22,22,
ATT202410002556,STU002556,SCH012,2024-10-01,19,17,Unauthorised
ATT202410002557,STU002557,SCH036,2024-10-01,22,20,Illness
ATT202410002558,STU002558,SCH050,2024-10-01,19,17,Other
ATT202410002559,STU002559,SCH046,2024-10-01,20,17,Other
ATT202410002560,STU002560,SCH050,2024-10-01,22,18,Medical
ATT202410002561,STU002561,SCH014,2024-10-01,21,19,Unauthorised
ATT202410002562,STU002562,SCH031,2024-10-01,20,19,Unauthorised
ATT202410002563,STU002563,SCH046,2024-10-01,21,19,Other
ATT202410002564,STU002564,SCH020,2024-10-01,22,20,Family
ATT202410002565,STU002565,SCH029,2024-10-01,20,18,Medical
ATT202410002566,STU002566,SCH044,2024-10-01,18,17,Medical
ATT202410002567,STU002567,SCH032,2024-10-01,20,17,Other
ATT202410002568,STU002568,SCH020,2024-10-01,19,18,Medical
ATT202410002569,STU002569,SCH037,2024-10-01,18,16,Family
ATT202410002570,STU002570,SCH001,2024-10-01,20,18,Family
ATT202410002571,STU002571,SCH031,2024-10-01,18,17,Unauthorised
ATT202410002572,STU002572,SCH033,2024-10-01,19,18,Family
ATT202410002574,STU002574,SCH037,2024-10-01,19,17,Illness
ATT202410002575,STU002575,SCH014,2024-10-01,18,15,Medical
ATT202410002576,STU002576,SCH003,2024-10-01,20,19,Medical
ATT202410002577,STU002577,SCH047,2024-10-01,22,20,Family
ATT202410002578,STU002578,SCH018,2024-10-01,19,18,Illness
ATT202410002579,STU002579,SCH014,2024-10-01,19,17,Medical
ATT202410002580,STU002580,SCH003,2024-10-01,19,17,Other
ATT202410002581,STU002581,SCH026,2024-10-01,19,18,Other
ATT202410002582,STU002582,SCH019,2024-10-01,22,21,Family
ATT202410002583,STU002583,SCH020,2024-10-01,20,19,Other
ATT202410002584,STU002584,SCH034,2024-10-01,18,16,Unauthorised
ATT202410002585,STU002585,SCH021,2024-10-01,19,19,
ATT202410002586,STU002586,SCH048,2024-10-01,19,17,Family
ATT202410002587,STU002587,SCH031,2024-10-01,20,18,Unauthorised
ATT202410002588,STU002588,SCH029,2024-10-01,19,16,Other
ATT202410002589,STU002589,SCH027,2024-10-01,18,16,Family
ATT202410002590,STU002590,SCH007,2024-10-01,19,18,Family
ATT202410002591,STU002591,SCH034,2024-10-01,20,16,Medical
ATT202410002592,STU002592,SCH008,2024-10-01,21,20,Medical
ATT202410002593,STU002593,SCH046,2024-10-01,20,19,Unauthorised
ATT202410002594,STU002594,SCH038,2024-10-01,18,16,Family
ATT202410002595,STU002595,SCH041,2024-10-01,20,19,Illness
ATT202410002596,STU002596,SCH029,2024-10-01,20,18,Family
ATT202410002597,STU002597,SCH016,2024-10-01,18,16,Other
ATT202410002598,STU002598,SCH040,2024-10-01,22,20,Medical
ATT202410002599,STU002599,SCH013,2024-10-01,21,18,Illness
ATT202410002600,STU002600,SCH030,2024-10-01,22,21,Illness
ATT202410002601,STU002601,SCH017,2024-10-01,22,21,Medical
ATT202410002602,STU002602,SCH009,2024-10-01,22,20,Other
ATT202410002603,STU002603,SCH022,2024-10-01,22,17,Unauthorised
ATT202410002604,STU002604,SCH037,2024-10-01,19,18,Family
ATT202410002605,STU002605,SCH006,2024-10-01,18,17,Unauthorised
ATT202410002606,STU002606,SCH006,2024-10-01,18,16,Family
ATT202410002607,STU002607,SCH003,2024-10-01,19,18,Other
ATT202410002608,STU002608,SCH022,2024-10-01,22,22,
ATT202410002609,STU002609,SCH022,2024-10-01,22,21,Family
ATT202410002610,STU002610,SCH016,2024-10-01,21,19,Family
ATT202410002611,STU002611,SCH006,2024-10-01,21,20,Family
ATT202410002612,STU002612,SCH016,2024-10-01,19,18,Unauthorised
ATT202410002613,STU002613,SCH037,2024-10-01,21,18,Medical
ATT202410002614,STU002614,SCH035,2024-10-01,21,19,Family
ATT202410002615,STU002615,SCH027,2024-10-01,22,19,Medical
ATT202410002616,STU002616,SCH005,2024-10-01,21,19,Medical
ATT202410002617,STU002617,SCH045,2024-10-01,20,17,Family
ATT202410002618,STU002618,SCH013,2024-10-01,21,18,Illness
ATT202410002619,STU002619,SCH030,2024-10-01,21,20,Illness
ATT202410002620,STU002620,SCH006,2024-10-01,19,17,Illness
ATT202410002621,STU002621,SCH034,2024-10-01,22,20,Other
ATT202410002622,STU002622,SCH048,2024-10-01,20,19,Medical
ATT202410002623,STU002623,SCH033,2024-10-01,18,16,Other
ATT202410002624,STU002624,SCH001,2024-10-01,21,19,Family
ATT202410002625,STU002625,SCH048,2024-10-01,21,19,Illness
ATT202410002626,STU002626,SCH018,2024-10-01,22,21,Other
ATT202410002627,STU002627,SCH011,2024-10-01,18,17,Family
ATT202410002628,STU002628,SCH046,2024-10-01,21,20,Illness
ATT202410002629,STU002629,SCH041,2024-10-01,21,18,Illness
ATT202410002630,STU002630,SCH032,2024-10-01,18,16,Illness
ATT202410002631,STU002631,SCH026,2024-10-01,18,18,
ATT202410002632,STU002632,SCH011,2024-10-01,20,19,Medical
ATT202410002633,STU002633,SCH023,2024-10-01,19,17,Medical
ATT202410002634,STU002634,SCH036,2024-10-01,22,21,Illness
ATT202410002635,STU002635,SCH026,2024-10-01,22,21,Illness
ATT202410002636,STU002636,SCH002,2024-10-01,22,21,Illness
ATT202410002637,STU002637,SCH006,2024-10-01,18,16,Unauthorised
ATT202410002638,STU002638,SCH011,2024-10-01,22,21,Other
ATT202410002639,STU002639,SCH029,2024-10-01,18,16,Other
ATT202410002640,STU002640,SCH005,2024-10-01,18,16,Unauthorised
ATT202410002641,STU002641,SCH026,2024-10-01,20,19,Illness
ATT202410002642,STU002642,SCH001,2024-10-01,20,18,Family
ATT202410002643,STU002643,SCH014,2024-10-01,20,17,Illness
ATT202410002644,STU002644,SCH030,2024-10-01,19,17,Family
ATT202410002645,STU002645,SCH032,2024-10-01,21,18,Illness
ATT202410002646,STU002646,SCH019,2024-10-01,22,21,Other
ATT202410002647,STU002647,SCH023,2024-10-01,21,19,Unauthorised
ATT202410002648,STU002648,SCH005,2024-10-01,19,19,
ATT202410002649,STU002649,SCH042,2024-10-01,22,19,Medical
ATT202410002650,STU002650,SCH046,2024-10-01,18,16,Medical
ATT202410002651,STU002651,SCH018,2024-10-01,21,19,Family
ATT202410002652,STU002652,SCH002,2024-10-01,18,14,Medical
ATT202410002653,STU002653,SCH015,2024-10-01,20,18,Unauthorised
ATT202410002654,STU002654,SCH027,2024-10-01,20,20,
ATT202410002655,STU002655,SCH036,2024-10-01,18,16,Family
ATT202410002656,STU002656,SCH029,2024-10-01,21,20,Family
ATT202410002657,STU002657,SCH023,2024-10-01,20,17,Medical
ATT202410002658,STU002658,SCH039,2024-10-01,18,16,Unauthorised
ATT202410002659,STU002659,SCH006,2024-10-01,18,17,Medical
ATT202410002660,STU002660,SCH037,2024-10-01,21,19,Unauthorised
ATT202410002661,STU002661,SCH043,2024-10-01,21,19,Family
ATT202410002662,STU002662,SCH010,2024-10-01,22,19,Medical
ATT202410002663,STU002663,SCH021,2024-10-01,20,18,Family
ATT202410002664,STU002664,SCH041,2024-10-01,20,19,Medical
ATT202410002665,STU002665,SCH012,2024-10-01,18,16,Medical
ATT202410002666,STU002666,SCH045,2024-10-01,21,18,Unauthorised
ATT202410002667,STU002667,SCH031,2024-10-01,18,18,
ATT202410002668,STU002668,SCH027,2024-10-01,20,17,Family
ATT202410002669,STU002669,SCH033,2024-10-01,21,20,Family
ATT202410002670,STU002670,SCH043,2024-10-01,21,18,Medical
ATT202410002671,STU002671,SCH047,2024-10-01,21,20,Family
ATT202410002672,STU002672,SCH040,2024-10-01,21,20,Illness
ATT202410002673,STU002673,SCH021,2024-10-01,18,17,Family
ATT202410002674,STU002674,SCH012,2024-10-01,20,18,Unauthorised
ATT202410002675,STU002675,SCH045,2024-10-01,20,18,Family
ATT202410002676,STU002676,SCH043,2024-10-01,22,20,Family
ATT202410002677,STU002677,SCH042,2024-10-01,22,19,Medical
ATT202410002678,STU002678,SCH037,2024-10-01,19,18,Unauthorised
ATT202410002679,STU002679,SCH011,2024-10-01,22,21,Family
ATT202410002680,STU002680,SCH050,2024-10-01,19,17,Family
ATT202410002681,STU002681,SCH017,2024-10-01,21,17,Family
ATT202410002682,STU002682,SCH040,2024-10-01,22,20,Medical
ATT202410002683,STU002683,SCH012,2024-10-01,19,17,Unauthorised
ATT202410002685,STU002685,SCH043,2024-10-01,21,20,Family
ATT202410002686,STU002686,SCH031,2024-10-01,22,19,Medical
ATT202410002687,STU002687,SCH014,2024-10-01,21,19,Family
ATT202410002688,STU002688,SCH022,2024-10-01,22,20,Unauthorised
ATT202410002689,STU002689,SCH010,2024-10-01,19,17,Medical
ATT202410002690,STU002690,SCH009,2024-10-01,22,19,Family
ATT202410002691,STU002691,SCH027,2024-10-01,20,17,Illness
ATT202410002692,STU002692,SCH047,2024-10-01,21,19,Other
ATT202410002693,STU002693,SCH024,2024-10-01,20,18,Unauthorised
ATT202410002694,STU002694,SCH012,2024-10-01,22,18,Family
ATT202410002695,STU002695,SCH037,2024-10-01,18,16,Medical
ATT202410002696,STU002696,SCH010,2024-10-01,22,21,Other
ATT202410002697,STU002697,SCH035,2024-10-01,22,20,Illness
ATT202410002698,STU002698,SCH008,2024-10-01,18,16,Medical
ATT202410002699,STU002699,SCH025,2024-10-01,18,16,Medical
ATT202410002700,STU002700,SCH044,2024-10-01,21,19,Other
ATT202410002701,STU002701,SCH049,2024-10-01,18,17,Medical
ATT202410002702,STU002702,SCH045,2024-10-01,21,19,Medical
ATT202410002703,STU002703,SCH026,2024-10-01,20,18,Illness
ATT202410002704,STU002704,SCH006,2024-10-01,22,21,Illness
ATT202410002705,STU002705,SCH028,2024-10-01,20,19,Family
ATT202410002706,STU002706,SCH043,2024-10-01,20,18,Family
ATT202410002707,STU002707,SCH049,2024-10-01,19,16,Unauthorised
ATT202410002708,STU002708,SCH020,2024-10-01,22,19,Family
ATT202410002709,STU002709,SCH043,2024-10-01,18,17,Unauthorised
ATT202410002710,STU002710,SCH001,2024-10-01,18,17,Unauthorised
ATT202410002711,STU002711,SCH040,2024-10-01,20,17,Other
ATT202410002712,STU002712,SCH013,2024-10-01,20,17,Other
ATT202410002713,STU002713,SCH050,2024-10-01,18,16,Unauthorised
ATT202410002714,STU002714,SCH012,2024-10-01,19,18,Illness
ATT202410002715,STU002715,SCH025,2024-10-01,21,20,Medical
ATT202410002716,STU002716,SCH012,2024-10-01,21,20,Family
ATT202410002717,STU002717,SCH032,2024-10-01,20,18,Unauthorised
ATT202410002718,STU002718,SCH017,2024-10-01,21,19,Other
ATT202410002719,STU002719,SCH006,2024-10-01,20,17,Illness
ATT202410002720,STU002720,SCH041,2024-10-01,19,19,
ATT202410002721,STU002721,SCH041,2024-10-01,19,19,
ATT202410002722,STU002722,SCH024,2024-10-01,20,19,Unauthorised
ATT202410002723,STU002723,SCH020,2024-10-01,18,16,Illness
ATT202410002724,STU002724,SCH009,2024-10-01,19,17,Medical
ATT202410002725,STU002725,SCH023,2024-10-01,21,19,Family
ATT202410002726,STU002726,SCH041,2024-10-01,18,17,Other
ATT202410002727,STU002727,SCH024,2024-10-01,18,17,Family
ATT202410002728,STU002728,SCH004,2024-10-01,20,18,Illness
ATT202410002729,STU002729,SCH003,2024-10-01,18,17,Medical
ATT202410002730,STU002730,SCH008,2024-10-01,22,20,Family
ATT202410002731,STU002731,SCH025,2024-10-01,18,18,
ATT202410002732,STU002732,SCH018,2024-10-01,18,17,Illness
ATT202410002733,STU002733,SCH002,2024-10-01,20,19,Unauthorised
ATT202410002734,STU002734,SCH046,2024-10-01,18,17,Unauthorised
ATT202410002735,STU002735,SCH036,2024-10-01,18,17,Medical
ATT202410002736,STU002736,SCH049,2024-10-01,22,19,Other
ATT202410002737,STU002737,SCH021,2024-10-01,21,21,
ATT202410002738,STU002738,SCH015,2024-10-01,22,19,Medical
ATT202410002739,STU002739,SCH034,2024-10-01,18,17,Illness
ATT202410002740,STU002740,SCH018,2024-10-01,22,21,Illness
ATT202410002741,STU002741,SCH038,2024-10-01,19,17,Medical
ATT202410002742,STU002742,SCH033,2024-10-01,18,17,Illness
ATT202410002743,STU002743,SCH048,2024-10-01,21,19,Unauthorised
ATT202410002744,STU002744,SCH036,2024-10-01,18,17,Medical
ATT202410002745,STU002745,SCH032,2024-10-01,19,17,Unauthorised
ATT202410002746,STU002746,SCH021,2024-10-01,18,16,Unauthorised
ATT202410002747,STU002747,SCH005,2024-10-01,22,19,Family
ATT202410002748,STU002748,SCH011,2024-10-01,20,18,Other
ATT202410002749,STU002749,SCH005,2024-10-01,19,18,Medical
ATT202410002750,STU002750,SCH048,2024-10-01,19,17,Other
ATT202410002751,STU002751,SCH034,2024-10-01,22,19,Other
ATT202410002752,STU002752,SCH038,2024-10-01,21,19,Family
ATT202410002753,STU002753,SCH022,2024-10-01,20,17,Medical
ATT202410002754,STU002754,SCH030,2024-10-01,22,21,Unauthorised
ATT202410002755,STU002755,SCH038,2024-10-01,22,21,Medical
ATT202410002756,STU002756,SCH015,2024-10-01,22,20,Unauthorised
ATT202410002757,STU002757,SCH022,2024-10-01,19,17,Family
ATT202410002758,STU002758,SCH019,2024-10-01,19,18,Medical
ATT202410002759,STU002759,SCH004,2024-10-01,18,17,Medical
ATT202410002760,STU002760,SCH004,2024-10-01,18,18,
ATT202410002761,STU002761,SCH003,2024-10-01,21,21,
ATT202410002762,STU002762,SCH002,2024-10-01,22,18,Illness
ATT202410002763,STU002763,SCH001,2024-10-01,20,19,Medical
ATT202410002764,STU002764,SCH008,2024-10-01,21,20,Medical
ATT202410002765,STU002765,SCH003,2024-10-01,18,16,Medical
ATT202410002766,STU002766,SCH021,2024-10-01,20,17,Illness
ATT202410002767,STU002767,SCH048,2024-10-01,20,18,Unauthorised
ATT202410002769,STU002769,SCH008,2024-10-01,20,19,Medical
ATT202410002770,STU002770,SCH002,2024-10-01,18,16,Family
ATT202410002771,STU002771,SCH016,2024-10-01,20,19,Family
ATT202410002772,STU002772,SCH045,2024-10-01,18,15,Medical
ATT202410002773,STU002773,SCH047,2024-10-01,22,22,
ATT202410002774,STU002774,SCH034,2024-10-01,18,15,Medical
ATT202410002775,STU002775,SCH044,2024-10-01,20,18,Illness
ATT202410002776,STU002776,SCH018,2024-10-01,21,20,Medical
ATT202410002777,STU002777,SCH033,2024-10-01,21,19,Illness
ATT202410002778,STU002778,SCH044,2024-10-01,22,19,Medical
ATT202410002779,STU002779,SCH024,2024-10-01,22,20,Family
ATT202410002780,STU002780,SCH013,2024-10-01,22,21,Family
ATT202410002781,STU002781,SCH031,2024-10-01,21,19,Medical
ATT202410002782,STU002782,SCH019,2024-10-01,19,17,Medical
ATT202410002783,STU002783,SCH050,2024-10-01,19,17,Other
ATT202410002784,STU002784,SCH025,2024-10-01,19,18,Medical
ATT202410002785,STU002785,SCH043,2024-10-01,19,17,Unauthorised
ATT202410002786,STU002786,SCH019,2024-10-01,19,17,Other
ATT202410002787,STU002787,SCH038,2024-10-01,22,21,Unauthorised
ATT202410002788,STU002788,SCH039,2024-10-01,21,20,Unauthorised
ATT202410002789,STU002789,SCH024,2024-10-01,22,20,Other
ATT202410002790,STU002790,SCH044,2024-10-01,22,19,Unauthorised
ATT202410002791,STU002791,SCH035,2024-10-01,18,16,Other
ATT202410002792,STU002792,SCH043,2024-10-01,19,17,Illness
ATT202410002793,STU002793,SCH035,2024-10-01,22,19,Illness
ATT202410002795,STU002795,SCH025,2024-10-01,20,18,Other
ATT202410002796,STU002796,SCH036,2024-10-01,18,17,Family
ATT202410002797,STU002797,SCH049,2024-10-01,20,18,Family
ATT202410002798,STU002798,SCH027,2024-10-01,20,18,Illness
ATT202410002799,STU002799,SCH038,2024-10-01,18,15,Other
ATT202410002800,STU002800,SCH003,2024-10-01,22,21,Other
ATT202410002801,STU002801,SCH019,2024-10-01,22,20,Medical
ATT202410002802,STU002802,SCH009,2024-10-01,18,15,Other
ATT202410002803,STU002803,SCH043,2024-10-01,22,21,Illness
ATT202410002804,STU002804,SCH031,2024-10-01,22,21,Medical
ATT202410002805,STU002805,SCH022,2024-10-01,20,19,Unauthorised
ATT202410002806,STU002806,SCH012,2024-10-01,18,16,Unauthorised
ATT202410002807,STU002807,SCH040,2024-10-01,20,19,Unauthorised
ATT202410002808,STU002808,SCH048,2024-10-01,20,18,Medical
ATT202410002809,STU002809,SCH008,2024-10-01,21,20,Illness
ATT202410002810,STU002810,SCH035,2024-10-01,21,20,Medical
ATT202410002811,STU002811,SCH030,2024-10-01,20,19,Illness
ATT202410002812,STU002812,SCH007,2024-10-01,21,19,Medical
ATT202410002813,STU002813,SCH003,2024-10-01,22,21,Family
ATT202410002814,STU002814,SCH004,2024-10-01,18,17,Unauthorised
ATT202410002815,STU002815,SCH009,2024-10-01,21,19,Illness
ATT202410002816,STU002816,SCH017,2024-10-01,20,19,Medical
ATT202410002817,STU002817,SCH029,2024-10-01,18,17,Illness
ATT202410002818,STU002818,SCH023,2024-10-01,22,20,Unauthorised
ATT202410002819,STU002819,SCH027,2024-10-01,20,18,Family
ATT202410002820,STU002820,SCH010,2024-10-01,18,17,Family
ATT202410002821,STU002821,SCH031,2024-10-01,19,17,Medical
ATT202410002822,STU002822,SCH019,2024-10-01,18,17,Family
ATT202410002823,STU002823,SCH010,2024-10-01,22,19,Family
ATT202410002824,STU002824,SCH034,2024-10-01,19,18,Family
ATT202410002825,STU002825,SCH037,2024-10-01,19,17,Unauthorised
ATT202410002826,STU002826,SCH003,2024-10-01,18,17,Illness
ATT202410002827,STU002827,SCH034,2024-10-01,18,16,Unauthorised
ATT202410002828,STU002828,SCH021,2024-10-01,22,21,Family
ATT202410002829,STU002829,SCH044,2024-10-01,18,18,
ATT202410002830,STU002830,SCH048,2024-10-01,19,17,Illness
ATT202410002831,STU002831,SCH046,2024-10-01,18,17,Family
ATT202410002832,STU002832,SCH035,2024-10-01,21,20,Unauthorised
ATT202410002833,STU002833,SCH041,2024-10-01,19,17,Unauthorised
ATT202410002834,STU002834,SCH035,2024-10-01,19,17,Illness
ATT202410002835,STU002835,SCH031,2024-10-01,18,16,Unauthorised
ATT202410002836,STU002836,SCH005,2024-10-01,20,18,Illness
ATT202410002837,STU002837,SCH047,2024-10-01,18,16,Illness
ATT202410002838,STU002838,SCH050,2024-10-01,20,18,Family
ATT202410002840,STU002840,SCH050,2024-10-01,22,20,Illness
ATT202410002841,STU002841,SCH032,2024-10-01,18,16,Illness
ATT202410002842,STU002842,SCH041,2024-10-01,18,16,Other
ATT202410002843,STU002843,SCH021,2024-10-01,18,17,Family
ATT202410002844,STU002844,SCH044,2024-10-01,22,19,Illness
ATT202410002845,STU002845,SCH016,2024-10-01,19,18,Illness
ATT202410002846,STU002846,SCH033,2024-10-01,18,16,Other
ATT202410002847,STU002847,SCH004,2024-10-01,21,19,Family
ATT202410002848,STU002848,SCH013,2024-10-01,21,20,Medical
ATT202410002849,STU002849,SCH048,2024-10-01,20,19,Unauthorised
ATT202410002850,STU002850,SCH033,2024-10-01,19,18,Medical
ATT202410002851,STU002851,SCH009,2024-10-01,18,17,Unauthorised
ATT202410002852,STU002852,SCH014,2024-10-01,22,22,
ATT202410002853,STU002853,SCH023,2024-10-01,22,20,Other
ATT202410002854,STU002854,SCH027,2024-10-01,21,19,Unauthorised
ATT202410002855,STU002855,SCH044,2024-10-01,18,16,Unauthorised
ATT202410002856,STU002856,SCH003,2024-10-01,20,19,Family
ATT202410002857,STU002857,SCH012,2024-10-01,21,20,Illness
ATT202410002858,STU002858,SCH005,2024-10-01,19,18,Family
ATT202410002859,STU002859,SCH028,2024-10-01,19,18,Other
ATT202410002860,STU002860,SCH019,2024-10-01,20,19,Medical
ATT202410002861,STU002861,SCH032,2024-10-01,18,17,Medical
ATT202410002862,STU002862,SCH023,2024-10-01,21,19,Other
ATT202410002863,STU002863,SCH004,2024-10-01,18,18,
ATT202410002864,STU002864,SCH010,2024-10-01,19,16,Medical
ATT202410002865,STU002865,SCH048,2024-10-01,20,19,Medical
ATT202410002866,STU002866,SCH007,2024-10-01,21,19,Illness
ATT202410002867,STU002867,SCH044,2024-10-01,20,18,Other
ATT202410002868,STU002868,SCH010,2024-10-01,19,17,Family
ATT202410002869,STU002869,SCH024,2024-10-01,22,19,Illness
ATT202410002870,STU002870,SCH005,2024-10-01,22,19,Family
ATT202410002871,STU002871,SCH047,2024-10-01,22,20,Family
ATT202410002872,STU002872,SCH018,2024-10-01,19,17,Medical
ATT202410002873,STU002873,SCH001,2024-10-01,18,16,Family
ATT202410002874,STU002874,SCH041,2024-10-01,22,20,Other
ATT202410002875,STU002875,SCH040,2024-10-01,21,20,Unauthorised
ATT202410002876,STU002876,SCH010,2024-10-01,18,15,Family
ATT202410002877,STU002877,SCH048,2024-10-01,20,17,Illness
ATT202410002878,STU002878,SCH048,2024-10-01,21,18,Illness
ATT202410002879,STU002879,SCH037,2024-10-01,18,16,Medical
ATT202410002880,STU002880,SCH031,2024-10-01,20,19,Illness
ATT202410002881,STU002881,SCH010,2024-10-01,19,18,Medical
ATT202410002882,STU002882,SCH046,2024-10-01,20,18,Medical
ATT202410002883,STU002883,SCH005,2024-10-01,21,19,Other
ATT202410002884,STU002884,SCH035,2024-10-01,22,19,Other
ATT202410002885,STU002885,SCH023,2024-10-01,19,18,Family
ATT202410002886,STU002886,SCH011,2024-10-01,20,19,Other
ATT202410002887,STU002887,SCH017,2024-10-01,19,16,Family
ATT202410002888,STU002888,SCH037,2024-10-01,22,22,
ATT202410002889,STU002889,SCH034,2024-10-01,21,19,Medical
ATT202410002890,STU002890,SCH013,2024-10-01,22,21,Other
ATT202410002891,STU002891,SCH012,2024-10-01,22,19,Unauthorised
ATT202410002892,STU002892,SCH008,2024-10-01,20,18,Unauthorised
ATT202410002893,STU002893,SCH001,2024-10-01,22,19,Unauthorised
ATT202410002894,STU002894,SCH030,2024-10-01,20,17,Family
ATT202410002895,STU002895,SCH015,2024-10-01,21,20,Medical
ATT202410002896,STU002896,SCH029,2024-10-01,19,17,Other
ATT202410002897,STU002897,SCH022,2024-10-01,19,16,Medical
ATT202410002898,STU002898,SCH040,2024-10-01,19,18,Other
ATT202410002899,STU002899,SCH014,2024-10-01,22,20,Illness
ATT202410002900,STU002900,SCH047,2024-10-01,20,18,Medical
ATT202410002901,STU002901,SCH016,2024-10-01,22,20,Medical
ATT202410002902,STU002902,SCH041,2024-10-01,19,18,Other
ATT202410002903,STU002903,SCH025,2024-10-01,20,18,Other
ATT202410002904,STU002904,SCH001,2024-10-01,22,18,Family
ATT202410002905,STU002905,SCH024,2024-10-01,19,17,Other
ATT202410002906,STU002906,SCH005,2024-10-01,18,17,Family
ATT202410002907,STU002907,SCH033,2024-10-01,18,16,Medical
ATT202410002908,STU002908,SCH044,2024-10-01,20,18,Illness
ATT202410002909,STU002909,SCH023,2024-10-01,22,19,Illness
ATT202410002910,STU002910,SCH016,2024-10-01,20,19,Unauthorised
ATT202410002911,STU002911,SCH036,2024-10-01,19,18,Family
ATT202410002912,STU002912,SCH002,2024-10-01,19,17,Illness
ATT202410002913,STU002913,SCH003,2024-10-01,22,22,
ATT202410002914,STU002914,SCH031,2024-10-01,21,20,Other
ATT202410002915,STU002915,SCH038,2024-10-01,19,19,
ATT202410002916,STU002916,SCH044,2024-10-01,19,17,Other
ATT202410002917,STU002917,SCH050,2024-10-01,21,20,Family
ATT202410002918,STU002918,SCH048,2024-10-01,20,19,Unauthorised
ATT202410002919,STU002919,SCH010,2024-10-01,18,16,Family
ATT202410002920,STU002920,SCH025,2024-10-01,19,19,
ATT202410002921,STU002921,SCH027,2024-10-01,19,17,Unauthorised
ATT202410002922,STU002922,SCH026,2024-10-01,19,16,Unauthorised
ATT202410002923,STU002923,SCH027,2024-10-01,20,17,Other
ATT202410002924,STU002924,SCH002,2024-10-01,19,19,
ATT202410002925,STU002925,SCH050,2024-10-01,22,20,Illness
ATT202410002926,STU002926,SCH034,2024-10-01,19,18,Unauthorised
ATT202410002927,STU002927,SCH023,2024-10-01,21,19,Medical
ATT202410002928,STU002928,SCH030,2024-10-01,18,18,
ATT202410002929,STU002929,SCH032,2024-10-01,19,17,Other
ATT202410002930,STU002930,SCH049,2024-10-01,19,17,Unauthorised
ATT202410002931,STU002931,SCH015,2024-10-01,22,22,
ATT202410002932,STU002932,SCH038,2024-10-01,22,21,Illness
ATT202410002933,STU002933,SCH022,2024-10-01,20,17,Family
ATT202410002934,STU002934,SCH037,2024-10-01,19,18,Unauthorised
ATT202410002936,STU002936,SCH048,2024-10-01,22,20,Illness
ATT202410002937,STU002937,SCH046,2024-10-01,19,15,Family
ATT202410002938,STU002938,SCH031,2024-10-01,22,19,Family
ATT202410002939,STU002939,SCH015,2024-10-01,22,21,Family
ATT202410002940,STU002940,SCH006,2024-10-01,22,21,Medical
ATT202410002941,STU002941,SCH002,2024-10-01,18,15,Other
ATT202410002942,STU002942,SCH011,2024-10-01,22,21,Medical
ATT202410002943,STU002943,SCH006,2024-10-01,19,17,Family
ATT202410002944,STU002944,SCH038,2024-10-01,21,19,Family
ATT202410002945,STU002945,SCH043,2024-10-01,18,16,Unauthorised
ATT202410002946,STU002946,SCH010,2024-10-01,18,17,Unauthorised
ATT202410002947,STU002947,SCH047,2024-10-01,22,20,Medical
ATT202410002948,STU002948,SCH011,2024-10-01,22,20,Medical
ATT202410002949,STU002949,SCH043,2024-10-01,18,17,Medical
ATT202410002950,STU002950,SCH026,2024-10-01,21,20,Unauthorised
ATT202410002951,STU002951,SCH049,2024-10-01,21,19,Medical
ATT202410002952,STU002952,SCH014,2024-10-01,22,22,
ATT202410002953,STU002953,SCH025,2024-10-01,18,17,Illness
ATT202410002954,STU002954,SCH024,2024-10-01,19,17,Illness
ATT202410002955,STU002955,SCH007,2024-10-01,18,17,Illness
ATT202410002956,STU002956,SCH005,2024-10-01,21,20,Medical
ATT202410002957,STU002957,SCH008,2024-10-01,18,17,Unauthorised
ATT202410002958,STU002958,SCH016,2024-10-01,21,21,
ATT202410002959,STU002959,SCH033,2024-10-01,20,18,Illness
ATT202410002960,STU002960,SCH046,2024-10-01,21,20,Medical
ATT202410002961,STU002961,SCH016,2024-10-01,22,20,Unauthorised
ATT202410002962,STU002962,SCH036,2024-10-01,21,21,
ATT202410002963,STU002963,SCH025,2024-10-01,20,19,Medical
ATT202410002964,STU002964,SCH020,2024-10-01,21,18,Illness
ATT202410002965,STU002965,SCH011,2024-10-01,18,16,Family
ATT202410002966,STU002966,SCH022,2024-10-01,21,18,Illness
ATT202410002967,STU002967,SCH021,2024-10-01,19,17,Illness
ATT202410002968,STU002968,SCH014,2024-10-01,19,16,Family
ATT202410002969,STU002969,SCH037,2024-10-01,18,17,Family
ATT202410002970,STU002970,SCH019,2024-10-01,19,18,Medical
ATT202410002971,STU002971,SCH012,2024-10-01,20,16,Medical
ATT202410002972,STU002972,SCH030,2024-10-01,18,17,Other
ATT202410002973,STU002973,SCH021,2024-10-01,21,20,Medical
ATT202410002974,STU002974,SCH003,2024-10-01,22,20,Illness
ATT202410002975,STU002975,SCH044,2024-10-01,20,19,Unauthorised
ATT202410002976,STU002976,SCH007,2024-10-01,18,17,Unauthorised
ATT202410002977,STU002977,SCH028,2024-10-01,20,19,Unauthorised
ATT202410002978,STU002978,SCH033,2024-10-01,19,17,Illness
ATT202410002979,STU002979,SCH009,2024-10-01,19,17,Family
ATT202410002980,STU002980,SCH030,2024-10-01,22,20,Other
ATT202410002981,STU002981,SCH023,2024-10-01,20,19,Family
ATT202410002982,STU002982,SCH010,2024-10-01,19,17,Other
ATT202410002983,STU002983,SCH041,2024-10-01,20,19,Medical
ATT202410002984,STU002984,SCH045,2024-10-01,22,20,Family
ATT202410002985,STU002985,SCH004,2024-10-01,19,17,Unauthorised
ATT202410002986,STU002986,SCH050,2024-10-01,18,16,Other
ATT202410002987,STU002987,SCH023,2024-10-01,22,21,Medical
ATT202410002988,STU002988,SCH012,2024-10-01,19,17,Family
ATT202410002989,STU002989,SCH043,2024-10-01,18,16,Unauthorised
ATT202410002990,STU002990,SCH025,2024-10-01,18,15,Other
ATT202410002991,STU002991,SCH050,2024-10-01,21,19,Medical
ATT202410002992,STU002992,SCH034,2024-10-01,20,18,Illness
ATT202410002993,STU002993,SCH025,2024-10-01,18,17,Other
ATT202410002994,STU002994,SCH034,2024-10-01,18,17,Unauthorised
ATT202410002995,STU002995,SCH020,2024-10-01,22,20,Other
ATT202410002996,STU002996,SCH050,2024-10-01,22,21,Illness
ATT202410002997,STU002997,SCH005,2024-10-01,22,19,Unauthorised
ATT202410002998,STU002998,SCH010,2024-10-01,22,18,Unauthorised
ATT202410002999,STU002999,SCH016,2024-10-01,19,16,Unauthorised
ATT202410003000,STU003000,SCH031,2024-10-01,21,18,Other
ATT202410003001,STU003001,SCH045,2024-10-01,20,18,Other
ATT202410003002,STU003002,SCH035,2024-10-01,20,17,Medical
ATT202410003003,STU003003,SCH033,2024-10-01,21,20,Family
ATT202410003004,STU003004,SCH045,2024-10-01,19,16,Medical
ATT202410003005,STU003005,SCH031,2024-10-01,22,18,Illness
ATT202410003006,STU003006,SCH039,2024-10-01,18,16,Other
ATT202410003007,STU003007,SCH014,2024-10-01,21,19,Illness
ATT202410003008,STU003008,SCH015,2024-10-01,20,17,Illness
ATT202410003009,STU003009,SCH006,2024-10-01,20,17,Unauthorised
ATT202410003010,STU003010,SCH047,2024-10-01,18,17,Unauthorised
ATT202410003011,STU003011,SCH037,2024-10-01,19,18,Illness
ATT202410003012,STU003012,SCH033,2024-10-01,20,18,Medical
ATT202410003013,STU003013,SCH015,2024-10-01,20,18,Unauthorised
ATT202410003014,STU003014,SCH025,2024-10-01,18,16,Medical
ATT202410003015,STU003015,SCH048,2024-10-01,18,17,Other
ATT202410003016,STU003016,SCH038,2024-10-01,20,19,Illness
ATT202410003017,STU003017,SCH008,2024-10-01,21,20,Other
ATT202410003018,STU003018,SCH023,2024-10-01,20,18,Unauthorised
ATT202410003019,STU003019,SCH011,2024-10-01,20,18,Illness
ATT202410003020,STU003020,SCH004,2024-10-01,19,19,
ATT202410003021,STU003021,SCH027,2024-10-01,20,17,Family
ATT202410003022,STU003022,SCH043,2024-10-01,20,17,Illness
ATT202410003023,STU003023,SCH003,2024-10-01,21,19,Other
ATT202410003024,STU003024,SCH040,2024-10-01,20,20,
ATT202410003025,STU003025,SCH029,2024-10-01,18,15,Other
ATT202410003026,STU003026,SCH012,2024-10-01,19,18,Unauthorised
ATT202410003027,STU003027,SCH026,2024-10-01,22,20,Other
ATT202410003028,STU003028,SCH036,2024-10-01,22,22,
ATT202410003030,STU003030,SCH046,2024-10-01,20,17,Other
ATT202410003031,STU003031,SCH037,2024-10-01,19,17,Medical
ATT202410003032,STU003032,SCH041,2024-10-01,19,17,Unauthorised
ATT202410003033,STU003033,SCH041,2024-10-01,21,20,Medical
ATT202410003034,STU003034,SCH008,2024-10-01,21,20,Other
ATT202410003035,STU003035,SCH016,2024-10-01,18,16,Unauthorised
ATT202410003036,STU003036,SCH005,2024-10-01,20,18,Illness
ATT202410003037,STU003037,SCH016,2024-10-01,21,21,
ATT202410003038,STU003038,SCH026,2024-10-01,20,18,Unauthorised
ATT202410003039,STU003039,SCH049,2024-10-01,18,16,Other
ATT202410003040,STU003040,SCH041,2024-10-01,20,19,Unauthorised
ATT202410003041,STU003041,SCH006,2024-10-01,21,19,Illness
ATT202410003042,STU003042,SCH025,2024-10-01,18,17,Unauthorised
ATT202410003043,STU003043,SCH027,2024-10-01,18,16,Unauthorised
ATT202410003044,STU003044,SCH013,2024-10-01,18,17,Medical
ATT202410003045,STU003045,SCH007,2024-10-01,21,20,Illness
ATT202410003046,STU003046,SCH010,2024-10-01,21,20,Unauthorised
ATT202410003047,STU003047,SCH033,2024-10-01,19,17,Family
ATT202410003048,STU003048,SCH045,2024-10-01,21,19,Unauthorised
ATT202410003049,STU003049,SCH041,2024-10-01,18,16,Illness
ATT202410003050,STU003050,SCH041,2024-10-01,22,20,Other
ATT202410003051,STU003051,SCH014,2024-10-01,21,21,
ATT202410003052,STU003052,SCH050,2024-10-01,21,19,Medical
ATT202410003053,STU003053,SCH003,2024-10-01,20,18,Family
ATT202410003054,STU003054,SCH004,2024-10-01,19,18,Medical
ATT202410003055,STU003055,SCH030,2024-10-01,21,21,
ATT202410003056,STU003056,SCH031,2024-10-01,22,17,Unauthorised
ATT202410003057,STU003057,SCH003,2024-10-01,20,18,Illness
ATT202410003058,STU003058,SCH016,2024-10-01,19,18,Unauthorised
ATT202410003059,STU003059,SCH003,2024-10-01,18,18,
ATT202410003060,STU003060,SCH022,2024-10-01,21,17,Medical
ATT202410003061,STU003061,SCH024,2024-10-01,19,16,Medical
ATT202410003062,STU003062,SCH013,2024-10-01,20,20,
ATT202410003063,STU003063,SCH040,2024-10-01,20,20,
ATT202410003064,STU003064,SCH025,2024-10-01,21,20,Illness
ATT202410003065,STU003065,SCH036,2024-10-01,19,17,Illness
ATT202410003066,STU003066,SCH030,2024-10-01,18,16,Family
ATT202410003067,STU003067,SCH031,2024-10-01,18,15,Family
ATT202410003068,STU003068,SCH044,2024-10-01,19,17,Illness
ATT202410003069,STU003069,SCH008,2024-10-01,20,19,Unauthorised
ATT202410003071,STU003071,SCH040,2024-10-01,18,17,Medical
ATT202410003072,STU003072,SCH044,2024-10-01,22,20,Illness
ATT202410003073,STU003073,SCH043,2024-10-01,21,19,Illness
ATT202410003074,STU003074,SCH050,2024-10-01,21,18,Medical
ATT202410003075,STU003075,SCH027,2024-10-01,21,19,Family
ATT202410003076,STU003076,SCH014,2024-10-01,18,18,
ATT202410003077,STU003077,SCH029,2024-10-01,18,16,Other
ATT202410003078,STU003078,SCH012,2024-10-01,20,18,Other
ATT202410003079,STU003079,SCH011,2024-10-01,20,19,Illness
ATT202410003080,STU003080,SCH018,2024-10-01,22,21,Unauthorised
ATT202410003081,STU003081,SCH029,2024-10-01,18,16,Medical
ATT202410003082,STU003082,SCH042,2024-10-01,21,18,Medical
ATT202410003083,STU003083,SCH002,2024-10-01,22,20,Family
ATT202410003084,STU003084,SCH041,2024-10-01,21,20,Family
ATT202410003085,STU003085,SCH026,2024-10-01,21,20,Other
ATT202410003086,STU003086,SCH024,2024-10-01,18,15,Unauthorised
ATT202410003087,STU003087,SCH022,2024-10-01,20,19,Medical
ATT202410003088,STU003088,SCH046,2024-10-01,19,17,Other
ATT202410003089,STU003089,SCH029,2024-10-01,21,19,Medical
ATT202410003090,STU003090,SCH045,2024-10-01,18,16,Family
ATT202410003091,STU003091,SCH027,2024-10-01,21,20,Other
ATT202410003092,STU003092,SCH037,2024-10-01,18,17,Other
ATT202410003093,STU003093,SCH007,2024-10-01,19,17,Medical
ATT202410003094,STU003094,SCH030,2024-10-01,19,18,Other
ATT202410003095,STU003095,SCH018,2024-10-01,18,15,Medical
ATT202410003096,STU003096,SCH004,2024-10-01,18,17,Other
ATT202410003097,STU003097,SCH007,2024-10-01,22,20,Family
ATT202410003098,STU003098,SCH038,2024-10-01,19,16,Unauthorised
ATT202410003099,STU003099,SCH007,2024-10-01,22,19,Other
ATT202410003100,STU003100,SCH039,2024-10-01,19,18,Illness
ATT202410003101,STU003101,SCH043,2024-10-01,19,17,Family
ATT202410003102,STU003102,SCH025,2024-10-01,20,19,Family
ATT202410003103,STU003103,SCH040,2024-10-01,18,17,Unauthorised
ATT202410003104,STU003104,SCH042,2024-10-01,18,15,Illness
ATT202410003105,STU003105,SCH013,2024-10-01,19,17,Illness
ATT202410003106,STU003106,SCH027,2024-10-01,22,20,Medical
ATT202410003107,STU003107,SCH049,2024-10-01,21,19,Medical
ATT202410003108,STU003108,SCH019,2024-10-01,20,19,Illness
ATT202410003109,STU003109,SCH044,2024-10-01,18,15,Unauthorised
ATT202410003110,STU003110,SCH022,2024-10-01,22,18,Family
ATT202410003111,STU003111,SCH031,2024-10-01,19,17,Unauthorised
ATT202410003112,STU003112,SCH014,2024-10-01,21,18,Medical
ATT202410003113,STU003113,SCH025,2024-10-01,18,16,Other
ATT202410003114,STU003114,SCH021,2024-10-01,20,18,Other
ATT202410003115,STU003115,SCH047,2024-10-01,22,21,Other
ATT202410003116,STU003116,SCH020,2024-10-01,19,18,Family
ATT202410003117,STU003117,SCH035,2024-10-01,21,18,Other
ATT202410003118,STU003118,SCH028,2024-10-01,22,20,Illness
ATT202410003119,STU003119,SCH031,2024-10-01,19,17,Family
ATT202410003120,STU003120,SCH015,2024-10-01,18,17,Unauthorised
ATT202410003121,STU003121,SCH036,2024-10-01,19,17,Medical
ATT202410003122,STU003122,SCH011,2024-10-01,18,15,Family
ATT202410003123,STU003123,SCH037,2024-10-01,20,19,Unauthorised
ATT202410003124,STU003124,SCH039,2024-10-01,18,16,Medical
ATT202410003125,STU003125,SCH046,2024-10-01,22,21,Unauthorised
ATT202410003126,STU003126,SCH046,2024-10-01,20,18,Medical
ATT202410003127,STU003127,SCH005,2024-10-01,22,19,Unauthorised
ATT202410003128,STU003128,SCH022,2024-10-01,18,15,Other
ATT202410003129,STU003129,SCH032,2024-10-01,20,18,Medical
ATT202410003130,STU003130,SCH019,2024-10-01,19,18,Other
ATT202410003131,STU003131,SCH030,2024-10-01,19,17,Unauthorised
ATT202410003132,STU003132,SCH039,2024-10-01,21,20,Medical
ATT202410003133,STU003133,SCH050,2024-10-01,18,17,Medical
ATT202410003134,STU003134,SCH012,2024-10-01,22,21,Family
ATT202410003135,STU003135,SCH013,2024-10-01,22,19,Illness
ATT202410003136,STU003136,SCH041,2024-10-01,20,19,Illness
ATT202410003137,STU003137,SCH048,2024-10-01,20,18,Medical
ATT202410003138,STU003138,SCH049,2024-10-01,20,15,Medical
ATT202410003139,STU003139,SCH038,2024-10-01,19,18,Illness
ATT202410003140,STU003140,SCH014,2024-10-01,18,16,Family
ATT202410003141,STU003141,SCH002,2024-10-01,20,17,Other
ATT202410003142,STU003142,SCH016,2024-10-01,18,16,Other
ATT202410003143,STU003143,SCH039,2024-10-01,21,20,Unauthorised
ATT202410003144,STU003144,SCH037,2024-10-01,21,19,Illness
ATT202410003145,STU003145,SCH034,2024-10-01,22,21,Family
ATT202410003146,STU003146,SCH012,2024-10-01,21,20,Other
ATT202410003147,STU003147,SCH012,2024-10-01,22,20,Illness
ATT202410003148,STU003148,SCH025,2024-10-01,21,20,Family
ATT202410003149,STU003149,SCH042,2024-10-01,18,15,Medical
ATT202410003150,STU003150,SCH012,2024-10-01,21,19,Other
ATT202410003151,STU003151,SCH028,2024-10-01,19,18,Illness
ATT202410003152,STU003152,SCH029,2024-10-01,18,17,Illness
ATT202410003153,STU003153,SCH003,2024-10-01,21,20,Unauthorised
ATT202410003154,STU003154,SCH045,2024-10-01,21,18,Unauthorised
ATT202410003155,STU003155,SCH018,2024-10-01,18,16,Other
ATT202410003156,STU003156,SCH037,2024-10-01,19,17,Medical
ATT202410003157,STU003157,SCH036,2024-10-01,19,17,Other
ATT202410003158,STU003158,SCH030,2024-10-01,19,17,Family
ATT202410003159,STU003159,SCH037,2024-10-01,19,17,Other
ATT202410003160,STU003160,SCH041,2024-10-01,19,17,Illness
ATT202410003161,STU003161,SCH007,2024-10-01,19,18,Other
ATT202410003162,STU003162,SCH034,2024-10-01,21,19,Family
ATT202410003163,STU003163,SCH012,2024-10-01,20,18,Illness
ATT202410003164,STU003164,SCH035,2024-10-01,18,17,Unauthorised
ATT202410003165,STU003165,SCH021,2024-10-01,22,16,Family
ATT202410003166,STU003166,SCH050,2024-10-01,19,16,Medical
ATT202410003167,STU003167,SCH005,2024-10-01,19,17,Illness
ATT202410003168,STU003168,SCH043,2024-10-01,19,17,Medical
ATT202410003169,STU003169,SCH023,2024-10-01,20,18,Medical
ATT202410003170,STU003170,SCH008,2024-10-01,20,18,Medical
ATT202410003171,STU003171,SCH015,2024-10-01,21,21,
ATT202410003172,STU003172,SCH019,2024-10-01,20,19,Family
ATT202410003173,STU003173,SCH026,2024-10-01,21,19,Medical
ATT202410003174,STU003174,SCH043,2024-10-01,18,16,Family
ATT202410003175,STU003175,SCH006,2024-10-01,18,17,Illness
ATT202410003176,STU003176,SCH005,2024-10-01,18,16,Family
ATT202410003177,STU003177,SCH007,2024-10-01,18,16,Medical
ATT202410003178,STU003178,SCH047,2024-10-01,18,17,Family
ATT202410003179,STU003179,SCH032,2024-10-01,21,19,Medical
ATT202410003180,STU003180,SCH035,2024-10-01,22,21,Unauthorised
ATT202410003181,STU003181,SCH038,2024-10-01,20,18,Illness
ATT202410003182,STU003182,SCH014,2024-10-01,18,16,Other
ATT202410003183,STU003183,SCH022,2024-10-01,20,19,Medical
ATT202410003184,STU003184,SCH002,2024-10-01,21,19,Family
ATT202410003185,STU003185,SCH039,2024-10-01,19,16,Unauthorised
ATT202410003186,STU003186,SCH025,2024-10-01,18,16,Unauthorised
ATT202410003187,STU003187,SCH036,2024-10-01,18,16,Unauthorised
ATT202410003188,STU003188,SCH018,2024-10-01,20,18,Unauthorised
ATT202410003189,STU003189,SCH030,2024-10-01,22,19,Medical
ATT202410003190,STU003190,SCH040,2024-10-01,21,19,Medical
ATT202410003191,STU003191,SCH010,2024-10-01,19,19,
ATT202410003192,STU003192,SCH001,2024-10-01,19,16,Other
ATT202410003193,STU003193,SCH024,2024-10-01,20,18,Medical
ATT202410003194,STU003194,SCH049,2024-10-01,21,18,Illness
ATT202410003195,STU003195,SCH048,2024-10-01,21,20,Family
ATT202410003196,STU003196,SCH020,2024-10-01,18,17,Illness
ATT202410003197,STU003197,SCH029,2024-10-01,21,19,Medical
ATT202410003198,STU003198,SCH050,2024-10-01,21,20,Illness
ATT202410003199,STU003199,SCH048,2024-10-01,20,18,Other
ATT202410003200,STU003200,SCH004,2024-10-01,22,19,Unauthorised
ATT202410003201,STU003201,SCH028,2024-10-01,20,18,Unauthorised
ATT202410003202,STU003202,SCH021,2024-10-01,22,20,Unauthorised
ATT202410003203,STU003203,SCH012,2024-10-01,21,19,Unauthorised
ATT202410003204,STU003204,SCH037,2024-10-01,20,19,Medical
ATT202410003205,STU003205,SCH039,2024-10-01,18,17,Illness
ATT202410003206,STU003206,SCH017,2024-10-01,18,15,Other
ATT202410003207,STU003207,SCH038,2024-10-01,22,21,Medical
ATT202410003208,STU003208,SCH017,2024-10-01,21,19,Illness
ATT202410003209,STU003209,SCH031,2024-10-01,18,16,Other
ATT202410003210,STU003210,SCH014,2024-10-01,18,17,Unauthorised
ATT202410003211,STU003211,SCH032,2024-10-01,22,20,Illness
ATT202410003212,STU003212,SCH012,2024-10-01,20,18,Other
ATT202410003213,STU003213,SCH031,2024-10-01,21,20,Unauthorised
ATT202410003214,STU003214,SCH041,2024-10-01,21,20,Unauthorised
ATT202410003215,STU003215,SCH049,2024-10-01,18,15,Other
ATT202410003216,STU003216,SCH012,2024-10-01,19,18,Other
ATT202410003217,STU003217,SCH033,2024-10-01,20,18,Illness
ATT202410003218,STU003218,SCH008,2024-10-01,20,18,Family
ATT202410003219,STU003219,SCH032,2024-10-01,22,20,Illness
ATT202410003220,STU003220,SCH018,2024-10-01,21,19,Other
ATT202410003221,STU003221,SCH035,2024-10-01,21,19,Unauthorised
ATT202410003222,STU003222,SCH019,2024-10-01,21,19,Unauthorised
ATT202410003223,STU003223,SCH011,2024-10-01,18,18,
ATT202410003224,STU003224,SCH045,2024-10-01,20,18,Illness
ATT202410003225,STU003225,SCH004,2024-10-01,20,18,Medical
ATT202410003226,STU003226,SCH010,2024-10-01,18,16,Medical
ATT202410003227,STU003227,SCH017,2024-10-01,22,20,Family
ATT202410003228,STU003228,SCH023,2024-10-01,22,20,Medical
ATT202410003229,STU003229,SCH027,2024-10-01,21,18,Other
ATT202410003230,STU003230,SCH012,2024-10-01,22,20,Other
ATT202410003231,STU003231,SCH044,2024-10-01,18,17,Other
ATT202410003232,STU003232,SCH009,2024-10-01,22,21,Family
ATT202410003233,STU003233,SCH010,2024-10-01,19,18,Other
ATT202410003234,STU003234,SCH036,2024-10-01,22,20,Family
ATT202410003235,STU003235,SCH010,2024-10-01,18,16,Illness
ATT202410003236,STU003236,SCH032,2024-10-01,22,19,Medical
ATT202410003237,STU003237,SCH037,2024-10-01,18,17,Family
ATT202410003238,STU003238,SCH015,2024-10-01,21,19,Other
ATT202410003239,STU003239,SCH040,2024-10-01,22,21,Other
ATT202410003240,STU003240,SCH025,2024-10-01,19,18,Other
ATT202410003241,STU003241,SCH013,2024-10-01,21,19,Family
ATT202410003242,STU003242,SCH004,2024-10-01,20,20,
ATT202410003243,STU003243,SCH001,2024-10-01,19,17,Unauthorised
ATT202410003244,STU003244,SCH005,2024-10-01,18,16,Illness
ATT202410003245,STU003245,SCH042,2024-10-01,20,18,Unauthorised
ATT202410003246,STU003246,SCH044,2024-10-01,18,15,Unauthorised
ATT202410003247,STU003247,SCH035,2024-10-01,21,19,Unauthorised
ATT202410003248,STU003248,SCH038,2024-10-01,20,17,Medical
ATT202410003249,STU003249,SCH001,2024-10-01,22,21,Other
ATT202410003250,STU003250,SCH030,2024-10-01,19,17,Family
ATT202410003251,STU003251,SCH005,2024-10-01,19,18,Unauthorised
ATT202410003252,STU003252,SCH031,2024-10-01,22,19,Family
ATT202410003253,STU003253,SCH038,2024-10-01,20,18,Family
ATT202410003254,STU003254,SCH004,2024-10-01,22,21,Medical
ATT202410003255,STU003255,SCH011,2024-10-01,22,20,Illness
ATT202410003256,STU003256,SCH007,2024-10-01,20,19,Medical
ATT202410003257,STU003257,SCH033,2024-10-01,20,19,Illness
ATT202410003258,STU003258,SCH002,2024-10-01,19,18,Other
ATT202410003259,STU003259,SCH029,2024-10-01,18,16,Family
ATT202410003260,STU003260,SCH006,2024-10-01,19,16,Unauthorised
ATT202410003261,STU003261,SCH015,2024-10-01,22,20,Family
ATT202410003262,STU003262,SCH005,2024-10-01,22,21,Unauthorised
ATT202410003263,STU003263,SCH012,2024-10-01,18,16,Other
ATT202410003264,STU003264,SCH049,2024-10-01,22,21,Illness
ATT202410003265,STU003265,SCH030,2024-10-01,20,19,Other
ATT202410003266,STU003266,SCH036,2024-10-01,22,20,Illness
ATT202410003267,STU003267,SCH013,2024-10-01,21,19,Unauthorised
ATT202410003268,STU003268,SCH036,2024-10-01,20,18,Medical
ATT202410003269,STU003269,SCH049,2024-10-01,20,15,Other
ATT202410003270,STU003270,SCH024,2024-10-01,18,16,Illness
ATT202410003271,STU003271,SCH024,2024-10-01,20,17,Unauthorised
ATT202410003272,STU003272,SCH022,2024-10-01,21,21,
ATT202410003273,STU003273,SCH027,2024-10-01,22,21,Unauthorised
ATT202410003274,STU003274,SCH012,2024-10-01,21,18,Illness
ATT202410003275,STU003275,SCH009,2024-10-01,18,17,Family
ATT202410003276,STU003276,SCH016,2024-10-01,18,16,Family
ATT202410003277,STU003277,SCH037,2024-10-01,18,17,Illness
ATT202410003278,STU003278,SCH003,2024-10-01,20,19,Medical
ATT202410003279,STU003279,SCH019,2024-10-01,22,21,Other
ATT202410003280,STU003280,SCH024,2024-10-01,19,16,Other
ATT202410003281,STU003281,SCH044,2024-10-01,18,17,Other
ATT202410003282,STU003282,SCH050,2024-10-01,21,20,Illness
ATT202410003283,STU003283,SCH029,2024-10-01,22,20,Family
ATT202410003284,STU003284,SCH009,2024-10-01,21,19,Medical
ATT202410003285,STU003285,SCH025,2024-10-01,22,20,Other
ATT202410003286,STU003286,SCH013,2024-10-01,21,19,Unauthorised
ATT202410003287,STU003287,SCH040,2024-10-01,22,20,Illness
ATT202410003288,STU003288,SCH001,2024-10-01,20,16,Illness
ATT202410003289,STU003289,SCH013,2024-10-01,18,17,Other
ATT202410003290,STU003290,SCH043,2024-10-01,18,15,Illness
ATT202410003291,STU003291,SCH018,2024-10-01,19,18,Medical
ATT202410003292,STU003292,SCH010,2024-10-01,21,19,Unauthorised
ATT202410003293,STU003293,SCH046,2024-10-01,20,18,Family
ATT202410003294,STU003294,SCH017,2024-10-01,21,18,Illness
ATT202410003295,STU003295,SCH007,2024-10-01,20,18,Medical
ATT202410003296,STU003296,SCH030,2024-10-01,21,18,Illness
ATT202410003297,STU003297,SCH011,2024-10-01,18,17,Unauthorised
ATT202410003298,STU003298,SCH034,2024-10-01,22,18,Illness
ATT202410003299,STU003299,SCH034,2024-10-01,22,20,Other
ATT202410003300,STU003300,SCH034,2024-10-01,19,18,Medical
ATT202410003301,STU003301,SCH005,2024-10-01,19,18,Other
ATT202410003302,STU003302,SCH028,2024-10-01,19,18,Medical
ATT202410003303,STU003303,SCH001,2024-10-01,22,20,Illness
ATT202410003304,STU003304,SCH025,2024-10-01,18,18,
ATT202410003305,STU003305,SCH038,2024-10-01,22,21,Illness
ATT202410003306,STU003306,SCH006,2024-10-01,21,20,Unauthorised
ATT202410003307,STU003307,SCH021,2024-10-01,21,20,Illness
ATT202410003308,STU003308,SCH030,2024-10-01,22,20,Other
ATT202410003309,STU003309,SCH047,2024-10-01,19,17,Illness
ATT202410003310,STU003310,SCH030,2024-10-01,20,18,Medical
ATT202410003311,STU003311,SCH019,2024-10-01,21,20,Other
ATT202410003312,STU003312,SCH046,2024-10-01,18,15,Medical
ATT202410003313,STU003313,SCH030,2024-10-01,22,20,Family
ATT202410003314,STU003314,SCH014,2024-10-01,20,18,Other
ATT202410003315,STU003315,SCH038,2024-10-01,19,17,Other
ATT202410003316,STU003316,SCH014,2024-10-01,22,21,Illness
ATT202410003317,STU003317,SCH017,2024-10-01,20,18,Other
ATT202410003318,STU003318,SCH041,2024-10-01,20,18,Other
ATT202410003319,STU003319,SCH023,2024-10-01,18,17,Medical
ATT202410003320,STU003320,SCH043,2024-10-01,21,18,Other
ATT202410003321,STU003321,SCH039,2024-10-01,21,19,Illness
ATT202410003322,STU003322,SCH050,2024-10-01,18,16,Medical
ATT202410003323,STU003323,SCH001,2024-10-01,22,18,Unauthorised
ATT202410003324,STU003324,SCH018,2024-10-01,22,20,Family
ATT202410003325,STU003325,SCH018,2024-10-01,21,21,
ATT202410003326,STU003326,SCH026,2024-10-01,22,21,Other
ATT202410003327,STU003327,SCH013,2024-10-01,20,19,Family
ATT202410003328,STU003328,SCH010,2024-10-01,18,17,Family
ATT202410003329,STU003329,SCH018,2024-10-01,19,17,Unauthorised
ATT202410003330,STU003330,SCH049,2024-10-01,18,16,Medical
ATT202410003331,STU003331,SCH022,2024-10-01,21,18,Family
ATT202410003332,STU003332,SCH029,2024-10-01,19,17,Family
ATT202410003333,STU003333,SCH033,2024-10-01,21,19,Unauthorised
ATT202410003335,STU003335,SCH028,2024-10-01,18,16,Medical
ATT202410003336,STU003336,SCH044,2024-10-01,22,21,Medical
ATT202410003337,STU003337,SCH005,2024-10-01,22,21,Other
ATT202410003338,STU003338,SCH004,2024-10-01,19,18,Family
ATT202410003339,STU003339,SCH008,2024-10-01,20,18,Unauthorised
ATT202410003340,STU003340,SCH026,2024-10-01,20,19,Family
ATT202410003341,STU003341,SCH011,2024-10-01,21,20,Family
ATT202410003342,STU003342,SCH024,2024-10-01,21,19,Unauthorised
ATT202410003343,STU003343,SCH025,2024-10-01,22,21,Other
ATT202410003344,STU003344,SCH040,2024-10-01,20,18,Illness
ATT202410003345,STU003345,SCH029,2024-10-01,20,19,Unauthorised
ATT202410003346,STU003346,SCH033,2024-10-01,18,16,Family
ATT202410003347,STU003347,SCH038,2024-10-01,21,20,Unauthorised
ATT202410003348,STU003348,SCH037,2024-10-01,22,21,Other
ATT202410003349,STU003349,SCH046,2024-10-01,21,19,Other
ATT202410003350,STU003350,SCH016,2024-10-01,21,18,Unauthorised
ATT202410003351,STU003351,SCH030,2024-10-01,22,22,
ATT202410003352,STU003352,SCH013,2024-10-01,19,16,Illness
ATT202410003353,STU003353,SCH002,2024-10-01,20,19,Medical
ATT202410003354,STU003354,SCH016,2024-10-01,18,17,Medical
ATT202410003355,STU003355,SCH031,2024-10-01,21,20,Illness
ATT202410003356,STU003356,SCH047,2024-10-01,20,19,Family
ATT202410003357,STU003357,SCH022,2024-10-01,21,17,Medical
ATT202410003358,STU003358,SCH037,2024-10-01,20,18,Illness
ATT202410003359,STU003359,SCH006,2024-10-01,19,16,Other
ATT202410003360,STU003360,SCH019,2024-10-01,18,16,Other
ATT202410003361,STU003361,SCH050,2024-10-01,21,21,
ATT202410003362,STU003362,SCH010,2024-10-01,20,19,Illness
ATT202410003363,STU003363,SCH047,2024-10-01,22,20,Other
ATT202410003364,STU003364,SCH032,2024-10-01,18,16,Family
ATT202410003365,STU003365,SCH025,2024-10-01,18,17,Family
ATT202410003366,STU003366,SCH043,2024-10-01,19,17,Unauthorised
ATT202410003367,STU003367,SCH046,2024-10-01,22,20,Illness
ATT202410003368,STU003368,SCH029,2024-10-01,22,19,Unauthorised
ATT202410003369,STU003369,SCH016,2024-10-01,20,18,Unauthorised
ATT202410003370,STU003370,SCH019,2024-10-01,19,17,Unauthorised
ATT202410003371,STU003371,SCH008,2024-10-01,19,18,Family
ATT202410003372,STU003372,SCH005,2024-10-01,22,19,Other
ATT202410003373,STU003373,SCH032,2024-10-01,22,21,Family
ATT202410003374,STU003374,SCH035,2024-10-01,20,19,Illness
ATT202410003375,STU003375,SCH044,2024-10-01,20,18,Illness
ATT202410003376,STU003376,SCH010,2024-10-01,22,20,Unauthorised
ATT202410003377,STU003377,SCH031,2024-10-01,21,19,Medical
ATT202410003378,STU003378,SCH048,2024-10-01,21,20,Other
ATT202410003379,STU003379,SCH027,2024-10-01,18,15,Unauthorised
ATT202410003380,STU003380,SCH019,2024-10-01,22,20,Family
ATT202410003381,STU003381,SCH037,2024-10-01,22,21,Unauthorised
ATT202410003382,STU003382,SCH046,2024-10-01,19,17,Medical
ATT202410003383,STU003383,SCH046,2024-10-01,18,17,Unauthorised
ATT202410003384,STU003384,SCH026,2024-10-01,21,19,Medical
ATT202410003385,STU003385,SCH039,2024-10-01,18,16,Family
ATT202410003386,STU003386,SCH042,2024-10-01,19,15,Family
ATT202410003387,STU003387,SCH046,2024-10-01,21,20,Other
ATT202410003388,STU003388,SCH014,2024-10-01,19,19,
ATT202410003389,STU003389,SCH016,2024-10-01,18,16,Family
ATT202410003390,STU003390,SCH041,2024-10-01,20,19,Medical
ATT202410003391,STU003391,SCH039,2024-10-01,19,18,Other
ATT202410003392,STU003392,SCH040,2024-10-01,19,18,Other
ATT202410003393,STU003393,SCH045,2024-10-01,20,19,Illness
ATT202410003394,STU003394,SCH028,2024-10-01,21,21,
ATT202410003395,STU003395,SCH040,2024-10-01,22,21,Unauthorised
ATT202410003396,STU003396,SCH035,2024-10-01,20,18,Family
ATT202410003397,STU003397,SCH016,2024-10-01,22,21,Unauthorised
ATT202410003398,STU003398,SCH025,2024-10-01,20,19,Medical
ATT202410003399,STU003399,SCH047,2024-10-01,22,20,Illness
ATT202410003400,STU003400,SCH015,2024-10-01,19,17,Medical
ATT202410003401,STU003401,SCH022,2024-10-01,22,21,Other
ATT202410003402,STU003402,SCH031,2024-10-01,19,17,Illness
ATT202410003403,STU003403,SCH021,2024-10-01,19,16,Family
ATT202410003404,STU003404,SCH047,2024-10-01,19,18,Unauthorised
ATT202410003405,STU003405,SCH005,2024-10-01,20,18,Unauthorised
ATT202410003406,STU003406,SCH017,2024-10-01,22,20,Illness
ATT202410003407,STU003407,SCH021,2024-10-01,21,18,Unauthorised
ATT202410003408,STU003408,SCH003,2024-10-01,21,19,Unauthorised
ATT202410003409,STU003409,SCH009,2024-10-01,22,22,
ATT202410003410,STU003410,SCH027,2024-10-01,21,18,Family
ATT202410003411,STU003411,SCH016,2024-10-01,21,19,Family
ATT202410003412,STU003412,SCH015,2024-10-01,22,20,Illness
ATT202410003413,STU003413,SCH045,2024-10-01,21,19,Other
ATT202410003414,STU003414,SCH030,2024-10-01,22,21,Medical
ATT202410003415,STU003415,SCH031,2024-10-01,18,16,Illness
ATT202410003416,STU003416,SCH001,2024-10-01,22,18,Other
ATT202410003417,STU003417,SCH010,2024-10-01,19,18,Unauthorised
ATT202410003418,STU003418,SCH013,2024-10-01,22,21,Other
ATT202410003419,STU003419,SCH014,2024-10-01,18,16,Other
ATT202410003420,STU003420,SCH006,2024-10-01,21,20,Illness
ATT202410003421,STU003421,SCH021,2024-10-01,18,16,Medical
ATT202410003422,STU003422,SCH008,2024-10-01,20,20,
ATT202410003423,STU003423,SCH006,2024-10-01,19,18,Illness
ATT202410003424,STU003424,SCH044,2024-10-01,18,16,Family
ATT202410003425,STU003425,SCH050,2024-10-01,22,19,Medical
ATT202410003426,STU003426,SCH009,2024-10-01,22,19,Family
ATT202410003427,STU003427,SCH047,2024-10-01,22,21,Unauthorised
ATT202410003428,STU003428,SCH030,2024-10-01,22,20,Unauthorised
ATT202410003429,STU003429,SCH048,2024-10-01,19,16,Unauthorised
ATT202410003430,STU003430,SCH016,2024-10-01,21,20,Unauthorised
ATT202410003431,STU003431,SCH016,2024-10-01,22,20,Medical
ATT202410003432,STU003432,SCH006,2024-10-01,22,20,Medical
ATT202410003433,STU003433,SCH001,2024-10-01,21,20,Medical
ATT202410003434,STU003434,SCH018,2024-10-01,18,17,Family
ATT202410003435,STU003435,SCH032,2024-10-01,21,18,Illness
ATT202410003436,STU003436,SCH025,2024-10-01,20,18,Illness
ATT202410003437,STU003437,SCH017,2024-10-01,20,16,Unauthorised
ATT202410003438,STU003438,SCH020,2024-10-01,22,21,Unauthorised
ATT202410003439,STU003439,SCH020,2024-10-01,19,17,Illness
ATT202410003440,STU003440,SCH007,2024-10-01,19,16,Medical
ATT202410003441,STU003441,SCH018,2024-10-01,20,19,Illness
ATT202410003442,STU003442,SCH021,2024-10-01,18,17,Unauthorised
ATT202410003443,STU003443,SCH038,2024-10-01,20,19,Illness
ATT202410003444,STU003444,SCH043,2024-10-01,20,18,Unauthorised
ATT202410003445,STU003445,SCH026,2024-10-01,18,17,Family
ATT202410003446,STU003446,SCH024,2024-10-01,20,18,Other
ATT202410003447,STU003447,SCH047,2024-10-01,21,20,Unauthorised
ATT202410003448,STU003448,SCH048,2024-10-01,19,17,Unauthorised
ATT202410003449,STU003449,SCH022,2024-10-01,22,22,
ATT202410003450,STU003450,SCH007,2024-10-01,19,18,Other
ATT202410003451,STU003451,SCH030,2024-10-01,18,16,Family
ATT202410003452,STU003452,SCH022,2024-10-01,21,18,Family
ATT202410003453,STU003453,SCH009,2024-10-01,20,17,Unauthorised
ATT202410003454,STU003454,SCH032,2024-10-01,18,17,Medical
ATT202410003455,STU003455,SCH026,2024-10-01,20,17,Family
ATT202410003456,STU003456,SCH015,2024-10-01,20,17,Illness
ATT202410003457,STU003457,SCH045,2024-10-01,20,16,Unauthorised
ATT202410003458,STU003458,SCH001,2024-10-01,21,17,Other
ATT202410003459,STU003459,SCH001,2024-10-01,20,18,Unauthorised
ATT202410003460,STU003460,SCH005,2024-10-01,22,20,Unauthorised
ATT202410003461,STU003461,SCH026,2024-10-01,18,17,Illness
ATT202410003462,STU003462,SCH007,2024-10-01,20,18,Medical
ATT202410003463,STU003463,SCH037,2024-10-01,19,18,Family
ATT202410003464,STU003464,SCH012,2024-10-01,18,16,Medical
ATT202410003465,STU003465,SCH013,2024-10-01,20,19,Other
ATT202410003466,STU003466,SCH022,2024-10-01,19,17,Other
ATT202410003467,STU003467,SCH034,2024-10-01,22,20,Medical
ATT202410003468,STU003468,SCH011,2024-10-01,19,17,Family
ATT202410003469,STU003469,SCH042,2024-10-01,20,16,Illness
ATT202410003470,STU003470,SCH036,2024-10-01,20,18,Other
ATT202410003471,STU003471,SCH028,2024-10-01,19,18,Illness
ATT202410003472,STU003472,SCH003,2024-10-01,21,19,Other
ATT202410003473,STU003473,SCH020,2024-10-01,21,19,Illness
ATT202410003474,STU003474,SCH045,2024-10-01,20,19,Other
ATT202410003475,STU003475,SCH045,2024-10-01,20,18,Medical
ATT202410003476,STU003476,SCH021,2024-10-01,19,18,Medical
ATT202410003477,STU003477,SCH015,2024-10-01,18,17,Medical
ATT202410003478,STU003478,SCH048,2024-10-01,20,19,Medical
ATT202410003479,STU003479,SCH030,2024-10-01,18,16,Unauthorised
ATT202410003480,STU003480,SCH034,2024-10-01,21,18,Other
ATT202410003481,STU003481,SCH003,2024-10-01,20,18,Family
ATT202410003482,STU003482,SCH007,2024-10-01,21,19,Family
ATT202410003483,STU003483,SCH038,2024-10-01,21,20,Family
ATT202410003484,STU003484,SCH044,2024-10-01,20,17,Other
ATT202410003485,STU003485,SCH021,2024-10-01,20,18,Medical
ATT202410003486,STU003486,SCH012,2024-10-01,18,16,Unauthorised
ATT202410003487,STU003487,SCH045,2024-10-01,20,18,Illness
ATT202410003488,STU003488,SCH034,2024-10-01,18,16,Other
ATT202410003489,STU003489,SCH001,2024-10-01,21,19,Unauthorised
ATT202410003490,STU003490,SCH010,2024-10-01,22,22,
ATT202410003491,STU003491,SCH040,2024-10-01,18,18,
ATT202410003492,STU003492,SCH030,2024-10-01,20,18,Family
ATT202410003493,STU003493,SCH033,2024-10-01,22,19,Other
ATT202410003494,STU003494,SCH046,2024-10-01,21,19,Unauthorised
ATT202410003495,STU003495,SCH010,2024-10-01,22,19,Other
ATT202410003496,STU003496,SCH038,2024-10-01,21,20,Unauthorised
ATT202410003497,STU003497,SCH034,2024-10-01,21,19,Medical
ATT202410003498,STU003498,SCH009,2024-10-01,18,17,Other
ATT202410003499,STU003499,SCH023,2024-10-01,19,17,Medical
ATT202410003500,STU003500,SCH019,2024-10-01,18,17,Illness
ATT202410003501,STU003501,SCH009,2024-10-01,19,16,Other
ATT202410003502,STU003502,SCH028,2024-10-01,20,20,
ATT202410003503,STU003503,SCH043,2024-10-01,22,20,Other
ATT202410003504,STU003504,SCH004,2024-10-01,21,20,Other
ATT202410003505,STU003505,SCH005,2024-10-01,19,19,
ATT202410003506,STU003506,SCH030,2024-10-01,21,19,Medical
ATT202410003508,STU003508,SCH048,2024-10-01,22,19,Medical
ATT202410003509,STU003509,SCH012,2024-10-01,21,19,Illness
ATT202410003510,STU003510,SCH046,2024-10-01,21,18,Other
ATT202410003511,STU003511,SCH009,2024-10-01,19,17,Family
ATT202410003513,STU003513,SCH033,2024-10-01,19,18,Illness
ATT202410003514,STU003514,SCH019,2024-10-01,22,20,Illness
ATT202410003515,STU003515,SCH027,2024-10-01,21,18,Medical
ATT202410003516,STU003516,SCH043,2024-10-01,18,14,Medical
ATT202410003517,STU003517,SCH014,2024-10-01,21,18,Unauthorised
ATT202410003518,STU003518,SCH044,2024-10-01,19,17,Unauthorised
ATT202410003519,STU003519,SCH006,2024-10-01,18,17,Unauthorised
ATT202410003520,STU003520,SCH006,2024-10-01,19,18,Other
ATT202410003521,STU003521,SCH044,2024-10-01,18,17,Medical
ATT202410003523,STU003523,SCH032,2024-10-01,18,16,Family
ATT202410003524,STU003524,SCH040,2024-10-01,22,20,Unauthorised
ATT202410003525,STU003525,SCH010,2024-10-01,22,20,Unauthorised
ATT202410003526,STU003526,SCH037,2024-10-01,22,21,Medical
ATT202410003527,STU003527,SCH034,2024-10-01,22,20,Unauthorised
ATT202410003528,STU003528,SCH041,2024-10-01,18,17,Illness
ATT202410003529,STU003529,SCH007,2024-10-01,19,18,Medical
ATT202410003530,STU003530,SCH042,2024-10-01,18,16,Family
ATT202410003531,STU003531,SCH007,2024-10-01,19,17,Other
ATT202410003532,STU003532,SCH006,2024-10-01,20,19,Other
ATT202410003533,STU003533,SCH017,2024-10-01,21,18,Medical
ATT202410003534,STU003534,SCH003,2024-10-01,18,16,Other
ATT202410003535,STU003535,SCH019,2024-10-01,20,18,Other
ATT202410003536,STU003536,SCH045,2024-10-01,19,17,Medical
ATT202410003537,STU003537,SCH036,2024-10-01,18,16,Medical
ATT202410003538,STU003538,SCH012,2024-10-01,21,19,Unauthorised
ATT202410003539,STU003539,SCH002,2024-10-01,19,16,Unauthorised
ATT202410003540,STU003540,SCH046,2024-10-01,21,19,Unauthorised
ATT202410003541,STU003541,SCH049,2024-10-01,18,16,Other
ATT202410003542,STU003542,SCH023,2024-10-01,21,20,Other
ATT202410003543,STU003543,SCH016,2024-10-01,18,17,Illness
ATT202410003544,STU003544,SCH047,2024-10-01,20,18,Family
ATT202410003545,STU003545,SCH015,2024-10-01,19,18,Other
ATT202410003546,STU003546,SCH050,2024-10-01,21,19,Family
ATT202410003547,STU003547,SCH048,2024-10-01,20,19,Unauthorised
ATT202410003548,STU003548,SCH028,2024-10-01,22,19,Other
ATT202410003549,STU003549,SCH014,2024-10-01,18,18,
ATT202410003550,STU003550,SCH021,2024-10-01,19,18,Other
ATT202410003551,STU003551,SCH004,2024-10-01,22,20,Family
ATT202410003552,STU003552,SCH015,2024-10-01,22,20,Illness
ATT202410003553,STU003553,SCH004,2024-10-01,19,17,Other
ATT202410003554,STU003554,SCH037,2024-10-01,21,20,Family
ATT202410003555,STU003555,SCH014,2024-10-01,22,20,Illness
ATT202410003556,STU003556,SCH008,2024-10-01,18,16,Unauthorised
ATT202410003557,STU003557,SCH006,2024-10-01,19,18,Family
ATT202410003558,STU003558,SCH034,2024-10-01,18,16,Medical
ATT202410003559,STU003559,SCH028,2024-10-01,21,20,Medical
ATT202410003561,STU003561,SCH037,2024-10-01,18,16,Medical
ATT202410003562,STU003562,SCH046,2024-10-01,19,18,Illness
ATT202410003563,STU003563,SCH021,2024-10-01,22,21,Other
ATT202410003564,STU003564,SCH044,2024-10-01,21,18,Medical
ATT202410003565,STU003565,SCH004,2024-10-01,21,19,Family
ATT202410003566,STU003566,SCH015,2024-10-01,20,19,Other
ATT202410003567,STU003567,SCH016,2024-10-01,19,18,Other
ATT202410003568,STU003568,SCH024,2024-10-01,20,19,Illness
ATT202410003569,STU003569,SCH031,2024-10-01,18,16,Illness
ATT202410003570,STU003570,SCH026,2024-10-01,22,21,Medical
ATT202410003571,STU003571,SCH014,2024-10-01,20,19,Family
ATT202410003572,STU003572,SCH048,2024-10-01,20,19,Medical
ATT202410003573,STU003573,SCH001,2024-10-01,18,16,Medical
ATT202410003574,STU003574,SCH043,2024-10-01,20,18,Other
ATT202410003575,STU003575,SCH043,2024-10-01,21,20,Medical
ATT202410003576,STU003576,SCH021,2024-10-01,22,20,Medical
ATT202410003577,STU003577,SCH016,2024-10-01,22,21,Family
ATT202410003578,STU003578,SCH043,2024-10-01,20,18,Unauthorised
ATT202410003579,STU003579,SCH025,2024-10-01,21,20,Other
ATT202410003580,STU003580,SCH041,2024-10-01,22,20,Family
ATT202410003581,STU003581,SCH025,2024-10-01,21,20,Other
ATT202410003582,STU003582,SCH007,2024-10-01,20,19,Illness
ATT202410003583,STU003583,SCH040,2024-10-01,19,17,Unauthorised
ATT202410003584,STU003584,SCH005,2024-10-01,22,20,Other
ATT202410003585,STU003585,SCH015,2024-10-01,22,21,Family
ATT202410003586,STU003586,SCH036,2024-10-01,21,19,Family
ATT202410003587,STU003587,SCH033,2024-10-01,19,18,Family
ATT202410003588,STU003588,SCH047,2024-10-01,19,18,Illness
ATT202410003589,STU003589,SCH049,2024-10-01,22,19,Illness
ATT202410003590,STU003590,SCH034,2024-10-01,22,18,Family
ATT202410003591,STU003591,SCH007,2024-10-01,21,18,Medical
ATT202410003592,STU003592,SCH036,2024-10-01,20,19,Unauthorised
ATT202410003593,STU003593,SCH011,2024-10-01,20,19,Illness
ATT202410003594,STU003594,SCH040,2024-10-01,21,19,Medical
ATT202410003595,STU003595,SCH027,2024-10-01,19,18,Family
ATT202410003596,STU003596,SCH043,2024-10-01,22,20,Illness
ATT202410003597,STU003597,SCH046,2024-10-01,22,20,Other
ATT202410003598,STU003598,SCH018,2024-10-01,22,20,Medical
ATT202410003599,STU003599,SCH031,2024-10-01,20,18,Other
ATT202410003600,STU003600,SCH008,2024-10-01,20,20,
ATT202410003601,STU003601,SCH040,2024-10-01,19,17,Other
ATT202410003602,STU003602,SCH032,2024-10-01,18,16,Medical
ATT202410003603,STU003603,SCH050,2024-10-01,18,17,Family
ATT202410003604,STU003604,SCH043,2024-10-01,20,19,Family
ATT202410003605,STU003605,SCH049,2024-10-01,21,20,Family
ATT202410003606,STU003606,SCH041,2024-10-01,21,19,Unauthorised
ATT202410003607,STU003607,SCH007,2024-10-01,21,19,Other
ATT202410003608,STU003608,SCH007,2024-10-01,19,19,
ATT202410003609,STU003609,SCH015,2024-10-01,19,17,Unauthorised
ATT202410003610,STU003610,SCH029,2024-10-01,18,16,Other
ATT202410003611,STU003611,SCH041,2024-10-01,18,18,
ATT202410003612,STU003612,SCH030,2024-10-01,22,21,Medical
ATT202410003613,STU003613,SCH013,2024-10-01,20,20,
ATT202410003614,STU003614,SCH041,2024-10-01,20,17,Other
ATT202410003615,STU003615,SCH008,2024-10-01,21,20,Medical
ATT202410003616,STU003616,SCH013,2024-10-01,18,17,Other
ATT202410003617,STU003617,SCH018,2024-10-01,18,17,Illness
ATT202410003618,STU003618,SCH001,2024-10-01,18,17,Other
ATT202410003619,STU003619,SCH015,2024-10-01,21,20,Illness
ATT202410003620,STU003620,SCH032,2024-10-01,18,16,Illness
ATT202410003621,STU003621,SCH044,2024-10-01,20,18,Illness
ATT202410003622,STU003622,SCH035,2024-10-01,19,17,Medical
ATT202410003623,STU003623,SCH016,2024-10-01,22,20,Other
ATT202410003624,STU003624,SCH018,2024-10-01,18,17,Family
ATT202410003625,STU003625,SCH016,2024-10-01,21,20,Medical
ATT202410003626,STU003626,SCH043,2024-10-01,21,19,Other
ATT202410003627,STU003627,SCH043,2024-10-01,19,17,Unauthorised
ATT202410003628,STU003628,SCH010,2024-10-01,19,19,
ATT202410003629,STU003629,SCH046,2024-10-01,18,17,Illness
ATT202410003630,STU003630,SCH016,2024-10-01,21,21,
ATT202410003631,STU003631,SCH041,2024-10-01,21,20,Illness
ATT202410003632,STU003632,SCH001,2024-10-01,20,19,Family
ATT202410003633,STU003633,SCH011,2024-10-01,18,17,Unauthorised
ATT202410003634,STU003634,SCH015,2024-10-01,21,20,Other
ATT202410003635,STU003635,SCH007,2024-10-01,18,16,Medical
ATT202410003636,STU003636,SCH014,2024-10-01,20,17,Unauthorised
ATT202410003637,STU003637,SCH048,2024-10-01,21,20,Family
ATT202410003638,STU003638,SCH050,2024-10-01,21,19,Medical
ATT202410003639,STU003639,SCH048,2024-10-01,21,19,Illness
ATT202410003640,STU003640,SCH034,2024-10-01,18,16,Illness
ATT202410003641,STU003641,SCH029,2024-10-01,22,20,Unauthorised
ATT202410003642,STU003642,SCH043,2024-10-01,22,20,Medical
ATT202410003643,STU003643,SCH016,2024-10-01,22,19,Unauthorised
ATT202410003644,STU003644,SCH021,2024-10-01,22,21,Illness
ATT202410003645,STU003645,SCH034,2024-10-01,20,18,Unauthorised
ATT202410003646,STU003646,SCH001,2024-10-01,21,19,Unauthorised
ATT202410003647,STU003647,SCH001,2024-10-01,19,16,Other
ATT202410003648,STU003648,SCH032,2024-10-01,22,20,Family
ATT202410003649,STU003649,SCH019,2024-10-01,22,20,Unauthorised
ATT202410003650,STU003650,SCH029,2024-10-01,20,18,Illness
ATT202410003651,STU003651,SCH032,2024-10-01,19,16,Unauthorised
ATT202410003652,STU003652,SCH021,2024-10-01,20,17,Other
ATT202410003653,STU003653,SCH045,2024-10-01,21,19,Illness
ATT202410003654,STU003654,SCH013,2024-10-01,18,17,Family
ATT202410003655,STU003655,SCH025,2024-10-01,18,16,Unauthorised
ATT202410003656,STU003656,SCH040,2024-10-01,18,16,Illness
ATT202410003657,STU003657,SCH038,2024-10-01,20,19,Medical
ATT202410003658,STU003658,SCH008,2024-10-01,22,21,Other
ATT202410003659,STU003659,SCH006,2024-10-01,19,18,Other
ATT202410003660,STU003660,SCH015,2024-10-01,21,18,Unauthorised
ATT202410003661,STU003661,SCH021,2024-10-01,20,18,Family
ATT202410003662,STU003662,SCH033,2024-10-01,22,21,Medical
ATT202410003663,STU003663,SCH040,2024-10-01,22,20,Family
ATT202410003664,STU003664,SCH014,2024-10-01,21,20,Family
ATT202410003665,STU003665,SCH043,2024-10-01,21,18,Unauthorised
ATT202410003666,STU003666,SCH007,2024-10-01,18,17,Family
ATT202410003667,STU003667,SCH040,2024-10-01,22,21,Other
ATT202410003668,STU003668,SCH030,2024-10-01,21,19,Illness
ATT202410003669,STU003669,SCH039,2024-10-01,20,19,Illness
ATT202410003670,STU003670,SCH025,2024-10-01,18,17,Illness
ATT202410003671,STU003671,SCH023,2024-10-01,20,17,Illness
ATT202410003672,STU003672,SCH042,2024-10-01,21,18,Other
ATT202410003673,STU003673,SCH041,2024-10-01,20,20,
ATT202410003674,STU003674,SCH004,2024-10-01,22,21,Illness
ATT202410003675,STU003675,SCH025,2024-10-01,19,18,Unauthorised
ATT202410003676,STU003676,SCH041,2024-10-01,19,17,Other
ATT202410003677,STU003677,SCH028,2024-10-01,20,19,Other
ATT202410003678,STU003678,SCH025,2024-10-01,21,20,Illness
ATT202410003679,STU003679,SCH021,2024-10-01,20,18,Family
ATT202410003680,STU003680,SCH018,2024-10-01,20,18,Illness
ATT202410003681,STU003681,SCH005,2024-10-01,22,19,Medical
ATT202410003682,STU003682,SCH011,2024-10-01,21,19,Illness
ATT202410003683,STU003683,SCH003,2024-10-01,20,19,Medical
ATT202410003684,STU003684,SCH025,2024-10-01,19,18,Other
ATT202410003685,STU003685,SCH034,2024-10-01,18,16,Other
ATT202410003686,STU003686,SCH042,2024-10-01,22,22,
ATT202410003687,STU003687,SCH047,2024-10-01,20,20,
ATT202410003688,STU003688,SCH047,2024-10-01,20,18,Medical
ATT202410003689,STU003689,SCH003,2024-10-01,21,20,Other
ATT202410003690,STU003690,SCH035,2024-10-01,20,17,Unauthorised
ATT202410003691,STU003691,SCH010,2024-10-01,20,18,Unauthorised
ATT202410003692,STU003692,SCH011,2024-10-01,21,18,Illness
ATT202410003693,STU003693,SCH035,2024-10-01,19,18,Illness
ATT202410003694,STU003694,SCH035,2024-10-01,18,16,Family
ATT202410003695,STU003695,SCH040,2024-10-01,19,18,Unauthorised
ATT202410003696,STU003696,SCH014,2024-10-01,22,21,Unauthorised
ATT202410003697,STU003697,SCH009,2024-10-01,18,16,Illness
ATT202410003698,STU003698,SCH010,2024-10-01,21,18,Other
ATT202410003699,STU003699,SCH015,2024-10-01,21,18,Illness
ATT202410003700,STU003700,SCH030,2024-10-01,18,17,Family
ATT202410003701,STU003701,SCH048,2024-10-01,22,21,Unauthorised
ATT202410003702,STU003702,SCH020,2024-10-01,20,19,Medical
ATT202410003703,STU003703,SCH032,2024-10-01,22,20,Illness
ATT202410003704,STU003704,SCH029,2024-10-01,22,21,Other
ATT202410003705,STU003705,SCH045,2024-10-01,20,18,Medical
ATT202410003706,STU003706,SCH037,2024-10-01,18,17,Unauthorised
ATT202410003707,STU003707,SCH036,2024-10-01,18,18,
ATT202410003708,STU003708,SCH012,2024-10-01,21,19,Unauthorised
ATT202410003709,STU003709,SCH013,2024-10-01,22,21,Medical
ATT202410003710,STU003710,SCH012,2024-10-01,18,15,Family
ATT202410003711,STU003711,SCH014,2024-10-01,21,20,Family
ATT202410003712,STU003712,SCH030,2024-10-01,21,20,Illness
ATT202410003713,STU003713,SCH030,2024-10-01,20,20,
ATT202410003714,STU003714,SCH004,2024-10-01,20,19,Illness
ATT202410003715,STU003715,SCH020,2024-10-01,18,16,Family
ATT202410003716,STU003716,SCH050,2024-10-01,20,17,Family
ATT202410003717,STU003717,SCH039,2024-10-01,19,18,Illness
ATT202410003718,STU003718,SCH040,2024-10-01,21,19,Family
ATT202410003719,STU003719,SCH016,2024-10-01,18,17,Unauthorised
ATT202410003720,STU003720,SCH026,2024-10-01,18,16,Illness
ATT202410003721,STU003721,SCH024,2024-10-01,18,17,Family
ATT202410003722,STU003722,SCH033,2024-10-01,19,18,Illness
ATT202410003723,STU003723,SCH032,2024-10-01,19,16,Unauthorised
ATT202410003724,STU003724,SCH021,2024-10-01,18,17,Unauthorised
ATT202410003725,STU003725,SCH013,2024-10-01,18,18,
ATT202410003726,STU003726,SCH025,2024-10-01,20,18,Medical
ATT202410003727,STU003727,SCH002,2024-10-01,21,17,Family
ATT202410003728,STU003728,SCH049,2024-10-01,20,15,Medical
ATT202410003729,STU003729,SCH028,2024-10-01,19,17,Unauthorised
ATT202410003730,STU003730,SCH035,2024-10-01,18,16,Other
ATT202410003731,STU003731,SCH002,2024-10-01,18,15,Illness
ATT202410003732,STU003732,SCH031,2024-10-01,22,20,Medical
ATT202410003733,STU003733,SCH050,2024-10-01,20,19,Other
ATT202410003734,STU003734,SCH044,2024-10-01,19,18,Medical
ATT202410003735,STU003735,SCH004,2024-10-01,22,20,Family
ATT202410003736,STU003736,SCH043,2024-10-01,21,16,Unauthorised
ATT202410003737,STU003737,SCH013,2024-10-01,22,21,Illness
ATT202410003738,STU003738,SCH006,2024-10-01,19,18,Medical
ATT202410003739,STU003739,SCH035,2024-10-01,22,21,Unauthorised
ATT202410003740,STU003740,SCH033,2024-10-01,21,19,Medical
ATT202410003741,STU003741,SCH036,2024-10-01,22,20,Other
ATT202410003742,STU003742,SCH024,2024-10-01,20,19,Medical
ATT202410003743,STU003743,SCH016,2024-10-01,19,18,Family
ATT202410003744,STU003744,SCH037,2024-10-01,21,19,Family
ATT202410003745,STU003745,SCH037,2024-10-01,22,20,Illness
ATT202410003746,STU003746,SCH035,2024-10-01,19,15,Medical
ATT202410003747,STU003747,SCH007,2024-10-01,22,21,Unauthorised
ATT202410003748,STU003748,SCH027,2024-10-01,19,17,Other
ATT202410003749,STU003749,SCH014,2024-10-01,21,20,Other
ATT202410003750,STU003750,SCH027,2024-10-01,21,19,Unauthorised
ATT202410003751,STU003751,SCH002,2024-10-01,20,17,Other
ATT202410003752,STU003752,SCH045,2024-10-01,20,19,Medical
ATT202410003753,STU003753,SCH048,2024-10-01,18,17,Other
ATT202410003754,STU003754,SCH031,2024-10-01,18,17,Illness
ATT202410003755,STU003755,SCH027,2024-10-01,20,18,Family
ATT202410003756,STU003756,SCH007,2024-10-01,22,20,Illness
ATT202410003757,STU003757,SCH013,2024-10-01,21,20,Medical
ATT202410003758,STU003758,SCH003,2024-10-01,22,19,Family
ATT202410003759,STU003759,SCH040,2024-10-01,21,19,Other
ATT202410003760,STU003760,SCH016,2024-10-01,20,17,Family
ATT202410003761,STU003761,SCH036,2024-10-01,18,18,
ATT202410003762,STU003762,SCH029,2024-10-01,18,17,Illness
ATT202410003763,STU003763,SCH017,2024-10-01,18,15,Medical
ATT202410003764,STU003764,SCH037,2024-10-01,19,17,Illness
ATT202410003765,STU003765,SCH047,2024-10-01,18,18,
ATT202410003766,STU003766,SCH029,2024-10-01,19,16,Family
ATT202410003767,STU003767,SCH049,2024-10-01,22,17,Family
ATT202410003768,STU003768,SCH040,2024-10-01,20,18,Illness
ATT202410003769,STU003769,SCH020,2024-10-01,18,18,
ATT202410003770,STU003770,SCH014,2024-10-01,22,21,Family
ATT202410003771,STU003771,SCH050,2024-10-01,22,20,Other
ATT202410003772,STU003772,SCH017,2024-10-01,22,20,Other
ATT202410003773,STU003773,SCH039,2024-10-01,22,19,Medical
ATT202410003774,STU003774,SCH012,2024-10-01,20,19,Illness
ATT202410003775,STU003775,SCH008,2024-10-01,18,17,Illness
ATT202410003776,STU003776,SCH046,2024-10-01,22,20,Illness
ATT202410003777,STU003777,SCH039,2024-10-01,19,18,Unauthorised
ATT202410003778,STU003778,SCH006,2024-10-01,19,18,Illness
ATT202410003779,STU003779,SCH040,2024-10-01,20,20,
ATT202410003780,STU003780,SCH041,2024-10-01,20,18,Medical
ATT202410003781,STU003781,SCH034,2024-10-01,20,17,Medical
ATT202410003782,STU003782,SCH047,2024-10-01,18,17,Other
ATT202410003783,STU003783,SCH050,2024-10-01,18,16,Illness
ATT202410003784,STU003784,SCH034,2024-10-01,20,16,Family
ATT202410003785,STU003785,SCH034,2024-10-01,20,18,Unauthorised
ATT202410003786,STU003786,SCH018,2024-10-01,19,17,Unauthorised
ATT202410003787,STU003787,SCH032,2024-10-01,21,20,Other
ATT202410003788,STU003788,SCH032,2024-10-01,19,17,Unauthorised
ATT202410003789,STU003789,SCH032,2024-10-01,22,20,Family
ATT202410003790,STU003790,SCH020,2024-10-01,19,17,Family
ATT202410003791,STU003791,SCH014,2024-10-01,21,21,
ATT202410003792,STU003792,SCH001,2024-10-01,19,18,Illness
ATT202410003793,STU003793,SCH017,2024-10-01,18,16,Other
ATT202410003794,STU003794,SCH020,2024-10-01,22,21,Medical
ATT202410003795,STU003795,SCH025,2024-10-01,21,19,Other
ATT202410003796,STU003796,SCH006,2024-10-01,20,18,Medical
ATT202410003797,STU003797,SCH003,2024-10-01,18,17,Illness
ATT202410003798,STU003798,SCH012,2024-10-01,21,19,Family
ATT202410003799,STU003799,SCH033,2024-10-01,22,20,Illness
ATT202410003800,STU003800,SCH029,2024-10-01,19,16,Family
ATT202410003801,STU003801,SCH046,2024-10-01,20,19,Family
ATT202410003802,STU003802,SCH021,2024-10-01,19,14,Illness
ATT202410003803,STU003803,SCH003,2024-10-01,18,16,Medical
ATT202410003804,STU003804,SCH005,2024-10-01,20,18,Family
ATT202410003805,STU003805,SCH039,2024-10-01,21,19,Other
ATT202410003806,STU003806,SCH043,2024-10-01,21,18,Other
ATT202410003807,STU003807,SCH016,2024-10-01,22,21,Illness
ATT202410003808,STU003808,SCH015,2024-10-01,20,19,Medical
ATT202410003809,STU003809,SCH006,2024-10-01,22,19,Medical
ATT202410003810,STU003810,SCH018,2024-10-01,22,21,Family
ATT202410003811,STU003811,SCH031,2024-10-01,21,20,Family
ATT202410003812,STU003812,SCH013,2024-10-01,19,18,Medical
ATT202410003813,STU003813,SCH008,2024-10-01,22,19,Family
ATT202410003814,STU003814,SCH011,2024-10-01,22,20,Unauthorised
ATT202410003815,STU003815,SCH023,2024-10-01,19,16,Illness
ATT202410003816,STU003816,SCH013,2024-10-01,21,18,Unauthorised
ATT202410003817,STU003817,SCH021,2024-10-01,18,18,
ATT202410003818,STU003818,SCH008,2024-10-01,18,17,Other
ATT202410003819,STU003819,SCH032,2024-10-01,20,17,Other
ATT202410003820,STU003820,SCH010,2024-10-01,18,16,Unauthorised
ATT202410003821,STU003821,SCH041,2024-10-01,22,21,Unauthorised
ATT202410003822,STU003822,SCH005,2024-10-01,21,19,Illness
ATT202410003823,STU003823,SCH015,2024-10-01,18,16,Unauthorised
ATT202410003824,STU003824,SCH034,2024-10-01,20,16,Illness
ATT202410003825,STU003825,SCH036,2024-10-01,19,19,
ATT202410003826,STU003826,SCH032,2024-10-01,19,17,Other
ATT202410003827,STU003827,SCH005,2024-10-01,19,18,Other
ATT202410003828,STU003828,SCH050,2024-10-01,21,19,Unauthorised
ATT202410003829,STU003829,SCH043,2024-10-01,19,18,Medical
ATT202410003830,STU003830,SCH046,2024-10-01,22,19,Unauthorised
ATT202410003831,STU003831,SCH019,2024-10-01,22,21,Unauthorised
ATT202410003832,STU003832,SCH014,2024-10-01,21,20,Unauthorised
ATT202410003833,STU003833,SCH037,2024-10-01,19,18,Other
ATT202410003834,STU003834,SCH030,2024-10-01,22,21,Family
ATT202410003835,STU003835,SCH040,2024-10-01,22,19,Family
ATT202410003836,STU003836,SCH021,2024-10-01,19,17,Medical
ATT202410003837,STU003837,SCH036,2024-10-01,20,17,Illness
ATT202410003838,STU003838,SCH043,2024-10-01,18,17,Medical
ATT202410003839,STU003839,SCH036,2024-10-01,20,20,
ATT202410003840,STU003840,SCH028,2024-10-01,21,19,Family
ATT202410003841,STU003841,SCH035,2024-10-01,19,17,Medical
ATT202410003842,STU003842,SCH008,2024-10-01,19,17,Family
ATT202410003843,STU003843,SCH031,2024-10-01,18,16,Family
ATT202410003844,STU003844,SCH031,2024-10-01,22,18,Unauthorised
ATT202410003845,STU003845,SCH029,2024-10-01,20,17,Illness
ATT202410003847,STU003847,SCH001,2024-10-01,18,17,Other
ATT202410003848,STU003848,SCH007,2024-10-01,19,18,Medical
ATT202410003849,STU003849,SCH015,2024-10-01,18,16,Family
ATT202410003850,STU003850,SCH011,2024-10-01,19,18,Medical
ATT202410003851,STU003851,SCH046,2024-10-01,18,16,Unauthorised
ATT202410003852,STU003852,SCH019,2024-10-01,18,17,Other
ATT202410003853,STU003853,SCH043,2024-10-01,19,17,Family
ATT202410003854,STU003854,SCH048,2024-10-01,22,21,Unauthorised
ATT202410003855,STU003855,SCH042,2024-10-01,21,19,Family
ATT202410003856,STU003856,SCH003,2024-10-01,20,19,Medical
ATT202410003857,STU003857,SCH038,2024-10-01,18,17,Unauthorised
ATT202410003858,STU003858,SCH032,2024-10-01,22,21,Family
ATT202410003859,STU003859,SCH026,2024-10-01,19,18,Illness
ATT202410003860,STU003860,SCH015,2024-10-01,20,18,Medical
ATT202410003861,STU003861,SCH035,2024-10-01,21,19,Family
ATT202410003862,STU003862,SCH017,2024-10-01,18,17,Unauthorised
ATT202410003863,STU003863,SCH007,2024-10-01,19,18,Other
ATT202410003864,STU003864,SCH032,2024-10-01,18,16,Other
ATT202410003865,STU003865,SCH022,2024-10-01,18,16,Illness
ATT202410003866,STU003866,SCH024,2024-10-01,21,19,Family
ATT202410003867,STU003867,SCH026,2024-10-01,18,17,Family
ATT202410003868,STU003868,SCH033,2024-10-01,18,16,Other
ATT202410003869,STU003869,SCH017,2024-10-01,18,16,Illness
ATT202410003870,STU003870,SCH030,2024-10-01,22,21,Illness
ATT202410003871,STU003871,SCH015,2024-10-01,22,19,Unauthorised
ATT202410003872,STU003872,SCH041,2024-10-01,18,17,Unauthorised
ATT202410003873,STU003873,SCH023,2024-10-01,18,17,Medical
ATT202410003874,STU003874,SCH011,2024-10-01,21,20,Other
ATT202410003875,STU003875,SCH006,2024-10-01,22,18,Illness
ATT202410003876,STU003876,SCH036,2024-10-01,22,20,Other
ATT202410003877,STU003877,SCH012,2024-10-01,19,16,Medical
ATT202410003878,STU003878,SCH008,2024-10-01,21,20,Illness
ATT202410003879,STU003879,SCH037,2024-10-01,18,16,Medical
ATT202410003880,STU003880,SCH026,2024-10-01,20,19,Illness
ATT202410003881,STU003881,SCH010,2024-10-01,21,19,Medical
ATT202410003882,STU003882,SCH020,2024-10-01,22,21,Illness
ATT202410003883,STU003883,SCH018,2024-10-01,18,16,Family
ATT202410003884,STU003884,SCH022,2024-10-01,22,19,Unauthorised
ATT202410003885,STU003885,SCH032,2024-10-01,18,16,Unauthorised
ATT202410003886,STU003886,SCH020,2024-10-01,22,21,Unauthorised
ATT202410003887,STU003887,SCH050,2024-10-01,22,19,Unauthorised
ATT202410003888,STU003888,SCH044,2024-10-01,18,16,Family
ATT202410003889,STU003889,SCH030,2024-10-01,19,17,Other
ATT202410003890,STU003890,SCH032,2024-10-01,18,17,Other
ATT202410003891,STU003891,SCH013,2024-10-01,19,18,Unauthorised
ATT202410003892,STU003892,SCH009,2024-10-01,21,21,
ATT202410003893,STU003893,SCH048,2024-10-01,18,18,
ATT202410003894,STU003894,SCH022,2024-10-01,20,18,Family
ATT202410003895,STU003895,SCH044,2024-10-01,20,18,Unauthorised
ATT202410003896,STU003896,SCH029,2024-10-01,20,19,Family
ATT202410003897,STU003897,SCH003,2024-10-01,19,18,Medical
ATT202410003898,STU003898,SCH045,2024-10-01,18,16,Unauthorised
ATT202410003899,STU003899,SCH037,2024-10-01,18,18,
ATT202410003900,STU003900,SCH004,2024-10-01,20,19,Family
ATT202410003901,STU003901,SCH045,2024-10-01,21,18,Family
ATT202410003902,STU003902,SCH002,2024-10-01,21,18,Other
ATT202410003903,STU003903,SCH038,2024-10-01,22,20,Illness
ATT202410003904,STU003904,SCH007,2024-10-01,18,17,Other
ATT202410003905,STU003905,SCH042,2024-10-01,18,16,Unauthorised
ATT202410003906,STU003906,SCH026,2024-10-01,18,16,Unauthorised
ATT202410003907,STU003907,SCH040,2024-10-01,22,21,Unauthorised
ATT202410003908,STU003908,SCH004,2024-10-01,20,19,Medical
ATT202410003909,STU003909,SCH034,2024-10-01,21,20,Unauthorised
ATT202410003910,STU003910,SCH010,2024-10-01,20,20,
ATT202410003911,STU003911,SCH004,2024-10-01,21,20,Medical
ATT202410003912,STU003912,SCH013,2024-10-01,18,16,Other
ATT202410003913,STU003913,SCH012,2024-10-01,19,19,
ATT202410003914,STU003914,SCH050,2024-10-01,20,18,Family
ATT202410003915,STU003915,SCH014,2024-10-01,21,19,Medical
ATT202410003916,STU003916,SCH017,2024-10-01,22,20,Medical
ATT202410003917,STU003917,SCH005,2024-10-01,21,19,Unauthorised
ATT202410003918,STU003918,SCH004,2024-10-01,20,19,Other
ATT202410003919,STU003919,SCH035,2024-10-01,19,17,Other
ATT202410003920,STU003920,SCH011,2024-10-01,19,19,
ATT202410003921,STU003921,SCH025,2024-10-01,21,20,Other
ATT202410003922,STU003922,SCH049,2024-10-01,19,16,Medical
ATT202410003923,STU003923,SCH021,2024-10-01,20,19,Other
ATT202410003924,STU003924,SCH034,2024-10-01,21,20,Unauthorised
ATT202410003925,STU003925,SCH021,2024-10-01,22,21,Medical
ATT202410003926,STU003926,SCH025,2024-10-01,22,21,Family
ATT202410003927,STU003927,SCH038,2024-10-01,22,20,Other
ATT202410003928,STU003928,SCH003,2024-10-01,18,17,Family
ATT202410003929,STU003929,SCH028,2024-10-01,20,18,Other
ATT202410003930,STU003930,SCH007,2024-10-01,22,20,Unauthorised
ATT202410003931,STU003931,SCH047,2024-10-01,18,17,Unauthorised
ATT202410003932,STU003932,SCH007,2024-10-01,18,17,Unauthorised
ATT202410003933,STU003933,SCH023,2024-10-01,22,20,Medical
ATT202410003934,STU003934,SCH048,2024-10-01,19,16,Unauthorised
ATT202410003935,STU003935,SCH037,2024-10-01,22,21,Medical
ATT202410003936,STU003936,SCH039,2024-10-01,18,16,Medical
ATT202410003937,STU003937,SCH020,2024-10-01,20,19,Medical
ATT202410003938,STU003938,SCH025,2024-10-01,21,19,Other
ATT202410003939,STU003939,SCH001,2024-10-01,20,16,Family
ATT202410003940,STU003940,SCH026,2024-10-01,20,19,Unauthorised
ATT202410003941,STU003941,SCH030,2024-10-01,21,19,Medical
ATT202410003942,STU003942,SCH013,2024-10-01,19,18,Medical
ATT202410003943,STU003943,SCH012,2024-10-01,18,16,Unauthorised
ATT202410003944,STU003944,SCH045,2024-10-01,18,18,
ATT202410003945,STU003945,SCH025,2024-10-01,22,20,Family
ATT202410003946,STU003946,SCH006,2024-10-01,19,18,Illness
ATT202410003947,STU003947,SCH038,2024-10-01,18,17,Other
ATT202410003948,STU003948,SCH022,2024-10-01,22,18,Illness
ATT202410003949,STU003949,SCH045,2024-10-01,21,19,Family
ATT202410003950,STU003950,SCH012,2024-10-01,20,19,Illness
ATT202410003951,STU003951,SCH035,2024-10-01,18,16,Medical
ATT202410003952,STU003952,SCH003,2024-10-01,22,19,Family
ATT202410003953,STU003953,SCH027,2024-10-01,20,18,Unauthorised
ATT202410003954,STU003954,SCH044,2024-10-01,18,16,Family
ATT202410003955,STU003955,SCH048,2024-10-01,21,20,Unauthorised
ATT202410003956,STU003956,SCH048,2024-10-01,21,21,
ATT202410003957,STU003957,SCH014,2024-10-01,19,17,Other
ATT202410003958,STU003958,SCH011,2024-10-01,22,20,Other
ATT202410003959,STU003959,SCH001,2024-10-01,22,18,Family
ATT202410003960,STU003960,SCH003,2024-10-01,18,16,Illness
ATT202410003961,STU003961,SCH016,2024-10-01,21,20,Family
ATT202410003962,STU003962,SCH021,2024-10-01,20,18,Other
ATT202410003963,STU003963,SCH031,2024-10-01,19,19,
ATT202410003964,STU003964,SCH026,2024-10-01,19,17,Other
ATT202410003965,STU003965,SCH038,2024-10-01,19,17,Family
ATT202410003966,STU003966,SCH011,2024-10-01,21,20,Illness
ATT202410003967,STU003967,SCH044,2024-10-01,21,19,Family
ATT202410003968,STU003968,SCH041,2024-10-01,19,18,Unauthorised
ATT202410003969,STU003969,SCH047,2024-10-01,18,17,Illness
ATT202410003970,STU003970,SCH036,2024-10-01,20,19,Medical
ATT202410003971,STU003971,SCH047,2024-10-01,22,20,Other
ATT202410003972,STU003972,SCH003,2024-10-01,19,17,Family
ATT202410003973,STU003973,SCH032,2024-10-01,21,19,Illness
ATT202410003974,STU003974,SCH004,2024-10-01,18,16,Medical
ATT202410003975,STU003975,SCH043,2024-10-01,20,18,Illness
ATT202410003976,STU003976,SCH022,2024-10-01,19,17,Illness
ATT202410003977,STU003977,SCH035,2024-10-01,22,20,Other
ATT202410003978,STU003978,SCH048,2024-10-01,20,18,Family
ATT202410003979,STU003979,SCH008,2024-10-01,21,20,Other
ATT202410003980,STU003980,SCH044,2024-10-01,20,20,
ATT202410003981,STU003981,SCH024,2024-10-01,22,20,Medical
ATT202410003982,STU003982,SCH040,2024-10-01,19,18,Illness
ATT202410003983,STU003983,SCH007,2024-10-01,22,21,Illness
ATT202410003984,STU003984,SCH029,2024-10-01,20,17,Illness
ATT202410003985,STU003985,SCH023,2024-10-01,19,18,Unauthorised
ATT202410003986,STU003986,SCH001,2024-10-01,19,18,Illness
ATT202410003987,STU003987,SCH023,2024-10-01,22,19,Illness
ATT202410003988,STU003988,SCH012,2024-10-01,19,16,Other
ATT202410003989,STU003989,SCH020,2024-10-01,20,19,Illness
ATT202410003990,STU003990,SCH031,2024-10-01,22,21,Illness
ATT202410003991,STU003991,SCH043,2024-10-01,19,18,Illness
ATT202410003992,STU003992,SCH031,2024-10-01,18,18,
ATT202410003993,STU003993,SCH011,2024-10-01,20,19,Other
ATT202410003994,STU003994,SCH032,2024-10-01,18,16,Other
ATT202410003995,STU003995,SCH025,2024-10-01,21,20,Medical
ATT202410003996,STU003996,SCH042,2024-10-01,20,19,Unauthorised
ATT202410003997,STU003997,SCH031,2024-10-01,20,18,Unauthorised
ATT202410003998,STU003998,SCH031,2024-10-01,20,16,Medical
ATT202410003999,STU003999,SCH048,2024-10-01,22,19,Illness
ATT202410004000,STU004000,SCH050,2024-10-01,22,20,Illness
ATT202410004001,STU004001,SCH043,2024-10-01,21,19,Unauthorised
ATT202410004003,STU004003,SCH002,2024-10-01,20,18,Other
ATT202410004004,STU004004,SCH002,2024-10-01,19,16,Illness
ATT202410004005,STU004005,SCH035,2024-10-01,22,20,Other
ATT202410004006,STU004006,SCH022,2024-10-01,22,20,Medical
ATT202410004007,STU004007,SCH021,2024-10-01,18,16,Medical
ATT202410004008,STU004008,SCH050,2024-10-01,21,17,Family
ATT202410004009,STU004009,SCH049,2024-10-01,21,20,Medical
ATT202410004010,STU004010,SCH049,2024-10-01,21,19,Illness
ATT202410004011,STU004011,SCH002,2024-10-01,22,21,Other
ATT202410004012,STU004012,SCH029,2024-10-01,21,19,Unauthorised
ATT202410004013,STU004013,SCH012,2024-10-01,21,19,Medical
ATT202410004014,STU004014,SCH024,2024-10-01,22,20,Medical
ATT202410004015,STU004015,SCH037,2024-10-01,19,18,Other
ATT202410004016,STU004016,SCH004,2024-10-01,18,18,
ATT202410004017,STU004017,SCH033,2024-10-01,20,19,Medical
ATT202410004018,STU004018,SCH003,2024-10-01,21,20,Illness
ATT202410004019,STU004019,SCH025,2024-10-01,21,19,Unauthorised
ATT202410004020,STU004020,SCH012,2024-10-01,22,20,Medical
ATT202410004021,STU004021,SCH007,2024-10-01,22,20,Family
ATT202410004022,STU004022,SCH030,2024-10-01,22,20,Medical
ATT202410004023,STU004023,SCH026,2024-10-01,18,17,Unauthorised
ATT202410004024,STU004024,SCH044,2024-10-01,19,17,Other
ATT202410004025,STU004025,SCH024,2024-10-01,20,18,Illness
ATT202410004026,STU004026,SCH010,2024-10-01,19,16,Family
ATT202410004027,STU004027,SCH031,2024-10-01,21,20,Unauthorised
ATT202410004028,STU004028,SCH001,2024-10-01,20,17,Other
ATT202410004029,STU004029,SCH025,2024-10-01,20,18,Medical
ATT202410004030,STU004030,SCH023,2024-10-01,19,17,Family
ATT202410004031,STU004031,SCH007,2024-10-01,19,17,Other
ATT202410004032,STU004032,SCH041,2024-10-01,19,16,Medical
ATT202410004033,STU004033,SCH014,2024-10-01,22,22,
ATT202410004034,STU004034,SCH012,2024-10-01,18,17,Medical
ATT202410004035,STU004035,SCH050,2024-10-01,18,16,Unauthorised
ATT202410004036,STU004036,SCH016,2024-10-01,22,22,
ATT202410004037,STU004037,SCH013,2024-10-01,19,18,Unauthorised
ATT202410004038,STU004038,SCH033,2024-10-01,19,17,Other
ATT202410004039,STU004039,SCH033,2024-10-01,21,20,Illness
ATT202410004040,STU004040,SCH017,2024-10-01,21,20,Unauthorised
ATT202410004041,STU004041,SCH009,2024-10-01,18,17,Other
ATT202410004042,STU004042,SCH025,2024-10-01,22,20,Other
ATT202410004043,STU004043,SCH027,2024-10-01,22,19,Illness
ATT202410004044,STU004044,SCH039,2024-10-01,22,20,Illness
ATT202410004045,STU004045,SCH015,2024-10-01,22,21,Other
ATT202410004046,STU004046,SCH045,2024-10-01,21,19,Other
ATT202410004047,STU004047,SCH043,2024-10-01,21,18,Family
ATT202410004048,STU004048,SCH019,2024-10-01,20,17,Family
ATT202410004049,STU004049,SCH010,2024-10-01,22,20,Family
ATT202410004050,STU004050,SCH008,2024-10-01,20,18,Medical
ATT202410004051,STU004051,SCH006,2024-10-01,19,17,Family
ATT202410004052,STU004052,SCH005,2024-10-01,19,18,Other
ATT202410004053,STU004053,SCH027,2024-10-01,22,19,Illness
ATT202410004054,STU004054,SCH016,2024-10-01,22,19,Unauthorised
ATT202410004055,STU004055,SCH017,2024-10-01,18,15,Medical
ATT202410004056,STU004056,SCH040,2024-10-01,20,17,Unauthorised
ATT202410004057,STU004057,SCH017,2024-10-01,20,16,Family
ATT202410004058,STU004058,SCH029,2024-10-01,18,16,Medical
ATT202410004059,STU004059,SCH005,2024-10-01,20,20,
ATT202410004060,STU004060,SCH001,2024-10-01,20,19,Illness
ATT202410004061,STU004061,SCH050,2024-10-01,18,16,Other
ATT202410004062,STU004062,SCH018,2024-10-01,22,21,Medical
ATT202410004063,STU004063,SCH006,2024-10-01,18,17,Unauthorised
ATT202410004064,STU004064,SCH041,2024-10-01,21,19,Unauthorised
ATT202410004065,STU004065,SCH022,2024-10-01,22,20,Medical
ATT202410004066,STU004066,SCH007,2024-10-01,20,19,Unauthorised
ATT202410004067,STU004067,SCH047,2024-10-01,20,20,
ATT202410004068,STU004068,SCH023,2024-10-01,21,19,Other
ATT202410004069,STU004069,SCH008,2024-10-01,21,20,Unauthorised
ATT202410004070,STU004070,SCH037,2024-10-01,22,20,Medical
ATT202410004071,STU004071,SCH046,2024-10-01,19,17,Family
ATT202410004072,STU004072,SCH001,2024-10-01,22,21,Other
ATT202410004073,STU004073,SCH032,2024-10-01,22,20,Other
ATT202410004074,STU004074,SCH033,2024-10-01,18,17,Medical
ATT202410004075,STU004075,SCH037,2024-10-01,19,18,Illness
ATT202410004076,STU004076,SCH049,2024-10-01,22,19,Unauthorised
ATT202410004077,STU004077,SCH007,2024-10-01,21,19,Illness
ATT202410004078,STU004078,SCH048,2024-10-01,18,16,Unauthorised
ATT202410004079,STU004079,SCH022,2024-10-01,19,15,Unauthorised
ATT202410004080,STU004080,SCH022,2024-10-01,22,20,Medical
ATT202410004081,STU004081,SCH016,2024-10-01,19,17,Family
ATT202410004082,STU004082,SCH014,2024-10-01,18,16,Illness
ATT202410004083,STU004083,SCH020,2024-10-01,22,21,Medical
ATT202410004084,STU004084,SCH044,2024-10-01,20,19,Other
ATT202410004085,STU004085,SCH015,2024-10-01,20,17,Other
ATT202410004086,STU004086,SCH027,2024-10-01,19,17,Unauthorised
ATT202410004087,STU004087,SCH001,2024-10-01,21,18,Other
ATT202410004088,STU004088,SCH048,2024-10-01,21,20,Family
ATT202410004089,STU004089,SCH048,2024-10-01,21,20,Medical
ATT202410004090,STU004090,SCH015,2024-10-01,20,19,Family
ATT202410004092,STU004092,SCH017,2024-10-01,21,19,Family
ATT202410004093,STU004093,SCH035,2024-10-01,18,17,Medical
ATT202410004094,STU004094,SCH045,2024-10-01,18,17,Other
ATT202410004095,STU004095,SCH047,2024-10-01,22,21,Illness
ATT202410004096,STU004096,SCH009,2024-10-01,19,18,Unauthorised
ATT202410004097,STU004097,SCH016,2024-10-01,19,18,Other
ATT202410004098,STU004098,SCH046,2024-10-01,21,18,Medical
ATT202410004099,STU004099,SCH012,2024-10-01,22,21,Illness
ATT202410004100,STU004100,SCH035,2024-10-01,22,20,Family
ATT202410004101,STU004101,SCH037,2024-10-01,22,20,Family
ATT202410004102,STU004102,SCH050,2024-10-01,19,17,Family
ATT202410004103,STU004103,SCH038,2024-10-01,22,20,Other
ATT202410004104,STU004104,SCH008,2024-10-01,18,16,Medical
ATT202410004105,STU004105,SCH023,2024-10-01,19,16,Medical
ATT202410004106,STU004106,SCH022,2024-10-01,19,17,Unauthorised
ATT202410004107,STU004107,SCH034,2024-10-01,22,20,Unauthorised
ATT202410004108,STU004108,SCH003,2024-10-01,21,19,Family
ATT202410004109,STU004109,SCH044,2024-10-01,19,17,Unauthorised
ATT202410004110,STU004110,SCH020,2024-10-01,21,18,Other
ATT202410004111,STU004111,SCH033,2024-10-01,21,20,Medical
ATT202410004112,STU004112,SCH005,2024-10-01,21,18,Family
ATT202410004113,STU004113,SCH006,2024-10-01,19,18,Family
ATT202410004114,STU004114,SCH048,2024-10-01,19,18,Family
ATT202410004115,STU004115,SCH044,2024-10-01,20,18,Other
ATT202410004116,STU004116,SCH048,2024-10-01,21,20,Unauthorised
ATT202410004117,STU004117,SCH013,2024-10-01,19,17,Illness
ATT202410004118,STU004118,SCH042,2024-10-01,22,21,Illness
ATT202410004119,STU004119,SCH030,2024-10-01,21,19,Medical
ATT202410004120,STU004120,SCH041,2024-10-01,20,19,Medical
ATT202410004121,STU004121,SCH016,2024-10-01,20,18,Other
ATT202410004122,STU004122,SCH018,2024-10-01,18,15,Family
ATT202410004123,STU004123,SCH030,2024-10-01,21,19,Unauthorised
ATT202410004124,STU004124,SCH012,2024-10-01,18,16,Family
ATT202410004125,STU004125,SCH022,2024-10-01,22,21,Unauthorised
ATT202410004126,STU004126,SCH005,2024-10-01,22,21,Medical
ATT202410004127,STU004127,SCH015,2024-10-01,18,17,Illness
ATT202410004128,STU004128,SCH008,2024-10-01,19,18,Unauthorised
ATT202410004129,STU004129,SCH017,2024-10-01,20,17,Illness
ATT202410004130,STU004130,SCH025,2024-10-01,21,19,Unauthorised
ATT202410004131,STU004131,SCH008,2024-10-01,19,18,Other
ATT202410004132,STU004132,SCH024,2024-10-01,20,18,Illness
ATT202410004133,STU004133,SCH023,2024-10-01,18,17,Unauthorised
ATT202410004134,STU004134,SCH007,2024-10-01,22,20,Other
ATT202410004135,STU004135,SCH027,2024-10-01,20,18,Unauthorised
ATT202410004136,STU004136,SCH046,2024-10-01,20,18,Unauthorised
ATT202410004137,STU004137,SCH012,2024-10-01,20,16,Unauthorised
ATT202410004138,STU004138,SCH002,2024-10-01,21,18,Illness
ATT202410004139,STU004139,SCH028,2024-10-01,18,17,Unauthorised
ATT202410004140,STU004140,SCH007,2024-10-01,19,17,Medical
ATT202410004141,STU004141,SCH042,2024-10-01,20,17,Unauthorised
ATT202410004142,STU004142,SCH047,2024-10-01,18,16,Family
ATT202410004143,STU004143,SCH048,2024-10-01,20,18,Illness
ATT202410004144,STU004144,SCH023,2024-10-01,21,20,Illness
ATT202410004145,STU004145,SCH029,2024-10-01,22,19,Unauthorised
ATT202410004146,STU004146,SCH034,2024-10-01,19,16,Illness
ATT202410004148,STU004148,SCH034,2024-10-01,22,18,Illness
ATT202410004149,STU004149,SCH020,2024-10-01,19,19,
ATT202410004150,STU004150,SCH012,2024-10-01,22,20,Illness
ATT202410004151,STU004151,SCH030,2024-10-01,20,20,
ATT202410004152,STU004152,SCH039,2024-10-01,18,16,Other
ATT202410004153,STU004153,SCH036,2024-10-01,22,21,Medical
ATT202410004154,STU004154,SCH017,2024-10-01,18,15,Unauthorised
ATT202410004155,STU004155,SCH034,2024-10-01,22,18,Medical
ATT202410004156,STU004156,SCH007,2024-10-01,21,19,Medical
ATT202410004157,STU004157,SCH019,2024-10-01,19,18,Family
ATT202410004158,STU004158,SCH041,2024-10-01,19,17,Family
ATT202410004159,STU004159,SCH031,2024-10-01,19,16,Unauthorised
ATT202410004160,STU004160,SCH005,2024-10-01,21,20,Family
ATT202410004161,STU004161,SCH042,2024-10-01,20,20,
ATT202410004162,STU004162,SCH003,2024-10-01,19,19,
ATT202410004163,STU004163,SCH007,2024-10-01,19,17,Illness
ATT202410004164,STU004164,SCH029,2024-10-01,22,20,Illness
ATT202410004165,STU004165,SCH014,2024-10-01,19,17,Unauthorised
ATT202410004166,STU004166,SCH020,2024-10-01,18,17,Other
ATT202410004167,STU004167,SCH050,2024-10-01,21,19,Unauthorised
ATT202410004168,STU004168,SCH046,2024-10-01,18,16,Medical
ATT202410004169,STU004169,SCH038,2024-10-01,18,18,
ATT202410004170,STU004170,SCH013,2024-10-01,19,17,Medical
ATT202410004171,STU004171,SCH020,2024-10-01,20,19,Family
ATT202410004172,STU004172,SCH018,2024-10-01,18,16,Unauthorised
ATT202410004173,STU004173,SCH017,2024-10-01,19,17,Family
ATT202410004174,STU004174,SCH034,2024-10-01,18,15,Other
ATT202410004175,STU004175,SCH035,2024-10-01,20,17,Medical
ATT202410004176,STU004176,SCH009,2024-10-01,19,17,Unauthorised
ATT202410004177,STU004177,SCH017,2024-10-01,20,16,Illness
ATT202410004178,STU004178,SCH049,2024-10-01,22,20,Unauthorised
ATT202410004179,STU004179,SCH024,2024-10-01,21,18,Family
ATT202410004180,STU004180,SCH008,2024-10-01,19,17,Unauthorised
ATT202410004181,STU004181,SCH048,2024-10-01,22,19,Illness
ATT202410004182,STU004182,SCH008,2024-10-01,18,17,Illness
ATT202410004183,STU004183,SCH014,2024-10-01,22,22,
ATT202410004184,STU004184,SCH049,2024-10-01,22,21,Family
ATT202410004185,STU004185,SCH028,2024-10-01,20,19,Other
ATT202410004186,STU004186,SCH030,2024-10-01,19,18,Illness
ATT202410004187,STU004187,SCH004,2024-10-01,18,17,Medical
ATT202410004188,STU004188,SCH041,2024-10-01,19,18,Family
ATT202410004189,STU004189,SCH018,2024-10-01,20,18,Unauthorised
ATT202410004190,STU004190,SCH035,2024-10-01,22,20,Other
ATT202410004191,STU004191,SCH041,2024-10-01,21,20,Medical
ATT202410004192,STU004192,SCH045,2024-10-01,21,20,Other
ATT202410004193,STU004193,SCH015,2024-10-01,22,20,Other
ATT202410004194,STU004194,SCH034,2024-10-01,21,19,Medical
ATT202410004195,STU004195,SCH032,2024-10-01,18,15,Family
ATT202410004196,STU004196,SCH012,2024-10-01,21,19,Illness
ATT202410004197,STU004197,SCH045,2024-10-01,21,19,Other
ATT202410004198,STU004198,SCH007,2024-10-01,19,17,Medical
ATT202410004199,STU004199,SCH050,2024-10-01,18,17,Other
ATT202410004200,STU004200,SCH040,2024-10-01,22,20,Other
ATT202410004201,STU004201,SCH028,2024-10-01,20,19,Unauthorised
ATT202410004202,STU004202,SCH008,2024-10-01,18,17,Other
ATT202410004203,STU004203,SCH045,2024-10-01,18,18,
ATT202410004204,STU004204,SCH044,2024-10-01,18,16,Other
ATT202410004205,STU004205,SCH034,2024-10-01,18,18,
ATT202410004206,STU004206,SCH001,2024-10-01,22,22,
ATT202410004207,STU004207,SCH015,2024-10-01,20,19,Medical
ATT202410004208,STU004208,SCH006,2024-10-01,19,18,Family
ATT202410004209,STU004209,SCH035,2024-10-01,20,19,Family
ATT202410004210,STU004210,SCH043,2024-10-01,20,17,Family
ATT202410004211,STU004211,SCH028,2024-10-01,18,17,Illness
ATT202410004212,STU004212,SCH041,2024-10-01,22,20,Family
ATT202410004213,STU004213,SCH025,2024-10-01,20,18,Illness
ATT202410004214,STU004214,SCH048,2024-10-01,19,17,Unauthorised
ATT202410004215,STU004215,SCH038,2024-10-01,21,20,Illness
ATT202410004216,STU004216,SCH028,2024-10-01,20,19,Other
ATT202410004217,STU004217,SCH003,2024-10-01,18,17,Medical
ATT202410004218,STU004218,SCH010,2024-10-01,18,16,Other
ATT202410004219,STU004219,SCH031,2024-10-01,18,17,Other
ATT202410004220,STU004220,SCH042,2024-10-01,21,18,Family
ATT202410004221,STU004221,SCH019,2024-10-01,19,18,Family
ATT202410004222,STU004222,SCH043,2024-10-01,19,16,Medical
ATT202410004223,STU004223,SCH006,2024-10-01,18,17,Other
ATT202410004224,STU004224,SCH025,2024-10-01,19,18,Illness
ATT202410004225,STU004225,SCH039,2024-10-01,20,18,Illness
ATT202410004226,STU004226,SCH032,2024-10-01,22,21,Family
ATT202410004227,STU004227,SCH021,2024-10-01,18,17,Medical
ATT202410004228,STU004228,SCH050,2024-10-01,22,19,Other
ATT202410004229,STU004229,SCH043,2024-10-01,21,19,Medical
ATT202410004230,STU004230,SCH030,2024-10-01,19,18,Family
ATT202410004231,STU004231,SCH011,2024-10-01,19,19,
ATT202410004232,STU004232,SCH002,2024-10-01,19,14,Family
ATT202410004233,STU004233,SCH035,2024-10-01,22,19,Unauthorised
ATT202410004234,STU004234,SCH015,2024-10-01,22,20,Unauthorised
ATT202410004235,STU004235,SCH009,2024-10-01,19,16,Family
ATT202410004236,STU004236,SCH043,2024-10-01,22,21,Family
ATT202410004237,STU004237,SCH007,2024-10-01,21,21,
ATT202410004238,STU004238,SCH048,2024-10-01,22,20,Illness
ATT202410004239,STU004239,SCH019,2024-10-01,21,20,Medical
ATT202410004240,STU004240,SCH005,2024-10-01,18,15,Medical
ATT202410004241,STU004241,SCH031,2024-10-01,19,16,Unauthorised
ATT202410004242,STU004242,SCH037,2024-10-01,22,21,Family
ATT202410004243,STU004243,SCH001,2024-10-01,22,19,Unauthorised
ATT202410004244,STU004244,SCH013,2024-10-01,19,18,Other
ATT202410004245,STU004245,SCH023,2024-10-01,19,15,Medical
ATT202410004246,STU004246,SCH030,2024-10-01,20,19,Medical
ATT202410004247,STU004247,SCH037,2024-10-01,21,19,Other
ATT202410004248,STU004248,SCH020,2024-10-01,20,20,
ATT202410004249,STU004249,SCH039,2024-10-01,22,20,Illness
ATT202410004250,STU004250,SCH001,2024-10-01,19,16,Unauthorised
ATT202410004251,STU004251,SCH003,2024-10-01,18,17,Unauthorised
ATT202410004252,STU004252,SCH015,2024-10-01,21,20,Unauthorised
ATT202410004253,STU004253,SCH025,2024-10-01,22,20,Illness
ATT202410004254,STU004254,SCH044,2024-10-01,22,21,Unauthorised
ATT202410004255,STU004255,SCH046,2024-10-01,21,20,Illness
ATT202410004256,STU004256,SCH026,2024-10-01,20,18,Family
ATT202410004257,STU004257,SCH025,2024-10-01,20,20,
ATT202410004258,STU004258,SCH009,2024-10-01,22,19,Unauthorised
ATT202410004259,STU004259,SCH020,2024-10-01,22,22,
ATT202410004260,STU004260,SCH004,2024-10-01,21,21,
ATT202410004261,STU004261,SCH046,2024-10-01,20,18,Illness
ATT202410004262,STU004262,SCH041,2024-10-01,19,17,Family
ATT202410004263,STU004263,SCH029,2024-10-01,18,16,Illness
ATT202410004264,STU004264,SCH038,2024-10-01,19,18,Family
ATT202410004265,STU004265,SCH050,2024-10-01,21,19,Unauthorised
ATT202410004266,STU004266,SCH014,2024-10-01,22,20,Family
ATT202410004267,STU004267,SCH028,2024-10-01,20,18,Other
ATT202410004268,STU004268,SCH024,2024-10-01,20,20,
ATT202410004269,STU004269,SCH021,2024-10-01,20,17,Other
ATT202410004270,STU004270,SCH007,2024-10-01,19,18,Unauthorised
ATT202410004271,STU004271,SCH040,2024-10-01,18,16,Illness
ATT202410004272,STU004272,SCH033,2024-10-01,21,21,
ATT202410004273,STU004273,SCH031,2024-10-01,21,20,Unauthorised
ATT202410004274,STU004274,SCH007,2024-10-01,21,20,Unauthorised
ATT202410004275,STU004275,SCH039,2024-10-01,19,18,Medical
ATT202410004276,STU004276,SCH004,2024-10-01,20,19,Unauthorised
ATT202410004277,STU004277,SCH021,2024-10-01,22,19,Family
ATT202410004278,STU004278,SCH028,2024-10-01,22,21,Other
ATT202410004279,STU004279,SCH013,2024-10-01,19,17,Unauthorised
ATT202410004280,STU004280,SCH016,2024-10-01,22,19,Medical
ATT202410004281,STU004281,SCH043,2024-10-01,19,19,
ATT202410004282,STU004282,SCH024,2024-10-01,21,18,Unauthorised
ATT202410004283,STU004283,SCH049,2024-10-01,20,17,Medical
ATT202410004284,STU004284,SCH029,2024-10-01,19,17,Unauthorised
ATT202410004285,STU004285,SCH046,2024-10-01,20,18,Unauthorised
ATT202410004286,STU004286,SCH041,2024-10-01,18,17,Other
ATT202410004287,STU004287,SCH004,2024-10-01,19,18,Unauthorised
ATT202410004288,STU004288,SCH005,2024-10-01,21,20,Medical
ATT202410004289,STU004289,SCH034,2024-10-01,18,16,Family
ATT202410004290,STU004290,SCH044,2024-10-01,19,18,Illness
ATT202410004291,STU004291,SCH004,2024-10-01,21,20,Medical
ATT202410004292,STU004292,SCH018,2024-10-01,20,19,Family
ATT202410004293,STU004293,SCH019,2024-10-01,19,18,Family
ATT202410004294,STU004294,SCH027,2024-10-01,19,17,Illness
ATT202410004295,STU004295,SCH038,2024-10-01,21,21,
ATT202410004296,STU004296,SCH022,2024-10-01,22,19,Illness
ATT202410004297,STU004297,SCH043,2024-10-01,21,18,Medical
ATT202410004298,STU004298,SCH004,2024-10-01,22,21,Family
ATT202410004299,STU004299,SCH022,2024-10-01,18,16,Other
ATT202410004300,STU004300,SCH007,2024-10-01,18,16,Other
ATT202410004301,STU004301,SCH036,2024-10-01,18,16,Family
ATT202410004302,STU004302,SCH011,2024-10-01,20,19,Medical
ATT202410004303,STU004303,SCH039,2024-10-01,22,20,Family
ATT202410004304,STU004304,SCH011,2024-10-01,22,20,Medical
ATT202410004305,STU004305,SCH007,2024-10-01,18,17,Illness
ATT202410004306,STU004306,SCH042,2024-10-01,19,17,Illness
ATT202410004307,STU004307,SCH030,2024-10-01,20,18,Illness
ATT202410004308,STU004308,SCH008,2024-10-01,19,17,Unauthorised
ATT202410004309,STU004309,SCH042,2024-10-01,22,17,Other
ATT202410004310,STU004310,SCH010,2024-10-01,22,18,Illness
ATT202410004311,STU004311,SCH009,2024-10-01,19,16,Family
ATT202410004312,STU004312,SCH023,2024-10-01,21,18,Medical
ATT202410004313,STU004313,SCH005,2024-10-01,20,18,Medical
ATT202410004314,STU004314,SCH048,2024-10-01,20,20,
ATT202410004315,STU004315,SCH020,2024-10-01,20,19,Illness
ATT202410004316,STU004316,SCH024,2024-10-01,22,19,Illness
ATT202410004317,STU004317,SCH047,2024-10-01,19,19,
ATT202410004318,STU004318,SCH044,2024-10-01,19,17,Other
ATT202410004319,STU004319,SCH043,2024-10-01,18,16,Medical
ATT202410004320,STU004320,SCH008,2024-10-01,21,18,Illness
ATT202410004321,STU004321,SCH041,2024-10-01,22,20,Medical
ATT202410004323,STU004323,SCH024,2024-10-01,19,15,Illness
ATT202410004324,STU004324,SCH020,2024-10-01,19,17,Medical
ATT202410004325,STU004325,SCH027,2024-10-01,20,18,Other
ATT202410004326,STU004326,SCH007,2024-10-01,22,21,Medical
ATT202410004327,STU004327,SCH035,2024-10-01,19,18,Illness
ATT202410004328,STU004328,SCH032,2024-10-01,18,17,Family
ATT202410004329,STU004329,SCH030,2024-10-01,22,21,Other
ATT202410004330,STU004330,SCH025,2024-10-01,21,19,Medical
ATT202410004331,STU004331,SCH007,2024-10-01,19,18,Unauthorised
ATT202410004332,STU004332,SCH019,2024-10-01,20,17,Illness
ATT202410004333,STU004333,SCH030,2024-10-01,18,16,Unauthorised
ATT202410004334,STU004334,SCH030,2024-10-01,20,19,Other
ATT202410004335,STU004335,SCH006,2024-10-01,18,17,Illness
ATT202410004336,STU004336,SCH024,2024-10-01,21,19,Unauthorised
ATT202410004337,STU004337,SCH020,2024-10-01,21,20,Other
ATT202410004338,STU004338,SCH005,2024-10-01,19,17,Medical
ATT202410004339,STU004339,SCH028,2024-10-01,21,20,Other
ATT202410004340,STU004340,SCH005,2024-10-01,21,19,Family
ATT202410004341,STU004341,SCH003,2024-10-01,21,19,Other
ATT202410004342,STU004342,SCH020,2024-10-01,21,19,Other
ATT202410004343,STU004343,SCH030,2024-10-01,18,17,Family
ATT202410004344,STU004344,SCH008,2024-10-01,22,21,Other
ATT202410004345,STU004345,SCH039,2024-10-01,18,16,Medical
ATT202410004346,STU004346,SCH040,2024-10-01,22,20,Family
ATT202410004347,STU004347,SCH038,2024-10-01,18,16,Illness
ATT202410004348,STU004348,SCH042,2024-10-01,20,17,Medical
ATT202410004349,STU004349,SCH002,2024-10-01,19,16,Medical
ATT202410004350,STU004350,SCH002,2024-10-01,20,14,Illness
ATT202410004351,STU004351,SCH014,2024-10-01,18,16,Unauthorised
ATT202410004352,STU004352,SCH022,2024-10-01,18,16,Other
ATT202410004353,STU004353,SCH047,2024-10-01,18,17,Medical
ATT202410004354,STU004354,SCH048,2024-10-01,19,17,Unauthorised
ATT202410004355,STU004355,SCH038,2024-10-01,22,20,Other
ATT202410004356,STU004356,SCH026,2024-10-01,18,16,Medical
ATT202410004357,STU004357,SCH039,2024-10-01,19,18,Other
ATT202410004358,STU004358,SCH024,2024-10-01,22,19,Medical
ATT202410004359,STU004359,SCH049,2024-10-01,18,16,Unauthorised
ATT202410004360,STU004360,SCH029,2024-10-01,19,17,Medical
ATT202410004361,STU004361,SCH004,2024-10-01,20,19,Medical
ATT202410004362,STU004362,SCH010,2024-10-01,18,17,Other
ATT202410004363,STU004363,SCH021,2024-10-01,18,17,Other
ATT202410004364,STU004364,SCH035,2024-10-01,22,19,Unauthorised
ATT202410004365,STU004365,SCH042,2024-10-01,20,18,Family
ATT202410004366,STU004366,SCH008,2024-10-01,18,17,Medical
ATT202410004367,STU004367,SCH037,2024-10-01,18,16,Medical
ATT202410004368,STU004368,SCH016,2024-10-01,19,18,Illness
ATT202410004369,STU004369,SCH009,2024-10-01,18,16,Family
ATT202410004370,STU004370,SCH023,2024-10-01,21,20,Unauthorised
ATT202410004371,STU004371,SCH012,2024-10-01,21,20,Other
ATT202410004372,STU004372,SCH003,2024-10-01,19,17,Other
ATT202410004373,STU004373,SCH043,2024-10-01,22,20,Family
ATT202410004374,STU004374,SCH005,2024-10-01,21,20,Medical
ATT202410004375,STU004375,SCH045,2024-10-01,22,20,Other
ATT202410004376,STU004376,SCH010,2024-10-01,19,18,Illness
ATT202410004377,STU004377,SCH015,2024-10-01,20,18,Unauthorised
ATT202410004378,STU004378,SCH012,2024-10-01,21,19,Family
ATT202410004379,STU004379,SCH009,2024-10-01,21,20,Other
ATT202410004380,STU004380,SCH002,2024-10-01,21,18,Medical
ATT202410004381,STU004381,SCH012,2024-10-01,19,18,Unauthorised
ATT202410004382,STU004382,SCH039,2024-10-01,21,19,Unauthorised
ATT202410004383,STU004383,SCH044,2024-10-01,22,21,Medical
ATT202410004384,STU004384,SCH014,2024-10-01,19,19,
ATT202410004385,STU004385,SCH002,2024-10-01,21,19,Medical
ATT202410004386,STU004386,SCH031,2024-10-01,19,18,Other
ATT202410004387,STU004387,SCH033,2024-10-01,18,17,Other
ATT202410004388,STU004388,SCH001,2024-10-01,22,19,Family
ATT202410004389,STU004389,SCH029,2024-10-01,21,19,Medical
ATT202410004390,STU004390,SCH007,2024-10-01,19,18,Medical
ATT202410004391,STU004391,SCH049,2024-10-01,20,16,Family
ATT202410004392,STU004392,SCH027,2024-10-01,21,19,Illness
ATT202410004393,STU004393,SCH032,2024-10-01,21,18,Medical
ATT202410004394,STU004394,SCH039,2024-10-01,18,17,Other
ATT202410004395,STU004395,SCH004,2024-10-01,21,20,Medical
ATT202410004396,STU004396,SCH031,2024-10-01,19,18,Unauthorised
ATT202410004397,STU004397,SCH018,2024-10-01,18,18,
ATT202410004398,STU004398,SCH024,2024-10-01,18,16,Unauthorised
ATT202410004399,STU004399,SCH014,2024-10-01,22,20,Unauthorised
ATT202410004400,STU004400,SCH014,2024-10-01,18,16,Unauthorised
ATT202410004401,STU004401,SCH050,2024-10-01,22,19,Unauthorised
ATT202410004402,STU004402,SCH022,2024-10-01,19,15,Unauthorised
ATT202410004403,STU004403,SCH049,2024-10-01,20,20,
ATT202410004404,STU004404,SCH034,2024-10-01,19,16,Family
ATT202410004405,STU004405,SCH027,2024-10-01,19,17,Unauthorised
ATT202410004406,STU004406,SCH014,2024-10-01,21,20,Family
ATT202410004407,STU004407,SCH048,2024-10-01,22,20,Other
ATT202410004408,STU004408,SCH043,2024-10-01,18,16,Unauthorised
ATT202410004409,STU004409,SCH029,2024-10-01,21,19,Family
ATT202410004410,STU004410,SCH012,2024-10-01,20,17,Other
ATT202410004411,STU004411,SCH004,2024-10-01,19,17,Medical
ATT202410004412,STU004412,SCH001,2024-10-01,21,18,Medical
ATT202410004413,STU004413,SCH022,2024-10-01,21,18,Illness
ATT202410004414,STU004414,SCH016,2024-10-01,21,19,Medical
ATT202410004415,STU004415,SCH037,2024-10-01,22,21,Illness
ATT202410004416,STU004416,SCH033,2024-10-01,22,21,Unauthorised
ATT202410004417,STU004417,SCH027,2024-10-01,22,19,Illness
ATT202410004418,STU004418,SCH008,2024-10-01,20,19,Illness
ATT202410004419,STU004419,SCH030,2024-10-01,20,19,Unauthorised
ATT202410004420,STU004420,SCH011,2024-10-01,21,20,Other
ATT202410004421,STU004421,SCH009,2024-10-01,19,17,Other
ATT202410004422,STU004422,SCH007,2024-10-01,20,18,Other
ATT202410004423,STU004423,SCH043,2024-10-01,21,19,Family
ATT202410004424,STU004424,SCH023,2024-10-01,21,18,Illness
ATT202410004425,STU004425,SCH011,2024-10-01,18,16,Family
ATT202410004426,STU004426,SCH001,2024-10-01,18,16,Unauthorised
ATT202410004427,STU004427,SCH046,2024-10-01,22,19,Other
ATT202410004428,STU004428,SCH029,2024-10-01,22,19,Other
ATT202410004429,STU004429,SCH033,2024-10-01,22,19,Illness
ATT202410004430,STU004430,SCH047,2024-10-01,18,17,Illness
ATT202410004431,STU004431,SCH010,2024-10-01,20,18,Family
ATT202410004432,STU004432,SCH036,2024-10-01,20,18,Medical
ATT202410004433,STU004433,SCH026,2024-10-01,19,18,Unauthorised
ATT202410004434,STU004434,SCH030,2024-10-01,22,20,Unauthorised
ATT202410004435,STU004435,SCH031,2024-10-01,18,17,Other
ATT202410004436,STU004436,SCH026,2024-10-01,19,18,Family
ATT202410004437,STU004437,SCH038,2024-10-01,21,19,Illness
ATT202410004438,STU004438,SCH008,2024-10-01,22,19,Unauthorised
ATT202410004439,STU004439,SCH032,2024-10-01,19,16,Family
ATT202410004440,STU004440,SCH026,2024-10-01,21,19,Medical
ATT202410004441,STU004441,SCH045,2024-10-01,22,20,Medical
ATT202410004442,STU004442,SCH049,2024-10-01,22,19,Medical
ATT202410004443,STU004443,SCH007,2024-10-01,19,19,
ATT202410004444,STU004444,SCH025,2024-10-01,18,16,Other
ATT202410004445,STU004445,SCH012,2024-10-01,19,17,Other
ATT202410004446,STU004446,SCH008,2024-10-01,18,16,Family
ATT202410004447,STU004447,SCH047,2024-10-01,20,19,Illness
ATT202410004448,STU004448,SCH026,2024-10-01,21,19,Unauthorised
ATT202410004449,STU004449,SCH045,2024-10-01,19,17,Family
ATT202410004450,STU004450,SCH004,2024-10-01,22,20,Medical
ATT202410004451,STU004451,SCH025,2024-10-01,20,18,Medical
ATT202410004452,STU004452,SCH048,2024-10-01,22,20,Other
ATT202410004453,STU004453,SCH001,2024-10-01,19,16,Illness
ATT202410004454,STU004454,SCH007,2024-10-01,20,18,Unauthorised
ATT202410004455,STU004455,SCH032,2024-10-01,18,16,Other
ATT202410004456,STU004456,SCH039,2024-10-01,20,19,Unauthorised
ATT202410004457,STU004457,SCH011,2024-10-01,18,16,Other
ATT202410004458,STU004458,SCH033,2024-10-01,19,18,Family
ATT202410004459,STU004459,SCH015,2024-10-01,21,19,Unauthorised
ATT202410004460,STU004460,SCH005,2024-10-01,21,19,Unauthorised
ATT202410004461,STU004461,SCH012,2024-10-01,20,19,Medical
ATT202410004462,STU004462,SCH005,2024-10-01,22,21,Illness
ATT202410004463,STU004463,SCH044,2024-10-01,21,18,Medical
ATT202410004464,STU004464,SCH039,2024-10-01,21,19,Other
ATT202410004465,STU004465,SCH004,2024-10-01,21,19,Medical
ATT202410004466,STU004466,SCH013,2024-10-01,21,20,Unauthorised
ATT202410004467,STU004467,SCH041,2024-10-01,20,19,Other
ATT202410004468,STU004468,SCH005,2024-10-01,22,20,Other
ATT202410004469,STU004469,SCH021,2024-10-01,20,17,Illness
ATT202410004470,STU004470,SCH049,2024-10-01,20,18,Illness
ATT202410004471,STU004471,SCH024,2024-10-01,22,20,Unauthorised
ATT202410004472,STU004472,SCH011,2024-10-01,18,17,Family
ATT202410004473,STU004473,SCH039,2024-10-01,18,17,Illness
ATT202410004474,STU004474,SCH027,2024-10-01,18,15,Other
ATT202410004475,STU004475,SCH004,2024-10-01,22,19,Unauthorised
ATT202410004476,STU004476,SCH025,2024-10-01,21,20,Unauthorised
ATT202410004477,STU004477,SCH023,2024-10-01,22,21,Unauthorised
ATT202410004478,STU004478,SCH003,2024-10-01,22,21,Family
ATT202410004479,STU004479,SCH033,2024-10-01,22,20,Illness
ATT202410004480,STU004480,SCH002,2024-10-01,22,20,Family
ATT202410004481,STU004481,SCH046,2024-10-01,22,19,Illness
ATT202410004482,STU004482,SCH014,2024-10-01,18,16,Family
ATT202410004483,STU004483,SCH035,2024-10-01,18,16,Other
ATT202410004484,STU004484,SCH009,2024-10-01,19,16,Other
ATT202410004485,STU004485,SCH031,2024-10-01,18,17,Unauthorised
ATT202410004486,STU004486,SCH005,2024-10-01,22,20,Unauthorised
ATT202410004487,STU004487,SCH042,2024-10-01,18,15,Unauthorised
ATT202410004488,STU004488,SCH025,2024-10-01,21,19,Medical
ATT202410004489,STU004489,SCH035,2024-10-01,22,22,
ATT202410004490,STU004490,SCH030,2024-10-01,22,20,Unauthorised
ATT202410004491,STU004491,SCH024,2024-10-01,19,16,Illness
ATT202410004492,STU004492,SCH003,2024-10-01,22,20,Family
ATT202410004493,STU004493,SCH013,2024-10-01,18,17,Other
ATT202410004494,STU004494,SCH035,2024-10-01,20,18,Medical
ATT202410004495,STU004495,SCH003,2024-10-01,19,17,Medical
ATT202410004496,STU004496,SCH034,2024-10-01,22,20,Medical
ATT202410004497,STU004497,SCH015,2024-10-01,20,17,Other
ATT202410004498,STU004498,SCH028,2024-10-01,20,18,Illness
ATT202410004499,STU004499,SCH032,2024-10-01,19,17,Unauthorised
ATT202410004500,STU004500,SCH049,2024-10-01,22,20,Illness
ATT202410004501,STU004501,SCH039,2024-10-01,19,16,Other
ATT202410004502,STU004502,SCH012,2024-10-01,22,21,Unauthorised
ATT202410004503,STU004503,SCH042,2024-10-01,22,19,Family
ATT202410004504,STU004504,SCH025,2024-10-01,20,19,Other
ATT202410004506,STU004506,SCH010,2024-10-01,22,21,Unauthorised
ATT202410004507,STU004507,SCH027,2024-10-01,19,18,Unauthorised
ATT202410004508,STU004508,SCH029,2024-10-01,21,19,Other
ATT202410004509,STU004509,SCH039,2024-10-01,18,17,Family
ATT202410004510,STU004510,SCH016,2024-10-01,21,20,Other
ATT202410004511,STU004511,SCH042,2024-10-01,19,19,
ATT202410004512,STU004512,SCH029,2024-10-01,21,20,Unauthorised
ATT202410004513,STU004513,SCH040,2024-10-01,21,20,Unauthorised
ATT202410004514,STU004514,SCH015,2024-10-01,19,18,Illness
ATT202410004515,STU004515,SCH035,2024-10-01,22,21,Illness
ATT202410004516,STU004516,SCH029,2024-10-01,21,19,Medical
ATT202410004517,STU004517,SCH039,2024-10-01,19,18,Illness
ATT202410004518,STU004518,SCH023,2024-10-01,18,16,Unauthorised
ATT202410004519,STU004519,SCH003,2024-10-01,20,18,Illness
ATT202410004520,STU004520,SCH047,2024-10-01,18,16,Other
ATT202410004521,STU004521,SCH038,2024-10-01,19,18,Family
ATT202410004522,STU004522,SCH035,2024-10-01,20,17,Medical
ATT202410004523,STU004523,SCH022,2024-10-01,18,16,Unauthorised
ATT202410004524,STU004524,SCH038,2024-10-01,20,18,Other
ATT202410004525,STU004525,SCH036,2024-10-01,18,17,Illness
ATT202410004526,STU004526,SCH004,2024-10-01,21,19,Unauthorised
ATT202410004527,STU004527,SCH016,2024-10-01,20,19,Illness
ATT202410004528,STU004528,SCH011,2024-10-01,21,20,Medical
ATT202410004529,STU004529,SCH047,2024-10-01,20,18,Medical
ATT202410004530,STU004530,SCH019,2024-10-01,22,20,Illness
ATT202410004531,STU004531,SCH039,2024-10-01,21,20,Medical
ATT202410004532,STU004532,SCH039,2024-10-01,21,21,
ATT202410004533,STU004533,SCH039,2024-10-01,22,20,Medical
ATT202410004534,STU004534,SCH034,2024-10-01,21,16,Unauthorised
ATT202410004535,STU004535,SCH008,2024-10-01,21,20,Illness
ATT202410004536,STU004536,SCH035,2024-10-01,20,18,Illness
ATT202410004537,STU004537,SCH019,2024-10-01,20,18,Illness
ATT202410004538,STU004538,SCH029,2024-10-01,21,18,Illness
ATT202410004539,STU004539,SCH038,2024-10-01,19,18,Illness
ATT202410004540,STU004540,SCH001,2024-10-01,19,17,Unauthorised
ATT202410004541,STU004541,SCH016,2024-10-01,22,20,Unauthorised
ATT202410004542,STU004542,SCH008,2024-10-01,22,19,Illness
ATT202410004543,STU004543,SCH022,2024-10-01,20,18,Unauthorised
ATT202410004544,STU004544,SCH001,2024-10-01,20,18,Illness
ATT202410004545,STU004545,SCH011,2024-10-01,18,15,Family
ATT202410004546,STU004546,SCH035,2024-10-01,22,18,Medical
ATT202410004547,STU004547,SCH049,2024-10-01,20,19,Medical
ATT202410004548,STU004548,SCH042,2024-10-01,18,15,Illness
ATT202410004549,STU004549,SCH024,2024-10-01,18,13,Other
ATT202410004550,STU004550,SCH022,2024-10-01,19,18,Medical
ATT202410004551,STU004551,SCH022,2024-10-01,20,19,Family
ATT202410004552,STU004552,SCH048,2024-10-01,21,20,Family
ATT202410004553,STU004553,SCH026,2024-10-01,19,18,Medical
ATT202410004554,STU004554,SCH049,2024-10-01,22,19,Medical
ATT202410004555,STU004555,SCH025,2024-10-01,22,21,Other
ATT202410004556,STU004556,SCH033,2024-10-01,21,20,Illness
ATT202410004557,STU004557,SCH006,2024-10-01,19,17,Illness
ATT202410004558,STU004558,SCH018,2024-10-01,20,19,Medical
ATT202410004560,STU004560,SCH011,2024-10-01,22,22,
ATT202410004561,STU004561,SCH008,2024-10-01,22,19,Other
ATT202410004562,STU004562,SCH021,2024-10-01,21,18,Family
ATT202410004563,STU004563,SCH013,2024-10-01,21,19,Illness
ATT202410004564,STU004564,SCH022,2024-10-01,18,16,Other
ATT202410004565,STU004565,SCH050,2024-10-01,20,19,Medical
ATT202410004566,STU004566,SCH022,2024-10-01,19,17,Illness
ATT202410004567,STU004567,SCH029,2024-10-01,20,18,Medical
ATT202410004568,STU004568,SCH050,2024-10-01,22,20,Family
ATT202410004569,STU004569,SCH021,2024-10-01,20,18,Unauthorised
ATT202410004570,STU004570,SCH001,2024-10-01,22,22,
ATT202410004571,STU004571,SCH014,2024-10-01,20,18,Other
ATT202410004572,STU004572,SCH031,2024-10-01,21,20,Illness
ATT202410004573,STU004573,SCH033,2024-10-01,19,17,Medical
ATT202410004574,STU004574,SCH028,2024-10-01,22,21,Medical
ATT202410004575,STU004575,SCH045,2024-10-01,21,19,Other
ATT202410004576,STU004576,SCH037,2024-10-01,20,19,Other
ATT202410004577,STU004577,SCH027,2024-10-01,18,15,Medical
ATT202410004578,STU004578,SCH018,2024-10-01,19,18,Other
ATT202410004579,STU004579,SCH039,2024-10-01,21,19,Other
ATT202410004580,STU004580,SCH023,2024-10-01,19,16,Illness
ATT202410004581,STU004581,SCH035,2024-10-01,22,19,Medical
ATT202410004582,STU004582,SCH013,2024-10-01,21,19,Medical
ATT202410004583,STU004583,SCH039,2024-10-01,20,18,Family
ATT202410004584,STU004584,SCH038,2024-10-01,22,19,Family
ATT202410004585,STU004585,SCH001,2024-10-01,20,19,Medical
ATT202410004586,STU004586,SCH039,2024-10-01,21,19,Medical
ATT202410004587,STU004587,SCH014,2024-10-01,18,16,Unauthorised
ATT202410004588,STU004588,SCH029,2024-10-01,21,18,Family
ATT202410004589,STU004589,SCH004,2024-10-01,18,17,Illness
ATT202410004590,STU004590,SCH040,2024-10-01,21,21,
ATT202410004591,STU004591,SCH050,2024-10-01,22,20,Family
ATT202410004592,STU004592,SCH043,2024-10-01,20,18,Illness
ATT202410004593,STU004593,SCH008,2024-10-01,19,17,Unauthorised
ATT202410004594,STU004594,SCH025,2024-10-01,22,21,Other
ATT202410004595,STU004595,SCH046,2024-10-01,19,19,
ATT202410004596,STU004596,SCH036,2024-10-01,22,20,Illness
ATT202410004597,STU004597,SCH032,2024-10-01,19,16,Illness
ATT202410004598,STU004598,SCH006,2024-10-01,18,17,Medical
ATT202410004599,STU004599,SCH018,2024-10-01,19,17,Illness
ATT202410004600,STU004600,SCH007,2024-10-01,19,18,Unauthorised
ATT202410004601,STU004601,SCH029,2024-10-01,22,20,Other
ATT202410004602,STU004602,SCH014,2024-10-01,22,21,Medical
ATT202410004603,STU004603,SCH036,2024-10-01,19,18,Other
ATT202410004604,STU004604,SCH012,2024-10-01,20,17,Family
ATT202410004605,STU004605,SCH034,2024-10-01,22,21,Other
ATT202410004606,STU004606,SCH019,2024-10-01,19,18,Medical
ATT202410004607,STU004607,SCH035,2024-10-01,18,16,Illness
ATT202410004608,STU004608,SCH006,2024-10-01,22,20,Illness
ATT202410004609,STU004609,SCH039,2024-10-01,19,18,Medical
ATT202410004610,STU004610,SCH033,2024-10-01,18,16,Family
ATT202410004611,STU004611,SCH001,2024-10-01,18,15,Other
ATT202410004612,STU004612,SCH006,2024-10-01,20,18,Other
ATT202410004613,STU004613,SCH014,2024-10-01,18,16,Illness
ATT202410004614,STU004614,SCH040,2024-10-01,18,16,Illness
ATT202410004615,STU004615,SCH033,2024-10-01,18,18,
ATT202410004616,STU004616,SCH022,2024-10-01,19,17,Other
ATT202410004617,STU004617,SCH012,2024-10-01,22,19,Other
ATT202410004618,STU004618,SCH026,2024-10-01,21,20,Medical
ATT202410004619,STU004619,SCH011,2024-10-01,21,20,Illness
ATT202410004620,STU004620,SCH046,2024-10-01,19,17,Medical
ATT202410004621,STU004621,SCH020,2024-10-01,20,19,Other
ATT202410004622,STU004622,SCH019,2024-10-01,19,18,Illness
ATT202410004623,STU004623,SCH011,2024-10-01,20,19,Family
ATT202410004624,STU004624,SCH008,2024-10-01,18,17,Illness
ATT202410004625,STU004625,SCH041,2024-10-01,22,21,Medical
ATT202410004626,STU004626,SCH001,2024-10-01,18,18,
ATT202410004627,STU004627,SCH016,2024-10-01,18,18,
ATT202410004628,STU004628,SCH016,2024-10-01,21,20,Illness
ATT202410004629,STU004629,SCH026,2024-10-01,20,20,
ATT202410004630,STU004630,SCH030,2024-10-01,20,19,Illness
ATT202410004631,STU004631,SCH032,2024-10-01,18,16,Illness
ATT202410004632,STU004632,SCH004,2024-10-01,19,18,Family
ATT202410004633,STU004633,SCH042,2024-10-01,20,17,Other
ATT202410004634,STU004634,SCH044,2024-10-01,20,18,Illness
ATT202410004635,STU004635,SCH027,2024-10-01,20,18,Unauthorised
ATT202410004636,STU004636,SCH038,2024-10-01,22,19,Illness
ATT202410004637,STU004637,SCH030,2024-10-01,19,17,Medical
ATT202410004638,STU004638,SCH021,2024-10-01,19,17,Medical
ATT202410004639,STU004639,SCH029,2024-10-01,21,18,Medical
ATT202410004640,STU004640,SCH015,2024-10-01,22,20,Illness
ATT202410004641,STU004641,SCH019,2024-10-01,19,18,Unauthorised
ATT202410004642,STU004642,SCH005,2024-10-01,21,19,Medical
ATT202410004643,STU004643,SCH046,2024-10-01,18,16,Medical
ATT202410004644,STU004644,SCH032,2024-10-01,20,18,Unauthorised
ATT202410004645,STU004645,SCH008,2024-10-01,20,18,Medical
ATT202410004646,STU004646,SCH019,2024-10-01,20,20,
ATT202410004647,STU004647,SCH004,2024-10-01,20,19,Medical
ATT202410004648,STU004648,SCH032,2024-10-01,21,18,Illness
ATT202410004649,STU004649,SCH023,2024-10-01,22,20,Illness
ATT202410004650,STU004650,SCH032,2024-10-01,21,20,Medical
ATT202410004651,STU004651,SCH034,2024-10-01,18,15,Medical
ATT202410004652,STU004652,SCH042,2024-10-01,19,18,Family
ATT202410004653,STU004653,SCH034,2024-10-01,22,19,Unauthorised
ATT202410004654,STU004654,SCH031,2024-10-01,21,20,Other
ATT202410004655,STU004655,SCH027,2024-10-01,20,17,Family
ATT202410004656,STU004656,SCH046,2024-10-01,19,17,Other
ATT202410004657,STU004657,SCH007,2024-10-01,19,18,Unauthorised
ATT202410004658,STU004658,SCH028,2024-10-01,19,18,Family
ATT202410004659,STU004659,SCH011,2024-10-01,21,19,Illness
ATT202410004660,STU004660,SCH017,2024-10-01,19,16,Illness
ATT202410004661,STU004661,SCH011,2024-10-01,22,21,Other
ATT202410004662,STU004662,SCH017,2024-10-01,19,18,Illness
ATT202410004663,STU004663,SCH024,2024-10-01,19,17,Illness
ATT202410004664,STU004664,SCH014,2024-10-01,22,21,Unauthorised
ATT202410004665,STU004665,SCH018,2024-10-01,22,19,Medical
ATT202410004666,STU004666,SCH012,2024-10-01,20,19,Medical
ATT202410004667,STU004667,SCH045,2024-10-01,22,20,Illness
ATT202410004668,STU004668,SCH024,2024-10-01,18,16,Illness
ATT202410004669,STU004669,SCH046,2024-10-01,20,19,Family
ATT202410004670,STU004670,SCH025,2024-10-01,22,20,Other
ATT202410004671,STU004671,SCH005,2024-10-01,19,18,Medical
ATT202410004672,STU004672,SCH013,2024-10-01,20,18,Other
ATT202410004673,STU004673,SCH003,2024-10-01,19,18,Illness
ATT202410004674,STU004674,SCH005,2024-10-01,20,19,Other
ATT202410004675,STU004675,SCH011,2024-10-01,20,19,Illness
ATT202410004676,STU004676,SCH010,2024-10-01,18,16,Illness
ATT202410004677,STU004677,SCH010,2024-10-01,19,17,Medical
ATT202410004678,STU004678,SCH042,2024-10-01,18,17,Family
ATT202410004679,STU004679,SCH036,2024-10-01,19,17,Family
ATT202410004680,STU004680,SCH006,2024-10-01,21,19,Other
ATT202410004681,STU004681,SCH048,2024-10-01,21,20,Illness
ATT202410004682,STU004682,SCH025,2024-10-01,22,20,Other
ATT202410004683,STU004683,SCH046,2024-10-01,21,21,
ATT202410004684,STU004684,SCH005,2024-10-01,22,19,Medical
ATT202410004685,STU004685,SCH048,2024-10-01,20,17,Family
ATT202410004686,STU004686,SCH013,2024-10-01,18,17,Unauthorised
ATT202410004687,STU004687,SCH030,2024-10-01,19,17,Unauthorised
ATT202410004688,STU004688,SCH013,2024-10-01,19,17,Medical
ATT202410004689,STU004689,SCH036,2024-10-01,22,19,Medical
ATT202410004690,STU004690,SCH003,2024-10-01,18,17,Unauthorised
ATT202410004691,STU004691,SCH013,2024-10-01,21,19,Other
ATT202410004692,STU004692,SCH014,2024-10-01,19,17,Illness
ATT202410004693,STU004693,SCH023,2024-10-01,21,17,Illness
ATT202410004694,STU004694,SCH033,2024-10-01,19,18,Medical
ATT202410004695,STU004695,SCH032,2024-10-01,18,18,
ATT202410004696,STU004696,SCH027,2024-10-01,21,20,Unauthorised
ATT202410004697,STU004697,SCH032,2024-10-01,20,18,Unauthorised
ATT202410004698,STU004698,SCH030,2024-10-01,18,17,Family
ATT202410004699,STU004699,SCH037,2024-10-01,19,18,Family
ATT202410004700,STU004700,SCH026,2024-10-01,21,18,Unauthorised
ATT202410004701,STU004701,SCH034,2024-10-01,22,21,Illness
ATT202410004702,STU004702,SCH048,2024-10-01,22,21,Illness
ATT202410004703,STU004703,SCH048,2024-10-01,19,17,Family
ATT202410004704,STU004704,SCH020,2024-10-01,21,19,Medical
ATT202410004705,STU004705,SCH020,2024-10-01,22,18,Unauthorised
ATT202410004706,STU004706,SCH049,2024-10-01,20,19,Other
ATT202410004707,STU004707,SCH023,2024-10-01,19,17,Illness
ATT202410004708,STU004708,SCH033,2024-10-01,20,20,
ATT202410004709,STU004709,SCH007,2024-10-01,22,20,Other
ATT202410004710,STU004710,SCH044,2024-10-01,18,16,Illness
ATT202410004711,STU004711,SCH013,2024-10-01,22,20,Unauthorised
ATT202410004712,STU004712,SCH039,2024-10-01,18,17,Other
ATT202410004713,STU004713,SCH032,2024-10-01,22,20,Illness
ATT202410004714,STU004714,SCH029,2024-10-01,20,19,Other
ATT202410004715,STU004715,SCH013,2024-10-01,19,18,Unauthorised
ATT202410004716,STU004716,SCH001,2024-10-01,20,18,Family
ATT202410004717,STU004717,SCH004,2024-10-01,20,18,Medical
ATT202410004718,STU004718,SCH046,2024-10-01,22,20,Medical
ATT202410004719,STU004719,SCH032,2024-10-01,19,17,Medical
ATT202410004720,STU004720,SCH009,2024-10-01,19,17,Medical
ATT202410004721,STU004721,SCH021,2024-10-01,20,19,Unauthorised
ATT202410004722,STU004722,SCH011,2024-10-01,21,20,Unauthorised
ATT202410004723,STU004723,SCH020,2024-10-01,22,20,Illness
ATT202410004724,STU004724,SCH028,2024-10-01,21,20,Unauthorised
ATT202410004725,STU004725,SCH007,2024-10-01,18,16,Other
ATT202410004727,STU004727,SCH020,2024-10-01,20,19,Family
ATT202410004728,STU004728,SCH010,2024-10-01,18,18,
ATT202410004729,STU004729,SCH009,2024-10-01,18,17,Other
ATT202410004730,STU004730,SCH048,2024-10-01,19,18,Unauthorised
ATT202410004731,STU004731,SCH027,2024-10-01,18,18,
ATT202410004732,STU004732,SCH010,2024-10-01,19,17,Other
ATT202410004733,STU004733,SCH006,2024-10-01,19,18,Other
ATT202410004734,STU004734,SCH042,2024-10-01,18,17,Other
ATT202410004735,STU004735,SCH031,2024-10-01,19,18,Family
ATT202410004736,STU004736,SCH010,2024-10-01,20,19,Family
ATT202410004737,STU004737,SCH021,2024-10-01,19,17,Other
ATT202410004738,STU004738,SCH005,2024-10-01,21,20,Medical
ATT202410004739,STU004739,SCH029,2024-10-01,22,19,Family
ATT202410004740,STU004740,SCH001,2024-10-01,20,17,Medical
ATT202410004741,STU004741,SCH047,2024-10-01,19,19,
ATT202410004742,STU004742,SCH034,2024-10-01,22,16,Medical
ATT202410004743,STU004743,SCH010,2024-10-01,21,19,Medical
ATT202410004744,STU004744,SCH028,2024-10-01,18,16,Unauthorised
ATT202410004745,STU004745,SCH032,2024-10-01,22,21,Medical
ATT202410004746,STU004746,SCH035,2024-10-01,18,16,Medical
ATT202410004747,STU004747,SCH021,2024-10-01,20,18,Medical
ATT202410004748,STU004748,SCH012,2024-10-01,22,20,Illness
ATT202410004749,STU004749,SCH017,2024-10-01,18,16,Family
ATT202410004750,STU004750,SCH018,2024-10-01,20,19,Family
ATT202410004751,STU004751,SCH040,2024-10-01,20,20,
ATT202410004752,STU004752,SCH009,2024-10-01,19,18,Illness
ATT202410004753,STU004753,SCH030,2024-10-01,20,18,Medical
ATT202410004754,STU004754,SCH016,2024-10-01,18,17,Medical
ATT202410004755,STU004755,SCH036,2024-10-01,19,17,Unauthorised
ATT202410004756,STU004756,SCH048,2024-10-01,18,16,Other
ATT202410004757,STU004757,SCH037,2024-10-01,21,19,Unauthorised
ATT202410004758,STU004758,SCH050,2024-10-01,22,19,Unauthorised
ATT202410004759,STU004759,SCH028,2024-10-01,20,18,Other
ATT202410004760,STU004760,SCH017,2024-10-01,22,20,Unauthorised
ATT202410004761,STU004761,SCH012,2024-10-01,20,19,Unauthorised
ATT202410004762,STU004762,SCH011,2024-10-01,19,18,Family
ATT202410004763,STU004763,SCH044,2024-10-01,22,20,Other
ATT202410004764,STU004764,SCH024,2024-10-01,20,19,Medical
ATT202410004765,STU004765,SCH005,2024-10-01,20,18,Illness
ATT202410004766,STU004766,SCH026,2024-10-01,21,21,
ATT202410004767,STU004767,SCH038,2024-10-01,20,19,Illness
ATT202410004768,STU004768,SCH004,2024-10-01,19,19,
ATT202410004769,STU004769,SCH007,2024-10-01,19,17,Medical
ATT202410004770,STU004770,SCH011,2024-10-01,19,17,Family
ATT202410004771,STU004771,SCH015,2024-10-01,21,19,Medical
ATT202410004772,STU004772,SCH007,2024-10-01,18,16,Illness
ATT202410004773,STU004773,SCH011,2024-10-01,22,21,Other
ATT202410004774,STU004774,SCH008,2024-10-01,20,17,Other
ATT202410004775,STU004775,SCH050,2024-10-01,20,19,Unauthorised
ATT202410004776,STU004776,SCH027,2024-10-01,19,16,Unauthorised
ATT202410004777,STU004777,SCH048,2024-10-01,18,17,Unauthorised
ATT202410004778,STU004778,SCH034,2024-10-01,21,16,Family
ATT202410004779,STU004779,SCH031,2024-10-01,22,20,Unauthorised
ATT202410004780,STU004780,SCH044,2024-10-01,20,18,Medical
ATT202410004781,STU004781,SCH008,2024-10-01,18,17,Unauthorised
ATT202410004782,STU004782,SCH027,2024-10-01,20,18,Unauthorised
ATT202410004783,STU004783,SCH033,2024-10-01,20,19,Illness
ATT202410004784,STU004784,SCH033,2024-10-01,21,19,Other
ATT202410004785,STU004785,SCH037,2024-10-01,19,18,Other
ATT202410004786,STU004786,SCH014,2024-10-01,22,19,Medical
ATT202410004787,STU004787,SCH040,2024-10-01,21,19,Medical
ATT202410004788,STU004788,SCH011,2024-10-01,22,21,Family
ATT202410004789,STU004789,SCH048,2024-10-01,19,17,Other
ATT202410004790,STU004790,SCH021,2024-10-01,22,21,Medical
ATT202410004791,STU004791,SCH006,2024-10-01,18,17,Other
ATT202410004792,STU004792,SCH010,2024-10-01,20,18,Illness
ATT202410004793,STU004793,SCH009,2024-10-01,19,17,Other
ATT202410004794,STU004794,SCH022,2024-10-01,19,18,Illness
ATT202410004795,STU004795,SCH015,2024-10-01,21,18,Medical
ATT202410004796,STU004796,SCH006,2024-10-01,21,20,Unauthorised
ATT202410004797,STU004797,SCH028,2024-10-01,18,16,Illness
ATT202410004798,STU004798,SCH048,2024-10-01,22,19,Illness
ATT202410004799,STU004799,SCH027,2024-10-01,22,20,Medical
ATT202410004800,STU004800,SCH019,2024-10-01,21,21,
ATT202410004801,STU004801,SCH015,2024-10-01,22,21,Other
ATT202410004802,STU004802,SCH014,2024-10-01,20,18,Unauthorised
ATT202410004803,STU004803,SCH035,2024-10-01,22,21,Family
ATT202410004804,STU004804,SCH029,2024-10-01,18,16,Other
ATT202410004805,STU004805,SCH016,2024-10-01,22,19,Family
ATT202410004806,STU004806,SCH037,2024-10-01,18,17,Unauthorised
ATT202410004807,STU004807,SCH034,2024-10-01,21,19,Other
ATT202410004808,STU004808,SCH015,2024-10-01,20,19,Family
ATT202410004809,STU004809,SCH011,2024-10-01,20,19,Family
ATT202410004810,STU004810,SCH026,2024-10-01,19,18,Family
ATT202410004811,STU004811,SCH049,2024-10-01,22,18,Unauthorised
ATT202410004812,STU004812,SCH030,2024-10-01,20,18,Illness
ATT202410004813,STU004813,SCH047,2024-10-01,20,18,Illness
ATT202410004814,STU004814,SCH045,2024-10-01,21,18,Family
ATT202410004815,STU004815,SCH001,2024-10-01,20,19,Illness
ATT202410004816,STU004816,SCH045,2024-10-01,20,18,Other
ATT202410004817,STU004817,SCH043,2024-10-01,21,17,Unauthorised
ATT202410004818,STU004818,SCH014,2024-10-01,22,21,Medical
ATT202410004819,STU004819,SCH026,2024-10-01,21,19,Unauthorised
ATT202410004820,STU004820,SCH043,2024-10-01,19,18,Other
ATT202410004821,STU004821,SCH012,2024-10-01,21,19,Family
ATT202410004822,STU004822,SCH013,2024-10-01,21,20,Medical
ATT202410004823,STU004823,SCH037,2024-10-01,19,17,Other
ATT202410004824,STU004824,SCH007,2024-10-01,21,20,Other
ATT202410004825,STU004825,SCH007,2024-10-01,21,19,Illness
ATT202410004826,STU004826,SCH039,2024-10-01,18,17,Illness
ATT202410004827,STU004827,SCH029,2024-10-01,21,19,Family
ATT202410004828,STU004828,SCH044,2024-10-01,20,18,Medical
ATT202410004829,STU004829,SCH050,2024-10-01,18,17,Unauthorised
ATT202410004830,STU004830,SCH026,2024-10-01,20,17,Medical
ATT202410004831,STU004831,SCH026,2024-10-01,20,19,Family
ATT202410004832,STU004832,SCH005,2024-10-01,22,21,Medical
ATT202410004833,STU004833,SCH011,2024-10-01,19,18,Medical
ATT202410004834,STU004834,SCH045,2024-10-01,21,19,Illness
ATT202410004835,STU004835,SCH019,2024-10-01,20,18,Unauthorised
ATT202410004836,STU004836,SCH006,2024-10-01,18,17,Illness
ATT202410004837,STU004837,SCH032,2024-10-01,20,18,Illness
ATT202410004838,STU004838,SCH018,2024-10-01,19,18,Medical
ATT202410004839,STU004839,SCH034,2024-10-01,19,15,Unauthorised
ATT202410004840,STU004840,SCH015,2024-10-01,20,18,Illness
ATT202410004841,STU004841,SCH046,2024-10-01,22,20,Unauthorised
ATT202410004842,STU004842,SCH018,2024-10-01,19,18,Other
ATT202410004843,STU004843,SCH028,2024-10-01,18,18,
ATT202410004844,STU004844,SCH027,2024-10-01,18,14,Unauthorised
ATT202410004845,STU004845,SCH035,2024-10-01,18,15,Unauthorised
ATT202410004846,STU004846,SCH025,2024-10-01,20,19,Illness
ATT202410004847,STU004847,SCH002,2024-10-01,19,18,Family
ATT202410004848,STU004848,SCH039,2024-10-01,21,20,Other
ATT202410004849,STU004849,SCH048,2024-10-01,21,20,Illness
ATT202410004850,STU004850,SCH048,2024-10-01,19,19,
ATT202410004851,STU004851,SCH044,2024-10-01,18,16,Unauthorised
ATT202410004852,STU004852,SCH033,2024-10-01,20,17,Family
ATT202410004853,STU004853,SCH004,2024-10-01,20,17,Unauthorised
ATT202410004854,STU004854,SCH022,2024-10-01,18,15,Family
ATT202410004855,STU004855,SCH034,2024-10-01,21,19,Illness
ATT202410004856,STU004856,SCH031,2024-10-01,18,16,Illness
ATT202410004857,STU004857,SCH046,2024-10-01,18,18,
ATT202410004858,STU004858,SCH013,2024-10-01,19,18,Unauthorised
ATT202410004859,STU004859,SCH029,2024-10-01,21,21,
ATT202410004860,STU004860,SCH046,2024-10-01,22,20,Unauthorised
ATT202410004861,STU004861,SCH022,2024-10-01,22,20,Family
ATT202410004862,STU004862,SCH007,2024-10-01,18,16,Medical
ATT202410004863,STU004863,SCH024,2024-10-01,20,19,Family
ATT202410004864,STU004864,SCH044,2024-10-01,20,18,Illness
ATT202410004865,STU004865,SCH036,2024-10-01,19,18,Unauthorised
ATT202410004866,STU004866,SCH028,2024-10-01,21,19,Unauthorised
ATT202410004867,STU004867,SCH036,2024-10-01,18,17,Family
ATT202410004868,STU004868,SCH040,2024-10-01,19,17,Illness
ATT202410004869,STU004869,SCH004,2024-10-01,19,17,Medical
ATT202410004870,STU004870,SCH022,2024-10-01,20,15,Other
ATT202410004871,STU004871,SCH004,2024-10-01,18,16,Family
ATT202410004872,STU004872,SCH044,2024-10-01,22,19,Other
ATT202410004873,STU004873,SCH026,2024-10-01,19,18,Family
ATT202410004874,STU004874,SCH004,2024-10-01,18,17,Medical
ATT202410004875,STU004875,SCH007,2024-10-01,18,17,Other
ATT202410004876,STU004876,SCH040,2024-10-01,22,20,Other
ATT202410004877,STU004877,SCH022,2024-10-01,20,18,Family
ATT202410004878,STU004878,SCH049,2024-10-01,19,17,Family
ATT202410004879,STU004879,SCH030,2024-10-01,20,19,Other
ATT202410004880,STU004880,SCH040,2024-10-01,22,21,Other
ATT202410004881,STU004881,SCH031,2024-10-01,18,17,Illness
ATT202410004882,STU004882,SCH007,2024-10-01,20,19,Unauthorised
ATT202410004883,STU004883,SCH019,2024-10-01,19,19,
ATT202410004884,STU004884,SCH026,2024-10-01,20,19,Unauthorised
ATT202410004885,STU004885,SCH007,2024-10-01,18,16,Unauthorised
ATT202410004886,STU004886,SCH006,2024-10-01,22,20,Family
ATT202410004887,STU004887,SCH050,2024-10-01,20,19,Other
ATT202410004888,STU004888,SCH011,2024-10-01,22,21,Unauthorised
ATT202410004889,STU004889,SCH002,2024-10-01,19,18,Medical
ATT202410004890,STU004890,SCH049,2024-10-01,22,21,Unauthorised
ATT202410004891,STU004891,SCH017,2024-10-01,19,16,Unauthorised
ATT202410004892,STU004892,SCH046,2024-10-01,20,18,Other
ATT202410004893,STU004893,SCH035,2024-10-01,22,20,Medical
ATT202410004894,STU004894,SCH019,2024-10-01,19,18,Medical
ATT202410004895,STU004895,SCH047,2024-10-01,20,20,
ATT202410004896,STU004896,SCH035,2024-10-01,22,20,Medical
ATT202410004897,STU004897,SCH032,2024-10-01,19,16,Medical
ATT202410004898,STU004898,SCH031,2024-10-01,22,22,
ATT202410004899,STU004899,SCH016,2024-10-01,19,17,Illness
ATT202410004900,STU004900,SCH007,2024-10-01,22,21,Illness
ATT202410004901,STU004901,SCH012,2024-10-01,20,18,Unauthorised
ATT202410004902,STU004902,SCH010,2024-10-01,19,18,Medical
ATT202410004903,STU004903,SCH003,2024-10-01,21,20,Family
ATT202410004904,STU004904,SCH012,2024-10-01,18,18,
ATT202410004905,STU004905,SCH017,2024-10-01,18,15,Family
ATT202410004906,STU004906,SCH043,2024-10-01,18,16,Illness
ATT202410004907,STU004907,SCH039,2024-10-01,18,17,Other
ATT202410004908,STU004908,SCH001,2024-10-01,22,20,Unauthorised
ATT202410004909,STU004909,SCH048,2024-10-01,20,18,Medical
ATT202410004910,STU004910,SCH015,2024-10-01,22,21,Medical
ATT202410004911,STU004911,SCH038,2024-10-01,19,18,Medical
ATT202410004912,STU004912,SCH042,2024-10-01,18,18,
ATT202410004913,STU004913,SCH020,2024-10-01,22,21,Family
ATT202410004914,STU004914,SCH041,2024-10-01,19,19,
ATT202410004915,STU004915,SCH025,2024-10-01,19,19,
ATT202410004916,STU004916,SCH042,2024-10-01,22,18,Unauthorised
ATT202410004917,STU004917,SCH035,2024-10-01,22,19,Illness
ATT202410004918,STU004918,SCH039,2024-10-01,21,20,Medical
ATT202410004919,STU004919,SCH031,2024-10-01,19,17,Unauthorised
ATT202410004920,STU004920,SCH024,2024-10-01,20,18,Illness
ATT202410004921,STU004921,SCH030,2024-10-01,19,17,Unauthorised
ATT202410004922,STU004922,SCH043,2024-10-01,18,16,Family
ATT202410004923,STU004923,SCH037,2024-10-01,21,19,Medical
ATT202410004924,STU004924,SCH025,2024-10-01,20,19,Other
ATT202410004925,STU004925,SCH046,2024-10-01,19,17,Unauthorised
ATT202410004926,STU004926,SCH003,2024-10-01,18,16,Family
ATT202410004927,STU004927,SCH038,2024-10-01,18,17,Illness
ATT202410004928,STU004928,SCH002,2024-10-01,21,19,Unauthorised
ATT202410004929,STU004929,SCH048,2024-10-01,21,18,Family
ATT202410004930,STU004930,SCH004,2024-10-01,19,18,Other
ATT202410004931,STU004931,SCH019,2024-10-01,18,16,Medical
ATT202410004932,STU004932,SCH018,2024-10-01,19,18,Medical
ATT202410004933,STU004933,SCH040,2024-10-01,22,21,Illness
ATT202410004934,STU004934,SCH018,2024-10-01,19,19,
ATT202410004935,STU004935,SCH012,2024-10-01,19,16,Other
ATT202410004936,STU004936,SCH015,2024-10-01,20,18,Other
ATT202410004937,STU004937,SCH047,2024-10-01,22,21,Medical
ATT202410004938,STU004938,SCH008,2024-10-01,21,19,Illness
ATT202410004939,STU004939,SCH039,2024-10-01,19,18,Other
ATT202410004940,STU004940,SCH047,2024-10-01,21,19,Illness
ATT202410004941,STU004941,SCH032,2024-10-01,21,19,Family
ATT202410004942,STU004942,SCH021,2024-10-01,20,18,Unauthorised
ATT202410004943,STU004943,SCH043,2024-10-01,20,18,Illness
ATT202410004944,STU004944,SCH044,2024-10-01,19,17,Illness
ATT202410004945,STU004945,SCH042,2024-10-01,19,16,Other
ATT202410004946,STU004946,SCH021,2024-10-01,22,20,Family
ATT202410004947,STU004947,SCH035,2024-10-01,22,19,Other
ATT202410004948,STU004948,SCH019,2024-10-01,22,20,Illness
ATT202410004949,STU004949,SCH015,2024-10-01,18,16,Illness
ATT202410004950,STU004950,SCH013,2024-10-01,18,17,Family
ATT202410004951,STU004951,SCH035,2024-10-01,18,17,Family
ATT202410004952,STU004952,SCH011,2024-10-01,21,19,Illness
ATT202410004953,STU004953,SCH015,2024-10-01,18,18,
ATT202410004954,STU004954,SCH019,2024-10-01,22,20,Unauthorised
ATT202410004955,STU004955,SCH005,2024-10-01,21,19,Family
ATT202410004956,STU004956,SCH011,2024-10-01,22,21,Medical
ATT202410004957,STU004957,SCH017,2024-10-01,20,17,Other
ATT202410004958,STU004958,SCH041,2024-10-01,19,18,Family
ATT202410004959,STU004959,SCH036,2024-10-01,18,17,Family
ATT202410004960,STU004960,SCH006,2024-10-01,18,17,Medical
ATT202410004961,STU004961,SCH005,2024-10-01,21,19,Illness
ATT202410004962,STU004962,SCH048,2024-10-01,19,17,Family
ATT202410004963,STU004963,SCH034,2024-10-01,19,16,Unauthorised
ATT202410004964,STU004964,SCH041,2024-10-01,21,19,Other
ATT202410004965,STU004965,SCH020,2024-10-01,19,18,Unauthorised
ATT202410004966,STU004966,SCH018,2024-10-01,22,20,Family
ATT202410004967,STU004967,SCH014,2024-10-01,20,19,Other
ATT202410004968,STU004968,SCH020,2024-10-01,18,17,Unauthorised
ATT202410004969,STU004969,SCH049,2024-10-01,22,20,Other
ATT202410004970,STU004970,SCH013,2024-10-01,22,20,Other
ATT202410004971,STU004971,SCH022,2024-10-01,22,19,Other
ATT202410004972,STU004972,SCH018,2024-10-01,18,17,Unauthorised
ATT202410004973,STU004973,SCH027,2024-10-01,22,21,Other
ATT202410004974,STU004974,SCH003,2024-10-01,21,20,Family
ATT202410004975,STU004975,SCH039,2024-10-01,22,19,Family
ATT202410004976,STU004976,SCH034,2024-10-01,21,17,Unauthorised
ATT202410004977,STU004977,SCH037,2024-10-01,20,19,Other
ATT202410004978,STU004978,SCH025,2024-10-01,18,17,Family
ATT202410004979,STU004979,SCH035,2024-10-01,18,16,Illness
ATT202410004980,STU004980,SCH047,2024-10-01,22,20,Unauthorised
ATT202410004981,STU004981,SCH049,2024-10-01,20,19,Other
ATT202410004982,STU004982,SCH050,2024-10-01,18,16,Medical
ATT202410004983,STU004983,SCH010,2024-10-01,20,19,Unauthorised
ATT202410004984,STU004984,SCH001,2024-10-01,21,18,Illness
ATT202410004985,STU004985,SCH012,2024-10-01,19,18,Other
ATT202410004986,STU004986,SCH042,2024-10-01,19,17,Medical
ATT202410004987,STU004987,SCH007,2024-10-01,19,18,Illness
ATT202410004988,STU004988,SCH020,2024-10-01,20,18,Illness
ATT202410004989,STU004989,SCH038,2024-10-01,20,18,Medical
ATT202410004990,STU004990,SCH025,2024-10-01,21,20,Unauthorised
ATT202410004991,STU004991,SCH048,2024-10-01,18,16,Illness
ATT202410004992,STU004992,SCH037,2024-10-01,21,20,Other
ATT202410004993,STU004993,SCH021,2024-10-01,21,19,Medical
ATT202410004994,STU004994,SCH018,2024-10-01,18,17,Other
ATT202410004995,STU004995,SCH006,2024-10-01,20,20,
ATT202410004996,STU004996,SCH016,2024-10-01,22,20,Illness
ATT202410004997,STU004997,SCH029,2024-10-01,18,15,Unauthorised
ATT202410004998,STU004998,SCH002,2024-10-01,21,21,
ATT202410004999,STU004999,SCH008,2024-10-01,18,17,Other
ATT202410005000,STU005000,SCH038,2024-10-01,22,21,Family
ATT202410005001,STU005001,SCH032,2024-10-01,22,21,Medical
ATT202410005002,STU005002,SCH050,2024-10-01,19,19,
ATT202410005003,STU005003,SCH004,2024-10-01,19,17,Other
ATT202410005004,STU005004,SCH033,2024-10-01,22,20,Other
ATT202410005005,STU005005,SCH043,2024-10-01,21,20,Unauthorised
ATT202410005006,STU005006,SCH007,2024-10-01,20,18,Illness
ATT202410005007,STU005007,SCH032,2024-10-01,19,17,Family
ATT202410005008,STU005008,SCH018,2024-10-01,21,20,Illness
ATT202410005009,STU005009,SCH011,2024-10-01,22,20,Family
ATT202410005010,STU005010,SCH050,2024-10-01,18,16,Other
ATT202410005011,STU005011,SCH016,2024-10-01,18,17,Other
ATT202410005012,STU005012,SCH035,2024-10-01,21,18,Illness
ATT202410005013,STU005013,SCH040,2024-10-01,20,19,Illness
ATT202410005014,STU005014,SCH001,2024-10-01,21,19,Illness
ATT202410005015,STU005015,SCH022,2024-10-01,22,19,Unauthorised
ATT202410005016,STU005016,SCH024,2024-10-01,21,19,Other
ATT202410005017,STU005017,SCH010,2024-10-01,20,17,Unauthorised
ATT202410005018,STU005018,SCH031,2024-10-01,19,17,Illness
ATT202410005019,STU005019,SCH028,2024-10-01,21,19,Illness
ATT202410005020,STU005020,SCH018,2024-10-01,18,16,Other
ATT202410005021,STU005021,SCH033,2024-10-01,21,20,Other
ATT202410005022,STU005022,SCH032,2024-10-01,20,19,Unauthorised
ATT202410005023,STU005023,SCH030,2024-10-01,19,18,Medical
ATT202410005024,STU005024,SCH017,2024-10-01,21,18,Other
ATT202410005025,STU005025,SCH018,2024-10-01,22,20,Unauthorised
ATT202410005026,STU005026,SCH028,2024-10-01,18,17,Illness
ATT202410005027,STU005027,SCH018,2024-10-01,21,19,Illness
ATT202410005028,STU005028,SCH028,2024-10-01,20,19,Illness
ATT202410005029,STU005029,SCH049,2024-10-01,22,22,
ATT202410005030,STU005030,SCH018,2024-10-01,21,21,
ATT202410005031,STU005031,SCH015,2024-10-01,19,18,Unauthorised
ATT202410005032,STU005032,SCH026,2024-10-01,21,20,Unauthorised
ATT202410005033,STU005033,SCH004,2024-10-01,19,17,Medical
ATT202410005034,STU005034,SCH015,2024-10-01,22,21,Other
ATT202410005035,STU005035,SCH017,2024-10-01,21,19,Illness
ATT202410005036,STU005036,SCH029,2024-10-01,18,16,Unauthorised
ATT202410005037,STU005037,SCH043,2024-10-01,18,16,Unauthorised
ATT202410005038,STU005038,SCH006,2024-10-01,19,18,Medical
ATT202410005039,STU005039,SCH014,2024-10-01,21,20,Family
ATT202410005040,STU005040,SCH023,2024-10-01,18,16,Unauthorised
ATT202410005041,STU005041,SCH019,2024-10-01,21,19,Illness
ATT202410005042,STU005042,SCH034,2024-10-01,22,20,Other
ATT202410005043,STU005043,SCH019,2024-10-01,18,17,Unauthorised
ATT202410005044,STU005044,SCH041,2024-10-01,19,18,Illness
ATT202410005045,STU005045,SCH038,2024-10-01,18,17,Medical
ATT202410005046,STU005046,SCH037,2024-10-01,18,17,Family
ATT202410005047,STU005047,SCH002,2024-10-01,21,18,Family
ATT202410005048,STU005048,SCH023,2024-10-01,19,17,Medical
ATT202410005050,STU005050,SCH041,2024-10-01,21,18,Illness
ATT202410005051,STU005051,SCH018,2024-10-01,21,20,Unauthorised
ATT202410005052,STU005052,SCH008,2024-10-01,21,20,Unauthorised
ATT202410005053,STU005053,SCH026,2024-10-01,19,17,Medical
ATT202410005054,STU005054,SCH047,2024-10-01,21,20,Unauthorised
ATT202410005055,STU005055,SCH042,2024-10-01,19,18,Other
ATT202410005056,STU005056,SCH018,2024-10-01,22,21,Family
ATT202410005057,STU005057,SCH018,2024-10-01,19,17,Other
ATT202410005058,STU005058,SCH049,2024-10-01,21,20,Other
ATT202410005059,STU005059,SCH011,2024-10-01,21,20,Illness
ATT202410005060,STU005060,SCH031,2024-10-01,19,18,Unauthorised
ATT202410005061,STU005061,SCH032,2024-10-01,21,18,Family
ATT202410005062,STU005062,SCH020,2024-10-01,22,20,Unauthorised
ATT202410005063,STU005063,SCH003,2024-10-01,21,19,Other
ATT202410005064,STU005064,SCH005,2024-10-01,20,19,Family
ATT202410005065,STU005065,SCH031,2024-10-01,19,16,Illness
ATT202410005066,STU005066,SCH009,2024-10-01,20,18,Other
ATT202410005067,STU005067,SCH010,2024-10-01,18,16,Family
ATT202410005068,STU005068,SCH015,2024-10-01,22,21,Medical
ATT202410005069,STU005069,SCH043,2024-10-01,20,17,Medical
ATT202410005070,STU005070,SCH028,2024-10-01,19,18,Medical
ATT202410005071,STU005071,SCH026,2024-10-01,19,18,Unauthorised
ATT202410005072,STU005072,SCH013,2024-10-01,22,20,Unauthorised
ATT202410005073,STU005073,SCH033,2024-10-01,18,17,Family
ATT202410005074,STU005074,SCH022,2024-10-01,18,17,Family
ATT202410005075,STU005075,SCH014,2024-10-01,19,18,Family
ATT202410005076,STU005076,SCH029,2024-10-01,19,16,Other
ATT202410005077,STU005077,SCH038,2024-10-01,21,19,Other
ATT202410005078,STU005078,SCH039,2024-10-01,18,17,Family
ATT202410005079,STU005079,SCH031,2024-10-01,20,19,Illness
ATT202410005080,STU005080,SCH031,2024-10-01,21,20,Family
ATT202410005081,STU005081,SCH019,2024-10-01,18,16,Family
ATT202410005082,STU005082,SCH014,2024-10-01,20,18,Unauthorised
ATT202410005083,STU005083,SCH050,2024-10-01,18,16,Unauthorised
ATT202410005084,STU005084,SCH008,2024-10-01,21,19,Medical
ATT202410005085,STU005085,SCH018,2024-10-01,21,19,Unauthorised
ATT202410005086,STU005086,SCH043,2024-10-01,20,17,Medical
ATT202410005087,STU005087,SCH019,2024-10-01,22,20,Family
ATT202410005088,STU005088,SCH004,2024-10-01,21,19,Family
ATT202410005089,STU005089,SCH014,2024-10-01,22,21,Unauthorised
ATT202410005090,STU005090,SCH023,2024-10-01,21,19,Illness
ATT202410005091,STU005091,SCH038,2024-10-01,21,20,Unauthorised
ATT202410005092,STU005092,SCH028,2024-10-01,18,16,Family
ATT202410005093,STU005093,SCH014,2024-10-01,18,17,Illness
ATT202410005094,STU005094,SCH010,2024-10-01,21,18,Family
ATT202410005095,STU005095,SCH030,2024-10-01,22,20,Medical
ATT202410005096,STU005096,SCH024,2024-10-01,19,18,Family
ATT202410005098,STU005098,SCH027,2024-10-01,20,20,
ATT202410005099,STU005099,SCH005,2024-10-01,22,19,Other
ATT202410005100,STU005100,SCH023,2024-10-01,21,18,Unauthorised
ATT202410005101,STU005101,SCH048,2024-10-01,21,19,Family
ATT202410005102,STU005102,SCH019,2024-10-01,18,17,Other
ATT202410005103,STU005103,SCH015,2024-10-01,22,20,Other
ATT202410005104,STU005104,SCH041,2024-10-01,20,20,
ATT202410005105,STU005105,SCH040,2024-10-01,18,16,Unauthorised
ATT202410005106,STU005106,SCH001,2024-10-01,18,16,Unauthorised
ATT202410005107,STU005107,SCH004,2024-10-01,21,18,Other
ATT202410005108,STU005108,SCH015,2024-10-01,20,19,Medical
ATT202410005109,STU005109,SCH007,2024-10-01,18,17,Medical
ATT202410005110,STU005110,SCH007,2024-10-01,20,18,Unauthorised
ATT202410005111,STU005111,SCH017,2024-10-01,22,19,Unauthorised
ATT202410005112,STU005112,SCH040,2024-10-01,18,15,Medical
ATT202410005113,STU005113,SCH045,2024-10-01,21,20,Illness
ATT202410005114,STU005114,SCH025,2024-10-01,21,20,Other
ATT202410005115,STU005115,SCH026,2024-10-01,19,18,Family
ATT202410005116,STU005116,SCH033,2024-10-01,19,17,Family
ATT202410005117,STU005117,SCH011,2024-10-01,20,19,Medical
ATT202410005118,STU005118,SCH004,2024-10-01,21,20,Other
ATT202410005119,STU005119,SCH042,2024-10-01,19,19,
ATT202410005120,STU005120,SCH040,2024-10-01,22,21,Unauthorised
ATT202410005121,STU005121,SCH027,2024-10-01,21,19,Illness
ATT202410005122,STU005122,SCH001,2024-10-01,21,20,Unauthorised
ATT202410005123,STU005123,SCH041,2024-10-01,18,17,Illness
ATT202410005124,STU005124,SCH001,2024-10-01,19,18,Illness
ATT202410005125,STU005125,SCH013,2024-10-01,20,19,Other
ATT202410005126,STU005126,SCH008,2024-10-01,19,18,Family
ATT202410005127,STU005127,SCH048,2024-10-01,20,19,Other
ATT202410005128,STU005128,SCH027,2024-10-01,21,19,Unauthorised
ATT202410005129,STU005129,SCH041,2024-10-01,18,16,Medical
ATT202410005130,STU005130,SCH038,2024-10-01,18,16,Unauthorised
ATT202410005131,STU005131,SCH020,2024-10-01,21,19,Other
ATT202410005132,STU005132,SCH035,2024-10-01,20,17,Other
ATT202410005133,STU005133,SCH010,2024-10-01,22,19,Illness
ATT202410005134,STU005134,SCH018,2024-10-01,20,19,Unauthorised
ATT202410005135,STU005135,SCH039,2024-10-01,18,18,
ATT202410005136,STU005136,SCH030,2024-10-01,22,19,Illness
ATT202410005137,STU005137,SCH044,2024-10-01,20,17,Other
ATT202410005138,STU005138,SCH013,2024-10-01,20,18,Other
ATT202410005139,STU005139,SCH005,2024-10-01,18,17,Unauthorised
ATT202410005140,STU005140,SCH042,2024-10-01,19,17,Family
ATT202410005141,STU005141,SCH041,2024-10-01,18,17,Family
ATT202410005142,STU005142,SCH037,2024-10-01,18,16,Family
ATT202410005143,STU005143,SCH040,2024-10-01,20,18,Medical
ATT202410005144,STU005144,SCH022,2024-10-01,18,16,Other
ATT202410005145,STU005145,SCH046,2024-10-01,20,18,Family
ATT202410005146,STU005146,SCH007,2024-10-01,22,20,Illness
ATT202410005147,STU005147,SCH023,2024-10-01,22,21,Other
ATT202410005148,STU005148,SCH040,2024-10-01,19,16,Illness
ATT202410005149,STU005149,SCH026,2024-10-01,19,17,Medical
ATT202410005150,STU005150,SCH029,2024-10-01,18,17,Other
ATT202410005151,STU005151,SCH044,2024-10-01,18,16,Unauthorised
ATT202410005152,STU005152,SCH013,2024-10-01,22,20,Family
ATT202410005153,STU005153,SCH047,2024-10-01,19,17,Illness
ATT202410005154,STU005154,SCH002,2024-10-01,21,20,Illness
ATT202410005155,STU005155,SCH013,2024-10-01,19,17,Unauthorised
ATT202410005156,STU005156,SCH032,2024-10-01,21,18,Illness
ATT202410005157,STU005157,SCH005,2024-10-01,18,17,Family
ATT202410005158,STU005158,SCH025,2024-10-01,21,19,Family
ATT202410005159,STU005159,SCH041,2024-10-01,19,18,Family
ATT202410005160,STU005160,SCH043,2024-10-01,19,17,Medical
ATT202410005161,STU005161,SCH023,2024-10-01,19,16,Medical
ATT202410005162,STU005162,SCH039,2024-10-01,18,18,
ATT202410005163,STU005163,SCH029,2024-10-01,20,17,Other
ATT202410005164,STU005164,SCH010,2024-10-01,19,17,Family
ATT202410005165,STU005165,SCH022,2024-10-01,18,16,Medical
ATT202410005166,STU005166,SCH023,2024-10-01,21,19,Medical
ATT202410005167,STU005167,SCH036,2024-10-01,21,19,Unauthorised
ATT202410005168,STU005168,SCH028,2024-10-01,22,21,Other
ATT202410005169,STU005169,SCH008,2024-10-01,20,18,Family
ATT202410005170,STU005170,SCH029,2024-10-01,19,16,Unauthorised
ATT202410005171,STU005171,SCH002,2024-10-01,19,18,Medical
ATT202410005172,STU005172,SCH020,2024-10-01,21,18,Other
ATT202410005173,STU005173,SCH050,2024-10-01,19,17,Other
ATT202410005174,STU005174,SCH034,2024-10-01,22,20,Illness
ATT202410005175,STU005175,SCH045,2024-10-01,18,16,Medical
ATT202410005176,STU005176,SCH030,2024-10-01,22,21,Family
ATT202410005177,STU005177,SCH022,2024-10-01,22,19,Family
ATT202410005178,STU005178,SCH020,2024-10-01,22,20,Family
ATT202410005179,STU005179,SCH010,2024-10-01,20,18,Family
ATT202410005180,STU005180,SCH050,2024-10-01,18,16,Other
ATT202410005181,STU005181,SCH031,2024-10-01,18,16,Illness
ATT202410005182,STU005182,SCH047,2024-10-01,19,18,Illness
ATT202410005183,STU005183,SCH026,2024-10-01,22,20,Family
ATT202410005184,STU005184,SCH021,2024-10-01,20,18,Family
ATT202410005185,STU005185,SCH049,2024-10-01,20,18,Medical
ATT202410005186,STU005186,SCH010,2024-10-01,20,19,Illness
ATT202410005187,STU005187,SCH043,2024-10-01,20,18,Medical
ATT202410005188,STU005188,SCH020,2024-10-01,22,20,Unauthorised
ATT202410005189,STU005189,SCH007,2024-10-01,20,17,Medical
ATT202410005190,STU005190,SCH034,2024-10-01,19,19,
ATT202410005191,STU005191,SCH042,2024-10-01,22,22,
ATT202410005192,STU005192,SCH023,2024-10-01,21,20,Other
ATT202410005193,STU005193,SCH027,2024-10-01,21,19,Other
ATT202410005194,STU005194,SCH012,2024-10-01,22,20,Medical
ATT202410005195,STU005195,SCH010,2024-10-01,21,19,Family
ATT202410005196,STU005196,SCH021,2024-10-01,19,19,
ATT202410005197,STU005197,SCH011,2024-10-01,18,17,Other
ATT202410005198,STU005198,SCH042,2024-10-01,22,21,Illness
ATT202410005199,STU005199,SCH015,2024-10-01,20,19,Medical
ATT202410005200,STU005200,SCH034,2024-10-01,19,15,Family
ATT202410005201,STU005201,SCH037,2024-10-01,19,17,Other
ATT202410005202,STU005202,SCH025,2024-10-01,19,18,Medical
ATT202410005203,STU005203,SCH009,2024-10-01,20,20,
ATT202410005204,STU005204,SCH029,2024-10-01,21,20,Medical
ATT202410005205,STU005205,SCH028,2024-10-01,19,18,Other
ATT202410005206,STU005206,SCH006,2024-10-01,22,20,Illness
ATT202410005207,STU005207,SCH002,2024-10-01,20,17,Illness
ATT202410005208,STU005208,SCH012,2024-10-01,18,17,Other
ATT202410005209,STU005209,SCH016,2024-10-01,19,18,Other
ATT202410005210,STU005210,SCH026,2024-10-01,22,20,Unauthorised
ATT202410005211,STU005211,SCH031,2024-10-01,22,20,Illness
ATT202410005212,STU005212,SCH002,2024-10-01,20,20,
ATT202410005213,STU005213,SCH040,2024-10-01,20,17,Illness
ATT202410005214,STU005214,SCH010,2024-10-01,19,18,Medical
ATT202410005215,STU005215,SCH030,2024-10-01,19,17,Other
ATT202410005216,STU005216,SCH003,2024-10-01,22,22,
ATT202410005217,STU005217,SCH020,2024-10-01,18,16,Medical
ATT202410005218,STU005218,SCH009,2024-10-01,19,17,Medical
ATT202410005219,STU005219,SCH026,2024-10-01,18,16,Unauthorised
ATT202410005220,STU005220,SCH029,2024-10-01,21,20,Illness
ATT202410005221,STU005221,SCH007,2024-10-01,22,19,Family
ATT202410005222,STU005222,SCH041,2024-10-01,18,17,Family
ATT202410005223,STU005223,SCH005,2024-10-01,18,17,Medical
ATT202410005224,STU005224,SCH010,2024-10-01,21,20,Other
ATT202410005225,STU005225,SCH026,2024-10-01,19,19,
ATT202410005226,STU005226,SCH032,2024-10-01,20,18,Medical
ATT202410005227,STU005227,SCH030,2024-10-01,20,18,Illness
ATT202410005228,STU005228,SCH036,2024-10-01,21,19,Medical
ATT202410005229,STU005229,SCH038,2024-10-01,20,19,Family
ATT202410005230,STU005230,SCH040,2024-10-01,19,18,Medical
ATT202410005231,STU005231,SCH042,2024-10-01,19,16,Family
ATT202410005232,STU005232,SCH043,2024-10-01,21,19,Family
ATT202410005233,STU005233,SCH032,2024-10-01,19,17,Other
ATT202410005234,STU005234,SCH048,2024-10-01,20,19,Other
ATT202410005235,STU005235,SCH025,2024-10-01,20,18,Illness
ATT202410005236,STU005236,SCH039,2024-10-01,19,17,Unauthorised
ATT202410005237,STU005237,SCH045,2024-10-01,22,19,Other
ATT202410005238,STU005238,SCH025,2024-10-01,22,21,Other
ATT202410005239,STU005239,SCH047,2024-10-01,20,20,
ATT202410005240,STU005240,SCH018,2024-10-01,21,19,Illness
ATT202410005241,STU005241,SCH013,2024-10-01,18,17,Family
ATT202410005242,STU005242,SCH030,2024-10-01,19,18,Unauthorised
ATT202410005243,STU005243,SCH027,2024-10-01,19,17,Family
ATT202410005244,STU005244,SCH012,2024-10-01,21,18,Other
ATT202410005245,STU005245,SCH032,2024-10-01,19,17,Illness
ATT202410005246,STU005246,SCH014,2024-10-01,21,19,Other
ATT202410005247,STU005247,SCH026,2024-10-01,19,17,Unauthorised
ATT202410005248,STU005248,SCH027,2024-10-01,21,18,Other
ATT202410005249,STU005249,SCH008,2024-10-01,18,17,Unauthorised
ATT202410005250,STU005250,SCH013,2024-10-01,20,19,Other
ATT202410005251,STU005251,SCH010,2024-10-01,22,21,Medical
ATT202410005252,STU005252,SCH033,2024-10-01,18,16,Other
ATT202410005253,STU005253,SCH032,2024-10-01,18,16,Other
ATT202410005254,STU005254,SCH015,2024-10-01,18,17,Medical
ATT202410005255,STU005255,SCH046,2024-10-01,18,17,Unauthorised
ATT202410005256,STU005256,SCH044,2024-10-01,19,16,Unauthorised
ATT202410005257,STU005257,SCH035,2024-10-01,18,15,Unauthorised
ATT202410005258,STU005258,SCH023,2024-10-01,20,18,Medical
ATT202410005259,STU005259,SCH032,2024-10-01,21,19,Unauthorised
ATT202410005260,STU005260,SCH023,2024-10-01,22,21,Unauthorised
ATT202410005261,STU005261,SCH029,2024-10-01,22,19,Medical
ATT202410005262,STU005262,SCH010,2024-10-01,22,20,Family
ATT202410005263,STU005263,SCH042,2024-10-01,22,19,Family
ATT202410005264,STU005264,SCH032,2024-10-01,21,18,Unauthorised
ATT202410005265,STU005265,SCH022,2024-10-01,20,17,Unauthorised
ATT202410005266,STU005266,SCH031,2024-10-01,18,17,Unauthorised
ATT202410005267,STU005267,SCH010,2024-10-01,22,19,Unauthorised
ATT202410005268,STU005268,SCH024,2024-10-01,20,19,Other
ATT202410005269,STU005269,SCH005,2024-10-01,21,20,Illness
ATT202410005270,STU005270,SCH036,2024-10-01,21,20,Other
ATT202410005271,STU005271,SCH006,2024-10-01,20,19,Medical
ATT202410005272,STU005272,SCH003,2024-10-01,22,22,
ATT202410005273,STU005273,SCH034,2024-10-01,22,19,Family
ATT202410005274,STU005274,SCH026,2024-10-01,22,20,Illness
ATT202410005275,STU005275,SCH026,2024-10-01,19,17,Medical
ATT202410005276,STU005276,SCH013,2024-10-01,18,17,Unauthorised
ATT202410005277,STU005277,SCH020,2024-10-01,21,21,
ATT202410005278,STU005278,SCH042,2024-10-01,19,17,Other
ATT202410005279,STU005279,SCH021,2024-10-01,21,17,Other
ATT202410005280,STU005280,SCH047,2024-10-01,18,16,Other
ATT202410005281,STU005281,SCH031,2024-10-01,19,17,Illness
ATT202410005282,STU005282,SCH031,2024-10-01,21,20,Family
ATT202410005283,STU005283,SCH044,2024-10-01,21,19,Family
ATT202410005284,STU005284,SCH044,2024-10-01,18,15,Family
ATT202410005285,STU005285,SCH006,2024-10-01,22,21,Family
ATT202410005286,STU005286,SCH027,2024-10-01,21,19,Illness
ATT202410005287,STU005287,SCH027,2024-10-01,21,19,Medical
ATT202410005288,STU005288,SCH025,2024-10-01,18,16,Medical
ATT202410005289,STU005289,SCH005,2024-10-01,21,19,Unauthorised
ATT202410005290,STU005290,SCH032,2024-10-01,20,18,Unauthorised
ATT202410005291,STU005291,SCH020,2024-10-01,22,21,Other
ATT202410005292,STU005292,SCH023,2024-10-01,21,19,Medical
ATT202410005293,STU005293,SCH039,2024-10-01,20,19,Unauthorised
ATT202410005294,STU005294,SCH023,2024-10-01,18,16,Illness
ATT202410005295,STU005295,SCH025,2024-10-01,22,20,Medical
ATT202410005296,STU005296,SCH013,2024-10-01,20,19,Illness
ATT202410005297,STU005297,SCH021,2024-10-01,20,20,
ATT202410005298,STU005298,SCH039,2024-10-01,20,18,Unauthorised
ATT202410005299,STU005299,SCH012,2024-10-01,21,18,Illness
ATT202410005300,STU005300,SCH015,2024-10-01,20,20,
ATT202410005301,STU005301,SCH006,2024-10-01,19,19,
ATT202410005302,STU005302,SCH031,2024-10-01,18,18,
ATT202410005303,STU005303,SCH037,2024-10-01,20,20,
ATT202410005304,STU005304,SCH032,2024-10-01,20,17,Illness
ATT202410005305,STU005305,SCH050,2024-10-01,18,16,Unauthorised
ATT202410005306,STU005306,SCH029,2024-10-01,21,19,Family
ATT202410005307,STU005307,SCH049,2024-10-01,22,22,
ATT202410005308,STU005308,SCH050,2024-10-01,20,18,Unauthorised
ATT202410005309,STU005309,SCH017,2024-10-01,19,17,Unauthorised
ATT202410005310,STU005310,SCH006,2024-10-01,19,17,Illness
ATT202410005311,STU005311,SCH047,2024-10-01,22,20,Medical
ATT202410005312,STU005312,SCH026,2024-10-01,20,18,Illness
ATT202410005313,STU005313,SCH001,2024-10-01,18,14,Medical
ATT202410005314,STU005314,SCH007,2024-10-01,19,18,Unauthorised
ATT202410005315,STU005315,SCH026,2024-10-01,20,19,Illness
ATT202410005316,STU005316,SCH018,2024-10-01,21,18,Illness
ATT202410005317,STU005317,SCH021,2024-10-01,19,19,
ATT202410005318,STU005318,SCH002,2024-10-01,21,19,Unauthorised
ATT202410005319,STU005319,SCH015,2024-10-01,19,16,Other
ATT202410005320,STU005320,SCH050,2024-10-01,20,18,Illness
ATT202410005321,STU005321,SCH020,2024-10-01,18,16,Illness
ATT202410005322,STU005322,SCH015,2024-10-01,18,16,Family
ATT202410005323,STU005323,SCH045,2024-10-01,22,19,Family
ATT202410005324,STU005324,SCH036,2024-10-01,22,20,Illness
ATT202410005325,STU005325,SCH029,2024-10-01,21,19,Medical
ATT202410005326,STU005326,SCH012,2024-10-01,20,18,Medical
ATT202410005327,STU005327,SCH046,2024-10-01,22,20,Other
ATT202410005328,STU005328,SCH003,2024-10-01,21,19,Medical
ATT202410005329,STU005329,SCH047,2024-10-01,22,20,Medical
ATT202410005330,STU005330,SCH022,2024-10-01,19,17,Illness
ATT202410005331,STU005331,SCH020,2024-10-01,21,19,Illness
ATT202410005332,STU005332,SCH009,2024-10-01,18,15,Other
ATT202410005333,STU005333,SCH050,2024-10-01,21,18,Illness
ATT202410005334,STU005334,SCH015,2024-10-01,19,18,Family
ATT202410005335,STU005335,SCH031,2024-10-01,22,20,Unauthorised
ATT202410005336,STU005336,SCH032,2024-10-01,19,18,Unauthorised
ATT202410005337,STU005337,SCH021,2024-10-01,22,20,Other
ATT202410005338,STU005338,SCH049,2024-10-01,22,19,Unauthorised
ATT202410005339,STU005339,SCH013,2024-10-01,19,16,Illness
ATT202410005340,STU005340,SCH029,2024-10-01,20,18,Medical
ATT202410005341,STU005341,SCH045,2024-10-01,18,16,Other
ATT202410005342,STU005342,SCH026,2024-10-01,20,17,Other
ATT202410005343,STU005343,SCH041,2024-10-01,20,18,Medical
ATT202410005344,STU005344,SCH044,2024-10-01,20,18,Family
ATT202410005345,STU005345,SCH023,2024-10-01,19,17,Medical
ATT202410005346,STU005346,SCH009,2024-10-01,21,19,Unauthorised
ATT202410005347,STU005347,SCH018,2024-10-01,21,20,Unauthorised
ATT202410005348,STU005348,SCH011,2024-10-01,20,18,Family
ATT202410005349,STU005349,SCH027,2024-10-01,21,19,Medical
ATT202410005350,STU005350,SCH029,2024-10-01,20,18,Unauthorised
ATT202410005351,STU005351,SCH029,2024-10-01,21,19,Family
ATT202410005352,STU005352,SCH045,2024-10-01,21,19,Family
ATT202410005353,STU005353,SCH023,2024-10-01,21,20,Other
ATT202410005354,STU005354,SCH001,2024-10-01,18,17,Family
ATT202410005355,STU005355,SCH021,2024-10-01,20,18,Medical
ATT202410005356,STU005356,SCH028,2024-10-01,19,18,Illness
ATT202410005357,STU005357,SCH049,2024-10-01,22,19,Other
ATT202410005358,STU005358,SCH030,2024-10-01,19,17,Other
ATT202410005359,STU005359,SCH033,2024-10-01,20,19,Illness
ATT202410005360,STU005360,SCH029,2024-10-01,20,19,Illness
ATT202410005361,STU005361,SCH036,2024-10-01,19,17,Illness
ATT202410005362,STU005362,SCH029,2024-10-01,20,18,Unauthorised
ATT202410005363,STU005363,SCH014,2024-10-01,20,19,Illness
ATT202410005364,STU005364,SCH040,2024-10-01,18,17,Family
ATT202410005365,STU005365,SCH046,2024-10-01,22,20,Illness
ATT202410005366,STU005366,SCH025,2024-10-01,22,19,Family
ATT202410005367,STU005367,SCH042,2024-10-01,21,20,Illness
ATT202410005368,STU005368,SCH034,2024-10-01,21,17,Unauthorised
ATT202410005369,STU005369,SCH041,2024-10-01,21,19,Family
ATT202410005370,STU005370,SCH045,2024-10-01,22,19,Medical
ATT202410005371,STU005371,SCH008,2024-10-01,20,17,Medical
ATT202410005372,STU005372,SCH048,2024-10-01,21,20,Family
ATT202410005373,STU005373,SCH047,2024-10-01,22,21,Other
ATT202410005374,STU005374,SCH031,2024-10-01,21,20,Medical
ATT202410005375,STU005375,SCH008,2024-10-01,19,19,
ATT202410005376,STU005376,SCH044,2024-10-01,18,16,Other
ATT202410005377,STU005377,SCH044,2024-10-01,18,16,Other
ATT202410005378,STU005378,SCH018,2024-10-01,22,22,
ATT202410005379,STU005379,SCH011,2024-10-01,18,18,
ATT202410005380,STU005380,SCH016,2024-10-01,19,16,Other
ATT202410005381,STU005381,SCH009,2024-10-01,22,20,Medical
ATT202410005382,STU005382,SCH041,2024-10-01,20,20,
ATT202410005383,STU005383,SCH030,2024-10-01,21,19,Other
ATT202410005384,STU005384,SCH035,2024-10-01,19,17,Medical
ATT202410005385,STU005385,SCH043,2024-10-01,20,19,Other
ATT202410005386,STU005386,SCH011,2024-10-01,22,20,Illness
ATT202410005387,STU005387,SCH039,2024-10-01,18,17,Other
ATT202410005388,STU005388,SCH022,2024-10-01,21,18,Other
ATT202410005389,STU005389,SCH029,2024-10-01,22,18,Family
ATT202410005390,STU005390,SCH041,2024-10-01,20,17,Medical
ATT202410005391,STU005391,SCH046,2024-10-01,18,16,Medical
ATT202410005392,STU005392,SCH043,2024-10-01,18,15,Family
ATT202410005393,STU005393,SCH044,2024-10-01,18,16,Other
ATT202410005394,STU005394,SCH020,2024-10-01,19,18,Unauthorised
ATT202410005395,STU005395,SCH004,2024-10-01,21,19,Family
ATT202410005396,STU005396,SCH047,2024-10-01,18,16,Unauthorised
ATT202410005397,STU005397,SCH005,2024-10-01,20,19,Illness
ATT202410005398,STU005398,SCH039,2024-10-01,22,20,Unauthorised
ATT202410005399,STU005399,SCH025,2024-10-01,22,20,Medical
ATT202410005400,STU005400,SCH011,2024-10-01,18,17,Other
ATT202410005401,STU005401,SCH044,2024-10-01,22,20,Unauthorised
ATT202410005402,STU005402,SCH011,2024-10-01,22,20,Family
ATT202410005403,STU005403,SCH044,2024-10-01,21,18,Unauthorised
ATT202410005404,STU005404,SCH041,2024-10-01,21,20,Other
ATT202410005405,STU005405,SCH033,2024-10-01,19,17,Illness
ATT202410005406,STU005406,SCH038,2024-10-01,19,17,Family
ATT202410005407,STU005407,SCH014,2024-10-01,21,19,Unauthorised
ATT202410005408,STU005408,SCH013,2024-10-01,18,16,Medical
ATT202410005409,STU005409,SCH034,2024-10-01,20,18,Family
ATT202410005410,STU005410,SCH011,2024-10-01,18,17,Family
ATT202410005411,STU005411,SCH024,2024-10-01,20,18,Illness
ATT202410005412,STU005412,SCH039,2024-10-01,22,20,Medical
ATT202410005413,STU005413,SCH017,2024-10-01,18,15,Illness
ATT202410005414,STU005414,SCH011,2024-10-01,18,16,Other
ATT202410005415,STU005415,SCH009,2024-10-01,19,16,Other
ATT202410005416,STU005416,SCH040,2024-10-01,22,21,Illness
ATT202410005417,STU005417,SCH025,2024-10-01,20,18,Family
ATT202410005418,STU005418,SCH020,2024-10-01,22,21,Family
ATT202410005419,STU005419,SCH039,2024-10-01,21,17,Medical
ATT202410005420,STU005420,SCH012,2024-10-01,22,20,Other
ATT202410005421,STU005421,SCH046,2024-10-01,22,19,Unauthorised
ATT202410005422,STU005422,SCH046,2024-10-01,22,21,Unauthorised
ATT202410005423,STU005423,SCH005,2024-10-01,22,19,Other
ATT202410005424,STU005424,SCH015,2024-10-01,20,19,Family
ATT202410005425,STU005425,SCH042,2024-10-01,19,18,Family
ATT202410005426,STU005426,SCH021,2024-10-01,19,17,Family
ATT202410005427,STU005427,SCH050,2024-10-01,19,18,Medical
ATT202410005428,STU005428,SCH030,2024-10-01,21,19,Unauthorised
ATT202410005429,STU005429,SCH043,2024-10-01,22,19,Family
ATT202410005430,STU005430,SCH045,2024-10-01,21,18,Medical
ATT202410005431,STU005431,SCH037,2024-10-01,21,20,Family
ATT202410005432,STU005432,SCH018,2024-10-01,19,17,Other
ATT202410005433,STU005433,SCH038,2024-10-01,19,18,Family
ATT202410005434,STU005434,SCH024,2024-10-01,20,17,Medical
ATT202410005435,STU005435,SCH040,2024-10-01,19,16,Other
ATT202410005436,STU005436,SCH007,2024-10-01,22,20,Unauthorised
ATT202410005437,STU005437,SCH039,2024-10-01,22,19,Other
ATT202410005438,STU005438,SCH033,2024-10-01,20,18,Medical
ATT202410005439,STU005439,SCH038,2024-10-01,18,17,Other
ATT202410005440,STU005440,SCH017,2024-10-01,22,20,Other
ATT202410005441,STU005441,SCH032,2024-10-01,19,17,Other
ATT202410005442,STU005442,SCH018,2024-10-01,22,21,Unauthorised
ATT202410005443,STU005443,SCH012,2024-10-01,20,18,Unauthorised
ATT202410005444,STU005444,SCH014,2024-10-01,22,21,Other
ATT202410005445,STU005445,SCH025,2024-10-01,18,16,Family
ATT202410005446,STU005446,SCH049,2024-10-01,22,19,Other
ATT202410005447,STU005447,SCH018,2024-10-01,18,16,Other
ATT202410005448,STU005448,SCH014,2024-10-01,18,17,Family
ATT202410005449,STU005449,SCH001,2024-10-01,18,15,Other
ATT202410005450,STU005450,SCH004,2024-10-01,21,19,Other
ATT202410005451,STU005451,SCH006,2024-10-01,20,19,Illness
ATT202410005452,STU005452,SCH032,2024-10-01,22,21,Unauthorised
ATT202410005453,STU005453,SCH016,2024-10-01,19,18,Unauthorised
ATT202410005454,STU005454,SCH038,2024-10-01,21,20,Medical
ATT202410005455,STU005455,SCH029,2024-10-01,21,19,Unauthorised
ATT202410005456,STU005456,SCH040,2024-10-01,19,17,Illness
ATT202410005457,STU005457,SCH032,2024-10-01,18,15,Unauthorised
ATT202410005458,STU005458,SCH036,2024-10-01,20,19,Unauthorised
ATT202410005459,STU005459,SCH047,2024-10-01,18,17,Family
ATT202410005460,STU005460,SCH017,2024-10-01,22,20,Family
ATT202410005461,STU005461,SCH008,2024-10-01,20,18,Medical
ATT202410005462,STU005462,SCH019,2024-10-01,19,18,Unauthorised
ATT202410005463,STU005463,SCH026,2024-10-01,19,18,Family
ATT202410005464,STU005464,SCH037,2024-10-01,20,20,
ATT202410005465,STU005465,SCH034,2024-10-01,22,19,Unauthorised
ATT202410005466,STU005466,SCH050,2024-10-01,18,15,Unauthorised
ATT202410005467,STU005467,SCH020,2024-10-01,20,19,Unauthorised
ATT202410005468,STU005468,SCH042,2024-10-01,22,18,Medical
ATT202410005469,STU005469,SCH024,2024-10-01,20,18,Illness
ATT202410005470,STU005470,SCH008,2024-10-01,22,21,Other
ATT202410005471,STU005471,SCH018,2024-10-01,19,18,Illness
ATT202410005472,STU005472,SCH026,2024-10-01,21,21,
ATT202410005473,STU005473,SCH043,2024-10-01,21,20,Unauthorised
ATT202410005474,STU005474,SCH020,2024-10-01,21,20,Unauthorised
ATT202410005475,STU005475,SCH012,2024-10-01,18,16,Medical
ATT202410005476,STU005476,SCH012,2024-10-01,18,16,Medical
ATT202410005477,STU005477,SCH020,2024-10-01,18,16,Unauthorised
ATT202410005478,STU005478,SCH031,2024-10-01,21,20,Illness
ATT202410005479,STU005479,SCH030,2024-10-01,22,21,Unauthorised
ATT202410005480,STU005480,SCH019,2024-10-01,20,19,Family
ATT202410005481,STU005481,SCH004,2024-10-01,22,20,Illness
ATT202410005482,STU005482,SCH011,2024-10-01,21,20,Illness
ATT202410005483,STU005483,SCH040,2024-10-01,19,18,Unauthorised
ATT202410005484,STU005484,SCH012,2024-10-01,21,17,Family
ATT202410005485,STU005485,SCH007,2024-10-01,19,18,Other
ATT202410005486,STU005486,SCH028,2024-10-01,18,17,Illness
ATT202410005487,STU005487,SCH048,2024-10-01,19,19,
ATT202410005488,STU005488,SCH010,2024-10-01,20,19,Illness
ATT202410005489,STU005489,SCH012,2024-10-01,18,16,Illness
ATT202410005490,STU005490,SCH019,2024-10-01,22,21,Family
ATT202410005491,STU005491,SCH046,2024-10-01,22,19,Unauthorised
ATT202410005492,STU005492,SCH044,2024-10-01,22,20,Medical
ATT202410005493,STU005493,SCH009,2024-10-01,20,19,Illness
ATT202410005494,STU005494,SCH039,2024-10-01,19,18,Other
ATT202410005495,STU005495,SCH047,2024-10-01,20,19,Unauthorised
ATT202410005496,STU005496,SCH007,2024-10-01,21,21,
ATT202410005497,STU005497,SCH037,2024-10-01,18,16,Unauthorised
ATT202410005498,STU005498,SCH010,2024-10-01,18,17,Other
ATT202410005499,STU005499,SCH048,2024-10-01,22,20,Illness
ATT202410005500,STU005500,SCH031,2024-10-01,22,19,Unauthorised
ATT202410005501,STU005501,SCH020,2024-10-01,22,20,Medical
ATT202410005502,STU005502,SCH009,2024-10-01,21,19,Family
ATT202410005503,STU005503,SCH014,2024-10-01,20,19,Other
ATT202410005504,STU005504,SCH001,2024-10-01,18,18,
ATT202410005505,STU005505,SCH021,2024-10-01,21,19,Unauthorised
ATT202410005506,STU005506,SCH020,2024-10-01,21,20,Illness
ATT202410005507,STU005507,SCH035,2024-10-01,21,18,Unauthorised
ATT202410005508,STU005508,SCH029,2024-10-01,18,16,Family
ATT202410005509,STU005509,SCH036,2024-10-01,20,19,Other
ATT202410005510,STU005510,SCH009,2024-10-01,19,17,Medical
ATT202410005511,STU005511,SCH029,2024-10-01,20,18,Medical
ATT202410005512,STU005512,SCH044,2024-10-01,18,17,Family
ATT202410005513,STU005513,SCH034,2024-10-01,19,19,
ATT202410005514,STU005514,SCH018,2024-10-01,20,18,Other
ATT202410005515,STU005515,SCH021,2024-10-01,21,19,Other
ATT202410005516,STU005516,SCH044,2024-10-01,22,19,Unauthorised
ATT202410005517,STU005517,SCH044,2024-10-01,19,16,Unauthorised
ATT202410005518,STU005518,SCH026,2024-10-01,21,19,Other
ATT202410005519,STU005519,SCH042,2024-10-01,18,17,Unauthorised
ATT202410005520,STU005520,SCH014,2024-10-01,20,19,Medical
ATT202410005521,STU005521,SCH049,2024-10-01,22,21,Medical
ATT202410005523,STU005523,SCH020,2024-10-01,22,21,Other
ATT202410005524,STU005524,SCH016,2024-10-01,20,19,Family
ATT202410005525,STU005525,SCH022,2024-10-01,20,18,Family
ATT202410005526,STU005526,SCH047,2024-10-01,21,19,Illness
ATT202410005527,STU005527,SCH021,2024-10-01,22,20,Other
ATT202410005528,STU005528,SCH009,2024-10-01,22,21,Medical
ATT202410005529,STU005529,SCH005,2024-10-01,21,20,Illness
ATT202410005530,STU005530,SCH016,2024-10-01,21,19,Medical
ATT202410005531,STU005531,SCH012,2024-10-01,20,19,Unauthorised
ATT202410005532,STU005532,SCH030,2024-10-01,21,21,
ATT202410005533,STU005533,SCH026,2024-10-01,21,20,Other
ATT202410005534,STU005534,SCH008,2024-10-01,22,20,Illness
ATT202410005535,STU005535,SCH028,2024-10-01,22,21,Illness
ATT202410005536,STU005536,SCH023,2024-10-01,18,17,Illness
ATT202410005537,STU005537,SCH038,2024-10-01,19,19,
ATT202410005538,STU005538,SCH032,2024-10-01,20,19,Illness
ATT202410005539,STU005539,SCH010,2024-10-01,22,20,Illness
ATT202410005540,STU005540,SCH014,2024-10-01,21,20,Unauthorised
ATT202410005541,STU005541,SCH044,2024-10-01,21,21,
ATT202410005542,STU005542,SCH039,2024-10-01,19,17,Other
ATT202410005543,STU005543,SCH015,2024-10-01,19,18,Unauthorised
ATT202410005544,STU005544,SCH023,2024-10-01,22,19,Family
ATT202410005545,STU005545,SCH019,2024-10-01,21,19,Family
ATT202410005546,STU005546,SCH046,2024-10-01,22,21,Other
ATT202410005547,STU005547,SCH008,2024-10-01,21,20,Illness
ATT202410005548,STU005548,SCH008,2024-10-01,22,21,Unauthorised
ATT202410005549,STU005549,SCH037,2024-10-01,22,19,Other
ATT202410005550,STU005550,SCH032,2024-10-01,19,16,Illness
ATT202410005551,STU005551,SCH033,2024-10-01,20,18,Other
ATT202410005552,STU005552,SCH030,2024-10-01,22,20,Medical
ATT202410005553,STU005553,SCH039,2024-10-01,19,17,Illness
ATT202410005554,STU005554,SCH035,2024-10-01,21,18,Other
ATT202410005555,STU005555,SCH041,2024-10-01,20,18,Illness
ATT202410005556,STU005556,SCH034,2024-10-01,22,20,Illness
ATT202410005557,STU005557,SCH006,2024-10-01,19,17,Illness
ATT202410005558,STU005558,SCH020,2024-10-01,22,20,Illness
ATT202410005559,STU005559,SCH007,2024-10-01,21,20,Other
ATT202410005560,STU005560,SCH028,2024-10-01,21,20,Illness
ATT202410005561,STU005561,SCH016,2024-10-01,22,20,Other
ATT202410005562,STU005562,SCH020,2024-10-01,19,17,Medical
ATT202410005564,STU005564,SCH004,2024-10-01,19,17,Medical
ATT202410005565,STU005565,SCH010,2024-10-01,18,17,Medical
ATT202410005566,STU005566,SCH003,2024-10-01,21,20,Family
ATT202410005567,STU005567,SCH039,2024-10-01,21,19,Illness
ATT202410005568,STU005568,SCH029,2024-10-01,22,21,Illness
ATT202410005569,STU005569,SCH005,2024-10-01,22,21,Medical
ATT202410005570,STU005570,SCH001,2024-10-01,21,19,Medical
ATT202410005571,STU005571,SCH047,2024-10-01,19,18,Family
ATT202410005572,STU005572,SCH017,2024-10-01,22,20,Family
ATT202410005573,STU005573,SCH048,2024-10-01,21,19,Medical
ATT202410005574,STU005574,SCH014,2024-10-01,19,17,Other
ATT202410005575,STU005575,SCH024,2024-10-01,21,19,Unauthorised
ATT202410005576,STU005576,SCH025,2024-10-01,22,21,Unauthorised
ATT202410005577,STU005577,SCH028,2024-10-01,20,19,Unauthorised
ATT202410005578,STU005578,SCH014,2024-10-01,22,21,Family
ATT202410005579,STU005579,SCH050,2024-10-01,18,16,Illness
ATT202410005580,STU005580,SCH005,2024-10-01,20,18,Medical
ATT202410005581,STU005581,SCH030,2024-10-01,19,18,Unauthorised
ATT202410005582,STU005582,SCH031,2024-10-01,22,21,Unauthorised
ATT202410005583,STU005583,SCH030,2024-10-01,22,20,Medical
ATT202410005584,STU005584,SCH023,2024-10-01,20,18,Illness
ATT202410005585,STU005585,SCH033,2024-10-01,22,22,
ATT202410005586,STU005586,SCH044,2024-10-01,18,16,Unauthorised
ATT202410005587,STU005587,SCH001,2024-10-01,20,18,Medical
ATT202410005588,STU005588,SCH045,2024-10-01,19,17,Family
ATT202410005589,STU005589,SCH048,2024-10-01,21,21,
ATT202410005590,STU005590,SCH016,2024-10-01,22,22,
ATT202410005591,STU005591,SCH027,2024-10-01,20,18,Family
ATT202410005592,STU005592,SCH040,2024-10-01,19,19,
ATT202410005593,STU005593,SCH014,2024-10-01,22,21,Illness
ATT202410005594,STU005594,SCH046,2024-10-01,20,18,Other
ATT202410005595,STU005595,SCH044,2024-10-01,21,19,Family
ATT202410005596,STU005596,SCH020,2024-10-01,22,20,Unauthorised
ATT202410005597,STU005597,SCH045,2024-10-01,22,21,Medical
ATT202410005598,STU005598,SCH014,2024-10-01,19,18,Illness
ATT202410005599,STU005599,SCH018,2024-10-01,21,20,Illness
ATT202410005600,STU005600,SCH050,2024-10-01,21,18,Other
ATT202410005601,STU005601,SCH017,2024-10-01,19,17,Other
ATT202410005602,STU005602,SCH012,2024-10-01,18,16,Other
ATT202410005603,STU005603,SCH017,2024-10-01,20,17,Family
ATT202410005604,STU005604,SCH004,2024-10-01,22,21,Other
ATT202410005606,STU005606,SCH004,2024-10-01,19,18,Medical
ATT202410005607,STU005607,SCH041,2024-10-01,21,19,Family
ATT202410005608,STU005608,SCH019,2024-10-01,18,16,Illness
ATT202410005609,STU005609,SCH015,2024-10-01,22,21,Other
ATT202410005610,STU005610,SCH010,2024-10-01,19,19,
ATT202410005611,STU005611,SCH035,2024-10-01,20,18,Family
ATT202410005612,STU005612,SCH009,2024-10-01,21,20,Unauthorised
ATT202410005613,STU005613,SCH025,2024-10-01,18,17,Medical
ATT202410005614,STU005614,SCH031,2024-10-01,21,19,Unauthorised
ATT202410005615,STU005615,SCH045,2024-10-01,20,17,Medical
ATT202410005616,STU005616,SCH005,2024-10-01,21,20,Medical
ATT202410005617,STU005617,SCH019,2024-10-01,18,16,Family
ATT202410005618,STU005618,SCH034,2024-10-01,19,17,Family
ATT202410005620,STU005620,SCH019,2024-10-01,22,21,Other
ATT202410005621,STU005621,SCH005,2024-10-01,20,19,Illness
ATT202410005622,STU005622,SCH021,2024-10-01,18,16,Unauthorised
ATT202410005623,STU005623,SCH015,2024-10-01,18,17,Illness
ATT202410005624,STU005624,SCH021,2024-10-01,22,20,Medical
ATT202410005625,STU005625,SCH029,2024-10-01,19,17,Family
ATT202410005626,STU005626,SCH045,2024-10-01,18,16,Medical
ATT202410005627,STU005627,SCH042,2024-10-01,20,19,Family
ATT202410005628,STU005628,SCH001,2024-10-01,18,16,Illness
ATT202410005629,STU005629,SCH034,2024-10-01,22,21,Medical
ATT202410005630,STU005630,SCH025,2024-10-01,21,20,Family
ATT202410005631,STU005631,SCH020,2024-10-01,22,20,Medical
ATT202410005632,STU005632,SCH035,2024-10-01,18,16,Other
ATT202410005633,STU005633,SCH027,2024-10-01,18,17,Family
ATT202410005634,STU005634,SCH044,2024-10-01,21,18,Other
ATT202410005635,STU005635,SCH013,2024-10-01,18,16,Family
ATT202410005636,STU005636,SCH039,2024-10-01,20,18,Other
ATT202410005637,STU005637,SCH044,2024-10-01,18,17,Family
ATT202410005638,STU005638,SCH044,2024-10-01,21,18,Family
ATT202410005639,STU005639,SCH013,2024-10-01,22,20,Other
ATT202410005640,STU005640,SCH025,2024-10-01,21,20,Medical
ATT202410005641,STU005641,SCH013,2024-10-01,19,17,Other
ATT202410005642,STU005642,SCH038,2024-10-01,20,18,Illness
ATT202410005643,STU005643,SCH022,2024-10-01,18,17,Illness
ATT202410005644,STU005644,SCH012,2024-10-01,18,16,Family
ATT202410005645,STU005645,SCH043,2024-10-01,21,19,Family
ATT202410005646,STU005646,SCH015,2024-10-01,19,18,Unauthorised
ATT202410005647,STU005647,SCH038,2024-10-01,20,19,Other
ATT202410005648,STU005648,SCH037,2024-10-01,21,20,Other
ATT202410005649,STU005649,SCH028,2024-10-01,19,16,Medical
ATT202410005650,STU005650,SCH035,2024-10-01,18,17,Medical
ATT202410005651,STU005651,SCH019,2024-10-01,19,18,Other
ATT202410005652,STU005652,SCH046,2024-10-01,21,20,Unauthorised
ATT202410005653,STU005653,SCH035,2024-10-01,19,17,Family
ATT202410005654,STU005654,SCH019,2024-10-01,19,18,Illness
ATT202410005655,STU005655,SCH013,2024-10-01,21,18,Family
ATT202410005656,STU005656,SCH041,2024-10-01,21,20,Unauthorised
ATT202410005657,STU005657,SCH012,2024-10-01,22,20,Other
ATT202410005658,STU005658,SCH006,2024-10-01,18,17,Family
ATT202410005659,STU005659,SCH023,2024-10-01,22,20,Unauthorised
ATT202410005660,STU005660,SCH040,2024-10-01,20,18,Unauthorised
ATT202410005661,STU005661,SCH009,2024-10-01,19,17,Illness
ATT202410005662,STU005662,SCH044,2024-10-01,21,19,Illness
ATT202410005663,STU005663,SCH045,2024-10-01,19,17,Unauthorised
ATT202410005664,STU005664,SCH049,2024-10-01,18,17,Family
ATT202410005665,STU005665,SCH049,2024-10-01,19,17,Illness
ATT202410005666,STU005666,SCH035,2024-10-01,19,17,Illness
ATT202410005667,STU005667,SCH033,2024-10-01,21,20,Unauthorised
ATT202410005668,STU005668,SCH002,2024-10-01,21,18,Other
ATT202410005669,STU005669,SCH017,2024-10-01,22,18,Illness
ATT202410005670,STU005670,SCH002,2024-10-01,21,19,Family
ATT202410005671,STU005671,SCH014,2024-10-01,18,17,Medical
ATT202410005672,STU005672,SCH016,2024-10-01,18,16,Unauthorised
ATT202410005673,STU005673,SCH017,2024-10-01,18,16,Other
ATT202410005674,STU005674,SCH017,2024-10-01,22,18,Family
ATT202410005675,STU005675,SCH029,2024-10-01,18,16,Family
ATT202410005676,STU005676,SCH028,2024-10-01,22,21,Illness
ATT202410005677,STU005677,SCH038,2024-10-01,22,20,Other
ATT202410005678,STU005678,SCH001,2024-10-01,21,18,Family
ATT202410005679,STU005679,SCH016,2024-10-01,22,20,Medical
ATT202410005680,STU005680,SCH023,2024-10-01,22,18,Illness
ATT202410005681,STU005681,SCH033,2024-10-01,19,19,
ATT202410005682,STU005682,SCH043,2024-10-01,20,17,Family
ATT202410005683,STU005683,SCH011,2024-10-01,18,17,Medical
ATT202410005684,STU005684,SCH022,2024-10-01,21,18,Unauthorised
ATT202410005685,STU005685,SCH041,2024-10-01,22,20,Illness
ATT202410005686,STU005686,SCH012,2024-10-01,22,20,Other
ATT202410005687,STU005687,SCH035,2024-10-01,21,18,Family
ATT202410005688,STU005688,SCH017,2024-10-01,21,20,Illness
ATT202410005689,STU005689,SCH013,2024-10-01,21,20,Illness
ATT202410005690,STU005690,SCH043,2024-10-01,21,20,Medical
ATT202410005691,STU005691,SCH050,2024-10-01,18,15,Unauthorised
ATT202410005692,STU005692,SCH002,2024-10-01,18,15,Other
ATT202410005693,STU005693,SCH046,2024-10-01,19,16,Family
ATT202410005694,STU005694,SCH040,2024-10-01,20,19,Unauthorised
ATT202410005695,STU005695,SCH015,2024-10-01,22,20,Other
ATT202410005696,STU005696,SCH044,2024-10-01,19,16,Medical
ATT202410005697,STU005697,SCH036,2024-10-01,19,17,Family
ATT202410005698,STU005698,SCH042,2024-10-01,22,20,Family
ATT202410005699,STU005699,SCH048,2024-10-01,18,17,Medical
ATT202410005700,STU005700,SCH001,2024-10-01,22,19,Other
ATT202410005701,STU005701,SCH044,2024-10-01,22,21,Illness
ATT202410005702,STU005702,SCH050,2024-10-01,22,20,Other
ATT202410005703,STU005703,SCH026,2024-10-01,21,20,Medical
ATT202410005704,STU005704,SCH039,2024-10-01,21,20,Other
ATT202410005705,STU005705,SCH016,2024-10-01,19,18,Family
ATT202410005706,STU005706,SCH001,2024-10-01,22,17,Medical
ATT202410005707,STU005707,SCH008,2024-10-01,21,20,Family
ATT202410005708,STU005708,SCH012,2024-10-01,19,17,Unauthorised
ATT202410005709,STU005709,SCH036,2024-10-01,19,17,Family
ATT202410005710,STU005710,SCH008,2024-10-01,20,19,Illness
ATT202410005711,STU005711,SCH037,2024-10-01,21,20,Other
ATT202410005712,STU005712,SCH047,2024-10-01,22,21,Family
ATT202410005713,STU005713,SCH030,2024-10-01,22,21,Family
ATT202410005714,STU005714,SCH027,2024-10-01,22,18,Family
ATT202410005715,STU005715,SCH005,2024-10-01,18,16,Medical
ATT202410005716,STU005716,SCH017,2024-10-01,22,20,Unauthorised
ATT202410005717,STU005717,SCH041,2024-10-01,22,20,Medical
ATT202410005718,STU005718,SCH011,2024-10-01,20,19,Other
ATT202410005719,STU005719,SCH001,2024-10-01,21,17,Illness
ATT202410005720,STU005720,SCH018,2024-10-01,22,21,Other
ATT202410005721,STU005721,SCH049,2024-10-01,19,17,Medical
ATT202410005722,STU005722,SCH050,2024-10-01,22,20,Family
ATT202410005723,STU005723,SCH012,2024-10-01,20,19,Other
ATT202410005724,STU005724,SCH050,2024-10-01,22,19,Illness
ATT202410005725,STU005725,SCH001,2024-10-01,19,15,Unauthorised
ATT202410005727,STU005727,SCH027,2024-10-01,18,17,Other
ATT202410005728,STU005728,SCH042,2024-10-01,22,21,Medical
ATT202410005729,STU005729,SCH029,2024-10-01,21,19,Other
ATT202410005730,STU005730,SCH027,2024-10-01,20,18,Family
ATT202410005731,STU005731,SCH038,2024-10-01,20,19,Medical
ATT202410005732,STU005732,SCH044,2024-10-01,21,19,Other
ATT202410005733,STU005733,SCH025,2024-10-01,21,20,Family
ATT202410005734,STU005734,SCH022,2024-10-01,20,18,Illness
ATT202410005735,STU005735,SCH020,2024-10-01,22,19,Other
ATT202410005736,STU005736,SCH007,2024-10-01,18,17,Illness
ATT202410005737,STU005737,SCH040,2024-10-01,21,19,Unauthorised
ATT202410005738,STU005738,SCH020,2024-10-01,21,20,Other
ATT202410005739,STU005739,SCH024,2024-10-01,20,17,Medical
ATT202410005740,STU005740,SCH023,2024-10-01,19,17,Medical
ATT202410005741,STU005741,SCH010,2024-10-01,18,16,Unauthorised
ATT202410005742,STU005742,SCH023,2024-10-01,18,16,Family
ATT202410005743,STU005743,SCH050,2024-10-01,22,19,Family
ATT202410005744,STU005744,SCH050,2024-10-01,21,20,Unauthorised
ATT202410005745,STU005745,SCH019,2024-10-01,19,19,
ATT202410005746,STU005746,SCH033,2024-10-01,22,20,Medical
ATT202410005747,STU005747,SCH039,2024-10-01,22,21,Other
ATT202410005748,STU005748,SCH011,2024-10-01,21,19,Medical
ATT202410005749,STU005749,SCH004,2024-10-01,22,21,Other
ATT202410005750,STU005750,SCH047,2024-10-01,20,18,Family
ATT202410005751,STU005751,SCH007,2024-10-01,20,18,Illness
ATT202410005752,STU005752,SCH025,2024-10-01,21,20,Other
ATT202410005753,STU005753,SCH008,2024-10-01,22,19,Family
ATT202410005754,STU005754,SCH049,2024-10-01,19,17,Other
ATT202410005755,STU005755,SCH004,2024-10-01,21,19,Family
ATT202410005756,STU005756,SCH016,2024-10-01,22,21,Other
ATT202410005757,STU005757,SCH042,2024-10-01,19,18,Other
ATT202410005758,STU005758,SCH031,2024-10-01,18,17,Other
ATT202410005759,STU005759,SCH012,2024-10-01,20,19,Unauthorised
ATT202410005760,STU005760,SCH002,2024-10-01,21,18,Unauthorised
ATT202410005761,STU005761,SCH014,2024-10-01,22,20,Unauthorised
ATT202410005762,STU005762,SCH025,2024-10-01,21,20,Family
ATT202410005763,STU005763,SCH040,2024-10-01,18,18,
ATT202410005764,STU005764,SCH002,2024-10-01,20,18,Other
ATT202410005766,STU005766,SCH013,2024-10-01,21,18,Other
ATT202410005767,STU005767,SCH040,2024-10-01,19,17,Unauthorised
ATT202410005768,STU005768,SCH033,2024-10-01,18,17,Medical
ATT202410005769,STU005769,SCH017,2024-10-01,22,20,Unauthorised
ATT202410005770,STU005770,SCH046,2024-10-01,19,17,Other
ATT202410005771,STU005771,SCH004,2024-10-01,21,19,Medical
ATT202410005772,STU005772,SCH002,2024-10-01,20,17,Family
ATT202410005773,STU005773,SCH011,2024-10-01,19,17,Illness
ATT202410005774,STU005774,SCH017,2024-10-01,20,19,Family
ATT202410005775,STU005775,SCH026,2024-10-01,22,21,Illness
ATT202410005776,STU005776,SCH047,2024-10-01,19,19,
ATT202410005777,STU005777,SCH017,2024-10-01,18,14,Other
ATT202410005778,STU005778,SCH035,2024-10-01,19,17,Family
ATT202410005779,STU005779,SCH006,2024-10-01,20,19,Illness
ATT202410005780,STU005780,SCH025,2024-10-01,22,21,Unauthorised
ATT202410005781,STU005781,SCH043,2024-10-01,22,20,Family
ATT202410005782,STU005782,SCH040,2024-10-01,22,20,Illness
ATT202410005783,STU005783,SCH040,2024-10-01,19,17,Family
ATT202410005784,STU005784,SCH043,2024-10-01,20,17,Other
ATT202410005785,STU005785,SCH049,2024-10-01,20,18,Family
ATT202410005786,STU005786,SCH017,2024-10-01,20,18,Unauthorised
ATT202410005787,STU005787,SCH019,2024-10-01,18,17,Family
ATT202410005788,STU005788,SCH016,2024-10-01,21,19,Medical
ATT202410005789,STU005789,SCH021,2024-10-01,21,19,Family
ATT202410005790,STU005790,SCH040,2024-10-01,20,18,Illness
ATT202410005791,STU005791,SCH040,2024-10-01,18,16,Illness
ATT202410005792,STU005792,SCH037,2024-10-01,22,21,Medical
ATT202410005793,STU005793,SCH024,2024-10-01,22,18,Unauthorised
ATT202410005794,STU005794,SCH031,2024-10-01,22,21,Other
ATT202410005795,STU005795,SCH024,2024-10-01,21,18,Family
ATT202410005796,STU005796,SCH042,2024-10-01,21,18,Family
ATT202410005797,STU005797,SCH030,2024-10-01,21,21,
ATT202410005798,STU005798,SCH032,2024-10-01,20,18,Unauthorised
ATT202410005799,STU005799,SCH015,2024-10-01,21,20,Other
ATT202410005800,STU005800,SCH014,2024-10-01,22,20,Other
ATT202410005801,STU005801,SCH049,2024-10-01,22,19,Family
ATT202410005802,STU005802,SCH010,2024-10-01,21,20,Medical
ATT202410005803,STU005803,SCH043,2024-10-01,22,21,Family
ATT202410005804,STU005804,SCH027,2024-10-01,18,16,Other
ATT202410005805,STU005805,SCH014,2024-10-01,21,19,Unauthorised
ATT202410005806,STU005806,SCH017,2024-10-01,19,16,Family
ATT202410005807,STU005807,SCH036,2024-10-01,22,19,Unauthorised
ATT202410005808,STU005808,SCH019,2024-10-01,22,20,Other
ATT202410005809,STU005809,SCH019,2024-10-01,18,18,
ATT202410005810,STU005810,SCH026,2024-10-01,19,17,Medical
ATT202410005811,STU005811,SCH042,2024-10-01,22,21,Unauthorised
ATT202410005812,STU005812,SCH015,2024-10-01,20,18,Illness
ATT202410005813,STU005813,SCH050,2024-10-01,18,16,Other
ATT202410005814,STU005814,SCH009,2024-10-01,18,15,Medical
ATT202410005815,STU005815,SCH033,2024-10-01,20,19,Unauthorised
ATT202410005816,STU005816,SCH027,2024-10-01,20,19,Medical
ATT202410005817,STU005817,SCH026,2024-10-01,18,17,Other
ATT202410005818,STU005818,SCH040,2024-10-01,20,20,
ATT202410005819,STU005819,SCH041,2024-10-01,20,18,Other
ATT202410005820,STU005820,SCH050,2024-10-01,21,18,Family
ATT202410005821,STU005821,SCH018,2024-10-01,19,17,Illness
ATT202410005822,STU005822,SCH027,2024-10-01,18,16,Family
ATT202410005823,STU005823,SCH005,2024-10-01,21,20,Family
ATT202410005824,STU005824,SCH013,2024-10-01,18,16,Medical
ATT202410005825,STU005825,SCH028,2024-10-01,18,16,Unauthorised
ATT202410005826,STU005826,SCH020,2024-10-01,18,17,Medical
ATT202410005827,STU005827,SCH035,2024-10-01,20,19,Family
ATT202410005828,STU005828,SCH036,2024-10-01,22,21,Other
ATT202410005829,STU005829,SCH041,2024-10-01,18,17,Other
ATT202410005830,STU005830,SCH009,2024-10-01,19,17,Other
ATT202410005831,STU005831,SCH015,2024-10-01,22,20,Unauthorised
ATT202410005832,STU005832,SCH030,2024-10-01,20,18,Family
ATT202410005833,STU005833,SCH049,2024-10-01,22,18,Illness
ATT202410005834,STU005834,SCH029,2024-10-01,19,16,Unauthorised
ATT202410005835,STU005835,SCH037,2024-10-01,22,20,Medical
ATT202410005836,STU005836,SCH036,2024-10-01,19,17,Family
ATT202410005837,STU005837,SCH001,2024-10-01,20,18,Family
ATT202410005838,STU005838,SCH004,2024-10-01,21,19,Medical
ATT202410005839,STU005839,SCH043,2024-10-01,20,17,Unauthorised
ATT202410005840,STU005840,SCH041,2024-10-01,19,19,
ATT202410005841,STU005841,SCH043,2024-10-01,21,20,Other
ATT202410005842,STU005842,SCH046,2024-10-01,19,17,Unauthorised
ATT202410005843,STU005843,SCH031,2024-10-01,21,20,Medical
ATT202410005844,STU005844,SCH024,2024-10-01,21,19,Unauthorised
ATT202410005845,STU005845,SCH046,2024-10-01,18,16,Illness
ATT202410005846,STU005846,SCH043,2024-10-01,19,17,Unauthorised
ATT202410005847,STU005847,SCH038,2024-10-01,20,18,Other
ATT202410005848,STU005848,SCH029,2024-10-01,18,15,Illness
ATT202410005849,STU005849,SCH026,2024-10-01,20,19,Other
ATT202410005850,STU005850,SCH004,2024-10-01,19,17,Unauthorised
ATT202410005851,STU005851,SCH036,2024-10-01,18,17,Unauthorised
ATT202410005852,STU005852,SCH044,2024-10-01,20,18,Other
ATT202410005853,STU005853,SCH038,2024-10-01,19,17,Other
ATT202410005854,STU005854,SCH023,2024-10-01,20,18,Illness
ATT202410005855,STU005855,SCH014,2024-10-01,20,19,Medical
ATT202410005856,STU005856,SCH029,2024-10-01,21,19,Family
ATT202410005857,STU005857,SCH018,2024-10-01,18,16,Other
ATT202410005858,STU005858,SCH006,2024-10-01,18,17,Illness
ATT202410005859,STU005859,SCH048,2024-10-01,18,17,Medical
ATT202410005860,STU005860,SCH003,2024-10-01,18,16,Illness
ATT202410005861,STU005861,SCH035,2024-10-01,21,18,Medical
ATT202410005862,STU005862,SCH011,2024-10-01,19,17,Family
ATT202410005863,STU005863,SCH008,2024-10-01,22,19,Medical
ATT202410005864,STU005864,SCH030,2024-10-01,20,18,Family
ATT202410005865,STU005865,SCH032,2024-10-01,20,18,Unauthorised
ATT202410005866,STU005866,SCH009,2024-10-01,20,18,Medical
ATT202410005867,STU005867,SCH046,2024-10-01,19,17,Medical
ATT202410005868,STU005868,SCH045,2024-10-01,19,17,Medical
ATT202410005869,STU005869,SCH023,2024-10-01,19,17,Illness
ATT202410005870,STU005870,SCH009,2024-10-01,20,17,Family
ATT202410005871,STU005871,SCH035,2024-10-01,22,21,Unauthorised
ATT202410005872,STU005872,SCH040,2024-10-01,22,20,Other
ATT202410005873,STU005873,SCH033,2024-10-01,20,18,Illness
ATT202410005874,STU005874,SCH002,2024-10-01,22,19,Medical
ATT202410005875,STU005875,SCH043,2024-10-01,18,16,Other
ATT202410005876,STU005876,SCH025,2024-10-01,22,21,Other
ATT202410005877,STU005877,SCH032,2024-10-01,19,18,Unauthorised
ATT202410005878,STU005878,SCH003,2024-10-01,18,17,Illness
ATT202410005879,STU005879,SCH030,2024-10-01,22,19,Family
ATT202410005880,STU005880,SCH047,2024-10-01,22,21,Medical
ATT202410005881,STU005881,SCH014,2024-10-01,22,20,Illness
ATT202410005882,STU005882,SCH015,2024-10-01,22,21,Other
ATT202410005883,STU005883,SCH008,2024-10-01,22,21,Medical
ATT202410005884,STU005884,SCH014,2024-10-01,21,20,Unauthorised
ATT202410005885,STU005885,SCH027,2024-10-01,18,16,Medical
ATT202410005886,STU005886,SCH028,2024-10-01,18,17,Illness
ATT202410005887,STU005887,SCH022,2024-10-01,20,17,Medical
ATT202410005888,STU005888,SCH034,2024-10-01,21,18,Other
ATT202410005889,STU005889,SCH007,2024-10-01,18,17,Family
ATT202410005890,STU005890,SCH036,2024-10-01,22,20,Family
ATT202410005891,STU005891,SCH003,2024-10-01,20,17,Family
ATT202410005892,STU005892,SCH041,2024-10-01,20,19,Other
ATT202410005893,STU005893,SCH013,2024-10-01,21,20,Unauthorised
ATT202410005894,STU005894,SCH025,2024-10-01,19,17,Family
ATT202410005895,STU005895,SCH016,2024-10-01,20,17,Other
ATT202410005896,STU005896,SCH046,2024-10-01,20,18,Illness
ATT202410005897,STU005897,SCH012,2024-10-01,22,20,Medical
ATT202410005898,STU005898,SCH014,2024-10-01,20,18,Medical
ATT202410005899,STU005899,SCH042,2024-10-01,20,17,Medical
ATT202410005900,STU005900,SCH016,2024-10-01,19,17,Family
ATT202410005901,STU005901,SCH044,2024-10-01,22,21,Medical
ATT202410005902,STU005902,SCH044,2024-10-01,21,18,Unauthorised
ATT202410005903,STU005903,SCH044,2024-10-01,20,17,Illness
ATT202410005904,STU005904,SCH019,2024-10-01,19,18,Medical
ATT202410005905,STU005905,SCH009,2024-10-01,18,15,Family
ATT202410005906,STU005906,SCH040,2024-10-01,18,16,Medical
ATT202410005907,STU005907,SCH007,2024-10-01,18,16,Family
ATT202410005908,STU005908,SCH040,2024-10-01,20,18,Family
ATT202410005909,STU005909,SCH015,2024-10-01,20,18,Unauthorised
ATT202410005910,STU005910,SCH023,2024-10-01,18,17,Family
ATT202410005911,STU005911,SCH011,2024-10-01,20,18,Other
ATT202410005912,STU005912,SCH002,2024-10-01,19,16,Medical
ATT202410005913,STU005913,SCH017,2024-10-01,19,17,Illness
ATT202410005914,STU005914,SCH049,2024-10-01,20,17,Other
ATT202410005915,STU005915,SCH047,2024-10-01,21,19,Unauthorised
ATT202410005916,STU005916,SCH033,2024-10-01,18,16,Medical
ATT202410005917,STU005917,SCH024,2024-10-01,22,19,Illness
ATT202410005918,STU005918,SCH038,2024-10-01,21,20,Unauthorised
ATT202410005919,STU005919,SCH038,2024-10-01,22,21,Illness
ATT202410005920,STU005920,SCH038,2024-10-01,22,20,Medical
ATT202410005921,STU005921,SCH041,2024-10-01,19,18,Unauthorised
ATT202410005922,STU005922,SCH020,2024-10-01,21,21,
ATT202410005923,STU005923,SCH047,2024-10-01,18,16,Family
ATT202410005924,STU005924,SCH020,2024-10-01,22,20,Family
ATT202410005925,STU005925,SCH050,2024-10-01,22,19,Other
ATT202410005926,STU005926,SCH007,2024-10-01,19,18,Other
ATT202410005927,STU005927,SCH038,2024-10-01,19,17,Illness
ATT202410005928,STU005928,SCH017,2024-10-01,21,18,Illness
ATT202410005929,STU005929,SCH040,2024-10-01,20,18,Family
ATT202410005930,STU005930,SCH023,2024-10-01,19,17,Family
ATT202410005931,STU005931,SCH047,2024-10-01,22,21,Other
ATT202410005932,STU005932,SCH031,2024-10-01,19,17,Medical
ATT202410005933,STU005933,SCH010,2024-10-01,18,16,Unauthorised
ATT202410005934,STU005934,SCH016,2024-10-01,20,20,
ATT202410005935,STU005935,SCH012,2024-10-01,20,20,
ATT202410005936,STU005936,SCH008,2024-10-01,21,20,Family
ATT202410005937,STU005937,SCH038,2024-10-01,22,20,Medical
ATT202410005938,STU005938,SCH024,2024-10-01,21,19,Other
ATT202410005939,STU005939,SCH025,2024-10-01,19,19,
ATT202410005940,STU005940,SCH046,2024-10-01,20,18,Unauthorised
ATT202410005941,STU005941,SCH046,2024-10-01,18,16,Unauthorised
ATT202410005942,STU005942,SCH008,2024-10-01,19,18,Other
ATT202410005943,STU005943,SCH045,2024-10-01,19,18,Illness
ATT202410005944,STU005944,SCH011,2024-10-01,19,16,Unauthorised
ATT202410005945,STU005945,SCH045,2024-10-01,21,19,Unauthorised
ATT202410005946,STU005946,SCH001,2024-10-01,18,16,Other
ATT202410005947,STU005947,SCH040,2024-10-01,19,17,Illness
ATT202410005948,STU005948,SCH009,2024-10-01,21,21,
ATT202410005949,STU005949,SCH001,2024-10-01,19,15,Illness
ATT202410005950,STU005950,SCH045,2024-10-01,21,19,Unauthorised
ATT202410005952,STU005952,SCH005,2024-10-01,21,19,Other
ATT202410005953,STU005953,SCH013,2024-10-01,19,17,Family
ATT202410005954,STU005954,SCH042,2024-10-01,19,17,Illness
ATT202410005955,STU005955,SCH013,2024-10-01,19,18,Family
ATT202410005956,STU005956,SCH042,2024-10-01,19,17,Illness
ATT202410005957,STU005957,SCH024,2024-10-01,19,15,Family
ATT202410005958,STU005958,SCH007,2024-10-01,20,19,Medical
ATT202410005959,STU005959,SCH042,2024-10-01,22,19,Unauthorised
ATT202410005960,STU005960,SCH032,2024-10-01,19,16,Illness
ATT202410005961,STU005961,SCH046,2024-10-01,20,17,Family
ATT202410005962,STU005962,SCH019,2024-10-01,21,19,Illness
ATT202410005963,STU005963,SCH027,2024-10-01,21,18,Unauthorised
ATT202410005964,STU005964,SCH006,2024-10-01,22,20,Unauthorised
ATT202410005965,STU005965,SCH021,2024-10-01,22,20,Medical
ATT202410005967,STU005967,SCH033,2024-10-01,21,20,Medical
ATT202410005968,STU005968,SCH031,2024-10-01,20,20,
ATT202410005969,STU005969,SCH050,2024-10-01,18,17,Unauthorised
ATT202410005970,STU005970,SCH045,2024-10-01,19,17,Family
ATT202410005971,STU005971,SCH023,2024-10-01,21,19,Unauthorised
ATT202410005972,STU005972,SCH007,2024-10-01,20,19,Medical
ATT202410005973,STU005973,SCH041,2024-10-01,19,16,Other
ATT202410005974,STU005974,SCH024,2024-10-01,22,21,Medical
ATT202410005975,STU005975,SCH005,2024-10-01,22,20,Other
ATT202410005976,STU005976,SCH039,2024-10-01,21,21,
ATT202410005977,STU005977,SCH040,2024-10-01,19,19,
ATT202410005978,STU005978,SCH050,2024-10-01,20,20,
ATT202410005979,STU005979,SCH033,2024-10-01,22,21,Other
ATT202410005980,STU005980,SCH026,2024-10-01,18,18,
ATT202410005981,STU005981,SCH050,2024-10-01,22,21,Medical
ATT202410005982,STU005982,SCH023,2024-10-01,18,16,Medical
ATT202410005983,STU005983,SCH004,2024-10-01,20,19,Family
ATT202410005984,STU005984,SCH004,2024-10-01,21,19,Unauthorised
ATT202410005985,STU005985,SCH034,2024-10-01,20,18,Medical
ATT202410005986,STU005986,SCH045,2024-10-01,20,18,Family
ATT202410005987,STU005987,SCH005,2024-10-01,20,20,
ATT202410005988,STU005988,SCH027,2024-10-01,20,18,Other
ATT202410005989,STU005989,SCH001,2024-10-01,19,17,Unauthorised
ATT202410005990,STU005990,SCH017,2024-10-01,19,18,Family
ATT202410005991,STU005991,SCH003,2024-10-01,20,18,Medical
ATT202410005992,STU005992,SCH012,2024-10-01,21,19,Family
ATT202410005993,STU005993,SCH042,2024-10-01,19,18,Other
ATT202410005994,STU005994,SCH007,2024-10-01,18,16,Family
ATT202410005995,STU005995,SCH011,2024-10-01,18,17,Other
ATT202410005996,STU005996,SCH016,2024-10-01,19,18,Medical
ATT202410005997,STU005997,SCH049,2024-10-01,19,17,Medical
ATT202410005998,STU005998,SCH024,2024-10-01,21,15,Unauthorised
ATT202410005999,STU005999,SCH032,2024-10-01,20,19,Medical
ATT202410006000,STU006000,SCH039,2024-10-01,21,19,Family
ATT202410006001,STU006001,SCH017,2024-10-01,22,20,Medical
ATT202410006002,STU006002,SCH003,2024-10-01,19,18,Medical
ATT202410006003,STU006003,SCH008,2024-10-01,19,17,Other
ATT202410006004,STU006004,SCH036,2024-10-01,18,17,Illness
ATT202410006005,STU006005,SCH004,2024-10-01,19,16,Illness
ATT202410006006,STU006006,SCH002,2024-10-01,20,18,Family
ATT202410006007,STU006007,SCH047,2024-10-01,21,18,Illness
ATT202410006008,STU006008,SCH007,2024-10-01,20,19,Unauthorised
ATT202410006009,STU006009,SCH007,2024-10-01,19,17,Medical
ATT202410006010,STU006010,SCH022,2024-10-01,18,18,
ATT202410006011,STU006011,SCH015,2024-10-01,18,18,
ATT202410006012,STU006012,SCH013,2024-10-01,22,19,Illness
ATT202410006013,STU006013,SCH002,2024-10-01,21,15,Medical
ATT202410006014,STU006014,SCH036,2024-10-01,18,17,Illness
ATT202410006015,STU006015,SCH004,2024-10-01,20,18,Other
ATT202410006016,STU006016,SCH041,2024-10-01,21,20,Illness
ATT202410006017,STU006017,SCH010,2024-10-01,22,21,Illness
ATT202410006018,STU006018,SCH003,2024-10-01,22,21,Family
ATT202410006019,STU006019,SCH012,2024-10-01,21,19,Illness
ATT202410006020,STU006020,SCH012,2024-10-01,18,17,Unauthorised
ATT202410006021,STU006021,SCH008,2024-10-01,19,18,Family
ATT202410006022,STU006022,SCH037,2024-10-01,18,17,Family
ATT202410006023,STU006023,SCH048,2024-10-01,18,16,Medical
ATT202410006024,STU006024,SCH025,2024-10-01,20,18,Illness
ATT202410006025,STU006025,SCH009,2024-10-01,20,18,Unauthorised
ATT202410006026,STU006026,SCH006,2024-10-01,22,21,Illness
ATT202410006027,STU006027,SCH035,2024-10-01,20,18,Illness
ATT202410006028,STU006028,SCH025,2024-10-01,18,15,Family
ATT202410006029,STU006029,SCH026,2024-10-01,20,19,Medical
ATT202410006030,STU006030,SCH044,2024-10-01,18,17,Medical
ATT202410006031,STU006031,SCH041,2024-10-01,18,17,Other
ATT202410006032,STU006032,SCH047,2024-10-01,21,19,Unauthorised
ATT202410006033,STU006033,SCH026,2024-10-01,20,18,Medical
ATT202410006034,STU006034,SCH020,2024-10-01,22,21,Family
ATT202410006035,STU006035,SCH046,2024-10-01,19,16,Family
ATT202410006036,STU006036,SCH024,2024-10-01,20,18,Other
ATT202410006037,STU006037,SCH016,2024-10-01,19,18,Unauthorised
ATT202410006038,STU006038,SCH050,2024-10-01,22,20,Unauthorised
ATT202410006039,STU006039,SCH041,2024-10-01,21,20,Family
ATT202410006040,STU006040,SCH049,2024-10-01,21,18,Medical
ATT202410006041,STU006041,SCH022,2024-10-01,19,17,Family
ATT202410006042,STU006042,SCH009,2024-10-01,18,16,Family
ATT202410006043,STU006043,SCH018,2024-10-01,22,20,Medical
ATT202410006044,STU006044,SCH046,2024-10-01,18,16,Family
ATT202410006045,STU006045,SCH045,2024-10-01,20,19,Medical
ATT202410006046,STU006046,SCH028,2024-10-01,21,18,Other
ATT202410006047,STU006047,SCH049,2024-10-01,19,18,Illness
ATT202410006048,STU006048,SCH048,2024-10-01,19,17,Unauthorised
ATT202410006049,STU006049,SCH011,2024-10-01,22,21,Illness
ATT202410006050,STU006050,SCH049,2024-10-01,20,18,Other
ATT202410006051,STU006051,SCH009,2024-10-01,20,19,Medical
ATT202410006052,STU006052,SCH045,2024-10-01,20,18,Unauthorised
ATT202410006053,STU006053,SCH025,2024-10-01,20,18,Medical
ATT202410006054,STU006054,SCH016,2024-10-01,19,17,Other
ATT202410006055,STU006055,SCH046,2024-10-01,19,18,Family
ATT202410006056,STU006056,SCH022,2024-10-01,18,15,Illness
ATT202410006057,STU006057,SCH035,2024-10-01,19,18,Unauthorised
ATT202410006058,STU006058,SCH018,2024-10-01,18,17,Medical
ATT202410006059,STU006059,SCH011,2024-10-01,18,17,Unauthorised
ATT202410006060,STU006060,SCH030,2024-10-01,18,18,
ATT202410006061,STU006061,SCH035,2024-10-01,21,19,Unauthorised
ATT202410006062,STU006062,SCH021,2024-10-01,18,17,Illness
ATT202410006063,STU006063,SCH022,2024-10-01,20,19,Family
ATT202410006064,STU006064,SCH002,2024-10-01,21,18,Medical
ATT202410006065,STU006065,SCH042,2024-10-01,19,16,Illness
ATT202410006066,STU006066,SCH015,2024-10-01,18,17,Unauthorised
ATT202410006067,STU006067,SCH027,2024-10-01,19,18,Family
ATT202410006068,STU006068,SCH026,2024-10-01,18,16,Illness
ATT202410006069,STU006069,SCH048,2024-10-01,21,20,Unauthorised
ATT202410006070,STU006070,SCH030,2024-10-01,21,18,Other
ATT202410006071,STU006071,SCH048,2024-10-01,21,19,Family
ATT202410006072,STU006072,SCH040,2024-10-01,19,17,Family
ATT202410006073,STU006073,SCH001,2024-10-01,20,17,Family
ATT202410006074,STU006074,SCH048,2024-10-01,20,18,Unauthorised
ATT202410006075,STU006075,SCH012,2024-10-01,22,21,Family
ATT202410006076,STU006076,SCH021,2024-10-01,20,18,Medical
ATT202410006077,STU006077,SCH014,2024-10-01,22,21,Illness
ATT202410006078,STU006078,SCH011,2024-10-01,20,17,Family
ATT202410006079,STU006079,SCH028,2024-10-01,18,17,Other
ATT202410006080,STU006080,SCH021,2024-10-01,21,17,Unauthorised
ATT202410006081,STU006081,SCH009,2024-10-01,19,18,Other
ATT202410006082,STU006082,SCH014,2024-10-01,21,18,Illness
ATT202410006083,STU006083,SCH016,2024-10-01,19,17,Other
ATT202410006084,STU006084,SCH031,2024-10-01,21,19,Illness
ATT202410006085,STU006085,SCH050,2024-10-01,20,19,Family
ATT202410006086,STU006086,SCH011,2024-10-01,21,19,Family
ATT202410006087,STU006087,SCH049,2024-10-01,18,15,Unauthorised
ATT202410006088,STU006088,SCH005,2024-10-01,18,17,Medical
ATT202410006089,STU006089,SCH020,2024-10-01,22,21,Unauthorised
ATT202410006090,STU006090,SCH037,2024-10-01,20,19,Medical
ATT202410006091,STU006091,SCH038,2024-10-01,18,17,Medical
ATT202410006092,STU006092,SCH004,2024-10-01,21,19,Unauthorised
ATT202410006093,STU006093,SCH022,2024-10-01,21,19,Unauthorised
ATT202410006094,STU006094,SCH014,2024-10-01,22,22,
ATT202410006095,STU006095,SCH019,2024-10-01,18,16,Medical
ATT202410006096,STU006096,SCH005,2024-10-01,22,22,
ATT202410006097,STU006097,SCH042,2024-10-01,18,16,Other
ATT202410006098,STU006098,SCH050,2024-10-01,19,17,Other
ATT202410006099,STU006099,SCH001,2024-10-01,18,17,Unauthorised
ATT202410006100,STU006100,SCH004,2024-10-01,21,19,Unauthorised
ATT202410006101,STU006101,SCH002,2024-10-01,19,17,Family
ATT202410006102,STU006102,SCH026,2024-10-01,19,17,Family
ATT202410006103,STU006103,SCH037,2024-10-01,22,21,Unauthorised
ATT202410006104,STU006104,SCH034,2024-10-01,18,17,Illness
ATT202410006105,STU006105,SCH028,2024-10-01,22,20,Unauthorised
ATT202410006106,STU006106,SCH010,2024-10-01,19,17,Other
ATT202410006107,STU006107,SCH035,2024-10-01,22,20,Medical
ATT202410006108,STU006108,SCH002,2024-10-01,19,18,Family
ATT202410006109,STU006109,SCH026,2024-10-01,19,17,Illness
ATT202410006110,STU006110,SCH033,2024-10-01,19,18,Family
ATT202410006111,STU006111,SCH049,2024-10-01,18,16,Other
ATT202410006112,STU006112,SCH003,2024-10-01,21,19,Medical
ATT202410006113,STU006113,SCH019,2024-10-01,21,19,Unauthorised
ATT202410006114,STU006114,SCH036,2024-10-01,21,20,Family
ATT202410006115,STU006115,SCH022,2024-10-01,22,20,Illness
ATT202410006116,STU006116,SCH004,2024-10-01,20,19,Other
ATT202410006117,STU006117,SCH030,2024-10-01,21,21,
ATT202410006118,STU006118,SCH026,2024-10-01,20,18,Other
ATT202410006119,STU006119,SCH037,2024-10-01,20,18,Family
ATT202410006120,STU006120,SCH041,2024-10-01,18,17,Family
ATT202410006121,STU006121,SCH043,2024-10-01,19,17,Medical
ATT202410006122,STU006122,SCH012,2024-10-01,18,15,Unauthorised
ATT202410006123,STU006123,SCH025,2024-10-01,21,19,Unauthorised
ATT202410006124,STU006124,SCH040,2024-10-01,20,19,Unauthorised
ATT202410006125,STU006125,SCH043,2024-10-01,22,20,Unauthorised
ATT202410006126,STU006126,SCH040,2024-10-01,19,18,Illness
ATT202410006128,STU006128,SCH013,2024-10-01,20,18,Medical
ATT202410006129,STU006129,SCH026,2024-10-01,19,17,Medical
ATT202410006130,STU006130,SCH034,2024-10-01,18,15,Family
ATT202410006131,STU006131,SCH003,2024-10-01,22,21,Family
ATT202410006132,STU006132,SCH044,2024-10-01,18,17,Other
ATT202410006133,STU006133,SCH030,2024-10-01,18,16,Medical
ATT202410006134,STU006134,SCH020,2024-10-01,22,19,Other
ATT202410006135,STU006135,SCH027,2024-10-01,21,18,Unauthorised
ATT202410006136,STU006136,SCH020,2024-10-01,22,21,Medical
ATT202410006137,STU006137,SCH027,2024-10-01,21,20,Family
ATT202410006138,STU006138,SCH015,2024-10-01,21,19,Unauthorised
ATT202410006139,STU006139,SCH025,2024-10-01,20,19,Illness
ATT202410006140,STU006140,SCH024,2024-10-01,19,17,Unauthorised
ATT202410006141,STU006141,SCH047,2024-10-01,18,17,Family
ATT202410006142,STU006142,SCH047,2024-10-01,20,18,Unauthorised
ATT202410006143,STU006143,SCH048,2024-10-01,20,18,Medical
ATT202410006144,STU006144,SCH004,2024-10-01,20,18,Family
ATT202410006145,STU006145,SCH033,2024-10-01,22,19,Other
ATT202410006146,STU006146,SCH008,2024-10-01,21,20,Family
ATT202410006147,STU006147,SCH034,2024-10-01,21,19,Unauthorised
ATT202410006148,STU006148,SCH029,2024-10-01,21,19,Medical
ATT202410006149,STU006149,SCH008,2024-10-01,20,19,Family
ATT202410006150,STU006150,SCH008,2024-10-01,21,20,Family
ATT202410006151,STU006151,SCH001,2024-10-01,21,17,Unauthorised
ATT202410006152,STU006152,SCH010,2024-10-01,22,20,Family
ATT202410006153,STU006153,SCH010,2024-10-01,21,20,Unauthorised
ATT202410006154,STU006154,SCH031,2024-10-01,19,18,Family
ATT202410006155,STU006155,SCH001,2024-10-01,22,19,Family
ATT202410006156,STU006156,SCH047,2024-10-01,18,16,Unauthorised
ATT202410006157,STU006157,SCH038,2024-10-01,20,19,Unauthorised
ATT202410006158,STU006158,SCH024,2024-10-01,22,20,Unauthorised
ATT202410006159,STU006159,SCH013,2024-10-01,22,20,Medical
ATT202410006160,STU006160,SCH011,2024-10-01,22,22,
ATT202410006161,STU006161,SCH012,2024-10-01,18,17,Family
ATT202410006162,STU006162,SCH018,2024-10-01,21,18,Unauthorised
ATT202410006163,STU006163,SCH035,2024-10-01,22,18,Unauthorised
ATT202410006164,STU006164,SCH047,2024-10-01,20,19,Medical
ATT202410006165,STU006165,SCH048,2024-10-01,19,17,Unauthorised
ATT202410006166,STU006166,SCH006,2024-10-01,19,18,Medical
ATT202410006167,STU006167,SCH010,2024-10-01,22,20,Family
ATT202410006168,STU006168,SCH031,2024-10-01,19,18,Medical
ATT202410006169,STU006169,SCH008,2024-10-01,18,16,Medical
ATT202410006170,STU006170,SCH024,2024-10-01,20,18,Family
ATT202410006171,STU006171,SCH023,2024-10-01,22,20,Other
ATT202410006172,STU006172,SCH014,2024-10-01,21,19,Family
ATT202410006173,STU006173,SCH039,2024-10-01,22,20,Family
ATT202410006174,STU006174,SCH049,2024-10-01,21,18,Medical
ATT202410006175,STU006175,SCH017,2024-10-01,18,15,Medical
ATT202410006176,STU006176,SCH037,2024-10-01,21,20,Unauthorised
ATT202410006177,STU006177,SCH002,2024-10-01,19,16,Medical
ATT202410006178,STU006178,SCH042,2024-10-01,22,18,Unauthorised
ATT202410006179,STU006179,SCH037,2024-10-01,21,19,Medical
ATT202410006180,STU006180,SCH032,2024-10-01,18,16,Unauthorised
ATT202410006181,STU006181,SCH017,2024-10-01,18,16,Illness
ATT202410006182,STU006182,SCH032,2024-10-01,21,18,Medical
ATT202410006183,STU006183,SCH046,2024-10-01,21,19,Unauthorised
ATT202410006184,STU006184,SCH042,2024-10-01,18,16,Other
ATT202410006185,STU006185,SCH040,2024-10-01,20,19,Other
ATT202410006186,STU006186,SCH030,2024-10-01,18,18,
ATT202410006187,STU006187,SCH022,2024-10-01,21,16,Unauthorised
ATT202410006188,STU006188,SCH024,2024-10-01,19,17,Medical
ATT202410006189,STU006189,SCH030,2024-10-01,19,19,
ATT202410006190,STU006190,SCH013,2024-10-01,19,18,Other
ATT202410006191,STU006191,SCH013,2024-10-01,21,19,Illness
ATT202410006192,STU006192,SCH036,2024-10-01,21,20,Medical
ATT202410006193,STU006193,SCH007,2024-10-01,22,20,Illness
ATT202410006194,STU006194,SCH043,2024-10-01,19,16,Unauthorised
ATT202410006195,STU006195,SCH050,2024-10-01,19,16,Other
ATT202410006196,STU006196,SCH030,2024-10-01,20,18,Medical
ATT202410006198,STU006198,SCH012,2024-10-01,18,16,Unauthorised
ATT202410006199,STU006199,SCH016,2024-10-01,20,19,Family
ATT202410006200,STU006200,SCH037,2024-10-01,22,20,Other
ATT202410006201,STU006201,SCH041,2024-10-01,20,18,Medical
ATT202410006202,STU006202,SCH031,2024-10-01,22,19,Medical
ATT202410006203,STU006203,SCH046,2024-10-01,20,18,Medical
ATT202410006204,STU006204,SCH048,2024-10-01,19,18,Medical
ATT202410006205,STU006205,SCH026,2024-10-01,21,19,Medical
ATT202410006206,STU006206,SCH018,2024-10-01,22,21,Other
ATT202410006207,STU006207,SCH030,2024-10-01,19,18,Family
ATT202410006208,STU006208,SCH003,2024-10-01,22,20,Unauthorised
ATT202410006209,STU006209,SCH021,2024-10-01,22,20,Medical
ATT202410006210,STU006210,SCH003,2024-10-01,20,19,Unauthorised
ATT202410006211,STU006211,SCH043,2024-10-01,19,16,Family
ATT202410006212,STU006212,SCH040,2024-10-01,20,18,Family
ATT202410006213,STU006213,SCH048,2024-10-01,18,16,Illness
ATT202410006214,STU006214,SCH009,2024-10-01,21,20,Family
ATT202410006215,STU006215,SCH041,2024-10-01,19,18,Unauthorised
ATT202410006216,STU006216,SCH049,2024-10-01,19,16,Illness
ATT202410006217,STU006217,SCH043,2024-10-01,21,20,Unauthorised
ATT202410006218,STU006218,SCH037,2024-10-01,19,17,Unauthorised
ATT202410006219,STU006219,SCH007,2024-10-01,19,18,Unauthorised
ATT202410006220,STU006220,SCH024,2024-10-01,22,18,Family
ATT202410006221,STU006221,SCH041,2024-10-01,21,19,Illness
ATT202410006222,STU006222,SCH023,2024-10-01,22,19,Other
ATT202410006223,STU006223,SCH015,2024-10-01,20,18,Unauthorised
ATT202410006224,STU006224,SCH022,2024-10-01,18,16,Unauthorised
ATT202410006225,STU006225,SCH021,2024-10-01,22,19,Unauthorised
ATT202410006226,STU006226,SCH033,2024-10-01,20,19,Unauthorised
ATT202410006227,STU006227,SCH015,2024-10-01,20,18,Illness
ATT202410006228,STU006228,SCH042,2024-10-01,20,18,Medical
ATT202410006229,STU006229,SCH034,2024-10-01,21,20,Other
ATT202410006230,STU006230,SCH028,2024-10-01,21,19,Other
ATT202410006231,STU006231,SCH001,2024-10-01,19,17,Other
ATT202410006233,STU006233,SCH027,2024-10-01,22,20,Other
ATT202410006234,STU006234,SCH040,2024-10-01,18,17,Family
ATT202410006235,STU006235,SCH010,2024-10-01,21,17,Illness
ATT202410006236,STU006236,SCH044,2024-10-01,19,17,Medical
ATT202410006237,STU006237,SCH012,2024-10-01,22,19,Illness
ATT202410006238,STU006238,SCH005,2024-10-01,20,19,Family
ATT202410006239,STU006239,SCH041,2024-10-01,22,20,Medical
ATT202410006240,STU006240,SCH012,2024-10-01,19,17,Medical
ATT202410006241,STU006241,SCH041,2024-10-01,21,20,Other
ATT202410006242,STU006242,SCH034,2024-10-01,18,14,Unauthorised
ATT202410006243,STU006243,SCH019,2024-10-01,18,16,Medical
ATT202410006244,STU006244,SCH028,2024-10-01,18,17,Illness
ATT202410006245,STU006245,SCH030,2024-10-01,18,17,Medical
ATT202410006246,STU006246,SCH025,2024-10-01,22,20,Family
ATT202410006247,STU006247,SCH036,2024-10-01,19,17,Illness
ATT202410006248,STU006248,SCH007,2024-10-01,22,20,Family
ATT202410006249,STU006249,SCH049,2024-10-01,22,18,Other
ATT202410006250,STU006250,SCH020,2024-10-01,22,21,Medical
ATT202410006251,STU006251,SCH022,2024-10-01,20,18,Family
ATT202410006252,STU006252,SCH018,2024-10-01,20,19,Illness
ATT202410006253,STU006253,SCH028,2024-10-01,18,17,Family
ATT202410006254,STU006254,SCH029,2024-10-01,20,18,Illness
ATT202410006255,STU006255,SCH044,2024-10-01,19,17,Medical
ATT202410006256,STU006256,SCH030,2024-10-01,18,17,Medical
ATT202410006257,STU006257,SCH017,2024-10-01,21,19,Medical
ATT202410006258,STU006258,SCH041,2024-10-01,18,16,Medical
ATT202410006259,STU006259,SCH050,2024-10-01,20,19,Other
ATT202410006260,STU006260,SCH026,2024-10-01,21,19,Family
ATT202410006261,STU006261,SCH019,2024-10-01,20,20,
ATT202410006262,STU006262,SCH014,2024-10-01,21,20,Other
ATT202410006263,STU006263,SCH048,2024-10-01,22,20,Medical
ATT202410006264,STU006264,SCH030,2024-10-01,22,20,Family
ATT202410006265,STU006265,SCH043,2024-10-01,18,17,Unauthorised
ATT202410006266,STU006266,SCH037,2024-10-01,21,19,Medical
ATT202410006267,STU006267,SCH033,2024-10-01,19,19,
ATT202410006268,STU006268,SCH011,2024-10-01,18,17,Family
ATT202410006269,STU006269,SCH026,2024-10-01,22,20,Family
ATT202410006270,STU006270,SCH037,2024-10-01,18,17,Illness
ATT202410006271,STU006271,SCH050,2024-10-01,21,20,Medical
ATT202410006272,STU006272,SCH021,2024-10-01,18,17,Illness
ATT202410006273,STU006273,SCH026,2024-10-01,19,18,Family
ATT202410006274,STU006274,SCH030,2024-10-01,19,17,Medical
ATT202410006275,STU006275,SCH003,2024-10-01,19,18,Family
ATT202410006276,STU006276,SCH028,2024-10-01,22,20,Unauthorised
ATT202410006277,STU006277,SCH018,2024-10-01,22,21,Unauthorised
ATT202410006278,STU006278,SCH045,2024-10-01,22,21,Illness
ATT202410006279,STU006279,SCH009,2024-10-01,21,18,Medical
ATT202410006280,STU006280,SCH007,2024-10-01,21,19,Unauthorised
ATT202410006281,STU006281,SCH017,2024-10-01,22,19,Unauthorised
ATT202410006282,STU006282,SCH020,2024-10-01,21,20,Other
ATT202410006283,STU006283,SCH038,2024-10-01,22,21,Unauthorised
ATT202410006284,STU006284,SCH023,2024-10-01,21,20,Unauthorised
ATT202410006285,STU006285,SCH019,2024-10-01,19,18,Family
ATT202410006286,STU006286,SCH007,2024-10-01,20,19,Illness
ATT202410006287,STU006287,SCH005,2024-10-01,21,19,Family
ATT202410006288,STU006288,SCH021,2024-10-01,19,18,Medical
ATT202410006289,STU006289,SCH007,2024-10-01,18,18,
ATT202410006290,STU006290,SCH026,2024-10-01,21,19,Unauthorised
ATT202410006291,STU006291,SCH023,2024-10-01,22,21,Medical
ATT202410006292,STU006292,SCH036,2024-10-01,22,20,Unauthorised
ATT202410006293,STU006293,SCH017,2024-10-01,20,18,Medical
ATT202410006294,STU006294,SCH033,2024-10-01,22,21,Illness
ATT202410006295,STU006295,SCH003,2024-10-01,22,20,Unauthorised
ATT202410006296,STU006296,SCH004,2024-10-01,21,19,Other
ATT202410006298,STU006298,SCH004,2024-10-01,22,19,Family
ATT202410006299,STU006299,SCH048,2024-10-01,22,19,Unauthorised
ATT202410006300,STU006300,SCH018,2024-10-01,21,20,Medical
ATT202410006301,STU006301,SCH003,2024-10-01,21,20,Family
ATT202410006302,STU006302,SCH004,2024-10-01,19,17,Medical
ATT202410006303,STU006303,SCH002,2024-10-01,19,17,Unauthorised
ATT202410006304,STU006304,SCH022,2024-10-01,20,18,Illness
ATT202410006305,STU006305,SCH031,2024-10-01,18,16,Medical
ATT202410006306,STU006306,SCH024,2024-10-01,21,18,Unauthorised
ATT202410006307,STU006307,SCH030,2024-10-01,19,17,Other
ATT202410006308,STU006308,SCH019,2024-10-01,18,18,
ATT202410006309,STU006309,SCH035,2024-10-01,20,18,Medical
ATT202410006310,STU006310,SCH006,2024-10-01,19,18,Illness
ATT202410006311,STU006311,SCH033,2024-10-01,20,18,Medical
ATT202410006312,STU006312,SCH027,2024-10-01,20,18,Unauthorised
ATT202410006313,STU006313,SCH001,2024-10-01,20,19,Unauthorised
ATT202410006314,STU006314,SCH047,2024-10-01,20,18,Other
ATT202410006315,STU006315,SCH018,2024-10-01,19,17,Other
ATT202410006316,STU006316,SCH049,2024-10-01,21,21,
ATT202410006317,STU006317,SCH038,2024-10-01,22,20,Medical
ATT202410006318,STU006318,SCH027,2024-10-01,18,17,Other
ATT202410006319,STU006319,SCH001,2024-10-01,22,20,Medical
ATT202410006320,STU006320,SCH026,2024-10-01,18,16,Unauthorised
ATT202410006321,STU006321,SCH028,2024-10-01,18,16,Unauthorised
ATT202410006322,STU006322,SCH006,2024-10-01,18,17,Other
ATT202410006323,STU006323,SCH003,2024-10-01,22,20,Unauthorised
ATT202410006324,STU006324,SCH042,2024-10-01,19,18,Unauthorised
ATT202410006325,STU006325,SCH049,2024-10-01,19,17,Illness
ATT202410006326,STU006326,SCH028,2024-10-01,22,22,
ATT202410006327,STU006327,SCH016,2024-10-01,21,20,Medical
ATT202410006328,STU006328,SCH044,2024-10-01,21,20,Medical
ATT202410006329,STU006329,SCH006,2024-10-01,21,18,Unauthorised
ATT202410006330,STU006330,SCH039,2024-10-01,21,19,Illness
ATT202410006331,STU006331,SCH037,2024-10-01,22,19,Medical
ATT202410006332,STU006332,SCH038,2024-10-01,19,17,Medical
ATT202410006333,STU006333,SCH019,2024-10-01,21,20,Unauthorised
ATT202410006334,STU006334,SCH037,2024-10-01,19,17,Medical
ATT202410006335,STU006335,SCH038,2024-10-01,18,17,Unauthorised
ATT202410006336,STU006336,SCH037,2024-10-01,20,18,Medical
ATT202410006337,STU006337,SCH009,2024-10-01,20,18,Illness
ATT202410006338,STU006338,SCH001,2024-10-01,18,17,Unauthorised
ATT202410006339,STU006339,SCH048,2024-10-01,21,19,Family
ATT202410006340,STU006340,SCH002,2024-10-01,22,18,Other
ATT202410006341,STU006341,SCH005,2024-10-01,19,17,Family
ATT202410006342,STU006342,SCH009,2024-10-01,22,20,Other
ATT202410006343,STU006343,SCH042,2024-10-01,20,18,Medical
ATT202410006344,STU006344,SCH003,2024-10-01,21,19,Illness
ATT202410006345,STU006345,SCH009,2024-10-01,18,16,Illness
ATT202410006346,STU006346,SCH008,2024-10-01,19,17,Illness
ATT202410006347,STU006347,SCH016,2024-10-01,19,17,Unauthorised
ATT202410006348,STU006348,SCH029,2024-10-01,20,18,Illness
ATT202410006349,STU006349,SCH019,2024-10-01,22,20,Illness
ATT202410006350,STU006350,SCH040,2024-10-01,19,19,
ATT202410006351,STU006351,SCH046,2024-10-01,21,20,Unauthorised
ATT202410006352,STU006352,SCH002,2024-10-01,22,16,Unauthorised
ATT202410006353,STU006353,SCH036,2024-10-01,22,22,
ATT202410006354,STU006354,SCH047,2024-10-01,19,17,Medical
ATT202410006355,STU006355,SCH039,2024-10-01,18,17,Family
ATT202410006356,STU006356,SCH012,2024-10-01,18,17,Other
ATT202410006357,STU006357,SCH039,2024-10-01,22,19,Medical
ATT202410006358,STU006358,SCH001,2024-10-01,19,16,Unauthorised
ATT202410006359,STU006359,SCH012,2024-10-01,19,17,Illness
ATT202410006360,STU006360,SCH019,2024-10-01,21,20,Unauthorised
ATT202410006361,STU006361,SCH032,2024-10-01,20,18,Medical
ATT202410006362,STU006362,SCH019,2024-10-01,19,18,Other
ATT202410006363,STU006363,SCH041,2024-10-01,18,16,Illness
ATT202410006364,STU006364,SCH014,2024-10-01,22,19,Family
ATT202410006365,STU006365,SCH007,2024-10-01,22,21,Medical
ATT202410006366,STU006366,SCH019,2024-10-01,18,17,Medical
ATT202410006367,STU006367,SCH031,2024-10-01,18,16,Other
ATT202410006368,STU006368,SCH024,2024-10-01,22,20,Medical
ATT202410006369,STU006369,SCH012,2024-10-01,18,16,Medical
ATT202410006370,STU006370,SCH035,2024-10-01,20,17,Medical
ATT202410006371,STU006371,SCH029,2024-10-01,21,18,Family
ATT202410006372,STU006372,SCH002,2024-10-01,18,18,
ATT202410006373,STU006373,SCH034,2024-10-01,21,19,Illness
ATT202410006374,STU006374,SCH022,2024-10-01,22,20,Other
ATT202410006375,STU006375,SCH015,2024-10-01,19,16,Illness
ATT202410006376,STU006376,SCH040,2024-10-01,22,20,Unauthorised
ATT202410006377,STU006377,SCH003,2024-10-01,21,19,Medical
ATT202410006378,STU006378,SCH042,2024-10-01,22,17,Medical
ATT202410006379,STU006379,SCH033,2024-10-01,19,18,Other
ATT202410006380,STU006380,SCH020,2024-10-01,22,21,Illness
ATT202410006381,STU006381,SCH005,2024-10-01,21,19,Medical
ATT202410006382,STU006382,SCH038,2024-10-01,18,16,Other
ATT202410006383,STU006383,SCH004,2024-10-01,19,18,Medical
ATT202410006384,STU006384,SCH005,2024-10-01,22,20,Illness
ATT202410006385,STU006385,SCH006,2024-10-01,20,19,Other
ATT202410006387,STU006387,SCH011,2024-10-01,22,21,Family
ATT202410006388,STU006388,SCH048,2024-10-01,19,17,Illness
ATT202410006389,STU006389,SCH002,2024-10-01,21,20,Illness
ATT202410006390,STU006390,SCH008,2024-10-01,18,16,Other
ATT202410006391,STU006391,SCH005,2024-10-01,19,18,Unauthorised
ATT202410006392,STU006392,SCH007,2024-10-01,20,19,Family
ATT202410006393,STU006393,SCH047,2024-10-01,19,16,Family
ATT202410006394,STU006394,SCH006,2024-10-01,19,17,Illness
ATT202410006395,STU006395,SCH006,2024-10-01,21,18,Other
ATT202410006396,STU006396,SCH016,2024-10-01,19,17,Family
ATT202410006397,STU006397,SCH034,2024-10-01,22,19,Other
ATT202410006398,STU006398,SCH037,2024-10-01,18,17,Other
ATT202410006399,STU006399,SCH019,2024-10-01,20,19,Medical
ATT202410006400,STU006400,SCH017,2024-10-01,18,16,Unauthorised
ATT202410006401,STU006401,SCH050,2024-10-01,22,20,Medical
ATT202410006402,STU006402,SCH021,2024-10-01,19,18,Medical
ATT202410006404,STU006404,SCH022,2024-10-01,19,18,Illness
ATT202410006405,STU006405,SCH038,2024-10-01,20,18,Family
ATT202410006406,STU006406,SCH044,2024-10-01,18,17,Unauthorised
ATT202410006407,STU006407,SCH017,2024-10-01,22,19,Other
ATT202410006408,STU006408,SCH044,2024-10-01,19,17,Unauthorised
ATT202410006409,STU006409,SCH010,2024-10-01,18,15,Medical
ATT202410006410,STU006410,SCH035,2024-10-01,21,19,Unauthorised
ATT202410006411,STU006411,SCH019,2024-10-01,19,17,Illness
ATT202410006412,STU006412,SCH030,2024-10-01,20,19,Family
ATT202410006413,STU006413,SCH004,2024-10-01,19,18,Other
ATT202410006414,STU006414,SCH018,2024-10-01,18,17,Unauthorised
ATT202410006415,STU006415,SCH048,2024-10-01,19,17,Medical
ATT202410006416,STU006416,SCH029,2024-10-01,21,19,Family
ATT202410006417,STU006417,SCH029,2024-10-01,20,18,Unauthorised
ATT202410006418,STU006418,SCH010,2024-10-01,20,18,Illness
ATT202410006419,STU006419,SCH007,2024-10-01,22,20,Family
ATT202410006420,STU006420,SCH023,2024-10-01,22,19,Illness
ATT202410006421,STU006421,SCH019,2024-10-01,18,18,
ATT202410006422,STU006422,SCH004,2024-10-01,21,19,Illness
ATT202410006423,STU006423,SCH007,2024-10-01,21,20,Family
ATT202410006424,STU006424,SCH031,2024-10-01,21,20,Medical
ATT202410006425,STU006425,SCH041,2024-10-01,20,18,Medical
ATT202410006426,STU006426,SCH007,2024-10-01,20,20,
ATT202410006427,STU006427,SCH020,2024-10-01,18,16,Medical
ATT202410006428,STU006428,SCH047,2024-10-01,20,19,Medical
ATT202410006429,STU006429,SCH049,2024-10-01,20,17,Family
ATT202410006430,STU006430,SCH018,2024-10-01,19,18,Unauthorised
ATT202410006431,STU006431,SCH007,2024-10-01,20,19,Other
ATT202410006432,STU006432,SCH033,2024-10-01,22,20,Unauthorised
ATT202410006434,STU006434,SCH035,2024-10-01,21,19,Medical
ATT202410006435,STU006435,SCH001,2024-10-01,21,19,Family
ATT202410006436,STU006436,SCH028,2024-10-01,20,18,Other
ATT202410006437,STU006437,SCH003,2024-10-01,18,17,Medical
ATT202410006438,STU006438,SCH035,2024-10-01,18,16,Family
ATT202410006439,STU006439,SCH017,2024-10-01,18,15,Unauthorised
ATT202410006440,STU006440,SCH019,2024-10-01,20,18,Other
ATT202410006441,STU006441,SCH042,2024-10-01,20,18,Medical
ATT202410006442,STU006442,SCH045,2024-10-01,18,16,Medical
ATT202410006443,STU006443,SCH046,2024-10-01,21,20,Unauthorised
ATT202410006444,STU006444,SCH001,2024-10-01,20,18,Medical
ATT202410006445,STU006445,SCH014,2024-10-01,18,18,
ATT202410006446,STU006446,SCH034,2024-10-01,22,22,
ATT202410006447,STU006447,SCH025,2024-10-01,22,21,Other
ATT202410006448,STU006448,SCH018,2024-10-01,20,19,Other
ATT202410006449,STU006449,SCH044,2024-10-01,19,18,Family
ATT202410006450,STU006450,SCH004,2024-10-01,20,18,Other
ATT202410006451,STU006451,SCH044,2024-10-01,18,16,Family
ATT202410006452,STU006452,SCH020,2024-10-01,18,17,Other
ATT202410006453,STU006453,SCH013,2024-10-01,19,17,Other
ATT202410006454,STU006454,SCH035,2024-10-01,19,17,Other
ATT202410006455,STU006455,SCH043,2024-10-01,19,17,Family
ATT202410006456,STU006456,SCH023,2024-10-01,19,17,Other
ATT202410006457,STU006457,SCH006,2024-10-01,21,18,Unauthorised
ATT202410006458,STU006458,SCH015,2024-10-01,21,20,Medical
ATT202410006459,STU006459,SCH017,2024-10-01,19,16,Medical
ATT202410006460,STU006460,SCH045,2024-10-01,21,20,Unauthorised
ATT202410006461,STU006461,SCH023,2024-10-01,18,17,Medical
ATT202410006462,STU006462,SCH034,2024-10-01,19,16,Family
ATT202410006463,STU006463,SCH012,2024-10-01,22,20,Illness
ATT202410006464,STU006464,SCH041,2024-10-01,21,19,Other
ATT202410006465,STU006465,SCH039,2024-10-01,21,19,Medical
ATT202410006466,STU006466,SCH034,2024-10-01,22,17,Illness
ATT202410006467,STU006467,SCH033,2024-10-01,22,20,Medical
ATT202410006468,STU006468,SCH037,2024-10-01,18,17,Family
ATT202410006469,STU006469,SCH013,2024-10-01,22,20,Family
ATT202410006470,STU006470,SCH043,2024-10-01,20,17,Family
ATT202410006471,STU006471,SCH021,2024-10-01,18,17,Illness
ATT202410006472,STU006472,SCH028,2024-10-01,21,18,Medical
ATT202410006473,STU006473,SCH047,2024-10-01,20,19,Unauthorised
ATT202410006474,STU006474,SCH031,2024-10-01,22,20,Illness
ATT202410006475,STU006475,SCH038,2024-10-01,18,16,Other
ATT202410006476,STU006476,SCH036,2024-10-01,21,20,Medical
ATT202410006477,STU006477,SCH029,2024-10-01,22,20,Unauthorised
ATT202410006478,STU006478,SCH014,2024-10-01,22,22,
ATT202410006479,STU006479,SCH046,2024-10-01,22,21,Family
ATT202410006480,STU006480,SCH044,2024-10-01,21,17,Other
ATT202410006481,STU006481,SCH031,2024-10-01,21,20,Medical
ATT202410006482,STU006482,SCH031,2024-10-01,21,18,Family
ATT202410006483,STU006483,SCH007,2024-10-01,21,20,Unauthorised
ATT202410006484,STU006484,SCH042,2024-10-01,21,17,Medical
ATT202410006485,STU006485,SCH017,2024-10-01,21,18,Medical
ATT202410006486,STU006486,SCH040,2024-10-01,21,21,
ATT202410006487,STU006487,SCH022,2024-10-01,20,19,Illness
ATT202410006488,STU006488,SCH038,2024-10-01,21,19,Medical
ATT202410006489,STU006489,SCH023,2024-10-01,20,18,Unauthorised
ATT202410006490,STU006490,SCH018,2024-10-01,18,16,Illness
ATT202410006491,STU006491,SCH020,2024-10-01,19,17,Unauthorised
ATT202410006492,STU006492,SCH019,2024-10-01,19,17,Illness
ATT202410006493,STU006493,SCH027,2024-10-01,20,19,Other
ATT202410006495,STU006495,SCH001,2024-10-01,20,19,Medical
ATT202410006496,STU006496,SCH033,2024-10-01,18,16,Unauthorised
ATT202410006497,STU006497,SCH028,2024-10-01,21,19,Illness
ATT202410006498,STU006498,SCH034,2024-10-01,22,19,Other
ATT202410006499,STU006499,SCH033,2024-10-01,20,19,Other
ATT202410006500,STU006500,SCH024,2024-10-01,20,17,Family
ATT202410006501,STU006501,SCH032,2024-10-01,18,16,Medical
ATT202410006502,STU006502,SCH034,2024-10-01,22,20,Illness
ATT202410006503,STU006503,SCH016,2024-10-01,22,21,Family
ATT202410006504,STU006504,SCH001,2024-10-01,20,18,Family
ATT202410006505,STU006505,SCH044,2024-10-01,21,19,Medical
ATT202410006506,STU006506,SCH047,2024-10-01,20,18,Other
ATT202410006507,STU006507,SCH035,2024-10-01,22,20,Other
ATT202410006508,STU006508,SCH041,2024-10-01,22,20,Family
ATT202410006509,STU006509,SCH044,2024-10-01,19,17,Medical
ATT202410006510,STU006510,SCH014,2024-10-01,22,20,Family
ATT202410006511,STU006511,SCH010,2024-10-01,19,18,Unauthorised
ATT202410006512,STU006512,SCH002,2024-10-01,21,21,
ATT202410006513,STU006513,SCH037,2024-10-01,18,17,Unauthorised
ATT202410006514,STU006514,SCH037,2024-10-01,22,21,Medical
ATT202410006515,STU006515,SCH021,2024-10-01,22,20,Family
ATT202410006516,STU006516,SCH021,2024-10-01,21,19,Family
ATT202410006517,STU006517,SCH023,2024-10-01,22,19,Unauthorised
ATT202410006518,STU006518,SCH050,2024-10-01,19,18,Medical
ATT202410006519,STU006519,SCH012,2024-10-01,20,18,Other
ATT202410006520,STU006520,SCH026,2024-10-01,18,17,Medical
ATT202410006521,STU006521,SCH005,2024-10-01,22,20,Medical
ATT202410006522,STU006522,SCH008,2024-10-01,22,19,Unauthorised
ATT202410006523,STU006523,SCH012,2024-10-01,20,16,Family
ATT202410006524,STU006524,SCH026,2024-10-01,19,17,Illness
ATT202410006525,STU006525,SCH005,2024-10-01,21,20,Illness
ATT202410006526,STU006526,SCH047,2024-10-01,21,20,Medical
ATT202410006527,STU006527,SCH022,2024-10-01,18,16,Family
ATT202410006528,STU006528,SCH025,2024-10-01,19,18,Unauthorised
ATT202410006529,STU006529,SCH018,2024-10-01,19,18,Medical
ATT202410006530,STU006530,SCH017,2024-10-01,19,16,Medical
ATT202410006531,STU006531,SCH033,2024-10-01,21,19,Family
ATT202410006532,STU006532,SCH050,2024-10-01,22,19,Family
ATT202410006533,STU006533,SCH042,2024-10-01,22,20,Other
ATT202410006534,STU006534,SCH046,2024-10-01,20,18,Unauthorised
ATT202410006535,STU006535,SCH041,2024-10-01,18,16,Family
ATT202410006536,STU006536,SCH029,2024-10-01,22,20,Medical
ATT202410006537,STU006537,SCH020,2024-10-01,18,17,Unauthorised
ATT202410006538,STU006538,SCH013,2024-10-01,20,19,Unauthorised
ATT202410006539,STU006539,SCH044,2024-10-01,21,18,Illness
ATT202410006540,STU006540,SCH014,2024-10-01,18,17,Illness
ATT202410006541,STU006541,SCH013,2024-10-01,20,18,Medical
ATT202410006542,STU006542,SCH048,2024-10-01,22,20,Unauthorised
ATT202410006543,STU006543,SCH032,2024-10-01,19,17,Family
ATT202410006544,STU006544,SCH050,2024-10-01,20,18,Family
ATT202410006545,STU006545,SCH050,2024-10-01,19,17,Family
ATT202410006546,STU006546,SCH026,2024-10-01,22,21,Medical
ATT202410006547,STU006547,SCH044,2024-10-01,19,17,Unauthorised
ATT202410006548,STU006548,SCH028,2024-10-01,20,20,
ATT202410006549,STU006549,SCH041,2024-10-01,18,16,Other
ATT202410006550,STU006550,SCH038,2024-10-01,22,21,Unauthorised
ATT202410006551,STU006551,SCH027,2024-10-01,22,19,Other
ATT202410006552,STU006552,SCH002,2024-10-01,20,19,Illness
ATT202410006553,STU006553,SCH014,2024-10-01,19,19,
ATT202410006554,STU006554,SCH023,2024-10-01,20,19,Unauthorised
ATT202410006555,STU006555,SCH043,2024-10-01,20,18,Other
ATT202410006556,STU006556,SCH036,2024-10-01,22,18,Unauthorised
ATT202410006557,STU006557,SCH027,2024-10-01,20,18,Family
ATT202410006558,STU006558,SCH003,2024-10-01,18,16,Family
ATT202410006559,STU006559,SCH008,2024-10-01,18,16,Illness
ATT202410006560,STU006560,SCH033,2024-10-01,21,19,Unauthorised
ATT202410006561,STU006561,SCH024,2024-10-01,21,18,Illness
ATT202410006562,STU006562,SCH029,2024-10-01,19,16,Other
ATT202410006563,STU006563,SCH011,2024-10-01,20,19,Illness
ATT202410006564,STU006564,SCH021,2024-10-01,20,19,Family
ATT202410006565,STU006565,SCH018,2024-10-01,20,19,Illness
ATT202410006566,STU006566,SCH021,2024-10-01,18,16,Family
ATT202410006567,STU006567,SCH004,2024-10-01,18,16,Illness
ATT202410006568,STU006568,SCH007,2024-10-01,21,19,Medical
ATT202410006569,STU006569,SCH020,2024-10-01,21,19,Illness
ATT202410006570,STU006570,SCH036,2024-10-01,22,20,Unauthorised
ATT202410006571,STU006571,SCH004,2024-10-01,21,19,Medical
ATT202410006572,STU006572,SCH004,2024-10-01,19,18,Other
ATT202410006573,STU006573,SCH043,2024-10-01,21,18,Medical
ATT202410006574,STU006574,SCH007,2024-10-01,22,20,Family
ATT202410006575,STU006575,SCH004,2024-10-01,20,19,Unauthorised
ATT202410006576,STU006576,SCH006,2024-10-01,19,18,Illness
ATT202410006577,STU006577,SCH021,2024-10-01,19,18,Other
ATT202410006578,STU006578,SCH030,2024-10-01,21,21,
ATT202410006579,STU006579,SCH011,2024-10-01,20,19,Family
ATT202410006580,STU006580,SCH037,2024-10-01,20,18,Family
ATT202410006581,STU006581,SCH004,2024-10-01,20,17,Unauthorised
ATT202410006582,STU006582,SCH047,2024-10-01,22,20,Unauthorised
ATT202410006583,STU006583,SCH040,2024-10-01,22,21,Unauthorised
ATT202410006584,STU006584,SCH009,2024-10-01,19,17,Illness
ATT202410006585,STU006585,SCH019,2024-10-01,21,20,Illness
ATT202410006586,STU006586,SCH030,2024-10-01,18,17,Medical
ATT202410006587,STU006587,SCH014,2024-10-01,18,16,Family
ATT202410006588,STU006588,SCH049,2024-10-01,21,21,
ATT202410006589,STU006589,SCH044,2024-10-01,19,17,Illness
ATT202410006590,STU006590,SCH037,2024-10-01,18,17,Other
ATT202410006591,STU006591,SCH021,2024-10-01,22,18,Other
ATT202410006592,STU006592,SCH019,2024-10-01,21,19,Family
ATT202410006593,STU006593,SCH027,2024-10-01,19,17,Illness
ATT202410006594,STU006594,SCH012,2024-10-01,21,19,Unauthorised
ATT202410006595,STU006595,SCH050,2024-10-01,18,15,Family
ATT202410006596,STU006596,SCH015,2024-10-01,22,21,Medical
ATT202410006598,STU006598,SCH036,2024-10-01,19,18,Illness
ATT202410006599,STU006599,SCH049,2024-10-01,21,17,Family
ATT202410006600,STU006600,SCH008,2024-10-01,18,18,
ATT202410006602,STU006602,SCH011,2024-10-01,21,19,Other
ATT202410006603,STU006603,SCH031,2024-10-01,22,21,Family
ATT202410006604,STU006604,SCH004,2024-10-01,22,19,Medical
ATT202410006605,STU006605,SCH007,2024-10-01,22,21,Other
ATT202410006606,STU006606,SCH048,2024-10-01,20,19,Family
ATT202410006607,STU006607,SCH024,2024-10-01,20,18,Other
ATT202410006608,STU006608,SCH006,2024-10-01,21,20,Unauthorised
ATT202410006609,STU006609,SCH031,2024-10-01,19,18,Family
ATT202410006610,STU006610,SCH046,2024-10-01,19,18,Family
ATT202410006611,STU006611,SCH046,2024-10-01,21,19,Other
ATT202410006612,STU006612,SCH008,2024-10-01,21,19,Family
ATT202410006613,STU006613,SCH046,2024-10-01,20,18,Unauthorised
ATT202410006614,STU006614,SCH025,2024-10-01,18,16,Medical
ATT202410006615,STU006615,SCH039,2024-10-01,20,19,Other
ATT202410006616,STU006616,SCH028,2024-10-01,21,19,Family
ATT202410006617,STU006617,SCH050,2024-10-01,19,18,Family
ATT202410006618,STU006618,SCH037,2024-10-01,21,19,Other
ATT202410006619,STU006619,SCH032,2024-10-01,19,17,Medical
ATT202410006620,STU006620,SCH023,2024-10-01,21,19,Medical
ATT202410006621,STU006621,SCH046,2024-10-01,21,19,Illness
ATT202410006622,STU006622,SCH039,2024-10-01,19,17,Other
ATT202410006623,STU006623,SCH037,2024-10-01,19,17,Medical
ATT202410006624,STU006624,SCH011,2024-10-01,20,18,Unauthorised
ATT202410006625,STU006625,SCH016,2024-10-01,20,18,Family
ATT202410006626,STU006626,SCH017,2024-10-01,20,18,Other
ATT202410006627,STU006627,SCH034,2024-10-01,21,19,Medical
ATT202410006628,STU006628,SCH036,2024-10-01,21,18,Illness
ATT202410006629,STU006629,SCH021,2024-10-01,19,16,Family
ATT202410006630,STU006630,SCH009,2024-10-01,19,18,Medical
ATT202410006631,STU006631,SCH031,2024-10-01,19,17,Family
ATT202410006632,STU006632,SCH047,2024-10-01,21,19,Medical
ATT202410006633,STU006633,SCH044,2024-10-01,22,21,Family
ATT202410006634,STU006634,SCH005,2024-10-01,22,20,Other
ATT202410006635,STU006635,SCH002,2024-10-01,22,21,Medical
ATT202410006636,STU006636,SCH028,2024-10-01,20,19,Other
ATT202410006637,STU006637,SCH002,2024-10-01,19,15,Medical
ATT202410006638,STU006638,SCH006,2024-10-01,22,20,Family
ATT202410006639,STU006639,SCH031,2024-10-01,21,19,Other
ATT202410006640,STU006640,SCH008,2024-10-01,18,17,Illness
ATT202410006641,STU006641,SCH042,2024-10-01,22,22,
ATT202410006642,STU006642,SCH046,2024-10-01,22,21,Family
ATT202410006643,STU006643,SCH038,2024-10-01,18,17,Family
ATT202410006644,STU006644,SCH040,2024-10-01,20,19,Unauthorised
ATT202410006645,STU006645,SCH038,2024-10-01,22,19,Unauthorised
ATT202410006646,STU006646,SCH018,2024-10-01,20,19,Family
ATT202410006647,STU006647,SCH003,2024-10-01,20,18,Unauthorised
ATT202410006648,STU006648,SCH036,2024-10-01,21,19,Other
ATT202410006649,STU006649,SCH028,2024-10-01,22,20,Medical
ATT202410006650,STU006650,SCH030,2024-10-01,21,20,Illness
ATT202410006651,STU006651,SCH015,2024-10-01,22,21,Family
ATT202410006652,STU006652,SCH018,2024-10-01,20,20,
ATT202410006653,STU006653,SCH027,2024-10-01,22,20,Unauthorised
ATT202410006654,STU006654,SCH006,2024-10-01,18,17,Medical
ATT202410006655,STU006655,SCH043,2024-10-01,19,17,Other
ATT202410006656,STU006656,SCH033,2024-10-01,21,21,
ATT202410006657,STU006657,SCH029,2024-10-01,20,18,Family
ATT202410006658,STU006658,SCH009,2024-10-01,21,19,Unauthorised
ATT202410006659,STU006659,SCH013,2024-10-01,21,20,Family
ATT202410006660,STU006660,SCH043,2024-10-01,22,19,Unauthorised
ATT202410006661,STU006661,SCH011,2024-10-01,21,20,Unauthorised
ATT202410006662,STU006662,SCH044,2024-10-01,21,21,
ATT202410006663,STU006663,SCH010,2024-10-01,19,16,Other
ATT202410006664,STU006664,SCH027,2024-10-01,18,16,Unauthorised
ATT202410006665,STU006665,SCH045,2024-10-01,21,19,Unauthorised
ATT202410006666,STU006666,SCH033,2024-10-01,22,19,Unauthorised
ATT202410006667,STU006667,SCH020,2024-10-01,22,20,Medical
ATT202410006668,STU006668,SCH045,2024-10-01,19,17,Medical
ATT202410006669,STU006669,SCH024,2024-10-01,20,18,Medical
ATT202410006670,STU006670,SCH027,2024-10-01,18,16,Unauthorised
ATT202410006671,STU006671,SCH048,2024-10-01,18,18,
ATT202410006672,STU006672,SCH046,2024-10-01,20,18,Family
ATT202410006673,STU006673,SCH003,2024-10-01,21,19,Unauthorised
ATT202410006674,STU006674,SCH004,2024-10-01,19,19,
ATT202410006675,STU006675,SCH035,2024-10-01,18,16,Illness
ATT202410006677,STU006677,SCH004,2024-10-01,20,18,Other
ATT202410006678,STU006678,SCH014,2024-10-01,21,19,Illness
ATT202410006679,STU006679,SCH041,2024-10-01,20,18,Medical
ATT202410006680,STU006680,SCH026,2024-10-01,19,18,Family
ATT202410006681,STU006681,SCH016,2024-10-01,22,19,Other
ATT202410006682,STU006682,SCH040,2024-10-01,20,17,Unauthorised
ATT202410006683,STU006683,SCH034,2024-10-01,18,17,Family
ATT202410006684,STU006684,SCH029,2024-10-01,22,20,Other
ATT202410006685,STU006685,SCH013,2024-10-01,18,16,Medical
ATT202410006686,STU006686,SCH007,2024-10-01,22,21,Medical
ATT202410006687,STU006687,SCH033,2024-10-01,18,17,Unauthorised
ATT202410006688,STU006688,SCH032,2024-10-01,20,18,Illness
ATT202410006689,STU006689,SCH018,2024-10-01,20,19,Unauthorised
ATT202410006690,STU006690,SCH028,2024-10-01,20,18,Family
ATT202410006691,STU006691,SCH012,2024-10-01,22,21,Other
ATT202410006692,STU006692,SCH011,2024-10-01,22,20,Other
ATT202410006693,STU006693,SCH046,2024-10-01,19,18,Unauthorised
ATT202410006694,STU006694,SCH001,2024-10-01,20,19,Illness
ATT202410006695,STU006695,SCH026,2024-10-01,18,17,Illness
ATT202410006696,STU006696,SCH046,2024-10-01,22,18,Other
ATT202410006697,STU006697,SCH003,2024-10-01,21,17,Other
ATT202410006698,STU006698,SCH040,2024-10-01,18,17,Other
ATT202410006699,STU006699,SCH042,2024-10-01,20,18,Illness
ATT202410006700,STU006700,SCH023,2024-10-01,20,19,Medical
ATT202410006701,STU006701,SCH044,2024-10-01,21,18,Medical
ATT202410006702,STU006702,SCH028,2024-10-01,21,19,Other
ATT202410006703,STU006703,SCH037,2024-10-01,22,21,Other
ATT202410006704,STU006704,SCH024,2024-10-01,22,19,Medical
ATT202410006705,STU006705,SCH017,2024-10-01,19,18,Family
ATT202410006706,STU006706,SCH014,2024-10-01,20,18,Unauthorised
ATT202410006707,STU006707,SCH020,2024-10-01,20,17,Family
ATT202410006708,STU006708,SCH043,2024-10-01,22,20,Family
ATT202410006709,STU006709,SCH028,2024-10-01,19,19,
ATT202410006710,STU006710,SCH004,2024-10-01,22,21,Medical
ATT202410006711,STU006711,SCH022,2024-10-01,20,19,Medical
ATT202410006712,STU006712,SCH018,2024-10-01,20,17,Family
ATT202410006713,STU006713,SCH016,2024-10-01,18,17,Other
ATT202410006714,STU006714,SCH037,2024-10-01,20,18,Unauthorised
ATT202410006716,STU006716,SCH007,2024-10-01,19,18,Medical
ATT202410006717,STU006717,SCH036,2024-10-01,19,18,Other
ATT202410006718,STU006718,SCH027,2024-10-01,22,19,Family
ATT202410006719,STU006719,SCH036,2024-10-01,20,18,Other
ATT202410006720,STU006720,SCH050,2024-10-01,20,18,Unauthorised
ATT202410006721,STU006721,SCH016,2024-10-01,18,17,Unauthorised
ATT202410006722,STU006722,SCH018,2024-10-01,21,19,Family
ATT202410006723,STU006723,SCH031,2024-10-01,18,16,Medical
ATT202410006724,STU006724,SCH037,2024-10-01,22,19,Medical
ATT202410006725,STU006725,SCH002,2024-10-01,18,17,Unauthorised
ATT202410006726,STU006726,SCH041,2024-10-01,22,20,Illness
ATT202410006727,STU006727,SCH030,2024-10-01,20,20,
ATT202410006728,STU006728,SCH012,2024-10-01,18,17,Family
ATT202410006729,STU006729,SCH032,2024-10-01,18,16,Medical
ATT202410006730,STU006730,SCH013,2024-10-01,22,20,Family
ATT202410006731,STU006731,SCH020,2024-10-01,21,19,Medical
ATT202410006732,STU006732,SCH042,2024-10-01,20,18,Illness
ATT202410006733,STU006733,SCH031,2024-10-01,21,19,Illness
ATT202410006734,STU006734,SCH010,2024-10-01,19,18,Family
ATT202410006735,STU006735,SCH042,2024-10-01,18,14,Unauthorised
ATT202410006736,STU006736,SCH003,2024-10-01,22,22,
ATT202410006737,STU006737,SCH019,2024-10-01,22,21,Medical
ATT202410006738,STU006738,SCH028,2024-10-01,19,16,Medical
ATT202410006739,STU006739,SCH030,2024-10-01,19,17,Family
ATT202410006740,STU006740,SCH029,2024-10-01,19,17,Family
ATT202410006741,STU006741,SCH029,2024-10-01,20,19,Unauthorised
ATT202410006742,STU006742,SCH033,2024-10-01,21,21,
ATT202410006743,STU006743,SCH020,2024-10-01,21,20,Medical
ATT202410006744,STU006744,SCH006,2024-10-01,20,19,Family
ATT202410006745,STU006745,SCH016,2024-10-01,20,19,Family
ATT202410006746,STU006746,SCH012,2024-10-01,20,18,Other
ATT202410006747,STU006747,SCH005,2024-10-01,22,21,Illness
ATT202410006748,STU006748,SCH033,2024-10-01,20,18,Medical
ATT202410006749,STU006749,SCH030,2024-10-01,19,18,Other
ATT202410006750,STU006750,SCH018,2024-10-01,22,21,Medical
ATT202410006751,STU006751,SCH030,2024-10-01,21,20,Unauthorised
ATT202410006752,STU006752,SCH019,2024-10-01,22,21,Illness
ATT202410006753,STU006753,SCH011,2024-10-01,18,16,Illness
ATT202410006754,STU006754,SCH002,2024-10-01,21,15,Other
ATT202410006755,STU006755,SCH023,2024-10-01,21,20,Unauthorised
ATT202410006756,STU006756,SCH027,2024-10-01,18,16,Illness
ATT202410006757,STU006757,SCH008,2024-10-01,18,18,
ATT202410006758,STU006758,SCH011,2024-10-01,21,18,Medical
ATT202410006759,STU006759,SCH030,2024-10-01,20,18,Medical
ATT202410006760,STU006760,SCH036,2024-10-01,19,16,Other
ATT202410006761,STU006761,SCH044,2024-10-01,22,20,Family
ATT202410006762,STU006762,SCH028,2024-10-01,18,17,Other
ATT202410006763,STU006763,SCH040,2024-10-01,18,18,
ATT202410006764,STU006764,SCH031,2024-10-01,19,17,Unauthorised
ATT202410006765,STU006765,SCH040,2024-10-01,22,21,Medical
ATT202410006766,STU006766,SCH043,2024-10-01,18,14,Family
ATT202410006767,STU006767,SCH029,2024-10-01,19,18,Other
ATT202410006768,STU006768,SCH049,2024-10-01,20,16,Medical
ATT202410006769,STU006769,SCH026,2024-10-01,21,20,Medical
ATT202410006770,STU006770,SCH017,2024-10-01,20,17,Medical
ATT202410006771,STU006771,SCH016,2024-10-01,19,18,Family
ATT202410006772,STU006772,SCH020,2024-10-01,22,20,Illness
ATT202410006773,STU006773,SCH040,2024-10-01,22,21,Medical
ATT202410006774,STU006774,SCH023,2024-10-01,20,18,Family
ATT202410006775,STU006775,SCH033,2024-10-01,20,18,Unauthorised
ATT202410006776,STU006776,SCH002,2024-10-01,19,17,Other
ATT202410006777,STU006777,SCH010,2024-10-01,20,19,Unauthorised
ATT202410006778,STU006778,SCH007,2024-10-01,21,18,Family
ATT202410006779,STU006779,SCH010,2024-10-01,22,20,Other
ATT202410006780,STU006780,SCH037,2024-10-01,21,20,Unauthorised
ATT202410006781,STU006781,SCH047,2024-10-01,21,21,
ATT202410006782,STU006782,SCH003,2024-10-01,18,16,Unauthorised
ATT202410006783,STU006783,SCH033,2024-10-01,22,21,Unauthorised
ATT202410006784,STU006784,SCH036,2024-10-01,19,18,Unauthorised
ATT202410006785,STU006785,SCH042,2024-10-01,18,18,
ATT202410006786,STU006786,SCH002,2024-10-01,18,16,Other
ATT202410006787,STU006787,SCH012,2024-10-01,18,16,Unauthorised
ATT202410006788,STU006788,SCH027,2024-10-01,18,16,Other
ATT202410006789,STU006789,SCH017,2024-10-01,22,18,Illness
ATT202410006790,STU006790,SCH011,2024-10-01,18,17,Unauthorised
ATT202410006791,STU006791,SCH045,2024-10-01,22,21,Medical
ATT202410006792,STU006792,SCH005,2024-10-01,22,21,Unauthorised
ATT202410006793,STU006793,SCH046,2024-10-01,22,19,Illness
ATT202410006794,STU006794,SCH028,2024-10-01,19,17,Other
ATT202410006795,STU006795,SCH049,2024-10-01,18,15,Illness
ATT202410006796,STU006796,SCH002,2024-10-01,20,19,Illness
ATT202410006797,STU006797,SCH039,2024-10-01,19,19,
ATT202410006798,STU006798,SCH018,2024-10-01,18,17,Family
ATT202410006799,STU006799,SCH042,2024-10-01,21,17,Other
ATT202410006800,STU006800,SCH037,2024-10-01,20,18,Illness
ATT202410006801,STU006801,SCH021,2024-10-01,21,18,Other
ATT202410006802,STU006802,SCH003,2024-10-01,22,19,Family
ATT202410006803,STU006803,SCH023,2024-10-01,22,20,Other
ATT202410006804,STU006804,SCH040,2024-10-01,20,19,Other
ATT202410006805,STU006805,SCH016,2024-10-01,18,16,Other
ATT202410006806,STU006806,SCH002,2024-10-01,19,17,Illness
ATT202410006807,STU006807,SCH006,2024-10-01,19,18,Other
ATT202410006808,STU006808,SCH014,2024-10-01,21,20,Unauthorised
ATT202410006809,STU006809,SCH024,2024-10-01,21,18,Other
ATT202410006810,STU006810,SCH006,2024-10-01,19,18,Unauthorised
ATT202410006811,STU006811,SCH046,2024-10-01,18,16,Medical
ATT202410006812,STU006812,SCH008,2024-10-01,20,19,Illness
ATT202410006813,STU006813,SCH012,2024-10-01,20,18,Other
ATT202410006814,STU006814,SCH011,2024-10-01,18,17,Other
ATT202410006815,STU006815,SCH042,2024-10-01,19,18,Illness
ATT202410006816,STU006816,SCH015,2024-10-01,19,17,Unauthorised
ATT202410006817,STU006817,SCH002,2024-10-01,21,17,Illness
ATT202410006818,STU006818,SCH001,2024-10-01,19,17,Medical
ATT202410006819,STU006819,SCH023,2024-10-01,19,16,Other
ATT202410006820,STU006820,SCH016,2024-10-01,21,21,
ATT202410006821,STU006821,SCH012,2024-10-01,22,20,Other
ATT202410006822,STU006822,SCH010,2024-10-01,19,18,Family
ATT202410006823,STU006823,SCH017,2024-10-01,20,16,Other
ATT202410006824,STU006824,SCH014,2024-10-01,22,21,Family
ATT202410006825,STU006825,SCH019,2024-10-01,20,18,Illness
ATT202410006826,STU006826,SCH025,2024-10-01,18,17,Medical
ATT202410006827,STU006827,SCH005,2024-10-01,21,19,Other
ATT202410006828,STU006828,SCH005,2024-10-01,22,21,Illness
ATT202410006829,STU006829,SCH034,2024-10-01,18,16,Other
ATT202410006830,STU006830,SCH026,2024-10-01,22,21,Medical
ATT202410006831,STU006831,SCH008,2024-10-01,18,17,Other
ATT202410006832,STU006832,SCH047,2024-10-01,22,19,Unauthorised
ATT202410006833,STU006833,SCH009,2024-10-01,22,20,Other
ATT202410006834,STU006834,SCH020,2024-10-01,20,18,Medical
ATT202410006835,STU006835,SCH014,2024-10-01,18,15,Medical
ATT202410006836,STU006836,SCH002,2024-10-01,19,16,Unauthorised
ATT202410006837,STU006837,SCH027,2024-10-01,22,19,Other
ATT202410006838,STU006838,SCH047,2024-10-01,20,19,Family
ATT202410006839,STU006839,SCH011,2024-10-01,22,20,Family
ATT202410006840,STU006840,SCH028,2024-10-01,18,16,Family
ATT202410006841,STU006841,SCH024,2024-10-01,20,20,
ATT202410006842,STU006842,SCH025,2024-10-01,22,20,Medical
ATT202410006843,STU006843,SCH049,2024-10-01,22,19,Illness
ATT202410006844,STU006844,SCH019,2024-10-01,22,20,Medical
ATT202410006845,STU006845,SCH020,2024-10-01,20,17,Illness
ATT202410006846,STU006846,SCH014,2024-10-01,20,19,Unauthorised
ATT202410006847,STU006847,SCH001,2024-10-01,19,17,Family
ATT202410006848,STU006848,SCH022,2024-10-01,20,18,Other
ATT202410006849,STU006849,SCH044,2024-10-01,19,16,Illness
ATT202410006850,STU006850,SCH008,2024-10-01,20,17,Unauthorised
ATT202410006851,STU006851,SCH015,2024-10-01,20,19,Other
ATT202410006852,STU006852,SCH013,2024-10-01,20,19,Unauthorised
ATT202410006853,STU006853,SCH009,2024-10-01,19,17,Family
ATT202410006854,STU006854,SCH031,2024-10-01,22,21,Illness
ATT202410006855,STU006855,SCH046,2024-10-01,20,18,Family
ATT202410006856,STU006856,SCH015,2024-10-01,21,20,Unauthorised
ATT202410006857,STU006857,SCH018,2024-10-01,21,20,Other
ATT202410006858,STU006858,SCH032,2024-10-01,18,17,Medical
ATT202410006859,STU006859,SCH022,2024-10-01,19,18,Medical
ATT202410006860,STU006860,SCH028,2024-10-01,21,21,
ATT202410006861,STU006861,SCH043,2024-10-01,21,19,Family
ATT202410006862,STU006862,SCH024,2024-10-01,18,14,Family
ATT202410006863,STU006863,SCH043,2024-10-01,21,19,Other
ATT202410006864,STU006864,SCH034,2024-10-01,18,17,Medical
ATT202410006865,STU006865,SCH005,2024-10-01,18,16,Family
ATT202410006866,STU006866,SCH035,2024-10-01,19,17,Other
ATT202410006867,STU006867,SCH043,2024-10-01,20,17,Illness
ATT202410006868,STU006868,SCH019,2024-10-01,20,20,
ATT202410006869,STU006869,SCH024,2024-10-01,18,16,Family
ATT202410006870,STU006870,SCH050,2024-10-01,20,19,Unauthorised
ATT202410006871,STU006871,SCH016,2024-10-01,22,20,Medical
ATT202410006872,STU006872,SCH034,2024-10-01,19,16,Unauthorised
ATT202410006873,STU006873,SCH033,2024-10-01,18,17,Family
ATT202410006874,STU006874,SCH009,2024-10-01,20,18,Medical
ATT202410006875,STU006875,SCH004,2024-10-01,19,18,Medical
ATT202410006876,STU006876,SCH019,2024-10-01,19,17,Medical
ATT202410006877,STU006877,SCH042,2024-10-01,21,19,Illness
ATT202410006878,STU006878,SCH030,2024-10-01,19,17,Family
ATT202410006879,STU006879,SCH027,2024-10-01,19,17,Unauthorised
ATT202410006880,STU006880,SCH036,2024-10-01,21,18,Unauthorised
ATT202410006881,STU006881,SCH020,2024-10-01,18,17,Unauthorised
ATT202410006882,STU006882,SCH006,2024-10-01,22,21,Unauthorised
ATT202410006883,STU006883,SCH001,2024-10-01,18,16,Medical
ATT202410006884,STU006884,SCH022,2024-10-01,18,17,Medical
ATT202410006885,STU006885,SCH002,2024-10-01,22,20,Other
ATT202410006886,STU006886,SCH042,2024-10-01,21,19,Unauthorised
ATT202410006887,STU006887,SCH006,2024-10-01,18,15,Family
ATT202410006888,STU006888,SCH004,2024-10-01,21,19,Medical
ATT202410006889,STU006889,SCH009,2024-10-01,22,18,Illness
ATT202410006890,STU006890,SCH029,2024-10-01,18,15,Unauthorised
ATT202410006891,STU006891,SCH046,2024-10-01,21,20,Illness
ATT202410006892,STU006892,SCH028,2024-10-01,19,17,Illness
ATT202410006893,STU006893,SCH023,2024-10-01,22,19,Medical
ATT202410006894,STU006894,SCH036,2024-10-01,21,20,Family
ATT202410006895,STU006895,SCH028,2024-10-01,22,19,Other
ATT202410006896,STU006896,SCH014,2024-10-01,20,19,Medical
ATT202410006897,STU006897,SCH030,2024-10-01,20,18,Medical
ATT202410006898,STU006898,SCH016,2024-10-01,18,16,Family
ATT202410006899,STU006899,SCH044,2024-10-01,19,17,Illness
ATT202410006900,STU006900,SCH048,2024-10-01,21,19,Other
ATT202410006901,STU006901,SCH048,2024-10-01,20,18,Medical
ATT202410006902,STU006902,SCH031,2024-10-01,18,16,Medical
ATT202410006903,STU006903,SCH030,2024-10-01,20,19,Other
ATT202410006904,STU006904,SCH025,2024-10-01,22,20,Medical
ATT202410006905,STU006905,SCH031,2024-10-01,19,18,Family
ATT202410006906,STU006906,SCH025,2024-10-01,21,21,
ATT202410006907,STU006907,SCH043,2024-10-01,18,16,Unauthorised
ATT202410006908,STU006908,SCH046,2024-10-01,21,21,
ATT202410006909,STU006909,SCH017,2024-10-01,20,18,Medical
ATT202410006910,STU006910,SCH046,2024-10-01,19,16,Other
ATT202410006911,STU006911,SCH036,2024-10-01,22,20,Family
ATT202410006912,STU006912,SCH039,2024-10-01,18,16,Illness
ATT202410006913,STU006913,SCH041,2024-10-01,18,17,Family
ATT202410006914,STU006914,SCH016,2024-10-01,18,16,Unauthorised
ATT202410006915,STU006915,SCH037,2024-10-01,19,19,
ATT202410006916,STU006916,SCH030,2024-10-01,22,21,Unauthorised
ATT202410006917,STU006917,SCH019,2024-10-01,20,19,Unauthorised
ATT202410006918,STU006918,SCH033,2024-10-01,18,16,Medical
ATT202410006919,STU006919,SCH035,2024-10-01,19,15,Illness
ATT202410006920,STU006920,SCH045,2024-10-01,20,18,Medical
ATT202410006921,STU006921,SCH050,2024-10-01,18,17,Unauthorised
ATT202410006922,STU006922,SCH008,2024-10-01,19,18,Family
ATT202410006923,STU006923,SCH039,2024-10-01,22,21,Illness
ATT202410006924,STU006924,SCH028,2024-10-01,20,19,Family
ATT202410006925,STU006925,SCH001,2024-10-01,22,20,Other
ATT202410006926,STU006926,SCH050,2024-10-01,21,20,Family
ATT202410006927,STU006927,SCH033,2024-10-01,19,17,Family
ATT202410006928,STU006928,SCH005,2024-10-01,20,17,Family
ATT202410006929,STU006929,SCH012,2024-10-01,22,19,Medical
ATT202410006930,STU006930,SCH022,2024-10-01,22,20,Other
ATT202410006931,STU006931,SCH013,2024-10-01,20,19,Unauthorised
ATT202410006932,STU006932,SCH025,2024-10-01,22,20,Unauthorised
ATT202410006933,STU006933,SCH019,2024-10-01,20,19,Medical
ATT202410006934,STU006934,SCH024,2024-10-01,22,19,Unauthorised
ATT202410006935,STU006935,SCH015,2024-10-01,19,18,Unauthorised
ATT202410006936,STU006936,SCH015,2024-10-01,20,18,Unauthorised
ATT202410006937,STU006937,SCH028,2024-10-01,21,19,Other
ATT202410006938,STU006938,SCH022,2024-10-01,22,20,Other
ATT202410006939,STU006939,SCH015,2024-10-01,18,17,Illness
ATT202410006940,STU006940,SCH013,2024-10-01,19,18,Medical
ATT202410006941,STU006941,SCH037,2024-10-01,19,18,Family
ATT202410006942,STU006942,SCH013,2024-10-01,20,18,Other
ATT202410006943,STU006943,SCH009,2024-10-01,19,17,Illness
ATT202410006944,STU006944,SCH003,2024-10-01,21,19,Unauthorised
ATT202410006945,STU006945,SCH009,2024-10-01,20,17,Illness
ATT202410006946,STU006946,SCH034,2024-10-01,18,15,Other
ATT202410006947,STU006947,SCH010,2024-10-01,20,19,Other
ATT202410006948,STU006948,SCH032,2024-10-01,22,19,Family
ATT202410006949,STU006949,SCH010,2024-10-01,18,16,Unauthorised
ATT202410006950,STU006950,SCH004,2024-10-01,22,20,Unauthorised
ATT202410006951,STU006951,SCH009,2024-10-01,19,17,Illness
ATT202410006952,STU006952,SCH004,2024-10-01,22,21,Medical
ATT202410006953,STU006953,SCH028,2024-10-01,18,17,Illness
ATT202410006954,STU006954,SCH023,2024-10-01,19,17,Illness
ATT202410006955,STU006955,SCH046,2024-10-01,20,18,Illness
ATT202410006956,STU006956,SCH040,2024-10-01,18,17,Family
ATT202410006957,STU006957,SCH038,2024-10-01,18,17,Medical
ATT202410006958,STU006958,SCH032,2024-10-01,20,17,Medical
ATT202410006959,STU006959,SCH030,2024-10-01,19,18,Unauthorised
ATT202410006960,STU006960,SCH029,2024-10-01,22,19,Other
ATT202410006961,STU006961,SCH008,2024-10-01,21,19,Medical
ATT202410006962,STU006962,SCH037,2024-10-01,20,18,Unauthorised
ATT202410006963,STU006963,SCH013,2024-10-01,21,20,Illness
ATT202410006964,STU006964,SCH005,2024-10-01,19,17,Illness
ATT202410006965,STU006965,SCH037,2024-10-01,21,19,Medical
ATT202410006966,STU006966,SCH029,2024-10-01,21,19,Illness
ATT202410006967,STU006967,SCH024,2024-10-01,19,17,Other
ATT202410006968,STU006968,SCH036,2024-10-01,21,18,Illness
ATT202410006969,STU006969,SCH042,2024-10-01,22,20,Family
ATT202410006970,STU006970,SCH007,2024-10-01,22,21,Unauthorised
ATT202410006971,STU006971,SCH011,2024-10-01,20,18,Unauthorised
ATT202410006972,STU006972,SCH048,2024-10-01,19,17,Medical
ATT202410006973,STU006973,SCH040,2024-10-01,21,20,Illness
ATT202410006974,STU006974,SCH044,2024-10-01,20,18,Illness
ATT202410006975,STU006975,SCH029,2024-10-01,19,18,Family
ATT202410006976,STU006976,SCH048,2024-10-01,21,20,Other
ATT202410006977,STU006977,SCH008,2024-10-01,20,19,Other
ATT202410006978,STU006978,SCH048,2024-10-01,22,21,Medical
ATT202410006979,STU006979,SCH014,2024-10-01,22,21,Illness
ATT202410006980,STU006980,SCH048,2024-10-01,18,16,Medical
ATT202410006981,STU006981,SCH021,2024-10-01,18,17,Unauthorised
ATT202410006982,STU006982,SCH029,2024-10-01,19,18,Illness
ATT202410006983,STU006983,SCH018,2024-10-01,22,21,Medical
ATT202410006984,STU006984,SCH033,2024-10-01,22,22,
ATT202410006985,STU006985,SCH033,2024-10-01,22,20,Other
ATT202410006986,STU006986,SCH013,2024-10-01,21,20,Medical
ATT202410006987,STU006987,SCH026,2024-10-01,18,18,
ATT202410006988,STU006988,SCH024,2024-10-01,18,17,Illness
ATT202410006989,STU006989,SCH025,2024-10-01,22,20,Family
ATT202410006990,STU006990,SCH012,2024-10-01,18,16,Other
ATT202410006991,STU006991,SCH042,2024-10-01,18,14,Unauthorised
ATT202410006992,STU006992,SCH002,2024-10-01,21,18,Family
ATT202410006993,STU006993,SCH008,2024-10-01,20,19,Other
ATT202410006994,STU006994,SCH047,2024-10-01,18,16,Family
ATT202410006995,STU006995,SCH025,2024-10-01,20,19,Unauthorised
ATT202410006996,STU006996,SCH024,2024-10-01,22,19,Family
ATT202410006997,STU006997,SCH018,2024-10-01,21,19,Unauthorised
ATT202410006998,STU006998,SCH020,2024-10-01,22,21,Family
ATT202410006999,STU006999,SCH018,2024-10-01,19,18,Illness
ATT202410007000,STU007000,SCH033,2024-10-01,22,20,Medical
ATT202410007001,STU007001,SCH046,2024-10-01,19,18,Illness
ATT202410007002,STU007002,SCH005,2024-10-01,21,20,Illness
ATT202410007003,STU007003,SCH017,2024-10-01,18,16,Unauthorised
ATT202410007004,STU007004,SCH012,2024-10-01,21,19,Other
ATT202410007006,STU007006,SCH027,2024-10-01,20,19,Unauthorised
ATT202410007007,STU007007,SCH004,2024-10-01,22,20,Unauthorised
ATT202410007008,STU007008,SCH015,2024-10-01,20,17,Other
ATT202410007009,STU007009,SCH001,2024-10-01,21,18,Medical
ATT202410007010,STU007010,SCH008,2024-10-01,18,16,Medical
ATT202410007011,STU007011,SCH021,2024-10-01,22,21,Family
ATT202410007012,STU007012,SCH032,2024-10-01,18,16,Other
ATT202410007013,STU007013,SCH010,2024-10-01,22,20,Unauthorised
ATT202410007014,STU007014,SCH042,2024-10-01,19,17,Unauthorised
ATT202410007015,STU007015,SCH021,2024-10-01,22,21,Illness
ATT202410007016,STU007016,SCH038,2024-10-01,18,17,Illness
ATT202410007017,STU007017,SCH012,2024-10-01,18,17,Family
ATT202410007018,STU007018,SCH040,2024-10-01,20,20,
ATT202410007019,STU007019,SCH011,2024-10-01,21,19,Unauthorised
ATT202410007020,STU007020,SCH016,2024-10-01,21,19,Illness
ATT202410007021,STU007021,SCH014,2024-10-01,18,17,Family
ATT202410007022,STU007022,SCH032,2024-10-01,19,17,Family
ATT202410007023,STU007023,SCH047,2024-10-01,19,17,Medical
ATT202410007024,STU007024,SCH023,2024-10-01,21,18,Unauthorised
ATT202410007025,STU007025,SCH027,2024-10-01,22,20,Unauthorised
ATT202410007026,STU007026,SCH032,2024-10-01,18,17,Family
ATT202410007027,STU007027,SCH047,2024-10-01,21,20,Illness
ATT202410007028,STU007028,SCH034,2024-10-01,18,17,Unauthorised
ATT202410007029,STU007029,SCH037,2024-10-01,19,18,Illness
ATT202410007030,STU007030,SCH020,2024-10-01,22,21,Unauthorised
ATT202410007031,STU007031,SCH034,2024-10-01,19,16,Medical
ATT202410007032,STU007032,SCH018,2024-10-01,20,18,Illness
ATT202410007033,STU007033,SCH020,2024-10-01,20,18,Other
ATT202410007034,STU007034,SCH042,2024-10-01,22,21,Unauthorised
ATT202410007035,STU007035,SCH005,2024-10-01,18,17,Illness
ATT202410007036,STU007036,SCH009,2024-10-01,22,20,Family
ATT202410007037,STU007037,SCH004,2024-10-01,19,17,Illness
ATT202410007038,STU007038,SCH013,2024-10-01,22,20,Family
ATT202410007039,STU007039,SCH034,2024-10-01,19,17,Family
ATT202410007040,STU007040,SCH019,2024-10-01,18,16,Unauthorised
ATT202410007041,STU007041,SCH025,2024-10-01,21,19,Unauthorised
ATT202410007042,STU007042,SCH037,2024-10-01,19,17,Unauthorised
ATT202410007043,STU007043,SCH025,2024-10-01,22,21,Unauthorised
ATT202410007044,STU007044,SCH027,2024-10-01,22,20,Family
ATT202410007045,STU007045,SCH020,2024-10-01,22,20,Other
ATT202410007046,STU007046,SCH035,2024-10-01,20,18,Unauthorised
ATT202410007047,STU007047,SCH041,2024-10-01,18,17,Illness
ATT202410007048,STU007048,SCH043,2024-10-01,22,21,Illness
ATT202410007049,STU007049,SCH037,2024-10-01,19,18,Other
ATT202410007050,STU007050,SCH027,2024-10-01,21,19,Family
ATT202410007051,STU007051,SCH017,2024-10-01,21,19,Medical
ATT202410007052,STU007052,SCH003,2024-10-01,19,17,Family
ATT202410007053,STU007053,SCH011,2024-10-01,18,17,Illness
ATT202410007054,STU007054,SCH044,2024-10-01,22,20,Family
ATT202410007055,STU007055,SCH007,2024-10-01,19,19,
ATT202410007056,STU007056,SCH002,2024-10-01,21,17,Medical
ATT202410007057,STU007057,SCH004,2024-10-01,19,18,Other
ATT202410007058,STU007058,SCH029,2024-10-01,22,20,Medical
ATT202410007059,STU007059,SCH032,2024-10-01,18,16,Unauthorised
ATT202410007060,STU007060,SCH026,2024-10-01,20,19,Other
ATT202410007061,STU007061,SCH045,2024-10-01,21,19,Medical
ATT202410007062,STU007062,SCH045,2024-10-01,22,19,Unauthorised
ATT202410007063,STU007063,SCH034,2024-10-01,18,16,Family
ATT202410007064,STU007064,SCH032,2024-10-01,22,21,Illness
ATT202410007065,STU007065,SCH026,2024-10-01,22,20,Illness
ATT202410007066,STU007066,SCH049,2024-10-01,19,15,Family
ATT202410007067,STU007067,SCH004,2024-10-01,18,17,Illness
ATT202410007068,STU007068,SCH017,2024-10-01,19,18,Medical
ATT202410007069,STU007069,SCH034,2024-10-01,19,18,Medical
ATT202410007070,STU007070,SCH007,2024-10-01,22,20,Other
ATT202410007071,STU007071,SCH028,2024-10-01,19,17,Unauthorised
ATT202410007072,STU007072,SCH039,2024-10-01,21,19,Family
ATT202410007073,STU007073,SCH028,2024-10-01,19,18,Medical
ATT202410007074,STU007074,SCH046,2024-10-01,22,21,Family
ATT202410007075,STU007075,SCH033,2024-10-01,18,17,Medical
ATT202410007076,STU007076,SCH042,2024-10-01,22,21,Family
ATT202410007077,STU007077,SCH018,2024-10-01,21,19,Other
ATT202410007078,STU007078,SCH050,2024-10-01,19,18,Family
ATT202410007079,STU007079,SCH039,2024-10-01,19,17,Illness
ATT202410007080,STU007080,SCH013,2024-10-01,22,20,Other
ATT202410007081,STU007081,SCH043,2024-10-01,20,18,Family
ATT202410007082,STU007082,SCH045,2024-10-01,20,18,Family
ATT202410007083,STU007083,SCH047,2024-10-01,19,18,Other
ATT202410007084,STU007084,SCH030,2024-10-01,22,21,Family
ATT202410007085,STU007085,SCH034,2024-10-01,20,18,Illness
ATT202410007086,STU007086,SCH026,2024-10-01,18,17,Family
ATT202410007087,STU007087,SCH024,2024-10-01,19,17,Other
ATT202410007088,STU007088,SCH024,2024-10-01,21,18,Medical
ATT202410007089,STU007089,SCH009,2024-10-01,21,18,Medical
ATT202410007090,STU007090,SCH050,2024-10-01,19,18,Illness
ATT202410007091,STU007091,SCH023,2024-10-01,20,18,Family
ATT202410007092,STU007092,SCH044,2024-10-01,18,15,Unauthorised
ATT202410007093,STU007093,SCH031,2024-10-01,21,19,Medical
ATT202410007094,STU007094,SCH044,2024-10-01,22,19,Family
ATT202410007095,STU007095,SCH047,2024-10-01,18,17,Other
ATT202410007096,STU007096,SCH002,2024-10-01,19,19,
ATT202410007097,STU007097,SCH024,2024-10-01,19,18,Unauthorised
ATT202410007098,STU007098,SCH021,2024-10-01,19,18,Illness
ATT202410007099,STU007099,SCH006,2024-10-01,22,19,Medical
ATT202410007100,STU007100,SCH017,2024-10-01,21,17,Family
ATT202410007101,STU007101,SCH046,2024-10-01,21,21,
ATT202410007102,STU007102,SCH010,2024-10-01,21,18,Family
ATT202410007103,STU007103,SCH002,2024-10-01,20,16,Unauthorised
ATT202410007104,STU007104,SCH047,2024-10-01,20,19,Medical
ATT202410007105,STU007105,SCH019,2024-10-01,20,18,Medical
ATT202410007106,STU007106,SCH003,2024-10-01,20,18,Medical
ATT202410007107,STU007107,SCH005,2024-10-01,18,16,Other
ATT202410007108,STU007108,SCH049,2024-10-01,18,16,Unauthorised
ATT202410007109,STU007109,SCH021,2024-10-01,22,19,Illness
ATT202410007110,STU007110,SCH004,2024-10-01,18,16,Illness
ATT202410007111,STU007111,SCH003,2024-10-01,21,20,Medical
ATT202410007112,STU007112,SCH043,2024-10-01,22,21,Family
ATT202410007113,STU007113,SCH039,2024-10-01,18,17,Unauthorised
ATT202410007114,STU007114,SCH010,2024-10-01,20,18,Unauthorised
ATT202410007115,STU007115,SCH020,2024-10-01,21,18,Medical
ATT202410007116,STU007116,SCH046,2024-10-01,20,18,Other
ATT202410007117,STU007117,SCH024,2024-10-01,22,21,Unauthorised
ATT202410007118,STU007118,SCH022,2024-10-01,19,15,Medical
ATT202410007119,STU007119,SCH036,2024-10-01,18,16,Other
ATT202410007120,STU007120,SCH048,2024-10-01,22,21,Medical
ATT202410007121,STU007121,SCH021,2024-10-01,18,14,Illness
ATT202410007122,STU007122,SCH008,2024-10-01,19,17,Unauthorised
ATT202410007123,STU007123,SCH042,2024-10-01,21,18,Other
ATT202410007124,STU007124,SCH046,2024-10-01,20,19,Unauthorised
ATT202410007126,STU007126,SCH027,2024-10-01,22,20,Other
ATT202410007127,STU007127,SCH044,2024-10-01,21,20,Illness
ATT202410007128,STU007128,SCH045,2024-10-01,22,20,Medical
ATT202410007129,STU007129,SCH013,2024-10-01,18,18,
ATT202410007130,STU007130,SCH047,2024-10-01,22,20,Family
ATT202410007131,STU007131,SCH021,2024-10-01,18,16,Unauthorised
ATT202410007132,STU007132,SCH033,2024-10-01,20,18,Other
ATT202410007133,STU007133,SCH021,2024-10-01,19,17,Medical
ATT202410007134,STU007134,SCH022,2024-10-01,18,17,Medical
ATT202410007135,STU007135,SCH030,2024-10-01,19,17,Other
ATT202410007136,STU007136,SCH018,2024-10-01,22,20,Illness
ATT202410007137,STU007137,SCH027,2024-10-01,19,17,Medical
ATT202410007138,STU007138,SCH042,2024-10-01,20,18,Unauthorised
ATT202410007139,STU007139,SCH030,2024-10-01,19,19,
ATT202410007140,STU007140,SCH025,2024-10-01,20,17,Illness
ATT202410007141,STU007141,SCH045,2024-10-01,21,19,Other
ATT202410007142,STU007142,SCH039,2024-10-01,18,16,Other
ATT202410007143,STU007143,SCH010,2024-10-01,20,19,Illness
ATT202410007144,STU007144,SCH048,2024-10-01,22,20,Medical
ATT202410007145,STU007145,SCH048,2024-10-01,21,18,Medical
ATT202410007146,STU007146,SCH031,2024-10-01,18,17,Medical
ATT202410007147,STU007147,SCH001,2024-10-01,22,19,Other
ATT202410007148,STU007148,SCH050,2024-10-01,22,19,Family
ATT202410007149,STU007149,SCH034,2024-10-01,19,16,Medical
ATT202410007150,STU007150,SCH021,2024-10-01,19,17,Unauthorised
ATT202410007151,STU007151,SCH004,2024-10-01,20,18,Medical
ATT202410007152,STU007152,SCH023,2024-10-01,20,18,Other
ATT202410007153,STU007153,SCH043,2024-10-01,18,16,Unauthorised
ATT202410007154,STU007154,SCH021,2024-10-01,21,19,Family
ATT202410007155,STU007155,SCH039,2024-10-01,22,19,Illness
ATT202410007156,STU007156,SCH022,2024-10-01,22,21,Illness
ATT202410007157,STU007157,SCH005,2024-10-01,21,19,Other
ATT202410007158,STU007158,SCH011,2024-10-01,22,19,Unauthorised
ATT202410007159,STU007159,SCH020,2024-10-01,18,17,Unauthorised
ATT202410007160,STU007160,SCH024,2024-10-01,22,19,Illness
ATT202410007161,STU007161,SCH049,2024-10-01,21,19,Unauthorised
ATT202410007162,STU007162,SCH035,2024-10-01,19,18,Other
ATT202410007163,STU007163,SCH020,2024-10-01,18,17,Medical
ATT202410007164,STU007164,SCH021,2024-10-01,19,19,
ATT202410007165,STU007165,SCH021,2024-10-01,18,16,Illness
ATT202410007166,STU007166,SCH007,2024-10-01,21,20,Unauthorised
ATT202410007167,STU007167,SCH022,2024-10-01,20,19,Illness
ATT202410007169,STU007169,SCH035,2024-10-01,22,20,Family
ATT202410007170,STU007170,SCH021,2024-10-01,22,21,Family
ATT202410007171,STU007171,SCH007,2024-10-01,19,18,Illness
ATT202410007172,STU007172,SCH031,2024-10-01,21,20,Illness
ATT202410007173,STU007173,SCH042,2024-10-01,18,16,Family
ATT202410007174,STU007174,SCH047,2024-10-01,18,17,Other
ATT202410007175,STU007175,SCH038,2024-10-01,21,19,Medical
ATT202410007176,STU007176,SCH044,2024-10-01,19,17,Illness
ATT202410007177,STU007177,SCH046,2024-10-01,20,18,Illness
ATT202410007178,STU007178,SCH040,2024-10-01,22,21,Illness
ATT202410007179,STU007179,SCH010,2024-10-01,20,17,Unauthorised
ATT202410007180,STU007180,SCH036,2024-10-01,18,17,Unauthorised
ATT202410007181,STU007181,SCH010,2024-10-01,21,20,Other
ATT202410007183,STU007183,SCH007,2024-10-01,21,19,Illness
ATT202410007184,STU007184,SCH025,2024-10-01,20,18,Medical
ATT202410007185,STU007185,SCH038,2024-10-01,19,18,Unauthorised
ATT202410007186,STU007186,SCH002,2024-10-01,19,17,Other
ATT202410007187,STU007187,SCH049,2024-10-01,20,18,Family
ATT202410007188,STU007188,SCH041,2024-10-01,22,20,Family
ATT202410007189,STU007189,SCH012,2024-10-01,18,16,Medical
ATT202410007190,STU007190,SCH035,2024-10-01,20,18,Illness
ATT202410007191,STU007191,SCH013,2024-10-01,21,21,
ATT202410007192,STU007192,SCH031,2024-10-01,22,20,Other
ATT202410007193,STU007193,SCH011,2024-10-01,20,19,Illness
ATT202410007194,STU007194,SCH025,2024-10-01,20,19,Other
ATT202410007195,STU007195,SCH037,2024-10-01,22,20,Medical
ATT202410007196,STU007196,SCH002,2024-10-01,22,18,Medical
ATT202410007197,STU007197,SCH047,2024-10-01,21,19,Illness
ATT202410007198,STU007198,SCH035,2024-10-01,21,20,Unauthorised
ATT202410007199,STU007199,SCH034,2024-10-01,22,19,Other
ATT202410007200,STU007200,SCH010,2024-10-01,19,17,Illness
ATT202410007201,STU007201,SCH002,2024-10-01,18,17,Illness
ATT202410007202,STU007202,SCH010,2024-10-01,19,18,Medical
ATT202410007203,STU007203,SCH028,2024-10-01,22,21,Medical
ATT202410007204,STU007204,SCH018,2024-10-01,19,17,Medical
ATT202410007205,STU007205,SCH008,2024-10-01,20,18,Unauthorised
ATT202410007206,STU007206,SCH025,2024-10-01,19,18,Family
ATT202410007207,STU007207,SCH032,2024-10-01,21,20,Illness
ATT202410007208,STU007208,SCH041,2024-10-01,18,16,Other
ATT202410007209,STU007209,SCH006,2024-10-01,19,19,
ATT202410007210,STU007210,SCH003,2024-10-01,19,17,Other
ATT202410007211,STU007211,SCH021,2024-10-01,21,19,Family
ATT202410007212,STU007212,SCH010,2024-10-01,21,18,Other
ATT202410007213,STU007213,SCH033,2024-10-01,20,19,Unauthorised
ATT202410007214,STU007214,SCH010,2024-10-01,19,18,Illness
ATT202410007215,STU007215,SCH041,2024-10-01,19,18,Other
ATT202410007216,STU007216,SCH009,2024-10-01,19,18,Medical
ATT202410007217,STU007217,SCH001,2024-10-01,18,17,Other
ATT202410007218,STU007218,SCH037,2024-10-01,19,18,Other
ATT202410007219,STU007219,SCH029,2024-10-01,18,16,Other
ATT202410007220,STU007220,SCH032,2024-10-01,21,18,Other
ATT202410007221,STU007221,SCH010,2024-10-01,21,19,Family
ATT202410007222,STU007222,SCH027,2024-10-01,18,16,Illness
ATT202410007223,STU007223,SCH010,2024-10-01,20,20,
ATT202410007224,STU007224,SCH049,2024-10-01,20,18,Medical
ATT202410007225,STU007225,SCH046,2024-10-01,18,18,
ATT202410007226,STU007226,SCH009,2024-10-01,22,19,Illness
ATT202410007227,STU007227,SCH006,2024-10-01,18,16,Unauthorised
ATT202410007228,STU007228,SCH043,2024-10-01,21,20,Other
ATT202410007229,STU007229,SCH019,2024-10-01,19,18,Unauthorised
ATT202410007230,STU007230,SCH002,2024-10-01,22,19,Illness
ATT202410007231,STU007231,SCH033,2024-10-01,21,19,Illness
ATT202410007232,STU007232,SCH008,2024-10-01,18,17,Family
ATT202410007233,STU007233,SCH040,2024-10-01,20,19,Unauthorised
ATT202410007234,STU007234,SCH042,2024-10-01,19,16,Family
ATT202410007235,STU007235,SCH045,2024-10-01,18,16,Other
ATT202410007236,STU007236,SCH024,2024-10-01,22,19,Illness
ATT202410007237,STU007237,SCH026,2024-10-01,20,18,Other
ATT202410007238,STU007238,SCH011,2024-10-01,20,18,Illness
ATT202410007239,STU007239,SCH022,2024-10-01,18,15,Other
ATT202410007240,STU007240,SCH015,2024-10-01,22,21,Family
ATT202410007241,STU007241,SCH046,2024-10-01,19,17,Illness
ATT202410007242,STU007242,SCH042,2024-10-01,18,16,Unauthorised
ATT202410007243,STU007243,SCH036,2024-10-01,22,19,Medical
ATT202410007244,STU007244,SCH018,2024-10-01,18,16,Unauthorised
ATT202410007245,STU007245,SCH019,2024-10-01,18,17,Other
ATT202410007246,STU007246,SCH031,2024-10-01,21,20,Illness
ATT202410007247,STU007247,SCH037,2024-10-01,22,22,
ATT202410007248,STU007248,SCH006,2024-10-01,21,20,Illness
ATT202410007249,STU007249,SCH017,2024-10-01,20,17,Illness
ATT202410007250,STU007250,SCH003,2024-10-01,18,17,Unauthorised
ATT202410007251,STU007251,SCH002,2024-10-01,22,21,Other
ATT202410007252,STU007252,SCH027,2024-10-01,22,19,Family
ATT202410007253,STU007253,SCH020,2024-10-01,20,17,Medical
ATT202410007254,STU007254,SCH018,2024-10-01,22,20,Medical
ATT202410007255,STU007255,SCH048,2024-10-01,21,19,Unauthorised
ATT202410007256,STU007256,SCH015,2024-10-01,21,19,Illness
ATT202410007257,STU007257,SCH033,2024-10-01,18,16,Other
ATT202410007258,STU007258,SCH023,2024-10-01,19,17,Other
ATT202410007259,STU007259,SCH041,2024-10-01,21,21,
ATT202410007260,STU007260,SCH028,2024-10-01,18,17,Unauthorised
ATT202410007261,STU007261,SCH024,2024-10-01,20,17,Unauthorised
ATT202410007262,STU007262,SCH012,2024-10-01,21,18,Unauthorised
ATT202410007263,STU007263,SCH028,2024-10-01,18,17,Illness
ATT202410007264,STU007264,SCH029,2024-10-01,21,20,Family
ATT202410007265,STU007265,SCH005,2024-10-01,21,18,Unauthorised
ATT202410007266,STU007266,SCH045,2024-10-01,18,16,Family
ATT202410007267,STU007267,SCH031,2024-10-01,20,19,Family
ATT202410007268,STU007268,SCH004,2024-10-01,22,20,Other
ATT202410007269,STU007269,SCH042,2024-10-01,20,18,Unauthorised
ATT202410007270,STU007270,SCH030,2024-10-01,22,20,Illness
ATT202410007271,STU007271,SCH049,2024-10-01,20,18,Family
ATT202410007272,STU007272,SCH017,2024-10-01,21,18,Family
ATT202410007273,STU007273,SCH036,2024-10-01,18,16,Illness
ATT202410007274,STU007274,SCH046,2024-10-01,18,17,Unauthorised
ATT202410007275,STU007275,SCH038,2024-10-01,19,18,Family
ATT202410007276,STU007276,SCH029,2024-10-01,20,18,Medical
ATT202410007277,STU007277,SCH030,2024-10-01,22,22,
ATT202410007278,STU007278,SCH046,2024-10-01,20,19,Illness
ATT202410007279,STU007279,SCH022,2024-10-01,20,17,Unauthorised
ATT202410007280,STU007280,SCH011,2024-10-01,21,19,Other
ATT202410007281,STU007281,SCH047,2024-10-01,20,19,Other
ATT202410007282,STU007282,SCH008,2024-10-01,21,20,Medical
ATT202410007283,STU007283,SCH026,2024-10-01,20,19,Unauthorised
ATT202410007284,STU007284,SCH007,2024-10-01,19,18,Illness
ATT202410007285,STU007285,SCH004,2024-10-01,20,19,Illness
ATT202410007286,STU007286,SCH002,2024-10-01,20,17,Other
ATT202410007287,STU007287,SCH007,2024-10-01,20,19,Other
ATT202410007288,STU007288,SCH014,2024-10-01,21,18,Unauthorised
ATT202410007289,STU007289,SCH023,2024-10-01,20,18,Illness
ATT202410007290,STU007290,SCH017,2024-10-01,21,19,Other
ATT202410007291,STU007291,SCH018,2024-10-01,20,20,
ATT202410007292,STU007292,SCH009,2024-10-01,19,17,Family
ATT202410007293,STU007293,SCH049,2024-10-01,18,16,Illness
ATT202410007294,STU007294,SCH011,2024-10-01,21,19,Unauthorised
ATT202410007295,STU007295,SCH028,2024-10-01,22,20,Illness
ATT202410007296,STU007296,SCH017,2024-10-01,22,20,Unauthorised
ATT202410007297,STU007297,SCH044,2024-10-01,21,20,Family
ATT202410007298,STU007298,SCH010,2024-10-01,21,20,Family
ATT202410007299,STU007299,SCH049,2024-10-01,19,18,Illness
ATT202410007300,STU007300,SCH044,2024-10-01,21,20,Medical
ATT202410007301,STU007301,SCH040,2024-10-01,20,19,Medical
ATT202410007302,STU007302,SCH006,2024-10-01,18,16,Family
ATT202410007303,STU007303,SCH024,2024-10-01,21,18,Other
ATT202410007304,STU007304,SCH032,2024-10-01,22,21,Medical
ATT202410007305,STU007305,SCH011,2024-10-01,18,16,Medical
ATT202410007306,STU007306,SCH011,2024-10-01,18,17,Unauthorised
ATT202410007307,STU007307,SCH023,2024-10-01,22,22,
ATT202410007308,STU007308,SCH045,2024-10-01,21,19,Family
ATT202410007309,STU007309,SCH042,2024-10-01,20,18,Unauthorised
ATT202410007310,STU007310,SCH045,2024-10-01,18,16,Unauthorised
ATT202410007311,STU007311,SCH047,2024-10-01,22,21,Illness
ATT202410007312,STU007312,SCH032,2024-10-01,18,16,Unauthorised
ATT202410007313,STU007313,SCH005,2024-10-01,21,20,Medical
ATT202410007314,STU007314,SCH024,2024-10-01,18,17,Medical
ATT202410007315,STU007315,SCH042,2024-10-01,21,19,Family
ATT202410007316,STU007316,SCH022,2024-10-01,21,20,Medical
ATT202410007317,STU007317,SCH049,2024-10-01,21,17,Family
ATT202410007318,STU007318,SCH017,2024-10-01,19,16,Illness
ATT202410007319,STU007319,SCH036,2024-10-01,21,19,Illness
ATT202410007320,STU007320,SCH049,2024-10-01,18,16,Other
ATT202410007321,STU007321,SCH047,2024-10-01,18,16,Unauthorised
ATT202410007322,STU007322,SCH039,2024-10-01,19,18,Family
ATT202410007323,STU007323,SCH025,2024-10-01,20,18,Other
ATT202410007324,STU007324,SCH012,2024-10-01,22,21,Unauthorised
ATT202410007325,STU007325,SCH046,2024-10-01,19,17,Medical
ATT202410007326,STU007326,SCH033,2024-10-01,19,17,Family
ATT202410007327,STU007327,SCH011,2024-10-01,18,16,Illness
ATT202410007328,STU007328,SCH003,2024-10-01,19,17,Family
ATT202410007329,STU007329,SCH042,2024-10-01,20,18,Other
ATT202410007330,STU007330,SCH042,2024-10-01,20,18,Family
ATT202410007331,STU007331,SCH048,2024-10-01,21,20,Medical
ATT202410007332,STU007332,SCH028,2024-10-01,19,17,Unauthorised
ATT202410007333,STU007333,SCH002,2024-10-01,20,16,Medical
ATT202410007334,STU007334,SCH010,2024-10-01,22,20,Illness
ATT202410007335,STU007335,SCH014,2024-10-01,18,16,Illness
ATT202410007336,STU007336,SCH048,2024-10-01,22,21,Unauthorised
ATT202410007337,STU007337,SCH041,2024-10-01,18,16,Other
ATT202410007338,STU007338,SCH020,2024-10-01,20,19,Other
ATT202410007339,STU007339,SCH047,2024-10-01,21,20,Illness
ATT202410007340,STU007340,SCH026,2024-10-01,22,20,Other
ATT202410007341,STU007341,SCH038,2024-10-01,19,18,Other
ATT202410007342,STU007342,SCH039,2024-10-01,21,19,Medical
ATT202410007343,STU007343,SCH028,2024-10-01,18,17,Illness
ATT202410007344,STU007344,SCH027,2024-10-01,20,18,Family
ATT202410007345,STU007345,SCH045,2024-10-01,21,19,Unauthorised
ATT202410007346,STU007346,SCH042,2024-10-01,19,16,Medical
ATT202410007347,STU007347,SCH013,2024-10-01,22,20,Medical
ATT202410007348,STU007348,SCH004,2024-10-01,19,17,Other
ATT202410007349,STU007349,SCH011,2024-10-01,18,16,Medical
ATT202410007350,STU007350,SCH001,2024-10-01,18,15,Family
ATT202410007351,STU007351,SCH041,2024-10-01,19,18,Medical
ATT202410007352,STU007352,SCH028,2024-10-01,21,19,Illness
ATT202410007353,STU007353,SCH020,2024-10-01,22,22,
ATT202410007354,STU007354,SCH036,2024-10-01,22,20,Other
ATT202410007355,STU007355,SCH021,2024-10-01,19,17,Unauthorised
ATT202410007356,STU007356,SCH012,2024-10-01,21,18,Illness
ATT202410007357,STU007357,SCH031,2024-10-01,21,20,Medical
ATT202410007358,STU007358,SCH038,2024-10-01,21,19,Medical
ATT202410007359,STU007359,SCH026,2024-10-01,22,21,Unauthorised
ATT202410007360,STU007360,SCH017,2024-10-01,20,19,Illness
ATT202410007361,STU007361,SCH043,2024-10-01,20,18,Unauthorised
ATT202410007362,STU007362,SCH010,2024-10-01,21,20,Family
ATT202410007363,STU007363,SCH049,2024-10-01,19,16,Family
ATT202410007364,STU007364,SCH032,2024-10-01,21,19,Other
ATT202410007365,STU007365,SCH027,2024-10-01,22,22,
ATT202410007366,STU007366,SCH003,2024-10-01,21,19,Illness
ATT202410007367,STU007367,SCH007,2024-10-01,21,20,Unauthorised
ATT202410007368,STU007368,SCH014,2024-10-01,18,17,Other
ATT202410007369,STU007369,SCH006,2024-10-01,19,18,Family
ATT202410007370,STU007370,SCH004,2024-10-01,19,17,Illness
ATT202410007371,STU007371,SCH001,2024-10-01,19,15,Other
ATT202410007372,STU007372,SCH049,2024-10-01,18,15,Unauthorised
ATT202410007373,STU007373,SCH017,2024-10-01,20,17,Unauthorised
ATT202410007374,STU007374,SCH011,2024-10-01,18,17,Family
ATT202410007375,STU007375,SCH049,2024-10-01,22,21,Medical
ATT202410007376,STU007376,SCH029,2024-10-01,21,19,Unauthorised
ATT202410007377,STU007377,SCH004,2024-10-01,19,18,Family
ATT202410007378,STU007378,SCH006,2024-10-01,18,18,
ATT202410007379,STU007379,SCH021,2024-10-01,18,17,Other
ATT202410007380,STU007380,SCH004,2024-10-01,22,20,Other
ATT202410007381,STU007381,SCH046,2024-10-01,21,20,Medical
ATT202410007382,STU007382,SCH024,2024-10-01,22,20,Unauthorised
ATT202410007383,STU007383,SCH017,2024-10-01,18,16,Medical
ATT202410007384,STU007384,SCH041,2024-10-01,18,16,Other
ATT202410007385,STU007385,SCH019,2024-10-01,22,20,Medical
ATT202410007386,STU007386,SCH020,2024-10-01,21,20,Illness
ATT202410007387,STU007387,SCH029,2024-10-01,21,18,Other
ATT202410007388,STU007388,SCH035,2024-10-01,19,18,Unauthorised
ATT202410007389,STU007389,SCH022,2024-10-01,18,15,Medical
ATT202410007390,STU007390,SCH039,2024-10-01,20,19,Illness
ATT202410007391,STU007391,SCH022,2024-10-01,22,18,Unauthorised
ATT202410007392,STU007392,SCH016,2024-10-01,20,18,Unauthorised
ATT202410007393,STU007393,SCH048,2024-10-01,20,19,Unauthorised
ATT202410007394,STU007394,SCH037,2024-10-01,19,18,Medical
ATT202410007395,STU007395,SCH033,2024-10-01,18,17,Other
ATT202410007396,STU007396,SCH015,2024-10-01,22,20,Family
ATT202410007397,STU007397,SCH011,2024-10-01,21,19,Medical
ATT202410007398,STU007398,SCH012,2024-10-01,21,18,Illness
ATT202410007399,STU007399,SCH043,2024-10-01,22,20,Illness
ATT202410007400,STU007400,SCH038,2024-10-01,18,17,Illness
ATT202410007401,STU007401,SCH046,2024-10-01,20,18,Family
ATT202410007402,STU007402,SCH013,2024-10-01,20,19,Other
ATT202410007404,STU007404,SCH011,2024-10-01,20,18,Medical
ATT202410007405,STU007405,SCH050,2024-10-01,19,17,Medical
ATT202410007406,STU007406,SCH006,2024-10-01,22,20,Other
ATT202410007407,STU007407,SCH010,2024-10-01,18,15,Other
ATT202410007408,STU007408,SCH014,2024-10-01,20,18,Medical
ATT202410007409,STU007409,SCH041,2024-10-01,22,21,Other
ATT202410007410,STU007410,SCH028,2024-10-01,18,17,Unauthorised
ATT202410007411,STU007411,SCH021,2024-10-01,18,15,Other
ATT202410007412,STU007412,SCH038,2024-10-01,19,16,Other
ATT202410007413,STU007413,SCH018,2024-10-01,22,20,Unauthorised
ATT202410007414,STU007414,SCH043,2024-10-01,20,17,Other
ATT202410007415,STU007415,SCH046,2024-10-01,22,19,Other
ATT202410007416,STU007416,SCH023,2024-10-01,18,16,Other
ATT202410007417,STU007417,SCH027,2024-10-01,19,17,Illness
ATT202410007418,STU007418,SCH036,2024-10-01,18,16,Medical
ATT202410007419,STU007419,SCH028,2024-10-01,20,18,Illness
ATT202410007420,STU007420,SCH016,2024-10-01,21,19,Family
ATT202410007421,STU007421,SCH014,2024-10-01,18,16,Family
ATT202410007422,STU007422,SCH039,2024-10-01,21,18,Other
ATT202410007423,STU007423,SCH039,2024-10-01,19,17,Other
ATT202410007424,STU007424,SCH048,2024-10-01,21,20,Other
ATT202410007425,STU007425,SCH014,2024-10-01,22,21,Illness
ATT202410007426,STU007426,SCH015,2024-10-01,19,18,Medical
ATT202410007427,STU007427,SCH009,2024-10-01,20,18,Other
ATT202410007428,STU007428,SCH040,2024-10-01,22,20,Medical
ATT202410007429,STU007429,SCH014,2024-10-01,19,18,Family
ATT202410007430,STU007430,SCH018,2024-10-01,19,19,
ATT202410007431,STU007431,SCH018,2024-10-01,18,18,
ATT202410007432,STU007432,SCH033,2024-10-01,21,20,Family
ATT202410007433,STU007433,SCH048,2024-10-01,20,19,Medical
ATT202410007434,STU007434,SCH047,2024-10-01,18,17,Unauthorised
ATT202410007435,STU007435,SCH002,2024-10-01,19,17,Other
ATT202410007436,STU007436,SCH036,2024-10-01,20,19,Medical
ATT202410007437,STU007437,SCH023,2024-10-01,18,17,Medical
ATT202410007438,STU007438,SCH034,2024-10-01,22,18,Family
ATT202410007439,STU007439,SCH018,2024-10-01,18,17,Family
ATT202410007440,STU007440,SCH007,2024-10-01,18,18,
ATT202410007441,STU007441,SCH011,2024-10-01,18,17,Medical
ATT202410007442,STU007442,SCH002,2024-10-01,22,18,Family
ATT202410007443,STU007443,SCH050,2024-10-01,19,17,Family
ATT202410007444,STU007444,SCH031,2024-10-01,22,21,Family
ATT202410007445,STU007445,SCH041,2024-10-01,20,19,Unauthorised
ATT202410007446,STU007446,SCH033,2024-10-01,18,17,Other
ATT202410007447,STU007447,SCH018,2024-10-01,18,17,Other
ATT202410007448,STU007448,SCH030,2024-10-01,20,18,Unauthorised
ATT202410007449,STU007449,SCH046,2024-10-01,18,16,Medical
ATT202410007450,STU007450,SCH025,2024-10-01,19,17,Illness
ATT202410007451,STU007451,SCH031,2024-10-01,18,16,Illness
ATT202410007452,STU007452,SCH034,2024-10-01,19,18,Other
ATT202410007453,STU007453,SCH003,2024-10-01,19,18,Unauthorised
ATT202410007454,STU007454,SCH042,2024-10-01,20,17,Family
ATT202410007455,STU007455,SCH040,2024-10-01,19,18,Medical
ATT202410007456,STU007456,SCH043,2024-10-01,22,20,Medical
ATT202410007457,STU007457,SCH014,2024-10-01,21,20,Other
ATT202410007458,STU007458,SCH037,2024-10-01,19,17,Unauthorised
ATT202410007459,STU007459,SCH044,2024-10-01,18,17,Medical
ATT202410007460,STU007460,SCH045,2024-10-01,21,19,Other
ATT202410007461,STU007461,SCH010,2024-10-01,22,20,Other
ATT202410007462,STU007462,SCH012,2024-10-01,22,20,Medical
ATT202410007463,STU007463,SCH029,2024-10-01,22,20,Other
ATT202410007464,STU007464,SCH045,2024-10-01,22,20,Unauthorised
ATT202410007465,STU007465,SCH026,2024-10-01,18,16,Other
ATT202410007466,STU007466,SCH042,2024-10-01,18,16,Family
ATT202410007467,STU007467,SCH006,2024-10-01,22,21,Illness
ATT202410007468,STU007468,SCH002,2024-10-01,20,18,Other
ATT202410007469,STU007469,SCH037,2024-10-01,19,17,Unauthorised
ATT202410007470,STU007470,SCH005,2024-10-01,18,16,Medical
ATT202410007471,STU007471,SCH006,2024-10-01,20,19,Medical
ATT202410007472,STU007472,SCH033,2024-10-01,19,19,
ATT202410007473,STU007473,SCH014,2024-10-01,20,18,Family
ATT202410007474,STU007474,SCH014,2024-10-01,21,20,Other
ATT202410007475,STU007475,SCH041,2024-10-01,22,20,Illness
ATT202410007476,STU007476,SCH011,2024-10-01,22,20,Unauthorised
ATT202410007477,STU007477,SCH029,2024-10-01,21,19,Medical
ATT202410007478,STU007478,SCH016,2024-10-01,22,20,Family
ATT202410007479,STU007479,SCH042,2024-10-01,21,19,Medical
ATT202410007480,STU007480,SCH024,2024-10-01,18,17,Other
ATT202410007482,STU007482,SCH017,2024-10-01,18,16,Illness
ATT202410007483,STU007483,SCH035,2024-10-01,22,20,Illness
ATT202410007484,STU007484,SCH040,2024-10-01,18,17,Medical
ATT202410007485,STU007485,SCH028,2024-10-01,20,18,Family
ATT202410007486,STU007486,SCH013,2024-10-01,22,21,Unauthorised
ATT202410007487,STU007487,SCH001,2024-10-01,22,17,Medical
ATT202410007488,STU007488,SCH002,2024-10-01,20,16,Medical
ATT202410007489,STU007489,SCH019,2024-10-01,20,18,Medical
ATT202410007490,STU007490,SCH029,2024-10-01,20,18,Other
ATT202410007491,STU007491,SCH046,2024-10-01,18,17,Illness
ATT202410007492,STU007492,SCH041,2024-10-01,22,20,Medical
ATT202410007493,STU007493,SCH011,2024-10-01,18,16,Unauthorised
ATT202410007494,STU007494,SCH019,2024-10-01,21,19,Illness
ATT202410007495,STU007495,SCH011,2024-10-01,22,20,Other
ATT202410007496,STU007496,SCH029,2024-10-01,21,20,Medical
ATT202410007497,STU007497,SCH018,2024-10-01,21,20,Other
ATT202410007498,STU007498,SCH012,2024-10-01,19,17,Illness
ATT202410007499,STU007499,SCH045,2024-10-01,21,20,Illness
ATT202410007500,STU007500,SCH032,2024-10-01,21,19,Other
ATT202410007501,STU007501,SCH003,2024-10-01,20,19,Other
ATT202410007502,STU007502,SCH019,2024-10-01,21,21,
ATT202410007503,STU007503,SCH021,2024-10-01,21,18,Illness
ATT202410007504,STU007504,SCH005,2024-10-01,22,20,Illness
ATT202410007505,STU007505,SCH004,2024-10-01,22,20,Other
ATT202410007506,STU007506,SCH020,2024-10-01,18,17,Medical
ATT202410007507,STU007507,SCH008,2024-10-01,21,19,Family
ATT202410007508,STU007508,SCH041,2024-10-01,20,19,Other
ATT202410007509,STU007509,SCH012,2024-10-01,22,20,Illness
ATT202410007510,STU007510,SCH016,2024-10-01,21,19,Illness
ATT202410007511,STU007511,SCH045,2024-10-01,21,19,Medical
ATT202410007512,STU007512,SCH047,2024-10-01,18,17,Family
ATT202410007513,STU007513,SCH035,2024-10-01,18,16,Unauthorised
ATT202410007514,STU007514,SCH030,2024-10-01,19,19,
ATT202410007515,STU007515,SCH029,2024-10-01,20,18,Illness
ATT202410007516,STU007516,SCH008,2024-10-01,21,19,Family
ATT202410007517,STU007517,SCH036,2024-10-01,22,20,Other
ATT202410007518,STU007518,SCH041,2024-10-01,22,21,Family
ATT202410007519,STU007519,SCH030,2024-10-01,20,18,Other
ATT202410007520,STU007520,SCH048,2024-10-01,20,19,Family
ATT202410007521,STU007521,SCH039,2024-10-01,22,20,Family
ATT202410007522,STU007522,SCH007,2024-10-01,22,21,Illness
ATT202410007523,STU007523,SCH006,2024-10-01,18,18,
ATT202410007524,STU007524,SCH003,2024-10-01,21,20,Family
ATT202410007525,STU007525,SCH006,2024-10-01,18,16,Unauthorised
ATT202410007526,STU007526,SCH025,2024-10-01,21,19,Family
ATT202410007527,STU007527,SCH024,2024-10-01,20,16,Illness
ATT202410007528,STU007528,SCH015,2024-10-01,22,21,Medical
ATT202410007529,STU007529,SCH003,2024-10-01,22,20,Medical
ATT202410007530,STU007530,SCH021,2024-10-01,21,21,
ATT202410007531,STU007531,SCH046,2024-10-01,20,20,
ATT202410007532,STU007532,SCH048,2024-10-01,22,20,Unauthorised
ATT202410007533,STU007533,SCH031,2024-10-01,22,20,Medical
ATT202410007534,STU007534,SCH007,2024-10-01,18,18,
ATT202410007535,STU007535,SCH015,2024-10-01,22,20,Other
ATT202410007536,STU007536,SCH019,2024-10-01,20,18,Medical
ATT202410007537,STU007537,SCH028,2024-10-01,22,20,Unauthorised
ATT202410007538,STU007538,SCH026,2024-10-01,22,20,Other
ATT202410007539,STU007539,SCH044,2024-10-01,21,20,Medical
ATT202410007540,STU007540,SCH035,2024-10-01,20,19,Unauthorised
ATT202410007541,STU007541,SCH031,2024-10-01,21,19,Unauthorised
ATT202410007542,STU007542,SCH037,2024-10-01,19,17,Other
ATT202410007543,STU007543,SCH008,2024-10-01,21,19,Illness
ATT202410007544,STU007544,SCH046,2024-10-01,22,20,Other
ATT202410007545,STU007545,SCH021,2024-10-01,18,15,Unauthorised
ATT202410007546,STU007546,SCH037,2024-10-01,19,17,Unauthorised
ATT202410007547,STU007547,SCH021,2024-10-01,20,18,Unauthorised
ATT202410007548,STU007548,SCH021,2024-10-01,19,16,Medical
ATT202410007549,STU007549,SCH035,2024-10-01,18,16,Family
ATT202410007550,STU007550,SCH006,2024-10-01,19,17,Medical
ATT202410007551,STU007551,SCH008,2024-10-01,22,20,Unauthorised
ATT202410007552,STU007552,SCH004,2024-10-01,18,17,Unauthorised
ATT202410007553,STU007553,SCH029,2024-10-01,19,17,Unauthorised
ATT202410007554,STU007554,SCH043,2024-10-01,21,20,Illness
ATT202410007555,STU007555,SCH017,2024-10-01,22,21,Illness
ATT202410007556,STU007556,SCH019,2024-10-01,19,18,Unauthorised
ATT202410007557,STU007557,SCH032,2024-10-01,22,22,
ATT202410007558,STU007558,SCH027,2024-10-01,21,18,Other
ATT202410007559,STU007559,SCH046,2024-10-01,22,20,Other
ATT202410007560,STU007560,SCH031,2024-10-01,18,17,Illness
ATT202410007561,STU007561,SCH019,2024-10-01,19,18,Medical
ATT202410007562,STU007562,SCH013,2024-10-01,19,19,
ATT202410007563,STU007563,SCH019,2024-10-01,21,19,Family
ATT202410007564,STU007564,SCH006,2024-10-01,22,20,Medical
ATT202410007565,STU007565,SCH011,2024-10-01,18,16,Medical
ATT202410007566,STU007566,SCH042,2024-10-01,18,15,Illness
ATT202410007567,STU007567,SCH029,2024-10-01,18,16,Family
ATT202410007568,STU007568,SCH044,2024-10-01,21,18,Illness
ATT202410007569,STU007569,SCH044,2024-10-01,22,20,Unauthorised
ATT202410007570,STU007570,SCH046,2024-10-01,18,16,Family
ATT202410007571,STU007571,SCH014,2024-10-01,18,17,Medical
ATT202410007572,STU007572,SCH023,2024-10-01,19,17,Illness
ATT202410007573,STU007573,SCH035,2024-10-01,18,17,Family
ATT202410007574,STU007574,SCH006,2024-10-01,18,16,Family
ATT202410007575,STU007575,SCH047,2024-10-01,19,18,Medical
ATT202410007576,STU007576,SCH043,2024-10-01,20,18,Family
ATT202410007577,STU007577,SCH028,2024-10-01,19,16,Family
ATT202410007578,STU007578,SCH003,2024-10-01,22,20,Family
ATT202410007579,STU007579,SCH036,2024-10-01,22,20,Illness
ATT202410007580,STU007580,SCH039,2024-10-01,21,20,Family
ATT202410007581,STU007581,SCH006,2024-10-01,18,16,Other
ATT202410007582,STU007582,SCH033,2024-10-01,18,17,Illness
ATT202410007583,STU007583,SCH036,2024-10-01,18,16,Other
ATT202410007584,STU007584,SCH008,2024-10-01,18,16,Medical
ATT202410007585,STU007585,SCH009,2024-10-01,21,18,Family
ATT202410007586,STU007586,SCH003,2024-10-01,18,16,Unauthorised
ATT202410007587,STU007587,SCH003,2024-10-01,18,16,Medical
ATT202410007588,STU007588,SCH020,2024-10-01,21,19,Family
ATT202410007589,STU007589,SCH003,2024-10-01,18,17,Illness
ATT202410007590,STU007590,SCH022,2024-10-01,18,15,Illness
ATT202410007591,STU007591,SCH022,2024-10-01,21,18,Unauthorised
ATT202410007592,STU007592,SCH027,2024-10-01,22,20,Illness
ATT202410007593,STU007593,SCH002,2024-10-01,22,20,Family
ATT202410007594,STU007594,SCH039,2024-10-01,22,21,Family
ATT202410007595,STU007595,SCH029,2024-10-01,19,17,Unauthorised
ATT202410007596,STU007596,SCH014,2024-10-01,20,19,Unauthorised
ATT202410007597,STU007597,SCH016,2024-10-01,18,15,Unauthorised
ATT202410007598,STU007598,SCH043,2024-10-01,20,18,Family
ATT202410007599,STU007599,SCH018,2024-10-01,20,19,Family
ATT202410007600,STU007600,SCH008,2024-10-01,20,19,Medical
ATT202410007601,STU007601,SCH028,2024-10-01,22,20,Illness
ATT202410007602,STU007602,SCH031,2024-10-01,20,18,Other
ATT202410007603,STU007603,SCH046,2024-10-01,21,19,Other
ATT202410007604,STU007604,SCH025,2024-10-01,21,18,Other
ATT202410007605,STU007605,SCH005,2024-10-01,22,20,Unauthorised
ATT202410007606,STU007606,SCH032,2024-10-01,19,17,Unauthorised
ATT202410007607,STU007607,SCH029,2024-10-01,19,17,Illness
ATT202410007608,STU007608,SCH028,2024-10-01,18,17,Family
ATT202410007609,STU007609,SCH001,2024-10-01,22,21,Unauthorised
ATT202410007610,STU007610,SCH023,2024-10-01,21,18,Medical
ATT202410007611,STU007611,SCH043,2024-10-01,21,18,Other
ATT202410007612,STU007612,SCH034,2024-10-01,18,16,Family
ATT202410007613,STU007613,SCH027,2024-10-01,18,17,Illness
ATT202410007614,STU007614,SCH044,2024-10-01,20,17,Unauthorised
ATT202410007615,STU007615,SCH035,2024-10-01,20,18,Illness
ATT202410007616,STU007616,SCH012,2024-10-01,21,20,Family
ATT202410007617,STU007617,SCH027,2024-10-01,19,16,Illness
ATT202410007618,STU007618,SCH036,2024-10-01,20,20,
ATT202410007619,STU007619,SCH032,2024-10-01,18,16,Medical
ATT202410007620,STU007620,SCH007,2024-10-01,20,18,Medical
ATT202410007621,STU007621,SCH029,2024-10-01,21,19,Unauthorised
ATT202410007622,STU007622,SCH002,2024-10-01,22,20,Illness
ATT202410007623,STU007623,SCH018,2024-10-01,19,16,Family
ATT202410007624,STU007624,SCH039,2024-10-01,19,18,Medical
ATT202410007625,STU007625,SCH049,2024-10-01,18,16,Unauthorised
ATT202410007626,STU007626,SCH040,2024-10-01,21,19,Other
ATT202410007627,STU007627,SCH034,2024-10-01,19,16,Unauthorised
ATT202410007628,STU007628,SCH005,2024-10-01,19,18,Medical
ATT202410007629,STU007629,SCH029,2024-10-01,19,17,Illness
ATT202410007630,STU007630,SCH031,2024-10-01,19,18,Medical
ATT202410007631,STU007631,SCH040,2024-10-01,18,17,Family
ATT202410007632,STU007632,SCH014,2024-10-01,18,17,Other
ATT202410007633,STU007633,SCH038,2024-10-01,19,18,Other
ATT202410007634,STU007634,SCH029,2024-10-01,21,18,Medical
ATT202410007635,STU007635,SCH038,2024-10-01,18,17,Medical
ATT202410007636,STU007636,SCH002,2024-10-01,20,19,Illness
ATT202410007637,STU007637,SCH022,2024-10-01,20,18,Unauthorised
ATT202410007638,STU007638,SCH008,2024-10-01,22,22,
ATT202410007639,STU007639,SCH040,2024-10-01,21,20,Medical
ATT202410007640,STU007640,SCH039,2024-10-01,22,21,Unauthorised
ATT202410007641,STU007641,SCH024,2024-10-01,19,16,Family
ATT202410007643,STU007643,SCH041,2024-10-01,19,18,Family
ATT202410007644,STU007644,SCH004,2024-10-01,19,18,Family
ATT202410007645,STU007645,SCH029,2024-10-01,18,17,Medical
ATT202410007646,STU007646,SCH025,2024-10-01,22,21,Other
ATT202410007647,STU007647,SCH040,2024-10-01,20,19,Medical
ATT202410007648,STU007648,SCH020,2024-10-01,18,18,
ATT202410007649,STU007649,SCH011,2024-10-01,22,20,Illness
ATT202410007650,STU007650,SCH042,2024-10-01,19,17,Medical
ATT202410007651,STU007651,SCH003,2024-10-01,21,19,Medical
ATT202410007652,STU007652,SCH014,2024-10-01,21,19,Medical
ATT202410007653,STU007653,SCH027,2024-10-01,18,16,Medical
ATT202410007654,STU007654,SCH039,2024-10-01,20,19,Other
ATT202410007655,STU007655,SCH032,2024-10-01,19,18,Family
ATT202410007656,STU007656,SCH030,2024-10-01,18,17,Other
ATT202410007657,STU007657,SCH036,2024-10-01,19,18,Other
ATT202410007658,STU007658,SCH046,2024-10-01,19,18,Family
ATT202410007659,STU007659,SCH041,2024-10-01,22,21,Other
ATT202410007660,STU007660,SCH019,2024-10-01,21,20,Illness
ATT202410007661,STU007661,SCH046,2024-10-01,20,19,Unauthorised
ATT202410007662,STU007662,SCH041,2024-10-01,22,19,Illness
ATT202410007663,STU007663,SCH012,2024-10-01,22,20,Family
ATT202410007664,STU007664,SCH022,2024-10-01,20,18,Medical
ATT202410007665,STU007665,SCH044,2024-10-01,19,16,Family
ATT202410007666,STU007666,SCH006,2024-10-01,22,21,Medical
ATT202410007667,STU007667,SCH031,2024-10-01,18,16,Family
ATT202410007668,STU007668,SCH011,2024-10-01,21,19,Illness
ATT202410007669,STU007669,SCH005,2024-10-01,22,20,Other
ATT202410007670,STU007670,SCH049,2024-10-01,20,18,Medical
ATT202410007671,STU007671,SCH007,2024-10-01,18,17,Family
ATT202410007672,STU007672,SCH050,2024-10-01,22,20,Medical
ATT202410007673,STU007673,SCH028,2024-10-01,19,18,Family
ATT202410007674,STU007674,SCH050,2024-10-01,18,16,Illness
ATT202410007675,STU007675,SCH023,2024-10-01,21,18,Family
ATT202410007676,STU007676,SCH041,2024-10-01,18,16,Family
ATT202410007677,STU007677,SCH006,2024-10-01,21,20,Family
ATT202410007678,STU007678,SCH031,2024-10-01,22,20,Medical
ATT202410007679,STU007679,SCH028,2024-10-01,19,16,Illness
ATT202410007680,STU007680,SCH033,2024-10-01,21,20,Medical
ATT202410007681,STU007681,SCH025,2024-10-01,19,18,Other
ATT202410007682,STU007682,SCH013,2024-10-01,18,18,
ATT202410007683,STU007683,SCH050,2024-10-01,21,19,Family
ATT202410007684,STU007684,SCH031,2024-10-01,18,16,Medical
ATT202410007685,STU007685,SCH033,2024-10-01,19,18,Family
ATT202410007686,STU007686,SCH034,2024-10-01,22,21,Unauthorised
ATT202410007687,STU007687,SCH004,2024-10-01,19,18,Illness
ATT202410007688,STU007688,SCH042,2024-10-01,19,16,Unauthorised
ATT202410007689,STU007689,SCH030,2024-10-01,20,18,Other
ATT202410007690,STU007690,SCH048,2024-10-01,20,18,Illness
ATT202410007691,STU007691,SCH012,2024-10-01,22,20,Other
ATT202410007692,STU007692,SCH036,2024-10-01,18,18,
ATT202410007693,STU007693,SCH037,2024-10-01,19,16,Medical
ATT202410007694,STU007694,SCH011,2024-10-01,22,20,Illness
ATT202410007695,STU007695,SCH041,2024-10-01,19,17,Unauthorised
ATT202410007696,STU007696,SCH017,2024-10-01,21,20,Illness
ATT202410007697,STU007697,SCH007,2024-10-01,22,21,Family
ATT202410007698,STU007698,SCH047,2024-10-01,20,19,Unauthorised
ATT202410007699,STU007699,SCH038,2024-10-01,18,18,
ATT202410007700,STU007700,SCH025,2024-10-01,20,18,Illness
ATT202410007701,STU007701,SCH006,2024-10-01,18,16,Other
ATT202410007702,STU007702,SCH002,2024-10-01,20,18,Medical
ATT202410007703,STU007703,SCH040,2024-10-01,18,16,Family
ATT202410007704,STU007704,SCH049,2024-10-01,19,18,Medical
ATT202410007705,STU007705,SCH020,2024-10-01,21,19,Medical
ATT202410007706,STU007706,SCH026,2024-10-01,21,20,Illness
ATT202410007707,STU007707,SCH020,2024-10-01,21,20,Illness
ATT202410007708,STU007708,SCH004,2024-10-01,20,19,Illness
ATT202410007709,STU007709,SCH047,2024-10-01,18,17,Other
ATT202410007710,STU007710,SCH039,2024-10-01,19,18,Illness
ATT202410007711,STU007711,SCH023,2024-10-01,21,19,Illness
ATT202410007712,STU007712,SCH050,2024-10-01,19,16,Medical
ATT202410007713,STU007713,SCH045,2024-10-01,22,20,Family
ATT202410007714,STU007714,SCH016,2024-10-01,19,18,Illness
ATT202410007715,STU007715,SCH038,2024-10-01,18,16,Other
ATT202410007716,STU007716,SCH017,2024-10-01,18,15,Unauthorised
ATT202410007717,STU007717,SCH032,2024-10-01,21,18,Medical
ATT202410007718,STU007718,SCH030,2024-10-01,19,16,Other
ATT202410007719,STU007719,SCH020,2024-10-01,20,18,Unauthorised
ATT202410007720,STU007720,SCH021,2024-10-01,19,16,Illness
ATT202410007721,STU007721,SCH015,2024-10-01,19,16,Family
ATT202410007722,STU007722,SCH036,2024-10-01,20,18,Illness
ATT202410007723,STU007723,SCH042,2024-10-01,19,16,Medical
ATT202410007724,STU007724,SCH050,2024-10-01,19,17,Illness
ATT202410007726,STU007726,SCH046,2024-10-01,20,18,Unauthorised
ATT202410007727,STU007727,SCH037,2024-10-01,19,18,Other
ATT202410007728,STU007728,SCH019,2024-10-01,18,16,Medical
ATT202410007729,STU007729,SCH003,2024-10-01,19,17,Illness
ATT202410007730,STU007730,SCH002,2024-10-01,19,17,Illness
ATT202410007731,STU007731,SCH041,2024-10-01,20,20,
ATT202410007732,STU007732,SCH004,2024-10-01,21,19,Unauthorised
ATT202410007733,STU007733,SCH004,2024-10-01,19,17,Other
ATT202410007734,STU007734,SCH033,2024-10-01,20,18,Unauthorised
ATT202410007735,STU007735,SCH011,2024-10-01,20,18,Illness
ATT202410007736,STU007736,SCH015,2024-10-01,19,17,Other
ATT202410007737,STU007737,SCH028,2024-10-01,22,21,Family
ATT202410007738,STU007738,SCH043,2024-10-01,20,17,Family
ATT202410007739,STU007739,SCH008,2024-10-01,22,19,Other
ATT202410007740,STU007740,SCH025,2024-10-01,22,20,Illness
ATT202410007741,STU007741,SCH030,2024-10-01,21,18,Family
ATT202410007742,STU007742,SCH022,2024-10-01,22,21,Family
ATT202410007743,STU007743,SCH031,2024-10-01,21,20,Medical
ATT202410007744,STU007744,SCH008,2024-10-01,18,16,Medical
ATT202410007745,STU007745,SCH012,2024-10-01,21,19,Other
ATT202410007746,STU007746,SCH019,2024-10-01,18,16,Medical
ATT202410007747,STU007747,SCH011,2024-10-01,22,20,Unauthorised
ATT202410007748,STU007748,SCH011,2024-10-01,20,18,Illness
ATT202410007749,STU007749,SCH019,2024-10-01,22,20,Other
ATT202410007750,STU007750,SCH030,2024-10-01,20,19,Illness
ATT202410007751,STU007751,SCH014,2024-10-01,18,18,
ATT202410007752,STU007752,SCH046,2024-10-01,20,18,Family
ATT202410007753,STU007753,SCH030,2024-10-01,22,20,Medical
ATT202410007754,STU007754,SCH015,2024-10-01,18,17,Other
ATT202410007755,STU007755,SCH032,2024-10-01,18,17,Family
ATT202410007756,STU007756,SCH046,2024-10-01,18,17,Other
ATT202410007757,STU007757,SCH032,2024-10-01,19,17,Other
ATT202410007758,STU007758,SCH042,2024-10-01,18,16,Medical
ATT202410007759,STU007759,SCH048,2024-10-01,18,17,Medical
ATT202410007760,STU007760,SCH018,2024-10-01,20,18,Medical
ATT202410007761,STU007761,SCH041,2024-10-01,20,18,Family
ATT202410007762,STU007762,SCH011,2024-10-01,20,18,Other
ATT202410007763,STU007763,SCH023,2024-10-01,22,19,Unauthorised
ATT202410007764,STU007764,SCH003,2024-10-01,18,16,Other
ATT202410007765,STU007765,SCH004,2024-10-01,18,17,Illness
ATT202410007766,STU007766,SCH006,2024-10-01,22,20,Medical
ATT202410007767,STU007767,SCH005,2024-10-01,21,19,Other
ATT202410007768,STU007768,SCH019,2024-10-01,22,20,Medical
ATT202410007769,STU007769,SCH044,2024-10-01,19,16,Illness
ATT202410007770,STU007770,SCH036,2024-10-01,21,20,Other
ATT202410007771,STU007771,SCH043,2024-10-01,20,18,Unauthorised
ATT202410007772,STU007772,SCH014,2024-10-01,22,20,Family
ATT202410007773,STU007773,SCH044,2024-10-01,22,20,Other
ATT202410007774,STU007774,SCH016,2024-10-01,18,16,Illness
ATT202410007775,STU007775,SCH041,2024-10-01,18,17,Illness
ATT202410007776,STU007776,SCH050,2024-10-01,22,19,Other
ATT202410007777,STU007777,SCH032,2024-10-01,20,17,Unauthorised
ATT202410007778,STU007778,SCH008,2024-10-01,18,17,Unauthorised
ATT202410007779,STU007779,SCH039,2024-10-01,18,16,Unauthorised
ATT202410007780,STU007780,SCH032,2024-10-01,22,20,Other
ATT202410007781,STU007781,SCH031,2024-10-01,22,22,
ATT202410007782,STU007782,SCH034,2024-10-01,18,17,Medical
ATT202410007783,STU007783,SCH036,2024-10-01,22,20,Family
ATT202410007784,STU007784,SCH019,2024-10-01,18,16,Medical
ATT202410007785,STU007785,SCH014,2024-10-01,22,21,Medical
ATT202410007786,STU007786,SCH003,2024-10-01,20,19,Illness
ATT202410007787,STU007787,SCH011,2024-10-01,19,18,Medical
ATT202410007788,STU007788,SCH008,2024-10-01,18,15,Medical
ATT202410007789,STU007789,SCH027,2024-10-01,22,20,Unauthorised
ATT202410007790,STU007790,SCH037,2024-10-01,20,18,Other
ATT202410007791,STU007791,SCH038,2024-10-01,21,20,Family
ATT202410007792,STU007792,SCH003,2024-10-01,20,18,Family
ATT202410007793,STU007793,SCH045,2024-10-01,21,19,Unauthorised
ATT202410007794,STU007794,SCH049,2024-10-01,19,17,Illness
ATT202410007795,STU007795,SCH009,2024-10-01,22,21,Family
ATT202410007796,STU007796,SCH044,2024-10-01,18,17,Family
ATT202410007797,STU007797,SCH018,2024-10-01,18,18,
ATT202410007798,STU007798,SCH013,2024-10-01,18,16,Other
ATT202410007799,STU007799,SCH019,2024-10-01,20,18,Other
ATT202410007800,STU007800,SCH020,2024-10-01,18,17,Other
ATT202410007801,STU007801,SCH006,2024-10-01,20,18,Illness
ATT202410007802,STU007802,SCH050,2024-10-01,19,18,Other
ATT202410007803,STU007803,SCH037,2024-10-01,19,18,Other
ATT202410007804,STU007804,SCH049,2024-10-01,22,19,Unauthorised
ATT202410007805,STU007805,SCH011,2024-10-01,20,19,Illness
ATT202410007806,STU007806,SCH006,2024-10-01,21,20,Medical
ATT202410007807,STU007807,SCH024,2024-10-01,21,18,Unauthorised
ATT202410007808,STU007808,SCH004,2024-10-01,19,17,Illness
ATT202410007809,STU007809,SCH004,2024-10-01,19,18,Illness
ATT202410007810,STU007810,SCH040,2024-10-01,18,16,Illness
ATT202410007811,STU007811,SCH008,2024-10-01,20,19,Medical
ATT202410007812,STU007812,SCH050,2024-10-01,18,18,
ATT202410007813,STU007813,SCH030,2024-10-01,18,16,Other
ATT202410007814,STU007814,SCH016,2024-10-01,20,19,Medical
ATT202410007815,STU007815,SCH007,2024-10-01,20,19,Other
ATT202410007816,STU007816,SCH043,2024-10-01,18,17,Other
ATT202410007817,STU007817,SCH030,2024-10-01,20,18,Other
ATT202410007818,STU007818,SCH002,2024-10-01,20,18,Illness
ATT202410007819,STU007819,SCH017,2024-10-01,20,18,Illness
ATT202410007820,STU007820,SCH045,2024-10-01,20,18,Illness
ATT202410007821,STU007821,SCH027,2024-10-01,20,19,Other
ATT202410007822,STU007822,SCH041,2024-10-01,21,19,Other
ATT202410007823,STU007823,SCH011,2024-10-01,18,16,Other
ATT202410007824,STU007824,SCH025,2024-10-01,21,20,Other
ATT202410007825,STU007825,SCH011,2024-10-01,18,16,Family
ATT202410007826,STU007826,SCH033,2024-10-01,22,20,Unauthorised
ATT202410007827,STU007827,SCH029,2024-10-01,22,18,Unauthorised
ATT202410007828,STU007828,SCH021,2024-10-01,19,15,Medical
ATT202410007829,STU007829,SCH008,2024-10-01,20,18,Other
ATT202410007830,STU007830,SCH032,2024-10-01,19,18,Medical
ATT202410007831,STU007831,SCH035,2024-10-01,22,20,Unauthorised
ATT202410007832,STU007832,SCH008,2024-10-01,18,16,Illness
ATT202410007833,STU007833,SCH016,2024-10-01,20,19,Illness
ATT202410007834,STU007834,SCH029,2024-10-01,19,17,Medical
ATT202410007835,STU007835,SCH012,2024-10-01,19,17,Medical
ATT202410007836,STU007836,SCH031,2024-10-01,20,19,Unauthorised
ATT202410007837,STU007837,SCH013,2024-10-01,18,18,
ATT202410007838,STU007838,SCH040,2024-10-01,21,19,Medical
ATT202410007839,STU007839,SCH004,2024-10-01,19,17,Other
ATT202410007840,STU007840,SCH019,2024-10-01,19,18,Illness
ATT202410007841,STU007841,SCH024,2024-10-01,19,16,Family
ATT202410007842,STU007842,SCH036,2024-10-01,19,18,Unauthorised
ATT202410007843,STU007843,SCH027,2024-10-01,22,20,Unauthorised
ATT202410007844,STU007844,SCH045,2024-10-01,21,18,Illness
ATT202410007845,STU007845,SCH043,2024-10-01,18,17,Family
ATT202410007846,STU007846,SCH019,2024-10-01,20,18,Unauthorised
ATT202410007847,STU007847,SCH029,2024-10-01,18,16,Family
ATT202410007848,STU007848,SCH047,2024-10-01,18,16,Medical
ATT202410007849,STU007849,SCH020,2024-10-01,19,18,Illness
ATT202410007850,STU007850,SCH018,2024-10-01,20,18,Other
ATT202410007851,STU007851,SCH045,2024-10-01,18,17,Unauthorised
ATT202410007852,STU007852,SCH024,2024-10-01,20,18,Other
ATT202410007853,STU007853,SCH038,2024-10-01,21,20,Other
ATT202410007854,STU007854,SCH023,2024-10-01,22,21,Illness
ATT202410007855,STU007855,SCH010,2024-10-01,18,17,Illness
ATT202410007856,STU007856,SCH044,2024-10-01,21,21,
ATT202410007857,STU007857,SCH027,2024-10-01,20,18,Family
ATT202410007858,STU007858,SCH030,2024-10-01,20,18,Unauthorised
ATT202410007859,STU007859,SCH012,2024-10-01,19,17,Illness
ATT202410007860,STU007860,SCH027,2024-10-01,22,22,
ATT202410007861,STU007861,SCH038,2024-10-01,22,20,Family
ATT202410007862,STU007862,SCH017,2024-10-01,21,19,Unauthorised
ATT202410007863,STU007863,SCH036,2024-10-01,19,18,Other
ATT202410007864,STU007864,SCH008,2024-10-01,21,20,Family
ATT202410007865,STU007865,SCH050,2024-10-01,19,17,Other
ATT202410007866,STU007866,SCH050,2024-10-01,19,17,Illness
ATT202410007867,STU007867,SCH026,2024-10-01,20,19,Medical
ATT202410007868,STU007868,SCH029,2024-10-01,21,20,Illness
ATT202410007869,STU007869,SCH023,2024-10-01,21,19,Other
ATT202410007870,STU007870,SCH013,2024-10-01,19,17,Other
ATT202410007871,STU007871,SCH044,2024-10-01,19,16,Family
ATT202410007872,STU007872,SCH036,2024-10-01,18,17,Other
ATT202410007873,STU007873,SCH005,2024-10-01,19,17,Family
ATT202410007874,STU007874,SCH037,2024-10-01,21,19,Illness
ATT202410007875,STU007875,SCH041,2024-10-01,20,20,
ATT202410007876,STU007876,SCH005,2024-10-01,21,20,Unauthorised
ATT202410007877,STU007877,SCH002,2024-10-01,22,19,Other
ATT202410007878,STU007878,SCH015,2024-10-01,18,16,Other
ATT202410007879,STU007879,SCH028,2024-10-01,21,19,Other
ATT202410007880,STU007880,SCH002,2024-10-01,22,22,
ATT202410007881,STU007881,SCH014,2024-10-01,19,17,Unauthorised
ATT202410007882,STU007882,SCH005,2024-10-01,21,20,Illness
ATT202410007883,STU007883,SCH023,2024-10-01,21,19,Medical
ATT202410007884,STU007884,SCH029,2024-10-01,20,18,Other
ATT202410007885,STU007885,SCH042,2024-10-01,19,14,Unauthorised
ATT202410007886,STU007886,SCH037,2024-10-01,19,18,Illness
ATT202410007887,STU007887,SCH040,2024-10-01,18,17,Family
ATT202410007888,STU007888,SCH038,2024-10-01,20,17,Family
ATT202410007889,STU007889,SCH035,2024-10-01,20,17,Other
ATT202410007890,STU007890,SCH010,2024-10-01,18,17,Unauthorised
ATT202410007891,STU007891,SCH029,2024-10-01,21,20,Family
ATT202410007892,STU007892,SCH026,2024-10-01,20,19,Other
ATT202410007893,STU007893,SCH032,2024-10-01,18,17,Family
ATT202410007894,STU007894,SCH028,2024-10-01,18,17,Unauthorised
ATT202410007895,STU007895,SCH022,2024-10-01,18,15,Unauthorised
ATT202410007896,STU007896,SCH004,2024-10-01,19,17,Other
ATT202410007897,STU007897,SCH005,2024-10-01,20,18,Unauthorised
ATT202410007898,STU007898,SCH003,2024-10-01,22,20,Unauthorised
ATT202410007899,STU007899,SCH002,2024-10-01,20,19,Illness
ATT202410007900,STU007900,SCH007,2024-10-01,18,16,Unauthorised
ATT202410007901,STU007901,SCH026,2024-10-01,19,17,Family
ATT202410007902,STU007902,SCH050,2024-10-01,22,19,Family
ATT202410007903,STU007903,SCH028,2024-10-01,19,18,Medical
ATT202410007904,STU007904,SCH032,2024-10-01,19,17,Other
ATT202410007905,STU007905,SCH023,2024-10-01,21,20,Medical
ATT202410007906,STU007906,SCH003,2024-10-01,21,20,Unauthorised
ATT202410007907,STU007907,SCH024,2024-10-01,19,16,Medical
ATT202410007908,STU007908,SCH008,2024-10-01,18,17,Other
ATT202410007909,STU007909,SCH017,2024-10-01,22,20,Medical
ATT202410007910,STU007910,SCH039,2024-10-01,18,16,Other
ATT202410007911,STU007911,SCH026,2024-10-01,18,17,Family
ATT202410007912,STU007912,SCH050,2024-10-01,22,20,Medical
ATT202410007913,STU007913,SCH019,2024-10-01,22,20,Family
ATT202410007914,STU007914,SCH034,2024-10-01,18,16,Unauthorised
ATT202410007915,STU007915,SCH034,2024-10-01,21,18,Unauthorised
ATT202410007916,STU007916,SCH028,2024-10-01,21,19,Unauthorised
ATT202410007917,STU007917,SCH014,2024-10-01,20,18,Family
ATT202410007918,STU007918,SCH035,2024-10-01,19,17,Family
ATT202410007919,STU007919,SCH028,2024-10-01,19,18,Family
ATT202410007920,STU007920,SCH050,2024-10-01,21,19,Medical
ATT202410007921,STU007921,SCH022,2024-10-01,18,16,Illness
ATT202410007922,STU007922,SCH042,2024-10-01,21,18,Medical
ATT202410007923,STU007923,SCH025,2024-10-01,21,19,Illness
ATT202410007924,STU007924,SCH047,2024-10-01,21,20,Medical
ATT202410007925,STU007925,SCH033,2024-10-01,21,20,Medical
ATT202410007926,STU007926,SCH016,2024-10-01,21,20,Unauthorised
ATT202410007927,STU007927,SCH001,2024-10-01,19,16,Other
ATT202410007928,STU007928,SCH015,2024-10-01,18,16,Other
ATT202410007929,STU007929,SCH010,2024-10-01,22,19,Medical
ATT202410007930,STU007930,SCH009,2024-10-01,20,18,Medical
ATT202410007931,STU007931,SCH008,2024-10-01,20,18,Illness
ATT202410007932,STU007932,SCH036,2024-10-01,20,19,Other
ATT202410007933,STU007933,SCH006,2024-10-01,22,19,Unauthorised
ATT202410007934,STU007934,SCH032,2024-10-01,19,17,Other
ATT202410007935,STU007935,SCH040,2024-10-01,22,20,Medical
ATT202410007936,STU007936,SCH008,2024-10-01,21,21,
ATT202410007937,STU007937,SCH024,2024-10-01,20,18,Other
ATT202410007938,STU007938,SCH009,2024-10-01,19,17,Medical
ATT202410007939,STU007939,SCH006,2024-10-01,22,20,Unauthorised
ATT202410007940,STU007940,SCH006,2024-10-01,22,21,Other
ATT202410007941,STU007941,SCH041,2024-10-01,20,18,Other
ATT202410007942,STU007942,SCH048,2024-10-01,18,17,Illness
ATT202410007943,STU007943,SCH048,2024-10-01,21,18,Medical
ATT202410007944,STU007944,SCH022,2024-10-01,20,18,Family
ATT202410007945,STU007945,SCH047,2024-10-01,20,19,Other
ATT202410007946,STU007946,SCH019,2024-10-01,19,18,Illness
ATT202410007947,STU007947,SCH019,2024-10-01,18,16,Medical
ATT202410007948,STU007948,SCH015,2024-10-01,20,19,Family
ATT202410007949,STU007949,SCH005,2024-10-01,18,16,Other
ATT202410007950,STU007950,SCH020,2024-10-01,19,17,Family
ATT202410007951,STU007951,SCH043,2024-10-01,22,20,Medical
ATT202410007952,STU007952,SCH019,2024-10-01,20,19,Other
ATT202410007953,STU007953,SCH013,2024-10-01,20,19,Family
ATT202410007954,STU007954,SCH004,2024-10-01,20,18,Other
ATT202410007955,STU007955,SCH020,2024-10-01,19,18,Illness
ATT202410007956,STU007956,SCH025,2024-10-01,22,19,Illness
ATT202410007957,STU007957,SCH047,2024-10-01,21,20,Unauthorised
ATT202410007958,STU007958,SCH016,2024-10-01,19,19,
ATT202410007959,STU007959,SCH032,2024-10-01,18,17,Medical
ATT202410007960,STU007960,SCH005,2024-10-01,22,20,Other
ATT202410007961,STU007961,SCH019,2024-10-01,20,18,Medical
ATT202410007962,STU007962,SCH047,2024-10-01,20,20,
ATT202410007963,STU007963,SCH048,2024-10-01,22,21,Unauthorised
ATT202410007964,STU007964,SCH046,2024-10-01,18,16,Unauthorised
ATT202410007965,STU007965,SCH042,2024-10-01,21,18,Unauthorised
ATT202410007966,STU007966,SCH040,2024-10-01,18,16,Family
ATT202410007967,STU007967,SCH043,2024-10-01,21,19,Unauthorised
ATT202410007968,STU007968,SCH042,2024-10-01,22,18,Other
ATT202410007969,STU007969,SCH015,2024-10-01,20,20,
ATT202410007970,STU007970,SCH020,2024-10-01,22,21,Unauthorised
ATT202410007971,STU007971,SCH011,2024-10-01,20,20,
ATT202410007972,STU007972,SCH041,2024-10-01,18,17,Illness
ATT202410007973,STU007973,SCH007,2024-10-01,18,17,Family
ATT202410007974,STU007974,SCH006,2024-10-01,20,20,
ATT202410007975,STU007975,SCH009,2024-10-01,20,18,Illness
ATT202410007976,STU007976,SCH033,2024-10-01,20,19,Family
ATT202410007977,STU007977,SCH018,2024-10-01,22,19,Other
ATT202410007978,STU007978,SCH024,2024-10-01,20,18,Illness
ATT202410007979,STU007979,SCH021,2024-10-01,22,20,Unauthorised
ATT202410007980,STU007980,SCH013,2024-10-01,21,18,Medical
ATT202410007981,STU007981,SCH039,2024-10-01,21,20,Medical
ATT202410007982,STU007982,SCH045,2024-10-01,20,17,Illness
ATT202410007983,STU007983,SCH021,2024-10-01,20,19,Medical
ATT202410007984,STU007984,SCH019,2024-10-01,21,21,
ATT202410007985,STU007985,SCH013,2024-10-01,21,19,Family
ATT202410007986,STU007986,SCH014,2024-10-01,22,21,Medical
ATT202410007987,STU007987,SCH036,2024-10-01,19,18,Family
ATT202410007988,STU007988,SCH050,2024-10-01,20,18,Unauthorised
ATT202410007989,STU007989,SCH039,2024-10-01,21,19,Other
ATT202410007990,STU007990,SCH003,2024-10-01,22,20,Unauthorised
ATT202410007991,STU007991,SCH040,2024-10-01,22,20,Other
ATT202410007992,STU007992,SCH007,2024-10-01,21,20,Other
ATT202410007993,STU007993,SCH003,2024-10-01,21,19,Other
ATT202410007994,STU007994,SCH039,2024-10-01,20,18,Medical
ATT202410007995,STU007995,SCH013,2024-10-01,20,18,Unauthorised
ATT202410007996,STU007996,SCH045,2024-10-01,21,18,Medical
ATT202410007997,STU007997,SCH027,2024-10-01,20,17,Unauthorised
ATT202410007998,STU007998,SCH031,2024-10-01,20,18,Unauthorised
ATT202410007999,STU007999,SCH037,2024-10-01,18,16,Medical
ATT202410008000,STU008000,SCH040,2024-10-01,19,18,Family
ATT202410008001,STU008001,SCH019,2024-10-01,22,19,Other
ATT202410008002,STU008002,SCH020,2024-10-01,19,18,Unauthorised
ATT202410008003,STU008003,SCH040,2024-10-01,22,21,Illness
ATT202410008004,STU008004,SCH050,2024-10-01,21,18,Illness
ATT202410008005,STU008005,SCH029,2024-10-01,19,17,Unauthorised
ATT202410008006,STU008006,SCH036,2024-10-01,22,20,Unauthorised
ATT202410008007,STU008007,SCH033,2024-10-01,21,19,Family
ATT202410008008,STU008008,SCH008,2024-10-01,22,19,Other
ATT202410008009,STU008009,SCH005,2024-10-01,21,19,Unauthorised
ATT202410008010,STU008010,SCH046,2024-10-01,19,17,Illness
ATT202410008011,STU008011,SCH035,2024-10-01,19,17,Medical
ATT202410008012,STU008012,SCH041,2024-10-01,22,21,Unauthorised
ATT202410008013,STU008013,SCH012,2024-10-01,18,16,Family
ATT202410008014,STU008014,SCH035,2024-10-01,21,19,Illness
ATT202410008015,STU008015,SCH013,2024-10-01,19,18,Unauthorised
ATT202410008016,STU008016,SCH030,2024-10-01,20,19,Other
ATT202410008017,STU008017,SCH030,2024-10-01,19,17,Other
ATT202410008018,STU008018,SCH016,2024-10-01,21,20,Unauthorised
ATT202410008019,STU008019,SCH032,2024-10-01,19,17,Medical
ATT202410008020,STU008020,SCH030,2024-10-01,18,17,Other
ATT202410008021,STU008021,SCH021,2024-10-01,21,19,Family
ATT202410008022,STU008022,SCH028,2024-10-01,20,19,Other
ATT202410008023,STU008023,SCH001,2024-10-01,22,20,Illness
ATT202410008024,STU008024,SCH045,2024-10-01,21,18,Family
ATT202410008025,STU008025,SCH044,2024-10-01,18,16,Family
ATT202410008026,STU008026,SCH033,2024-10-01,21,19,Other
ATT202410008027,STU008027,SCH019,2024-10-01,20,19,Medical
ATT202410008028,STU008028,SCH015,2024-10-01,21,20,Family
ATT202410008029,STU008029,SCH045,2024-10-01,20,18,Illness
ATT202410008030,STU008030,SCH023,2024-10-01,22,19,Family
ATT202410008031,STU008031,SCH008,2024-10-01,19,17,Unauthorised
ATT202410008032,STU008032,SCH015,2024-10-01,22,21,Family
ATT202410008033,STU008033,SCH020,2024-10-01,21,20,Illness
ATT202410008034,STU008034,SCH018,2024-10-01,19,18,Unauthorised
ATT202410008035,STU008035,SCH008,2024-10-01,19,19,
ATT202410008036,STU008036,SCH021,2024-10-01,21,18,Other
ATT202410008037,STU008037,SCH020,2024-10-01,19,18,Family
ATT202410008038,STU008038,SCH033,2024-10-01,18,17,Medical
ATT202410008039,STU008039,SCH024,2024-10-01,19,17,Illness
ATT202410008040,STU008040,SCH015,2024-10-01,18,17,Illness
ATT202410008041,STU008041,SCH034,2024-10-01,22,21,Medical
ATT202410008042,STU008042,SCH033,2024-10-01,18,17,Other
ATT202410008043,STU008043,SCH043,2024-10-01,22,20,Other
ATT202410008044,STU008044,SCH017,2024-10-01,20,18,Unauthorised
ATT202410008045,STU008045,SCH027,2024-10-01,19,16,Unauthorised
ATT202410008046,STU008046,SCH015,2024-10-01,22,22,
ATT202410008047,STU008047,SCH020,2024-10-01,18,17,Family
ATT202410008048,STU008048,SCH010,2024-10-01,18,15,Unauthorised
ATT202410008049,STU008049,SCH043,2024-10-01,20,18,Unauthorised
ATT202410008050,STU008050,SCH006,2024-10-01,21,19,Other
ATT202410008051,STU008051,SCH016,2024-10-01,21,20,Illness
ATT202410008052,STU008052,SCH016,2024-10-01,22,22,
ATT202410008053,STU008053,SCH028,2024-10-01,20,19,Other
ATT202410008054,STU008054,SCH008,2024-10-01,18,15,Medical
ATT202410008055,STU008055,SCH023,2024-10-01,18,15,Family
ATT202410008056,STU008056,SCH016,2024-10-01,18,17,Medical
ATT202410008057,STU008057,SCH040,2024-10-01,22,19,Medical
ATT202410008058,STU008058,SCH030,2024-10-01,21,20,Illness
ATT202410008059,STU008059,SCH009,2024-10-01,18,16,Family
ATT202410008060,STU008060,SCH033,2024-10-01,22,20,Unauthorised
ATT202410008061,STU008061,SCH035,2024-10-01,19,17,Other
ATT202410008062,STU008062,SCH007,2024-10-01,18,16,Family
ATT202410008063,STU008063,SCH041,2024-10-01,18,17,Unauthorised
ATT202410008064,STU008064,SCH041,2024-10-01,18,17,Unauthorised
ATT202410008065,STU008065,SCH025,2024-10-01,18,16,Illness
ATT202410008066,STU008066,SCH008,2024-10-01,18,17,Medical
ATT202410008067,STU008067,SCH041,2024-10-01,19,18,Illness
ATT202410008068,STU008068,SCH012,2024-10-01,22,20,Other
ATT202410008069,STU008069,SCH011,2024-10-01,20,18,Medical
ATT202410008070,STU008070,SCH016,2024-10-01,19,18,Medical
ATT202410008071,STU008071,SCH022,2024-10-01,20,20,
ATT202410008072,STU008072,SCH022,2024-10-01,18,16,Medical
ATT202410008073,STU008073,SCH011,2024-10-01,22,19,Illness
ATT202410008074,STU008074,SCH047,2024-10-01,20,18,Medical
ATT202410008075,STU008075,SCH004,2024-10-01,22,22,
ATT202410008076,STU008076,SCH034,2024-10-01,18,17,Unauthorised
ATT202410008077,STU008077,SCH011,2024-10-01,22,21,Other
ATT202410008078,STU008078,SCH022,2024-10-01,20,18,Family
ATT202410008079,STU008079,SCH012,2024-10-01,20,19,Family
ATT202410008080,STU008080,SCH002,2024-10-01,18,17,Illness
ATT202410008081,STU008081,SCH037,2024-10-01,18,17,Family
ATT202410008082,STU008082,SCH048,2024-10-01,20,18,Illness
ATT202410008083,STU008083,SCH020,2024-10-01,18,16,Illness
ATT202410008084,STU008084,SCH041,2024-10-01,21,20,Unauthorised
ATT202410008085,STU008085,SCH042,2024-10-01,20,18,Other
ATT202410008086,STU008086,SCH037,2024-10-01,22,20,Unauthorised
ATT202410008087,STU008087,SCH037,2024-10-01,19,18,Unauthorised
ATT202410008088,STU008088,SCH046,2024-10-01,20,16,Illness
ATT202410008089,STU008089,SCH008,2024-10-01,19,17,Unauthorised
ATT202410008090,STU008090,SCH016,2024-10-01,20,19,Unauthorised
ATT202410008091,STU008091,SCH029,2024-10-01,19,17,Unauthorised
ATT202410008092,STU008092,SCH037,2024-10-01,20,19,Other
ATT202410008093,STU008093,SCH047,2024-10-01,21,20,Medical
ATT202410008094,STU008094,SCH029,2024-10-01,20,19,Other
ATT202410008095,STU008095,SCH050,2024-10-01,22,21,Other
ATT202410008096,STU008096,SCH029,2024-10-01,18,16,Family
ATT202410008097,STU008097,SCH021,2024-10-01,20,18,Illness
ATT202410008098,STU008098,SCH046,2024-10-01,19,18,Medical
ATT202410008099,STU008099,SCH044,2024-10-01,18,16,Medical
ATT202410008100,STU008100,SCH033,2024-10-01,22,20,Illness
ATT202410008101,STU008101,SCH035,2024-10-01,20,18,Other
ATT202410008102,STU008102,SCH050,2024-10-01,22,19,Medical
ATT202410008103,STU008103,SCH005,2024-10-01,20,19,Illness
ATT202410008104,STU008104,SCH002,2024-10-01,18,16,Illness
ATT202410008105,STU008105,SCH016,2024-10-01,21,18,Medical
ATT202410008106,STU008106,SCH003,2024-10-01,21,20,Family
ATT202410008107,STU008107,SCH050,2024-10-01,20,18,Unauthorised
ATT202410008108,STU008108,SCH044,2024-10-01,22,22,
ATT202410008109,STU008109,SCH004,2024-10-01,20,19,Unauthorised
ATT202410008110,STU008110,SCH040,2024-10-01,20,17,Family
ATT202410008111,STU008111,SCH008,2024-10-01,22,21,Family
ATT202410008112,STU008112,SCH010,2024-10-01,21,18,Illness
ATT202410008113,STU008113,SCH035,2024-10-01,19,17,Unauthorised
ATT202410008114,STU008114,SCH007,2024-10-01,22,21,Medical
ATT202410008115,STU008115,SCH027,2024-10-01,20,17,Family
ATT202410008116,STU008116,SCH004,2024-10-01,19,17,Medical
ATT202410008117,STU008117,SCH012,2024-10-01,19,17,Illness
ATT202410008118,STU008118,SCH032,2024-10-01,19,15,Family
ATT202410008119,STU008119,SCH045,2024-10-01,20,17,Medical
ATT202410008120,STU008120,SCH019,2024-10-01,18,17,Other
ATT202410008121,STU008121,SCH042,2024-10-01,18,17,Other
ATT202410008122,STU008122,SCH006,2024-10-01,19,18,Medical
ATT202410008123,STU008123,SCH025,2024-10-01,18,17,Illness
ATT202410008124,STU008124,SCH028,2024-10-01,20,20,
ATT202410008125,STU008125,SCH039,2024-10-01,18,17,Other
ATT202410008126,STU008126,SCH018,2024-10-01,18,17,Medical
ATT202410008127,STU008127,SCH034,2024-10-01,21,19,Other
ATT202410008128,STU008128,SCH021,2024-10-01,21,18,Family
ATT202410008129,STU008129,SCH040,2024-10-01,20,19,Illness
ATT202410008130,STU008130,SCH009,2024-10-01,19,17,Unauthorised
ATT202410008131,STU008131,SCH050,2024-10-01,20,18,Illness
ATT202410008132,STU008132,SCH009,2024-10-01,18,16,Medical
ATT202410008133,STU008133,SCH022,2024-10-01,21,17,Medical
ATT202410008134,STU008134,SCH005,2024-10-01,21,21,
ATT202410008135,STU008135,SCH022,2024-10-01,21,19,Medical
ATT202410008136,STU008136,SCH033,2024-10-01,18,17,Family
ATT202410008137,STU008137,SCH008,2024-10-01,22,22,
ATT202410008138,STU008138,SCH034,2024-10-01,21,19,Family
ATT202410008139,STU008139,SCH043,2024-10-01,21,19,Other
ATT202410008140,STU008140,SCH037,2024-10-01,22,21,Family
ATT202410008141,STU008141,SCH035,2024-10-01,20,19,Illness
ATT202410008142,STU008142,SCH010,2024-10-01,21,20,Other
ATT202410008143,STU008143,SCH013,2024-10-01,20,18,Unauthorised
ATT202410008144,STU008144,SCH045,2024-10-01,20,18,Unauthorised
ATT202410008145,STU008145,SCH049,2024-10-01,19,17,Family
ATT202410008146,STU008146,SCH041,2024-10-01,20,18,Unauthorised
ATT202410008147,STU008147,SCH008,2024-10-01,18,18,
ATT202410008148,STU008148,SCH013,2024-10-01,21,18,Unauthorised
ATT202410008149,STU008149,SCH033,2024-10-01,21,19,Unauthorised
ATT202410008150,STU008150,SCH030,2024-10-01,20,19,Unauthorised
ATT202410008151,STU008151,SCH012,2024-10-01,18,18,
ATT202410008152,STU008152,SCH025,2024-10-01,21,19,Family
ATT202410008153,STU008153,SCH043,2024-10-01,19,17,Medical
ATT202410008154,STU008154,SCH018,2024-10-01,22,20,Unauthorised
ATT202410008155,STU008155,SCH007,2024-10-01,18,17,Unauthorised
ATT202410008156,STU008156,SCH024,2024-10-01,20,18,Illness
ATT202410008157,STU008157,SCH006,2024-10-01,19,18,Unauthorised
ATT202410008158,STU008158,SCH006,2024-10-01,20,18,Medical
ATT202410008159,STU008159,SCH036,2024-10-01,19,18,Other
ATT202410008161,STU008161,SCH017,2024-10-01,22,19,Family
ATT202410008162,STU008162,SCH040,2024-10-01,21,20,Illness
ATT202410008163,STU008163,SCH028,2024-10-01,19,18,Medical
ATT202410008164,STU008164,SCH016,2024-10-01,22,21,Illness
ATT202410008165,STU008165,SCH040,2024-10-01,18,16,Unauthorised
ATT202410008166,STU008166,SCH048,2024-10-01,20,18,Other
ATT202410008167,STU008167,SCH017,2024-10-01,20,16,Other
ATT202410008168,STU008168,SCH002,2024-10-01,22,21,Unauthorised
ATT202410008169,STU008169,SCH015,2024-10-01,19,18,Illness
ATT202410008170,STU008170,SCH023,2024-10-01,20,18,Other
ATT202410008171,STU008171,SCH029,2024-10-01,21,18,Medical
ATT202410008172,STU008172,SCH004,2024-10-01,21,18,Illness
ATT202410008173,STU008173,SCH032,2024-10-01,22,21,Medical
ATT202410008174,STU008174,SCH021,2024-10-01,18,16,Medical
ATT202410008175,STU008175,SCH043,2024-10-01,18,15,Family
ATT202410008176,STU008176,SCH025,2024-10-01,22,20,Illness
ATT202410008177,STU008177,SCH024,2024-10-01,21,18,Family
ATT202410008178,STU008178,SCH029,2024-10-01,18,17,Medical
ATT202410008179,STU008179,SCH050,2024-10-01,22,19,Unauthorised
ATT202410008180,STU008180,SCH002,2024-10-01,21,18,Medical
ATT202410008181,STU008181,SCH041,2024-10-01,19,17,Family
ATT202410008182,STU008182,SCH033,2024-10-01,18,17,Other
ATT202410008183,STU008183,SCH023,2024-10-01,18,16,Illness
ATT202410008184,STU008184,SCH012,2024-10-01,18,17,Illness
ATT202410008185,STU008185,SCH020,2024-10-01,22,21,Unauthorised
ATT202410008186,STU008186,SCH020,2024-10-01,19,18,Unauthorised
ATT202410008187,STU008187,SCH033,2024-10-01,19,17,Unauthorised
ATT202410008188,STU008188,SCH010,2024-10-01,21,20,Unauthorised
ATT202410008189,STU008189,SCH007,2024-10-01,20,18,Other
ATT202410008190,STU008190,SCH026,2024-10-01,21,19,Illness
ATT202410008191,STU008191,SCH017,2024-10-01,22,19,Unauthorised
ATT202410008192,STU008192,SCH006,2024-10-01,18,17,Family
ATT202410008193,STU008193,SCH003,2024-10-01,20,19,Medical
ATT202410008194,STU008194,SCH048,2024-10-01,21,20,Other
ATT202410008195,STU008195,SCH026,2024-10-01,20,20,
ATT202410008196,STU008196,SCH021,2024-10-01,19,17,Medical
ATT202410008197,STU008197,SCH037,2024-10-01,20,19,Family
ATT202410008198,STU008198,SCH041,2024-10-01,18,17,Unauthorised
ATT202410008199,STU008199,SCH028,2024-10-01,20,18,Medical
ATT202410008200,STU008200,SCH041,2024-10-01,22,21,Medical
ATT202410008201,STU008201,SCH049,2024-10-01,21,18,Other
ATT202410008202,STU008202,SCH001,2024-10-01,21,17,Other
ATT202410008203,STU008203,SCH001,2024-10-01,18,16,Other
ATT202410008204,STU008204,SCH029,2024-10-01,19,17,Illness
ATT202410008205,STU008205,SCH031,2024-10-01,20,18,Illness
ATT202410008206,STU008206,SCH048,2024-10-01,22,20,Other
ATT202410008207,STU008207,SCH033,2024-10-01,19,18,Family
ATT202410008208,STU008208,SCH007,2024-10-01,20,19,Illness
ATT202410008209,STU008209,SCH036,2024-10-01,22,20,Other
ATT202410008210,STU008210,SCH026,2024-10-01,20,19,Other
ATT202410008211,STU008211,SCH026,2024-10-01,20,18,Unauthorised
ATT202410008212,STU008212,SCH048,2024-10-01,18,17,Medical
ATT202410008213,STU008213,SCH006,2024-10-01,21,19,Unauthorised
ATT202410008214,STU008214,SCH024,2024-10-01,19,16,Illness
ATT202410008215,STU008215,SCH037,2024-10-01,18,16,Family
ATT202410008216,STU008216,SCH045,2024-10-01,18,17,Unauthorised
ATT202410008217,STU008217,SCH018,2024-10-01,22,20,Unauthorised
ATT202410008218,STU008218,SCH036,2024-10-01,20,19,Family
ATT202410008219,STU008219,SCH040,2024-10-01,22,20,Family
ATT202410008220,STU008220,SCH036,2024-10-01,20,18,Other
ATT202410008221,STU008221,SCH043,2024-10-01,19,16,Other
ATT202410008222,STU008222,SCH026,2024-10-01,21,19,Other
ATT202410008223,STU008223,SCH025,2024-10-01,19,16,Family
ATT202410008224,STU008224,SCH014,2024-10-01,22,21,Family
ATT202410008225,STU008225,SCH032,2024-10-01,21,19,Other
ATT202410008226,STU008226,SCH028,2024-10-01,21,20,Medical
ATT202410008227,STU008227,SCH018,2024-10-01,20,20,
ATT202410008228,STU008228,SCH018,2024-10-01,21,20,Other
ATT202410008229,STU008229,SCH002,2024-10-01,20,18,Family
ATT202410008230,STU008230,SCH039,2024-10-01,21,20,Unauthorised
ATT202410008231,STU008231,SCH027,2024-10-01,21,19,Illness
ATT202410008232,STU008232,SCH016,2024-10-01,21,21,
ATT202410008233,STU008233,SCH032,2024-10-01,21,19,Unauthorised
ATT202410008234,STU008234,SCH027,2024-10-01,21,19,Unauthorised
ATT202410008235,STU008235,SCH032,2024-10-01,22,20,Illness
ATT202410008236,STU008236,SCH034,2024-10-01,20,17,Other
ATT202410008237,STU008237,SCH031,2024-10-01,18,16,Illness
ATT202410008238,STU008238,SCH014,2024-10-01,19,17,Family
ATT202410008239,STU008239,SCH011,2024-10-01,18,18,
ATT202410008240,STU008240,SCH003,2024-10-01,19,17,Illness
ATT202410008241,STU008241,SCH021,2024-10-01,21,18,Unauthorised
ATT202410008242,STU008242,SCH011,2024-10-01,21,20,Other
ATT202410008243,STU008243,SCH017,2024-10-01,19,19,
ATT202410008244,STU008244,SCH024,2024-10-01,21,17,Medical
ATT202410008245,STU008245,SCH027,2024-10-01,21,19,Unauthorised
ATT202410008246,STU008246,SCH008,2024-10-01,21,19,Medical
ATT202410008247,STU008247,SCH028,2024-10-01,19,18,Unauthorised
ATT202410008248,STU008248,SCH010,2024-10-01,22,21,Unauthorised
ATT202410008249,STU008249,SCH015,2024-10-01,20,19,Family
ATT202410008250,STU008250,SCH013,2024-10-01,18,17,Illness
ATT202410008251,STU008251,SCH008,2024-10-01,21,19,Family
ATT202410008252,STU008252,SCH049,2024-10-01,20,17,Unauthorised
ATT202410008253,STU008253,SCH009,2024-10-01,18,17,Unauthorised
ATT202410008254,STU008254,SCH024,2024-10-01,21,17,Family
ATT202410008255,STU008255,SCH044,2024-10-01,18,15,Family
ATT202410008256,STU008256,SCH041,2024-10-01,19,18,Unauthorised
ATT202410008257,STU008257,SCH017,2024-10-01,18,15,Medical
ATT202410008258,STU008258,SCH031,2024-10-01,18,16,Medical
ATT202410008259,STU008259,SCH026,2024-10-01,19,18,Family
ATT202410008260,STU008260,SCH049,2024-10-01,19,17,Medical
ATT202410008261,STU008261,SCH044,2024-10-01,20,17,Family
ATT202410008262,STU008262,SCH010,2024-10-01,20,18,Unauthorised
ATT202410008263,STU008263,SCH022,2024-10-01,21,19,Medical
ATT202410008264,STU008264,SCH042,2024-10-01,18,18,
ATT202410008265,STU008265,SCH020,2024-10-01,20,18,Unauthorised
ATT202410008266,STU008266,SCH012,2024-10-01,21,19,Medical
ATT202410008268,STU008268,SCH012,2024-10-01,18,17,Other
ATT202410008269,STU008269,SCH046,2024-10-01,20,17,Illness
ATT202410008270,STU008270,SCH018,2024-10-01,20,18,Illness
ATT202410008271,STU008271,SCH023,2024-10-01,22,20,Unauthorised
ATT202410008272,STU008272,SCH017,2024-10-01,22,20,Illness
ATT202410008273,STU008273,SCH027,2024-10-01,22,18,Illness
ATT202410008274,STU008274,SCH008,2024-10-01,18,16,Illness
ATT202410008275,STU008275,SCH009,2024-10-01,20,17,Medical
ATT202410008276,STU008276,SCH021,2024-10-01,18,15,Illness
ATT202410008277,STU008277,SCH022,2024-10-01,20,17,Illness
ATT202410008278,STU008278,SCH022,2024-10-01,20,18,Illness
ATT202410008279,STU008279,SCH007,2024-10-01,22,21,Illness
ATT202410008280,STU008280,SCH014,2024-10-01,21,19,Medical
ATT202410008281,STU008281,SCH010,2024-10-01,18,16,Unauthorised
ATT202410008282,STU008282,SCH040,2024-10-01,21,19,Unauthorised
ATT202410008283,STU008283,SCH017,2024-10-01,21,19,Unauthorised
ATT202410008284,STU008284,SCH039,2024-10-01,19,19,
ATT202410008285,STU008285,SCH037,2024-10-01,20,17,Medical
ATT202410008287,STU008287,SCH003,2024-10-01,20,18,Other
ATT202410008288,STU008288,SCH016,2024-10-01,18,17,Illness
ATT202410008289,STU008289,SCH049,2024-10-01,21,20,Other
ATT202410008290,STU008290,SCH023,2024-10-01,18,16,Unauthorised
ATT202410008291,STU008291,SCH037,2024-10-01,19,17,Unauthorised
ATT202410008292,STU008292,SCH029,2024-10-01,18,17,Medical
ATT202410008293,STU008293,SCH010,2024-10-01,21,21,
ATT202410008294,STU008294,SCH032,2024-10-01,20,19,Other
ATT202410008295,STU008295,SCH050,2024-10-01,21,19,Medical
ATT202410008296,STU008296,SCH013,2024-10-01,21,19,Other
ATT202410008297,STU008297,SCH016,2024-10-01,19,18,Medical
ATT202410008298,STU008298,SCH020,2024-10-01,21,20,Illness
ATT202410008299,STU008299,SCH002,2024-10-01,21,17,Unauthorised
ATT202410008300,STU008300,SCH047,2024-10-01,20,18,Unauthorised
ATT202410008301,STU008301,SCH013,2024-10-01,20,18,Unauthorised
ATT202410008302,STU008302,SCH002,2024-10-01,19,15,Other
ATT202410008303,STU008303,SCH035,2024-10-01,21,20,Other
ATT202410008304,STU008304,SCH018,2024-10-01,19,18,Other
ATT202410008305,STU008305,SCH034,2024-10-01,21,18,Medical
ATT202410008306,STU008306,SCH048,2024-10-01,18,15,Unauthorised
ATT202410008307,STU008307,SCH046,2024-10-01,20,19,Family
ATT202410008308,STU008308,SCH029,2024-10-01,19,16,Medical
ATT202410008309,STU008309,SCH034,2024-10-01,19,15,Family
ATT202410008310,STU008310,SCH038,2024-10-01,22,19,Unauthorised
ATT202410008311,STU008311,SCH046,2024-10-01,19,18,Illness
ATT202410008312,STU008312,SCH025,2024-10-01,20,16,Medical
ATT202410008313,STU008313,SCH022,2024-10-01,22,19,Family
ATT202410008314,STU008314,SCH041,2024-10-01,22,20,Family
ATT202410008315,STU008315,SCH005,2024-10-01,21,18,Illness
ATT202410008316,STU008316,SCH034,2024-10-01,18,17,Illness
ATT202410008317,STU008317,SCH049,2024-10-01,20,18,Illness
ATT202410008318,STU008318,SCH004,2024-10-01,20,18,Family
ATT202410008319,STU008319,SCH028,2024-10-01,21,20,Medical
ATT202410008320,STU008320,SCH021,2024-10-01,21,19,Illness
ATT202410008321,STU008321,SCH050,2024-10-01,20,17,Family
ATT202410008322,STU008322,SCH018,2024-10-01,21,20,Illness
ATT202410008323,STU008323,SCH008,2024-10-01,18,17,Unauthorised
ATT202410008324,STU008324,SCH002,2024-10-01,18,16,Illness
ATT202410008325,STU008325,SCH047,2024-10-01,18,17,Other
ATT202410008326,STU008326,SCH024,2024-10-01,18,15,Family
ATT202410008327,STU008327,SCH048,2024-10-01,22,19,Other
ATT202410008328,STU008328,SCH050,2024-10-01,21,19,Other
ATT202410008329,STU008329,SCH001,2024-10-01,21,20,Family
ATT202410008330,STU008330,SCH009,2024-10-01,18,15,Unauthorised
ATT202410008331,STU008331,SCH038,2024-10-01,22,22,
ATT202410008332,STU008332,SCH026,2024-10-01,19,18,Medical
ATT202410008333,STU008333,SCH048,2024-10-01,20,18,Illness
ATT202410008334,STU008334,SCH008,2024-10-01,20,18,Medical
ATT202410008335,STU008335,SCH049,2024-10-01,21,19,Unauthorised
ATT202410008336,STU008336,SCH017,2024-10-01,18,16,Unauthorised
ATT202410008337,STU008337,SCH049,2024-10-01,18,16,Medical
ATT202410008338,STU008338,SCH012,2024-10-01,21,20,Other
ATT202410008339,STU008339,SCH042,2024-10-01,22,20,Illness
ATT202410008340,STU008340,SCH007,2024-10-01,22,19,Family
ATT202410008341,STU008341,SCH049,2024-10-01,19,17,Medical
ATT202410008342,STU008342,SCH009,2024-10-01,18,15,Other
ATT202410008343,STU008343,SCH014,2024-10-01,21,21,
ATT202410008344,STU008344,SCH020,2024-10-01,19,18,Illness
ATT202410008345,STU008345,SCH001,2024-10-01,22,20,Family
ATT202410008346,STU008346,SCH049,2024-10-01,22,16,Medical
ATT202410008347,STU008347,SCH012,2024-10-01,22,19,Medical
ATT202410008348,STU008348,SCH024,2024-10-01,19,15,Illness
ATT202410008349,STU008349,SCH023,2024-10-01,18,16,Illness
ATT202410008350,STU008350,SCH003,2024-10-01,20,18,Other
ATT202410008351,STU008351,SCH027,2024-10-01,21,20,Medical
ATT202410008352,STU008352,SCH012,2024-10-01,18,15,Illness
ATT202410008353,STU008353,SCH002,2024-10-01,22,20,Unauthorised
ATT202410008354,STU008354,SCH050,2024-10-01,22,20,Medical
ATT202410008355,STU008355,SCH018,2024-10-01,18,18,
ATT202410008356,STU008356,SCH019,2024-10-01,18,18,
ATT202410008357,STU008357,SCH039,2024-10-01,21,21,
ATT202410008358,STU008358,SCH035,2024-10-01,20,20,
ATT202410008359,STU008359,SCH017,2024-10-01,21,17,Family
ATT202410008360,STU008360,SCH008,2024-10-01,20,18,Medical
ATT202410008361,STU008361,SCH003,2024-10-01,19,17,Medical
ATT202410008362,STU008362,SCH043,2024-10-01,22,18,Medical
ATT202410008363,STU008363,SCH041,2024-10-01,20,19,Other
ATT202410008364,STU008364,SCH038,2024-10-01,21,18,Unauthorised
ATT202410008365,STU008365,SCH032,2024-10-01,19,16,Illness
ATT202410008366,STU008366,SCH003,2024-10-01,19,18,Illness
ATT202410008367,STU008367,SCH044,2024-10-01,19,17,Illness
ATT202410008368,STU008368,SCH029,2024-10-01,21,18,Family
ATT202410008370,STU008370,SCH033,2024-10-01,21,20,Unauthorised
ATT202410008371,STU008371,SCH019,2024-10-01,20,19,Medical
ATT202410008372,STU008372,SCH022,2024-10-01,22,19,Other
ATT202410008373,STU008373,SCH039,2024-10-01,21,19,Family
ATT202410008374,STU008374,SCH037,2024-10-01,22,21,Medical
ATT202410008375,STU008375,SCH007,2024-10-01,21,20,Unauthorised
ATT202410008376,STU008376,SCH049,2024-10-01,19,17,Other
ATT202410008377,STU008377,SCH045,2024-10-01,21,19,Illness
ATT202410008378,STU008378,SCH013,2024-10-01,22,20,Other
ATT202410008379,STU008379,SCH024,2024-10-01,18,15,Illness
ATT202410008380,STU008380,SCH008,2024-10-01,19,17,Other
ATT202410008381,STU008381,SCH004,2024-10-01,19,18,Medical
ATT202410008382,STU008382,SCH017,2024-10-01,21,20,Medical
ATT202410008383,STU008383,SCH020,2024-10-01,21,19,Illness
ATT202410008384,STU008384,SCH009,2024-10-01,22,20,Unauthorised
ATT202410008385,STU008385,SCH003,2024-10-01,19,18,Other
ATT202410008386,STU008386,SCH027,2024-10-01,18,16,Family
ATT202410008387,STU008387,SCH001,2024-10-01,19,17,Illness
ATT202410008388,STU008388,SCH013,2024-10-01,20,20,
ATT202410008389,STU008389,SCH040,2024-10-01,18,18,
ATT202410008390,STU008390,SCH011,2024-10-01,19,18,Medical
ATT202410008391,STU008391,SCH045,2024-10-01,19,17,Illness
ATT202410008392,STU008392,SCH033,2024-10-01,20,18,Medical
ATT202410008393,STU008393,SCH011,2024-10-01,18,16,Medical
ATT202410008394,STU008394,SCH011,2024-10-01,20,18,Illness
ATT202410008395,STU008395,SCH027,2024-10-01,20,19,Unauthorised
ATT202410008396,STU008396,SCH015,2024-10-01,18,16,Medical
ATT202410008397,STU008397,SCH023,2024-10-01,21,19,Unauthorised
ATT202410008398,STU008398,SCH018,2024-10-01,20,19,Unauthorised
ATT202410008399,STU008399,SCH025,2024-10-01,21,20,Illness
ATT202410008400,STU008400,SCH021,2024-10-01,18,16,Illness
ATT202410008401,STU008401,SCH050,2024-10-01,19,18,Medical
ATT202410008402,STU008402,SCH036,2024-10-01,19,18,Unauthorised
ATT202410008403,STU008403,SCH006,2024-10-01,22,20,Family
ATT202410008404,STU008404,SCH044,2024-10-01,22,21,Illness
ATT202410008405,STU008405,SCH047,2024-10-01,18,17,Family
ATT202410008406,STU008406,SCH018,2024-10-01,21,19,Medical
ATT202410008407,STU008407,SCH030,2024-10-01,22,20,Family
ATT202410008408,STU008408,SCH015,2024-10-01,19,18,Family
ATT202410008409,STU008409,SCH038,2024-10-01,18,16,Unauthorised
ATT202410008410,STU008410,SCH029,2024-10-01,21,20,Unauthorised
ATT202410008411,STU008411,SCH028,2024-10-01,20,19,Other
ATT202410008412,STU008412,SCH022,2024-10-01,18,17,Medical
ATT202410008413,STU008413,SCH038,2024-10-01,20,19,Medical
ATT202410008414,STU008414,SCH011,2024-10-01,20,19,Family
ATT202410008415,STU008415,SCH008,2024-10-01,21,19,Family
ATT202410008416,STU008416,SCH046,2024-10-01,21,20,Medical
ATT202410008417,STU008417,SCH004,2024-10-01,21,20,Medical
ATT202410008418,STU008418,SCH047,2024-10-01,18,17,Family
ATT202410008419,STU008419,SCH041,2024-10-01,18,17,Unauthorised
ATT202410008420,STU008420,SCH036,2024-10-01,20,18,Medical
ATT202410008421,STU008421,SCH042,2024-10-01,19,16,Illness
ATT202410008422,STU008422,SCH044,2024-10-01,20,19,Medical
ATT202410008423,STU008423,SCH046,2024-10-01,22,20,Family
ATT202410008424,STU008424,SCH043,2024-10-01,18,16,Family
ATT202410008425,STU008425,SCH001,2024-10-01,18,15,Illness
ATT202410008426,STU008426,SCH034,2024-10-01,19,17,Family
ATT202410008427,STU008427,SCH043,2024-10-01,19,17,Illness
ATT202410008428,STU008428,SCH030,2024-10-01,21,20,Other
ATT202410008429,STU008429,SCH033,2024-10-01,20,17,Medical
ATT202410008430,STU008430,SCH005,2024-10-01,19,17,Medical
ATT202410008431,STU008431,SCH050,2024-10-01,20,18,Family
ATT202410008432,STU008432,SCH018,2024-10-01,19,18,Unauthorised
ATT202410008433,STU008433,SCH050,2024-10-01,22,18,Medical
ATT202410008434,STU008434,SCH045,2024-10-01,20,18,Family
ATT202410008435,STU008435,SCH014,2024-10-01,19,18,Medical
ATT202410008436,STU008436,SCH021,2024-10-01,19,17,Medical
ATT202410008437,STU008437,SCH011,2024-10-01,22,19,Illness
ATT202410008438,STU008438,SCH045,2024-10-01,18,17,Family
ATT202410008439,STU008439,SCH033,2024-10-01,18,17,Family
ATT202410008440,STU008440,SCH005,2024-10-01,20,18,Illness
ATT202410008441,STU008441,SCH011,2024-10-01,22,20,Unauthorised
ATT202410008442,STU008442,SCH007,2024-10-01,21,18,Medical
ATT202410008443,STU008443,SCH022,2024-10-01,18,16,Medical
ATT202410008444,STU008444,SCH046,2024-10-01,22,19,Unauthorised
ATT202410008445,STU008445,SCH002,2024-10-01,22,19,Unauthorised
ATT202410008446,STU008446,SCH047,2024-10-01,22,20,Unauthorised
ATT202410008447,STU008447,SCH014,2024-10-01,20,17,Illness
ATT202410008448,STU008448,SCH018,2024-10-01,21,19,Family
ATT202410008449,STU008449,SCH021,2024-10-01,20,19,Unauthorised
ATT202410008450,STU008450,SCH032,2024-10-01,21,20,Family
ATT202410008451,STU008451,SCH027,2024-10-01,20,19,Medical
ATT202410008452,STU008452,SCH026,2024-10-01,22,20,Family
ATT202410008453,STU008453,SCH026,2024-10-01,18,17,Medical
ATT202410008454,STU008454,SCH013,2024-10-01,18,16,Illness
ATT202410008455,STU008455,SCH006,2024-10-01,21,19,Other
ATT202410008456,STU008456,SCH003,2024-10-01,19,17,Medical
ATT202410008457,STU008457,SCH039,2024-10-01,19,17,Other
ATT202410008458,STU008458,SCH044,2024-10-01,21,17,Medical
ATT202410008459,STU008459,SCH011,2024-10-01,19,19,
ATT202410008460,STU008460,SCH040,2024-10-01,19,18,Other
ATT202410008461,STU008461,SCH030,2024-10-01,19,16,Family
ATT202410008462,STU008462,SCH031,2024-10-01,20,18,Other
ATT202410008463,STU008463,SCH050,2024-10-01,18,16,Unauthorised
ATT202410008464,STU008464,SCH010,2024-10-01,18,15,Unauthorised
ATT202410008465,STU008465,SCH029,2024-10-01,19,17,Other
ATT202410008466,STU008466,SCH023,2024-10-01,21,21,
ATT202410008467,STU008467,SCH011,2024-10-01,22,22,
ATT202410008468,STU008468,SCH006,2024-10-01,21,20,Unauthorised
ATT202410008469,STU008469,SCH029,2024-10-01,19,17,Unauthorised
ATT202410008470,STU008470,SCH032,2024-10-01,21,19,Medical
ATT202410008471,STU008471,SCH040,2024-10-01,18,16,Illness
ATT202410008472,STU008472,SCH044,2024-10-01,22,21,Medical
ATT202410008473,STU008473,SCH007,2024-10-01,21,20,Illness
ATT202410008474,STU008474,SCH045,2024-10-01,21,20,Unauthorised
ATT202410008475,STU008475,SCH018,2024-10-01,18,17,Unauthorised
ATT202410008476,STU008476,SCH006,2024-10-01,19,18,Medical
ATT202410008477,STU008477,SCH013,2024-10-01,20,19,Other
ATT202410008478,STU008478,SCH040,2024-10-01,22,20,Medical
ATT202410008479,STU008479,SCH022,2024-10-01,19,18,Unauthorised
ATT202410008480,STU008480,SCH043,2024-10-01,20,17,Other
ATT202410008481,STU008481,SCH017,2024-10-01,19,18,Illness
ATT202410008482,STU008482,SCH049,2024-10-01,21,18,Medical
ATT202410008483,STU008483,SCH019,2024-10-01,21,19,Unauthorised
ATT202410008484,STU008484,SCH044,2024-10-01,21,20,Unauthorised
ATT202410008485,STU008485,SCH009,2024-10-01,20,18,Medical
ATT202410008486,STU008486,SCH011,2024-10-01,22,20,Illness
ATT202410008487,STU008487,SCH006,2024-10-01,20,19,Unauthorised
ATT202410008488,STU008488,SCH048,2024-10-01,20,18,Medical
ATT202410008489,STU008489,SCH002,2024-10-01,20,17,Unauthorised
ATT202410008490,STU008490,SCH045,2024-10-01,20,19,Unauthorised
ATT202410008491,STU008491,SCH007,2024-10-01,18,17,Medical
ATT202410008492,STU008492,SCH008,2024-10-01,21,19,Medical
ATT202410008493,STU008493,SCH007,2024-10-01,18,16,Medical
ATT202410008494,STU008494,SCH049,2024-10-01,21,18,Unauthorised
ATT202410008495,STU008495,SCH006,2024-10-01,19,18,Unauthorised
ATT202410008496,STU008496,SCH021,2024-10-01,18,16,Family
ATT202410008497,STU008497,SCH003,2024-10-01,20,18,Illness
ATT202410008498,STU008498,SCH029,2024-10-01,21,19,Medical
ATT202410008499,STU008499,SCH002,2024-10-01,21,18,Family
ATT202410008500,STU008500,SCH048,2024-10-01,19,18,Medical
ATT202410008501,STU008501,SCH036,2024-10-01,18,17,Other
ATT202410008502,STU008502,SCH009,2024-10-01,22,20,Illness
ATT202410008503,STU008503,SCH034,2024-10-01,22,18,Illness
ATT202410008504,STU008504,SCH003,2024-10-01,19,18,Unauthorised
ATT202410008505,STU008505,SCH012,2024-10-01,19,18,Unauthorised
ATT202410008506,STU008506,SCH007,2024-10-01,19,19,
ATT202410008507,STU008507,SCH026,2024-10-01,21,19,Family
ATT202410008508,STU008508,SCH028,2024-10-01,21,20,Other
ATT202410008509,STU008509,SCH049,2024-10-01,21,18,Illness
ATT202410008510,STU008510,SCH032,2024-10-01,22,19,Medical
ATT202410008511,STU008511,SCH032,2024-10-01,21,19,Illness
ATT202410008512,STU008512,SCH035,2024-10-01,21,18,Illness
ATT202410008513,STU008513,SCH040,2024-10-01,18,18,
ATT202410008514,STU008514,SCH033,2024-10-01,20,19,Illness
ATT202410008515,STU008515,SCH016,2024-10-01,22,20,Medical
ATT202410008516,STU008516,SCH008,2024-10-01,20,18,Illness
ATT202410008517,STU008517,SCH014,2024-10-01,18,17,Other
ATT202410008518,STU008518,SCH011,2024-10-01,22,20,Family
ATT202410008519,STU008519,SCH022,2024-10-01,18,17,Medical
ATT202410008520,STU008520,SCH026,2024-10-01,22,22,
ATT202410008521,STU008521,SCH017,2024-10-01,21,18,Medical
ATT202410008522,STU008522,SCH005,2024-10-01,22,21,Illness
ATT202410008523,STU008523,SCH022,2024-10-01,18,17,Illness
ATT202410008524,STU008524,SCH045,2024-10-01,19,17,Other
ATT202410008525,STU008525,SCH039,2024-10-01,18,17,Illness
ATT202410008526,STU008526,SCH041,2024-10-01,20,20,
ATT202410008527,STU008527,SCH022,2024-10-01,19,15,Unauthorised
ATT202410008528,STU008528,SCH031,2024-10-01,22,20,Other
ATT202410008529,STU008529,SCH010,2024-10-01,19,16,Medical
ATT202410008530,STU008530,SCH040,2024-10-01,20,18,Family
ATT202410008531,STU008531,SCH030,2024-10-01,18,16,Unauthorised
ATT202410008532,STU008532,SCH012,2024-10-01,18,17,Illness
ATT202410008533,STU008533,SCH015,2024-10-01,22,20,Family
ATT202410008534,STU008534,SCH017,2024-10-01,20,16,Other
ATT202410008535,STU008535,SCH044,2024-10-01,18,17,Unauthorised
ATT202410008536,STU008536,SCH023,2024-10-01,18,15,Unauthorised
ATT202410008537,STU008537,SCH040,2024-10-01,20,18,Illness
ATT202410008538,STU008538,SCH022,2024-10-01,21,18,Family
ATT202410008539,STU008539,SCH049,2024-10-01,20,20,
ATT202410008540,STU008540,SCH042,2024-10-01,19,17,Unauthorised
ATT202410008541,STU008541,SCH048,2024-10-01,22,18,Other
ATT202410008542,STU008542,SCH044,2024-10-01,22,19,Medical
ATT202410008543,STU008543,SCH005,2024-10-01,21,19,Other
ATT202410008544,STU008544,SCH047,2024-10-01,21,20,Family
ATT202410008545,STU008545,SCH035,2024-10-01,22,19,Family
ATT202410008546,STU008546,SCH012,2024-10-01,20,18,Family
ATT202410008547,STU008547,SCH001,2024-10-01,21,17,Other
ATT202410008548,STU008548,SCH041,2024-10-01,19,17,Other
ATT202410008549,STU008549,SCH009,2024-10-01,22,19,Illness
ATT202410008550,STU008550,SCH024,2024-10-01,20,16,Unauthorised
ATT202410008551,STU008551,SCH039,2024-10-01,18,16,Other
ATT202410008552,STU008552,SCH025,2024-10-01,20,19,Medical
ATT202410008553,STU008553,SCH017,2024-10-01,21,19,Medical
ATT202410008554,STU008554,SCH043,2024-10-01,22,19,Unauthorised
ATT202410008555,STU008555,SCH027,2024-10-01,22,21,Medical
ATT202410008556,STU008556,SCH045,2024-10-01,20,17,Other
ATT202410008557,STU008557,SCH043,2024-10-01,20,18,Other
ATT202410008558,STU008558,SCH018,2024-10-01,22,21,Unauthorised
ATT202410008559,STU008559,SCH011,2024-10-01,20,19,Other
ATT202410008560,STU008560,SCH017,2024-10-01,20,18,Family
ATT202410008561,STU008561,SCH001,2024-10-01,21,16,Family
ATT202410008562,STU008562,SCH025,2024-10-01,18,17,Illness
ATT202410008563,STU008563,SCH040,2024-10-01,18,16,Unauthorised
ATT202410008564,STU008564,SCH026,2024-10-01,22,21,Illness
ATT202410008565,STU008565,SCH039,2024-10-01,22,21,Unauthorised
ATT202410008566,STU008566,SCH019,2024-10-01,22,19,Unauthorised
ATT202410008567,STU008567,SCH046,2024-10-01,20,18,Family
ATT202410008568,STU008568,SCH022,2024-10-01,22,16,Medical
ATT202410008569,STU008569,SCH028,2024-10-01,20,18,Illness
ATT202410008570,STU008570,SCH030,2024-10-01,22,18,Other
ATT202410008571,STU008571,SCH016,2024-10-01,21,20,Unauthorised
ATT202410008572,STU008572,SCH006,2024-10-01,20,19,Other
ATT202410008573,STU008573,SCH005,2024-10-01,19,17,Family
ATT202410008574,STU008574,SCH046,2024-10-01,22,20,Unauthorised
ATT202410008575,STU008575,SCH018,2024-10-01,18,17,Other
ATT202410008576,STU008576,SCH010,2024-10-01,22,19,Other
ATT202410008577,STU008577,SCH034,2024-10-01,21,19,Family
ATT202410008578,STU008578,SCH008,2024-10-01,19,18,Medical
ATT202410008579,STU008579,SCH031,2024-10-01,22,20,Medical
ATT202410008580,STU008580,SCH043,2024-10-01,18,17,Other
ATT202410008581,STU008581,SCH008,2024-10-01,22,20,Other
ATT202410008582,STU008582,SCH035,2024-10-01,20,17,Other
ATT202410008583,STU008583,SCH028,2024-10-01,19,18,Family
ATT202410008584,STU008584,SCH015,2024-10-01,19,17,Illness
ATT202410008585,STU008585,SCH006,2024-10-01,22,19,Illness
ATT202410008586,STU008586,SCH011,2024-10-01,22,21,Illness
ATT202410008587,STU008587,SCH011,2024-10-01,18,16,Illness
ATT202410008588,STU008588,SCH031,2024-10-01,18,15,Unauthorised
ATT202410008589,STU008589,SCH011,2024-10-01,20,18,Other
ATT202410008590,STU008590,SCH004,2024-10-01,22,21,Unauthorised
ATT202410008591,STU008591,SCH037,2024-10-01,20,18,Unauthorised
ATT202410008592,STU008592,SCH022,2024-10-01,20,17,Illness
ATT202410008593,STU008593,SCH050,2024-10-01,20,17,Illness
ATT202410008594,STU008594,SCH034,2024-10-01,18,15,Family
ATT202410008595,STU008595,SCH021,2024-10-01,21,20,Family
ATT202410008596,STU008596,SCH010,2024-10-01,21,19,Medical
ATT202410008597,STU008597,SCH028,2024-10-01,20,19,Medical
ATT202410008598,STU008598,SCH030,2024-10-01,20,19,Unauthorised
ATT202410008599,STU008599,SCH036,2024-10-01,18,17,Illness
ATT202410008600,STU008600,SCH041,2024-10-01,21,20,Unauthorised
ATT202410008601,STU008601,SCH049,2024-10-01,18,14,Other
ATT202410008602,STU008602,SCH033,2024-10-01,18,17,Other
ATT202410008603,STU008603,SCH030,2024-10-01,18,16,Medical
ATT202410008604,STU008604,SCH025,2024-10-01,21,18,Illness
ATT202410008605,STU008605,SCH008,2024-10-01,22,19,Unauthorised
ATT202410008606,STU008606,SCH031,2024-10-01,21,19,Family
ATT202410008607,STU008607,SCH018,2024-10-01,22,19,Other
ATT202410008608,STU008608,SCH012,2024-10-01,22,21,Family
ATT202410008609,STU008609,SCH028,2024-10-01,22,20,Other
ATT202410008610,STU008610,SCH024,2024-10-01,20,18,Other
ATT202410008611,STU008611,SCH008,2024-10-01,21,19,Family
ATT202410008612,STU008612,SCH030,2024-10-01,20,18,Family
ATT202410008613,STU008613,SCH027,2024-10-01,22,18,Unauthorised
ATT202410008614,STU008614,SCH016,2024-10-01,22,20,Medical
ATT202410008615,STU008615,SCH039,2024-10-01,21,19,Unauthorised
ATT202410008616,STU008616,SCH047,2024-10-01,18,17,Medical
ATT202410008617,STU008617,SCH010,2024-10-01,18,16,Family
ATT202410008618,STU008618,SCH032,2024-10-01,22,19,Medical
ATT202410008619,STU008619,SCH021,2024-10-01,22,20,Unauthorised
ATT202410008620,STU008620,SCH018,2024-10-01,22,21,Illness
ATT202410008621,STU008621,SCH044,2024-10-01,19,18,Family
ATT202410008622,STU008622,SCH001,2024-10-01,18,16,Unauthorised
ATT202410008623,STU008623,SCH008,2024-10-01,22,20,Medical
ATT202410008624,STU008624,SCH048,2024-10-01,20,18,Illness
ATT202410008625,STU008625,SCH043,2024-10-01,18,16,Medical
ATT202410008626,STU008626,SCH045,2024-10-01,22,20,Family
ATT202410008627,STU008627,SCH049,2024-10-01,21,19,Illness
ATT202410008628,STU008628,SCH042,2024-10-01,21,18,Medical
ATT202410008629,STU008629,SCH001,2024-10-01,19,19,
ATT202410008630,STU008630,SCH032,2024-10-01,21,20,Medical
ATT202410008631,STU008631,SCH035,2024-10-01,21,20,Illness
ATT202410008632,STU008632,SCH001,2024-10-01,18,16,Unauthorised
ATT202410008633,STU008633,SCH048,2024-10-01,20,18,Unauthorised
ATT202410008634,STU008634,SCH020,2024-10-01,21,19,Medical
ATT202410008635,STU008635,SCH017,2024-10-01,20,15,Family
ATT202410008636,STU008636,SCH024,2024-10-01,22,20,Medical
ATT202410008637,STU008637,SCH047,2024-10-01,22,20,Other
ATT202410008638,STU008638,SCH007,2024-10-01,19,18,Medical
ATT202410008639,STU008639,SCH024,2024-10-01,18,16,Illness
ATT202410008640,STU008640,SCH032,2024-10-01,22,21,Unauthorised
ATT202410008641,STU008641,SCH048,2024-10-01,18,17,Other
ATT202410008642,STU008642,SCH033,2024-10-01,20,18,Other
ATT202410008643,STU008643,SCH048,2024-10-01,21,19,Medical
ATT202410008644,STU008644,SCH024,2024-10-01,22,19,Other
ATT202410008645,STU008645,SCH037,2024-10-01,19,17,Unauthorised
ATT202410008646,STU008646,SCH034,2024-10-01,18,17,Unauthorised
ATT202410008647,STU008647,SCH037,2024-10-01,22,20,Unauthorised
ATT202410008648,STU008648,SCH017,2024-10-01,18,16,Other
ATT202410008649,STU008649,SCH016,2024-10-01,18,17,Family
ATT202410008650,STU008650,SCH016,2024-10-01,20,19,Medical
ATT202410008651,STU008651,SCH039,2024-10-01,18,17,Medical
ATT202410008652,STU008652,SCH021,2024-10-01,19,17,Unauthorised
ATT202410008653,STU008653,SCH014,2024-10-01,20,18,Family
ATT202410008654,STU008654,SCH050,2024-10-01,18,17,Other
ATT202410008655,STU008655,SCH024,2024-10-01,22,20,Other
ATT202410008656,STU008656,SCH005,2024-10-01,20,18,Family
ATT202410008657,STU008657,SCH009,2024-10-01,20,19,Family
ATT202410008658,STU008658,SCH020,2024-10-01,20,18,Unauthorised
ATT202410008659,STU008659,SCH046,2024-10-01,18,15,Medical
ATT202410008660,STU008660,SCH037,2024-10-01,20,18,Illness
ATT202410008661,STU008661,SCH005,2024-10-01,18,17,Medical
ATT202410008662,STU008662,SCH037,2024-10-01,21,19,Other
ATT202410008663,STU008663,SCH037,2024-10-01,21,19,Medical
ATT202410008664,STU008664,SCH032,2024-10-01,18,17,Other
ATT202410008665,STU008665,SCH049,2024-10-01,18,16,Unauthorised
ATT202410008666,STU008666,SCH011,2024-10-01,19,18,Other
ATT202410008667,STU008667,SCH002,2024-10-01,18,16,Unauthorised
ATT202410008668,STU008668,SCH034,2024-10-01,20,17,Family
ATT202410008669,STU008669,SCH015,2024-10-01,22,20,Other
ATT202410008670,STU008670,SCH037,2024-10-01,22,21,Unauthorised
ATT202410008671,STU008671,SCH003,2024-10-01,21,19,Unauthorised
ATT202410008672,STU008672,SCH047,2024-10-01,19,19,
ATT202410008673,STU008673,SCH036,2024-10-01,18,16,Other
ATT202410008674,STU008674,SCH021,2024-10-01,21,18,Medical
ATT202410008675,STU008675,SCH008,2024-10-01,20,18,Illness
ATT202410008676,STU008676,SCH008,2024-10-01,21,19,Illness
ATT202410008677,STU008677,SCH032,2024-10-01,19,17,Unauthorised
ATT202410008678,STU008678,SCH046,2024-10-01,21,19,Family
ATT202410008679,STU008679,SCH020,2024-10-01,18,18,
ATT202410008680,STU008680,SCH022,2024-10-01,19,16,Family
ATT202410008681,STU008681,SCH041,2024-10-01,19,18,Medical
ATT202410008682,STU008682,SCH037,2024-10-01,22,21,Family
ATT202410008683,STU008683,SCH010,2024-10-01,18,18,
ATT202410008684,STU008684,SCH034,2024-10-01,19,17,Unauthorised
ATT202410008685,STU008685,SCH037,2024-10-01,19,19,
ATT202410008686,STU008686,SCH025,2024-10-01,22,19,Unauthorised
ATT202410008687,STU008687,SCH010,2024-10-01,19,17,Medical
ATT202410008688,STU008688,SCH018,2024-10-01,21,20,Family
ATT202410008689,STU008689,SCH012,2024-10-01,19,17,Illness
ATT202410008690,STU008690,SCH030,2024-10-01,20,18,Illness
ATT202410008691,STU008691,SCH008,2024-10-01,18,16,Unauthorised
ATT202410008692,STU008692,SCH003,2024-10-01,21,21,
ATT202410008693,STU008693,SCH034,2024-10-01,19,17,Unauthorised
ATT202410008694,STU008694,SCH030,2024-10-01,22,19,Medical
ATT202410008695,STU008695,SCH006,2024-10-01,20,18,Family
ATT202410008696,STU008696,SCH023,2024-10-01,21,19,Other
ATT202410008697,STU008697,SCH020,2024-10-01,18,16,Medical
ATT202410008698,STU008698,SCH017,2024-10-01,22,20,Medical
ATT202410008699,STU008699,SCH005,2024-10-01,18,17,Other
ATT202410008700,STU008700,SCH045,2024-10-01,22,19,Unauthorised
ATT202410008701,STU008701,SCH004,2024-10-01,22,20,Medical
ATT202410008702,STU008702,SCH021,2024-10-01,20,19,Other
ATT202410008703,STU008703,SCH030,2024-10-01,22,21,Other
ATT202410008704,STU008704,SCH014,2024-10-01,18,17,Unauthorised
ATT202410008705,STU008705,SCH035,2024-10-01,22,18,Family
ATT202410008706,STU008706,SCH007,2024-10-01,22,21,Medical
ATT202410008707,STU008707,SCH046,2024-10-01,18,17,Other
ATT202410008708,STU008708,SCH044,2024-10-01,20,17,Unauthorised
ATT202410008709,STU008709,SCH012,2024-10-01,19,17,Unauthorised
ATT202410008710,STU008710,SCH024,2024-10-01,19,17,Medical
ATT202410008711,STU008711,SCH014,2024-10-01,20,17,Family
ATT202410008712,STU008712,SCH015,2024-10-01,19,17,Illness
ATT202410008713,STU008713,SCH009,2024-10-01,18,17,Other
ATT202410008714,STU008714,SCH032,2024-10-01,20,18,Other
ATT202410008715,STU008715,SCH014,2024-10-01,20,19,Medical
ATT202410008716,STU008716,SCH012,2024-10-01,18,17,Other
ATT202410008717,STU008717,SCH004,2024-10-01,22,20,Other
ATT202410008718,STU008718,SCH043,2024-10-01,21,19,Family
ATT202410008719,STU008719,SCH035,2024-10-01,18,15,Other
ATT202410008720,STU008720,SCH024,2024-10-01,22,19,Illness
ATT202410008721,STU008721,SCH017,2024-10-01,19,17,Medical
ATT202410008722,STU008722,SCH016,2024-10-01,19,18,Illness
ATT202410008723,STU008723,SCH018,2024-10-01,18,17,Family
ATT202410008724,STU008724,SCH003,2024-10-01,20,19,Family
ATT202410008725,STU008725,SCH032,2024-10-01,19,17,Unauthorised
ATT202410008726,STU008726,SCH009,2024-10-01,21,20,Family
ATT202410008727,STU008727,SCH049,2024-10-01,22,18,Unauthorised
ATT202410008728,STU008728,SCH019,2024-10-01,18,16,Illness
ATT202410008729,STU008729,SCH005,2024-10-01,21,20,Unauthorised
ATT202410008730,STU008730,SCH028,2024-10-01,18,17,Other
ATT202410008731,STU008731,SCH016,2024-10-01,19,19,
ATT202410008732,STU008732,SCH028,2024-10-01,21,20,Illness
ATT202410008733,STU008733,SCH044,2024-10-01,18,16,Medical
ATT202410008734,STU008734,SCH040,2024-10-01,20,18,Family
ATT202410008735,STU008735,SCH006,2024-10-01,19,18,Other
ATT202410008737,STU008737,SCH038,2024-10-01,18,17,Family
ATT202410008738,STU008738,SCH009,2024-10-01,21,18,Illness
ATT202410008739,STU008739,SCH009,2024-10-01,20,17,Illness
ATT202410008740,STU008740,SCH010,2024-10-01,19,17,Family
ATT202410008741,STU008741,SCH033,2024-10-01,19,18,Medical
ATT202410008742,STU008742,SCH009,2024-10-01,22,21,Illness
ATT202410008743,STU008743,SCH008,2024-10-01,20,18,Medical
ATT202410008744,STU008744,SCH023,2024-10-01,21,18,Other
ATT202410008745,STU008745,SCH021,2024-10-01,21,20,Family
ATT202410008746,STU008746,SCH029,2024-10-01,21,18,Other
ATT202410008747,STU008747,SCH009,2024-10-01,20,18,Family
ATT202410008748,STU008748,SCH005,2024-10-01,19,17,Medical
ATT202410008749,STU008749,SCH031,2024-10-01,22,20,Unauthorised
ATT202410008750,STU008750,SCH031,2024-10-01,20,17,Other
ATT202410008751,STU008751,SCH027,2024-10-01,19,18,Illness
ATT202410008752,STU008752,SCH037,2024-10-01,18,16,Family
ATT202410008753,STU008753,SCH013,2024-10-01,20,18,Family
ATT202410008754,STU008754,SCH016,2024-10-01,22,19,Other
ATT202410008755,STU008755,SCH049,2024-10-01,18,17,Illness
ATT202410008756,STU008756,SCH019,2024-10-01,20,18,Medical
ATT202410008757,STU008757,SCH030,2024-10-01,21,19,Unauthorised
ATT202410008758,STU008758,SCH016,2024-10-01,20,18,Unauthorised
ATT202410008759,STU008759,SCH010,2024-10-01,18,17,Family
ATT202410008760,STU008760,SCH044,2024-10-01,18,16,Other
ATT202410008761,STU008761,SCH032,2024-10-01,19,18,Other
ATT202410008762,STU008762,SCH044,2024-10-01,19,18,Illness
ATT202410008763,STU008763,SCH013,2024-10-01,19,17,Family
ATT202410008764,STU008764,SCH021,2024-10-01,21,19,Other
ATT202410008765,STU008765,SCH009,2024-10-01,20,19,Unauthorised
ATT202410008766,STU008766,SCH034,2024-10-01,19,18,Unauthorised
ATT202410008767,STU008767,SCH019,2024-10-01,22,21,Medical
ATT202410008768,STU008768,SCH032,2024-10-01,19,17,Family
ATT202410008769,STU008769,SCH004,2024-10-01,19,17,Other
ATT202410008770,STU008770,SCH007,2024-10-01,18,16,Family
ATT202410008771,STU008771,SCH028,2024-10-01,20,18,Other
ATT202410008772,STU008772,SCH004,2024-10-01,19,18,Family
ATT202410008773,STU008773,SCH028,2024-10-01,18,16,Medical
ATT202410008774,STU008774,SCH044,2024-10-01,20,18,Medical
ATT202410008775,STU008775,SCH026,2024-10-01,20,20,
ATT202410008776,STU008776,SCH006,2024-10-01,21,19,Family
ATT202410008777,STU008777,SCH020,2024-10-01,21,21,
ATT202410008778,STU008778,SCH002,2024-10-01,20,19,Medical
ATT202410008779,STU008779,SCH024,2024-10-01,22,20,Medical
ATT202410008780,STU008780,SCH030,2024-10-01,19,18,Family
ATT202410008781,STU008781,SCH028,2024-10-01,19,18,Unauthorised
ATT202410008782,STU008782,SCH001,2024-10-01,18,16,Family
ATT202410008783,STU008783,SCH013,2024-10-01,18,16,Medical
ATT202410008784,STU008784,SCH005,2024-10-01,19,18,Other
ATT202410008785,STU008785,SCH042,2024-10-01,21,18,Family
ATT202410008786,STU008786,SCH039,2024-10-01,18,18,
ATT202410008787,STU008787,SCH043,2024-10-01,21,18,Family
ATT202410008788,STU008788,SCH031,2024-10-01,22,19,Other
ATT202410008789,STU008789,SCH036,2024-10-01,18,17,Illness
ATT202410008790,STU008790,SCH019,2024-10-01,20,18,Illness
ATT202410008791,STU008791,SCH013,2024-10-01,20,17,Family
ATT202410008792,STU008792,SCH007,2024-10-01,18,17,Illness
ATT202410008793,STU008793,SCH010,2024-10-01,20,18,Illness
ATT202410008794,STU008794,SCH011,2024-10-01,21,20,Other
ATT202410008795,STU008795,SCH004,2024-10-01,20,19,Other
ATT202410008796,STU008796,SCH037,2024-10-01,19,17,Illness
ATT202410008797,STU008797,SCH048,2024-10-01,22,20,Medical
ATT202410008798,STU008798,SCH028,2024-10-01,19,18,Medical
ATT202410008799,STU008799,SCH027,2024-10-01,20,19,Medical
ATT202410008800,STU008800,SCH010,2024-10-01,21,19,Family
ATT202410008801,STU008801,SCH035,2024-10-01,19,18,Unauthorised
ATT202410008802,STU008802,SCH002,2024-10-01,19,17,Medical
ATT202410008803,STU008803,SCH022,2024-10-01,22,18,Illness
ATT202410008804,STU008804,SCH005,2024-10-01,21,19,Family
ATT202410008805,STU008805,SCH048,2024-10-01,18,16,Family
ATT202410008806,STU008806,SCH021,2024-10-01,18,16,Illness
ATT202410008807,STU008807,SCH009,2024-10-01,20,18,Illness
ATT202410008808,STU008808,SCH045,2024-10-01,20,17,Unauthorised
ATT202410008809,STU008809,SCH034,2024-10-01,21,18,Unauthorised
ATT202410008810,STU008810,SCH032,2024-10-01,19,18,Illness
ATT202410008811,STU008811,SCH029,2024-10-01,22,18,Other
ATT202410008812,STU008812,SCH015,2024-10-01,22,21,Medical
ATT202410008813,STU008813,SCH028,2024-10-01,20,18,Unauthorised
ATT202410008814,STU008814,SCH003,2024-10-01,19,17,Medical
ATT202410008815,STU008815,SCH029,2024-10-01,21,19,Family
ATT202410008816,STU008816,SCH048,2024-10-01,20,20,
ATT202410008817,STU008817,SCH031,2024-10-01,18,16,Family
ATT202410008818,STU008818,SCH018,2024-10-01,22,20,Other
ATT202410008819,STU008819,SCH042,2024-10-01,20,17,Other
ATT202410008820,STU008820,SCH005,2024-10-01,21,20,Family
ATT202410008821,STU008821,SCH023,2024-10-01,18,17,Unauthorised
ATT202410008822,STU008822,SCH025,2024-10-01,19,17,Illness
ATT202410008823,STU008823,SCH049,2024-10-01,19,16,Other
ATT202410008824,STU008824,SCH034,2024-10-01,19,15,Unauthorised
ATT202410008825,STU008825,SCH045,2024-10-01,21,20,Unauthorised
ATT202410008826,STU008826,SCH030,2024-10-01,18,17,Illness
ATT202410008827,STU008827,SCH018,2024-10-01,20,18,Family
ATT202410008828,STU008828,SCH034,2024-10-01,22,18,Unauthorised
ATT202410008829,STU008829,SCH017,2024-10-01,21,20,Medical
ATT202410008830,STU008830,SCH035,2024-10-01,19,17,Family
ATT202410008831,STU008831,SCH044,2024-10-01,22,18,Illness
ATT202410008832,STU008832,SCH047,2024-10-01,21,20,Unauthorised
ATT202410008833,STU008833,SCH022,2024-10-01,19,15,Other
ATT202410008834,STU008834,SCH006,2024-10-01,20,19,Family
ATT202410008835,STU008835,SCH016,2024-10-01,22,20,Medical
ATT202410008836,STU008836,SCH002,2024-10-01,19,17,Medical
ATT202410008837,STU008837,SCH037,2024-10-01,18,16,Other
ATT202410008838,STU008838,SCH021,2024-10-01,20,19,Illness
ATT202410008839,STU008839,SCH032,2024-10-01,20,18,Family
ATT202410008840,STU008840,SCH025,2024-10-01,18,17,Unauthorised
ATT202410008841,STU008841,SCH042,2024-10-01,18,15,Other
ATT202410008842,STU008842,SCH032,2024-10-01,19,17,Family
ATT202410008843,STU008843,SCH045,2024-10-01,19,16,Medical
ATT202410008844,STU008844,SCH050,2024-10-01,18,16,Other
ATT202410008845,STU008845,SCH014,2024-10-01,19,17,Other
ATT202410008846,STU008846,SCH031,2024-10-01,18,15,Illness
ATT202410008847,STU008847,SCH047,2024-10-01,20,18,Medical
ATT202410008848,STU008848,SCH027,2024-10-01,22,20,Illness
ATT202410008849,STU008849,SCH009,2024-10-01,21,19,Medical
ATT202410008850,STU008850,SCH028,2024-10-01,19,18,Medical
ATT202410008851,STU008851,SCH032,2024-10-01,20,18,Unauthorised
ATT202410008852,STU008852,SCH015,2024-10-01,21,19,Medical
ATT202410008853,STU008853,SCH027,2024-10-01,22,19,Other
ATT202410008854,STU008854,SCH041,2024-10-01,19,17,Medical
ATT202410008855,STU008855,SCH011,2024-10-01,21,21,
ATT202410008856,STU008856,SCH025,2024-10-01,22,20,Unauthorised
ATT202410008857,STU008857,SCH023,2024-10-01,18,16,Unauthorised
ATT202410008858,STU008858,SCH020,2024-10-01,19,17,Illness
ATT202410008859,STU008859,SCH025,2024-10-01,19,18,Family
ATT202410008860,STU008860,SCH001,2024-10-01,22,20,Unauthorised
ATT202410008861,STU008861,SCH045,2024-10-01,21,19,Family
ATT202410008862,STU008862,SCH026,2024-10-01,20,19,Other
ATT202410008863,STU008863,SCH014,2024-10-01,20,18,Illness
ATT202410008864,STU008864,SCH048,2024-10-01,22,20,Other
ATT202410008866,STU008866,SCH011,2024-10-01,21,19,Illness
ATT202410008867,STU008867,SCH026,2024-10-01,22,20,Family
ATT202410008868,STU008868,SCH042,2024-10-01,18,17,Other
ATT202410008869,STU008869,SCH004,2024-10-01,22,20,Medical
ATT202410008870,STU008870,SCH014,2024-10-01,20,19,Illness
ATT202410008871,STU008871,SCH021,2024-10-01,18,16,Unauthorised
ATT202410008872,STU008872,SCH017,2024-10-01,19,17,Medical
ATT202410008873,STU008873,SCH044,2024-10-01,20,19,Unauthorised
ATT202410008874,STU008874,SCH009,2024-10-01,18,17,Family
ATT202410008875,STU008875,SCH013,2024-10-01,19,18,Medical
ATT202410008876,STU008876,SCH003,2024-10-01,22,20,Illness
ATT202410008877,STU008877,SCH014,2024-10-01,22,20,Illness
ATT202410008878,STU008878,SCH034,2024-10-01,22,17,Illness
ATT202410008879,STU008879,SCH048,2024-10-01,20,19,Family
ATT202410008880,STU008880,SCH016,2024-10-01,20,18,Family
ATT202410008881,STU008881,SCH017,2024-10-01,19,16,Other
ATT202410008882,STU008882,SCH004,2024-10-01,20,17,Medical
ATT202410008883,STU008883,SCH014,2024-10-01,20,19,Other
ATT202410008884,STU008884,SCH024,2024-10-01,19,16,Family
ATT202410008885,STU008885,SCH015,2024-10-01,22,20,Medical
ATT202410008886,STU008886,SCH003,2024-10-01,22,19,Family
ATT202410008887,STU008887,SCH033,2024-10-01,18,17,Medical
ATT202410008888,STU008888,SCH049,2024-10-01,20,17,Other
ATT202410008889,STU008889,SCH012,2024-10-01,21,20,Medical
ATT202410008891,STU008891,SCH017,2024-10-01,21,19,Family
ATT202410008892,STU008892,SCH043,2024-10-01,20,17,Unauthorised
ATT202410008893,STU008893,SCH009,2024-10-01,20,18,Illness
ATT202410008894,STU008894,SCH019,2024-10-01,18,17,Other
ATT202410008895,STU008895,SCH033,2024-10-01,18,16,Other
ATT202410008896,STU008896,SCH010,2024-10-01,19,17,Family
ATT202410008897,STU008897,SCH049,2024-10-01,21,19,Medical
ATT202410008898,STU008898,SCH032,2024-10-01,18,16,Family
ATT202410008899,STU008899,SCH032,2024-10-01,22,20,Medical
ATT202410008900,STU008900,SCH012,2024-10-01,20,17,Unauthorised
ATT202410008901,STU008901,SCH048,2024-10-01,20,19,Other
ATT202410008902,STU008902,SCH030,2024-10-01,20,17,Unauthorised
ATT202410008903,STU008903,SCH019,2024-10-01,22,19,Other
ATT202410008904,STU008904,SCH016,2024-10-01,18,17,Medical
ATT202410008905,STU008905,SCH010,2024-10-01,21,20,Family
ATT202410008906,STU008906,SCH034,2024-10-01,21,19,Unauthorised
ATT202410008907,STU008907,SCH036,2024-10-01,22,19,Illness
ATT202410008908,STU008908,SCH036,2024-10-01,22,21,Medical
ATT202410008909,STU008909,SCH049,2024-10-01,20,19,Family
ATT202410008910,STU008910,SCH016,2024-10-01,22,20,Illness
ATT202410008911,STU008911,SCH044,2024-10-01,21,19,Other
ATT202410008912,STU008912,SCH013,2024-10-01,20,19,Other
ATT202410008913,STU008913,SCH010,2024-10-01,20,16,Unauthorised
ATT202410008914,STU008914,SCH022,2024-10-01,18,16,Medical
ATT202410008915,STU008915,SCH008,2024-10-01,19,17,Other
ATT202410008916,STU008916,SCH040,2024-10-01,18,16,Family
ATT202410008917,STU008917,SCH015,2024-10-01,21,20,Family
ATT202410008918,STU008918,SCH049,2024-10-01,22,20,Unauthorised
ATT202410008919,STU008919,SCH030,2024-10-01,20,19,Medical
ATT202410008920,STU008920,SCH044,2024-10-01,18,17,Illness
ATT202410008921,STU008921,SCH028,2024-10-01,22,20,Family
ATT202410008922,STU008922,SCH031,2024-10-01,19,15,Medical
ATT202410008923,STU008923,SCH026,2024-10-01,21,19,Other
ATT202410008924,STU008924,SCH013,2024-10-01,21,19,Unauthorised
ATT202410008925,STU008925,SCH018,2024-10-01,20,18,Illness
ATT202410008927,STU008927,SCH035,2024-10-01,22,22,
ATT202410008928,STU008928,SCH049,2024-10-01,19,16,Other
ATT202410008929,STU008929,SCH014,2024-10-01,21,19,Illness
ATT202410008930,STU008930,SCH041,2024-10-01,22,20,Family
ATT202410008931,STU008931,SCH024,2024-10-01,19,17,Unauthorised
ATT202410008932,STU008932,SCH037,2024-10-01,18,17,Family
ATT202410008933,STU008933,SCH008,2024-10-01,21,20,Other
ATT202410008934,STU008934,SCH023,2024-10-01,19,18,Other
ATT202410008935,STU008935,SCH024,2024-10-01,21,18,Other
ATT202410008936,STU008936,SCH049,2024-10-01,19,17,Unauthorised
ATT202410008937,STU008937,SCH017,2024-10-01,21,21,
ATT202410008938,STU008938,SCH012,2024-10-01,18,16,Other
ATT202410008939,STU008939,SCH038,2024-10-01,21,17,Unauthorised
ATT202410008940,STU008940,SCH049,2024-10-01,22,21,Family
ATT202410008941,STU008941,SCH047,2024-10-01,18,16,Illness
ATT202410008942,STU008942,SCH005,2024-10-01,21,20,Unauthorised
ATT202410008943,STU008943,SCH010,2024-10-01,18,15,Other
ATT202410008944,STU008944,SCH001,2024-10-01,19,16,Medical
ATT202410008945,STU008945,SCH039,2024-10-01,21,19,Illness
ATT202410008946,STU008946,SCH011,2024-10-01,21,20,Family
ATT202410008947,STU008947,SCH043,2024-10-01,19,18,Family
ATT202410008948,STU008948,SCH047,2024-10-01,18,15,Medical
ATT202410008949,STU008949,SCH002,2024-10-01,19,16,Other
ATT202410008950,STU008950,SCH034,2024-10-01,18,13,Other
ATT202410008951,STU008951,SCH012,2024-10-01,18,16,Illness
ATT202410008952,STU008952,SCH043,2024-10-01,19,17,Family
ATT202410008953,STU008953,SCH036,2024-10-01,18,17,Other
ATT202410008954,STU008954,SCH001,2024-10-01,18,16,Illness
ATT202410008955,STU008955,SCH036,2024-10-01,21,20,Medical
ATT202410008956,STU008956,SCH014,2024-10-01,18,17,Unauthorised
ATT202410008957,STU008957,SCH032,2024-10-01,18,18,
ATT202410008958,STU008958,SCH038,2024-10-01,20,18,Medical
ATT202410008959,STU008959,SCH042,2024-10-01,19,17,Unauthorised
ATT202410008960,STU008960,SCH035,2024-10-01,22,20,Unauthorised
ATT202410008961,STU008961,SCH025,2024-10-01,22,19,Medical
ATT202410008962,STU008962,SCH006,2024-10-01,18,16,Unauthorised
ATT202410008963,STU008963,SCH019,2024-10-01,21,20,Family
ATT202410008964,STU008964,SCH013,2024-10-01,20,19,Family
ATT202410008965,STU008965,SCH010,2024-10-01,20,18,Medical
ATT202410008966,STU008966,SCH008,2024-10-01,20,18,Unauthorised
ATT202410008967,STU008967,SCH009,2024-10-01,21,18,Illness
ATT202410008968,STU008968,SCH017,2024-10-01,18,18,
ATT202410008969,STU008969,SCH041,2024-10-01,21,18,Medical
ATT202410008970,STU008970,SCH006,2024-10-01,19,17,Family
ATT202410008971,STU008971,SCH017,2024-10-01,19,17,Family
ATT202410008972,STU008972,SCH009,2024-10-01,18,16,Other
ATT202410008973,STU008973,SCH035,2024-10-01,22,19,Other
ATT202410008974,STU008974,SCH019,2024-10-01,22,20,Family
ATT202410008975,STU008975,SCH017,2024-10-01,22,20,Medical
ATT202410008976,STU008976,SCH048,2024-10-01,19,18,Unauthorised
ATT202410008977,STU008977,SCH009,2024-10-01,19,16,Unauthorised
ATT202410008978,STU008978,SCH034,2024-10-01,18,16,Illness
ATT202410008979,STU008979,SCH025,2024-10-01,19,18,Medical
ATT202410008980,STU008980,SCH037,2024-10-01,22,20,Illness
ATT202410008981,STU008981,SCH003,2024-10-01,20,18,Medical
ATT202410008982,STU008982,SCH005,2024-10-01,20,19,Unauthorised
ATT202410008983,STU008983,SCH004,2024-10-01,21,19,Illness
ATT202410008984,STU008984,SCH033,2024-10-01,21,18,Other
ATT202410008985,STU008985,SCH036,2024-10-01,20,20,
ATT202410008986,STU008986,SCH035,2024-10-01,21,19,Other
ATT202410008987,STU008987,SCH048,2024-10-01,22,21,Medical
ATT202410008988,STU008988,SCH021,2024-10-01,19,17,Unauthorised
ATT202410008989,STU008989,SCH010,2024-10-01,22,20,Illness
ATT202410008990,STU008990,SCH031,2024-10-01,19,18,Illness
ATT202410008991,STU008991,SCH019,2024-10-01,18,17,Unauthorised
ATT202410008992,STU008992,SCH042,2024-10-01,18,16,Family
ATT202410008993,STU008993,SCH038,2024-10-01,20,19,Illness
ATT202410008994,STU008994,SCH009,2024-10-01,19,17,Illness
ATT202410008995,STU008995,SCH002,2024-10-01,19,16,Unauthorised
ATT202410008996,STU008996,SCH010,2024-10-01,18,16,Family
ATT202410008997,STU008997,SCH021,2024-10-01,22,20,Other
ATT202410008998,STU008998,SCH035,2024-10-01,19,17,Other
ATT202410008999,STU008999,SCH034,2024-10-01,22,19,Other
ATT202410009000,STU009000,SCH044,2024-10-01,19,17,Unauthorised
ATT202410009001,STU009001,SCH007,2024-10-01,22,20,Unauthorised
ATT202410009002,STU009002,SCH040,2024-10-01,21,18,Other
ATT202410009003,STU009003,SCH002,2024-10-01,19,18,Unauthorised
ATT202410009004,STU009004,SCH026,2024-10-01,20,19,Unauthorised
ATT202410009005,STU009005,SCH017,2024-10-01,18,15,Illness
ATT202410009006,STU009006,SCH033,2024-10-01,20,19,Medical
ATT202410009007,STU009007,SCH048,2024-10-01,21,19,Illness
ATT202410009008,STU009008,SCH004,2024-10-01,22,21,Other
ATT202410009009,STU009009,SCH044,2024-10-01,18,16,Unauthorised
ATT202410009010,STU009010,SCH024,2024-10-01,21,19,Illness
ATT202410009011,STU009011,SCH043,2024-10-01,20,18,Other
ATT202410009012,STU009012,SCH043,2024-10-01,18,16,Other
ATT202410009013,STU009013,SCH034,2024-10-01,21,17,Illness
ATT202410009014,STU009014,SCH013,2024-10-01,19,17,Medical
ATT202410009015,STU009015,SCH017,2024-10-01,21,18,Unauthorised
ATT202410009016,STU009016,SCH024,2024-10-01,20,18,Unauthorised
ATT202410009017,STU009017,SCH012,2024-10-01,21,19,Other
ATT202410009018,STU009018,SCH027,2024-10-01,18,16,Illness
ATT202410009019,STU009019,SCH006,2024-10-01,22,19,Family
ATT202410009020,STU009020,SCH012,2024-10-01,20,18,Family
ATT202410009021,STU009021,SCH040,2024-10-01,21,20,Illness
ATT202410009022,STU009022,SCH049,2024-10-01,18,17,Medical
ATT202410009023,STU009023,SCH019,2024-10-01,19,16,Medical
ATT202410009024,STU009024,SCH036,2024-10-01,18,17,Medical
ATT202410009025,STU009025,SCH049,2024-10-01,19,16,Unauthorised
ATT202410009026,STU009026,SCH016,2024-10-01,20,18,Family
ATT202410009027,STU009027,SCH002,2024-10-01,19,17,Medical
ATT202410009028,STU009028,SCH029,2024-10-01,22,19,Medical
ATT202410009029,STU009029,SCH003,2024-10-01,22,19,Medical
ATT202410009030,STU009030,SCH046,2024-10-01,19,17,Family
ATT202410009031,STU009031,SCH044,2024-10-01,19,17,Other
ATT202410009032,STU009032,SCH027,2024-10-01,20,18,Medical
ATT202410009033,STU009033,SCH044,2024-10-01,18,16,Other
ATT202410009034,STU009034,SCH048,2024-10-01,20,19,Medical
ATT202410009035,STU009035,SCH020,2024-10-01,20,20,
ATT202410009036,STU009036,SCH038,2024-10-01,20,19,Other
ATT202410009037,STU009037,SCH013,2024-10-01,18,16,Other
ATT202410009038,STU009038,SCH027,2024-10-01,19,16,Unauthorised
ATT202410009039,STU009039,SCH038,2024-10-01,21,20,Medical
ATT202410009040,STU009040,SCH004,2024-10-01,20,18,Family
ATT202410009041,STU009041,SCH042,2024-10-01,22,20,Medical
ATT202410009042,STU009042,SCH011,2024-10-01,19,19,
ATT202410009043,STU009043,SCH030,2024-10-01,22,20,Medical
ATT202410009044,STU009044,SCH004,2024-10-01,19,16,Medical
ATT202410009045,STU009045,SCH006,2024-10-01,20,19,Family
ATT202410009046,STU009046,SCH046,2024-10-01,18,16,Other
ATT202410009047,STU009047,SCH024,2024-10-01,18,17,Illness
ATT202410009048,STU009048,SCH021,2024-10-01,21,19,Unauthorised
ATT202410009049,STU009049,SCH032,2024-10-01,19,17,Other
ATT202410009050,STU009050,SCH042,2024-10-01,21,17,Illness
ATT202410009051,STU009051,SCH015,2024-10-01,18,18,
ATT202410009052,STU009052,SCH023,2024-10-01,19,16,Unauthorised
ATT202410009053,STU009053,SCH002,2024-10-01,18,16,Unauthorised
ATT202410009054,STU009054,SCH011,2024-10-01,19,17,Other
ATT202410009055,STU009055,SCH035,2024-10-01,21,18,Unauthorised
ATT202410009056,STU009056,SCH015,2024-10-01,20,17,Medical
ATT202410009057,STU009057,SCH042,2024-10-01,21,19,Unauthorised
ATT202410009058,STU009058,SCH028,2024-10-01,18,16,Illness
ATT202410009059,STU009059,SCH044,2024-10-01,18,16,Unauthorised
ATT202410009060,STU009060,SCH026,2024-10-01,18,16,Illness
ATT202410009061,STU009061,SCH026,2024-10-01,20,18,Illness
ATT202410009062,STU009062,SCH020,2024-10-01,18,17,Unauthorised
ATT202410009063,STU009063,SCH041,2024-10-01,20,19,Unauthorised
ATT202410009064,STU009064,SCH049,2024-10-01,19,17,Illness
ATT202410009065,STU009065,SCH025,2024-10-01,22,20,Family
ATT202410009066,STU009066,SCH032,2024-10-01,19,16,Medical
ATT202410009067,STU009067,SCH011,2024-10-01,19,18,Unauthorised
ATT202410009068,STU009068,SCH018,2024-10-01,19,18,Family
ATT202410009069,STU009069,SCH050,2024-10-01,22,19,Illness
ATT202410009070,STU009070,SCH011,2024-10-01,18,18,
ATT202410009071,STU009071,SCH048,2024-10-01,21,20,Other
ATT202410009072,STU009072,SCH002,2024-10-01,19,17,Illness
ATT202410009073,STU009073,SCH021,2024-10-01,18,18,
ATT202410009074,STU009074,SCH040,2024-10-01,21,19,Unauthorised
ATT202410009075,STU009075,SCH009,2024-10-01,19,17,Other
ATT202410009076,STU009076,SCH020,2024-10-01,22,22,
ATT202410009077,STU009077,SCH024,2024-10-01,22,21,Unauthorised
ATT202410009078,STU009078,SCH049,2024-10-01,19,16,Medical
ATT202410009079,STU009079,SCH021,2024-10-01,19,18,Unauthorised
ATT202410009080,STU009080,SCH038,2024-10-01,22,21,Medical
ATT202410009081,STU009081,SCH022,2024-10-01,18,17,Medical
ATT202410009082,STU009082,SCH026,2024-10-01,19,18,Illness
ATT202410009083,STU009083,SCH016,2024-10-01,20,16,Unauthorised
ATT202410009084,STU009084,SCH033,2024-10-01,18,17,Other
ATT202410009085,STU009085,SCH041,2024-10-01,21,18,Family
ATT202410009086,STU009086,SCH032,2024-10-01,18,16,Unauthorised
ATT202410009087,STU009087,SCH018,2024-10-01,18,18,
ATT202410009088,STU009088,SCH010,2024-10-01,18,17,Other
ATT202410009089,STU009089,SCH047,2024-10-01,21,19,Medical
ATT202410009090,STU009090,SCH038,2024-10-01,19,17,Medical
ATT202410009091,STU009091,SCH042,2024-10-01,18,17,Other
ATT202410009092,STU009092,SCH047,2024-10-01,20,18,Other
ATT202410009093,STU009093,SCH025,2024-10-01,18,16,Medical
ATT202410009094,STU009094,SCH031,2024-10-01,22,20,Other
ATT202410009095,STU009095,SCH017,2024-10-01,20,17,Illness
ATT202410009097,STU009097,SCH029,2024-10-01,19,17,Unauthorised
ATT202410009098,STU009098,SCH039,2024-10-01,19,17,Family
ATT202410009099,STU009099,SCH014,2024-10-01,20,19,Other
ATT202410009100,STU009100,SCH021,2024-10-01,20,19,Medical
ATT202410009101,STU009101,SCH016,2024-10-01,20,18,Illness
ATT202410009102,STU009102,SCH041,2024-10-01,18,16,Medical
ATT202410009103,STU009103,SCH050,2024-10-01,19,18,Medical
ATT202410009104,STU009104,SCH003,2024-10-01,19,17,Family
ATT202410009105,STU009105,SCH034,2024-10-01,20,17,Family
ATT202410009106,STU009106,SCH047,2024-10-01,18,17,Illness
ATT202410009107,STU009107,SCH038,2024-10-01,22,20,Unauthorised
ATT202410009108,STU009108,SCH006,2024-10-01,19,18,Medical
ATT202410009109,STU009109,SCH037,2024-10-01,19,17,Illness
ATT202410009110,STU009110,SCH029,2024-10-01,19,17,Medical
ATT202410009111,STU009111,SCH001,2024-10-01,21,19,Other
ATT202410009112,STU009112,SCH031,2024-10-01,18,17,Unauthorised
ATT202410009113,STU009113,SCH023,2024-10-01,21,20,Family
ATT202410009114,STU009114,SCH020,2024-10-01,21,19,Other
ATT202410009115,STU009115,SCH017,2024-10-01,20,18,Other
ATT202410009116,STU009116,SCH002,2024-10-01,22,20,Medical
ATT202410009117,STU009117,SCH047,2024-10-01,21,18,Medical
ATT202410009118,STU009118,SCH011,2024-10-01,19,18,Medical
ATT202410009119,STU009119,SCH022,2024-10-01,21,19,Illness
ATT202410009120,STU009120,SCH029,2024-10-01,22,20,Medical
ATT202410009121,STU009121,SCH020,2024-10-01,22,19,Medical
ATT202410009122,STU009122,SCH040,2024-10-01,22,21,Medical
ATT202410009123,STU009123,SCH023,2024-10-01,21,19,Family
ATT202410009124,STU009124,SCH010,2024-10-01,19,18,Family
ATT202410009125,STU009125,SCH010,2024-10-01,18,17,Unauthorised
ATT202410009126,STU009126,SCH015,2024-10-01,18,17,Unauthorised
ATT202410009127,STU009127,SCH008,2024-10-01,19,17,Medical
ATT202410009128,STU009128,SCH047,2024-10-01,18,17,Other
ATT202410009129,STU009129,SCH014,2024-10-01,18,18,
ATT202410009130,STU009130,SCH017,2024-10-01,20,18,Other
ATT202410009131,STU009131,SCH027,2024-10-01,22,20,Family
ATT202410009132,STU009132,SCH012,2024-10-01,19,18,Family
ATT202410009133,STU009133,SCH041,2024-10-01,18,16,Illness
ATT202410009134,STU009134,SCH049,2024-10-01,18,17,Unauthorised
ATT202410009135,STU009135,SCH006,2024-10-01,18,16,Other
ATT202410009136,STU009136,SCH004,2024-10-01,20,20,
ATT202410009137,STU009137,SCH003,2024-10-01,22,20,Unauthorised
ATT202410009138,STU009138,SCH010,2024-10-01,18,16,Illness
ATT202410009139,STU009139,SCH023,2024-10-01,20,18,Unauthorised
ATT202410009140,STU009140,SCH005,2024-10-01,19,16,Medical
ATT202410009141,STU009141,SCH012,2024-10-01,18,16,Medical
ATT202410009142,STU009142,SCH047,2024-10-01,21,20,Illness
ATT202410009143,STU009143,SCH009,2024-10-01,20,18,Unauthorised
ATT202410009144,STU009144,SCH021,2024-10-01,20,18,Family
ATT202410009145,STU009145,SCH020,2024-10-01,22,21,Illness
ATT202410009146,STU009146,SCH038,2024-10-01,18,18,
ATT202410009147,STU009147,SCH045,2024-10-01,20,18,Medical
ATT202410009148,STU009148,SCH009,2024-10-01,21,19,Other
ATT202410009149,STU009149,SCH005,2024-10-01,22,21,Other
ATT202410009150,STU009150,SCH005,2024-10-01,20,18,Medical
ATT202410009151,STU009151,SCH028,2024-10-01,19,19,
ATT202410009152,STU009152,SCH027,2024-10-01,19,17,Medical
ATT202410009153,STU009153,SCH044,2024-10-01,19,17,Medical
ATT202410009154,STU009154,SCH043,2024-10-01,20,17,Other
ATT202410009155,STU009155,SCH049,2024-10-01,19,16,Unauthorised
ATT202410009156,STU009156,SCH044,2024-10-01,21,19,Unauthorised
ATT202410009157,STU009157,SCH038,2024-10-01,21,21,
ATT202410009158,STU009158,SCH039,2024-10-01,19,18,Unauthorised
ATT202410009159,STU009159,SCH006,2024-10-01,21,19,Illness
ATT202410009160,STU009160,SCH001,2024-10-01,19,18,Family
ATT202410009161,STU009161,SCH008,2024-10-01,19,18,Illness
ATT202410009162,STU009162,SCH043,2024-10-01,18,16,Other
ATT202410009163,STU009163,SCH042,2024-10-01,19,17,Other
ATT202410009164,STU009164,SCH027,2024-10-01,19,18,Unauthorised
ATT202410009165,STU009165,SCH040,2024-10-01,19,17,Medical
ATT202410009166,STU009166,SCH011,2024-10-01,20,19,Other
ATT202410009167,STU009167,SCH024,2024-10-01,22,20,Family
ATT202410009168,STU009168,SCH010,2024-10-01,20,17,Illness
ATT202410009169,STU009169,SCH013,2024-10-01,21,20,Medical
ATT202410009170,STU009170,SCH025,2024-10-01,21,20,Illness
ATT202410009172,STU009172,SCH015,2024-10-01,22,20,Unauthorised
ATT202410009173,STU009173,SCH016,2024-10-01,19,18,Illness
ATT202410009174,STU009174,SCH022,2024-10-01,20,15,Medical
ATT202410009175,STU009175,SCH031,2024-10-01,21,21,
ATT202410009176,STU009176,SCH030,2024-10-01,21,20,Medical
ATT202410009177,STU009177,SCH023,2024-10-01,18,16,Illness
ATT202410009178,STU009178,SCH030,2024-10-01,21,19,Unauthorised
ATT202410009179,STU009179,SCH004,2024-10-01,18,18,
ATT202410009180,STU009180,SCH025,2024-10-01,22,20,Illness
ATT202410009181,STU009181,SCH023,2024-10-01,22,18,Other
ATT202410009182,STU009182,SCH003,2024-10-01,19,19,
ATT202410009183,STU009183,SCH036,2024-10-01,22,18,Unauthorised
ATT202410009184,STU009184,SCH002,2024-10-01,20,19,Medical
ATT202410009185,STU009185,SCH009,2024-10-01,22,19,Family
ATT202410009186,STU009186,SCH011,2024-10-01,20,18,Illness
ATT202410009187,STU009187,SCH027,2024-10-01,22,20,Other
ATT202410009188,STU009188,SCH007,2024-10-01,18,16,Medical
ATT202410009189,STU009189,SCH048,2024-10-01,21,20,Family
ATT202410009190,STU009190,SCH034,2024-10-01,20,18,Other
ATT202410009191,STU009191,SCH007,2024-10-01,21,19,Other
ATT202410009192,STU009192,SCH044,2024-10-01,22,20,Family
ATT202410009193,STU009193,SCH028,2024-10-01,22,20,Medical
ATT202410009194,STU009194,SCH043,2024-10-01,22,20,Medical
ATT202410009195,STU009195,SCH012,2024-10-01,22,19,Unauthorised
ATT202410009196,STU009196,SCH010,2024-10-01,18,16,Medical
ATT202410009197,STU009197,SCH036,2024-10-01,18,17,Medical
ATT202410009198,STU009198,SCH004,2024-10-01,19,18,Medical
ATT202410009199,STU009199,SCH011,2024-10-01,20,19,Other
ATT202410009200,STU009200,SCH021,2024-10-01,18,18,
ATT202410009201,STU009201,SCH036,2024-10-01,20,19,Other
ATT202410009202,STU009202,SCH001,2024-10-01,19,18,Unauthorised
ATT202410009203,STU009203,SCH009,2024-10-01,20,18,Other
ATT202410009204,STU009204,SCH034,2024-10-01,19,17,Unauthorised
ATT202410009205,STU009205,SCH028,2024-10-01,20,17,Illness
ATT202410009206,STU009206,SCH028,2024-10-01,22,20,Illness
ATT202410009207,STU009207,SCH032,2024-10-01,18,16,Family
ATT202410009208,STU009208,SCH027,2024-10-01,20,18,Unauthorised
ATT202410009209,STU009209,SCH048,2024-10-01,20,18,Unauthorised
ATT202410009210,STU009210,SCH010,2024-10-01,18,17,Other
ATT202410009211,STU009211,SCH014,2024-10-01,19,17,Other
ATT202410009212,STU009212,SCH046,2024-10-01,20,16,Other
ATT202410009213,STU009213,SCH012,2024-10-01,19,17,Family
ATT202410009214,STU009214,SCH035,2024-10-01,21,19,Family
ATT202410009215,STU009215,SCH007,2024-10-01,18,17,Family
ATT202410009216,STU009216,SCH046,2024-10-01,21,19,Other
ATT202410009217,STU009217,SCH044,2024-10-01,21,19,Family
ATT202410009218,STU009218,SCH043,2024-10-01,20,18,Other
ATT202410009219,STU009219,SCH050,2024-10-01,18,16,Illness
ATT202410009220,STU009220,SCH008,2024-10-01,22,20,Medical
ATT202410009221,STU009221,SCH050,2024-10-01,19,17,Other
ATT202410009222,STU009222,SCH048,2024-10-01,22,19,Family
ATT202410009223,STU009223,SCH034,2024-10-01,19,19,
ATT202410009224,STU009224,SCH032,2024-10-01,20,18,Unauthorised
ATT202410009225,STU009225,SCH028,2024-10-01,19,18,Unauthorised
ATT202410009226,STU009226,SCH017,2024-10-01,22,20,Family
ATT202410009227,STU009227,SCH043,2024-10-01,21,19,Unauthorised
ATT202410009228,STU009228,SCH036,2024-10-01,21,19,Family
ATT202410009229,STU009229,SCH044,2024-10-01,18,17,Illness
ATT202410009230,STU009230,SCH036,2024-10-01,19,19,
ATT202410009231,STU009231,SCH027,2024-10-01,22,21,Unauthorised
ATT202410009233,STU009233,SCH038,2024-10-01,19,18,Medical
ATT202410009234,STU009234,SCH008,2024-10-01,19,17,Illness
ATT202410009235,STU009235,SCH035,2024-10-01,19,17,Illness
ATT202410009236,STU009236,SCH031,2024-10-01,19,18,Family
ATT202410009237,STU009237,SCH040,2024-10-01,20,18,Unauthorised
ATT202410009238,STU009238,SCH009,2024-10-01,18,16,Illness
ATT202410009239,STU009239,SCH028,2024-10-01,22,21,Medical
ATT202410009240,STU009240,SCH001,2024-10-01,21,17,Family
ATT202410009241,STU009241,SCH047,2024-10-01,20,19,Other
ATT202410009242,STU009242,SCH026,2024-10-01,20,18,Other
ATT202410009243,STU009243,SCH026,2024-10-01,20,19,Other
ATT202410009244,STU009244,SCH050,2024-10-01,22,20,Other
ATT202410009245,STU009245,SCH039,2024-10-01,20,19,Medical
ATT202410009246,STU009246,SCH043,2024-10-01,22,21,Illness
ATT202410009247,STU009247,SCH016,2024-10-01,22,19,Other
ATT202410009248,STU009248,SCH033,2024-10-01,20,18,Family
ATT202410009249,STU009249,SCH019,2024-10-01,21,20,Family
ATT202410009250,STU009250,SCH018,2024-10-01,19,18,Unauthorised
ATT202410009251,STU009251,SCH037,2024-10-01,20,19,Medical
ATT202410009252,STU009252,SCH008,2024-10-01,22,21,Illness
ATT202410009253,STU009253,SCH012,2024-10-01,18,16,Family
ATT202410009254,STU009254,SCH012,2024-10-01,21,20,Unauthorised
ATT202410009255,STU009255,SCH018,2024-10-01,19,19,
ATT202410009256,STU009256,SCH031,2024-10-01,21,20,Unauthorised
ATT202410009257,STU009257,SCH039,2024-10-01,18,16,Other
ATT202410009258,STU009258,SCH034,2024-10-01,18,16,Family
ATT202410009259,STU009259,SCH038,2024-10-01,22,21,Unauthorised
ATT202410009260,STU009260,SCH048,2024-10-01,21,19,Family
ATT202410009261,STU009261,SCH039,2024-10-01,18,17,Family
ATT202410009262,STU009262,SCH033,2024-10-01,21,20,Other
ATT202410009263,STU009263,SCH028,2024-10-01,21,19,Illness
ATT202410009264,STU009264,SCH037,2024-10-01,21,19,Unauthorised
ATT202410009265,STU009265,SCH036,2024-10-01,20,19,Medical
ATT202410009266,STU009266,SCH023,2024-10-01,18,16,Illness
ATT202410009267,STU009267,SCH007,2024-10-01,18,17,Unauthorised
ATT202410009268,STU009268,SCH006,2024-10-01,21,20,Unauthorised
ATT202410009269,STU009269,SCH049,2024-10-01,21,20,Medical
ATT202410009270,STU009270,SCH005,2024-10-01,19,18,Family
ATT202410009271,STU009271,SCH007,2024-10-01,22,20,Other
ATT202410009272,STU009272,SCH006,2024-10-01,20,20,
ATT202410009273,STU009273,SCH025,2024-10-01,20,18,Illness
ATT202410009274,STU009274,SCH033,2024-10-01,20,19,Other
ATT202410009275,STU009275,SCH003,2024-10-01,20,19,Medical
ATT202410009276,STU009276,SCH033,2024-10-01,21,19,Other
ATT202410009277,STU009277,SCH025,2024-10-01,21,18,Medical
ATT202410009278,STU009278,SCH042,2024-10-01,20,17,Other
ATT202410009279,STU009279,SCH021,2024-10-01,18,15,Unauthorised
ATT202410009280,STU009280,SCH023,2024-10-01,18,16,Other
ATT202410009281,STU009281,SCH045,2024-10-01,21,19,Family
ATT202410009282,STU009282,SCH021,2024-10-01,19,16,Illness
ATT202410009283,STU009283,SCH012,2024-10-01,19,17,Medical
ATT202410009284,STU009284,SCH049,2024-10-01,22,20,Medical
ATT202410009285,STU009285,SCH014,2024-10-01,19,16,Medical
ATT202410009286,STU009286,SCH005,2024-10-01,20,17,Illness
ATT202410009287,STU009287,SCH022,2024-10-01,18,16,Illness
ATT202410009288,STU009288,SCH025,2024-10-01,21,20,Family
ATT202410009289,STU009289,SCH045,2024-10-01,20,18,Unauthorised
ATT202410009290,STU009290,SCH024,2024-10-01,18,16,Medical
ATT202410009291,STU009291,SCH033,2024-10-01,18,17,Medical
ATT202410009292,STU009292,SCH009,2024-10-01,22,19,Medical
ATT202410009293,STU009293,SCH031,2024-10-01,19,19,
ATT202410009294,STU009294,SCH018,2024-10-01,19,17,Medical
ATT202410009295,STU009295,SCH019,2024-10-01,22,20,Medical
ATT202410009296,STU009296,SCH022,2024-10-01,22,20,Unauthorised
ATT202410009297,STU009297,SCH017,2024-10-01,22,19,Unauthorised
ATT202410009298,STU009298,SCH040,2024-10-01,20,18,Medical
ATT202410009299,STU009299,SCH041,2024-10-01,20,18,Unauthorised
ATT202410009300,STU009300,SCH010,2024-10-01,19,18,Other
ATT202410009301,STU009301,SCH004,2024-10-01,21,19,Family
ATT202410009302,STU009302,SCH025,2024-10-01,20,19,Family
ATT202410009303,STU009303,SCH002,2024-10-01,19,18,Other
ATT202410009304,STU009304,SCH001,2024-10-01,18,16,Family
ATT202410009305,STU009305,SCH043,2024-10-01,18,16,Unauthorised
ATT202410009306,STU009306,SCH004,2024-10-01,20,19,Other
ATT202410009307,STU009307,SCH040,2024-10-01,18,17,Illness
ATT202410009308,STU009308,SCH041,2024-10-01,22,20,Other
ATT202410009310,STU009310,SCH016,2024-10-01,20,20,
ATT202410009311,STU009311,SCH004,2024-10-01,19,17,Medical
ATT202410009312,STU009312,SCH028,2024-10-01,20,19,Family
ATT202410009313,STU009313,SCH044,2024-10-01,19,17,Other
ATT202410009314,STU009314,SCH014,2024-10-01,21,19,Other
ATT202410009315,STU009315,SCH017,2024-10-01,18,15,Other
ATT202410009316,STU009316,SCH025,2024-10-01,19,17,Other
ATT202410009317,STU009317,SCH022,2024-10-01,22,20,Illness
ATT202410009318,STU009318,SCH037,2024-10-01,20,18,Other
ATT202410009319,STU009319,SCH035,2024-10-01,22,20,Other
ATT202410009320,STU009320,SCH017,2024-10-01,19,16,Illness
ATT202410009321,STU009321,SCH007,2024-10-01,18,17,Other
ATT202410009322,STU009322,SCH009,2024-10-01,18,15,Medical
ATT202410009323,STU009323,SCH015,2024-10-01,22,21,Unauthorised
ATT202410009324,STU009324,SCH015,2024-10-01,21,19,Illness
ATT202410009325,STU009325,SCH013,2024-10-01,18,17,Other
ATT202410009326,STU009326,SCH023,2024-10-01,22,19,Other
ATT202410009327,STU009327,SCH043,2024-10-01,20,18,Other
ATT202410009328,STU009328,SCH021,2024-10-01,21,19,Unauthorised
ATT202410009329,STU009329,SCH009,2024-10-01,19,17,Other
ATT202410009330,STU009330,SCH002,2024-10-01,18,17,Unauthorised
ATT202410009331,STU009331,SCH008,2024-10-01,19,18,Family
ATT202410009332,STU009332,SCH001,2024-10-01,19,15,Unauthorised
ATT202410009333,STU009333,SCH025,2024-10-01,21,20,Illness
ATT202410009334,STU009334,SCH003,2024-10-01,21,20,Family
ATT202410009335,STU009335,SCH018,2024-10-01,20,18,Other
ATT202410009336,STU009336,SCH033,2024-10-01,20,19,Illness
ATT202410009337,STU009337,SCH022,2024-10-01,22,20,Other
ATT202410009338,STU009338,SCH021,2024-10-01,20,19,Medical
ATT202410009339,STU009339,SCH041,2024-10-01,22,20,Illness
ATT202410009340,STU009340,SCH045,2024-10-01,21,19,Illness
ATT202410009341,STU009341,SCH046,2024-10-01,20,17,Unauthorised
ATT202410009342,STU009342,SCH024,2024-10-01,18,16,Family
ATT202410009343,STU009343,SCH040,2024-10-01,22,21,Family
ATT202410009344,STU009344,SCH047,2024-10-01,20,18,Other
ATT202410009345,STU009345,SCH034,2024-10-01,22,21,Medical
ATT202410009346,STU009346,SCH043,2024-10-01,19,16,Unauthorised
ATT202410009347,STU009347,SCH019,2024-10-01,21,20,Illness
ATT202410009348,STU009348,SCH006,2024-10-01,20,17,Medical
ATT202410009349,STU009349,SCH041,2024-10-01,22,21,Other
ATT202410009350,STU009350,SCH017,2024-10-01,19,17,Other
ATT202410009351,STU009351,SCH050,2024-10-01,18,16,Illness
ATT202410009352,STU009352,SCH002,2024-10-01,18,16,Other
ATT202410009353,STU009353,SCH040,2024-10-01,20,19,Family
ATT202410009354,STU009354,SCH025,2024-10-01,21,19,Illness
ATT202410009355,STU009355,SCH007,2024-10-01,18,17,Family
ATT202410009356,STU009356,SCH034,2024-10-01,20,18,Unauthorised
ATT202410009357,STU009357,SCH016,2024-10-01,19,19,
ATT202410009358,STU009358,SCH001,2024-10-01,20,19,Family
ATT202410009359,STU009359,SCH029,2024-10-01,20,16,Unauthorised
ATT202410009360,STU009360,SCH003,2024-10-01,19,17,Family
ATT202410009361,STU009361,SCH018,2024-10-01,19,18,Unauthorised
ATT202410009362,STU009362,SCH038,2024-10-01,18,17,Medical
ATT202410009363,STU009363,SCH012,2024-10-01,20,18,Family
ATT202410009364,STU009364,SCH002,2024-10-01,20,19,Other
ATT202410009365,STU009365,SCH027,2024-10-01,22,19,Illness
ATT202410009366,STU009366,SCH004,2024-10-01,19,17,Family
ATT202410009367,STU009367,SCH038,2024-10-01,20,19,Family
ATT202410009368,STU009368,SCH045,2024-10-01,22,20,Family
ATT202410009369,STU009369,SCH044,2024-10-01,20,18,Medical
ATT202410009370,STU009370,SCH005,2024-10-01,18,17,Medical
ATT202410009371,STU009371,SCH040,2024-10-01,22,21,Other
ATT202410009372,STU009372,SCH021,2024-10-01,22,20,Medical
ATT202410009373,STU009373,SCH022,2024-10-01,18,16,Family
ATT202410009374,STU009374,SCH020,2024-10-01,21,18,Unauthorised
ATT202410009375,STU009375,SCH017,2024-10-01,20,16,Other
ATT202410009376,STU009376,SCH018,2024-10-01,19,18,Other
ATT202410009377,STU009377,SCH033,2024-10-01,22,21,Medical
ATT202410009378,STU009378,SCH046,2024-10-01,18,14,Medical
ATT202410009379,STU009379,SCH044,2024-10-01,20,17,Other
ATT202410009380,STU009380,SCH007,2024-10-01,19,18,Medical
ATT202410009381,STU009381,SCH021,2024-10-01,20,18,Family
ATT202410009382,STU009382,SCH018,2024-10-01,19,17,Other
ATT202410009383,STU009383,SCH036,2024-10-01,18,17,Family
ATT202410009384,STU009384,SCH030,2024-10-01,20,18,Illness
ATT202410009385,STU009385,SCH038,2024-10-01,18,16,Family
ATT202410009386,STU009386,SCH007,2024-10-01,22,20,Illness
ATT202410009387,STU009387,SCH015,2024-10-01,20,18,Illness
ATT202410009388,STU009388,SCH031,2024-10-01,18,17,Unauthorised
ATT202410009389,STU009389,SCH047,2024-10-01,18,18,
ATT202410009390,STU009390,SCH025,2024-10-01,20,19,Other
ATT202410009391,STU009391,SCH012,2024-10-01,20,18,Other
ATT202410009392,STU009392,SCH014,2024-10-01,20,19,Unauthorised
ATT202410009393,STU009393,SCH041,2024-10-01,21,18,Medical
ATT202410009394,STU009394,SCH023,2024-10-01,22,21,Unauthorised
ATT202410009395,STU009395,SCH011,2024-10-01,18,17,Medical
ATT202410009396,STU009396,SCH049,2024-10-01,19,17,Other
ATT202410009397,STU009397,SCH001,2024-10-01,19,15,Unauthorised
ATT202410009398,STU009398,SCH045,2024-10-01,21,19,Unauthorised
ATT202410009399,STU009399,SCH003,2024-10-01,19,17,Other
ATT202410009400,STU009400,SCH046,2024-10-01,22,19,Unauthorised
ATT202410009401,STU009401,SCH005,2024-10-01,20,19,Medical
ATT202410009402,STU009402,SCH023,2024-10-01,22,22,
ATT202410009403,STU009403,SCH010,2024-10-01,21,19,Medical
ATT202410009404,STU009404,SCH031,2024-10-01,19,17,Illness
ATT202410009405,STU009405,SCH045,2024-10-01,22,19,Medical
ATT202410009406,STU009406,SCH036,2024-10-01,21,20,Medical
ATT202410009407,STU009407,SCH008,2024-10-01,18,16,Family
ATT202410009408,STU009408,SCH018,2024-10-01,19,18,Medical
ATT202410009409,STU009409,SCH016,2024-10-01,19,18,Illness
ATT202410009410,STU009410,SCH028,2024-10-01,18,17,Other
ATT202410009411,STU009411,SCH041,2024-10-01,20,18,Other
ATT202410009412,STU009412,SCH036,2024-10-01,19,18,Medical
ATT202410009413,STU009413,SCH026,2024-10-01,22,19,Medical
ATT202410009414,STU009414,SCH048,2024-10-01,19,18,Family
ATT202410009415,STU009415,SCH035,2024-10-01,22,20,Family
ATT202410009416,STU009416,SCH016,2024-10-01,22,21,Unauthorised
ATT202410009417,STU009417,SCH029,2024-10-01,20,19,Illness
ATT202410009418,STU009418,SCH021,2024-10-01,18,18,
ATT202410009419,STU009419,SCH041,2024-10-01,20,19,Medical
ATT202410009420,STU009420,SCH028,2024-10-01,21,19,Unauthorised
ATT202410009421,STU009421,SCH011,2024-10-01,21,20,Other
ATT202410009422,STU009422,SCH047,2024-10-01,21,19,Other
ATT202410009423,STU009423,SCH007,2024-10-01,21,20,Family
ATT202410009424,STU009424,SCH017,2024-10-01,22,18,Other
ATT202410009425,STU009425,SCH023,2024-10-01,21,19,Medical
ATT202410009426,STU009426,SCH018,2024-10-01,21,20,Medical
ATT202410009427,STU009427,SCH027,2024-10-01,20,15,Family
ATT202410009428,STU009428,SCH049,2024-10-01,20,17,Other
ATT202410009429,STU009429,SCH022,2024-10-01,18,17,Medical
ATT202410009430,STU009430,SCH001,2024-10-01,21,18,Illness
ATT202410009431,STU009431,SCH046,2024-10-01,18,17,Other
ATT202410009432,STU009432,SCH010,2024-10-01,22,19,Family
ATT202410009433,STU009433,SCH041,2024-10-01,20,19,Illness
ATT202410009434,STU009434,SCH040,2024-10-01,20,19,Medical
ATT202410009435,STU009435,SCH005,2024-10-01,20,18,Unauthorised
ATT202410009436,STU009436,SCH028,2024-10-01,19,17,Medical
ATT202410009437,STU009437,SCH006,2024-10-01,21,20,Medical
ATT202410009438,STU009438,SCH024,2024-10-01,19,17,Other
ATT202410009439,STU009439,SCH027,2024-10-01,20,18,Unauthorised
ATT202410009440,STU009440,SCH015,2024-10-01,19,18,Unauthorised
ATT202410009441,STU009441,SCH001,2024-10-01,18,17,Other
ATT202410009442,STU009442,SCH034,2024-10-01,19,15,Other
ATT202410009443,STU009443,SCH020,2024-10-01,18,17,Illness
ATT202410009444,STU009444,SCH015,2024-10-01,21,20,Medical
ATT202410009445,STU009445,SCH049,2024-10-01,22,22,
ATT202410009446,STU009446,SCH036,2024-10-01,19,18,Family
ATT202410009447,STU009447,SCH027,2024-10-01,20,18,Family
ATT202410009448,STU009448,SCH021,2024-10-01,20,20,
ATT202410009449,STU009449,SCH003,2024-10-01,22,20,Medical
ATT202410009450,STU009450,SCH017,2024-10-01,20,16,Other
ATT202410009451,STU009451,SCH032,2024-10-01,18,16,Family
ATT202410009452,STU009452,SCH021,2024-10-01,21,19,Family
ATT202410009453,STU009453,SCH027,2024-10-01,18,16,Unauthorised
ATT202410009454,STU009454,SCH012,2024-10-01,22,19,Other
ATT202410009455,STU009455,SCH021,2024-10-01,18,17,Family
ATT202410009456,STU009456,SCH020,2024-10-01,20,18,Illness
ATT202410009457,STU009457,SCH017,2024-10-01,21,18,Other
ATT202410009458,STU009458,SCH002,2024-10-01,18,15,Family
ATT202410009459,STU009459,SCH035,2024-10-01,19,18,Illness
ATT202410009460,STU009460,SCH012,2024-10-01,22,19,Illness
ATT202410009461,STU009461,SCH028,2024-10-01,19,19,
ATT202410009462,STU009462,SCH036,2024-10-01,19,18,Unauthorised
ATT202410009463,STU009463,SCH011,2024-10-01,22,20,Medical
ATT202410009464,STU009464,SCH037,2024-10-01,19,18,Medical
ATT202410009465,STU009465,SCH022,2024-10-01,22,21,Family
ATT202410009466,STU009466,SCH012,2024-10-01,21,18,Illness
ATT202410009467,STU009467,SCH024,2024-10-01,19,16,Medical
ATT202410009468,STU009468,SCH048,2024-10-01,22,19,Other
ATT202410009469,STU009469,SCH020,2024-10-01,21,19,Illness
ATT202410009470,STU009470,SCH030,2024-10-01,18,16,Medical
ATT202410009471,STU009471,SCH033,2024-10-01,20,19,Medical
ATT202410009472,STU009472,SCH037,2024-10-01,21,20,Unauthorised
ATT202410009473,STU009473,SCH016,2024-10-01,20,18,Family
ATT202410009474,STU009474,SCH043,2024-10-01,22,20,Illness
ATT202410009475,STU009475,SCH036,2024-10-01,21,19,Family
ATT202410009476,STU009476,SCH024,2024-10-01,18,17,Medical
ATT202410009477,STU009477,SCH042,2024-10-01,20,17,Other
ATT202410009478,STU009478,SCH049,2024-10-01,18,16,Family
ATT202410009479,STU009479,SCH045,2024-10-01,19,17,Other
ATT202410009480,STU009480,SCH009,2024-10-01,22,20,Unauthorised
ATT202410009481,STU009481,SCH023,2024-10-01,20,18,Unauthorised
ATT202410009482,STU009482,SCH006,2024-10-01,22,21,Medical
ATT202410009483,STU009483,SCH027,2024-10-01,20,17,Unauthorised
ATT202410009484,STU009484,SCH028,2024-10-01,20,18,Illness
ATT202410009485,STU009485,SCH027,2024-10-01,21,18,Medical
ATT202410009486,STU009486,SCH031,2024-10-01,22,20,Medical
ATT202410009487,STU009487,SCH049,2024-10-01,18,17,Unauthorised
ATT202410009488,STU009488,SCH032,2024-10-01,19,17,Illness
ATT202410009489,STU009489,SCH035,2024-10-01,20,18,Unauthorised
ATT202410009490,STU009490,SCH023,2024-10-01,21,19,Illness
ATT202410009491,STU009491,SCH010,2024-10-01,20,18,Medical
ATT202410009492,STU009492,SCH039,2024-10-01,18,16,Family
ATT202410009493,STU009493,SCH022,2024-10-01,20,19,Illness
ATT202410009494,STU009494,SCH011,2024-10-01,21,19,Family
ATT202410009495,STU009495,SCH034,2024-10-01,22,20,Medical
ATT202410009496,STU009496,SCH001,2024-10-01,19,17,Medical
ATT202410009497,STU009497,SCH036,2024-10-01,22,22,
ATT202410009498,STU009498,SCH048,2024-10-01,22,20,Unauthorised
ATT202410009499,STU009499,SCH002,2024-10-01,18,16,Medical
ATT202410009500,STU009500,SCH008,2024-10-01,19,17,Other
ATT202410009501,STU009501,SCH025,2024-10-01,22,20,Illness
ATT202410009502,STU009502,SCH014,2024-10-01,20,19,Other
ATT202410009503,STU009503,SCH014,2024-10-01,18,17,Medical
ATT202410009504,STU009504,SCH010,2024-10-01,18,16,Unauthorised
ATT202410009505,STU009505,SCH004,2024-10-01,19,17,Family
ATT202410009506,STU009506,SCH004,2024-10-01,21,21,
ATT202410009507,STU009507,SCH013,2024-10-01,20,19,Illness
ATT202410009508,STU009508,SCH026,2024-10-01,21,19,Illness
ATT202410009509,STU009509,SCH031,2024-10-01,21,18,Other
ATT202410009510,STU009510,SCH026,2024-10-01,21,19,Other
ATT202410009511,STU009511,SCH037,2024-10-01,22,22,
ATT202410009512,STU009512,SCH036,2024-10-01,22,19,Other
ATT202410009513,STU009513,SCH027,2024-10-01,20,19,Other
ATT202410009514,STU009514,SCH004,2024-10-01,20,17,Other
ATT202410009515,STU009515,SCH031,2024-10-01,21,18,Unauthorised
ATT202410009516,STU009516,SCH040,2024-10-01,19,17,Unauthorised
ATT202410009517,STU009517,SCH028,2024-10-01,21,20,Medical
ATT202410009518,STU009518,SCH031,2024-10-01,18,14,Family
ATT202410009519,STU009519,SCH041,2024-10-01,22,20,Family
ATT202410009520,STU009520,SCH038,2024-10-01,19,17,Illness
ATT202410009521,STU009521,SCH002,2024-10-01,20,17,Other
ATT202410009522,STU009522,SCH049,2024-10-01,22,21,Medical
ATT202410009523,STU009523,SCH009,2024-10-01,18,15,Other
ATT202410009524,STU009524,SCH022,2024-10-01,20,17,Medical
ATT202410009525,STU009525,SCH037,2024-10-01,21,20,Family
ATT202410009526,STU009526,SCH039,2024-10-01,19,17,Other
ATT202410009527,STU009527,SCH016,2024-10-01,18,17,Family
ATT202410009528,STU009528,SCH018,2024-10-01,18,17,Other
ATT202410009529,STU009529,SCH001,2024-10-01,19,17,Family
ATT202410009530,STU009530,SCH027,2024-10-01,21,18,Other
ATT202410009531,STU009531,SCH015,2024-10-01,20,18,Other
ATT202410009532,STU009532,SCH016,2024-10-01,20,18,Medical
ATT202410009533,STU009533,SCH012,2024-10-01,22,20,Family
ATT202410009534,STU009534,SCH027,2024-10-01,22,19,Unauthorised
ATT202410009535,STU009535,SCH022,2024-10-01,19,17,Other
ATT202410009536,STU009536,SCH042,2024-10-01,22,18,Medical
ATT202410009537,STU009537,SCH009,2024-10-01,18,16,Medical
ATT202410009538,STU009538,SCH036,2024-10-01,18,17,Medical
ATT202410009539,STU009539,SCH002,2024-10-01,20,18,Other
ATT202410009540,STU009540,SCH003,2024-10-01,19,19,
ATT202410009541,STU009541,SCH036,2024-10-01,18,17,Unauthorised
ATT202410009542,STU009542,SCH027,2024-10-01,20,18,Family
ATT202410009543,STU009543,SCH016,2024-10-01,21,20,Unauthorised
ATT202410009544,STU009544,SCH008,2024-10-01,20,18,Unauthorised
ATT202410009545,STU009545,SCH002,2024-10-01,22,20,Unauthorised
ATT202410009546,STU009546,SCH019,2024-10-01,18,15,Medical
ATT202410009547,STU009547,SCH038,2024-10-01,22,20,Illness
ATT202410009548,STU009548,SCH014,2024-10-01,18,16,Family
ATT202410009549,STU009549,SCH011,2024-10-01,22,20,Other
ATT202410009550,STU009550,SCH009,2024-10-01,21,20,Other
ATT202410009551,STU009551,SCH039,2024-10-01,20,17,Illness
ATT202410009552,STU009552,SCH021,2024-10-01,18,15,Unauthorised
ATT202410009553,STU009553,SCH018,2024-10-01,18,17,Other
ATT202410009554,STU009554,SCH031,2024-10-01,18,15,Other
ATT202410009555,STU009555,SCH034,2024-10-01,22,20,Other
ATT202410009556,STU009556,SCH019,2024-10-01,20,18,Other
ATT202410009557,STU009557,SCH024,2024-10-01,22,19,Medical
ATT202410009558,STU009558,SCH001,2024-10-01,18,16,Other
ATT202410009559,STU009559,SCH048,2024-10-01,21,20,Medical
ATT202410009560,STU009560,SCH019,2024-10-01,20,18,Other
ATT202410009561,STU009561,SCH007,2024-10-01,19,18,Unauthorised
ATT202410009562,STU009562,SCH009,2024-10-01,22,20,Family
ATT202410009563,STU009563,SCH023,2024-10-01,22,19,Other
ATT202410009564,STU009564,SCH003,2024-10-01,20,18,Unauthorised
ATT202410009565,STU009565,SCH006,2024-10-01,18,17,Other
ATT202410009566,STU009566,SCH009,2024-10-01,22,19,Illness
ATT202410009567,STU009567,SCH036,2024-10-01,21,20,Other
ATT202410009568,STU009568,SCH027,2024-10-01,19,16,Illness
ATT202410009569,STU009569,SCH018,2024-10-01,22,21,Unauthorised
ATT202410009570,STU009570,SCH016,2024-10-01,21,19,Illness
ATT202410009571,STU009571,SCH014,2024-10-01,22,21,Illness
ATT202410009572,STU009572,SCH028,2024-10-01,20,17,Family
ATT202410009573,STU009573,SCH025,2024-10-01,20,19,Family
ATT202410009574,STU009574,SCH049,2024-10-01,18,16,Illness
ATT202410009575,STU009575,SCH016,2024-10-01,22,20,Family
ATT202410009576,STU009576,SCH008,2024-10-01,19,18,Other
ATT202410009577,STU009577,SCH005,2024-10-01,19,18,Other
ATT202410009578,STU009578,SCH011,2024-10-01,19,17,Family
ATT202410009579,STU009579,SCH032,2024-10-01,20,17,Other
ATT202410009580,STU009580,SCH001,2024-10-01,18,14,Unauthorised
ATT202410009581,STU009581,SCH009,2024-10-01,20,19,Other
ATT202410009582,STU009582,SCH013,2024-10-01,21,20,Family
ATT202410009583,STU009583,SCH005,2024-10-01,18,17,Illness
ATT202410009584,STU009584,SCH022,2024-10-01,21,19,Family
ATT202410009585,STU009585,SCH023,2024-10-01,20,18,Illness
ATT202410009586,STU009586,SCH025,2024-10-01,19,18,Family
ATT202410009587,STU009587,SCH028,2024-10-01,20,19,Illness
ATT202410009588,STU009588,SCH017,2024-10-01,20,17,Unauthorised
ATT202410009589,STU009589,SCH026,2024-10-01,19,18,Other
ATT202410009590,STU009590,SCH011,2024-10-01,21,19,Illness
ATT202410009591,STU009591,SCH001,2024-10-01,20,17,Unauthorised
ATT202410009592,STU009592,SCH025,2024-10-01,22,21,Medical
ATT202410009593,STU009593,SCH028,2024-10-01,18,17,Unauthorised
ATT202410009594,STU009594,SCH033,2024-10-01,19,17,Medical
ATT202410009595,STU009595,SCH018,2024-10-01,21,19,Illness
ATT202410009596,STU009596,SCH017,2024-10-01,18,17,Other
ATT202410009597,STU009597,SCH025,2024-10-01,21,20,Family
ATT202410009598,STU009598,SCH002,2024-10-01,20,19,Unauthorised
ATT202410009599,STU009599,SCH017,2024-10-01,19,17,Illness
ATT202410009600,STU009600,SCH045,2024-10-01,22,21,Medical
ATT202410009601,STU009601,SCH002,2024-10-01,20,16,Unauthorised
ATT202410009602,STU009602,SCH046,2024-10-01,19,19,
ATT202410009603,STU009603,SCH026,2024-10-01,22,21,Medical
ATT202410009604,STU009604,SCH009,2024-10-01,18,17,Unauthorised
ATT202410009605,STU009605,SCH003,2024-10-01,21,19,Medical
ATT202410009606,STU009606,SCH016,2024-10-01,19,18,Other
ATT202410009607,STU009607,SCH048,2024-10-01,20,18,Unauthorised
ATT202410009608,STU009608,SCH003,2024-10-01,18,17,Family
ATT202410009609,STU009609,SCH040,2024-10-01,19,17,Illness
ATT202410009610,STU009610,SCH031,2024-10-01,20,18,Other
ATT202410009611,STU009611,SCH048,2024-10-01,21,19,Unauthorised
ATT202410009612,STU009612,SCH043,2024-10-01,19,18,Other
ATT202410009613,STU009613,SCH019,2024-10-01,19,17,Family
ATT202410009614,STU009614,SCH011,2024-10-01,20,19,Other
ATT202410009615,STU009615,SCH012,2024-10-01,20,19,Other
ATT202410009616,STU009616,SCH048,2024-10-01,19,17,Other
ATT202410009617,STU009617,SCH003,2024-10-01,21,20,Family
ATT202410009618,STU009618,SCH037,2024-10-01,18,17,Family
ATT202410009619,STU009619,SCH017,2024-10-01,19,19,
ATT202410009620,STU009620,SCH005,2024-10-01,18,17,Medical
ATT202410009621,STU009621,SCH028,2024-10-01,22,21,Illness
ATT202410009622,STU009622,SCH002,2024-10-01,20,18,Illness
ATT202410009623,STU009623,SCH044,2024-10-01,20,18,Medical
ATT202410009624,STU009624,SCH041,2024-10-01,19,18,Other
ATT202410009625,STU009625,SCH006,2024-10-01,19,18,Illness
ATT202410009626,STU009626,SCH028,2024-10-01,19,19,
ATT202410009627,STU009627,SCH007,2024-10-01,20,18,Other
ATT202410009628,STU009628,SCH042,2024-10-01,18,16,Other
ATT202410009629,STU009629,SCH026,2024-10-01,20,17,Medical
ATT202410009630,STU009630,SCH014,2024-10-01,19,19,
ATT202410009631,STU009631,SCH027,2024-10-01,21,20,Medical
ATT202410009632,STU009632,SCH031,2024-10-01,21,18,Family
ATT202410009633,STU009633,SCH006,2024-10-01,19,17,Other
ATT202410009634,STU009634,SCH020,2024-10-01,21,18,Medical
ATT202410009635,STU009635,SCH032,2024-10-01,22,19,Illness
ATT202410009636,STU009636,SCH010,2024-10-01,21,19,Medical
ATT202410009637,STU009637,SCH019,2024-10-01,21,19,Unauthorised
ATT202410009638,STU009638,SCH037,2024-10-01,22,20,Illness
ATT202410009639,STU009639,SCH011,2024-10-01,19,17,Family
ATT202410009640,STU009640,SCH023,2024-10-01,21,19,Other
ATT202410009641,STU009641,SCH030,2024-10-01,18,18,
ATT202410009642,STU009642,SCH047,2024-10-01,19,17,Illness
ATT202410009643,STU009643,SCH046,2024-10-01,22,19,Unauthorised
ATT202410009644,STU009644,SCH013,2024-10-01,18,17,Medical
ATT202410009645,STU009645,SCH038,2024-10-01,20,19,Family
ATT202410009646,STU009646,SCH034,2024-10-01,21,19,Medical
ATT202410009648,STU009648,SCH036,2024-10-01,18,16,Medical
ATT202410009649,STU009649,SCH002,2024-10-01,18,15,Other
ATT202410009650,STU009650,SCH039,2024-10-01,18,16,Other
ATT202410009651,STU009651,SCH035,2024-10-01,20,18,Unauthorised
ATT202410009652,STU009652,SCH050,2024-10-01,21,20,Other
ATT202410009653,STU009653,SCH047,2024-10-01,21,19,Family
ATT202410009654,STU009654,SCH031,2024-10-01,21,18,Other
ATT202410009655,STU009655,SCH049,2024-10-01,18,16,Family
ATT202410009656,STU009656,SCH034,2024-10-01,21,19,Family
ATT202410009657,STU009657,SCH028,2024-10-01,22,18,Medical
ATT202410009658,STU009658,SCH010,2024-10-01,22,21,Medical
ATT202410009659,STU009659,SCH023,2024-10-01,22,19,Medical
ATT202410009660,STU009660,SCH009,2024-10-01,19,17,Illness
ATT202410009661,STU009661,SCH017,2024-10-01,19,19,
ATT202410009662,STU009662,SCH029,2024-10-01,22,20,Other
ATT202410009663,STU009663,SCH009,2024-10-01,19,16,Other
ATT202410009664,STU009664,SCH008,2024-10-01,20,18,Medical
ATT202410009665,STU009665,SCH005,2024-10-01,21,20,Family
ATT202410009666,STU009666,SCH027,2024-10-01,21,19,Illness
ATT202410009667,STU009667,SCH004,2024-10-01,19,19,
ATT202410009668,STU009668,SCH036,2024-10-01,19,18,Illness
ATT202410009669,STU009669,SCH011,2024-10-01,20,20,
ATT202410009670,STU009670,SCH019,2024-10-01,22,22,
ATT202410009671,STU009671,SCH021,2024-10-01,18,16,Unauthorised
ATT202410009672,STU009672,SCH048,2024-10-01,18,16,Medical
ATT202410009673,STU009673,SCH017,2024-10-01,18,17,Illness
ATT202410009674,STU009674,SCH044,2024-10-01,18,15,Other
ATT202410009675,STU009675,SCH012,2024-10-01,18,16,Unauthorised
ATT202410009676,STU009676,SCH024,2024-10-01,19,18,Other
ATT202410009677,STU009677,SCH032,2024-10-01,22,20,Family
ATT202410009678,STU009678,SCH012,2024-10-01,19,18,Illness
ATT202410009679,STU009679,SCH041,2024-10-01,22,18,Unauthorised
ATT202410009680,STU009680,SCH005,2024-10-01,21,19,Unauthorised
ATT202410009681,STU009681,SCH046,2024-10-01,20,18,Other
ATT202410009682,STU009682,SCH022,2024-10-01,22,19,Unauthorised
ATT202410009683,STU009683,SCH024,2024-10-01,20,19,Family
ATT202410009684,STU009684,SCH032,2024-10-01,21,18,Family
ATT202410009685,STU009685,SCH050,2024-10-01,19,17,Medical
ATT202410009686,STU009686,SCH043,2024-10-01,21,19,Unauthorised
ATT202410009687,STU009687,SCH028,2024-10-01,20,20,
ATT202410009688,STU009688,SCH001,2024-10-01,20,18,Illness
ATT202410009689,STU009689,SCH014,2024-10-01,19,18,Family
ATT202410009690,STU009690,SCH046,2024-10-01,21,19,Other
ATT202410009691,STU009691,SCH041,2024-10-01,20,18,Other
ATT202410009692,STU009692,SCH040,2024-10-01,21,18,Family
ATT202410009693,STU009693,SCH007,2024-10-01,21,20,Medical
ATT202410009694,STU009694,SCH025,2024-10-01,19,18,Other
ATT202410009695,STU009695,SCH050,2024-10-01,21,18,Family
ATT202410009696,STU009696,SCH028,2024-10-01,18,17,Illness
ATT202410009697,STU009697,SCH048,2024-10-01,18,16,Family
ATT202410009698,STU009698,SCH046,2024-10-01,21,18,Other
ATT202410009699,STU009699,SCH004,2024-10-01,22,20,Illness
ATT202410009700,STU009700,SCH009,2024-10-01,21,19,Family
ATT202410009701,STU009701,SCH018,2024-10-01,19,17,Family
ATT202410009702,STU009702,SCH012,2024-10-01,19,17,Illness
ATT202410009703,STU009703,SCH040,2024-10-01,22,20,Family
ATT202410009704,STU009704,SCH044,2024-10-01,18,17,Unauthorised
ATT202410009705,STU009705,SCH046,2024-10-01,19,17,Illness
ATT202410009706,STU009706,SCH013,2024-10-01,18,16,Medical
ATT202410009707,STU009707,SCH035,2024-10-01,18,17,Other
ATT202410009708,STU009708,SCH012,2024-10-01,21,20,Unauthorised
ATT202410009709,STU009709,SCH006,2024-10-01,21,19,Unauthorised
ATT202410009710,STU009710,SCH027,2024-10-01,22,20,Medical
ATT202410009711,STU009711,SCH003,2024-10-01,19,18,Unauthorised
ATT202410009712,STU009712,SCH047,2024-10-01,21,18,Illness
ATT202410009713,STU009713,SCH024,2024-10-01,18,16,Illness
ATT202410009714,STU009714,SCH013,2024-10-01,19,18,Other
ATT202410009715,STU009715,SCH011,2024-10-01,18,15,Unauthorised
ATT202410009716,STU009716,SCH032,2024-10-01,19,18,Unauthorised
ATT202410009717,STU009717,SCH032,2024-10-01,18,16,Unauthorised
ATT202410009718,STU009718,SCH005,2024-10-01,19,18,Other
ATT202410009719,STU009719,SCH033,2024-10-01,21,21,
ATT202410009720,STU009720,SCH014,2024-10-01,21,19,Illness
ATT202410009721,STU009721,SCH019,2024-10-01,21,19,Unauthorised
ATT202410009722,STU009722,SCH009,2024-10-01,21,18,Other
ATT202410009723,STU009723,SCH017,2024-10-01,19,17,Family
ATT202410009724,STU009724,SCH025,2024-10-01,19,17,Family
ATT202410009725,STU009725,SCH050,2024-10-01,18,17,Illness
ATT202410009726,STU009726,SCH022,2024-10-01,21,20,Family
ATT202410009727,STU009727,SCH028,2024-10-01,20,19,Other
ATT202410009728,STU009728,SCH042,2024-10-01,21,20,Family
ATT202410009729,STU009729,SCH008,2024-10-01,21,20,Unauthorised
ATT202410009730,STU009730,SCH008,2024-10-01,19,17,Illness
ATT202410009731,STU009731,SCH020,2024-10-01,19,17,Other
ATT202410009732,STU009732,SCH040,2024-10-01,22,20,Other
ATT202410009733,STU009733,SCH010,2024-10-01,21,20,Illness
ATT202410009734,STU009734,SCH016,2024-10-01,20,19,Family
ATT202410009735,STU009735,SCH004,2024-10-01,22,21,Family
ATT202410009736,STU009736,SCH011,2024-10-01,20,19,Unauthorised
ATT202410009737,STU009737,SCH027,2024-10-01,21,18,Other
ATT202410009738,STU009738,SCH044,2024-10-01,19,18,Family
ATT202410009739,STU009739,SCH009,2024-10-01,22,20,Unauthorised
ATT202410009740,STU009740,SCH049,2024-10-01,19,16,Family
ATT202410009741,STU009741,SCH014,2024-10-01,18,17,Medical
ATT202410009742,STU009742,SCH020,2024-10-01,18,16,Unauthorised
ATT202410009743,STU009743,SCH025,2024-10-01,21,19,Medical
ATT202410009744,STU009744,SCH029,2024-10-01,22,19,Illness
ATT202410009745,STU009745,SCH038,2024-10-01,19,18,Other
ATT202410009746,STU009746,SCH029,2024-10-01,19,17,Medical
ATT202410009747,STU009747,SCH026,2024-10-01,18,17,Other
ATT202410009748,STU009748,SCH036,2024-10-01,21,19,Unauthorised
ATT202410009749,STU009749,SCH017,2024-10-01,19,16,Medical
ATT202410009750,STU009750,SCH049,2024-10-01,18,15,Illness
ATT202410009751,STU009751,SCH007,2024-10-01,21,19,Medical
ATT202410009752,STU009752,SCH036,2024-10-01,19,17,Other
ATT202410009753,STU009753,SCH040,2024-10-01,20,18,Family
ATT202410009754,STU009754,SCH028,2024-10-01,22,21,Medical
ATT202410009755,STU009755,SCH004,2024-10-01,19,17,Other
ATT202410009756,STU009756,SCH039,2024-10-01,21,19,Illness
ATT202410009757,STU009757,SCH050,2024-10-01,22,20,Other
ATT202410009758,STU009758,SCH030,2024-10-01,22,22,
ATT202410009759,STU009759,SCH009,2024-10-01,22,20,Unauthorised
ATT202410009760,STU009760,SCH024,2024-10-01,19,15,Family
ATT202410009761,STU009761,SCH016,2024-10-01,18,16,Unauthorised
ATT202410009762,STU009762,SCH045,2024-10-01,18,17,Medical
ATT202410009763,STU009763,SCH018,2024-10-01,18,17,Family
ATT202410009764,STU009764,SCH010,2024-10-01,22,20,Unauthorised
ATT202410009765,STU009765,SCH026,2024-10-01,18,15,Medical
ATT202410009766,STU009766,SCH042,2024-10-01,20,18,Medical
ATT202410009767,STU009767,SCH021,2024-10-01,20,18,Family
ATT202410009768,STU009768,SCH014,2024-10-01,18,16,Illness
ATT202410009769,STU009769,SCH038,2024-10-01,22,22,
ATT202410009770,STU009770,SCH043,2024-10-01,19,18,Illness
ATT202410009771,STU009771,SCH012,2024-10-01,22,19,Other
ATT202410009772,STU009772,SCH049,2024-10-01,22,20,Other
ATT202410009773,STU009773,SCH037,2024-10-01,22,21,Illness
ATT202410009774,STU009774,SCH005,2024-10-01,21,19,Other
ATT202410009775,STU009775,SCH038,2024-10-01,18,16,Unauthorised
ATT202410009776,STU009776,SCH016,2024-10-01,22,20,Illness
ATT202410009777,STU009777,SCH014,2024-10-01,20,17,Medical
ATT202410009778,STU009778,SCH016,2024-10-01,22,21,Medical
ATT202410009779,STU009779,SCH006,2024-10-01,18,17,Illness
ATT202410009780,STU009780,SCH035,2024-10-01,22,20,Unauthorised
ATT202410009781,STU009781,SCH008,2024-10-01,18,16,Family
ATT202410009782,STU009782,SCH016,2024-10-01,22,19,Medical
ATT202410009783,STU009783,SCH019,2024-10-01,21,19,Family
ATT202410009784,STU009784,SCH014,2024-10-01,18,16,Medical
ATT202410009785,STU009785,SCH035,2024-10-01,19,18,Illness
ATT202410009786,STU009786,SCH023,2024-10-01,20,18,Family
ATT202410009787,STU009787,SCH025,2024-10-01,18,16,Family
ATT202410009788,STU009788,SCH001,2024-10-01,18,15,Unauthorised
ATT202410009789,STU009789,SCH026,2024-10-01,22,21,Family
ATT202410009790,STU009790,SCH015,2024-10-01,18,17,Medical
ATT202410009791,STU009791,SCH014,2024-10-01,19,18,Other
ATT202410009792,STU009792,SCH011,2024-10-01,21,20,Other
ATT202410009793,STU009793,SCH028,2024-10-01,20,19,Illness
ATT202410009794,STU009794,SCH008,2024-10-01,18,18,
ATT202410009795,STU009795,SCH045,2024-10-01,21,19,Family
ATT202410009796,STU009796,SCH029,2024-10-01,20,19,Illness
ATT202410009797,STU009797,SCH006,2024-10-01,21,19,Unauthorised
ATT202410009798,STU009798,SCH017,2024-10-01,20,19,Unauthorised
ATT202410009799,STU009799,SCH030,2024-10-01,18,17,Other
ATT202410009800,STU009800,SCH008,2024-10-01,22,20,Illness
ATT202410009801,STU009801,SCH028,2024-10-01,21,19,Family
ATT202410009802,STU009802,SCH050,2024-10-01,22,19,Other
ATT202410009803,STU009803,SCH016,2024-10-01,18,17,Medical
ATT202410009804,STU009804,SCH042,2024-10-01,20,17,Medical
ATT202410009805,STU009805,SCH013,2024-10-01,18,16,Medical
ATT202410009806,STU009806,SCH050,2024-10-01,20,17,Family
ATT202410009807,STU009807,SCH002,2024-10-01,19,17,Other
ATT202410009808,STU009808,SCH036,2024-10-01,20,19,Illness
ATT202410009809,STU009809,SCH030,2024-10-01,18,17,Unauthorised
ATT202410009810,STU009810,SCH007,2024-10-01,18,16,Unauthorised
ATT202410009811,STU009811,SCH047,2024-10-01,19,18,Illness
ATT202410009812,STU009812,SCH046,2024-10-01,18,17,Medical
ATT202410009813,STU009813,SCH033,2024-10-01,21,19,Unauthorised
ATT202410009814,STU009814,SCH037,2024-10-01,20,19,Other
ATT202410009815,STU009815,SCH014,2024-10-01,22,20,Other
ATT202410009816,STU009816,SCH024,2024-10-01,22,21,Unauthorised
ATT202410009817,STU009817,SCH016,2024-10-01,19,18,Illness
ATT202410009818,STU009818,SCH003,2024-10-01,19,17,Medical
ATT202410009819,STU009819,SCH013,2024-10-01,18,17,Other
ATT202410009820,STU009820,SCH006,2024-10-01,19,17,Family
ATT202410009822,STU009822,SCH018,2024-10-01,18,17,Family
ATT202410009823,STU009823,SCH045,2024-10-01,22,20,Illness
ATT202410009824,STU009824,SCH022,2024-10-01,21,19,Family
ATT202410009825,STU009825,SCH010,2024-10-01,21,19,Other
ATT202410009826,STU009826,SCH034,2024-10-01,21,19,Other
ATT202410009827,STU009827,SCH023,2024-10-01,22,20,Family
ATT202410009828,STU009828,SCH025,2024-10-01,22,20,Unauthorised
ATT202410009829,STU009829,SCH038,2024-10-01,22,21,Unauthorised
ATT202410009830,STU009830,SCH018,2024-10-01,22,20,Illness
ATT202410009831,STU009831,SCH042,2024-10-01,18,16,Family
ATT202410009832,STU009832,SCH026,2024-10-01,18,18,
ATT202410009833,STU009833,SCH025,2024-10-01,19,17,Family
ATT202410009834,STU009834,SCH003,2024-10-01,21,18,Illness
ATT202410009835,STU009835,SCH031,2024-10-01,21,20,Illness
ATT202410009836,STU009836,SCH037,2024-10-01,18,18,
ATT202410009837,STU009837,SCH037,2024-10-01,19,17,Family
ATT202410009838,STU009838,SCH049,2024-10-01,20,17,Medical
ATT202410009839,STU009839,SCH043,2024-10-01,18,16,Unauthorised
ATT202410009840,STU009840,SCH026,2024-10-01,21,20,Medical
ATT202410009841,STU009841,SCH035,2024-10-01,18,16,Other
ATT202410009842,STU009842,SCH047,2024-10-01,20,20,
ATT202410009843,STU009843,SCH006,2024-10-01,22,21,Other
ATT202410009844,STU009844,SCH047,2024-10-01,22,19,Family
ATT202410009845,STU009845,SCH039,2024-10-01,18,18,
ATT202410009846,STU009846,SCH015,2024-10-01,18,17,Medical
ATT202410009847,STU009847,SCH026,2024-10-01,19,17,Other
ATT202410009848,STU009848,SCH030,2024-10-01,21,19,Illness
ATT202410009849,STU009849,SCH031,2024-10-01,20,17,Other
ATT202410009850,STU009850,SCH006,2024-10-01,18,16,Family
ATT202410009851,STU009851,SCH018,2024-10-01,18,17,Family
ATT202410009852,STU009852,SCH007,2024-10-01,19,17,Family
ATT202410009853,STU009853,SCH020,2024-10-01,21,20,Family
ATT202410009854,STU009854,SCH050,2024-10-01,19,16,Other
ATT202410009855,STU009855,SCH020,2024-10-01,18,17,Unauthorised
ATT202410009856,STU009856,SCH018,2024-10-01,22,21,Medical
ATT202410009857,STU009857,SCH045,2024-10-01,21,20,Family
ATT202410009858,STU009858,SCH008,2024-10-01,19,18,Medical
ATT202410009859,STU009859,SCH031,2024-10-01,21,20,Other
ATT202410009860,STU009860,SCH041,2024-10-01,19,18,Medical
ATT202410009861,STU009861,SCH044,2024-10-01,20,18,Other
ATT202410009862,STU009862,SCH033,2024-10-01,21,19,Unauthorised
ATT202410009863,STU009863,SCH048,2024-10-01,18,16,Family
ATT202410009864,STU009864,SCH012,2024-10-01,18,16,Unauthorised
ATT202410009866,STU009866,SCH031,2024-10-01,19,18,Illness
ATT202410009867,STU009867,SCH015,2024-10-01,22,21,Illness
ATT202410009868,STU009868,SCH029,2024-10-01,18,16,Family
ATT202410009869,STU009869,SCH012,2024-10-01,21,19,Other
ATT202410009870,STU009870,SCH031,2024-10-01,20,19,Unauthorised
ATT202410009871,STU009871,SCH033,2024-10-01,20,19,Medical
ATT202410009872,STU009872,SCH033,2024-10-01,22,20,Medical
ATT202410009873,STU009873,SCH015,2024-10-01,20,19,Illness
ATT202410009874,STU009874,SCH041,2024-10-01,22,19,Illness
ATT202410009875,STU009875,SCH040,2024-10-01,20,19,Medical
ATT202410009876,STU009876,SCH019,2024-10-01,20,20,
ATT202410009877,STU009877,SCH001,2024-10-01,20,18,Medical
ATT202410009878,STU009878,SCH007,2024-10-01,18,17,Other
ATT202410009879,STU009879,SCH023,2024-10-01,19,17,Unauthorised
ATT202410009880,STU009880,SCH033,2024-10-01,21,19,Illness
ATT202410009881,STU009881,SCH004,2024-10-01,22,20,Other
ATT202410009882,STU009882,SCH004,2024-10-01,22,21,Illness
ATT202410009883,STU009883,SCH013,2024-10-01,18,17,Other
ATT202410009884,STU009884,SCH016,2024-10-01,19,17,Illness
ATT202410009885,STU009885,SCH008,2024-10-01,18,17,Medical
ATT202410009886,STU009886,SCH029,2024-10-01,19,17,Unauthorised
ATT202410009887,STU009887,SCH019,2024-10-01,21,19,Family
ATT202410009888,STU009888,SCH015,2024-10-01,21,18,Family
ATT202410009889,STU009889,SCH019,2024-10-01,20,18,Medical
ATT202410009890,STU009890,SCH021,2024-10-01,19,18,Medical
ATT202410009891,STU009891,SCH009,2024-10-01,18,17,Other
ATT202410009892,STU009892,SCH013,2024-10-01,19,19,
ATT202410009893,STU009893,SCH009,2024-10-01,20,17,Unauthorised
ATT202410009894,STU009894,SCH039,2024-10-01,19,17,Family
ATT202410009895,STU009895,SCH030,2024-10-01,18,17,Unauthorised
ATT202410009896,STU009896,SCH018,2024-10-01,19,18,Illness
ATT202410009897,STU009897,SCH040,2024-10-01,19,17,Illness
ATT202410009898,STU009898,SCH018,2024-10-01,21,19,Illness
ATT202410009899,STU009899,SCH016,2024-10-01,18,16,Illness
ATT202410009900,STU009900,SCH041,2024-10-01,20,19,Other
ATT202410009901,STU009901,SCH006,2024-10-01,19,17,Unauthorised
ATT202410009902,STU009902,SCH044,2024-10-01,19,18,Medical
ATT202410009903,STU009903,SCH031,2024-10-01,19,17,Illness
ATT202410009904,STU009904,SCH014,2024-10-01,22,22,
ATT202410009905,STU009905,SCH030,2024-10-01,18,16,Family
ATT202410009906,STU009906,SCH005,2024-10-01,18,17,Medical
ATT202410009907,STU009907,SCH026,2024-10-01,22,21,Unauthorised
ATT202410009908,STU009908,SCH038,2024-10-01,18,16,Other
ATT202410009909,STU009909,SCH021,2024-10-01,18,16,Other
ATT202410009910,STU009910,SCH037,2024-10-01,19,18,Medical
ATT202410009911,STU009911,SCH038,2024-10-01,19,18,Medical
ATT202410009912,STU009912,SCH039,2024-10-01,21,20,Medical
ATT202410009913,STU009913,SCH002,2024-10-01,21,17,Illness
ATT202410009914,STU009914,SCH029,2024-10-01,22,20,Medical
ATT202410009915,STU009915,SCH004,2024-10-01,19,18,Illness
ATT202410009916,STU009916,SCH049,2024-10-01,22,20,Family
ATT202410009917,STU009917,SCH045,2024-10-01,22,19,Medical
ATT202410009918,STU009918,SCH034,2024-10-01,22,20,Family
ATT202410009919,STU009919,SCH031,2024-10-01,22,20,Family
ATT202410009920,STU009920,SCH048,2024-10-01,20,18,Illness
ATT202410009921,STU009921,SCH014,2024-10-01,21,20,Illness
ATT202410009922,STU009922,SCH028,2024-10-01,19,18,Family
ATT202410009923,STU009923,SCH004,2024-10-01,18,16,Illness
ATT202410009924,STU009924,SCH040,2024-10-01,22,22,
ATT202410009925,STU009925,SCH032,2024-10-01,19,18,Unauthorised
ATT202410009926,STU009926,SCH015,2024-10-01,21,21,
ATT202410009927,STU009927,SCH038,2024-10-01,19,18,Medical
ATT202410009928,STU009928,SCH038,2024-10-01,19,18,Family
ATT202410009929,STU009929,SCH018,2024-10-01,19,16,Family
ATT202410009930,STU009930,SCH045,2024-10-01,20,18,Unauthorised
ATT202410009931,STU009931,SCH029,2024-10-01,21,20,Family
ATT202410009932,STU009932,SCH040,2024-10-01,22,21,Family
ATT202410009933,STU009933,SCH045,2024-10-01,20,17,Other
ATT202410009934,STU009934,SCH049,2024-10-01,18,17,Unauthorised
ATT202410009935,STU009935,SCH037,2024-10-01,21,19,Other
ATT202410009936,STU009936,SCH014,2024-10-01,19,19,
ATT202410009937,STU009937,SCH002,2024-10-01,18,15,Unauthorised
ATT202410009938,STU009938,SCH042,2024-10-01,19,16,Family
ATT202410009939,STU009939,SCH012,2024-10-01,22,20,Other
ATT202410009940,STU009940,SCH042,2024-10-01,20,16,Unauthorised
ATT202410009941,STU009941,SCH024,2024-10-01,19,16,Family
ATT202410009942,STU009942,SCH016,2024-10-01,19,18,Medical
ATT202410009943,STU009943,SCH031,2024-10-01,20,17,Illness
ATT202410009944,STU009944,SCH033,2024-10-01,20,18,Medical
ATT202410009945,STU009945,SCH033,2024-10-01,19,17,Illness
ATT202410009946,STU009946,SCH050,2024-10-01,20,18,Family
ATT202410009947,STU009947,SCH034,2024-10-01,21,18,Medical
ATT202410009948,STU009948,SCH032,2024-10-01,19,17,Unauthorised
ATT202410009949,STU009949,SCH030,2024-10-01,22,19,Family
ATT202410009950,STU009950,SCH004,2024-10-01,21,19,Illness
ATT202410009951,STU009951,SCH048,2024-10-01,21,21,
ATT202410009952,STU009952,SCH020,2024-10-01,18,18,
ATT202410009953,STU009953,SCH044,2024-10-01,20,18,Unauthorised
ATT202410009954,STU009954,SCH029,2024-10-01,21,19,Family
ATT202410009955,STU009955,SCH010,2024-10-01,21,20,Other
ATT202410009956,STU009956,SCH010,2024-10-01,18,15,Family
ATT202410009957,STU009957,SCH038,2024-10-01,22,19,Family
ATT202410009958,STU009958,SCH037,2024-10-01,22,21,Medical
ATT202410009959,STU009959,SCH015,2024-10-01,20,18,Medical
ATT202410009960,STU009960,SCH020,2024-10-01,18,16,Unauthorised
ATT202410009961,STU009961,SCH026,2024-10-01,18,17,Family
ATT202410009962,STU009962,SCH033,2024-10-01,22,21,Illness
ATT202410009963,STU009963,SCH008,2024-10-01,18,17,Medical
ATT202410009964,STU009964,SCH037,2024-10-01,18,17,Medical
ATT202410009965,STU009965,SCH027,2024-10-01,21,20,Family
ATT202410009966,STU009966,SCH043,2024-10-01,21,19,Illness
ATT202410009967,STU009967,SCH017,2024-10-01,20,19,Family
ATT202410009968,STU009968,SCH046,2024-10-01,20,18,Unauthorised
ATT202410009969,STU009969,SCH014,2024-10-01,20,19,Unauthorised
ATT202410009970,STU009970,SCH021,2024-10-01,21,19,Other
ATT202410009971,STU009971,SCH036,2024-10-01,18,18,
ATT202410009972,STU009972,SCH031,2024-10-01,18,16,Unauthorised
ATT202410009973,STU009973,SCH001,2024-10-01,18,14,Family
ATT202410009974,STU009974,SCH032,2024-10-01,21,19,Other
ATT202410009975,STU009975,SCH004,2024-10-01,20,16,Illness
ATT202410009976,STU009976,SCH030,2024-10-01,19,18,Other
ATT202410009977,STU009977,SCH031,2024-10-01,22,20,Other
ATT202410009978,STU009978,SCH048,2024-10-01,18,15,Illness
ATT202410009979,STU009979,SCH004,2024-10-01,18,16,Other
ATT202410009980,STU009980,SCH031,2024-10-01,19,17,Medical
ATT202410009981,STU009981,SCH035,2024-10-01,22,22,
ATT202410009982,STU009982,SCH026,2024-10-01,18,17,Other
ATT202410009983,STU009983,SCH045,2024-10-01,19,18,Illness
ATT202410009984,STU009984,SCH025,2024-10-01,19,17,Unauthorised
ATT202410009985,STU009985,SCH012,2024-10-01,18,15,Unauthorised
ATT202410009986,STU009986,SCH026,2024-10-01,22,19,Medical
ATT202410009987,STU009987,SCH033,2024-10-01,18,16,Unauthorised
ATT202410009988,STU009988,SCH009,2024-10-01,18,17,Other
ATT202410009989,STU009989,SCH010,2024-10-01,22,21,Unauthorised
ATT202410009990,STU009990,SCH018,2024-10-01,22,20,Unauthorised
ATT202410009991,STU009991,SCH033,2024-10-01,22,19,Illness
ATT202410009992,STU009992,SCH040,2024-10-01,20,18,Illness
ATT202410009993,STU009993,SCH020,2024-10-01,19,16,Family
ATT202410009994,STU009994,SCH042,2024-10-01,20,18,Other
ATT202410009995,STU009995,SCH033,2024-10-01,21,21,
ATT202410009996,STU009996,SCH016,2024-10-01,21,20,Unauthorised
ATT202410009997,STU009997,SCH014,2024-10-01,21,20,Medical
ATT202410009998,STU009998,SCH027,2024-10-01,18,16,Unauthorised
ATT202410009999,STU009999,SCH018,2024-10-01,18,17,Illness
ATT202410010000,STU010000,SCH019,2024-10-01,18,18,
ATT202410010001,STU010001,SCH041,2024-10-01,22,19,Family
ATT202410010002,STU010002,SCH024,2024-10-01,18,17,Unauthorised
ATT202410010003,STU010003,SCH048,2024-10-01,22,21,Other
ATT202410010004,STU010004,SCH048,2024-10-01,21,19,Other
ATT202410010005,STU010005,SCH014,2024-10-01,21,18,Unauthorised
ATT202410010006,STU010006,SCH008,2024-10-01,18,16,Medical
ATT202410010007,STU010007,SCH030,2024-10-01,22,19,Medical
ATT202410010008,STU010008,SCH005,2024-10-01,20,18,Family
ATT202410010009,STU010009,SCH042,2024-10-01,19,19,
ATT202410010010,STU010010,SCH016,2024-10-01,22,20,Other
ATT202410010011,STU010011,SCH011,2024-10-01,20,19,Unauthorised
ATT202410010012,STU010012,SCH025,2024-10-01,20,17,Unauthorised
ATT202410010013,STU010013,SCH040,2024-10-01,20,17,Unauthorised
ATT202410010014,STU010014,SCH037,2024-10-01,20,20,
ATT202410010015,STU010015,SCH046,2024-10-01,22,18,Unauthorised
ATT202410010016,STU010016,SCH046,2024-10-01,19,18,Unauthorised
ATT202410010017,STU010017,SCH015,2024-10-01,21,19,Medical
ATT202410010018,STU010018,SCH032,2024-10-01,19,17,Unauthorised
ATT202410010019,STU010019,SCH015,2024-10-01,21,18,Illness
ATT202410010020,STU010020,SCH016,2024-10-01,22,20,Unauthorised
ATT202410010021,STU010021,SCH037,2024-10-01,22,18,Illness
ATT202410010022,STU010022,SCH009,2024-10-01,21,19,Other
ATT202410010023,STU010023,SCH032,2024-10-01,21,20,Other
ATT202410010024,STU010024,SCH031,2024-10-01,21,17,Unauthorised
ATT202410010025,STU010025,SCH009,2024-10-01,19,18,Family
ATT202410010026,STU010026,SCH039,2024-10-01,22,20,Family
ATT202410010027,STU010027,SCH030,2024-10-01,21,19,Illness
ATT202410010028,STU010028,SCH030,2024-10-01,22,20,Medical
ATT202410010029,STU010029,SCH006,2024-10-01,18,15,Family
ATT202410010030,STU010030,SCH035,2024-10-01,21,19,Other
ATT202410010031,STU010031,SCH040,2024-10-01,19,18,Medical
ATT202410010032,STU010032,SCH010,2024-10-01,21,19,Illness
ATT202410010033,STU010033,SCH039,2024-10-01,19,19,
ATT202410010034,STU010034,SCH019,2024-10-01,18,16,Illness
ATT202410010035,STU010035,SCH019,2024-10-01,18,17,Family
ATT202410010036,STU010036,SCH033,2024-10-01,21,19,Medical
ATT202410010037,STU010037,SCH015,2024-10-01,19,18,Family
ATT202410010038,STU010038,SCH035,2024-10-01,18,18,
ATT202410010039,STU010039,SCH005,2024-10-01,21,19,Illness
ATT202410010040,STU010040,SCH046,2024-10-01,19,17,Medical
ATT202410010041,STU010041,SCH018,2024-10-01,20,20,
ATT202410010042,STU010042,SCH027,2024-10-01,21,20,Unauthorised
ATT202410010043,STU010043,SCH031,2024-10-01,18,17,Unauthorised
ATT202410010044,STU010044,SCH028,2024-10-01,22,20,Unauthorised
ATT202410010045,STU010045,SCH046,2024-10-01,22,19,Medical
ATT202410010046,STU010046,SCH014,2024-10-01,19,18,Other
ATT202410010047,STU010047,SCH042,2024-10-01,21,19,Family
ATT202410010048,STU010048,SCH046,2024-10-01,21,17,Unauthorised
ATT202410010049,STU010049,SCH011,2024-10-01,21,20,Family
ATT202410010050,STU010050,SCH021,2024-10-01,21,20,Medical
ATT202410010051,STU010051,SCH038,2024-10-01,22,21,Other
ATT202410010052,STU010052,SCH021,2024-10-01,20,18,Other
ATT202410010053,STU010053,SCH037,2024-10-01,19,17,Medical
ATT202410010054,STU010054,SCH050,2024-10-01,22,20,Family
ATT202410010055,STU010055,SCH040,2024-10-01,19,17,Illness
ATT202410010056,STU010056,SCH047,2024-10-01,19,18,Family
ATT202410010057,STU010057,SCH037,2024-10-01,22,19,Other
ATT202410010058,STU010058,SCH007,2024-10-01,20,17,Other
ATT202410010059,STU010059,SCH011,2024-10-01,20,19,Unauthorised
ATT202410010060,STU010060,SCH022,2024-10-01,21,19,Illness
ATT202410010061,STU010061,SCH028,2024-10-01,19,18,Medical
ATT202410010062,STU010062,SCH022,2024-10-01,21,20,Illness
ATT202410010063,STU010063,SCH039,2024-10-01,22,20,Other
ATT202410010064,STU010064,SCH020,2024-10-01,20,18,Unauthorised
ATT202410010065,STU010065,SCH031,2024-10-01,18,16,Illness
ATT202410010066,STU010066,SCH046,2024-10-01,20,19,Unauthorised
ATT202410010067,STU010067,SCH004,2024-10-01,20,18,Family
ATT202410010068,STU010068,SCH041,2024-10-01,22,20,Other
ATT202410010069,STU010069,SCH020,2024-10-01,22,20,Unauthorised
ATT202410010070,STU010070,SCH016,2024-10-01,22,21,Medical
ATT202410010071,STU010071,SCH036,2024-10-01,21,20,Unauthorised
ATT202410010072,STU010072,SCH040,2024-10-01,21,19,Illness
ATT202410010073,STU010073,SCH011,2024-10-01,21,19,Illness
ATT202410010074,STU010074,SCH044,2024-10-01,20,20,
ATT202410010075,STU010075,SCH006,2024-10-01,22,21,Illness
ATT202410010076,STU010076,SCH004,2024-10-01,21,19,Illness
ATT202410010077,STU010077,SCH007,2024-10-01,21,20,Unauthorised
ATT202410010078,STU010078,SCH023,2024-10-01,18,17,Other
ATT202410010079,STU010079,SCH032,2024-10-01,20,18,Unauthorised
ATT202410010080,STU010080,SCH048,2024-10-01,19,16,Family
ATT202410010081,STU010081,SCH030,2024-10-01,22,21,Medical
ATT202410010082,STU010082,SCH043,2024-10-01,22,20,Medical
ATT202410010083,STU010083,SCH048,2024-10-01,22,20,Medical
ATT202410010084,STU010084,SCH022,2024-10-01,20,18,Unauthorised
ATT202410010085,STU010085,SCH004,2024-10-01,19,18,Unauthorised
ATT202410010086,STU010086,SCH037,2024-10-01,18,17,Unauthorised
ATT202410010087,STU010087,SCH037,2024-10-01,18,16,Medical
ATT202410010088,STU010088,SCH016,2024-10-01,20,18,Illness
ATT202410010089,STU010089,SCH026,2024-10-01,19,17,Medical
ATT202410010090,STU010090,SCH046,2024-10-01,18,14,Other
ATT202410010091,STU010091,SCH031,2024-10-01,18,15,Other
ATT202410010092,STU010092,SCH025,2024-10-01,22,20,Medical
ATT202410010093,STU010093,SCH043,2024-10-01,22,20,Illness
ATT202410010094,STU010094,SCH007,2024-10-01,21,20,Unauthorised
ATT202410010095,STU010095,SCH028,2024-10-01,22,20,Family
ATT202410010096,STU010096,SCH029,2024-10-01,21,20,Family
ATT202410010097,STU010097,SCH046,2024-10-01,19,17,Other
ATT202410010098,STU010098,SCH050,2024-10-01,18,17,Unauthorised
ATT202410010099,STU010099,SCH020,2024-10-01,21,19,Unauthorised
ATT202410010100,STU010100,SCH019,2024-10-01,19,18,Medical
ATT202410010101,STU010101,SCH029,2024-10-01,19,16,Other
ATT202410010102,STU010102,SCH043,2024-10-01,22,20,Medical
ATT202410010103,STU010103,SCH022,2024-10-01,19,19,
ATT202410010104,STU010104,SCH031,2024-10-01,21,19,Other
ATT202410010105,STU010105,SCH013,2024-10-01,21,20,Other
ATT202410010106,STU010106,SCH023,2024-10-01,22,20,Other
ATT202410010107,STU010107,SCH019,2024-10-01,18,16,Family
ATT202410010108,STU010108,SCH043,2024-10-01,21,19,Family
ATT202410010109,STU010109,SCH005,2024-10-01,18,17,Illness
ATT202410010110,STU010110,SCH026,2024-10-01,20,18,Unauthorised
ATT202410010111,STU010111,SCH043,2024-10-01,19,18,Medical
ATT202410010112,STU010112,SCH017,2024-10-01,21,19,Illness
ATT202410010113,STU010113,SCH039,2024-10-01,21,19,Medical
ATT202410010114,STU010114,SCH030,2024-10-01,20,17,Family
ATT202410010115,STU010115,SCH007,2024-10-01,21,19,Other
ATT202410010116,STU010116,SCH046,2024-10-01,22,20,Family
ATT202410010117,STU010117,SCH032,2024-10-01,21,19,Illness
ATT202410010118,STU010118,SCH023,2024-10-01,20,18,Illness
ATT202410010119,STU010119,SCH010,2024-10-01,19,17,Illness
ATT202410010120,STU010120,SCH014,2024-10-01,20,18,Family
ATT202410010121,STU010121,SCH026,2024-10-01,22,22,
ATT202410010122,STU010122,SCH044,2024-10-01,20,16,Unauthorised
ATT202410010123,STU010123,SCH018,2024-10-01,18,18,
ATT202410010124,STU010124,SCH049,2024-10-01,19,19,
ATT202410010125,STU010125,SCH010,2024-10-01,20,19,Other
ATT202410010126,STU010126,SCH037,2024-10-01,19,17,Other
ATT202410010127,STU010127,SCH035,2024-10-01,21,20,Illness
ATT202410010128,STU010128,SCH010,2024-10-01,18,16,Family
ATT202410010129,STU010129,SCH003,2024-10-01,20,18,Unauthorised
ATT202410010130,STU010130,SCH035,2024-10-01,20,18,Illness
ATT202410010131,STU010131,SCH015,2024-10-01,19,17,Medical
ATT202410010132,STU010132,SCH043,2024-10-01,21,18,Family
ATT202410010133,STU010133,SCH036,2024-10-01,18,17,Family
ATT202410010134,STU010134,SCH010,2024-10-01,18,16,Unauthorised
ATT202410010135,STU010135,SCH039,2024-10-01,19,18,Illness
ATT202410010136,STU010136,SCH042,2024-10-01,19,16,Illness
ATT202410010137,STU010137,SCH009,2024-10-01,20,18,Family
ATT202410010138,STU010138,SCH041,2024-10-01,19,18,Other
ATT202410010139,STU010139,SCH008,2024-10-01,20,18,Illness
ATT202410010140,STU010140,SCH043,2024-10-01,18,17,Illness
ATT202410010142,STU010142,SCH046,2024-10-01,20,19,Other
ATT202410010143,STU010143,SCH021,2024-10-01,18,15,Medical
ATT202410010144,STU010144,SCH004,2024-10-01,19,17,Unauthorised
ATT202410010145,STU010145,SCH019,2024-10-01,19,17,Unauthorised
ATT202410010146,STU010146,SCH010,2024-10-01,18,17,Other
ATT202410010147,STU010147,SCH046,2024-10-01,21,19,Unauthorised
ATT202410010148,STU010148,SCH046,2024-10-01,20,18,Unauthorised
ATT202410010149,STU010149,SCH012,2024-10-01,21,19,Other
ATT202410010150,STU010150,SCH031,2024-10-01,20,19,Illness
ATT202410010151,STU010151,SCH015,2024-10-01,18,18,
ATT202410010152,STU010152,SCH007,2024-10-01,21,20,Other
ATT202410010153,STU010153,SCH021,2024-10-01,22,20,Other
ATT202410010154,STU010154,SCH025,2024-10-01,20,20,
ATT202410010155,STU010155,SCH034,2024-10-01,18,16,Unauthorised
ATT202410010156,STU010156,SCH012,2024-10-01,20,16,Other
ATT202410010157,STU010157,SCH037,2024-10-01,19,17,Family
ATT202410010158,STU010158,SCH020,2024-10-01,21,20,Medical
ATT202410010159,STU010159,SCH035,2024-10-01,19,17,Other
ATT202410010160,STU010160,SCH025,2024-10-01,21,20,Medical
ATT202410010161,STU010161,SCH035,2024-10-01,20,19,Illness
ATT202410010162,STU010162,SCH019,2024-10-01,22,20,Unauthorised
ATT202410010163,STU010163,SCH001,2024-10-01,20,17,Unauthorised
ATT202410010164,STU010164,SCH031,2024-10-01,21,20,Medical
ATT202410010165,STU010165,SCH039,2024-10-01,19,18,Family
ATT202410010166,STU010166,SCH046,2024-10-01,22,20,Illness
ATT202410010167,STU010167,SCH003,2024-10-01,20,19,Medical
ATT202410010168,STU010168,SCH047,2024-10-01,21,20,Illness
ATT202410010169,STU010169,SCH005,2024-10-01,21,20,Other
ATT202410010170,STU010170,SCH047,2024-10-01,18,17,Family
ATT202410010171,STU010171,SCH049,2024-10-01,18,15,Other
ATT202410010172,STU010172,SCH014,2024-10-01,19,17,Illness
ATT202410010173,STU010173,SCH029,2024-10-01,21,19,Illness
ATT202410010174,STU010174,SCH019,2024-10-01,20,17,Unauthorised
ATT202410010175,STU010175,SCH010,2024-10-01,22,19,Unauthorised
ATT202410010176,STU010176,SCH006,2024-10-01,19,17,Other
ATT202410010177,STU010177,SCH009,2024-10-01,22,20,Other
ATT202410010178,STU010178,SCH047,2024-10-01,21,19,Family
ATT202410010179,STU010179,SCH031,2024-10-01,18,16,Medical
ATT202410010180,STU010180,SCH028,2024-10-01,19,17,Other
ATT202410010181,STU010181,SCH041,2024-10-01,22,21,Illness
ATT202410010182,STU010182,SCH025,2024-10-01,22,20,Illness
ATT202410010183,STU010183,SCH014,2024-10-01,18,18,
ATT202410010184,STU010184,SCH014,2024-10-01,20,20,
ATT202410010185,STU010185,SCH043,2024-10-01,21,18,Medical
ATT202410010186,STU010186,SCH031,2024-10-01,21,20,Medical
ATT202410010187,STU010187,SCH046,2024-10-01,19,15,Unauthorised
ATT202410010188,STU010188,SCH021,2024-10-01,20,18,Other
ATT202410010189,STU010189,SCH018,2024-10-01,19,17,Unauthorised
ATT202410010190,STU010190,SCH034,2024-10-01,22,20,Family
ATT202410010191,STU010191,SCH025,2024-10-01,20,19,Unauthorised
ATT202410010192,STU010192,SCH003,2024-10-01,18,16,Other
ATT202410010193,STU010193,SCH007,2024-10-01,18,16,Family
ATT202410010194,STU010194,SCH031,2024-10-01,19,17,Illness
ATT202410010195,STU010195,SCH035,2024-10-01,21,20,Other
ATT202410010196,STU010196,SCH032,2024-10-01,22,20,Other
ATT202410010197,STU010197,SCH020,2024-10-01,22,20,Illness
ATT202410010198,STU010198,SCH037,2024-10-01,22,21,Family
ATT202410010199,STU010199,SCH018,2024-10-01,21,20,Medical
ATT202410010200,STU010200,SCH047,2024-10-01,18,18,
ATT202410010201,STU010201,SCH004,2024-10-01,20,18,Illness
ATT202410010202,STU010202,SCH011,2024-10-01,21,19,Family
ATT202410010203,STU010203,SCH039,2024-10-01,21,19,Illness
ATT202410010204,STU010204,SCH038,2024-10-01,19,18,Illness
ATT202410010205,STU010205,SCH043,2024-10-01,20,17,Other
ATT202410010206,STU010206,SCH016,2024-10-01,21,20,Family
ATT202410010207,STU010207,SCH031,2024-10-01,21,18,Unauthorised
ATT202410010208,STU010208,SCH027,2024-10-01,22,20,Medical
ATT202410010209,STU010209,SCH043,2024-10-01,19,16,Medical
ATT202410010210,STU010210,SCH045,2024-10-01,18,17,Other
ATT202410010211,STU010211,SCH005,2024-10-01,22,20,Unauthorised
ATT202410010212,STU010212,SCH005,2024-10-01,18,18,
ATT202410010213,STU010213,SCH036,2024-10-01,20,18,Family
ATT202410010214,STU010214,SCH015,2024-10-01,22,21,Unauthorised
ATT202410010215,STU010215,SCH011,2024-10-01,22,21,Illness
ATT202410010216,STU010216,SCH031,2024-10-01,22,21,Other
ATT202410010217,STU010217,SCH048,2024-10-01,19,18,Illness
ATT202410010218,STU010218,SCH028,2024-10-01,20,18,Unauthorised
ATT202410010219,STU010219,SCH019,2024-10-01,18,17,Medical
ATT202410010220,STU010220,SCH004,2024-10-01,21,19,Medical
ATT202410010221,STU010221,SCH014,2024-10-01,18,17,Unauthorised
ATT202410010222,STU010222,SCH046,2024-10-01,19,18,Other
ATT202410010223,STU010223,SCH021,2024-10-01,19,18,Unauthorised
ATT202410010224,STU010224,SCH010,2024-10-01,18,16,Unauthorised
ATT202410010225,STU010225,SCH013,2024-10-01,22,22,
