student_id,school_id,year_level,gender,enrolment_date,status
STU000001,SCH015,6,Male,2018-01-07,Active
STU000002,SCH021,9,Female,2018-10-03,Active
STU000003,SCH002,11,Male,2022-12-02,Active
STU000004,SCH040,4,Female,2020-10-30,Active
STU000005,SCH043,8,Female,2018-06-16,Active
STU000006,SCH047,2,Male,2021-11-15,Active
STU000007,SCH031,5,Male,2021-03-16,Active
STU000008,SCH042,12,Male,2022-08-14,Active
STU000009,SCH001,11,Male,2022-10-05,Active
STU000010,SCH043,9,Female,2019-04-13,Active
STU000011,SCH038,6,Male,2021-04-12,Active
STU000012,SCH020,0,Female,2022-02-23,Active
STU000013,SCH045,8,Female,2022-05-16,Active
STU000014,SCH029,8,Male,2018-01-16,Active
STU000015,SCH006,1,Female,2019-05-29,Active
STU000016,SCH005,1,Male,2021-10-24,Active
STU000017,SCH034,11,Male,2021-09-19,Active
STU000018,SCH025,5,Female,2021-10-22,Active
STU000019,SCH005,0,Female,2023-07-20,Active
STU000020,SCH027,8,Female,2023-10-14,Active
STU000021,SCH002,12,Male,2018-06-05,Active
STU000022,SCH041,4,Female,2018-01-12,Active
STU000023,SCH027,9,Female,2018-05-20,Active
STU000024,SCH032,8,Male,2023-04-22,Active
STU000025,SCH020,0,Female,2019-03-04,Active
STU000026,SCH036,4,Female,2021-01-01,Active
STU000027,SCH023,9,Male,2021-10-17,Active
STU000028,SCH005,1,Female,2022-12-13,Active
STU000029,SCH024,12,Male,2018-01-21,Active
STU000030,SCH028,5,Male,2021-11-25,Active
STU000031,SCH021,4,Female,2018-05-21,Active
STU000032,SCH014,2,Female,2022-10-29,Active
STU000033,SCH040,3,Male,2018-04-18,Active
STU000034,SCH009,8,Non-specified,2021-07-26,Active
STU000035,SCH011,0,Female,2019-03-04,Active
STU000036,SCH029,9,Male,2022-06-25,Active
STU000037,SCH036,4,Male,2022-05-03,Active
STU000038,SCH008,4,Female,2019-02-12,Active
STU000039,SCH014,0,Female,2019-01-10,Active
STU000040,SCH008,0,Female,2022-08-14,Active
STU000041,SCH013,4,Female,2021-11-06,Active
STU000042,SCH049,12,Male,2020-04-18,Active
STU000043,SCH038,4,Female,2023-04-02,Active
STU000044,SCH041,6,Female,2018-11-26,Active
STU000045,SCH009,9,Female,2023-12-03,Active
STU000046,SCH045,8,Male,2019-04-08,Active
STU000047,SCH029,7,Female,2021-02-26,Active
STU000048,SCH022,12,Male,2021-03-28,Active
STU000049,SCH037,3,Male,2021-11-24,Active
STU000050,SCH027,9,Male,2019-01-29,Active
STU000051,SCH017,11,Female,2018-12-06,Active
STU000052,SCH005,2,Male,2023-07-24,Active
STU000053,SCH043,7,Female,2018-03-30,Active
STU000054,SCH045,8,Female,2018-02-25,Active
STU000055,SCH030,5,Female,2020-09-16,Active
STU000056,SCH048,5,Female,2019-08-15,Active
STU000057,SCH021,0,Male,2020-10-01,Active
STU000058,SCH002,11,Male,2021-07-27,Active
STU000059,SCH034,11,Female,2023-09-04,Active
STU000060,SCH012,7,Female,2018-03-08,Active
STU000061,SCH009,9,Male,2018-01-19,Active
STU000062,SCH018,1,Female,2018-08-16,Active
STU000063,SCH022,12,Male,2018-06-05,Active
STU000064,SCH029,7,Female,2022-04-03,Active
STU000065,SCH027,8,Male,2018-05-18,Active
STU000066,SCH010,9,Male,2023-05-09,Active
STU000067,SCH034,12,Male,2018-04-27,Active
STU000068,SCH010,2,Female,2023-12-02,Active
STU000069,SCH021,9,Male,2018-03-08,Active
STU000070,SCH047,3,Male,2020-02-29,Active
STU000071,SCH005,3,Female,2020-11-18,Active
STU000072,SCH001,11,Male,2019-12-09,Active
STU000073,SCH034,12,Female,2020-12-21,Active
STU000074,SCH004,5,Male,2022-04-03,Active
STU000075,SCH025,0,Female,2021-10-24,Active
STU000076,SCH045,8,Male,2018-04-13,Active
STU000077,SCH045,9,Male,2019-05-16,Active
STU000078,SCH001,11,Female,2019-08-30,Active
STU000079,SCH004,4,Male,2022-07-14,Active
STU000080,SCH019,2,Female,2023-03-29,Active
STU000081,SCH021,9,Female,2018-10-04,Active
STU000082,SCH016,0,Male,2022-09-28,Active
STU000083,SCH038,5,Female,2020-12-11,Active
STU000084,SCH003,1,Male,2018-02-23,Active
STU000085,SCH013,3,Male,2020-03-04,Active
STU000086,SCH019,6,Female,2019-11-11,Active
STU000087,SCH041,2,Female,2022-10-09,Active
STU000088,SCH049,11,Male,2023-07-16,Active
STU000089,SCH015,6,Male,2019-04-23,Active
STU000090,SCH008,1,Male,2021-01-31,Active
STU000091,SCH042,11,Female,2018-05-25,Active
STU000092,SCH008,3,Male,2022-02-16,Active
STU000093,SCH048,1,Male,2022-01-06,Active
STU000094,SCH006,0,Female,2019-06-20,Active
STU000095,SCH012,9,Female,2021-04-28,Active
STU000096,SCH017,11,Female,2018-04-25,Active
STU000097,SCH022,11,Female,2022-09-13,Active
STU000098,SCH046,2,Female,2021-07-07,Active
STU000099,SCH002,12,Female,2019-09-29,Active
STU000100,SCH022,12,Female,2023-02-08,Active
STU000101,SCH002,12,Male,2021-03-28,Active
STU000102,SCH037,3,Male,2020-08-17,Active
STU000103,SCH006,5,Male,2020-12-01,Active
STU000104,SCH019,2,Female,2018-08-05,Active
STU000105,SCH044,9,Female,2019-03-16,Active
STU000106,SCH046,1,Female,2023-03-01,Active
STU000107,SCH016,2,Male,2022-04-07,Active
STU000108,SCH045,8,Male,2019-07-21,Active
STU000109,SCH008,4,Male,2018-03-17,Active
STU000110,SCH019,3,Female,2019-08-25,Active
STU000111,SCH017,12,Female,2018-06-27,Active
STU000112,SCH036,1,Male,2020-10-11,Active
STU000113,SCH010,12,Female,2022-09-24,Active
STU000114,SCH046,2,Female,2019-03-17,Active
STU000115,SCH029,9,Female,2023-01-19,Active
STU000116,SCH027,7,Male,2020-05-21,Active
STU000117,SCH047,4,Female,2023-11-11,Active
STU000118,SCH012,8,Female,2018-12-27,Active
STU000119,SCH040,5,Male,2020-03-06,Active
STU000120,SCH049,12,Male,2021-11-06,Active
STU000121,SCH002,11,Female,2022-10-12,Active
STU000122,SCH039,5,Male,2022-11-11,Active
STU000123,SCH036,6,Male,2020-07-17,Active
STU000124,SCH029,10,Male,2020-03-28,Active
STU000125,SCH033,0,Male,2020-03-24,Active
STU000126,SCH026,1,Male,2018-11-09,Active
STU000127,SCH012,7,Male,2022-08-22,Active
STU000128,SCH018,0,Female,2023-06-01,Active
STU000129,SCH036,6,Non-specified,2018-10-25,Active
STU000130,SCH032,7,Female,2020-07-11,Active
STU000131,SCH030,0,Female,2022-08-07,Active
STU000132,SCH013,2,Non-specified,2018-09-08,Active
STU000133,SCH022,12,Male,2019-05-05,Active
STU000134,SCH008,6,Male,2023-12-03,Active
STU000135,SCH027,8,Female,2022-06-26,Active
STU000136,SCH020,2,Male,2020-04-19,Active
STU000137,SCH028,4,Female,2019-07-30,Active
STU000138,SCH025,3,Female,2020-05-28,Active
STU000139,SCH029,7,Female,2022-05-28,Active
STU000140,SCH022,12,Male,2023-04-16,Active
STU000141,SCH010,4,Female,2019-12-11,Active
STU000142,SCH009,7,Female,2022-09-14,Active
STU000143,SCH023,9,Male,2020-09-18,Active
STU000144,SCH019,4,Female,2023-06-14,Active
STU000145,SCH035,7,Female,2022-03-29,Active
STU000146,SCH003,6,Male,2023-01-05,Active
STU000147,SCH031,12,Male,2018-03-13,Active
STU000148,SCH009,10,Female,2019-07-12,Active
STU000149,SCH015,5,Male,2018-08-27,Active
STU000150,SCH023,10,Female,2022-01-06,Active
STU000151,SCH043,7,Female,2020-05-22,Active
STU000152,SCH011,3,Female,2019-07-18,Active
STU000153,SCH045,9,Female,2020-06-06,Active
STU000154,SCH014,0,Male,2019-03-27,Active
STU000155,SCH044,9,Male,2018-11-24,Active
STU000156,SCH018,5,Female,2023-10-10,Active
STU000157,SCH013,5,Male,2020-12-18,Active
STU000158,SCH033,0,Male,2023-07-22,Active
STU000159,SCH017,12,Male,2023-08-06,Active
STU000160,SCH009,8,Female,2021-08-08,Active
STU000161,SCH033,5,Male,2023-03-21,Active
STU000162,SCH027,9,Male,2022-02-26,Active
STU000163,SCH022,12,Male,2022-04-26,Active
STU000164,SCH018,3,Female,2021-06-04,Active
STU000165,SCH045,8,Female,2020-04-26,Active
STU000166,SCH047,2,Female,2020-09-08,Active
STU000167,SCH033,4,Male,2023-06-26,Active
STU000168,SCH002,12,Male,2021-02-12,Active
STU000169,SCH007,2,Female,2022-01-14,Active
STU000170,SCH041,0,Male,2022-04-04,Active
STU000171,SCH012,10,Female,2022-12-25,Active
STU000172,SCH023,8,Male,2021-01-27,Active
STU000173,SCH006,2,Male,2019-05-19,Active
STU000174,SCH043,10,Male,2018-11-04,Active
STU000175,SCH015,6,Male,2019-08-17,Active
STU000176,SCH003,6,Male,2023-06-28,Active
STU000177,SCH036,3,Male,2019-01-25,Active
STU000178,SCH022,11,Female,2022-06-26,Active
STU000179,SCH007,5,Female,2020-01-12,Active
STU000180,SCH048,2,Male,2020-03-11,Active
STU000181,SCH022,12,Male,2020-10-10,Active
STU000182,SCH034,11,Female,2022-07-23,Active
STU000183,SCH013,2,Male,2023-03-28,Active
STU000184,SCH032,9,Female,2019-06-11,Active
STU000185,SCH015,2,Male,2021-09-25,Active
STU000186,SCH007,0,Female,2020-10-29,Active
STU000187,SCH020,0,Female,2023-06-18,Active
STU000188,SCH004,1,Female,2023-08-21,Active
STU000189,SCH040,3,Female,2020-11-07,Active
STU000190,SCH008,4,Male,2019-07-19,Active
STU000191,SCH008,1,Male,2021-06-16,Active
STU000192,SCH018,0,Male,2023-08-09,Active
STU000193,SCH031,8,Female,2023-05-17,Active
STU000194,SCH022,12,Female,2018-11-19,Active
STU000195,SCH034,11,Female,2022-01-11,Active
STU000196,SCH005,0,Female,2018-02-20,Active
STU000197,SCH027,9,Female,2022-02-19,Active
STU000198,SCH009,9,Female,2018-12-04,Active
STU000199,SCH017,12,Female,2020-07-03,Active
STU000200,SCH049,12,Female,2019-06-20,Active
STU000201,SCH030,1,Male,2020-01-18,Active
STU000202,SCH003,1,Female,2022-10-14,Active
STU000203,SCH008,0,Male,2019-05-31,Active
STU000204,SCH011,5,Male,2023-02-03,Active
STU000205,SCH050,7,Female,2020-04-08,Active
STU000206,SCH050,8,Female,2020-10-06,Active
STU000207,SCH017,12,Female,2023-02-13,Active
STU000208,SCH016,0,Female,2020-10-17,Active
STU000209,SCH011,4,Male,2023-10-05,Active
STU000210,SCH001,11,Female,2023-01-08,Active
STU000211,SCH040,1,Male,2019-10-27,Active
STU000212,SCH014,2,Female,2019-08-29,Active
STU000213,SCH002,11,Female,2022-01-29,Active
STU000214,SCH026,0,Female,2018-04-21,Active
STU000215,SCH029,10,Female,2023-11-19,Active
STU000216,SCH012,9,Male,2023-09-14,Active
STU000217,SCH001,11,Male,2020-05-19,Active
STU000218,SCH037,3,Female,2022-10-15,Active
STU000219,SCH013,3,Male,2022-12-01,Active
STU000220,SCH008,2,Male,2018-10-20,Active
STU000221,SCH040,0,Male,2021-08-24,Active
STU000222,SCH041,5,Male,2020-07-28,Active
STU000223,SCH019,6,Female,2018-06-09,Active
STU000224,SCH008,4,Female,2021-05-07,Active
STU000225,SCH030,0,Male,2018-02-16,Active
STU000226,SCH013,1,Female,2021-07-12,Active
STU000227,SCH043,9,Male,2023-04-13,Active
STU000228,SCH003,3,Female,2021-01-28,Active
STU000229,SCH026,0,Male,2019-08-05,Active
STU000230,SCH039,3,Female,2021-10-05,Active
STU000231,SCH009,7,Male,2019-05-16,Active
STU000232,SCH025,2,Male,2018-02-04,Active
STU000233,SCH011,2,Female,2022-12-26,Active
STU000234,SCH021,6,Female,2020-03-15,Active
STU000235,SCH005,0,Female,2023-07-17,Active
STU000236,SCH022,11,Female,2023-10-25,Active
STU000237,SCH040,0,Female,2020-01-20,Active
STU000238,SCH018,2,Non-specified,2023-11-27,Active
STU000239,SCH034,12,Male,2018-04-26,Active
STU000240,SCH047,5,Male,2019-10-15,Active
STU000241,SCH015,1,Female,2021-09-11,Active
STU000242,SCH005,3,Female,2019-09-19,Active
STU000243,SCH006,1,Male,2023-07-16,Active
STU000244,SCH002,11,Female,2018-08-06,Active
STU000245,SCH038,0,Female,2019-11-26,Active
STU000246,SCH045,10,Female,2019-04-13,Active
STU000247,SCH050,8,Female,2019-01-22,Active
STU000248,SCH013,3,Male,2021-05-05,Active
STU000249,SCH001,12,Male,2018-11-29,Active
STU000250,SCH004,4,Male,2021-05-09,Active
STU000251,SCH032,10,Male,2018-05-24,Active
STU000252,SCH047,3,Female,2022-09-28,Active
STU000253,SCH014,5,Male,2018-04-25,Active
STU000254,SCH018,6,Male,2019-05-18,Active
STU000255,SCH026,4,Male,2018-12-05,Active
STU000256,SCH044,10,Female,2018-11-01,Active
STU000257,SCH046,6,Male,2021-02-28,Active
STU000258,SCH034,12,Male,2020-03-10,Active
STU000259,SCH003,6,Female,2023-02-02,Active
STU000260,SCH050,8,Male,2019-03-27,Active
STU000261,SCH009,10,Female,2018-03-20,Active
STU000262,SCH045,10,Male,2023-12-02,Active
STU000263,SCH026,3,Female,2021-12-13,Active
STU000264,SCH008,4,Male,2018-07-01,Active
STU000265,SCH050,10,Female,2020-03-13,Active
STU000266,SCH040,0,Female,2020-04-03,Active
STU000267,SCH001,12,Male,2020-04-11,Active
STU000268,SCH008,5,Non-specified,2021-04-26,Active
STU000269,SCH009,7,Female,2023-02-04,Active
STU000270,SCH018,6,Male,2023-02-15,Active
STU000271,SCH027,9,Female,2021-11-13,Active
STU000272,SCH041,4,Male,2019-05-25,Active
STU000273,SCH016,6,Male,2020-10-30,Active
STU000274,SCH012,10,Male,2022-09-22,Active
STU000275,SCH050,8,Male,2019-11-17,Active
STU000276,SCH039,0,Male,2019-10-08,Active
STU000277,SCH041,5,Male,2021-12-15,Active
STU000278,SCH039,4,Male,2019-10-04,Active
STU000279,SCH028,2,Female,2023-11-26,Active
STU000280,SCH028,1,Female,2020-01-29,Active
STU000281,SCH040,3,Male,2022-07-29,Active
STU000282,SCH022,11,Female,2022-06-29,Active
STU000283,SCH027,10,Female,2021-04-16,Active
STU000284,SCH020,1,Female,2019-10-19,Active
STU000285,SCH046,9,Female,2019-11-23,Active
STU000286,SCH041,0,Male,2020-08-19,Active
STU000287,SCH008,5,Male,2021-03-24,Active
STU000288,SCH031,2,Female,2019-04-28,Active
STU000289,SCH033,3,Male,2023-12-23,Active
STU000290,SCH040,0,Female,2019-05-18,Active
STU000291,SCH036,5,Female,2019-07-08,Active
STU000292,SCH044,10,Female,2021-09-19,Active
STU000293,SCH033,1,Female,2019-10-27,Active
STU000294,SCH012,7,Male,2021-03-30,Active
STU000295,SCH027,10,Female,2019-09-12,Active
STU000296,SCH017,11,Male,2023-12-11,Active
STU000297,SCH045,9,Male,2020-10-12,Active
STU000298,SCH042,12,Male,2019-12-29,Active
STU000299,SCH033,4,Female,2023-10-02,Active
STU000300,SCH017,11,Female,2023-05-13,Active
STU000301,SCH043,7,Non-specified,2021-07-22,Active
STU000302,SCH024,11,Male,2020-03-03,Active
STU000303,SCH010,10,Female,2023-02-17,Active
STU000304,SCH046,4,Non-specified,2021-01-31,Active
STU000305,SCH004,0,Female,2021-10-15,Active
STU000306,SCH046,11,Female,2021-06-26,Active
STU000307,SCH010,2,Male,2021-07-16,Active
STU000308,SCH005,5,Male,2021-10-21,Active
STU000309,SCH026,1,Female,2023-05-30,Active
STU000310,SCH025,5,Male,2020-05-19,Active
STU000311,SCH012,10,Male,2022-09-02,Active
STU000312,SCH022,12,Male,2019-11-13,Active
STU000313,SCH028,1,Male,2023-02-21,Active
STU000314,SCH012,7,Male,2022-03-12,Active
STU000315,SCH046,4,Male,2018-12-12,Active
STU000316,SCH037,5,Male,2019-09-16,Active
STU000317,SCH008,5,Female,2022-03-03,Active
STU000318,SCH026,1,Male,2023-03-28,Active
STU000319,SCH016,1,Male,2021-12-10,Active
STU000320,SCH007,1,Male,2019-10-16,Active
STU000321,SCH042,12,Male,2023-06-08,Active
STU000322,SCH011,3,Female,2019-09-08,Active
STU000323,SCH010,3,Female,2018-12-25,Active
STU000324,SCH042,11,Female,2023-11-20,Active
STU000325,SCH041,1,Female,2019-07-24,Active
STU000326,SCH023,8,Male,2021-08-22,Active
STU000327,SCH017,11,Male,2022-05-03,Active
STU000328,SCH024,11,Female,2019-01-25,Active
STU000329,SCH023,7,Female,2022-07-14,Active
STU000330,SCH031,2,Male,2018-09-15,Active
STU000331,SCH025,3,Male,2022-07-19,Active
STU000332,SCH030,3,Female,2019-09-10,Active
STU000333,SCH008,6,Male,2023-05-20,Active
STU000334,SCH005,3,Male,2019-02-03,Active
STU000335,SCH041,6,Female,2019-04-19,Active
STU000336,SCH035,8,Female,2019-03-25,Active
STU000337,SCH011,4,Female,2018-01-11,Active
STU000338,SCH043,8,Male,2018-12-15,Active
STU000339,SCH024,12,Female,2020-11-13,Active
STU000340,SCH025,3,Male,2018-12-03,Active
STU000341,SCH007,0,Male,2023-09-10,Active
STU000342,SCH025,3,Female,2020-09-09,Active
STU000343,SCH042,11,Female,2023-03-30,Active
STU000344,SCH035,9,Female,2022-04-05,Active
STU000345,SCH010,10,Male,2020-12-12,Active
STU000346,SCH021,10,Male,2021-04-04,Active
STU000347,SCH012,10,Male,2022-01-31,Active
STU000348,SCH031,3,Female,2021-05-09,Active
STU000349,SCH038,6,Male,2023-03-01,Active
STU000350,SCH033,4,Male,2018-05-22,Active
STU000351,SCH040,0,Female,2021-11-25,Active
STU000352,SCH027,10,Non-specified,2022-06-12,Active
STU000353,SCH008,1,Female,2023-10-18,Active
STU000354,SCH031,0,Male,2022-05-17,Active
STU000355,SCH004,6,Female,2022-10-10,Active
STU000356,SCH020,1,Female,2018-10-17,Active
STU000357,SCH009,7,Male,2021-03-18,Active
STU000358,SCH014,2,Female,2020-12-05,Active
STU000359,SCH031,0,Female,2020-01-21,Active
STU000360,SCH006,6,Male,2021-10-16,Active
STU000361,SCH029,9,Male,2022-12-31,Active
STU000362,SCH047,2,Female,2021-01-13,Active
STU000363,SCH013,6,Male,2019-01-05,Active
STU000364,SCH006,3,Male,2020-02-13,Active
STU000365,SCH010,1,Female,2018-02-10,Active
STU000366,SCH038,2,Female,2023-02-04,Active
STU000367,SCH047,3,Male,2020-05-06,Active
STU000368,SCH022,12,Male,2021-02-23,Active
STU000369,SCH047,6,Male,2021-12-29,Active
STU000370,SCH026,3,Male,2022-05-10,Active
STU000371,SCH036,0,Male,2023-08-29,Active
STU000372,SCH002,12,Male,2018-01-29,Active
STU000373,SCH025,4,Female,2019-03-21,Active
STU000374,SCH003,0,Female,2021-09-08,Active
STU000375,SCH019,4,Female,2023-04-26,Active
STU000376,SCH019,0,Female,2019-07-12,Active
STU000377,SCH008,4,Male,2018-05-14,Active
STU000378,SCH034,12,Male,2022-05-04,Active
STU000379,SCH047,3,Female,2018-08-02,Active
STU000380,SCH049,11,Male,2019-03-02,Active
STU000381,SCH036,2,Female,2019-05-09,Active
STU000382,SCH004,4,Female,2019-09-30,Active
STU000383,SCH047,6,Male,2022-07-02,Active
STU000384,SCH032,10,Male,2019-06-17,Active
STU000385,SCH023,7,Female,2021-10-28,Active
STU000386,SCH011,5,Female,2022-04-10,Active
STU000387,SCH027,8,Male,2018-04-23,Active
STU000388,SCH032,10,Female,2022-07-16,Active
STU000389,SCH026,2,Female,2018-11-04,Active
STU000390,SCH032,9,Male,2019-07-18,Active
STU000391,SCH024,12,Male,2023-12-22,Active
STU000392,SCH036,3,Male,2019-06-10,Active
STU000393,SCH005,0,Female,2022-12-04,Active
STU000394,SCH032,9,Male,2020-04-18,Active
STU000395,SCH023,7,Female,2018-08-12,Active
STU000396,SCH037,2,Male,2020-04-24,Active
STU000397,SCH047,3,Female,2022-12-26,Active
STU000398,SCH034,11,Male,2023-03-21,Active
STU000399,SCH036,4,Female,2018-03-30,Active
STU000400,SCH022,11,Female,2018-05-24,Active
STU000401,SCH012,7,Female,2020-09-29,Active
STU000402,SCH037,3,Female,2021-10-04,Active
STU000403,SCH028,0,Male,2021-08-17,Active
STU000404,SCH026,1,Male,2019-09-07,Active
STU000405,SCH020,0,Female,2019-01-06,Active
STU000406,SCH029,7,Female,2022-09-23,Active
STU000407,SCH034,12,Male,2019-05-23,Active
STU000408,SCH050,8,Female,2020-04-04,Active
STU000409,SCH005,6,Female,2022-08-18,Active
STU000410,SCH008,5,Male,2022-11-25,Active
STU000411,SCH008,5,Male,2020-05-13,Active
STU000412,SCH036,5,Female,2023-12-12,Active
STU000413,SCH016,2,Female,2021-09-01,Active
STU000414,SCH021,11,Female,2023-09-07,Active
STU000415,SCH009,7,Female,2020-10-08,Active
STU000416,SCH049,11,Female,2018-10-27,Active
STU000417,SCH022,12,Male,2018-07-15,Active
STU000418,SCH032,8,Male,2022-05-16,Active
STU000419,SCH039,4,Female,2023-12-18,Active
STU000420,SCH046,1,Male,2018-10-28,Active
STU000421,SCH023,8,Male,2022-07-27,Active
STU000422,SCH032,10,Male,2018-08-23,Active
STU000423,SCH015,5,Male,2021-09-10,Active
STU000424,SCH002,12,Male,2020-07-02,Active
STU000425,SCH034,11,Female,2020-12-28,Active
STU000426,SCH027,9,Male,2019-03-22,Active
STU000427,SCH036,5,Male,2020-07-11,Active
STU000428,SCH010,3,Male,2023-04-09,Active
STU000429,SCH019,0,Male,2021-03-15,Active
STU000430,SCH032,7,Female,2022-03-08,Active
STU000431,SCH014,4,Male,2020-05-09,Active
STU000432,SCH018,4,Female,2022-10-20,Active
STU000433,SCH035,8,Female,2023-11-13,Active
STU000434,SCH020,3,Female,2020-05-17,Active
STU000435,SCH042,11,Male,2018-07-07,Active
STU000436,SCH002,12,Male,2022-08-24,Active
STU000437,SCH020,0,Male,2018-06-07,Active
STU000438,SCH034,11,Male,2022-02-17,Active
STU000439,SCH004,6,Female,2018-12-01,Active
STU000440,SCH007,4,Female,2023-05-12,Active
STU000441,SCH008,0,Male,2022-01-19,Active
STU000442,SCH036,6,Male,2019-10-15,Active
STU000443,SCH019,4,Female,2018-11-05,Active
STU000444,SCH047,4,Male,2019-06-04,Active
STU000445,SCH030,5,Female,2021-07-14,Active
STU000446,SCH048,4,Female,2023-03-31,Active
STU000447,SCH022,12,Female,2018-06-17,Active
STU000448,SCH017,12,Female,2021-09-01,Active
STU000449,SCH035,10,Male,2022-01-15,Active
STU000450,SCH001,11,Male,2018-08-14,Active
STU000451,SCH046,0,Male,2019-09-08,Active
STU000452,SCH007,0,Male,2020-12-14,Active
STU000453,SCH041,3,Male,2022-02-08,Active
STU000454,SCH014,1,Male,2020-05-17,Active
STU000455,SCH017,11,Male,2021-03-24,Active
STU000456,SCH049,12,Male,2019-08-21,Active
STU000457,SCH039,6,Female,2020-04-07,Active
STU000458,SCH042,11,Female,2022-02-24,Active
STU000459,SCH004,0,Female,2022-02-22,Active
STU000460,SCH037,0,Female,2022-03-25,Active
STU000461,SCH014,5,Female,2020-01-20,Active
STU000462,SCH033,4,Male,2020-12-22,Active
STU000463,SCH024,12,Female,2020-10-30,Active
STU000464,SCH020,6,Female,2021-07-26,Active
STU000465,SCH009,7,Female,2023-06-09,Active
STU000466,SCH046,12,Male,2020-03-25,Active
STU000467,SCH043,9,Male,2022-12-21,Active
STU000468,SCH023,9,Female,2021-12-13,Active
STU000469,SCH011,6,Male,2021-06-07,Active
STU000470,SCH025,1,Male,2019-11-16,Active
STU000471,SCH040,6,Male,2019-01-13,Active
STU000472,SCH046,7,Male,2021-10-10,Active
STU000473,SCH009,9,Female,2018-03-29,Active
STU000474,SCH031,11,Male,2020-06-24,Active
STU000475,SCH038,3,Male,2021-10-26,Active
STU000476,SCH030,6,Female,2023-12-05,Active
STU000477,SCH029,7,Female,2023-09-08,Active
STU000478,SCH009,7,Male,2019-06-24,Active
STU000479,SCH028,2,Female,2020-05-17,Active
STU000480,SCH046,7,Male,2023-11-18,Active
STU000481,SCH009,7,Female,2023-09-23,Active
STU000482,SCH039,3,Male,2020-12-02,Active
STU000483,SCH040,2,Female,2018-01-02,Active
STU000484,SCH003,3,Male,2018-06-05,Active
STU000485,SCH004,1,Male,2019-09-23,Active
STU000486,SCH038,1,Female,2020-05-04,Active
STU000487,SCH049,12,Male,2021-02-21,Active
STU000488,SCH012,8,Non-specified,2019-07-28,Active
STU000489,SCH010,11,Male,2022-03-09,Active
STU000490,SCH019,0,Female,2023-05-09,Active
STU000491,SCH009,7,Female,2020-08-01,Active
STU000492,SCH005,0,Male,2020-05-25,Active
STU000493,SCH045,8,Male,2022-11-02,Active
STU000494,SCH046,7,Female,2018-05-31,Active
STU000495,SCH009,7,Female,2018-01-10,Active
STU000496,SCH004,5,Female,2020-06-21,Active
STU000497,SCH048,5,Male,2022-01-14,Active
STU000498,SCH014,3,Female,2022-05-29,Active
STU000499,SCH040,0,Male,2018-05-19,Active
STU000500,SCH020,1,Male,2021-08-23,Active
STU000501,SCH019,4,Male,2023-10-08,Active
STU000502,SCH016,1,Female,2022-04-28,Active
STU000503,SCH015,1,Male,2020-03-15,Active
STU000504,SCH041,1,Female,2023-02-02,Active
STU000505,SCH015,6,Male,2018-03-08,Active
STU000506,SCH024,12,Male,2018-10-29,Active
STU000507,SCH040,4,Male,2023-12-29,Active
STU000508,SCH024,11,Female,2023-08-14,Active
STU000509,SCH049,11,Male,2023-02-26,Active
STU000510,SCH001,12,Female,2019-05-16,Active
STU000511,SCH008,2,Female,2023-09-03,Active
STU000512,SCH007,3,Male,2020-07-31,Active
STU000513,SCH004,0,Male,2019-02-15,Active
STU000514,SCH012,8,Male,2019-07-12,Active
STU000515,SCH012,9,Female,2020-11-01,Active
STU000516,SCH047,4,Female,2021-04-08,Active
STU000517,SCH027,9,Male,2020-07-31,Active
STU000518,SCH036,2,Female,2019-03-12,Active
STU000519,SCH026,3,Male,2019-11-02,Active
STU000520,SCH018,4,Non-specified,2019-07-10,Active
STU000521,SCH045,8,Female,2021-10-11,Active
STU000522,SCH029,7,Female,2020-09-14,Active
STU000523,SCH007,5,Female,2022-11-09,Active
STU000524,SCH005,2,Male,2019-07-28,Active
STU000525,SCH026,3,Male,2021-01-13,Active
STU000526,SCH046,9,Male,2019-01-25,Active
STU000527,SCH006,2,Male,2018-12-03,Active
STU000528,SCH018,5,Male,2022-06-10,Active
STU000529,SCH010,10,Male,2018-10-23,Active
STU000530,SCH011,4,Female,2022-08-28,Active
STU000531,SCH037,4,Female,2019-01-16,Active
STU000532,SCH029,9,Female,2023-01-06,Active
STU000533,SCH017,11,Female,2020-05-16,Active
STU000534,SCH045,8,Male,2019-01-05,Active
STU000535,SCH024,12,Male,2018-07-25,Active
STU000536,SCH017,12,Male,2020-03-21,Active
STU000537,SCH004,6,Male,2019-08-27,Active
STU000538,SCH001,12,Male,2018-09-12,Active
STU000539,SCH025,6,Female,2020-08-16,Active
STU000540,SCH045,8,Male,2019-01-05,Active
STU000541,SCH038,5,Female,2020-04-02,Active
STU000542,SCH006,2,Female,2023-07-25,Active
STU000543,SCH029,8,Female,2019-10-24,Active
STU000544,SCH011,2,Male,2023-10-17,Active
STU000545,SCH025,0,Male,2023-11-03,Active
STU000546,SCH044,10,Female,2023-06-20,Active
STU000547,SCH034,11,Male,2021-02-16,Active
STU000548,SCH004,0,Male,2021-02-25,Active
STU000549,SCH011,0,Female,2023-04-03,Active
STU000550,SCH008,2,Male,2019-08-28,Active
STU000551,SCH049,12,Male,2018-08-09,Active
STU000552,SCH009,7,Male,2019-12-14,Active
STU000553,SCH048,0,Male,2022-06-09,Active
STU000554,SCH016,4,Male,2023-11-22,Active
STU000555,SCH010,5,Female,2019-04-10,Active
STU000556,SCH034,12,Female,2022-09-11,Active
STU000557,SCH025,0,Male,2020-08-08,Active
STU000558,SCH006,0,Female,2023-01-28,Active
STU000559,SCH034,11,Male,2019-03-28,Active
STU000560,SCH016,3,Male,2021-06-02,Active
STU000561,SCH036,1,Male,2023-03-16,Active
STU000562,SCH042,12,Male,2021-09-05,Active
STU000563,SCH004,0,Female,2018-03-20,Active
STU000564,SCH019,2,Male,2023-05-18,Active
STU000565,SCH049,11,Male,2021-08-30,Active
STU000566,SCH029,8,Female,2019-10-31,Active
STU000567,SCH030,6,Male,2018-06-11,Active
STU000568,SCH036,4,Male,2022-12-14,Active
STU000569,SCH012,7,Female,2023-03-02,Active
STU000570,SCH009,7,Female,2023-07-04,Active
STU000571,SCH036,6,Female,2020-04-11,Active
STU000572,SCH027,7,Female,2022-07-21,Active
STU000573,SCH033,3,Male,2022-07-11,Active
STU000574,SCH025,1,Male,2023-07-18,Active
STU000575,SCH014,3,Female,2019-09-29,Active
STU000576,SCH001,12,Male,2019-03-27,Active
STU000577,SCH040,2,Female,2018-01-24,Active
STU000578,SCH025,4,Female,2019-06-17,Active
STU000579,SCH047,0,Female,2018-08-04,Active
STU000580,SCH034,12,Female,2019-02-23,Active
STU000581,SCH008,1,Male,2019-03-30,Active
STU000582,SCH008,4,Male,2019-08-09,Active
STU000583,SCH004,6,Male,2018-06-06,Active
STU000584,SCH025,0,Male,2019-10-05,Active
STU000585,SCH039,4,Female,2023-09-02,Active
STU000586,SCH009,7,Male,2022-04-04,Active
STU000587,SCH028,6,Female,2023-07-26,Active
STU000588,SCH009,10,Female,2022-12-24,Active
STU000589,SCH040,4,Male,2024-01-01,Active
STU000590,SCH044,9,Female,2021-03-26,Active
STU000591,SCH020,4,Female,2019-06-17,Active
STU000592,SCH047,1,Female,2023-03-24,Active
STU000593,SCH020,5,Female,2023-10-25,Active
STU000594,SCH015,5,Male,2020-09-06,Active
STU000595,SCH040,6,Male,2022-05-15,Active
STU000596,SCH031,3,Male,2022-08-24,Active
STU000597,SCH043,8,Female,2018-08-03,Active
STU000598,SCH028,5,Male,2023-12-15,Active
STU000599,SCH035,8,Female,2021-07-11,Active
STU000600,SCH042,11,Female,2022-07-16,Active
STU000601,SCH039,4,Non-specified,2023-03-23,Active
STU000602,SCH004,0,Female,2018-07-28,Active
STU000603,SCH022,11,Female,2022-12-20,Active
STU000604,SCH033,0,Female,2023-02-23,Active
STU000605,SCH008,6,Female,2021-01-29,Active
STU000606,SCH040,1,Male,2021-05-20,Active
STU000607,SCH007,1,Female,2022-04-09,Active
STU000608,SCH024,11,Male,2021-03-02,Active
STU000609,SCH042,11,Male,2022-03-16,Active
STU000610,SCH018,2,Male,2021-03-21,Active
STU000611,SCH011,3,Male,2020-02-27,Active
STU000612,SCH022,12,Male,2022-08-21,Active
STU000613,SCH021,7,Female,2021-12-18,Active
STU000614,SCH037,4,Female,2022-06-30,Active
STU000615,SCH004,1,Male,2020-06-06,Active
STU000616,SCH016,1,Male,2018-11-11,Active
STU000617,SCH040,2,Female,2018-11-23,Active
STU000618,SCH005,0,Female,2020-08-02,Active
STU000619,SCH043,7,Male,2021-08-22,Active
STU000620,SCH046,9,Male,2018-05-19,Active
STU000621,SCH026,4,Female,2021-07-12,Active
STU000622,SCH026,3,Male,2023-02-26,Active
STU000623,SCH008,2,Female,2019-08-05,Active
STU000624,SCH005,3,Male,2022-04-19,Active
STU000625,SCH001,11,Male,2023-07-10,Active
STU000626,SCH001,12,Male,2022-02-16,Active
STU000627,SCH012,10,Female,2022-05-12,Active
STU000628,SCH004,3,Female,2023-11-09,Active
STU000629,SCH007,2,Male,2020-10-24,Active
STU000630,SCH004,3,Female,2018-02-17,Active
STU000631,SCH028,2,Male,2022-05-11,Active
STU000632,SCH044,9,Female,2022-01-25,Active
STU000633,SCH030,2,Male,2019-04-25,Active
STU000634,SCH032,7,Female,2022-06-29,Active
STU000635,SCH049,12,Female,2022-10-03,Active
STU000636,SCH005,1,Male,2020-05-22,Active
STU000637,SCH042,12,Male,2019-07-06,Active
STU000638,SCH010,12,Female,2022-07-02,Active
STU000639,SCH047,3,Male,2023-01-20,Active
STU000640,SCH006,6,Female,2020-09-12,Active
STU000641,SCH025,5,Female,2018-05-01,Active
STU000642,SCH049,11,Male,2019-06-27,Active
STU000643,SCH026,2,Male,2018-11-14,Active
STU000644,SCH004,5,Female,2022-06-06,Active
STU000645,SCH020,4,Male,2023-09-14,Active
STU000646,SCH019,6,Female,2019-07-03,Active
STU000647,SCH018,2,Male,2020-07-26,Active
STU000648,SCH039,6,Female,2018-07-04,Active
STU000649,SCH024,12,Female,2023-05-01,Active
STU000650,SCH016,1,Female,2022-12-28,Active
STU000651,SCH018,4,Female,2023-07-29,Active
STU000652,SCH028,0,Female,2023-02-05,Active
STU000653,SCH026,5,Female,2018-10-24,Active
STU000654,SCH015,1,Female,2020-02-22,Active
STU000655,SCH027,8,Female,2020-09-21,Active
STU000656,SCH023,10,Female,2022-04-04,Active
STU000657,SCH008,5,Female,2022-03-02,Active
STU000658,SCH018,0,Male,2020-06-17,Active
STU000659,SCH045,10,Female,2018-05-08,Active
STU000660,SCH026,2,Male,2023-06-07,Active
STU000661,SCH040,6,Male,2023-08-27,Active
STU000662,SCH006,3,Female,2019-10-03,Active
STU000663,SCH010,9,Female,2020-07-27,Active
STU000664,SCH018,6,Female,2021-03-28,Active
STU000665,SCH013,4,Female,2022-11-01,Active
STU000666,SCH023,7,Female,2022-03-01,Active
STU000667,SCH039,0,Male,2023-10-09,Active
STU000668,SCH034,12,Female,2019-04-04,Active
STU000669,SCH030,0,Male,2020-09-12,Active
STU000670,SCH035,7,Male,2018-11-28,Active
STU000671,SCH014,0,Male,2019-09-02,Active
STU000672,SCH001,11,Female,2023-03-12,Active
STU000673,SCH032,10,Female,2021-07-03,Active
STU000674,SCH022,11,Female,2020-09-25,Active
STU000675,SCH022,11,Female,2021-10-16,Active
STU000676,SCH004,3,Female,2021-10-07,Active
STU000677,SCH026,4,Female,2020-10-09,Active
STU000678,SCH022,12,Non-specified,2020-05-31,Active
STU000679,SCH034,11,Male,2023-08-06,Active
STU000680,SCH028,2,Male,2021-05-15,Active
STU000681,SCH043,9,Female,2018-06-23,Active
STU000682,SCH011,6,Female,2019-04-05,Active
STU000683,SCH016,3,Female,2023-12-07,Active
STU000684,SCH017,12,Female,2018-01-05,Active
STU000685,SCH020,6,Female,2023-07-28,Active
STU000686,SCH012,8,Male,2023-04-29,Active
STU000687,SCH050,10,Male,2021-04-14,Active
STU000688,SCH018,4,Female,2020-05-22,Active
STU000689,SCH010,12,Male,2019-01-15,Active
STU000690,SCH001,12,Male,2022-06-18,Active
STU000691,SCH031,6,Female,2021-11-22,Active
STU000692,SCH012,9,Male,2023-10-21,Active
STU000693,SCH043,8,Female,2018-12-12,Active
STU000694,SCH012,9,Male,2020-01-08,Active
STU000695,SCH031,10,Female,2019-01-13,Active
STU000696,SCH046,0,Female,2018-09-23,Active
STU000697,SCH049,12,Female,2018-12-14,Active
STU000698,SCH031,4,Male,2022-08-30,Active
STU000699,SCH014,2,Male,2023-09-13,Active
STU000700,SCH008,5,Male,2020-12-13,Active
STU000701,SCH031,11,Female,2021-09-06,Active
STU000702,SCH034,12,Male,2021-03-26,Active
STU000703,SCH034,11,Female,2019-03-03,Active
STU000704,SCH048,4,Female,2022-02-02,Active
STU000705,SCH043,10,Female,2022-01-01,Active
STU000706,SCH042,12,Male,2020-01-22,Active
STU000707,SCH036,3,Male,2019-07-11,Active
STU000708,SCH034,11,Female,2023-09-06,Active
STU000709,SCH045,10,Female,2023-10-21,Active
STU000710,SCH012,8,Female,2021-04-11,Active
STU000711,SCH012,10,Male,2022-08-29,Active
STU000712,SCH035,9,Male,2018-08-06,Active
STU000713,SCH046,7,Female,2022-12-24,Active
STU000714,SCH030,2,Female,2019-09-21,Active
STU000715,SCH011,5,Female,2018-02-23,Active
STU000716,SCH015,4,Male,2023-12-13,Active
STU000717,SCH001,11,Male,2019-07-20,Active
STU000718,SCH022,11,Male,2022-11-26,Active
STU000719,SCH007,0,Female,2018-09-11,Active
STU000720,SCH039,2,Female,2021-11-17,Active
STU000721,SCH037,1,Male,2021-04-04,Active
STU000722,SCH038,6,Male,2019-07-18,Active
STU000723,SCH040,4,Male,2021-08-01,Active
STU000724,SCH027,10,Male,2021-07-14,Active
STU000725,SCH036,5,Male,2023-04-16,Active
STU000726,SCH033,6,Male,2020-05-01,Active
STU000727,SCH029,8,Female,2021-07-21,Active
STU000728,SCH034,12,Female,2018-08-20,Active
STU000729,SCH034,12,Male,2018-10-27,Active
STU000730,SCH042,11,Male,2023-02-22,Active
STU000731,SCH006,2,Female,2021-04-05,Active
STU000732,SCH018,5,Male,2023-11-07,Active
STU000733,SCH004,0,Male,2018-04-12,Active
STU000734,SCH050,10,Male,2020-07-12,Active
STU000735,SCH010,7,Female,2018-08-07,Active
STU000736,SCH007,1,Female,2019-10-22,Active
STU000737,SCH020,5,Female,2018-02-12,Active
STU000738,SCH034,11,Male,2020-08-13,Active
STU000739,SCH017,12,Male,2018-03-25,Active
STU000740,SCH016,6,Female,2021-01-28,Active
STU000741,SCH035,7,Male,2019-11-02,Active
STU000742,SCH020,6,Female,2020-08-23,Active
STU000743,SCH048,2,Male,2019-08-10,Active
STU000744,SCH007,1,Female,2019-01-19,Active
STU000745,SCH043,7,Female,2019-09-13,Active
STU000746,SCH013,0,Male,2023-02-04,Active
STU000747,SCH008,1,Female,2023-09-15,Active
STU000748,SCH009,10,Male,2020-07-06,Active
STU000749,SCH044,9,Female,2023-07-18,Active
STU000750,SCH001,11,Female,2022-12-14,Active
STU000751,SCH023,7,Female,2019-01-23,Active
STU000752,SCH028,1,Female,2018-07-12,Active
STU000753,SCH047,3,Male,2022-06-07,Active
STU000754,SCH011,2,Male,2020-09-19,Active
STU000755,SCH009,8,Male,2018-02-15,Active
STU000756,SCH018,4,Female,2019-01-15,Active
STU000757,SCH020,6,Female,2018-05-29,Active
STU000758,SCH038,5,Female,2022-04-13,Active
STU000759,SCH047,6,Male,2023-03-29,Active
STU000760,SCH045,10,Female,2018-08-07,Active
STU000761,SCH039,5,Female,2018-11-12,Active
STU000762,SCH035,10,Male,2021-02-02,Active
STU000763,SCH022,11,Male,2021-06-07,Active
STU000764,SCH050,10,Female,2020-04-14,Active
STU000765,SCH003,3,Male,2022-01-20,Active
STU000766,SCH001,11,Female,2021-12-30,Active
STU000767,SCH017,11,Male,2023-08-18,Active
STU000768,SCH036,5,Male,2022-03-19,Active
STU000769,SCH024,11,Male,2022-05-30,Active
STU000770,SCH008,5,Female,2021-04-03,Active
STU000771,SCH045,8,Male,2019-01-29,Active
STU000772,SCH037,1,Male,2022-12-21,Active
STU000773,SCH019,0,Male,2020-10-12,Active
STU000774,SCH004,3,Female,2018-05-31,Active
STU000775,SCH009,7,Male,2023-02-26,Active
STU000776,SCH044,10,Male,2022-11-15,Active
STU000777,SCH020,2,Female,2022-09-03,Active
STU000778,SCH041,1,Male,2022-03-09,Active
STU000779,SCH006,5,Male,2023-01-27,Active
STU000780,SCH041,0,Female,2021-10-27,Active
STU000781,SCH003,4,Male,2020-07-19,Active
STU000782,SCH021,12,Female,2021-12-20,Active
STU000783,SCH006,1,Female,2020-01-04,Active
STU000784,SCH023,10,Male,2019-02-27,Active
STU000785,SCH012,7,Female,2020-06-28,Active
STU000786,SCH020,6,Female,2020-04-24,Active
STU000787,SCH037,6,Female,2022-06-19,Active
STU000788,SCH037,2,Female,2023-01-04,Active
STU000789,SCH026,1,Female,2020-01-28,Active
STU000790,SCH041,1,Female,2018-11-20,Active
STU000791,SCH032,7,Female,2023-04-14,Active
STU000792,SCH006,0,Female,2022-03-08,Active
STU000793,SCH048,2,Male,2021-05-21,Active
STU000794,SCH025,5,Female,2023-06-24,Active
STU000795,SCH027,10,Male,2021-01-30,Active
STU000796,SCH046,6,Non-specified,2020-11-07,Active
STU000797,SCH038,5,Male,2020-06-29,Active
STU000798,SCH029,7,Female,2021-01-06,Active
STU000799,SCH005,5,Male,2020-07-12,Active
STU000800,SCH015,3,Male,2019-02-22,Active
STU000801,SCH008,1,Female,2021-05-20,Active
STU000802,SCH004,2,Female,2019-12-30,Active
STU000803,SCH028,5,Female,2021-09-28,Active
STU000804,SCH019,6,Male,2023-08-26,Active
STU000805,SCH027,10,Female,2019-06-09,Active
STU000806,SCH012,7,Female,2021-11-18,Active
STU000807,SCH004,0,Female,2018-01-27,Active
STU000808,SCH043,10,Male,2021-12-13,Active
STU000809,SCH005,5,Female,2020-09-02,Active
STU000810,SCH015,2,Male,2022-04-22,Active
STU000811,SCH025,1,Male,2019-02-07,Active
STU000812,SCH026,4,Female,2018-08-02,Active
STU000813,SCH036,4,Male,2021-08-14,Active
STU000814,SCH028,2,Non-specified,2022-07-05,Active
STU000815,SCH048,4,Male,2022-10-31,Active
STU000816,SCH046,8,Female,2023-07-17,Active
STU000817,SCH034,11,Male,2023-01-30,Active
STU000818,SCH030,5,Male,2018-10-21,Active
STU000819,SCH048,4,Female,2019-09-16,Active
STU000820,SCH008,6,Male,2018-02-02,Active
STU000821,SCH018,2,Male,2020-01-29,Active
STU000822,SCH045,9,Female,2019-11-29,Active
STU000823,SCH006,3,Female,2023-10-17,Active
STU000824,SCH041,1,Non-specified,2020-10-07,Active
STU000825,SCH009,8,Male,2018-01-24,Active
STU000826,SCH030,5,Male,2023-06-27,Active
STU000827,SCH003,6,Female,2020-10-07,Active
STU000828,SCH010,2,Male,2018-06-10,Active
STU000829,SCH006,1,Male,2019-03-09,Active
STU000830,SCH008,3,Male,2021-07-26,Active
STU000831,SCH004,0,Female,2019-10-05,Active
STU000832,SCH023,10,Female,2018-06-05,Active
STU000833,SCH038,5,Female,2018-07-24,Active
STU000834,SCH004,2,Male,2018-01-13,Active
STU000835,SCH020,4,Male,2020-11-15,Active
STU000836,SCH048,5,Male,2019-04-03,Active
STU000837,SCH018,3,Male,2021-10-05,Active
STU000838,SCH005,6,Female,2022-02-25,Active
STU000839,SCH050,8,Male,2018-06-30,Active
STU000840,SCH001,11,Female,2023-04-01,Active
STU000841,SCH045,8,Male,2018-01-26,Active
STU000842,SCH005,0,Male,2022-12-28,Active
STU000843,SCH046,12,Male,2018-04-27,Active
STU000844,SCH028,1,Female,2018-02-22,Active
STU000845,SCH048,5,Male,2018-12-03,Active
STU000846,SCH019,5,Female,2019-01-13,Active
STU000847,SCH040,4,Female,2019-02-18,Active
STU000848,SCH018,6,Male,2018-06-02,Active
STU000849,SCH048,0,Male,2023-11-02,Active
STU000850,SCH033,4,Male,2021-08-07,Active
STU000851,SCH019,0,Female,2023-09-07,Active
STU000852,SCH029,10,Female,2023-10-10,Active
STU000853,SCH043,9,Female,2023-02-12,Active
STU000854,SCH010,6,Male,2020-11-20,Active
STU000855,SCH032,10,Female,2018-12-31,Active
STU000856,SCH003,4,Male,2023-02-02,Active
STU000857,SCH010,1,Female,2022-07-06,Active
STU000858,SCH013,0,Female,2019-02-05,Active
STU000859,SCH037,4,Male,2020-11-10,Active
STU000860,SCH005,4,Female,2020-09-11,Active
STU000861,SCH037,2,Male,2019-07-18,Active
STU000862,SCH004,0,Female,2018-12-25,Active
STU000863,SCH011,3,Female,2019-08-25,Active
STU000864,SCH033,0,Male,2021-10-29,Active
STU000865,SCH026,4,Male,2019-03-29,Active
STU000866,SCH014,4,Female,2023-12-11,Active
STU000867,SCH014,5,Male,2022-04-29,Active
STU000868,SCH022,11,Female,2022-08-31,Active
STU000869,SCH037,4,Male,2020-06-21,Active
STU000870,SCH016,0,Male,2021-12-13,Active
STU000871,SCH043,7,Male,2019-10-30,Active
STU000872,SCH002,11,Female,2020-03-09,Active
STU000873,SCH015,5,Female,2020-12-12,Active
STU000874,SCH027,7,Male,2020-07-15,Active
STU000875,SCH038,5,Male,2018-08-01,Active
STU000876,SCH036,0,Male,2018-09-02,Active
STU000877,SCH033,6,Male,2020-02-27,Active
STU000878,SCH035,9,Male,2021-04-30,Active
STU000879,SCH038,3,Female,2022-11-19,Active
STU000880,SCH022,12,Male,2018-10-20,Active
STU000881,SCH026,6,Female,2023-03-08,Active
STU000882,SCH013,2,Female,2019-03-22,Active
STU000883,SCH043,8,Male,2018-07-09,Active
STU000884,SCH020,0,Male,2021-03-01,Active
STU000885,SCH007,3,Male,2022-03-31,Active
STU000886,SCH008,0,Female,2020-02-10,Active
STU000887,SCH005,1,Male,2022-02-06,Active
STU000888,SCH022,12,Male,2018-05-19,Active
STU000889,SCH048,3,Male,2019-08-14,Active
STU000890,SCH045,8,Female,2019-03-28,Active
STU000891,SCH015,4,Female,2019-09-10,Active
STU000892,SCH037,1,Male,2020-12-21,Active
STU000893,SCH028,5,Male,2019-07-08,Active
STU000894,SCH011,1,Female,2022-06-15,Active
STU000895,SCH030,3,Female,2018-04-08,Active
STU000896,SCH028,3,Female,2018-01-16,Active
STU000897,SCH020,6,Female,2021-05-28,Active
STU000898,SCH015,6,Male,2023-09-12,Active
STU000899,SCH012,8,Male,2022-05-11,Active
STU000900,SCH018,2,Female,2021-04-03,Active
STU000901,SCH002,12,Female,2020-01-18,Active
STU000902,SCH017,12,Female,2021-08-10,Active
STU000903,SCH008,5,Male,2018-04-09,Active
STU000904,SCH012,9,Female,2019-05-17,Active
STU000905,SCH023,10,Male,2020-03-01,Active
STU000906,SCH032,8,Female,2020-02-09,Active
STU000907,SCH046,8,Female,2020-06-15,Active
STU000908,SCH041,4,Male,2019-03-24,Active
STU000909,SCH043,10,Male,2019-01-22,Active
STU000910,SCH016,2,Female,2019-09-08,Active
STU000911,SCH040,5,Female,2023-08-14,Active
STU000912,SCH026,5,Non-specified,2018-06-21,Active
STU000913,SCH032,10,Male,2022-06-18,Active
STU000914,SCH045,10,Male,2018-05-01,Active
STU000915,SCH001,12,Female,2019-08-12,Active
STU000916,SCH037,5,Male,2022-05-22,Active
STU000917,SCH019,3,Female,2019-09-04,Active
STU000918,SCH028,0,Female,2018-02-20,Active
STU000919,SCH007,0,Male,2018-05-08,Active
STU000920,SCH045,10,Female,2021-04-01,Active
STU000921,SCH028,4,Male,2020-03-20,Active
STU000922,SCH033,3,Female,2021-05-21,Active
STU000923,SCH038,3,Female,2019-07-05,Active
STU000924,SCH032,10,Female,2020-12-02,Active
STU000925,SCH026,3,Non-specified,2022-03-03,Active
STU000926,SCH046,0,Male,2018-05-25,Active
STU000927,SCH036,6,Male,2020-08-01,Active
STU000928,SCH042,12,Female,2019-04-17,Active
STU000929,SCH028,2,Female,2023-10-21,Active
STU000930,SCH037,3,Male,2020-10-23,Active
STU000931,SCH012,7,Male,2020-04-21,Active
STU000932,SCH035,8,Female,2019-02-09,Active
STU000933,SCH014,6,Female,2020-07-05,Active
STU000934,SCH028,6,Male,2022-09-07,Active
STU000935,SCH030,5,Female,2020-05-06,Active
STU000936,SCH047,4,Female,2018-03-20,Active
STU000937,SCH035,10,Female,2023-10-20,Active
STU000938,SCH001,11,Male,2021-07-28,Active
STU000939,SCH005,1,Female,2023-03-19,Active
STU000940,SCH016,3,Female,2019-06-20,Active
STU000941,SCH036,2,Male,2019-09-14,Active
STU000942,SCH020,5,Female,2022-09-30,Active
STU000943,SCH021,9,Female,2023-02-02,Active
STU000944,SCH050,10,Female,2018-02-09,Active
STU000945,SCH002,11,Male,2023-04-08,Active
STU000946,SCH031,1,Female,2019-11-15,Active
STU000947,SCH026,6,Female,2021-03-14,Active
STU000948,SCH002,11,Female,2019-02-05,Active
STU000949,SCH046,8,Male,2023-10-13,Active
STU000950,SCH043,8,Female,2020-01-09,Active
STU000951,SCH001,12,Female,2019-07-31,Active
STU000952,SCH034,11,Male,2019-02-22,Active
STU000953,SCH013,3,Female,2021-10-05,Active
STU000954,SCH041,4,Female,2023-09-04,Active
STU000955,SCH044,8,Female,2019-12-08,Active
STU000956,SCH016,2,Female,2018-07-28,Active
STU000957,SCH030,4,Female,2020-12-29,Active
STU000958,SCH005,5,Female,2022-01-31,Active
STU000959,SCH029,7,Female,2021-01-26,Active
STU000960,SCH025,5,Male,2023-03-08,Active
STU000961,SCH038,1,Male,2019-08-12,Active
STU000962,SCH032,10,Male,2020-08-12,Active
STU000963,SCH003,1,Female,2022-04-11,Active
STU000964,SCH040,4,Male,2018-05-15,Active
STU000965,SCH024,12,Male,2023-12-22,Active
STU000966,SCH035,8,Female,2019-11-23,Active
STU000967,SCH013,6,Female,2020-03-10,Active
STU000968,SCH022,12,Female,2018-03-25,Active
STU000969,SCH006,1,Male,2021-08-19,Active
STU000970,SCH031,10,Female,2020-01-03,Active
STU000971,SCH017,12,Female,2018-10-11,Active
STU000972,SCH013,3,Male,2022-12-17,Active
STU000973,SCH027,9,Female,2018-10-13,Active
STU000974,SCH040,0,Female,2023-06-05,Active
STU000975,SCH039,6,Male,2023-01-06,Active
STU000976,SCH008,2,Female,2020-12-29,Active
STU000977,SCH005,2,Female,2023-05-07,Active
STU000978,SCH046,7,Male,2021-03-03,Active
STU000979,SCH040,5,Female,2022-10-31,Active
STU000980,SCH047,2,Male,2022-11-17,Active
STU000981,SCH007,3,Male,2020-03-11,Active
STU000982,SCH027,9,Male,2022-04-02,Active
STU000983,SCH047,4,Female,2023-10-11,Active
STU000984,SCH047,2,Male,2020-07-02,Active
STU000985,SCH008,6,Male,2020-05-23,Active
STU000986,SCH033,4,Female,2020-11-18,Active
STU000987,SCH024,11,Male,2022-05-09,Active
STU000988,SCH037,0,Male,2019-05-20,Active
STU000989,SCH008,3,Male,2023-06-03,Active
STU000990,SCH017,11,Male,2020-07-14,Active
STU000991,SCH015,5,Male,2022-12-29,Active
STU000992,SCH002,12,Female,2023-04-25,Active
STU000993,SCH048,5,Female,2018-02-24,Active
STU000994,SCH011,2,Female,2018-01-18,Active
STU000995,SCH034,12,Female,2020-12-22,Active
STU000996,SCH046,4,Non-specified,2022-01-07,Active
STU000997,SCH037,6,Male,2019-04-09,Active
STU000998,SCH040,3,Male,2020-02-20,Active
STU000999,SCH002,12,Male,2020-08-30,Active
STU001000,SCH033,2,Female,2021-11-29,Active
STU001001,SCH034,11,Female,2019-12-13,Active
STU001002,SCH026,1,Non-specified,2018-10-28,Active
STU001003,SCH025,1,Female,2020-10-11,Active
STU001004,SCH002,12,Female,2019-02-07,Active
STU001005,SCH019,6,Male,2020-09-14,Active
STU001006,SCH035,8,Female,2018-07-05,Active
STU001007,SCH031,3,Male,2018-06-17,Active
STU001008,SCH012,10,Female,2021-02-27,Active
STU001009,SCH019,1,Female,2020-11-27,Active
STU001010,SCH046,9,Female,2018-02-01,Active
STU001011,SCH006,4,Female,2022-03-25,Active
STU001012,SCH041,6,Male,2021-12-14,Active
STU001013,SCH025,1,Female,2023-05-27,Active
STU001014,SCH040,5,Female,2018-10-21,Active
STU001015,SCH016,2,Male,2019-12-06,Active
STU001016,SCH032,10,Female,2023-05-05,Active
STU001017,SCH048,2,Female,2020-12-09,Active
STU001018,SCH026,1,Female,2019-11-03,Active
STU001019,SCH020,2,Male,2021-01-11,Active
STU001020,SCH035,7,Male,2019-06-13,Active
STU001021,SCH002,11,Male,2018-05-17,Active
STU001022,SCH048,4,Male,2022-01-20,Active
STU001023,SCH040,3,Male,2023-02-13,Active
STU001024,SCH007,3,Non-specified,2022-04-02,Active
STU001025,SCH040,5,Male,2021-01-30,Active
STU001026,SCH023,10,Female,2023-10-11,Active
STU001027,SCH042,11,Male,2023-05-03,Active
STU001028,SCH048,5,Male,2022-04-05,Active
STU001029,SCH020,4,Female,2019-03-11,Active
STU001030,SCH037,1,Female,2018-02-07,Active
STU001031,SCH049,11,Male,2018-05-11,Active
STU001032,SCH045,9,Female,2018-09-14,Active
STU001033,SCH003,5,Male,2023-10-15,Active
STU001034,SCH022,12,Male,2019-03-27,Active
STU001035,SCH050,7,Female,2018-08-16,Active
STU001036,SCH026,5,Male,2020-04-04,Active
STU001037,SCH050,10,Male,2019-11-18,Active
STU001038,SCH009,7,Male,2018-02-08,Active
STU001039,SCH006,6,Female,2018-02-28,Active
STU001040,SCH044,8,Male,2023-12-12,Active
STU001041,SCH035,8,Male,2022-04-19,Active
STU001042,SCH025,3,Female,2022-08-01,Active
STU001043,SCH036,2,Male,2019-07-19,Active
STU001044,SCH024,12,Female,2023-04-23,Active
STU001045,SCH023,7,Male,2019-07-04,Active
STU001046,SCH010,0,Male,2018-09-25,Active
STU001047,SCH014,3,Female,2019-09-21,Active
STU001048,SCH027,10,Male,2020-01-20,Active
STU001049,SCH041,0,Female,2018-04-17,Active
STU001050,SCH049,11,Female,2023-08-29,Active
STU001051,SCH043,8,Female,2019-01-30,Active
STU001052,SCH009,7,Male,2023-03-14,Active
STU001053,SCH017,12,Male,2019-11-23,Active
STU001054,SCH021,3,Male,2018-02-09,Active
STU001055,SCH027,10,Male,2021-02-24,Active
STU001056,SCH023,8,Male,2022-11-02,Active
STU001057,SCH034,11,Male,2021-08-22,Active
STU001058,SCH020,6,Female,2019-10-07,Active
STU001059,SCH045,10,Female,2023-04-01,Active
STU001060,SCH034,12,Female,2022-03-24,Active
STU001061,SCH024,12,Male,2020-12-25,Active
STU001062,SCH046,2,Male,2023-10-17,Active
STU001063,SCH018,3,Female,2018-08-25,Active
STU001064,SCH012,10,Female,2022-06-22,Active
STU001065,SCH024,12,Female,2021-07-25,Active
STU001066,SCH007,4,Female,2020-08-13,Active
STU001067,SCH011,6,Female,2019-08-28,Active
STU001068,SCH041,3,Female,2022-12-23,Active
STU001069,SCH042,11,Male,2019-06-25,Active
STU001070,SCH027,10,Female,2023-04-25,Active
STU001071,SCH044,7,Male,2018-01-16,Active
STU001072,SCH014,6,Female,2018-02-11,Active
STU001073,SCH030,6,Male,2018-03-20,Active
STU001074,SCH014,3,Male,2023-08-12,Active
STU001075,SCH025,6,Male,2018-02-11,Active
STU001076,SCH045,10,Male,2022-04-09,Active
STU001077,SCH046,5,Male,2020-07-02,Active
STU001078,SCH002,11,Female,2019-08-09,Active
STU001079,SCH041,3,Male,2023-09-24,Active
STU001080,SCH013,0,Male,2021-11-11,Active
STU001081,SCH033,3,Female,2020-02-01,Active
STU001082,SCH046,10,Male,2021-12-04,Active
STU001083,SCH009,9,Male,2019-07-09,Active
STU001084,SCH031,11,Male,2018-11-29,Active
STU001085,SCH018,0,Male,2023-12-01,Active
STU001086,SCH008,4,Female,2019-05-29,Active
STU001087,SCH020,1,Male,2018-06-05,Active
STU001088,SCH023,8,Male,2019-01-07,Active
STU001089,SCH047,2,Male,2023-01-28,Active
STU001090,SCH003,2,Male,2020-09-18,Active
STU001091,SCH048,2,Male,2022-03-29,Active
STU001092,SCH025,6,Male,2019-11-26,Active
STU001093,SCH008,0,Male,2023-12-19,Active
STU001094,SCH031,9,Female,2021-09-18,Active
STU001095,SCH005,5,Male,2020-03-27,Active
STU001096,SCH010,12,Male,2020-11-12,Active
STU001097,SCH040,2,Female,2023-02-14,Active
STU001098,SCH040,4,Female,2020-06-23,Active
STU001099,SCH011,5,Male,2019-03-11,Active
STU001100,SCH030,4,Male,2018-10-01,Active
STU001101,SCH045,10,Male,2018-01-31,Active
STU001102,SCH011,2,Male,2021-01-11,Active
STU001103,SCH050,9,Male,2023-05-08,Active
STU001104,SCH046,8,Male,2021-06-07,Active
STU001105,SCH050,7,Male,2023-10-11,Active
STU001106,SCH046,12,Female,2022-02-18,Active
STU001107,SCH015,1,Female,2021-02-27,Active
STU001108,SCH025,6,Female,2023-06-23,Active
STU001109,SCH021,11,Female,2020-12-10,Active
STU001110,SCH046,8,Female,2022-01-20,Active
STU001111,SCH017,11,Male,2019-06-24,Active
STU001112,SCH047,6,Male,2018-10-05,Active
STU001113,SCH018,6,Female,2022-10-05,Active
STU001114,SCH048,6,Female,2018-03-22,Active
STU001115,SCH006,6,Male,2019-02-10,Active
STU001116,SCH044,8,Male,2019-05-21,Active
STU001117,SCH035,9,Male,2021-09-11,Active
STU001118,SCH027,7,Female,2020-10-13,Active
STU001119,SCH036,3,Female,2020-08-22,Active
STU001120,SCH048,4,Male,2020-05-23,Active
STU001121,SCH043,10,Male,2019-08-09,Active
STU001122,SCH004,4,Male,2021-05-21,Active
STU001123,SCH027,7,Male,2021-11-19,Active
STU001124,SCH015,2,Male,2021-11-01,Active
STU001125,SCH024,12,Female,2021-11-23,Active
STU001126,SCH049,11,Female,2018-09-20,Active
STU001127,SCH001,12,Male,2023-02-24,Active
STU001128,SCH027,10,Female,2023-06-28,Active
STU001129,SCH001,12,Male,2018-05-03,Active
STU001130,SCH024,11,Female,2020-09-04,Active
STU001131,SCH028,5,Male,2022-08-18,Active
STU001132,SCH016,2,Male,2019-01-31,Active
STU001133,SCH024,11,Female,2021-07-22,Active
STU001134,SCH004,0,Male,2020-09-06,Active
STU001135,SCH043,10,Female,2018-06-19,Active
STU001136,SCH014,3,Female,2021-09-11,Active
STU001137,SCH005,2,Female,2022-10-14,Active
STU001138,SCH025,3,Female,2020-09-14,Active
STU001139,SCH002,12,Male,2019-02-05,Active
STU001140,SCH031,11,Female,2019-01-02,Active
STU001141,SCH023,9,Female,2022-04-03,Active
STU001142,SCH027,9,Male,2023-08-21,Active
STU001143,SCH028,6,Male,2023-01-05,Active
STU001144,SCH014,5,Female,2023-08-01,Active
STU001145,SCH050,7,Female,2018-09-23,Active
STU001146,SCH021,10,Male,2020-09-16,Active
STU001147,SCH044,8,Male,2021-03-04,Active
STU001148,SCH048,4,Female,2021-03-11,Active
STU001149,SCH013,0,Male,2021-11-09,Active
STU001150,SCH045,8,Male,2023-08-31,Active
STU001151,SCH041,4,Female,2019-01-14,Active
STU001152,SCH019,5,Female,2018-12-24,Active
STU001153,SCH046,8,Female,2019-10-09,Active
STU001154,SCH045,9,Female,2018-03-01,Active
STU001155,SCH029,9,Female,2022-06-27,Active
STU001156,SCH032,9,Male,2023-02-25,Active
STU001157,SCH016,5,Male,2019-11-23,Active
STU001158,SCH014,2,Male,2020-01-27,Active
STU001159,SCH042,11,Male,2022-05-14,Active
STU001160,SCH038,4,Non-specified,2018-08-18,Active
STU001161,SCH038,5,Female,2021-09-03,Active
STU001162,SCH030,6,Male,2023-06-28,Active
STU001163,SCH014,2,Male,2021-09-15,Active
STU001164,SCH036,3,Male,2022-06-27,Active
STU001165,SCH032,9,Female,2023-05-07,Active
STU001166,SCH004,4,Male,2021-11-10,Active
STU001167,SCH022,12,Male,2022-06-13,Active
STU001168,SCH050,8,Female,2020-06-15,Active
STU001169,SCH026,2,Female,2018-12-06,Active
STU001170,SCH033,1,Male,2023-11-23,Active
STU001171,SCH048,2,Male,2022-11-14,Active
STU001172,SCH006,0,Male,2023-07-06,Active
STU001173,SCH030,2,Female,2023-07-23,Active
STU001174,SCH004,4,Female,2023-08-18,Active
STU001175,SCH037,3,Female,2019-02-17,Active
STU001176,SCH032,8,Male,2020-04-16,Active
STU001177,SCH042,11,Male,2020-02-02,Active
STU001178,SCH013,3,Female,2021-03-19,Active
STU001179,SCH024,11,Female,2021-11-16,Active
STU001180,SCH035,9,Female,2022-08-14,Active
STU001181,SCH023,10,Female,2022-01-21,Active
STU001182,SCH010,1,Female,2020-02-10,Active
STU001183,SCH001,12,Female,2023-02-09,Active
STU001184,SCH021,7,Male,2022-09-21,Active
STU001185,SCH010,2,Female,2022-12-21,Active
STU001186,SCH043,10,Male,2018-05-23,Active
STU001187,SCH043,10,Female,2023-01-19,Active
STU001188,SCH044,10,Male,2021-06-14,Active
STU001189,SCH017,11,Female,2018-01-02,Active
STU001190,SCH004,3,Male,2023-12-18,Active
STU001191,SCH050,10,Male,2022-04-15,Active
STU001192,SCH032,7,Male,2022-11-30,Active
STU001193,SCH006,5,Female,2018-06-12,Active
STU001194,SCH024,11,Female,2021-05-31,Active
STU001195,SCH049,11,Female,2020-07-12,Active
STU001196,SCH048,1,Female,2019-01-16,Active
STU001197,SCH013,0,Male,2018-11-02,Active
STU001198,SCH020,3,Male,2018-07-18,Active
STU001199,SCH020,3,Female,2023-07-31,Active
STU001200,SCH036,5,Female,2022-06-19,Active
STU001201,SCH040,2,Male,2020-03-11,Active
STU001202,SCH013,4,Female,2019-03-24,Active
STU001203,SCH004,5,Female,2022-05-13,Active
STU001204,SCH019,4,Female,2020-04-02,Active
STU001205,SCH007,6,Female,2023-05-21,Active
STU001206,SCH028,0,Male,2019-04-20,Active
STU001207,SCH024,11,Male,2019-07-06,Active
STU001208,SCH033,6,Female,2022-12-22,Active
STU001209,SCH042,11,Male,2020-07-16,Active
STU001210,SCH017,11,Female,2023-02-12,Active
STU001211,SCH032,9,Female,2019-05-12,Active
STU001212,SCH019,0,Female,2021-02-18,Active
STU001213,SCH015,2,Male,2019-09-19,Active
STU001214,SCH024,11,Male,2023-10-21,Active
STU001215,SCH001,12,Male,2023-04-22,Active
STU001216,SCH009,9,Male,2021-11-15,Active
STU001217,SCH026,5,Male,2023-05-14,Active
STU001218,SCH009,8,Female,2022-04-26,Active
STU001219,SCH035,9,Male,2020-03-27,Active
STU001220,SCH016,0,Female,2019-04-29,Active
STU001221,SCH007,2,Female,2020-04-01,Active
STU001222,SCH031,3,Male,2023-04-25,Active
STU001223,SCH036,1,Female,2023-03-22,Active
STU001224,SCH010,7,Male,2020-10-05,Active
STU001225,SCH037,5,Female,2023-04-07,Active
STU001226,SCH045,9,Male,2023-07-05,Active
STU001227,SCH004,5,Female,2022-01-23,Active
STU001228,SCH016,6,Female,2020-06-07,Active
STU001229,SCH046,9,Female,2023-09-11,Active
STU001230,SCH035,8,Male,2020-06-04,Active
STU001231,SCH013,6,Female,2020-02-12,Active
STU001232,SCH008,6,Female,2021-04-30,Active
STU001233,SCH028,5,Male,2022-04-10,Active
STU001234,SCH046,5,Female,2021-06-19,Active
STU001235,SCH001,12,Female,2019-02-22,Active
STU001236,SCH002,12,Male,2019-04-04,Active
STU001237,SCH040,1,Male,2018-03-16,Active
STU001238,SCH020,0,Male,2020-05-14,Active
STU001239,SCH019,0,Male,2023-06-06,Active
STU001240,SCH031,11,Female,2019-04-13,Active
STU001241,SCH048,6,Female,2022-01-17,Active
STU001242,SCH004,1,Female,2021-06-18,Active
STU001243,SCH007,1,Male,2021-04-26,Active
STU001244,SCH039,5,Female,2022-05-01,Active
STU001245,SCH008,5,Female,2021-05-23,Active
STU001246,SCH029,10,Female,2021-06-11,Active
STU001247,SCH046,2,Female,2020-11-29,Active
STU001248,SCH024,11,Female,2023-07-08,Active
STU001249,SCH047,5,Female,2019-06-15,Active
STU001250,SCH047,4,Male,2022-03-20,Active
STU001251,SCH002,11,Male,2022-09-20,Active
STU001252,SCH040,0,Male,2023-08-31,Active
STU001253,SCH005,1,Male,2023-05-06,Active
STU001254,SCH033,1,Male,2022-12-16,Active
STU001255,SCH037,2,Female,2018-02-01,Active
STU001256,SCH032,9,Female,2023-05-01,Active
STU001257,SCH036,0,Female,2018-04-12,Active
STU001258,SCH013,1,Female,2019-09-20,Active
STU001259,SCH048,6,Female,2021-01-04,Active
STU001260,SCH040,1,Male,2021-07-10,Active
STU001261,SCH050,9,Male,2020-03-12,Active
STU001262,SCH019,2,Male,2019-09-27,Active
STU001263,SCH016,3,Male,2020-12-02,Active
STU001264,SCH037,4,Female,2020-12-11,Active
STU001265,SCH013,0,Male,2019-01-07,Active
STU001266,SCH005,2,Male,2023-08-03,Active
STU001267,SCH035,7,Male,2022-07-11,Active
STU001268,SCH044,9,Female,2019-04-23,Active
STU001269,SCH021,11,Male,2018-06-29,Active
STU001270,SCH024,12,Female,2018-11-28,Active
STU001271,SCH025,4,Female,2019-06-14,Active
STU001272,SCH043,8,Male,2023-07-07,Active
STU001273,SCH019,3,Male,2021-02-07,Active
STU001274,SCH030,6,Male,2021-07-19,Active
STU001275,SCH010,8,Male,2021-03-07,Active
STU001276,SCH011,5,Male,2021-04-24,Active
STU001277,SCH017,12,Male,2018-04-13,Active
STU001278,SCH002,11,Female,2019-05-06,Active
STU001279,SCH009,7,Female,2020-01-18,Active
STU001280,SCH018,2,Male,2021-08-17,Active
STU001281,SCH008,3,Male,2020-10-30,Active
STU001282,SCH006,4,Female,2022-12-21,Active
STU001283,SCH028,1,Female,2020-06-26,Active
STU001284,SCH030,5,Male,2019-11-28,Active
STU001285,SCH014,4,Male,2020-02-08,Active
STU001286,SCH023,9,Female,2019-08-17,Active
STU001287,SCH014,2,Male,2022-12-30,Active
STU001288,SCH050,9,Female,2018-07-04,Active
STU001289,SCH023,8,Male,2021-06-24,Active
STU001290,SCH050,9,Female,2018-01-12,Active
STU001291,SCH013,2,Female,2023-01-08,Active
STU001292,SCH010,1,Female,2023-12-16,Active
STU001293,SCH005,0,Female,2022-01-08,Active
STU001294,SCH008,5,Male,2019-10-30,Active
STU001295,SCH012,9,Female,2023-02-02,Active
STU001296,SCH031,4,Female,2018-07-12,Active
STU001297,SCH038,5,Male,2018-06-16,Active
STU001298,SCH015,6,Female,2023-12-27,Active
STU001299,SCH023,10,Female,2022-08-19,Active
STU001300,SCH049,11,Male,2020-03-17,Active
STU001301,SCH025,6,Female,2022-12-10,Active
STU001302,SCH041,4,Male,2018-04-12,Active
STU001303,SCH019,5,Female,2021-06-14,Active
STU001304,SCH006,6,Female,2022-08-01,Active
STU001305,SCH046,8,Male,2020-01-07,Active
STU001306,SCH011,2,Female,2019-08-02,Active
STU001307,SCH036,1,Female,2018-03-16,Active
STU001308,SCH029,7,Female,2021-04-27,Active
STU001309,SCH049,12,Male,2022-12-20,Active
STU001310,SCH031,8,Male,2023-06-13,Active
STU001311,SCH032,10,Female,2021-12-01,Active
STU001312,SCH046,7,Female,2023-07-11,Active
STU001313,SCH027,10,Female,2021-05-31,Active
STU001314,SCH014,4,Female,2022-12-14,Active
STU001315,SCH032,8,Male,2020-08-09,Active
STU001316,SCH024,12,Female,2022-04-15,Active
STU001317,SCH048,4,Female,2021-06-22,Active
STU001318,SCH016,0,Male,2021-09-12,Active
STU001319,SCH039,5,Female,2020-10-28,Active
STU001320,SCH050,8,Female,2021-11-09,Active
STU001321,SCH049,11,Male,2022-05-04,Active
STU001322,SCH024,11,Male,2022-09-28,Active
STU001323,SCH012,9,Male,2019-10-11,Active
STU001324,SCH003,5,Female,2022-03-10,Active
STU001325,SCH008,0,Female,2021-04-04,Active
STU001326,SCH030,2,Female,2023-06-18,Active
STU001327,SCH022,11,Female,2020-08-24,Active
STU001328,SCH030,0,Female,2022-05-24,Active
STU001329,SCH006,3,Male,2023-12-16,Active
STU001330,SCH017,12,Male,2023-03-12,Active
STU001331,SCH013,3,Female,2022-09-29,Active
STU001332,SCH023,7,Male,2019-01-21,Active
STU001333,SCH044,7,Female,2022-04-28,Active
STU001334,SCH006,3,Male,2018-04-02,Active
STU001335,SCH013,4,Female,2021-02-14,Active
STU001336,SCH048,3,Female,2021-09-16,Active
STU001337,SCH044,9,Male,2019-09-26,Active
STU001338,SCH046,7,Male,2020-06-01,Active
STU001339,SCH046,7,Male,2023-04-08,Active
STU001340,SCH030,5,Male,2021-05-10,Active
STU001341,SCH035,7,Male,2019-04-15,Active
STU001342,SCH030,6,Female,2022-01-07,Active
STU001343,SCH033,2,Male,2018-02-19,Active
STU001344,SCH039,4,Female,2020-07-26,Active
STU001345,SCH027,9,Male,2023-06-30,Active
STU001346,SCH012,7,Female,2019-01-24,Active
STU001347,SCH007,3,Male,2020-07-19,Active
STU001348,SCH012,9,Female,2020-06-22,Active
STU001349,SCH036,1,Male,2022-08-26,Active
STU001350,SCH048,0,Female,2018-05-20,Active
STU001351,SCH045,7,Female,2023-11-13,Active
STU001352,SCH004,6,Female,2019-07-31,Active
STU001353,SCH027,10,Male,2019-03-05,Active
STU001354,SCH021,9,Male,2022-09-30,Active
STU001355,SCH013,0,Female,2021-10-07,Active
STU001356,SCH041,3,Female,2021-04-02,Active
STU001357,SCH048,4,Male,2020-04-04,Active
STU001358,SCH037,4,Male,2019-06-26,Active
STU001359,SCH026,3,Female,2021-11-03,Active
STU001360,SCH014,2,Female,2020-02-06,Active
STU001361,SCH022,11,Female,2022-09-16,Active
STU001362,SCH048,2,Female,2021-02-21,Active
STU001363,SCH048,5,Male,2019-01-12,Active
STU001364,SCH037,1,Female,2018-03-03,Active
STU001365,SCH027,8,Female,2018-04-05,Active
STU001366,SCH033,3,Non-specified,2022-11-30,Active
STU001367,SCH025,6,Male,2023-05-27,Active
STU001368,SCH002,12,Female,2021-08-27,Active
STU001369,SCH005,3,Female,2020-04-22,Active
STU001370,SCH013,5,Male,2023-11-30,Active
STU001371,SCH050,7,Female,2020-11-13,Active
STU001372,SCH022,11,Male,2020-01-27,Active
STU001373,SCH023,7,Female,2021-02-17,Active
STU001374,SCH026,1,Male,2023-12-05,Active
STU001375,SCH037,4,Male,2021-09-15,Active
STU001376,SCH022,11,Female,2018-02-06,Active
STU001377,SCH007,6,Male,2021-07-17,Active
STU001378,SCH046,7,Female,2022-08-31,Active
STU001379,SCH012,7,Female,2019-04-18,Active
STU001380,SCH007,4,Female,2019-12-10,Active
STU001381,SCH028,6,Male,2022-03-30,Active
STU001382,SCH018,5,Female,2020-12-05,Active
STU001383,SCH015,6,Male,2019-08-06,Active
STU001384,SCH027,7,Male,2023-05-20,Active
STU001385,SCH023,10,Male,2019-10-05,Active
STU001386,SCH024,11,Female,2021-08-04,Active
STU001387,SCH004,1,Male,2023-09-28,Active
STU001388,SCH013,6,Male,2019-10-22,Active
STU001389,SCH024,12,Female,2018-08-13,Active
STU001390,SCH030,2,Female,2022-08-31,Active
STU001391,SCH041,6,Female,2022-11-12,Active
STU001392,SCH049,11,Female,2021-05-12,Active
STU001393,SCH020,3,Male,2018-09-26,Active
STU001394,SCH012,8,Female,2022-09-02,Active
STU001395,SCH002,12,Female,2021-03-03,Active
STU001396,SCH029,8,Male,2018-05-15,Active
STU001397,SCH037,0,Female,2020-02-04,Active
STU001398,SCH018,4,Female,2023-02-12,Active
STU001399,SCH027,7,Male,2022-04-16,Active
STU001400,SCH023,8,Female,2020-07-01,Active
STU001401,SCH047,1,Female,2018-01-23,Active
STU001402,SCH005,6,Female,2021-03-20,Active
STU001403,SCH048,2,Male,2020-10-18,Active
STU001404,SCH048,2,Male,2021-09-12,Active
STU001405,SCH015,5,Male,2023-01-20,Active
STU001406,SCH039,3,Male,2020-07-06,Active
STU001407,SCH036,4,Female,2021-08-30,Active
STU001408,SCH009,9,Male,2023-12-25,Active
STU001409,SCH019,4,Female,2020-01-07,Active
STU001410,SCH040,6,Male,2020-09-26,Active
STU001411,SCH009,8,Male,2021-03-21,Active
STU001412,SCH027,9,Female,2019-01-21,Active
STU001413,SCH013,6,Male,2020-01-29,Active
STU001414,SCH042,12,Male,2023-02-27,Active
STU001415,SCH005,2,Female,2021-05-30,Active
STU001416,SCH016,1,Female,2022-01-08,Active
STU001417,SCH026,3,Female,2022-07-06,Active
STU001418,SCH026,5,Female,2019-01-15,Active
STU001419,SCH025,6,Female,2022-05-28,Active
STU001420,SCH038,3,Female,2018-10-18,Active
STU001421,SCH001,11,Male,2019-08-26,Active
STU001422,SCH006,3,Male,2023-07-28,Active
STU001423,SCH007,5,Male,2021-09-21,Active
STU001424,SCH005,0,Male,2018-06-23,Active
STU001425,SCH047,6,Female,2023-08-18,Active
STU001426,SCH029,9,Male,2020-07-26,Active
STU001427,SCH007,0,Male,2022-12-27,Active
STU001428,SCH050,8,Female,2022-08-03,Active
STU001429,SCH009,10,Male,2019-05-11,Active
STU001430,SCH001,11,Male,2020-01-21,Active
STU001431,SCH020,5,Female,2020-11-14,Active
STU001432,SCH024,11,Male,2019-08-25,Active
STU001433,SCH011,6,Male,2020-11-27,Active
STU001434,SCH042,11,Female,2022-06-07,Active
STU001435,SCH037,1,Female,2019-01-19,Active
STU001436,SCH001,12,Female,2018-04-23,Active
STU001437,SCH002,12,Male,2021-07-21,Active
STU001438,SCH016,1,Female,2020-08-28,Active
STU001439,SCH048,2,Male,2022-08-26,Active
STU001440,SCH001,12,Male,2019-12-02,Active
STU001441,SCH039,3,Male,2023-01-10,Active
STU001442,SCH029,9,Female,2018-05-27,Active
STU001443,SCH016,1,Female,2020-12-01,Active
STU001444,SCH030,1,Female,2021-09-17,Active
STU001445,SCH047,5,Male,2019-06-29,Active
STU001446,SCH029,7,Female,2019-04-24,Active
STU001447,SCH036,0,Female,2023-09-21,Active
STU001448,SCH050,8,Male,2018-09-10,Active
STU001449,SCH001,11,Male,2021-04-08,Active
STU001450,SCH047,1,Male,2023-12-29,Active
STU001451,SCH048,4,Female,2018-01-27,Active
STU001452,SCH023,9,Male,2020-03-30,Active
STU001453,SCH034,12,Male,2023-06-12,Active
STU001454,SCH038,3,Male,2021-07-27,Active
STU001455,SCH048,4,Female,2022-02-06,Active
STU001456,SCH016,5,Female,2020-08-27,Active
STU001457,SCH011,4,Male,2018-10-07,Active
STU001458,SCH030,3,Female,2021-05-15,Active
STU001459,SCH004,1,Female,2018-03-30,Active
STU001460,SCH008,3,Male,2021-06-22,Active
STU001461,SCH017,11,Female,2018-11-04,Active
STU001462,SCH008,3,Male,2019-07-09,Active
STU001463,SCH013,2,Female,2018-07-09,Active
STU001464,SCH015,6,Female,2021-08-28,Active
STU001465,SCH030,2,Female,2022-11-10,Active
STU001466,SCH016,4,Male,2020-12-21,Active
STU001467,SCH011,5,Female,2020-06-29,Active
STU001468,SCH018,2,Male,2023-09-29,Active
STU001469,SCH016,2,Female,2022-12-04,Active
STU001470,SCH015,4,Male,2018-12-16,Active
STU001471,SCH008,0,Female,2023-01-23,Active
STU001472,SCH004,6,Female,2021-12-18,Active
STU001473,SCH008,2,Male,2018-10-12,Active
STU001474,SCH005,6,Male,2020-10-13,Active
STU001475,SCH035,8,Non-specified,2022-10-23,Active
STU001476,SCH004,1,Male,2018-01-01,Active
STU001477,SCH011,3,Male,2022-02-16,Active
STU001478,SCH010,5,Female,2021-01-28,Active
STU001479,SCH022,11,Male,2018-02-02,Active
STU001480,SCH034,12,Male,2019-09-22,Active
STU001481,SCH013,4,Female,2019-02-14,Active
STU001482,SCH018,4,Male,2020-11-07,Active
STU001483,SCH018,0,Female,2020-06-06,Active
STU001484,SCH002,12,Female,2022-11-18,Active
STU001485,SCH020,0,Male,2023-06-10,Active
STU001486,SCH034,11,Male,2020-12-12,Active
STU001487,SCH035,9,Male,2020-05-22,Active
STU001488,SCH043,7,Female,2019-01-31,Active
STU001489,SCH023,9,Male,2021-05-18,Active
STU001490,SCH025,6,Female,2018-10-16,Active
STU001491,SCH015,2,Female,2021-03-25,Active
STU001492,SCH002,12,Female,2022-12-04,Active
STU001493,SCH023,7,Male,2018-04-21,Active
STU001494,SCH012,8,Female,2022-06-13,Active
STU001495,SCH001,12,Male,2021-09-03,Active
STU001496,SCH014,5,Female,2018-12-29,Active
STU001497,SCH016,1,Female,2022-02-26,Active
STU001498,SCH036,0,Male,2020-08-15,Active
STU001499,SCH019,3,Female,2018-09-02,Active
STU001500,SCH016,0,Male,2023-05-10,Active
STU001501,SCH005,4,Male,2019-01-13,Active
STU001502,SCH011,6,Female,2023-12-13,Active
STU001503,SCH021,9,Male,2021-05-04,Active
STU001504,SCH009,10,Male,2022-04-07,Active
STU001505,SCH007,2,Male,2020-04-27,Active
STU001506,SCH036,4,Male,2020-07-30,Active
STU001507,SCH019,6,Female,2021-03-09,Active
STU001508,SCH031,0,Male,2022-05-15,Active
STU001509,SCH008,6,Female,2018-03-27,Active
STU001510,SCH047,0,Female,2021-03-18,Active
STU001511,SCH007,1,Male,2023-07-24,Active
STU001512,SCH049,12,Female,2022-03-06,Active
STU001513,SCH008,3,Female,2023-03-05,Active
STU001514,SCH003,4,Male,2018-06-09,Active
STU001515,SCH005,6,Female,2023-06-01,Active
STU001516,SCH050,8,Male,2021-03-05,Active
STU001517,SCH017,11,Female,2023-06-26,Active
STU001518,SCH027,9,Female,2019-07-09,Active
STU001519,SCH028,0,Male,2018-05-10,Active
STU001520,SCH026,5,Female,2021-06-24,Active
STU001521,SCH040,1,Male,2023-05-01,Active
STU001522,SCH040,1,Female,2021-09-27,Active
STU001523,SCH015,6,Male,2023-08-06,Active
STU001524,SCH029,10,Female,2019-12-09,Active
STU001525,SCH007,6,Male,2019-07-15,Active
STU001526,SCH040,2,Female,2022-11-21,Active
STU001527,SCH029,7,Female,2023-12-14,Active
STU001528,SCH042,12,Female,2018-09-13,Active
STU001529,SCH030,1,Male,2018-03-24,Active
STU001530,SCH036,6,Male,2020-12-16,Active
STU001531,SCH038,5,Male,2022-01-24,Active
STU001532,SCH029,9,Female,2021-06-19,Active
STU001533,SCH020,0,Female,2021-11-27,Active
STU001534,SCH019,2,Female,2020-01-18,Active
STU001535,SCH041,5,Male,2022-05-05,Active
STU001536,SCH013,4,Female,2023-10-06,Active
STU001537,SCH001,12,Male,2019-12-21,Active
STU001538,SCH028,1,Male,2021-08-09,Active
STU001539,SCH039,3,Male,2020-08-04,Active
STU001540,SCH030,5,Male,2019-11-30,Active
STU001541,SCH045,10,Female,2018-10-21,Active
STU001542,SCH039,1,Female,2019-07-10,Active
STU001543,SCH011,3,Male,2023-07-02,Active
STU001544,SCH011,2,Male,2020-07-13,Active
STU001545,SCH025,0,Non-specified,2021-04-08,Active
STU001546,SCH042,12,Male,2018-08-17,Active
STU001547,SCH014,5,Female,2023-07-15,Active
STU001548,SCH003,2,Female,2019-09-13,Active
STU001549,SCH038,2,Male,2023-07-08,Active
STU001550,SCH012,9,Male,2018-12-22,Active
STU001551,SCH016,4,Male,2023-04-19,Active
STU001552,SCH020,1,Female,2023-01-06,Active
STU001553,SCH030,0,Male,2019-04-12,Active
STU001554,SCH048,3,Female,2021-05-29,Active
STU001555,SCH047,3,Male,2021-04-02,Active
STU001556,SCH023,10,Female,2020-10-13,Active
STU001557,SCH038,4,Male,2020-08-21,Active
STU001558,SCH037,0,Female,2020-10-17,Active
STU001559,SCH033,1,Female,2020-03-17,Active
STU001560,SCH041,5,Male,2022-04-10,Active
STU001561,SCH041,3,Female,2018-05-03,Active
STU001562,SCH011,4,Female,2022-03-27,Active
STU001563,SCH045,9,Male,2021-05-05,Active
STU001564,SCH002,11,Non-specified,2019-08-01,Active
STU001565,SCH017,12,Female,2018-06-15,Active
STU001566,SCH013,4,Female,2020-05-30,Active
STU001567,SCH007,2,Female,2018-09-13,Active
STU001568,SCH010,12,Female,2022-03-02,Active
STU001569,SCH016,1,Female,2018-10-19,Active
STU001570,SCH035,8,Male,2021-06-22,Active
STU001571,SCH034,11,Female,2021-11-18,Active
STU001572,SCH039,1,Female,2022-05-29,Active
STU001573,SCH011,3,Male,2018-07-29,Active
STU001574,SCH032,10,Male,2019-12-23,Active
STU001575,SCH003,0,Female,2022-07-22,Active
STU001576,SCH031,10,Male,2022-08-08,Active
STU001577,SCH046,8,Male,2018-04-20,Active
STU001578,SCH046,8,Female,2021-08-15,Active
STU001579,SCH011,4,Female,2021-11-14,Active
STU001580,SCH014,6,Male,2018-07-31,Active
STU001581,SCH023,9,Male,2022-08-10,Active
STU001582,SCH007,2,Female,2018-12-16,Active
STU001583,SCH034,12,Female,2019-08-13,Active
STU001584,SCH033,5,Female,2020-10-09,Active
STU001585,SCH013,5,Male,2019-03-26,Active
STU001586,SCH046,2,Male,2018-07-14,Active
STU001587,SCH012,7,Male,2022-08-31,Active
STU001588,SCH008,0,Male,2021-08-24,Active
STU001589,SCH048,0,Female,2019-02-10,Active
STU001590,SCH008,1,Female,2021-11-24,Active
STU001591,SCH043,8,Female,2019-11-01,Active
STU001592,SCH030,2,Male,2019-09-29,Active
STU001593,SCH022,11,Male,2022-11-06,Active
STU001594,SCH024,11,Male,2018-06-08,Active
STU001595,SCH047,2,Male,2021-07-19,Active
STU001596,SCH002,12,Female,2019-10-13,Active
STU001597,SCH046,6,Female,2021-09-08,Active
STU001598,SCH039,4,Female,2023-04-11,Active
STU001599,SCH013,3,Male,2020-04-14,Active
STU001600,SCH047,1,Male,2020-06-10,Active
STU001601,SCH009,9,Female,2019-08-20,Active
STU001602,SCH036,2,Female,2022-09-21,Active
STU001603,SCH045,10,Female,2018-04-28,Active
STU001604,SCH037,1,Female,2021-07-24,Active
STU001605,SCH037,2,Female,2020-04-27,Active
STU001606,SCH044,8,Male,2019-07-27,Active
STU001607,SCH014,2,Male,2023-04-14,Active
STU001608,SCH049,12,Female,2022-12-17,Active
STU001609,SCH039,4,Female,2018-03-01,Active
STU001610,SCH011,4,Female,2019-11-12,Active
STU001611,SCH012,10,Male,2019-04-24,Active
STU001612,SCH020,4,Female,2019-07-15,Active
STU001613,SCH014,5,Female,2023-10-11,Active
STU001614,SCH027,10,Male,2023-08-11,Active
STU001615,SCH031,3,Male,2021-07-19,Active
STU001616,SCH022,11,Male,2023-05-05,Active
STU001617,SCH041,0,Female,2018-02-11,Active
STU001618,SCH050,9,Male,2023-04-29,Active
STU001619,SCH028,1,Female,2021-10-19,Active
STU001620,SCH008,2,Female,2022-01-09,Active
STU001621,SCH033,2,Male,2020-06-23,Active
STU001622,SCH030,6,Female,2022-05-27,Active
STU001623,SCH023,8,Female,2023-04-13,Active
STU001624,SCH046,11,Non-specified,2022-01-04,Active
STU001625,SCH017,12,Male,2023-02-13,Active
STU001626,SCH049,12,Female,2018-05-07,Active
STU001627,SCH018,2,Male,2018-03-15,Active
STU001628,SCH044,9,Female,2020-03-03,Active
STU001629,SCH047,2,Female,2020-08-28,Active
STU001630,SCH022,12,Male,2018-08-30,Active
STU001631,SCH003,1,Male,2023-04-17,Active
STU001632,SCH003,1,Female,2023-08-07,Active
STU001633,SCH029,10,Female,2023-05-01,Active
STU001634,SCH005,5,Female,2022-03-09,Active
STU001635,SCH049,12,Female,2018-11-21,Active
STU001636,SCH032,9,Female,2018-08-15,Active
STU001637,SCH032,8,Female,2021-08-07,Active
STU001638,SCH006,1,Male,2021-07-20,Active
STU001639,SCH014,0,Male,2021-01-02,Active
STU001640,SCH040,0,Male,2021-11-03,Active
STU001641,SCH016,1,Male,2021-01-22,Active
STU001642,SCH021,7,Female,2022-10-05,Active
STU001643,SCH024,11,Male,2023-06-21,Active
STU001644,SCH022,11,Male,2020-04-30,Active
STU001645,SCH036,0,Female,2018-07-05,Active
STU001646,SCH022,11,Male,2022-02-16,Active
STU001647,SCH040,5,Male,2022-11-02,Active
STU001648,SCH010,9,Male,2019-04-22,Active
STU001649,SCH048,6,Female,2022-11-30,Active
STU001650,SCH002,11,Female,2018-10-01,Active
STU001651,SCH037,1,Male,2022-01-08,Active
STU001652,SCH045,8,Male,2018-01-19,Active
STU001653,SCH036,5,Male,2023-02-21,Active
STU001654,SCH029,8,Female,2020-12-01,Active
STU001655,SCH003,6,Male,2023-05-29,Active
STU001656,SCH024,11,Male,2023-07-24,Active
STU001657,SCH050,10,Male,2019-09-24,Active
STU001658,SCH010,11,Female,2019-06-24,Active
STU001659,SCH013,6,Male,2021-04-28,Active
STU001660,SCH006,2,Female,2021-06-21,Active
STU001661,SCH048,6,Male,2021-06-05,Active
STU001662,SCH017,12,Female,2018-11-29,Active
STU001663,SCH013,4,Male,2021-09-02,Active
STU001664,SCH018,4,Female,2022-05-03,Active
STU001665,SCH014,1,Female,2018-03-08,Active
STU001666,SCH010,12,Male,2019-06-17,Active
STU001667,SCH016,2,Female,2019-02-12,Active
STU001668,SCH032,7,Female,2020-11-26,Active
STU001669,SCH039,4,Female,2019-12-31,Active
STU001670,SCH036,5,Male,2023-03-26,Active
STU001671,SCH001,11,Male,2022-02-13,Active
STU001672,SCH030,1,Female,2019-08-17,Active
STU001673,SCH002,11,Male,2023-07-06,Active
STU001674,SCH023,8,Male,2018-02-09,Active
STU001675,SCH027,8,Male,2021-01-25,Active
STU001676,SCH041,1,Female,2020-04-16,Active
STU001677,SCH038,2,Male,2020-07-05,Active
STU001678,SCH042,11,Male,2022-03-03,Active
STU001679,SCH019,1,Male,2020-01-29,Active
STU001680,SCH007,1,Female,2018-02-26,Active
STU001681,SCH015,1,Male,2021-11-26,Active
STU001682,SCH030,2,Female,2023-07-11,Active
STU001683,SCH037,6,Male,2021-05-24,Active
STU001684,SCH027,7,Male,2020-03-28,Active
STU001685,SCH043,7,Male,2020-10-18,Active
STU001686,SCH032,9,Female,2019-06-04,Active
STU001687,SCH023,10,Female,2018-06-29,Active
STU001688,SCH014,0,Female,2019-11-05,Active
STU001689,SCH006,2,Male,2019-01-21,Active
STU001690,SCH015,4,Male,2020-12-22,Active
STU001691,SCH043,9,Female,2019-09-23,Active
STU001692,SCH043,9,Female,2018-06-03,Active
STU001693,SCH033,3,Female,2019-05-07,Active
STU001694,SCH003,5,Female,2023-02-15,Active
STU001695,SCH017,11,Female,2020-12-18,Active
STU001696,SCH045,9,Male,2018-07-05,Active
STU001697,SCH050,7,Female,2020-02-12,Active
STU001698,SCH046,9,Female,2018-05-24,Active
STU001699,SCH018,2,Female,2019-10-01,Active
STU001700,SCH045,8,Female,2018-06-29,Active
STU001701,SCH027,7,Male,2020-08-27,Active
STU001702,SCH046,7,Male,2022-05-09,Active
STU001703,SCH037,6,Male,2023-07-06,Active
STU001704,SCH050,9,Male,2020-12-18,Active
STU001705,SCH007,1,Male,2019-11-07,Active
STU001706,SCH046,6,Male,2022-06-20,Active
STU001707,SCH032,8,Male,2020-07-25,Active
STU001708,SCH040,6,Male,2018-12-03,Active
STU001709,SCH001,11,Female,2022-11-16,Active
STU001710,SCH045,8,Non-specified,2018-06-12,Active
STU001711,SCH006,3,Female,2019-02-09,Active
STU001712,SCH001,12,Male,2019-08-19,Active
STU001713,SCH041,5,Female,2022-02-01,Active
STU001714,SCH008,4,Female,2021-10-24,Active
STU001715,SCH022,11,Female,2020-09-26,Active
STU001716,SCH019,1,Male,2021-07-16,Active
STU001717,SCH012,9,Female,2021-03-23,Active
STU001718,SCH027,9,Female,2022-07-16,Active
STU001719,SCH029,8,Male,2020-08-31,Active
STU001720,SCH004,0,Male,2021-09-14,Active
STU001721,SCH013,2,Male,2019-05-01,Active
STU001722,SCH013,4,Female,2019-09-10,Active
STU001723,SCH047,3,Female,2019-04-21,Active
STU001724,SCH042,11,Female,2018-06-23,Active
STU001725,SCH027,9,Male,2019-05-15,Active
STU001726,SCH031,1,Male,2022-02-05,Active
STU001727,SCH007,4,Male,2023-12-04,Active
STU001728,SCH039,2,Male,2020-09-18,Active
STU001729,SCH028,1,Male,2018-05-05,Active
STU001730,SCH020,6,Female,2022-06-17,Active
STU001731,SCH024,11,Male,2019-08-05,Active
STU001732,SCH040,6,Male,2023-09-30,Active
STU001733,SCH018,4,Female,2019-10-29,Active
STU001734,SCH034,11,Female,2018-04-25,Active
STU001735,SCH043,10,Female,2018-10-19,Active
STU001736,SCH029,7,Male,2023-05-14,Active
STU001737,SCH046,5,Female,2018-04-24,Active
STU001738,SCH014,4,Female,2020-02-17,Active
STU001739,SCH004,3,Male,2022-10-09,Active
STU001740,SCH019,2,Female,2018-02-21,Active
STU001741,SCH047,6,Male,2020-02-26,Active
STU001742,SCH037,1,Female,2023-01-19,Active
STU001743,SCH014,4,Female,2019-03-02,Active
STU001744,SCH041,1,Female,2021-04-10,Active
STU001745,SCH028,4,Female,2020-04-30,Active
STU001746,SCH038,0,Male,2023-12-15,Active
STU001747,SCH042,12,Male,2023-01-30,Active
STU001748,SCH020,2,Female,2018-03-15,Active
STU001749,SCH034,11,Male,2023-09-09,Active
STU001750,SCH021,8,Female,2022-12-23,Active
STU001751,SCH039,6,Male,2020-07-31,Active
STU001752,SCH031,5,Male,2023-11-03,Active
STU001753,SCH004,3,Female,2020-02-13,Active
STU001754,SCH021,4,Male,2021-09-04,Active
STU001755,SCH015,4,Male,2018-11-08,Active
STU001756,SCH018,0,Male,2018-08-28,Active
STU001757,SCH028,0,Male,2019-02-04,Active
STU001758,SCH026,3,Female,2019-11-09,Active
STU001759,SCH046,1,Female,2021-05-19,Active
STU001760,SCH005,5,Non-specified,2022-04-05,Active
STU001761,SCH028,5,Female,2019-01-20,Active
STU001762,SCH043,7,Female,2022-12-10,Active
STU001763,SCH042,11,Female,2019-11-19,Active
STU001764,SCH014,0,Female,2019-11-19,Active
STU001765,SCH011,5,Male,2022-08-20,Active
STU001766,SCH028,3,Male,2023-05-27,Active
STU001767,SCH047,5,Female,2018-02-17,Active
STU001768,SCH011,1,Male,2022-06-20,Active
STU001769,SCH039,3,Male,2020-10-20,Active
STU001770,SCH004,0,Female,2020-04-04,Active
STU001771,SCH027,7,Female,2022-11-22,Active
STU001772,SCH024,11,Male,2020-07-16,Active
STU001773,SCH015,1,Female,2023-06-12,Active
STU001774,SCH020,0,Male,2018-02-03,Active
STU001775,SCH024,12,Female,2021-10-05,Active
STU001776,SCH037,0,Female,2020-12-17,Active
STU001777,SCH011,5,Female,2021-10-05,Active
STU001778,SCH028,2,Non-specified,2018-05-12,Active
STU001779,SCH048,0,Male,2023-11-21,Active
STU001780,SCH019,6,Male,2020-11-24,Active
STU001781,SCH035,10,Male,2018-06-07,Active
STU001782,SCH042,12,Female,2023-01-20,Active
STU001783,SCH047,1,Male,2019-07-14,Active
STU001784,SCH021,11,Female,2018-10-23,Active
STU001785,SCH010,2,Male,2020-04-17,Active
STU001786,SCH011,3,Male,2019-12-01,Active
STU001787,SCH021,7,Male,2018-01-11,Active
STU001788,SCH016,4,Male,2023-06-21,Active
STU001789,SCH001,12,Female,2020-07-24,Active
STU001790,SCH024,12,Female,2020-02-15,Active
STU001791,SCH042,11,Male,2019-05-15,Active
STU001792,SCH044,7,Female,2021-01-12,Active
STU001793,SCH014,3,Male,2018-06-02,Active
STU001794,SCH014,6,Male,2018-03-12,Active
STU001795,SCH042,11,Male,2020-11-06,Active
STU001796,SCH001,11,Female,2021-10-06,Active
STU001797,SCH024,12,Female,2019-01-24,Active
STU001798,SCH011,0,Male,2019-06-21,Active
STU001799,SCH035,9,Male,2018-02-15,Active
STU001800,SCH025,1,Male,2021-04-21,Active
STU001801,SCH046,10,Female,2020-11-04,Active
STU001802,SCH018,4,Male,2022-06-11,Active
STU001803,SCH006,6,Male,2020-12-25,Active
STU001804,SCH045,9,Female,2023-11-13,Active
STU001805,SCH048,4,Female,2019-05-16,Active
STU001806,SCH043,7,Male,2019-10-01,Active
STU001807,SCH021,10,Male,2019-12-22,Active
STU001808,SCH018,6,Male,2021-08-02,Active
STU001809,SCH037,0,Male,2018-11-20,Active
STU001810,SCH020,6,Male,2020-08-24,Active
STU001811,SCH029,8,Male,2022-04-21,Active
STU001812,SCH001,11,Male,2018-11-18,Active
STU001813,SCH028,4,Female,2023-07-14,Active
STU001814,SCH001,11,Male,2019-03-03,Active
STU001815,SCH040,5,Female,2019-07-18,Active
STU001816,SCH011,6,Male,2020-09-15,Active
STU001817,SCH040,3,Female,2022-12-12,Active
STU001818,SCH044,10,Male,2022-03-07,Active
STU001819,SCH047,6,Male,2019-03-01,Active
STU001820,SCH036,4,Male,2021-11-18,Active
STU001821,SCH022,11,Male,2020-04-12,Active
STU001822,SCH019,2,Male,2019-09-03,Active
STU001823,SCH032,7,Male,2021-05-30,Active
STU001824,SCH020,2,Female,2021-06-29,Active
STU001825,SCH033,0,Female,2022-07-29,Active
STU001826,SCH006,0,Female,2019-04-04,Active
STU001827,SCH035,7,Female,2023-03-09,Active
STU001828,SCH047,5,Male,2021-10-07,Active
STU001829,SCH026,6,Male,2023-06-14,Active
STU001830,SCH011,6,Female,2023-03-01,Active
STU001831,SCH014,2,Female,2018-03-06,Active
STU001832,SCH012,9,Male,2023-10-23,Active
STU001833,SCH022,12,Male,2022-10-26,Active
STU001834,SCH018,4,Female,2018-01-28,Active
STU001835,SCH003,1,Male,2019-06-30,Active
STU001836,SCH007,4,Male,2021-12-04,Active
STU001837,SCH031,5,Female,2018-05-27,Active
STU001838,SCH017,11,Male,2018-07-24,Active
STU001839,SCH009,10,Female,2023-03-01,Active
STU001840,SCH036,5,Female,2018-09-19,Active
STU001841,SCH038,3,Male,2022-08-31,Active
STU001842,SCH041,5,Male,2023-08-12,Active
STU001843,SCH003,4,Male,2018-03-19,Active
STU001844,SCH008,4,Male,2023-08-29,Active
STU001845,SCH007,5,Female,2020-05-12,Active
STU001846,SCH043,8,Male,2021-01-11,Active
STU001847,SCH005,4,Female,2020-12-26,Active
STU001848,SCH036,1,Non-specified,2023-04-06,Active
STU001849,SCH013,3,Female,2022-11-16,Active
STU001850,SCH021,10,Female,2022-08-30,Active
STU001851,SCH047,2,Male,2023-11-11,Active
STU001852,SCH032,10,Female,2019-09-22,Active
STU001853,SCH021,2,Female,2020-06-26,Active
STU001854,SCH019,6,Male,2020-05-07,Active
STU001855,SCH019,3,Female,2018-07-19,Active
STU001856,SCH025,5,Male,2022-02-17,Active
STU001857,SCH026,4,Male,2022-02-18,Active
STU001858,SCH007,4,Female,2018-07-17,Active
STU001859,SCH004,5,Female,2018-08-03,Active
STU001860,SCH026,6,Female,2023-03-16,Active
STU001861,SCH016,0,Male,2022-05-03,Active
STU001862,SCH023,10,Male,2020-09-28,Active
STU001863,SCH042,12,Female,2019-01-29,Active
STU001864,SCH032,8,Male,2019-02-27,Active
STU001865,SCH009,9,Female,2023-06-08,Active
STU001866,SCH037,6,Female,2023-07-12,Active
STU001867,SCH036,4,Female,2019-05-25,Active
STU001868,SCH010,9,Male,2020-05-24,Active
STU001869,SCH048,1,Male,2022-02-09,Active
STU001870,SCH041,3,Male,2021-02-28,Active
STU001871,SCH001,12,Male,2018-12-16,Active
STU001872,SCH042,11,Female,2021-03-09,Active
STU001873,SCH032,7,Male,2019-05-31,Active
STU001874,SCH035,10,Male,2023-09-18,Active
STU001875,SCH038,3,Male,2018-12-11,Active
STU001876,SCH049,11,Male,2020-11-11,Active
STU001877,SCH032,8,Male,2019-04-15,Active
STU001878,SCH014,1,Male,2020-06-22,Active
STU001879,SCH015,1,Male,2023-03-15,Active
STU001880,SCH037,1,Male,2018-10-26,Active
STU001881,SCH012,9,Female,2022-07-09,Active
STU001882,SCH007,5,Male,2023-01-29,Active
STU001883,SCH048,6,Male,2020-09-23,Active
STU001884,SCH028,2,Male,2020-04-28,Active
STU001885,SCH036,6,Female,2021-01-12,Active
STU001886,SCH038,6,Male,2023-08-03,Active
STU001887,SCH038,3,Male,2018-01-15,Active
STU001888,SCH024,11,Male,2020-10-28,Active
STU001889,SCH046,8,Male,2018-10-18,Active
STU001890,SCH016,6,Male,2023-11-14,Active
STU001891,SCH024,11,Female,2023-09-21,Active
STU001892,SCH006,1,Male,2022-09-11,Active
STU001893,SCH021,10,Female,2018-02-28,Active
STU001894,SCH024,11,Female,2023-05-29,Active
STU001895,SCH007,0,Female,2023-10-19,Active
STU001896,SCH029,10,Male,2021-10-03,Active
STU001897,SCH020,4,Female,2022-04-18,Active
STU001898,SCH043,10,Male,2023-06-03,Active
STU001899,SCH033,5,Female,2023-08-06,Active
STU001900,SCH044,8,Male,2020-04-15,Active
STU001901,SCH046,9,Male,2021-01-01,Active
STU001902,SCH003,5,Female,2018-09-14,Active
STU001903,SCH049,11,Male,2022-08-06,Active
STU001904,SCH024,11,Male,2018-04-05,Active
STU001905,SCH041,0,Female,2021-04-02,Active
STU001906,SCH028,3,Male,2018-10-01,Active
STU001907,SCH028,0,Male,2019-04-04,Active
STU001908,SCH029,7,Female,2020-11-29,Active
STU001909,SCH034,12,Male,2021-08-25,Active
STU001910,SCH025,4,Female,2021-04-08,Active
STU001911,SCH029,9,Female,2020-11-02,Active
STU001912,SCH023,9,Male,2019-06-09,Active
STU001913,SCH003,0,Female,2019-07-13,Active
STU001914,SCH020,3,Male,2022-04-26,Active
STU001915,SCH025,1,Male,2018-11-21,Active
STU001916,SCH001,11,Male,2019-10-26,Active
STU001917,SCH004,2,Male,2020-03-15,Active
STU001918,SCH037,0,Female,2018-03-06,Active
STU001919,SCH022,12,Male,2019-12-21,Active
STU001920,SCH023,8,Female,2020-05-01,Active
STU001921,SCH020,3,Male,2019-04-20,Active
STU001922,SCH040,5,Female,2021-05-09,Active
STU001923,SCH005,1,Male,2022-07-10,Active
STU001924,SCH003,3,Male,2022-12-28,Active
STU001925,SCH029,9,Female,2020-12-03,Active
STU001926,SCH012,8,Male,2018-01-31,Active
STU001927,SCH015,2,Female,2022-02-20,Active
STU001928,SCH008,3,Male,2023-10-23,Active
STU001929,SCH045,10,Female,2018-03-05,Active
STU001930,SCH018,5,Female,2023-11-20,Active
STU001931,SCH016,0,Female,2020-12-15,Active
STU001932,SCH002,12,Male,2021-01-03,Active
STU001933,SCH050,9,Male,2021-10-07,Active
STU001934,SCH027,8,Female,2022-08-13,Active
STU001935,SCH038,5,Male,2020-03-21,Active
STU001936,SCH043,9,Female,2018-08-30,Active
STU001937,SCH028,3,Female,2018-12-19,Active
STU001938,SCH023,9,Male,2022-12-17,Active
STU001939,SCH011,0,Male,2020-11-02,Active
STU001940,SCH045,7,Male,2019-04-17,Active
STU001941,SCH041,6,Male,2023-12-11,Active
STU001942,SCH043,8,Female,2021-04-15,Active
STU001943,SCH042,12,Male,2021-09-02,Active
STU001944,SCH041,4,Male,2020-09-04,Active
STU001945,SCH002,11,Female,2018-09-15,Active
STU001946,SCH013,6,Female,2021-11-15,Active
STU001947,SCH005,0,Female,2018-11-28,Active
STU001948,SCH045,10,Female,2021-06-22,Active
STU001949,SCH032,9,Female,2020-08-28,Active
STU001950,SCH012,8,Female,2019-04-18,Active
STU001951,SCH006,0,Female,2018-11-23,Active
STU001952,SCH017,11,Female,2018-12-11,Active
STU001953,SCH013,0,Female,2019-07-07,Active
STU001954,SCH019,2,Female,2019-09-04,Active
STU001955,SCH033,1,Male,2021-05-20,Active
STU001956,SCH003,5,Female,2018-11-03,Active
STU001957,SCH041,4,Female,2018-06-07,Active
STU001958,SCH012,10,Female,2020-07-26,Active
STU001959,SCH031,3,Female,2022-07-22,Active
STU001960,SCH030,0,Female,2018-09-11,Active
STU001961,SCH039,2,Female,2019-11-02,Active
STU001962,SCH021,4,Male,2022-08-27,Active
STU001963,SCH038,2,Male,2019-09-05,Active
STU001964,SCH044,7,Male,2018-08-16,Active
STU001965,SCH020,1,Female,2020-05-19,Active
STU001966,SCH003,0,Female,2018-02-25,Active
STU001967,SCH033,1,Male,2023-07-09,Active
STU001968,SCH020,3,Female,2019-08-13,Active
STU001969,SCH018,1,Male,2022-03-27,Active
STU001970,SCH031,6,Female,2021-03-07,Active
STU001971,SCH009,7,Female,2021-12-26,Active
STU001972,SCH020,2,Male,2019-02-16,Active
STU001973,SCH004,4,Female,2018-02-10,Active
STU001974,SCH022,11,Male,2018-12-25,Active
STU001975,SCH041,3,Female,2018-02-06,Active
STU001976,SCH009,8,Female,2019-07-07,Active
STU001977,SCH036,6,Female,2023-09-27,Active
STU001978,SCH007,3,Female,2020-07-25,Active
STU001979,SCH016,6,Male,2020-11-30,Active
STU001980,SCH046,11,Male,2018-01-07,Active
STU001981,SCH041,4,Male,2018-06-09,Active
STU001982,SCH047,6,Female,2020-01-08,Active
STU001983,SCH002,11,Male,2021-12-24,Active
STU001984,SCH004,2,Female,2022-06-17,Active
STU001985,SCH037,4,Female,2023-02-23,Active
STU001986,SCH050,10,Female,2021-01-12,Active
STU001987,SCH047,4,Female,2022-11-29,Active
STU001988,SCH005,0,Male,2021-02-27,Active
STU001989,SCH014,5,Male,2022-07-25,Active
STU001990,SCH015,3,Male,2021-07-23,Active
STU001991,SCH001,11,Female,2019-10-10,Active
STU001992,SCH041,2,Male,2020-04-23,Active
STU001993,SCH045,7,Male,2020-05-19,Active
STU001994,SCH004,4,Male,2022-03-30,Active
STU001995,SCH028,5,Male,2018-09-19,Active
STU001996,SCH040,5,Male,2019-05-28,Active
STU001997,SCH045,9,Male,2022-04-09,Active
STU001998,SCH041,5,Female,2022-01-05,Active
STU001999,SCH025,5,Female,2022-05-23,Active
STU002000,SCH048,1,Male,2021-08-22,Active
STU002001,SCH022,12,Non-specified,2018-09-23,Active
STU002002,SCH046,1,Male,2019-05-25,Active
STU002003,SCH014,0,Male,2018-04-14,Active
STU002004,SCH043,10,Male,2018-01-21,Active
STU002005,SCH028,0,Female,2019-02-28,Active
STU002006,SCH004,5,Male,2021-02-19,Active
STU002007,SCH031,1,Male,2022-03-12,Active
STU002008,SCH009,7,Male,2019-01-20,Active
STU002009,SCH028,2,Female,2020-09-23,Active
STU002010,SCH002,11,Female,2022-04-14,Active
STU002011,SCH011,0,Female,2019-07-27,Active
STU002012,SCH035,9,Male,2022-06-30,Active
STU002013,SCH050,9,Female,2023-08-26,Active
STU002014,SCH050,9,Female,2022-06-15,Active
STU002015,SCH013,3,Female,2023-02-25,Active
STU002016,SCH037,4,Male,2021-07-29,Active
STU002017,SCH023,9,Female,2021-12-27,Active
STU002018,SCH035,10,Female,2021-03-25,Active
STU002019,SCH029,10,Male,2018-08-11,Active
STU002020,SCH037,1,Female,2021-12-06,Active
STU002021,SCH034,12,Female,2021-07-04,Active
STU002022,SCH006,5,Male,2018-07-21,Active
STU002023,SCH043,7,Male,2021-04-07,Active
STU002024,SCH021,10,Male,2019-04-09,Active
STU002025,SCH039,4,Female,2020-04-01,Active
STU002026,SCH012,8,Male,2023-09-11,Active
STU002027,SCH035,7,Male,2020-03-07,Active
STU002028,SCH044,9,Female,2023-01-26,Active
STU002029,SCH005,3,Female,2022-06-17,Active
STU002030,SCH031,2,Female,2019-11-17,Active
STU002031,SCH009,10,Male,2019-07-07,Active
STU002032,SCH049,12,Male,2020-03-20,Active
STU002033,SCH049,12,Male,2018-04-12,Active
STU002034,SCH050,10,Male,2023-07-28,Active
STU002035,SCH026,5,Male,2021-09-03,Active
STU002036,SCH037,3,Female,2019-07-29,Active
STU002037,SCH028,1,Male,2021-09-23,Active
STU002038,SCH042,12,Female,2023-12-06,Active
STU002039,SCH002,11,Male,2018-05-05,Active
STU002040,SCH031,6,Male,2023-07-22,Active
STU002041,SCH017,12,Female,2019-11-23,Active
STU002042,SCH024,12,Female,2023-06-12,Active
STU002043,SCH011,4,Male,2023-05-29,Active
STU002044,SCH046,7,Female,2020-09-13,Active
STU002045,SCH047,1,Male,2022-09-02,Active
STU002046,SCH016,3,Female,2019-05-22,Active
STU002047,SCH042,12,Male,2022-08-21,Active
STU002048,SCH050,8,Female,2022-08-08,Active
STU002049,SCH008,4,Male,2019-04-04,Active
STU002050,SCH033,5,Male,2023-06-06,Active
STU002051,SCH021,1,Female,2018-10-23,Active
STU002052,SCH022,11,Male,2023-09-10,Active
STU002053,SCH050,10,Male,2022-12-11,Active
STU002054,SCH007,3,Male,2021-08-24,Active
STU002055,SCH042,11,Male,2021-04-23,Active
STU002056,SCH047,3,Female,2021-10-22,Active
STU002057,SCH033,3,Male,2022-06-25,Active
STU002058,SCH035,7,Male,2020-02-17,Active
STU002059,SCH005,1,Male,2022-04-20,Active
STU002060,SCH003,4,Male,2018-03-15,Active
STU002061,SCH030,1,Female,2018-09-29,Active
STU002062,SCH039,5,Male,2021-01-03,Active
STU002063,SCH043,10,Female,2021-07-24,Active
STU002064,SCH014,5,Male,2023-07-22,Active
STU002065,SCH007,3,Female,2023-01-30,Active
STU002066,SCH016,1,Male,2019-05-18,Active
STU002067,SCH043,10,Non-specified,2021-03-20,Active
STU002068,SCH030,6,Male,2018-07-12,Active
STU002069,SCH023,8,Female,2023-01-09,Active
STU002070,SCH028,6,Female,2022-10-11,Active
STU002071,SCH009,7,Male,2022-11-26,Active
STU002072,SCH037,6,Male,2019-03-22,Active
STU002073,SCH015,0,Female,2022-10-26,Active
STU002074,SCH021,5,Male,2019-03-16,Active
STU002075,SCH035,10,Female,2022-07-28,Active
STU002076,SCH014,6,Female,2019-09-13,Active
STU002077,SCH011,1,Male,2022-06-11,Active
STU002078,SCH022,12,Female,2021-04-19,Active
STU002079,SCH028,5,Female,2021-11-15,Active
STU002080,SCH049,11,Male,2022-04-26,Active
STU002081,SCH017,11,Male,2023-09-10,Active
STU002082,SCH009,8,Male,2022-02-13,Active
STU002083,SCH004,0,Male,2022-10-29,Active
STU002084,SCH011,4,Male,2018-09-13,Active
STU002085,SCH005,3,Male,2023-05-03,Active
STU002086,SCH016,5,Female,2023-06-05,Active
STU002087,SCH045,9,Male,2020-05-02,Active
STU002088,SCH047,0,Female,2021-07-26,Active
STU002089,SCH017,12,Male,2021-04-26,Active
STU002090,SCH007,3,Female,2018-02-22,Active
STU002091,SCH004,3,Male,2018-07-07,Active
STU002092,SCH045,7,Female,2021-05-03,Active
STU002093,SCH011,3,Female,2019-02-24,Active
STU002094,SCH049,11,Female,2018-12-04,Active
STU002095,SCH006,4,Male,2019-06-20,Active
STU002096,SCH048,3,Male,2022-02-23,Active
STU002097,SCH016,6,Male,2022-05-27,Active
STU002098,SCH019,6,Female,2023-10-14,Active
STU002099,SCH037,1,Male,2022-03-16,Active
STU002100,SCH019,6,Female,2021-02-23,Active
STU002101,SCH046,4,Female,2023-02-01,Active
STU002102,SCH020,0,Female,2020-12-11,Active
STU002103,SCH025,4,Male,2022-05-05,Active
STU002104,SCH040,2,Male,2023-01-14,Active
STU002105,SCH044,8,Female,2018-11-13,Active
STU002106,SCH040,1,Male,2018-04-16,Active
STU002107,SCH035,7,Female,2023-05-29,Active
STU002108,SCH038,3,Male,2021-09-08,Active
STU002109,SCH009,7,Female,2023-10-31,Active
STU002110,SCH033,5,Female,2018-07-10,Active
STU002111,SCH026,4,Female,2018-08-21,Active
STU002112,SCH037,1,Male,2022-05-03,Active
STU002113,SCH044,8,Male,2019-05-18,Active
STU002114,SCH009,9,Male,2021-07-21,Active
STU002115,SCH007,1,Female,2021-07-13,Active
STU002116,SCH050,10,Female,2021-12-03,Active
STU002117,SCH006,2,Female,2022-03-07,Active
STU002118,SCH029,9,Female,2022-04-10,Active
STU002119,SCH002,12,Female,2018-01-19,Active
STU002120,SCH029,7,Male,2020-01-22,Active
STU002121,SCH033,1,Female,2021-01-16,Active
STU002122,SCH008,6,Male,2020-04-05,Active
STU002123,SCH026,6,Male,2018-11-30,Active
STU002124,SCH022,11,Female,2022-10-03,Active
STU002125,SCH029,10,Female,2018-01-31,Active
STU002126,SCH046,6,Male,2021-03-17,Active
STU002127,SCH026,5,Female,2022-10-11,Active
STU002128,SCH007,3,Male,2022-09-23,Active
STU002129,SCH012,8,Female,2020-06-15,Active
STU002130,SCH037,5,Female,2020-03-06,Active
STU002131,SCH050,8,Female,2018-10-04,Active
STU002132,SCH008,0,Female,2018-08-12,Active
STU002133,SCH021,0,Male,2018-12-02,Active
STU002134,SCH040,4,Male,2019-12-12,Active
STU002135,SCH023,9,Male,2021-07-01,Active
STU002136,SCH011,1,Male,2021-07-19,Active
STU002137,SCH009,10,Female,2020-08-11,Active
STU002138,SCH044,10,Female,2020-06-17,Active
STU002139,SCH047,3,Male,2022-02-12,Active
STU002140,SCH014,3,Male,2023-01-20,Active
STU002141,SCH004,5,Male,2021-10-04,Active
STU002142,SCH004,1,Female,2020-12-31,Active
STU002143,SCH005,2,Female,2022-06-26,Active
STU002144,SCH035,9,Female,2021-12-26,Active
STU002145,SCH042,12,Male,2022-04-19,Active
STU002146,SCH003,5,Male,2021-07-28,Active
STU002147,SCH012,10,Male,2018-09-18,Active
STU002148,SCH039,0,Male,2019-06-10,Active
STU002149,SCH041,0,Male,2018-03-12,Active
STU002150,SCH006,1,Male,2020-08-10,Active
STU002151,SCH015,6,Male,2020-05-19,Active
STU002152,SCH046,1,Female,2023-04-17,Active
STU002153,SCH017,11,Female,2022-06-29,Active
STU002154,SCH038,5,Male,2021-07-22,Active
STU002155,SCH050,9,Female,2022-02-10,Active
STU002156,SCH032,9,Male,2020-06-15,Active
STU002157,SCH040,3,Female,2018-05-05,Active
STU002158,SCH043,8,Female,2022-05-27,Active
STU002159,SCH008,6,Female,2019-05-23,Active
STU002160,SCH044,8,Female,2019-07-19,Active
STU002161,SCH022,11,Male,2020-07-19,Active
STU002162,SCH041,5,Female,2022-11-11,Active
STU002163,SCH009,7,Male,2023-10-25,Active
STU002164,SCH048,3,Female,2018-12-12,Active
STU002165,SCH008,3,Male,2022-08-24,Active
STU002166,SCH022,12,Male,2021-11-20,Active
STU002167,SCH008,2,Male,2022-03-12,Active
STU002168,SCH034,11,Female,2018-06-20,Active
STU002169,SCH016,2,Male,2022-10-04,Active
STU002170,SCH007,4,Male,2021-07-18,Active
STU002171,SCH043,9,Male,2022-12-11,Active
STU002172,SCH002,12,Female,2022-11-19,Active
STU002173,SCH039,6,Female,2023-12-15,Active
STU002174,SCH013,4,Female,2022-10-02,Active
STU002175,SCH009,7,Male,2022-09-30,Active
STU002176,SCH004,5,Male,2023-10-31,Active
STU002177,SCH017,11,Male,2023-12-06,Active
STU002178,SCH045,7,Male,2019-02-20,Active
STU002179,SCH006,4,Female,2018-10-07,Active
STU002180,SCH030,4,Female,2018-01-06,Active
STU002181,SCH046,1,Female,2023-03-28,Active
STU002182,SCH041,6,Male,2022-10-17,Active
STU002183,SCH020,6,Male,2020-12-08,Active
STU002184,SCH050,7,Non-specified,2021-04-06,Active
STU002185,SCH047,4,Female,2022-09-15,Active
STU002186,SCH005,1,Female,2020-09-19,Active
STU002187,SCH033,0,Male,2018-09-13,Active
STU002188,SCH006,1,Male,2023-06-30,Active
STU002189,SCH042,12,Female,2022-02-03,Active
STU002190,SCH047,0,Female,2023-11-08,Active
STU002191,SCH034,11,Female,2019-01-18,Active
STU002192,SCH046,8,Male,2023-09-25,Active
STU002193,SCH007,0,Female,2023-01-08,Active
STU002194,SCH039,4,Female,2023-12-07,Active
STU002195,SCH009,10,Non-specified,2022-03-22,Active
STU002196,SCH043,9,Female,2021-06-09,Active
STU002197,SCH046,11,Male,2018-04-05,Active
STU002198,SCH045,7,Female,2021-06-08,Active
STU002199,SCH037,4,Female,2022-08-06,Active
STU002200,SCH015,3,Male,2020-08-21,Active
STU002201,SCH023,8,Male,2019-03-02,Active
STU002202,SCH015,5,Male,2023-08-27,Active
STU002203,SCH006,0,Male,2019-11-04,Active
STU002204,SCH005,5,Female,2020-09-23,Active
STU002205,SCH035,10,Male,2020-05-03,Active
STU002206,SCH036,2,Male,2020-09-19,Active
STU002207,SCH026,2,Female,2018-11-08,Active
STU002208,SCH008,1,Male,2021-08-01,Active
STU002209,SCH037,5,Male,2021-03-01,Active
STU002210,SCH003,3,Male,2021-09-16,Active
STU002211,SCH034,12,Male,2022-10-31,Active
STU002212,SCH032,7,Male,2019-05-30,Active
STU002213,SCH005,3,Male,2021-08-12,Active
STU002214,SCH044,7,Male,2023-04-21,Active
STU002215,SCH043,8,Female,2020-04-01,Active
STU002216,SCH050,8,Male,2023-12-06,Active
STU002217,SCH023,7,Female,2023-11-03,Active
STU002218,SCH009,10,Male,2018-03-12,Active
STU002219,SCH011,4,Male,2019-04-03,Active
STU002220,SCH024,12,Male,2019-02-28,Active
STU002221,SCH005,4,Male,2019-01-09,Active
STU002222,SCH037,5,Female,2021-03-28,Active
STU002223,SCH043,10,Male,2022-01-09,Active
STU002224,SCH006,4,Female,2021-11-15,Active
STU002225,SCH017,11,Female,2023-03-01,Active
STU002226,SCH046,10,Male,2023-06-29,Active
STU002227,SCH008,1,Female,2023-10-15,Active
STU002228,SCH042,12,Female,2021-11-18,Active
STU002229,SCH047,2,Male,2020-06-24,Active
STU002230,SCH046,12,Female,2019-04-26,Active
STU002231,SCH022,11,Female,2019-03-31,Active
STU002232,SCH024,11,Female,2023-11-24,Active
STU002233,SCH023,7,Male,2021-06-23,Active
STU002234,SCH023,8,Female,2023-02-25,Active
STU002235,SCH037,2,Female,2019-02-23,Active
STU002236,SCH042,12,Female,2023-06-25,Active
STU002237,SCH012,7,Female,2023-02-26,Active
STU002238,SCH034,11,Female,2020-01-18,Active
STU002239,SCH003,1,Female,2019-07-01,Active
STU002240,SCH035,8,Female,2021-11-24,Active
STU002241,SCH045,9,Male,2021-08-19,Active
STU002242,SCH010,7,Female,2018-01-30,Active
STU002243,SCH002,12,Female,2022-11-03,Active
STU002244,SCH016,3,Male,2022-06-04,Active
STU002245,SCH047,4,Male,2023-09-03,Active
STU002246,SCH002,11,Male,2020-12-28,Active
STU002247,SCH031,8,Female,2022-08-05,Active
STU002248,SCH048,6,Female,2020-10-02,Active
STU002249,SCH012,7,Male,2018-03-03,Active
STU002250,SCH036,5,Male,2023-05-01,Active
STU002251,SCH038,2,Male,2018-03-29,Active
STU002252,SCH001,11,Female,2023-11-20,Active
STU002253,SCH048,0,Female,2023-04-26,Active
STU002254,SCH003,2,Male,2021-01-17,Active
STU002255,SCH017,11,Male,2020-08-24,Active
STU002256,SCH017,11,Female,2022-09-17,Active
STU002257,SCH049,11,Male,2018-07-29,Active
STU002258,SCH050,9,Male,2020-07-10,Active
STU002259,SCH002,12,Female,2023-03-12,Active
STU002260,SCH017,11,Female,2022-08-07,Active
STU002261,SCH037,6,Female,2020-09-04,Active
STU002262,SCH042,11,Male,2021-03-20,Active
STU002263,SCH005,1,Male,2019-09-06,Active
STU002264,SCH023,7,Female,2023-04-15,Active
STU002265,SCH026,2,Male,2022-10-06,Active
STU002266,SCH042,12,Male,2021-12-06,Active
STU002267,SCH034,11,Male,2020-11-01,Active
STU002268,SCH032,9,Female,2023-02-28,Active
STU002269,SCH045,7,Female,2022-05-23,Active
STU002270,SCH011,2,Female,2022-10-07,Active
STU002271,SCH005,1,Female,2019-05-08,Active
STU002272,SCH028,4,Female,2018-03-11,Active
STU002273,SCH024,11,Female,2018-10-18,Active
STU002274,SCH007,2,Female,2022-05-18,Active
STU002275,SCH012,10,Female,2021-10-23,Active
STU002276,SCH037,4,Male,2022-07-03,Active
STU002277,SCH020,1,Female,2020-11-20,Active
STU002278,SCH003,0,Female,2020-11-06,Active
STU002279,SCH020,6,Male,2020-07-17,Active
STU002280,SCH033,1,Female,2023-01-13,Active
STU002281,SCH043,7,Female,2022-11-16,Active
STU002282,SCH018,2,Female,2023-11-12,Active
STU002283,SCH048,4,Male,2018-10-21,Active
STU002284,SCH008,2,Male,2021-11-27,Active
STU002285,SCH013,3,Male,2018-09-27,Active
STU002286,SCH050,7,Male,2020-06-29,Active
STU002287,SCH018,1,Male,2023-08-06,Active
STU002288,SCH029,8,Male,2022-11-24,Active
STU002289,SCH012,8,Male,2020-06-23,Active
STU002290,SCH020,1,Female,2020-04-01,Active
STU002291,SCH040,2,Female,2020-02-27,Active
STU002292,SCH002,11,Female,2018-08-04,Active
STU002293,SCH033,3,Female,2022-10-30,Active
STU002294,SCH009,7,Female,2020-09-15,Active
STU002295,SCH049,12,Male,2018-02-20,Active
STU002296,SCH007,0,Male,2023-12-19,Active
STU002297,SCH013,4,Male,2019-02-02,Active
STU002298,SCH009,9,Female,2021-06-13,Active
STU002299,SCH007,3,Male,2020-05-13,Active
STU002300,SCH022,12,Male,2019-02-02,Active
STU002301,SCH027,10,Female,2022-01-03,Active
STU002302,SCH025,2,Female,2022-04-03,Active
STU002303,SCH043,9,Female,2019-03-15,Active
STU002304,SCH007,3,Male,2022-09-11,Active
STU002305,SCH010,11,Non-specified,2020-01-15,Active
STU002306,SCH040,2,Male,2019-01-15,Active
STU002307,SCH001,11,Male,2019-02-01,Active
STU002308,SCH050,7,Male,2022-06-28,Active
STU002309,SCH009,8,Female,2023-08-28,Active
STU002310,SCH032,10,Male,2022-06-21,Active
STU002311,SCH010,7,Male,2022-01-20,Active
STU002312,SCH032,9,Female,2020-03-26,Active
STU002313,SCH005,6,Male,2023-10-02,Active
STU002314,SCH014,4,Male,2023-10-09,Active
STU002315,SCH026,4,Female,2022-10-10,Active
STU002316,SCH048,1,Female,2018-11-04,Active
STU002317,SCH016,0,Female,2019-02-21,Active
STU002318,SCH016,0,Male,2022-01-18,Active
STU002319,SCH038,6,Female,2021-08-15,Active
STU002320,SCH045,7,Male,2022-10-22,Active
STU002321,SCH030,2,Male,2019-04-14,Active
STU002322,SCH040,1,Male,2020-10-03,Active
STU002323,SCH040,0,Male,2023-10-09,Active
STU002324,SCH001,11,Female,2023-04-11,Active
STU002325,SCH002,11,Male,2022-05-01,Active
STU002326,SCH050,10,Male,2021-11-16,Active
STU002327,SCH008,0,Female,2023-12-20,Active
STU002328,SCH017,11,Male,2022-06-05,Active
STU002329,SCH041,6,Male,2021-02-12,Active
STU002330,SCH022,11,Male,2020-08-26,Active
STU002331,SCH006,5,Female,2022-07-24,Active
STU002332,SCH014,0,Female,2021-08-25,Active
STU002333,SCH047,1,Male,2021-11-10,Active
STU002334,SCH017,11,Female,2022-05-03,Active
STU002335,SCH049,11,Female,2018-07-28,Active
STU002336,SCH045,10,Male,2023-11-07,Active
STU002337,SCH044,8,Male,2019-08-23,Active
STU002338,SCH034,11,Male,2022-02-27,Active
STU002339,SCH031,0,Male,2023-11-21,Active
STU002340,SCH050,9,Female,2021-12-17,Active
STU002341,SCH030,1,Female,2022-01-25,Active
STU002342,SCH015,3,Female,2019-06-29,Active
STU002343,SCH019,6,Female,2023-11-20,Active
STU002344,SCH023,10,Male,2021-10-17,Active
STU002345,SCH004,5,Female,2018-12-24,Active
STU002346,SCH020,3,Male,2020-04-04,Active
STU002347,SCH010,11,Female,2023-07-29,Active
STU002348,SCH010,4,Female,2020-05-24,Active
STU002349,SCH047,1,Male,2020-06-14,Active
STU002350,SCH008,5,Female,2020-02-10,Active
STU002351,SCH050,10,Male,2019-05-31,Active
STU002352,SCH030,4,Female,2023-12-01,Active
STU002353,SCH025,4,Female,2018-06-26,Active
STU002354,SCH015,4,Female,2019-11-23,Active
STU002355,SCH019,1,Male,2019-03-02,Active
STU002356,SCH030,3,Female,2019-01-21,Active
STU002357,SCH023,10,Female,2020-06-24,Active
STU002358,SCH025,0,Male,2022-10-11,Active
STU002359,SCH009,8,Male,2018-11-02,Active
STU002360,SCH023,9,Male,2020-06-21,Active
STU002361,SCH011,0,Male,2019-05-29,Active
STU002362,SCH020,6,Male,2020-04-12,Active
STU002363,SCH041,3,Male,2018-10-03,Active
STU002364,SCH048,3,Female,2020-11-05,Active
STU002365,SCH022,12,Female,2021-11-17,Active
STU002366,SCH025,2,Female,2022-04-30,Active
STU002367,SCH006,6,Female,2023-08-28,Active
STU002368,SCH005,4,Female,2020-03-15,Active
STU002369,SCH014,1,Female,2020-10-21,Active
STU002370,SCH027,9,Male,2019-05-01,Active
STU002371,SCH007,5,Male,2020-11-14,Active
STU002372,SCH046,2,Female,2023-12-04,Active
STU002373,SCH028,1,Male,2021-09-08,Active
STU002374,SCH041,6,Female,2022-07-12,Active
STU002375,SCH041,4,Male,2019-11-25,Active
STU002376,SCH038,3,Female,2020-08-18,Active
STU002377,SCH031,5,Female,2020-09-05,Active
STU002378,SCH020,4,Female,2020-01-28,Active
STU002379,SCH031,1,Female,2022-01-28,Active
STU002380,SCH001,12,Female,2022-05-20,Active
STU002381,SCH042,12,Male,2022-12-15,Active
STU002382,SCH025,2,Female,2018-04-29,Active
STU002383,SCH042,12,Female,2018-04-21,Active
STU002384,SCH020,5,Female,2023-03-18,Active
STU002385,SCH020,5,Female,2019-11-27,Active
STU002386,SCH002,12,Female,2018-04-05,Active
STU002387,SCH013,3,Male,2020-04-20,Active
STU002388,SCH002,12,Female,2019-01-09,Active
STU002389,SCH023,8,Female,2023-08-09,Active
STU002390,SCH025,0,Female,2019-02-23,Active
STU002391,SCH042,11,Female,2023-07-07,Active
STU002392,SCH017,12,Male,2019-05-31,Active
STU002393,SCH033,2,Male,2023-07-24,Active
STU002394,SCH038,6,Male,2019-11-18,Active
STU002395,SCH017,12,Male,2019-03-20,Active
STU002396,SCH034,12,Female,2018-10-16,Active
STU002397,SCH008,4,Female,2022-11-22,Active
STU002398,SCH026,5,Male,2023-11-06,Active
STU002399,SCH022,11,Female,2018-12-01,Active
STU002400,SCH024,12,Male,2023-08-10,Active
STU002401,SCH031,3,Female,2019-07-18,Active
STU002402,SCH030,1,Female,2020-11-18,Active
STU002403,SCH029,8,Male,2018-03-27,Active
STU002404,SCH027,10,Male,2019-07-11,Active
STU002405,SCH049,11,Female,2021-01-19,Active
STU002406,SCH004,0,Male,2018-12-01,Active
STU002407,SCH011,3,Male,2018-10-24,Active
STU002408,SCH017,12,Female,2023-07-28,Active
STU002409,SCH004,3,Male,2022-09-10,Active
STU002410,SCH046,10,Female,2023-04-26,Active
STU002411,SCH016,2,Male,2021-10-16,Active
STU002412,SCH025,0,Male,2020-01-26,Active
STU002413,SCH027,8,Female,2023-01-07,Active
STU002414,SCH022,11,Male,2021-07-23,Active
STU002415,SCH005,3,Female,2022-04-09,Active
STU002416,SCH003,4,Female,2018-01-16,Active
STU002417,SCH024,11,Female,2018-03-14,Active
STU002418,SCH013,4,Female,2023-06-25,Active
STU002419,SCH032,9,Female,2018-01-16,Active
STU002420,SCH045,10,Female,2021-09-22,Active
STU002421,SCH031,1,Female,2023-03-13,Active
STU002422,SCH038,2,Male,2021-11-01,Active
STU002423,SCH007,6,Female,2019-01-19,Active
STU002424,SCH030,3,Female,2023-01-01,Active
STU002425,SCH020,3,Female,2020-10-22,Active
STU002426,SCH036,2,Female,2023-03-03,Active
STU002427,SCH008,6,Male,2020-07-30,Active
STU002428,SCH022,12,Male,2018-02-04,Active
STU002429,SCH028,0,Female,2023-01-04,Active
STU002430,SCH005,3,Female,2023-04-19,Active
STU002431,SCH019,1,Female,2023-04-17,Active
STU002432,SCH047,5,Male,2023-09-13,Active
STU002433,SCH026,1,Female,2019-09-01,Active
STU002434,SCH009,9,Male,2019-08-28,Active
STU002435,SCH016,1,Female,2018-11-07,Active
STU002436,SCH029,9,Female,2019-12-18,Active
STU002437,SCH030,2,Female,2022-12-28,Active
STU002438,SCH013,6,Male,2021-07-17,Active
STU002439,SCH023,10,Female,2021-03-09,Active
STU002440,SCH029,8,Female,2021-12-26,Active
STU002441,SCH043,9,Female,2023-09-18,Active
STU002442,SCH035,8,Female,2022-10-22,Active
STU002443,SCH016,6,Male,2018-10-09,Active
STU002444,SCH010,10,Female,2018-02-10,Active
STU002445,SCH040,6,Female,2023-07-06,Active
STU002446,SCH040,1,Female,2018-09-05,Active
STU002447,SCH024,11,Male,2022-07-03,Active
STU002448,SCH018,1,Female,2020-11-13,Active
STU002449,SCH010,5,Female,2020-03-01,Active
STU002450,SCH002,11,Female,2019-06-04,Active
STU002451,SCH014,0,Male,2022-09-16,Active
STU002452,SCH035,9,Male,2019-03-20,Active
STU002453,SCH013,6,Female,2021-12-11,Active
STU002454,SCH029,10,Male,2020-09-20,Active
STU002455,SCH032,9,Male,2019-02-20,Active
STU002456,SCH025,5,Female,2023-11-08,Active
STU002457,SCH036,6,Male,2023-09-05,Active
STU002458,SCH011,6,Male,2019-11-15,Active
STU002459,SCH044,10,Male,2021-08-12,Active
STU002460,SCH041,2,Male,2022-08-22,Active
STU002461,SCH008,0,Female,2018-03-20,Active
STU002462,SCH046,8,Male,2022-12-04,Active
STU002463,SCH001,11,Male,2019-09-16,Active
STU002464,SCH042,12,Female,2019-04-12,Active
STU002465,SCH035,7,Female,2022-04-04,Active
STU002466,SCH047,5,Female,2021-04-15,Active
STU002467,SCH040,4,Male,2023-10-24,Active
STU002468,SCH029,7,Non-specified,2020-04-02,Active
STU002469,SCH035,10,Male,2019-08-26,Active
STU002470,SCH037,5,Male,2022-01-24,Active
STU002471,SCH024,11,Female,2021-10-27,Active
STU002472,SCH039,6,Male,2018-10-02,Active
STU002473,SCH030,1,Male,2021-07-05,Active
STU002474,SCH047,3,Female,2018-07-15,Active
STU002475,SCH012,9,Female,2022-06-29,Active
STU002476,SCH038,1,Female,2023-08-05,Active
STU002477,SCH049,12,Male,2018-01-18,Active
STU002478,SCH025,1,Female,2018-11-19,Active
STU002479,SCH020,6,Male,2021-03-03,Active
STU002480,SCH010,10,Female,2019-12-14,Active
STU002481,SCH009,10,Female,2022-02-10,Active
STU002482,SCH042,11,Female,2023-06-17,Active
STU002483,SCH045,10,Male,2018-08-13,Active
STU002484,SCH033,4,Female,2020-10-25,Active
STU002485,SCH037,2,Female,2020-07-12,Active
STU002486,SCH034,11,Male,2023-10-15,Active
STU002487,SCH012,7,Male,2019-11-05,Active
STU002488,SCH015,3,Male,2020-11-10,Active
STU002489,SCH045,8,Female,2019-03-19,Active
STU002490,SCH026,2,Male,2020-04-05,Active
STU002491,SCH038,5,Female,2022-03-13,Active
STU002492,SCH045,7,Male,2021-02-21,Active
STU002493,SCH018,5,Female,2021-02-04,Active
STU002494,SCH009,8,Female,2021-01-16,Active
STU002495,SCH014,2,Male,2022-12-22,Active
STU002496,SCH033,3,Male,2023-05-23,Active
STU002497,SCH018,3,Female,2019-08-14,Active
STU002498,SCH001,12,Male,2022-07-05,Active
STU002499,SCH042,12,Male,2022-03-06,Active
STU002500,SCH014,0,Female,2018-03-05,Active
STU002501,SCH012,9,Male,2021-07-18,Active
STU002502,SCH011,2,Female,2018-10-14,Active
STU002503,SCH048,6,Female,2019-10-27,Active
STU002504,SCH004,5,Female,2022-07-09,Active
STU002505,SCH027,7,Female,2022-08-25,Active
STU002506,SCH007,0,Male,2019-11-04,Active
STU002507,SCH039,2,Male,2020-03-18,Active
STU002508,SCH046,11,Male,2022-09-19,Active
STU002509,SCH031,4,Female,2022-10-20,Active
STU002510,SCH013,4,Female,2018-04-16,Active
STU002511,SCH043,7,Male,2021-07-31,Active
STU002512,SCH023,10,Male,2019-06-21,Active
STU002513,SCH016,0,Male,2020-07-13,Active
STU002514,SCH020,4,Male,2021-07-29,Active
STU002515,SCH010,2,Male,2023-07-13,Active
STU002516,SCH036,4,Female,2020-06-23,Active
STU002517,SCH013,5,Female,2021-11-06,Active
STU002518,SCH050,9,Female,2022-04-30,Active
STU002519,SCH014,2,Male,2023-08-01,Active
STU002520,SCH011,6,Male,2023-01-13,Active
STU002521,SCH020,0,Female,2022-07-19,Active
STU002522,SCH028,0,Female,2019-04-06,Active
STU002523,SCH032,10,Female,2020-12-23,Active
STU002524,SCH013,3,Male,2021-09-22,Active
STU002525,SCH047,1,Female,2023-02-14,Active
STU002526,SCH043,8,Female,2023-06-18,Active
STU002527,SCH037,3,Male,2019-04-20,Active
STU002528,SCH038,3,Female,2020-04-09,Active
STU002529,SCH023,7,Female,2021-02-24,Active
STU002530,SCH026,2,Male,2020-04-23,Active
STU002531,SCH044,9,Male,2018-03-16,Active
STU002532,SCH018,4,Male,2019-07-29,Active
STU002533,SCH021,8,Female,2018-01-14,Active
STU002534,SCH021,12,Female,2020-04-10,Active
STU002535,SCH030,3,Male,2018-10-13,Active
STU002536,SCH006,1,Male,2022-06-25,Active
STU002537,SCH015,3,Female,2022-05-09,Active
STU002538,SCH021,7,Male,2021-12-20,Active
STU002539,SCH048,4,Female,2023-01-29,Active
STU002540,SCH025,2,Male,2021-10-12,Active
STU002541,SCH010,1,Male,2019-09-12,Active
STU002542,SCH029,9,Male,2018-02-26,Active
STU002543,SCH027,8,Male,2020-10-12,Active
STU002544,SCH024,11,Male,2022-06-07,Active
STU002545,SCH040,0,Female,2023-08-25,Active
STU002546,SCH039,5,Female,2022-08-04,Active
STU002547,SCH006,5,Non-specified,2023-06-13,Active
STU002548,SCH003,4,Female,2020-01-30,Active
STU002549,SCH023,10,Male,2022-10-28,Active
STU002550,SCH002,12,Female,2020-07-31,Active
STU002551,SCH010,1,Male,2021-08-15,Active
STU002552,SCH007,0,Female,2019-01-08,Active
STU002553,SCH010,10,Female,2020-08-21,Active
STU002554,SCH017,11,Male,2022-01-06,Active
STU002555,SCH047,3,Male,2020-09-30,Active
STU002556,SCH012,8,Female,2018-08-02,Active
STU002557,SCH036,5,Male,2023-05-08,Active
STU002558,SCH050,9,Female,2021-05-23,Active
STU002559,SCH046,11,Female,2019-06-02,Active
STU002560,SCH050,7,Male,2023-11-25,Active
STU002561,SCH014,3,Female,2022-08-09,Active
STU002562,SCH031,11,Female,2018-05-01,Active
STU002563,SCH046,5,Male,2022-12-19,Active
STU002564,SCH020,6,Female,2021-10-14,Active
STU002565,SCH029,8,Male,2019-08-23,Active
STU002566,SCH044,9,Female,2023-03-10,Active
STU002567,SCH032,8,Male,2019-10-28,Active
STU002568,SCH020,0,Female,2019-05-29,Active
STU002569,SCH037,5,Male,2022-06-04,Active
STU002570,SCH001,12,Male,2018-11-20,Active
STU002571,SCH031,8,Male,2018-01-23,Active
STU002572,SCH033,6,Female,2023-08-23,Active
STU002573,SCH030,1,Male,2022-10-09,Active
STU002574,SCH037,4,Female,2018-05-29,Active
STU002575,SCH014,0,Male,2021-06-12,Active
STU002576,SCH003,5,Male,2020-06-12,Active
STU002577,SCH047,2,Female,2019-09-17,Active
STU002578,SCH018,1,Male,2023-12-11,Active
STU002579,SCH014,0,Female,2023-05-07,Active
STU002580,SCH003,2,Female,2018-11-17,Active
STU002581,SCH026,0,Female,2018-01-19,Active
STU002582,SCH019,1,Female,2020-07-09,Active
STU002583,SCH020,3,Female,2023-09-10,Active
STU002584,SCH034,12,Female,2018-07-19,Active
STU002585,SCH021,10,Female,2018-11-09,Active
STU002586,SCH048,3,Female,2022-02-01,Active
STU002587,SCH031,11,Male,2022-09-30,Active
STU002588,SCH012,7,Female,2020-06-26,Active
STU002589,SCH027,8,Male,2023-06-08,Active
STU002590,SCH007,0,Male,2019-01-05,Active
STU002591,SCH034,12,Male,2023-01-15,Active
STU002592,SCH008,4,Female,2021-02-21,Active
STU002593,SCH046,5,Female,2022-12-07,Active
STU002594,SCH038,4,Female,2018-09-20,Active
STU002595,SCH041,2,Male,2023-05-20,Active
STU002596,SCH029,10,Non-specified,2018-06-08,Active
STU002597,SCH016,2,Female,2020-04-13,Active
STU002598,SCH040,5,Female,2020-11-03,Active
STU002599,SCH013,1,Female,2021-11-19,Active
STU002600,SCH030,5,Female,2021-03-04,Active
STU002601,SCH017,12,Female,2022-11-20,Active
STU002602,SCH009,9,Male,2019-09-05,Active
STU002603,SCH022,12,Male,2020-11-17,Active
STU002604,SCH037,6,Female,2020-08-01,Active
STU002605,SCH006,5,Male,2019-01-31,Active
STU002606,SCH006,1,Male,2019-06-23,Active
STU002607,SCH003,2,Male,2019-12-18,Active
STU002608,SCH022,12,Male,2021-10-05,Active
STU002609,SCH022,11,Female,2019-12-28,Active
STU002610,SCH016,1,Female,2021-03-31,Active
STU002611,SCH020,4,Male,2018-01-13,Active
STU002612,SCH016,1,Female,2023-03-18,Active
STU002613,SCH037,5,Female,2022-11-28,Active
STU002614,SCH035,9,Female,2018-02-08,Active
STU002615,SCH027,7,Female,2019-09-26,Active
STU002616,SCH005,4,Female,2020-06-02,Active
STU002617,SCH045,10,Female,2019-08-20,Active
STU002618,SCH013,0,Non-specified,2020-10-23,Active
STU002619,SCH030,1,Female,2023-04-25,Active
STU002620,SCH006,2,Female,2021-12-14,Active
STU002621,SCH034,11,Female,2023-08-18,Active
STU002622,SCH048,5,Female,2020-05-16,Active
STU002623,SCH033,3,Male,2020-09-23,Active
STU002624,SCH001,11,Female,2018-11-22,Active
STU002625,SCH048,5,Male,2020-05-07,Active
STU002626,SCH018,2,Female,2021-09-04,Active
STU002627,SCH011,2,Male,2018-04-05,Active
STU002628,SCH046,7,Female,2022-05-24,Active
STU002629,SCH041,6,Non-specified,2021-11-02,Active
STU002630,SCH032,10,Female,2018-07-02,Active
STU002631,SCH026,4,Male,2020-11-21,Active
STU002632,SCH011,2,Female,2022-04-24,Active
STU002633,SCH023,9,Male,2019-11-27,Active
STU002634,SCH036,0,Female,2022-07-24,Active
STU002635,SCH026,3,Male,2020-08-23,Active
STU002636,SCH002,12,Female,2019-12-13,Active
STU002637,SCH006,6,Male,2018-05-20,Active
STU002638,SCH011,4,Female,2022-11-28,Active
STU002639,SCH029,9,Male,2023-07-26,Active
STU002640,SCH005,0,Male,2023-09-01,Active
STU002641,SCH026,0,Male,2022-10-20,Active
STU002642,SCH001,11,Male,2022-07-28,Active
STU002643,SCH014,1,Male,2020-12-21,Active
STU002644,SCH030,6,Male,2020-05-07,Active
STU002645,SCH032,7,Male,2022-04-07,Active
STU002646,SCH019,1,Male,2022-10-10,Active
STU002647,SCH023,10,Male,2020-03-11,Active
STU002648,SCH005,3,Female,2022-04-01,Active
STU002649,SCH042,12,Female,2023-10-10,Active
STU002650,SCH046,9,Female,2021-01-04,Active
STU002651,SCH018,1,Female,2021-10-06,Active
STU002652,SCH002,12,Male,2021-04-01,Active
STU002653,SCH015,3,Female,2021-11-19,Active
STU002654,SCH027,7,Male,2023-07-23,Active
STU002655,SCH036,0,Non-specified,2020-04-14,Active
STU002656,SCH029,9,Female,2020-03-15,Active
STU002657,SCH023,8,Male,2023-11-21,Active
STU002658,SCH039,3,Male,2022-07-31,Active
STU002659,SCH006,1,Male,2020-06-16,Active
STU002660,SCH037,0,Female,2020-11-25,Active
STU002661,SCH043,9,Female,2020-10-01,Active
STU002662,SCH010,0,Male,2018-11-15,Active
STU002663,SCH021,3,Female,2018-12-26,Active
STU002664,SCH041,1,Female,2022-05-03,Active
STU002665,SCH012,7,Female,2021-09-16,Active
STU002666,SCH045,10,Female,2019-08-29,Active
STU002667,SCH031,5,Male,2021-11-12,Active
STU002668,SCH027,9,Female,2018-10-10,Active
STU002669,SCH033,2,Female,2018-03-28,Active
STU002670,SCH043,9,Male,2021-02-03,Active
STU002671,SCH047,1,Female,2019-01-03,Active
STU002672,SCH040,6,Male,2020-06-01,Active
STU002673,SCH021,8,Female,2022-07-07,Active
STU002674,SCH012,9,Male,2019-03-30,Active
STU002675,SCH045,10,Male,2022-06-10,Active
STU002676,SCH043,8,Male,2021-11-20,Active
STU002677,SCH042,11,Male,2019-10-10,Active
STU002678,SCH037,0,Female,2018-08-12,Active
STU002679,SCH011,4,Female,2022-02-07,Active
STU002680,SCH050,8,Male,2018-07-19,Active
STU002681,SCH017,11,Female,2018-08-30,Active
STU002682,SCH040,5,Female,2018-11-30,Active
STU002683,SCH012,7,Male,2021-01-12,Active
STU002684,SCH016,2,Male,2018-08-08,Active
STU002685,SCH043,8,Female,2019-01-12,Active
STU002686,SCH031,11,Female,2023-10-29,Active
STU002687,SCH014,5,Female,2023-05-21,Active
STU002688,SCH022,12,Female,2023-04-11,Active
STU002689,SCH010,11,Male,2023-02-19,Active
STU002690,SCH009,8,Male,2021-12-27,Active
STU002691,SCH027,8,Female,2019-05-03,Active
STU002692,SCH047,4,Female,2022-08-19,Active
STU002693,SCH024,12,Female,2022-02-16,Active
STU002694,SCH012,7,Female,2021-12-20,Active
STU002695,SCH037,1,Female,2020-03-26,Active
STU002696,SCH010,11,Female,2022-05-10,Active
STU002697,SCH035,10,Male,2022-09-21,Active
STU002698,SCH008,1,Male,2021-01-10,Active
STU002699,SCH025,5,Female,2021-11-08,Active
STU002700,SCH044,10,Non-specified,2018-04-13,Active
STU002701,SCH049,12,Male,2018-06-17,Active
STU002702,SCH045,9,Female,2020-08-11,Active
STU002703,SCH026,0,Female,2020-06-10,Active
STU002704,SCH006,4,Female,2018-06-14,Active
STU002705,SCH028,0,Female,2018-07-06,Active
STU002706,SCH043,7,Male,2018-01-27,Active
STU002707,SCH049,12,Male,2021-07-28,Active
STU002708,SCH020,4,Female,2021-03-16,Active
STU002709,SCH043,10,Female,2023-09-07,Active
STU002710,SCH001,11,Female,2023-10-07,Active
STU002711,SCH040,3,Male,2019-01-09,Active
STU002712,SCH013,0,Male,2021-04-16,Active
STU002713,SCH050,9,Male,2021-06-19,Active
STU002714,SCH012,7,Female,2019-12-16,Active
STU002715,SCH025,1,Male,2021-05-08,Active
STU002716,SCH012,7,Female,2021-04-12,Active
STU002717,SCH032,7,Female,2018-12-10,Active
STU002718,SCH017,12,Male,2021-03-22,Active
STU002719,SCH006,4,Non-specified,2018-07-27,Active
STU002720,SCH041,1,Male,2023-03-27,Active
STU002721,SCH041,6,Female,2023-05-29,Active
STU002722,SCH024,12,Male,2018-07-19,Active
STU002723,SCH020,5,Male,2020-07-21,Active
STU002724,SCH009,9,Male,2018-07-18,Active
STU002725,SCH023,7,Female,2021-02-02,Active
STU002726,SCH041,3,Male,2022-05-22,Active
STU002727,SCH024,12,Male,2019-03-03,Active
STU002728,SCH004,1,Female,2019-12-26,Active
STU002729,SCH003,1,Female,2021-11-21,Active
STU002730,SCH008,1,Female,2020-08-20,Active
STU002731,SCH025,3,Female,2023-01-15,Active
STU002732,SCH018,3,Male,2019-11-14,Active
STU002733,SCH002,12,Male,2020-04-01,Active
STU002734,SCH005,2,Male,2021-10-22,Active
STU002735,SCH036,1,Female,2023-06-25,Active
STU002736,SCH049,11,Male,2018-03-19,Active
STU002737,SCH021,2,Male,2022-09-26,Active
STU002738,SCH015,3,Female,2018-10-09,Active
STU002739,SCH034,12,Male,2022-10-17,Active
STU002740,SCH018,6,Female,2021-02-17,Active
STU002741,SCH038,1,Female,2019-12-02,Active
STU002742,SCH033,5,Male,2022-01-10,Active
STU002743,SCH048,1,Male,2020-06-27,Active
STU002744,SCH036,3,Female,2019-11-18,Active
STU002745,SCH032,9,Male,2021-08-17,Active
STU002746,SCH021,2,Male,2023-08-24,Active
STU002747,SCH005,5,Female,2021-08-24,Active
STU002748,SCH011,3,Male,2023-06-07,Active
STU002749,SCH005,1,Male,2018-01-24,Active
STU002750,SCH048,3,Male,2021-09-03,Active
STU002751,SCH034,11,Female,2021-06-24,Active
STU002752,SCH038,6,Female,2019-10-09,Active
STU002753,SCH022,11,Female,2023-10-04,Active
STU002754,SCH030,5,Female,2018-02-18,Active
STU002755,SCH038,1,Male,2021-07-15,Active
STU002756,SCH003,3,Male,2023-06-15,Active
STU002757,SCH022,12,Female,2022-01-05,Active
STU002758,SCH019,5,Male,2018-03-23,Active
STU002759,SCH004,2,Female,2019-05-02,Active
STU002760,SCH004,2,Male,2023-02-09,Active
STU002761,SCH003,2,Female,2021-06-10,Active
STU002762,SCH002,12,Male,2023-10-02,Active
STU002763,SCH001,11,Male,2019-01-20,Active
STU002764,SCH008,6,Female,2022-05-29,Active
STU002765,SCH003,6,Male,2021-10-27,Active
STU002766,SCH021,7,Female,2022-11-11,Active
STU002767,SCH048,3,Male,2020-10-22,Active
STU002768,SCH007,1,Male,2020-06-03,Active
STU002769,SCH008,6,Male,2021-02-12,Active
STU002770,SCH002,11,Female,2019-05-10,Active
STU002771,SCH016,4,Female,2020-02-23,Active
STU002772,SCH045,8,Male,2019-10-31,Active
STU002773,SCH047,3,Male,2021-12-01,Active
STU002774,SCH034,11,Female,2022-05-24,Active
STU002775,SCH043,7,Female,2022-06-06,Active
STU002776,SCH018,0,Male,2023-03-08,Active
STU002777,SCH033,0,Male,2018-05-24,Active
STU002778,SCH044,8,Male,2020-04-23,Active
STU002779,SCH024,12,Female,2020-04-05,Active
STU002780,SCH013,1,Female,2019-08-03,Active
STU002781,SCH031,11,Female,2020-12-01,Active
STU002782,SCH019,4,Male,2019-10-06,Active
STU002783,SCH050,10,Female,2022-06-15,Active
STU002784,SCH025,6,Female,2019-12-19,Active
STU002785,SCH043,9,Female,2021-08-07,Active
STU002786,SCH019,3,Female,2021-06-27,Active
STU002787,SCH038,5,Female,2018-03-20,Active
STU002788,SCH039,3,Female,2023-01-17,Active
STU002789,SCH024,12,Female,2021-11-19,Active
STU002790,SCH044,7,Female,2022-08-13,Active
STU002791,SCH035,10,Male,2022-01-07,Active
STU002792,SCH043,8,Male,2023-03-26,Active
STU002793,SCH035,7,Male,2018-02-05,Active
STU002794,SCH042,11,Female,2023-06-28,Active
STU002795,SCH025,0,Female,2018-12-20,Active
STU002796,SCH036,0,Male,2018-08-10,Active
STU002797,SCH049,11,Male,2020-05-05,Active
STU002798,SCH027,8,Female,2020-10-21,Active
STU002799,SCH038,2,Male,2022-11-27,Active
STU002800,SCH003,3,Male,2023-04-20,Active
STU002801,SCH019,2,Female,2023-10-10,Active
STU002802,SCH009,8,Female,2019-07-12,Active
STU002803,SCH043,9,Male,2022-01-22,Active
STU002804,SCH031,9,Male,2020-10-03,Active
STU002805,SCH022,12,Female,2018-02-17,Active
STU002806,SCH012,10,Female,2018-01-04,Active
STU002807,SCH040,2,Male,2023-07-29,Active
STU002808,SCH048,5,Female,2022-09-03,Active
STU002809,SCH008,3,Female,2023-12-31,Active
STU002810,SCH035,10,Male,2019-07-04,Active
STU002811,SCH030,1,Male,2021-12-26,Active
STU002812,SCH007,0,Female,2019-06-19,Active
STU002813,SCH003,2,Male,2020-06-15,Active
STU002814,SCH004,1,Male,2019-12-18,Active
STU002815,SCH009,9,Female,2023-09-05,Active
STU002816,SCH017,11,Male,2021-07-28,Active
STU002817,SCH029,7,Male,2018-02-04,Active
STU002818,SCH023,8,Female,2022-06-06,Active
STU002819,SCH027,7,Male,2021-01-29,Active
STU002820,SCH010,2,Female,2019-11-12,Active
STU002821,SCH031,7,Male,2018-03-03,Active
STU002822,SCH019,0,Male,2019-01-08,Active
STU002823,SCH010,11,Male,2020-06-16,Active
STU002824,SCH034,11,Female,2019-07-16,Active
STU002825,SCH037,5,Female,2021-04-14,Active
STU002826,SCH003,0,Female,2023-10-01,Active
STU002827,SCH034,11,Female,2019-03-08,Active
STU002828,SCH021,10,Male,2020-06-02,Active
STU002829,SCH044,9,Male,2020-12-04,Active
STU002830,SCH048,4,Female,2023-03-23,Active
STU002831,SCH046,5,Non-specified,2021-02-09,Active
STU002832,SCH035,9,Female,2021-08-28,Active
STU002833,SCH041,4,Female,2019-01-23,Active
STU002834,SCH035,10,Female,2020-09-19,Active
STU002835,SCH031,5,Male,2023-02-20,Active
STU002836,SCH005,4,Male,2018-08-06,Active
STU002837,SCH047,1,Female,2021-12-17,Active
STU002838,SCH050,7,Female,2022-10-27,Active
STU002839,SCH034,11,Female,2018-01-16,Active
STU002840,SCH050,8,Male,2018-01-21,Active
STU002841,SCH032,8,Female,2019-02-21,Active
STU002842,SCH041,6,Male,2020-11-28,Active
STU002843,SCH021,2,Female,2021-12-14,Active
STU002844,SCH044,7,Male,2019-02-20,Active
STU002845,SCH016,5,Female,2022-08-22,Active
STU002846,SCH033,1,Female,2021-09-13,Active
STU002847,SCH004,6,Male,2020-05-21,Active
STU002848,SCH013,6,Female,2018-04-18,Active
STU002849,SCH048,3,Non-specified,2018-06-28,Active
STU002850,SCH033,4,Male,2020-03-24,Active
STU002851,SCH009,10,Male,2022-10-31,Active
STU002852,SCH014,6,Male,2020-12-10,Active
STU002853,SCH023,8,Female,2022-10-09,Active
STU002854,SCH027,8,Male,2021-08-05,Active
STU002855,SCH044,10,Male,2023-08-14,Active
STU002856,SCH003,2,Female,2021-05-18,Active
STU002857,SCH012,8,Male,2020-05-11,Active
STU002858,SCH005,4,Female,2023-10-21,Active
STU002859,SCH028,2,Male,2022-10-25,Active
STU002860,SCH019,6,Female,2022-04-16,Active
STU002861,SCH032,9,Female,2020-07-07,Active
STU002862,SCH023,10,Male,2023-06-02,Active
STU002863,SCH004,6,Male,2022-11-24,Active
STU002864,SCH010,3,Male,2023-11-24,Active
STU002865,SCH048,6,Female,2021-02-19,Active
STU002866,SCH007,0,Female,2020-01-24,Active
STU002867,SCH044,9,Male,2020-03-04,Active
STU002868,SCH010,9,Female,2018-03-26,Active
STU002869,SCH024,11,Male,2020-09-01,Active
STU002870,SCH005,5,Male,2021-03-28,Active
STU002871,SCH047,4,Female,2019-12-22,Active
STU002872,SCH018,0,Female,2022-02-08,Active
STU002873,SCH001,12,Male,2023-04-18,Active
STU002874,SCH041,4,Female,2019-09-10,Active
STU002875,SCH040,1,Female,2018-10-21,Active
STU002876,SCH010,12,Male,2019-06-11,Active
STU002877,SCH048,5,Female,2022-01-31,Active
STU002878,SCH048,0,Female,2018-08-01,Active
STU002879,SCH037,0,Female,2021-01-22,Active
STU002880,SCH031,3,Male,2020-06-29,Active
STU002881,SCH010,4,Male,2022-11-06,Active
STU002882,SCH046,0,Male,2023-03-12,Active
STU002883,SCH005,6,Female,2018-05-28,Active
STU002884,SCH035,7,Male,2020-05-19,Active
STU002885,SCH023,8,Male,2023-04-17,Active
STU002886,SCH011,3,Female,2018-05-25,Active
STU002887,SCH017,11,Female,2022-01-10,Active
STU002888,SCH037,4,Male,2021-09-04,Active
STU002889,SCH034,11,Male,2022-07-24,Active
STU002890,SCH013,0,Male,2021-12-19,Active
STU002891,SCH012,10,Male,2022-01-30,Active
STU002892,SCH008,0,Female,2020-08-12,Active
STU002893,SCH001,11,Male,2019-05-20,Active
STU002894,SCH030,0,Male,2020-11-28,Active
STU002895,SCH015,2,Male,2022-02-03,Active
STU002896,SCH029,9,Female,2020-12-07,Active
STU002897,SCH022,12,Male,2018-11-15,Active
STU002898,SCH040,0,Male,2023-01-30,Active
STU002899,SCH014,3,Male,2020-10-04,Active
STU002900,SCH047,6,Male,2023-08-15,Active
STU002901,SCH016,1,Female,2021-07-07,Active
STU002902,SCH041,6,Male,2018-08-06,Active
STU002903,SCH025,4,Male,2022-06-29,Active
STU002904,SCH001,11,Male,2022-01-09,Active
STU002905,SCH024,11,Male,2019-02-16,Active
STU002906,SCH005,0,Male,2023-03-06,Active
STU002907,SCH033,3,Female,2019-11-23,Active
STU002908,SCH044,10,Male,2022-08-20,Active
STU002909,SCH023,8,Female,2021-10-20,Active
STU002910,SCH016,0,Female,2019-11-04,Active
STU002911,SCH036,6,Female,2022-08-01,Active
STU002912,SCH002,12,Male,2023-10-27,Active
STU002913,SCH003,5,Male,2019-02-06,Active
STU002914,SCH031,12,Male,2021-01-30,Active
STU002915,SCH038,1,Female,2019-08-09,Active
STU002916,SCH044,7,Female,2023-05-11,Active
STU002917,SCH050,10,Male,2019-10-12,Active
STU002918,SCH048,3,Male,2020-07-01,Active
STU002919,SCH010,6,Female,2022-09-19,Active
STU002920,SCH025,0,Female,2021-08-27,Active
STU002921,SCH027,8,Female,2021-04-16,Active
STU002922,SCH026,1,Female,2018-08-26,Active
STU002923,SCH027,8,Male,2018-06-19,Active
STU002924,SCH002,12,Female,2022-10-20,Active
STU002925,SCH050,7,Male,2020-03-13,Active
STU002926,SCH034,12,Female,2022-05-29,Active
STU002927,SCH023,8,Male,2023-05-26,Active
STU002928,SCH030,0,Male,2018-09-24,Active
STU002929,SCH032,8,Female,2018-09-16,Active
STU002930,SCH049,11,Female,2023-06-04,Active
STU002931,SCH015,5,Female,2022-04-30,Active
STU002932,SCH038,6,Male,2019-12-18,Active
STU002933,SCH022,11,Male,2018-04-01,Active
STU002934,SCH037,5,Non-specified,2019-11-25,Active
STU002935,SCH020,6,Male,2020-05-09,Active
STU002936,SCH048,3,Male,2019-10-30,Active
STU002937,SCH046,12,Male,2023-11-27,Active
STU002938,SCH031,11,Female,2020-01-27,Active
STU002939,SCH015,2,Female,2020-04-07,Active
STU002940,SCH006,2,Female,2022-11-18,Active
STU002941,SCH002,11,Female,2022-07-03,Active
STU002942,SCH011,0,Female,2021-04-13,Active
STU002943,SCH006,1,Female,2021-06-02,Active
STU002944,SCH038,3,Male,2020-11-02,Active
STU002945,SCH043,8,Female,2018-07-11,Active
STU002946,SCH010,2,Female,2023-05-29,Active
STU002947,SCH039,5,Male,2021-08-17,Active
STU002948,SCH011,1,Female,2022-05-05,Active
STU002949,SCH043,9,Female,2022-07-29,Active
STU002950,SCH026,0,Male,2020-04-10,Active
STU002951,SCH049,12,Female,2019-06-15,Active
STU002952,SCH014,3,Female,2022-02-16,Active
STU002953,SCH025,5,Male,2022-10-26,Active
STU002954,SCH024,11,Female,2022-05-03,Active
STU002955,SCH007,3,Female,2021-09-23,Active
STU002956,SCH005,5,Female,2023-10-16,Active
STU002957,SCH008,4,Male,2023-11-05,Active
STU002958,SCH016,2,Male,2021-03-04,Active
STU002959,SCH033,5,Female,2019-05-17,Active
STU002960,SCH046,4,Male,2018-05-31,Active
STU002961,SCH016,0,Male,2018-12-03,Active
STU002962,SCH036,3,Male,2020-01-12,Active
STU002963,SCH025,5,Female,2023-01-10,Active
STU002964,SCH020,2,Male,2019-08-28,Active
STU002965,SCH011,0,Female,2022-02-11,Active
STU002966,SCH022,11,Male,2020-12-04,Active
STU002967,SCH021,3,Male,2022-04-16,Active
STU002968,SCH014,4,Male,2018-01-25,Active
STU002969,SCH037,1,Male,2021-11-26,Active
STU002970,SCH019,5,Female,2021-04-12,Active
STU002971,SCH012,9,Female,2022-08-28,Active
STU002972,SCH030,6,Male,2019-01-25,Active
STU002973,SCH021,9,Female,2022-12-29,Active
STU002974,SCH003,1,Male,2020-07-19,Active
STU002975,SCH044,7,Male,2018-02-09,Active
STU002976,SCH007,2,Female,2023-11-07,Active
STU002977,SCH028,6,Female,2019-08-11,Active
STU002978,SCH033,3,Male,2023-01-28,Active
STU002979,SCH009,7,Female,2018-02-22,Active
STU002980,SCH030,3,Male,2021-10-18,Active
STU002981,SCH023,8,Male,2018-11-13,Active
STU002982,SCH010,5,Female,2021-07-07,Active
STU002983,SCH041,3,Female,2020-01-21,Active
STU002984,SCH045,8,Male,2023-05-16,Active
STU002985,SCH004,6,Male,2019-10-27,Active
STU002986,SCH050,9,Female,2023-02-01,Active
STU002987,SCH023,9,Male,2021-06-06,Active
STU002988,SCH012,9,Female,2020-05-06,Active
STU002989,SCH043,7,Male,2018-04-24,Active
STU002990,SCH025,0,Male,2020-10-26,Active
STU002991,SCH050,8,Male,2021-02-20,Active
STU002992,SCH034,12,Male,2021-09-29,Active
STU002993,SCH025,1,Male,2021-11-17,Active
STU002994,SCH034,12,Female,2023-07-30,Active
STU002995,SCH020,3,Male,2019-11-24,Active
STU002996,SCH050,9,Male,2019-07-27,Active
STU002997,SCH005,3,Female,2020-04-18,Active
STU002998,SCH010,10,Male,2020-10-11,Active
STU002999,SCH016,0,Female,2022-03-12,Active
STU003000,SCH031,3,Female,2022-02-17,Active
STU003001,SCH045,10,Female,2020-03-09,Active
STU003002,SCH035,7,Female,2021-01-23,Active
STU003003,SCH033,3,Female,2023-05-21,Active
STU003004,SCH045,9,Male,2020-04-18,Active
STU003005,SCH031,12,Male,2023-05-06,Active
STU003006,SCH039,6,Female,2018-02-28,Active
STU003007,SCH014,2,Female,2018-10-21,Active
STU003008,SCH015,5,Male,2020-01-25,Active
STU003009,SCH006,0,Male,2020-06-01,Active
STU003010,SCH047,1,Female,2018-11-22,Active
STU003011,SCH037,2,Female,2021-04-05,Active
STU003012,SCH033,4,Female,2021-09-11,Active
STU003013,SCH015,1,Male,2021-09-02,Active
STU003014,SCH025,0,Female,2021-10-31,Active
STU003015,SCH048,4,Male,2018-04-29,Active
STU003016,SCH038,5,Female,2019-01-04,Active
STU003017,SCH008,3,Male,2018-02-09,Active
STU003018,SCH023,7,Male,2021-11-14,Active
STU003019,SCH011,3,Female,2023-02-26,Active
STU003020,SCH004,6,Female,2018-11-19,Active
STU003021,SCH027,8,Male,2021-12-16,Active
STU003022,SCH043,8,Female,2023-09-09,Active
STU003023,SCH003,6,Male,2021-06-01,Active
STU003024,SCH040,2,Female,2020-11-21,Active
STU003025,SCH029,7,Female,2020-04-02,Active
STU003026,SCH012,8,Male,2019-02-27,Active
STU003027,SCH026,6,Female,2020-10-16,Active
STU003028,SCH036,6,Male,2019-09-07,Active
STU003029,SCH039,1,Female,2018-09-08,Active
STU003030,SCH046,9,Female,2021-02-15,Active
STU003031,SCH037,5,Male,2022-01-09,Active
STU003032,SCH041,5,Female,2020-11-12,Active
STU003033,SCH041,4,Male,2018-04-28,Active
STU003034,SCH008,4,Male,2019-03-09,Active
STU003035,SCH016,6,Male,2018-12-25,Active
STU003036,SCH005,3,Male,2023-09-20,Active
STU003037,SCH016,2,Female,2020-01-04,Active
STU003038,SCH026,2,Female,2023-01-31,Active
STU003039,SCH002,11,Male,2021-10-17,Active
STU003040,SCH041,5,Female,2022-08-11,Active
STU003041,SCH006,4,Male,2022-12-29,Active
STU003042,SCH025,5,Male,2021-11-15,Active
STU003043,SCH027,10,Male,2021-02-25,Active
STU003044,SCH013,4,Male,2023-08-01,Active
STU003045,SCH007,1,Female,2022-04-08,Active
STU003046,SCH010,6,Female,2021-07-05,Active
STU003047,SCH033,4,Female,2023-06-17,Active
STU003048,SCH045,9,Female,2022-03-28,Active
STU003049,SCH041,3,Male,2019-03-27,Active
STU003050,SCH041,1,Male,2021-07-27,Active
STU003051,SCH014,0,Male,2018-04-29,Active
STU003052,SCH050,10,Male,2020-09-27,Active
STU003053,SCH003,2,Female,2023-05-26,Active
STU003054,SCH004,5,Female,2023-04-11,Active
STU003055,SCH030,5,Male,2022-06-11,Active
STU003056,SCH017,11,Female,2021-12-08,Active
STU003057,SCH003,6,Male,2023-11-24,Active
STU003058,SCH016,4,Female,2020-01-02,Active
STU003059,SCH003,2,Male,2023-01-27,Active
STU003060,SCH022,11,Male,2020-01-03,Active
STU003061,SCH024,12,Female,2023-05-19,Active
STU003062,SCH013,1,Male,2019-07-06,Active
STU003063,SCH040,6,Female,2020-10-25,Active
STU003064,SCH025,4,Female,2018-12-24,Active
STU003065,SCH036,6,Female,2022-06-24,Active
STU003066,SCH030,2,Male,2020-12-14,Active
STU003067,SCH031,7,Female,2019-09-06,Active
STU003068,SCH044,8,Male,2020-09-29,Active
STU003069,SCH008,0,Male,2020-08-12,Active
STU003070,SCH044,9,Female,2018-04-07,Active
STU003071,SCH040,5,Male,2022-04-23,Active
STU003072,SCH044,7,Male,2023-02-11,Active
STU003073,SCH043,8,Male,2022-09-14,Active
STU003074,SCH050,9,Female,2019-05-12,Active
STU003075,SCH029,10,Female,2020-10-26,Active
STU003076,SCH014,4,Female,2023-03-27,Active
STU003077,SCH029,7,Female,2018-08-07,Active
STU003078,SCH012,8,Male,2018-06-08,Active
STU003079,SCH011,0,Male,2018-10-04,Active
STU003080,SCH018,6,Male,2023-12-29,Active
STU003081,SCH029,7,Female,2022-07-20,Active
STU003082,SCH042,12,Female,2019-12-15,Active
STU003083,SCH002,12,Female,2022-05-21,Active
STU003084,SCH041,3,Female,2020-12-23,Active
STU003085,SCH026,4,Female,2020-10-10,Active
STU003086,SCH024,11,Male,2019-09-17,Active
STU003087,SCH022,11,Female,2018-02-08,Active
STU003088,SCH046,0,Female,2023-04-20,Active
STU003089,SCH029,9,Male,2019-11-25,Active
STU003090,SCH045,8,Female,2020-11-01,Active
STU003091,SCH027,7,Female,2019-12-16,Active
STU003092,SCH037,1,Male,2018-01-29,Active
STU003093,SCH007,6,Male,2019-05-28,Active
STU003094,SCH030,6,Male,2021-01-02,Active
STU003095,SCH018,4,Female,2021-11-03,Active
STU003096,SCH004,5,Male,2020-04-14,Active
STU003097,SCH007,6,Male,2019-10-17,Active
STU003098,SCH038,2,Female,2023-11-16,Active
STU003099,SCH007,4,Male,2022-01-25,Active
STU003100,SCH039,6,Male,2020-02-23,Active
STU003101,SCH043,10,Male,2019-05-14,Active
STU003102,SCH025,2,Female,2023-10-24,Active
STU003103,SCH040,2,Male,2020-11-21,Active
STU003104,SCH042,11,Male,2019-01-17,Active
STU003105,SCH013,4,Male,2021-11-16,Active
STU003106,SCH027,9,Female,2019-09-26,Active
STU003107,SCH049,12,Female,2019-01-24,Active
STU003108,SCH003,5,Male,2023-07-08,Active
STU003109,SCH044,7,Male,2019-02-23,Active
STU003110,SCH022,12,Female,2021-11-16,Active
STU003111,SCH031,2,Male,2019-04-28,Active
STU003112,SCH014,1,Female,2023-05-03,Active
STU003113,SCH025,4,Male,2022-03-12,Active
STU003114,SCH021,0,Female,2021-04-29,Active
STU003115,SCH047,6,Female,2019-07-12,Active
STU003116,SCH020,0,Male,2020-10-09,Active
STU003117,SCH035,7,Male,2023-06-27,Active
STU003118,SCH028,5,Female,2021-05-22,Active
STU003119,SCH031,6,Female,2020-01-06,Active
STU003120,SCH015,3,Male,2019-12-20,Active
STU003121,SCH039,1,Female,2019-02-13,Active
STU003122,SCH011,2,Male,2021-03-05,Active
STU003123,SCH037,3,Male,2023-12-12,Active
STU003124,SCH039,2,Female,2019-03-02,Active
STU003125,SCH046,6,Female,2020-10-14,Active
STU003126,SCH046,4,Male,2023-01-16,Active
STU003127,SCH005,2,Female,2020-03-31,Active
STU003128,SCH022,11,Female,2021-12-14,Active
STU003129,SCH032,10,Female,2019-01-30,Active
STU003130,SCH019,3,Female,2019-03-03,Active
STU003131,SCH030,1,Female,2020-04-12,Active
STU003132,SCH039,0,Female,2020-08-14,Active
STU003133,SCH050,9,Female,2018-08-09,Active
STU003134,SCH012,8,Female,2018-12-05,Active
STU003135,SCH013,3,Non-specified,2021-10-04,Active
STU003136,SCH041,2,Female,2023-02-16,Active
STU003137,SCH048,2,Male,2018-08-15,Active
STU003138,SCH049,12,Female,2018-09-19,Active
STU003139,SCH038,2,Male,2021-03-05,Active
STU003140,SCH014,2,Female,2022-09-02,Active
STU003141,SCH002,11,Male,2019-12-10,Active
STU003142,SCH016,1,Male,2019-09-05,Active
STU003143,SCH039,3,Female,2018-01-16,Active
STU003144,SCH037,0,Male,2023-11-07,Active
STU003145,SCH034,12,Male,2023-11-05,Active
STU003146,SCH012,9,Female,2020-04-08,Active
STU003147,SCH012,8,Male,2022-12-27,Active
STU003148,SCH025,6,Male,2020-12-12,Active
STU003149,SCH042,11,Female,2023-11-06,Active
STU003150,SCH012,8,Female,2018-10-06,Active
STU003151,SCH028,1,Female,2020-02-20,Active
STU003152,SCH035,9,Female,2022-09-06,Active
STU003153,SCH003,4,Female,2021-04-14,Active
STU003154,SCH045,9,Female,2022-03-04,Active
STU003155,SCH018,0,Male,2021-04-18,Active
STU003156,SCH037,5,Female,2021-11-12,Active
STU003157,SCH036,4,Female,2018-09-07,Active
STU003158,SCH030,4,Male,2020-05-24,Active
STU003159,SCH037,2,Male,2023-11-26,Active
STU003160,SCH041,4,Male,2020-04-12,Active
STU003161,SCH007,3,Female,2019-09-05,Active
STU003162,SCH034,12,Male,2018-04-15,Active
STU003163,SCH012,10,Male,2018-04-30,Active
STU003164,SCH035,9,Female,2022-07-10,Active
STU003165,SCH021,12,Female,2019-01-23,Active
STU003166,SCH050,7,Female,2018-04-21,Active
STU003167,SCH005,1,Female,2019-12-06,Active
STU003168,SCH043,7,Male,2020-08-25,Active
STU003169,SCH023,7,Male,2019-06-01,Active
STU003170,SCH008,0,Female,2018-06-12,Active
STU003171,SCH015,4,Female,2018-09-01,Active
STU003172,SCH019,2,Female,2020-06-12,Active
STU003173,SCH026,4,Male,2021-02-14,Active
STU003174,SCH043,7,Male,2022-01-19,Active
STU003175,SCH006,6,Male,2019-03-19,Active
STU003176,SCH005,6,Male,2020-02-22,Active
STU003177,SCH007,3,Female,2020-02-14,Active
STU003178,SCH047,2,Female,2018-11-04,Active
STU003179,SCH032,10,Male,2022-09-27,Active
STU003180,SCH035,8,Male,2023-08-29,Active
STU003181,SCH038,2,Female,2019-02-05,Active
STU003182,SCH014,1,Male,2020-11-26,Active
STU003183,SCH022,11,Female,2019-09-23,Active
STU003184,SCH002,11,Female,2021-07-24,Active
STU003185,SCH039,2,Male,2022-01-10,Active
STU003186,SCH025,3,Male,2018-03-13,Active
STU003187,SCH036,0,Male,2021-03-09,Active
STU003188,SCH018,5,Male,2021-09-22,Active
STU003189,SCH030,1,Female,2020-06-07,Active
STU003190,SCH040,3,Male,2021-08-09,Active
STU003191,SCH010,12,Male,2019-12-13,Active
STU003192,SCH001,11,Male,2021-10-04,Active
STU003193,SCH024,12,Male,2018-11-05,Active
STU003194,SCH049,11,Male,2021-07-03,Active
STU003195,SCH048,2,Female,2021-02-13,Active
STU003196,SCH020,3,Male,2022-05-29,Active
STU003197,SCH029,9,Male,2018-04-12,Active
STU003198,SCH050,10,Female,2022-09-03,Active
STU003199,SCH048,0,Male,2018-10-18,Active
STU003200,SCH004,1,Male,2020-04-19,Active
STU003201,SCH028,0,Female,2019-07-13,Active
STU003202,SCH021,9,Male,2022-02-10,Active
STU003203,SCH012,9,Male,2018-10-26,Active
STU003204,SCH037,0,Male,2022-10-27,Active
STU003205,SCH039,0,Female,2018-02-28,Active
STU003206,SCH017,11,Female,2020-09-04,Active
STU003207,SCH038,0,Male,2022-06-21,Active
STU003208,SCH017,11,Female,2018-06-14,Active
STU003209,SCH031,0,Male,2018-06-26,Active
STU003210,SCH014,1,Female,2023-01-10,Active
STU003211,SCH032,7,Female,2019-02-01,Active
STU003212,SCH012,9,Male,2019-12-25,Active
STU003213,SCH031,0,Male,2020-10-20,Active
STU003214,SCH041,2,Female,2021-11-15,Active
STU003215,SCH049,12,Male,2022-06-15,Active
STU003216,SCH012,10,Female,2019-05-01,Active
STU003217,SCH033,3,Male,2022-08-29,Active
STU003218,SCH008,1,Male,2019-06-11,Active
STU003219,SCH032,8,Female,2022-09-04,Active
STU003220,SCH018,0,Female,2018-02-25,Active
STU003221,SCH035,8,Female,2019-08-16,Active
STU003222,SCH019,4,Female,2019-05-06,Active
STU003223,SCH011,0,Female,2018-01-06,Active
STU003224,SCH045,7,Male,2020-10-10,Active
STU003225,SCH004,0,Female,2022-06-14,Active
STU003226,SCH010,7,Female,2020-04-08,Active
STU003227,SCH017,11,Female,2023-08-22,Active
STU003228,SCH023,9,Male,2020-05-25,Active
STU003229,SCH027,10,Female,2022-10-22,Active
STU003230,SCH012,7,Non-specified,2021-04-03,Active
STU003231,SCH044,10,Female,2023-11-28,Active
STU003232,SCH009,9,Female,2018-05-19,Active
STU003233,SCH010,7,Female,2019-03-04,Active
STU003234,SCH036,0,Female,2023-10-19,Active
STU003235,SCH010,1,Female,2022-05-26,Active
STU003236,SCH032,10,Male,2023-09-30,Active
STU003237,SCH037,6,Male,2020-12-01,Active
STU003238,SCH015,3,Female,2023-08-14,Active
STU003239,SCH040,3,Female,2022-04-07,Active
STU003240,SCH025,3,Female,2020-10-01,Active
STU003241,SCH013,4,Male,2018-08-07,Active
STU003242,SCH004,1,Female,2019-01-14,Active
STU003243,SCH001,12,Female,2021-06-10,Active
STU003244,SCH005,2,Female,2023-12-25,Active
STU003245,SCH042,11,Non-specified,2023-11-22,Active
STU003246,SCH044,8,Female,2020-06-03,Active
STU003247,SCH035,8,Male,2023-09-13,Active
STU003248,SCH038,4,Male,2018-10-07,Active
STU003249,SCH001,12,Male,2019-01-20,Active
STU003250,SCH030,4,Female,2023-06-08,Active
STU003251,SCH005,6,Male,2023-05-26,Active
STU003252,SCH031,6,Male,2020-01-12,Active
STU003253,SCH038,6,Female,2019-01-16,Active
STU003254,SCH004,4,Female,2019-09-09,Active
STU003255,SCH011,6,Female,2022-05-27,Active
STU003256,SCH007,2,Male,2023-08-26,Active
STU003257,SCH033,2,Male,2018-07-18,Active
STU003258,SCH002,11,Female,2023-03-10,Active
STU003259,SCH029,10,Male,2020-08-05,Active
STU003260,SCH006,5,Male,2021-01-21,Active
STU003261,SCH015,0,Female,2020-08-12,Active
STU003262,SCH005,2,Male,2021-03-18,Active
STU003263,SCH012,10,Male,2020-12-19,Active
STU003264,SCH049,11,Female,2019-07-09,Active
STU003265,SCH030,5,Male,2022-03-27,Active
STU003266,SCH036,6,Female,2023-04-10,Active
STU003267,SCH013,2,Female,2023-04-16,Active
STU003268,SCH036,0,Male,2022-01-09,Active
STU003269,SCH049,11,Male,2023-02-14,Active
STU003270,SCH024,11,Male,2023-09-30,Active
STU003271,SCH024,12,Female,2021-05-29,Active
STU003272,SCH022,11,Female,2020-05-18,Active
STU003273,SCH027,9,Female,2020-07-26,Active
STU003274,SCH012,10,Female,2022-06-10,Active
STU003275,SCH009,8,Non-specified,2018-12-04,Active
STU003276,SCH016,2,Male,2018-08-16,Active
STU003277,SCH037,5,Male,2019-11-15,Active
STU003278,SCH003,0,Female,2021-12-14,Active
STU003279,SCH019,1,Male,2019-05-25,Active
STU003280,SCH024,12,Male,2020-11-19,Active
STU003281,SCH044,7,Female,2018-07-10,Active
STU003282,SCH050,8,Male,2021-02-27,Active
STU003283,SCH029,10,Male,2023-12-25,Active
STU003284,SCH009,10,Male,2022-08-07,Active
STU003285,SCH025,2,Male,2020-09-20,Active
STU003286,SCH013,1,Male,2018-01-19,Active
STU003287,SCH040,2,Male,2019-10-24,Active
STU003288,SCH001,11,Non-specified,2023-11-29,Active
STU003289,SCH013,3,Female,2020-03-12,Active
STU003290,SCH043,8,Male,2020-05-14,Active
STU003291,SCH018,0,Male,2023-12-26,Active
STU003292,SCH010,0,Female,2023-08-17,Active
STU003293,SCH046,0,Male,2018-12-16,Active
STU003294,SCH017,12,Female,2019-04-13,Active
STU003295,SCH007,6,Male,2020-07-04,Active
STU003296,SCH030,3,Female,2020-05-16,Active
STU003297,SCH011,0,Female,2022-12-03,Active
STU003298,SCH034,12,Male,2018-06-24,Active
STU003299,SCH034,12,Female,2022-06-17,Active
STU003300,SCH034,12,Female,2020-10-01,Active
STU003301,SCH005,5,Female,2018-07-30,Active
STU003302,SCH028,3,Male,2023-11-17,Active
STU003303,SCH001,11,Female,2020-06-13,Active
STU003304,SCH025,1,Male,2021-07-17,Active
STU003305,SCH038,2,Male,2019-02-18,Active
STU003306,SCH006,1,Male,2020-12-30,Active
STU003307,SCH021,10,Female,2020-10-23,Active
STU003308,SCH030,5,Female,2023-09-11,Active
STU003309,SCH047,3,Male,2022-11-26,Active
STU003310,SCH030,1,Female,2021-05-11,Active
STU003311,SCH019,6,Female,2022-05-16,Active
STU003312,SCH046,7,Male,2021-03-30,Active
STU003313,SCH030,1,Male,2021-10-05,Active
STU003314,SCH014,0,Female,2019-10-04,Active
STU003315,SCH038,1,Male,2021-07-25,Active
STU003316,SCH014,0,Female,2023-10-07,Active
STU003317,SCH017,12,Male,2022-12-06,Active
STU003318,SCH041,3,Female,2018-06-15,Active
STU003319,SCH023,9,Female,2021-11-14,Active
STU003320,SCH043,10,Female,2018-04-25,Active
STU003321,SCH039,6,Male,2018-02-02,Active
STU003322,SCH050,8,Male,2022-03-12,Active
STU003323,SCH001,11,Female,2018-09-12,Active
STU003324,SCH018,5,Male,2023-05-25,Active
STU003325,SCH018,0,Female,2020-04-02,Active
STU003326,SCH026,3,Female,2021-06-20,Active
STU003327,SCH013,2,Male,2022-12-14,Active
STU003328,SCH010,2,Male,2021-04-24,Active
STU003329,SCH018,4,Female,2023-04-05,Active
STU003330,SCH049,11,Female,2019-02-09,Active
STU003331,SCH022,12,Male,2023-01-12,Active
STU003332,SCH029,10,Male,2023-07-08,Active
STU003333,SCH033,5,Female,2019-12-16,Active
STU003334,SCH036,1,Male,2022-03-07,Active
STU003335,SCH036,4,Female,2023-02-02,Active
STU003336,SCH044,10,Male,2018-05-15,Active
STU003337,SCH005,1,Female,2019-06-07,Active
STU003338,SCH004,5,Female,2019-09-30,Active
STU003339,SCH008,6,Male,2023-05-18,Active
STU003340,SCH026,2,Male,2018-10-11,Active
STU003341,SCH011,4,Female,2021-01-23,Active
STU003342,SCH024,12,Female,2023-12-18,Active
STU003343,SCH025,1,Female,2019-11-28,Active
STU003344,SCH040,3,Female,2019-06-18,Active
STU003345,SCH029,10,Male,2020-10-01,Active
STU003346,SCH033,0,Female,2020-02-25,Active
STU003347,SCH025,3,Male,2023-06-25,Active
STU003348,SCH037,4,Male,2022-09-26,Active
STU003349,SCH046,6,Male,2018-05-06,Active
STU003350,SCH016,3,Female,2018-11-10,Active
STU003351,SCH030,1,Female,2020-10-22,Active
STU003352,SCH013,6,Female,2023-11-02,Active
STU003353,SCH002,12,Male,2020-06-21,Active
STU003354,SCH016,5,Male,2021-02-02,Active
STU003355,SCH031,6,Male,2020-07-14,Active
STU003356,SCH047,2,Male,2022-01-05,Active
STU003357,SCH022,11,Female,2020-02-07,Active
STU003358,SCH037,2,Male,2020-08-08,Active
STU003359,SCH006,2,Female,2022-10-20,Active
STU003360,SCH019,5,Female,2019-09-02,Active
STU003361,SCH050,9,Male,2019-08-21,Active
STU003362,SCH010,9,Male,2018-07-07,Active
STU003363,SCH047,4,Male,2021-05-08,Active
STU003364,SCH032,7,Male,2021-11-03,Active
STU003365,SCH025,4,Male,2018-09-04,Active
STU003366,SCH043,7,Male,2021-12-06,Active
STU003367,SCH046,11,Female,2023-07-12,Active
STU003368,SCH029,8,Male,2020-12-28,Active
STU003369,SCH016,0,Female,2020-01-19,Active
STU003370,SCH019,0,Male,2020-08-30,Active
STU003371,SCH008,1,Female,2020-09-15,Active
STU003372,SCH005,4,Male,2022-02-19,Active
STU003373,SCH032,10,Female,2022-01-17,Active
STU003374,SCH035,8,Female,2023-11-15,Active
STU003375,SCH044,8,Female,2023-06-07,Active
STU003376,SCH010,0,Female,2021-12-17,Active
STU003377,SCH031,0,Female,2020-08-15,Active
STU003378,SCH048,0,Female,2023-01-24,Active
STU003379,SCH027,7,Female,2020-07-29,Active
STU003380,SCH019,5,Female,2021-01-28,Active
STU003381,SCH037,1,Female,2020-05-29,Active
STU003382,SCH046,10,Female,2021-06-01,Active
STU003383,SCH046,12,Male,2019-04-24,Active
STU003384,SCH026,6,Female,2018-09-19,Active
STU003385,SCH039,0,Male,2021-09-05,Active
STU003386,SCH042,12,Male,2023-10-16,Active
STU003387,SCH046,10,Female,2018-06-08,Active
STU003388,SCH014,4,Male,2021-10-26,Active
STU003389,SCH016,5,Female,2023-10-05,Active
STU003390,SCH041,2,Male,2019-11-28,Active
STU003391,SCH039,2,Male,2019-03-22,Active
STU003392,SCH040,3,Male,2020-12-01,Active
STU003393,SCH045,7,Male,2020-01-09,Active
STU003394,SCH028,4,Female,2020-01-08,Active
STU003395,SCH040,2,Male,2020-04-15,Active
STU003396,SCH035,9,Male,2018-03-22,Active
STU003397,SCH016,5,Male,2020-11-02,Active
STU003398,SCH025,1,Male,2020-11-01,Active
STU003399,SCH047,3,Male,2018-01-31,Active
STU003400,SCH015,4,Female,2020-04-22,Active
STU003401,SCH022,11,Male,2019-01-20,Active
STU003402,SCH031,5,Female,2023-03-17,Active
STU003403,SCH021,7,Female,2021-07-17,Active
STU003404,SCH047,5,Female,2023-01-12,Active
STU003405,SCH005,5,Female,2023-05-25,Active
STU003406,SCH017,12,Male,2023-07-19,Active
STU003407,SCH021,12,Male,2020-09-01,Active
STU003408,SCH003,1,Male,2023-08-26,Active
STU003409,SCH009,10,Male,2018-03-17,Active
STU003410,SCH027,8,Male,2020-02-07,Active
STU003411,SCH016,6,Male,2021-07-18,Active
STU003412,SCH015,6,Female,2018-04-10,Active
STU003413,SCH045,9,Male,2022-08-24,Active
STU003414,SCH030,2,Male,2022-11-10,Active
STU003415,SCH031,1,Male,2020-06-08,Active
STU003416,SCH001,12,Female,2021-11-16,Active
STU003417,SCH010,6,Male,2023-01-05,Active
STU003418,SCH013,6,Female,2023-03-28,Active
STU003419,SCH014,4,Male,2020-05-03,Active
STU003420,SCH006,6,Female,2022-11-21,Active
STU003421,SCH021,8,Male,2023-08-02,Active
STU003422,SCH008,1,Male,2023-07-28,Active
STU003423,SCH006,4,Female,2021-05-27,Active
STU003424,SCH044,10,Male,2022-01-07,Active
STU003425,SCH050,10,Male,2021-05-02,Active
STU003426,SCH009,8,Non-specified,2021-07-21,Active
STU003427,SCH026,3,Male,2021-12-31,Active
STU003428,SCH030,4,Male,2023-10-30,Active
STU003429,SCH048,4,Female,2023-08-05,Active
STU003430,SCH016,3,Female,2020-01-02,Active
STU003431,SCH016,1,Male,2022-11-01,Active
STU003432,SCH006,5,Female,2023-03-27,Active
STU003433,SCH001,12,Female,2022-08-15,Active
STU003434,SCH018,3,Female,2020-02-08,Active
STU003435,SCH032,7,Male,2023-04-14,Active
STU003436,SCH025,4,Female,2019-06-23,Active
STU003437,SCH017,12,Male,2020-08-07,Active
STU003438,SCH020,5,Male,2020-08-11,Active
STU003439,SCH020,1,Female,2020-03-23,Active
STU003440,SCH007,0,Female,2020-04-22,Active
STU003441,SCH018,0,Male,2018-05-29,Active
STU003442,SCH021,11,Male,2019-07-07,Active
STU003443,SCH038,6,Male,2022-08-16,Active
STU003444,SCH043,10,Male,2021-11-27,Active
STU003445,SCH026,2,Male,2022-01-18,Active
STU003446,SCH024,12,Male,2021-12-29,Active
STU003447,SCH047,4,Female,2019-05-11,Active
STU003448,SCH048,6,Female,2023-12-07,Active
STU003449,SCH022,11,Male,2020-04-12,Active
STU003450,SCH007,1,Female,2020-12-21,Active
STU003451,SCH030,4,Female,2023-08-23,Active
STU003452,SCH022,11,Male,2023-10-09,Active
STU003453,SCH009,7,Male,2018-10-06,Active
STU003454,SCH032,10,Male,2020-02-19,Active
STU003455,SCH026,6,Female,2021-05-25,Active
STU003456,SCH015,5,Male,2020-07-01,Active
STU003457,SCH045,7,Female,2021-02-04,Active
STU003458,SCH001,12,Male,2021-05-28,Active
STU003459,SCH001,11,Female,2018-10-15,Active
STU003460,SCH005,6,Female,2020-10-09,Active
STU003461,SCH026,1,Female,2022-02-11,Active
STU003462,SCH007,5,Male,2018-03-22,Active
STU003463,SCH037,3,Male,2023-11-26,Active
STU003464,SCH012,8,Male,2018-08-18,Active
STU003465,SCH013,4,Male,2020-12-01,Active
STU003466,SCH022,12,Male,2021-06-05,Active
STU003467,SCH034,11,Female,2019-02-20,Active
STU003468,SCH011,0,Male,2021-09-13,Active
STU003469,SCH042,12,Male,2019-03-20,Active
STU003470,SCH036,0,Female,2022-06-29,Active
STU003471,SCH028,4,Male,2018-01-30,Active
STU003472,SCH003,1,Female,2020-09-05,Active
STU003473,SCH020,4,Female,2022-12-14,Active
STU003474,SCH045,8,Female,2023-11-24,Active
STU003475,SCH045,9,Male,2020-06-24,Active
STU003476,SCH021,8,Female,2021-09-02,Active
STU003477,SCH015,1,Male,2018-04-26,Active
STU003478,SCH048,5,Female,2021-09-26,Active
STU003479,SCH030,6,Female,2019-02-08,Active
STU003480,SCH034,11,Male,2022-10-13,Active
STU003481,SCH003,0,Male,2023-06-17,Active
STU003482,SCH007,5,Female,2022-10-18,Active
STU003483,SCH038,3,Female,2022-04-20,Active
STU003484,SCH044,10,Female,2021-04-29,Active
STU003485,SCH035,10,Non-specified,2023-09-18,Active
STU003486,SCH012,9,Male,2022-12-08,Active
STU003487,SCH045,7,Male,2018-02-21,Active
STU003488,SCH034,12,Male,2020-03-28,Active
STU003489,SCH001,11,Female,2018-06-01,Active
STU003490,SCH010,3,Male,2021-10-29,Active
STU003491,SCH040,4,Male,2020-03-24,Active
STU003492,SCH030,4,Female,2018-07-13,Active
STU003493,SCH033,0,Male,2018-11-16,Active
STU003494,SCH046,6,Male,2021-06-23,Active
STU003495,SCH010,6,Female,2021-06-26,Active
STU003496,SCH038,3,Female,2020-03-17,Active
STU003497,SCH034,12,Female,2020-07-29,Active
STU003498,SCH009,10,Female,2023-12-16,Active
STU003499,SCH023,9,Female,2022-12-05,Active
STU003500,SCH019,4,Male,2021-04-02,Active
STU003501,SCH009,10,Male,2022-01-28,Active
STU003502,SCH028,6,Female,2023-10-10,Active
STU003503,SCH043,10,Male,2023-05-19,Active
STU003504,SCH004,3,Male,2022-05-16,Active
STU003505,SCH005,6,Female,2019-09-16,Active
STU003506,SCH030,4,Male,2021-12-29,Active
STU003507,SCH033,5,Female,2022-09-05,Active
STU003508,SCH048,5,Male,2020-09-29,Active
STU003509,SCH012,7,Female,2023-01-07,Active
STU003510,SCH046,4,Female,2023-03-14,Active
STU003511,SCH009,8,Female,2018-03-01,Active
STU003512,SCH020,6,Female,2020-08-16,Active
STU003513,SCH033,3,Male,2023-02-10,Active
STU003514,SCH019,4,Male,2021-06-28,Active
STU003515,SCH027,8,Female,2018-07-03,Active
STU003516,SCH043,7,Female,2020-11-07,Active
STU003517,SCH014,4,Female,2023-03-18,Active
STU003518,SCH044,9,Female,2019-10-31,Active
STU003519,SCH006,4,Female,2018-10-15,Active
STU003520,SCH006,2,Male,2020-06-27,Active
STU003521,SCH044,8,Male,2019-04-29,Active
STU003522,SCH033,4,Male,2020-04-06,Active
STU003523,SCH032,9,Male,2021-06-07,Active
STU003524,SCH040,6,Male,2022-12-29,Active
STU003525,SCH010,1,Female,2021-10-24,Active
STU003526,SCH037,4,Female,2019-11-15,Active
STU003527,SCH024,12,Male,2020-07-18,Active
STU003528,SCH041,0,Female,2022-07-31,Active
STU003529,SCH007,3,Female,2023-02-08,Active
STU003530,SCH042,12,Female,2021-02-27,Active
STU003531,SCH007,5,Male,2021-10-11,Active
STU003532,SCH006,6,Female,2020-08-23,Active
STU003533,SCH017,12,Male,2019-10-02,Active
STU003534,SCH003,2,Non-specified,2021-10-30,Active
STU003535,SCH019,0,Female,2019-04-28,Active
STU003536,SCH045,8,Male,2020-12-27,Active
STU003537,SCH036,4,Male,2018-02-27,Active
STU003538,SCH012,7,Male,2022-05-28,Active
STU003539,SCH002,12,Male,2022-05-30,Active
STU003540,SCH046,0,Female,2021-09-19,Active
STU003541,SCH049,11,Male,2021-10-20,Active
STU003542,SCH023,10,Male,2020-07-27,Active
STU003543,SCH016,4,Male,2021-10-21,Active
STU003544,SCH047,0,Male,2021-07-18,Active
STU003545,SCH015,4,Female,2020-11-22,Active
STU003546,SCH050,7,Male,2020-09-30,Active
STU003547,SCH048,0,Male,2018-07-22,Active
STU003548,SCH028,3,Male,2018-06-26,Active
STU003549,SCH014,5,Male,2023-12-18,Active
STU003550,SCH021,2,Female,2023-08-12,Active
STU003551,SCH004,6,Female,2019-04-14,Active
STU003552,SCH015,5,Male,2018-04-16,Active
STU003553,SCH004,5,Female,2019-06-11,Active
STU003554,SCH037,2,Non-specified,2022-01-12,Active
STU003555,SCH014,2,Female,2020-01-18,Active
STU003556,SCH008,5,Male,2022-08-11,Active
STU003557,SCH006,0,Non-specified,2023-09-26,Active
STU003558,SCH034,12,Female,2018-05-04,Active
STU003559,SCH028,5,Male,2021-11-07,Active
STU003560,SCH002,11,Male,2020-04-08,Active
STU003561,SCH037,4,Male,2023-06-26,Active
STU003562,SCH046,0,Female,2021-12-18,Active
STU003563,SCH021,6,Male,2020-01-13,Active
STU003564,SCH044,8,Female,2021-08-09,Active
STU003565,SCH004,0,Female,2021-09-29,Active
STU003566,SCH015,4,Male,2018-10-19,Active
STU003567,SCH016,6,Male,2020-02-15,Active
STU003568,SCH024,12,Female,2023-04-06,Active
STU003569,SCH031,5,Male,2018-05-02,Active
STU003570,SCH026,2,Female,2021-01-22,Active
STU003571,SCH014,3,Male,2023-11-10,Active
STU003572,SCH048,6,Female,2021-03-19,Active
STU003573,SCH001,11,Male,2021-07-30,Active
STU003574,SCH043,9,Female,2021-09-09,Active
STU003575,SCH043,9,Female,2019-11-22,Active
STU003576,SCH021,8,Female,2023-03-21,Active
STU003577,SCH016,3,Male,2019-10-28,Active
STU003578,SCH043,10,Female,2020-10-19,Active
STU003579,SCH025,5,Female,2023-11-11,Active
STU003580,SCH041,0,Male,2019-11-19,Active
STU003581,SCH025,3,Female,2023-12-22,Active
STU003582,SCH007,6,Male,2020-02-24,Active
STU003583,SCH040,3,Female,2023-10-26,Active
STU003584,SCH005,3,Male,2020-05-08,Active
STU003585,SCH015,3,Male,2022-07-18,Active
STU003586,SCH036,6,Male,2018-01-26,Active
STU003587,SCH033,4,Male,2022-07-03,Active
STU003588,SCH047,4,Male,2020-11-02,Active
STU003589,SCH049,11,Female,2020-06-22,Active
STU003590,SCH034,11,Male,2022-02-24,Active
STU003591,SCH007,6,Male,2020-11-28,Active
STU003592,SCH036,1,Male,2023-07-04,Active
STU003593,SCH011,0,Female,2018-10-04,Active
STU003594,SCH040,2,Male,2023-04-06,Active
STU003595,SCH027,9,Female,2019-02-25,Active
STU003596,SCH043,10,Non-specified,2021-12-12,Active
STU003597,SCH046,4,Female,2019-08-01,Active
STU003598,SCH018,2,Female,2018-03-01,Active
STU003599,SCH031,1,Male,2022-01-11,Active
STU003600,SCH008,0,Non-specified,2021-07-20,Active
STU003601,SCH040,3,Female,2020-04-09,Active
STU003602,SCH032,10,Female,2021-01-16,Active
STU003603,SCH050,9,Female,2023-01-22,Active
STU003604,SCH043,9,Male,2023-06-29,Active
STU003605,SCH049,12,Male,2022-10-20,Active
STU003606,SCH041,6,Non-specified,2023-12-06,Active
STU003607,SCH007,5,Male,2020-05-09,Active
STU003608,SCH007,1,Male,2022-02-03,Active
STU003609,SCH015,5,Male,2019-02-09,Active
STU003610,SCH029,9,Female,2019-03-15,Active
STU003611,SCH041,6,Male,2022-09-30,Active
STU003612,SCH030,4,Male,2022-04-19,Active
STU003613,SCH013,2,Female,2023-07-06,Active
STU003614,SCH041,6,Male,2019-12-25,Active
STU003615,SCH008,4,Male,2019-08-12,Active
STU003616,SCH013,3,Male,2022-02-22,Active
STU003617,SCH018,1,Female,2023-11-05,Active
STU003618,SCH001,12,Male,2019-08-15,Active
STU003619,SCH015,1,Female,2020-04-23,Active
STU003620,SCH032,8,Female,2019-08-02,Active
STU003621,SCH044,10,Female,2019-02-26,Active
STU003622,SCH035,7,Female,2019-02-14,Active
STU003623,SCH016,5,Male,2023-06-17,Active
STU003624,SCH018,0,Male,2018-11-08,Active
STU003625,SCH016,0,Male,2023-08-31,Active
STU003626,SCH043,8,Male,2019-02-02,Active
STU003627,SCH043,9,Female,2020-07-24,Active
STU003628,SCH010,8,Female,2023-01-15,Active
STU003629,SCH046,0,Male,2020-05-14,Active
STU003630,SCH016,5,Male,2020-09-16,Active
STU003631,SCH041,1,Male,2018-02-28,Active
STU003632,SCH001,11,Male,2018-02-02,Active
STU003633,SCH011,1,Male,2019-04-30,Active
STU003634,SCH015,1,Female,2023-10-27,Active
STU003635,SCH007,2,Male,2023-09-19,Active
STU003636,SCH014,6,Female,2021-07-13,Active
STU003637,SCH048,4,Male,2020-09-23,Active
STU003638,SCH050,9,Male,2019-09-21,Active
STU003639,SCH048,1,Male,2019-01-13,Active
STU003640,SCH034,12,Female,2018-12-13,Active
STU003641,SCH029,8,Male,2020-02-05,Active
STU003642,SCH043,8,Female,2022-08-07,Active
STU003643,SCH016,1,Female,2018-12-01,Active
STU003644,SCH021,1,Female,2023-06-17,Active
STU003645,SCH034,12,Female,2022-05-08,Active
STU003646,SCH001,11,Male,2019-07-10,Active
STU003647,SCH001,11,Female,2019-09-08,Active
STU003648,SCH032,7,Female,2018-06-16,Active
STU003649,SCH019,4,Male,2018-04-27,Active
STU003650,SCH029,9,Male,2022-07-08,Active
STU003651,SCH032,7,Female,2019-01-15,Active
STU003652,SCH021,11,Male,2019-01-03,Active
STU003653,SCH045,7,Female,2022-04-10,Active
STU003654,SCH013,4,Female,2020-10-23,Active
STU003655,SCH025,3,Male,2019-07-22,Active
STU003656,SCH040,4,Female,2019-12-21,Active
STU003657,SCH038,2,Male,2020-11-09,Active
STU003658,SCH008,3,Male,2019-09-03,Active
STU003659,SCH006,3,Male,2021-05-05,Active
STU003660,SCH015,0,Female,2022-02-11,Active
STU003661,SCH021,4,Female,2018-03-03,Active
STU003662,SCH033,4,Female,2023-03-01,Active
STU003663,SCH040,3,Male,2023-10-10,Active
STU003664,SCH014,2,Female,2020-10-14,Active
STU003665,SCH043,7,Female,2021-08-28,Active
STU003666,SCH007,3,Female,2021-04-27,Active
STU003667,SCH040,3,Female,2021-04-26,Active
STU003668,SCH030,5,Male,2018-05-24,Active
STU003669,SCH039,2,Male,2021-10-04,Active
STU003670,SCH025,5,Female,2021-10-07,Active
STU003671,SCH023,10,Male,2019-05-20,Active
STU003672,SCH042,12,Male,2022-12-15,Active
STU003673,SCH041,0,Female,2019-08-03,Active
STU003674,SCH004,5,Male,2020-11-27,Active
STU003675,SCH025,4,Male,2021-02-19,Active
STU003676,SCH041,2,Male,2022-07-16,Active
STU003677,SCH028,2,Male,2021-01-25,Active
STU003678,SCH025,4,Female,2022-08-16,Active
STU003679,SCH021,9,Male,2021-06-25,Active
STU003680,SCH018,4,Male,2019-11-17,Active
STU003681,SCH005,3,Female,2019-03-12,Active
STU003682,SCH011,0,Female,2021-04-13,Active
STU003683,SCH003,6,Male,2018-04-16,Active
STU003684,SCH025,3,Male,2022-06-11,Active
STU003685,SCH034,12,Female,2022-03-02,Active
STU003686,SCH042,12,Female,2020-08-05,Active
STU003687,SCH037,4,Male,2019-06-29,Active
STU003688,SCH047,0,Female,2023-10-11,Active
STU003689,SCH003,4,Male,2019-08-30,Active
STU003690,SCH035,7,Male,2022-03-16,Active
STU003691,SCH010,9,Male,2019-07-12,Active
STU003692,SCH011,0,Female,2021-04-09,Active
STU003693,SCH035,8,Female,2019-08-30,Active
STU003694,SCH035,8,Female,2018-03-18,Active
STU003695,SCH040,2,Male,2023-04-08,Active
STU003696,SCH014,6,Male,2018-04-11,Active
STU003697,SCH009,10,Female,2019-08-01,Active
STU003698,SCH010,2,Male,2019-11-04,Active
STU003699,SCH015,4,Non-specified,2020-12-24,Active
STU003700,SCH030,4,Male,2021-10-15,Active
STU003701,SCH048,6,Male,2020-05-23,Active
STU003702,SCH020,3,Male,2023-06-17,Active
STU003703,SCH032,10,Female,2019-11-10,Active
STU003704,SCH029,10,Female,2019-08-12,Active
STU003705,SCH045,10,Female,2021-03-18,Active
STU003706,SCH037,3,Male,2019-08-13,Active
STU003707,SCH036,5,Female,2020-07-21,Active
STU003708,SCH012,8,Female,2020-09-18,Active
STU003709,SCH013,1,Male,2023-04-19,Active
STU003710,SCH012,10,Male,2020-09-16,Active
STU003711,SCH014,0,Male,2020-01-08,Active
STU003712,SCH030,3,Female,2022-03-16,Active
STU003713,SCH030,3,Female,2018-04-22,Active
STU003714,SCH004,0,Female,2019-09-29,Active
STU003715,SCH020,5,Male,2023-06-20,Active
STU003716,SCH050,7,Female,2022-11-26,Active
STU003717,SCH039,4,Female,2022-05-11,Active
STU003718,SCH040,3,Male,2021-11-15,Active
STU003719,SCH016,6,Female,2019-11-09,Active
STU003720,SCH026,5,Male,2019-07-06,Active
STU003721,SCH024,11,Female,2023-01-09,Active
STU003722,SCH033,5,Female,2020-12-30,Active
STU003723,SCH032,7,Male,2022-04-05,Active
STU003724,SCH021,2,Female,2022-05-22,Active
STU003725,SCH013,3,Female,2020-06-05,Active
STU003726,SCH025,0,Female,2022-04-01,Active
STU003727,SCH002,12,Female,2020-11-18,Active
STU003728,SCH049,12,Male,2023-08-08,Active
STU003729,SCH028,1,Male,2019-09-02,Active
STU003730,SCH035,8,Female,2023-08-13,Active
STU003731,SCH002,11,Male,2021-07-05,Active
STU003732,SCH031,9,Male,2022-03-27,Active
STU003733,SCH050,8,Female,2021-12-31,Active
STU003734,SCH044,10,Male,2018-09-10,Active
STU003735,SCH004,6,Female,2020-05-30,Active
STU003736,SCH043,7,Female,2020-06-17,Active
STU003737,SCH013,6,Male,2019-01-16,Active
STU003738,SCH006,0,Female,2022-02-28,Active
STU003739,SCH035,9,Non-specified,2019-09-24,Active
STU003740,SCH033,2,Female,2023-04-12,Active
STU003741,SCH036,1,Female,2022-07-02,Active
STU003742,SCH024,12,Male,2021-03-22,Active
STU003743,SCH016,0,Male,2019-03-31,Active
STU003744,SCH037,5,Male,2021-08-28,Active
STU003745,SCH037,3,Male,2019-05-22,Active
STU003746,SCH035,7,Female,2021-10-11,Active
STU003747,SCH007,1,Male,2020-09-23,Active
STU003748,SCH027,7,Female,2023-05-02,Active
STU003749,SCH014,6,Female,2020-10-05,Active
STU003750,SCH027,9,Male,2023-10-23,Active
STU003751,SCH002,11,Male,2023-02-24,Active
STU003752,SCH045,8,Female,2019-07-19,Active
STU003753,SCH048,4,Male,2021-05-10,Active
STU003754,SCH031,2,Female,2020-02-14,Active
STU003755,SCH027,9,Male,2020-02-07,Active
STU003756,SCH007,2,Male,2022-03-21,Active
STU003757,SCH013,0,Male,2019-10-19,Active
STU003758,SCH003,4,Male,2018-09-12,Active
STU003759,SCH040,0,Male,2018-09-23,Active
STU003760,SCH016,6,Male,2021-05-31,Active
STU003761,SCH036,6,Non-specified,2021-11-06,Active
STU003762,SCH029,8,Female,2021-05-05,Active
STU003763,SCH017,12,Female,2023-11-14,Active
STU003764,SCH037,5,Female,2019-05-04,Active
STU003765,SCH047,5,Female,2020-04-02,Active
STU003766,SCH029,9,Male,2020-03-16,Active
STU003767,SCH049,12,Male,2020-01-10,Active
STU003768,SCH040,2,Male,2021-10-21,Active
STU003769,SCH020,3,Male,2018-04-06,Active
STU003770,SCH014,0,Male,2022-11-28,Active
STU003771,SCH050,8,Female,2020-11-05,Active
STU003772,SCH017,12,Male,2018-06-27,Active
STU003773,SCH039,0,Male,2023-10-27,Active
STU003774,SCH012,8,Male,2021-07-20,Active
STU003775,SCH008,2,Female,2021-08-13,Active
STU003776,SCH046,2,Female,2020-10-11,Active
STU003777,SCH039,2,Male,2019-01-25,Active
STU003778,SCH006,1,Male,2019-01-30,Active
STU003779,SCH040,1,Female,2019-09-28,Active
STU003780,SCH041,0,Female,2023-10-13,Active
STU003781,SCH034,11,Female,2018-07-29,Active
STU003782,SCH047,6,Male,2018-07-08,Active
STU003783,SCH050,8,Male,2023-11-05,Active
STU003784,SCH034,12,Female,2020-05-11,Active
STU003785,SCH002,11,Female,2023-05-25,Active
STU003786,SCH018,5,Non-specified,2018-07-02,Active
STU003787,SCH032,9,Male,2019-06-04,Active
STU003788,SCH032,10,Female,2021-09-29,Active
STU003789,SCH032,10,Female,2018-09-01,Active
STU003790,SCH020,1,Male,2023-02-11,Active
STU003791,SCH014,6,Male,2021-03-29,Active
STU003792,SCH001,11,Female,2018-08-15,Active
STU003793,SCH017,12,Female,2021-10-10,Active
STU003794,SCH020,0,Male,2019-12-08,Active
STU003795,SCH025,5,Male,2019-08-18,Active
STU003796,SCH006,5,Male,2018-06-12,Active
STU003797,SCH003,3,Male,2020-07-17,Active
STU003798,SCH012,8,Female,2022-02-19,Active
STU003799,SCH033,4,Female,2023-04-08,Active
STU003800,SCH029,10,Male,2019-02-15,Active
STU003801,SCH046,6,Female,2022-08-22,Active
STU003802,SCH021,12,Male,2018-08-23,Active
STU003803,SCH003,5,Male,2020-08-27,Active
STU003804,SCH005,5,Male,2019-05-01,Active
STU003805,SCH039,6,Female,2020-05-02,Active
STU003806,SCH043,9,Female,2022-07-31,Active
STU003807,SCH016,6,Female,2022-11-08,Active
STU003808,SCH015,3,Female,2022-10-24,Active
STU003809,SCH006,1,Female,2023-02-28,Active
STU003810,SCH018,3,Female,2021-12-16,Active
STU003811,SCH031,7,Female,2020-06-03,Active
STU003812,SCH013,2,Female,2022-07-04,Active
STU003813,SCH008,5,Female,2021-09-02,Active
STU003814,SCH028,0,Male,2020-03-28,Active
STU003815,SCH023,8,Female,2023-03-06,Active
STU003816,SCH013,2,Male,2018-11-23,Active
STU003817,SCH021,0,Male,2019-06-20,Active
STU003818,SCH008,3,Male,2022-06-01,Active
STU003819,SCH032,9,Female,2021-12-09,Active
STU003820,SCH010,0,Male,2021-03-19,Active
STU003821,SCH041,1,Female,2018-02-06,Active
STU003822,SCH005,4,Female,2020-12-01,Active
STU003823,SCH015,5,Male,2019-06-07,Active
STU003824,SCH034,11,Female,2022-08-06,Active
STU003825,SCH036,2,Female,2023-10-05,Active
STU003826,SCH032,10,Female,2021-03-10,Active
STU003827,SCH005,1,Female,2023-08-02,Active
STU003828,SCH050,7,Female,2020-03-25,Active
STU003829,SCH043,10,Male,2021-07-24,Active
STU003830,SCH046,9,Male,2023-11-12,Active
STU003831,SCH019,5,Female,2021-06-22,Active
STU003832,SCH014,1,Male,2021-02-27,Active
STU003833,SCH037,5,Male,2022-07-31,Active
STU003834,SCH030,5,Female,2023-03-11,Active
STU003835,SCH040,0,Male,2020-08-11,Active
STU003836,SCH021,12,Male,2019-11-07,Active
STU003837,SCH036,3,Female,2021-09-09,Active
STU003838,SCH043,9,Female,2019-05-25,Active
STU003839,SCH036,6,Female,2019-07-18,Active
STU003840,SCH028,0,Female,2021-09-09,Active
STU003841,SCH035,9,Female,2020-09-12,Active
STU003842,SCH008,3,Female,2023-01-11,Active
STU003843,SCH031,6,Male,2022-12-05,Active
STU003844,SCH031,12,Male,2020-03-03,Active
STU003845,SCH029,10,Male,2021-05-14,Active
STU003846,SCH012,10,Female,2021-02-15,Active
STU003847,SCH001,11,Male,2019-07-26,Active
STU003848,SCH007,6,Male,2023-07-02,Active
STU003849,SCH015,0,Male,2019-04-09,Active
STU003850,SCH011,5,Male,2023-05-21,Active
STU003851,SCH046,8,Male,2023-07-12,Active
STU003852,SCH019,2,Non-specified,2020-10-23,Active
STU003853,SCH043,10,Male,2021-06-09,Active
STU003854,SCH048,1,Female,2021-05-23,Active
STU003855,SCH042,11,Male,2023-08-20,Active
STU003856,SCH003,4,Female,2019-07-11,Active
STU003857,SCH038,4,Male,2023-10-28,Active
STU003858,SCH032,9,Non-specified,2019-09-09,Active
STU003859,SCH026,6,Male,2022-09-06,Active
STU003860,SCH015,2,Female,2022-10-25,Active
STU003861,SCH035,10,Male,2022-05-23,Active
STU003862,SCH017,11,Male,2023-06-18,Active
STU003863,SCH007,5,Female,2021-02-16,Active
STU003864,SCH032,10,Male,2020-07-10,Active
STU003865,SCH022,12,Male,2022-12-09,Active
STU003866,SCH024,12,Male,2021-06-11,Active
STU003867,SCH026,1,Male,2022-09-20,Active
STU003868,SCH033,4,Male,2020-02-16,Active
STU003869,SCH017,12,Female,2020-09-19,Active
STU003870,SCH030,4,Male,2018-10-30,Active
STU003871,SCH015,5,Male,2022-06-06,Active
STU003872,SCH041,2,Male,2022-10-15,Active
STU003873,SCH023,9,Male,2022-07-07,Active
STU003874,SCH011,6,Female,2018-12-11,Active
STU003875,SCH006,5,Female,2022-10-10,Active
STU003876,SCH036,2,Male,2019-06-20,Active
STU003877,SCH012,7,Male,2021-03-19,Active
STU003878,SCH008,1,Male,2021-06-24,Active
STU003879,SCH037,1,Male,2023-12-02,Active
STU003880,SCH026,1,Male,2020-03-25,Active
STU003881,SCH010,9,Male,2023-10-23,Active
STU003882,SCH020,4,Male,2022-10-21,Active
STU003883,SCH018,5,Female,2018-04-09,Active
STU003884,SCH022,12,Female,2023-05-06,Active
STU003885,SCH032,9,Male,2019-12-09,Active
STU003886,SCH020,1,Female,2018-06-10,Active
STU003887,SCH050,8,Male,2021-12-04,Active
STU003888,SCH044,8,Female,2021-07-31,Active
STU003889,SCH030,3,Male,2018-02-24,Active
STU003890,SCH032,8,Female,2020-10-31,Active
STU003891,SCH013,0,Female,2023-01-17,Active
STU003892,SCH009,7,Female,2021-10-17,Active
STU003893,SCH048,0,Female,2023-08-25,Active
STU003894,SCH022,12,Male,2023-08-18,Active
STU003895,SCH044,7,Male,2019-10-14,Active
STU003896,SCH029,10,Female,2023-10-28,Active
STU003897,SCH003,2,Female,2018-07-28,Active
STU003898,SCH045,7,Male,2021-05-30,Active
STU003899,SCH037,6,Female,2020-03-23,Active
STU003900,SCH004,0,Female,2019-05-15,Active
STU003901,SCH045,7,Female,2023-07-17,Active
STU003902,SCH002,12,Male,2022-01-07,Active
STU003903,SCH038,3,Male,2023-01-20,Active
STU003904,SCH007,0,Male,2023-08-17,Active
STU003905,SCH042,11,Male,2022-02-27,Active
STU003906,SCH026,6,Female,2018-12-01,Active
STU003907,SCH040,3,Female,2018-07-12,Active
STU003908,SCH004,3,Female,2021-02-04,Active
STU003909,SCH034,11,Female,2020-02-02,Active
STU003910,SCH010,8,Male,2022-12-14,Active
STU003911,SCH004,0,Male,2020-01-15,Active
STU003912,SCH013,5,Male,2018-08-19,Active
STU003913,SCH012,10,Female,2023-06-21,Active
STU003914,SCH050,8,Female,2023-06-05,Active
STU003915,SCH014,6,Male,2021-05-28,Active
STU003916,SCH017,11,Male,2018-08-15,Active
STU003917,SCH005,5,Female,2019-05-01,Active
STU003918,SCH004,0,Male,2023-12-24,Active
STU003919,SCH035,9,Male,2023-12-31,Active
STU003920,SCH011,4,Female,2020-10-09,Active
STU003921,SCH025,4,Female,2022-11-13,Active
STU003922,SCH049,11,Male,2022-12-26,Active
STU003923,SCH021,4,Male,2023-05-12,Active
STU003924,SCH034,11,Female,2022-07-13,Active
STU003925,SCH021,3,Female,2022-10-11,Active
STU003926,SCH025,4,Female,2020-08-06,Active
STU003927,SCH038,3,Male,2021-04-24,Active
STU003928,SCH003,5,Male,2018-06-22,Active
STU003929,SCH028,1,Male,2022-03-30,Active
STU003930,SCH007,2,Male,2019-12-07,Active
STU003931,SCH047,2,Male,2019-01-04,Active
STU003932,SCH007,0,Non-specified,2018-09-02,Active
STU003933,SCH023,7,Female,2020-12-11,Active
STU003934,SCH048,3,Female,2020-05-20,Active
STU003935,SCH037,3,Male,2021-02-05,Active
STU003936,SCH039,0,Male,2018-11-08,Active
STU003937,SCH020,5,Female,2022-12-28,Active
STU003938,SCH025,2,Male,2018-07-16,Active
STU003939,SCH001,11,Male,2022-03-30,Active
STU003940,SCH026,0,Female,2022-11-15,Active
STU003941,SCH030,3,Female,2019-05-20,Active
STU003942,SCH013,4,Female,2020-03-10,Active
STU003943,SCH012,10,Male,2022-05-16,Active
STU003944,SCH045,8,Female,2020-07-18,Active
STU003945,SCH025,0,Female,2023-11-20,Active
STU003946,SCH006,4,Female,2020-02-08,Active
STU003947,SCH038,5,Male,2021-05-19,Active
STU003948,SCH022,11,Female,2021-08-21,Active
STU003949,SCH045,9,Male,2020-03-09,Active
STU003950,SCH012,9,Male,2023-03-11,Active
STU003951,SCH035,10,Male,2019-08-26,Active
STU003952,SCH003,5,Male,2020-07-22,Active
STU003953,SCH027,8,Male,2020-04-20,Active
STU003954,SCH044,9,Male,2020-01-08,Active
STU003955,SCH048,0,Male,2021-01-16,Active
STU003956,SCH048,2,Female,2019-11-02,Active
STU003957,SCH014,3,Male,2022-02-04,Active
STU003958,SCH011,1,Female,2018-10-14,Active
STU003959,SCH001,11,Male,2019-02-25,Active
STU003960,SCH003,4,Male,2020-04-20,Active
STU003961,SCH016,3,Female,2021-01-18,Active
STU003962,SCH021,5,Male,2020-02-08,Active
STU003963,SCH031,4,Female,2020-03-02,Active
STU003964,SCH026,1,Male,2020-10-11,Active
STU003965,SCH038,2,Male,2018-06-07,Active
STU003966,SCH011,3,Female,2023-05-27,Active
STU003967,SCH044,7,Male,2020-04-04,Active
STU003968,SCH041,1,Male,2021-04-23,Active
STU003969,SCH047,4,Female,2022-08-05,Active
STU003970,SCH036,5,Female,2019-06-03,Active
STU003971,SCH047,4,Male,2022-08-10,Active
STU003972,SCH003,5,Female,2018-09-20,Active
STU003973,SCH032,10,Male,2018-01-10,Active
STU003974,SCH004,2,Male,2020-08-27,Active
STU003975,SCH043,7,Female,2023-08-23,Active
STU003976,SCH022,11,Male,2019-11-09,Active
STU003977,SCH035,7,Male,2018-03-23,Active
STU003978,SCH048,4,Male,2022-12-07,Active
STU003979,SCH008,4,Female,2022-07-01,Active
STU003980,SCH044,10,Female,2021-07-14,Active
STU003981,SCH024,11,Male,2018-06-01,Active
STU003982,SCH040,0,Male,2022-12-28,Active
STU003983,SCH007,4,Male,2020-07-05,Active
STU003984,SCH029,7,Female,2021-01-31,Active
STU003985,SCH023,10,Female,2019-03-07,Active
STU003986,SCH001,12,Male,2018-03-30,Active
STU003987,SCH023,10,Male,2023-02-26,Active
STU003988,SCH012,7,Male,2020-04-06,Active
STU003989,SCH020,0,Male,2019-02-18,Active
STU003990,SCH031,5,Male,2019-08-23,Active
STU003991,SCH043,10,Female,2018-07-11,Active
STU003992,SCH031,1,Female,2022-10-28,Active
STU003993,SCH011,1,Female,2021-10-14,Active
STU003994,SCH032,9,Male,2022-09-09,Active
STU003995,SCH025,1,Male,2019-02-05,Active
STU003996,SCH042,11,Female,2021-11-01,Active
STU003997,SCH031,11,Female,2023-11-14,Active
STU003998,SCH031,11,Female,2020-01-14,Active
STU003999,SCH048,2,Female,2021-08-14,Active
STU004000,SCH050,10,Male,2023-04-14,Active
STU004001,SCH043,9,Female,2023-04-26,Active
STU004002,SCH025,0,Female,2021-01-26,Active
STU004003,SCH002,12,Non-specified,2023-02-11,Active
STU004004,SCH002,11,Female,2022-04-25,Active
STU004005,SCH035,10,Female,2023-07-08,Active
STU004006,SCH022,11,Female,2020-10-23,Active
STU004007,SCH021,10,Non-specified,2020-04-07,Active
STU004008,SCH050,9,Male,2021-12-24,Active
STU004009,SCH049,11,Female,2023-05-10,Active
STU004010,SCH049,11,Female,2022-01-27,Active
STU004011,SCH002,12,Male,2020-09-30,Active
STU004012,SCH029,10,Female,2021-03-13,Active
STU004013,SCH012,10,Female,2023-11-07,Active
STU004014,SCH024,11,Male,2023-04-13,Active
STU004015,SCH037,0,Female,2023-07-30,Active
STU004016,SCH004,6,Male,2019-09-24,Active
STU004017,SCH033,5,Male,2023-02-12,Active
STU004018,SCH003,4,Female,2021-03-12,Active
STU004019,SCH025,0,Male,2022-10-22,Active
STU004020,SCH012,8,Male,2023-10-05,Active
STU004021,SCH007,3,Male,2022-07-21,Active
STU004022,SCH020,4,Male,2019-10-01,Active
STU004023,SCH026,3,Female,2022-11-13,Active
STU004024,SCH044,10,Male,2021-01-14,Active
STU004025,SCH024,11,Female,2020-06-14,Active
STU004026,SCH010,11,Male,2019-11-20,Active
STU004027,SCH031,8,Male,2022-07-07,Active
STU004028,SCH001,11,Male,2018-06-22,Active
STU004029,SCH025,6,Male,2022-10-11,Active
STU004030,SCH023,9,Male,2022-02-03,Active
STU004031,SCH007,5,Female,2018-08-16,Active
STU004032,SCH041,5,Female,2020-08-03,Active
STU004033,SCH014,5,Male,2022-08-14,Active
STU004034,SCH012,7,Female,2021-02-08,Active
STU004035,SCH050,10,Female,2019-11-05,Active
STU004036,SCH016,5,Male,2019-07-24,Active
STU004037,SCH013,6,Male,2020-03-20,Active
STU004038,SCH033,1,Male,2022-12-11,Active
STU004039,SCH033,4,Male,2021-03-29,Active
STU004040,SCH017,11,Female,2018-12-22,Active
STU004041,SCH009,9,Male,2023-05-15,Active
STU004042,SCH025,0,Female,2020-04-20,Active
STU004043,SCH027,10,Female,2021-02-09,Active
STU004044,SCH039,0,Male,2023-03-06,Active
STU004045,SCH015,1,Female,2019-11-21,Active
STU004046,SCH045,8,Female,2023-03-03,Active
STU004047,SCH043,9,Non-specified,2023-10-07,Active
STU004048,SCH019,2,Male,2018-04-23,Active
STU004049,SCH010,10,Male,2022-02-03,Active
STU004050,SCH008,6,Female,2019-09-19,Active
STU004051,SCH006,4,Female,2018-02-03,Active
STU004052,SCH005,5,Female,2019-01-27,Active
STU004053,SCH027,9,Male,2021-03-25,Active
STU004054,SCH016,5,Female,2018-01-15,Active
STU004055,SCH017,12,Female,2022-04-16,Active
STU004056,SCH040,6,Male,2022-02-13,Active
STU004057,SCH017,12,Female,2022-09-27,Active
STU004058,SCH029,8,Male,2023-08-22,Active
STU004059,SCH005,5,Male,2019-03-21,Active
STU004060,SCH001,11,Male,2019-02-27,Active
STU004061,SCH050,9,Male,2022-02-19,Active
STU004062,SCH018,1,Female,2018-07-07,Active
STU004063,SCH006,4,Female,2021-12-24,Active
STU004064,SCH041,1,Male,2021-12-15,Active
STU004065,SCH022,11,Male,2023-03-30,Active
STU004066,SCH007,6,Female,2021-01-26,Active
STU004067,SCH047,5,Male,2022-05-06,Active
STU004068,SCH023,7,Female,2022-06-05,Active
STU004069,SCH008,6,Female,2021-09-27,Active
STU004070,SCH037,6,Female,2023-08-22,Active
STU004071,SCH046,3,Male,2019-06-26,Active
STU004072,SCH001,11,Male,2020-08-06,Active
STU004073,SCH032,9,Male,2018-01-13,Active
STU004074,SCH033,6,Male,2023-07-26,Active
STU004075,SCH037,4,Male,2023-12-09,Active
STU004076,SCH049,12,Female,2022-01-31,Active
STU004077,SCH007,5,Female,2018-01-13,Active
STU004078,SCH048,4,Male,2021-06-24,Active
STU004079,SCH022,12,Male,2023-02-01,Active
STU004080,SCH022,11,Female,2021-05-29,Active
STU004081,SCH016,1,Female,2019-08-09,Active
STU004082,SCH014,6,Male,2021-10-26,Active
STU004083,SCH020,4,Female,2022-09-18,Active
STU004084,SCH044,9,Female,2020-06-05,Active
STU004085,SCH015,6,Female,2022-09-26,Active
STU004086,SCH027,10,Female,2020-01-23,Active
STU004087,SCH001,12,Female,2022-12-07,Active
STU004088,SCH048,3,Male,2020-03-25,Active
STU004089,SCH048,3,Male,2021-01-27,Active
STU004090,SCH015,1,Male,2022-01-31,Active
STU004091,SCH008,4,Male,2022-07-05,Active
STU004092,SCH017,11,Male,2019-12-29,Active
STU004093,SCH035,9,Male,2018-03-06,Active
STU004094,SCH045,10,Female,2022-01-22,Active
STU004095,SCH047,5,Female,2020-07-06,Active
STU004096,SCH009,7,Female,2022-01-10,Active
STU004097,SCH016,6,Male,2023-03-31,Active
STU004098,SCH046,7,Female,2022-09-19,Active
STU004099,SCH012,10,Female,2021-06-03,Active
STU004100,SCH035,8,Non-specified,2021-01-10,Active
STU004101,SCH037,1,Male,2021-08-10,Active
STU004102,SCH050,8,Female,2019-03-28,Active
STU004103,SCH038,3,Male,2020-12-05,Active
STU004104,SCH008,6,Female,2022-11-01,Active
STU004105,SCH023,8,Male,2023-02-09,Active
STU004106,SCH022,11,Male,2021-03-12,Active
STU004107,SCH034,12,Female,2021-07-16,Active
STU004108,SCH003,2,Female,2019-06-16,Active
STU004109,SCH044,9,Male,2022-01-09,Active
STU004110,SCH020,3,Female,2020-05-10,Active
STU004111,SCH033,4,Female,2021-05-16,Active
STU004112,SCH005,1,Male,2018-09-14,Active
STU004113,SCH006,2,Female,2022-11-02,Active
STU004114,SCH048,2,Female,2022-04-28,Active
STU004115,SCH044,8,Male,2022-06-30,Active
STU004116,SCH048,1,Male,2021-11-07,Active
STU004117,SCH013,0,Non-specified,2023-11-08,Active
STU004118,SCH042,11,Male,2018-10-03,Active
STU004119,SCH030,0,Female,2018-01-04,Active
STU004120,SCH041,5,Female,2022-10-07,Active
STU004121,SCH016,6,Female,2020-01-19,Active
STU004122,SCH030,5,Non-specified,2019-10-04,Active
STU004123,SCH030,5,Female,2018-11-06,Active
STU004124,SCH012,10,Female,2020-04-06,Active
STU004125,SCH022,12,Male,2019-05-17,Active
STU004126,SCH005,1,Female,2018-03-05,Active
STU004127,SCH015,1,Female,2019-09-04,Active
STU004128,SCH008,3,Female,2021-09-23,Active
STU004129,SCH017,11,Female,2021-12-20,Active
STU004130,SCH025,4,Male,2022-09-19,Active
STU004131,SCH008,3,Female,2018-07-05,Active
STU004132,SCH024,12,Male,2021-02-24,Active
STU004133,SCH023,7,Male,2019-08-10,Active
STU004134,SCH007,6,Female,2022-09-23,Active
STU004135,SCH027,7,Female,2021-02-07,Active
STU004136,SCH046,0,Female,2022-03-28,Active
STU004137,SCH012,10,Female,2019-04-02,Active
STU004138,SCH002,11,Female,2019-03-03,Active
STU004139,SCH028,3,Male,2023-12-17,Active
STU004140,SCH007,4,Female,2021-03-01,Active
STU004141,SCH042,11,Female,2020-08-13,Active
STU004142,SCH047,1,Female,2020-06-13,Active
STU004143,SCH048,0,Female,2021-07-16,Active
STU004144,SCH023,10,Female,2022-03-14,Active
STU004145,SCH029,7,Male,2023-02-08,Active
STU004146,SCH034,12,Male,2019-05-22,Active
STU004147,SCH004,2,Female,2019-01-16,Active
STU004148,SCH034,12,Male,2018-12-10,Active
STU004149,SCH020,1,Male,2019-07-21,Active
STU004150,SCH012,8,Female,2018-05-25,Active
STU004151,SCH030,4,Female,2022-05-30,Active
STU004152,SCH039,3,Female,2022-09-24,Active
STU004153,SCH036,3,Male,2019-02-18,Active
STU004154,SCH017,12,Female,2023-01-28,Active
STU004155,SCH034,12,Female,2023-12-06,Active
STU004156,SCH007,5,Female,2023-11-24,Active
STU004157,SCH019,6,Male,2022-01-03,Active
STU004158,SCH041,5,Male,2020-07-07,Active
STU004159,SCH031,12,Male,2019-06-02,Active
STU004160,SCH047,6,Female,2018-09-06,Active
STU004161,SCH042,11,Female,2018-10-21,Active
STU004162,SCH003,4,Male,2023-11-30,Active
STU004163,SCH007,6,Male,2021-05-27,Active
STU004164,SCH029,7,Female,2020-09-24,Active
STU004165,SCH014,5,Male,2021-10-20,Active
STU004166,SCH020,6,Female,2019-01-28,Active
STU004167,SCH050,7,Male,2021-07-15,Active
STU004168,SCH046,9,Male,2019-01-29,Active
STU004169,SCH038,1,Male,2020-01-06,Active
STU004170,SCH013,6,Female,2022-09-17,Active
STU004171,SCH020,6,Female,2021-04-18,Active
STU004172,SCH018,0,Female,2020-06-18,Active
STU004173,SCH017,12,Male,2020-05-09,Active
STU004174,SCH034,11,Male,2022-04-24,Active
STU004175,SCH035,9,Female,2023-06-20,Active
STU004176,SCH009,9,Male,2018-03-16,Active
STU004177,SCH017,11,Female,2023-01-16,Active
STU004178,SCH049,11,Male,2019-06-02,Active
STU004179,SCH024,12,Female,2018-11-06,Active
STU004180,SCH008,3,Male,2020-12-19,Active
STU004181,SCH048,3,Female,2019-06-04,Active
STU004182,SCH008,4,Male,2021-06-29,Active
STU004183,SCH014,4,Male,2019-03-29,Active
STU004184,SCH049,12,Male,2022-01-03,Active
STU004185,SCH028,6,Male,2019-02-25,Active
STU004186,SCH030,1,Male,2022-11-09,Active
STU004187,SCH004,2,Female,2023-09-15,Active
STU004188,SCH041,2,Male,2018-04-13,Active
STU004189,SCH018,1,Male,2018-08-21,Active
STU004190,SCH035,7,Female,2020-11-20,Active
STU004191,SCH041,3,Male,2022-11-30,Active
STU004192,SCH045,10,Male,2021-02-09,Active
STU004193,SCH015,3,Female,2020-04-28,Active
STU004194,SCH034,12,Male,2018-05-23,Active
STU004195,SCH032,7,Male,2020-03-07,Active
STU004196,SCH012,9,Male,2021-03-03,Active
STU004197,SCH045,9,Male,2023-04-16,Active
STU004198,SCH007,6,Female,2020-04-30,Active
STU004199,SCH050,7,Female,2021-10-17,Active
STU004200,SCH040,1,Female,2019-03-10,Active
STU004201,SCH028,6,Male,2018-10-12,Active
STU004202,SCH008,4,Female,2022-10-02,Active
STU004203,SCH045,8,Female,2018-01-27,Active
STU004204,SCH044,10,Male,2022-12-15,Active
STU004205,SCH034,12,Female,2022-12-11,Active
STU004206,SCH001,11,Female,2022-05-07,Active
STU004207,SCH015,3,Female,2019-04-09,Active
STU004208,SCH006,1,Female,2018-04-03,Active
STU004209,SCH035,10,Male,2021-06-21,Active
STU004210,SCH043,9,Female,2023-09-14,Active
STU004211,SCH028,6,Male,2018-04-25,Active
STU004212,SCH041,6,Male,2021-03-11,Active
STU004213,SCH025,3,Male,2019-03-27,Active
STU004214,SCH048,1,Female,2023-11-05,Active
STU004215,SCH038,5,Male,2023-12-13,Active
STU004216,SCH028,2,Male,2022-09-08,Active
STU004217,SCH003,6,Male,2020-11-21,Active
STU004218,SCH010,5,Male,2018-12-14,Active
STU004219,SCH031,2,Male,2021-02-17,Active
STU004220,SCH042,12,Male,2019-09-03,Active
STU004221,SCH019,5,Male,2018-04-07,Active
STU004222,SCH023,9,Male,2022-11-18,Active
STU004223,SCH006,6,Female,2023-10-31,Active
STU004224,SCH025,1,Female,2023-09-19,Active
STU004225,SCH039,4,Male,2018-06-20,Active
STU004226,SCH032,8,Female,2023-01-31,Active
STU004227,SCH021,4,Male,2023-05-18,Active
STU004228,SCH050,10,Male,2023-07-11,Active
STU004229,SCH043,10,Female,2023-02-13,Active
STU004230,SCH030,0,Female,2021-11-05,Active
STU004231,SCH011,4,Male,2020-10-07,Active
STU004232,SCH002,11,Female,2020-06-29,Active
STU004233,SCH035,9,Male,2022-01-09,Active
STU004234,SCH015,6,Male,2021-04-15,Active
STU004235,SCH009,8,Male,2018-12-25,Active
STU004236,SCH043,8,Male,2018-08-12,Active
STU004237,SCH007,0,Male,2021-06-05,Active
STU004238,SCH048,4,Male,2021-05-25,Active
STU004239,SCH019,6,Male,2021-06-10,Active
STU004240,SCH005,3,Female,2021-10-12,Active
STU004241,SCH031,8,Female,2022-09-08,Active
STU004242,SCH037,5,Male,2020-07-31,Active
STU004243,SCH001,11,Non-specified,2023-08-09,Active
STU004244,SCH013,0,Female,2019-07-03,Active
STU004245,SCH023,9,Female,2020-01-29,Active
STU004246,SCH030,1,Female,2022-05-03,Active
STU004247,SCH037,6,Male,2018-11-01,Active
STU004248,SCH020,1,Female,2022-10-17,Active
STU004249,SCH039,3,Male,2019-04-01,Active
STU004250,SCH001,11,Male,2018-12-15,Active
STU004251,SCH003,5,Female,2021-05-15,Active
STU004252,SCH015,0,Non-specified,2019-11-16,Active
STU004253,SCH025,2,Female,2022-08-03,Active
STU004254,SCH044,10,Female,2019-06-18,Active
STU004255,SCH046,9,Male,2020-08-01,Active
STU004256,SCH026,4,Female,2018-12-27,Active
STU004257,SCH025,0,Female,2021-10-02,Active
STU004258,SCH009,9,Male,2021-08-31,Active
STU004259,SCH020,2,Male,2021-01-03,Active
STU004260,SCH004,6,Male,2018-07-28,Active
STU004261,SCH046,3,Female,2022-11-19,Active
STU004262,SCH041,1,Female,2020-06-28,Active
STU004263,SCH029,7,Male,2021-05-08,Active
STU004264,SCH038,1,Female,2018-10-24,Active
STU004265,SCH050,10,Male,2022-08-08,Active
STU004266,SCH014,3,Female,2018-05-13,Active
STU004267,SCH028,3,Female,2019-12-11,Active
STU004268,SCH024,12,Male,2018-04-12,Active
STU004269,SCH021,12,Female,2020-04-03,Active
STU004270,SCH007,2,Male,2018-01-08,Active
STU004271,SCH040,3,Female,2020-05-27,Active
STU004272,SCH033,5,Female,2018-11-08,Active
STU004273,SCH031,1,Female,2021-06-23,Active
STU004274,SCH007,2,Male,2023-04-10,Active
STU004275,SCH039,6,Male,2022-04-24,Active
STU004276,SCH004,5,Male,2020-07-23,Active
STU004277,SCH021,12,Female,2019-07-22,Active
STU004278,SCH028,6,Male,2018-11-26,Active
STU004279,SCH013,2,Female,2023-02-04,Active
STU004280,SCH016,4,Male,2018-06-11,Active
STU004281,SCH043,10,Female,2021-08-20,Active
STU004282,SCH024,12,Male,2019-06-23,Active
STU004283,SCH049,11,Male,2019-08-21,Active
STU004284,SCH029,10,Male,2021-04-29,Active
STU004285,SCH046,8,Female,2021-03-14,Active
STU004286,SCH041,4,Male,2018-10-19,Active
STU004287,SCH004,2,Male,2020-06-10,Active
STU004288,SCH005,6,Female,2020-07-22,Active
STU004289,SCH034,11,Female,2019-08-26,Active
STU004290,SCH044,10,Female,2019-12-10,Active
STU004291,SCH004,2,Male,2018-05-11,Active
STU004292,SCH018,2,Female,2021-10-11,Active
STU004293,SCH019,1,Female,2021-12-17,Active
STU004294,SCH027,9,Male,2020-11-30,Active
STU004295,SCH038,6,Female,2020-08-29,Active
STU004296,SCH022,11,Female,2022-06-15,Active
STU004297,SCH043,7,Female,2023-02-10,Active
STU004298,SCH004,0,Male,2023-06-24,Active
STU004299,SCH022,11,Male,2018-03-04,Active
STU004300,SCH007,5,Female,2018-11-29,Active
STU004301,SCH036,4,Female,2020-08-25,Active
STU004302,SCH011,3,Male,2022-07-20,Active
STU004303,SCH039,4,Female,2018-12-24,Active
STU004304,SCH011,0,Female,2020-05-29,Active
STU004305,SCH007,0,Female,2019-11-24,Active
STU004306,SCH042,11,Female,2023-10-12,Active
STU004307,SCH030,3,Female,2020-04-14,Active
STU004308,SCH008,5,Male,2022-04-25,Active
STU004309,SCH002,12,Female,2022-08-19,Active
STU004310,SCH010,12,Female,2020-03-26,Active
STU004311,SCH009,7,Female,2020-04-19,Active
STU004312,SCH023,10,Male,2020-11-12,Active
STU004313,SCH005,6,Female,2021-06-24,Active
STU004314,SCH048,5,Female,2021-03-06,Active
STU004315,SCH020,1,Female,2018-04-18,Active
STU004316,SCH024,11,Female,2021-06-25,Active
STU004317,SCH047,6,Male,2023-01-28,Active
STU004318,SCH044,7,Male,2023-05-22,Active
STU004319,SCH043,7,Male,2022-12-21,Active
STU004320,SCH008,0,Male,2021-03-10,Active
STU004321,SCH041,3,Female,2019-03-04,Active
STU004322,SCH024,11,Female,2022-02-05,Active
STU004323,SCH024,12,Male,2018-01-22,Active
STU004324,SCH020,3,Female,2019-02-17,Active
STU004325,SCH027,8,Male,2022-04-08,Active
STU004326,SCH007,4,Female,2021-03-24,Active
STU004327,SCH035,7,Female,2019-01-23,Active
STU004328,SCH032,7,Female,2020-12-20,Active
STU004329,SCH030,0,Female,2018-09-27,Active
STU004330,SCH025,2,Female,2021-06-07,Active
STU004331,SCH007,1,Male,2020-06-08,Active
STU004332,SCH019,1,Female,2019-03-14,Active
STU004333,SCH030,1,Female,2023-01-03,Active
STU004334,SCH030,0,Male,2021-11-02,Active
STU004335,SCH006,2,Male,2020-04-25,Active
STU004336,SCH024,12,Female,2020-02-22,Active
STU004337,SCH020,0,Female,2019-02-22,Active
STU004338,SCH005,1,Male,2018-10-09,Active
STU004339,SCH028,3,Male,2018-07-31,Active
STU004340,SCH005,0,Female,2019-06-15,Active
STU004341,SCH003,1,Female,2019-10-31,Active
STU004342,SCH020,2,Male,2020-04-20,Active
STU004343,SCH030,4,Male,2023-10-08,Active
STU004344,SCH008,1,Male,2022-10-16,Active
STU004345,SCH039,3,Female,2022-07-28,Active
STU004346,SCH040,3,Female,2018-02-22,Active
STU004347,SCH038,3,Male,2023-11-21,Active
STU004348,SCH042,11,Male,2022-05-10,Active
STU004349,SCH002,11,Male,2020-01-19,Active
STU004350,SCH002,12,Female,2023-01-26,Active
STU004351,SCH014,0,Male,2018-02-16,Active
STU004352,SCH022,11,Male,2021-09-19,Active
STU004353,SCH047,4,Male,2018-12-22,Active
STU004354,SCH048,4,Female,2018-04-23,Active
STU004355,SCH038,1,Female,2021-12-08,Active
STU004356,SCH026,2,Non-specified,2019-03-11,Active
STU004357,SCH039,4,Male,2020-11-05,Active
STU004358,SCH024,12,Male,2019-11-28,Active
STU004359,SCH049,12,Female,2019-01-28,Active
STU004360,SCH029,7,Male,2023-06-11,Active
STU004361,SCH004,0,Male,2022-09-15,Active
STU004362,SCH010,9,Female,2020-05-05,Active
STU004363,SCH021,1,Male,2023-02-15,Active
STU004364,SCH035,10,Male,2019-02-21,Active
STU004365,SCH042,12,Female,2020-11-27,Active
STU004366,SCH008,0,Female,2018-03-21,Active
STU004367,SCH037,4,Male,2020-03-23,Active
STU004368,SCH016,6,Female,2023-06-16,Active
STU004369,SCH009,7,Male,2022-04-26,Active
STU004370,SCH023,10,Non-specified,2020-10-04,Active
STU004371,SCH012,10,Female,2023-12-30,Active
STU004372,SCH003,4,Male,2022-07-09,Active
STU004373,SCH043,7,Female,2023-10-07,Active
STU004374,SCH005,1,Male,2018-01-20,Active
STU004375,SCH045,8,Male,2021-05-25,Active
STU004376,SCH010,12,Male,2023-01-10,Active
STU004377,SCH015,0,Female,2021-03-16,Active
STU004378,SCH012,7,Male,2022-03-25,Active
STU004379,SCH009,7,Female,2019-04-25,Active
STU004380,SCH002,12,Male,2020-02-24,Active
STU004381,SCH012,8,Male,2020-10-22,Active
STU004382,SCH039,3,Female,2020-08-20,Active
STU004383,SCH044,10,Female,2023-01-09,Active
STU004384,SCH014,4,Male,2019-11-22,Active
STU004385,SCH002,11,Female,2019-10-22,Active
STU004386,SCH031,8,Female,2020-03-30,Active
STU004387,SCH033,4,Female,2018-12-02,Active
STU004388,SCH001,12,Non-specified,2022-08-27,Active
STU004389,SCH029,7,Female,2019-10-02,Active
STU004390,SCH007,3,Male,2020-06-28,Active
STU004391,SCH049,12,Male,2022-09-22,Active
STU004392,SCH027,9,Male,2022-09-10,Active
STU004393,SCH032,7,Female,2020-04-16,Active
STU004394,SCH039,6,Male,2022-06-26,Active
STU004395,SCH004,5,Female,2022-02-14,Active
STU004396,SCH009,8,Male,2022-09-16,Active
STU004397,SCH018,0,Male,2023-12-25,Active
STU004398,SCH024,11,Female,2019-09-28,Active
STU004399,SCH014,2,Male,2022-09-05,Active
STU004400,SCH014,5,Male,2019-12-20,Active
STU004401,SCH050,10,Female,2022-08-12,Active
STU004402,SCH022,11,Male,2021-11-12,Active
STU004403,SCH049,12,Female,2023-12-29,Active
STU004404,SCH034,12,Female,2022-06-10,Active
STU004405,SCH027,9,Male,2023-07-21,Active
STU004406,SCH014,5,Male,2023-08-03,Active
STU004407,SCH048,1,Female,2019-09-19,Active
STU004408,SCH043,7,Female,2018-01-19,Active
STU004409,SCH029,10,Male,2020-06-16,Active
STU004410,SCH012,9,Female,2021-08-08,Active
STU004411,SCH004,5,Male,2020-10-07,Active
STU004412,SCH001,11,Male,2023-07-11,Active
STU004413,SCH022,11,Male,2019-03-29,Active
STU004414,SCH016,3,Male,2019-07-29,Active
STU004415,SCH037,2,Female,2022-09-23,Active
STU004416,SCH033,2,Female,2021-07-21,Active
STU004417,SCH027,10,Female,2021-12-03,Active
STU004418,SCH008,5,Male,2018-06-29,Active
STU004419,SCH030,3,Female,2018-01-16,Active
STU004420,SCH011,2,Male,2018-03-12,Active
STU004421,SCH009,7,Female,2023-02-12,Active
STU004422,SCH007,3,Male,2021-12-14,Active
STU004423,SCH043,9,Female,2020-12-03,Active
STU004424,SCH023,8,Female,2018-06-29,Active
STU004425,SCH011,2,Female,2019-11-18,Active
STU004426,SCH001,12,Female,2018-01-04,Active
STU004427,SCH046,8,Male,2020-11-14,Active
STU004428,SCH029,10,Female,2022-09-27,Active
STU004429,SCH033,6,Male,2018-05-19,Active
STU004430,SCH047,4,Male,2021-12-20,Active
STU004431,SCH010,11,Male,2019-11-26,Active
STU004432,SCH036,4,Female,2018-08-08,Active
STU004433,SCH026,1,Male,2022-10-19,Active
STU004434,SCH030,3,Male,2023-11-16,Active
STU004435,SCH037,3,Non-specified,2020-10-22,Active
STU004436,SCH026,1,Male,2020-04-22,Active
STU004437,SCH038,6,Male,2018-12-09,Active
STU004438,SCH008,2,Male,2020-03-01,Active
STU004439,SCH032,7,Female,2019-11-18,Active
STU004440,SCH026,3,Female,2020-09-19,Active
STU004441,SCH045,9,Male,2022-03-03,Active
STU004442,SCH049,11,Non-specified,2021-07-31,Active
STU004443,SCH007,1,Male,2018-04-07,Active
STU004444,SCH025,0,Female,2020-09-14,Active
STU004445,SCH012,10,Male,2019-02-07,Active
STU004446,SCH008,1,Female,2019-06-21,Active
STU004447,SCH047,6,Male,2020-04-15,Active
STU004448,SCH026,4,Male,2018-08-26,Active
STU004449,SCH045,8,Female,2023-05-07,Active
STU004450,SCH004,1,Female,2019-09-12,Active
STU004451,SCH025,0,Female,2019-04-11,Active
STU004452,SCH048,5,Female,2018-07-03,Active
STU004453,SCH001,11,Male,2021-07-04,Active
STU004454,SCH007,2,Male,2020-05-27,Active
STU004455,SCH032,8,Female,2020-07-20,Active
STU004456,SCH039,6,Female,2022-04-12,Active
STU004457,SCH011,0,Female,2019-12-02,Active
STU004458,SCH033,6,Female,2020-07-01,Active
STU004459,SCH015,4,Male,2022-02-10,Active
STU004460,SCH005,0,Female,2023-03-06,Active
STU004461,SCH012,8,Male,2019-10-21,Active
STU004462,SCH005,0,Female,2022-05-28,Active
STU004463,SCH044,9,Male,2020-04-16,Active
STU004464,SCH039,5,Male,2019-09-21,Active
STU004465,SCH004,3,Male,2018-10-18,Active
STU004466,SCH013,1,Female,2019-06-25,Active
STU004467,SCH041,6,Male,2018-12-08,Active
STU004468,SCH005,3,Female,2023-04-02,Active
STU004469,SCH021,9,Female,2023-11-03,Active
STU004470,SCH049,12,Male,2018-01-23,Active
STU004471,SCH024,11,Female,2021-11-13,Active
STU004472,SCH011,4,Male,2022-07-25,Active
STU004473,SCH039,5,Female,2018-05-28,Active
STU004474,SCH027,7,Male,2019-03-22,Active
STU004475,SCH004,5,Male,2022-09-13,Active
STU004476,SCH025,4,Female,2020-12-24,Active
STU004477,SCH023,9,Female,2018-11-28,Active
STU004478,SCH003,5,Female,2018-08-11,Active
STU004479,SCH033,0,Male,2020-11-27,Active
STU004480,SCH002,12,Male,2021-07-24,Active
STU004481,SCH046,2,Female,2019-02-04,Active
STU004482,SCH014,3,Male,2019-10-26,Active
STU004483,SCH035,9,Female,2020-03-20,Active
STU004484,SCH009,7,Female,2022-03-07,Active
STU004485,SCH031,1,Female,2018-02-28,Active
STU004486,SCH005,4,Female,2018-02-05,Active
STU004487,SCH042,11,Female,2019-01-11,Active
STU004488,SCH025,0,Male,2018-07-11,Active
STU004489,SCH035,10,Male,2022-08-11,Active
STU004490,SCH030,1,Male,2018-05-28,Active
STU004491,SCH024,11,Male,2018-08-08,Active
STU004492,SCH003,3,Male,2022-03-05,Active
STU004493,SCH013,0,Female,2021-10-16,Active
STU004494,SCH035,7,Male,2020-08-05,Active
STU004495,SCH003,3,Female,2020-04-12,Active
STU004496,SCH034,12,Male,2020-03-27,Active
STU004497,SCH015,5,Male,2023-05-27,Active
STU004498,SCH028,1,Female,2021-02-01,Active
STU004499,SCH032,9,Male,2018-05-13,Active
STU004500,SCH049,11,Female,2023-07-17,Active
STU004501,SCH039,5,Male,2018-01-20,Active
STU004502,SCH012,10,Male,2021-03-07,Active
STU004503,SCH042,11,Female,2018-09-30,Active
STU004504,SCH025,6,Male,2018-09-01,Active
STU004505,SCH041,2,Male,2019-06-18,Active
STU004506,SCH010,6,Male,2021-12-30,Active
STU004507,SCH027,7,Male,2023-01-19,Active
STU004508,SCH029,7,Male,2019-02-14,Active
STU004509,SCH039,6,Female,2023-09-15,Active
STU004510,SCH016,4,Female,2021-08-17,Active
STU004511,SCH042,11,Male,2019-11-02,Active
STU004512,SCH029,10,Female,2022-10-17,Active
STU004513,SCH040,5,Male,2019-12-12,Active
STU004514,SCH015,6,Male,2019-06-18,Active
STU004515,SCH035,8,Female,2020-09-20,Active
STU004516,SCH029,8,Female,2020-10-28,Active
STU004517,SCH039,1,Male,2019-08-17,Active
STU004518,SCH023,10,Female,2021-09-20,Active
STU004519,SCH003,3,Female,2022-01-18,Active
STU004520,SCH047,5,Female,2020-04-25,Active
STU004521,SCH038,6,Female,2019-02-25,Active
STU004522,SCH035,10,Male,2022-12-28,Active
STU004523,SCH022,12,Male,2021-12-21,Active
STU004524,SCH038,1,Male,2019-06-24,Active
STU004525,SCH025,5,Male,2018-11-24,Active
STU004526,SCH004,5,Male,2019-03-01,Active
STU004527,SCH016,0,Male,2020-03-07,Active
STU004528,SCH011,0,Female,2023-05-07,Active
STU004529,SCH047,2,Female,2018-02-26,Active
STU004530,SCH019,4,Male,2020-10-20,Active
STU004531,SCH039,3,Male,2021-08-22,Active
STU004532,SCH039,0,Female,2018-01-15,Active
STU004533,SCH039,6,Male,2019-05-25,Active
STU004534,SCH034,12,Female,2019-09-01,Active
STU004535,SCH008,6,Female,2022-12-03,Active
STU004536,SCH035,7,Male,2018-03-26,Active
STU004537,SCH019,1,Male,2021-07-14,Active
STU004538,SCH029,9,Female,2023-10-14,Active
STU004539,SCH038,0,Male,2019-04-11,Active
STU004540,SCH001,11,Male,2022-08-07,Active
STU004541,SCH016,3,Female,2020-07-09,Active
STU004542,SCH008,0,Male,2022-01-31,Active
STU004543,SCH022,12,Male,2018-02-24,Active
STU004544,SCH001,11,Female,2021-06-29,Active
STU004545,SCH011,3,Male,2022-05-20,Active
STU004546,SCH035,9,Male,2019-07-03,Active
STU004547,SCH049,12,Male,2021-05-13,Active
STU004548,SCH042,11,Male,2021-01-04,Active
STU004549,SCH024,12,Male,2018-07-19,Active
STU004550,SCH022,11,Female,2022-04-15,Active
STU004551,SCH022,12,Male,2022-10-02,Active
STU004552,SCH048,0,Male,2023-02-05,Active
STU004553,SCH026,3,Male,2020-10-01,Active
STU004554,SCH049,12,Female,2018-09-29,Active
STU004555,SCH025,4,Female,2021-11-01,Active
STU004556,SCH033,1,Female,2019-01-04,Active
STU004557,SCH006,2,Female,2018-10-14,Active
STU004558,SCH018,1,Male,2018-08-26,Active
STU004559,SCH027,9,Male,2023-08-05,Active
STU004560,SCH011,6,Female,2021-07-22,Active
STU004561,SCH008,3,Male,2019-10-03,Active
STU004562,SCH021,7,Male,2020-11-18,Active
STU004563,SCH013,2,Male,2022-05-06,Active
STU004564,SCH022,12,Male,2022-04-07,Active
STU004565,SCH050,10,Male,2018-10-13,Active
STU004566,SCH022,11,Male,2018-08-23,Active
STU004567,SCH029,8,Female,2022-12-07,Active
STU004568,SCH050,8,Male,2018-10-13,Active
STU004569,SCH021,10,Female,2019-11-13,Active
STU004570,SCH001,12,Male,2021-07-18,Active
STU004571,SCH014,0,Male,2019-09-24,Active
STU004572,SCH031,0,Female,2022-08-20,Active
STU004573,SCH033,1,Male,2021-03-27,Active
STU004574,SCH003,6,Male,2022-06-28,Active
STU004575,SCH045,9,Female,2020-02-06,Active
STU004576,SCH037,5,Male,2018-01-01,Active
STU004577,SCH027,9,Female,2019-11-15,Active
STU004578,SCH018,4,Male,2023-02-27,Active
STU004579,SCH039,3,Male,2019-01-30,Active
STU004580,SCH023,10,Female,2023-04-03,Active
STU004581,SCH035,10,Male,2018-02-10,Active
STU004582,SCH013,3,Female,2022-09-08,Active
STU004583,SCH039,6,Male,2020-01-19,Active
STU004584,SCH038,2,Male,2020-05-07,Active
STU004585,SCH001,11,Male,2020-02-11,Active
STU004586,SCH039,3,Female,2023-02-16,Active
STU004587,SCH014,5,Female,2020-11-10,Active
STU004588,SCH029,7,Female,2018-11-25,Active
STU004589,SCH004,1,Female,2022-04-15,Active
STU004590,SCH040,3,Female,2020-10-20,Active
STU004591,SCH050,9,Male,2018-12-06,Active
STU004592,SCH043,9,Female,2021-07-25,Active
STU004593,SCH008,4,Female,2021-09-15,Active
STU004594,SCH025,4,Female,2021-05-28,Active
STU004595,SCH046,5,Female,2020-08-01,Active
STU004596,SCH036,1,Male,2018-07-18,Active
STU004597,SCH032,7,Male,2018-09-03,Active
STU004598,SCH006,1,Male,2022-12-17,Active
STU004599,SCH018,2,Female,2022-03-02,Active
STU004600,SCH007,4,Male,2018-08-11,Active
STU004601,SCH029,9,Male,2020-03-07,Active
STU004602,SCH014,5,Male,2018-06-14,Active
STU004603,SCH036,1,Female,2019-03-13,Active
STU004604,SCH012,7,Male,2022-05-05,Active
STU004605,SCH034,11,Male,2023-05-28,Active
STU004606,SCH019,0,Female,2018-07-30,Active
STU004607,SCH035,9,Female,2018-07-04,Active
STU004608,SCH006,6,Female,2018-07-24,Active
STU004609,SCH039,0,Male,2022-02-13,Active
STU004610,SCH033,4,Female,2021-07-07,Active
STU004611,SCH001,11,Male,2021-05-23,Active
STU004612,SCH006,3,Female,2018-02-05,Active
STU004613,SCH014,3,Male,2020-05-19,Active
STU004614,SCH040,4,Female,2019-08-24,Active
STU004615,SCH033,5,Male,2023-01-04,Active
STU004616,SCH022,11,Female,2020-08-29,Active
STU004617,SCH012,8,Non-specified,2023-12-02,Active
STU004618,SCH026,5,Male,2018-07-14,Active
STU004619,SCH011,3,Male,2020-12-23,Active
STU004620,SCH046,11,Female,2023-08-24,Active
STU004621,SCH020,4,Male,2023-12-30,Active
STU004622,SCH019,2,Non-specified,2019-01-14,Active
STU004623,SCH011,4,Female,2019-06-08,Active
STU004624,SCH008,1,Female,2018-06-13,Active
STU004625,SCH041,6,Male,2022-11-10,Active
STU004626,SCH001,11,Female,2022-12-07,Active
STU004627,SCH016,1,Male,2021-04-22,Active
STU004628,SCH016,3,Female,2023-04-13,Active
STU004629,SCH026,0,Female,2020-04-14,Active
STU004630,SCH030,3,Male,2018-02-22,Active
STU004631,SCH032,7,Female,2020-10-01,Active
STU004632,SCH004,0,Male,2019-03-19,Active
STU004633,SCH042,12,Female,2019-05-20,Active
STU004634,SCH044,9,Female,2023-12-04,Active
STU004635,SCH027,10,Male,2021-03-16,Active
STU004636,SCH038,4,Female,2023-12-07,Active
STU004637,SCH030,6,Female,2021-05-18,Active
STU004638,SCH021,0,Male,2023-02-09,Active
STU004639,SCH029,7,Female,2023-11-23,Active
STU004640,SCH015,0,Female,2018-10-18,Active
STU004641,SCH019,2,Male,2018-09-19,Active
STU004642,SCH005,0,Male,2018-05-31,Active
STU004643,SCH046,0,Female,2020-12-30,Active
STU004644,SCH032,10,Male,2021-07-06,Active
STU004645,SCH008,1,Male,2018-06-19,Active
STU004646,SCH019,6,Male,2019-09-07,Active
STU004647,SCH004,4,Male,2018-12-13,Active
STU004648,SCH032,10,Female,2019-06-01,Active
STU004649,SCH023,10,Male,2021-03-02,Active
STU004650,SCH032,8,Male,2020-07-17,Active
STU004651,SCH034,11,Male,2020-06-25,Active
STU004652,SCH042,12,Female,2019-10-27,Active
STU004653,SCH034,11,Female,2022-12-01,Active
STU004654,SCH028,5,Male,2020-04-16,Active
STU004655,SCH027,7,Male,2023-11-21,Active
STU004656,SCH046,8,Female,2019-05-26,Active
STU004657,SCH007,3,Female,2022-12-14,Active
STU004658,SCH028,5,Female,2022-09-15,Active
STU004659,SCH011,6,Female,2019-11-15,Active
STU004660,SCH017,11,Female,2020-01-22,Active
STU004661,SCH011,2,Male,2021-04-03,Active
STU004662,SCH017,12,Male,2022-07-15,Active
STU004663,SCH024,11,Female,2020-07-13,Active
STU004664,SCH014,5,Female,2020-09-13,Active
STU004665,SCH018,4,Female,2022-10-20,Active
STU004666,SCH012,9,Female,2022-02-26,Active
STU004667,SCH045,8,Female,2020-01-01,Active
STU004668,SCH024,12,Male,2022-07-19,Active
STU004669,SCH046,8,Female,2021-08-20,Active
STU004670,SCH025,2,Male,2019-06-10,Active
STU004671,SCH005,4,Female,2022-09-21,Active
STU004672,SCH013,3,Male,2018-08-28,Active
STU004673,SCH003,3,Male,2020-11-01,Active
STU004674,SCH005,1,Female,2020-07-07,Active
STU004675,SCH011,1,Male,2018-09-23,Active
STU004676,SCH010,10,Female,2020-02-16,Active
STU004677,SCH010,8,Male,2020-05-02,Active
STU004678,SCH042,12,Female,2020-03-29,Active
STU004679,SCH036,6,Female,2021-09-18,Active
STU004680,SCH006,4,Female,2020-12-18,Active
STU004681,SCH048,5,Female,2018-12-10,Active
STU004682,SCH025,6,Female,2022-05-15,Active
STU004683,SCH046,3,Male,2019-04-21,Active
STU004684,SCH005,5,Male,2023-12-05,Active
STU004685,SCH048,6,Female,2018-12-10,Active
STU004686,SCH013,5,Female,2018-11-28,Active
STU004687,SCH030,3,Female,2019-08-29,Active
STU004688,SCH013,0,Male,2019-11-12,Active
STU004689,SCH036,2,Male,2018-04-25,Active
STU004690,SCH003,1,Female,2018-05-20,Active
STU004691,SCH013,4,Female,2023-11-04,Active
STU004692,SCH014,4,Male,2018-01-17,Active
STU004693,SCH045,7,Male,2018-09-16,Active
STU004694,SCH033,4,Female,2023-12-23,Active
STU004695,SCH032,8,Male,2019-05-16,Active
STU004696,SCH027,10,Female,2023-08-07,Active
STU004697,SCH032,10,Female,2020-07-02,Active
STU004698,SCH030,0,Male,2023-12-19,Active
STU004699,SCH037,4,Female,2020-08-26,Active
STU004700,SCH026,3,Male,2023-05-27,Active
STU004701,SCH034,11,Male,2020-01-05,Active
STU004702,SCH048,3,Female,2021-04-21,Active
STU004703,SCH048,2,Male,2023-05-05,Active
STU004704,SCH020,3,Female,2020-01-30,Active
STU004705,SCH020,4,Female,2018-09-12,Active
STU004706,SCH049,11,Male,2019-01-17,Active
STU004707,SCH023,9,Female,2019-06-19,Active
STU004708,SCH033,1,Male,2022-10-25,Active
STU004709,SCH007,2,Female,2021-07-30,Active
STU004710,SCH044,9,Male,2018-03-23,Active
STU004711,SCH013,1,Female,2019-08-23,Active
STU004712,SCH039,0,Female,2022-01-11,Active
STU004713,SCH032,10,Female,2021-10-04,Active
STU004714,SCH029,7,Male,2019-08-23,Active
STU004715,SCH013,6,Female,2023-05-13,Active
STU004716,SCH001,11,Female,2020-08-26,Active
STU004717,SCH004,5,Female,2023-01-23,Active
STU004718,SCH046,4,Male,2019-04-15,Active
STU004719,SCH032,7,Female,2018-09-28,Active
STU004720,SCH009,9,Female,2021-05-23,Active
STU004721,SCH021,12,Female,2022-09-10,Active
STU004722,SCH011,5,Female,2022-06-27,Active
STU004723,SCH020,5,Female,2020-02-26,Active
STU004724,SCH028,6,Female,2019-11-02,Active
STU004725,SCH007,5,Female,2019-01-24,Active
STU004726,SCH047,5,Male,2020-10-13,Active
STU004727,SCH020,5,Female,2020-12-11,Active
STU004728,SCH010,1,Male,2022-09-09,Active
STU004729,SCH009,7,Female,2021-03-03,Active
STU004730,SCH048,4,Male,2018-02-10,Active
STU004731,SCH027,8,Male,2022-02-28,Active
STU004732,SCH010,8,Female,2018-03-24,Active
STU004733,SCH006,1,Male,2021-01-07,Active
STU004734,SCH042,11,Male,2021-10-05,Active
STU004735,SCH031,6,Female,2021-06-02,Active
STU004736,SCH010,4,Female,2018-03-15,Active
STU004737,SCH021,2,Male,2020-11-09,Active
STU004738,SCH005,2,Female,2022-06-03,Active
STU004739,SCH029,9,Male,2018-09-01,Active
STU004740,SCH001,11,Male,2023-10-05,Active
STU004741,SCH047,4,Female,2022-01-19,Active
STU004742,SCH034,12,Male,2022-07-12,Active
STU004743,SCH010,2,Female,2023-08-06,Active
STU004744,SCH028,2,Male,2018-03-31,Active
STU004745,SCH032,8,Female,2018-07-31,Active
STU004746,SCH035,7,Male,2022-06-20,Active
STU004747,SCH021,1,Female,2022-12-10,Active
STU004748,SCH012,9,Male,2022-02-16,Active
STU004749,SCH017,12,Female,2022-12-08,Active
STU004750,SCH018,2,Female,2021-02-16,Active
STU004751,SCH040,4,Male,2019-11-30,Active
STU004752,SCH009,9,Male,2020-12-30,Active
STU004753,SCH030,0,Female,2019-03-05,Active
STU004754,SCH016,2,Female,2022-02-12,Active
STU004755,SCH036,6,Female,2019-11-02,Active
STU004756,SCH048,0,Male,2018-07-10,Active
STU004757,SCH037,2,Male,2023-06-16,Active
STU004758,SCH050,8,Male,2018-11-25,Active
STU004759,SCH028,2,Male,2019-09-24,Active
STU004760,SCH017,11,Male,2018-01-02,Active
STU004761,SCH012,9,Male,2018-05-07,Active
STU004762,SCH011,4,Male,2021-07-27,Active
STU004763,SCH044,8,Female,2019-01-29,Active
STU004764,SCH024,11,Female,2022-04-04,Active
STU004765,SCH005,6,Male,2021-08-04,Active
STU004766,SCH026,4,Female,2020-09-23,Active
STU004767,SCH038,6,Male,2020-02-10,Active
STU004768,SCH004,3,Male,2019-07-27,Active
STU004769,SCH007,4,Female,2018-06-14,Active
STU004770,SCH011,2,Female,2019-10-29,Active
STU004771,SCH015,4,Female,2023-03-18,Active
STU004772,SCH007,3,Male,2021-02-02,Active
STU004773,SCH011,5,Male,2021-01-11,Active
STU004774,SCH008,4,Male,2022-10-29,Active
STU004775,SCH050,8,Male,2023-11-01,Active
STU004776,SCH027,7,Male,2021-06-23,Active
STU004777,SCH048,2,Female,2018-05-25,Active
STU004778,SCH034,12,Male,2023-11-06,Active
STU004779,SCH031,1,Female,2020-03-24,Active
STU004780,SCH044,7,Female,2023-06-10,Active
STU004781,SCH008,3,Female,2018-09-21,Active
STU004782,SCH027,10,Female,2019-09-02,Active
STU004783,SCH033,1,Female,2023-11-03,Active
STU004784,SCH033,5,Female,2023-10-06,Active
STU004785,SCH037,6,Male,2019-09-24,Active
STU004786,SCH014,6,Male,2021-02-09,Active
STU004787,SCH040,1,Male,2018-06-09,Active
STU004788,SCH011,4,Female,2022-01-26,Active
STU004789,SCH048,4,Female,2022-10-18,Active
STU004790,SCH021,0,Female,2023-11-30,Active
STU004791,SCH006,2,Female,2022-03-31,Active
STU004792,SCH010,3,Male,2023-06-10,Active
STU004793,SCH009,10,Male,2020-01-29,Active
STU004794,SCH022,12,Female,2020-12-29,Active
STU004795,SCH015,0,Female,2022-10-13,Active
STU004796,SCH006,1,Male,2022-04-29,Active
STU004797,SCH028,2,Male,2020-11-12,Active
STU004798,SCH048,3,Female,2018-01-16,Active
STU004799,SCH027,9,Female,2020-03-19,Active
STU004800,SCH019,4,Male,2018-05-09,Active
STU004801,SCH015,0,Female,2020-02-18,Active
STU004802,SCH014,5,Male,2018-08-19,Active
STU004803,SCH035,8,Male,2018-12-05,Active
STU004804,SCH029,8,Male,2019-04-06,Active
STU004805,SCH016,4,Male,2020-12-24,Active
STU004806,SCH037,2,Female,2018-05-09,Active
STU004807,SCH034,11,Female,2022-02-07,Active
STU004808,SCH015,3,Male,2023-05-16,Active
STU004809,SCH011,0,Female,2018-11-24,Active
STU004810,SCH026,4,Female,2020-01-02,Active
STU004811,SCH049,12,Female,2021-11-22,Active
STU004812,SCH030,5,Male,2019-04-01,Active
STU004813,SCH047,4,Male,2021-10-28,Active
STU004814,SCH045,10,Female,2019-01-25,Active
STU004815,SCH001,11,Male,2018-04-29,Active
STU004816,SCH045,9,Male,2023-03-15,Active
STU004817,SCH043,7,Male,2018-02-14,Active
STU004818,SCH014,6,Female,2022-05-21,Active
STU004819,SCH026,0,Female,2021-09-12,Active
STU004820,SCH043,10,Male,2021-07-05,Active
STU004821,SCH012,7,Male,2021-05-25,Active
STU004822,SCH013,6,Female,2023-08-02,Active
STU004823,SCH037,0,Female,2023-05-07,Active
STU004824,SCH007,5,Male,2022-09-18,Active
STU004825,SCH007,1,Female,2020-04-16,Active
STU004826,SCH039,3,Male,2023-05-09,Active
STU004827,SCH029,9,Male,2022-10-18,Active
STU004828,SCH044,7,Male,2018-12-13,Active
STU004829,SCH050,10,Male,2021-12-21,Active
STU004830,SCH026,5,Female,2020-10-20,Active
STU004831,SCH026,4,Male,2018-09-19,Active
STU004832,SCH005,6,Female,2022-02-03,Active
STU004833,SCH011,0,Female,2021-06-15,Active
STU004834,SCH032,9,Male,2022-12-07,Active
STU004835,SCH046,3,Male,2019-01-21,Active
STU004836,SCH006,5,Female,2018-10-12,Active
STU004837,SCH032,9,Female,2021-11-27,Active
STU004838,SCH018,5,Male,2018-04-07,Active
STU004839,SCH034,11,Female,2020-07-23,Active
STU004840,SCH015,0,Male,2023-05-06,Active
STU004841,SCH046,3,Female,2023-10-19,Active
STU004842,SCH018,2,Female,2022-02-10,Active
STU004843,SCH028,4,Female,2023-06-04,Active
STU004844,SCH027,8,Male,2023-09-09,Active
STU004845,SCH035,7,Male,2021-10-17,Active
STU004846,SCH025,5,Female,2022-12-08,Active
STU004847,SCH002,12,Male,2018-02-20,Active
STU004848,SCH039,6,Female,2020-04-17,Active
STU004849,SCH048,5,Male,2023-08-29,Active
STU004850,SCH048,5,Male,2018-08-01,Active
STU004851,SCH044,7,Male,2020-03-05,Active
STU004852,SCH033,0,Female,2021-03-31,Active
STU004853,SCH004,1,Male,2018-11-23,Active
STU004854,SCH022,11,Female,2018-08-11,Active
STU004855,SCH034,11,Female,2020-08-07,Active
STU004856,SCH031,1,Female,2019-12-05,Active
STU004857,SCH046,3,Female,2019-03-25,Active
STU004858,SCH013,5,Male,2022-12-16,Active
STU004859,SCH029,8,Male,2021-02-26,Active
STU004860,SCH046,0,Male,2022-06-20,Active
STU004861,SCH022,11,Male,2023-05-09,Active
STU004862,SCH007,4,Male,2020-11-26,Active
STU004863,SCH024,11,Male,2023-11-19,Active
STU004864,SCH044,10,Female,2018-05-27,Active
STU004865,SCH036,3,Male,2022-03-06,Active
STU004866,SCH028,1,Male,2019-09-14,Active
STU004867,SCH036,5,Female,2021-10-15,Active
STU004868,SCH040,5,Male,2018-05-06,Active
STU004869,SCH004,5,Male,2018-07-11,Active
STU004870,SCH022,11,Male,2022-07-15,Active
STU004871,SCH004,4,Female,2019-08-08,Active
STU004872,SCH044,9,Female,2022-02-04,Active
STU004873,SCH026,0,Female,2020-08-08,Active
STU004874,SCH004,3,Male,2020-08-07,Active
STU004875,SCH007,3,Male,2023-09-25,Active
STU004876,SCH040,5,Male,2022-05-02,Active
STU004877,SCH022,11,Female,2023-11-18,Active
STU004878,SCH049,12,Male,2023-07-07,Active
STU004879,SCH030,4,Male,2022-12-11,Active
STU004880,SCH040,1,Female,2023-08-24,Active
STU004881,SCH031,3,Male,2021-03-29,Active
STU004882,SCH007,5,Female,2021-06-30,Active
STU004883,SCH019,0,Female,2023-04-01,Active
STU004884,SCH026,4,Female,2019-01-25,Active
STU004885,SCH007,3,Male,2018-02-16,Active
STU004886,SCH006,3,Female,2018-02-28,Active
STU004887,SCH050,10,Female,2020-06-20,Active
STU004888,SCH011,5,Male,2018-03-17,Active
STU004889,SCH002,11,Male,2019-06-02,Active
STU004890,SCH049,11,Female,2022-02-14,Active
STU004891,SCH017,12,Male,2020-05-17,Active
STU004892,SCH046,11,Female,2020-08-20,Active
STU004893,SCH035,9,Male,2020-05-30,Active
STU004894,SCH019,1,Male,2023-06-03,Active
STU004895,SCH047,1,Male,2020-02-21,Active
STU004896,SCH035,9,Male,2019-11-24,Active
STU004897,SCH032,10,Female,2023-04-21,Active
STU004898,SCH031,4,Female,2018-07-29,Active
STU004899,SCH016,0,Male,2020-12-03,Active
STU004900,SCH007,4,Male,2019-06-17,Active
STU004901,SCH012,8,Male,2021-10-16,Active
STU004902,SCH010,5,Male,2018-05-23,Active
STU004903,SCH003,2,Female,2021-01-03,Active
STU004904,SCH012,9,Male,2021-08-28,Active
STU004905,SCH017,11,Male,2019-03-08,Active
STU004906,SCH043,10,Female,2023-11-06,Active
STU004907,SCH039,4,Male,2022-10-07,Active
STU004908,SCH001,11,Male,2018-08-29,Active
STU004909,SCH048,1,Female,2022-05-07,Active
STU004910,SCH015,1,Male,2023-09-27,Active
STU004911,SCH038,1,Male,2023-05-17,Active
STU004912,SCH042,12,Female,2022-05-21,Active
STU004913,SCH020,2,Male,2022-01-29,Active
STU004914,SCH041,1,Female,2023-09-07,Active
STU004915,SCH025,4,Female,2022-07-27,Active
STU004916,SCH042,12,Female,2022-12-15,Active
STU004917,SCH035,8,Male,2018-04-14,Active
STU004918,SCH039,0,Male,2023-06-03,Active
STU004919,SCH031,8,Female,2019-09-30,Active
STU004920,SCH024,12,Male,2021-10-08,Active
STU004921,SCH030,1,Female,2021-02-05,Active
STU004922,SCH043,7,Male,2021-08-30,Active
STU004923,SCH037,0,Female,2022-12-04,Active
STU004924,SCH025,1,Female,2021-08-22,Active
STU004925,SCH046,6,Female,2019-02-12,Active
STU004926,SCH003,1,Female,2021-11-17,Active
STU004927,SCH038,1,Male,2021-10-09,Active
STU004928,SCH002,12,Male,2020-05-15,Active
STU004929,SCH048,6,Male,2023-07-07,Active
STU004930,SCH004,6,Male,2018-04-07,Active
STU004931,SCH019,2,Female,2023-09-02,Active
STU004932,SCH018,1,Female,2021-02-03,Active
STU004933,SCH040,0,Male,2020-09-09,Active
STU004934,SCH018,1,Female,2022-11-06,Active
STU004935,SCH012,10,Male,2023-01-15,Active
STU004936,SCH015,6,Male,2021-08-26,Active
STU004937,SCH047,3,Male,2023-09-27,Active
STU004938,SCH008,1,Male,2021-02-12,Active
STU004939,SCH039,2,Male,2021-02-15,Active
STU004940,SCH047,3,Female,2022-10-21,Active
STU004941,SCH032,8,Male,2022-10-22,Active
STU004942,SCH021,2,Male,2019-03-16,Active
STU004943,SCH043,7,Female,2019-09-10,Active
STU004944,SCH044,9,Female,2023-04-26,Active
STU004945,SCH042,11,Female,2023-09-27,Active
STU004946,SCH021,11,Female,2023-08-06,Active
STU004947,SCH035,9,Male,2023-08-05,Active
STU004948,SCH019,5,Female,2023-11-07,Active
STU004949,SCH015,1,Female,2022-08-29,Active
STU004950,SCH013,2,Female,2018-05-14,Active
STU004951,SCH035,8,Male,2022-04-20,Active
STU004952,SCH011,4,Female,2018-11-06,Active
STU004953,SCH015,3,Male,2022-08-31,Active
STU004954,SCH019,6,Male,2019-09-17,Active
STU004955,SCH005,6,Female,2019-05-13,Active
STU004956,SCH011,6,Female,2021-03-02,Active
STU004957,SCH017,11,Male,2020-02-27,Active
STU004958,SCH041,0,Non-specified,2019-11-03,Active
STU004959,SCH036,1,Male,2023-06-01,Active
STU004960,SCH006,5,Male,2021-11-27,Active
STU004961,SCH005,2,Male,2018-12-01,Active
STU004962,SCH048,6,Female,2019-09-12,Active
STU004963,SCH034,11,Male,2023-09-23,Active
STU004964,SCH041,5,Female,2021-11-06,Active
STU004965,SCH020,2,Male,2023-02-21,Active
STU004966,SCH018,3,Female,2022-03-04,Active
STU004967,SCH014,1,Male,2018-11-08,Active
STU004968,SCH020,1,Male,2023-11-16,Active
STU004969,SCH049,11,Female,2018-06-21,Active
STU004970,SCH013,5,Male,2023-07-19,Active
STU004971,SCH022,11,Male,2019-05-20,Active
STU004972,SCH018,0,Male,2019-10-16,Active
STU004973,SCH027,7,Male,2021-11-27,Active
STU004974,SCH003,6,Female,2023-12-06,Active
STU004975,SCH039,4,Male,2023-12-13,Active
STU004976,SCH034,12,Male,2020-02-12,Active
STU004977,SCH037,6,Female,2020-09-03,Active
STU004978,SCH025,2,Female,2018-11-03,Active
STU004979,SCH035,7,Male,2023-12-03,Active
STU004980,SCH047,1,Female,2020-11-08,Active
STU004981,SCH049,11,Female,2022-08-25,Active
STU004982,SCH050,9,Male,2022-08-26,Active
STU004983,SCH010,0,Female,2023-05-20,Active
STU004984,SCH001,12,Male,2021-04-17,Active
STU004985,SCH012,9,Female,2020-11-29,Active
STU004986,SCH042,12,Female,2021-08-01,Active
STU004987,SCH007,0,Female,2018-10-18,Active
STU004988,SCH020,1,Female,2019-02-02,Active
STU004989,SCH038,4,Female,2021-09-15,Active
STU004990,SCH025,6,Male,2023-03-26,Active
STU004991,SCH048,2,Female,2022-06-25,Active
STU004992,SCH037,3,Female,2021-12-15,Active
STU004993,SCH045,7,Male,2018-10-11,Active
STU004994,SCH018,0,Male,2022-10-30,Active
STU004995,SCH006,3,Male,2021-10-17,Active
STU004996,SCH016,6,Male,2021-08-01,Active
STU004997,SCH029,7,Female,2023-06-30,Active
STU004998,SCH002,11,Female,2018-06-19,Active
STU004999,SCH008,1,Male,2021-07-25,Active
STU005000,SCH038,1,Male,2018-02-26,Active
STU005001,SCH032,7,Male,2023-07-01,Active
STU005002,SCH050,10,Male,2019-06-24,Active
STU005003,SCH004,6,Male,2019-05-05,Active
STU005004,SCH033,6,Female,2023-09-25,Active
STU005005,SCH043,8,Female,2021-07-19,Active
STU005006,SCH007,5,Female,2020-07-23,Active
STU005007,SCH032,7,Male,2018-12-20,Active
STU005008,SCH018,0,Female,2020-10-04,Active
STU005009,SCH011,3,Male,2020-05-11,Active
STU005010,SCH050,9,Female,2023-07-26,Active
STU005011,SCH016,2,Female,2019-03-11,Active
STU005012,SCH035,8,Male,2018-08-25,Active
STU005013,SCH040,4,Male,2023-01-16,Active
STU005014,SCH001,12,Female,2022-12-10,Active
STU005015,SCH022,12,Male,2018-11-02,Active
STU005016,SCH024,11,Female,2022-03-30,Active
STU005017,SCH010,7,Male,2019-10-26,Active
STU005018,SCH031,5,Female,2020-11-14,Active
STU005019,SCH028,6,Female,2020-10-22,Active
STU005020,SCH018,2,Male,2023-05-21,Active
STU005021,SCH033,0,Male,2018-03-08,Active
STU005022,SCH032,7,Male,2019-04-17,Active
STU005023,SCH030,6,Male,2018-02-27,Active
STU005024,SCH017,11,Female,2022-11-25,Active
STU005025,SCH018,1,Male,2022-05-12,Active
STU005026,SCH028,5,Female,2023-09-11,Active
STU005027,SCH018,1,Male,2022-01-03,Active
STU005028,SCH028,1,Female,2020-05-03,Active
STU005029,SCH049,12,Male,2021-09-29,Active
STU005030,SCH018,2,Non-specified,2021-02-28,Active
STU005031,SCH015,2,Male,2019-09-15,Active
STU005032,SCH026,2,Female,2020-07-31,Active
STU005033,SCH004,6,Male,2019-11-25,Active
STU005034,SCH015,1,Female,2019-03-06,Active
STU005035,SCH017,11,Female,2020-01-07,Active
STU005036,SCH029,10,Female,2019-03-21,Active
STU005037,SCH043,8,Female,2020-09-05,Active
STU005038,SCH006,1,Female,2021-04-13,Active
STU005039,SCH014,0,Female,2021-07-17,Active
STU005040,SCH023,8,Female,2021-02-22,Active
STU005041,SCH019,4,Male,2019-11-05,Active
STU005042,SCH034,11,Male,2021-10-05,Active
STU005043,SCH019,2,Male,2020-02-14,Active
STU005044,SCH041,5,Male,2020-08-05,Active
STU005045,SCH038,5,Male,2022-06-17,Active
STU005046,SCH037,6,Male,2022-08-27,Active
STU005047,SCH002,11,Female,2020-10-08,Active
STU005048,SCH023,9,Female,2019-06-05,Active
STU005049,SCH029,9,Male,2021-05-18,Active
STU005050,SCH014,3,Female,2021-10-19,Active
STU005051,SCH018,5,Female,2019-12-06,Active
STU005052,SCH008,1,Female,2018-09-11,Active
STU005053,SCH026,5,Female,2023-06-16,Active
STU005054,SCH047,1,Male,2020-12-28,Active
STU005055,SCH042,12,Male,2021-11-17,Active
STU005056,SCH018,5,Male,2018-01-05,Active
STU005057,SCH018,0,Male,2019-03-27,Active
STU005058,SCH049,11,Male,2021-05-22,Active
STU005059,SCH011,5,Male,2022-09-25,Active
STU005060,SCH031,10,Male,2019-11-20,Active
STU005061,SCH032,8,Female,2020-12-29,Active
STU005062,SCH020,5,Male,2018-12-16,Active
STU005063,SCH003,3,Female,2020-01-22,Active
STU005064,SCH005,0,Male,2023-01-19,Active
STU005065,SCH031,12,Male,2019-01-03,Active
STU005066,SCH009,7,Female,2019-05-19,Active
STU005067,SCH010,9,Female,2018-06-17,Active
STU005068,SCH015,6,Female,2019-08-15,Active
STU005069,SCH043,8,Female,2018-08-29,Active
STU005070,SCH011,1,Male,2022-12-01,Active
STU005071,SCH026,1,Male,2021-05-21,Active
STU005072,SCH013,0,Female,2020-11-01,Active
STU005073,SCH008,4,Female,2021-03-19,Active
STU005074,SCH022,12,Male,2020-12-12,Active
STU005075,SCH014,3,Female,2022-04-29,Active
STU005076,SCH029,9,Male,2020-03-20,Active
STU005077,SCH038,4,Male,2021-09-05,Active
STU005078,SCH019,2,Female,2022-07-02,Active
STU005079,SCH031,10,Female,2021-07-03,Active
STU005080,SCH027,8,Female,2019-12-12,Active
STU005081,SCH019,3,Male,2020-05-06,Active
STU005082,SCH014,0,Female,2023-03-21,Active
STU005083,SCH050,9,Male,2022-10-09,Active
STU005084,SCH008,4,Male,2023-12-02,Active
STU005085,SCH018,1,Male,2020-04-06,Active
STU005086,SCH043,8,Female,2020-02-05,Active
STU005087,SCH019,4,Male,2020-07-22,Active
STU005088,SCH004,3,Female,2020-10-26,Active
STU005089,SCH014,2,Female,2022-02-01,Active
STU005090,SCH023,9,Female,2023-07-20,Active
STU005091,SCH038,2,Female,2023-10-31,Active
STU005092,SCH028,3,Male,2022-12-18,Active
STU005093,SCH014,3,Male,2021-06-07,Active
STU005094,SCH010,11,Female,2022-11-10,Active
STU005095,SCH030,6,Male,2021-12-18,Active
STU005096,SCH024,11,Male,2020-12-22,Active
STU005097,SCH030,1,Male,2023-10-12,Active
STU005098,SCH027,7,Female,2021-08-29,Active
STU005099,SCH005,0,Male,2023-03-08,Active
STU005100,SCH023,10,Female,2018-01-13,Active
STU005101,SCH048,6,Male,2018-08-18,Active
STU005102,SCH019,5,Male,2023-10-04,Active
STU005103,SCH015,6,Male,2023-05-03,Active
STU005104,SCH041,2,Female,2019-04-07,Active
STU005105,SCH040,4,Male,2018-03-17,Active
STU005106,SCH001,11,Female,2022-10-14,Active
STU005107,SCH004,6,Male,2021-01-16,Active
STU005108,SCH015,0,Female,2018-10-30,Active
STU005109,SCH007,2,Male,2023-12-21,Active
STU005110,SCH007,3,Female,2022-07-28,Active
STU005111,SCH017,11,Male,2019-04-08,Active
STU005112,SCH040,3,Female,2019-04-02,Active
STU005113,SCH045,10,Female,2018-03-17,Active
STU005114,SCH025,6,Female,2021-07-02,Active
STU005115,SCH026,2,Female,2020-06-23,Active
STU005116,SCH033,2,Male,2022-09-21,Active
STU005117,SCH011,1,Female,2019-01-05,Active
STU005118,SCH004,2,Female,2019-02-26,Active
STU005119,SCH042,11,Male,2020-05-30,Active
STU005120,SCH040,2,Female,2018-11-27,Active
STU005121,SCH027,7,Male,2019-05-25,Active
STU005122,SCH001,12,Male,2021-03-27,Active
STU005123,SCH041,0,Female,2018-11-13,Active
STU005124,SCH001,12,Female,2023-07-07,Active
STU005125,SCH013,3,Female,2023-08-20,Active
STU005126,SCH008,1,Female,2018-06-23,Active
STU005127,SCH048,4,Female,2023-10-25,Active
STU005128,SCH027,9,Female,2021-03-10,Active
STU005129,SCH031,4,Female,2018-09-25,Active
STU005130,SCH038,2,Female,2023-10-03,Active
STU005131,SCH020,3,Female,2022-12-06,Active
STU005132,SCH035,7,Male,2020-05-04,Active
STU005133,SCH010,7,Female,2020-12-09,Active
STU005134,SCH018,0,Female,2021-11-14,Active
STU005135,SCH039,1,Male,2022-07-05,Active
STU005136,SCH030,5,Female,2021-06-18,Active
STU005137,SCH044,9,Male,2020-10-05,Active
STU005138,SCH013,0,Female,2020-12-05,Active
STU005139,SCH005,1,Female,2018-07-08,Active
STU005140,SCH042,11,Male,2018-08-06,Active
STU005141,SCH041,1,Male,2020-09-20,Active
STU005142,SCH037,6,Female,2021-03-18,Active
STU005143,SCH040,5,Female,2018-08-14,Active
STU005144,SCH022,11,Female,2022-10-19,Active
STU005145,SCH046,11,Male,2020-06-11,Active
STU005146,SCH007,5,Male,2020-03-07,Active
STU005147,SCH023,9,Male,2023-07-01,Active
STU005148,SCH040,5,Female,2022-02-06,Active
STU005149,SCH026,1,Male,2021-09-21,Active
STU005150,SCH029,10,Male,2018-01-10,Active
STU005151,SCH044,7,Male,2020-03-29,Active
STU005152,SCH013,1,Female,2020-08-29,Active
STU005153,SCH047,4,Female,2022-10-22,Active
STU005154,SCH002,11,Male,2023-07-28,Active
STU005155,SCH013,1,Male,2019-02-22,Active
STU005156,SCH032,8,Female,2023-11-01,Active
STU005157,SCH005,0,Female,2021-04-06,Active
STU005158,SCH025,6,Male,2021-03-28,Active
STU005159,SCH041,3,Female,2018-02-23,Active
STU005160,SCH043,7,Female,2019-08-03,Active
STU005161,SCH023,10,Female,2021-08-02,Active
STU005162,SCH039,6,Female,2019-09-28,Active
STU005163,SCH029,8,Female,2019-09-20,Active
STU005164,SCH010,12,Male,2020-05-18,Active
STU005165,SCH022,11,Female,2019-05-09,Active
STU005166,SCH023,9,Male,2019-08-20,Active
STU005167,SCH036,0,Male,2022-05-05,Active
STU005168,SCH028,3,Female,2022-03-16,Active
STU005169,SCH008,6,Male,2020-06-19,Active
STU005170,SCH029,8,Female,2021-12-12,Active
STU005171,SCH002,12,Male,2019-03-06,Active
STU005172,SCH020,6,Male,2018-01-16,Active
STU005173,SCH050,8,Non-specified,2021-09-01,Active
STU005174,SCH034,12,Female,2022-01-08,Active
STU005175,SCH045,9,Female,2021-10-16,Active
STU005176,SCH030,5,Male,2020-10-19,Active
STU005177,SCH022,11,Male,2022-09-12,Active
STU005178,SCH020,0,Male,2021-12-23,Active
STU005179,SCH010,10,Male,2022-07-09,Active
STU005180,SCH050,10,Female,2021-10-22,Active
STU005181,SCH031,5,Male,2021-02-12,Active
STU005182,SCH047,4,Male,2020-10-11,Active
STU005183,SCH003,0,Female,2018-09-17,Active
STU005184,SCH021,3,Female,2022-07-15,Active
STU005185,SCH049,12,Female,2022-02-23,Active
STU005186,SCH010,5,Male,2018-02-28,Active
STU005187,SCH043,8,Female,2018-10-13,Active
STU005188,SCH020,1,Female,2021-05-26,Active
STU005189,SCH007,2,Male,2019-12-11,Active
STU005190,SCH034,12,Male,2023-05-22,Active
STU005191,SCH042,12,Male,2018-04-04,Active
STU005192,SCH023,9,Female,2020-09-02,Active
STU005193,SCH027,9,Male,2020-02-04,Active
STU005194,SCH012,8,Female,2019-07-08,Active
STU005195,SCH010,7,Female,2018-07-13,Active
STU005196,SCH021,12,Female,2022-05-18,Active
STU005197,SCH011,0,Female,2018-08-07,Active
STU005198,SCH042,11,Female,2021-07-06,Active
STU005199,SCH015,1,Non-specified,2021-11-23,Active
STU005200,SCH034,11,Male,2023-05-06,Active
STU005201,SCH037,5,Female,2021-04-08,Active
STU005202,SCH025,4,Female,2022-03-09,Active
STU005203,SCH009,8,Female,2022-03-02,Active
STU005204,SCH029,8,Female,2018-09-25,Active
STU005205,SCH028,0,Female,2023-04-26,Active
STU005206,SCH006,0,Male,2020-07-25,Active
STU005207,SCH002,11,Male,2020-06-05,Active
STU005208,SCH012,8,Female,2022-03-27,Active
STU005209,SCH016,5,Male,2020-06-25,Active
STU005210,SCH026,5,Female,2018-07-30,Active
STU005211,SCH031,8,Female,2023-05-27,Active
STU005212,SCH002,12,Male,2018-03-17,Active
STU005213,SCH040,5,Female,2021-05-18,Active
STU005214,SCH010,11,Male,2018-09-24,Active
STU005215,SCH030,3,Female,2019-12-02,Active
STU005216,SCH003,3,Female,2018-02-19,Active
STU005217,SCH020,4,Male,2022-02-07,Active
STU005218,SCH009,9,Male,2024-01-01,Active
STU005219,SCH026,4,Female,2020-04-29,Active
STU005220,SCH029,8,Male,2018-11-11,Active
STU005221,SCH036,4,Female,2021-03-29,Active
STU005222,SCH041,4,Male,2023-03-26,Active
STU005223,SCH005,5,Male,2019-12-26,Active
STU005224,SCH010,2,Male,2020-01-29,Active
STU005225,SCH026,3,Female,2020-11-27,Active
STU005226,SCH032,8,Female,2023-05-03,Active
STU005227,SCH030,4,Female,2023-07-09,Active
STU005228,SCH036,1,Male,2023-01-29,Active
STU005229,SCH038,4,Male,2021-12-01,Active
STU005230,SCH040,0,Male,2022-05-22,Active
STU005231,SCH042,12,Male,2023-02-01,Active
STU005232,SCH043,9,Female,2020-11-03,Active
STU005233,SCH032,9,Female,2022-10-31,Active
STU005234,SCH048,6,Male,2020-10-16,Active
STU005235,SCH025,6,Male,2021-11-06,Active
STU005236,SCH039,5,Female,2022-11-25,Active
STU005237,SCH045,7,Female,2022-10-14,Active
STU005238,SCH025,4,Female,2023-02-15,Active
STU005239,SCH047,3,Male,2023-10-01,Active
STU005240,SCH018,2,Male,2021-02-05,Active
STU005241,SCH013,1,Female,2018-02-08,Active
STU005242,SCH030,0,Male,2018-12-18,Active
STU005243,SCH027,8,Male,2019-08-03,Active
STU005244,SCH012,8,Female,2023-04-05,Active
STU005245,SCH032,8,Male,2022-02-03,Active
STU005246,SCH014,6,Female,2021-03-30,Active
STU005247,SCH026,6,Male,2019-06-26,Active
STU005248,SCH027,7,Male,2018-10-22,Active
STU005249,SCH008,5,Female,2020-05-31,Active
STU005250,SCH013,0,Female,2022-06-06,Active
STU005251,SCH010,11,Male,2019-01-12,Active
STU005252,SCH033,5,Male,2019-05-05,Active
STU005253,SCH032,7,Male,2018-07-04,Active
STU005254,SCH015,5,Female,2022-12-28,Active
STU005255,SCH046,8,Non-specified,2022-08-22,Active
STU005256,SCH044,10,Female,2022-12-28,Active
STU005257,SCH035,7,Female,2022-11-13,Active
STU005258,SCH023,8,Male,2022-08-08,Active
STU005259,SCH032,10,Male,2020-10-04,Active
STU005260,SCH023,8,Male,2018-01-13,Active
STU005261,SCH029,9,Male,2020-08-21,Active
STU005262,SCH010,6,Female,2023-10-02,Active
STU005263,SCH042,12,Female,2018-01-29,Active
STU005264,SCH032,9,Female,2019-12-08,Active
STU005265,SCH022,12,Female,2023-12-27,Active
STU005266,SCH031,6,Male,2019-02-10,Active
STU005267,SCH010,11,Female,2022-07-18,Active
STU005268,SCH024,11,Female,2018-06-05,Active
STU005269,SCH005,2,Female,2022-01-02,Active
STU005270,SCH036,1,Female,2021-11-05,Active
STU005271,SCH006,1,Male,2022-08-16,Active
STU005272,SCH003,3,Male,2018-04-28,Active
STU005273,SCH034,12,Female,2022-06-18,Active
STU005274,SCH026,3,Female,2023-06-27,Active
STU005275,SCH026,5,Female,2020-10-29,Active
STU005276,SCH013,2,Male,2023-10-12,Active
STU005277,SCH020,4,Male,2022-05-10,Active
STU005278,SCH042,11,Female,2018-12-26,Active
STU005279,SCH021,11,Male,2018-06-25,Active
STU005280,SCH047,0,Female,2018-06-27,Active
STU005281,SCH031,8,Female,2021-02-06,Active
STU005282,SCH031,0,Female,2019-12-20,Active
STU005283,SCH044,7,Female,2020-06-28,Active
STU005284,SCH044,7,Male,2018-09-19,Active
STU005285,SCH006,3,Female,2019-11-18,Active
STU005286,SCH027,7,Female,2021-09-03,Active
STU005287,SCH027,7,Male,2019-09-02,Active
STU005288,SCH025,5,Female,2021-05-02,Active
STU005289,SCH005,2,Female,2021-01-11,Active
STU005290,SCH032,7,Male,2018-07-11,Active
STU005291,SCH020,0,Male,2020-01-09,Active
STU005292,SCH023,9,Male,2022-02-17,Active
STU005293,SCH039,2,Female,2022-06-25,Active
STU005294,SCH023,10,Female,2019-03-03,Active
STU005295,SCH025,1,Female,2018-02-02,Active
STU005296,SCH013,2,Female,2020-07-18,Active
STU005297,SCH021,1,Male,2023-05-03,Active
STU005298,SCH039,1,Female,2021-08-24,Active
STU005299,SCH012,9,Male,2023-11-29,Active
STU005300,SCH015,2,Male,2023-07-18,Active
STU005301,SCH006,4,Female,2023-09-10,Active
STU005302,SCH031,1,Male,2019-05-23,Active
STU005303,SCH037,3,Female,2022-01-26,Active
STU005304,SCH032,9,Female,2019-09-17,Active
STU005305,SCH050,9,Male,2019-06-20,Active
STU005306,SCH029,10,Female,2023-08-28,Active
STU005307,SCH001,11,Male,2018-02-23,Active
STU005308,SCH050,9,Male,2018-02-21,Active
STU005309,SCH017,12,Male,2022-02-22,Active
STU005310,SCH006,2,Male,2022-05-14,Active
STU005311,SCH047,6,Male,2021-03-27,Active
STU005312,SCH026,5,Male,2019-05-29,Active
STU005313,SCH001,11,Female,2023-04-01,Active
STU005314,SCH007,3,Male,2021-05-09,Active
STU005315,SCH026,1,Female,2021-04-30,Active
STU005316,SCH018,0,Female,2023-02-23,Active
STU005317,SCH021,3,Female,2019-07-22,Active
STU005318,SCH002,12,Male,2020-01-15,Active
STU005319,SCH015,1,Male,2023-08-06,Active
STU005320,SCH050,10,Male,2021-07-03,Active
STU005321,SCH020,5,Female,2020-02-23,Active
STU005322,SCH015,0,Male,2019-01-30,Active
STU005323,SCH045,10,Male,2021-01-01,Active
STU005324,SCH036,6,Female,2018-06-20,Active
STU005325,SCH009,10,Male,2022-10-30,Active
STU005326,SCH012,10,Male,2022-05-28,Active
STU005327,SCH046,11,Female,2019-08-03,Active
STU005328,SCH003,5,Male,2019-06-28,Active
STU005329,SCH047,5,Male,2019-10-09,Active
STU005330,SCH022,12,Female,2020-01-18,Active
STU005331,SCH020,4,Male,2018-01-31,Active
STU005332,SCH009,7,Female,2022-07-29,Active
STU005333,SCH050,10,Male,2023-02-26,Active
STU005334,SCH015,4,Female,2022-08-14,Active
STU005335,SCH031,7,Male,2021-11-05,Active
STU005336,SCH032,9,Female,2021-12-10,Active
STU005337,SCH021,5,Male,2020-04-04,Active
STU005338,SCH049,11,Female,2018-07-10,Active
STU005339,SCH013,5,Female,2021-05-24,Active
STU005340,SCH029,7,Female,2021-04-15,Active
STU005341,SCH045,9,Female,2019-06-05,Active
STU005342,SCH026,4,Female,2019-08-13,Active
STU005343,SCH041,1,Female,2019-10-27,Active
STU005344,SCH044,10,Non-specified,2021-05-13,Active
STU005345,SCH023,9,Male,2019-06-17,Active
STU005346,SCH009,7,Male,2022-03-14,Active
STU005347,SCH018,3,Male,2021-05-24,Active
STU005348,SCH011,0,Male,2021-03-25,Active
STU005349,SCH027,9,Female,2018-07-25,Active
STU005350,SCH029,10,Female,2021-05-23,Active
STU005351,SCH029,7,Female,2018-10-15,Active
STU005352,SCH045,8,Male,2022-12-09,Active
STU005353,SCH023,10,Male,2022-05-25,Active
STU005354,SCH001,12,Female,2018-02-16,Active
STU005355,SCH021,2,Female,2021-07-16,Active
STU005356,SCH028,3,Female,2018-03-06,Active
STU005357,SCH049,11,Male,2023-02-01,Active
STU005358,SCH030,4,Male,2018-08-30,Active
STU005359,SCH033,6,Female,2019-04-14,Active
STU005360,SCH029,10,Male,2020-04-29,Active
STU005361,SCH036,0,Female,2020-04-13,Active
STU005362,SCH029,9,Male,2022-09-13,Active
STU005363,SCH014,2,Female,2019-05-07,Active
STU005364,SCH040,6,Male,2021-05-25,Active
STU005365,SCH046,7,Female,2018-10-28,Active
STU005366,SCH025,1,Non-specified,2019-01-24,Active
STU005367,SCH042,12,Non-specified,2023-01-13,Active
STU005368,SCH034,11,Female,2021-01-18,Active
STU005369,SCH041,5,Male,2022-08-30,Active
STU005370,SCH045,8,Male,2019-12-17,Active
STU005371,SCH008,5,Male,2018-06-19,Active
STU005372,SCH048,5,Male,2023-07-04,Active
STU005373,SCH047,5,Male,2019-07-01,Active
STU005374,SCH031,1,Female,2020-10-01,Active
STU005375,SCH008,0,Female,2020-01-20,Active
STU005376,SCH044,9,Male,2023-08-24,Active
STU005377,SCH044,9,Female,2018-11-20,Active
STU005378,SCH018,6,Female,2018-06-13,Active
STU005379,SCH011,1,Male,2021-05-29,Active
STU005380,SCH016,4,Female,2018-10-21,Active
STU005381,SCH009,7,Male,2021-04-08,Active
STU005382,SCH041,1,Female,2023-05-24,Active
STU005383,SCH030,0,Male,2023-02-04,Active
STU005384,SCH035,9,Female,2021-10-24,Active
STU005385,SCH043,9,Female,2021-05-31,Active
STU005386,SCH011,0,Female,2021-06-05,Active
STU005387,SCH039,3,Female,2019-06-10,Active
STU005388,SCH022,12,Male,2021-03-16,Active
STU005389,SCH029,8,Male,2023-01-01,Active
STU005390,SCH041,4,Female,2019-10-15,Active
STU005391,SCH046,12,Female,2021-08-19,Active
STU005392,SCH043,7,Male,2020-02-25,Active
STU005393,SCH044,9,Female,2019-01-25,Active
STU005394,SCH020,0,Male,2021-06-20,Active
STU005395,SCH004,0,Male,2020-09-10,Active
STU005396,SCH047,2,Female,2022-05-27,Active
STU005397,SCH005,2,Male,2023-05-05,Active
STU005398,SCH039,4,Female,2022-09-24,Active
STU005399,SCH025,6,Male,2018-01-15,Active
STU005400,SCH011,5,Female,2018-08-02,Active
STU005401,SCH044,9,Female,2018-02-14,Active
STU005402,SCH011,1,Male,2019-10-25,Active
STU005403,SCH044,9,Male,2019-07-16,Active
STU005404,SCH041,3,Male,2023-10-22,Active
STU005405,SCH033,6,Female,2019-02-10,Active
STU005406,SCH038,5,Female,2023-01-16,Active
STU005407,SCH014,4,Female,2021-11-11,Active
STU005408,SCH013,6,Female,2022-10-10,Active
STU005409,SCH034,12,Female,2021-08-30,Active
STU005410,SCH011,3,Male,2022-04-23,Active
STU005411,SCH024,12,Male,2020-03-20,Active
STU005412,SCH039,6,Male,2018-09-13,Active
STU005413,SCH017,12,Female,2020-09-13,Active
STU005414,SCH011,6,Male,2021-06-07,Active
STU005415,SCH009,9,Female,2023-01-02,Active
STU005416,SCH040,4,Female,2021-07-15,Active
STU005417,SCH025,6,Male,2018-09-20,Active
STU005418,SCH020,5,Male,2019-04-22,Active
STU005419,SCH039,5,Female,2023-12-06,Active
STU005420,SCH012,7,Male,2020-10-02,Active
STU005421,SCH046,2,Male,2018-06-09,Active
STU005422,SCH046,10,Female,2020-02-14,Active
STU005423,SCH005,0,Male,2021-10-02,Active
STU005424,SCH015,2,Male,2021-03-24,Active
STU005425,SCH042,12,Male,2018-06-06,Active
STU005426,SCH021,12,Male,2021-06-19,Active
STU005427,SCH050,10,Male,2023-08-16,Active
STU005428,SCH030,4,Female,2019-11-22,Active
STU005429,SCH043,7,Female,2019-03-24,Active
STU005430,SCH029,8,Male,2021-07-01,Active
STU005431,SCH037,4,Male,2020-08-12,Active
STU005432,SCH018,5,Male,2021-09-01,Active
STU005433,SCH038,3,Male,2021-08-27,Active
STU005434,SCH024,12,Female,2020-12-14,Active
STU005435,SCH040,0,Female,2023-08-25,Active
STU005436,SCH007,2,Male,2023-09-29,Active
STU005437,SCH039,0,Male,2020-06-25,Active
STU005438,SCH033,2,Female,2022-01-02,Active
STU005439,SCH038,3,Male,2019-05-16,Active
STU005440,SCH017,12,Male,2023-04-13,Active
STU005441,SCH032,9,Female,2021-08-18,Active
STU005442,SCH018,6,Male,2022-04-13,Active
STU005443,SCH035,9,Male,2020-06-29,Active
STU005444,SCH014,3,Female,2018-08-23,Active
STU005445,SCH025,1,Female,2019-05-20,Active
STU005446,SCH049,11,Male,2022-03-30,Active
STU005447,SCH018,2,Male,2019-02-17,Active
STU005448,SCH014,5,Female,2018-08-15,Active
STU005449,SCH001,12,Female,2023-04-16,Active
STU005450,SCH004,4,Male,2020-01-15,Active
STU005451,SCH006,3,Male,2019-01-28,Active
STU005452,SCH032,10,Female,2021-07-05,Active
STU005453,SCH016,6,Male,2018-01-21,Active
STU005454,SCH038,3,Male,2023-03-08,Active
STU005455,SCH029,9,Male,2023-10-02,Active
STU005456,SCH040,3,Female,2018-11-01,Active
STU005457,SCH032,7,Female,2018-10-13,Active
STU005458,SCH036,2,Male,2021-06-13,Active
STU005459,SCH047,5,Female,2020-09-04,Active
STU005460,SCH017,11,Male,2020-01-18,Active
STU005461,SCH026,0,Female,2023-04-27,Active
STU005462,SCH019,4,Female,2019-12-12,Active
STU005463,SCH026,5,Female,2021-01-08,Active
STU005464,SCH037,6,Female,2020-04-16,Active
STU005465,SCH034,12,Female,2022-05-31,Active
STU005466,SCH050,10,Male,2019-01-17,Active
STU005467,SCH020,5,Non-specified,2018-04-09,Active
STU005468,SCH042,12,Female,2022-10-20,Active
STU005469,SCH024,11,Male,2021-10-30,Active
STU005470,SCH008,3,Male,2022-08-20,Active
STU005471,SCH018,4,Female,2023-03-18,Active
STU005472,SCH026,4,Male,2019-05-29,Active
STU005473,SCH043,9,Female,2023-08-27,Active
STU005474,SCH020,4,Male,2018-08-13,Active
STU005475,SCH012,8,Male,2020-11-29,Active
STU005476,SCH012,10,Female,2022-10-08,Active
STU005477,SCH020,5,Male,2018-01-23,Active
STU005478,SCH031,2,Male,2023-03-18,Active
STU005479,SCH030,3,Male,2018-04-18,Active
STU005480,SCH019,0,Female,2020-02-27,Active
STU005481,SCH004,1,Male,2021-07-17,Active
STU005482,SCH011,0,Female,2020-02-24,Active
STU005483,SCH040,3,Male,2020-12-07,Active
STU005484,SCH012,7,Male,2022-05-27,Active
STU005485,SCH007,1,Female,2019-12-20,Active
STU005486,SCH028,4,Male,2020-10-03,Active
STU005487,SCH048,3,Female,2023-06-22,Active
STU005488,SCH010,4,Male,2019-03-28,Active
STU005489,SCH012,7,Male,2023-05-25,Active
STU005490,SCH019,6,Female,2020-06-14,Active
STU005491,SCH046,10,Female,2018-05-26,Active
STU005492,SCH044,9,Female,2022-07-23,Active
STU005493,SCH009,8,Male,2018-03-17,Active
STU005494,SCH039,4,Female,2019-02-04,Active
STU005495,SCH047,0,Female,2019-11-28,Active
STU005496,SCH007,0,Female,2022-04-10,Active
STU005497,SCH037,2,Male,2018-09-19,Active
STU005498,SCH010,6,Female,2021-12-09,Active
STU005499,SCH048,5,Female,2018-12-04,Active
STU005500,SCH031,9,Male,2019-07-13,Active
STU005501,SCH020,1,Male,2023-11-08,Active
STU005502,SCH009,9,Male,2019-11-20,Active
STU005503,SCH014,1,Female,2019-11-15,Active
STU005504,SCH001,11,Female,2021-08-28,Active
STU005505,SCH021,9,Male,2022-10-02,Active
STU005506,SCH020,3,Female,2020-07-03,Active
STU005507,SCH035,7,Female,2022-08-06,Active
STU005508,SCH029,7,Male,2021-04-04,Active
STU005509,SCH036,0,Male,2018-11-24,Active
STU005510,SCH009,9,Female,2019-05-15,Active
STU005511,SCH029,8,Male,2019-02-24,Active
STU005512,SCH044,7,Female,2021-05-01,Active
STU005513,SCH034,12,Male,2020-12-31,Active
STU005514,SCH018,5,Male,2021-12-08,Active
STU005515,SCH021,1,Male,2023-02-28,Active
STU005516,SCH044,7,Female,2022-03-25,Active
STU005517,SCH044,10,Non-specified,2021-12-05,Active
STU005518,SCH026,0,Female,2019-03-22,Active
STU005519,SCH042,11,Female,2020-11-17,Active
STU005520,SCH014,6,Female,2019-12-12,Active
STU005521,SCH049,11,Male,2023-04-13,Active
STU005522,SCH047,6,Male,2022-11-29,Active
STU005523,SCH020,0,Male,2019-08-12,Active
STU005524,SCH016,1,Female,2018-12-08,Active
STU005525,SCH034,11,Female,2022-02-11,Active
STU005526,SCH047,3,Female,2023-04-14,Active
STU005527,SCH021,11,Female,2021-08-06,Active
STU005528,SCH009,7,Female,2019-09-30,Active
STU005529,SCH005,2,Male,2021-12-10,Active
STU005530,SCH016,3,Female,2019-01-08,Active
STU005531,SCH012,9,Male,2022-11-26,Active
STU005532,SCH030,0,Female,2020-06-26,Active
STU005533,SCH026,2,Male,2022-10-05,Active
STU005534,SCH008,5,Female,2020-02-04,Active
STU005535,SCH028,3,Female,2022-10-20,Active
STU005536,SCH023,10,Male,2020-03-27,Active
STU005537,SCH038,5,Male,2022-08-18,Active
STU005538,SCH032,7,Male,2021-04-17,Active
STU005539,SCH010,10,Male,2022-01-24,Active
STU005540,SCH014,6,Male,2019-10-29,Active
STU005541,SCH044,8,Female,2020-12-21,Active
STU005542,SCH039,1,Male,2019-11-29,Active
STU005543,SCH015,4,Male,2023-07-29,Active
STU005544,SCH032,9,Female,2020-09-17,Active
STU005545,SCH019,6,Male,2018-12-09,Active
STU005546,SCH046,0,Male,2020-07-20,Active
STU005547,SCH008,1,Male,2019-11-13,Active
STU005548,SCH008,4,Female,2020-02-07,Active
STU005549,SCH037,0,Female,2023-04-12,Active
STU005550,SCH032,8,Female,2023-02-02,Active
STU005551,SCH033,3,Female,2018-01-27,Active
STU005552,SCH030,4,Female,2021-07-24,Active
STU005553,SCH039,4,Male,2023-06-12,Active
STU005554,SCH035,10,Female,2022-06-30,Active
STU005555,SCH041,5,Male,2021-02-16,Active
STU005556,SCH034,12,Male,2023-12-21,Active
STU005557,SCH006,4,Male,2019-01-10,Active
STU005558,SCH020,3,Female,2020-02-20,Active
STU005559,SCH007,4,Male,2021-12-28,Active
STU005560,SCH028,6,Male,2020-08-19,Active
STU005561,SCH016,6,Male,2021-01-31,Active
STU005562,SCH020,4,Female,2023-10-22,Active
STU005563,SCH029,9,Female,2023-09-08,Active
STU005564,SCH004,2,Male,2018-03-29,Active
STU005565,SCH010,0,Female,2019-09-12,Active
STU005566,SCH003,6,Male,2019-09-30,Active
STU005567,SCH039,6,Male,2023-02-01,Active
STU005568,SCH029,10,Female,2018-12-18,Active
STU005569,SCH005,3,Male,2020-06-05,Active
STU005570,SCH001,11,Male,2020-12-14,Active
STU005571,SCH047,2,Male,2023-04-15,Active
STU005572,SCH017,12,Male,2020-01-03,Active
STU005573,SCH048,3,Female,2021-12-01,Active
STU005574,SCH014,0,Male,2018-03-24,Active
STU005575,SCH024,11,Female,2019-02-01,Active
STU005576,SCH025,4,Male,2019-11-13,Active
STU005577,SCH028,4,Female,2019-01-14,Active
STU005578,SCH014,3,Male,2021-05-03,Active
STU005579,SCH050,8,Female,2019-04-20,Active
STU005580,SCH005,6,Female,2019-11-23,Active
STU005581,SCH030,0,Female,2021-09-01,Active
STU005582,SCH043,7,Male,2023-01-19,Active
STU005583,SCH030,5,Female,2022-03-20,Active
STU005584,SCH023,7,Female,2018-03-29,Active
STU005585,SCH033,0,Female,2019-10-01,Active
STU005586,SCH044,7,Male,2023-12-26,Active
STU005587,SCH001,12,Female,2018-01-09,Active
STU005588,SCH045,7,Male,2022-01-12,Active
STU005589,SCH048,6,Male,2021-01-21,Active
STU005590,SCH016,6,Female,2022-04-01,Active
STU005591,SCH027,8,Female,2020-04-30,Active
STU005592,SCH040,3,Male,2018-11-26,Active
STU005593,SCH014,3,Male,2021-07-27,Active
STU005594,SCH046,9,Female,2020-05-20,Active
STU005595,SCH044,7,Male,2020-02-10,Active
STU005596,SCH020,2,Female,2021-06-24,Active
STU005597,SCH045,10,Female,2023-07-25,Active
STU005598,SCH014,2,Male,2022-03-27,Active
STU005599,SCH018,5,Female,2020-04-09,Active
STU005600,SCH050,7,Female,2018-07-31,Active
STU005601,SCH017,11,Male,2019-03-27,Active
STU005602,SCH012,8,Male,2020-02-09,Active
STU005603,SCH017,11,Female,2021-09-22,Active
STU005604,SCH004,1,Female,2018-05-29,Active
STU005605,SCH041,3,Male,2018-09-26,Active
STU005606,SCH004,0,Female,2020-12-07,Active
STU005607,SCH041,2,Male,2019-10-22,Active
STU005608,SCH019,6,Male,2021-10-11,Active
STU005609,SCH015,1,Female,2018-07-27,Active
STU005610,SCH010,8,Male,2018-05-28,Active
STU005611,SCH035,7,Male,2018-09-06,Active
STU005612,SCH009,9,Male,2018-03-31,Active
STU005613,SCH025,3,Male,2021-07-27,Active
STU005614,SCH011,0,Male,2023-01-07,Active
STU005615,SCH045,9,Male,2020-07-26,Active
STU005616,SCH005,5,Male,2019-12-12,Active
STU005617,SCH019,2,Female,2020-01-30,Active
STU005618,SCH034,11,Female,2022-09-02,Active
STU005619,SCH028,3,Female,2019-02-20,Active
STU005620,SCH019,3,Female,2020-12-11,Active
STU005621,SCH005,0,Male,2019-07-21,Active
STU005622,SCH021,3,Male,2019-04-17,Active
STU005623,SCH015,3,Male,2019-04-30,Active
STU005624,SCH021,7,Female,2018-05-19,Active
STU005625,SCH029,7,Non-specified,2020-01-05,Active
STU005626,SCH045,7,Female,2019-07-02,Active
STU005627,SCH042,12,Female,2021-10-19,Active
STU005628,SCH001,12,Female,2021-06-24,Active
STU005629,SCH034,11,Male,2020-05-28,Active
STU005630,SCH025,1,Female,2021-02-27,Active
STU005631,SCH020,3,Female,2022-06-09,Active
STU005632,SCH035,7,Male,2022-01-06,Active
STU005633,SCH027,8,Male,2019-07-23,Active
STU005634,SCH044,10,Female,2021-03-06,Active
STU005635,SCH013,2,Male,2022-08-09,Active
STU005636,SCH039,0,Female,2020-03-07,Active
STU005637,SCH044,10,Male,2022-03-07,Active
STU005638,SCH044,8,Male,2020-09-06,Active
STU005639,SCH013,6,Female,2019-08-09,Active
STU005640,SCH025,5,Female,2018-12-19,Active
STU005641,SCH013,1,Female,2023-04-17,Active
STU005642,SCH038,3,Male,2018-02-07,Active
STU005643,SCH022,12,Male,2019-11-08,Active
STU005644,SCH012,7,Female,2019-03-06,Active
STU005645,SCH043,10,Male,2019-08-05,Active
STU005646,SCH015,2,Male,2020-12-13,Active
STU005647,SCH038,3,Male,2021-05-18,Active
STU005648,SCH037,3,Female,2022-03-25,Active
STU005649,SCH028,4,Male,2023-06-18,Active
STU005650,SCH035,10,Male,2020-10-08,Active
STU005651,SCH019,1,Female,2018-03-26,Active
STU005652,SCH046,10,Male,2019-10-21,Active
STU005653,SCH035,7,Male,2021-08-07,Active
STU005654,SCH019,5,Female,2021-06-08,Active
STU005655,SCH013,3,Female,2018-02-09,Active
STU005656,SCH041,5,Female,2019-06-12,Active
STU005657,SCH012,10,Male,2019-03-07,Active
STU005658,SCH006,2,Male,2019-06-09,Active
STU005659,SCH023,9,Male,2019-12-21,Active
STU005660,SCH040,4,Female,2020-01-27,Active
STU005661,SCH009,10,Male,2018-09-16,Active
STU005662,SCH044,8,Female,2018-08-30,Active
STU005663,SCH045,7,Female,2019-12-24,Active
STU005664,SCH049,12,Male,2021-10-16,Active
STU005665,SCH034,11,Male,2021-12-30,Active
STU005666,SCH035,7,Female,2018-10-15,Active
STU005667,SCH033,5,Male,2023-01-19,Active
STU005668,SCH002,11,Male,2022-02-24,Active
STU005669,SCH017,12,Male,2021-07-23,Active
STU005670,SCH002,12,Male,2020-05-09,Active
STU005671,SCH014,5,Male,2023-01-27,Active
STU005672,SCH016,2,Male,2020-08-06,Active
STU005673,SCH017,11,Female,2019-04-14,Active
STU005674,SCH017,12,Female,2019-04-16,Active
STU005675,SCH029,10,Male,2019-05-06,Active
STU005676,SCH028,6,Male,2019-06-20,Active
STU005677,SCH038,6,Female,2020-01-02,Active
STU005678,SCH001,11,Female,2018-09-29,Active
STU005679,SCH016,4,Male,2023-07-05,Active
STU005680,SCH023,7,Male,2021-11-02,Active
STU005681,SCH033,6,Female,2021-05-20,Active
STU005682,SCH043,7,Female,2023-10-04,Active
STU005683,SCH011,1,Female,2020-07-26,Active
STU005684,SCH022,12,Female,2018-05-04,Active
STU005685,SCH041,0,Male,2023-07-24,Active
STU005686,SCH012,7,Female,2021-02-24,Active
STU005687,SCH035,7,Female,2021-04-17,Active
STU005688,SCH017,12,Male,2021-08-09,Active
STU005689,SCH013,0,Male,2022-12-05,Active
STU005690,SCH043,8,Female,2023-03-01,Active
STU005691,SCH050,7,Female,2023-10-26,Active
STU005692,SCH002,12,Female,2018-08-18,Active
STU005693,SCH046,10,Male,2022-07-23,Active
STU005694,SCH040,4,Male,2020-10-19,Active
STU005695,SCH015,6,Female,2020-02-27,Active
STU005696,SCH044,10,Female,2022-12-16,Active
STU005697,SCH036,2,Female,2018-02-08,Active
STU005698,SCH042,11,Female,2019-05-09,Active
STU005699,SCH048,5,Female,2021-09-18,Active
STU005700,SCH001,12,Female,2022-12-12,Active
STU005701,SCH044,7,Male,2020-06-26,Active
STU005702,SCH050,10,Male,2019-05-05,Active
STU005703,SCH026,1,Male,2018-04-17,Active
STU005704,SCH039,1,Female,2021-04-26,Active
STU005705,SCH016,5,Male,2022-09-30,Active
STU005706,SCH001,12,Female,2021-09-04,Active
STU005707,SCH008,6,Male,2019-01-25,Active
STU005708,SCH012,7,Male,2022-11-08,Active
STU005709,SCH036,4,Male,2018-08-27,Active
STU005710,SCH008,5,Male,2022-09-28,Active
STU005711,SCH037,3,Female,2023-02-01,Active
STU005712,SCH047,2,Male,2023-04-03,Active
STU005713,SCH030,4,Male,2022-12-02,Active
STU005714,SCH027,7,Female,2022-06-18,Active
STU005715,SCH005,0,Female,2018-01-29,Active
STU005716,SCH017,11,Male,2022-11-24,Active
STU005717,SCH041,1,Male,2022-07-07,Active
STU005718,SCH011,1,Male,2018-03-09,Active
STU005719,SCH001,12,Female,2021-01-29,Active
STU005720,SCH018,4,Male,2020-08-10,Active
STU005721,SCH049,12,Male,2021-07-17,Active
STU005722,SCH050,9,Female,2019-08-24,Active
STU005723,SCH012,10,Female,2022-09-05,Active
STU005724,SCH050,10,Male,2021-07-21,Active
STU005725,SCH001,12,Male,2023-03-23,Active
STU005726,SCH034,11,Male,2023-09-22,Active
STU005727,SCH027,8,Female,2022-09-26,Active
STU005728,SCH042,12,Male,2022-04-06,Active
STU005729,SCH029,10,Female,2022-01-02,Active
STU005730,SCH027,7,Female,2019-05-17,Active
STU005731,SCH038,5,Male,2018-10-25,Active
STU005732,SCH044,8,Female,2023-02-10,Active
STU005733,SCH025,1,Female,2020-06-20,Active
STU005734,SCH022,12,Male,2019-10-28,Active
STU005735,SCH020,2,Female,2018-01-25,Active
STU005736,SCH007,0,Non-specified,2020-12-16,Active
STU005737,SCH040,2,Male,2022-08-11,Active
STU005738,SCH020,0,Male,2022-05-24,Active
STU005739,SCH024,12,Female,2020-11-26,Active
STU005740,SCH023,9,Female,2022-06-29,Active
STU005741,SCH010,2,Female,2023-04-29,Active
STU005742,SCH023,10,Female,2019-05-18,Active
STU005743,SCH050,8,Female,2018-06-21,Active
STU005744,SCH050,7,Female,2021-12-14,Active
STU005745,SCH019,5,Female,2020-05-27,Active
STU005746,SCH033,5,Female,2023-10-07,Active
STU005747,SCH039,5,Female,2019-05-12,Active
STU005748,SCH011,6,Male,2022-06-27,Active
STU005749,SCH004,5,Male,2021-11-30,Active
STU005750,SCH047,4,Female,2019-04-28,Active
STU005751,SCH020,1,Male,2020-10-29,Active
STU005752,SCH025,3,Female,2019-07-06,Active
STU005753,SCH008,6,Male,2023-05-28,Active
STU005754,SCH049,11,Female,2022-12-01,Active
STU005755,SCH004,3,Male,2022-04-16,Active
STU005756,SCH016,2,Female,2020-03-14,Active
STU005757,SCH042,11,Female,2019-05-14,Active
STU005758,SCH031,10,Male,2020-12-06,Active
STU005759,SCH012,8,Male,2022-11-16,Active
STU005760,SCH002,12,Male,2018-03-26,Active
STU005761,SCH014,0,Male,2020-06-04,Active
STU005762,SCH025,5,Male,2019-04-10,Active
STU005763,SCH040,0,Female,2020-10-15,Active
STU005764,SCH002,11,Male,2021-08-22,Active
STU005765,SCH040,0,Female,2023-10-03,Active
STU005766,SCH013,5,Female,2023-03-30,Active
STU005767,SCH040,2,Female,2023-11-14,Active
STU005768,SCH033,1,Male,2021-07-03,Active
STU005769,SCH017,12,Male,2018-05-08,Active
STU005770,SCH046,1,Male,2022-08-11,Active
STU005771,SCH004,4,Female,2021-12-30,Active
STU005772,SCH002,12,Male,2019-03-31,Active
STU005773,SCH011,1,Male,2022-06-23,Active
STU005774,SCH017,12,Male,2024-01-01,Active
STU005775,SCH026,3,Male,2019-07-18,Active
STU005776,SCH047,5,Male,2020-06-07,Active
STU005777,SCH017,11,Female,2018-03-22,Active
STU005778,SCH035,8,Female,2021-12-31,Active
STU005779,SCH006,0,Female,2021-06-01,Active
STU005780,SCH025,0,Female,2022-05-02,Active
STU005781,SCH043,9,Female,2022-07-01,Active
STU005782,SCH040,4,Male,2019-01-28,Active
STU005783,SCH040,6,Male,2018-02-13,Active
STU005784,SCH043,7,Male,2023-11-13,Active
STU005785,SCH049,11,Female,2023-11-14,Active
STU005786,SCH017,12,Male,2020-12-17,Active
STU005787,SCH019,6,Female,2022-05-21,Active
STU005788,SCH016,4,Male,2021-11-25,Active
STU005789,SCH021,11,Female,2018-12-03,Active
STU005790,SCH040,0,Male,2019-01-20,Active
STU005791,SCH040,1,Female,2020-03-16,Active
STU005792,SCH037,0,Male,2021-09-19,Active
STU005793,SCH024,11,Male,2023-05-20,Active
STU005794,SCH031,11,Male,2022-11-17,Active
STU005795,SCH024,11,Female,2018-02-12,Active
STU005796,SCH042,11,Male,2022-12-29,Active
STU005797,SCH030,2,Male,2020-02-09,Active
STU005798,SCH032,8,Female,2018-10-27,Active
STU005799,SCH015,4,Male,2019-09-17,Active
STU005800,SCH014,1,Male,2019-11-19,Active
STU005801,SCH049,12,Female,2018-02-07,Active
STU005802,SCH010,8,Male,2022-09-16,Active
STU005803,SCH043,7,Male,2020-08-31,Active
STU005804,SCH027,8,Female,2018-11-30,Active
STU005805,SCH014,1,Female,2020-09-22,Active
STU005806,SCH017,12,Male,2022-02-24,Active
STU005807,SCH036,6,Female,2018-12-11,Active
STU005808,SCH019,2,Female,2021-04-24,Active
STU005809,SCH019,6,Female,2023-05-16,Active
STU005810,SCH026,0,Male,2021-12-18,Active
STU005811,SCH042,12,Female,2018-11-30,Active
STU005812,SCH015,0,Female,2023-07-06,Active
STU005813,SCH010,10,Male,2018-10-03,Active
STU005814,SCH009,8,Male,2018-10-10,Active
STU005815,SCH033,0,Male,2023-03-17,Active
STU005816,SCH027,9,Male,2023-11-18,Active
STU005817,SCH026,0,Male,2023-01-06,Active
STU005818,SCH040,0,Female,2022-11-05,Active
STU005819,SCH041,2,Female,2020-12-14,Active
STU005820,SCH050,10,Male,2018-04-01,Active
STU005821,SCH018,0,Male,2018-09-12,Active
STU005822,SCH027,10,Female,2018-03-02,Active
STU005823,SCH005,0,Male,2018-04-26,Active
STU005824,SCH013,3,Male,2022-07-25,Active
STU005825,SCH028,3,Female,2019-07-04,Active
STU005826,SCH020,6,Male,2021-08-12,Active
STU005827,SCH035,10,Male,2021-03-26,Active
STU005828,SCH036,1,Female,2021-09-05,Active
STU005829,SCH041,5,Female,2020-06-26,Active
STU005830,SCH009,7,Female,2019-11-15,Active
STU005831,SCH028,4,Female,2018-09-23,Active
STU005832,SCH030,4,Female,2022-08-29,Active
STU005833,SCH049,12,Female,2023-05-12,Active
STU005834,SCH029,9,Female,2021-07-28,Active
STU005835,SCH037,0,Female,2021-09-21,Active
STU005836,SCH036,5,Female,2020-11-03,Active
STU005837,SCH001,11,Male,2021-06-30,Active
STU005838,SCH004,6,Male,2018-01-14,Active
STU005839,SCH043,7,Female,2018-07-05,Active
STU005840,SCH041,1,Male,2021-12-07,Active
STU005841,SCH043,8,Female,2018-08-19,Active
STU005842,SCH046,10,Male,2021-07-15,Active
STU005843,SCH031,3,Female,2020-02-10,Active
STU005844,SCH024,12,Female,2023-02-22,Active
STU005845,SCH046,10,Male,2022-09-29,Active
STU005846,SCH043,10,Female,2018-09-25,Active
STU005847,SCH038,4,Male,2021-02-01,Active
STU005848,SCH029,8,Female,2019-07-08,Active
STU005849,SCH026,2,Female,2020-09-18,Active
STU005850,SCH004,6,Female,2020-08-23,Active
STU005851,SCH036,1,Male,2019-12-09,Active
STU005852,SCH044,8,Female,2019-02-20,Active
STU005853,SCH038,6,Male,2019-08-23,Active
STU005854,SCH023,9,Female,2018-09-30,Active
STU005855,SCH014,3,Female,2019-11-17,Active
STU005856,SCH029,8,Female,2022-10-23,Active
STU005857,SCH018,0,Male,2018-04-22,Active
STU005858,SCH006,2,Male,2020-08-12,Active
STU005859,SCH048,4,Male,2022-05-13,Active
STU005860,SCH003,5,Female,2023-06-20,Active
STU005861,SCH035,7,Male,2021-08-10,Active
STU005862,SCH011,5,Male,2021-04-24,Active
STU005863,SCH008,5,Female,2018-03-26,Active
STU005864,SCH030,3,Non-specified,2019-02-18,Active
STU005865,SCH032,10,Female,2019-06-27,Active
STU005866,SCH009,9,Female,2021-11-30,Active
STU005867,SCH046,10,Female,2019-04-28,Active
STU005868,SCH045,7,Male,2021-02-24,Active
STU005869,SCH023,7,Female,2022-12-31,Active
STU005870,SCH009,8,Male,2019-06-29,Active
STU005871,SCH035,9,Male,2019-12-30,Active
STU005872,SCH040,4,Male,2018-01-02,Active
STU005873,SCH033,1,Male,2022-11-26,Active
STU005874,SCH002,11,Female,2021-02-26,Active
STU005875,SCH043,10,Male,2023-12-17,Active
STU005876,SCH025,5,Male,2019-12-12,Active
STU005877,SCH032,7,Male,2022-05-07,Active
STU005878,SCH003,1,Male,2021-03-05,Active
STU005879,SCH030,5,Female,2022-09-03,Active
STU005880,SCH047,6,Male,2023-05-11,Active
STU005881,SCH014,5,Female,2022-09-02,Active
STU005882,SCH015,3,Male,2018-08-17,Active
STU005883,SCH008,1,Female,2020-10-07,Active
STU005884,SCH014,0,Female,2023-02-18,Active
STU005885,SCH027,10,Male,2020-06-29,Active
STU005886,SCH028,3,Male,2019-07-11,Active
STU005887,SCH022,11,Male,2020-02-08,Active
STU005888,SCH034,11,Female,2022-02-23,Active
STU005889,SCH007,1,Female,2022-07-14,Active
STU005890,SCH036,5,Male,2018-12-03,Active
STU005891,SCH003,0,Male,2023-11-06,Active
STU005892,SCH041,4,Female,2019-11-09,Active
STU005893,SCH013,5,Male,2023-10-02,Active
STU005894,SCH025,0,Female,2022-10-17,Active
STU005895,SCH016,4,Male,2020-11-11,Active
STU005896,SCH046,3,Male,2021-01-17,Active
STU005897,SCH012,10,Female,2019-08-27,Active
STU005898,SCH014,1,Female,2019-06-25,Active
STU005899,SCH042,11,Male,2023-09-12,Active
STU005900,SCH016,5,Male,2018-01-22,Active
STU005901,SCH044,8,Female,2023-05-21,Active
STU005902,SCH044,8,Female,2019-05-05,Active
STU005903,SCH044,7,Female,2020-08-27,Active
STU005904,SCH019,1,Male,2023-01-19,Active
STU005905,SCH009,10,Female,2020-11-22,Active
STU005906,SCH040,0,Female,2019-10-14,Active
STU005907,SCH007,3,Female,2020-04-28,Active
STU005908,SCH040,0,Male,2019-05-05,Active
STU005909,SCH015,1,Male,2020-10-08,Active
STU005910,SCH023,7,Female,2023-09-21,Active
STU005911,SCH011,2,Female,2018-10-01,Active
STU005912,SCH002,11,Male,2019-04-29,Active
STU005913,SCH017,11,Female,2021-02-24,Active
STU005914,SCH049,11,Female,2020-05-23,Active
STU005915,SCH047,1,Male,2023-10-31,Active
STU005916,SCH033,6,Female,2022-10-18,Active
STU005917,SCH024,12,Male,2022-06-18,Active
STU005918,SCH038,4,Male,2023-08-21,Active
STU005919,SCH038,4,Female,2022-11-13,Active
STU005920,SCH038,5,Male,2019-02-19,Active
STU005921,SCH041,4,Male,2022-01-07,Active
STU005922,SCH020,4,Male,2022-04-22,Active
STU005923,SCH047,6,Female,2023-11-11,Active
STU005924,SCH020,4,Female,2020-05-06,Active
STU005925,SCH050,8,Female,2023-03-11,Active
STU005926,SCH007,4,Male,2023-03-18,Active
STU005927,SCH038,2,Female,2018-01-07,Active
STU005928,SCH017,11,Male,2022-06-22,Active
STU005929,SCH040,6,Male,2018-08-02,Active
STU005930,SCH023,7,Male,2021-11-16,Active
STU005931,SCH047,3,Male,2020-11-25,Active
STU005932,SCH031,3,Male,2022-05-31,Active
STU005933,SCH010,8,Female,2019-03-31,Active
STU005934,SCH016,4,Male,2021-07-25,Active
STU005935,SCH012,9,Male,2022-04-25,Active
STU005936,SCH008,3,Female,2023-01-10,Active
STU005937,SCH038,1,Male,2020-03-14,Active
STU005938,SCH024,11,Male,2018-02-15,Active
STU005939,SCH025,5,Male,2022-10-17,Active
STU005940,SCH046,6,Female,2022-02-03,Active
STU005941,SCH046,11,Female,2023-01-23,Active
STU005942,SCH008,5,Female,2019-05-23,Active
STU005943,SCH045,7,Non-specified,2019-05-29,Active
STU005944,SCH011,2,Female,2023-08-08,Active
STU005945,SCH045,8,Female,2020-03-23,Active
STU005946,SCH001,12,Male,2023-07-24,Active
STU005947,SCH040,6,Female,2021-08-27,Active
STU005948,SCH009,9,Female,2019-03-23,Active
STU005949,SCH001,11,Female,2021-08-07,Active
STU005950,SCH045,9,Male,2020-05-23,Active
STU005951,SCH033,5,Female,2020-06-21,Active
STU005952,SCH005,0,Male,2023-10-17,Active
STU005953,SCH013,1,Male,2021-05-17,Active
STU005954,SCH042,11,Male,2022-09-01,Active
STU005955,SCH013,3,Female,2018-08-09,Active
STU005956,SCH042,11,Female,2022-11-26,Active
STU005957,SCH024,12,Female,2018-06-23,Active
STU005958,SCH007,0,Male,2019-11-24,Active
STU005959,SCH042,11,Male,2018-04-22,Active
STU005960,SCH032,10,Female,2023-10-19,Active
STU005961,SCH046,8,Male,2022-09-08,Active
STU005962,SCH019,1,Male,2019-03-31,Active
STU005963,SCH035,7,Female,2019-09-28,Active
STU005964,SCH006,3,Male,2018-10-13,Active
STU005965,SCH021,6,Female,2023-06-14,Active
STU005966,SCH023,10,Male,2023-11-29,Active
STU005967,SCH033,2,Male,2019-07-24,Active
STU005968,SCH031,11,Female,2021-11-12,Active
STU005969,SCH050,8,Female,2023-12-30,Active
STU005970,SCH045,8,Male,2020-06-19,Active
STU005971,SCH023,8,Female,2022-03-22,Active
STU005972,SCH007,2,Female,2021-12-04,Active
STU005973,SCH041,2,Male,2022-06-14,Active
STU005974,SCH024,12,Male,2022-10-07,Active
STU005975,SCH005,2,Male,2018-08-15,Active
STU005976,SCH039,0,Female,2018-07-25,Active
STU005977,SCH040,4,Male,2018-03-27,Active
STU005978,SCH050,9,Female,2022-09-03,Active
STU005979,SCH033,2,Female,2022-01-13,Active
STU005980,SCH026,4,Female,2021-10-20,Active
STU005981,SCH050,7,Male,2022-05-22,Active
STU005982,SCH023,8,Male,2019-07-06,Active
STU005983,SCH004,1,Male,2018-07-14,Active
STU005984,SCH004,0,Female,2022-05-14,Active
STU005985,SCH034,12,Female,2021-02-01,Active
STU005986,SCH045,7,Male,2022-07-09,Active
STU005987,SCH005,3,Female,2023-03-12,Active
STU005988,SCH027,7,Female,2022-07-08,Active
STU005989,SCH001,12,Male,2018-08-16,Active
STU005990,SCH017,11,Male,2022-07-26,Active
STU005991,SCH003,4,Female,2022-08-01,Active
STU005992,SCH012,7,Female,2020-09-16,Active
STU005993,SCH042,11,Male,2020-05-08,Active
STU005994,SCH007,3,Female,2020-07-26,Active
STU005995,SCH011,3,Female,2022-07-13,Active
STU005996,SCH016,3,Male,2023-05-22,Active
STU005997,SCH049,11,Female,2022-07-15,Active
STU005998,SCH024,11,Female,2021-11-19,Active
STU005999,SCH032,7,Female,2022-07-29,Active
STU006000,SCH039,4,Male,2020-01-02,Active
STU006001,SCH017,11,Female,2018-12-14,Active
STU006002,SCH003,4,Female,2021-10-04,Active
STU006003,SCH008,4,Male,2022-12-24,Active
STU006004,SCH036,4,Male,2022-06-13,Active
STU006005,SCH004,6,Male,2021-07-24,Active
STU006006,SCH002,11,Male,2022-03-27,Active
STU006007,SCH047,3,Male,2019-12-05,Active
STU006008,SCH007,0,Female,2021-10-22,Active
STU006009,SCH007,4,Female,2023-05-18,Active
STU006010,SCH022,11,Female,2023-11-29,Active
STU006011,SCH015,5,Female,2020-06-28,Active
STU006012,SCH013,1,Female,2019-09-21,Active
STU006013,SCH002,11,Female,2018-05-20,Active
STU006014,SCH036,3,Male,2019-06-05,Active
STU006015,SCH004,6,Female,2021-04-09,Active
STU006016,SCH041,3,Female,2020-01-12,Active
STU006017,SCH010,10,Male,2018-04-28,Active
STU006018,SCH003,6,Female,2023-07-31,Active
STU006019,SCH012,10,Male,2020-01-25,Active
STU006020,SCH012,7,Male,2022-08-13,Active
STU006021,SCH008,1,Female,2023-08-01,Active
STU006022,SCH037,4,Female,2021-06-28,Active
STU006023,SCH048,6,Female,2019-10-24,Active
STU006024,SCH025,4,Male,2022-06-14,Active
STU006025,SCH009,10,Female,2022-06-13,Active
STU006026,SCH006,0,Female,2022-09-25,Active
STU006027,SCH035,8,Male,2023-04-05,Active
STU006028,SCH025,0,Male,2023-03-06,Active
STU006029,SCH026,2,Female,2019-02-18,Active
STU006030,SCH044,7,Male,2023-03-06,Active
STU006031,SCH041,2,Female,2023-05-20,Active
STU006032,SCH047,1,Female,2023-12-07,Active
STU006033,SCH026,2,Female,2018-09-20,Active
STU006034,SCH020,3,Male,2022-05-24,Active
STU006035,SCH046,8,Female,2019-10-11,Active
STU006036,SCH024,11,Female,2019-10-06,Active
STU006037,SCH016,5,Female,2019-12-08,Active
STU006038,SCH050,7,Male,2021-08-03,Active
STU006039,SCH041,1,Male,2021-02-14,Active
STU006040,SCH049,12,Female,2021-09-02,Active
STU006041,SCH022,11,Male,2022-07-18,Active
STU006042,SCH009,10,Male,2023-05-08,Active
STU006043,SCH018,2,Non-specified,2022-08-16,Active
STU006044,SCH046,10,Female,2023-07-27,Active
STU006045,SCH045,10,Male,2022-07-09,Active
STU006046,SCH028,0,Male,2021-03-10,Active
STU006047,SCH049,11,Female,2021-03-30,Active
STU006048,SCH048,5,Female,2023-02-22,Active
STU006049,SCH011,5,Female,2023-12-19,Active
STU006050,SCH049,12,Male,2022-12-10,Active
STU006051,SCH009,10,Male,2019-11-16,Active
STU006052,SCH045,7,Female,2022-10-27,Active
STU006053,SCH025,0,Female,2019-10-22,Active
STU006054,SCH016,0,Female,2018-06-19,Active
STU006055,SCH046,9,Male,2023-05-17,Active
STU006056,SCH022,11,Male,2019-07-25,Active
STU006057,SCH035,9,Female,2018-04-29,Active
STU006058,SCH033,2,Male,2021-12-05,Active
STU006059,SCH011,0,Male,2021-10-10,Active
STU006060,SCH030,5,Male,2019-10-17,Active
STU006061,SCH035,9,Female,2020-07-20,Active
STU006062,SCH010,2,Female,2019-03-25,Active
STU006063,SCH022,12,Female,2019-01-04,Active
STU006064,SCH002,11,Female,2019-03-13,Active
STU006065,SCH042,12,Female,2022-04-24,Active
STU006066,SCH015,6,Female,2022-08-24,Active
STU006067,SCH027,9,Female,2021-02-07,Active
STU006068,SCH026,0,Male,2023-12-21,Active
STU006069,SCH048,3,Female,2022-03-25,Active
STU006070,SCH030,1,Female,2022-11-27,Active
STU006071,SCH048,6,Male,2023-06-08,Active
STU006072,SCH040,0,Female,2021-01-07,Active
STU006073,SCH001,12,Female,2018-05-21,Active
STU006074,SCH048,4,Male,2022-12-29,Active
STU006075,SCH012,10,Male,2018-11-28,Active
STU006076,SCH021,4,Male,2023-01-28,Active
STU006077,SCH014,0,Female,2019-03-22,Active
STU006078,SCH011,2,Male,2021-09-04,Active
STU006079,SCH028,3,Female,2022-05-15,Active
STU006080,SCH021,11,Female,2023-05-20,Active
STU006081,SCH009,8,Male,2021-02-06,Active
STU006082,SCH014,0,Male,2021-12-19,Active
STU006083,SCH016,3,Female,2023-01-17,Active
STU006084,SCH031,9,Female,2018-01-29,Active
STU006085,SCH050,10,Female,2023-01-24,Active
STU006086,SCH011,0,Female,2020-03-12,Active
STU006087,SCH049,12,Female,2019-12-31,Active
STU006088,SCH005,2,Male,2023-05-15,Active
STU006089,SCH020,5,Female,2018-03-28,Active
STU006090,SCH037,2,Female,2023-03-22,Active
STU006091,SCH038,0,Male,2018-04-05,Active
STU006092,SCH004,0,Male,2021-10-08,Active
STU006093,SCH022,11,Female,2020-04-15,Active
STU006094,SCH014,1,Male,2018-01-11,Active
STU006095,SCH019,0,Female,2019-02-20,Active
STU006096,SCH005,2,Male,2019-11-04,Active
STU006097,SCH042,11,Male,2020-04-15,Active
STU006098,SCH050,8,Male,2021-11-15,Active
STU006099,SCH001,11,Female,2022-11-21,Active
STU006100,SCH004,0,Female,2019-02-25,Active
STU006101,SCH002,11,Female,2021-12-11,Active
STU006102,SCH026,6,Male,2019-06-29,Active
STU006103,SCH037,3,Female,2018-08-14,Active
STU006104,SCH034,11,Male,2023-08-09,Active
STU006105,SCH028,0,Female,2023-01-02,Active
STU006106,SCH010,7,Female,2018-11-30,Active
STU006107,SCH035,8,Female,2023-08-07,Active
STU006108,SCH002,11,Male,2018-08-07,Active
STU006109,SCH026,4,Male,2020-02-08,Active
STU006110,SCH033,3,Female,2021-02-04,Active
STU006111,SCH049,12,Male,2020-02-25,Active
STU006112,SCH003,2,Female,2020-12-27,Active
STU006113,SCH019,2,Male,2019-02-14,Active
STU006114,SCH036,0,Female,2022-01-30,Active
STU006115,SCH022,12,Male,2019-11-14,Active
STU006116,SCH004,4,Male,2022-08-02,Active
STU006117,SCH030,0,Female,2018-07-01,Active
STU006118,SCH026,3,Female,2020-10-08,Active
STU006119,SCH037,5,Male,2019-03-08,Active
STU006120,SCH041,1,Female,2018-02-11,Active
STU006121,SCH043,7,Male,2020-09-22,Active
STU006122,SCH012,10,Male,2023-04-01,Active
STU006123,SCH025,3,Male,2021-08-08,Active
STU006124,SCH040,6,Female,2023-06-30,Active
STU006125,SCH043,7,Female,2020-03-29,Active
STU006126,SCH040,6,Female,2020-02-28,Active
STU006127,SCH005,6,Male,2019-06-03,Active
STU006128,SCH013,6,Female,2020-10-27,Active
STU006129,SCH026,1,Male,2020-07-21,Active
STU006130,SCH034,11,Female,2019-02-24,Active
STU006131,SCH003,3,Male,2020-01-12,Active
STU006132,SCH044,9,Male,2022-04-10,Active
STU006133,SCH030,2,Female,2023-03-01,Active
STU006134,SCH020,0,Male,2020-12-20,Active
STU006135,SCH045,8,Female,2019-04-02,Active
STU006136,SCH020,3,Female,2021-06-20,Active
STU006137,SCH027,10,Male,2021-05-11,Active
STU006138,SCH015,6,Female,2019-10-27,Active
STU006139,SCH025,5,Male,2023-02-12,Active
STU006140,SCH024,12,Male,2019-05-01,Active
STU006141,SCH047,6,Female,2018-11-30,Active
STU006142,SCH047,1,Female,2019-05-03,Active
STU006143,SCH048,4,Female,2021-10-03,Active
STU006144,SCH004,3,Male,2018-04-24,Active
STU006145,SCH033,6,Male,2020-02-26,Active
STU006146,SCH008,4,Male,2023-10-15,Active
STU006147,SCH034,12,Female,2018-09-03,Active
STU006148,SCH029,10,Male,2020-01-11,Active
STU006149,SCH008,3,Female,2022-09-13,Active
STU006150,SCH008,5,Female,2023-01-02,Active
STU006151,SCH001,12,Female,2019-10-18,Active
STU006152,SCH010,1,Female,2021-09-24,Active
STU006153,SCH010,2,Female,2018-04-05,Active
STU006154,SCH031,1,Male,2019-10-20,Active
STU006155,SCH001,11,Female,2018-09-12,Active
STU006156,SCH047,1,Female,2018-11-16,Active
STU006157,SCH038,4,Male,2018-06-25,Active
STU006158,SCH024,11,Male,2018-04-30,Active
STU006159,SCH013,6,Male,2023-04-01,Active
STU006160,SCH011,4,Male,2022-02-07,Active
STU006161,SCH012,9,Male,2020-12-27,Active
STU006162,SCH018,4,Male,2020-02-26,Active
STU006163,SCH035,7,Female,2023-06-21,Active
STU006164,SCH047,6,Male,2018-02-15,Active
STU006165,SCH048,3,Female,2020-11-19,Active
STU006166,SCH006,3,Female,2019-09-12,Active
STU006167,SCH010,3,Female,2022-04-03,Active
STU006168,SCH023,9,Female,2023-09-30,Active
STU006169,SCH008,3,Male,2018-12-20,Active
STU006170,SCH024,11,Female,2020-08-27,Active
STU006171,SCH023,9,Male,2021-05-31,Active
STU006172,SCH014,2,Female,2023-03-20,Active
STU006173,SCH039,6,Female,2020-01-15,Active
STU006174,SCH049,12,Female,2018-07-07,Active
STU006175,SCH017,11,Male,2023-08-04,Active
STU006176,SCH037,1,Female,2018-12-22,Active
STU006177,SCH002,12,Non-specified,2021-01-26,Active
STU006178,SCH042,11,Male,2022-12-29,Active
STU006179,SCH037,2,Female,2020-06-30,Active
STU006180,SCH032,8,Male,2018-07-05,Active
STU006181,SCH017,12,Female,2021-02-05,Active
STU006182,SCH032,10,Male,2021-05-21,Active
STU006183,SCH046,9,Male,2020-05-09,Active
STU006184,SCH042,12,Female,2018-02-03,Active
STU006185,SCH040,2,Female,2021-03-04,Active
STU006186,SCH030,6,Male,2020-09-18,Active
STU006187,SCH022,12,Female,2022-11-05,Active
STU006188,SCH024,11,Female,2019-06-05,Active
STU006189,SCH030,4,Male,2023-02-08,Active
STU006190,SCH013,5,Female,2020-07-07,Active
STU006191,SCH013,2,Female,2023-12-23,Active
STU006192,SCH036,2,Male,2023-08-20,Active
STU006193,SCH007,3,Male,2022-03-05,Active
STU006194,SCH043,8,Male,2018-06-09,Active
STU006195,SCH050,8,Male,2019-09-23,Active
STU006196,SCH030,0,Male,2020-08-29,Active
STU006197,SCH019,0,Male,2023-09-28,Active
STU006198,SCH012,9,Male,2018-07-12,Active
STU006199,SCH016,4,Male,2020-10-02,Active
STU006200,SCH037,4,Female,2019-08-29,Active
STU006201,SCH041,0,Male,2018-04-21,Active
STU006202,SCH031,11,Male,2020-02-16,Active
STU006203,SCH046,5,Male,2019-07-05,Active
STU006204,SCH048,0,Male,2020-07-15,Active
STU006205,SCH026,6,Female,2018-01-30,Active
STU006206,SCH018,2,Female,2022-02-18,Active
STU006207,SCH030,4,Male,2019-04-03,Active
STU006208,SCH003,1,Male,2019-01-14,Active
STU006209,SCH021,0,Male,2018-03-12,Active
STU006210,SCH003,5,Male,2022-03-19,Active
STU006211,SCH043,7,Male,2023-02-11,Active
STU006212,SCH040,4,Female,2020-02-13,Active
STU006213,SCH048,4,Female,2023-10-01,Active
STU006214,SCH009,9,Female,2018-07-29,Active
STU006215,SCH041,5,Male,2019-05-02,Active
STU006216,SCH001,12,Male,2022-05-26,Active
STU006217,SCH043,9,Female,2020-07-20,Active
STU006218,SCH037,5,Female,2021-11-27,Active
STU006219,SCH007,0,Male,2023-12-29,Active
STU006220,SCH024,11,Male,2018-09-15,Active
STU006221,SCH041,0,Female,2019-10-19,Active
STU006222,SCH023,7,Male,2022-12-11,Active
STU006223,SCH015,6,Female,2019-02-08,Active
STU006224,SCH022,12,Male,2023-03-20,Active
STU006225,SCH021,0,Female,2019-04-21,Active
STU006226,SCH033,6,Female,2021-03-29,Active
STU006227,SCH015,4,Male,2018-07-14,Active
STU006228,SCH042,12,Male,2020-04-28,Active
STU006229,SCH034,11,Female,2020-05-01,Active
STU006230,SCH028,3,Female,2022-12-07,Active
STU006231,SCH001,12,Male,2020-04-02,Active
STU006232,SCH040,0,Female,2023-05-11,Active
STU006233,SCH027,7,Female,2021-09-19,Active
STU006234,SCH040,6,Female,2021-06-08,Active
STU006235,SCH010,0,Male,2021-11-23,Active
STU006236,SCH044,8,Male,2018-09-27,Active
STU006237,SCH012,8,Male,2019-03-22,Active
STU006238,SCH005,4,Female,2019-11-02,Active
STU006239,SCH041,0,Female,2021-08-03,Active
STU006240,SCH012,9,Male,2019-01-12,Active
STU006241,SCH041,2,Female,2019-08-04,Active
STU006242,SCH034,11,Male,2021-08-29,Active
STU006243,SCH019,6,Female,2023-04-09,Active
STU006244,SCH028,2,Female,2019-04-13,Active
STU006245,SCH030,1,Male,2022-06-21,Active
STU006246,SCH025,0,Female,2018-05-25,Active
STU006247,SCH036,0,Male,2022-03-24,Active
STU006248,SCH007,6,Female,2019-11-30,Active
STU006249,SCH049,11,Male,2024-01-01,Active
STU006250,SCH020,6,Female,2020-08-12,Active
STU006251,SCH022,11,Male,2020-05-27,Active
STU006252,SCH018,1,Male,2023-10-10,Active
STU006253,SCH028,2,Female,2022-11-12,Active
STU006254,SCH029,7,Female,2023-12-25,Active
STU006255,SCH044,8,Female,2019-08-07,Active
STU006256,SCH030,0,Male,2023-09-09,Active
STU006257,SCH017,11,Male,2023-10-23,Active
STU006258,SCH041,1,Female,2022-10-24,Active
STU006259,SCH050,8,Male,2021-03-18,Active
STU006260,SCH026,5,Female,2021-06-27,Active
STU006261,SCH019,5,Male,2021-01-01,Active
STU006262,SCH014,6,Male,2018-06-14,Active
STU006263,SCH048,2,Male,2019-06-07,Active
STU006264,SCH030,5,Female,2022-12-07,Active
STU006265,SCH043,8,Female,2021-04-13,Active
STU006266,SCH037,0,Female,2019-06-06,Active
STU006267,SCH033,5,Male,2022-10-11,Active
STU006268,SCH011,5,Male,2021-06-06,Active
STU006269,SCH026,0,Female,2023-11-26,Active
STU006270,SCH037,0,Male,2020-08-19,Active
STU006271,SCH050,10,Male,2022-05-20,Active
STU006272,SCH021,0,Male,2021-10-23,Active
STU006273,SCH026,5,Female,2018-02-24,Active
STU006274,SCH030,4,Male,2018-03-01,Active
STU006275,SCH003,3,Female,2023-03-09,Active
STU006276,SCH028,6,Male,2023-07-27,Active
STU006277,SCH018,5,Female,2022-11-11,Active
STU006278,SCH045,9,Female,2023-07-07,Active
STU006279,SCH009,9,Female,2021-06-02,Active
STU006280,SCH007,3,Female,2021-02-27,Active
STU006281,SCH017,12,Male,2023-05-19,Active
STU006282,SCH020,1,Male,2021-04-14,Active
STU006283,SCH038,0,Non-specified,2021-09-29,Active
STU006284,SCH023,8,Male,2022-09-18,Active
STU006285,SCH019,5,Female,2022-09-15,Active
STU006286,SCH007,6,Female,2023-02-09,Active
STU006287,SCH005,0,Female,2019-08-22,Active
STU006288,SCH021,5,Female,2021-03-10,Active
STU006289,SCH007,1,Female,2023-08-30,Active
STU006290,SCH026,0,Female,2021-10-30,Active
STU006291,SCH023,10,Male,2018-12-06,Active
STU006292,SCH036,3,Male,2019-08-02,Active
STU006293,SCH017,12,Female,2020-04-10,Active
STU006294,SCH033,2,Male,2021-09-16,Active
STU006295,SCH003,5,Female,2023-10-20,Active
STU006296,SCH004,4,Male,2023-07-24,Active
STU006297,SCH004,5,Female,2022-10-28,Active
STU006298,SCH004,3,Male,2019-05-09,Active
STU006299,SCH048,6,Male,2022-03-12,Active
STU006300,SCH018,0,Male,2022-04-23,Active
STU006301,SCH003,1,Male,2019-09-23,Active
STU006302,SCH004,0,Female,2021-06-26,Active
STU006303,SCH002,11,Female,2020-10-20,Active
STU006304,SCH022,12,Female,2018-09-14,Active
STU006305,SCH031,9,Female,2020-10-12,Active
STU006306,SCH024,11,Female,2019-07-18,Active
STU006307,SCH030,5,Male,2020-02-26,Active
STU006308,SCH019,6,Female,2023-11-25,Active
STU006309,SCH035,7,Female,2019-04-29,Active
STU006310,SCH006,5,Male,2023-03-02,Active
STU006311,SCH033,2,Female,2022-11-23,Active
STU006312,SCH027,8,Male,2021-01-07,Active
STU006313,SCH001,11,Male,2023-06-08,Active
STU006314,SCH047,5,Male,2022-11-22,Active
STU006315,SCH018,1,Male,2018-01-02,Active
STU006316,SCH049,11,Female,2023-07-25,Active
STU006317,SCH038,4,Female,2023-02-14,Active
STU006318,SCH027,10,Male,2020-12-17,Active
STU006319,SCH001,11,Female,2020-05-19,Active
STU006320,SCH026,5,Male,2018-02-18,Active
STU006321,SCH028,5,Female,2020-05-17,Active
STU006322,SCH006,1,Male,2021-01-22,Active
STU006323,SCH003,4,Male,2018-03-06,Active
STU006324,SCH042,12,Female,2021-04-17,Active
STU006325,SCH049,12,Male,2023-07-31,Active
STU006326,SCH028,6,Male,2023-03-26,Active
STU006327,SCH016,1,Female,2022-03-26,Active
STU006328,SCH044,8,Female,2021-04-18,Active
STU006329,SCH006,2,Female,2021-01-26,Active
STU006330,SCH039,5,Male,2021-11-27,Active
STU006331,SCH037,1,Male,2021-10-01,Active
STU006332,SCH038,0,Male,2023-05-08,Active
STU006333,SCH019,6,Female,2022-03-08,Active
STU006334,SCH037,5,Female,2023-07-29,Active
STU006335,SCH038,6,Male,2023-05-13,Active
STU006336,SCH037,4,Male,2019-03-29,Active
STU006337,SCH009,9,Male,2018-12-24,Active
STU006338,SCH001,11,Male,2021-03-20,Active
STU006339,SCH048,1,Female,2021-01-02,Active
STU006340,SCH002,11,Female,2023-06-04,Active
STU006341,SCH005,6,Male,2020-01-12,Active
STU006342,SCH009,10,Male,2020-02-09,Active
STU006343,SCH042,12,Male,2018-10-20,Active
STU006344,SCH003,4,Male,2020-06-22,Active
STU006345,SCH009,8,Female,2022-11-06,Active
STU006346,SCH008,2,Male,2019-01-19,Active
STU006347,SCH016,5,Female,2018-06-06,Active
STU006348,SCH029,8,Male,2018-08-16,Active
STU006349,SCH019,5,Female,2023-06-24,Active
STU006350,SCH040,2,Female,2020-04-16,Active
STU006351,SCH046,1,Female,2019-03-04,Active
STU006352,SCH042,11,Female,2020-08-14,Active
STU006353,SCH036,6,Female,2020-05-02,Active
STU006354,SCH047,1,Male,2020-01-13,Active
STU006355,SCH039,5,Female,2022-05-26,Active
STU006356,SCH012,7,Female,2018-09-04,Active
STU006357,SCH039,4,Female,2022-09-03,Active
STU006358,SCH001,12,Male,2022-05-05,Active
STU006359,SCH012,10,Male,2023-04-08,Active
STU006360,SCH019,6,Female,2020-04-02,Active
STU006361,SCH032,9,Male,2019-10-29,Active
STU006362,SCH019,4,Male,2019-02-16,Active
STU006363,SCH041,6,Male,2021-05-09,Active
STU006364,SCH014,1,Female,2020-10-28,Active
STU006365,SCH007,3,Male,2021-06-26,Active
STU006366,SCH019,1,Female,2022-12-24,Active
STU006367,SCH031,1,Female,2019-12-07,Active
STU006368,SCH024,12,Male,2018-08-04,Active
STU006369,SCH012,9,Male,2020-04-04,Active
STU006370,SCH035,9,Female,2021-05-17,Active
STU006371,SCH029,7,Male,2022-03-17,Active
STU006372,SCH002,11,Male,2019-12-26,Active
STU006373,SCH034,12,Male,2021-04-11,Active
STU006374,SCH022,12,Female,2018-12-17,Active
STU006375,SCH015,6,Female,2020-09-04,Active
STU006376,SCH040,3,Male,2022-04-04,Active
STU006377,SCH003,2,Male,2022-11-04,Active
STU006378,SCH042,11,Female,2021-11-27,Active
STU006379,SCH033,4,Male,2023-10-16,Active
STU006380,SCH020,5,Female,2021-11-18,Active
STU006381,SCH005,2,Female,2018-07-18,Active
STU006382,SCH038,5,Female,2021-03-05,Active
STU006383,SCH004,5,Male,2018-03-02,Active
STU006384,SCH005,4,Male,2019-03-13,Active
STU006385,SCH006,4,Male,2018-03-25,Active
STU006386,SCH010,1,Male,2019-09-04,Active
STU006387,SCH011,3,Male,2019-05-24,Active
STU006388,SCH048,0,Female,2018-02-26,Active
STU006389,SCH002,12,Female,2023-10-21,Active
STU006390,SCH008,0,Male,2019-05-24,Active
STU006391,SCH005,5,Male,2018-10-18,Active
STU006392,SCH007,2,Female,2022-06-13,Active
STU006393,SCH047,5,Male,2021-12-16,Active
STU006394,SCH006,5,Female,2020-03-29,Active
STU006395,SCH006,0,Female,2021-02-18,Active
STU006396,SCH016,3,Male,2020-04-04,Active
STU006397,SCH034,12,Male,2019-02-12,Active
STU006398,SCH037,4,Male,2023-10-06,Active
STU006399,SCH026,4,Female,2018-02-14,Active
STU006400,SCH017,11,Female,2019-06-22,Active
STU006401,SCH050,9,Female,2021-01-22,Active
STU006402,SCH021,5,Female,2018-06-22,Active
STU006403,SCH039,6,Female,2021-03-28,Active
STU006404,SCH022,11,Male,2019-12-03,Active
STU006405,SCH038,5,Male,2021-07-25,Active
STU006406,SCH044,8,Male,2019-01-28,Active
STU006407,SCH017,12,Female,2023-11-05,Active
STU006408,SCH044,10,Female,2020-05-27,Active
STU006409,SCH010,6,Male,2019-07-16,Active
STU006410,SCH035,8,Female,2022-09-10,Active
STU006411,SCH019,5,Female,2023-06-12,Active
STU006412,SCH030,4,Male,2020-12-05,Active
STU006413,SCH004,5,Male,2023-03-08,Active
STU006414,SCH018,3,Male,2018-09-18,Active
STU006415,SCH048,0,Male,2023-09-03,Active
STU006416,SCH029,8,Male,2023-01-26,Active
STU006417,SCH029,7,Female,2023-09-03,Active
STU006418,SCH010,8,Male,2019-09-08,Active
STU006419,SCH007,6,Female,2018-06-09,Active
STU006420,SCH023,8,Female,2020-02-11,Active
STU006421,SCH019,1,Male,2020-10-25,Active
STU006422,SCH004,1,Non-specified,2020-05-04,Active
STU006423,SCH007,1,Male,2023-12-04,Active
STU006424,SCH031,8,Male,2021-10-31,Active
STU006425,SCH041,0,Male,2022-11-12,Active
STU006426,SCH007,2,Male,2018-11-21,Active
STU006427,SCH020,1,Female,2023-04-02,Active
STU006428,SCH047,1,Female,2018-10-08,Active
STU006429,SCH049,12,Female,2018-10-11,Active
STU006430,SCH018,2,Female,2022-09-08,Active
STU006431,SCH007,3,Male,2022-06-29,Active
STU006432,SCH033,3,Female,2018-02-01,Active
STU006433,SCH030,5,Male,2023-09-14,Active
STU006434,SCH035,7,Male,2019-08-21,Active
STU006435,SCH001,11,Female,2021-09-02,Active
STU006436,SCH028,4,Female,2020-10-17,Active
STU006437,SCH003,6,Male,2022-07-26,Active
STU006438,SCH035,9,Female,2019-05-27,Active
STU006439,SCH017,12,Male,2022-12-30,Active
STU006440,SCH019,0,Female,2019-11-21,Active
STU006441,SCH042,12,Male,2019-09-14,Active
STU006442,SCH045,7,Male,2019-12-04,Active
STU006443,SCH046,6,Female,2022-06-23,Active
STU006444,SCH001,12,Female,2023-07-07,Active
STU006445,SCH014,3,Female,2020-01-10,Active
STU006446,SCH034,12,Male,2023-03-11,Active
STU006447,SCH025,0,Male,2022-08-20,Active
STU006448,SCH018,4,Male,2019-06-07,Active
STU006449,SCH044,8,Female,2019-08-18,Active
STU006450,SCH004,0,Male,2023-04-19,Active
STU006451,SCH044,8,Female,2023-06-06,Active
STU006452,SCH020,5,Male,2020-04-28,Active
STU006453,SCH013,0,Male,2022-10-10,Active
STU006454,SCH035,8,Male,2020-03-20,Active
STU006455,SCH043,8,Male,2022-07-19,Active
STU006456,SCH023,7,Female,2019-03-16,Active
STU006457,SCH006,4,Female,2021-02-05,Active
STU006458,SCH015,5,Female,2020-05-22,Active
STU006459,SCH017,11,Male,2018-07-08,Active
STU006460,SCH045,8,Female,2019-04-26,Active
STU006461,SCH023,9,Male,2018-12-22,Active
STU006462,SCH034,11,Male,2022-10-12,Active
STU006463,SCH012,9,Male,2019-10-25,Active
STU006464,SCH041,5,Male,2019-11-24,Active
STU006465,SCH039,0,Female,2021-03-07,Active
STU006466,SCH034,12,Female,2021-12-28,Active
STU006467,SCH033,6,Female,2021-01-08,Active
STU006468,SCH037,0,Female,2021-11-18,Active
STU006469,SCH013,5,Female,2018-07-17,Active
STU006470,SCH043,9,Female,2022-08-17,Active
STU006471,SCH021,9,Female,2020-10-25,Active
STU006472,SCH028,3,Female,2021-05-13,Active
STU006473,SCH047,4,Female,2022-01-23,Active
STU006474,SCH031,2,Female,2023-10-15,Active
STU006475,SCH038,0,Male,2021-11-15,Active
STU006476,SCH036,3,Female,2019-11-23,Active
STU006477,SCH029,9,Female,2020-02-19,Active
STU006478,SCH014,5,Female,2020-10-12,Active
STU006479,SCH046,3,Male,2023-02-09,Active
STU006480,SCH044,9,Male,2021-09-19,Active
STU006481,SCH031,6,Female,2021-01-02,Active
STU006482,SCH031,11,Female,2019-03-17,Active
STU006483,SCH007,0,Male,2022-03-28,Active
STU006484,SCH042,11,Male,2023-07-15,Active
STU006485,SCH017,11,Male,2021-07-06,Active
STU006486,SCH040,2,Male,2020-06-04,Active
STU006487,SCH022,12,Female,2021-09-29,Active
STU006488,SCH038,1,Female,2020-06-13,Active
STU006489,SCH023,7,Male,2022-12-01,Active
STU006490,SCH018,3,Female,2018-02-16,Active
STU006491,SCH020,2,Female,2020-12-12,Active
STU006492,SCH019,4,Female,2021-02-02,Active
STU006493,SCH027,9,Male,2019-01-12,Active
STU006494,SCH047,6,Female,2022-08-29,Active
STU006495,SCH001,12,Female,2023-11-30,Active
STU006496,SCH033,6,Male,2019-02-27,Active
STU006497,SCH028,4,Female,2019-09-13,Active
STU006498,SCH034,11,Female,2021-05-05,Active
STU006499,SCH033,5,Female,2021-05-02,Active
STU006500,SCH024,12,Female,2019-11-02,Active
STU006501,SCH032,8,Male,2020-04-27,Active
STU006502,SCH034,11,Female,2021-04-18,Active
STU006503,SCH016,2,Male,2022-07-25,Active
STU006504,SCH001,11,Female,2022-08-06,Active
STU006505,SCH044,8,Female,2021-10-16,Active
STU006506,SCH047,5,Male,2023-03-29,Active
STU006507,SCH035,10,Male,2021-08-23,Active
STU006508,SCH041,0,Male,2023-10-07,Active
STU006509,SCH044,10,Female,2022-04-13,Active
STU006510,SCH014,2,Female,2019-12-16,Active
STU006511,SCH010,3,Male,2022-01-31,Active
STU006512,SCH002,11,Male,2019-10-19,Active
STU006513,SCH037,5,Male,2022-11-16,Active
STU006514,SCH037,3,Female,2019-03-14,Active
STU006515,SCH021,8,Female,2021-01-18,Active
STU006516,SCH021,3,Male,2023-11-24,Active
STU006517,SCH023,8,Male,2019-02-15,Active
STU006518,SCH050,7,Male,2020-03-27,Active
STU006519,SCH012,9,Female,2018-11-23,Active
STU006520,SCH026,6,Female,2023-02-12,Active
STU006521,SCH005,1,Male,2020-05-16,Active
STU006522,SCH008,1,Female,2023-09-11,Active
STU006523,SCH012,9,Male,2018-04-30,Active
STU006524,SCH026,3,Female,2022-04-01,Active
STU006525,SCH005,0,Male,2019-10-04,Active
STU006526,SCH047,2,Female,2021-07-31,Active
STU006527,SCH022,11,Male,2022-05-29,Active
STU006528,SCH025,5,Female,2020-10-23,Active
STU006529,SCH018,2,Male,2023-06-22,Active
STU006530,SCH017,12,Male,2022-05-28,Active
STU006531,SCH033,6,Male,2022-02-18,Active
STU006532,SCH050,7,Male,2021-08-06,Active
STU006533,SCH042,11,Male,2019-11-19,Active
STU006534,SCH046,6,Male,2023-01-04,Active
STU006535,SCH041,4,Female,2023-01-13,Active
STU006536,SCH029,9,Female,2019-09-02,Active
STU006537,SCH020,2,Male,2019-11-01,Active
STU006538,SCH013,1,Male,2018-12-18,Active
STU006539,SCH044,10,Female,2019-07-19,Active
STU006540,SCH014,6,Male,2019-11-19,Active
STU006541,SCH013,3,Female,2019-09-12,Active
STU006542,SCH048,4,Male,2021-01-26,Active
STU006543,SCH032,8,Female,2018-07-12,Active
STU006544,SCH050,10,Male,2022-09-30,Active
STU006545,SCH050,7,Female,2021-10-12,Active
STU006546,SCH026,6,Female,2018-10-08,Active
STU006547,SCH044,8,Female,2022-06-12,Active
STU006548,SCH028,6,Female,2023-04-16,Active
STU006549,SCH041,6,Male,2020-06-16,Active
STU006550,SCH038,1,Female,2022-07-24,Active
STU006551,SCH027,9,Female,2023-12-02,Active
STU006552,SCH002,12,Female,2022-03-27,Active
STU006553,SCH014,5,Male,2023-07-14,Active
STU006554,SCH023,9,Female,2021-07-16,Active
STU006555,SCH043,10,Male,2022-11-12,Active
STU006556,SCH036,4,Female,2021-01-04,Active
STU006557,SCH027,10,Female,2022-02-07,Active
STU006558,SCH003,6,Female,2018-08-17,Active
STU006559,SCH008,3,Male,2020-10-16,Active
STU006560,SCH033,5,Male,2020-09-17,Active
STU006561,SCH024,11,Male,2021-02-11,Active
STU006562,SCH029,8,Female,2023-06-06,Active
STU006563,SCH011,3,Male,2022-01-19,Active
STU006564,SCH021,1,Male,2020-10-24,Active
STU006565,SCH018,2,Female,2020-01-04,Active
STU006566,SCH021,4,Male,2020-06-07,Active
STU006567,SCH004,6,Male,2020-03-20,Active
STU006568,SCH007,1,Female,2022-12-10,Active
STU006569,SCH020,3,Male,2023-04-12,Active
STU006570,SCH036,1,Male,2020-02-18,Active
STU006571,SCH004,4,Male,2021-08-28,Active
STU006572,SCH004,3,Male,2022-05-15,Active
STU006573,SCH043,10,Male,2020-10-07,Active
STU006574,SCH007,5,Male,2023-11-26,Active
STU006575,SCH004,0,Male,2023-01-18,Active
STU006576,SCH006,4,Male,2022-12-10,Active
STU006577,SCH021,9,Male,2020-09-20,Active
STU006578,SCH030,4,Female,2021-01-24,Active
STU006579,SCH011,4,Female,2021-06-20,Active
STU006580,SCH037,4,Female,2020-02-26,Active
STU006581,SCH004,3,Female,2021-07-24,Active
STU006582,SCH047,3,Female,2019-02-21,Active
STU006583,SCH040,3,Male,2020-10-25,Active
STU006584,SCH009,7,Male,2021-08-06,Active
STU006585,SCH019,2,Male,2019-02-18,Active
STU006586,SCH030,2,Female,2021-11-08,Active
STU006587,SCH007,0,Female,2020-05-15,Active
STU006588,SCH049,11,Female,2023-02-23,Active
STU006589,SCH044,10,Male,2021-01-20,Active
STU006590,SCH037,3,Female,2021-01-29,Active
STU006591,SCH021,12,Female,2018-02-10,Active
STU006592,SCH019,1,Male,2020-07-24,Active
STU006593,SCH027,9,Female,2018-10-22,Active
STU006594,SCH012,8,Male,2019-02-28,Active
STU006595,SCH050,9,Male,2020-10-13,Active
STU006596,SCH015,4,Male,2021-07-13,Active
STU006597,SCH021,4,Female,2018-03-16,Active
STU006598,SCH036,5,Male,2021-10-22,Active
STU006599,SCH049,11,Male,2023-07-13,Active
STU006600,SCH008,2,Male,2019-10-18,Active
STU006601,SCH003,2,Non-specified,2020-07-15,Active
STU006602,SCH011,6,Female,2018-10-27,Active
STU006603,SCH031,10,Female,2022-07-10,Active
STU006604,SCH004,3,Female,2019-11-18,Active
STU006605,SCH007,5,Female,2018-02-17,Active
STU006606,SCH048,0,Female,2020-10-16,Active
STU006607,SCH024,12,Female,2020-10-09,Active
STU006608,SCH006,5,Male,2019-06-24,Active
STU006609,SCH031,7,Female,2019-05-29,Active
STU006610,SCH046,1,Female,2021-06-03,Active
STU006611,SCH046,2,Male,2019-06-30,Active
STU006612,SCH008,5,Non-specified,2018-03-30,Active
STU006613,SCH046,9,Male,2023-12-30,Active
STU006614,SCH025,1,Female,2022-11-08,Active
STU006615,SCH039,4,Female,2019-11-29,Active
STU006616,SCH028,6,Male,2021-12-12,Active
STU006617,SCH050,8,Female,2018-10-04,Active
STU006618,SCH037,0,Female,2020-01-12,Active
STU006619,SCH032,8,Male,2022-11-04,Active
STU006620,SCH023,7,Male,2020-07-21,Active
STU006621,SCH046,9,Female,2021-05-05,Active
STU006622,SCH039,1,Female,2022-02-04,Active
STU006623,SCH037,1,Female,2019-02-14,Active
STU006624,SCH011,2,Male,2022-05-06,Active
STU006625,SCH016,2,Male,2021-02-02,Active
STU006626,SCH017,12,Male,2020-03-27,Active
STU006627,SCH034,11,Female,2021-08-10,Active
STU006628,SCH036,4,Female,2021-09-21,Active
STU006629,SCH021,1,Male,2020-12-23,Active
STU006630,SCH009,9,Male,2019-08-19,Active
STU006631,SCH031,7,Male,2023-09-23,Active
STU006632,SCH047,0,Male,2021-09-14,Active
STU006633,SCH044,7,Male,2020-07-31,Active
STU006634,SCH005,4,Male,2018-09-05,Active
STU006635,SCH002,11,Female,2020-05-06,Active
STU006636,SCH028,4,Female,2021-08-29,Active
STU006637,SCH002,11,Female,2023-07-16,Active
STU006638,SCH006,2,Female,2021-02-12,Active
STU006639,SCH035,7,Female,2019-12-08,Active
STU006640,SCH008,6,Male,2023-01-19,Active
STU006641,SCH042,12,Male,2023-10-01,Active
STU006642,SCH046,4,Female,2019-11-15,Active
STU006643,SCH038,5,Female,2018-01-19,Active
STU006644,SCH040,4,Female,2018-04-11,Active
STU006645,SCH038,1,Male,2023-08-09,Active
STU006646,SCH018,2,Female,2023-12-06,Active
STU006647,SCH003,2,Female,2020-12-17,Active
STU006648,SCH036,5,Female,2022-01-28,Active
STU006649,SCH028,6,Female,2021-12-21,Active
STU006650,SCH030,0,Male,2018-04-04,Active
STU006651,SCH015,0,Female,2020-07-04,Active
STU006652,SCH018,0,Female,2022-10-10,Active
STU006653,SCH027,9,Male,2020-09-04,Active
STU006654,SCH006,2,Female,2022-04-23,Active
STU006655,SCH043,10,Female,2019-04-26,Active
STU006656,SCH033,0,Female,2018-04-22,Active
STU006657,SCH029,10,Female,2023-02-21,Active
STU006658,SCH009,7,Male,2021-05-10,Active
STU006659,SCH013,0,Female,2018-04-09,Active
STU006660,SCH043,9,Male,2021-01-06,Active
STU006661,SCH011,2,Male,2023-08-20,Active
STU006662,SCH044,10,Male,2022-01-28,Active
STU006663,SCH010,1,Female,2018-09-19,Active
STU006664,SCH027,7,Male,2020-04-23,Active
STU006665,SCH045,9,Female,2023-12-02,Active
STU006666,SCH033,2,Female,2021-03-22,Active
STU006667,SCH020,1,Female,2019-12-09,Active
STU006668,SCH045,7,Male,2023-11-14,Active
STU006669,SCH024,12,Male,2020-02-28,Active
STU006670,SCH027,8,Female,2019-05-12,Active
STU006671,SCH048,4,Male,2020-12-26,Active
STU006672,SCH046,10,Female,2018-12-17,Active
STU006673,SCH003,1,Female,2020-03-15,Active
STU006674,SCH004,1,Male,2019-11-02,Active
STU006675,SCH035,7,Female,2023-01-07,Active
STU006676,SCH044,8,Male,2019-11-16,Active
STU006677,SCH004,4,Female,2022-10-25,Active
STU006678,SCH014,3,Female,2021-10-31,Active
STU006679,SCH041,1,Male,2019-10-14,Active
STU006680,SCH026,2,Female,2022-08-12,Active
STU006681,SCH016,6,Female,2019-01-11,Active
STU006682,SCH040,0,Female,2018-04-10,Active
STU006683,SCH034,12,Male,2021-12-20,Active
STU006684,SCH029,7,Male,2019-12-05,Active
STU006685,SCH013,4,Male,2018-03-06,Active
STU006686,SCH007,6,Female,2018-07-08,Active
STU006687,SCH033,6,Female,2019-04-28,Active
STU006688,SCH032,10,Female,2021-01-16,Active
STU006689,SCH018,1,Female,2021-11-17,Active
STU006690,SCH028,0,Female,2020-05-20,Active
STU006691,SCH012,8,Female,2018-06-22,Active
STU006692,SCH011,6,Female,2018-06-07,Active
STU006693,SCH046,5,Female,2021-02-01,Active
STU006694,SCH001,12,Male,2021-09-09,Active
STU006695,SCH026,5,Male,2022-03-06,Active
STU006696,SCH046,7,Male,2021-06-19,Active
STU006697,SCH003,4,Female,2020-07-08,Active
STU006698,SCH040,6,Female,2023-11-12,Active
STU006699,SCH042,12,Male,2022-08-18,Active
STU006700,SCH023,8,Female,2022-08-10,Active
STU006701,SCH044,10,Female,2022-01-05,Active
STU006702,SCH028,6,Male,2020-02-01,Active
STU006703,SCH037,2,Female,2019-02-21,Active
STU006704,SCH024,12,Male,2022-10-08,Active
STU006705,SCH017,11,Male,2019-04-22,Active
STU006706,SCH014,6,Female,2023-07-31,Active
STU006707,SCH020,3,Female,2022-11-15,Active
STU006708,SCH043,10,Male,2023-07-01,Active
STU006709,SCH028,2,Non-specified,2022-10-12,Active
STU006710,SCH004,4,Male,2023-01-20,Active
STU006711,SCH022,11,Male,2020-01-02,Active
STU006712,SCH018,4,Male,2018-07-23,Active
STU006713,SCH016,0,Female,2019-10-25,Active
STU006714,SCH037,5,Male,2019-11-20,Active
STU006715,SCH048,2,Female,2021-10-22,Active
STU006716,SCH007,1,Female,2019-03-22,Active
STU006717,SCH036,3,Male,2022-10-21,Active
STU006718,SCH027,7,Male,2023-07-26,Active
STU006719,SCH036,6,Male,2021-06-15,Active
STU006720,SCH050,8,Female,2021-05-22,Active
STU006721,SCH016,4,Female,2021-11-29,Active
STU006722,SCH018,6,Female,2019-05-14,Active
STU006723,SCH031,8,Male,2021-01-05,Active
STU006724,SCH037,1,Male,2020-09-06,Active
STU006725,SCH002,11,Male,2018-08-10,Active
STU006726,SCH041,6,Male,2023-12-13,Active
STU006727,SCH030,0,Female,2018-01-08,Active
STU006728,SCH012,9,Female,2022-01-20,Active
STU006729,SCH032,8,Male,2022-07-29,Active
STU006730,SCH013,5,Female,2023-02-14,Active
STU006731,SCH020,6,Male,2018-03-14,Active
STU006732,SCH042,11,Male,2019-01-28,Active
STU006733,SCH031,10,Female,2018-06-03,Active
STU006734,SCH010,1,Male,2020-05-30,Active
STU006735,SCH042,11,Female,2020-02-21,Active
STU006736,SCH003,4,Female,2020-05-06,Active
STU006737,SCH019,5,Male,2022-11-02,Active
STU006738,SCH028,6,Female,2019-10-07,Active
STU006739,SCH030,3,Female,2021-04-27,Active
STU006740,SCH029,7,Non-specified,2018-03-06,Active
STU006741,SCH029,8,Female,2021-08-14,Active
STU006742,SCH033,1,Female,2022-11-14,Active
STU006743,SCH020,0,Male,2022-09-05,Active
STU006744,SCH006,0,Female,2022-11-25,Active
STU006745,SCH016,1,Male,2020-10-30,Active
STU006746,SCH012,9,Male,2021-03-15,Active
STU006747,SCH005,6,Female,2019-01-04,Active
STU006748,SCH033,5,Male,2018-12-23,Active
STU006749,SCH030,3,Female,2023-11-26,Active
STU006750,SCH018,4,Male,2018-09-10,Active
STU006751,SCH030,5,Female,2021-11-24,Active
STU006752,SCH019,1,Male,2018-10-29,Active
STU006753,SCH011,3,Male,2019-09-06,Active
STU006754,SCH002,12,Female,2020-01-26,Active
STU006755,SCH023,9,Male,2020-10-27,Active
STU006756,SCH027,8,Male,2021-01-08,Active
STU006757,SCH008,4,Male,2020-08-31,Active
STU006758,SCH011,4,Female,2019-10-03,Active
STU006759,SCH030,3,Male,2019-05-13,Active
STU006760,SCH036,4,Female,2022-09-30,Active
STU006761,SCH044,9,Male,2021-08-23,Active
STU006762,SCH028,4,Female,2022-10-05,Active
STU006763,SCH040,0,Male,2021-07-15,Active
STU006764,SCH031,7,Female,2023-04-07,Active
STU006765,SCH040,5,Female,2022-05-17,Active
STU006766,SCH043,10,Female,2022-08-19,Active
STU006767,SCH029,10,Male,2020-06-04,Active
STU006768,SCH049,11,Female,2020-06-23,Active
STU006769,SCH026,3,Female,2018-10-12,Active
STU006770,SCH017,12,Female,2022-05-03,Active
STU006771,SCH016,6,Male,2018-02-03,Active
STU006772,SCH020,1,Male,2022-03-02,Active
STU006773,SCH040,2,Female,2021-01-26,Active
STU006774,SCH023,10,Female,2018-04-11,Active
STU006775,SCH033,5,Male,2018-09-27,Active
STU006776,SCH002,12,Female,2021-09-28,Active
STU006777,SCH010,3,Male,2020-08-25,Active
STU006778,SCH007,1,Male,2023-05-05,Active
STU006779,SCH010,7,Male,2020-12-01,Active
STU006780,SCH037,0,Male,2020-05-18,Active
STU006781,SCH047,1,Male,2019-10-09,Active
STU006782,SCH003,1,Male,2023-03-21,Active
STU006783,SCH033,3,Male,2023-02-06,Active
STU006784,SCH036,1,Female,2021-10-15,Active
STU006785,SCH042,12,Male,2023-03-09,Active
STU006786,SCH002,12,Male,2018-04-27,Active
STU006787,SCH012,8,Female,2019-02-25,Active
STU006788,SCH027,8,Female,2022-05-20,Active
STU006789,SCH017,12,Female,2018-01-08,Active
STU006790,SCH011,1,Female,2023-11-17,Active
STU006791,SCH045,9,Female,2023-02-15,Active
STU006792,SCH005,0,Non-specified,2021-05-01,Active
STU006793,SCH046,12,Male,2020-12-02,Active
STU006794,SCH028,2,Female,2021-05-24,Active
STU006795,SCH049,11,Female,2018-12-26,Active
STU006796,SCH002,11,Male,2021-06-16,Active
STU006797,SCH039,3,Male,2019-06-04,Active
STU006798,SCH018,5,Female,2020-05-14,Active
STU006799,SCH042,12,Female,2022-02-11,Active
STU006800,SCH037,2,Male,2018-05-12,Active
STU006801,SCH021,5,Male,2018-09-09,Active
STU006802,SCH003,0,Male,2018-05-22,Active
STU006803,SCH023,7,Male,2021-07-31,Active
STU006804,SCH040,6,Male,2021-03-17,Active
STU006805,SCH016,6,Female,2023-09-03,Active
STU006806,SCH002,11,Female,2019-12-07,Active
STU006807,SCH007,2,Female,2021-06-12,Active
STU006808,SCH014,0,Female,2019-04-01,Active
STU006809,SCH024,12,Male,2021-10-11,Active
STU006810,SCH006,1,Female,2020-09-12,Active
STU006811,SCH046,10,Male,2023-01-06,Active
STU006812,SCH008,4,Female,2019-01-05,Active
STU006813,SCH012,9,Non-specified,2021-05-17,Active
STU006814,SCH011,3,Male,2020-09-17,Active
STU006815,SCH042,11,Female,2023-03-17,Active
STU006816,SCH015,6,Male,2019-01-05,Active
STU006817,SCH002,11,Female,2018-06-21,Active
STU006818,SCH001,11,Male,2021-04-08,Active
STU006819,SCH023,8,Male,2022-01-18,Active
STU006820,SCH016,5,Female,2022-04-04,Active
STU006821,SCH012,8,Female,2019-01-07,Active
STU006822,SCH010,6,Female,2020-09-09,Active
STU006823,SCH017,12,Female,2020-06-01,Active
STU006824,SCH014,1,Non-specified,2020-12-22,Active
STU006825,SCH019,1,Male,2023-08-14,Active
STU006826,SCH025,0,Female,2023-02-11,Active
STU006827,SCH005,1,Male,2018-06-24,Active
STU006828,SCH005,5,Male,2018-08-23,Active
STU006829,SCH002,12,Male,2022-02-09,Active
STU006830,SCH026,6,Male,2022-07-14,Active
STU006831,SCH008,3,Male,2019-10-08,Active
STU006832,SCH047,3,Female,2020-02-11,Active
STU006833,SCH009,9,Female,2023-12-21,Active
STU006834,SCH020,6,Female,2022-11-12,Active
STU006835,SCH014,2,Female,2020-10-07,Active
STU006836,SCH002,12,Non-specified,2018-09-01,Active
STU006837,SCH027,10,Female,2018-08-23,Active
STU006838,SCH047,5,Male,2021-02-11,Active
STU006839,SCH011,4,Male,2023-12-30,Active
STU006840,SCH028,4,Male,2019-06-16,Active
STU006841,SCH024,11,Female,2021-12-16,Active
STU006842,SCH025,2,Female,2018-10-04,Active
STU006843,SCH049,11,Female,2018-05-08,Active
STU006844,SCH019,3,Male,2020-01-11,Active
STU006845,SCH020,3,Female,2022-06-24,Active
STU006846,SCH014,4,Male,2021-02-07,Active
STU006847,SCH001,11,Male,2019-11-10,Active
STU006848,SCH022,11,Female,2022-01-31,Active
STU006849,SCH044,8,Male,2020-06-12,Active
STU006850,SCH008,0,Female,2019-12-11,Active
STU006851,SCH015,5,Male,2023-11-11,Active
STU006852,SCH013,3,Male,2023-10-31,Active
STU006853,SCH009,8,Female,2022-05-20,Active
STU006854,SCH031,12,Female,2020-03-23,Active
STU006855,SCH046,10,Female,2021-01-03,Active
STU006856,SCH015,4,Male,2022-05-14,Active
STU006857,SCH018,1,Female,2020-01-28,Active
STU006858,SCH032,8,Female,2023-09-05,Active
STU006859,SCH022,12,Female,2020-10-29,Active
STU006860,SCH028,6,Male,2019-03-13,Active
STU006861,SCH043,8,Female,2023-02-06,Active
STU006862,SCH024,12,Male,2022-03-08,Active
STU006863,SCH043,10,Male,2018-02-06,Active
STU006864,SCH034,11,Female,2023-11-05,Active
STU006865,SCH005,3,Female,2020-09-19,Active
STU006866,SCH035,9,Male,2023-02-05,Active
STU006867,SCH043,9,Male,2020-11-18,Active
STU006868,SCH019,5,Female,2020-09-13,Active
STU006869,SCH024,11,Male,2021-04-21,Active
STU006870,SCH050,7,Male,2020-05-18,Active
STU006871,SCH016,3,Female,2023-07-24,Active
STU006872,SCH034,12,Male,2023-04-27,Active
STU006873,SCH033,1,Female,2018-12-30,Active
STU006874,SCH009,7,Female,2021-06-03,Active
STU006875,SCH004,1,Male,2019-04-25,Active
STU006876,SCH019,6,Male,2019-12-13,Active
STU006877,SCH042,12,Male,2022-12-30,Active
STU006878,SCH030,3,Non-specified,2021-08-26,Active
STU006879,SCH027,10,Female,2023-10-05,Active
STU006880,SCH036,5,Female,2021-09-10,Active
STU006881,SCH020,2,Female,2019-11-04,Active
STU006882,SCH006,4,Female,2022-10-12,Active
STU006883,SCH001,12,Male,2020-11-17,Active
STU006884,SCH022,11,Male,2023-08-05,Active
STU006885,SCH002,12,Female,2022-02-18,Active
STU006886,SCH042,11,Female,2023-01-15,Active
STU006887,SCH006,2,Female,2022-07-07,Active
STU006888,SCH004,3,Female,2020-06-08,Active
STU006889,SCH009,10,Female,2022-03-27,Active
STU006890,SCH029,9,Female,2018-04-01,Active
STU006891,SCH046,10,Male,2021-05-16,Active
STU006892,SCH028,1,Female,2023-07-08,Active
STU006893,SCH023,8,Male,2018-03-29,Active
STU006894,SCH036,5,Male,2022-09-25,Active
STU006895,SCH028,5,Male,2020-06-02,Active
STU006896,SCH014,3,Male,2019-01-27,Active
STU006897,SCH030,5,Male,2023-11-24,Active
STU006898,SCH016,3,Female,2022-09-27,Active
STU006899,SCH044,8,Female,2021-04-08,Active
STU006900,SCH048,4,Female,2020-10-20,Active
STU006901,SCH048,2,Male,2018-02-21,Active
STU006902,SCH031,8,Male,2020-07-22,Active
STU006903,SCH030,2,Female,2019-01-17,Active
STU006904,SCH025,1,Female,2021-11-30,Active
STU006905,SCH031,6,Female,2020-03-18,Active
STU006906,SCH025,6,Male,2018-10-16,Active
STU006907,SCH043,9,Male,2022-04-20,Active
STU006908,SCH046,11,Female,2018-06-17,Active
STU006909,SCH017,11,Male,2020-10-13,Active
STU006910,SCH046,8,Female,2019-08-23,Active
STU006911,SCH036,5,Male,2019-02-05,Active
STU006912,SCH039,4,Female,2023-12-21,Active
STU006913,SCH041,4,Female,2021-02-27,Active
STU006914,SCH016,5,Male,2020-02-26,Active
STU006915,SCH040,3,Female,2022-06-29,Active
STU006916,SCH030,5,Female,2024-01-01,Active
STU006917,SCH019,2,Male,2019-04-11,Active
STU006918,SCH033,5,Female,2020-02-19,Active
STU006919,SCH035,7,Female,2023-07-03,Active
STU006920,SCH045,10,Female,2020-04-30,Active
STU006921,SCH050,9,Female,2020-08-24,Active
STU006922,SCH008,3,Male,2021-11-10,Active
STU006923,SCH039,4,Female,2020-06-17,Active
STU006924,SCH028,2,Male,2018-04-01,Active
STU006925,SCH001,12,Female,2018-06-01,Active
STU006926,SCH050,9,Male,2023-07-27,Active
STU006927,SCH033,6,Female,2020-12-02,Active
STU006928,SCH005,3,Female,2020-06-10,Active
STU006929,SCH012,10,Male,2018-05-15,Active
STU006930,SCH022,12,Female,2023-09-23,Active
STU006931,SCH013,2,Male,2023-12-03,Active
STU006932,SCH025,6,Male,2020-11-08,Active
STU006933,SCH019,6,Female,2020-01-26,Active
STU006934,SCH024,12,Male,2021-02-08,Active
STU006935,SCH015,0,Female,2018-02-03,Active
STU006936,SCH015,0,Female,2019-11-30,Active
STU006937,SCH028,1,Male,2019-10-08,Active
STU006938,SCH022,11,Female,2018-03-14,Active
STU006939,SCH015,3,Male,2023-05-11,Active
STU006940,SCH013,0,Male,2023-11-14,Active
STU006941,SCH037,6,Male,2023-02-25,Active
STU006942,SCH013,0,Female,2018-11-05,Active
STU006943,SCH009,8,Male,2018-04-19,Active
STU006944,SCH003,6,Female,2022-03-07,Active
STU006945,SCH009,7,Male,2021-08-25,Active
STU006946,SCH034,12,Female,2019-02-19,Active
STU006947,SCH010,4,Female,2021-06-17,Active
STU006948,SCH032,10,Male,2020-05-07,Active
STU006949,SCH010,9,Male,2022-12-13,Active
STU006950,SCH004,6,Male,2019-06-17,Active
STU006951,SCH009,7,Female,2019-07-18,Active
STU006952,SCH004,3,Male,2021-09-13,Active
STU006953,SCH028,5,Male,2021-09-28,Active
STU006954,SCH023,7,Male,2018-06-21,Active
STU006955,SCH046,11,Female,2020-11-14,Active
STU006956,SCH040,1,Female,2021-07-10,Active
STU006957,SCH038,2,Female,2022-08-15,Active
STU006958,SCH032,7,Male,2021-07-24,Active
STU006959,SCH030,3,Male,2018-04-22,Active
STU006960,SCH029,10,Male,2019-11-07,Active
STU006961,SCH008,4,Male,2022-09-09,Active
STU006962,SCH037,6,Male,2020-10-05,Active
STU006963,SCH013,4,Female,2019-02-04,Active
STU006964,SCH005,2,Female,2019-06-03,Active
STU006965,SCH037,0,Female,2021-10-12,Active
STU006966,SCH029,8,Female,2022-05-12,Active
STU006967,SCH024,11,Male,2021-02-18,Active
STU006968,SCH036,5,Male,2023-04-06,Active
STU006969,SCH042,12,Female,2018-10-31,Active
STU006970,SCH007,4,Female,2020-11-17,Active
STU006971,SCH011,6,Female,2019-10-23,Active
STU006972,SCH048,4,Male,2021-10-04,Active
STU006973,SCH040,2,Male,2022-04-25,Active
STU006974,SCH044,10,Male,2022-12-06,Active
STU006975,SCH029,8,Female,2022-12-23,Active
STU006976,SCH048,1,Female,2023-04-25,Active
STU006977,SCH008,4,Female,2020-11-22,Active
STU006978,SCH048,1,Female,2021-03-23,Active
STU006979,SCH014,3,Male,2023-12-09,Active
STU006980,SCH048,6,Female,2023-10-25,Active
STU006981,SCH021,2,Male,2018-03-13,Active
STU006982,SCH029,10,Female,2023-03-13,Active
STU006983,SCH018,4,Male,2022-04-05,Active
STU006984,SCH033,2,Male,2022-09-24,Active
STU006985,SCH033,5,Male,2020-07-05,Active
STU006986,SCH013,5,Male,2018-05-28,Active
STU006987,SCH026,1,Male,2019-01-15,Active
STU006988,SCH024,11,Male,2021-11-25,Active
STU006989,SCH025,3,Female,2019-10-18,Active
STU006990,SCH012,7,Female,2022-06-29,Active
STU006991,SCH042,11,Female,2018-06-08,Active
STU006992,SCH002,11,Male,2022-04-21,Active
STU006993,SCH008,3,Male,2021-07-07,Active
STU006994,SCH047,6,Female,2021-02-27,Active
STU006995,SCH025,5,Female,2019-01-15,Active
STU006996,SCH024,12,Female,2018-02-18,Active
STU006997,SCH018,6,Female,2020-11-02,Active
STU006998,SCH020,5,Male,2022-07-05,Active
STU006999,SCH018,3,Female,2018-07-21,Active
STU007000,SCH033,6,Female,2020-07-25,Active
STU007001,SCH046,1,Female,2021-08-18,Active
STU007002,SCH005,1,Male,2020-05-21,Active
STU007003,SCH017,11,Male,2019-09-23,Active
STU007004,SCH012,9,Female,2022-08-12,Active
STU007005,SCH048,5,Male,2021-06-13,Active
STU007006,SCH027,10,Male,2022-01-10,Active
STU007007,SCH004,2,Male,2023-08-14,Active
STU007008,SCH015,5,Female,2020-01-23,Active
STU007009,SCH001,12,Male,2022-03-14,Active
STU007010,SCH008,4,Male,2021-08-03,Active
STU007011,SCH021,9,Female,2021-11-14,Active
STU007012,SCH032,9,Male,2023-10-12,Active
STU007013,SCH010,11,Male,2018-11-17,Active
STU007014,SCH042,11,Female,2019-01-24,Active
STU007015,SCH021,5,Female,2021-02-03,Active
STU007016,SCH038,4,Female,2023-11-27,Active
STU007017,SCH032,10,Male,2021-08-17,Active
STU007018,SCH040,1,Male,2018-06-14,Active
STU007019,SCH011,3,Female,2018-03-19,Active
STU007020,SCH016,5,Female,2021-07-29,Active
STU007021,SCH014,4,Female,2020-02-29,Active
STU007022,SCH032,7,Female,2018-03-13,Active
STU007023,SCH047,4,Male,2018-07-19,Active
STU007024,SCH023,7,Female,2022-01-03,Active
STU007025,SCH027,10,Male,2018-02-21,Active
STU007026,SCH032,7,Female,2018-05-10,Active
STU007027,SCH047,1,Male,2020-07-12,Active
STU007028,SCH034,11,Female,2019-09-25,Active
STU007029,SCH037,0,Male,2022-12-08,Active
STU007030,SCH020,0,Male,2020-11-17,Active
STU007031,SCH034,11,Female,2018-10-27,Active
STU007032,SCH018,2,Male,2023-03-26,Active
STU007033,SCH020,2,Female,2019-11-03,Active
STU007034,SCH042,11,Female,2023-08-29,Active
STU007035,SCH005,3,Female,2022-01-14,Active
STU007036,SCH009,8,Male,2022-04-25,Active
STU007037,SCH004,2,Female,2021-10-15,Active
STU007038,SCH013,3,Male,2022-08-03,Active
STU007039,SCH034,12,Male,2020-09-28,Active
STU007040,SCH019,2,Female,2023-01-14,Active
STU007041,SCH025,3,Male,2021-03-21,Active
STU007042,SCH037,6,Female,2023-04-23,Active
STU007043,SCH025,0,Male,2023-04-28,Active
STU007044,SCH027,8,Female,2020-02-24,Active
STU007045,SCH020,0,Male,2020-02-09,Active
STU007046,SCH035,8,Male,2023-11-07,Active
STU007047,SCH041,5,Female,2019-07-16,Active
STU007048,SCH043,10,Non-specified,2019-10-27,Active
STU007049,SCH037,6,Male,2018-10-15,Active
STU007050,SCH027,8,Female,2023-12-08,Active
STU007051,SCH017,11,Male,2022-05-31,Active
STU007052,SCH003,3,Female,2019-10-27,Active
STU007053,SCH011,1,Female,2023-11-24,Active
STU007054,SCH044,7,Female,2019-04-20,Active
STU007055,SCH007,0,Female,2018-01-06,Active
STU007056,SCH002,11,Female,2019-08-11,Active
STU007057,SCH004,5,Female,2023-10-10,Active
STU007058,SCH029,10,Female,2023-10-10,Active
STU007059,SCH032,7,Male,2023-05-29,Active
STU007060,SCH026,0,Female,2020-11-29,Active
STU007061,SCH045,7,Female,2023-12-31,Active
STU007062,SCH045,9,Female,2020-03-08,Active
STU007063,SCH034,11,Male,2018-04-20,Active
STU007064,SCH032,8,Male,2022-10-20,Active
STU007065,SCH026,6,Female,2019-06-30,Active
STU007066,SCH049,12,Male,2021-01-16,Active
STU007067,SCH004,3,Male,2021-08-29,Active
STU007068,SCH017,12,Male,2020-06-09,Active
STU007069,SCH034,11,Male,2023-03-19,Active
STU007070,SCH007,5,Female,2018-03-28,Active
STU007071,SCH028,4,Female,2021-07-25,Active
STU007072,SCH039,3,Male,2018-06-12,Active
STU007073,SCH028,4,Female,2022-02-01,Active
STU007074,SCH046,2,Male,2023-08-26,Active
STU007075,SCH033,1,Male,2021-01-26,Active
STU007076,SCH042,11,Female,2018-05-16,Active
STU007077,SCH018,5,Non-specified,2021-04-17,Active
STU007078,SCH050,8,Male,2020-07-18,Active
STU007079,SCH039,3,Male,2023-07-25,Active
STU007080,SCH013,1,Male,2019-12-16,Active
STU007081,SCH010,9,Male,2021-06-14,Active
STU007082,SCH045,9,Male,2019-08-10,Active
STU007083,SCH047,0,Female,2020-04-05,Active
STU007084,SCH030,4,Male,2018-03-17,Active
STU007085,SCH034,12,Male,2018-05-04,Active
STU007086,SCH026,6,Female,2018-01-22,Active
STU007087,SCH024,12,Female,2022-05-10,Active
STU007088,SCH024,12,Male,2021-04-04,Active
STU007089,SCH009,8,Female,2018-01-21,Active
STU007090,SCH050,9,Male,2020-08-27,Active
STU007091,SCH023,8,Female,2021-02-14,Active
STU007092,SCH044,7,Male,2022-09-03,Active
STU007093,SCH031,9,Female,2023-11-23,Active
STU007094,SCH044,8,Female,2020-06-25,Active
STU007095,SCH047,0,Male,2021-07-16,Active
STU007096,SCH002,12,Female,2023-04-11,Active
STU007097,SCH024,12,Male,2019-05-15,Active
STU007098,SCH021,1,Female,2022-07-21,Active
STU007099,SCH006,1,Female,2022-11-17,Active
STU007100,SCH017,11,Male,2021-08-05,Active
STU007101,SCH046,1,Female,2022-05-19,Active
STU007102,SCH010,11,Female,2020-10-11,Active
STU007103,SCH002,12,Male,2022-06-13,Active
STU007104,SCH047,0,Male,2019-01-20,Active
STU007105,SCH019,4,Female,2018-10-12,Active
STU007106,SCH003,4,Female,2020-11-29,Active
STU007107,SCH005,0,Male,2020-01-27,Active
STU007108,SCH049,11,Female,2023-09-01,Active
STU007109,SCH021,2,Female,2022-07-29,Active
STU007110,SCH030,0,Female,2019-11-19,Active
STU007111,SCH003,0,Male,2022-04-01,Active
STU007112,SCH043,7,Male,2021-01-02,Active
STU007113,SCH039,1,Female,2022-08-26,Active
STU007114,SCH010,4,Female,2021-03-23,Active
STU007115,SCH020,0,Male,2018-01-10,Active
STU007116,SCH046,3,Female,2023-06-15,Active
STU007117,SCH024,12,Female,2023-01-04,Active
STU007118,SCH022,12,Female,2020-01-03,Active
STU007119,SCH036,4,Female,2023-05-20,Active
STU007120,SCH048,1,Female,2023-11-21,Active
STU007121,SCH021,2,Female,2022-01-03,Active
STU007122,SCH008,4,Female,2023-04-23,Active
STU007123,SCH042,12,Male,2020-03-31,Active
STU007124,SCH046,0,Female,2020-04-21,Active
STU007125,SCH044,10,Male,2022-06-09,Active
STU007126,SCH027,7,Female,2022-06-22,Active
STU007127,SCH044,10,Male,2020-05-07,Active
STU007128,SCH045,9,Female,2023-08-23,Active
STU007129,SCH013,3,Female,2019-06-14,Active
STU007130,SCH047,0,Male,2023-06-13,Active
STU007131,SCH021,3,Male,2020-06-21,Active
STU007132,SCH033,5,Male,2023-01-07,Active
STU007133,SCH021,5,Female,2022-12-14,Active
STU007134,SCH022,12,Female,2022-10-23,Active
STU007135,SCH030,4,Male,2022-05-11,Active
STU007136,SCH018,0,Female,2022-01-28,Active
STU007137,SCH027,8,Female,2020-09-09,Active
STU007138,SCH042,12,Male,2021-01-19,Active
STU007139,SCH030,1,Female,2022-10-18,Active
STU007140,SCH025,6,Female,2019-07-27,Active
STU007141,SCH045,10,Male,2020-07-04,Active
STU007142,SCH039,5,Male,2020-10-09,Active
STU007143,SCH010,10,Female,2020-01-06,Active
STU007144,SCH048,6,Male,2019-05-14,Active
STU007145,SCH048,2,Female,2022-02-04,Active
STU007146,SCH031,10,Male,2020-01-26,Active
STU007147,SCH001,12,Male,2022-04-02,Active
STU007148,SCH050,10,Male,2020-12-20,Active
STU007149,SCH034,12,Female,2021-05-06,Active
STU007150,SCH021,8,Male,2021-11-24,Active
STU007151,SCH004,6,Female,2019-01-18,Active
STU007152,SCH023,7,Male,2022-04-17,Active
STU007153,SCH043,10,Male,2023-11-18,Active
STU007154,SCH021,11,Female,2018-05-28,Active
STU007155,SCH039,3,Female,2019-01-31,Active
STU007156,SCH022,11,Male,2022-09-14,Active
STU007157,SCH005,4,Male,2022-08-10,Active
STU007158,SCH011,1,Female,2023-05-26,Active
STU007159,SCH020,5,Non-specified,2019-10-09,Active
STU007160,SCH024,11,Male,2021-09-03,Active
STU007161,SCH049,11,Male,2018-02-11,Active
STU007162,SCH035,8,Female,2021-04-30,Active
STU007163,SCH020,3,Female,2019-09-25,Active
STU007164,SCH021,4,Female,2021-05-06,Active
STU007165,SCH021,8,Male,2020-10-05,Active
STU007166,SCH007,3,Male,2020-11-07,Active
STU007167,SCH022,11,Non-specified,2023-04-15,Active
STU007168,SCH023,8,Male,2023-12-03,Active
STU007169,SCH050,10,Female,2021-09-12,Active
STU007170,SCH021,8,Male,2023-01-17,Active
STU007171,SCH007,4,Female,2018-01-06,Active
STU007172,SCH031,4,Male,2018-03-09,Active
STU007173,SCH042,11,Female,2021-12-04,Active
STU007174,SCH047,2,Male,2023-04-15,Active
STU007175,SCH038,1,Male,2023-10-12,Active
STU007176,SCH044,8,Male,2022-01-04,Active
STU007177,SCH046,10,Male,2019-02-02,Active
STU007178,SCH040,0,Male,2022-01-18,Active
STU007179,SCH010,12,Female,2021-04-16,Active
STU007180,SCH036,3,Male,2020-05-11,Active
STU007181,SCH010,2,Male,2022-06-20,Active
STU007182,SCH022,11,Female,2019-08-12,Active
STU007183,SCH007,3,Female,2023-09-08,Active
STU007184,SCH025,6,Male,2020-06-11,Active
STU007185,SCH038,3,Male,2018-03-04,Active
STU007186,SCH002,11,Male,2023-12-05,Active
STU007187,SCH049,12,Male,2019-11-18,Active
STU007188,SCH041,4,Female,2023-12-30,Active
STU007189,SCH012,10,Female,2019-01-20,Active
STU007190,SCH035,7,Female,2020-08-08,Active
STU007191,SCH013,4,Female,2018-02-25,Active
STU007192,SCH031,2,Female,2018-08-14,Active
STU007193,SCH011,3,Male,2022-05-29,Active
STU007194,SCH025,2,Male,2019-04-11,Active
STU007195,SCH037,2,Male,2018-11-30,Active
STU007196,SCH002,12,Female,2019-11-07,Active
STU007197,SCH047,6,Male,2021-03-14,Active
STU007198,SCH035,10,Female,2021-04-08,Active
STU007199,SCH034,11,Male,2022-02-13,Active
STU007200,SCH010,7,Male,2019-06-10,Active
STU007201,SCH002,12,Female,2021-06-09,Active
STU007202,SCH010,5,Female,2018-10-04,Active
STU007203,SCH028,4,Female,2018-11-25,Active
STU007204,SCH018,3,Female,2018-05-10,Active
STU007205,SCH008,6,Male,2021-01-19,Active
STU007206,SCH025,3,Female,2020-06-21,Active
STU007207,SCH032,10,Male,2023-10-13,Active
STU007208,SCH041,0,Male,2018-02-13,Active
STU007209,SCH006,0,Female,2023-08-02,Active
STU007210,SCH003,3,Female,2020-01-31,Active
STU007211,SCH021,4,Male,2019-05-28,Active
STU007212,SCH027,7,Male,2018-09-07,Active
STU007213,SCH025,1,Female,2021-05-21,Active
STU007214,SCH010,10,Female,2023-10-27,Active
STU007215,SCH041,4,Male,2020-03-12,Active
STU007216,SCH009,10,Male,2023-05-02,Active
STU007217,SCH001,11,Male,2023-08-30,Active
STU007218,SCH037,5,Female,2020-09-11,Active
STU007219,SCH029,10,Female,2023-06-11,Active
STU007220,SCH032,7,Female,2023-09-23,Active
STU007221,SCH010,0,Female,2021-07-09,Active
STU007222,SCH027,9,Male,2023-08-21,Active
STU007223,SCH010,6,Female,2022-10-09,Active
STU007224,SCH049,11,Male,2020-05-25,Active
STU007225,SCH046,6,Female,2023-11-21,Active
STU007226,SCH009,8,Male,2020-08-13,Active
STU007227,SCH006,2,Female,2020-09-03,Active
STU007228,SCH043,7,Female,2019-12-17,Active
STU007229,SCH019,5,Male,2019-08-13,Active
STU007230,SCH002,12,Female,2021-09-02,Active
STU007231,SCH033,0,Male,2020-03-25,Active
STU007232,SCH008,3,Female,2019-01-17,Active
STU007233,SCH040,6,Male,2018-03-13,Active
STU007234,SCH042,12,Male,2020-10-28,Active
STU007235,SCH045,8,Male,2022-06-15,Active
STU007236,SCH024,11,Male,2023-10-24,Active
STU007237,SCH026,0,Male,2023-10-18,Active
STU007238,SCH011,5,Female,2019-12-16,Active
STU007239,SCH022,12,Male,2020-07-25,Active
STU007240,SCH015,0,Female,2019-08-26,Active
STU007241,SCH046,1,Female,2018-11-09,Active
STU007242,SCH042,11,Male,2018-11-09,Active
STU007243,SCH036,3,Male,2022-12-06,Active
STU007244,SCH018,4,Male,2018-02-02,Active
STU007245,SCH019,0,Male,2023-10-15,Active
STU007246,SCH031,0,Female,2023-12-30,Active
STU007247,SCH037,1,Male,2022-05-22,Active
STU007248,SCH006,2,Female,2021-02-11,Active
STU007249,SCH017,12,Male,2023-04-03,Active
STU007250,SCH003,5,Female,2021-04-18,Active
STU007251,SCH002,11,Female,2023-02-28,Active
STU007252,SCH027,10,Female,2020-12-08,Active
STU007253,SCH020,0,Female,2022-06-30,Active
STU007254,SCH018,6,Male,2023-06-06,Active
STU007255,SCH048,0,Male,2021-10-28,Active
STU007256,SCH015,1,Female,2019-11-08,Active
STU007257,SCH033,5,Female,2021-10-10,Active
STU007258,SCH023,7,Female,2020-01-05,Active
STU007259,SCH041,0,Male,2020-12-22,Active
STU007260,SCH028,2,Female,2020-12-28,Active
STU007261,SCH024,11,Female,2018-10-28,Active
STU007262,SCH012,8,Male,2019-11-29,Active
STU007263,SCH028,0,Female,2019-09-20,Active
STU007264,SCH029,8,Male,2020-10-05,Active
STU007265,SCH005,4,Female,2018-05-24,Active
STU007266,SCH045,8,Male,2023-09-28,Active
STU007267,SCH031,4,Male,2021-06-26,Active
STU007268,SCH004,3,Female,2018-08-06,Active
STU007269,SCH042,12,Female,2021-01-21,Active
STU007270,SCH030,5,Male,2021-01-28,Active
STU007271,SCH049,12,Female,2021-12-28,Active
STU007272,SCH017,12,Female,2022-01-22,Active
STU007273,SCH036,0,Male,2021-05-30,Active
STU007274,SCH046,6,Male,2021-11-15,Active
STU007275,SCH038,6,Male,2019-04-08,Active
STU007276,SCH029,7,Female,2018-03-10,Active
STU007277,SCH030,1,Female,2019-08-26,Active
STU007278,SCH046,0,Female,2023-04-29,Active
STU007279,SCH022,11,Male,2019-12-01,Active
STU007280,SCH011,4,Male,2023-01-04,Active
STU007281,SCH047,2,Female,2021-12-18,Active
STU007282,SCH008,2,Female,2022-01-29,Active
STU007283,SCH026,5,Male,2021-05-27,Active
STU007284,SCH007,5,Female,2018-10-21,Active
STU007285,SCH004,2,Female,2019-11-28,Active
STU007286,SCH002,11,Male,2021-02-18,Active
STU007287,SCH007,5,Male,2023-03-18,Active
STU007288,SCH014,0,Female,2018-04-14,Active
STU007289,SCH023,9,Male,2020-10-18,Active
STU007290,SCH017,11,Male,2021-04-12,Active
STU007291,SCH018,2,Male,2020-03-06,Active
STU007292,SCH009,8,Female,2019-02-14,Active
STU007293,SCH049,11,Male,2021-12-29,Active
STU007294,SCH011,2,Male,2022-12-12,Active
STU007295,SCH028,3,Male,2020-05-06,Active
STU007296,SCH017,12,Female,2022-08-23,Active
STU007297,SCH044,10,Male,2023-09-20,Active
STU007298,SCH010,10,Female,2021-08-27,Active
STU007299,SCH049,11,Non-specified,2018-12-30,Active
STU007300,SCH044,8,Male,2019-11-13,Active
STU007301,SCH040,6,Male,2020-03-27,Active
STU007302,SCH006,5,Female,2021-03-13,Active
STU007303,SCH024,12,Male,2019-07-01,Active
STU007304,SCH032,10,Female,2019-02-17,Active
STU007305,SCH011,2,Male,2022-05-04,Active
STU007306,SCH011,5,Female,2022-04-06,Active
STU007307,SCH023,9,Male,2020-09-21,Active
STU007308,SCH045,9,Male,2023-05-11,Active
STU007309,SCH042,12,Male,2022-01-16,Active
STU007310,SCH045,9,Female,2023-10-19,Active
STU007311,SCH047,1,Male,2021-05-13,Active
STU007312,SCH032,8,Female,2018-05-07,Active
STU007313,SCH005,0,Male,2019-07-22,Active
STU007314,SCH024,12,Female,2022-12-10,Active
STU007315,SCH042,12,Male,2021-07-30,Active
STU007316,SCH022,12,Female,2019-06-24,Active
STU007317,SCH049,12,Male,2022-09-19,Active
STU007318,SCH017,12,Male,2018-07-07,Active
STU007319,SCH036,6,Male,2021-11-13,Active
STU007320,SCH049,11,Male,2021-02-05,Active
STU007321,SCH047,3,Male,2021-04-25,Active
STU007322,SCH039,3,Female,2021-03-07,Active
STU007323,SCH025,5,Female,2021-09-28,Active
STU007324,SCH012,8,Male,2020-02-03,Active
STU007325,SCH046,3,Male,2019-06-22,Active
STU007326,SCH033,1,Female,2021-05-20,Active
STU007327,SCH011,3,Male,2018-03-25,Active
STU007328,SCH003,4,Female,2019-09-25,Active
STU007329,SCH042,12,Female,2021-11-25,Active
STU007330,SCH042,12,Female,2022-06-25,Active
STU007331,SCH048,4,Male,2019-05-28,Active
STU007332,SCH028,3,Male,2020-05-26,Active
STU007333,SCH002,11,Female,2021-07-04,Active
STU007334,SCH010,1,Male,2022-01-28,Active
STU007335,SCH014,1,Female,2021-05-29,Active
STU007336,SCH048,6,Female,2021-11-30,Active
STU007337,SCH041,6,Male,2018-06-04,Active
STU007338,SCH020,4,Female,2023-02-10,Active
STU007339,SCH047,6,Female,2021-09-24,Active
STU007340,SCH018,2,Male,2019-03-05,Active
STU007341,SCH038,4,Female,2019-03-07,Active
STU007342,SCH039,0,Male,2019-10-26,Active
STU007343,SCH028,5,Male,2019-02-17,Active
STU007344,SCH027,8,Female,2021-05-03,Active
STU007345,SCH045,9,Female,2019-12-21,Active
STU007346,SCH042,12,Male,2023-07-17,Active
STU007347,SCH013,3,Female,2023-02-12,Active
STU007348,SCH004,0,Female,2019-08-19,Active
STU007349,SCH011,4,Male,2018-03-31,Active
STU007350,SCH001,12,Female,2023-11-29,Active
STU007351,SCH041,6,Female,2020-08-26,Active
STU007352,SCH028,4,Male,2023-07-01,Active
STU007353,SCH020,0,Female,2020-04-14,Active
STU007354,SCH036,0,Female,2018-08-20,Active
STU007355,SCH021,4,Female,2020-06-11,Active
STU007356,SCH012,7,Male,2020-02-09,Active
STU007357,SCH031,6,Female,2022-02-21,Active
STU007358,SCH038,0,Male,2023-08-17,Active
STU007359,SCH026,2,Male,2021-08-30,Active
STU007360,SCH017,12,Female,2021-05-18,Active
STU007361,SCH043,8,Male,2023-05-19,Active
STU007362,SCH010,0,Female,2018-07-06,Active
STU007363,SCH049,11,Female,2021-07-08,Active
STU007364,SCH032,10,Female,2019-07-04,Active
STU007365,SCH027,8,Male,2023-10-13,Active
STU007366,SCH003,4,Female,2018-10-23,Active
STU007367,SCH007,5,Female,2022-10-31,Active
STU007368,SCH014,4,Male,2022-01-15,Active
STU007369,SCH006,6,Female,2022-01-27,Active
STU007370,SCH004,6,Male,2022-09-02,Active
STU007371,SCH001,11,Male,2023-11-26,Active
STU007372,SCH049,12,Female,2021-05-08,Active
STU007373,SCH017,12,Male,2022-10-08,Active
STU007374,SCH011,3,Male,2023-10-08,Active
STU007375,SCH049,12,Male,2022-07-10,Active
STU007376,SCH029,7,Male,2023-05-15,Active
STU007377,SCH004,5,Male,2023-07-10,Active
STU007378,SCH006,3,Male,2023-02-09,Active
STU007379,SCH021,6,Male,2020-12-21,Active
STU007380,SCH004,6,Female,2019-01-28,Active
STU007381,SCH046,0,Female,2022-02-26,Active
STU007382,SCH024,12,Male,2018-04-06,Active
STU007383,SCH017,12,Male,2021-10-07,Active
STU007384,SCH041,0,Female,2018-04-13,Active
STU007385,SCH019,4,Female,2018-04-04,Active
STU007386,SCH020,1,Female,2022-11-19,Active
STU007387,SCH029,9,Female,2021-05-24,Active
STU007388,SCH035,9,Male,2022-01-15,Active
STU007389,SCH022,11,Male,2022-10-28,Active
STU007390,SCH039,6,Female,2018-07-19,Active
STU007391,SCH022,12,Male,2018-06-23,Active
STU007392,SCH016,2,Male,2020-04-25,Active
STU007393,SCH048,1,Female,2021-04-17,Active
STU007394,SCH037,0,Male,2020-10-28,Active
STU007395,SCH033,2,Male,2021-04-19,Active
STU007396,SCH015,2,Male,2021-04-17,Active
STU007397,SCH011,6,Male,2019-06-17,Active
STU007398,SCH012,9,Male,2019-02-15,Active
STU007399,SCH043,8,Female,2018-08-21,Active
STU007400,SCH038,1,Female,2023-01-31,Active
STU007401,SCH046,9,Female,2021-11-17,Active
STU007402,SCH013,1,Female,2023-08-06,Active
STU007403,SCH036,3,Female,2018-03-03,Active
STU007404,SCH011,2,Non-specified,2022-06-18,Active
STU007405,SCH050,8,Female,2019-03-24,Active
STU007406,SCH006,0,Female,2020-05-04,Active
STU007407,SCH010,7,Male,2019-01-02,Active
STU007408,SCH014,0,Female,2023-09-19,Active
STU007409,SCH041,2,Female,2018-05-13,Active
STU007410,SCH028,0,Female,2020-01-30,Active
STU007411,SCH021,8,Female,2019-01-01,Active
STU007412,SCH038,1,Male,2020-06-18,Active
STU007413,SCH018,6,Male,2023-11-04,Active
STU007414,SCH043,7,Female,2018-11-18,Active
STU007415,SCH046,8,Male,2021-01-15,Active
STU007416,SCH023,9,Female,2023-09-22,Active
STU007417,SCH027,10,Male,2021-03-19,Active
STU007418,SCH036,6,Female,2019-04-12,Active
STU007419,SCH028,4,Female,2019-11-09,Active
STU007420,SCH016,5,Female,2019-09-27,Active
STU007421,SCH014,5,Male,2020-04-16,Active
STU007422,SCH039,0,Female,2019-01-28,Active
STU007423,SCH039,3,Female,2022-08-07,Active
STU007424,SCH048,1,Male,2019-12-18,Active
STU007425,SCH046,2,Male,2019-01-20,Active
STU007426,SCH015,2,Non-specified,2023-06-02,Active
STU007427,SCH009,8,Female,2018-10-06,Active
STU007428,SCH040,4,Male,2020-11-26,Active
STU007429,SCH014,6,Male,2018-04-18,Active
STU007430,SCH018,4,Male,2021-10-05,Active
STU007431,SCH018,1,Male,2020-12-17,Active
STU007432,SCH033,1,Male,2022-03-25,Active
STU007433,SCH048,1,Male,2019-03-15,Active
STU007434,SCH047,4,Female,2020-03-30,Active
STU007435,SCH002,11,Female,2018-05-08,Active
STU007436,SCH036,5,Female,2023-07-29,Active
STU007437,SCH023,10,Female,2022-11-11,Active
STU007438,SCH034,11,Female,2020-08-11,Active
STU007439,SCH018,1,Female,2023-09-08,Active
STU007440,SCH007,1,Female,2019-01-30,Active
STU007441,SCH011,2,Male,2018-06-29,Active
STU007442,SCH002,12,Female,2021-08-18,Active
STU007443,SCH050,8,Male,2019-01-03,Active
STU007444,SCH031,4,Male,2020-05-09,Active
STU007445,SCH041,2,Male,2018-05-08,Active
STU007446,SCH033,4,Male,2021-09-09,Active
STU007447,SCH018,2,Male,2022-09-26,Active
STU007448,SCH030,0,Female,2022-09-13,Active
STU007449,SCH046,1,Female,2021-07-01,Active
STU007450,SCH025,6,Female,2022-09-21,Active
STU007451,SCH031,3,Male,2020-07-20,Active
STU007452,SCH034,11,Male,2021-09-17,Active
STU007453,SCH003,2,Male,2022-02-05,Active
STU007454,SCH042,11,Female,2023-11-17,Active
STU007455,SCH040,5,Male,2021-02-14,Active
STU007456,SCH043,10,Male,2018-03-09,Active
STU007457,SCH014,4,Male,2022-10-13,Active
STU007458,SCH037,6,Male,2022-02-02,Active
STU007459,SCH044,8,Male,2022-09-18,Active
STU007460,SCH045,9,Male,2020-10-07,Active
STU007461,SCH010,12,Male,2022-04-10,Active
STU007462,SCH012,8,Female,2021-04-08,Active
STU007463,SCH029,9,Female,2018-02-25,Active
STU007464,SCH045,8,Female,2021-01-25,Active
STU007465,SCH026,6,Female,2019-02-20,Active
STU007466,SCH042,11,Male,2019-02-08,Active
STU007467,SCH006,4,Female,2019-08-17,Active
STU007468,SCH002,11,Female,2019-05-17,Active
STU007469,SCH037,5,Male,2021-12-07,Active
STU007470,SCH005,3,Female,2019-09-02,Active
STU007471,SCH006,1,Female,2021-06-04,Active
STU007472,SCH033,1,Male,2023-11-19,Active
STU007473,SCH014,2,Male,2019-03-13,Active
STU007474,SCH014,5,Female,2023-03-31,Active
STU007475,SCH041,2,Male,2020-06-15,Active
STU007476,SCH011,2,Female,2020-06-06,Active
STU007477,SCH029,9,Male,2018-11-23,Active
STU007478,SCH016,5,Male,2022-04-20,Active
STU007479,SCH042,12,Male,2022-12-28,Active
STU007480,SCH024,12,Male,2023-11-10,Active
STU007481,SCH022,12,Female,2019-11-02,Active
STU007482,SCH017,11,Female,2019-10-08,Active
STU007483,SCH035,9,Female,2022-08-21,Active
STU007484,SCH040,6,Female,2021-09-17,Active
STU007485,SCH028,6,Female,2020-02-20,Active
STU007486,SCH013,6,Female,2018-07-01,Active
STU007487,SCH001,12,Female,2019-04-13,Active
STU007488,SCH002,12,Male,2019-08-16,Active
STU007489,SCH019,0,Male,2021-01-21,Active
STU007490,SCH029,8,Male,2019-12-28,Active
STU007491,SCH046,2,Male,2021-12-17,Active
STU007492,SCH041,5,Male,2018-07-15,Active
STU007493,SCH011,3,Female,2023-02-10,Active
STU007494,SCH019,4,Male,2023-09-29,Active
STU007495,SCH011,0,Male,2019-08-10,Active
STU007496,SCH029,7,Female,2022-05-31,Active
STU007497,SCH018,4,Male,2023-02-25,Active
STU007498,SCH012,7,Female,2023-03-09,Active
STU007499,SCH045,10,Male,2019-01-26,Active
STU007500,SCH032,8,Male,2021-08-26,Active
STU007501,SCH003,4,Female,2022-02-26,Active
STU007502,SCH019,1,Female,2018-01-30,Active
STU007503,SCH021,12,Female,2021-03-01,Active
STU007504,SCH005,2,Female,2022-01-18,Active
STU007505,SCH004,6,Male,2019-08-25,Active
STU007506,SCH020,0,Male,2023-01-13,Active
STU007507,SCH008,2,Male,2020-03-17,Active
STU007508,SCH041,1,Male,2021-01-01,Active
STU007509,SCH012,9,Female,2020-12-27,Active
STU007510,SCH016,4,Male,2022-06-11,Active
STU007511,SCH045,8,Female,2022-01-11,Active
STU007512,SCH047,4,Male,2018-01-30,Active
STU007513,SCH035,7,Female,2021-10-23,Active
STU007514,SCH030,6,Female,2020-07-19,Active
STU007515,SCH029,10,Non-specified,2019-07-04,Active
STU007516,SCH008,0,Male,2020-08-18,Active
STU007517,SCH036,2,Male,2018-02-25,Active
STU007518,SCH041,3,Female,2021-03-04,Active
STU007519,SCH030,4,Female,2023-12-09,Active
STU007520,SCH048,3,Male,2023-05-07,Active
STU007521,SCH039,2,Female,2021-02-15,Active
STU007522,SCH007,4,Female,2020-04-29,Active
STU007523,SCH006,3,Male,2022-09-04,Active
STU007524,SCH003,2,Male,2023-04-12,Active
STU007525,SCH006,6,Female,2023-05-21,Active
STU007526,SCH025,5,Female,2021-06-25,Active
STU007527,SCH024,11,Female,2021-01-17,Active
STU007528,SCH015,2,Female,2018-03-24,Active
STU007529,SCH003,4,Female,2018-09-02,Active
STU007530,SCH021,12,Male,2019-11-27,Active
STU007531,SCH046,4,Female,2018-01-16,Active
STU007532,SCH048,0,Female,2020-11-12,Active
STU007533,SCH031,10,Female,2020-04-13,Active
STU007534,SCH007,5,Male,2020-10-01,Active
STU007535,SCH015,4,Female,2022-11-24,Active
STU007536,SCH019,3,Male,2018-08-01,Active
STU007537,SCH028,2,Male,2022-11-11,Active
STU007538,SCH026,4,Male,2021-10-21,Active
STU007539,SCH044,7,Female,2020-12-14,Active
STU007540,SCH035,9,Female,2020-12-12,Active
STU007541,SCH031,3,Female,2022-09-09,Active
STU007542,SCH037,5,Female,2019-06-13,Active
STU007543,SCH008,3,Female,2021-10-31,Active
STU007544,SCH046,11,Male,2020-11-13,Active
STU007545,SCH021,6,Female,2018-01-30,Active
STU007546,SCH037,0,Male,2023-11-23,Active
STU007547,SCH021,11,Female,2021-12-01,Active
STU007548,SCH021,10,Male,2019-09-29,Active
STU007549,SCH035,7,Female,2023-10-02,Active
STU007550,SCH006,6,Female,2020-03-12,Active
STU007551,SCH008,0,Female,2023-12-15,Active
STU007552,SCH004,2,Female,2023-06-11,Active
STU007553,SCH029,9,Male,2020-10-17,Active
STU007554,SCH043,7,Male,2022-06-13,Active
STU007555,SCH017,12,Female,2023-07-19,Active
STU007556,SCH033,0,Male,2018-03-31,Active
STU007557,SCH032,10,Female,2023-09-26,Active
STU007558,SCH027,10,Male,2021-11-01,Active
STU007559,SCH046,9,Male,2018-11-11,Active
STU007560,SCH031,9,Male,2023-01-02,Active
STU007561,SCH019,3,Female,2023-09-16,Active
STU007562,SCH013,1,Male,2019-07-25,Active
STU007563,SCH019,3,Male,2019-10-27,Active
STU007564,SCH006,5,Male,2023-08-15,Active
STU007565,SCH011,4,Male,2020-05-31,Active
STU007566,SCH042,12,Male,2023-08-31,Active
STU007567,SCH029,7,Male,2021-11-29,Active
STU007568,SCH044,10,Male,2022-12-23,Active
STU007569,SCH044,8,Male,2022-07-28,Active
STU007570,SCH046,9,Female,2022-08-06,Active
STU007571,SCH014,1,Female,2020-05-05,Active
STU007572,SCH023,9,Female,2020-08-10,Active
STU007573,SCH035,10,Male,2020-04-01,Active
STU007574,SCH006,0,Male,2023-03-13,Active
STU007575,SCH047,2,Female,2019-03-18,Active
STU007576,SCH043,8,Female,2021-03-24,Active
STU007577,SCH028,0,Female,2021-07-04,Active
STU007578,SCH003,1,Female,2021-09-12,Active
STU007579,SCH036,2,Male,2018-08-26,Active
STU007580,SCH039,4,Female,2018-05-26,Active
STU007581,SCH006,1,Female,2021-02-05,Active
STU007582,SCH033,1,Female,2020-01-03,Active
STU007583,SCH036,3,Female,2020-11-29,Active
STU007584,SCH008,2,Female,2023-04-30,Active
STU007585,SCH009,10,Female,2023-08-06,Active
STU007586,SCH003,2,Female,2019-03-15,Active
STU007587,SCH003,6,Female,2021-09-29,Active
STU007588,SCH020,1,Male,2023-12-10,Active
STU007589,SCH003,6,Male,2023-03-25,Active
STU007590,SCH022,12,Male,2019-10-22,Active
STU007591,SCH022,11,Male,2022-01-06,Active
STU007592,SCH027,9,Female,2022-05-25,Active
STU007593,SCH002,11,Female,2018-11-12,Active
STU007594,SCH039,6,Female,2022-07-30,Active
STU007595,SCH029,10,Male,2019-01-22,Active
STU007596,SCH014,3,Female,2019-11-12,Active
STU007597,SCH016,6,Male,2022-11-21,Active
STU007598,SCH043,8,Male,2023-03-16,Active
STU007599,SCH018,4,Male,2023-11-11,Active
STU007600,SCH008,0,Male,2023-03-15,Active
STU007601,SCH028,6,Male,2023-09-26,Active
STU007602,SCH031,10,Male,2023-01-04,Active
STU007603,SCH046,0,Male,2023-06-26,Active
STU007604,SCH025,5,Female,2023-11-19,Active
STU007605,SCH005,0,Male,2020-05-21,Active
STU007606,SCH032,10,Female,2022-06-06,Active
STU007607,SCH029,9,Male,2019-01-11,Active
STU007608,SCH028,3,Male,2023-04-06,Active
STU007609,SCH001,12,Male,2023-07-09,Active
STU007610,SCH023,8,Male,2022-07-06,Active
STU007611,SCH043,9,Female,2018-06-18,Active
STU007612,SCH034,11,Male,2022-01-26,Active
STU007613,SCH027,10,Male,2021-07-11,Active
STU007614,SCH044,10,Male,2019-08-13,Active
STU007615,SCH035,10,Female,2023-02-20,Active
STU007616,SCH012,10,Male,2022-05-01,Active
STU007617,SCH012,7,Female,2018-05-19,Active
STU007618,SCH036,5,Female,2018-10-20,Active
STU007619,SCH032,7,Male,2021-05-03,Active
STU007620,SCH007,5,Non-specified,2018-08-16,Active
STU007621,SCH029,10,Male,2022-04-14,Active
STU007622,SCH002,11,Male,2023-05-15,Active
STU007623,SCH018,1,Male,2018-06-29,Active
STU007624,SCH039,0,Female,2021-12-09,Active
STU007625,SCH049,12,Female,2020-10-09,Active
STU007626,SCH040,6,Male,2021-06-29,Active
STU007627,SCH034,12,Female,2020-03-19,Active
STU007628,SCH005,1,Male,2019-01-09,Active
STU007629,SCH029,8,Male,2022-04-05,Active
STU007630,SCH031,3,Female,2018-10-08,Active
STU007631,SCH040,1,Male,2023-10-26,Active
STU007632,SCH014,0,Female,2023-05-24,Active
STU007633,SCH038,0,Female,2021-06-11,Active
STU007634,SCH029,7,Female,2020-11-17,Active
STU007635,SCH038,6,Male,2021-08-14,Active
STU007636,SCH002,12,Female,2023-04-30,Active
STU007637,SCH022,12,Female,2022-06-05,Active
STU007638,SCH008,3,Male,2020-04-11,Active
STU007639,SCH040,2,Female,2023-10-20,Active
STU007640,SCH039,0,Male,2021-10-15,Active
STU007641,SCH024,12,Male,2018-05-08,Active
STU007642,SCH038,4,Female,2022-05-31,Active
STU007643,SCH041,1,Male,2020-09-09,Active
STU007644,SCH004,3,Male,2020-09-24,Active
STU007645,SCH029,10,Male,2020-03-02,Active
STU007646,SCH025,1,Female,2022-06-27,Active
STU007647,SCH040,2,Female,2020-01-24,Active
STU007648,SCH020,0,Male,2020-12-22,Active
STU007649,SCH011,0,Female,2019-04-08,Active
STU007650,SCH042,11,Male,2022-06-13,Active
STU007651,SCH003,1,Male,2019-09-19,Active
STU007652,SCH014,4,Male,2018-12-17,Active
STU007653,SCH027,8,Female,2019-10-26,Active
STU007654,SCH039,6,Male,2022-03-02,Active
STU007655,SCH032,10,Male,2022-08-12,Active
STU007656,SCH030,2,Female,2023-06-13,Active
STU007657,SCH036,4,Male,2019-01-29,Active
STU007658,SCH046,1,Female,2019-06-22,Active
STU007659,SCH041,2,Male,2021-05-11,Active
STU007660,SCH019,1,Male,2019-02-01,Active
STU007661,SCH046,4,Male,2023-11-14,Active
STU007662,SCH041,6,Male,2019-06-14,Active
STU007663,SCH012,7,Female,2022-05-27,Active
STU007664,SCH022,12,Non-specified,2019-06-06,Active
STU007665,SCH044,9,Female,2021-01-10,Active
STU007666,SCH006,4,Male,2019-11-06,Active
STU007667,SCH031,2,Male,2022-04-09,Active
STU007668,SCH011,4,Female,2023-04-21,Active
STU007669,SCH005,1,Male,2018-07-23,Active
STU007670,SCH049,11,Male,2022-12-30,Active
STU007671,SCH007,2,Male,2019-10-24,Active
STU007672,SCH050,7,Male,2022-05-27,Active
STU007673,SCH047,6,Male,2018-03-09,Active
STU007674,SCH050,8,Female,2021-08-31,Active
STU007675,SCH023,9,Male,2022-03-22,Active
STU007676,SCH041,3,Non-specified,2022-08-29,Active
STU007677,SCH006,6,Female,2018-04-08,Active
STU007678,SCH031,4,Female,2022-08-14,Active
STU007679,SCH028,4,Male,2022-01-18,Active
STU007680,SCH033,4,Male,2019-03-06,Active
STU007681,SCH025,5,Non-specified,2018-06-03,Active
STU007682,SCH013,5,Male,2022-06-29,Active
STU007683,SCH050,8,Male,2018-07-03,Active
STU007684,SCH031,10,Female,2020-10-28,Active
STU007685,SCH033,5,Male,2020-09-01,Active
STU007686,SCH034,11,Male,2023-06-29,Active
STU007687,SCH004,4,Female,2022-07-30,Active
STU007688,SCH042,12,Female,2022-01-24,Active
STU007689,SCH030,6,Female,2019-01-02,Active
STU007690,SCH048,6,Male,2019-04-27,Active
STU007691,SCH012,9,Female,2022-03-17,Active
STU007692,SCH036,4,Female,2022-08-20,Active
STU007693,SCH037,4,Male,2022-06-01,Active
STU007694,SCH011,1,Female,2020-06-09,Active
STU007695,SCH041,3,Non-specified,2019-08-06,Active
STU007696,SCH034,11,Male,2019-01-14,Active
STU007697,SCH007,3,Female,2018-12-09,Active
STU007698,SCH047,0,Female,2020-12-10,Active
STU007699,SCH038,0,Male,2020-09-28,Active
STU007700,SCH025,5,Female,2018-12-13,Active
STU007701,SCH006,6,Female,2018-01-22,Active
STU007702,SCH002,12,Female,2019-08-26,Active
STU007703,SCH040,5,Male,2021-10-06,Active
STU007704,SCH049,11,Female,2023-05-11,Active
STU007705,SCH020,0,Male,2019-10-18,Active
STU007706,SCH026,1,Male,2022-03-02,Active
STU007707,SCH020,2,Female,2018-01-20,Active
STU007708,SCH004,4,Female,2022-03-30,Active
STU007709,SCH047,2,Male,2022-03-29,Active
STU007710,SCH039,0,Female,2019-07-07,Active
STU007711,SCH023,7,Male,2022-02-23,Active
STU007712,SCH050,7,Female,2022-12-31,Active
STU007713,SCH045,7,Female,2018-10-04,Active
STU007714,SCH016,4,Female,2022-02-12,Active
STU007715,SCH038,3,Male,2022-08-10,Active
STU007716,SCH017,12,Male,2020-06-22,Active
STU007717,SCH032,8,Male,2018-06-02,Active
STU007718,SCH030,6,Male,2018-09-30,Active
STU007719,SCH020,5,Male,2022-04-05,Active
STU007720,SCH021,7,Male,2020-02-08,Active
STU007721,SCH015,3,Male,2019-05-02,Active
STU007722,SCH036,4,Male,2022-11-05,Active
STU007723,SCH042,11,Female,2023-04-09,Active
STU007724,SCH050,8,Female,2019-06-17,Active
STU007725,SCH018,6,Female,2022-01-16,Active
STU007726,SCH046,2,Male,2019-05-26,Active
STU007727,SCH037,4,Male,2020-01-30,Active
STU007728,SCH019,3,Male,2020-12-07,Active
STU007729,SCH003,1,Female,2021-06-16,Active
STU007730,SCH002,11,Female,2022-10-22,Active
STU007731,SCH041,6,Female,2020-03-21,Active
STU007732,SCH004,6,Female,2019-01-13,Active
STU007733,SCH004,6,Female,2023-11-26,Active
STU007734,SCH033,2,Female,2020-12-11,Active
STU007735,SCH011,4,Male,2018-12-12,Active
STU007736,SCH015,4,Female,2021-10-27,Active
STU007737,SCH028,2,Female,2018-09-19,Active
STU007738,SCH043,7,Male,2022-04-29,Active
STU007739,SCH008,6,Male,2021-10-10,Active
STU007740,SCH025,3,Male,2021-06-18,Active
STU007741,SCH030,6,Male,2018-04-10,Active
STU007742,SCH022,11,Female,2018-07-25,Active
STU007743,SCH031,3,Female,2019-06-06,Active
STU007744,SCH008,4,Male,2022-05-27,Active
STU007745,SCH012,10,Male,2021-02-09,Active
STU007746,SCH019,3,Female,2018-12-28,Active
STU007747,SCH011,6,Female,2023-10-19,Active
STU007748,SCH011,5,Female,2023-12-03,Active
STU007749,SCH019,0,Male,2022-11-02,Active
STU007750,SCH030,4,Male,2021-09-05,Active
STU007751,SCH014,6,Female,2018-03-06,Active
STU007752,SCH046,7,Male,2021-08-18,Active
STU007753,SCH030,2,Male,2022-03-20,Active
STU007754,SCH015,1,Female,2018-05-03,Active
STU007755,SCH032,7,Male,2020-06-19,Active
STU007756,SCH046,6,Female,2023-10-20,Active
STU007757,SCH032,8,Male,2023-08-18,Active
STU007758,SCH042,11,Male,2019-06-25,Active
STU007759,SCH048,4,Non-specified,2021-02-12,Active
STU007760,SCH018,5,Female,2021-11-03,Active
STU007761,SCH041,6,Male,2021-08-28,Active
STU007762,SCH011,5,Female,2018-10-29,Active
STU007763,SCH023,7,Male,2019-06-11,Active
STU007764,SCH003,1,Female,2019-07-17,Active
STU007765,SCH004,4,Male,2021-10-20,Active
STU007766,SCH006,3,Female,2018-01-31,Active
STU007767,SCH005,5,Male,2020-11-08,Active
STU007768,SCH019,4,Female,2018-09-13,Active
STU007769,SCH044,7,Male,2021-03-29,Active
STU007770,SCH036,1,Female,2023-09-21,Active
STU007771,SCH043,8,Male,2018-08-08,Active
STU007772,SCH014,5,Male,2023-06-07,Active
STU007773,SCH044,10,Female,2022-04-08,Active
STU007774,SCH016,5,Female,2020-06-15,Active
STU007775,SCH041,6,Male,2022-09-16,Active
STU007776,SCH050,9,Female,2019-12-08,Active
STU007777,SCH032,8,Male,2020-04-08,Active
STU007778,SCH008,0,Female,2018-08-21,Active
STU007779,SCH039,2,Male,2020-09-22,Active
STU007780,SCH032,9,Male,2023-08-07,Active
STU007781,SCH031,2,Male,2023-11-17,Active
STU007782,SCH034,12,Female,2018-10-21,Active
STU007783,SCH036,6,Male,2021-09-02,Active
STU007784,SCH019,4,Male,2018-12-13,Active
STU007785,SCH014,2,Female,2023-07-18,Active
STU007786,SCH003,2,Male,2018-03-15,Active
STU007787,SCH011,2,Male,2019-12-21,Active
STU007788,SCH033,6,Female,2022-05-09,Active
STU007789,SCH027,8,Female,2021-08-13,Active
STU007790,SCH037,6,Male,2021-11-29,Active
STU007791,SCH038,3,Male,2023-02-24,Active
STU007792,SCH003,0,Female,2019-05-05,Active
STU007793,SCH045,10,Female,2020-01-21,Active
STU007794,SCH049,11,Female,2018-10-10,Active
STU007795,SCH009,9,Male,2018-05-08,Active
STU007796,SCH044,8,Female,2018-01-03,Active
STU007797,SCH018,2,Female,2023-06-04,Active
STU007798,SCH013,3,Male,2018-02-05,Active
STU007799,SCH019,1,Female,2018-09-16,Active
STU007800,SCH020,2,Male,2021-03-13,Active
STU007801,SCH006,0,Female,2022-11-25,Active
STU007802,SCH050,9,Female,2021-12-31,Active
STU007803,SCH037,5,Female,2020-03-20,Active
STU007804,SCH049,12,Female,2022-12-27,Active
STU007805,SCH011,0,Female,2021-05-31,Active
STU007806,SCH006,0,Male,2020-10-31,Active
STU007807,SCH024,11,Female,2020-01-29,Active
STU007808,SCH004,4,Female,2018-10-05,Active
STU007809,SCH004,5,Female,2020-04-24,Active
STU007810,SCH040,1,Male,2020-06-13,Active
STU007811,SCH008,5,Female,2019-10-14,Active
STU007812,SCH050,9,Male,2021-06-14,Active
STU007813,SCH030,2,Male,2018-10-03,Active
STU007814,SCH016,4,Male,2018-06-01,Active
STU007815,SCH007,6,Female,2022-05-09,Active
STU007816,SCH043,8,Male,2023-05-30,Active
STU007817,SCH030,4,Male,2020-12-17,Active
STU007818,SCH002,12,Female,2018-08-09,Active
STU007819,SCH017,11,Male,2020-12-25,Active
STU007820,SCH045,10,Male,2023-04-15,Active
STU007821,SCH027,9,Female,2019-05-15,Active
STU007822,SCH041,4,Female,2018-02-08,Active
STU007823,SCH011,2,Male,2020-12-26,Active
STU007824,SCH025,2,Male,2022-06-26,Active
STU007825,SCH011,2,Female,2019-07-01,Active
STU007826,SCH033,5,Female,2018-02-01,Active
STU007827,SCH029,7,Female,2022-02-16,Active
STU007828,SCH021,11,Male,2019-07-17,Active
STU007829,SCH008,5,Male,2021-02-28,Active
STU007830,SCH032,9,Male,2019-11-12,Active
STU007831,SCH035,7,Female,2018-04-30,Active
STU007832,SCH008,4,Female,2023-07-18,Active
STU007833,SCH016,1,Female,2020-02-09,Active
STU007834,SCH029,8,Male,2021-12-23,Active
STU007835,SCH012,10,Female,2018-04-11,Active
STU007836,SCH031,12,Male,2023-12-23,Active
STU007837,SCH013,3,Male,2022-08-18,Active
STU007838,SCH040,5,Male,2020-04-01,Active
STU007839,SCH004,4,Female,2019-08-06,Active
STU007840,SCH019,4,Female,2022-02-14,Active
STU007841,SCH034,11,Female,2018-07-16,Active
STU007842,SCH036,2,Male,2023-07-19,Active
STU007843,SCH027,7,Female,2020-02-24,Active
STU007844,SCH045,8,Female,2023-05-19,Active
STU007845,SCH043,7,Male,2019-07-16,Active
STU007846,SCH019,3,Female,2018-06-03,Active
STU007847,SCH029,9,Male,2018-01-28,Active
STU007848,SCH047,4,Male,2019-07-23,Active
STU007849,SCH020,5,Female,2018-10-16,Active
STU007850,SCH018,2,Female,2018-04-27,Active
STU007851,SCH045,8,Male,2022-08-22,Active
STU007852,SCH024,12,Female,2022-06-06,Active
STU007853,SCH038,6,Female,2019-04-09,Active
STU007854,SCH023,9,Male,2018-07-06,Active
STU007855,SCH010,4,Female,2019-04-18,Active
STU007856,SCH044,8,Male,2022-01-04,Active
STU007857,SCH027,10,Male,2023-09-03,Active
STU007858,SCH030,5,Male,2020-11-08,Active
STU007859,SCH012,9,Female,2021-05-09,Active
STU007860,SCH027,10,Female,2019-03-17,Active
STU007861,SCH038,2,Male,2018-10-24,Active
STU007862,SCH017,11,Female,2022-04-24,Active
STU007863,SCH036,0,Male,2019-12-26,Active
STU007864,SCH008,5,Male,2023-06-24,Active
STU007865,SCH050,8,Female,2023-01-02,Active
STU007866,SCH050,10,Male,2021-05-03,Active
STU007867,SCH026,6,Female,2019-11-05,Active
STU007868,SCH029,8,Male,2018-03-25,Active
STU007869,SCH023,10,Female,2018-03-31,Active
STU007870,SCH013,4,Male,2018-04-30,Active
STU007871,SCH044,9,Male,2019-03-26,Active
STU007872,SCH036,1,Male,2018-10-30,Active
STU007873,SCH005,6,Female,2020-10-13,Active
STU007874,SCH037,6,Male,2021-11-22,Active
STU007875,SCH041,6,Female,2018-09-13,Active
STU007876,SCH005,4,Female,2019-11-02,Active
STU007877,SCH002,11,Male,2020-02-16,Active
STU007878,SCH015,6,Female,2018-12-11,Active
STU007879,SCH028,1,Female,2020-06-25,Active
STU007880,SCH002,12,Male,2022-05-08,Active
STU007881,SCH014,1,Male,2019-02-12,Active
STU007882,SCH005,4,Male,2020-07-08,Active
STU007883,SCH023,7,Male,2019-12-09,Active
STU007884,SCH029,8,Male,2020-12-28,Active
STU007885,SCH042,11,Female,2022-09-13,Active
STU007886,SCH037,0,Female,2018-10-29,Active
STU007887,SCH040,3,Female,2018-09-13,Active
STU007888,SCH038,3,Female,2019-09-27,Active
STU007889,SCH035,9,Female,2022-07-21,Active
STU007890,SCH010,8,Female,2019-03-01,Active
STU007891,SCH029,8,Male,2018-05-25,Active
STU007892,SCH026,0,Female,2021-02-08,Active
STU007893,SCH032,10,Female,2022-08-15,Active
STU007894,SCH028,3,Male,2020-05-15,Active
STU007895,SCH022,12,Female,2022-02-16,Active
STU007896,SCH004,3,Female,2021-08-21,Active
STU007897,SCH005,2,Male,2018-10-05,Active
STU007898,SCH003,5,Female,2022-10-22,Active
STU007899,SCH002,11,Male,2021-04-26,Active
STU007900,SCH007,1,Male,2018-05-13,Active
STU007901,SCH026,5,Female,2018-05-30,Active
STU007902,SCH050,10,Male,2021-09-25,Active
STU007903,SCH028,4,Male,2020-01-18,Active
STU007904,SCH032,10,Female,2022-07-04,Active
STU007905,SCH023,9,Male,2020-09-28,Active
STU007906,SCH003,6,Female,2023-01-29,Active
STU007907,SCH024,11,Male,2019-06-04,Active
STU007908,SCH008,6,Male,2019-11-06,Active
STU007909,SCH017,11,Male,2023-07-20,Active
STU007910,SCH039,5,Female,2021-08-06,Active
STU007911,SCH026,4,Female,2019-12-14,Active
STU007912,SCH050,10,Female,2021-03-19,Active
STU007913,SCH019,5,Female,2022-09-07,Active
STU007914,SCH034,11,Male,2023-02-04,Active
STU007915,SCH034,12,Male,2020-05-10,Active
STU007916,SCH028,5,Male,2022-09-29,Active
STU007917,SCH014,1,Female,2021-03-26,Active
STU007918,SCH035,7,Female,2020-10-04,Active
STU007919,SCH028,2,Male,2019-12-21,Active
STU007920,SCH050,9,Male,2020-03-06,Active
STU007921,SCH022,12,Female,2021-06-13,Active
STU007922,SCH042,12,Female,2019-11-28,Active
STU007923,SCH025,2,Female,2020-02-28,Active
STU007924,SCH047,6,Male,2020-01-02,Active
STU007925,SCH033,2,Female,2023-05-03,Active
STU007926,SCH016,0,Male,2021-07-10,Active
STU007927,SCH001,11,Male,2020-02-25,Active
STU007928,SCH015,5,Male,2020-06-03,Active
STU007929,SCH024,12,Female,2023-03-06,Active
STU007930,SCH009,7,Male,2022-12-27,Active
STU007931,SCH008,1,Female,2019-04-25,Active
STU007932,SCH036,1,Female,2021-11-25,Active
STU007933,SCH006,3,Female,2019-08-04,Active
STU007934,SCH032,10,Female,2019-11-30,Active
STU007935,SCH040,1,Female,2019-04-01,Active
STU007936,SCH008,0,Female,2018-12-17,Active
STU007937,SCH024,11,Female,2020-08-22,Active
STU007938,SCH009,8,Male,2023-05-17,Active
STU007939,SCH006,3,Female,2021-02-09,Active
STU007940,SCH006,1,Female,2020-02-02,Active
STU007941,SCH041,1,Male,2021-06-18,Active
STU007942,SCH048,4,Male,2018-03-28,Active
STU007943,SCH048,3,Female,2018-06-18,Active
STU007944,SCH022,12,Female,2018-06-13,Active
STU007945,SCH047,4,Male,2023-06-05,Active
STU007946,SCH019,4,Female,2018-03-08,Active
STU007947,SCH019,4,Female,2022-01-23,Active
STU007948,SCH015,2,Female,2021-09-02,Active
STU007949,SCH005,0,Male,2020-06-20,Active
STU007950,SCH020,4,Male,2020-12-11,Active
STU007951,SCH043,7,Male,2018-04-25,Active
STU007952,SCH019,5,Male,2023-09-08,Active
STU007953,SCH013,6,Male,2020-02-16,Active
STU007954,SCH004,6,Female,2023-01-15,Active
STU007955,SCH020,1,Female,2023-04-25,Active
STU007956,SCH025,3,Female,2018-03-17,Active
STU007957,SCH047,1,Male,2019-01-29,Active
STU007958,SCH016,2,Female,2022-12-29,Active
STU007959,SCH032,8,Female,2023-04-20,Active
STU007960,SCH005,3,Female,2018-03-28,Active
STU007961,SCH019,3,Male,2021-01-02,Active
STU007962,SCH047,0,Male,2022-08-01,Active
STU007963,SCH048,6,Female,2019-11-11,Active
STU007964,SCH046,9,Male,2022-03-08,Active
STU007965,SCH042,12,Male,2021-04-28,Active
STU007966,SCH040,4,Male,2018-11-19,Active
STU007967,SCH043,10,Male,2021-07-18,Active
STU007968,SCH042,12,Male,2019-06-30,Active
STU007969,SCH015,0,Male,2021-07-24,Active
STU007970,SCH020,4,Male,2019-11-30,Active
STU007971,SCH011,5,Non-specified,2019-11-19,Active
STU007972,SCH041,3,Female,2019-11-18,Active
STU007973,SCH007,6,Male,2023-01-09,Active
STU007974,SCH006,5,Male,2019-11-10,Active
STU007975,SCH009,7,Female,2020-08-15,Active
STU007976,SCH033,5,Female,2018-01-22,Active
STU007977,SCH018,1,Non-specified,2021-12-10,Active
STU007978,SCH001,12,Male,2019-09-27,Active
STU007979,SCH021,10,Male,2023-11-24,Active
STU007980,SCH013,1,Male,2023-11-04,Active
STU007981,SCH039,5,Female,2021-07-13,Active
STU007982,SCH045,7,Female,2023-10-21,Active
STU007983,SCH021,5,Male,2018-05-12,Active
STU007984,SCH019,4,Male,2019-10-18,Active
STU007985,SCH013,6,Female,2022-12-02,Active
STU007986,SCH014,0,Male,2019-11-28,Active
STU007987,SCH036,6,Male,2018-08-17,Active
STU007988,SCH050,9,Male,2021-07-07,Active
STU007989,SCH039,6,Male,2022-01-31,Active
STU007990,SCH003,6,Female,2023-03-11,Active
STU007991,SCH040,4,Male,2021-11-10,Active
STU007992,SCH007,0,Male,2020-11-26,Active
STU007993,SCH003,2,Female,2020-10-11,Active
STU007994,SCH039,4,Male,2023-09-30,Active
STU007995,SCH013,1,Female,2020-05-04,Active
STU007996,SCH045,7,Female,2020-07-29,Active
STU007997,SCH027,10,Female,2019-11-26,Active
STU007998,SCH031,0,Female,2019-08-12,Active
STU007999,SCH037,5,Male,2023-05-23,Active
STU008000,SCH040,0,Female,2019-05-24,Active
STU008001,SCH019,5,Male,2018-02-14,Active
STU008002,SCH020,3,Male,2018-10-09,Active
STU008003,SCH040,3,Male,2023-03-24,Active
STU008004,SCH050,8,Male,2023-03-25,Active
STU008005,SCH029,10,Male,2021-06-19,Active
STU008006,SCH036,2,Female,2019-03-19,Active
STU008007,SCH033,4,Female,2022-05-01,Active
STU008008,SCH008,0,Female,2021-05-30,Active
STU008009,SCH005,4,Male,2020-06-01,Active
STU008010,SCH046,0,Male,2023-12-09,Active
STU008011,SCH035,8,Male,2022-03-24,Active
STU008012,SCH041,3,Female,2020-07-20,Active
STU008013,SCH012,8,Female,2023-04-26,Active
STU008014,SCH035,8,Male,2022-07-16,Active
STU008015,SCH013,1,Male,2019-12-05,Active
STU008016,SCH030,4,Male,2023-06-15,Active
STU008017,SCH030,5,Male,2020-04-03,Active
STU008018,SCH016,6,Male,2018-01-03,Active
STU008019,SCH032,9,Male,2020-05-01,Active
STU008020,SCH030,5,Male,2020-03-08,Active
STU008021,SCH021,6,Male,2023-07-04,Active
STU008022,SCH028,5,Male,2019-04-18,Active
STU008023,SCH001,11,Female,2022-01-27,Active
STU008024,SCH045,9,Female,2022-10-06,Active
STU008025,SCH044,8,Male,2022-10-09,Active
STU008026,SCH033,2,Female,2019-07-13,Active
STU008027,SCH019,6,Female,2018-06-17,Active
STU008028,SCH015,0,Male,2020-07-04,Active
STU008029,SCH045,9,Female,2023-06-18,Active
STU008030,SCH023,7,Male,2020-07-22,Active
STU008031,SCH008,0,Non-specified,2023-09-08,Active
STU008032,SCH015,1,Female,2020-08-09,Active
STU008033,SCH020,1,Female,2022-09-25,Active
STU008034,SCH018,1,Male,2022-04-03,Active
STU008035,SCH008,4,Male,2019-04-06,Active
STU008036,SCH021,11,Male,2019-01-15,Active
STU008037,SCH020,1,Male,2022-08-22,Active
STU008038,SCH033,3,Female,2020-03-14,Active
STU008039,SCH024,12,Female,2020-06-22,Active
STU008040,SCH015,6,Female,2021-09-03,Active
STU008041,SCH034,12,Non-specified,2018-07-10,Active
STU008042,SCH033,2,Non-specified,2023-02-05,Active
STU008043,SCH043,7,Female,2018-06-08,Active
STU008044,SCH017,12,Male,2023-11-05,Active
STU008045,SCH027,9,Female,2018-06-30,Active
STU008046,SCH008,1,Male,2019-10-24,Active
STU008047,SCH018,0,Female,2019-12-03,Active
STU008048,SCH010,6,Female,2020-09-01,Active
STU008049,SCH043,10,Male,2022-10-10,Active
STU008050,SCH006,1,Female,2018-05-28,Active
STU008051,SCH016,0,Female,2022-08-07,Active
STU008052,SCH016,0,Female,2023-12-11,Active
STU008053,SCH028,1,Female,2018-04-28,Active
STU008054,SCH008,0,Male,2019-08-28,Active
STU008055,SCH023,7,Male,2019-08-08,Active
STU008056,SCH016,1,Male,2021-10-19,Active
STU008057,SCH040,4,Male,2018-12-25,Active
STU008058,SCH030,1,Female,2021-09-14,Active
STU008059,SCH009,9,Female,2020-10-14,Active
STU008060,SCH033,6,Male,2022-04-29,Active
STU008061,SCH035,9,Male,2020-07-16,Active
STU008062,SCH007,4,Male,2019-05-05,Active
STU008063,SCH041,3,Male,2023-10-31,Active
STU008064,SCH041,6,Female,2020-09-14,Active
STU008065,SCH016,6,Female,2018-04-27,Active
STU008066,SCH008,1,Male,2018-08-07,Active
STU008067,SCH041,6,Male,2021-10-20,Active
STU008068,SCH012,8,Female,2023-12-30,Active
STU008069,SCH011,4,Male,2023-10-06,Active
STU008070,SCH016,0,Male,2022-01-02,Active
STU008071,SCH022,12,Male,2019-12-28,Active
STU008072,SCH022,11,Female,2020-05-19,Active
STU008073,SCH011,4,Female,2019-10-25,Active
STU008074,SCH047,1,Male,2023-10-02,Active
STU008075,SCH004,3,Male,2021-07-02,Active
STU008076,SCH034,11,Male,2019-04-27,Active
STU008077,SCH011,4,Male,2020-04-05,Active
STU008078,SCH022,12,Male,2019-12-18,Active
STU008079,SCH012,8,Female,2023-03-26,Active
STU008080,SCH002,12,Male,2019-07-18,Active
STU008081,SCH037,6,Male,2022-01-05,Active
STU008082,SCH048,0,Female,2022-01-29,Active
STU008083,SCH020,1,Male,2021-09-26,Active
STU008084,SCH041,2,Male,2023-06-04,Active
STU008085,SCH042,12,Female,2023-11-15,Active
STU008086,SCH037,1,Female,2019-01-08,Active
STU008087,SCH037,6,Female,2021-08-01,Active
STU008088,SCH046,12,Male,2018-03-28,Active
STU008089,SCH008,1,Female,2021-10-10,Active
STU008090,SCH016,2,Male,2022-07-03,Active
STU008091,SCH029,10,Female,2020-09-10,Active
STU008092,SCH037,3,Female,2020-09-20,Active
STU008093,SCH047,1,Female,2021-04-13,Active
STU008094,SCH029,9,Male,2020-10-16,Active
STU008095,SCH050,8,Male,2019-04-07,Active
STU008096,SCH029,7,Male,2023-03-10,Active
STU008097,SCH021,3,Male,2021-02-13,Active
STU008098,SCH046,2,Male,2022-10-24,Active
STU008099,SCH044,7,Male,2021-07-04,Active
STU008100,SCH033,5,Female,2022-06-14,Active
STU008101,SCH035,9,Male,2022-02-17,Active
STU008102,SCH050,10,Female,2021-06-03,Active
STU008103,SCH005,2,Male,2018-09-18,Active
STU008104,SCH002,12,Male,2020-03-02,Active
STU008105,SCH016,1,Male,2023-02-24,Active
STU008106,SCH003,1,Male,2023-07-26,Active
STU008107,SCH050,9,Female,2020-04-30,Active
STU008108,SCH044,9,Female,2022-04-05,Active
STU008109,SCH004,2,Male,2021-01-16,Active
STU008110,SCH040,6,Male,2019-12-05,Active
STU008111,SCH008,3,Male,2020-04-27,Active
STU008112,SCH010,4,Female,2019-05-12,Active
STU008113,SCH035,8,Male,2023-05-05,Active
STU008114,SCH007,4,Female,2023-01-20,Active
STU008115,SCH027,8,Female,2019-04-15,Active
STU008116,SCH004,4,Male,2021-10-07,Active
STU008117,SCH012,8,Male,2020-01-08,Active
STU008118,SCH032,8,Female,2023-12-07,Active
STU008119,SCH045,9,Female,2018-12-12,Active
STU008120,SCH019,1,Female,2020-08-27,Active
STU008121,SCH042,11,Male,2019-01-08,Active
STU008122,SCH006,3,Male,2021-04-11,Active
STU008123,SCH025,0,Female,2023-07-15,Active
STU008124,SCH028,0,Male,2020-07-28,Active
STU008125,SCH039,1,Male,2020-04-21,Active
STU008126,SCH018,3,Female,2018-03-05,Active
STU008127,SCH034,11,Male,2023-09-23,Active
STU008128,SCH021,8,Male,2022-03-21,Active
STU008129,SCH040,2,Female,2018-12-04,Active
STU008130,SCH009,7,Male,2020-02-29,Active
STU008131,SCH050,9,Female,2020-11-17,Active
STU008132,SCH009,8,Male,2019-12-28,Active
STU008133,SCH022,11,Female,2021-12-19,Active
STU008134,SCH005,3,Male,2023-09-02,Active
STU008135,SCH022,11,Male,2022-02-09,Active
STU008136,SCH033,0,Male,2018-07-25,Active
STU008137,SCH008,4,Male,2021-04-03,Active
STU008138,SCH034,11,Male,2023-01-16,Active
STU008139,SCH043,9,Female,2019-08-27,Active
STU008140,SCH013,0,Female,2018-12-08,Active
STU008141,SCH035,9,Female,2023-12-29,Active
STU008142,SCH010,4,Female,2023-11-17,Active
STU008143,SCH013,2,Female,2019-04-07,Active
STU008144,SCH045,9,Female,2018-10-19,Active
STU008145,SCH049,12,Male,2023-03-14,Active
STU008146,SCH041,3,Male,2022-09-08,Active
STU008147,SCH008,0,Female,2019-09-15,Active
STU008148,SCH013,3,Female,2023-07-19,Active
STU008149,SCH033,6,Male,2018-05-08,Active
STU008150,SCH030,1,Female,2022-08-04,Active
STU008151,SCH012,10,Female,2021-10-27,Active
STU008152,SCH025,3,Female,2020-04-18,Active
STU008153,SCH043,8,Male,2023-05-31,Active
STU008154,SCH018,2,Female,2023-08-11,Active
STU008155,SCH007,3,Male,2021-03-21,Active
STU008156,SCH024,11,Male,2022-11-15,Active
STU008157,SCH006,0,Male,2018-10-14,Active
STU008158,SCH006,2,Male,2022-10-08,Active
STU008159,SCH036,4,Female,2018-06-22,Active
STU008160,SCH034,12,Male,2020-10-03,Active
STU008161,SCH017,11,Male,2019-03-03,Active
STU008162,SCH040,2,Male,2018-07-05,Active
STU008163,SCH028,4,Female,2020-11-20,Active
STU008164,SCH016,0,Female,2021-05-09,Active
STU008165,SCH040,5,Female,2022-06-17,Active
STU008166,SCH048,6,Female,2023-10-22,Active
STU008167,SCH017,12,Male,2019-11-18,Active
STU008168,SCH002,12,Female,2022-09-02,Active
STU008169,SCH015,0,Male,2021-06-21,Active
STU008170,SCH023,7,Female,2018-03-26,Active
STU008171,SCH029,7,Male,2021-04-12,Active
STU008172,SCH004,5,Female,2021-11-26,Active
STU008173,SCH032,9,Female,2019-12-15,Active
STU008174,SCH021,10,Male,2018-10-16,Active
STU008175,SCH043,10,Female,2022-09-02,Active
STU008176,SCH025,2,Female,2022-06-29,Active
STU008177,SCH024,11,Male,2020-05-31,Active
STU008178,SCH029,9,Female,2023-06-07,Active
STU008179,SCH050,7,Male,2023-01-02,Active
STU008180,SCH002,12,Female,2023-06-19,Active
STU008181,SCH041,4,Male,2023-05-31,Active
STU008182,SCH033,6,Female,2021-06-04,Active
STU008183,SCH023,8,Male,2018-10-09,Active
STU008184,SCH012,9,Male,2022-05-21,Active
STU008185,SCH020,6,Female,2023-07-14,Active
STU008186,SCH020,0,Male,2023-09-08,Active
STU008187,SCH033,6,Male,2018-04-06,Active
STU008188,SCH010,5,Male,2020-05-22,Active
STU008189,SCH007,3,Female,2018-03-08,Active
STU008190,SCH026,3,Male,2022-11-14,Active
STU008191,SCH017,12,Male,2020-01-01,Active
STU008192,SCH006,5,Male,2023-02-28,Active
STU008193,SCH003,3,Female,2018-03-17,Active
STU008194,SCH048,5,Female,2021-10-10,Active
STU008195,SCH026,0,Male,2018-10-05,Active
STU008196,SCH021,4,Male,2022-02-19,Active
STU008197,SCH037,2,Female,2018-01-13,Active
STU008198,SCH041,6,Female,2018-03-25,Active
STU008199,SCH028,3,Female,2020-11-10,Active
STU008200,SCH041,5,Female,2019-11-22,Active
STU008201,SCH049,11,Male,2018-06-21,Active
STU008202,SCH001,12,Male,2023-08-05,Active
STU008203,SCH001,12,Male,2023-10-28,Active
STU008204,SCH029,10,Male,2018-06-05,Active
STU008205,SCH031,9,Female,2023-09-03,Active
STU008206,SCH048,3,Non-specified,2023-03-27,Active
STU008207,SCH033,4,Female,2023-03-04,Active
STU008208,SCH007,0,Male,2018-01-13,Active
STU008209,SCH036,2,Male,2022-10-31,Active
STU008210,SCH026,6,Male,2019-12-14,Active
STU008211,SCH026,3,Male,2022-10-16,Active
STU008212,SCH048,1,Female,2020-12-29,Active
STU008213,SCH006,4,Female,2020-03-30,Active
STU008214,SCH024,11,Non-specified,2019-05-15,Active
STU008215,SCH037,2,Female,2018-09-09,Active
STU008216,SCH045,8,Female,2023-04-19,Active
STU008217,SCH018,5,Male,2022-02-24,Active
STU008218,SCH036,3,Female,2020-12-02,Active
STU008219,SCH040,0,Male,2022-12-29,Active
STU008220,SCH036,5,Female,2018-04-19,Active
STU008221,SCH043,7,Female,2022-11-22,Active
STU008222,SCH026,4,Male,2022-04-25,Active
STU008223,SCH025,3,Male,2019-03-18,Active
STU008224,SCH014,3,Female,2020-08-02,Active
STU008225,SCH032,7,Male,2021-01-10,Active
STU008226,SCH028,6,Female,2023-07-01,Active
STU008227,SCH018,0,Male,2020-05-12,Active
STU008228,SCH018,5,Male,2022-02-03,Active
STU008229,SCH002,12,Female,2023-04-13,Active
STU008230,SCH039,0,Female,2019-02-28,Active
STU008231,SCH027,9,Female,2019-11-27,Active
STU008232,SCH016,6,Non-specified,2023-02-16,Active
STU008233,SCH032,9,Male,2022-03-26,Active
STU008234,SCH027,8,Male,2020-07-25,Active
STU008235,SCH032,9,Male,2022-03-23,Active
STU008236,SCH034,12,Male,2022-07-13,Active
STU008237,SCH031,10,Male,2021-02-16,Active
STU008238,SCH014,5,Male,2021-04-24,Active
STU008239,SCH011,6,Female,2018-04-23,Active
STU008240,SCH003,1,Female,2019-10-09,Active
STU008241,SCH021,5,Male,2022-05-28,Active
STU008242,SCH011,0,Female,2022-06-05,Active
STU008243,SCH017,11,Male,2023-03-17,Active
STU008244,SCH024,11,Female,2022-01-16,Active
STU008245,SCH027,7,Male,2018-10-31,Active
STU008246,SCH008,5,Male,2022-03-25,Active
STU008247,SCH028,0,Female,2019-08-14,Active
STU008248,SCH010,3,Female,2023-12-09,Active
STU008249,SCH015,1,Female,2018-01-02,Active
STU008250,SCH013,5,Female,2018-02-12,Active
STU008251,SCH008,0,Non-specified,2021-07-04,Active
STU008252,SCH049,11,Female,2018-07-22,Active
STU008253,SCH009,8,Male,2023-02-06,Active
STU008254,SCH024,11,Female,2018-01-20,Active
STU008255,SCH044,8,Male,2019-06-07,Active
STU008256,SCH041,6,Male,2019-07-15,Active
STU008257,SCH017,11,Female,2020-06-10,Active
STU008258,SCH031,0,Female,2022-12-04,Active
STU008259,SCH026,3,Male,2019-08-13,Active
STU008260,SCH049,12,Male,2018-06-26,Active
STU008261,SCH044,7,Male,2019-12-11,Active
STU008262,SCH003,5,Male,2021-09-08,Active
STU008263,SCH022,11,Female,2023-11-11,Active
STU008264,SCH042,12,Male,2021-09-11,Active
STU008265,SCH020,1,Female,2021-12-09,Active
STU008266,SCH012,10,Female,2019-10-02,Active
STU008267,SCH030,0,Non-specified,2020-11-16,Active
STU008268,SCH012,9,Female,2018-08-20,Active
STU008269,SCH046,12,Female,2019-05-11,Active
STU008270,SCH018,2,Male,2023-07-11,Active
STU008271,SCH023,8,Male,2018-01-13,Active
STU008272,SCH017,11,Female,2023-08-06,Active
STU008273,SCH027,7,Male,2022-11-12,Active
STU008274,SCH008,5,Female,2022-12-29,Active
STU008275,SCH009,9,Male,2019-08-09,Active
STU008276,SCH021,1,Male,2020-08-14,Active
STU008277,SCH022,12,Female,2023-10-16,Active
STU008278,SCH022,12,Female,2019-04-16,Active
STU008279,SCH007,1,Female,2019-05-02,Active
STU008280,SCH014,3,Male,2023-04-14,Active
STU008281,SCH010,4,Female,2019-02-03,Active
STU008282,SCH040,4,Female,2023-10-17,Active
STU008283,SCH017,11,Male,2018-06-11,Active
STU008284,SCH039,2,Female,2018-11-30,Active
STU008285,SCH038,4,Male,2022-08-12,Active
STU008286,SCH044,10,Male,2022-12-02,Active
STU008287,SCH003,5,Female,2019-04-09,Active
STU008288,SCH016,1,Male,2018-08-24,Active
STU008289,SCH049,11,Female,2018-10-21,Active
STU008290,SCH023,9,Female,2022-05-15,Active
STU008291,SCH037,1,Male,2019-03-21,Active
STU008292,SCH029,10,Female,2020-06-01,Active
STU008293,SCH010,4,Male,2021-12-19,Active
STU008294,SCH032,7,Male,2020-05-05,Active
STU008295,SCH050,7,Female,2019-10-21,Active
STU008296,SCH013,5,Male,2021-04-14,Active
STU008297,SCH016,6,Female,2022-01-01,Active
STU008298,SCH020,6,Male,2021-06-02,Active
STU008299,SCH002,11,Female,2023-06-12,Active
STU008300,SCH047,3,Male,2019-04-28,Active
STU008301,SCH013,2,Male,2018-06-22,Active
STU008302,SCH002,12,Male,2023-10-13,Active
STU008303,SCH035,7,Female,2019-11-26,Active
STU008304,SCH018,2,Non-specified,2020-08-08,Active
STU008305,SCH034,12,Female,2021-06-08,Active
STU008306,SCH048,5,Female,2023-10-20,Active
STU008307,SCH046,2,Non-specified,2023-12-02,Active
STU008308,SCH029,10,Male,2022-02-23,Active
STU008309,SCH034,11,Female,2023-04-27,Active
STU008310,SCH038,0,Male,2021-04-01,Active
STU008311,SCH046,0,Male,2020-01-22,Active
STU008312,SCH025,1,Male,2021-04-22,Active
STU008313,SCH022,11,Male,2019-11-22,Active
STU008314,SCH041,6,Female,2019-02-20,Active
STU008315,SCH005,0,Male,2021-04-12,Active
STU008316,SCH034,11,Male,2021-02-09,Active
STU008317,SCH049,12,Male,2022-10-21,Active
STU008318,SCH004,5,Female,2019-04-01,Active
STU008319,SCH028,0,Male,2022-11-03,Active
STU008320,SCH021,0,Male,2018-12-18,Active
STU008321,SCH050,7,Male,2018-11-11,Active
STU008322,SCH018,6,Male,2019-12-23,Active
STU008323,SCH008,1,Male,2022-07-25,Active
STU008324,SCH002,12,Female,2021-04-13,Active
STU008325,SCH047,2,Male,2022-06-06,Active
STU008326,SCH024,12,Male,2019-03-02,Active
STU008327,SCH048,2,Male,2022-08-29,Active
STU008328,SCH050,8,Female,2021-11-04,Active
STU008329,SCH001,11,Female,2018-03-06,Active
STU008330,SCH009,9,Female,2020-07-06,Active
STU008331,SCH038,3,Male,2023-10-31,Active
STU008332,SCH030,2,Male,2021-11-16,Active
STU008333,SCH048,3,Male,2022-05-01,Active
STU008334,SCH008,5,Male,2023-11-01,Active
STU008335,SCH049,12,Male,2019-03-18,Active
STU008336,SCH017,12,Female,2021-02-02,Active
STU008337,SCH049,12,Female,2019-11-18,Active
STU008338,SCH012,8,Male,2020-11-02,Active
STU008339,SCH042,11,Male,2022-06-02,Active
STU008340,SCH007,5,Female,2023-11-03,Active
STU008341,SCH049,11,Male,2022-12-22,Active
STU008342,SCH009,7,Female,2019-05-06,Active
STU008343,SCH014,3,Female,2021-11-10,Active
STU008344,SCH020,5,Female,2022-03-11,Active
STU008345,SCH001,11,Female,2023-06-15,Active
STU008346,SCH049,12,Female,2020-12-10,Active
STU008347,SCH012,10,Female,2020-07-12,Active
STU008348,SCH024,11,Male,2019-09-17,Active
STU008349,SCH023,9,Female,2022-05-19,Active
STU008350,SCH003,2,Male,2018-02-27,Active
STU008351,SCH027,10,Male,2018-01-30,Active
STU008352,SCH012,9,Male,2020-02-23,Active
STU008353,SCH002,12,Male,2020-08-16,Active
STU008354,SCH050,10,Male,2023-12-30,Active
STU008355,SCH018,6,Male,2020-03-22,Active
STU008356,SCH019,5,Female,2021-12-30,Active
STU008357,SCH039,1,Female,2019-01-08,Active
STU008358,SCH035,10,Male,2022-07-24,Active
STU008359,SCH017,11,Female,2020-11-05,Active
STU008360,SCH008,0,Female,2022-02-07,Active
STU008361,SCH003,4,Female,2018-07-02,Active
STU008362,SCH043,7,Female,2019-02-26,Active
STU008363,SCH041,5,Male,2021-12-15,Active
STU008364,SCH038,2,Female,2023-05-19,Active
STU008365,SCH032,10,Male,2022-10-03,Active
STU008366,SCH003,3,Female,2021-06-16,Active
STU008367,SCH044,7,Female,2022-06-22,Active
STU008368,SCH029,7,Male,2022-11-14,Active
STU008369,SCH038,5,Male,2021-08-08,Active
STU008370,SCH033,2,Male,2023-09-27,Active
STU008371,SCH019,5,Female,2019-09-21,Active
STU008372,SCH022,12,Female,2019-02-27,Active
STU008373,SCH039,3,Male,2019-04-12,Active
STU008374,SCH037,6,Male,2019-10-26,Active
STU008375,SCH007,6,Female,2022-08-31,Active
STU008376,SCH049,12,Female,2022-10-15,Active
STU008377,SCH045,7,Non-specified,2022-02-25,Active
STU008378,SCH013,6,Female,2022-03-30,Active
STU008379,SCH024,12,Male,2022-02-04,Active
STU008380,SCH008,4,Male,2021-06-18,Active
STU008381,SCH004,0,Female,2020-06-12,Active
STU008382,SCH017,12,Male,2022-05-10,Active
STU008383,SCH020,1,Female,2019-11-26,Active
STU008384,SCH009,8,Female,2023-04-08,Active
STU008385,SCH003,0,Male,2022-05-12,Active
STU008386,SCH027,9,Male,2020-04-01,Active
STU008387,SCH001,11,Male,2020-11-01,Active
STU008388,SCH013,2,Non-specified,2020-06-15,Active
STU008389,SCH040,3,Male,2018-11-27,Active
STU008390,SCH011,6,Female,2021-08-03,Active
STU008391,SCH045,10,Female,2022-06-04,Active
STU008392,SCH033,1,Male,2023-05-17,Active
STU008393,SCH011,5,Male,2021-04-26,Active
STU008394,SCH011,3,Male,2019-02-12,Active
STU008395,SCH027,7,Female,2019-03-08,Active
STU008396,SCH015,3,Male,2019-08-10,Active
STU008397,SCH023,10,Female,2023-10-29,Active
STU008398,SCH018,4,Male,2022-09-27,Active
STU008399,SCH025,0,Male,2020-04-24,Active
STU008400,SCH021,7,Male,2019-11-02,Active
STU008401,SCH050,10,Male,2019-08-28,Active
STU008402,SCH036,4,Female,2021-04-19,Active
STU008403,SCH006,4,Female,2018-09-11,Active
STU008404,SCH044,10,Female,2023-06-17,Active
STU008405,SCH047,3,Male,2018-08-15,Active
STU008406,SCH018,3,Female,2019-03-06,Active
STU008407,SCH030,0,Non-specified,2019-10-01,Active
STU008408,SCH015,3,Female,2022-08-23,Active
STU008409,SCH038,0,Male,2023-02-14,Active
STU008410,SCH029,10,Female,2020-09-01,Active
STU008411,SCH028,1,Male,2018-08-11,Active
STU008412,SCH022,12,Female,2018-06-14,Active
STU008413,SCH038,6,Female,2018-06-17,Active
STU008414,SCH011,6,Female,2023-02-08,Active
STU008415,SCH008,5,Male,2021-10-01,Active
STU008416,SCH046,3,Male,2023-02-21,Active
STU008417,SCH004,1,Male,2022-07-04,Active
STU008418,SCH047,6,Female,2020-06-30,Active
STU008419,SCH041,2,Female,2023-08-12,Active
STU008420,SCH036,4,Male,2023-11-05,Active
STU008421,SCH042,12,Female,2019-08-21,Active
STU008422,SCH044,7,Female,2019-10-10,Active
STU008423,SCH046,2,Female,2020-06-18,Active
STU008424,SCH043,7,Male,2022-10-05,Active
STU008425,SCH001,12,Female,2022-05-09,Active
STU008426,SCH034,12,Male,2022-06-16,Active
STU008427,SCH043,8,Male,2023-10-13,Active
STU008428,SCH030,4,Male,2018-04-01,Active
STU008429,SCH033,6,Female,2021-11-30,Active
STU008430,SCH005,6,Female,2021-03-26,Active
STU008431,SCH050,10,Male,2021-07-01,Active
STU008432,SCH018,3,Female,2021-01-05,Active
STU008433,SCH050,9,Female,2020-07-12,Active
STU008434,SCH045,8,Female,2023-02-23,Active
STU008435,SCH014,1,Male,2020-11-19,Active
STU008436,SCH021,12,Female,2020-05-22,Active
STU008437,SCH011,5,Female,2022-02-20,Active
STU008438,SCH045,10,Male,2023-04-25,Active
STU008439,SCH033,3,Female,2019-03-02,Active
STU008440,SCH005,2,Female,2020-08-22,Active
STU008441,SCH011,5,Female,2021-11-14,Active
STU008442,SCH007,4,Female,2021-03-17,Active
STU008443,SCH022,11,Female,2021-04-03,Active
STU008444,SCH046,8,Female,2020-12-20,Active
STU008445,SCH002,12,Female,2023-10-28,Active
STU008446,SCH047,0,Male,2021-09-26,Active
STU008447,SCH014,5,Female,2023-06-15,Active
STU008448,SCH018,3,Female,2021-02-17,Active
STU008449,SCH046,11,Male,2021-01-30,Active
STU008450,SCH032,10,Male,2022-07-21,Active
STU008451,SCH027,10,Male,2018-06-06,Active
STU008452,SCH026,1,Male,2021-06-24,Active
STU008453,SCH026,4,Female,2018-08-24,Active
STU008454,SCH013,4,Male,2018-09-23,Active
STU008455,SCH006,3,Male,2023-08-21,Active
STU008456,SCH003,5,Female,2020-07-28,Active
STU008457,SCH039,2,Male,2019-03-04,Active
STU008458,SCH044,7,Male,2018-09-29,Active
STU008459,SCH011,5,Male,2018-05-26,Active
STU008460,SCH040,5,Female,2022-07-05,Active
STU008461,SCH030,5,Male,2023-02-07,Active
STU008462,SCH031,4,Male,2018-10-25,Active
STU008463,SCH050,8,Female,2023-09-23,Active
STU008464,SCH010,12,Female,2018-02-28,Active
STU008465,SCH029,7,Female,2021-10-06,Active
STU008466,SCH023,9,Male,2019-02-22,Active
STU008467,SCH011,3,Male,2021-05-05,Active
STU008468,SCH006,1,Female,2020-03-07,Active
STU008469,SCH029,10,Male,2018-10-21,Active
STU008470,SCH032,10,Male,2022-08-03,Active
STU008471,SCH040,0,Male,2022-12-06,Active
STU008472,SCH044,10,Female,2020-11-21,Active
STU008473,SCH007,1,Female,2020-11-05,Active
STU008474,SCH045,8,Female,2022-08-25,Active
STU008475,SCH018,4,Male,2020-06-30,Active
STU008476,SCH006,3,Male,2020-06-15,Active
STU008477,SCH013,3,Non-specified,2020-01-06,Active
STU008478,SCH040,2,Male,2020-11-04,Active
STU008479,SCH022,12,Male,2018-10-03,Active
STU008480,SCH043,10,Female,2020-01-18,Active
STU008481,SCH017,11,Female,2019-07-13,Active
STU008482,SCH049,12,Male,2021-04-17,Active
STU008483,SCH019,3,Female,2018-11-14,Active
STU008484,SCH044,9,Male,2020-12-23,Active
STU008485,SCH009,8,Female,2021-03-22,Active
STU008486,SCH011,3,Female,2019-01-11,Active
STU008487,SCH006,0,Male,2022-10-05,Active
STU008488,SCH048,0,Male,2022-07-03,Active
STU008489,SCH002,12,Male,2018-12-13,Active
STU008490,SCH045,7,Male,2018-04-12,Active
STU008491,SCH007,3,Male,2020-12-05,Active
STU008492,SCH008,4,Male,2021-01-04,Active
STU008493,SCH007,6,Male,2021-02-14,Active
STU008494,SCH049,12,Female,2023-05-22,Active
STU008495,SCH006,1,Male,2020-07-21,Active
STU008496,SCH021,12,Male,2020-04-11,Active
STU008497,SCH003,3,Female,2021-10-03,Active
STU008498,SCH029,9,Female,2019-09-28,Active
STU008499,SCH002,11,Female,2022-12-12,Active
STU008500,SCH048,3,Male,2022-11-11,Active
STU008501,SCH036,1,Female,2019-10-07,Active
STU008502,SCH009,10,Female,2023-10-29,Active
STU008503,SCH002,12,Female,2019-09-03,Active
STU008504,SCH003,5,Male,2020-02-19,Active
STU008505,SCH012,8,Male,2020-04-17,Active
STU008506,SCH007,6,Female,2019-05-24,Active
STU008507,SCH026,5,Male,2018-02-04,Active
STU008508,SCH028,5,Female,2020-05-22,Active
STU008509,SCH049,11,Male,2021-07-01,Active
STU008510,SCH032,7,Female,2021-05-27,Active
STU008511,SCH032,9,Male,2019-02-27,Active
STU008512,SCH035,9,Female,2021-10-20,Active
STU008513,SCH040,6,Female,2020-12-23,Active
STU008514,SCH033,2,Female,2022-04-21,Active
STU008515,SCH016,3,Male,2019-07-24,Active
STU008516,SCH008,3,Female,2019-04-04,Active
STU008517,SCH014,5,Non-specified,2023-05-22,Active
STU008518,SCH011,1,Male,2022-07-13,Active
STU008519,SCH022,11,Female,2020-12-05,Active
STU008520,SCH026,5,Male,2021-10-10,Active
STU008521,SCH017,11,Female,2022-07-16,Active
STU008522,SCH005,0,Male,2019-10-23,Active
STU008523,SCH022,12,Female,2021-10-06,Active
STU008524,SCH045,10,Male,2021-07-23,Active
STU008525,SCH039,5,Female,2022-02-19,Active
STU008526,SCH041,0,Male,2021-04-13,Active
STU008527,SCH022,12,Male,2021-05-17,Active
STU008528,SCH031,3,Female,2021-12-18,Active
STU008529,SCH010,9,Female,2018-03-01,Active
STU008530,SCH040,1,Female,2022-02-05,Active
STU008531,SCH030,2,Male,2018-06-10,Active
STU008532,SCH012,9,Male,2022-12-21,Active
STU008533,SCH015,5,Female,2022-08-20,Active
STU008534,SCH017,12,Female,2018-01-23,Active
STU008535,SCH044,8,Male,2020-07-20,Active
STU008536,SCH023,8,Male,2021-05-25,Active
STU008537,SCH040,0,Male,2020-04-16,Active
STU008538,SCH022,12,Female,2020-05-23,Active
STU008539,SCH049,11,Female,2018-10-01,Active
STU008540,SCH042,11,Female,2023-11-06,Active
STU008541,SCH048,2,Female,2021-03-23,Active
STU008542,SCH044,9,Male,2023-10-22,Active
STU008543,SCH005,2,Male,2021-10-20,Active
STU008544,SCH047,1,Female,2023-05-01,Active
STU008545,SCH035,9,Male,2021-08-01,Active
STU008546,SCH012,8,Female,2023-10-06,Active
STU008547,SCH001,11,Male,2020-10-30,Active
STU008548,SCH041,3,Male,2023-09-28,Active
STU008549,SCH009,7,Male,2020-12-27,Active
STU008550,SCH024,12,Male,2021-02-10,Active
STU008551,SCH039,0,Female,2020-11-25,Active
STU008552,SCH025,6,Male,2020-11-26,Active
STU008553,SCH017,11,Female,2019-08-06,Active
STU008554,SCH043,8,Male,2018-05-19,Active
STU008555,SCH027,8,Female,2022-05-29,Active
STU008556,SCH045,9,Female,2020-08-30,Active
STU008557,SCH043,10,Non-specified,2019-08-27,Active
STU008558,SCH018,3,Male,2018-09-20,Active
STU008559,SCH011,4,Female,2019-01-25,Active
STU008560,SCH017,11,Male,2023-10-19,Active
STU008561,SCH001,11,Female,2022-05-20,Active
STU008562,SCH025,4,Male,2021-06-07,Active
STU008563,SCH040,0,Female,2019-09-16,Active
STU008564,SCH026,0,Female,2022-04-29,Active
STU008565,SCH039,4,Female,2021-12-13,Active
STU008566,SCH019,2,Male,2022-04-16,Active
STU008567,SCH017,11,Female,2023-04-18,Active
STU008568,SCH022,11,Non-specified,2018-03-14,Active
STU008569,SCH028,3,Female,2018-03-03,Active
STU008570,SCH030,3,Female,2023-03-10,Active
STU008571,SCH016,2,Male,2020-02-26,Active
STU008572,SCH006,5,Male,2020-02-14,Active
STU008573,SCH005,3,Female,2021-08-12,Active
STU008574,SCH046,11,Female,2022-07-17,Active
STU008575,SCH018,5,Female,2019-07-06,Active
STU008576,SCH010,9,Male,2021-09-12,Active
STU008577,SCH034,11,Male,2023-08-31,Active
STU008578,SCH015,3,Female,2023-02-14,Active
STU008579,SCH031,10,Male,2020-05-08,Active
STU008580,SCH043,7,Male,2021-09-08,Active
STU008581,SCH008,1,Male,2023-06-02,Active
STU008582,SCH035,7,Female,2022-05-23,Active
STU008583,SCH028,6,Female,2023-12-05,Active
STU008584,SCH015,3,Male,2021-04-27,Active
STU008585,SCH006,0,Female,2023-06-01,Active
STU008586,SCH011,6,Female,2023-09-02,Active
STU008587,SCH011,6,Male,2018-10-22,Active
STU008588,SCH031,8,Female,2023-06-30,Active
STU008589,SCH011,0,Male,2019-06-13,Active
STU008590,SCH004,6,Male,2020-02-23,Active
STU008591,SCH037,0,Female,2023-06-23,Active
STU008592,SCH022,12,Female,2018-01-25,Active
STU008593,SCH050,9,Male,2020-07-23,Active
STU008594,SCH034,11,Male,2019-11-12,Active
STU008595,SCH021,8,Male,2023-06-24,Active
STU008596,SCH010,1,Male,2022-03-13,Active
STU008597,SCH028,3,Male,2022-01-31,Active
STU008598,SCH030,3,Female,2019-12-27,Active
STU008599,SCH036,2,Male,2019-02-16,Active
STU008600,SCH041,4,Female,2021-06-20,Active
STU008601,SCH049,12,Female,2023-11-02,Active
STU008602,SCH033,1,Male,2021-03-07,Active
STU008603,SCH030,1,Female,2021-08-12,Active
STU008604,SCH025,2,Male,2021-01-27,Active
STU008605,SCH008,6,Male,2021-09-08,Active
STU008606,SCH031,11,Female,2019-03-02,Active
STU008607,SCH018,1,Male,2023-06-27,Active
STU008608,SCH012,9,Female,2023-09-16,Active
STU008609,SCH028,2,Male,2018-07-26,Active
STU008610,SCH024,11,Female,2022-03-17,Active
STU008611,SCH008,0,Male,2023-11-23,Active
STU008612,SCH030,3,Male,2021-07-26,Active
STU008613,SCH027,10,Female,2018-04-28,Active
STU008614,SCH016,3,Female,2019-06-25,Active
STU008615,SCH039,6,Female,2018-06-17,Active
STU008616,SCH047,1,Male,2022-08-30,Active
STU008617,SCH010,6,Female,2021-05-13,Active
STU008618,SCH032,7,Male,2020-02-29,Active
STU008619,SCH021,9,Male,2023-06-17,Active
STU008620,SCH018,0,Female,2019-11-05,Active
STU008621,SCH044,10,Male,2021-08-23,Active
STU008622,SCH001,11,Male,2019-07-23,Active
STU008623,SCH008,4,Non-specified,2020-11-26,Active
STU008624,SCH048,5,Female,2019-03-21,Active
STU008625,SCH043,7,Male,2021-12-29,Active
STU008626,SCH045,8,Female,2022-07-20,Active
STU008627,SCH049,11,Female,2018-08-09,Active
STU008628,SCH042,11,Female,2023-06-15,Active
STU008629,SCH001,12,Male,2020-11-13,Active
STU008630,SCH032,10,Female,2023-07-13,Active
STU008631,SCH035,9,Female,2018-11-27,Active
STU008632,SCH001,11,Male,2022-08-08,Active
STU008633,SCH048,5,Female,2022-01-19,Active
STU008634,SCH020,5,Male,2021-01-03,Active
STU008635,SCH017,12,Female,2021-12-25,Active
STU008636,SCH024,11,Female,2018-02-20,Active
STU008637,SCH047,4,Female,2019-11-18,Active
STU008638,SCH007,5,Male,2019-09-16,Active
STU008639,SCH024,12,Female,2019-03-31,Active
STU008640,SCH032,9,Male,2021-02-08,Active
STU008641,SCH048,4,Female,2021-04-18,Active
STU008642,SCH033,1,Female,2022-08-21,Active
STU008643,SCH048,6,Male,2022-09-09,Active
STU008644,SCH024,12,Female,2020-10-01,Active
STU008645,SCH037,1,Male,2020-02-01,Active
STU008646,SCH034,12,Male,2023-10-04,Active
STU008647,SCH037,0,Male,2022-05-19,Active
STU008648,SCH017,12,Female,2023-09-12,Active
STU008649,SCH016,0,Male,2022-03-24,Active
STU008650,SCH016,0,Male,2022-08-11,Active
STU008651,SCH039,4,Male,2023-06-04,Active
STU008652,SCH021,10,Female,2022-06-28,Active
STU008653,SCH014,5,Male,2022-10-04,Active
STU008654,SCH050,10,Female,2020-03-10,Active
STU008655,SCH024,11,Male,2018-12-21,Active
STU008656,SCH005,0,Female,2021-09-20,Active
STU008657,SCH009,10,Female,2023-09-22,Active
STU008658,SCH020,6,Female,2022-12-20,Active
STU008659,SCH046,5,Male,2022-06-23,Active
STU008660,SCH037,5,Female,2018-08-07,Active
STU008661,SCH005,0,Female,2020-10-25,Active
STU008662,SCH037,2,Female,2021-05-25,Active
STU008663,SCH037,1,Male,2018-12-16,Active
STU008664,SCH032,9,Male,2023-05-17,Active
STU008665,SCH049,11,Female,2022-05-30,Active
STU008666,SCH011,2,Female,2019-09-03,Active
STU008667,SCH002,11,Male,2023-11-01,Active
STU008668,SCH034,11,Female,2020-12-21,Active
STU008669,SCH015,0,Female,2021-11-13,Active
STU008670,SCH037,0,Male,2020-02-29,Active
STU008671,SCH003,6,Male,2019-11-29,Active
STU008672,SCH047,2,Female,2021-12-02,Active
STU008673,SCH036,2,Female,2019-08-27,Active
STU008674,SCH021,8,Male,2018-01-03,Active
STU008675,SCH008,3,Female,2022-09-10,Active
STU008676,SCH008,6,Male,2019-01-06,Active
STU008677,SCH032,10,Female,2023-04-09,Active
STU008678,SCH046,3,Male,2022-06-04,Active
STU008679,SCH020,0,Female,2021-11-07,Active
STU008680,SCH022,11,Female,2019-06-19,Active
STU008681,SCH041,5,Female,2019-02-11,Active
STU008682,SCH037,2,Female,2019-06-26,Active
STU008683,SCH010,2,Male,2023-07-24,Active
STU008684,SCH034,11,Male,2019-03-18,Active
STU008685,SCH037,0,Male,2019-10-17,Active
STU008686,SCH025,6,Male,2023-05-31,Active
STU008687,SCH010,9,Female,2023-03-01,Active
STU008688,SCH018,4,Male,2020-11-16,Active
STU008689,SCH012,7,Male,2020-01-24,Active
STU008690,SCH030,3,Male,2018-08-27,Active
STU008691,SCH008,5,Female,2023-07-05,Active
STU008692,SCH003,4,Female,2022-10-21,Active
STU008693,SCH034,12,Female,2019-11-10,Active
STU008694,SCH030,1,Female,2019-05-13,Active
STU008695,SCH006,5,Male,2021-07-25,Active
STU008696,SCH023,9,Female,2019-03-23,Active
STU008697,SCH020,4,Male,2018-07-20,Active
STU008698,SCH017,12,Male,2021-10-10,Active
STU008699,SCH005,1,Female,2021-03-22,Active
STU008700,SCH045,10,Male,2021-07-21,Active
STU008701,SCH004,2,Female,2019-03-16,Active
STU008702,SCH021,11,Male,2018-04-22,Active
STU008703,SCH030,6,Female,2021-08-03,Active
STU008704,SCH014,2,Male,2019-03-11,Active
STU008705,SCH035,7,Female,2020-06-09,Active
STU008706,SCH007,0,Female,2022-12-11,Active
STU008707,SCH046,6,Male,2018-09-05,Active
STU008708,SCH044,7,Female,2022-05-26,Active
STU008709,SCH012,7,Female,2019-07-14,Active
STU008710,SCH024,12,Male,2019-10-01,Active
STU008711,SCH014,0,Female,2022-06-11,Active
STU008712,SCH015,5,Male,2018-07-11,Active
STU008713,SCH009,9,Male,2018-07-01,Active
STU008714,SCH032,9,Female,2023-11-13,Active
STU008715,SCH014,1,Female,2023-09-09,Active
STU008716,SCH012,9,Female,2019-11-11,Active
STU008717,SCH004,5,Female,2019-08-15,Active
STU008718,SCH043,7,Female,2020-01-30,Active
STU008719,SCH035,10,Male,2021-02-18,Active
STU008720,SCH024,11,Male,2021-10-18,Active
STU008721,SCH017,12,Male,2022-04-04,Active
STU008722,SCH016,0,Male,2021-02-08,Active
STU008723,SCH018,4,Female,2023-07-11,Active
STU008724,SCH003,2,Female,2018-01-16,Active
STU008725,SCH032,10,Female,2022-05-23,Active
STU008726,SCH009,8,Female,2023-04-24,Active
STU008727,SCH049,12,Female,2018-07-27,Active
STU008728,SCH019,1,Female,2019-04-22,Active
STU008729,SCH005,1,Male,2022-04-27,Active
STU008730,SCH028,2,Female,2019-10-21,Active
STU008731,SCH016,0,Female,2019-09-19,Active
STU008732,SCH028,6,Male,2021-07-03,Active
STU008733,SCH044,8,Male,2019-07-02,Active
STU008734,SCH040,4,Male,2023-08-22,Active
STU008735,SCH006,6,Male,2022-03-30,Active
STU008736,SCH009,7,Male,2018-11-09,Active
STU008737,SCH038,3,Female,2023-07-07,Active
STU008738,SCH009,10,Female,2021-12-20,Active
STU008739,SCH009,9,Female,2021-02-08,Active
STU008740,SCH010,2,Male,2019-03-30,Active
STU008741,SCH033,2,Female,2021-11-17,Active
STU008742,SCH009,10,Male,2022-09-10,Active
STU008743,SCH008,5,Male,2020-04-07,Active
STU008744,SCH023,8,Male,2022-12-11,Active
STU008745,SCH021,8,Female,2020-05-24,Active
STU008746,SCH029,7,Female,2019-06-02,Active
STU008747,SCH009,9,Male,2022-04-25,Active
STU008748,SCH005,3,Male,2023-09-11,Active
STU008749,SCH031,8,Male,2022-11-24,Active
STU008750,SCH031,4,Female,2018-08-24,Active
STU008751,SCH027,8,Male,2022-09-27,Active
STU008752,SCH037,3,Male,2019-11-01,Active
STU008753,SCH013,4,Female,2019-11-15,Active
STU008754,SCH016,0,Male,2018-07-09,Active
STU008755,SCH049,11,Male,2023-01-13,Active
STU008756,SCH019,0,Male,2023-10-07,Active
STU008757,SCH030,3,Male,2020-11-15,Active
STU008758,SCH016,3,Female,2018-08-19,Active
STU008759,SCH010,1,Male,2021-11-21,Active
STU008760,SCH044,7,Male,2021-07-14,Active
STU008761,SCH032,7,Male,2021-10-22,Active
STU008762,SCH044,9,Female,2019-01-04,Active
STU008763,SCH013,5,Male,2022-11-17,Active
STU008764,SCH021,11,Male,2019-03-02,Active
STU008765,SCH009,10,Male,2020-07-15,Active
STU008766,SCH034,11,Male,2022-05-16,Active
STU008767,SCH019,1,Male,2018-06-05,Active
STU008768,SCH032,10,Female,2022-10-05,Active
STU008769,SCH004,1,Female,2020-10-06,Active
STU008770,SCH007,6,Female,2021-01-07,Active
STU008771,SCH028,6,Male,2019-04-20,Active
STU008772,SCH004,5,Female,2023-01-07,Active
STU008773,SCH028,5,Male,2018-10-05,Active
STU008774,SCH044,9,Female,2023-02-14,Active
STU008775,SCH026,3,Female,2020-09-16,Active
STU008776,SCH006,0,Male,2023-10-08,Active
STU008777,SCH020,4,Male,2020-04-25,Active
STU008778,SCH002,12,Female,2021-04-20,Active
STU008779,SCH024,12,Non-specified,2022-02-18,Active
STU008780,SCH030,3,Male,2020-06-12,Active
STU008781,SCH028,1,Male,2023-11-24,Active
STU008782,SCH001,12,Male,2020-06-28,Active
STU008783,SCH013,6,Male,2023-06-13,Active
STU008784,SCH005,2,Male,2020-09-05,Active
STU008785,SCH042,12,Non-specified,2023-02-03,Active
STU008786,SCH039,3,Male,2022-09-24,Active
STU008787,SCH043,8,Non-specified,2019-11-09,Active
STU008788,SCH031,3,Female,2022-02-25,Active
STU008789,SCH036,4,Male,2022-05-08,Active
STU008790,SCH019,0,Female,2022-08-02,Active
STU008791,SCH013,4,Female,2022-07-24,Active
STU008792,SCH007,3,Male,2018-03-07,Active
STU008793,SCH010,3,Male,2020-10-13,Active
STU008794,SCH011,5,Female,2019-01-03,Active
STU008795,SCH004,6,Non-specified,2020-01-12,Active
STU008796,SCH037,0,Male,2018-12-24,Active
STU008797,SCH048,1,Female,2019-03-21,Active
STU008798,SCH028,5,Male,2018-02-05,Active
STU008799,SCH027,9,Male,2021-04-19,Active
STU008800,SCH010,9,Female,2018-11-30,Active
STU008801,SCH035,10,Male,2018-01-28,Active
STU008802,SCH002,12,Female,2021-04-19,Active
STU008803,SCH022,12,Female,2021-05-02,Active
STU008804,SCH005,2,Male,2021-09-26,Active
STU008805,SCH048,2,Female,2020-04-10,Active
STU008806,SCH021,10,Male,2019-11-17,Active
STU008807,SCH009,7,Female,2022-11-30,Active
STU008808,SCH045,7,Male,2022-02-13,Active
STU008809,SCH034,11,Male,2020-03-29,Active
STU008810,SCH032,10,Male,2021-04-14,Active
STU008811,SCH029,8,Non-specified,2018-06-10,Active
STU008812,SCH015,6,Male,2019-07-29,Active
STU008813,SCH028,2,Male,2023-08-09,Active
STU008814,SCH003,0,Male,2018-04-27,Active
STU008815,SCH029,10,Male,2022-03-28,Active
STU008816,SCH048,3,Male,2022-09-27,Active
STU008817,SCH031,0,Female,2020-07-11,Active
STU008818,SCH018,6,Male,2023-04-27,Active
STU008819,SCH042,11,Female,2020-05-23,Active
STU008820,SCH005,6,Male,2019-09-19,Active
STU008821,SCH023,7,Female,2018-10-10,Active
STU008822,SCH025,4,Female,2019-05-22,Active
STU008823,SCH049,12,Female,2023-03-26,Active
STU008824,SCH034,11,Female,2019-08-09,Active
STU008825,SCH045,9,Male,2018-08-25,Active
STU008826,SCH030,6,Female,2021-03-13,Active
STU008827,SCH018,6,Male,2020-02-02,Active
STU008828,SCH034,12,Female,2019-08-27,Active
STU008829,SCH017,11,Male,2020-09-24,Active
STU008830,SCH035,10,Female,2019-07-02,Active
STU008831,SCH044,7,Male,2019-12-11,Active
STU008832,SCH047,0,Female,2020-08-16,Active
STU008833,SCH022,11,Male,2018-10-23,Active
STU008834,SCH006,2,Female,2022-05-01,Active
STU008835,SCH016,4,Male,2022-02-24,Active
STU008836,SCH002,11,Male,2019-11-12,Active
STU008837,SCH037,1,Female,2018-01-06,Active
STU008838,SCH021,6,Male,2022-11-06,Active
STU008839,SCH032,9,Male,2023-09-29,Active
STU008840,SCH025,1,Female,2022-08-16,Active
STU008841,SCH042,12,Female,2018-01-24,Active
STU008842,SCH032,10,Male,2023-01-25,Active
STU008843,SCH045,10,Male,2022-03-13,Active
STU008844,SCH050,7,Female,2018-06-23,Active
STU008845,SCH014,0,Female,2022-05-05,Active
STU008846,SCH031,7,Male,2020-02-09,Active
STU008847,SCH047,1,Female,2020-01-03,Active
STU008848,SCH027,8,Female,2019-12-19,Active
STU008849,SCH009,7,Male,2022-04-30,Active
STU008850,SCH028,0,Male,2022-06-10,Active
STU008851,SCH032,10,Female,2021-06-22,Active
STU008852,SCH015,0,Male,2022-04-04,Active
STU008853,SCH027,8,Female,2023-03-09,Active
STU008854,SCH041,3,Male,2018-07-12,Active
STU008855,SCH011,5,Male,2023-12-21,Active
STU008856,SCH025,6,Female,2018-11-17,Active
STU008857,SCH023,8,Female,2023-09-28,Active
STU008858,SCH020,1,Male,2023-02-05,Active
STU008859,SCH025,1,Male,2018-03-30,Active
STU008860,SCH001,12,Male,2018-09-27,Active
STU008861,SCH045,7,Female,2019-07-26,Active
STU008862,SCH026,2,Male,2021-07-01,Active
STU008863,SCH014,3,Male,2023-08-26,Active
STU008864,SCH048,1,Female,2019-05-19,Active
STU008865,SCH018,1,Male,2018-09-14,Active
STU008866,SCH011,2,Male,2023-08-27,Active
STU008867,SCH026,3,Female,2021-02-02,Active
STU008868,SCH042,11,Male,2019-08-05,Active
STU008869,SCH004,2,Female,2020-10-10,Active
STU008870,SCH014,6,Female,2020-07-26,Active
STU008871,SCH021,5,Female,2019-07-23,Active
STU008872,SCH017,12,Female,2022-01-20,Active
STU008873,SCH044,8,Male,2018-10-06,Active
STU008874,SCH009,9,Female,2018-10-25,Active
STU008875,SCH013,6,Female,2020-04-24,Active
STU008876,SCH003,2,Female,2020-07-17,Active
STU008877,SCH014,0,Male,2018-12-29,Active
STU008878,SCH034,11,Male,2018-05-21,Active
STU008879,SCH048,6,Male,2019-02-08,Active
STU008880,SCH016,1,Female,2022-01-05,Active
STU008881,SCH017,11,Female,2018-04-01,Active
STU008882,SCH004,6,Male,2021-12-26,Active
STU008883,SCH014,4,Male,2022-08-12,Active
STU008884,SCH024,12,Male,2021-03-23,Active
STU008885,SCH015,3,Male,2023-11-08,Active
STU008886,SCH003,6,Male,2021-01-30,Active
STU008887,SCH033,2,Male,2018-03-19,Active
STU008888,SCH049,12,Male,2022-09-10,Active
STU008889,SCH012,10,Female,2022-04-24,Active
STU008890,SCH001,12,Male,2021-12-18,Active
STU008891,SCH017,12,Male,2021-03-13,Active
STU008892,SCH043,7,Male,2023-07-09,Active
STU008893,SCH009,8,Female,2022-05-08,Active
STU008894,SCH019,4,Male,2022-02-24,Active
STU008895,SCH033,1,Female,2018-08-02,Active
STU008896,SCH010,0,Female,2018-06-03,Active
STU008897,SCH049,11,Male,2018-07-31,Active
STU008898,SCH032,8,Female,2021-07-01,Active
STU008899,SCH032,9,Female,2022-01-30,Active
STU008900,SCH012,7,Male,2022-08-18,Active
STU008901,SCH048,4,Female,2020-07-31,Active
STU008902,SCH030,0,Female,2018-07-02,Active
STU008903,SCH019,3,Male,2020-11-10,Active
STU008904,SCH016,3,Female,2023-09-18,Active
STU008905,SCH010,0,Female,2022-10-12,Active
STU008906,SCH034,12,Female,2022-09-04,Active
STU008907,SCH036,2,Female,2018-02-04,Active
STU008908,SCH036,1,Male,2021-03-09,Active
STU008909,SCH049,12,Female,2023-01-24,Active
STU008910,SCH016,0,Male,2023-08-08,Active
STU008911,SCH044,7,Male,2022-04-06,Active
STU008912,SCH013,1,Female,2020-10-19,Active
STU008913,SCH010,12,Female,2023-10-15,Active
STU008914,SCH022,11,Female,2019-03-27,Active
STU008915,SCH008,0,Male,2020-06-02,Active
STU008916,SCH040,1,Female,2020-01-23,Active
STU008917,SCH015,4,Female,2022-03-26,Active
STU008918,SCH049,11,Male,2021-12-23,Active
STU008919,SCH030,0,Male,2022-10-25,Active
STU008920,SCH044,10,Male,2021-05-23,Active
STU008921,SCH028,2,Male,2019-11-30,Active
STU008922,SCH031,11,Female,2019-02-12,Active
STU008923,SCH026,4,Male,2023-05-31,Active
STU008924,SCH013,2,Female,2023-08-05,Active
STU008925,SCH018,6,Male,2018-03-28,Active
STU008926,SCH003,1,Female,2020-04-30,Active
STU008927,SCH035,8,Female,2023-02-11,Active
STU008928,SCH049,12,Male,2018-04-23,Active
STU008929,SCH014,3,Female,2022-01-26,Active
STU008930,SCH041,2,Female,2020-06-21,Active
STU008931,SCH024,12,Female,2020-10-09,Active
STU008932,SCH037,5,Male,2022-03-14,Active
STU008933,SCH008,2,Female,2021-03-18,Active
STU008934,SCH023,7,Female,2018-05-15,Active
STU008935,SCH024,12,Female,2020-05-27,Active
STU008936,SCH049,11,Male,2023-10-22,Active
STU008937,SCH017,12,Female,2019-05-30,Active
STU008938,SCH012,10,Female,2019-08-04,Active
STU008939,SCH038,5,Female,2020-11-18,Active
STU008940,SCH049,11,Male,2019-04-02,Active
STU008941,SCH047,5,Male,2023-04-07,Active
STU008942,SCH005,5,Male,2019-12-31,Active
STU008943,SCH010,11,Female,2022-04-01,Active
STU008944,SCH001,12,Female,2023-09-09,Active
STU008945,SCH039,3,Male,2021-08-05,Active
STU008946,SCH011,6,Female,2020-05-13,Active
STU008947,SCH043,9,Female,2022-04-30,Active
STU008948,SCH047,2,Female,2021-04-03,Active
STU008949,SCH002,12,Male,2019-07-13,Active
STU008950,SCH034,12,Female,2021-11-05,Active
STU008951,SCH012,9,Female,2019-09-20,Active
STU008952,SCH043,8,Male,2020-05-30,Active
STU008953,SCH036,3,Female,2019-03-26,Active
STU008954,SCH001,12,Female,2018-06-25,Active
STU008955,SCH036,3,Female,2020-05-27,Active
STU008956,SCH014,5,Female,2022-08-09,Active
STU008957,SCH032,10,Female,2018-01-31,Active
STU008958,SCH038,0,Female,2020-04-08,Active
STU008959,SCH042,11,Female,2018-03-10,Active
STU008960,SCH035,7,Female,2022-02-19,Active
STU008961,SCH025,0,Female,2019-04-21,Active
STU008962,SCH006,2,Female,2020-04-23,Active
STU008963,SCH019,2,Female,2020-12-07,Active
STU008964,SCH013,4,Male,2021-12-20,Active
STU008965,SCH010,2,Male,2018-11-29,Active
STU008966,SCH008,2,Female,2021-04-23,Active
STU008967,SCH009,7,Male,2020-01-16,Active
STU008968,SCH017,11,Female,2018-04-04,Active
STU008969,SCH041,0,Male,2023-08-30,Active
STU008970,SCH006,2,Female,2018-07-13,Active
STU008971,SCH017,11,Female,2021-04-11,Active
STU008972,SCH009,7,Male,2019-05-07,Active
STU008973,SCH035,7,Female,2021-07-04,Active
STU008974,SCH019,2,Male,2021-01-15,Active
STU008975,SCH017,12,Male,2023-04-15,Active
STU008976,SCH048,2,Female,2019-03-08,Active
STU008977,SCH009,7,Female,2018-06-05,Active
STU008978,SCH034,11,Female,2022-04-13,Active
STU008979,SCH025,5,Male,2023-07-17,Active
STU008980,SCH037,3,Female,2021-10-01,Active
STU008981,SCH003,4,Male,2019-07-25,Active
STU008982,SCH005,2,Male,2023-12-16,Active
STU008983,SCH004,6,Female,2021-07-22,Active
STU008984,SCH033,0,Female,2019-05-02,Active
STU008985,SCH036,4,Male,2019-10-21,Active
STU008986,SCH035,7,Male,2020-11-25,Active
STU008987,SCH048,4,Female,2021-08-22,Active
STU008988,SCH021,1,Male,2020-07-20,Active
STU008989,SCH010,0,Female,2021-04-27,Active
STU008990,SCH031,8,Male,2023-01-05,Active
STU008991,SCH019,3,Female,2021-04-20,Active
STU008992,SCH042,12,Female,2019-11-25,Active
STU008993,SCH038,6,Male,2022-12-04,Active
STU008994,SCH009,10,Female,2021-08-29,Active
STU008995,SCH002,12,Non-specified,2022-12-28,Active
STU008996,SCH010,9,Female,2020-01-04,Active
STU008997,SCH021,12,Female,2022-12-22,Active
STU008998,SCH035,10,Female,2019-12-08,Active
STU008999,SCH034,12,Male,2020-04-20,Active
STU009000,SCH044,10,Male,2020-01-16,Active
STU009001,SCH007,6,Female,2020-05-07,Active
STU009002,SCH040,1,Female,2020-11-02,Active
STU009003,SCH024,12,Female,2023-03-07,Active
STU009004,SCH026,0,Male,2020-12-27,Active
STU009005,SCH017,12,Male,2019-11-10,Active
STU009006,SCH033,5,Female,2018-08-21,Active
STU009007,SCH048,5,Male,2018-06-02,Active
STU009008,SCH004,3,Female,2021-04-22,Active
STU009009,SCH044,7,Female,2020-12-18,Active
STU009010,SCH024,12,Female,2022-11-17,Active
STU009011,SCH043,7,Female,2018-03-14,Active
STU009012,SCH043,9,Female,2022-08-13,Active
STU009013,SCH034,11,Male,2022-12-01,Active
STU009014,SCH013,2,Male,2020-02-17,Active
STU009015,SCH017,11,Female,2022-08-22,Active
STU009016,SCH024,12,Male,2023-08-24,Active
STU009017,SCH012,9,Female,2022-04-07,Active
STU009018,SCH027,10,Female,2023-09-17,Active
STU009019,SCH006,5,Male,2019-01-22,Active
STU009020,SCH012,9,Male,2019-08-02,Active
STU009021,SCH040,0,Male,2019-12-19,Active
STU009022,SCH049,12,Female,2019-04-12,Active
STU009023,SCH037,0,Male,2018-10-23,Active
STU009024,SCH036,5,Female,2023-10-29,Active
STU009025,SCH049,12,Male,2022-12-05,Active
STU009026,SCH016,0,Female,2018-04-10,Active
STU009027,SCH002,11,Male,2018-11-19,Active
STU009028,SCH029,7,Male,2018-08-23,Active
STU009029,SCH003,3,Male,2020-12-01,Active
STU009030,SCH046,8,Female,2019-12-20,Active
STU009031,SCH044,9,Female,2020-04-18,Active
STU009032,SCH027,7,Male,2023-01-17,Active
STU009033,SCH044,9,Male,2020-04-21,Active
STU009034,SCH048,5,Female,2022-09-27,Active
STU009035,SCH020,1,Female,2021-07-27,Active
STU009036,SCH038,1,Male,2023-11-03,Active
STU009037,SCH013,1,Female,2018-09-14,Active
STU009038,SCH027,7,Male,2020-09-25,Active
STU009039,SCH038,5,Male,2022-03-29,Active
STU009040,SCH004,2,Male,2023-09-06,Active
STU009041,SCH042,11,Female,2020-08-30,Active
STU009042,SCH011,1,Female,2023-10-08,Active
STU009043,SCH030,3,Male,2023-02-22,Active
STU009044,SCH004,1,Female,2018-10-28,Active
STU009045,SCH006,3,Male,2023-12-05,Active
STU009046,SCH046,4,Female,2019-09-09,Active
STU009047,SCH024,12,Male,2023-10-30,Active
STU009048,SCH021,1,Female,2020-01-08,Active
STU009049,SCH032,8,Male,2022-12-01,Active
STU009050,SCH042,12,Male,2019-06-14,Active
STU009051,SCH015,4,Male,2020-09-26,Active
STU009052,SCH023,8,Male,2022-05-07,Active
STU009053,SCH002,11,Female,2021-02-19,Active
STU009054,SCH011,3,Male,2021-07-31,Active
STU009055,SCH035,10,Male,2018-07-23,Active
STU009056,SCH015,6,Female,2022-01-28,Active
STU009057,SCH042,11,Male,2019-08-11,Active
STU009058,SCH028,5,Female,2020-06-15,Active
STU009059,SCH044,9,Female,2023-04-04,Active
STU009060,SCH026,0,Male,2022-06-22,Active
STU009061,SCH026,1,Female,2018-03-08,Active
STU009062,SCH020,0,Female,2020-04-03,Active
STU009063,SCH041,1,Male,2019-06-25,Active
STU009064,SCH049,12,Male,2019-06-09,Active
STU009065,SCH025,0,Male,2023-12-11,Active
STU009066,SCH032,9,Female,2021-05-14,Active
STU009067,SCH011,0,Female,2019-03-20,Active
STU009068,SCH018,6,Male,2022-08-05,Active
STU009069,SCH050,8,Female,2021-02-07,Active
STU009070,SCH011,0,Male,2022-10-21,Active
STU009071,SCH048,1,Male,2023-04-02,Active
STU009072,SCH002,11,Male,2022-01-27,Active
STU009073,SCH021,0,Male,2020-08-28,Active
STU009074,SCH040,3,Male,2023-02-11,Active
STU009075,SCH009,8,Male,2018-02-07,Active
STU009076,SCH020,0,Male,2023-04-16,Active
STU009077,SCH024,11,Female,2019-05-28,Active
STU009078,SCH049,12,Male,2023-07-30,Active
STU009079,SCH021,3,Male,2023-09-18,Active
STU009080,SCH038,5,Female,2018-03-09,Active
STU009081,SCH022,11,Female,2023-08-19,Active
STU009082,SCH026,3,Male,2023-10-19,Active
STU009083,SCH016,5,Female,2021-07-24,Active
STU009084,SCH033,4,Non-specified,2020-09-17,Active
STU009085,SCH041,5,Male,2019-03-31,Active
STU009086,SCH032,7,Male,2020-01-16,Active
STU009087,SCH018,0,Male,2020-01-02,Active
STU009088,SCH010,4,Female,2018-03-14,Active
STU009089,SCH047,0,Male,2019-04-08,Active
STU009090,SCH038,4,Male,2020-03-03,Active
STU009091,SCH042,12,Female,2019-07-25,Active
STU009092,SCH047,0,Male,2023-02-22,Active
STU009093,SCH025,2,Female,2023-09-20,Active
STU009094,SCH031,11,Male,2019-06-08,Active
STU009095,SCH017,12,Female,2022-03-05,Active
STU009096,SCH021,2,Female,2021-09-12,Active
STU009097,SCH029,10,Male,2020-10-06,Active
STU009098,SCH039,0,Non-specified,2022-04-30,Active
STU009099,SCH014,5,Female,2023-10-11,Active
STU009100,SCH021,1,Female,2023-08-08,Active
STU009101,SCH016,3,Male,2023-04-28,Active
STU009102,SCH041,4,Male,2018-03-16,Active
STU009103,SCH050,8,Female,2022-01-24,Active
STU009104,SCH003,0,Male,2019-02-18,Active
STU009105,SCH034,11,Male,2022-05-31,Active
STU009106,SCH047,2,Female,2018-08-30,Active
STU009107,SCH038,2,Female,2020-10-23,Active
STU009108,SCH006,1,Male,2020-06-24,Active
STU009109,SCH037,0,Male,2023-09-26,Active
STU009110,SCH029,8,Male,2022-08-12,Active
STU009111,SCH001,12,Male,2018-12-25,Active
STU009112,SCH031,7,Female,2019-12-07,Active
STU009113,SCH023,8,Male,2019-06-02,Active
STU009114,SCH020,2,Female,2018-03-07,Active
STU009115,SCH017,11,Male,2022-05-01,Active
STU009116,SCH002,11,Male,2020-06-06,Active
STU009117,SCH047,5,Non-specified,2020-11-21,Active
STU009118,SCH011,0,Female,2021-08-22,Active
STU009119,SCH022,12,Male,2022-04-13,Active
STU009120,SCH029,9,Female,2021-04-23,Active
STU009121,SCH020,1,Male,2023-02-07,Active
STU009122,SCH040,3,Female,2023-08-20,Active
STU009123,SCH023,10,Female,2019-04-07,Active
STU009124,SCH010,10,Male,2018-08-24,Active
STU009125,SCH010,2,Male,2023-05-12,Active
STU009126,SCH015,1,Male,2022-07-29,Active
STU009127,SCH008,1,Male,2020-01-20,Active
STU009128,SCH047,6,Male,2019-09-09,Active
STU009129,SCH014,5,Male,2018-02-20,Active
STU009130,SCH017,11,Male,2018-03-20,Active
STU009131,SCH027,8,Male,2019-10-15,Active
STU009132,SCH012,10,Male,2021-05-07,Active
STU009133,SCH041,5,Male,2018-01-18,Active
STU009134,SCH049,12,Male,2021-01-12,Active
STU009135,SCH006,0,Female,2023-11-02,Active
STU009136,SCH004,2,Non-specified,2022-12-28,Active
STU009137,SCH003,5,Male,2021-02-10,Active
STU009138,SCH010,6,Male,2018-06-25,Active
STU009139,SCH023,8,Female,2022-03-03,Active
STU009140,SCH048,6,Female,2019-07-28,Active
STU009141,SCH012,9,Male,2022-11-22,Active
STU009142,SCH047,6,Male,2020-10-12,Active
STU009143,SCH009,10,Female,2018-04-10,Active
STU009144,SCH021,6,Male,2021-10-26,Active
STU009145,SCH020,3,Female,2021-02-15,Active
STU009146,SCH038,0,Female,2022-07-02,Active
STU009147,SCH045,10,Female,2021-02-04,Active
STU009148,SCH009,8,Female,2023-05-05,Active
STU009149,SCH013,1,Male,2021-05-03,Active
STU009150,SCH005,5,Female,2021-08-31,Active
STU009151,SCH028,0,Male,2022-11-07,Active
STU009152,SCH027,8,Male,2023-04-29,Active
STU009153,SCH044,10,Male,2020-01-12,Active
STU009154,SCH043,9,Female,2021-09-07,Active
STU009155,SCH049,12,Male,2021-12-28,Active
STU009156,SCH044,10,Female,2021-06-19,Active
STU009157,SCH038,3,Female,2023-01-11,Active
STU009158,SCH039,6,Male,2022-06-25,Active
STU009159,SCH006,1,Male,2022-01-06,Active
STU009160,SCH001,12,Female,2023-09-06,Active
STU009161,SCH008,5,Male,2021-08-21,Active
STU009162,SCH043,10,Female,2022-12-04,Active
STU009163,SCH042,11,Male,2018-07-17,Active
STU009164,SCH027,8,Male,2020-03-09,Active
STU009165,SCH040,1,Male,2021-12-22,Active
STU009166,SCH011,3,Female,2023-07-27,Active
STU009167,SCH024,11,Female,2021-04-28,Active
STU009168,SCH010,1,Female,2018-04-20,Active
STU009169,SCH013,3,Male,2019-10-30,Active
STU009170,SCH025,1,Female,2021-03-12,Active
STU009171,SCH039,6,Male,2019-01-06,Active
STU009172,SCH015,1,Female,2018-07-13,Active
STU009173,SCH016,5,Female,2018-12-18,Active
STU009174,SCH022,12,Female,2022-01-25,Active
STU009175,SCH031,11,Male,2018-10-23,Active
STU009176,SCH030,4,Female,2020-11-21,Active
STU009177,SCH023,8,Female,2022-05-29,Active
STU009178,SCH030,5,Female,2022-10-13,Active
STU009179,SCH004,1,Male,2019-07-21,Active
STU009180,SCH025,4,Male,2022-08-20,Active
STU009181,SCH023,7,Male,2018-02-06,Active
STU009182,SCH038,1,Male,2019-01-10,Active
STU009183,SCH036,2,Female,2021-12-21,Active
STU009184,SCH002,11,Female,2023-02-16,Active
STU009185,SCH009,7,Female,2023-05-15,Active
STU009186,SCH011,1,Female,2023-08-04,Active
STU009187,SCH027,10,Male,2022-01-26,Active
STU009188,SCH007,5,Male,2020-11-15,Active
STU009189,SCH048,6,Male,2022-10-19,Active
STU009190,SCH034,11,Female,2020-01-19,Active
STU009191,SCH007,4,Male,2018-11-09,Active
STU009192,SCH044,9,Female,2023-12-15,Active
STU009193,SCH028,3,Female,2022-09-20,Active
STU009194,SCH043,8,Female,2018-01-29,Active
STU009195,SCH012,10,Female,2023-12-10,Active
STU009196,SCH010,6,Female,2020-09-25,Active
STU009197,SCH036,1,Female,2020-05-06,Active
STU009198,SCH004,2,Female,2019-08-28,Active
STU009199,SCH011,2,Male,2020-05-29,Active
STU009200,SCH021,11,Male,2021-01-17,Active
STU009201,SCH036,0,Male,2019-01-19,Active
STU009202,SCH001,12,Male,2021-02-08,Active
STU009203,SCH009,10,Female,2023-02-25,Active
STU009204,SCH034,12,Non-specified,2020-12-27,Active
STU009205,SCH028,2,Female,2019-04-20,Active
STU009206,SCH028,4,Male,2018-09-02,Active
STU009207,SCH032,8,Male,2023-04-21,Active
STU009208,SCH027,10,Female,2018-11-20,Active
STU009209,SCH048,0,Female,2021-04-22,Active
STU009210,SCH010,1,Male,2022-10-28,Active
STU009211,SCH014,4,Female,2020-09-19,Active
STU009212,SCH046,8,Female,2023-10-21,Active
STU009213,SCH012,10,Female,2020-12-11,Active
STU009214,SCH035,9,Male,2019-05-24,Active
STU009215,SCH007,2,Female,2022-07-23,Active
STU009216,SCH046,0,Male,2018-07-23,Active
STU009217,SCH044,9,Male,2018-03-30,Active
STU009218,SCH043,8,Female,2022-03-03,Active
STU009219,SCH050,8,Male,2019-08-14,Active
STU009220,SCH008,3,Male,2021-03-02,Active
STU009221,SCH050,7,Male,2023-12-12,Active
STU009222,SCH048,3,Male,2019-05-15,Active
STU009223,SCH034,11,Male,2022-08-10,Active
STU009224,SCH032,10,Male,2020-12-05,Active
STU009225,SCH028,5,Female,2022-01-10,Active
STU009226,SCH017,12,Male,2022-12-24,Active
STU009227,SCH043,9,Male,2018-04-06,Active
STU009228,SCH036,2,Male,2021-12-14,Active
STU009229,SCH044,9,Male,2021-01-17,Active
STU009230,SCH036,3,Male,2020-07-16,Active
STU009231,SCH027,8,Male,2020-12-23,Active
STU009232,SCH006,2,Male,2021-06-12,Active
STU009233,SCH038,5,Male,2019-02-25,Active
STU009234,SCH008,6,Female,2020-09-17,Active
STU009235,SCH035,10,Female,2020-03-30,Active
STU009236,SCH031,11,Female,2019-03-10,Active
STU009237,SCH040,2,Male,2020-02-29,Active
STU009238,SCH009,8,Male,2022-04-27,Active
STU009239,SCH028,2,Female,2022-05-11,Active
STU009240,SCH001,11,Female,2021-04-12,Active
STU009241,SCH047,2,Female,2021-03-16,Active
STU009242,SCH026,1,Non-specified,2023-10-11,Active
STU009243,SCH026,4,Female,2023-04-22,Active
STU009244,SCH050,10,Female,2021-12-26,Active
STU009245,SCH039,6,Female,2020-08-01,Active
STU009246,SCH043,9,Female,2020-09-08,Active
STU009247,SCH016,2,Female,2018-06-17,Active
STU009248,SCH033,4,Female,2021-06-02,Active
STU009249,SCH019,1,Female,2020-02-01,Active
STU009250,SCH018,6,Female,2022-08-09,Active
STU009251,SCH037,2,Male,2018-10-18,Active
STU009252,SCH008,3,Female,2020-10-27,Active
STU009253,SCH012,8,Male,2022-02-03,Active
STU009254,SCH012,10,Male,2018-10-04,Active
STU009255,SCH018,0,Male,2019-02-17,Active
STU009256,SCH031,10,Female,2021-10-03,Active
STU009257,SCH039,1,Male,2023-10-28,Active
STU009258,SCH034,12,Male,2018-01-29,Active
STU009259,SCH038,4,Male,2021-06-17,Active
STU009260,SCH048,5,Female,2021-04-08,Active
STU009261,SCH039,2,Male,2020-06-17,Active
STU009262,SCH033,5,Male,2021-07-25,Active
STU009263,SCH028,3,Male,2023-03-14,Active
STU009264,SCH037,2,Male,2018-11-28,Active
STU009265,SCH036,0,Male,2023-06-24,Active
STU009266,SCH023,7,Male,2021-05-05,Active
STU009267,SCH007,0,Male,2019-05-14,Active
STU009268,SCH006,5,Male,2022-11-13,Active
STU009269,SCH049,12,Male,2022-07-14,Active
STU009270,SCH005,5,Female,2020-01-15,Active
STU009271,SCH007,3,Male,2023-06-22,Active
STU009272,SCH006,0,Female,2023-05-12,Active
STU009273,SCH025,6,Female,2018-10-11,Active
STU009274,SCH040,0,Female,2020-12-20,Active
STU009275,SCH003,5,Female,2019-01-12,Active
STU009276,SCH033,0,Male,2021-04-26,Active
STU009277,SCH025,3,Male,2021-10-14,Active
STU009278,SCH042,12,Male,2021-01-14,Active
STU009279,SCH021,7,Male,2021-10-03,Active
STU009280,SCH023,10,Female,2021-08-06,Active
STU009281,SCH045,7,Male,2022-02-09,Active
STU009282,SCH021,2,Male,2022-07-07,Active
STU009283,SCH012,10,Female,2018-07-11,Active
STU009284,SCH049,11,Female,2020-07-17,Active
STU009285,SCH014,6,Female,2019-09-12,Active
STU009286,SCH005,4,Male,2023-11-27,Active
STU009287,SCH022,12,Male,2023-03-13,Active
STU009288,SCH025,5,Male,2021-10-13,Active
STU009289,SCH045,7,Female,2019-07-11,Active
STU009290,SCH024,11,Female,2023-01-28,Active
STU009291,SCH033,2,Male,2020-11-09,Active
STU009292,SCH009,7,Non-specified,2023-12-01,Active
STU009293,SCH031,11,Female,2021-02-23,Active
STU009294,SCH018,3,Female,2020-11-25,Active
STU009295,SCH019,1,Female,2021-05-14,Active
STU009296,SCH022,11,Male,2021-03-13,Active
STU009297,SCH017,11,Male,2020-03-11,Active
STU009298,SCH040,2,Male,2022-07-29,Active
STU009299,SCH041,2,Female,2018-04-22,Active
STU009300,SCH010,1,Male,2023-11-20,Active
STU009301,SCH004,4,Female,2019-08-13,Active
STU009302,SCH025,2,Female,2018-03-01,Active
STU009303,SCH002,11,Male,2019-03-03,Active
STU009304,SCH001,11,Male,2018-08-11,Active
STU009305,SCH043,9,Female,2023-03-03,Active
STU009306,SCH004,6,Female,2023-02-28,Active
STU009307,SCH040,5,Male,2019-04-02,Active
STU009308,SCH041,1,Male,2021-07-21,Active
STU009309,SCH043,8,Male,2021-04-13,Active
STU009310,SCH016,2,Female,2023-01-05,Active
STU009311,SCH004,6,Female,2022-10-13,Active
STU009312,SCH028,3,Male,2018-08-05,Active
STU009313,SCH044,10,Male,2020-05-24,Active
STU009314,SCH014,2,Male,2021-07-21,Active
STU009315,SCH017,11,Non-specified,2021-11-21,Active
STU009316,SCH025,2,Female,2021-06-22,Active
STU009317,SCH022,12,Male,2021-10-02,Active
STU009318,SCH037,5,Female,2020-06-27,Active
STU009319,SCH035,10,Female,2020-07-03,Active
STU009320,SCH017,12,Female,2022-09-21,Active
STU009321,SCH007,0,Non-specified,2020-07-08,Active
STU009322,SCH009,8,Female,2023-02-27,Active
STU009323,SCH015,6,Female,2021-02-03,Active
STU009324,SCH015,5,Male,2018-05-18,Active
STU009325,SCH013,6,Male,2020-09-06,Active
STU009326,SCH023,8,Female,2018-05-15,Active
STU009327,SCH043,10,Female,2018-11-07,Active
STU009328,SCH021,8,Male,2023-08-15,Active
STU009329,SCH009,10,Male,2019-01-11,Active
STU009330,SCH002,12,Female,2021-07-01,Active
STU009331,SCH008,1,Male,2023-11-09,Active
STU009332,SCH001,11,Male,2019-06-11,Active
STU009333,SCH025,4,Female,2018-02-28,Active
STU009334,SCH003,4,Female,2018-12-18,Active
STU009335,SCH018,0,Female,2019-02-03,Active
STU009336,SCH033,0,Female,2020-06-10,Active
STU009337,SCH022,11,Male,2022-03-01,Active
STU009338,SCH021,3,Female,2022-04-17,Active
STU009339,SCH041,4,Male,2023-10-12,Active
STU009340,SCH045,7,Male,2021-08-26,Active
STU009341,SCH046,3,Male,2022-07-25,Active
STU009342,SCH024,12,Female,2018-08-10,Active
STU009343,SCH040,6,Male,2019-10-08,Active
STU009344,SCH047,6,Female,2018-03-30,Active
STU009345,SCH034,12,Male,2022-03-18,Active
STU009346,SCH043,8,Male,2022-10-25,Active
STU009347,SCH019,3,Male,2018-02-25,Active
STU009348,SCH006,2,Female,2018-02-05,Active
STU009349,SCH041,6,Female,2020-12-21,Active
STU009350,SCH017,11,Male,2018-12-21,Active
STU009351,SCH050,8,Male,2020-12-24,Active
STU009352,SCH002,12,Male,2021-05-18,Active
STU009353,SCH040,0,Female,2018-07-07,Active
STU009354,SCH025,6,Male,2022-09-17,Active
STU009355,SCH007,1,Male,2022-02-04,Active
STU009356,SCH034,12,Male,2023-05-17,Active
STU009357,SCH016,5,Male,2022-08-19,Active
STU009358,SCH001,11,Male,2022-09-26,Active
STU009359,SCH029,7,Female,2018-12-29,Active
STU009360,SCH003,6,Male,2018-03-23,Active
STU009361,SCH018,4,Female,2019-12-19,Active
STU009362,SCH038,1,Male,2021-03-23,Active
STU009363,SCH012,10,Male,2023-01-10,Active
STU009364,SCH002,11,Female,2019-06-08,Active
STU009365,SCH027,8,Male,2020-05-05,Active
STU009366,SCH004,3,Male,2019-11-08,Active
STU009367,SCH038,6,Female,2019-12-07,Active
STU009368,SCH045,10,Female,2019-05-21,Active
STU009369,SCH044,8,Male,2020-05-07,Active
STU009370,SCH005,4,Male,2019-05-21,Active
STU009371,SCH040,1,Male,2022-05-14,Active
STU009372,SCH021,0,Female,2021-03-13,Active
STU009373,SCH022,11,Female,2018-01-03,Active
STU009374,SCH020,5,Female,2023-05-30,Active
STU009375,SCH017,11,Female,2022-04-06,Active
STU009376,SCH018,0,Female,2018-03-15,Active
STU009377,SCH033,5,Female,2022-06-20,Active
STU009378,SCH046,11,Female,2021-02-21,Active
STU009379,SCH044,7,Female,2018-11-26,Active
STU009380,SCH007,2,Male,2021-11-10,Active
STU009381,SCH021,10,Male,2021-02-04,Active
STU009382,SCH018,2,Male,2020-08-13,Active
STU009383,SCH036,4,Male,2023-12-28,Active
STU009384,SCH030,3,Male,2020-09-20,Active
STU009385,SCH038,2,Male,2020-03-24,Active
STU009386,SCH007,6,Female,2020-12-15,Active
STU009387,SCH015,1,Male,2018-12-25,Active
STU009388,SCH031,5,Female,2018-05-18,Active
STU009389,SCH047,2,Male,2022-09-24,Active
STU009390,SCH025,3,Male,2020-02-15,Active
STU009391,SCH012,7,Male,2021-05-13,Active
STU009392,SCH014,1,Non-specified,2020-07-09,Active
STU009393,SCH041,3,Female,2019-06-07,Active
STU009394,SCH023,9,Male,2019-08-03,Active
STU009395,SCH011,3,Female,2020-06-09,Active
STU009396,SCH049,11,Female,2021-07-15,Active
STU009397,SCH001,12,Female,2020-08-27,Active
STU009398,SCH045,9,Male,2021-12-04,Active
STU009399,SCH003,6,Male,2019-05-26,Active
STU009400,SCH046,7,Male,2018-07-26,Active
STU009401,SCH005,0,Male,2022-03-17,Active
STU009402,SCH023,8,Female,2021-08-04,Active
STU009403,SCH010,4,Male,2023-04-24,Active
STU009404,SCH031,8,Male,2018-12-18,Active
STU009405,SCH045,10,Female,2018-01-08,Active
STU009406,SCH036,2,Male,2021-02-19,Active
STU009407,SCH008,0,Male,2019-02-05,Active
STU009408,SCH018,0,Female,2018-12-17,Active
STU009409,SCH016,1,Male,2018-07-06,Active
STU009410,SCH028,5,Male,2020-02-14,Active
STU009411,SCH041,0,Male,2018-06-16,Active
STU009412,SCH036,1,Male,2021-08-13,Active
STU009413,SCH026,6,Female,2021-03-21,Active
STU009414,SCH048,2,Male,2023-08-13,Active
STU009415,SCH035,8,Male,2020-02-08,Active
STU009416,SCH016,0,Male,2023-08-22,Active
STU009417,SCH029,8,Male,2019-10-13,Active
STU009418,SCH021,12,Female,2022-09-03,Active
STU009419,SCH041,5,Female,2022-09-10,Active
STU009420,SCH028,2,Female,2019-08-13,Active
STU009421,SCH011,0,Female,2021-08-09,Active
STU009422,SCH047,2,Male,2019-01-11,Active
STU009423,SCH007,4,Female,2022-03-10,Active
STU009424,SCH017,11,Non-specified,2020-11-05,Active
STU009425,SCH023,8,Female,2020-08-10,Active
STU009426,SCH018,2,Male,2021-05-11,Active
STU009427,SCH027,7,Male,2019-06-05,Active
STU009428,SCH049,11,Male,2022-11-21,Active
STU009429,SCH022,12,Female,2022-03-29,Active
STU009430,SCH001,11,Female,2022-01-02,Active
STU009431,SCH046,5,Male,2019-03-29,Active
STU009432,SCH010,11,Female,2023-05-08,Active
STU009433,SCH041,4,Male,2021-10-11,Active
STU009434,SCH040,4,Female,2021-04-18,Active
STU009435,SCH005,6,Male,2022-12-31,Active
STU009436,SCH028,0,Male,2022-12-12,Active
STU009437,SCH006,0,Female,2018-05-18,Active
STU009438,SCH024,12,Female,2023-02-23,Active
STU009439,SCH027,10,Male,2023-04-18,Active
STU009440,SCH015,1,Female,2023-05-10,Active
STU009441,SCH001,12,Female,2023-10-01,Active
STU009442,SCH034,11,Male,2020-10-12,Active
STU009443,SCH020,6,Male,2023-10-02,Active
STU009444,SCH015,0,Male,2018-12-09,Active
STU009445,SCH049,12,Male,2019-04-12,Active
STU009446,SCH036,1,Female,2020-03-28,Active
STU009447,SCH027,9,Male,2023-07-02,Active
STU009448,SCH021,11,Male,2021-01-18,Active
STU009449,SCH003,3,Female,2023-10-17,Active
STU009450,SCH017,12,Male,2018-11-17,Active
STU009451,SCH032,7,Female,2023-11-27,Active
STU009452,SCH021,10,Male,2020-06-12,Active
STU009453,SCH027,7,Male,2019-08-02,Active
STU009454,SCH012,9,Female,2022-10-19,Active
STU009455,SCH021,0,Female,2020-06-19,Active
STU009456,SCH020,2,Male,2022-08-01,Active
STU009457,SCH017,12,Male,2020-06-29,Active
STU009458,SCH002,11,Male,2018-03-17,Active
STU009459,SCH035,9,Female,2021-05-17,Active
STU009460,SCH012,8,Female,2019-12-30,Active
STU009461,SCH028,4,Female,2020-05-28,Active
STU009462,SCH036,6,Male,2023-02-20,Active
STU009463,SCH011,0,Male,2021-07-08,Active
STU009464,SCH037,3,Male,2019-11-06,Active
STU009465,SCH022,11,Female,2021-09-20,Active
STU009466,SCH012,7,Female,2022-03-27,Active
STU009467,SCH024,11,Male,2019-08-11,Active
STU009468,SCH048,3,Male,2018-06-17,Active
STU009469,SCH020,6,Female,2018-05-31,Active
STU009470,SCH030,5,Male,2022-05-23,Active
STU009471,SCH033,1,Female,2021-04-19,Active
STU009472,SCH037,4,Male,2022-06-06,Active
STU009473,SCH016,5,Male,2019-07-05,Active
STU009474,SCH043,7,Female,2021-01-03,Active
STU009475,SCH036,2,Female,2020-04-13,Active
STU009476,SCH024,11,Female,2020-01-27,Active
STU009477,SCH042,12,Female,2021-08-01,Active
STU009478,SCH049,12,Male,2018-05-26,Active
STU009479,SCH045,7,Male,2023-03-11,Active
STU009480,SCH009,9,Female,2022-12-22,Active
STU009481,SCH023,9,Female,2023-08-17,Active
STU009482,SCH006,3,Female,2022-08-28,Active
STU009483,SCH027,9,Female,2023-02-14,Active
STU009484,SCH028,1,Female,2021-03-11,Active
STU009485,SCH027,8,Male,2019-12-13,Active
STU009486,SCH031,4,Male,2023-08-13,Active
STU009487,SCH049,11,Female,2022-11-01,Active
STU009488,SCH032,9,Non-specified,2020-09-03,Active
STU009489,SCH035,8,Female,2018-08-08,Active
STU009490,SCH023,7,Non-specified,2023-05-15,Active
STU009491,SCH010,2,Female,2019-02-06,Active
STU009492,SCH039,0,Female,2020-03-21,Active
STU009493,SCH022,12,Female,2019-08-14,Active
STU009494,SCH011,2,Male,2023-02-12,Active
STU009495,SCH034,12,Male,2023-03-16,Active
STU009496,SCH001,12,Male,2021-07-01,Active
STU009497,SCH036,0,Non-specified,2018-04-01,Active
STU009498,SCH048,5,Male,2021-10-31,Active
STU009499,SCH002,11,Male,2022-02-12,Active
STU009500,SCH008,1,Male,2023-08-20,Active
STU009501,SCH025,5,Male,2021-05-30,Active
STU009502,SCH014,0,Female,2021-11-16,Active
STU009503,SCH014,2,Male,2018-12-11,Active
STU009504,SCH010,1,Male,2018-09-19,Active
STU009505,SCH004,0,Male,2018-09-28,Active
STU009506,SCH004,0,Male,2018-03-16,Active
STU009507,SCH013,0,Female,2019-05-10,Active
STU009508,SCH026,6,Female,2022-09-12,Active
STU009509,SCH031,2,Male,2018-04-18,Active
STU009510,SCH026,2,Male,2022-09-26,Active
STU009511,SCH037,1,Male,2018-05-08,Active
STU009512,SCH036,5,Female,2022-11-01,Active
STU009513,SCH027,10,Female,2021-04-07,Active
STU009514,SCH004,0,Male,2020-12-16,Active
STU009515,SCH031,3,Male,2018-01-12,Active
STU009516,SCH040,5,Female,2019-01-28,Active
STU009517,SCH028,1,Male,2023-04-25,Active
STU009518,SCH031,11,Male,2021-09-24,Active
STU009519,SCH041,5,Female,2018-10-22,Active
STU009520,SCH038,4,Male,2018-07-05,Active
STU009521,SCH002,11,Female,2020-10-21,Active
STU009522,SCH049,12,Female,2023-02-22,Active
STU009523,SCH009,7,Female,2022-11-23,Active
STU009524,SCH002,12,Male,2018-04-22,Active
STU009525,SCH037,1,Female,2021-04-01,Active
STU009526,SCH039,3,Male,2021-02-26,Active
STU009527,SCH016,2,Female,2018-02-21,Active
STU009528,SCH018,0,Female,2020-07-18,Active
STU009529,SCH001,12,Male,2019-02-18,Active
STU009530,SCH027,8,Male,2022-03-21,Active
STU009531,SCH015,1,Non-specified,2021-02-03,Active
STU009532,SCH016,6,Female,2023-07-12,Active
STU009533,SCH012,10,Female,2023-07-13,Active
STU009534,SCH027,8,Female,2021-04-22,Active
STU009535,SCH022,11,Male,2019-03-21,Active
STU009536,SCH042,12,Male,2023-08-01,Active
STU009537,SCH009,8,Female,2022-02-28,Active
STU009538,SCH013,4,Female,2018-10-01,Active
STU009539,SCH002,12,Female,2022-08-16,Active
STU009540,SCH003,1,Male,2018-09-04,Active
STU009541,SCH036,0,Male,2022-09-17,Active
STU009542,SCH027,9,Female,2021-07-07,Active
STU009543,SCH016,2,Female,2021-09-28,Active
STU009544,SCH008,1,Male,2020-02-06,Active
STU009545,SCH002,11,Male,2019-02-11,Active
STU009546,SCH019,0,Male,2023-01-10,Active
STU009547,SCH038,1,Female,2018-06-13,Active
STU009548,SCH014,3,Male,2018-12-15,Active
STU009549,SCH011,0,Female,2022-09-10,Active
STU009550,SCH009,9,Female,2023-11-16,Active
STU009551,SCH039,4,Male,2023-04-07,Active
STU009552,SCH043,7,Female,2019-03-02,Active
STU009553,SCH018,3,Male,2021-07-06,Active
STU009554,SCH031,11,Male,2022-07-02,Active
STU009555,SCH034,12,Male,2019-07-14,Active
STU009556,SCH019,1,Female,2018-06-07,Active
STU009557,SCH024,12,Male,2021-11-06,Active
STU009558,SCH001,11,Female,2019-01-28,Active
STU009559,SCH048,0,Female,2019-04-03,Active
STU009560,SCH019,0,Female,2018-02-09,Active
STU009561,SCH007,6,Male,2018-11-25,Active
STU009562,SCH009,7,Female,2020-06-08,Active
STU009563,SCH023,10,Male,2019-05-25,Active
STU009564,SCH003,4,Male,2020-05-28,Active
STU009565,SCH006,5,Male,2020-03-23,Active
STU009566,SCH009,8,Male,2023-04-20,Active
STU009567,SCH036,0,Female,2019-07-15,Active
STU009568,SCH027,9,Female,2021-06-22,Active
STU009569,SCH018,1,Male,2020-06-09,Active
STU009570,SCH016,6,Male,2022-04-20,Active
STU009571,SCH014,6,Female,2021-11-12,Active
STU009572,SCH028,1,Male,2023-12-19,Active
STU009573,SCH025,6,Male,2022-05-13,Active
STU009574,SCH049,12,Male,2019-06-03,Active
STU009575,SCH016,1,Female,2021-05-28,Active
STU009576,SCH008,6,Female,2020-02-21,Active
STU009577,SCH011,3,Female,2022-09-16,Active
STU009578,SCH011,3,Female,2020-09-06,Active
STU009579,SCH032,8,Male,2018-03-27,Active
STU009580,SCH001,11,Female,2018-12-10,Active
STU009581,SCH009,9,Female,2022-07-26,Active
STU009582,SCH013,5,Male,2018-09-19,Active
STU009583,SCH005,4,Female,2022-04-17,Active
STU009584,SCH022,11,Female,2021-06-20,Active
STU009585,SCH023,7,Female,2018-12-25,Active
STU009586,SCH025,6,Female,2020-02-21,Active
STU009587,SCH028,6,Male,2023-01-17,Active
STU009588,SCH017,12,Female,2023-04-30,Active
STU009589,SCH026,6,Male,2020-09-05,Active
STU009590,SCH011,4,Female,2019-12-22,Active
STU009591,SCH001,12,Male,2023-10-11,Active
STU009592,SCH025,3,Male,2021-12-19,Active
STU009593,SCH028,1,Female,2018-10-18,Active
STU009594,SCH033,2,Male,2021-11-30,Active
STU009595,SCH018,0,Male,2022-09-22,Active
STU009596,SCH017,11,Male,2022-04-28,Active
STU009597,SCH025,6,Male,2020-09-02,Active
STU009598,SCH002,12,Female,2022-06-12,Active
STU009599,SCH017,12,Female,2023-10-30,Active
STU009600,SCH045,10,Female,2020-12-29,Active
STU009601,SCH002,12,Male,2018-06-12,Active
STU009602,SCH046,3,Female,2018-05-31,Active
STU009603,SCH026,0,Male,2020-06-21,Active
STU009604,SCH009,7,Female,2018-09-09,Active
STU009605,SCH003,2,Male,2022-10-18,Active
STU009606,SCH016,4,Male,2023-09-13,Active
STU009607,SCH048,1,Female,2020-06-19,Active
STU009608,SCH003,2,Female,2019-07-26,Active
STU009609,SCH040,2,Male,2019-10-04,Active
STU009610,SCH031,5,Female,2019-07-24,Active
STU009611,SCH048,3,Female,2019-05-08,Active
STU009612,SCH009,9,Female,2022-12-02,Active
STU009613,SCH019,2,Male,2021-10-05,Active
STU009614,SCH011,6,Female,2023-08-11,Active
STU009615,SCH012,9,Female,2019-09-07,Active
STU009616,SCH048,3,Male,2021-05-06,Active
STU009617,SCH003,1,Male,2020-07-01,Active
STU009618,SCH037,1,Male,2020-04-27,Active
STU009619,SCH017,11,Female,2022-06-09,Active
STU009620,SCH005,2,Female,2020-07-28,Active
STU009621,SCH028,4,Female,2021-08-29,Active
STU009622,SCH002,12,Female,2021-02-17,Active
STU009623,SCH044,9,Male,2018-08-27,Active
STU009624,SCH041,2,Male,2020-10-25,Active
STU009625,SCH006,1,Male,2018-08-15,Active
STU009626,SCH028,6,Male,2020-01-19,Active
STU009627,SCH007,2,Female,2022-06-26,Active
STU009628,SCH042,11,Female,2023-05-31,Active
STU009629,SCH026,4,Female,2022-05-19,Active
STU009630,SCH014,2,Male,2021-07-02,Active
STU009631,SCH027,8,Male,2023-08-03,Active
STU009632,SCH031,4,Female,2023-04-23,Active
STU009633,SCH006,6,Female,2018-08-02,Active
STU009634,SCH020,3,Male,2019-11-25,Active
STU009635,SCH032,7,Female,2020-12-11,Active
STU009636,SCH010,4,Male,2022-12-24,Active
STU009637,SCH019,5,Female,2018-12-11,Active
STU009638,SCH037,1,Male,2021-04-29,Active
STU009639,SCH011,5,Female,2022-12-19,Active
STU009640,SCH023,8,Male,2020-11-03,Active
STU009641,SCH030,0,Male,2021-05-20,Active
STU009642,SCH047,4,Male,2021-07-04,Active
STU009643,SCH046,12,Female,2023-08-14,Active
STU009644,SCH013,4,Male,2021-07-24,Active
STU009645,SCH038,4,Male,2022-07-03,Active
STU009646,SCH034,12,Female,2021-12-18,Active
STU009647,SCH047,3,Female,2020-06-19,Active
STU009648,SCH036,0,Female,2022-10-19,Active
STU009649,SCH002,12,Female,2020-09-02,Active
STU009650,SCH039,6,Female,2019-12-04,Active
STU009651,SCH035,8,Male,2019-09-05,Active
STU009652,SCH050,8,Female,2020-06-28,Active
STU009653,SCH047,2,Female,2023-11-21,Active
STU009654,SCH031,4,Male,2020-08-04,Active
STU009655,SCH049,12,Male,2020-02-22,Active
STU009656,SCH034,12,Female,2019-09-20,Active
STU009657,SCH028,4,Female,2021-07-20,Active
STU009658,SCH010,9,Male,2018-02-14,Active
STU009659,SCH023,7,Male,2018-10-11,Active
STU009660,SCH009,9,Female,2023-03-26,Active
STU009661,SCH017,11,Male,2023-02-11,Active
STU009662,SCH029,10,Male,2019-11-06,Active
STU009663,SCH009,9,Male,2023-08-14,Active
STU009664,SCH008,3,Male,2018-07-12,Active
STU009665,SCH005,2,Male,2021-12-19,Active
STU009666,SCH027,9,Male,2021-01-04,Active
STU009667,SCH004,2,Male,2019-05-07,Active
STU009668,SCH036,1,Female,2018-01-12,Active
STU009669,SCH011,2,Male,2023-08-12,Active
STU009670,SCH019,4,Male,2019-08-28,Active
STU009671,SCH021,12,Male,2022-02-01,Active
STU009672,SCH048,2,Male,2023-01-02,Active
STU009673,SCH017,11,Male,2019-09-06,Active
STU009674,SCH044,10,Male,2021-12-13,Active
STU009675,SCH012,8,Female,2020-10-24,Active
STU009676,SCH024,11,Male,2018-03-03,Active
STU009677,SCH032,8,Female,2019-10-05,Active
STU009678,SCH012,7,Female,2023-06-21,Active
STU009679,SCH041,5,Female,2023-10-28,Active
STU009680,SCH005,0,Male,2022-08-17,Active
STU009681,SCH046,2,Female,2023-05-21,Active
STU009682,SCH022,12,Female,2022-06-25,Active
STU009683,SCH024,11,Male,2018-10-04,Active
STU009684,SCH032,7,Female,2020-08-04,Active
STU009685,SCH050,8,Male,2022-12-08,Active
STU009686,SCH043,8,Non-specified,2021-10-11,Active
STU009687,SCH028,6,Female,2019-04-24,Active
STU009688,SCH001,11,Female,2022-04-22,Active
STU009689,SCH014,3,Female,2022-10-15,Active
STU009690,SCH046,9,Male,2022-08-23,Active
STU009691,SCH041,5,Male,2019-09-21,Active
STU009692,SCH040,3,Male,2018-09-23,Active
STU009693,SCH007,6,Male,2019-02-19,Active
STU009694,SCH025,5,Female,2019-10-26,Active
STU009695,SCH050,7,Female,2023-09-03,Active
STU009696,SCH028,6,Male,2021-08-11,Active
STU009697,SCH048,6,Female,2019-05-31,Active
STU009698,SCH046,5,Male,2020-09-18,Active
STU009699,SCH004,6,Male,2023-04-06,Active
STU009700,SCH009,7,Female,2018-08-22,Active
STU009701,SCH018,3,Male,2018-12-15,Active
STU009702,SCH012,9,Male,2022-04-18,Active
STU009703,SCH040,2,Male,2020-05-15,Active
STU009704,SCH044,10,Male,2019-02-08,Active
STU009705,SCH027,7,Male,2020-04-01,Active
STU009706,SCH013,3,Female,2019-03-04,Active
STU009707,SCH035,7,Female,2018-01-27,Active
STU009708,SCH012,9,Female,2022-11-16,Active
STU009709,SCH006,5,Non-specified,2022-02-10,Active
STU009710,SCH027,9,Male,2019-03-03,Active
STU009711,SCH003,1,Female,2018-03-17,Active
STU009712,SCH047,3,Female,2018-04-20,Active
STU009713,SCH024,12,Female,2021-09-19,Active
STU009714,SCH013,3,Male,2023-01-11,Active
STU009715,SCH038,5,Female,2021-01-03,Active
STU009716,SCH032,8,Male,2023-06-01,Active
STU009717,SCH032,10,Female,2019-09-05,Active
STU009718,SCH005,4,Male,2020-04-12,Active
STU009719,SCH033,5,Female,2022-03-03,Active
STU009720,SCH014,1,Female,2022-04-30,Active
STU009721,SCH019,6,Female,2020-01-09,Active
STU009722,SCH032,8,Male,2021-05-04,Active
STU009723,SCH017,12,Male,2019-06-14,Active
STU009724,SCH025,4,Male,2021-07-04,Active
STU009725,SCH050,8,Female,2019-06-10,Active
STU009726,SCH022,12,Female,2020-09-13,Active
STU009727,SCH028,4,Female,2018-09-01,Active
STU009728,SCH042,11,Male,2020-05-05,Active
STU009729,SCH008,1,Female,2019-11-12,Active
STU009730,SCH008,0,Female,2023-01-09,Active
STU009731,SCH020,2,Female,2019-11-10,Active
STU009732,SCH040,6,Male,2018-09-05,Active
STU009733,SCH010,4,Male,2022-10-21,Active
STU009734,SCH016,1,Female,2021-05-15,Active
STU009735,SCH004,6,Male,2019-02-20,Active
STU009736,SCH011,6,Male,2018-12-13,Active
STU009737,SCH050,10,Non-specified,2021-11-09,Active
STU009738,SCH044,9,Female,2019-03-31,Active
STU009739,SCH009,9,Female,2023-05-22,Active
STU009740,SCH049,12,Female,2023-10-30,Active
STU009741,SCH014,4,Male,2022-06-11,Active
STU009742,SCH004,2,Female,2023-04-01,Active
STU009743,SCH025,0,Male,2022-09-04,Active
STU009744,SCH029,8,Male,2018-11-22,Active
STU009745,SCH038,3,Male,2018-10-06,Active
STU009746,SCH029,10,Male,2023-03-24,Active
STU009747,SCH026,4,Female,2021-07-20,Active
STU009748,SCH036,0,Female,2020-08-02,Active
STU009749,SCH017,12,Male,2019-08-10,Active
STU009750,SCH049,11,Male,2022-04-21,Active
STU009751,SCH007,4,Male,2022-03-28,Active
STU009752,SCH036,3,Female,2022-11-30,Active
STU009753,SCH040,5,Male,2021-10-31,Active
STU009754,SCH028,3,Female,2019-12-15,Active
STU009755,SCH004,3,Female,2018-09-11,Active
STU009756,SCH039,6,Male,2023-10-08,Active
STU009757,SCH050,7,Female,2022-07-02,Active
STU009758,SCH030,1,Male,2020-07-29,Active
STU009759,SCH009,8,Male,2023-10-22,Active
STU009760,SCH024,11,Female,2020-01-03,Active
STU009761,SCH016,0,Female,2022-02-20,Active
STU009762,SCH045,7,Female,2022-02-21,Active
STU009763,SCH018,6,Male,2023-03-10,Active
STU009764,SCH010,2,Male,2020-04-25,Active
STU009765,SCH026,4,Female,2021-10-16,Active
STU009766,SCH042,11,Female,2020-01-07,Active
STU009767,SCH021,4,Male,2019-06-25,Active
STU009768,SCH014,0,Female,2022-06-17,Active
STU009769,SCH038,1,Female,2019-10-26,Active
STU009770,SCH043,9,Male,2022-07-02,Active
STU009771,SCH012,10,Female,2021-12-15,Active
STU009772,SCH049,11,Male,2018-11-21,Active
STU009773,SCH037,2,Female,2019-12-20,Active
STU009774,SCH005,5,Female,2020-05-23,Active
STU009775,SCH038,5,Female,2018-06-03,Active
STU009776,SCH016,3,Male,2022-01-21,Active
STU009777,SCH014,0,Male,2021-12-01,Active
STU009778,SCH016,4,Male,2019-09-20,Active
STU009779,SCH006,3,Female,2018-06-05,Active
STU009780,SCH035,8,Male,2022-11-25,Active
STU009781,SCH008,1,Male,2022-12-20,Active
STU009782,SCH016,4,Female,2020-08-16,Active
STU009783,SCH019,1,Female,2021-10-02,Active
STU009784,SCH014,5,Male,2023-06-13,Active
STU009785,SCH035,8,Male,2019-03-03,Active
STU009786,SCH023,9,Female,2022-11-29,Active
STU009787,SCH025,1,Male,2021-12-12,Active
STU009788,SCH001,12,Male,2018-05-28,Active
STU009789,SCH026,3,Male,2023-08-19,Active
STU009790,SCH015,2,Male,2023-03-08,Active
STU009791,SCH014,5,Non-specified,2019-11-03,Active
STU009792,SCH011,6,Male,2019-08-02,Active
STU009793,SCH028,2,Female,2023-06-04,Active
STU009794,SCH008,1,Male,2023-02-10,Active
STU009795,SCH045,7,Female,2023-12-01,Active
STU009796,SCH029,10,Female,2023-11-28,Active
STU009797,SCH006,5,Female,2018-11-08,Active
STU009798,SCH017,12,Female,2019-10-24,Active
STU009799,SCH030,6,Male,2020-10-08,Active
STU009800,SCH008,4,Male,2022-06-11,Active
STU009801,SCH028,2,Female,2018-06-24,Active
STU009802,SCH050,10,Female,2021-03-11,Active
STU009803,SCH016,0,Female,2023-06-14,Active
STU009804,SCH042,11,Male,2020-03-29,Active
STU009805,SCH013,3,Male,2022-09-25,Active
STU009806,SCH050,10,Female,2019-05-25,Active
STU009807,SCH002,11,Female,2018-03-16,Active
STU009808,SCH036,2,Male,2019-05-08,Active
STU009809,SCH030,4,Female,2020-03-24,Active
STU009810,SCH007,1,Male,2023-05-23,Active
STU009811,SCH047,4,Male,2019-11-12,Active
STU009812,SCH046,9,Male,2020-01-30,Active
STU009813,SCH033,0,Male,2018-02-06,Active
STU009814,SCH037,6,Female,2022-07-07,Active
STU009815,SCH014,4,Male,2022-01-21,Active
STU009816,SCH024,12,Female,2020-04-14,Active
STU009817,SCH016,1,Female,2019-12-04,Active
STU009818,SCH003,4,Female,2023-08-25,Active
STU009819,SCH013,6,Female,2020-01-20,Active
STU009820,SCH006,1,Male,2020-05-01,Active
STU009821,SCH031,8,Male,2021-05-31,Active
STU009822,SCH018,4,Female,2021-11-27,Active
STU009823,SCH045,8,Male,2019-04-26,Active
STU009824,SCH022,12,Male,2023-08-27,Active
STU009825,SCH010,0,Female,2021-09-18,Active
STU009826,SCH034,12,Male,2023-09-13,Active
STU009827,SCH023,10,Male,2020-03-06,Active
STU009828,SCH025,6,Female,2021-11-01,Active
STU009829,SCH038,0,Male,2023-07-13,Active
STU009830,SCH018,6,Male,2021-06-20,Active
STU009831,SCH042,12,Female,2019-04-25,Active
STU009832,SCH026,2,Female,2019-10-26,Active
STU009833,SCH025,5,Male,2018-05-01,Active
STU009834,SCH003,3,Male,2022-02-14,Active
STU009835,SCH031,5,Female,2021-07-23,Active
STU009836,SCH037,0,Male,2021-11-05,Active
STU009837,SCH037,3,Female,2018-07-07,Active
STU009838,SCH049,11,Female,2018-08-27,Active
STU009839,SCH050,8,Male,2018-08-24,Active
STU009840,SCH026,1,Female,2023-12-20,Active
STU009841,SCH035,7,Male,2023-07-29,Active
STU009842,SCH047,4,Male,2022-12-30,Active
STU009843,SCH006,6,Female,2023-05-14,Active
STU009844,SCH047,3,Female,2019-08-09,Active
STU009845,SCH039,5,Female,2022-08-30,Active
STU009846,SCH015,0,Male,2021-06-18,Active
STU009847,SCH026,0,Male,2020-11-02,Active
STU009848,SCH030,0,Female,2020-06-06,Active
STU009849,SCH045,7,Male,2022-10-16,Active
STU009850,SCH006,4,Male,2020-03-31,Active
STU009851,SCH018,0,Female,2019-03-16,Active
STU009852,SCH007,4,Female,2020-04-21,Active
STU009853,SCH020,3,Female,2022-04-04,Active
STU009854,SCH050,9,Female,2019-09-17,Active
STU009855,SCH020,4,Male,2019-03-25,Active
STU009856,SCH018,0,Female,2022-07-10,Active
STU009857,SCH045,10,Male,2021-07-01,Active
STU009858,SCH008,3,Male,2019-06-06,Active
STU009859,SCH031,4,Female,2021-10-01,Active
STU009860,SCH041,0,Female,2023-09-30,Active
STU009861,SCH044,10,Male,2022-12-01,Active
STU009862,SCH033,4,Female,2020-03-19,Active
STU009863,SCH048,3,Male,2018-03-11,Active
STU009864,SCH012,10,Male,2018-01-18,Active
STU009865,SCH017,11,Male,2019-06-18,Active
STU009866,SCH031,0,Female,2020-04-21,Active
STU009867,SCH015,1,Female,2023-11-04,Active
STU009868,SCH029,9,Female,2023-01-21,Active
STU009869,SCH012,9,Male,2020-01-16,Active
STU009870,SCH031,2,Female,2018-08-15,Active
STU009871,SCH033,3,Male,2018-07-20,Active
STU009872,SCH033,4,Female,2022-02-24,Active
STU009873,SCH015,1,Female,2021-09-25,Active
STU009874,SCH041,2,Male,2019-07-24,Active
STU009875,SCH040,3,Male,2020-11-21,Active
STU009876,SCH019,5,Female,2023-12-21,Active
STU009877,SCH001,12,Female,2022-10-09,Active
STU009878,SCH007,0,Female,2020-10-16,Active
STU009879,SCH023,9,Male,2022-04-21,Active
STU009880,SCH033,2,Male,2020-08-19,Active
STU009881,SCH004,0,Male,2021-11-03,Active
STU009882,SCH004,2,Male,2020-07-10,Active
STU009883,SCH013,6,Male,2022-10-02,Active
STU009884,SCH016,4,Female,2019-11-30,Active
STU009885,SCH008,2,Male,2022-11-01,Active
STU009886,SCH029,7,Male,2023-12-01,Active
STU009887,SCH019,2,Female,2021-07-21,Active
STU009888,SCH015,2,Male,2022-02-08,Active
STU009889,SCH019,2,Male,2020-06-15,Active
STU009890,SCH021,0,Male,2018-09-26,Active
STU009891,SCH009,10,Female,2019-02-26,Active
STU009892,SCH013,0,Female,2018-04-27,Active
STU009893,SCH009,10,Male,2019-12-03,Active
STU009894,SCH039,6,Male,2018-10-15,Active
STU009895,SCH030,6,Female,2018-07-23,Active
STU009896,SCH018,4,Female,2022-03-07,Active
STU009897,SCH040,4,Male,2018-10-02,Active
STU009898,SCH018,5,Female,2019-08-18,Active
STU009899,SCH016,5,Male,2021-02-21,Active
STU009900,SCH041,1,Male,2023-09-21,Active
STU009901,SCH006,6,Male,2018-01-23,Active
STU009902,SCH044,9,Male,2019-10-31,Active
STU009903,SCH031,2,Female,2018-12-26,Active
STU009904,SCH014,6,Female,2020-06-06,Active
STU009905,SCH030,2,Female,2018-05-21,Active
STU009906,SCH005,5,Male,2022-12-05,Active
STU009907,SCH026,5,Male,2019-01-25,Active
STU009908,SCH038,0,Female,2022-03-12,Active
STU009909,SCH021,12,Male,2023-10-27,Active
STU009910,SCH037,0,Male,2021-05-27,Active
STU009911,SCH038,3,Male,2020-10-02,Active
STU009912,SCH039,0,Male,2019-04-13,Active
STU009913,SCH002,12,Female,2021-02-18,Active
STU009914,SCH029,7,Male,2023-11-12,Active
STU009915,SCH004,1,Male,2021-04-11,Active
STU009916,SCH049,12,Female,2019-04-06,Active
STU009917,SCH045,7,Male,2021-06-27,Active
STU009918,SCH034,11,Female,2023-08-13,Active
STU009919,SCH031,5,Female,2018-06-22,Active
STU009920,SCH048,1,Female,2020-03-05,Active
STU009921,SCH014,5,Male,2023-05-07,Active
STU009922,SCH028,1,Male,2019-11-03,Active
STU009923,SCH004,1,Male,2018-07-10,Active
STU009924,SCH040,4,Male,2020-12-15,Active
STU009925,SCH032,10,Male,2023-07-15,Active
STU009926,SCH015,2,Female,2023-03-10,Active
STU009927,SCH004,2,Female,2021-11-20,Active
STU009928,SCH038,4,Female,2022-06-16,Active
STU009929,SCH018,2,Female,2022-05-22,Active
STU009930,SCH045,8,Male,2023-10-12,Active
STU009931,SCH029,8,Female,2021-12-10,Active
STU009932,SCH040,3,Female,2023-04-11,Active
STU009933,SCH045,7,Female,2022-02-23,Active
STU009934,SCH049,11,Female,2018-02-13,Active
STU009935,SCH037,6,Male,2021-10-27,Active
STU009936,SCH014,4,Female,2019-06-30,Active
STU009937,SCH002,12,Female,2023-01-07,Active
STU009938,SCH042,12,Male,2023-07-27,Active
STU009939,SCH012,9,Male,2022-04-06,Active
STU009940,SCH042,11,Male,2018-07-15,Active
STU009941,SCH024,12,Female,2021-09-05,Active
STU009942,SCH016,3,Male,2023-02-18,Active
STU009943,SCH031,2,Female,2023-12-31,Active
STU009944,SCH033,4,Male,2018-10-08,Active
STU009945,SCH033,0,Male,2018-07-27,Active
STU009946,SCH050,8,Female,2022-03-10,Active
STU009947,SCH034,11,Male,2022-01-25,Active
STU009948,SCH032,8,Male,2018-11-22,Active
STU009949,SCH030,5,Female,2023-05-26,Active
STU009950,SCH004,4,Male,2018-01-24,Active
STU009951,SCH048,5,Female,2018-03-12,Active
STU009952,SCH020,4,Female,2020-04-05,Active
STU009953,SCH044,10,Male,2018-04-29,Active
STU009954,SCH029,8,Male,2022-10-16,Active
STU009955,SCH010,5,Female,2023-03-09,Active
STU009956,SCH010,10,Female,2022-05-10,Active
STU009957,SCH038,6,Female,2023-12-09,Active
STU009958,SCH037,3,Male,2022-05-11,Active
STU009959,SCH015,3,Non-specified,2022-04-06,Active
STU009960,SCH020,4,Female,2022-10-31,Active
STU009961,SCH026,5,Male,2022-02-24,Active
STU009962,SCH033,1,Male,2023-12-11,Active
STU009963,SCH008,1,Male,2021-07-04,Active
STU009964,SCH037,0,Male,2020-08-26,Active
STU009965,SCH027,10,Male,2019-10-19,Active
STU009966,SCH043,9,Female,2020-08-26,Active
STU009967,SCH017,12,Female,2018-05-28,Active
STU009968,SCH046,6,Male,2020-12-15,Active
STU009969,SCH014,1,Female,2018-03-20,Active
STU009970,SCH021,3,Male,2022-11-23,Active
STU009971,SCH036,6,Male,2019-08-23,Active
STU009972,SCH031,8,Female,2018-10-04,Active
STU009973,SCH001,12,Female,2022-05-03,Active
STU009974,SCH032,9,Female,2018-07-29,Active
STU009975,SCH004,1,Male,2021-06-22,Active
STU009976,SCH030,2,Male,2022-07-06,Active
STU009977,SCH031,5,Female,2019-04-17,Active
STU009978,SCH048,1,Male,2023-03-02,Active
STU009979,SCH004,4,Female,2023-04-07,Active
STU009980,SCH031,3,Female,2020-07-23,Active
STU009981,SCH035,8,Female,2023-05-12,Active
STU009982,SCH026,2,Male,2019-08-01,Active
STU009983,SCH045,7,Male,2021-02-25,Active
STU009984,SCH025,4,Male,2020-01-22,Active
STU009985,SCH012,8,Female,2023-10-01,Active
STU009986,SCH026,5,Male,2018-04-05,Active
STU009987,SCH033,3,Male,2022-03-08,Active
STU009988,SCH009,7,Male,2021-11-09,Active
STU009989,SCH010,1,Male,2018-11-13,Active
STU009990,SCH018,0,Female,2018-12-08,Active
STU009991,SCH033,3,Female,2023-12-20,Active
STU009992,SCH040,3,Male,2021-09-22,Active
STU009993,SCH020,3,Female,2020-07-31,Active
STU009994,SCH042,11,Male,2021-02-07,Active
STU009995,SCH033,4,Male,2021-06-20,Active
STU009996,SCH016,4,Female,2022-07-10,Active
STU009997,SCH014,1,Male,2023-11-08,Active
STU009998,SCH027,9,Female,2023-02-12,Active
STU009999,SCH018,1,Female,2018-03-31,Active
STU010000,SCH019,2,Female,2021-02-10,Active
