attendance_id,student_id,school_id,attendance_month,possible_days,attended_days,absence_reason
ATT202407000001,STU000001,SCH015,2024-07-01,18,16,Unauthorised
ATT202407000002,STU000002,SCH021,2024-07-01,18,14,Unauthorised
ATT202407000003,STU000003,SCH002,2024-07-01,16,12,Family
ATT202407000004,STU000004,SCH040,2024-07-01,15,13,Unauthorised
ATT202407000005,STU000005,SCH043,2024-07-01,16,13,Other
ATT202407000006,STU000006,SCH047,2024-07-01,14,12,Medical
ATT202407000007,STU000007,SCH031,2024-07-01,17,14,Medical
ATT202407000008,STU000008,SCH042,2024-07-01,18,13,Unauthorised
ATT202407000009,STU000009,SCH001,2024-07-01,18,15,Medical
ATT202407000010,STU000010,SCH043,2024-07-01,17,14,Other
ATT202407000011,STU000011,SCH038,2024-07-01,14,11,Illness
ATT202407000012,STU000012,SCH020,2024-07-01,18,15,Family
ATT202407000013,STU000013,SCH045,2024-07-01,18,15,Family
ATT202407000014,STU000014,SCH029,2024-07-01,15,12,Medical
ATT202407000015,STU000015,SCH006,2024-07-01,14,13,Other
ATT202407000016,STU000016,SCH005,2024-07-01,15,13,Unauthorised
ATT202407000017,STU000017,SCH034,2024-07-01,17,13,Illness
ATT202407000018,STU000018,SCH025,2024-07-01,14,12,Medical
ATT202407000019,STU000019,SCH005,2024-07-01,16,14,Illness
ATT202407000020,STU000020,SCH027,2024-07-01,14,12,Unauthorised
ATT202407000021,STU000021,SCH002,2024-07-01,17,13,Illness
ATT202407000022,STU000022,SCH041,2024-07-01,18,16,Illness
ATT202407000023,STU000023,SCH027,2024-07-01,17,14,Medical
ATT202407000024,STU000024,SCH032,2024-07-01,15,13,Medical
ATT202407000025,STU000025,SCH020,2024-07-01,15,12,Unauthorised
ATT202407000026,STU000026,SCH036,2024-07-01,14,13,Illness
ATT202407000027,STU000027,SCH023,2024-07-01,15,13,Illness
ATT202407000028,STU000028,SCH005,2024-07-01,16,15,Medical
ATT202407000029,STU000029,SCH024,2024-07-01,15,12,Illness
ATT202407000030,STU000030,SCH028,2024-07-01,16,12,Unauthorised
ATT202407000031,STU000031,SCH021,2024-07-01,14,11,Illness
ATT202407000032,STU000032,SCH014,2024-07-01,14,12,Family
ATT202407000033,STU000033,SCH040,2024-07-01,16,15,Family
ATT202407000034,STU000034,SCH009,2024-07-01,15,12,Family
ATT202407000035,STU000035,SCH011,2024-07-01,17,15,Illness
ATT202407000036,STU000036,SCH029,2024-07-01,18,15,Unauthorised
ATT202407000037,STU000037,SCH036,2024-07-01,15,12,Unauthorised
ATT202407000038,STU000038,SCH008,2024-07-01,15,13,Unauthorised
ATT202407000039,STU000039,SCH014,2024-07-01,14,11,Illness
ATT202407000040,STU000040,SCH008,2024-07-01,15,12,Illness
ATT202407000041,STU000041,SCH013,2024-07-01,16,14,Other
ATT202407000042,STU000042,SCH049,2024-07-01,17,13,Medical
ATT202407000043,STU000043,SCH038,2024-07-01,16,14,Illness
ATT202407000045,STU000045,SCH009,2024-07-01,18,15,Illness
ATT202407000046,STU000046,SCH045,2024-07-01,17,14,Unauthorised
ATT202407000047,STU000047,SCH029,2024-07-01,18,14,Family
ATT202407000048,STU000048,SCH022,2024-07-01,15,13,Illness
ATT202407000049,STU000049,SCH037,2024-07-01,14,11,Illness
ATT202407000050,STU000050,SCH027,2024-07-01,15,13,Other
ATT202407000051,STU000051,SCH017,2024-07-01,18,14,Family
ATT202407000052,STU000052,SCH005,2024-07-01,18,15,Family
ATT202407000053,STU000053,SCH043,2024-07-01,16,13,Medical
ATT202407000054,STU000054,SCH045,2024-07-01,17,14,Other
ATT202407000055,STU000055,SCH030,2024-07-01,15,13,Illness
ATT202407000056,STU000056,SCH048,2024-07-01,17,15,Other
ATT202407000057,STU000057,SCH021,2024-07-01,17,15,Family
ATT202407000058,STU000058,SCH002,2024-07-01,17,12,Other
ATT202407000059,STU000059,SCH034,2024-07-01,16,15,Other
ATT202407000060,STU000060,SCH012,2024-07-01,14,12,Other
ATT202407000061,STU000061,SCH009,2024-07-01,17,14,Illness
ATT202407000062,STU000062,SCH018,2024-07-01,18,16,Unauthorised
ATT202407000063,STU000063,SCH022,2024-07-01,15,13,Unauthorised
ATT202407000064,STU000064,SCH029,2024-07-01,15,12,Medical
ATT202407000065,STU000065,SCH027,2024-07-01,14,12,Medical
ATT202407000066,STU000066,SCH010,2024-07-01,16,13,Family
ATT202407000067,STU000067,SCH034,2024-07-01,14,10,Family
ATT202407000068,STU000068,SCH010,2024-07-01,16,14,Illness
ATT202407000069,STU000069,SCH021,2024-07-01,17,13,Unauthorised
ATT202407000070,STU000070,SCH047,2024-07-01,14,12,Illness
ATT202407000071,STU000071,SCH005,2024-07-01,18,16,Illness
ATT202407000072,STU000072,SCH001,2024-07-01,18,14,Medical
ATT202407000073,STU000073,SCH034,2024-07-01,16,13,Illness
ATT202407000074,STU000074,SCH004,2024-07-01,17,14,Unauthorised
ATT202407000075,STU000075,SCH025,2024-07-01,14,12,Unauthorised
ATT202407000076,STU000076,SCH045,2024-07-01,18,15,Family
ATT202407000077,STU000077,SCH045,2024-07-01,14,11,Other
ATT202407000078,STU000078,SCH001,2024-07-01,18,13,Family
ATT202407000079,STU000079,SCH004,2024-07-01,15,14,Family
ATT202407000080,STU000080,SCH019,2024-07-01,14,12,Unauthorised
ATT202407000081,STU000081,SCH021,2024-07-01,14,11,Medical
ATT202407000082,STU000082,SCH016,2024-07-01,16,14,Other
ATT202407000083,STU000083,SCH038,2024-07-01,17,14,Other
ATT202407000084,STU000084,SCH003,2024-07-01,18,14,Family
ATT202407000085,STU000085,SCH013,2024-07-01,16,14,Medical
ATT202407000086,STU000086,SCH019,2024-07-01,17,15,Medical
ATT202407000087,STU000087,SCH041,2024-07-01,15,12,Unauthorised
ATT202407000088,STU000088,SCH049,2024-07-01,18,15,Family
ATT202407000089,STU000089,SCH015,2024-07-01,16,13,Illness
ATT202407000090,STU000090,SCH008,2024-07-01,14,12,Other
ATT202407000091,STU000091,SCH042,2024-07-01,14,11,Illness
ATT202407000092,STU000092,SCH008,2024-07-01,18,15,Medical
ATT202407000093,STU000093,SCH048,2024-07-01,15,13,Medical
ATT202407000094,STU000094,SCH006,2024-07-01,14,12,Illness
ATT202407000095,STU000095,SCH012,2024-07-01,18,13,Medical
ATT202407000096,STU000096,SCH017,2024-07-01,17,15,Unauthorised
ATT202407000097,STU000097,SCH022,2024-07-01,16,11,Other
ATT202407000098,STU000098,SCH046,2024-07-01,14,12,Other
ATT202407000099,STU000099,SCH002,2024-07-01,17,15,Medical
ATT202407000100,STU000100,SCH022,2024-07-01,17,13,Unauthorised
ATT202407000101,STU000101,SCH002,2024-07-01,16,14,Family
ATT202407000102,STU000102,SCH037,2024-07-01,18,15,Medical
ATT202407000103,STU000103,SCH006,2024-07-01,18,15,Medical
ATT202407000104,STU000104,SCH019,2024-07-01,17,14,Illness
ATT202407000105,STU000105,SCH044,2024-07-01,18,15,Medical
ATT202407000106,STU000106,SCH046,2024-07-01,16,13,Medical
ATT202407000107,STU000107,SCH016,2024-07-01,17,16,Other
ATT202407000108,STU000108,SCH045,2024-07-01,15,13,Medical
ATT202407000109,STU000109,SCH008,2024-07-01,17,14,Family
ATT202407000110,STU000110,SCH019,2024-07-01,18,16,Medical
ATT202407000111,STU000111,SCH017,2024-07-01,18,15,Illness
ATT202407000112,STU000112,SCH036,2024-07-01,15,13,Illness
ATT202407000113,STU000113,SCH010,2024-07-01,17,14,Unauthorised
ATT202407000114,STU000114,SCH046,2024-07-01,15,12,Illness
ATT202407000115,STU000115,SCH029,2024-07-01,15,13,Family
ATT202407000116,STU000116,SCH027,2024-07-01,16,13,Medical
ATT202407000117,STU000117,SCH047,2024-07-01,16,14,Other
ATT202407000118,STU000118,SCH012,2024-07-01,18,15,Other
ATT202407000119,STU000119,SCH040,2024-07-01,17,14,Medical
ATT202407000120,STU000120,SCH049,2024-07-01,16,13,Family
ATT202407000121,STU000121,SCH002,2024-07-01,18,13,Other
ATT202407000122,STU000122,SCH039,2024-07-01,15,12,Other
ATT202407000123,STU000123,SCH036,2024-07-01,14,12,Illness
ATT202407000124,STU000124,SCH029,2024-07-01,16,13,Illness
ATT202407000125,STU000125,SCH033,2024-07-01,18,16,Illness
ATT202407000126,STU000126,SCH026,2024-07-01,15,13,Illness
ATT202407000127,STU000127,SCH012,2024-07-01,17,14,Unauthorised
ATT202407000128,STU000128,SCH018,2024-07-01,14,12,Other
ATT202407000129,STU000129,SCH028,2024-07-01,15,12,Medical
ATT202407000130,STU000130,SCH032,2024-07-01,16,13,Unauthorised
ATT202407000131,STU000131,SCH030,2024-07-01,14,13,Other
ATT202407000132,STU000132,SCH013,2024-07-01,17,15,Medical
ATT202407000133,STU000133,SCH022,2024-07-01,18,14,Unauthorised
ATT202407000134,STU000134,SCH008,2024-07-01,17,15,Family
ATT202407000135,STU000135,SCH027,2024-07-01,15,12,Family
ATT202407000136,STU000136,SCH020,2024-07-01,17,15,Illness
ATT202407000137,STU000137,SCH028,2024-07-01,18,15,Family
ATT202407000138,STU000138,SCH025,2024-07-01,18,15,Illness
ATT202407000139,STU000139,SCH029,2024-07-01,18,15,Unauthorised
ATT202407000140,STU000140,SCH022,2024-07-01,16,13,Other
ATT202407000141,STU000141,SCH010,2024-07-01,14,11,Unauthorised
ATT202407000142,STU000142,SCH009,2024-07-01,14,12,Illness
ATT202407000143,STU000143,SCH023,2024-07-01,18,16,Unauthorised
ATT202407000144,STU000144,SCH019,2024-07-01,18,16,Medical
ATT202407000145,STU000145,SCH035,2024-07-01,18,14,Medical
ATT202407000146,STU000146,SCH003,2024-07-01,16,13,Illness
ATT202407000147,STU000147,SCH031,2024-07-01,15,13,Family
ATT202407000148,STU000148,SCH009,2024-07-01,14,12,Illness
ATT202407000149,STU000149,SCH015,2024-07-01,17,14,Family
ATT202407000150,STU000150,SCH023,2024-07-01,14,11,Family
ATT202407000151,STU000151,SCH043,2024-07-01,14,11,Family
ATT202407000152,STU000152,SCH011,2024-07-01,18,14,Family
ATT202407000153,STU000153,SCH045,2024-07-01,17,14,Unauthorised
ATT202407000154,STU000154,SCH014,2024-07-01,17,15,Family
ATT202407000155,STU000155,SCH044,2024-07-01,16,14,Medical
ATT202407000156,STU000156,SCH018,2024-07-01,18,16,Medical
ATT202407000157,STU000157,SCH013,2024-07-01,16,13,Unauthorised
ATT202407000158,STU000158,SCH033,2024-07-01,18,16,Family
ATT202407000159,STU000159,SCH017,2024-07-01,14,11,Family
ATT202407000160,STU000160,SCH009,2024-07-01,18,15,Family
ATT202407000161,STU000161,SCH033,2024-07-01,17,14,Other
ATT202407000162,STU000162,SCH027,2024-07-01,16,14,Illness
ATT202407000163,STU000163,SCH022,2024-07-01,18,15,Illness
ATT202407000164,STU000164,SCH018,2024-07-01,17,15,Medical
ATT202407000165,STU000165,SCH045,2024-07-01,16,14,Medical
ATT202407000166,STU000166,SCH047,2024-07-01,16,13,Medical
ATT202407000167,STU000167,SCH033,2024-07-01,14,12,Illness
ATT202407000169,STU000169,SCH007,2024-07-01,14,11,Medical
ATT202407000170,STU000170,SCH041,2024-07-01,18,14,Illness
ATT202407000171,STU000171,SCH012,2024-07-01,14,12,Illness
ATT202407000172,STU000172,SCH023,2024-07-01,16,13,Family
ATT202407000173,STU000173,SCH006,2024-07-01,16,14,Family
ATT202407000174,STU000174,SCH043,2024-07-01,15,14,Unauthorised
ATT202407000175,STU000175,SCH015,2024-07-01,14,12,Illness
ATT202407000176,STU000176,SCH003,2024-07-01,16,12,Illness
ATT202407000177,STU000177,SCH036,2024-07-01,14,12,Unauthorised
ATT202407000178,STU000178,SCH022,2024-07-01,15,12,Other
ATT202407000179,STU000179,SCH007,2024-07-01,14,12,Unauthorised
ATT202407000180,STU000180,SCH048,2024-07-01,16,14,Family
ATT202407000181,STU000181,SCH022,2024-07-01,14,11,Medical
ATT202407000182,STU000182,SCH034,2024-07-01,17,14,Family
ATT202407000183,STU000183,SCH013,2024-07-01,15,13,Unauthorised
ATT202407000184,STU000184,SCH032,2024-07-01,17,14,Family
ATT202407000185,STU000185,SCH015,2024-07-01,17,15,Family
ATT202407000186,STU000186,SCH007,2024-07-01,14,12,Other
ATT202407000187,STU000187,SCH020,2024-07-01,16,15,Medical
ATT202407000188,STU000188,SCH004,2024-07-01,15,13,Family
ATT202407000189,STU000189,SCH040,2024-07-01,14,12,Illness
ATT202407000190,STU000190,SCH008,2024-07-01,16,13,Unauthorised
ATT202407000191,STU000191,SCH008,2024-07-01,14,12,Illness
ATT202407000192,STU000192,SCH018,2024-07-01,15,13,Unauthorised
ATT202407000193,STU000193,SCH031,2024-07-01,14,12,Illness
ATT202407000194,STU000194,SCH022,2024-07-01,18,14,Medical
ATT202407000195,STU000195,SCH034,2024-07-01,17,14,Medical
ATT202407000196,STU000196,SCH005,2024-07-01,17,14,Other
ATT202407000197,STU000197,SCH027,2024-07-01,17,15,Unauthorised
ATT202407000198,STU000198,SCH009,2024-07-01,15,13,Other
ATT202407000199,STU000199,SCH017,2024-07-01,18,14,Family
ATT202407000200,STU000200,SCH049,2024-07-01,17,15,Illness
ATT202407000201,STU000201,SCH030,2024-07-01,15,14,Illness
ATT202407000202,STU000202,SCH003,2024-07-01,14,12,Illness
ATT202407000203,STU000203,SCH008,2024-07-01,15,13,Family
ATT202407000204,STU000204,SCH011,2024-07-01,16,14,Family
ATT202407000205,STU000205,SCH050,2024-07-01,18,16,Illness
ATT202407000206,STU000206,SCH050,2024-07-01,18,15,Unauthorised
ATT202407000207,STU000207,SCH017,2024-07-01,18,15,Family
ATT202407000208,STU000208,SCH016,2024-07-01,14,13,Family
ATT202407000209,STU000209,SCH011,2024-07-01,17,15,Unauthorised
ATT202407000210,STU000210,SCH001,2024-07-01,15,11,Family
ATT202407000211,STU000211,SCH040,2024-07-01,15,13,Unauthorised
ATT202407000212,STU000212,SCH014,2024-07-01,18,15,Unauthorised
ATT202407000213,STU000213,SCH002,2024-07-01,15,12,Medical
ATT202407000214,STU000214,SCH026,2024-07-01,14,12,Medical
ATT202407000215,STU000215,SCH029,2024-07-01,17,13,Other
ATT202407000216,STU000216,SCH012,2024-07-01,17,14,Family
ATT202407000217,STU000217,SCH001,2024-07-01,15,14,Other
ATT202407000218,STU000218,SCH037,2024-07-01,18,16,Family
ATT202407000219,STU000219,SCH013,2024-07-01,17,14,Other
ATT202407000220,STU000220,SCH008,2024-07-01,17,16,Unauthorised
ATT202407000221,STU000221,SCH040,2024-07-01,18,15,Medical
ATT202407000222,STU000222,SCH041,2024-07-01,18,15,Family
ATT202407000223,STU000223,SCH019,2024-07-01,16,15,Illness
ATT202407000224,STU000224,SCH008,2024-07-01,15,12,Family
ATT202407000225,STU000225,SCH030,2024-07-01,18,16,Family
ATT202407000226,STU000226,SCH013,2024-07-01,14,12,Other
ATT202407000227,STU000227,SCH043,2024-07-01,15,13,Unauthorised
ATT202407000228,STU000228,SCH003,2024-07-01,14,12,Other
ATT202407000229,STU000229,SCH026,2024-07-01,17,15,Family
ATT202407000230,STU000230,SCH039,2024-07-01,17,15,Medical
ATT202407000231,STU000231,SCH009,2024-07-01,15,11,Unauthorised
ATT202407000232,STU000232,SCH025,2024-07-01,14,12,Family
ATT202407000233,STU000233,SCH011,2024-07-01,16,14,Illness
ATT202407000234,STU000234,SCH021,2024-07-01,16,13,Other
ATT202407000235,STU000235,SCH005,2024-07-01,17,15,Medical
ATT202407000236,STU000236,SCH022,2024-07-01,17,13,Other
ATT202407000237,STU000237,SCH040,2024-07-01,16,12,Family
ATT202407000238,STU000238,SCH018,2024-07-01,15,13,Unauthorised
ATT202407000239,STU000239,SCH031,2024-07-01,14,11,Family
ATT202407000240,STU000240,SCH047,2024-07-01,17,15,Unauthorised
ATT202407000241,STU000241,SCH015,2024-07-01,18,16,Illness
ATT202407000242,STU000242,SCH005,2024-07-01,17,14,Illness
ATT202407000243,STU000243,SCH006,2024-07-01,17,14,Unauthorised
ATT202407000244,STU000244,SCH002,2024-07-01,16,13,Family
ATT202407000245,STU000245,SCH038,2024-07-01,17,15,Other
ATT202407000246,STU000246,SCH045,2024-07-01,14,11,Family
ATT202407000247,STU000247,SCH050,2024-07-01,17,13,Other
ATT202407000248,STU000248,SCH039,2024-07-01,15,13,Illness
ATT202407000249,STU000249,SCH001,2024-07-01,17,14,Illness
ATT202407000250,STU000250,SCH004,2024-07-01,17,15,Illness
ATT202407000251,STU000251,SCH032,2024-07-01,16,13,Illness
ATT202407000252,STU000252,SCH047,2024-07-01,18,15,Family
ATT202407000253,STU000253,SCH014,2024-07-01,18,14,Illness
ATT202407000254,STU000254,SCH018,2024-07-01,17,14,Illness
ATT202407000255,STU000255,SCH026,2024-07-01,16,15,Illness
ATT202407000256,STU000256,SCH044,2024-07-01,17,13,Family
ATT202407000257,STU000257,SCH046,2024-07-01,15,13,Medical
ATT202407000258,STU000258,SCH034,2024-07-01,17,14,Medical
ATT202407000259,STU000259,SCH003,2024-07-01,16,15,Unauthorised
ATT202407000260,STU000260,SCH050,2024-07-01,16,13,Illness
ATT202407000261,STU000261,SCH009,2024-07-01,14,12,Medical
ATT202407000262,STU000262,SCH045,2024-07-01,16,13,Unauthorised
ATT202407000263,STU000263,SCH026,2024-07-01,17,15,Illness
ATT202407000264,STU000264,SCH008,2024-07-01,14,11,Other
ATT202407000265,STU000265,SCH050,2024-07-01,16,13,Other
ATT202407000266,STU000266,SCH040,2024-07-01,14,12,Medical
ATT202407000267,STU000267,SCH001,2024-07-01,17,13,Family
ATT202407000268,STU000268,SCH008,2024-07-01,17,15,Family
ATT202407000269,STU000269,SCH009,2024-07-01,15,12,Medical
ATT202407000270,STU000270,SCH018,2024-07-01,18,15,Other
ATT202407000271,STU000271,SCH027,2024-07-01,16,14,Medical
ATT202407000272,STU000272,SCH041,2024-07-01,18,16,Illness
ATT202407000273,STU000273,SCH016,2024-07-01,18,14,Unauthorised
ATT202407000274,STU000274,SCH012,2024-07-01,15,13,Medical
ATT202407000275,STU000275,SCH050,2024-07-01,14,12,Unauthorised
ATT202407000276,STU000276,SCH039,2024-07-01,15,12,Other
ATT202407000277,STU000277,SCH041,2024-07-01,14,12,Unauthorised
ATT202407000278,STU000278,SCH039,2024-07-01,14,12,Family
ATT202407000279,STU000279,SCH028,2024-07-01,18,16,Medical
ATT202407000280,STU000280,SCH028,2024-07-01,17,14,Unauthorised
ATT202407000281,STU000281,SCH040,2024-07-01,16,13,Unauthorised
ATT202407000282,STU000282,SCH022,2024-07-01,15,12,Unauthorised
ATT202407000283,STU000283,SCH027,2024-07-01,14,12,Unauthorised
ATT202407000284,STU000284,SCH020,2024-07-01,18,16,Other
ATT202407000285,STU000285,SCH046,2024-07-01,14,11,Illness
ATT202407000286,STU000286,SCH041,2024-07-01,14,12,Medical
ATT202407000287,STU000287,SCH008,2024-07-01,18,14,Other
ATT202407000288,STU000288,SCH031,2024-07-01,16,13,Medical
ATT202407000289,STU000289,SCH033,2024-07-01,16,13,Illness
ATT202407000290,STU000290,SCH040,2024-07-01,14,13,Family
ATT202407000291,STU000291,SCH036,2024-07-01,17,15,Family
ATT202407000292,STU000292,SCH044,2024-07-01,14,13,Family
ATT202407000293,STU000293,SCH033,2024-07-01,14,11,Illness
ATT202407000294,STU000294,SCH012,2024-07-01,14,11,Illness
ATT202407000295,STU000295,SCH027,2024-07-01,14,12,Family
ATT202407000296,STU000296,SCH017,2024-07-01,15,12,Medical
ATT202407000297,STU000297,SCH045,2024-07-01,17,13,Illness
ATT202407000298,STU000298,SCH042,2024-07-01,14,11,Other
ATT202407000299,STU000299,SCH033,2024-07-01,15,13,Illness
ATT202407000300,STU000300,SCH017,2024-07-01,17,14,Medical
ATT202407000301,STU000301,SCH043,2024-07-01,16,14,Family
ATT202407000302,STU000302,SCH024,2024-07-01,18,15,Illness
ATT202407000303,STU000303,SCH010,2024-07-01,18,16,Family
ATT202407000304,STU000304,SCH046,2024-07-01,15,13,Medical
ATT202407000305,STU000305,SCH004,2024-07-01,16,14,Family
ATT202407000306,STU000306,SCH046,2024-07-01,16,12,Unauthorised
ATT202407000307,STU000307,SCH010,2024-07-01,18,16,Other
ATT202407000308,STU000308,SCH005,2024-07-01,15,14,Family
ATT202407000309,STU000309,SCH026,2024-07-01,15,13,Family
ATT202407000310,STU000310,SCH025,2024-07-01,18,15,Illness
ATT202407000311,STU000311,SCH012,2024-07-01,16,14,Other
ATT202407000312,STU000312,SCH022,2024-07-01,18,15,Medical
ATT202407000313,STU000313,SCH028,2024-07-01,17,14,Family
ATT202407000314,STU000314,SCH012,2024-07-01,16,13,Other
ATT202407000315,STU000315,SCH046,2024-07-01,15,13,Medical
ATT202407000316,STU000316,SCH037,2024-07-01,14,12,Medical
ATT202407000317,STU000317,SCH008,2024-07-01,15,13,Family
ATT202407000318,STU000318,SCH026,2024-07-01,17,16,Other
ATT202407000319,STU000319,SCH016,2024-07-01,17,15,Unauthorised
ATT202407000320,STU000320,SCH007,2024-07-01,17,15,Other
ATT202407000321,STU000321,SCH042,2024-07-01,17,12,Illness
ATT202407000322,STU000322,SCH011,2024-07-01,14,12,Family
ATT202407000323,STU000323,SCH010,2024-07-01,16,13,Other
ATT202407000324,STU000324,SCH042,2024-07-01,16,14,Illness
ATT202407000325,STU000325,SCH041,2024-07-01,14,12,Medical
ATT202407000326,STU000326,SCH023,2024-07-01,14,11,Family
ATT202407000327,STU000327,SCH017,2024-07-01,15,13,Unauthorised
ATT202407000328,STU000328,SCH024,2024-07-01,15,13,Medical
ATT202407000329,STU000329,SCH023,2024-07-01,15,12,Unauthorised
ATT202407000330,STU000330,SCH031,2024-07-01,16,14,Unauthorised
ATT202407000331,STU000331,SCH025,2024-07-01,14,11,Other
ATT202407000332,STU000332,SCH030,2024-07-01,17,15,Unauthorised
ATT202407000333,STU000333,SCH037,2024-07-01,18,16,Illness
ATT202407000334,STU000334,SCH005,2024-07-01,14,12,Family
ATT202407000335,STU000335,SCH041,2024-07-01,14,12,Medical
ATT202407000336,STU000336,SCH035,2024-07-01,15,12,Medical
ATT202407000337,STU000337,SCH011,2024-07-01,17,14,Unauthorised
ATT202407000338,STU000338,SCH043,2024-07-01,16,14,Family
ATT202407000339,STU000339,SCH024,2024-07-01,18,15,Medical
ATT202407000340,STU000340,SCH025,2024-07-01,16,14,Medical
ATT202407000341,STU000341,SCH007,2024-07-01,14,12,Family
ATT202407000342,STU000342,SCH025,2024-07-01,17,15,Other
ATT202407000343,STU000343,SCH042,2024-07-01,15,11,Illness
ATT202407000344,STU000344,SCH035,2024-07-01,18,14,Illness
ATT202407000345,STU000345,SCH010,2024-07-01,18,15,Illness
ATT202407000346,STU000346,SCH021,2024-07-01,14,12,Medical
ATT202407000347,STU000347,SCH012,2024-07-01,18,15,Unauthorised
ATT202407000348,STU000348,SCH031,2024-07-01,15,12,Unauthorised
ATT202407000349,STU000349,SCH038,2024-07-01,17,15,Illness
ATT202407000350,STU000350,SCH033,2024-07-01,17,15,Illness
ATT202407000351,STU000351,SCH040,2024-07-01,17,15,Unauthorised
ATT202407000352,STU000352,SCH027,2024-07-01,18,14,Illness
ATT202407000353,STU000353,SCH008,2024-07-01,15,13,Other
ATT202407000354,STU000354,SCH031,2024-07-01,16,13,Other
ATT202407000355,STU000355,SCH038,2024-07-01,18,15,Unauthorised
ATT202407000356,STU000356,SCH020,2024-07-01,16,13,Other
ATT202407000357,STU000357,SCH009,2024-07-01,17,15,Medical
ATT202407000358,STU000358,SCH014,2024-07-01,17,14,Family
ATT202407000359,STU000359,SCH031,2024-07-01,14,12,Other
ATT202407000360,STU000360,SCH006,2024-07-01,15,14,Other
ATT202407000361,STU000361,SCH029,2024-07-01,17,14,Medical
ATT202407000362,STU000362,SCH047,2024-07-01,14,12,Other
ATT202407000363,STU000363,SCH013,2024-07-01,16,14,Illness
ATT202407000364,STU000364,SCH039,2024-07-01,18,15,Family
ATT202407000365,STU000365,SCH010,2024-07-01,14,12,Illness
ATT202407000366,STU000366,SCH038,2024-07-01,15,13,Unauthorised
ATT202407000367,STU000367,SCH047,2024-07-01,15,13,Family
ATT202407000368,STU000368,SCH022,2024-07-01,14,10,Other
ATT202407000369,STU000369,SCH047,2024-07-01,15,12,Illness
ATT202407000370,STU000370,SCH026,2024-07-01,16,14,Medical
ATT202407000371,STU000371,SCH036,2024-07-01,15,14,Unauthorised
ATT202407000372,STU000372,SCH002,2024-07-01,14,11,Other
ATT202407000373,STU000373,SCH025,2024-07-01,15,13,Medical
ATT202407000374,STU000374,SCH003,2024-07-01,14,13,Illness
ATT202407000375,STU000375,SCH019,2024-07-01,16,14,Medical
ATT202407000376,STU000376,SCH019,2024-07-01,14,12,Family
ATT202407000377,STU000377,SCH008,2024-07-01,15,13,Medical
ATT202407000378,STU000378,SCH034,2024-07-01,14,11,Other
ATT202407000379,STU000379,SCH047,2024-07-01,16,14,Illness
ATT202407000380,STU000380,SCH049,2024-07-01,16,11,Other
ATT202407000381,STU000381,SCH036,2024-07-01,14,12,Family
ATT202407000382,STU000382,SCH004,2024-07-01,18,17,Medical
ATT202407000383,STU000383,SCH047,2024-07-01,14,12,Illness
ATT202407000384,STU000384,SCH032,2024-07-01,18,15,Other
ATT202407000385,STU000385,SCH023,2024-07-01,15,12,Unauthorised
ATT202407000386,STU000386,SCH011,2024-07-01,17,15,Illness
ATT202407000387,STU000387,SCH027,2024-07-01,16,13,Medical
ATT202407000388,STU000388,SCH032,2024-07-01,17,14,Unauthorised
ATT202407000389,STU000389,SCH026,2024-07-01,17,14,Illness
ATT202407000390,STU000390,SCH032,2024-07-01,14,12,Family
ATT202407000391,STU000391,SCH024,2024-07-01,17,13,Medical
ATT202407000392,STU000392,SCH036,2024-07-01,14,12,Unauthorised
ATT202407000393,STU000393,SCH005,2024-07-01,15,13,Medical
ATT202407000394,STU000394,SCH032,2024-07-01,16,14,Family
ATT202407000395,STU000395,SCH023,2024-07-01,18,14,Illness
ATT202407000396,STU000396,SCH037,2024-07-01,14,12,Medical
ATT202407000397,STU000397,SCH047,2024-07-01,15,13,Unauthorised
ATT202407000398,STU000398,SCH034,2024-07-01,17,11,Medical
ATT202407000399,STU000399,SCH036,2024-07-01,15,12,Other
ATT202407000400,STU000400,SCH022,2024-07-01,15,13,Illness
ATT202407000401,STU000401,SCH012,2024-07-01,17,14,Other
ATT202407000402,STU000402,SCH037,2024-07-01,18,15,Illness
ATT202407000403,STU000403,SCH028,2024-07-01,14,12,Unauthorised
ATT202407000404,STU000404,SCH026,2024-07-01,17,13,Family
ATT202407000405,STU000405,SCH020,2024-07-01,18,16,Medical
ATT202407000406,STU000406,SCH029,2024-07-01,15,13,Other
ATT202407000407,STU000407,SCH034,2024-07-01,14,10,Other
ATT202407000408,STU000408,SCH050,2024-07-01,15,13,Medical
ATT202407000409,STU000409,SCH005,2024-07-01,18,15,Illness
ATT202407000410,STU000410,SCH008,2024-07-01,14,12,Other
ATT202407000411,STU000411,SCH008,2024-07-01,16,14,Other
ATT202407000412,STU000412,SCH036,2024-07-01,14,12,Medical
ATT202407000413,STU000413,SCH016,2024-07-01,16,14,Medical
ATT202407000414,STU000414,SCH021,2024-07-01,14,11,Family
ATT202407000415,STU000415,SCH009,2024-07-01,16,14,Medical
ATT202407000416,STU000416,SCH049,2024-07-01,18,13,Family
ATT202407000417,STU000417,SCH022,2024-07-01,16,13,Family
ATT202407000418,STU000418,SCH032,2024-07-01,18,16,Unauthorised
ATT202407000419,STU000419,SCH039,2024-07-01,16,14,Medical
ATT202407000420,STU000420,SCH046,2024-07-01,14,13,Other
ATT202407000421,STU000421,SCH023,2024-07-01,14,12,Other
ATT202407000422,STU000422,SCH032,2024-07-01,18,15,Illness
ATT202407000424,STU000424,SCH002,2024-07-01,14,11,Family
ATT202407000425,STU000425,SCH034,2024-07-01,16,14,Unauthorised
ATT202407000426,STU000426,SCH027,2024-07-01,16,13,Illness
ATT202407000427,STU000427,SCH036,2024-07-01,14,13,Medical
ATT202407000428,STU000428,SCH010,2024-07-01,15,12,Illness
ATT202407000429,STU000429,SCH019,2024-07-01,16,14,Family
ATT202407000430,STU000430,SCH032,2024-07-01,16,13,Illness
ATT202407000431,STU000431,SCH014,2024-07-01,17,14,Illness
ATT202407000432,STU000432,SCH018,2024-07-01,16,15,Medical
ATT202407000433,STU000433,SCH035,2024-07-01,17,14,Illness
ATT202407000434,STU000434,SCH020,2024-07-01,14,12,Family
ATT202407000435,STU000435,SCH042,2024-07-01,14,10,Illness
ATT202407000436,STU000436,SCH002,2024-07-01,15,10,Unauthorised
ATT202407000437,STU000437,SCH028,2024-07-01,18,16,Medical
ATT202407000438,STU000438,SCH034,2024-07-01,16,14,Other
ATT202407000439,STU000439,SCH004,2024-07-01,17,16,Family
ATT202407000440,STU000440,SCH007,2024-07-01,15,13,Medical
ATT202407000441,STU000441,SCH008,2024-07-01,17,14,Illness
ATT202407000442,STU000442,SCH036,2024-07-01,16,14,Family
ATT202407000443,STU000443,SCH019,2024-07-01,16,14,Unauthorised
ATT202407000444,STU000444,SCH047,2024-07-01,18,16,Medical
ATT202407000445,STU000445,SCH030,2024-07-01,18,16,Family
ATT202407000446,STU000446,SCH048,2024-07-01,14,12,Illness
ATT202407000447,STU000447,SCH022,2024-07-01,17,16,Other
ATT202407000448,STU000448,SCH017,2024-07-01,17,13,Family
ATT202407000449,STU000449,SCH035,2024-07-01,17,13,Illness
ATT202407000450,STU000450,SCH001,2024-07-01,17,12,Medical
ATT202407000451,STU000451,SCH046,2024-07-01,14,12,Other
ATT202407000452,STU000452,SCH007,2024-07-01,17,14,Unauthorised
ATT202407000453,STU000453,SCH041,2024-07-01,15,14,Unauthorised
ATT202407000454,STU000454,SCH014,2024-07-01,17,14,Medical
ATT202407000455,STU000455,SCH017,2024-07-01,14,12,Illness
ATT202407000456,STU000456,SCH049,2024-07-01,15,12,Family
ATT202407000457,STU000457,SCH039,2024-07-01,15,13,Medical
ATT202407000458,STU000458,SCH042,2024-07-01,18,14,Illness
ATT202407000459,STU000459,SCH004,2024-07-01,17,15,Other
ATT202407000460,STU000460,SCH037,2024-07-01,17,14,Other
ATT202407000461,STU000461,SCH014,2024-07-01,14,11,Unauthorised
ATT202407000462,STU000462,SCH033,2024-07-01,17,14,Other
ATT202407000463,STU000463,SCH024,2024-07-01,16,14,Other
ATT202407000464,STU000464,SCH020,2024-07-01,18,15,Medical
ATT202407000465,STU000465,SCH021,2024-07-01,16,12,Unauthorised
ATT202407000466,STU000466,SCH046,2024-07-01,14,11,Medical
ATT202407000467,STU000467,SCH043,2024-07-01,15,12,Medical
ATT202407000468,STU000468,SCH023,2024-07-01,17,15,Illness
ATT202407000469,STU000469,SCH011,2024-07-01,14,12,Medical
ATT202407000470,STU000470,SCH025,2024-07-01,18,15,Family
ATT202407000471,STU000471,SCH040,2024-07-01,17,14,Medical
ATT202407000472,STU000472,SCH046,2024-07-01,16,12,Unauthorised
ATT202407000473,STU000473,SCH009,2024-07-01,17,15,Other
ATT202407000474,STU000474,SCH031,2024-07-01,15,12,Family
ATT202407000475,STU000475,SCH038,2024-07-01,15,13,Family
ATT202407000476,STU000476,SCH030,2024-07-01,16,15,Family
ATT202407000477,STU000477,SCH029,2024-07-01,18,15,Other
ATT202407000478,STU000478,SCH009,2024-07-01,16,12,Unauthorised
ATT202407000479,STU000479,SCH028,2024-07-01,18,14,Family
ATT202407000480,STU000480,SCH046,2024-07-01,18,15,Unauthorised
ATT202407000481,STU000481,SCH009,2024-07-01,14,11,Medical
ATT202407000482,STU000482,SCH039,2024-07-01,15,12,Illness
ATT202407000483,STU000483,SCH040,2024-07-01,15,13,Medical
ATT202407000484,STU000484,SCH003,2024-07-01,15,13,Family
ATT202407000485,STU000485,SCH004,2024-07-01,16,15,Medical
ATT202407000486,STU000486,SCH038,2024-07-01,17,14,Other
ATT202407000487,STU000487,SCH049,2024-07-01,15,12,Family
ATT202407000488,STU000488,SCH012,2024-07-01,17,15,Other
ATT202407000489,STU000489,SCH010,2024-07-01,14,12,Family
ATT202407000490,STU000490,SCH019,2024-07-01,16,13,Illness
ATT202407000491,STU000491,SCH009,2024-07-01,14,12,Other
ATT202407000492,STU000492,SCH005,2024-07-01,14,12,Medical
ATT202407000493,STU000493,SCH045,2024-07-01,16,14,Illness
ATT202407000494,STU000494,SCH046,2024-07-01,18,16,Family
ATT202407000495,STU000495,SCH009,2024-07-01,14,11,Other
ATT202407000496,STU000496,SCH004,2024-07-01,14,12,Medical
ATT202407000497,STU000497,SCH048,2024-07-01,15,13,Other
ATT202407000498,STU000498,SCH014,2024-07-01,17,14,Family
ATT202407000499,STU000499,SCH040,2024-07-01,16,14,Family
ATT202407000500,STU000500,SCH020,2024-07-01,15,13,Unauthorised
ATT202407000501,STU000501,SCH019,2024-07-01,16,15,Illness
ATT202407000502,STU000502,SCH016,2024-07-01,15,13,Unauthorised
ATT202407000503,STU000503,SCH015,2024-07-01,17,16,Unauthorised
ATT202407000504,STU000504,SCH041,2024-07-01,14,12,Illness
ATT202407000505,STU000505,SCH015,2024-07-01,15,13,Family
ATT202407000506,STU000506,SCH024,2024-07-01,16,12,Family
ATT202407000507,STU000507,SCH040,2024-07-01,15,14,Illness
ATT202407000508,STU000508,SCH024,2024-07-01,18,15,Other
ATT202407000509,STU000509,SCH049,2024-07-01,16,14,Unauthorised
ATT202407000510,STU000510,SCH001,2024-07-01,14,11,Unauthorised
ATT202407000511,STU000511,SCH008,2024-07-01,15,13,Family
ATT202407000512,STU000512,SCH007,2024-07-01,16,13,Medical
ATT202407000513,STU000513,SCH004,2024-07-01,15,13,Family
ATT202407000514,STU000514,SCH012,2024-07-01,14,11,Unauthorised
ATT202407000515,STU000515,SCH012,2024-07-01,17,14,Other
ATT202407000516,STU000516,SCH047,2024-07-01,18,16,Medical
ATT202407000517,STU000517,SCH027,2024-07-01,16,14,Medical
ATT202407000518,STU000518,SCH036,2024-07-01,15,12,Illness
ATT202407000519,STU000519,SCH026,2024-07-01,15,12,Family
ATT202407000520,STU000520,SCH018,2024-07-01,14,12,Family
ATT202407000521,STU000521,SCH045,2024-07-01,17,14,Medical
ATT202407000522,STU000522,SCH029,2024-07-01,17,14,Unauthorised
ATT202407000523,STU000523,SCH007,2024-07-01,16,14,Medical
ATT202407000524,STU000524,SCH005,2024-07-01,16,13,Illness
ATT202407000525,STU000525,SCH026,2024-07-01,15,13,Unauthorised
ATT202407000526,STU000526,SCH046,2024-07-01,14,12,Family
ATT202407000527,STU000527,SCH006,2024-07-01,18,15,Family
ATT202407000528,STU000528,SCH018,2024-07-01,14,12,Illness
ATT202407000529,STU000529,SCH010,2024-07-01,15,13,Other
ATT202407000530,STU000530,SCH011,2024-07-01,15,13,Other
ATT202407000531,STU000531,SCH037,2024-07-01,17,14,Unauthorised
ATT202407000532,STU000532,SCH029,2024-07-01,18,16,Medical
ATT202407000533,STU000533,SCH017,2024-07-01,17,13,Other
ATT202407000534,STU000534,SCH045,2024-07-01,15,12,Medical
ATT202407000535,STU000535,SCH024,2024-07-01,14,10,Illness
ATT202407000536,STU000536,SCH017,2024-07-01,15,12,Unauthorised
ATT202407000537,STU000537,SCH004,2024-07-01,18,15,Unauthorised
ATT202407000538,STU000538,SCH001,2024-07-01,14,10,Family
ATT202407000539,STU000539,SCH025,2024-07-01,15,13,Unauthorised
ATT202407000540,STU000540,SCH045,2024-07-01,17,15,Illness
ATT202407000541,STU000541,SCH038,2024-07-01,15,14,Other
ATT202407000542,STU000542,SCH006,2024-07-01,16,14,Medical
ATT202407000543,STU000543,SCH029,2024-07-01,15,12,Medical
ATT202407000544,STU000544,SCH006,2024-07-01,18,15,Unauthorised
ATT202407000545,STU000545,SCH025,2024-07-01,16,14,Other
ATT202407000546,STU000546,SCH044,2024-07-01,14,12,Other
ATT202407000547,STU000547,SCH034,2024-07-01,16,12,Other
ATT202407000548,STU000548,SCH004,2024-07-01,14,12,Unauthorised
ATT202407000549,STU000549,SCH011,2024-07-01,17,15,Other
ATT202407000550,STU000550,SCH008,2024-07-01,17,14,Family
ATT202407000551,STU000551,SCH049,2024-07-01,16,11,Unauthorised
ATT202407000552,STU000552,SCH009,2024-07-01,15,12,Family
ATT202407000553,STU000553,SCH048,2024-07-01,18,17,Illness
ATT202407000554,STU000554,SCH016,2024-07-01,18,15,Illness
ATT202407000555,STU000555,SCH010,2024-07-01,17,15,Other
ATT202407000556,STU000556,SCH034,2024-07-01,15,12,Unauthorised
ATT202407000557,STU000557,SCH025,2024-07-01,18,16,Medical
ATT202407000558,STU000558,SCH006,2024-07-01,17,14,Family
ATT202407000559,STU000559,SCH034,2024-07-01,17,15,Medical
ATT202407000560,STU000560,SCH016,2024-07-01,14,12,Unauthorised
ATT202407000561,STU000561,SCH036,2024-07-01,18,14,Unauthorised
ATT202407000562,STU000562,SCH042,2024-07-01,14,11,Medical
ATT202407000563,STU000563,SCH004,2024-07-01,14,12,Illness
ATT202407000564,STU000564,SCH019,2024-07-01,17,13,Other
ATT202407000565,STU000565,SCH049,2024-07-01,14,12,Other
ATT202407000566,STU000566,SCH029,2024-07-01,14,12,Illness
ATT202407000567,STU000567,SCH030,2024-07-01,15,14,Other
ATT202407000568,STU000568,SCH036,2024-07-01,18,14,Other
ATT202407000569,STU000569,SCH012,2024-07-01,14,11,Family
ATT202407000570,STU000570,SCH009,2024-07-01,16,13,Illness
ATT202407000571,STU000571,SCH036,2024-07-01,18,17,Illness
ATT202407000572,STU000572,SCH027,2024-07-01,15,12,Family
ATT202407000573,STU000573,SCH033,2024-07-01,18,15,Other
ATT202407000574,STU000574,SCH025,2024-07-01,15,14,Family
ATT202407000575,STU000575,SCH014,2024-07-01,14,11,Unauthorised
ATT202407000576,STU000576,SCH001,2024-07-01,14,11,Illness
ATT202407000577,STU000577,SCH040,2024-07-01,17,14,Family
ATT202407000578,STU000578,SCH025,2024-07-01,16,13,Illness
ATT202407000579,STU000579,SCH047,2024-07-01,15,12,Other
ATT202407000580,STU000580,SCH034,2024-07-01,18,16,Illness
ATT202407000581,STU000581,SCH008,2024-07-01,16,13,Unauthorised
ATT202407000582,STU000582,SCH008,2024-07-01,14,11,Illness
ATT202407000583,STU000583,SCH004,2024-07-01,18,16,Other
ATT202407000584,STU000584,SCH025,2024-07-01,17,14,Medical
ATT202407000585,STU000585,SCH039,2024-07-01,15,13,Illness
ATT202407000586,STU000586,SCH009,2024-07-01,16,13,Other
ATT202407000587,STU000587,SCH028,2024-07-01,17,14,Illness
ATT202407000588,STU000588,SCH009,2024-07-01,14,11,Other
ATT202407000589,STU000589,SCH040,2024-07-01,16,14,Medical
ATT202407000590,STU000590,SCH044,2024-07-01,16,13,Family
ATT202407000591,STU000591,SCH020,2024-07-01,17,14,Family
ATT202407000592,STU000592,SCH047,2024-07-01,14,12,Family
ATT202407000593,STU000593,SCH020,2024-07-01,15,12,Illness
ATT202407000594,STU000594,SCH015,2024-07-01,16,14,Unauthorised
ATT202407000595,STU000595,SCH040,2024-07-01,15,13,Family
ATT202407000596,STU000596,SCH031,2024-07-01,17,15,Unauthorised
ATT202407000597,STU000597,SCH043,2024-07-01,15,12,Other
ATT202407000598,STU000598,SCH028,2024-07-01,17,15,Unauthorised
ATT202407000599,STU000599,SCH035,2024-07-01,16,13,Family
ATT202407000600,STU000600,SCH042,2024-07-01,18,15,Unauthorised
ATT202407000601,STU000601,SCH039,2024-07-01,14,11,Unauthorised
ATT202407000602,STU000602,SCH004,2024-07-01,15,13,Family
ATT202407000603,STU000603,SCH022,2024-07-01,15,12,Medical
ATT202407000604,STU000604,SCH033,2024-07-01,18,16,Illness
ATT202407000605,STU000605,SCH008,2024-07-01,15,12,Family
ATT202407000606,STU000606,SCH040,2024-07-01,18,17,Medical
ATT202407000607,STU000607,SCH007,2024-07-01,15,12,Illness
ATT202407000608,STU000608,SCH024,2024-07-01,16,12,Unauthorised
ATT202407000609,STU000609,SCH042,2024-07-01,16,12,Unauthorised
ATT202407000610,STU000610,SCH018,2024-07-01,17,13,Other
ATT202407000611,STU000611,SCH011,2024-07-01,14,12,Unauthorised
ATT202407000612,STU000612,SCH022,2024-07-01,14,12,Family
ATT202407000613,STU000613,SCH021,2024-07-01,18,14,Other
ATT202407000614,STU000614,SCH037,2024-07-01,14,12,Unauthorised
ATT202407000615,STU000615,SCH004,2024-07-01,15,13,Other
ATT202407000616,STU000616,SCH016,2024-07-01,17,14,Medical
ATT202407000617,STU000617,SCH040,2024-07-01,14,12,Other
ATT202407000618,STU000618,SCH005,2024-07-01,15,13,Illness
ATT202407000619,STU000619,SCH043,2024-07-01,16,13,Medical
ATT202407000620,STU000620,SCH046,2024-07-01,15,13,Illness
ATT202407000621,STU000621,SCH026,2024-07-01,14,12,Family
ATT202407000622,STU000622,SCH026,2024-07-01,14,12,Family
ATT202407000623,STU000623,SCH008,2024-07-01,17,14,Other
ATT202407000624,STU000624,SCH005,2024-07-01,18,15,Other
ATT202407000625,STU000625,SCH001,2024-07-01,14,11,Unauthorised
ATT202407000626,STU000626,SCH001,2024-07-01,15,12,Illness
ATT202407000627,STU000627,SCH012,2024-07-01,14,12,Medical
ATT202407000628,STU000628,SCH004,2024-07-01,18,14,Unauthorised
ATT202407000629,STU000629,SCH007,2024-07-01,17,14,Unauthorised
ATT202407000630,STU000630,SCH004,2024-07-01,17,14,Illness
ATT202407000631,STU000631,SCH028,2024-07-01,16,13,Family
ATT202407000632,STU000632,SCH044,2024-07-01,14,12,Medical
ATT202407000633,STU000633,SCH030,2024-07-01,15,13,Medical
ATT202407000634,STU000634,SCH032,2024-07-01,15,13,Illness
ATT202407000635,STU000635,SCH049,2024-07-01,15,12,Illness
ATT202407000636,STU000636,SCH005,2024-07-01,16,14,Unauthorised
ATT202407000637,STU000637,SCH042,2024-07-01,15,13,Family
ATT202407000638,STU000638,SCH010,2024-07-01,16,11,Medical
ATT202407000639,STU000639,SCH047,2024-07-01,15,13,Other
ATT202407000640,STU000640,SCH006,2024-07-01,15,13,Other
ATT202407000641,STU000641,SCH025,2024-07-01,17,14,Illness
ATT202407000642,STU000642,SCH049,2024-07-01,18,14,Illness
ATT202407000643,STU000643,SCH026,2024-07-01,17,15,Family
ATT202407000644,STU000644,SCH004,2024-07-01,18,16,Medical
ATT202407000645,STU000645,SCH020,2024-07-01,18,15,Medical
ATT202407000646,STU000646,SCH019,2024-07-01,14,12,Other
ATT202407000647,STU000647,SCH018,2024-07-01,15,13,Illness
ATT202407000648,STU000648,SCH039,2024-07-01,15,12,Medical
ATT202407000649,STU000649,SCH024,2024-07-01,14,11,Other
ATT202407000650,STU000650,SCH016,2024-07-01,14,12,Other
ATT202407000651,STU000651,SCH018,2024-07-01,18,15,Other
ATT202407000652,STU000652,SCH028,2024-07-01,15,12,Medical
ATT202407000653,STU000653,SCH026,2024-07-01,16,14,Other
ATT202407000654,STU000654,SCH015,2024-07-01,17,15,Illness
ATT202407000655,STU000655,SCH027,2024-07-01,15,12,Family
ATT202407000656,STU000656,SCH023,2024-07-01,17,15,Unauthorised
ATT202407000657,STU000657,SCH008,2024-07-01,16,14,Medical
ATT202407000658,STU000658,SCH018,2024-07-01,16,14,Other
ATT202407000659,STU000659,SCH045,2024-07-01,16,13,Family
ATT202407000660,STU000660,SCH026,2024-07-01,16,14,Medical
ATT202407000661,STU000661,SCH040,2024-07-01,16,13,Other
ATT202407000662,STU000662,SCH006,2024-07-01,15,14,Medical
ATT202407000663,STU000663,SCH010,2024-07-01,16,13,Illness
ATT202407000665,STU000665,SCH013,2024-07-01,15,14,Other
ATT202407000666,STU000666,SCH023,2024-07-01,18,15,Medical
ATT202407000667,STU000667,SCH039,2024-07-01,18,17,Unauthorised
ATT202407000668,STU000668,SCH034,2024-07-01,18,15,Unauthorised
ATT202407000669,STU000669,SCH030,2024-07-01,15,13,Medical
ATT202407000670,STU000670,SCH035,2024-07-01,17,14,Unauthorised
ATT202407000671,STU000671,SCH014,2024-07-01,15,13,Other
ATT202407000672,STU000672,SCH001,2024-07-01,14,12,Other
ATT202407000673,STU000673,SCH032,2024-07-01,16,13,Unauthorised
ATT202407000674,STU000674,SCH022,2024-07-01,17,12,Unauthorised
ATT202407000675,STU000675,SCH022,2024-07-01,17,13,Medical
ATT202407000676,STU000676,SCH004,2024-07-01,18,17,Medical
ATT202407000677,STU000677,SCH026,2024-07-01,16,15,Other
ATT202407000678,STU000678,SCH022,2024-07-01,15,11,Medical
ATT202407000679,STU000679,SCH034,2024-07-01,16,13,Other
ATT202407000680,STU000680,SCH037,2024-07-01,15,14,Medical
ATT202407000681,STU000681,SCH043,2024-07-01,18,14,Family
ATT202407000682,STU000682,SCH011,2024-07-01,17,14,Family
ATT202407000683,STU000683,SCH016,2024-07-01,17,14,Illness
ATT202407000684,STU000684,SCH017,2024-07-01,16,15,Medical
ATT202407000685,STU000685,SCH020,2024-07-01,15,12,Illness
ATT202407000686,STU000686,SCH012,2024-07-01,16,14,Family
ATT202407000687,STU000687,SCH050,2024-07-01,14,11,Medical
ATT202407000688,STU000688,SCH018,2024-07-01,14,12,Other
ATT202407000689,STU000689,SCH010,2024-07-01,18,14,Medical
ATT202407000690,STU000690,SCH001,2024-07-01,15,11,Family
ATT202407000691,STU000691,SCH031,2024-07-01,16,14,Unauthorised
ATT202407000692,STU000692,SCH012,2024-07-01,18,15,Other
ATT202407000693,STU000693,SCH043,2024-07-01,17,14,Medical
ATT202407000694,STU000694,SCH012,2024-07-01,14,12,Other
ATT202407000695,STU000695,SCH031,2024-07-01,16,13,Medical
ATT202407000696,STU000696,SCH046,2024-07-01,17,14,Other
ATT202407000698,STU000698,SCH031,2024-07-01,16,13,Unauthorised
ATT202407000699,STU000699,SCH014,2024-07-01,17,14,Family
ATT202407000700,STU000700,SCH008,2024-07-01,17,15,Illness
ATT202407000701,STU000701,SCH031,2024-07-01,17,13,Medical
ATT202407000702,STU000702,SCH034,2024-07-01,14,11,Unauthorised
ATT202407000703,STU000703,SCH034,2024-07-01,15,14,Unauthorised
ATT202407000704,STU000704,SCH048,2024-07-01,16,15,Unauthorised
ATT202407000705,STU000705,SCH043,2024-07-01,15,12,Unauthorised
ATT202407000706,STU000706,SCH042,2024-07-01,14,10,Illness
ATT202407000707,STU000707,SCH036,2024-07-01,14,12,Medical
ATT202407000708,STU000708,SCH034,2024-07-01,18,13,Medical
ATT202407000709,STU000709,SCH045,2024-07-01,16,14,Illness
ATT202407000710,STU000710,SCH012,2024-07-01,17,15,Family
ATT202407000711,STU000711,SCH012,2024-07-01,17,15,Medical
ATT202407000712,STU000712,SCH035,2024-07-01,14,12,Illness
ATT202407000713,STU000713,SCH046,2024-07-01,15,12,Unauthorised
ATT202407000714,STU000714,SCH030,2024-07-01,17,14,Medical
ATT202407000715,STU000715,SCH011,2024-07-01,14,13,Family
ATT202407000716,STU000716,SCH015,2024-07-01,18,14,Medical
ATT202407000717,STU000717,SCH001,2024-07-01,17,14,Unauthorised
ATT202407000718,STU000718,SCH022,2024-07-01,16,13,Medical
ATT202407000719,STU000719,SCH007,2024-07-01,17,14,Family
ATT202407000720,STU000720,SCH039,2024-07-01,15,12,Medical
ATT202407000721,STU000721,SCH037,2024-07-01,16,14,Family
ATT202407000722,STU000722,SCH038,2024-07-01,16,14,Unauthorised
ATT202407000723,STU000723,SCH040,2024-07-01,18,16,Other
ATT202407000724,STU000724,SCH027,2024-07-01,16,14,Other
ATT202407000725,STU000725,SCH036,2024-07-01,15,14,Medical
ATT202407000726,STU000726,SCH033,2024-07-01,18,17,Other
ATT202407000727,STU000727,SCH029,2024-07-01,14,12,Illness
ATT202407000728,STU000728,SCH034,2024-07-01,18,14,Medical
ATT202407000729,STU000729,SCH034,2024-07-01,18,14,Other
ATT202407000730,STU000730,SCH042,2024-07-01,16,15,Medical
ATT202407000731,STU000731,SCH006,2024-07-01,17,15,Other
ATT202407000732,STU000732,SCH018,2024-07-01,15,14,Illness
ATT202407000733,STU000733,SCH004,2024-07-01,15,14,Illness
ATT202407000734,STU000734,SCH050,2024-07-01,15,12,Other
ATT202407000735,STU000735,SCH010,2024-07-01,16,13,Family
ATT202407000736,STU000736,SCH007,2024-07-01,18,14,Family
ATT202407000737,STU000737,SCH020,2024-07-01,18,15,Medical
ATT202407000738,STU000738,SCH034,2024-07-01,18,16,Unauthorised
ATT202407000739,STU000739,SCH017,2024-07-01,14,11,Illness
ATT202407000740,STU000740,SCH016,2024-07-01,16,14,Other
ATT202407000741,STU000741,SCH035,2024-07-01,14,12,Medical
ATT202407000742,STU000742,SCH020,2024-07-01,18,16,Illness
ATT202407000743,STU000743,SCH048,2024-07-01,15,12,Unauthorised
ATT202407000744,STU000744,SCH007,2024-07-01,17,14,Other
ATT202407000745,STU000745,SCH043,2024-07-01,15,12,Illness
ATT202407000746,STU000746,SCH013,2024-07-01,15,13,Other
ATT202407000747,STU000747,SCH008,2024-07-01,17,15,Medical
ATT202407000748,STU000748,SCH009,2024-07-01,15,13,Unauthorised
ATT202407000749,STU000749,SCH044,2024-07-01,15,12,Other
ATT202407000750,STU000750,SCH001,2024-07-01,15,13,Unauthorised
ATT202407000751,STU000751,SCH023,2024-07-01,14,12,Family
ATT202407000752,STU000752,SCH028,2024-07-01,16,13,Other
ATT202407000753,STU000753,SCH047,2024-07-01,14,13,Medical
ATT202407000754,STU000754,SCH011,2024-07-01,14,12,Medical
ATT202407000755,STU000755,SCH009,2024-07-01,18,16,Unauthorised
ATT202407000756,STU000756,SCH018,2024-07-01,14,12,Illness
ATT202407000757,STU000757,SCH020,2024-07-01,16,14,Illness
ATT202407000758,STU000758,SCH038,2024-07-01,17,15,Medical
ATT202407000759,STU000759,SCH047,2024-07-01,15,13,Illness
ATT202407000760,STU000760,SCH045,2024-07-01,15,13,Unauthorised
ATT202407000761,STU000761,SCH039,2024-07-01,17,15,Family
ATT202407000762,STU000762,SCH035,2024-07-01,17,14,Unauthorised
ATT202407000763,STU000763,SCH010,2024-07-01,18,15,Unauthorised
ATT202407000764,STU000764,SCH050,2024-07-01,18,15,Unauthorised
ATT202407000765,STU000765,SCH003,2024-07-01,14,13,Family
ATT202407000766,STU000766,SCH001,2024-07-01,18,14,Other
ATT202407000767,STU000767,SCH017,2024-07-01,15,12,Illness
ATT202407000768,STU000768,SCH036,2024-07-01,14,12,Illness
ATT202407000769,STU000769,SCH024,2024-07-01,14,11,Medical
ATT202407000770,STU000770,SCH008,2024-07-01,16,14,Illness
ATT202407000771,STU000771,SCH045,2024-07-01,14,12,Medical
ATT202407000772,STU000772,SCH037,2024-07-01,18,15,Medical
ATT202407000773,STU000773,SCH019,2024-07-01,18,15,Medical
ATT202407000774,STU000774,SCH004,2024-07-01,14,11,Unauthorised
ATT202407000775,STU000775,SCH009,2024-07-01,16,14,Unauthorised
ATT202407000776,STU000776,SCH044,2024-07-01,16,13,Medical
ATT202407000777,STU000777,SCH020,2024-07-01,17,15,Family
ATT202407000778,STU000778,SCH041,2024-07-01,18,16,Unauthorised
ATT202407000779,STU000779,SCH006,2024-07-01,15,12,Medical
ATT202407000780,STU000780,SCH041,2024-07-01,17,14,Illness
ATT202407000781,STU000781,SCH003,2024-07-01,17,14,Other
ATT202407000782,STU000782,SCH021,2024-07-01,18,13,Unauthorised
ATT202407000783,STU000783,SCH006,2024-07-01,16,14,Unauthorised
ATT202407000784,STU000784,SCH023,2024-07-01,16,13,Unauthorised
ATT202407000785,STU000785,SCH012,2024-07-01,16,13,Medical
ATT202407000786,STU000786,SCH020,2024-07-01,16,13,Family
ATT202407000787,STU000787,SCH037,2024-07-01,16,14,Other
ATT202407000788,STU000788,SCH037,2024-07-01,17,14,Medical
ATT202407000789,STU000789,SCH026,2024-07-01,15,13,Medical
ATT202407000790,STU000790,SCH041,2024-07-01,14,11,Medical
ATT202407000791,STU000791,SCH032,2024-07-01,15,12,Other
ATT202407000792,STU000792,SCH006,2024-07-01,18,15,Medical
ATT202407000793,STU000793,SCH048,2024-07-01,18,15,Unauthorised
ATT202407000794,STU000794,SCH025,2024-07-01,14,12,Medical
ATT202407000795,STU000795,SCH027,2024-07-01,15,13,Other
ATT202407000796,STU000796,SCH046,2024-07-01,16,14,Unauthorised
ATT202407000797,STU000797,SCH038,2024-07-01,17,14,Illness
ATT202407000798,STU000798,SCH029,2024-07-01,15,12,Unauthorised
ATT202407000799,STU000799,SCH005,2024-07-01,17,15,Other
ATT202407000800,STU000800,SCH015,2024-07-01,16,14,Illness
ATT202407000801,STU000801,SCH008,2024-07-01,18,15,Other
ATT202407000802,STU000802,SCH004,2024-07-01,18,15,Medical
ATT202407000803,STU000803,SCH028,2024-07-01,18,15,Family
ATT202407000804,STU000804,SCH019,2024-07-01,17,14,Unauthorised
ATT202407000805,STU000805,SCH027,2024-07-01,16,14,Family
ATT202407000806,STU000806,SCH012,2024-07-01,15,13,Illness
ATT202407000807,STU000807,SCH004,2024-07-01,16,13,Illness
ATT202407000808,STU000808,SCH043,2024-07-01,16,14,Illness
ATT202407000809,STU000809,SCH005,2024-07-01,15,12,Unauthorised
ATT202407000810,STU000810,SCH015,2024-07-01,18,15,Medical
ATT202407000811,STU000811,SCH025,2024-07-01,14,13,Family
ATT202407000812,STU000812,SCH026,2024-07-01,16,13,Family
ATT202407000813,STU000813,SCH036,2024-07-01,16,14,Medical
ATT202407000814,STU000814,SCH028,2024-07-01,16,13,Other
ATT202407000815,STU000815,SCH048,2024-07-01,16,14,Other
ATT202407000816,STU000816,SCH046,2024-07-01,14,12,Family
ATT202407000817,STU000817,SCH034,2024-07-01,16,12,Family
ATT202407000818,STU000818,SCH030,2024-07-01,17,15,Illness
ATT202407000819,STU000819,SCH048,2024-07-01,16,13,Medical
ATT202407000820,STU000820,SCH008,2024-07-01,15,13,Other
ATT202407000821,STU000821,SCH018,2024-07-01,17,13,Family
ATT202407000822,STU000822,SCH045,2024-07-01,15,13,Medical
ATT202407000823,STU000823,SCH006,2024-07-01,18,16,Family
ATT202407000824,STU000824,SCH041,2024-07-01,15,13,Unauthorised
ATT202407000825,STU000825,SCH009,2024-07-01,15,12,Unauthorised
ATT202407000826,STU000826,SCH030,2024-07-01,16,14,Other
ATT202407000827,STU000827,SCH003,2024-07-01,15,14,Medical
ATT202407000829,STU000829,SCH006,2024-07-01,14,12,Medical
ATT202407000830,STU000830,SCH008,2024-07-01,17,15,Medical
ATT202407000831,STU000831,SCH004,2024-07-01,15,13,Other
ATT202407000832,STU000832,SCH023,2024-07-01,14,11,Other
ATT202407000833,STU000833,SCH038,2024-07-01,16,13,Family
ATT202407000834,STU000834,SCH004,2024-07-01,14,11,Unauthorised
ATT202407000835,STU000835,SCH020,2024-07-01,16,13,Other
ATT202407000836,STU000836,SCH048,2024-07-01,18,16,Other
ATT202407000837,STU000837,SCH018,2024-07-01,15,13,Family
ATT202407000838,STU000838,SCH005,2024-07-01,15,14,Other
ATT202407000839,STU000839,SCH050,2024-07-01,14,12,Illness
ATT202407000840,STU000840,SCH001,2024-07-01,18,15,Family
ATT202407000841,STU000841,SCH045,2024-07-01,15,12,Family
ATT202407000842,STU000842,SCH005,2024-07-01,17,15,Illness
ATT202407000843,STU000843,SCH046,2024-07-01,15,14,Medical
ATT202407000844,STU000844,SCH028,2024-07-01,18,15,Unauthorised
ATT202407000845,STU000845,SCH048,2024-07-01,17,15,Other
ATT202407000846,STU000846,SCH019,2024-07-01,15,13,Family
ATT202407000847,STU000847,SCH040,2024-07-01,14,11,Unauthorised
ATT202407000848,STU000848,SCH018,2024-07-01,14,11,Medical
ATT202407000849,STU000849,SCH048,2024-07-01,15,13,Family
ATT202407000850,STU000850,SCH033,2024-07-01,17,14,Unauthorised
ATT202407000851,STU000851,SCH019,2024-07-01,15,13,Medical
ATT202407000852,STU000852,SCH029,2024-07-01,16,14,Other
ATT202407000853,STU000853,SCH043,2024-07-01,16,12,Illness
ATT202407000854,STU000854,SCH033,2024-07-01,14,13,Unauthorised
ATT202407000855,STU000855,SCH032,2024-07-01,15,13,Family
ATT202407000856,STU000856,SCH003,2024-07-01,17,14,Other
ATT202407000857,STU000857,SCH010,2024-07-01,17,15,Other
ATT202407000858,STU000858,SCH013,2024-07-01,16,15,Family
ATT202407000859,STU000859,SCH037,2024-07-01,14,12,Unauthorised
ATT202407000860,STU000860,SCH005,2024-07-01,17,14,Unauthorised
ATT202407000861,STU000861,SCH037,2024-07-01,18,15,Medical
ATT202407000862,STU000862,SCH004,2024-07-01,15,14,Illness
ATT202407000863,STU000863,SCH011,2024-07-01,14,11,Medical
ATT202407000864,STU000864,SCH033,2024-07-01,18,15,Other
ATT202407000865,STU000865,SCH026,2024-07-01,18,15,Illness
ATT202407000866,STU000866,SCH014,2024-07-01,15,12,Medical
ATT202407000867,STU000867,SCH014,2024-07-01,16,14,Illness
ATT202407000868,STU000868,SCH022,2024-07-01,15,10,Medical
ATT202407000869,STU000869,SCH037,2024-07-01,17,15,Unauthorised
ATT202407000870,STU000870,SCH016,2024-07-01,18,16,Illness
ATT202407000871,STU000871,SCH043,2024-07-01,17,14,Medical
ATT202407000872,STU000872,SCH002,2024-07-01,14,11,Medical
ATT202407000873,STU000873,SCH015,2024-07-01,16,15,Family
ATT202407000874,STU000874,SCH027,2024-07-01,18,14,Illness
ATT202407000875,STU000875,SCH038,2024-07-01,17,15,Family
ATT202407000876,STU000876,SCH036,2024-07-01,14,12,Illness
ATT202407000877,STU000877,SCH033,2024-07-01,14,12,Medical
ATT202407000878,STU000878,SCH035,2024-07-01,16,13,Other
ATT202407000879,STU000879,SCH038,2024-07-01,15,14,Unauthorised
ATT202407000880,STU000880,SCH022,2024-07-01,18,15,Family
ATT202407000881,STU000881,SCH026,2024-07-01,16,14,Family
ATT202407000882,STU000882,SCH013,2024-07-01,18,15,Illness
ATT202407000883,STU000883,SCH043,2024-07-01,15,13,Family
ATT202407000884,STU000884,SCH020,2024-07-01,14,12,Other
ATT202407000885,STU000885,SCH007,2024-07-01,18,15,Family
ATT202407000886,STU000886,SCH008,2024-07-01,16,14,Medical
ATT202407000887,STU000887,SCH020,2024-07-01,17,14,Illness
ATT202407000888,STU000888,SCH022,2024-07-01,18,13,Other
ATT202407000889,STU000889,SCH048,2024-07-01,17,15,Unauthorised
ATT202407000890,STU000890,SCH045,2024-07-01,15,13,Unauthorised
ATT202407000891,STU000891,SCH015,2024-07-01,15,14,Family
ATT202407000892,STU000892,SCH037,2024-07-01,16,14,Family
ATT202407000893,STU000893,SCH028,2024-07-01,16,13,Illness
ATT202407000894,STU000894,SCH011,2024-07-01,18,16,Illness
ATT202407000895,STU000895,SCH030,2024-07-01,17,15,Other
ATT202407000896,STU000896,SCH028,2024-07-01,14,11,Medical
ATT202407000897,STU000897,SCH020,2024-07-01,17,14,Illness
ATT202407000898,STU000898,SCH015,2024-07-01,17,14,Other
ATT202407000899,STU000899,SCH012,2024-07-01,17,14,Family
ATT202407000900,STU000900,SCH018,2024-07-01,17,16,Unauthorised
ATT202407000901,STU000901,SCH002,2024-07-01,17,13,Other
ATT202407000902,STU000902,SCH017,2024-07-01,16,12,Other
ATT202407000903,STU000903,SCH008,2024-07-01,18,16,Unauthorised
ATT202407000904,STU000904,SCH012,2024-07-01,18,14,Medical
ATT202407000905,STU000905,SCH023,2024-07-01,18,15,Medical
ATT202407000906,STU000906,SCH032,2024-07-01,18,16,Illness
ATT202407000907,STU000907,SCH046,2024-07-01,18,16,Illness
ATT202407000908,STU000908,SCH041,2024-07-01,18,16,Illness
ATT202407000909,STU000909,SCH043,2024-07-01,14,11,Medical
ATT202407000910,STU000910,SCH016,2024-07-01,17,15,Medical
ATT202407000911,STU000911,SCH040,2024-07-01,15,12,Family
ATT202407000912,STU000912,SCH026,2024-07-01,15,13,Other
ATT202407000913,STU000913,SCH032,2024-07-01,18,17,Family
ATT202407000914,STU000914,SCH045,2024-07-01,14,12,Family
ATT202407000915,STU000915,SCH001,2024-07-01,17,14,Unauthorised
ATT202407000916,STU000916,SCH037,2024-07-01,18,16,Family
ATT202407000917,STU000917,SCH019,2024-07-01,18,16,Medical
ATT202407000918,STU000918,SCH028,2024-07-01,18,14,Unauthorised
ATT202407000919,STU000919,SCH006,2024-07-01,18,14,Other
ATT202407000920,STU000920,SCH045,2024-07-01,18,15,Medical
ATT202407000921,STU000921,SCH028,2024-07-01,18,14,Illness
ATT202407000922,STU000922,SCH033,2024-07-01,15,12,Medical
ATT202407000923,STU000923,SCH038,2024-07-01,17,16,Medical
ATT202407000924,STU000924,SCH032,2024-07-01,18,15,Other
ATT202407000925,STU000925,SCH026,2024-07-01,16,14,Medical
ATT202407000926,STU000926,SCH046,2024-07-01,18,15,Illness
ATT202407000927,STU000927,SCH036,2024-07-01,16,14,Illness
ATT202407000928,STU000928,SCH042,2024-07-01,14,12,Unauthorised
ATT202407000929,STU000929,SCH028,2024-07-01,16,13,Illness
ATT202407000930,STU000930,SCH037,2024-07-01,14,12,Family
ATT202407000931,STU000931,SCH012,2024-07-01,17,13,Family
ATT202407000932,STU000932,SCH035,2024-07-01,16,13,Medical
ATT202407000933,STU000933,SCH014,2024-07-01,16,13,Illness
ATT202407000934,STU000934,SCH028,2024-07-01,18,15,Medical
ATT202407000935,STU000935,SCH030,2024-07-01,14,12,Medical
ATT202407000936,STU000936,SCH047,2024-07-01,15,13,Family
ATT202407000937,STU000937,SCH035,2024-07-01,17,14,Other
ATT202407000938,STU000938,SCH001,2024-07-01,18,15,Illness
ATT202407000939,STU000939,SCH005,2024-07-01,15,13,Unauthorised
ATT202407000940,STU000940,SCH016,2024-07-01,16,14,Family
ATT202407000941,STU000941,SCH036,2024-07-01,17,14,Unauthorised
ATT202407000942,STU000942,SCH020,2024-07-01,16,15,Illness
ATT202407000943,STU000943,SCH021,2024-07-01,14,11,Family
ATT202407000944,STU000944,SCH050,2024-07-01,18,15,Family
ATT202407000945,STU000945,SCH002,2024-07-01,17,14,Family
ATT202407000946,STU000946,SCH031,2024-07-01,17,15,Family
ATT202407000947,STU000947,SCH026,2024-07-01,18,16,Unauthorised
ATT202407000948,STU000948,SCH002,2024-07-01,15,10,Other
ATT202407000949,STU000949,SCH046,2024-07-01,17,13,Illness
ATT202407000950,STU000950,SCH043,2024-07-01,15,13,Illness
ATT202407000951,STU000951,SCH001,2024-07-01,14,12,Other
ATT202407000952,STU000952,SCH034,2024-07-01,18,15,Other
ATT202407000953,STU000953,SCH013,2024-07-01,14,12,Family
ATT202407000954,STU000954,SCH046,2024-07-01,15,13,Other
ATT202407000955,STU000955,SCH044,2024-07-01,18,15,Medical
ATT202407000956,STU000956,SCH016,2024-07-01,17,15,Family
ATT202407000957,STU000957,SCH030,2024-07-01,17,14,Other
ATT202407000958,STU000958,SCH005,2024-07-01,15,13,Family
ATT202407000959,STU000959,SCH029,2024-07-01,17,14,Other
ATT202407000960,STU000960,SCH025,2024-07-01,16,15,Medical
ATT202407000961,STU000961,SCH038,2024-07-01,18,16,Family
ATT202407000962,STU000962,SCH032,2024-07-01,16,14,Family
ATT202407000963,STU000963,SCH003,2024-07-01,14,13,Family
ATT202407000964,STU000964,SCH040,2024-07-01,15,13,Medical
ATT202407000965,STU000965,SCH024,2024-07-01,18,14,Family
ATT202407000966,STU000966,SCH035,2024-07-01,18,15,Medical
ATT202407000967,STU000967,SCH013,2024-07-01,14,12,Other
ATT202407000968,STU000968,SCH022,2024-07-01,15,12,Medical
ATT202407000969,STU000969,SCH006,2024-07-01,14,12,Family
ATT202407000970,STU000970,SCH031,2024-07-01,15,13,Other
ATT202407000971,STU000971,SCH017,2024-07-01,16,13,Family
ATT202407000972,STU000972,SCH013,2024-07-01,15,14,Illness
ATT202407000973,STU000973,SCH027,2024-07-01,16,13,Unauthorised
ATT202407000974,STU000974,SCH040,2024-07-01,14,13,Illness
ATT202407000975,STU000975,SCH039,2024-07-01,16,13,Medical
ATT202407000976,STU000976,SCH030,2024-07-01,16,14,Medical
ATT202407000977,STU000977,SCH005,2024-07-01,14,13,Other
ATT202407000978,STU000978,SCH046,2024-07-01,15,13,Illness
ATT202407000979,STU000979,SCH040,2024-07-01,16,13,Illness
ATT202407000980,STU000980,SCH047,2024-07-01,16,14,Medical
ATT202407000981,STU000981,SCH007,2024-07-01,15,11,Other
ATT202407000982,STU000982,SCH027,2024-07-01,14,12,Other
ATT202407000983,STU000983,SCH047,2024-07-01,17,14,Unauthorised
ATT202407000984,STU000984,SCH047,2024-07-01,16,14,Unauthorised
ATT202407000985,STU000985,SCH008,2024-07-01,17,15,Medical
ATT202407000986,STU000986,SCH033,2024-07-01,17,14,Medical
ATT202407000987,STU000987,SCH024,2024-07-01,14,11,Medical
ATT202407000988,STU000988,SCH037,2024-07-01,14,12,Illness
ATT202407000989,STU000989,SCH008,2024-07-01,17,15,Other
ATT202407000990,STU000990,SCH017,2024-07-01,18,13,Illness
ATT202407000991,STU000991,SCH015,2024-07-01,18,15,Unauthorised
ATT202407000992,STU000992,SCH002,2024-07-01,18,13,Illness
ATT202407000993,STU000993,SCH048,2024-07-01,14,11,Family
ATT202407000994,STU000994,SCH011,2024-07-01,17,15,Illness
ATT202407000995,STU000995,SCH034,2024-07-01,14,11,Unauthorised
ATT202407000996,STU000996,SCH046,2024-07-01,17,15,Other
ATT202407000997,STU000997,SCH037,2024-07-01,18,17,Family
ATT202407000998,STU000998,SCH040,2024-07-01,17,14,Unauthorised
ATT202407000999,STU000999,SCH002,2024-07-01,16,12,Unauthorised
ATT202407001000,STU001000,SCH033,2024-07-01,16,14,Other
ATT202407001001,STU001001,SCH034,2024-07-01,14,12,Medical
ATT202407001002,STU001002,SCH026,2024-07-01,15,13,Unauthorised
ATT202407001003,STU001003,SCH025,2024-07-01,15,12,Family
ATT202407001004,STU001004,SCH002,2024-07-01,16,12,Illness
ATT202407001005,STU001005,SCH019,2024-07-01,17,15,Illness
ATT202407001006,STU001006,SCH035,2024-07-01,16,13,Illness
ATT202407001007,STU001007,SCH031,2024-07-01,14,13,Illness
ATT202407001008,STU001008,SCH012,2024-07-01,18,16,Family
ATT202407001009,STU001009,SCH019,2024-07-01,18,15,Illness
ATT202407001010,STU001010,SCH046,2024-07-01,18,15,Unauthorised
ATT202407001011,STU001011,SCH006,2024-07-01,17,14,Unauthorised
ATT202407001012,STU001012,SCH041,2024-07-01,14,11,Other
ATT202407001013,STU001013,SCH025,2024-07-01,15,14,Illness
ATT202407001014,STU001014,SCH040,2024-07-01,17,15,Family
ATT202407001015,STU001015,SCH016,2024-07-01,15,13,Other
ATT202407001016,STU001016,SCH032,2024-07-01,14,12,Family
ATT202407001017,STU001017,SCH048,2024-07-01,17,14,Other
ATT202407001018,STU001018,SCH026,2024-07-01,14,13,Other
ATT202407001019,STU001019,SCH020,2024-07-01,17,14,Unauthorised
ATT202407001020,STU001020,SCH035,2024-07-01,15,12,Illness
ATT202407001021,STU001021,SCH002,2024-07-01,14,12,Family
ATT202407001022,STU001022,SCH048,2024-07-01,18,13,Illness
ATT202407001023,STU001023,SCH040,2024-07-01,18,15,Family
ATT202407001024,STU001024,SCH007,2024-07-01,15,12,Family
ATT202407001025,STU001025,SCH040,2024-07-01,18,15,Other
ATT202407001026,STU001026,SCH023,2024-07-01,14,11,Other
ATT202407001027,STU001027,SCH042,2024-07-01,15,12,Medical
ATT202407001028,STU001028,SCH048,2024-07-01,14,12,Illness
ATT202407001029,STU001029,SCH020,2024-07-01,15,13,Medical
ATT202407001030,STU001030,SCH037,2024-07-01,18,15,Medical
ATT202407001031,STU001031,SCH049,2024-07-01,16,13,Unauthorised
ATT202407001032,STU001032,SCH045,2024-07-01,18,14,Family
ATT202407001033,STU001033,SCH003,2024-07-01,15,13,Family
ATT202407001034,STU001034,SCH022,2024-07-01,14,11,Illness
ATT202407001035,STU001035,SCH050,2024-07-01,16,13,Other
ATT202407001036,STU001036,SCH026,2024-07-01,18,16,Medical
ATT202407001037,STU001037,SCH050,2024-07-01,18,15,Unauthorised
ATT202407001038,STU001038,SCH009,2024-07-01,15,12,Family
ATT202407001039,STU001039,SCH006,2024-07-01,14,12,Illness
ATT202407001040,STU001040,SCH044,2024-07-01,18,14,Other
ATT202407001041,STU001041,SCH035,2024-07-01,18,14,Other
ATT202407001042,STU001042,SCH025,2024-07-01,18,15,Illness
ATT202407001043,STU001043,SCH036,2024-07-01,18,15,Family
ATT202407001044,STU001044,SCH024,2024-07-01,17,13,Unauthorised
ATT202407001045,STU001045,SCH023,2024-07-01,15,13,Illness
ATT202407001046,STU001046,SCH010,2024-07-01,15,13,Unauthorised
ATT202407001047,STU001047,SCH014,2024-07-01,15,12,Illness
ATT202407001048,STU001048,SCH027,2024-07-01,14,12,Medical
ATT202407001049,STU001049,SCH041,2024-07-01,14,12,Medical
ATT202407001050,STU001050,SCH049,2024-07-01,16,12,Family
ATT202407001051,STU001051,SCH043,2024-07-01,18,16,Medical
ATT202407001052,STU001052,SCH009,2024-07-01,14,11,Medical
ATT202407001053,STU001053,SCH017,2024-07-01,14,11,Unauthorised
ATT202407001054,STU001054,SCH021,2024-07-01,15,13,Other
ATT202407001055,STU001055,SCH027,2024-07-01,15,13,Other
ATT202407001056,STU001056,SCH023,2024-07-01,16,13,Medical
ATT202407001057,STU001057,SCH034,2024-07-01,16,13,Other
ATT202407001058,STU001058,SCH020,2024-07-01,16,13,Other
ATT202407001059,STU001059,SCH045,2024-07-01,17,14,Other
ATT202407001060,STU001060,SCH034,2024-07-01,16,12,Medical
ATT202407001061,STU001061,SCH024,2024-07-01,18,14,Family
ATT202407001062,STU001062,SCH046,2024-07-01,14,12,Family
ATT202407001063,STU001063,SCH018,2024-07-01,17,14,Medical
ATT202407001064,STU001064,SCH012,2024-07-01,14,10,Unauthorised
ATT202407001065,STU001065,SCH024,2024-07-01,17,14,Family
ATT202407001066,STU001066,SCH007,2024-07-01,18,14,Other
ATT202407001068,STU001068,SCH041,2024-07-01,16,14,Medical
ATT202407001069,STU001069,SCH042,2024-07-01,18,15,Medical
ATT202407001070,STU001070,SCH027,2024-07-01,15,12,Family
ATT202407001071,STU001071,SCH044,2024-07-01,18,15,Other
ATT202407001072,STU001072,SCH014,2024-07-01,16,14,Illness
ATT202407001073,STU001073,SCH030,2024-07-01,14,12,Medical
ATT202407001074,STU001074,SCH041,2024-07-01,18,15,Illness
ATT202407001075,STU001075,SCH025,2024-07-01,15,14,Unauthorised
ATT202407001076,STU001076,SCH045,2024-07-01,15,12,Medical
ATT202407001077,STU001077,SCH046,2024-07-01,14,12,Unauthorised
ATT202407001078,STU001078,SCH002,2024-07-01,15,13,Illness
ATT202407001079,STU001079,SCH041,2024-07-01,15,14,Unauthorised
ATT202407001080,STU001080,SCH013,2024-07-01,16,14,Medical
ATT202407001081,STU001081,SCH033,2024-07-01,15,13,Illness
ATT202407001082,STU001082,SCH046,2024-07-01,16,13,Illness
ATT202407001083,STU001083,SCH009,2024-07-01,14,12,Unauthorised
ATT202407001084,STU001084,SCH031,2024-07-01,16,13,Unauthorised
ATT202407001085,STU001085,SCH018,2024-07-01,18,16,Other
ATT202407001086,STU001086,SCH008,2024-07-01,17,15,Medical
ATT202407001087,STU001087,SCH020,2024-07-01,17,14,Other
ATT202407001088,STU001088,SCH023,2024-07-01,16,14,Other
ATT202407001089,STU001089,SCH047,2024-07-01,14,12,Other
ATT202407001090,STU001090,SCH003,2024-07-01,15,13,Unauthorised
ATT202407001091,STU001091,SCH048,2024-07-01,18,16,Illness
ATT202407001092,STU001092,SCH025,2024-07-01,16,14,Illness
ATT202407001093,STU001093,SCH008,2024-07-01,15,13,Other
ATT202407001094,STU001094,SCH031,2024-07-01,17,14,Medical
ATT202407001095,STU001095,SCH005,2024-07-01,14,12,Other
ATT202407001096,STU001096,SCH010,2024-07-01,16,12,Unauthorised
ATT202407001097,STU001097,SCH040,2024-07-01,17,14,Other
ATT202407001098,STU001098,SCH040,2024-07-01,18,15,Illness
ATT202407001099,STU001099,SCH011,2024-07-01,16,13,Family
ATT202407001100,STU001100,SCH030,2024-07-01,18,16,Illness
ATT202407001101,STU001101,SCH045,2024-07-01,18,14,Unauthorised
ATT202407001102,STU001102,SCH011,2024-07-01,16,13,Illness
ATT202407001103,STU001103,SCH050,2024-07-01,18,15,Illness
ATT202407001104,STU001104,SCH046,2024-07-01,18,15,Illness
ATT202407001105,STU001105,SCH050,2024-07-01,14,11,Other
ATT202407001106,STU001106,SCH046,2024-07-01,15,11,Unauthorised
ATT202407001107,STU001107,SCH015,2024-07-01,14,11,Medical
ATT202407001108,STU001108,SCH025,2024-07-01,14,12,Illness
ATT202407001109,STU001109,SCH021,2024-07-01,16,12,Medical
ATT202407001110,STU001110,SCH046,2024-07-01,16,13,Illness
ATT202407001111,STU001111,SCH017,2024-07-01,18,13,Other
ATT202407001112,STU001112,SCH047,2024-07-01,16,13,Unauthorised
ATT202407001113,STU001113,SCH018,2024-07-01,14,12,Medical
ATT202407001114,STU001114,SCH048,2024-07-01,18,14,Illness
ATT202407001115,STU001115,SCH006,2024-07-01,16,14,Unauthorised
ATT202407001116,STU001116,SCH044,2024-07-01,15,12,Other
ATT202407001117,STU001117,SCH035,2024-07-01,14,12,Illness
ATT202407001118,STU001118,SCH027,2024-07-01,18,15,Other
ATT202407001119,STU001119,SCH036,2024-07-01,18,16,Unauthorised
ATT202407001120,STU001120,SCH048,2024-07-01,17,16,Medical
ATT202407001121,STU001121,SCH043,2024-07-01,17,14,Medical
ATT202407001122,STU001122,SCH004,2024-07-01,18,15,Unauthorised
ATT202407001123,STU001123,SCH027,2024-07-01,15,12,Other
ATT202407001124,STU001124,SCH015,2024-07-01,18,16,Unauthorised
ATT202407001125,STU001125,SCH024,2024-07-01,16,13,Family
ATT202407001126,STU001126,SCH049,2024-07-01,18,14,Medical
ATT202407001127,STU001127,SCH001,2024-07-01,17,13,Medical
ATT202407001128,STU001128,SCH027,2024-07-01,15,12,Illness
ATT202407001129,STU001129,SCH001,2024-07-01,14,12,Medical
ATT202407001130,STU001130,SCH024,2024-07-01,16,13,Other
ATT202407001131,STU001131,SCH028,2024-07-01,16,14,Family
ATT202407001132,STU001132,SCH016,2024-07-01,18,15,Family
ATT202407001133,STU001133,SCH024,2024-07-01,14,11,Medical
ATT202407001134,STU001134,SCH004,2024-07-01,18,14,Medical
ATT202407001135,STU001135,SCH043,2024-07-01,17,13,Unauthorised
ATT202407001136,STU001136,SCH014,2024-07-01,16,13,Illness
ATT202407001137,STU001137,SCH005,2024-07-01,17,15,Medical
ATT202407001138,STU001138,SCH025,2024-07-01,17,15,Family
ATT202407001139,STU001139,SCH002,2024-07-01,16,14,Family
ATT202407001140,STU001140,SCH031,2024-07-01,18,14,Medical
ATT202407001141,STU001141,SCH023,2024-07-01,16,13,Other
ATT202407001142,STU001142,SCH027,2024-07-01,14,12,Illness
ATT202407001143,STU001143,SCH028,2024-07-01,17,14,Other
ATT202407001144,STU001144,SCH014,2024-07-01,15,12,Illness
ATT202407001145,STU001145,SCH050,2024-07-01,14,11,Other
ATT202407001146,STU001146,SCH021,2024-07-01,16,12,Illness
ATT202407001147,STU001147,SCH044,2024-07-01,17,14,Unauthorised
ATT202407001148,STU001148,SCH048,2024-07-01,17,14,Family
ATT202407001149,STU001149,SCH013,2024-07-01,17,15,Illness
ATT202407001150,STU001150,SCH045,2024-07-01,16,13,Family
ATT202407001151,STU001151,SCH041,2024-07-01,17,15,Illness
ATT202407001152,STU001152,SCH019,2024-07-01,15,13,Family
ATT202407001153,STU001153,SCH046,2024-07-01,14,11,Illness
ATT202407001154,STU001154,SCH045,2024-07-01,14,11,Unauthorised
ATT202407001155,STU001155,SCH029,2024-07-01,17,14,Unauthorised
ATT202407001156,STU001156,SCH032,2024-07-01,17,14,Unauthorised
ATT202407001157,STU001157,SCH016,2024-07-01,17,15,Other
ATT202407001158,STU001158,SCH014,2024-07-01,17,14,Other
ATT202407001159,STU001159,SCH042,2024-07-01,18,14,Family
ATT202407001160,STU001160,SCH038,2024-07-01,15,13,Illness
ATT202407001161,STU001161,SCH038,2024-07-01,17,15,Illness
ATT202407001162,STU001162,SCH030,2024-07-01,14,11,Medical
ATT202407001163,STU001163,SCH014,2024-07-01,18,16,Other
ATT202407001164,STU001164,SCH036,2024-07-01,18,16,Family
ATT202407001165,STU001165,SCH032,2024-07-01,15,13,Illness
ATT202407001166,STU001166,SCH004,2024-07-01,16,14,Medical
ATT202407001167,STU001167,SCH022,2024-07-01,16,12,Other
ATT202407001168,STU001168,SCH050,2024-07-01,18,15,Other
ATT202407001169,STU001169,SCH026,2024-07-01,18,15,Medical
ATT202407001170,STU001170,SCH033,2024-07-01,17,14,Illness
ATT202407001171,STU001171,SCH048,2024-07-01,16,14,Unauthorised
ATT202407001172,STU001172,SCH006,2024-07-01,14,12,Other
ATT202407001173,STU001173,SCH030,2024-07-01,15,11,Other
ATT202407001174,STU001174,SCH004,2024-07-01,17,14,Other
ATT202407001175,STU001175,SCH037,2024-07-01,14,12,Illness
ATT202407001176,STU001176,SCH032,2024-07-01,15,11,Illness
ATT202407001177,STU001177,SCH042,2024-07-01,17,12,Other
ATT202407001178,STU001178,SCH013,2024-07-01,18,16,Illness
ATT202407001179,STU001179,SCH024,2024-07-01,18,14,Other
ATT202407001180,STU001180,SCH035,2024-07-01,16,13,Other
ATT202407001181,STU001181,SCH023,2024-07-01,18,15,Medical
ATT202407001182,STU001182,SCH010,2024-07-01,18,16,Unauthorised
ATT202407001183,STU001183,SCH001,2024-07-01,16,12,Other
ATT202407001184,STU001184,SCH021,2024-07-01,17,14,Other
ATT202407001185,STU001185,SCH010,2024-07-01,16,14,Illness
ATT202407001186,STU001186,SCH043,2024-07-01,16,12,Unauthorised
ATT202407001187,STU001187,SCH043,2024-07-01,17,15,Family
ATT202407001188,STU001188,SCH044,2024-07-01,15,13,Family
ATT202407001189,STU001189,SCH017,2024-07-01,14,10,Illness
ATT202407001190,STU001190,SCH004,2024-07-01,17,14,Medical
ATT202407001191,STU001191,SCH050,2024-07-01,16,13,Medical
ATT202407001192,STU001192,SCH032,2024-07-01,18,14,Illness
ATT202407001193,STU001193,SCH006,2024-07-01,17,14,Other
ATT202407001194,STU001194,SCH024,2024-07-01,14,12,Medical
ATT202407001195,STU001195,SCH049,2024-07-01,14,11,Illness
ATT202407001196,STU001196,SCH048,2024-07-01,16,13,Illness
ATT202407001197,STU001197,SCH013,2024-07-01,18,15,Other
ATT202407001198,STU001198,SCH020,2024-07-01,15,13,Medical
ATT202407001199,STU001199,SCH020,2024-07-01,17,15,Illness
ATT202407001201,STU001201,SCH040,2024-07-01,18,15,Unauthorised
ATT202407001202,STU001202,SCH013,2024-07-01,18,15,Family
ATT202407001203,STU001203,SCH004,2024-07-01,18,15,Illness
ATT202407001204,STU001204,SCH019,2024-07-01,14,12,Unauthorised
ATT202407001205,STU001205,SCH007,2024-07-01,16,14,Other
ATT202407001206,STU001206,SCH028,2024-07-01,16,14,Family
ATT202407001207,STU001207,SCH024,2024-07-01,18,14,Unauthorised
ATT202407001208,STU001208,SCH033,2024-07-01,14,13,Medical
ATT202407001209,STU001209,SCH042,2024-07-01,16,14,Other
ATT202407001210,STU001210,SCH017,2024-07-01,17,14,Unauthorised
ATT202407001211,STU001211,SCH032,2024-07-01,14,12,Medical
ATT202407001212,STU001212,SCH019,2024-07-01,16,14,Other
ATT202407001213,STU001213,SCH015,2024-07-01,14,12,Unauthorised
ATT202407001214,STU001214,SCH024,2024-07-01,16,13,Medical
ATT202407001215,STU001215,SCH001,2024-07-01,18,16,Family
ATT202407001216,STU001216,SCH009,2024-07-01,16,14,Family
ATT202407001217,STU001217,SCH026,2024-07-01,14,13,Other
ATT202407001218,STU001218,SCH009,2024-07-01,15,11,Family
ATT202407001219,STU001219,SCH035,2024-07-01,15,12,Illness
ATT202407001220,STU001220,SCH016,2024-07-01,15,13,Medical
ATT202407001221,STU001221,SCH007,2024-07-01,15,12,Illness
ATT202407001222,STU001222,SCH031,2024-07-01,15,14,Family
ATT202407001223,STU001223,SCH036,2024-07-01,14,12,Family
ATT202407001224,STU001224,SCH010,2024-07-01,18,15,Medical
ATT202407001225,STU001225,SCH037,2024-07-01,15,12,Unauthorised
ATT202407001226,STU001226,SCH045,2024-07-01,15,12,Unauthorised
ATT202407001227,STU001227,SCH004,2024-07-01,18,16,Medical
ATT202407001228,STU001228,SCH016,2024-07-01,15,13,Family
ATT202407001229,STU001229,SCH046,2024-07-01,16,13,Family
ATT202407001230,STU001230,SCH035,2024-07-01,16,13,Family
ATT202407001231,STU001231,SCH013,2024-07-01,16,13,Medical
ATT202407001232,STU001232,SCH008,2024-07-01,16,13,Medical
ATT202407001233,STU001233,SCH028,2024-07-01,18,15,Family
ATT202407001234,STU001234,SCH046,2024-07-01,16,13,Medical
ATT202407001235,STU001235,SCH022,2024-07-01,18,14,Illness
ATT202407001236,STU001236,SCH002,2024-07-01,16,12,Medical
ATT202407001237,STU001237,SCH040,2024-07-01,17,14,Illness
ATT202407001238,STU001238,SCH020,2024-07-01,17,15,Other
ATT202407001239,STU001239,SCH019,2024-07-01,17,14,Other
ATT202407001240,STU001240,SCH031,2024-07-01,18,16,Family
ATT202407001241,STU001241,SCH048,2024-07-01,16,14,Unauthorised
ATT202407001242,STU001242,SCH018,2024-07-01,17,14,Unauthorised
ATT202407001244,STU001244,SCH039,2024-07-01,15,12,Other
ATT202407001245,STU001245,SCH008,2024-07-01,17,14,Family
ATT202407001246,STU001246,SCH029,2024-07-01,18,15,Other
ATT202407001247,STU001247,SCH046,2024-07-01,17,15,Other
ATT202407001248,STU001248,SCH024,2024-07-01,14,10,Family
ATT202407001249,STU001249,SCH047,2024-07-01,18,15,Medical
ATT202407001250,STU001250,SCH047,2024-07-01,18,14,Illness
ATT202407001251,STU001251,SCH002,2024-07-01,16,12,Unauthorised
ATT202407001252,STU001252,SCH040,2024-07-01,14,11,Illness
ATT202407001253,STU001253,SCH005,2024-07-01,14,12,Unauthorised
ATT202407001254,STU001254,SCH033,2024-07-01,18,16,Other
ATT202407001255,STU001255,SCH037,2024-07-01,15,13,Illness
ATT202407001256,STU001256,SCH032,2024-07-01,16,13,Other
ATT202407001257,STU001257,SCH036,2024-07-01,18,16,Illness
ATT202407001258,STU001258,SCH013,2024-07-01,15,13,Family
ATT202407001259,STU001259,SCH048,2024-07-01,17,15,Family
ATT202407001260,STU001260,SCH040,2024-07-01,18,17,Other
ATT202407001261,STU001261,SCH050,2024-07-01,14,12,Illness
ATT202407001262,STU001262,SCH019,2024-07-01,18,16,Illness
ATT202407001263,STU001263,SCH016,2024-07-01,14,13,Illness
ATT202407001264,STU001264,SCH037,2024-07-01,14,12,Unauthorised
ATT202407001265,STU001265,SCH013,2024-07-01,17,14,Other
ATT202407001266,STU001266,SCH005,2024-07-01,17,15,Illness
ATT202407001267,STU001267,SCH035,2024-07-01,15,12,Other
ATT202407001268,STU001268,SCH044,2024-07-01,16,13,Family
ATT202407001269,STU001269,SCH021,2024-07-01,18,14,Family
ATT202407001270,STU001270,SCH024,2024-07-01,14,10,Illness
ATT202407001271,STU001271,SCH025,2024-07-01,16,13,Unauthorised
ATT202407001272,STU001272,SCH043,2024-07-01,17,14,Illness
ATT202407001273,STU001273,SCH019,2024-07-01,15,13,Medical
ATT202407001274,STU001274,SCH030,2024-07-01,17,15,Medical
ATT202407001275,STU001275,SCH010,2024-07-01,17,14,Unauthorised
ATT202407001276,STU001276,SCH011,2024-07-01,14,12,Medical
ATT202407001277,STU001277,SCH017,2024-07-01,16,13,Medical
ATT202407001278,STU001278,SCH002,2024-07-01,18,16,Family
ATT202407001279,STU001279,SCH009,2024-07-01,14,11,Family
ATT202407001280,STU001280,SCH018,2024-07-01,14,13,Medical
ATT202407001281,STU001281,SCH008,2024-07-01,17,14,Medical
ATT202407001282,STU001282,SCH006,2024-07-01,18,15,Family
ATT202407001283,STU001283,SCH028,2024-07-01,18,15,Family
ATT202407001284,STU001284,SCH030,2024-07-01,16,13,Unauthorised
ATT202407001285,STU001285,SCH014,2024-07-01,15,13,Medical
ATT202407001286,STU001286,SCH023,2024-07-01,17,14,Family
ATT202407001287,STU001287,SCH014,2024-07-01,15,12,Other
ATT202407001288,STU001288,SCH050,2024-07-01,14,11,Family
ATT202407001289,STU001289,SCH023,2024-07-01,15,13,Other
ATT202407001290,STU001290,SCH050,2024-07-01,15,13,Medical
ATT202407001291,STU001291,SCH013,2024-07-01,14,12,Unauthorised
ATT202407001292,STU001292,SCH010,2024-07-01,16,14,Medical
ATT202407001293,STU001293,SCH005,2024-07-01,16,14,Illness
ATT202407001294,STU001294,SCH015,2024-07-01,15,13,Other
ATT202407001295,STU001295,SCH012,2024-07-01,17,14,Medical
ATT202407001296,STU001296,SCH031,2024-07-01,16,14,Illness
ATT202407001297,STU001297,SCH038,2024-07-01,17,15,Unauthorised
ATT202407001298,STU001298,SCH015,2024-07-01,17,14,Other
ATT202407001299,STU001299,SCH023,2024-07-01,17,14,Family
ATT202407001300,STU001300,SCH049,2024-07-01,14,10,Family
ATT202407001301,STU001301,SCH025,2024-07-01,17,14,Illness
ATT202407001302,STU001302,SCH041,2024-07-01,14,12,Illness
ATT202407001303,STU001303,SCH019,2024-07-01,16,14,Other
ATT202407001304,STU001304,SCH006,2024-07-01,14,12,Unauthorised
ATT202407001305,STU001305,SCH046,2024-07-01,14,12,Family
ATT202407001306,STU001306,SCH011,2024-07-01,17,14,Family
ATT202407001307,STU001307,SCH036,2024-07-01,18,15,Family
ATT202407001308,STU001308,SCH029,2024-07-01,16,14,Other
ATT202407001309,STU001309,SCH049,2024-07-01,15,12,Unauthorised
ATT202407001310,STU001310,SCH031,2024-07-01,17,14,Illness
ATT202407001311,STU001311,SCH032,2024-07-01,18,14,Other
ATT202407001312,STU001312,SCH046,2024-07-01,15,11,Illness
ATT202407001313,STU001313,SCH027,2024-07-01,18,14,Family
ATT202407001314,STU001314,SCH014,2024-07-01,14,12,Family
ATT202407001315,STU001315,SCH032,2024-07-01,18,14,Illness
ATT202407001316,STU001316,SCH024,2024-07-01,16,12,Unauthorised
ATT202407001317,STU001317,SCH048,2024-07-01,14,12,Illness
ATT202407001318,STU001318,SCH016,2024-07-01,14,12,Illness
ATT202407001319,STU001319,SCH039,2024-07-01,17,15,Unauthorised
ATT202407001320,STU001320,SCH050,2024-07-01,18,15,Unauthorised
ATT202407001321,STU001321,SCH049,2024-07-01,14,11,Family
ATT202407001322,STU001322,SCH024,2024-07-01,18,15,Unauthorised
ATT202407001323,STU001323,SCH012,2024-07-01,16,13,Unauthorised
ATT202407001324,STU001324,SCH003,2024-07-01,17,13,Unauthorised
ATT202407001325,STU001325,SCH008,2024-07-01,16,14,Other
ATT202407001326,STU001326,SCH030,2024-07-01,17,14,Unauthorised
ATT202407001327,STU001327,SCH022,2024-07-01,17,13,Illness
ATT202407001328,STU001328,SCH030,2024-07-01,17,15,Family
ATT202407001329,STU001329,SCH006,2024-07-01,17,14,Unauthorised
ATT202407001330,STU001330,SCH017,2024-07-01,14,12,Other
ATT202407001331,STU001331,SCH013,2024-07-01,14,13,Illness
ATT202407001332,STU001332,SCH023,2024-07-01,14,11,Other
ATT202407001333,STU001333,SCH044,2024-07-01,14,11,Illness
ATT202407001334,STU001334,SCH006,2024-07-01,18,16,Medical
ATT202407001335,STU001335,SCH013,2024-07-01,14,12,Illness
ATT202407001336,STU001336,SCH048,2024-07-01,17,16,Family
ATT202407001337,STU001337,SCH044,2024-07-01,18,15,Unauthorised
ATT202407001338,STU001338,SCH046,2024-07-01,14,12,Other
ATT202407001339,STU001339,SCH046,2024-07-01,16,13,Other
ATT202407001340,STU001340,SCH030,2024-07-01,16,14,Other
ATT202407001341,STU001341,SCH035,2024-07-01,16,13,Family
ATT202407001342,STU001342,SCH030,2024-07-01,16,13,Other
ATT202407001343,STU001343,SCH033,2024-07-01,15,13,Medical
ATT202407001344,STU001344,SCH039,2024-07-01,14,12,Other
ATT202407001345,STU001345,SCH027,2024-07-01,17,14,Illness
ATT202407001346,STU001346,SCH012,2024-07-01,18,16,Unauthorised
ATT202407001347,STU001347,SCH007,2024-07-01,17,14,Other
ATT202407001348,STU001348,SCH012,2024-07-01,16,14,Illness
ATT202407001349,STU001349,SCH036,2024-07-01,18,16,Other
ATT202407001350,STU001350,SCH048,2024-07-01,14,12,Family
ATT202407001351,STU001351,SCH045,2024-07-01,16,13,Illness
ATT202407001352,STU001352,SCH004,2024-07-01,15,12,Medical
ATT202407001353,STU001353,SCH027,2024-07-01,16,14,Other
ATT202407001354,STU001354,SCH021,2024-07-01,15,12,Other
ATT202407001355,STU001355,SCH013,2024-07-01,17,15,Medical
ATT202407001356,STU001356,SCH041,2024-07-01,16,13,Family
ATT202407001357,STU001357,SCH048,2024-07-01,17,15,Family
ATT202407001358,STU001358,SCH037,2024-07-01,14,13,Family
ATT202407001359,STU001359,SCH026,2024-07-01,15,13,Family
ATT202407001360,STU001360,SCH014,2024-07-01,16,14,Family
ATT202407001361,STU001361,SCH022,2024-07-01,18,14,Medical
ATT202407001362,STU001362,SCH048,2024-07-01,18,16,Illness
ATT202407001363,STU001363,SCH048,2024-07-01,15,13,Family
ATT202407001364,STU001364,SCH037,2024-07-01,17,14,Medical
ATT202407001365,STU001365,SCH027,2024-07-01,16,14,Medical
ATT202407001366,STU001366,SCH033,2024-07-01,17,15,Unauthorised
ATT202407001367,STU001367,SCH025,2024-07-01,18,15,Illness
ATT202407001368,STU001368,SCH002,2024-07-01,17,14,Unauthorised
ATT202407001369,STU001369,SCH005,2024-07-01,15,13,Medical
ATT202407001370,STU001370,SCH013,2024-07-01,17,14,Unauthorised
ATT202407001371,STU001371,SCH050,2024-07-01,18,14,Unauthorised
ATT202407001372,STU001372,SCH022,2024-07-01,15,11,Other
ATT202407001373,STU001373,SCH023,2024-07-01,17,14,Family
ATT202407001374,STU001374,SCH026,2024-07-01,17,15,Unauthorised
ATT202407001375,STU001375,SCH037,2024-07-01,16,14,Medical
ATT202407001376,STU001376,SCH022,2024-07-01,18,13,Other
ATT202407001377,STU001377,SCH007,2024-07-01,16,13,Medical
ATT202407001378,STU001378,SCH046,2024-07-01,18,14,Illness
ATT202407001379,STU001379,SCH012,2024-07-01,18,14,Unauthorised
ATT202407001380,STU001380,SCH007,2024-07-01,17,14,Medical
ATT202407001381,STU001381,SCH028,2024-07-01,18,15,Illness
ATT202407001382,STU001382,SCH018,2024-07-01,15,12,Medical
ATT202407001384,STU001384,SCH027,2024-07-01,16,14,Illness
ATT202407001385,STU001385,SCH023,2024-07-01,15,13,Family
ATT202407001386,STU001386,SCH024,2024-07-01,14,10,Illness
ATT202407001387,STU001387,SCH004,2024-07-01,14,12,Other
ATT202407001388,STU001388,SCH013,2024-07-01,14,11,Medical
ATT202407001389,STU001389,SCH024,2024-07-01,16,12,Other
ATT202407001390,STU001390,SCH030,2024-07-01,18,16,Medical
ATT202407001391,STU001391,SCH041,2024-07-01,18,16,Family
ATT202407001392,STU001392,SCH049,2024-07-01,15,11,Illness
ATT202407001393,STU001393,SCH020,2024-07-01,16,14,Other
ATT202407001394,STU001394,SCH012,2024-07-01,15,13,Illness
ATT202407001395,STU001395,SCH002,2024-07-01,14,11,Family
ATT202407001396,STU001396,SCH029,2024-07-01,15,13,Other
ATT202407001397,STU001397,SCH037,2024-07-01,18,16,Medical
ATT202407001398,STU001398,SCH018,2024-07-01,14,11,Family
ATT202407001399,STU001399,SCH027,2024-07-01,17,14,Family
ATT202407001400,STU001400,SCH032,2024-07-01,16,14,Other
ATT202407001401,STU001401,SCH047,2024-07-01,16,14,Unauthorised
ATT202407001402,STU001402,SCH005,2024-07-01,15,13,Illness
ATT202407001403,STU001403,SCH048,2024-07-01,17,15,Other
ATT202407001404,STU001404,SCH048,2024-07-01,18,15,Unauthorised
ATT202407001405,STU001405,SCH015,2024-07-01,14,13,Medical
ATT202407001406,STU001406,SCH039,2024-07-01,17,14,Illness
ATT202407001407,STU001407,SCH036,2024-07-01,18,16,Medical
ATT202407001408,STU001408,SCH009,2024-07-01,16,14,Medical
ATT202407001409,STU001409,SCH019,2024-07-01,14,13,Family
ATT202407001410,STU001410,SCH040,2024-07-01,16,13,Unauthorised
ATT202407001411,STU001411,SCH009,2024-07-01,18,16,Illness
ATT202407001412,STU001412,SCH027,2024-07-01,17,14,Medical
ATT202407001413,STU001413,SCH013,2024-07-01,16,14,Other
ATT202407001414,STU001414,SCH042,2024-07-01,16,13,Family
ATT202407001415,STU001415,SCH005,2024-07-01,17,15,Unauthorised
ATT202407001416,STU001416,SCH016,2024-07-01,16,14,Other
ATT202407001417,STU001417,SCH026,2024-07-01,16,13,Unauthorised
ATT202407001418,STU001418,SCH026,2024-07-01,18,15,Illness
ATT202407001419,STU001419,SCH025,2024-07-01,15,13,Illness
ATT202407001420,STU001420,SCH038,2024-07-01,16,15,Other
ATT202407001421,STU001421,SCH001,2024-07-01,16,13,Other
ATT202407001422,STU001422,SCH006,2024-07-01,18,15,Illness
ATT202407001423,STU001423,SCH007,2024-07-01,17,13,Medical
ATT202407001424,STU001424,SCH005,2024-07-01,18,15,Unauthorised
ATT202407001425,STU001425,SCH047,2024-07-01,18,16,Medical
ATT202407001426,STU001426,SCH029,2024-07-01,15,13,Illness
ATT202407001427,STU001427,SCH007,2024-07-01,16,14,Medical
ATT202407001428,STU001428,SCH050,2024-07-01,17,14,Unauthorised
ATT202407001429,STU001429,SCH009,2024-07-01,15,12,Family
ATT202407001431,STU001431,SCH020,2024-07-01,16,14,Family
ATT202407001432,STU001432,SCH022,2024-07-01,15,12,Family
ATT202407001433,STU001433,SCH011,2024-07-01,17,15,Medical
ATT202407001434,STU001434,SCH042,2024-07-01,16,15,Unauthorised
ATT202407001435,STU001435,SCH037,2024-07-01,18,16,Unauthorised
ATT202407001436,STU001436,SCH001,2024-07-01,17,13,Other
ATT202407001437,STU001437,SCH002,2024-07-01,14,11,Medical
ATT202407001438,STU001438,SCH016,2024-07-01,16,14,Other
ATT202407001439,STU001439,SCH048,2024-07-01,17,14,Other
ATT202407001440,STU001440,SCH001,2024-07-01,17,14,Illness
ATT202407001441,STU001441,SCH039,2024-07-01,17,16,Medical
ATT202407001442,STU001442,SCH029,2024-07-01,16,13,Illness
ATT202407001443,STU001443,SCH016,2024-07-01,14,13,Illness
ATT202407001444,STU001444,SCH030,2024-07-01,14,11,Other
ATT202407001445,STU001445,SCH047,2024-07-01,18,16,Unauthorised
ATT202407001446,STU001446,SCH029,2024-07-01,17,13,Illness
ATT202407001447,STU001447,SCH036,2024-07-01,15,12,Medical
ATT202407001448,STU001448,SCH050,2024-07-01,17,15,Unauthorised
ATT202407001449,STU001449,SCH001,2024-07-01,17,13,Illness
ATT202407001450,STU001450,SCH047,2024-07-01,15,13,Other
ATT202407001451,STU001451,SCH048,2024-07-01,16,14,Illness
ATT202407001452,STU001452,SCH021,2024-07-01,14,11,Unauthorised
ATT202407001453,STU001453,SCH034,2024-07-01,16,12,Other
ATT202407001454,STU001454,SCH038,2024-07-01,14,12,Medical
ATT202407001455,STU001455,SCH048,2024-07-01,18,15,Illness
ATT202407001456,STU001456,SCH016,2024-07-01,15,12,Illness
ATT202407001457,STU001457,SCH011,2024-07-01,16,13,Other
ATT202407001458,STU001458,SCH030,2024-07-01,16,13,Illness
ATT202407001459,STU001459,SCH004,2024-07-01,14,12,Other
ATT202407001460,STU001460,SCH008,2024-07-01,17,15,Medical
ATT202407001461,STU001461,SCH017,2024-07-01,14,11,Family
ATT202407001462,STU001462,SCH008,2024-07-01,18,16,Family
ATT202407001463,STU001463,SCH013,2024-07-01,14,12,Illness
ATT202407001464,STU001464,SCH015,2024-07-01,15,13,Unauthorised
ATT202407001465,STU001465,SCH030,2024-07-01,14,12,Unauthorised
ATT202407001466,STU001466,SCH016,2024-07-01,14,12,Illness
ATT202407001467,STU001467,SCH011,2024-07-01,14,11,Family
ATT202407001468,STU001468,SCH018,2024-07-01,17,13,Medical
ATT202407001469,STU001469,SCH016,2024-07-01,16,14,Medical
ATT202407001470,STU001470,SCH015,2024-07-01,18,16,Other
ATT202407001471,STU001471,SCH008,2024-07-01,17,16,Other
ATT202407001472,STU001472,SCH004,2024-07-01,18,15,Unauthorised
ATT202407001473,STU001473,SCH008,2024-07-01,16,13,Medical
ATT202407001474,STU001474,SCH005,2024-07-01,14,12,Unauthorised
ATT202407001475,STU001475,SCH035,2024-07-01,14,11,Family
ATT202407001476,STU001476,SCH004,2024-07-01,18,15,Other
ATT202407001477,STU001477,SCH011,2024-07-01,17,14,Illness
ATT202407001478,STU001478,SCH010,2024-07-01,18,15,Family
ATT202407001479,STU001479,SCH022,2024-07-01,16,12,Medical
ATT202407001480,STU001480,SCH034,2024-07-01,17,13,Family
ATT202407001481,STU001481,SCH013,2024-07-01,17,16,Unauthorised
ATT202407001482,STU001482,SCH018,2024-07-01,16,14,Medical
ATT202407001483,STU001483,SCH018,2024-07-01,18,16,Medical
ATT202407001484,STU001484,SCH002,2024-07-01,15,11,Illness
ATT202407001485,STU001485,SCH020,2024-07-01,18,16,Family
ATT202407001486,STU001486,SCH034,2024-07-01,17,13,Medical
ATT202407001487,STU001487,SCH035,2024-07-01,14,11,Unauthorised
ATT202407001488,STU001488,SCH043,2024-07-01,16,13,Medical
ATT202407001489,STU001489,SCH023,2024-07-01,15,13,Unauthorised
ATT202407001490,STU001490,SCH025,2024-07-01,14,12,Unauthorised
ATT202407001491,STU001491,SCH015,2024-07-01,16,13,Unauthorised
ATT202407001492,STU001492,SCH002,2024-07-01,18,14,Family
ATT202407001493,STU001493,SCH023,2024-07-01,17,14,Other
ATT202407001494,STU001494,SCH012,2024-07-01,17,14,Other
ATT202407001495,STU001495,SCH001,2024-07-01,15,13,Other
ATT202407001496,STU001496,SCH038,2024-07-01,14,11,Family
ATT202407001497,STU001497,SCH016,2024-07-01,14,13,Illness
ATT202407001498,STU001498,SCH036,2024-07-01,14,11,Unauthorised
ATT202407001499,STU001499,SCH019,2024-07-01,15,13,Illness
ATT202407001500,STU001500,SCH016,2024-07-01,14,12,Unauthorised
ATT202407001501,STU001501,SCH005,2024-07-01,18,15,Unauthorised
ATT202407001502,STU001502,SCH011,2024-07-01,15,14,Other
ATT202407001503,STU001503,SCH021,2024-07-01,18,14,Family
ATT202407001504,STU001504,SCH009,2024-07-01,17,15,Family
ATT202407001505,STU001505,SCH007,2024-07-01,14,11,Illness
ATT202407001506,STU001506,SCH036,2024-07-01,14,12,Unauthorised
ATT202407001507,STU001507,SCH019,2024-07-01,18,15,Medical
ATT202407001508,STU001508,SCH031,2024-07-01,14,12,Unauthorised
ATT202407001509,STU001509,SCH008,2024-07-01,17,14,Illness
ATT202407001510,STU001510,SCH047,2024-07-01,17,16,Unauthorised
ATT202407001511,STU001511,SCH007,2024-07-01,18,15,Medical
ATT202407001512,STU001512,SCH049,2024-07-01,17,13,Illness
ATT202407001513,STU001513,SCH008,2024-07-01,18,16,Family
ATT202407001514,STU001514,SCH003,2024-07-01,16,14,Medical
ATT202407001515,STU001515,SCH005,2024-07-01,18,16,Family
ATT202407001516,STU001516,SCH050,2024-07-01,14,11,Medical
ATT202407001517,STU001517,SCH017,2024-07-01,16,15,Family
ATT202407001518,STU001518,SCH027,2024-07-01,16,13,Family
ATT202407001519,STU001519,SCH028,2024-07-01,17,15,Unauthorised
ATT202407001520,STU001520,SCH026,2024-07-01,14,12,Unauthorised
ATT202407001521,STU001521,SCH040,2024-07-01,14,12,Family
ATT202407001522,STU001522,SCH040,2024-07-01,16,14,Family
ATT202407001523,STU001523,SCH015,2024-07-01,15,13,Medical
ATT202407001524,STU001524,SCH029,2024-07-01,15,13,Family
ATT202407001525,STU001525,SCH007,2024-07-01,17,14,Family
ATT202407001526,STU001526,SCH040,2024-07-01,14,12,Family
ATT202407001527,STU001527,SCH029,2024-07-01,16,13,Family
ATT202407001528,STU001528,SCH042,2024-07-01,15,12,Illness
ATT202407001529,STU001529,SCH030,2024-07-01,15,13,Illness
ATT202407001530,STU001530,SCH036,2024-07-01,14,12,Family
ATT202407001531,STU001531,SCH038,2024-07-01,17,14,Unauthorised
ATT202407001532,STU001532,SCH029,2024-07-01,17,15,Medical
ATT202407001533,STU001533,SCH020,2024-07-01,18,14,Family
ATT202407001534,STU001534,SCH019,2024-07-01,17,14,Illness
ATT202407001535,STU001535,SCH041,2024-07-01,17,16,Other
ATT202407001536,STU001536,SCH013,2024-07-01,17,15,Unauthorised
ATT202407001537,STU001537,SCH001,2024-07-01,15,11,Medical
ATT202407001538,STU001538,SCH028,2024-07-01,18,15,Medical
ATT202407001539,STU001539,SCH039,2024-07-01,16,12,Medical
ATT202407001540,STU001540,SCH030,2024-07-01,14,12,Family
ATT202407001541,STU001541,SCH045,2024-07-01,18,15,Family
ATT202407001542,STU001542,SCH039,2024-07-01,15,13,Medical
ATT202407001543,STU001543,SCH011,2024-07-01,16,13,Illness
ATT202407001544,STU001544,SCH011,2024-07-01,16,12,Family
ATT202407001545,STU001545,SCH025,2024-07-01,17,16,Family
ATT202407001546,STU001546,SCH042,2024-07-01,18,15,Medical
ATT202407001547,STU001547,SCH014,2024-07-01,14,11,Unauthorised
ATT202407001548,STU001548,SCH003,2024-07-01,16,14,Illness
ATT202407001549,STU001549,SCH038,2024-07-01,16,14,Family
ATT202407001550,STU001550,SCH012,2024-07-01,16,13,Family
ATT202407001551,STU001551,SCH016,2024-07-01,16,13,Unauthorised
ATT202407001552,STU001552,SCH020,2024-07-01,15,12,Other
ATT202407001553,STU001553,SCH030,2024-07-01,17,14,Illness
ATT202407001554,STU001554,SCH048,2024-07-01,16,14,Medical
ATT202407001555,STU001555,SCH047,2024-07-01,15,14,Illness
ATT202407001556,STU001556,SCH023,2024-07-01,16,13,Family
ATT202407001557,STU001557,SCH038,2024-07-01,14,12,Other
ATT202407001558,STU001558,SCH037,2024-07-01,16,14,Illness
ATT202407001559,STU001559,SCH033,2024-07-01,18,15,Family
ATT202407001560,STU001560,SCH041,2024-07-01,18,15,Other
ATT202407001561,STU001561,SCH041,2024-07-01,18,15,Other
ATT202407001562,STU001562,SCH011,2024-07-01,15,12,Illness
ATT202407001563,STU001563,SCH045,2024-07-01,18,16,Medical
ATT202407001564,STU001564,SCH002,2024-07-01,15,12,Illness
ATT202407001565,STU001565,SCH017,2024-07-01,15,11,Illness
ATT202407001566,STU001566,SCH013,2024-07-01,15,13,Unauthorised
ATT202407001567,STU001567,SCH007,2024-07-01,16,13,Unauthorised
ATT202407001568,STU001568,SCH010,2024-07-01,16,13,Unauthorised
ATT202407001569,STU001569,SCH016,2024-07-01,18,15,Other
ATT202407001570,STU001570,SCH035,2024-07-01,18,14,Illness
ATT202407001571,STU001571,SCH034,2024-07-01,18,14,Medical
ATT202407001572,STU001572,SCH039,2024-07-01,18,16,Unauthorised
ATT202407001573,STU001573,SCH011,2024-07-01,16,14,Illness
ATT202407001574,STU001574,SCH032,2024-07-01,14,12,Medical
ATT202407001575,STU001575,SCH003,2024-07-01,17,15,Unauthorised
ATT202407001576,STU001576,SCH031,2024-07-01,14,11,Medical
ATT202407001577,STU001577,SCH046,2024-07-01,18,15,Medical
ATT202407001578,STU001578,SCH046,2024-07-01,16,14,Other
ATT202407001579,STU001579,SCH011,2024-07-01,18,16,Other
ATT202407001580,STU001580,SCH014,2024-07-01,15,12,Illness
ATT202407001581,STU001581,SCH023,2024-07-01,15,13,Family
ATT202407001582,STU001582,SCH007,2024-07-01,15,12,Other
ATT202407001583,STU001583,SCH034,2024-07-01,17,13,Medical
ATT202407001584,STU001584,SCH033,2024-07-01,18,16,Illness
ATT202407001585,STU001585,SCH013,2024-07-01,16,14,Other
ATT202407001586,STU001586,SCH046,2024-07-01,14,12,Medical
ATT202407001587,STU001587,SCH012,2024-07-01,15,12,Illness
ATT202407001588,STU001588,SCH008,2024-07-01,18,15,Medical
ATT202407001589,STU001589,SCH048,2024-07-01,17,15,Illness
ATT202407001590,STU001590,SCH008,2024-07-01,16,14,Illness
ATT202407001591,STU001591,SCH043,2024-07-01,16,13,Family
ATT202407001592,STU001592,SCH015,2024-07-01,14,13,Medical
ATT202407001593,STU001593,SCH022,2024-07-01,14,10,Family
ATT202407001594,STU001594,SCH024,2024-07-01,18,14,Illness
ATT202407001595,STU001595,SCH047,2024-07-01,14,12,Unauthorised
ATT202407001596,STU001596,SCH002,2024-07-01,15,10,Unauthorised
ATT202407001597,STU001597,SCH031,2024-07-01,16,13,Unauthorised
ATT202407001598,STU001598,SCH039,2024-07-01,16,14,Family
ATT202407001599,STU001599,SCH013,2024-07-01,14,12,Family
ATT202407001600,STU001600,SCH047,2024-07-01,17,14,Family
ATT202407001601,STU001601,SCH009,2024-07-01,17,15,Other
ATT202407001602,STU001602,SCH036,2024-07-01,16,14,Unauthorised
ATT202407001603,STU001603,SCH045,2024-07-01,16,14,Family
ATT202407001604,STU001604,SCH037,2024-07-01,15,13,Medical
ATT202407001605,STU001605,SCH037,2024-07-01,15,14,Other
ATT202407001606,STU001606,SCH044,2024-07-01,16,13,Unauthorised
ATT202407001607,STU001607,SCH014,2024-07-01,16,12,Illness
ATT202407001608,STU001608,SCH049,2024-07-01,15,12,Family
ATT202407001609,STU001609,SCH039,2024-07-01,14,12,Medical
ATT202407001610,STU001610,SCH011,2024-07-01,16,14,Other
ATT202407001611,STU001611,SCH012,2024-07-01,17,15,Unauthorised
ATT202407001612,STU001612,SCH020,2024-07-01,16,13,Family
ATT202407001613,STU001613,SCH014,2024-07-01,18,14,Medical
ATT202407001614,STU001614,SCH027,2024-07-01,18,16,Family
ATT202407001615,STU001615,SCH031,2024-07-01,17,15,Illness
ATT202407001616,STU001616,SCH022,2024-07-01,15,11,Family
ATT202407001617,STU001617,SCH041,2024-07-01,14,11,Family
ATT202407001618,STU001618,SCH050,2024-07-01,14,12,Other
ATT202407001619,STU001619,SCH028,2024-07-01,14,12,Unauthorised
ATT202407001620,STU001620,SCH008,2024-07-01,15,13,Illness
ATT202407001621,STU001621,SCH033,2024-07-01,16,15,Medical
ATT202407001622,STU001622,SCH030,2024-07-01,15,14,Family
ATT202407001623,STU001623,SCH023,2024-07-01,14,12,Unauthorised
ATT202407001624,STU001624,SCH046,2024-07-01,16,13,Other
ATT202407001625,STU001625,SCH017,2024-07-01,16,14,Family
ATT202407001626,STU001626,SCH049,2024-07-01,14,12,Unauthorised
ATT202407001627,STU001627,SCH018,2024-07-01,18,15,Unauthorised
ATT202407001628,STU001628,SCH044,2024-07-01,18,16,Family
ATT202407001629,STU001629,SCH047,2024-07-01,18,16,Family
ATT202407001630,STU001630,SCH022,2024-07-01,14,10,Family
ATT202407001631,STU001631,SCH003,2024-07-01,15,12,Other
ATT202407001632,STU001632,SCH003,2024-07-01,18,17,Unauthorised
ATT202407001633,STU001633,SCH029,2024-07-01,14,11,Other
ATT202407001634,STU001634,SCH005,2024-07-01,14,11,Unauthorised
ATT202407001635,STU001635,SCH049,2024-07-01,18,15,Illness
ATT202407001636,STU001636,SCH032,2024-07-01,16,14,Other
ATT202407001637,STU001637,SCH032,2024-07-01,18,15,Family
ATT202407001638,STU001638,SCH006,2024-07-01,17,14,Other
ATT202407001639,STU001639,SCH014,2024-07-01,15,12,Unauthorised
ATT202407001640,STU001640,SCH040,2024-07-01,15,13,Family
ATT202407001641,STU001641,SCH016,2024-07-01,14,12,Unauthorised
ATT202407001642,STU001642,SCH021,2024-07-01,18,15,Medical
ATT202407001643,STU001643,SCH024,2024-07-01,15,10,Medical
ATT202407001644,STU001644,SCH022,2024-07-01,17,13,Unauthorised
ATT202407001645,STU001645,SCH036,2024-07-01,18,16,Unauthorised
ATT202407001646,STU001646,SCH022,2024-07-01,15,13,Illness
ATT202407001647,STU001647,SCH040,2024-07-01,16,15,Medical
ATT202407001648,STU001648,SCH010,2024-07-01,15,12,Illness
ATT202407001649,STU001649,SCH048,2024-07-01,15,13,Medical
ATT202407001650,STU001650,SCH002,2024-07-01,16,11,Family
ATT202407001651,STU001651,SCH037,2024-07-01,16,13,Unauthorised
ATT202407001652,STU001652,SCH045,2024-07-01,16,13,Family
ATT202407001653,STU001653,SCH036,2024-07-01,16,14,Unauthorised
ATT202407001654,STU001654,SCH029,2024-07-01,16,14,Medical
ATT202407001655,STU001655,SCH003,2024-07-01,16,13,Family
ATT202407001656,STU001656,SCH024,2024-07-01,16,13,Other
ATT202407001657,STU001657,SCH050,2024-07-01,17,14,Illness
ATT202407001658,STU001658,SCH010,2024-07-01,18,16,Unauthorised
ATT202407001659,STU001659,SCH013,2024-07-01,16,13,Unauthorised
ATT202407001660,STU001660,SCH006,2024-07-01,17,14,Medical
ATT202407001661,STU001661,SCH048,2024-07-01,14,12,Medical
ATT202407001662,STU001662,SCH017,2024-07-01,18,12,Illness
ATT202407001663,STU001663,SCH013,2024-07-01,18,15,Unauthorised
ATT202407001664,STU001664,SCH018,2024-07-01,15,12,Family
ATT202407001665,STU001665,SCH014,2024-07-01,18,14,Illness
ATT202407001666,STU001666,SCH010,2024-07-01,17,13,Family
ATT202407001667,STU001667,SCH016,2024-07-01,15,11,Illness
ATT202407001668,STU001668,SCH032,2024-07-01,18,15,Illness
ATT202407001669,STU001669,SCH039,2024-07-01,14,12,Family
ATT202407001670,STU001670,SCH036,2024-07-01,17,15,Unauthorised
ATT202407001671,STU001671,SCH001,2024-07-01,18,14,Illness
ATT202407001672,STU001672,SCH030,2024-07-01,17,14,Unauthorised
ATT202407001673,STU001673,SCH002,2024-07-01,14,11,Other
ATT202407001674,STU001674,SCH023,2024-07-01,17,14,Medical
ATT202407001675,STU001675,SCH027,2024-07-01,15,14,Illness
ATT202407001676,STU001676,SCH041,2024-07-01,16,15,Family
ATT202407001677,STU001677,SCH038,2024-07-01,14,12,Medical
ATT202407001678,STU001678,SCH042,2024-07-01,17,13,Medical
ATT202407001679,STU001679,SCH019,2024-07-01,17,15,Medical
ATT202407001680,STU001680,SCH007,2024-07-01,16,12,Illness
ATT202407001681,STU001681,SCH015,2024-07-01,15,12,Illness
ATT202407001682,STU001682,SCH030,2024-07-01,16,13,Family
ATT202407001683,STU001683,SCH037,2024-07-01,17,14,Medical
ATT202407001684,STU001684,SCH027,2024-07-01,16,13,Other
ATT202407001685,STU001685,SCH043,2024-07-01,16,14,Family
ATT202407001686,STU001686,SCH032,2024-07-01,18,14,Medical
ATT202407001687,STU001687,SCH023,2024-07-01,14,11,Other
ATT202407001688,STU001688,SCH014,2024-07-01,14,11,Medical
ATT202407001689,STU001689,SCH006,2024-07-01,18,14,Family
ATT202407001690,STU001690,SCH015,2024-07-01,15,13,Family
ATT202407001691,STU001691,SCH043,2024-07-01,18,15,Illness
ATT202407001692,STU001692,SCH043,2024-07-01,15,12,Family
ATT202407001693,STU001693,SCH033,2024-07-01,15,12,Family
ATT202407001694,STU001694,SCH003,2024-07-01,15,13,Unauthorised
ATT202407001695,STU001695,SCH017,2024-07-01,16,12,Other
ATT202407001696,STU001696,SCH045,2024-07-01,18,16,Illness
ATT202407001697,STU001697,SCH050,2024-07-01,16,14,Medical
ATT202407001698,STU001698,SCH046,2024-07-01,14,12,Other
ATT202407001699,STU001699,SCH018,2024-07-01,15,13,Unauthorised
ATT202407001700,STU001700,SCH045,2024-07-01,18,16,Family
ATT202407001701,STU001701,SCH027,2024-07-01,14,12,Medical
ATT202407001702,STU001702,SCH046,2024-07-01,18,15,Other
ATT202407001703,STU001703,SCH037,2024-07-01,15,14,Family
ATT202407001704,STU001704,SCH050,2024-07-01,14,12,Unauthorised
ATT202407001705,STU001705,SCH007,2024-07-01,16,14,Family
ATT202407001706,STU001706,SCH046,2024-07-01,15,12,Unauthorised
ATT202407001708,STU001708,SCH040,2024-07-01,18,16,Illness
ATT202407001709,STU001709,SCH001,2024-07-01,15,11,Medical
ATT202407001710,STU001710,SCH045,2024-07-01,17,14,Illness
ATT202407001711,STU001711,SCH006,2024-07-01,17,15,Family
ATT202407001712,STU001712,SCH001,2024-07-01,14,11,Unauthorised
ATT202407001713,STU001713,SCH041,2024-07-01,17,14,Unauthorised
ATT202407001714,STU001714,SCH008,2024-07-01,14,12,Other
ATT202407001715,STU001715,SCH022,2024-07-01,18,14,Illness
ATT202407001716,STU001716,SCH019,2024-07-01,14,12,Family
ATT202407001717,STU001717,SCH012,2024-07-01,15,12,Illness
ATT202407001718,STU001718,SCH027,2024-07-01,16,14,Medical
ATT202407001719,STU001719,SCH029,2024-07-01,18,14,Unauthorised
ATT202407001720,STU001720,SCH004,2024-07-01,16,13,Illness
ATT202407001721,STU001721,SCH013,2024-07-01,16,13,Illness
ATT202407001722,STU001722,SCH013,2024-07-01,18,16,Family
ATT202407001723,STU001723,SCH047,2024-07-01,15,13,Illness
ATT202407001724,STU001724,SCH042,2024-07-01,18,16,Other
ATT202407001725,STU001725,SCH027,2024-07-01,18,15,Illness
ATT202407001726,STU001726,SCH031,2024-07-01,15,13,Other
ATT202407001727,STU001727,SCH007,2024-07-01,14,12,Unauthorised
ATT202407001728,STU001728,SCH039,2024-07-01,17,15,Medical
ATT202407001729,STU001729,SCH028,2024-07-01,17,14,Illness
ATT202407001730,STU001730,SCH020,2024-07-01,15,13,Family
ATT202407001731,STU001731,SCH024,2024-07-01,15,12,Other
ATT202407001732,STU001732,SCH040,2024-07-01,14,12,Other
ATT202407001733,STU001733,SCH018,2024-07-01,17,15,Medical
ATT202407001734,STU001734,SCH034,2024-07-01,14,12,Illness
ATT202407001735,STU001735,SCH043,2024-07-01,14,11,Illness
ATT202407001736,STU001736,SCH029,2024-07-01,14,11,Unauthorised
ATT202407001737,STU001737,SCH046,2024-07-01,14,11,Other
ATT202407001738,STU001738,SCH014,2024-07-01,18,14,Illness
ATT202407001739,STU001739,SCH004,2024-07-01,16,14,Other
ATT202407001740,STU001740,SCH019,2024-07-01,15,12,Other
ATT202407001741,STU001741,SCH047,2024-07-01,14,11,Illness
ATT202407001742,STU001742,SCH037,2024-07-01,18,15,Unauthorised
ATT202407001743,STU001743,SCH014,2024-07-01,14,11,Other
ATT202407001744,STU001744,SCH041,2024-07-01,15,13,Medical
ATT202407001745,STU001745,SCH028,2024-07-01,14,12,Family
ATT202407001746,STU001746,SCH038,2024-07-01,15,12,Illness
ATT202407001747,STU001747,SCH042,2024-07-01,14,11,Illness
ATT202407001748,STU001748,SCH020,2024-07-01,15,13,Other
ATT202407001749,STU001749,SCH034,2024-07-01,15,12,Medical
ATT202407001750,STU001750,SCH021,2024-07-01,18,13,Unauthorised
ATT202407001751,STU001751,SCH039,2024-07-01,14,12,Other
ATT202407001752,STU001752,SCH031,2024-07-01,15,13,Family
ATT202407001753,STU001753,SCH004,2024-07-01,17,14,Other
ATT202407001754,STU001754,SCH021,2024-07-01,18,14,Unauthorised
ATT202407001755,STU001755,SCH015,2024-07-01,14,12,Unauthorised
ATT202407001756,STU001756,SCH018,2024-07-01,15,13,Other
ATT202407001757,STU001757,SCH028,2024-07-01,18,15,Other
ATT202407001758,STU001758,SCH026,2024-07-01,14,12,Medical
ATT202407001759,STU001759,SCH046,2024-07-01,16,14,Other
ATT202407001760,STU001760,SCH005,2024-07-01,15,13,Other
ATT202407001761,STU001761,SCH028,2024-07-01,18,15,Other
ATT202407001762,STU001762,SCH043,2024-07-01,16,13,Illness
ATT202407001763,STU001763,SCH042,2024-07-01,17,14,Medical
ATT202407001764,STU001764,SCH014,2024-07-01,15,12,Illness
ATT202407001765,STU001765,SCH011,2024-07-01,18,14,Family
ATT202407001766,STU001766,SCH028,2024-07-01,14,11,Unauthorised
ATT202407001767,STU001767,SCH047,2024-07-01,18,17,Unauthorised
ATT202407001768,STU001768,SCH011,2024-07-01,16,13,Other
ATT202407001769,STU001769,SCH039,2024-07-01,18,16,Unauthorised
ATT202407001770,STU001770,SCH004,2024-07-01,15,12,Other
ATT202407001771,STU001771,SCH027,2024-07-01,15,12,Unauthorised
ATT202407001772,STU001772,SCH024,2024-07-01,14,12,Illness
ATT202407001773,STU001773,SCH015,2024-07-01,15,13,Family
ATT202407001774,STU001774,SCH020,2024-07-01,17,14,Illness
ATT202407001775,STU001775,SCH024,2024-07-01,14,11,Unauthorised
ATT202407001776,STU001776,SCH037,2024-07-01,16,14,Medical
ATT202407001777,STU001777,SCH011,2024-07-01,18,16,Unauthorised
ATT202407001778,STU001778,SCH028,2024-07-01,14,12,Other
ATT202407001779,STU001779,SCH048,2024-07-01,16,14,Unauthorised
ATT202407001780,STU001780,SCH019,2024-07-01,18,16,Other
ATT202407001781,STU001781,SCH035,2024-07-01,16,13,Unauthorised
ATT202407001782,STU001782,SCH042,2024-07-01,14,12,Illness
ATT202407001783,STU001783,SCH047,2024-07-01,17,14,Medical
ATT202407001784,STU001784,SCH021,2024-07-01,14,10,Other
ATT202407001785,STU001785,SCH010,2024-07-01,18,16,Family
ATT202407001786,STU001786,SCH011,2024-07-01,14,12,Other
ATT202407001787,STU001787,SCH021,2024-07-01,18,14,Illness
ATT202407001788,STU001788,SCH016,2024-07-01,14,12,Family
ATT202407001789,STU001789,SCH001,2024-07-01,17,13,Family
ATT202407001790,STU001790,SCH024,2024-07-01,16,11,Other
ATT202407001791,STU001791,SCH042,2024-07-01,17,14,Illness
ATT202407001792,STU001792,SCH044,2024-07-01,18,15,Family
ATT202407001793,STU001793,SCH014,2024-07-01,15,12,Medical
ATT202407001794,STU001794,SCH014,2024-07-01,15,12,Illness
ATT202407001795,STU001795,SCH042,2024-07-01,17,14,Unauthorised
ATT202407001796,STU001796,SCH001,2024-07-01,14,11,Unauthorised
ATT202407001797,STU001797,SCH024,2024-07-01,16,11,Family
ATT202407001798,STU001798,SCH011,2024-07-01,17,15,Medical
ATT202407001799,STU001799,SCH035,2024-07-01,17,13,Illness
ATT202407001800,STU001800,SCH025,2024-07-01,16,14,Other
ATT202407001801,STU001801,SCH046,2024-07-01,14,12,Unauthorised
ATT202407001802,STU001802,SCH018,2024-07-01,17,15,Unauthorised
ATT202407001803,STU001803,SCH006,2024-07-01,14,12,Illness
ATT202407001804,STU001804,SCH045,2024-07-01,18,15,Unauthorised
ATT202407001805,STU001805,SCH048,2024-07-01,16,14,Illness
ATT202407001806,STU001806,SCH043,2024-07-01,16,14,Medical
ATT202407001807,STU001807,SCH021,2024-07-01,18,14,Illness
ATT202407001808,STU001808,SCH018,2024-07-01,18,15,Other
ATT202407001809,STU001809,SCH037,2024-07-01,17,14,Medical
ATT202407001810,STU001810,SCH020,2024-07-01,17,15,Illness
ATT202407001811,STU001811,SCH029,2024-07-01,17,15,Family
ATT202407001812,STU001812,SCH001,2024-07-01,14,11,Medical
ATT202407001813,STU001813,SCH028,2024-07-01,14,12,Medical
ATT202407001814,STU001814,SCH001,2024-07-01,18,16,Other
ATT202407001815,STU001815,SCH040,2024-07-01,14,12,Unauthorised
ATT202407001816,STU001816,SCH011,2024-07-01,18,14,Illness
ATT202407001817,STU001817,SCH040,2024-07-01,18,15,Other
ATT202407001818,STU001818,SCH044,2024-07-01,17,16,Family
ATT202407001819,STU001819,SCH047,2024-07-01,17,15,Family
ATT202407001820,STU001820,SCH036,2024-07-01,15,13,Illness
ATT202407001821,STU001821,SCH022,2024-07-01,15,13,Illness
ATT202407001822,STU001822,SCH019,2024-07-01,17,16,Medical
ATT202407001823,STU001823,SCH032,2024-07-01,18,15,Unauthorised
ATT202407001824,STU001824,SCH020,2024-07-01,18,16,Other
ATT202407001825,STU001825,SCH033,2024-07-01,14,13,Family
ATT202407001826,STU001826,SCH006,2024-07-01,14,12,Other
ATT202407001827,STU001827,SCH035,2024-07-01,18,15,Family
ATT202407001828,STU001828,SCH047,2024-07-01,18,14,Other
ATT202407001829,STU001829,SCH026,2024-07-01,18,15,Family
ATT202407001830,STU001830,SCH011,2024-07-01,16,14,Other
ATT202407001831,STU001831,SCH014,2024-07-01,17,14,Unauthorised
ATT202407001832,STU001832,SCH012,2024-07-01,18,15,Medical
ATT202407001833,STU001833,SCH022,2024-07-01,18,14,Medical
ATT202407001834,STU001834,SCH018,2024-07-01,15,13,Other
ATT202407001835,STU001835,SCH003,2024-07-01,15,13,Unauthorised
ATT202407001836,STU001836,SCH007,2024-07-01,17,14,Unauthorised
ATT202407001837,STU001837,SCH031,2024-07-01,15,13,Illness
ATT202407001838,STU001838,SCH017,2024-07-01,15,11,Family
ATT202407001839,STU001839,SCH009,2024-07-01,15,12,Other
ATT202407001840,STU001840,SCH036,2024-07-01,18,16,Unauthorised
ATT202407001841,STU001841,SCH038,2024-07-01,18,14,Unauthorised
ATT202407001842,STU001842,SCH041,2024-07-01,18,15,Unauthorised
ATT202407001843,STU001843,SCH003,2024-07-01,17,13,Illness
ATT202407001844,STU001844,SCH008,2024-07-01,18,16,Illness
ATT202407001845,STU001845,SCH007,2024-07-01,14,11,Medical
ATT202407001846,STU001846,SCH043,2024-07-01,17,15,Other
ATT202407001847,STU001847,SCH005,2024-07-01,15,13,Unauthorised
ATT202407001848,STU001848,SCH036,2024-07-01,18,15,Illness
ATT202407001849,STU001849,SCH013,2024-07-01,18,15,Unauthorised
ATT202407001850,STU001850,SCH021,2024-07-01,16,14,Unauthorised
ATT202407001851,STU001851,SCH047,2024-07-01,18,17,Illness
ATT202407001852,STU001852,SCH032,2024-07-01,16,13,Other
ATT202407001853,STU001853,SCH021,2024-07-01,16,12,Illness
ATT202407001854,STU001854,SCH019,2024-07-01,15,12,Family
ATT202407001855,STU001855,SCH019,2024-07-01,17,14,Medical
ATT202407001856,STU001856,SCH025,2024-07-01,16,15,Illness
ATT202407001857,STU001857,SCH026,2024-07-01,18,16,Medical
ATT202407001858,STU001858,SCH007,2024-07-01,15,13,Other
ATT202407001859,STU001859,SCH004,2024-07-01,14,12,Illness
ATT202407001860,STU001860,SCH026,2024-07-01,16,14,Illness
ATT202407001861,STU001861,SCH016,2024-07-01,17,15,Other
ATT202407001862,STU001862,SCH023,2024-07-01,14,11,Other
ATT202407001863,STU001863,SCH042,2024-07-01,14,11,Illness
ATT202407001864,STU001864,SCH032,2024-07-01,14,12,Illness
ATT202407001865,STU001865,SCH009,2024-07-01,17,13,Family
ATT202407001866,STU001866,SCH037,2024-07-01,15,12,Unauthorised
ATT202407001867,STU001867,SCH036,2024-07-01,15,13,Unauthorised
ATT202407001868,STU001868,SCH010,2024-07-01,18,14,Medical
ATT202407001869,STU001869,SCH048,2024-07-01,14,12,Illness
ATT202407001870,STU001870,SCH041,2024-07-01,17,16,Other
ATT202407001871,STU001871,SCH001,2024-07-01,15,10,Illness
ATT202407001872,STU001872,SCH042,2024-07-01,16,12,Family
ATT202407001873,STU001873,SCH032,2024-07-01,18,15,Unauthorised
ATT202407001874,STU001874,SCH035,2024-07-01,16,14,Illness
ATT202407001875,STU001875,SCH038,2024-07-01,16,12,Other
ATT202407001876,STU001876,SCH049,2024-07-01,14,10,Unauthorised
ATT202407001877,STU001877,SCH032,2024-07-01,18,16,Medical
ATT202407001878,STU001878,SCH014,2024-07-01,18,15,Family
ATT202407001879,STU001879,SCH015,2024-07-01,14,11,Medical
ATT202407001880,STU001880,SCH037,2024-07-01,15,13,Other
ATT202407001881,STU001881,SCH012,2024-07-01,16,14,Other
ATT202407001882,STU001882,SCH007,2024-07-01,14,11,Medical
ATT202407001883,STU001883,SCH048,2024-07-01,17,15,Family
ATT202407001884,STU001884,SCH028,2024-07-01,17,14,Illness
ATT202407001885,STU001885,SCH036,2024-07-01,16,13,Family
ATT202407001886,STU001886,SCH038,2024-07-01,16,12,Unauthorised
ATT202407001887,STU001887,SCH038,2024-07-01,15,13,Medical
ATT202407001888,STU001888,SCH024,2024-07-01,14,10,Illness
ATT202407001889,STU001889,SCH046,2024-07-01,14,12,Other
ATT202407001891,STU001891,SCH024,2024-07-01,17,15,Other
ATT202407001892,STU001892,SCH006,2024-07-01,14,12,Illness
ATT202407001893,STU001893,SCH021,2024-07-01,14,12,Medical
ATT202407001894,STU001894,SCH024,2024-07-01,17,15,Illness
ATT202407001895,STU001895,SCH007,2024-07-01,17,14,Illness
ATT202407001896,STU001896,SCH029,2024-07-01,14,12,Medical
ATT202407001897,STU001897,SCH020,2024-07-01,18,16,Other
ATT202407001898,STU001898,SCH043,2024-07-01,17,15,Unauthorised
ATT202407001899,STU001899,SCH033,2024-07-01,15,12,Illness
ATT202407001900,STU001900,SCH044,2024-07-01,17,14,Medical
ATT202407001901,STU001901,SCH046,2024-07-01,18,16,Unauthorised
ATT202407001902,STU001902,SCH003,2024-07-01,16,15,Medical
ATT202407001903,STU001903,SCH049,2024-07-01,18,15,Other
ATT202407001904,STU001904,SCH024,2024-07-01,14,12,Other
ATT202407001905,STU001905,SCH041,2024-07-01,14,13,Unauthorised
ATT202407001906,STU001906,SCH028,2024-07-01,17,15,Other
ATT202407001907,STU001907,SCH028,2024-07-01,16,13,Medical
ATT202407001908,STU001908,SCH029,2024-07-01,18,15,Medical
ATT202407001909,STU001909,SCH034,2024-07-01,14,11,Family
ATT202407001910,STU001910,SCH025,2024-07-01,17,15,Other
ATT202407001911,STU001911,SCH029,2024-07-01,17,15,Family
ATT202407001912,STU001912,SCH023,2024-07-01,14,11,Medical
ATT202407001913,STU001913,SCH003,2024-07-01,15,14,Medical
ATT202407001914,STU001914,SCH020,2024-07-01,16,14,Medical
ATT202407001915,STU001915,SCH025,2024-07-01,14,13,Family
ATT202407001916,STU001916,SCH001,2024-07-01,17,13,Family
ATT202407001917,STU001917,SCH004,2024-07-01,18,16,Unauthorised
ATT202407001918,STU001918,SCH037,2024-07-01,15,13,Family
ATT202407001919,STU001919,SCH022,2024-07-01,16,14,Unauthorised
ATT202407001920,STU001920,SCH023,2024-07-01,18,15,Other
ATT202407001921,STU001921,SCH020,2024-07-01,15,12,Other
ATT202407001922,STU001922,SCH040,2024-07-01,14,12,Other
ATT202407001923,STU001923,SCH005,2024-07-01,16,15,Medical
ATT202407001924,STU001924,SCH003,2024-07-01,15,13,Medical
ATT202407001925,STU001925,SCH029,2024-07-01,14,12,Unauthorised
ATT202407001926,STU001926,SCH012,2024-07-01,18,14,Family
ATT202407001927,STU001927,SCH015,2024-07-01,15,12,Medical
ATT202407001928,STU001928,SCH008,2024-07-01,14,13,Illness
ATT202407001929,STU001929,SCH045,2024-07-01,14,12,Medical
ATT202407001930,STU001930,SCH018,2024-07-01,15,13,Family
ATT202407001931,STU001931,SCH016,2024-07-01,15,13,Family
ATT202407001932,STU001932,SCH002,2024-07-01,17,13,Illness
ATT202407001933,STU001933,SCH050,2024-07-01,18,14,Illness
ATT202407001934,STU001934,SCH027,2024-07-01,17,14,Medical
ATT202407001935,STU001935,SCH038,2024-07-01,15,13,Other
ATT202407001936,STU001936,SCH043,2024-07-01,18,15,Medical
ATT202407001937,STU001937,SCH028,2024-07-01,14,11,Unauthorised
ATT202407001938,STU001938,SCH023,2024-07-01,17,14,Other
ATT202407001939,STU001939,SCH011,2024-07-01,14,11,Medical
ATT202407001940,STU001940,SCH045,2024-07-01,18,15,Unauthorised
ATT202407001941,STU001941,SCH041,2024-07-01,14,12,Family
ATT202407001942,STU001942,SCH043,2024-07-01,17,13,Unauthorised
ATT202407001943,STU001943,SCH042,2024-07-01,17,14,Unauthorised
ATT202407001944,STU001944,SCH041,2024-07-01,18,17,Unauthorised
ATT202407001945,STU001945,SCH002,2024-07-01,15,11,Family
ATT202407001946,STU001946,SCH013,2024-07-01,15,14,Other
ATT202407001947,STU001947,SCH005,2024-07-01,15,13,Medical
ATT202407001948,STU001948,SCH045,2024-07-01,14,12,Other
ATT202407001949,STU001949,SCH032,2024-07-01,17,14,Family
ATT202407001950,STU001950,SCH012,2024-07-01,17,15,Other
ATT202407001951,STU001951,SCH006,2024-07-01,18,15,Illness
ATT202407001952,STU001952,SCH017,2024-07-01,18,14,Unauthorised
ATT202407001953,STU001953,SCH013,2024-07-01,14,12,Family
ATT202407001954,STU001954,SCH019,2024-07-01,15,13,Family
ATT202407001955,STU001955,SCH033,2024-07-01,14,12,Medical
ATT202407001956,STU001956,SCH003,2024-07-01,18,16,Unauthorised
ATT202407001957,STU001957,SCH041,2024-07-01,18,16,Family
ATT202407001958,STU001958,SCH012,2024-07-01,17,15,Unauthorised
ATT202407001959,STU001959,SCH031,2024-07-01,14,12,Medical
ATT202407001960,STU001960,SCH030,2024-07-01,15,13,Other
ATT202407001961,STU001961,SCH039,2024-07-01,18,14,Unauthorised
ATT202407001962,STU001962,SCH021,2024-07-01,14,11,Family
ATT202407001963,STU001963,SCH038,2024-07-01,16,14,Other
ATT202407001964,STU001964,SCH044,2024-07-01,16,13,Unauthorised
ATT202407001965,STU001965,SCH020,2024-07-01,15,13,Unauthorised
ATT202407001966,STU001966,SCH003,2024-07-01,16,14,Unauthorised
ATT202407001967,STU001967,SCH033,2024-07-01,18,15,Unauthorised
ATT202407001968,STU001968,SCH020,2024-07-01,15,13,Other
ATT202407001969,STU001969,SCH018,2024-07-01,16,14,Medical
ATT202407001970,STU001970,SCH031,2024-07-01,17,15,Unauthorised
ATT202407001971,STU001971,SCH009,2024-07-01,17,14,Illness
ATT202407001972,STU001972,SCH020,2024-07-01,17,15,Family
ATT202407001973,STU001973,SCH004,2024-07-01,14,12,Unauthorised
ATT202407001974,STU001974,SCH022,2024-07-01,18,14,Unauthorised
ATT202407001975,STU001975,SCH041,2024-07-01,18,16,Medical
ATT202407001976,STU001976,SCH009,2024-07-01,15,13,Unauthorised
ATT202407001977,STU001977,SCH036,2024-07-01,15,14,Illness
ATT202407001978,STU001978,SCH007,2024-07-01,15,13,Other
ATT202407001979,STU001979,SCH016,2024-07-01,18,16,Medical
ATT202407001980,STU001980,SCH046,2024-07-01,15,11,Other
ATT202407001981,STU001981,SCH041,2024-07-01,15,13,Medical
ATT202407001982,STU001982,SCH047,2024-07-01,15,13,Illness
ATT202407001983,STU001983,SCH002,2024-07-01,18,17,Other
ATT202407001984,STU001984,SCH004,2024-07-01,18,16,Illness
ATT202407001985,STU001985,SCH037,2024-07-01,14,12,Other
ATT202407001986,STU001986,SCH050,2024-07-01,18,15,Other
ATT202407001987,STU001987,SCH047,2024-07-01,14,13,Medical
ATT202407001988,STU001988,SCH005,2024-07-01,16,13,Illness
ATT202407001989,STU001989,SCH014,2024-07-01,18,15,Medical
ATT202407001990,STU001990,SCH015,2024-07-01,14,12,Medical
ATT202407001991,STU001991,SCH001,2024-07-01,16,14,Illness
ATT202407001992,STU001992,SCH041,2024-07-01,18,16,Illness
ATT202407001993,STU001993,SCH045,2024-07-01,17,14,Other
ATT202407001994,STU001994,SCH004,2024-07-01,14,12,Family
ATT202407001995,STU001995,SCH028,2024-07-01,15,13,Family
ATT202407001996,STU001996,SCH040,2024-07-01,15,12,Family
ATT202407001997,STU001997,SCH045,2024-07-01,16,12,Illness
ATT202407001998,STU001998,SCH041,2024-07-01,15,13,Unauthorised
ATT202407001999,STU001999,SCH025,2024-07-01,17,15,Unauthorised
ATT202407002000,STU002000,SCH048,2024-07-01,17,14,Family
ATT202407002001,STU002001,SCH022,2024-07-01,18,13,Illness
ATT202407002002,STU002002,SCH046,2024-07-01,18,16,Medical
ATT202407002003,STU002003,SCH014,2024-07-01,17,15,Other
ATT202407002004,STU002004,SCH043,2024-07-01,17,14,Unauthorised
ATT202407002005,STU002005,SCH028,2024-07-01,15,13,Family
ATT202407002006,STU002006,SCH004,2024-07-01,14,12,Illness
ATT202407002007,STU002007,SCH031,2024-07-01,17,14,Other
ATT202407002008,STU002008,SCH009,2024-07-01,15,13,Family
ATT202407002009,STU002009,SCH028,2024-07-01,16,13,Illness
ATT202407002010,STU002010,SCH002,2024-07-01,15,12,Illness
ATT202407002011,STU002011,SCH011,2024-07-01,14,12,Unauthorised
ATT202407002012,STU002012,SCH035,2024-07-01,16,13,Family
ATT202407002013,STU002013,SCH050,2024-07-01,14,12,Illness
ATT202407002014,STU002014,SCH050,2024-07-01,17,14,Medical
ATT202407002015,STU002015,SCH013,2024-07-01,17,14,Other
ATT202407002016,STU002016,SCH037,2024-07-01,15,14,Illness
ATT202407002017,STU002017,SCH023,2024-07-01,15,13,Unauthorised
ATT202407002018,STU002018,SCH035,2024-07-01,14,10,Family
ATT202407002019,STU002019,SCH029,2024-07-01,16,15,Unauthorised
ATT202407002021,STU002021,SCH034,2024-07-01,15,12,Other
ATT202407002022,STU002022,SCH006,2024-07-01,16,14,Family
ATT202407002023,STU002023,SCH043,2024-07-01,14,12,Other
ATT202407002024,STU002024,SCH021,2024-07-01,15,12,Other
ATT202407002025,STU002025,SCH039,2024-07-01,14,13,Family
ATT202407002026,STU002026,SCH012,2024-07-01,17,15,Family
ATT202407002027,STU002027,SCH035,2024-07-01,15,12,Other
ATT202407002028,STU002028,SCH044,2024-07-01,16,13,Family
ATT202407002029,STU002029,SCH005,2024-07-01,17,14,Unauthorised
ATT202407002030,STU002030,SCH031,2024-07-01,18,16,Illness
ATT202407002031,STU002031,SCH009,2024-07-01,14,12,Illness
ATT202407002032,STU002032,SCH049,2024-07-01,14,11,Unauthorised
ATT202407002033,STU002033,SCH049,2024-07-01,16,14,Medical
ATT202407002034,STU002034,SCH050,2024-07-01,18,15,Illness
ATT202407002035,STU002035,SCH026,2024-07-01,14,11,Other
ATT202407002036,STU002036,SCH037,2024-07-01,18,15,Unauthorised
ATT202407002037,STU002037,SCH028,2024-07-01,18,15,Illness
ATT202407002038,STU002038,SCH042,2024-07-01,15,12,Unauthorised
ATT202407002039,STU002039,SCH002,2024-07-01,15,12,Medical
ATT202407002040,STU002040,SCH031,2024-07-01,18,16,Family
ATT202407002041,STU002041,SCH017,2024-07-01,16,12,Other
ATT202407002042,STU002042,SCH024,2024-07-01,18,14,Illness
ATT202407002043,STU002043,SCH011,2024-07-01,18,16,Medical
ATT202407002044,STU002044,SCH046,2024-07-01,14,12,Family
ATT202407002045,STU002045,SCH047,2024-07-01,16,13,Unauthorised
ATT202407002046,STU002046,SCH016,2024-07-01,15,14,Unauthorised
ATT202407002047,STU002047,SCH042,2024-07-01,18,15,Other
ATT202407002048,STU002048,SCH050,2024-07-01,15,12,Family
ATT202407002049,STU002049,SCH008,2024-07-01,14,12,Family
ATT202407002050,STU002050,SCH033,2024-07-01,17,15,Family
ATT202407002051,STU002051,SCH021,2024-07-01,14,12,Unauthorised
ATT202407002052,STU002052,SCH022,2024-07-01,16,13,Illness
ATT202407002053,STU002053,SCH050,2024-07-01,14,12,Other
ATT202407002054,STU002054,SCH007,2024-07-01,18,15,Other
ATT202407002055,STU002055,SCH042,2024-07-01,17,13,Unauthorised
ATT202407002056,STU002056,SCH047,2024-07-01,17,13,Unauthorised
ATT202407002057,STU002057,SCH033,2024-07-01,18,16,Unauthorised
ATT202407002058,STU002058,SCH035,2024-07-01,14,11,Medical
ATT202407002059,STU002059,SCH005,2024-07-01,17,15,Medical
ATT202407002060,STU002060,SCH003,2024-07-01,16,13,Family
ATT202407002061,STU002061,SCH030,2024-07-01,14,11,Illness
ATT202407002062,STU002062,SCH039,2024-07-01,18,16,Medical
ATT202407002063,STU002063,SCH043,2024-07-01,17,14,Medical
ATT202407002064,STU002064,SCH014,2024-07-01,17,14,Other
ATT202407002065,STU002065,SCH007,2024-07-01,18,16,Illness
ATT202407002066,STU002066,SCH016,2024-07-01,17,15,Illness
ATT202407002067,STU002067,SCH043,2024-07-01,18,15,Other
ATT202407002068,STU002068,SCH030,2024-07-01,15,13,Illness
ATT202407002069,STU002069,SCH023,2024-07-01,16,14,Other
ATT202407002070,STU002070,SCH028,2024-07-01,17,15,Illness
ATT202407002071,STU002071,SCH009,2024-07-01,17,14,Illness
ATT202407002072,STU002072,SCH037,2024-07-01,16,13,Unauthorised
ATT202407002073,STU002073,SCH015,2024-07-01,16,14,Medical
ATT202407002074,STU002074,SCH021,2024-07-01,15,12,Medical
ATT202407002075,STU002075,SCH035,2024-07-01,17,14,Medical
ATT202407002076,STU002076,SCH014,2024-07-01,15,13,Unauthorised
ATT202407002077,STU002077,SCH011,2024-07-01,16,13,Illness
ATT202407002078,STU002078,SCH022,2024-07-01,16,12,Unauthorised
ATT202407002079,STU002079,SCH028,2024-07-01,14,11,Medical
ATT202407002080,STU002080,SCH049,2024-07-01,17,13,Other
ATT202407002081,STU002081,SCH017,2024-07-01,17,14,Other
ATT202407002082,STU002082,SCH009,2024-07-01,18,15,Unauthorised
ATT202407002083,STU002083,SCH004,2024-07-01,14,12,Medical
ATT202407002084,STU002084,SCH011,2024-07-01,15,14,Family
ATT202407002085,STU002085,SCH005,2024-07-01,15,12,Illness
ATT202407002086,STU002086,SCH016,2024-07-01,16,15,Medical
ATT202407002087,STU002087,SCH045,2024-07-01,18,16,Other
ATT202407002088,STU002088,SCH047,2024-07-01,15,12,Unauthorised
ATT202407002089,STU002089,SCH017,2024-07-01,17,12,Other
ATT202407002090,STU002090,SCH007,2024-07-01,18,16,Illness
ATT202407002091,STU002091,SCH004,2024-07-01,15,13,Illness
ATT202407002092,STU002092,SCH045,2024-07-01,16,13,Unauthorised
ATT202407002093,STU002093,SCH011,2024-07-01,18,15,Family
ATT202407002094,STU002094,SCH049,2024-07-01,16,13,Medical
ATT202407002095,STU002095,SCH006,2024-07-01,17,14,Unauthorised
ATT202407002096,STU002096,SCH048,2024-07-01,16,15,Medical
ATT202407002097,STU002097,SCH016,2024-07-01,14,11,Illness
ATT202407002098,STU002098,SCH019,2024-07-01,14,13,Medical
ATT202407002099,STU002099,SCH037,2024-07-01,17,15,Medical
ATT202407002100,STU002100,SCH019,2024-07-01,16,13,Medical
ATT202407002101,STU002101,SCH046,2024-07-01,17,15,Medical
ATT202407002102,STU002102,SCH020,2024-07-01,15,12,Illness
ATT202407002103,STU002103,SCH025,2024-07-01,14,13,Medical
ATT202407002104,STU002104,SCH040,2024-07-01,15,12,Illness
ATT202407002105,STU002105,SCH044,2024-07-01,18,15,Other
ATT202407002106,STU002106,SCH040,2024-07-01,15,13,Illness
ATT202407002107,STU002107,SCH035,2024-07-01,15,12,Medical
ATT202407002108,STU002108,SCH038,2024-07-01,16,15,Illness
ATT202407002109,STU002109,SCH009,2024-07-01,14,12,Medical
ATT202407002110,STU002110,SCH033,2024-07-01,16,13,Medical
ATT202407002111,STU002111,SCH026,2024-07-01,18,15,Family
ATT202407002112,STU002112,SCH037,2024-07-01,18,15,Medical
ATT202407002113,STU002113,SCH044,2024-07-01,15,12,Illness
ATT202407002114,STU002114,SCH009,2024-07-01,18,15,Family
ATT202407002115,STU002115,SCH007,2024-07-01,16,13,Illness
ATT202407002116,STU002116,SCH050,2024-07-01,17,14,Family
ATT202407002117,STU002117,SCH006,2024-07-01,17,16,Medical
ATT202407002118,STU002118,SCH029,2024-07-01,17,15,Medical
ATT202407002119,STU002119,SCH002,2024-07-01,14,11,Illness
ATT202407002120,STU002120,SCH029,2024-07-01,15,13,Family
ATT202407002121,STU002121,SCH033,2024-07-01,14,12,Unauthorised
ATT202407002122,STU002122,SCH008,2024-07-01,16,14,Medical
ATT202407002123,STU002123,SCH026,2024-07-01,16,14,Medical
ATT202407002124,STU002124,SCH022,2024-07-01,14,12,Other
ATT202407002125,STU002125,SCH029,2024-07-01,15,13,Family
ATT202407002126,STU002126,SCH046,2024-07-01,16,14,Illness
ATT202407002127,STU002127,SCH026,2024-07-01,18,15,Family
ATT202407002128,STU002128,SCH007,2024-07-01,17,15,Medical
ATT202407002129,STU002129,SCH012,2024-07-01,15,12,Medical
ATT202407002130,STU002130,SCH037,2024-07-01,15,13,Unauthorised
ATT202407002131,STU002131,SCH050,2024-07-01,17,13,Family
ATT202407002132,STU002132,SCH008,2024-07-01,14,13,Illness
ATT202407002133,STU002133,SCH021,2024-07-01,18,14,Family
ATT202407002134,STU002134,SCH040,2024-07-01,17,14,Family
ATT202407002135,STU002135,SCH023,2024-07-01,15,13,Medical
ATT202407002136,STU002136,SCH011,2024-07-01,18,15,Unauthorised
ATT202407002137,STU002137,SCH009,2024-07-01,15,12,Family
ATT202407002138,STU002138,SCH044,2024-07-01,14,11,Other
ATT202407002139,STU002139,SCH047,2024-07-01,14,13,Illness
ATT202407002140,STU002140,SCH014,2024-07-01,18,15,Medical
ATT202407002141,STU002141,SCH004,2024-07-01,14,13,Medical
ATT202407002142,STU002142,SCH004,2024-07-01,14,12,Family
ATT202407002143,STU002143,SCH005,2024-07-01,18,15,Unauthorised
ATT202407002144,STU002144,SCH035,2024-07-01,15,11,Illness
ATT202407002145,STU002145,SCH042,2024-07-01,14,12,Family
ATT202407002146,STU002146,SCH003,2024-07-01,16,13,Other
ATT202407002147,STU002147,SCH012,2024-07-01,18,15,Family
ATT202407002148,STU002148,SCH039,2024-07-01,15,13,Unauthorised
ATT202407002149,STU002149,SCH041,2024-07-01,18,16,Family
ATT202407002150,STU002150,SCH006,2024-07-01,18,16,Illness
ATT202407002151,STU002151,SCH015,2024-07-01,18,16,Medical
ATT202407002152,STU002152,SCH046,2024-07-01,18,14,Family
ATT202407002153,STU002153,SCH017,2024-07-01,16,15,Unauthorised
ATT202407002154,STU002154,SCH038,2024-07-01,18,17,Illness
ATT202407002155,STU002155,SCH050,2024-07-01,15,14,Illness
ATT202407002156,STU002156,SCH032,2024-07-01,14,12,Other
ATT202407002157,STU002157,SCH040,2024-07-01,14,12,Other
ATT202407002158,STU002158,SCH043,2024-07-01,15,12,Illness
ATT202407002159,STU002159,SCH008,2024-07-01,14,13,Unauthorised
ATT202407002160,STU002160,SCH044,2024-07-01,14,12,Medical
ATT202407002161,STU002161,SCH022,2024-07-01,14,11,Medical
ATT202407002162,STU002162,SCH041,2024-07-01,18,16,Family
ATT202407002163,STU002163,SCH009,2024-07-01,16,14,Medical
ATT202407002164,STU002164,SCH048,2024-07-01,18,15,Family
ATT202407002165,STU002165,SCH008,2024-07-01,16,14,Medical
ATT202407002166,STU002166,SCH022,2024-07-01,17,13,Illness
ATT202407002167,STU002167,SCH018,2024-07-01,17,14,Unauthorised
ATT202407002168,STU002168,SCH034,2024-07-01,14,11,Family
ATT202407002170,STU002170,SCH007,2024-07-01,18,14,Medical
ATT202407002171,STU002171,SCH043,2024-07-01,15,13,Medical
ATT202407002172,STU002172,SCH002,2024-07-01,18,15,Illness
ATT202407002173,STU002173,SCH039,2024-07-01,17,14,Family
ATT202407002174,STU002174,SCH013,2024-07-01,16,14,Illness
ATT202407002175,STU002175,SCH009,2024-07-01,14,12,Medical
ATT202407002176,STU002176,SCH004,2024-07-01,17,15,Family
ATT202407002177,STU002177,SCH017,2024-07-01,15,12,Other
ATT202407002178,STU002178,SCH045,2024-07-01,18,15,Unauthorised
ATT202407002179,STU002179,SCH006,2024-07-01,18,15,Illness
ATT202407002180,STU002180,SCH030,2024-07-01,17,14,Unauthorised
ATT202407002181,STU002181,SCH046,2024-07-01,18,15,Illness
ATT202407002182,STU002182,SCH041,2024-07-01,16,14,Medical
ATT202407002183,STU002183,SCH020,2024-07-01,14,12,Medical
ATT202407002184,STU002184,SCH050,2024-07-01,14,12,Other
ATT202407002185,STU002185,SCH047,2024-07-01,14,11,Family
ATT202407002186,STU002186,SCH005,2024-07-01,15,13,Family
ATT202407002187,STU002187,SCH033,2024-07-01,16,14,Medical
ATT202407002188,STU002188,SCH006,2024-07-01,14,11,Medical
ATT202407002189,STU002189,SCH042,2024-07-01,17,12,Family
ATT202407002190,STU002190,SCH047,2024-07-01,17,14,Unauthorised
ATT202407002191,STU002191,SCH034,2024-07-01,14,10,Illness
ATT202407002192,STU002192,SCH046,2024-07-01,14,12,Other
ATT202407002193,STU002193,SCH007,2024-07-01,18,16,Medical
ATT202407002194,STU002194,SCH039,2024-07-01,17,14,Other
ATT202407002195,STU002195,SCH009,2024-07-01,18,16,Unauthorised
ATT202407002196,STU002196,SCH043,2024-07-01,15,12,Illness
ATT202407002197,STU002197,SCH046,2024-07-01,18,15,Medical
ATT202407002198,STU002198,SCH045,2024-07-01,14,12,Family
ATT202407002199,STU002199,SCH037,2024-07-01,14,12,Unauthorised
ATT202407002200,STU002200,SCH015,2024-07-01,14,11,Medical
ATT202407002201,STU002201,SCH023,2024-07-01,14,13,Family
ATT202407002202,STU002202,SCH015,2024-07-01,14,12,Illness
ATT202407002203,STU002203,SCH006,2024-07-01,16,14,Illness
ATT202407002204,STU002204,SCH005,2024-07-01,18,16,Unauthorised
ATT202407002205,STU002205,SCH035,2024-07-01,16,13,Illness
ATT202407002206,STU002206,SCH036,2024-07-01,17,15,Medical
ATT202407002207,STU002207,SCH026,2024-07-01,15,13,Unauthorised
ATT202407002208,STU002208,SCH008,2024-07-01,16,14,Other
ATT202407002209,STU002209,SCH037,2024-07-01,17,14,Other
ATT202407002210,STU002210,SCH003,2024-07-01,14,12,Medical
ATT202407002211,STU002211,SCH034,2024-07-01,17,13,Illness
ATT202407002212,STU002212,SCH032,2024-07-01,17,14,Unauthorised
ATT202407002213,STU002213,SCH005,2024-07-01,14,11,Other
ATT202407002214,STU002214,SCH044,2024-07-01,16,13,Illness
ATT202407002215,STU002215,SCH043,2024-07-01,15,12,Illness
ATT202407002216,STU002216,SCH050,2024-07-01,17,15,Unauthorised
ATT202407002217,STU002217,SCH023,2024-07-01,17,13,Family
ATT202407002218,STU002218,SCH009,2024-07-01,16,14,Illness
ATT202407002219,STU002219,SCH011,2024-07-01,15,13,Medical
ATT202407002221,STU002221,SCH005,2024-07-01,16,14,Illness
ATT202407002222,STU002222,SCH037,2024-07-01,17,14,Family
ATT202407002223,STU002223,SCH043,2024-07-01,15,13,Medical
ATT202407002224,STU002224,SCH006,2024-07-01,15,13,Unauthorised
ATT202407002225,STU002225,SCH017,2024-07-01,17,13,Family
ATT202407002226,STU002226,SCH046,2024-07-01,16,13,Unauthorised
ATT202407002227,STU002227,SCH008,2024-07-01,14,12,Family
ATT202407002228,STU002228,SCH042,2024-07-01,16,12,Unauthorised
ATT202407002229,STU002229,SCH047,2024-07-01,15,13,Illness
ATT202407002230,STU002230,SCH046,2024-07-01,14,12,Unauthorised
ATT202407002231,STU002231,SCH022,2024-07-01,18,14,Unauthorised
ATT202407002232,STU002232,SCH024,2024-07-01,14,11,Illness
ATT202407002233,STU002233,SCH023,2024-07-01,15,13,Unauthorised
ATT202407002234,STU002234,SCH023,2024-07-01,17,14,Medical
ATT202407002235,STU002235,SCH037,2024-07-01,14,12,Other
ATT202407002236,STU002236,SCH042,2024-07-01,15,11,Unauthorised
ATT202407002237,STU002237,SCH012,2024-07-01,15,12,Family
ATT202407002238,STU002238,SCH034,2024-07-01,17,14,Other
ATT202407002239,STU002239,SCH003,2024-07-01,15,12,Unauthorised
ATT202407002240,STU002240,SCH035,2024-07-01,17,14,Other
ATT202407002241,STU002241,SCH045,2024-07-01,15,12,Other
ATT202407002242,STU002242,SCH010,2024-07-01,15,13,Unauthorised
ATT202407002243,STU002243,SCH031,2024-07-01,18,14,Illness
ATT202407002244,STU002244,SCH016,2024-07-01,18,15,Illness
ATT202407002245,STU002245,SCH047,2024-07-01,18,16,Medical
ATT202407002246,STU002246,SCH002,2024-07-01,17,13,Medical
ATT202407002247,STU002247,SCH031,2024-07-01,15,12,Family
ATT202407002248,STU002248,SCH048,2024-07-01,18,17,Medical
ATT202407002249,STU002249,SCH012,2024-07-01,14,11,Unauthorised
ATT202407002250,STU002250,SCH036,2024-07-01,16,14,Illness
ATT202407002251,STU002251,SCH038,2024-07-01,15,13,Family
ATT202407002252,STU002252,SCH001,2024-07-01,17,13,Other
ATT202407002253,STU002253,SCH048,2024-07-01,14,12,Medical
ATT202407002254,STU002254,SCH003,2024-07-01,17,15,Medical
ATT202407002255,STU002255,SCH017,2024-07-01,14,11,Family
ATT202407002256,STU002256,SCH017,2024-07-01,18,13,Illness
ATT202407002257,STU002257,SCH049,2024-07-01,15,12,Unauthorised
ATT202407002258,STU002258,SCH050,2024-07-01,17,15,Other
ATT202407002259,STU002259,SCH002,2024-07-01,14,10,Medical
ATT202407002260,STU002260,SCH017,2024-07-01,18,14,Other
ATT202407002261,STU002261,SCH037,2024-07-01,18,17,Medical
ATT202407002262,STU002262,SCH042,2024-07-01,17,15,Other
ATT202407002263,STU002263,SCH005,2024-07-01,15,13,Illness
ATT202407002264,STU002264,SCH023,2024-07-01,14,12,Illness
ATT202407002265,STU002265,SCH026,2024-07-01,14,12,Other
ATT202407002266,STU002266,SCH042,2024-07-01,16,12,Other
ATT202407002267,STU002267,SCH034,2024-07-01,17,14,Medical
ATT202407002268,STU002268,SCH032,2024-07-01,17,14,Illness
ATT202407002269,STU002269,SCH045,2024-07-01,18,15,Unauthorised
ATT202407002270,STU002270,SCH011,2024-07-01,16,14,Other
ATT202407002271,STU002271,SCH018,2024-07-01,14,13,Unauthorised
ATT202407002272,STU002272,SCH028,2024-07-01,18,15,Medical
ATT202407002273,STU002273,SCH024,2024-07-01,15,12,Other
ATT202407002274,STU002274,SCH007,2024-07-01,14,12,Family
ATT202407002275,STU002275,SCH012,2024-07-01,15,12,Family
ATT202407002276,STU002276,SCH037,2024-07-01,15,13,Other
ATT202407002277,STU002277,SCH020,2024-07-01,16,14,Family
ATT202407002278,STU002278,SCH003,2024-07-01,18,16,Unauthorised
ATT202407002279,STU002279,SCH020,2024-07-01,16,14,Family
ATT202407002280,STU002280,SCH033,2024-07-01,14,11,Unauthorised
ATT202407002281,STU002281,SCH043,2024-07-01,17,14,Other
ATT202407002282,STU002282,SCH018,2024-07-01,16,15,Unauthorised
ATT202407002283,STU002283,SCH048,2024-07-01,16,14,Family
ATT202407002284,STU002284,SCH008,2024-07-01,16,15,Medical
ATT202407002285,STU002285,SCH013,2024-07-01,14,11,Family
ATT202407002286,STU002286,SCH050,2024-07-01,15,11,Unauthorised
ATT202407002287,STU002287,SCH018,2024-07-01,16,13,Other
ATT202407002288,STU002288,SCH029,2024-07-01,15,12,Illness
ATT202407002289,STU002289,SCH012,2024-07-01,18,15,Medical
ATT202407002290,STU002290,SCH020,2024-07-01,18,15,Medical
ATT202407002291,STU002291,SCH040,2024-07-01,14,13,Unauthorised
ATT202407002292,STU002292,SCH002,2024-07-01,15,11,Other
ATT202407002293,STU002293,SCH033,2024-07-01,17,15,Unauthorised
ATT202407002294,STU002294,SCH009,2024-07-01,17,15,Medical
ATT202407002295,STU002295,SCH049,2024-07-01,16,14,Family
ATT202407002296,STU002296,SCH007,2024-07-01,16,14,Other
ATT202407002297,STU002297,SCH013,2024-07-01,15,13,Other
ATT202407002298,STU002298,SCH009,2024-07-01,14,12,Family
ATT202407002299,STU002299,SCH007,2024-07-01,18,15,Unauthorised
ATT202407002300,STU002300,SCH022,2024-07-01,14,12,Medical
ATT202407002301,STU002301,SCH027,2024-07-01,15,13,Other
ATT202407002302,STU002302,SCH025,2024-07-01,16,15,Illness
ATT202407002303,STU002303,SCH043,2024-07-01,16,13,Illness
ATT202407002304,STU002304,SCH007,2024-07-01,17,13,Illness
ATT202407002305,STU002305,SCH010,2024-07-01,14,11,Family
ATT202407002306,STU002306,SCH040,2024-07-01,15,13,Illness
ATT202407002307,STU002307,SCH001,2024-07-01,16,14,Medical
ATT202407002308,STU002308,SCH050,2024-07-01,14,11,Unauthorised
ATT202407002309,STU002309,SCH009,2024-07-01,15,12,Family
ATT202407002310,STU002310,SCH032,2024-07-01,14,13,Other
ATT202407002311,STU002311,SCH010,2024-07-01,18,15,Unauthorised
ATT202407002312,STU002312,SCH032,2024-07-01,14,12,Illness
ATT202407002313,STU002313,SCH005,2024-07-01,18,16,Unauthorised
ATT202407002314,STU002314,SCH014,2024-07-01,16,13,Unauthorised
ATT202407002315,STU002315,SCH026,2024-07-01,14,11,Other
ATT202407002316,STU002316,SCH048,2024-07-01,18,15,Illness
ATT202407002317,STU002317,SCH016,2024-07-01,16,14,Illness
ATT202407002318,STU002318,SCH016,2024-07-01,16,14,Other
ATT202407002319,STU002319,SCH038,2024-07-01,17,15,Unauthorised
ATT202407002320,STU002320,SCH045,2024-07-01,14,11,Unauthorised
ATT202407002321,STU002321,SCH030,2024-07-01,18,16,Unauthorised
ATT202407002322,STU002322,SCH040,2024-07-01,16,14,Family
ATT202407002323,STU002323,SCH040,2024-07-01,18,16,Medical
ATT202407002324,STU002324,SCH001,2024-07-01,15,12,Family
ATT202407002325,STU002325,SCH002,2024-07-01,14,13,Medical
ATT202407002326,STU002326,SCH050,2024-07-01,14,12,Family
ATT202407002327,STU002327,SCH008,2024-07-01,18,15,Family
ATT202407002328,STU002328,SCH017,2024-07-01,14,11,Other
ATT202407002329,STU002329,SCH041,2024-07-01,18,18,
ATT202407002330,STU002330,SCH022,2024-07-01,16,13,Medical
ATT202407002331,STU002331,SCH006,2024-07-01,18,15,Medical
ATT202407002332,STU002332,SCH014,2024-07-01,16,13,Unauthorised
ATT202407002333,STU002333,SCH047,2024-07-01,16,14,Unauthorised
ATT202407002334,STU002334,SCH017,2024-07-01,17,11,Medical
ATT202407002335,STU002335,SCH049,2024-07-01,14,11,Family
ATT202407002336,STU002336,SCH045,2024-07-01,15,12,Other
ATT202407002337,STU002337,SCH044,2024-07-01,18,15,Other
ATT202407002338,STU002338,SCH034,2024-07-01,14,10,Unauthorised
ATT202407002339,STU002339,SCH031,2024-07-01,15,13,Family
ATT202407002340,STU002340,SCH050,2024-07-01,15,12,Other
ATT202407002341,STU002341,SCH030,2024-07-01,15,12,Medical
ATT202407002342,STU002342,SCH015,2024-07-01,18,16,Medical
ATT202407002343,STU002343,SCH019,2024-07-01,17,15,Medical
ATT202407002344,STU002344,SCH023,2024-07-01,15,13,Medical
ATT202407002345,STU002345,SCH004,2024-07-01,17,14,Medical
ATT202407002346,STU002346,SCH020,2024-07-01,15,13,Unauthorised
ATT202407002347,STU002347,SCH010,2024-07-01,14,10,Unauthorised
ATT202407002348,STU002348,SCH010,2024-07-01,15,13,Medical
ATT202407002349,STU002349,SCH047,2024-07-01,15,13,Illness
ATT202407002350,STU002350,SCH008,2024-07-01,18,15,Illness
ATT202407002351,STU002351,SCH050,2024-07-01,17,15,Illness
ATT202407002352,STU002352,SCH030,2024-07-01,16,14,Family
ATT202407002353,STU002353,SCH025,2024-07-01,14,12,Medical
ATT202407002354,STU002354,SCH015,2024-07-01,14,12,Illness
ATT202407002355,STU002355,SCH019,2024-07-01,15,13,Medical
ATT202407002356,STU002356,SCH030,2024-07-01,18,16,Medical
ATT202407002357,STU002357,SCH023,2024-07-01,15,12,Medical
ATT202407002358,STU002358,SCH025,2024-07-01,18,16,Other
ATT202407002359,STU002359,SCH009,2024-07-01,18,16,Other
ATT202407002360,STU002360,SCH023,2024-07-01,15,12,Other
ATT202407002361,STU002361,SCH011,2024-07-01,14,12,Illness
ATT202407002362,STU002362,SCH020,2024-07-01,15,13,Medical
ATT202407002363,STU002363,SCH041,2024-07-01,14,13,Unauthorised
ATT202407002364,STU002364,SCH048,2024-07-01,18,15,Other
ATT202407002365,STU002365,SCH022,2024-07-01,15,12,Other
ATT202407002366,STU002366,SCH025,2024-07-01,16,13,Other
ATT202407002367,STU002367,SCH006,2024-07-01,17,15,Illness
ATT202407002368,STU002368,SCH005,2024-07-01,15,12,Family
ATT202407002369,STU002369,SCH014,2024-07-01,15,13,Medical
ATT202407002370,STU002370,SCH027,2024-07-01,18,15,Family
ATT202407002371,STU002371,SCH007,2024-07-01,15,12,Family
ATT202407002372,STU002372,SCH046,2024-07-01,17,14,Other
ATT202407002373,STU002373,SCH028,2024-07-01,15,13,Medical
ATT202407002374,STU002374,SCH041,2024-07-01,14,12,Other
ATT202407002375,STU002375,SCH041,2024-07-01,17,13,Family
ATT202407002376,STU002376,SCH038,2024-07-01,14,12,Illness
ATT202407002377,STU002377,SCH031,2024-07-01,14,11,Medical
ATT202407002378,STU002378,SCH020,2024-07-01,14,13,Illness
ATT202407002379,STU002379,SCH031,2024-07-01,18,16,Medical
ATT202407002380,STU002380,SCH001,2024-07-01,17,13,Family
ATT202407002381,STU002381,SCH042,2024-07-01,15,11,Illness
ATT202407002382,STU002382,SCH025,2024-07-01,17,15,Other
ATT202407002383,STU002383,SCH042,2024-07-01,18,13,Family
ATT202407002384,STU002384,SCH020,2024-07-01,16,14,Other
ATT202407002385,STU002385,SCH020,2024-07-01,15,13,Family
ATT202407002386,STU002386,SCH002,2024-07-01,17,15,Family
ATT202407002387,STU002387,SCH013,2024-07-01,18,15,Other
ATT202407002388,STU002388,SCH002,2024-07-01,16,12,Other
ATT202407002389,STU002389,SCH023,2024-07-01,18,15,Illness
ATT202407002390,STU002390,SCH025,2024-07-01,18,16,Medical
ATT202407002391,STU002391,SCH042,2024-07-01,18,16,Illness
ATT202407002392,STU002392,SCH017,2024-07-01,15,13,Other
ATT202407002393,STU002393,SCH033,2024-07-01,15,12,Illness
ATT202407002394,STU002394,SCH038,2024-07-01,18,15,Family
ATT202407002395,STU002395,SCH017,2024-07-01,15,11,Family
ATT202407002396,STU002396,SCH034,2024-07-01,15,11,Illness
ATT202407002397,STU002397,SCH008,2024-07-01,15,12,Illness
ATT202407002398,STU002398,SCH026,2024-07-01,15,13,Unauthorised
ATT202407002399,STU002399,SCH022,2024-07-01,18,13,Unauthorised
ATT202407002400,STU002400,SCH024,2024-07-01,17,14,Unauthorised
ATT202407002401,STU002401,SCH031,2024-07-01,16,13,Family
ATT202407002402,STU002402,SCH030,2024-07-01,15,14,Other
ATT202407002403,STU002403,SCH029,2024-07-01,16,14,Family
ATT202407002404,STU002404,SCH027,2024-07-01,14,12,Medical
ATT202407002405,STU002405,SCH049,2024-07-01,18,14,Other
ATT202407002406,STU002406,SCH004,2024-07-01,17,14,Medical
ATT202407002407,STU002407,SCH011,2024-07-01,18,17,Unauthorised
ATT202407002408,STU002408,SCH017,2024-07-01,17,13,Other
ATT202407002409,STU002409,SCH004,2024-07-01,18,16,Other
ATT202407002410,STU002410,SCH046,2024-07-01,14,12,Family
ATT202407002411,STU002411,SCH016,2024-07-01,17,16,Family
ATT202407002412,STU002412,SCH025,2024-07-01,15,13,Medical
ATT202407002413,STU002413,SCH027,2024-07-01,17,15,Unauthorised
ATT202407002414,STU002414,SCH022,2024-07-01,18,14,Medical
ATT202407002415,STU002415,SCH005,2024-07-01,15,13,Illness
ATT202407002416,STU002416,SCH003,2024-07-01,17,14,Family
ATT202407002417,STU002417,SCH024,2024-07-01,17,14,Illness
ATT202407002418,STU002418,SCH013,2024-07-01,18,17,Medical
ATT202407002419,STU002419,SCH032,2024-07-01,17,14,Illness
ATT202407002420,STU002420,SCH045,2024-07-01,15,11,Family
ATT202407002421,STU002421,SCH031,2024-07-01,17,15,Illness
ATT202407002422,STU002422,SCH038,2024-07-01,15,13,Illness
ATT202407002423,STU002423,SCH007,2024-07-01,16,14,Medical
ATT202407002424,STU002424,SCH030,2024-07-01,16,13,Other
ATT202407002425,STU002425,SCH020,2024-07-01,16,14,Family
ATT202407002426,STU002426,SCH036,2024-07-01,17,15,Illness
ATT202407002427,STU002427,SCH008,2024-07-01,14,12,Family
ATT202407002428,STU002428,SCH022,2024-07-01,15,12,Illness
ATT202407002429,STU002429,SCH028,2024-07-01,16,13,Illness
ATT202407002430,STU002430,SCH005,2024-07-01,14,12,Unauthorised
ATT202407002431,STU002431,SCH019,2024-07-01,16,14,Medical
ATT202407002432,STU002432,SCH047,2024-07-01,18,14,Family
ATT202407002433,STU002433,SCH026,2024-07-01,17,14,Other
ATT202407002434,STU002434,SCH009,2024-07-01,14,11,Family
ATT202407002435,STU002435,SCH016,2024-07-01,14,11,Unauthorised
ATT202407002436,STU002436,SCH029,2024-07-01,18,15,Family
ATT202407002437,STU002437,SCH030,2024-07-01,14,12,Unauthorised
ATT202407002438,STU002438,SCH013,2024-07-01,17,15,Illness
ATT202407002439,STU002439,SCH023,2024-07-01,15,13,Family
ATT202407002440,STU002440,SCH029,2024-07-01,18,15,Unauthorised
ATT202407002441,STU002441,SCH043,2024-07-01,16,13,Medical
ATT202407002442,STU002442,SCH035,2024-07-01,14,12,Illness
ATT202407002443,STU002443,SCH040,2024-07-01,15,12,Other
ATT202407002444,STU002444,SCH010,2024-07-01,15,12,Medical
ATT202407002445,STU002445,SCH040,2024-07-01,18,16,Other
ATT202407002446,STU002446,SCH040,2024-07-01,18,15,Family
ATT202407002447,STU002447,SCH024,2024-07-01,18,14,Family
ATT202407002448,STU002448,SCH018,2024-07-01,16,13,Unauthorised
ATT202407002449,STU002449,SCH010,2024-07-01,15,13,Medical
ATT202407002450,STU002450,SCH002,2024-07-01,18,14,Unauthorised
ATT202407002451,STU002451,SCH014,2024-07-01,14,11,Illness
ATT202407002452,STU002452,SCH035,2024-07-01,14,12,Illness
ATT202407002453,STU002453,SCH013,2024-07-01,18,16,Medical
ATT202407002454,STU002454,SCH029,2024-07-01,15,13,Illness
ATT202407002455,STU002455,SCH032,2024-07-01,16,14,Other
ATT202407002456,STU002456,SCH025,2024-07-01,17,16,Other
ATT202407002457,STU002457,SCH036,2024-07-01,15,13,Unauthorised
ATT202407002458,STU002458,SCH011,2024-07-01,17,15,Medical
ATT202407002459,STU002459,SCH044,2024-07-01,15,13,Other
ATT202407002460,STU002460,SCH041,2024-07-01,15,13,Illness
ATT202407002461,STU002461,SCH008,2024-07-01,18,16,Family
ATT202407002462,STU002462,SCH046,2024-07-01,15,12,Unauthorised
ATT202407002463,STU002463,SCH001,2024-07-01,16,11,Illness
ATT202407002464,STU002464,SCH042,2024-07-01,14,11,Medical
ATT202407002465,STU002465,SCH035,2024-07-01,18,13,Other
ATT202407002466,STU002466,SCH047,2024-07-01,15,13,Illness
ATT202407002467,STU002467,SCH040,2024-07-01,17,14,Illness
ATT202407002468,STU002468,SCH029,2024-07-01,15,12,Medical
ATT202407002469,STU002469,SCH035,2024-07-01,18,14,Illness
ATT202407002470,STU002470,SCH037,2024-07-01,14,11,Family
ATT202407002471,STU002471,SCH024,2024-07-01,16,13,Medical
ATT202407002472,STU002472,SCH039,2024-07-01,18,15,Illness
ATT202407002473,STU002473,SCH030,2024-07-01,18,15,Illness
ATT202407002474,STU002474,SCH047,2024-07-01,17,14,Illness
ATT202407002475,STU002475,SCH012,2024-07-01,18,15,Family
ATT202407002476,STU002476,SCH038,2024-07-01,15,13,Other
ATT202407002477,STU002477,SCH049,2024-07-01,18,15,Family
ATT202407002478,STU002478,SCH025,2024-07-01,14,12,Unauthorised
ATT202407002479,STU002479,SCH020,2024-07-01,16,13,Illness
ATT202407002480,STU002480,SCH010,2024-07-01,14,11,Unauthorised
ATT202407002481,STU002481,SCH009,2024-07-01,17,14,Other
ATT202407002482,STU002482,SCH042,2024-07-01,14,10,Other
ATT202407002483,STU002483,SCH045,2024-07-01,16,14,Family
ATT202407002484,STU002484,SCH033,2024-07-01,14,13,Medical
ATT202407002485,STU002485,SCH037,2024-07-01,18,16,Family
ATT202407002486,STU002486,SCH034,2024-07-01,15,13,Illness
ATT202407002487,STU002487,SCH012,2024-07-01,14,12,Unauthorised
ATT202407002488,STU002488,SCH015,2024-07-01,15,14,Family
ATT202407002489,STU002489,SCH045,2024-07-01,18,16,Other
ATT202407002490,STU002490,SCH026,2024-07-01,15,12,Medical
ATT202407002491,STU002491,SCH038,2024-07-01,16,14,Medical
ATT202407002492,STU002492,SCH045,2024-07-01,18,14,Illness
ATT202407002493,STU002493,SCH018,2024-07-01,14,12,Other
ATT202407002494,STU002494,SCH009,2024-07-01,15,13,Unauthorised
ATT202407002495,STU002495,SCH014,2024-07-01,18,15,Illness
ATT202407002496,STU002496,SCH033,2024-07-01,18,15,Family
ATT202407002497,STU002497,SCH018,2024-07-01,15,13,Family
ATT202407002498,STU002498,SCH001,2024-07-01,17,14,Unauthorised
ATT202407002499,STU002499,SCH042,2024-07-01,14,12,Other
ATT202407002500,STU002500,SCH014,2024-07-01,15,13,Other
ATT202407002501,STU002501,SCH012,2024-07-01,16,14,Other
ATT202407002502,STU002502,SCH011,2024-07-01,16,14,Other
ATT202407002503,STU002503,SCH021,2024-07-01,15,12,Family
ATT202407002504,STU002504,SCH004,2024-07-01,14,12,Other
ATT202407002505,STU002505,SCH027,2024-07-01,17,14,Other
ATT202407002506,STU002506,SCH007,2024-07-01,15,12,Family
ATT202407002507,STU002507,SCH039,2024-07-01,17,16,Medical
ATT202407002508,STU002508,SCH046,2024-07-01,18,14,Family
ATT202407002509,STU002509,SCH031,2024-07-01,17,16,Illness
ATT202407002510,STU002510,SCH013,2024-07-01,14,12,Other
ATT202407002511,STU002511,SCH043,2024-07-01,17,13,Medical
ATT202407002512,STU002512,SCH023,2024-07-01,16,13,Medical
ATT202407002513,STU002513,SCH016,2024-07-01,14,12,Family
ATT202407002514,STU002514,SCH020,2024-07-01,15,12,Other
ATT202407002515,STU002515,SCH010,2024-07-01,15,12,Medical
ATT202407002516,STU002516,SCH036,2024-07-01,18,15,Medical
ATT202407002517,STU002517,SCH013,2024-07-01,15,12,Illness
ATT202407002518,STU002518,SCH050,2024-07-01,16,14,Unauthorised
ATT202407002519,STU002519,SCH014,2024-07-01,15,12,Medical
ATT202407002520,STU002520,SCH011,2024-07-01,16,13,Other
ATT202407002521,STU002521,SCH020,2024-07-01,16,13,Unauthorised
ATT202407002522,STU002522,SCH028,2024-07-01,15,12,Unauthorised
ATT202407002523,STU002523,SCH032,2024-07-01,16,14,Family
ATT202407002524,STU002524,SCH013,2024-07-01,15,13,Unauthorised
ATT202407002525,STU002525,SCH047,2024-07-01,17,14,Medical
ATT202407002526,STU002526,SCH043,2024-07-01,16,13,Other
ATT202407002527,STU002527,SCH037,2024-07-01,17,15,Illness
ATT202407002528,STU002528,SCH038,2024-07-01,15,13,Unauthorised
ATT202407002529,STU002529,SCH023,2024-07-01,16,13,Other
ATT202407002530,STU002530,SCH026,2024-07-01,14,12,Illness
ATT202407002531,STU002531,SCH044,2024-07-01,18,16,Unauthorised
ATT202407002532,STU002532,SCH018,2024-07-01,16,15,Unauthorised
ATT202407002533,STU002533,SCH021,2024-07-01,18,14,Unauthorised
ATT202407002534,STU002534,SCH021,2024-07-01,15,11,Unauthorised
ATT202407002535,STU002535,SCH030,2024-07-01,15,12,Illness
ATT202407002536,STU002536,SCH006,2024-07-01,16,15,Illness
ATT202407002537,STU002537,SCH015,2024-07-01,16,15,Family
ATT202407002538,STU002538,SCH021,2024-07-01,14,11,Family
ATT202407002539,STU002539,SCH048,2024-07-01,15,14,Family
ATT202407002540,STU002540,SCH025,2024-07-01,14,12,Medical
ATT202407002541,STU002541,SCH010,2024-07-01,18,16,Medical
ATT202407002542,STU002542,SCH029,2024-07-01,17,14,Other
ATT202407002543,STU002543,SCH027,2024-07-01,15,12,Illness
ATT202407002544,STU002544,SCH024,2024-07-01,15,11,Unauthorised
ATT202407002545,STU002545,SCH040,2024-07-01,16,14,Other
ATT202407002546,STU002546,SCH039,2024-07-01,15,13,Unauthorised
ATT202407002547,STU002547,SCH006,2024-07-01,18,16,Other
ATT202407002548,STU002548,SCH003,2024-07-01,14,12,Illness
ATT202407002549,STU002549,SCH023,2024-07-01,14,11,Medical
ATT202407002550,STU002550,SCH002,2024-07-01,16,12,Other
ATT202407002551,STU002551,SCH010,2024-07-01,14,12,Unauthorised
ATT202407002552,STU002552,SCH007,2024-07-01,14,11,Other
ATT202407002553,STU002553,SCH010,2024-07-01,16,13,Other
ATT202407002554,STU002554,SCH017,2024-07-01,17,12,Family
ATT202407002555,STU002555,SCH047,2024-07-01,15,13,Family
ATT202407002556,STU002556,SCH012,2024-07-01,16,13,Unauthorised
ATT202407002557,STU002557,SCH036,2024-07-01,17,15,Other
ATT202407002558,STU002558,SCH050,2024-07-01,14,12,Medical
ATT202407002559,STU002559,SCH046,2024-07-01,14,11,Family
ATT202407002560,STU002560,SCH050,2024-07-01,17,14,Illness
ATT202407002561,STU002561,SCH014,2024-07-01,14,12,Medical
ATT202407002562,STU002562,SCH031,2024-07-01,15,13,Illness
ATT202407002563,STU002563,SCH046,2024-07-01,17,15,Unauthorised
ATT202407002564,STU002564,SCH020,2024-07-01,15,12,Medical
ATT202407002565,STU002565,SCH029,2024-07-01,14,12,Unauthorised
ATT202407002566,STU002566,SCH044,2024-07-01,14,12,Unauthorised
ATT202407002567,STU002567,SCH032,2024-07-01,18,15,Other
ATT202407002568,STU002568,SCH020,2024-07-01,14,12,Family
ATT202407002569,STU002569,SCH037,2024-07-01,15,12,Unauthorised
ATT202407002570,STU002570,SCH001,2024-07-01,15,12,Unauthorised
ATT202407002571,STU002571,SCH031,2024-07-01,18,16,Family
ATT202407002572,STU002572,SCH033,2024-07-01,16,14,Family
ATT202407002573,STU002573,SCH030,2024-07-01,17,14,Unauthorised
ATT202407002574,STU002574,SCH037,2024-07-01,17,14,Medical
ATT202407002575,STU002575,SCH014,2024-07-01,15,12,Illness
ATT202407002576,STU002576,SCH003,2024-07-01,18,16,Unauthorised
ATT202407002577,STU002577,SCH047,2024-07-01,16,14,Family
ATT202407002578,STU002578,SCH018,2024-07-01,18,16,Family
ATT202407002579,STU002579,SCH014,2024-07-01,17,14,Medical
ATT202407002580,STU002580,SCH003,2024-07-01,18,15,Illness
ATT202407002581,STU002581,SCH026,2024-07-01,17,15,Other
ATT202407002582,STU002582,SCH019,2024-07-01,14,12,Medical
ATT202407002583,STU002583,SCH020,2024-07-01,18,16,Medical
ATT202407002584,STU002584,SCH034,2024-07-01,16,12,Medical
ATT202407002585,STU002585,SCH021,2024-07-01,18,14,Family
ATT202407002586,STU002586,SCH048,2024-07-01,18,15,Unauthorised
ATT202407002587,STU002587,SCH031,2024-07-01,18,13,Unauthorised
ATT202407002588,STU002588,SCH029,2024-07-01,15,12,Unauthorised
ATT202407002589,STU002589,SCH027,2024-07-01,14,12,Illness
ATT202407002590,STU002590,SCH007,2024-07-01,17,14,Family
ATT202407002591,STU002591,SCH034,2024-07-01,16,12,Unauthorised
ATT202407002592,STU002592,SCH008,2024-07-01,16,15,Family
ATT202407002593,STU002593,SCH046,2024-07-01,17,14,Family
ATT202407002594,STU002594,SCH038,2024-07-01,15,13,Other
ATT202407002595,STU002595,SCH041,2024-07-01,17,14,Family
ATT202407002596,STU002596,SCH029,2024-07-01,18,15,Unauthorised
ATT202407002597,STU002597,SCH016,2024-07-01,17,15,Other
ATT202407002598,STU002598,SCH040,2024-07-01,15,13,Unauthorised
ATT202407002599,STU002599,SCH013,2024-07-01,16,13,Family
ATT202407002600,STU002600,SCH030,2024-07-01,14,13,Family
ATT202407002601,STU002601,SCH017,2024-07-01,18,13,Other
ATT202407002602,STU002602,SCH009,2024-07-01,18,15,Family
ATT202407002603,STU002603,SCH022,2024-07-01,15,12,Medical
ATT202407002604,STU002604,SCH037,2024-07-01,17,15,Family
ATT202407002605,STU002605,SCH006,2024-07-01,17,15,Family
ATT202407002606,STU002606,SCH006,2024-07-01,17,14,Family
ATT202407002607,STU002607,SCH003,2024-07-01,15,12,Medical
ATT202407002608,STU002608,SCH022,2024-07-01,14,11,Unauthorised
ATT202407002609,STU002609,SCH022,2024-07-01,16,12,Medical
ATT202407002610,STU002610,SCH016,2024-07-01,15,13,Family
ATT202407002611,STU002611,SCH006,2024-07-01,14,11,Medical
ATT202407002612,STU002612,SCH016,2024-07-01,16,14,Family
ATT202407002613,STU002613,SCH037,2024-07-01,17,14,Family
ATT202407002614,STU002614,SCH035,2024-07-01,15,12,Unauthorised
ATT202407002615,STU002615,SCH027,2024-07-01,15,11,Other
ATT202407002616,STU002616,SCH005,2024-07-01,16,13,Medical
ATT202407002617,STU002617,SCH045,2024-07-01,16,13,Unauthorised
ATT202407002618,STU002618,SCH013,2024-07-01,14,11,Other
ATT202407002619,STU002619,SCH030,2024-07-01,15,14,Other
ATT202407002620,STU002620,SCH006,2024-07-01,16,14,Unauthorised
ATT202407002621,STU002621,SCH034,2024-07-01,17,14,Other
ATT202407002622,STU002622,SCH048,2024-07-01,14,13,Medical
ATT202407002623,STU002623,SCH033,2024-07-01,16,14,Family
ATT202407002624,STU002624,SCH001,2024-07-01,15,11,Illness
ATT202407002625,STU002625,SCH048,2024-07-01,16,14,Illness
ATT202407002626,STU002626,SCH018,2024-07-01,15,13,Unauthorised
ATT202407002627,STU002627,SCH011,2024-07-01,16,15,Family
ATT202407002628,STU002628,SCH046,2024-07-01,16,14,Unauthorised
ATT202407002629,STU002629,SCH041,2024-07-01,18,16,Unauthorised
ATT202407002630,STU002630,SCH032,2024-07-01,16,13,Family
ATT202407002631,STU002631,SCH026,2024-07-01,14,12,Illness
ATT202407002632,STU002632,SCH011,2024-07-01,16,13,Family
ATT202407002633,STU002633,SCH023,2024-07-01,18,15,Illness
ATT202407002634,STU002634,SCH036,2024-07-01,17,14,Illness
ATT202407002635,STU002635,SCH026,2024-07-01,15,13,Unauthorised
ATT202407002636,STU002636,SCH002,2024-07-01,14,11,Family
ATT202407002637,STU002637,SCH006,2024-07-01,17,15,Unauthorised
ATT202407002638,STU002638,SCH011,2024-07-01,17,14,Medical
ATT202407002639,STU002639,SCH029,2024-07-01,17,15,Unauthorised
ATT202407002640,STU002640,SCH005,2024-07-01,14,12,Family
ATT202407002641,STU002641,SCH026,2024-07-01,16,13,Unauthorised
ATT202407002642,STU002642,SCH001,2024-07-01,16,13,Other
ATT202407002643,STU002643,SCH014,2024-07-01,17,14,Unauthorised
ATT202407002644,STU002644,SCH030,2024-07-01,18,16,Other
ATT202407002645,STU002645,SCH032,2024-07-01,17,14,Family
ATT202407002646,STU002646,SCH019,2024-07-01,15,13,Other
ATT202407002647,STU002647,SCH023,2024-07-01,14,12,Unauthorised
ATT202407002648,STU002648,SCH005,2024-07-01,15,13,Other
ATT202407002649,STU002649,SCH042,2024-07-01,15,11,Medical
ATT202407002650,STU002650,SCH046,2024-07-01,16,13,Medical
ATT202407002651,STU002651,SCH018,2024-07-01,15,12,Unauthorised
ATT202407002652,STU002652,SCH002,2024-07-01,18,13,Family
ATT202407002653,STU002653,SCH015,2024-07-01,17,14,Family
ATT202407002654,STU002654,SCH027,2024-07-01,16,15,Illness
ATT202407002655,STU002655,SCH036,2024-07-01,14,12,Unauthorised
ATT202407002656,STU002656,SCH029,2024-07-01,16,14,Other
ATT202407002657,STU002657,SCH023,2024-07-01,18,15,Illness
ATT202407002658,STU002658,SCH039,2024-07-01,17,14,Illness
ATT202407002659,STU002659,SCH006,2024-07-01,16,14,Medical
ATT202407002660,STU002660,SCH037,2024-07-01,18,16,Family
ATT202407002661,STU002661,SCH043,2024-07-01,14,12,Medical
ATT202407002662,STU002662,SCH010,2024-07-01,14,12,Other
ATT202407002663,STU002663,SCH021,2024-07-01,15,12,Family
ATT202407002664,STU002664,SCH041,2024-07-01,16,14,Other
ATT202407002665,STU002665,SCH012,2024-07-01,16,13,Family
ATT202407002666,STU002666,SCH045,2024-07-01,18,15,Unauthorised
ATT202407002667,STU002667,SCH031,2024-07-01,18,17,Medical
ATT202407002668,STU002668,SCH027,2024-07-01,17,15,Illness
ATT202407002669,STU002669,SCH033,2024-07-01,18,16,Illness
ATT202407002670,STU002670,SCH043,2024-07-01,18,14,Illness
ATT202407002671,STU002671,SCH047,2024-07-01,16,14,Family
ATT202407002672,STU002672,SCH040,2024-07-01,16,14,Other
ATT202407002673,STU002673,SCH021,2024-07-01,17,14,Family
ATT202407002674,STU002674,SCH012,2024-07-01,15,12,Other
ATT202407002675,STU002675,SCH045,2024-07-01,16,14,Unauthorised
ATT202407002676,STU002676,SCH043,2024-07-01,15,13,Unauthorised
ATT202407002677,STU002677,SCH042,2024-07-01,15,12,Illness
ATT202407002678,STU002678,SCH037,2024-07-01,18,15,Other
ATT202407002679,STU002679,SCH011,2024-07-01,15,13,Illness
ATT202407002680,STU002680,SCH050,2024-07-01,14,12,Other
ATT202407002681,STU002681,SCH017,2024-07-01,18,13,Other
ATT202407002682,STU002682,SCH040,2024-07-01,18,15,Illness
ATT202407002683,STU002683,SCH012,2024-07-01,17,14,Family
ATT202407002685,STU002685,SCH043,2024-07-01,14,12,Illness
ATT202407002686,STU002686,SCH031,2024-07-01,15,12,Family
ATT202407002687,STU002687,SCH014,2024-07-01,18,14,Medical
ATT202407002688,STU002688,SCH022,2024-07-01,15,12,Unauthorised
ATT202407002689,STU002689,SCH010,2024-07-01,18,14,Family
ATT202407002690,STU002690,SCH009,2024-07-01,16,13,Family
ATT202407002691,STU002691,SCH027,2024-07-01,14,11,Unauthorised
ATT202407002692,STU002692,SCH047,2024-07-01,17,15,Illness
ATT202407002693,STU002693,SCH024,2024-07-01,16,12,Unauthorised
ATT202407002694,STU002694,SCH012,2024-07-01,14,11,Medical
ATT202407002695,STU002695,SCH037,2024-07-01,18,16,Illness
ATT202407002696,STU002696,SCH010,2024-07-01,16,14,Family
ATT202407002697,STU002697,SCH035,2024-07-01,17,13,Unauthorised
ATT202407002698,STU002698,SCH008,2024-07-01,15,13,Other
ATT202407002699,STU002699,SCH025,2024-07-01,14,11,Family
ATT202407002700,STU002700,SCH044,2024-07-01,15,12,Illness
ATT202407002701,STU002701,SCH049,2024-07-01,15,12,Other
ATT202407002702,STU002702,SCH045,2024-07-01,14,12,Other
ATT202407002703,STU002703,SCH026,2024-07-01,17,15,Family
ATT202407002704,STU002704,SCH006,2024-07-01,16,14,Other
ATT202407002705,STU002705,SCH028,2024-07-01,16,13,Illness
ATT202407002706,STU002706,SCH043,2024-07-01,14,11,Unauthorised
ATT202407002707,STU002707,SCH049,2024-07-01,14,10,Medical
ATT202407002708,STU002708,SCH020,2024-07-01,14,11,Other
ATT202407002709,STU002709,SCH043,2024-07-01,15,13,Unauthorised
ATT202407002710,STU002710,SCH001,2024-07-01,17,15,Unauthorised
ATT202407002711,STU002711,SCH040,2024-07-01,17,14,Medical
ATT202407002712,STU002712,SCH013,2024-07-01,15,13,Illness
ATT202407002713,STU002713,SCH050,2024-07-01,14,12,Other
ATT202407002714,STU002714,SCH012,2024-07-01,15,13,Medical
ATT202407002715,STU002715,SCH025,2024-07-01,17,14,Illness
ATT202407002716,STU002716,SCH012,2024-07-01,17,14,Medical
ATT202407002717,STU002717,SCH032,2024-07-01,16,14,Medical
ATT202407002718,STU002718,SCH017,2024-07-01,14,10,Other
ATT202407002719,STU002719,SCH006,2024-07-01,14,12,Unauthorised
ATT202407002720,STU002720,SCH041,2024-07-01,16,13,Unauthorised
ATT202407002721,STU002721,SCH041,2024-07-01,15,13,Unauthorised
ATT202407002722,STU002722,SCH024,2024-07-01,15,12,Illness
ATT202407002723,STU002723,SCH020,2024-07-01,14,12,Illness
ATT202407002724,STU002724,SCH009,2024-07-01,18,15,Family
ATT202407002725,STU002725,SCH023,2024-07-01,15,13,Unauthorised
ATT202407002726,STU002726,SCH041,2024-07-01,15,13,Illness
ATT202407002727,STU002727,SCH024,2024-07-01,15,13,Other
ATT202407002728,STU002728,SCH004,2024-07-01,16,14,Illness
ATT202407002729,STU002729,SCH003,2024-07-01,17,14,Medical
ATT202407002730,STU002730,SCH008,2024-07-01,15,14,Unauthorised
ATT202407002731,STU002731,SCH025,2024-07-01,14,12,Illness
ATT202407002732,STU002732,SCH018,2024-07-01,14,12,Unauthorised
ATT202407002733,STU002733,SCH002,2024-07-01,14,12,Medical
ATT202407002734,STU002734,SCH005,2024-07-01,17,15,Other
ATT202407002735,STU002735,SCH036,2024-07-01,15,13,Unauthorised
ATT202407002736,STU002736,SCH049,2024-07-01,14,11,Other
ATT202407002737,STU002737,SCH021,2024-07-01,15,13,Illness
ATT202407002738,STU002738,SCH015,2024-07-01,17,14,Unauthorised
ATT202407002739,STU002739,SCH034,2024-07-01,18,14,Medical
ATT202407002740,STU002740,SCH018,2024-07-01,17,15,Illness
ATT202407002741,STU002741,SCH038,2024-07-01,15,14,Other
ATT202407002742,STU002742,SCH033,2024-07-01,15,13,Other
ATT202407002743,STU002743,SCH048,2024-07-01,18,16,Family
ATT202407002744,STU002744,SCH036,2024-07-01,16,13,Illness
ATT202407002745,STU002745,SCH032,2024-07-01,15,12,Unauthorised
ATT202407002746,STU002746,SCH021,2024-07-01,14,12,Family
ATT202407002747,STU002747,SCH005,2024-07-01,14,12,Medical
ATT202407002748,STU002748,SCH011,2024-07-01,18,15,Other
ATT202407002749,STU002749,SCH005,2024-07-01,15,13,Other
ATT202407002750,STU002750,SCH048,2024-07-01,14,12,Illness
ATT202407002751,STU002751,SCH034,2024-07-01,17,14,Unauthorised
ATT202407002752,STU002752,SCH038,2024-07-01,14,12,Illness
ATT202407002753,STU002753,SCH022,2024-07-01,14,12,Other
ATT202407002754,STU002754,SCH030,2024-07-01,16,13,Other
ATT202407002755,STU002755,SCH038,2024-07-01,16,14,Family
ATT202407002756,STU002756,SCH015,2024-07-01,17,15,Unauthorised
ATT202407002757,STU002757,SCH022,2024-07-01,14,10,Medical
ATT202407002758,STU002758,SCH019,2024-07-01,17,15,Family
ATT202407002759,STU002759,SCH004,2024-07-01,15,12,Illness
ATT202407002760,STU002760,SCH004,2024-07-01,14,12,Illness
ATT202407002761,STU002761,SCH003,2024-07-01,16,15,Family
ATT202407002762,STU002762,SCH002,2024-07-01,18,12,Other
ATT202407002763,STU002763,SCH001,2024-07-01,18,15,Other
ATT202407002764,STU002764,SCH008,2024-07-01,18,16,Illness
ATT202407002765,STU002765,SCH003,2024-07-01,15,13,Unauthorised
ATT202407002766,STU002766,SCH021,2024-07-01,14,9,Unauthorised
ATT202407002767,STU002767,SCH048,2024-07-01,18,14,Unauthorised
ATT202407002768,STU002768,SCH007,2024-07-01,18,15,Illness
ATT202407002769,STU002769,SCH008,2024-07-01,16,14,Illness
ATT202407002770,STU002770,SCH002,2024-07-01,18,14,Unauthorised
ATT202407002771,STU002771,SCH016,2024-07-01,15,12,Unauthorised
ATT202407002772,STU002772,SCH045,2024-07-01,14,12,Illness
ATT202407002773,STU002773,SCH047,2024-07-01,17,16,Other
ATT202407002774,STU002774,SCH034,2024-07-01,14,11,Family
ATT202407002775,STU002775,SCH044,2024-07-01,18,15,Other
ATT202407002776,STU002776,SCH018,2024-07-01,18,15,Unauthorised
ATT202407002777,STU002777,SCH033,2024-07-01,15,13,Unauthorised
ATT202407002778,STU002778,SCH044,2024-07-01,17,15,Illness
ATT202407002779,STU002779,SCH024,2024-07-01,16,13,Family
ATT202407002780,STU002780,SCH013,2024-07-01,18,15,Unauthorised
ATT202407002781,STU002781,SCH031,2024-07-01,15,13,Family
ATT202407002782,STU002782,SCH019,2024-07-01,15,12,Family
ATT202407002783,STU002783,SCH050,2024-07-01,16,14,Medical
ATT202407002784,STU002784,SCH025,2024-07-01,14,13,Illness
ATT202407002785,STU002785,SCH043,2024-07-01,15,12,Illness
ATT202407002786,STU002786,SCH019,2024-07-01,18,15,Unauthorised
ATT202407002787,STU002787,SCH038,2024-07-01,17,15,Medical
ATT202407002788,STU002788,SCH039,2024-07-01,16,14,Unauthorised
ATT202407002789,STU002789,SCH024,2024-07-01,16,13,Illness
ATT202407002790,STU002790,SCH044,2024-07-01,18,15,Illness
ATT202407002791,STU002791,SCH035,2024-07-01,17,13,Illness
ATT202407002792,STU002792,SCH043,2024-07-01,15,13,Other
ATT202407002793,STU002793,SCH035,2024-07-01,15,11,Other
ATT202407002795,STU002795,SCH025,2024-07-01,14,12,Unauthorised
ATT202407002796,STU002796,SCH036,2024-07-01,15,13,Family
ATT202407002797,STU002797,SCH049,2024-07-01,16,14,Other
ATT202407002798,STU002798,SCH027,2024-07-01,15,12,Unauthorised
ATT202407002799,STU002799,SCH038,2024-07-01,17,13,Other
ATT202407002800,STU002800,SCH003,2024-07-01,18,15,Illness
ATT202407002801,STU002801,SCH019,2024-07-01,16,13,Other
ATT202407002802,STU002802,SCH009,2024-07-01,15,12,Illness
ATT202407002803,STU002803,SCH043,2024-07-01,16,15,Other
ATT202407002804,STU002804,SCH031,2024-07-01,15,13,Unauthorised
ATT202407002805,STU002805,SCH022,2024-07-01,15,13,Illness
ATT202407002806,STU002806,SCH012,2024-07-01,18,15,Illness
ATT202407002807,STU002807,SCH040,2024-07-01,17,14,Illness
ATT202407002808,STU002808,SCH048,2024-07-01,15,13,Family
ATT202407002809,STU002809,SCH008,2024-07-01,18,15,Illness
ATT202407002810,STU002810,SCH035,2024-07-01,14,12,Illness
ATT202407002811,STU002811,SCH030,2024-07-01,16,13,Illness
ATT202407002812,STU002812,SCH007,2024-07-01,14,11,Unauthorised
ATT202407002813,STU002813,SCH003,2024-07-01,15,14,Other
ATT202407002814,STU002814,SCH004,2024-07-01,16,15,Medical
ATT202407002815,STU002815,SCH009,2024-07-01,17,15,Illness
ATT202407002816,STU002816,SCH017,2024-07-01,16,13,Other
ATT202407002817,STU002817,SCH029,2024-07-01,15,14,Unauthorised
ATT202407002818,STU002818,SCH023,2024-07-01,18,14,Medical
ATT202407002819,STU002819,SCH027,2024-07-01,16,14,Medical
ATT202407002820,STU002820,SCH010,2024-07-01,18,14,Medical
ATT202407002821,STU002821,SCH031,2024-07-01,15,12,Family
ATT202407002822,STU002822,SCH019,2024-07-01,16,14,Unauthorised
ATT202407002823,STU002823,SCH010,2024-07-01,17,14,Illness
ATT202407002824,STU002824,SCH034,2024-07-01,18,15,Family
ATT202407002825,STU002825,SCH037,2024-07-01,14,12,Medical
ATT202407002826,STU002826,SCH003,2024-07-01,18,16,Medical
ATT202407002827,STU002827,SCH034,2024-07-01,17,12,Illness
ATT202407002828,STU002828,SCH021,2024-07-01,15,12,Family
ATT202407002829,STU002829,SCH044,2024-07-01,17,16,Illness
ATT202407002830,STU002830,SCH048,2024-07-01,14,12,Family
ATT202407002831,STU002831,SCH046,2024-07-01,15,14,Other
ATT202407002832,STU002832,SCH035,2024-07-01,15,12,Family
ATT202407002833,STU002833,SCH041,2024-07-01,15,13,Other
ATT202407002834,STU002834,SCH035,2024-07-01,15,11,Other
ATT202407002835,STU002835,SCH031,2024-07-01,18,15,Unauthorised
ATT202407002836,STU002836,SCH005,2024-07-01,14,12,Other
ATT202407002837,STU002837,SCH047,2024-07-01,15,13,Illness
ATT202407002838,STU002838,SCH050,2024-07-01,17,13,Illness
ATT202407002839,STU002839,SCH034,2024-07-01,17,13,Unauthorised
ATT202407002840,STU002840,SCH050,2024-07-01,17,16,Unauthorised
ATT202407002841,STU002841,SCH032,2024-07-01,16,14,Family
ATT202407002842,STU002842,SCH041,2024-07-01,18,16,Illness
ATT202407002843,STU002843,SCH021,2024-07-01,16,12,Medical
ATT202407002844,STU002844,SCH044,2024-07-01,17,13,Family
ATT202407002845,STU002845,SCH016,2024-07-01,16,14,Medical
ATT202407002846,STU002846,SCH033,2024-07-01,16,14,Medical
ATT202407002847,STU002847,SCH004,2024-07-01,16,13,Other
ATT202407002848,STU002848,SCH013,2024-07-01,14,12,Illness
ATT202407002849,STU002849,SCH048,2024-07-01,17,15,Family
ATT202407002850,STU002850,SCH033,2024-07-01,17,15,Other
ATT202407002851,STU002851,SCH009,2024-07-01,16,15,Medical
ATT202407002852,STU002852,SCH014,2024-07-01,14,12,Other
ATT202407002853,STU002853,SCH023,2024-07-01,18,15,Medical
ATT202407002854,STU002854,SCH027,2024-07-01,17,14,Family
ATT202407002855,STU002855,SCH044,2024-07-01,14,12,Medical
ATT202407002856,STU002856,SCH003,2024-07-01,18,15,Unauthorised
ATT202407002857,STU002857,SCH012,2024-07-01,18,15,Illness
ATT202407002858,STU002858,SCH005,2024-07-01,17,15,Medical
ATT202407002859,STU002859,SCH028,2024-07-01,16,14,Other
ATT202407002860,STU002860,SCH019,2024-07-01,14,12,Illness
ATT202407002861,STU002861,SCH032,2024-07-01,14,13,Medical
ATT202407002862,STU002862,SCH023,2024-07-01,16,14,Family
ATT202407002863,STU002863,SCH004,2024-07-01,15,13,Medical
ATT202407002864,STU002864,SCH010,2024-07-01,15,12,Illness
ATT202407002865,STU002865,SCH048,2024-07-01,16,14,Illness
ATT202407002866,STU002866,SCH007,2024-07-01,14,11,Other
ATT202407002867,STU002867,SCH044,2024-07-01,16,14,Medical
ATT202407002868,STU002868,SCH010,2024-07-01,15,13,Other
ATT202407002869,STU002869,SCH024,2024-07-01,18,14,Illness
ATT202407002870,STU002870,SCH005,2024-07-01,17,13,Unauthorised
ATT202407002871,STU002871,SCH047,2024-07-01,17,15,Medical
ATT202407002872,STU002872,SCH018,2024-07-01,16,14,Unauthorised
ATT202407002873,STU002873,SCH001,2024-07-01,15,13,Family
ATT202407002874,STU002874,SCH041,2024-07-01,14,12,Family
ATT202407002875,STU002875,SCH040,2024-07-01,17,15,Family
ATT202407002876,STU002876,SCH010,2024-07-01,14,11,Unauthorised
ATT202407002877,STU002877,SCH048,2024-07-01,15,13,Family
ATT202407002878,STU002878,SCH048,2024-07-01,17,15,Unauthorised
ATT202407002879,STU002879,SCH037,2024-07-01,15,12,Family
ATT202407002880,STU002880,SCH031,2024-07-01,18,17,Unauthorised
ATT202407002881,STU002881,SCH010,2024-07-01,18,15,Family
ATT202407002882,STU002882,SCH046,2024-07-01,15,13,Illness
ATT202407002883,STU002883,SCH005,2024-07-01,17,15,Family
ATT202407002884,STU002884,SCH035,2024-07-01,18,14,Illness
ATT202407002885,STU002885,SCH023,2024-07-01,16,14,Other
ATT202407002886,STU002886,SCH011,2024-07-01,14,13,Other
ATT202407002887,STU002887,SCH017,2024-07-01,15,11,Family
ATT202407002888,STU002888,SCH037,2024-07-01,18,16,Medical
ATT202407002889,STU002889,SCH034,2024-07-01,14,11,Unauthorised
ATT202407002890,STU002890,SCH013,2024-07-01,18,16,Unauthorised
ATT202407002891,STU002891,SCH012,2024-07-01,14,12,Illness
ATT202407002892,STU002892,SCH008,2024-07-01,18,15,Other
ATT202407002893,STU002893,SCH001,2024-07-01,14,12,Illness
ATT202407002894,STU002894,SCH030,2024-07-01,15,12,Unauthorised
ATT202407002895,STU002895,SCH015,2024-07-01,14,13,Other
ATT202407002896,STU002896,SCH029,2024-07-01,17,14,Unauthorised
ATT202407002897,STU002897,SCH022,2024-07-01,18,15,Unauthorised
ATT202407002898,STU002898,SCH040,2024-07-01,18,16,Medical
ATT202407002899,STU002899,SCH014,2024-07-01,18,15,Illness
ATT202407002900,STU002900,SCH047,2024-07-01,16,14,Family
ATT202407002901,STU002901,SCH016,2024-07-01,14,12,Unauthorised
ATT202407002902,STU002902,SCH041,2024-07-01,15,14,Medical
ATT202407002903,STU002903,SCH025,2024-07-01,17,15,Family
ATT202407002904,STU002904,SCH001,2024-07-01,17,14,Unauthorised
ATT202407002905,STU002905,SCH024,2024-07-01,17,14,Other
ATT202407002906,STU002906,SCH005,2024-07-01,15,13,Family
ATT202407002907,STU002907,SCH033,2024-07-01,15,12,Medical
ATT202407002908,STU002908,SCH044,2024-07-01,18,15,Other
ATT202407002909,STU002909,SCH023,2024-07-01,14,11,Family
ATT202407002910,STU002910,SCH016,2024-07-01,16,13,Family
ATT202407002911,STU002911,SCH036,2024-07-01,15,13,Family
ATT202407002912,STU002912,SCH002,2024-07-01,14,11,Other
ATT202407002913,STU002913,SCH003,2024-07-01,18,16,Medical
ATT202407002914,STU002914,SCH031,2024-07-01,17,15,Other
ATT202407002915,STU002915,SCH038,2024-07-01,18,16,Unauthorised
ATT202407002916,STU002916,SCH044,2024-07-01,14,12,Medical
ATT202407002917,STU002917,SCH050,2024-07-01,15,12,Unauthorised
ATT202407002918,STU002918,SCH048,2024-07-01,16,14,Family
ATT202407002919,STU002919,SCH010,2024-07-01,14,11,Medical
ATT202407002920,STU002920,SCH025,2024-07-01,15,14,Unauthorised
ATT202407002921,STU002921,SCH027,2024-07-01,18,15,Medical
ATT202407002922,STU002922,SCH026,2024-07-01,14,11,Medical
ATT202407002923,STU002923,SCH027,2024-07-01,15,12,Medical
ATT202407002924,STU002924,SCH002,2024-07-01,18,16,Medical
ATT202407002925,STU002925,SCH050,2024-07-01,17,15,Other
ATT202407002926,STU002926,SCH034,2024-07-01,16,14,Family
ATT202407002927,STU002927,SCH023,2024-07-01,16,13,Unauthorised
ATT202407002928,STU002928,SCH030,2024-07-01,16,14,Other
ATT202407002929,STU002929,SCH032,2024-07-01,16,13,Family
ATT202407002930,STU002930,SCH049,2024-07-01,14,12,Family
ATT202407002931,STU002931,SCH015,2024-07-01,14,12,Illness
ATT202407002932,STU002932,SCH038,2024-07-01,15,13,Family
ATT202407002933,STU002933,SCH022,2024-07-01,17,14,Family
ATT202407002934,STU002934,SCH037,2024-07-01,18,15,Family
ATT202407002936,STU002936,SCH048,2024-07-01,18,15,Other
ATT202407002937,STU002937,SCH046,2024-07-01,15,12,Family
ATT202407002938,STU002938,SCH031,2024-07-01,15,10,Illness
ATT202407002939,STU002939,SCH015,2024-07-01,17,14,Other
ATT202407002940,STU002940,SCH006,2024-07-01,17,14,Medical
ATT202407002941,STU002941,SCH002,2024-07-01,14,12,Other
ATT202407002942,STU002942,SCH011,2024-07-01,15,14,Family
ATT202407002943,STU002943,SCH006,2024-07-01,16,13,Unauthorised
ATT202407002944,STU002944,SCH038,2024-07-01,17,14,Other
ATT202407002945,STU002945,SCH043,2024-07-01,15,12,Illness
ATT202407002946,STU002946,SCH010,2024-07-01,15,13,Illness
ATT202407002947,STU002947,SCH039,2024-07-01,18,16,Illness
ATT202407002948,STU002948,SCH011,2024-07-01,18,15,Unauthorised
ATT202407002949,STU002949,SCH043,2024-07-01,14,12,Illness
ATT202407002950,STU002950,SCH026,2024-07-01,15,13,Illness
ATT202407002951,STU002951,SCH049,2024-07-01,18,13,Family
ATT202407002952,STU002952,SCH014,2024-07-01,14,13,Unauthorised
ATT202407002953,STU002953,SCH025,2024-07-01,17,15,Illness
ATT202407002954,STU002954,SCH024,2024-07-01,16,13,Illness
ATT202407002955,STU002955,SCH007,2024-07-01,14,13,Other
ATT202407002956,STU002956,SCH005,2024-07-01,14,13,Unauthorised
ATT202407002957,STU002957,SCH008,2024-07-01,15,13,Family
ATT202407002958,STU002958,SCH016,2024-07-01,14,13,Illness
ATT202407002959,STU002959,SCH033,2024-07-01,14,13,Other
ATT202407002960,STU002960,SCH046,2024-07-01,17,16,Family
ATT202407002961,STU002961,SCH016,2024-07-01,15,13,Illness
ATT202407002962,STU002962,SCH036,2024-07-01,17,16,Unauthorised
ATT202407002963,STU002963,SCH025,2024-07-01,17,16,Other
ATT202407002964,STU002964,SCH020,2024-07-01,16,14,Other
ATT202407002965,STU002965,SCH011,2024-07-01,15,12,Medical
ATT202407002966,STU002966,SCH022,2024-07-01,15,12,Illness
ATT202407002967,STU002967,SCH021,2024-07-01,16,14,Family
ATT202407002968,STU002968,SCH014,2024-07-01,16,13,Medical
ATT202407002969,STU002969,SCH037,2024-07-01,16,14,Other
ATT202407002970,STU002970,SCH019,2024-07-01,17,14,Medical
ATT202407002971,STU002971,SCH012,2024-07-01,18,14,Illness
ATT202407002972,STU002972,SCH030,2024-07-01,16,14,Family
ATT202407002973,STU002973,SCH021,2024-07-01,16,13,Unauthorised
ATT202407002974,STU002974,SCH003,2024-07-01,18,16,Medical
ATT202407002975,STU002975,SCH044,2024-07-01,15,13,Medical
ATT202407002976,STU002976,SCH007,2024-07-01,15,12,Other
ATT202407002977,STU002977,SCH028,2024-07-01,16,14,Unauthorised
ATT202407002978,STU002978,SCH033,2024-07-01,17,14,Other
ATT202407002979,STU002979,SCH009,2024-07-01,15,13,Unauthorised
ATT202407002980,STU002980,SCH030,2024-07-01,15,13,Other
ATT202407002981,STU002981,SCH023,2024-07-01,14,12,Illness
ATT202407002982,STU002982,SCH010,2024-07-01,16,15,Other
ATT202407002983,STU002983,SCH041,2024-07-01,17,15,Illness
ATT202407002984,STU002984,SCH045,2024-07-01,17,15,Unauthorised
ATT202407002985,STU002985,SCH004,2024-07-01,17,14,Unauthorised
ATT202407002986,STU002986,SCH050,2024-07-01,15,13,Medical
ATT202407002987,STU002987,SCH023,2024-07-01,18,15,Family
ATT202407002988,STU002988,SCH012,2024-07-01,17,14,Other
ATT202407002989,STU002989,SCH043,2024-07-01,15,13,Family
ATT202407002990,STU002990,SCH025,2024-07-01,18,15,Family
ATT202407002991,STU002991,SCH050,2024-07-01,18,15,Illness
ATT202407002992,STU002992,SCH034,2024-07-01,18,14,Family
ATT202407002993,STU002993,SCH025,2024-07-01,17,14,Unauthorised
ATT202407002994,STU002994,SCH034,2024-07-01,17,14,Other
ATT202407002995,STU002995,SCH020,2024-07-01,18,16,Medical
ATT202407002996,STU002996,SCH050,2024-07-01,14,12,Family
ATT202407002997,STU002997,SCH005,2024-07-01,16,14,Medical
ATT202407002998,STU002998,SCH010,2024-07-01,17,14,Family
ATT202407002999,STU002999,SCH016,2024-07-01,16,14,Other
ATT202407003000,STU003000,SCH031,2024-07-01,18,15,Illness
ATT202407003001,STU003001,SCH045,2024-07-01,16,13,Unauthorised
ATT202407003002,STU003002,SCH035,2024-07-01,18,13,Unauthorised
ATT202407003003,STU003003,SCH033,2024-07-01,15,12,Illness
ATT202407003004,STU003004,SCH045,2024-07-01,15,12,Illness
ATT202407003005,STU003005,SCH031,2024-07-01,17,12,Other
ATT202407003006,STU003006,SCH039,2024-07-01,15,13,Medical
ATT202407003007,STU003007,SCH014,2024-07-01,15,12,Unauthorised
ATT202407003008,STU003008,SCH015,2024-07-01,16,14,Other
ATT202407003009,STU003009,SCH006,2024-07-01,15,12,Illness
ATT202407003010,STU003010,SCH047,2024-07-01,18,16,Unauthorised
ATT202407003011,STU003011,SCH037,2024-07-01,14,12,Family
ATT202407003012,STU003012,SCH033,2024-07-01,14,11,Medical
ATT202407003013,STU003013,SCH015,2024-07-01,14,12,Unauthorised
ATT202407003014,STU003014,SCH025,2024-07-01,15,12,Unauthorised
ATT202407003015,STU003015,SCH048,2024-07-01,14,12,Medical
ATT202407003016,STU003016,SCH038,2024-07-01,17,15,Unauthorised
ATT202407003017,STU003017,SCH008,2024-07-01,16,14,Family
ATT202407003018,STU003018,SCH023,2024-07-01,17,14,Family
ATT202407003019,STU003019,SCH011,2024-07-01,17,14,Medical
ATT202407003020,STU003020,SCH004,2024-07-01,18,16,Unauthorised
ATT202407003021,STU003021,SCH027,2024-07-01,17,14,Medical
ATT202407003022,STU003022,SCH043,2024-07-01,18,14,Other
ATT202407003023,STU003023,SCH003,2024-07-01,18,15,Illness
ATT202407003024,STU003024,SCH040,2024-07-01,14,13,Medical
ATT202407003025,STU003025,SCH029,2024-07-01,18,14,Illness
ATT202407003026,STU003026,SCH012,2024-07-01,18,16,Other
ATT202407003027,STU003027,SCH026,2024-07-01,17,14,Unauthorised
ATT202407003028,STU003028,SCH036,2024-07-01,15,14,Family
ATT202407003030,STU003030,SCH046,2024-07-01,18,15,Unauthorised
ATT202407003031,STU003031,SCH037,2024-07-01,18,15,Other
ATT202407003032,STU003032,SCH041,2024-07-01,14,12,Unauthorised
ATT202407003033,STU003033,SCH041,2024-07-01,14,12,Other
ATT202407003034,STU003034,SCH008,2024-07-01,17,14,Medical
ATT202407003035,STU003035,SCH016,2024-07-01,18,16,Medical
ATT202407003036,STU003036,SCH005,2024-07-01,16,13,Other
ATT202407003037,STU003037,SCH016,2024-07-01,14,13,Other
ATT202407003038,STU003038,SCH026,2024-07-01,17,15,Other
ATT202407003039,STU003039,SCH002,2024-07-01,18,14,Other
ATT202407003040,STU003040,SCH041,2024-07-01,17,15,Unauthorised
ATT202407003041,STU003041,SCH006,2024-07-01,17,15,Illness
ATT202407003042,STU003042,SCH025,2024-07-01,14,12,Illness
ATT202407003043,STU003043,SCH027,2024-07-01,15,12,Unauthorised
ATT202407003044,STU003044,SCH013,2024-07-01,18,15,Other
ATT202407003045,STU003045,SCH007,2024-07-01,16,14,Unauthorised
ATT202407003046,STU003046,SCH010,2024-07-01,18,16,Unauthorised
ATT202407003047,STU003047,SCH033,2024-07-01,17,15,Family
ATT202407003048,STU003048,SCH045,2024-07-01,15,12,Other
ATT202407003049,STU003049,SCH041,2024-07-01,18,17,Family
ATT202407003050,STU003050,SCH041,2024-07-01,16,14,Unauthorised
ATT202407003051,STU003051,SCH014,2024-07-01,14,13,Family
ATT202407003052,STU003052,SCH050,2024-07-01,14,12,Unauthorised
ATT202407003053,STU003053,SCH003,2024-07-01,14,12,Medical
ATT202407003054,STU003054,SCH004,2024-07-01,15,13,Unauthorised
ATT202407003055,STU003055,SCH030,2024-07-01,14,12,Unauthorised
ATT202407003056,STU003056,SCH031,2024-07-01,14,12,Other
ATT202407003057,STU003057,SCH003,2024-07-01,16,13,Medical
ATT202407003058,STU003058,SCH016,2024-07-01,15,13,Unauthorised
ATT202407003059,STU003059,SCH003,2024-07-01,16,14,Family
ATT202407003060,STU003060,SCH022,2024-07-01,14,11,Medical
ATT202407003061,STU003061,SCH024,2024-07-01,18,12,Illness
ATT202407003062,STU003062,SCH013,2024-07-01,15,14,Illness
ATT202407003063,STU003063,SCH040,2024-07-01,17,15,Other
ATT202407003064,STU003064,SCH025,2024-07-01,15,13,Illness
ATT202407003065,STU003065,SCH036,2024-07-01,18,15,Unauthorised
ATT202407003066,STU003066,SCH030,2024-07-01,16,13,Illness
ATT202407003067,STU003067,SCH031,2024-07-01,18,14,Unauthorised
ATT202407003068,STU003068,SCH044,2024-07-01,17,14,Illness
ATT202407003069,STU003069,SCH008,2024-07-01,15,13,Medical
ATT202407003070,STU003070,SCH044,2024-07-01,18,16,Other
ATT202407003071,STU003071,SCH040,2024-07-01,16,13,Other
ATT202407003072,STU003072,SCH044,2024-07-01,16,13,Other
ATT202407003073,STU003073,SCH043,2024-07-01,14,12,Medical
ATT202407003074,STU003074,SCH050,2024-07-01,14,11,Medical
ATT202407003075,STU003075,SCH029,2024-07-01,14,11,Illness
ATT202407003076,STU003076,SCH014,2024-07-01,16,13,Medical
ATT202407003077,STU003077,SCH029,2024-07-01,16,14,Medical
ATT202407003078,STU003078,SCH012,2024-07-01,18,16,Illness
ATT202407003079,STU003079,SCH011,2024-07-01,16,14,Other
ATT202407003080,STU003080,SCH018,2024-07-01,15,14,Other
ATT202407003081,STU003081,SCH029,2024-07-01,16,12,Medical
ATT202407003082,STU003082,SCH042,2024-07-01,15,12,Unauthorised
ATT202407003083,STU003083,SCH002,2024-07-01,18,14,Medical
ATT202407003084,STU003084,SCH041,2024-07-01,16,14,Illness
ATT202407003085,STU003085,SCH026,2024-07-01,16,14,Family
ATT202407003086,STU003086,SCH024,2024-07-01,15,12,Unauthorised
ATT202407003087,STU003087,SCH022,2024-07-01,15,12,Medical
ATT202407003088,STU003088,SCH046,2024-07-01,18,15,Unauthorised
ATT202407003089,STU003089,SCH029,2024-07-01,17,14,Other
ATT202407003090,STU003090,SCH045,2024-07-01,14,12,Medical
ATT202407003091,STU003091,SCH027,2024-07-01,14,12,Illness
ATT202407003092,STU003092,SCH037,2024-07-01,17,15,Illness
ATT202407003093,STU003093,SCH007,2024-07-01,17,14,Illness
ATT202407003094,STU003094,SCH030,2024-07-01,14,13,Unauthorised
ATT202407003095,STU003095,SCH018,2024-07-01,17,14,Illness
ATT202407003096,STU003096,SCH004,2024-07-01,15,13,Medical
ATT202407003097,STU003097,SCH007,2024-07-01,15,12,Other
ATT202407003098,STU003098,SCH038,2024-07-01,14,12,Unauthorised
ATT202407003099,STU003099,SCH007,2024-07-01,17,13,Unauthorised
ATT202407003100,STU003100,SCH039,2024-07-01,16,15,Unauthorised
ATT202407003101,STU003101,SCH043,2024-07-01,17,14,Illness
ATT202407003102,STU003102,SCH025,2024-07-01,17,15,Medical
ATT202407003103,STU003103,SCH040,2024-07-01,18,17,Family
ATT202407003104,STU003104,SCH042,2024-07-01,14,11,Family
ATT202407003105,STU003105,SCH013,2024-07-01,16,13,Illness
ATT202407003106,STU003106,SCH027,2024-07-01,14,11,Unauthorised
ATT202407003107,STU003107,SCH049,2024-07-01,16,14,Unauthorised
ATT202407003108,STU003108,SCH019,2024-07-01,14,12,Medical
ATT202407003109,STU003109,SCH044,2024-07-01,16,13,Other
ATT202407003110,STU003110,SCH022,2024-07-01,16,13,Family
ATT202407003111,STU003111,SCH031,2024-07-01,14,12,Illness
ATT202407003112,STU003112,SCH014,2024-07-01,17,13,Unauthorised
ATT202407003113,STU003113,SCH025,2024-07-01,16,14,Medical
ATT202407003114,STU003114,SCH021,2024-07-01,15,12,Other
ATT202407003115,STU003115,SCH047,2024-07-01,17,15,Illness
ATT202407003116,STU003116,SCH020,2024-07-01,14,12,Unauthorised
ATT202407003117,STU003117,SCH035,2024-07-01,15,11,Other
ATT202407003118,STU003118,SCH028,2024-07-01,16,13,Family
ATT202407003119,STU003119,SCH031,2024-07-01,15,13,Other
ATT202407003120,STU003120,SCH015,2024-07-01,18,16,Family
ATT202407003121,STU003121,SCH036,2024-07-01,14,12,Illness
ATT202407003122,STU003122,SCH011,2024-07-01,16,12,Unauthorised
ATT202407003123,STU003123,SCH037,2024-07-01,18,16,Unauthorised
ATT202407003124,STU003124,SCH039,2024-07-01,18,16,Medical
ATT202407003125,STU003125,SCH046,2024-07-01,16,14,Unauthorised
ATT202407003126,STU003126,SCH046,2024-07-01,17,14,Medical
ATT202407003127,STU003127,SCH005,2024-07-01,14,12,Unauthorised
ATT202407003128,STU003128,SCH022,2024-07-01,17,13,Illness
ATT202407003129,STU003129,SCH032,2024-07-01,16,13,Family
ATT202407003130,STU003130,SCH019,2024-07-01,15,12,Other
ATT202407003131,STU003131,SCH030,2024-07-01,15,13,Other
ATT202407003132,STU003132,SCH039,2024-07-01,18,15,Illness
ATT202407003133,STU003133,SCH050,2024-07-01,14,11,Unauthorised
ATT202407003134,STU003134,SCH012,2024-07-01,18,15,Unauthorised
ATT202407003135,STU003135,SCH013,2024-07-01,18,15,Other
ATT202407003136,STU003136,SCH041,2024-07-01,16,14,Other
ATT202407003137,STU003137,SCH048,2024-07-01,14,12,Illness
ATT202407003138,STU003138,SCH049,2024-07-01,16,13,Unauthorised
ATT202407003139,STU003139,SCH038,2024-07-01,16,14,Unauthorised
ATT202407003140,STU003140,SCH014,2024-07-01,16,13,Other
ATT202407003141,STU003141,SCH002,2024-07-01,14,13,Family
ATT202407003142,STU003142,SCH016,2024-07-01,18,16,Other
ATT202407003143,STU003143,SCH039,2024-07-01,18,16,Family
ATT202407003144,STU003144,SCH037,2024-07-01,17,15,Illness
ATT202407003145,STU003145,SCH034,2024-07-01,18,13,Illness
ATT202407003146,STU003146,SCH012,2024-07-01,14,12,Family
ATT202407003147,STU003147,SCH012,2024-07-01,18,16,Medical
ATT202407003148,STU003148,SCH025,2024-07-01,18,16,Other
ATT202407003149,STU003149,SCH042,2024-07-01,14,11,Illness
ATT202407003150,STU003150,SCH012,2024-07-01,17,14,Medical
ATT202407003151,STU003151,SCH028,2024-07-01,17,15,Medical
ATT202407003152,STU003152,SCH029,2024-07-01,18,15,Illness
ATT202407003153,STU003153,SCH003,2024-07-01,17,15,Medical
ATT202407003154,STU003154,SCH045,2024-07-01,16,13,Medical
ATT202407003155,STU003155,SCH018,2024-07-01,18,15,Illness
ATT202407003156,STU003156,SCH037,2024-07-01,18,16,Unauthorised
ATT202407003157,STU003157,SCH036,2024-07-01,17,15,Other
ATT202407003158,STU003158,SCH030,2024-07-01,18,16,Unauthorised
ATT202407003159,STU003159,SCH037,2024-07-01,15,12,Other
ATT202407003160,STU003160,SCH041,2024-07-01,18,15,Illness
ATT202407003161,STU003161,SCH007,2024-07-01,16,14,Other
ATT202407003162,STU003162,SCH034,2024-07-01,14,11,Unauthorised
ATT202407003163,STU003163,SCH012,2024-07-01,14,12,Family
ATT202407003164,STU003164,SCH035,2024-07-01,18,14,Illness
ATT202407003165,STU003165,SCH021,2024-07-01,15,10,Family
ATT202407003166,STU003166,SCH050,2024-07-01,17,14,Other
ATT202407003167,STU003167,SCH005,2024-07-01,16,14,Unauthorised
ATT202407003168,STU003168,SCH043,2024-07-01,15,12,Unauthorised
ATT202407003169,STU003169,SCH023,2024-07-01,14,11,Illness
ATT202407003170,STU003170,SCH008,2024-07-01,15,13,Family
ATT202407003171,STU003171,SCH015,2024-07-01,15,13,Medical
ATT202407003172,STU003172,SCH019,2024-07-01,17,15,Unauthorised
ATT202407003173,STU003173,SCH026,2024-07-01,18,15,Other
ATT202407003174,STU003174,SCH043,2024-07-01,17,13,Illness
ATT202407003175,STU003175,SCH006,2024-07-01,16,13,Unauthorised
ATT202407003176,STU003176,SCH005,2024-07-01,15,13,Family
ATT202407003177,STU003177,SCH007,2024-07-01,17,14,Unauthorised
ATT202407003178,STU003178,SCH047,2024-07-01,18,15,Unauthorised
ATT202407003179,STU003179,SCH032,2024-07-01,16,13,Medical
ATT202407003180,STU003180,SCH035,2024-07-01,14,12,Illness
ATT202407003181,STU003181,SCH038,2024-07-01,17,14,Other
ATT202407003182,STU003182,SCH014,2024-07-01,18,14,Unauthorised
ATT202407003183,STU003183,SCH022,2024-07-01,16,13,Family
ATT202407003184,STU003184,SCH002,2024-07-01,15,12,Family
ATT202407003185,STU003185,SCH039,2024-07-01,15,13,Other
ATT202407003186,STU003186,SCH025,2024-07-01,17,14,Unauthorised
ATT202407003187,STU003187,SCH036,2024-07-01,17,15,Illness
ATT202407003188,STU003188,SCH018,2024-07-01,17,14,Medical
ATT202407003189,STU003189,SCH030,2024-07-01,17,14,Unauthorised
ATT202407003190,STU003190,SCH040,2024-07-01,18,16,Medical
ATT202407003191,STU003191,SCH010,2024-07-01,15,11,Other
ATT202407003192,STU003192,SCH001,2024-07-01,15,12,Other
ATT202407003193,STU003193,SCH024,2024-07-01,14,12,Other
ATT202407003194,STU003194,SCH049,2024-07-01,16,12,Medical
ATT202407003195,STU003195,SCH048,2024-07-01,18,16,Medical
ATT202407003196,STU003196,SCH020,2024-07-01,16,14,Illness
ATT202407003197,STU003197,SCH029,2024-07-01,15,13,Medical
ATT202407003198,STU003198,SCH050,2024-07-01,17,14,Family
ATT202407003199,STU003199,SCH048,2024-07-01,16,14,Illness
ATT202407003200,STU003200,SCH004,2024-07-01,16,14,Other
ATT202407003201,STU003201,SCH028,2024-07-01,16,14,Other
ATT202407003202,STU003202,SCH021,2024-07-01,18,13,Medical
ATT202407003203,STU003203,SCH012,2024-07-01,16,13,Family
ATT202407003204,STU003204,SCH037,2024-07-01,17,15,Family
ATT202407003205,STU003205,SCH039,2024-07-01,15,13,Medical
ATT202407003206,STU003206,SCH017,2024-07-01,17,13,Other
ATT202407003207,STU003207,SCH038,2024-07-01,17,16,Unauthorised
ATT202407003208,STU003208,SCH017,2024-07-01,17,15,Illness
ATT202407003209,STU003209,SCH031,2024-07-01,18,15,Unauthorised
ATT202407003210,STU003210,SCH014,2024-07-01,15,13,Unauthorised
ATT202407003211,STU003211,SCH032,2024-07-01,14,12,Unauthorised
ATT202407003212,STU003212,SCH012,2024-07-01,16,13,Unauthorised
ATT202407003213,STU003213,SCH031,2024-07-01,18,16,Illness
ATT202407003214,STU003214,SCH041,2024-07-01,17,14,Medical
ATT202407003215,STU003215,SCH049,2024-07-01,15,12,Other
ATT202407003216,STU003216,SCH012,2024-07-01,15,13,Illness
ATT202407003217,STU003217,SCH033,2024-07-01,16,13,Medical
ATT202407003218,STU003218,SCH008,2024-07-01,15,12,Unauthorised
ATT202407003219,STU003219,SCH032,2024-07-01,17,15,Family
ATT202407003220,STU003220,SCH018,2024-07-01,16,13,Family
ATT202407003221,STU003221,SCH035,2024-07-01,15,12,Medical
ATT202407003222,STU003222,SCH019,2024-07-01,14,12,Illness
ATT202407003223,STU003223,SCH011,2024-07-01,14,13,Family
ATT202407003224,STU003224,SCH045,2024-07-01,18,15,Unauthorised
ATT202407003225,STU003225,SCH004,2024-07-01,15,12,Other
ATT202407003226,STU003226,SCH010,2024-07-01,15,11,Family
ATT202407003227,STU003227,SCH017,2024-07-01,16,13,Illness
ATT202407003228,STU003228,SCH023,2024-07-01,15,12,Illness
ATT202407003229,STU003229,SCH027,2024-07-01,16,14,Medical
ATT202407003230,STU003230,SCH012,2024-07-01,15,13,Unauthorised
ATT202407003231,STU003231,SCH044,2024-07-01,15,13,Family
ATT202407003232,STU003232,SCH009,2024-07-01,16,14,Other
ATT202407003233,STU003233,SCH010,2024-07-01,14,12,Other
ATT202407003234,STU003234,SCH036,2024-07-01,15,13,Family
ATT202407003235,STU003235,SCH010,2024-07-01,15,13,Medical
ATT202407003236,STU003236,SCH032,2024-07-01,15,12,Family
ATT202407003237,STU003237,SCH037,2024-07-01,15,13,Other
ATT202407003238,STU003238,SCH015,2024-07-01,14,12,Illness
ATT202407003239,STU003239,SCH040,2024-07-01,17,15,Other
ATT202407003240,STU003240,SCH025,2024-07-01,15,12,Medical
ATT202407003241,STU003241,SCH013,2024-07-01,15,13,Medical
ATT202407003242,STU003242,SCH004,2024-07-01,17,16,Other
ATT202407003243,STU003243,SCH001,2024-07-01,16,13,Illness
ATT202407003244,STU003244,SCH005,2024-07-01,17,14,Family
ATT202407003245,STU003245,SCH042,2024-07-01,15,12,Family
ATT202407003246,STU003246,SCH044,2024-07-01,15,12,Illness
ATT202407003247,STU003247,SCH035,2024-07-01,16,14,Medical
ATT202407003248,STU003248,SCH038,2024-07-01,14,11,Medical
ATT202407003249,STU003249,SCH001,2024-07-01,14,12,Unauthorised
ATT202407003250,STU003250,SCH030,2024-07-01,16,14,Medical
ATT202407003251,STU003251,SCH005,2024-07-01,14,12,Unauthorised
ATT202407003252,STU003252,SCH031,2024-07-01,15,13,Illness
ATT202407003253,STU003253,SCH038,2024-07-01,15,12,Medical
ATT202407003254,STU003254,SCH004,2024-07-01,17,14,Family
ATT202407003255,STU003255,SCH011,2024-07-01,14,11,Family
ATT202407003256,STU003256,SCH007,2024-07-01,18,15,Family
ATT202407003257,STU003257,SCH033,2024-07-01,15,12,Unauthorised
ATT202407003258,STU003258,SCH002,2024-07-01,18,14,Medical
ATT202407003259,STU003259,SCH029,2024-07-01,16,14,Other
ATT202407003260,STU003260,SCH006,2024-07-01,18,15,Other
ATT202407003261,STU003261,SCH015,2024-07-01,14,12,Medical
ATT202407003262,STU003262,SCH005,2024-07-01,16,15,Other
ATT202407003263,STU003263,SCH012,2024-07-01,16,14,Unauthorised
ATT202407003264,STU003264,SCH049,2024-07-01,15,13,Family
ATT202407003265,STU003265,SCH030,2024-07-01,18,15,Family
ATT202407003266,STU003266,SCH036,2024-07-01,14,12,Unauthorised
ATT202407003267,STU003267,SCH013,2024-07-01,14,12,Family
ATT202407003268,STU003268,SCH036,2024-07-01,18,15,Family
ATT202407003269,STU003269,SCH049,2024-07-01,14,11,Unauthorised
ATT202407003270,STU003270,SCH024,2024-07-01,16,14,Family
ATT202407003271,STU003271,SCH024,2024-07-01,16,13,Other
ATT202407003272,STU003272,SCH022,2024-07-01,18,14,Medical
ATT202407003273,STU003273,SCH027,2024-07-01,14,12,Medical
ATT202407003274,STU003274,SCH012,2024-07-01,15,12,Illness
ATT202407003275,STU003275,SCH009,2024-07-01,17,14,Other
ATT202407003276,STU003276,SCH016,2024-07-01,15,12,Medical
ATT202407003277,STU003277,SCH037,2024-07-01,15,13,Unauthorised
ATT202407003278,STU003278,SCH003,2024-07-01,14,13,Unauthorised
ATT202407003279,STU003279,SCH019,2024-07-01,17,15,Illness
ATT202407003280,STU003280,SCH024,2024-07-01,14,12,Other
ATT202407003281,STU003281,SCH044,2024-07-01,17,14,Unauthorised
ATT202407003282,STU003282,SCH050,2024-07-01,17,15,Medical
ATT202407003283,STU003283,SCH029,2024-07-01,15,12,Family
ATT202407003284,STU003284,SCH009,2024-07-01,18,15,Other
ATT202407003285,STU003285,SCH025,2024-07-01,17,15,Other
ATT202407003286,STU003286,SCH013,2024-07-01,15,13,Family
ATT202407003287,STU003287,SCH040,2024-07-01,18,15,Illness
ATT202407003288,STU003288,SCH001,2024-07-01,17,12,Unauthorised
ATT202407003289,STU003289,SCH013,2024-07-01,15,13,Family
ATT202407003290,STU003290,SCH043,2024-07-01,15,12,Illness
ATT202407003291,STU003291,SCH018,2024-07-01,14,11,Illness
ATT202407003292,STU003292,SCH010,2024-07-01,17,14,Medical
ATT202407003293,STU003293,SCH046,2024-07-01,14,12,Other
ATT202407003294,STU003294,SCH017,2024-07-01,14,11,Illness
ATT202407003295,STU003295,SCH007,2024-07-01,18,14,Family
ATT202407003296,STU003296,SCH030,2024-07-01,18,15,Family
ATT202407003297,STU003297,SCH011,2024-07-01,17,15,Family
ATT202407003298,STU003298,SCH034,2024-07-01,14,11,Illness
ATT202407003299,STU003299,SCH034,2024-07-01,17,12,Other
ATT202407003300,STU003300,SCH034,2024-07-01,15,13,Medical
ATT202407003301,STU003301,SCH005,2024-07-01,14,12,Illness
ATT202407003302,STU003302,SCH028,2024-07-01,14,12,Illness
ATT202407003303,STU003303,SCH001,2024-07-01,14,11,Medical
ATT202407003304,STU003304,SCH025,2024-07-01,16,15,Family
ATT202407003305,STU003305,SCH038,2024-07-01,17,15,Other
ATT202407003306,STU003306,SCH006,2024-07-01,14,12,Illness
ATT202407003307,STU003307,SCH021,2024-07-01,17,14,Family
ATT202407003308,STU003308,SCH030,2024-07-01,17,15,Illness
ATT202407003309,STU003309,SCH047,2024-07-01,17,14,Illness
ATT202407003310,STU003310,SCH030,2024-07-01,14,12,Unauthorised
ATT202407003311,STU003311,SCH019,2024-07-01,18,15,Family
ATT202407003312,STU003312,SCH046,2024-07-01,18,14,Other
ATT202407003313,STU003313,SCH030,2024-07-01,15,13,Illness
ATT202407003314,STU003314,SCH014,2024-07-01,14,11,Medical
ATT202407003315,STU003315,SCH038,2024-07-01,15,12,Family
ATT202407003316,STU003316,SCH014,2024-07-01,14,12,Unauthorised
ATT202407003317,STU003317,SCH017,2024-07-01,15,12,Family
ATT202407003318,STU003318,SCH041,2024-07-01,14,11,Illness
ATT202407003319,STU003319,SCH023,2024-07-01,15,13,Illness
ATT202407003320,STU003320,SCH043,2024-07-01,14,12,Other
ATT202407003321,STU003321,SCH039,2024-07-01,14,12,Medical
ATT202407003322,STU003322,SCH050,2024-07-01,14,11,Unauthorised
ATT202407003323,STU003323,SCH001,2024-07-01,14,11,Medical
ATT202407003324,STU003324,SCH018,2024-07-01,17,14,Illness
ATT202407003325,STU003325,SCH018,2024-07-01,16,15,Unauthorised
ATT202407003326,STU003326,SCH026,2024-07-01,15,13,Family
ATT202407003327,STU003327,SCH013,2024-07-01,15,14,Medical
ATT202407003328,STU003328,SCH010,2024-07-01,14,12,Family
ATT202407003329,STU003329,SCH018,2024-07-01,15,13,Illness
ATT202407003330,STU003330,SCH049,2024-07-01,17,14,Illness
ATT202407003331,STU003331,SCH022,2024-07-01,16,13,Other
ATT202407003332,STU003332,SCH029,2024-07-01,15,13,Family
ATT202407003333,STU003333,SCH033,2024-07-01,16,14,Unauthorised
ATT202407003335,STU003335,SCH028,2024-07-01,18,15,Medical
ATT202407003336,STU003336,SCH044,2024-07-01,18,15,Medical
ATT202407003337,STU003337,SCH005,2024-07-01,15,14,Unauthorised
ATT202407003338,STU003338,SCH004,2024-07-01,17,15,Unauthorised
ATT202407003339,STU003339,SCH008,2024-07-01,14,12,Medical
ATT202407003340,STU003340,SCH026,2024-07-01,16,13,Illness
ATT202407003341,STU003341,SCH011,2024-07-01,16,14,Medical
ATT202407003342,STU003342,SCH024,2024-07-01,14,11,Unauthorised
ATT202407003343,STU003343,SCH025,2024-07-01,15,12,Unauthorised
ATT202407003344,STU003344,SCH040,2024-07-01,14,12,Illness
ATT202407003345,STU003345,SCH029,2024-07-01,16,13,Other
ATT202407003346,STU003346,SCH033,2024-07-01,15,13,Medical
ATT202407003347,STU003347,SCH025,2024-07-01,17,15,Illness
ATT202407003348,STU003348,SCH037,2024-07-01,14,12,Other
ATT202407003349,STU003349,SCH046,2024-07-01,18,15,Medical
ATT202407003350,STU003350,SCH016,2024-07-01,14,12,Other
ATT202407003351,STU003351,SCH030,2024-07-01,16,16,
ATT202407003352,STU003352,SCH013,2024-07-01,17,14,Other
ATT202407003353,STU003353,SCH002,2024-07-01,17,15,Illness
ATT202407003354,STU003354,SCH016,2024-07-01,16,14,Other
ATT202407003355,STU003355,SCH031,2024-07-01,15,13,Illness
ATT202407003356,STU003356,SCH047,2024-07-01,18,16,Medical
ATT202407003357,STU003357,SCH022,2024-07-01,15,12,Medical
ATT202407003358,STU003358,SCH037,2024-07-01,14,12,Illness
ATT202407003359,STU003359,SCH006,2024-07-01,16,13,Other
ATT202407003360,STU003360,SCH019,2024-07-01,14,12,Family
ATT202407003361,STU003361,SCH050,2024-07-01,15,13,Unauthorised
ATT202407003362,STU003362,SCH010,2024-07-01,15,13,Medical
ATT202407003363,STU003363,SCH047,2024-07-01,15,13,Unauthorised
ATT202407003364,STU003364,SCH032,2024-07-01,18,15,Medical
ATT202407003365,STU003365,SCH025,2024-07-01,17,14,Medical
ATT202407003366,STU003366,SCH043,2024-07-01,15,13,Illness
ATT202407003367,STU003367,SCH046,2024-07-01,18,15,Family
ATT202407003368,STU003368,SCH029,2024-07-01,14,11,Medical
ATT202407003369,STU003369,SCH016,2024-07-01,17,15,Illness
ATT202407003370,STU003370,SCH019,2024-07-01,14,11,Medical
ATT202407003371,STU003371,SCH008,2024-07-01,15,14,Illness
ATT202407003372,STU003372,SCH005,2024-07-01,18,15,Unauthorised
ATT202407003373,STU003373,SCH032,2024-07-01,18,16,Other
ATT202407003374,STU003374,SCH035,2024-07-01,18,15,Medical
ATT202407003375,STU003375,SCH044,2024-07-01,17,15,Other
ATT202407003376,STU003376,SCH010,2024-07-01,14,12,Illness
ATT202407003377,STU003377,SCH031,2024-07-01,16,13,Illness
ATT202407003378,STU003378,SCH048,2024-07-01,18,16,Other
ATT202407003379,STU003379,SCH027,2024-07-01,16,13,Family
ATT202407003380,STU003380,SCH019,2024-07-01,16,13,Family
ATT202407003381,STU003381,SCH037,2024-07-01,15,14,Medical
ATT202407003382,STU003382,SCH046,2024-07-01,18,15,Unauthorised
ATT202407003383,STU003383,SCH046,2024-07-01,14,11,Illness
ATT202407003384,STU003384,SCH026,2024-07-01,17,14,Illness
ATT202407003385,STU003385,SCH039,2024-07-01,16,14,Other
ATT202407003386,STU003386,SCH042,2024-07-01,17,12,Illness
ATT202407003387,STU003387,SCH046,2024-07-01,16,15,Medical
ATT202407003388,STU003388,SCH014,2024-07-01,14,12,Other
ATT202407003389,STU003389,SCH016,2024-07-01,16,14,Unauthorised
ATT202407003390,STU003390,SCH041,2024-07-01,17,15,Unauthorised
ATT202407003391,STU003391,SCH039,2024-07-01,15,13,Unauthorised
ATT202407003392,STU003392,SCH040,2024-07-01,16,13,Unauthorised
ATT202407003393,STU003393,SCH045,2024-07-01,17,14,Family
ATT202407003394,STU003394,SCH028,2024-07-01,17,15,Medical
ATT202407003395,STU003395,SCH040,2024-07-01,14,13,Family
ATT202407003396,STU003396,SCH035,2024-07-01,17,15,Unauthorised
ATT202407003397,STU003397,SCH016,2024-07-01,16,14,Illness
ATT202407003398,STU003398,SCH025,2024-07-01,17,14,Family
ATT202407003399,STU003399,SCH047,2024-07-01,16,14,Family
ATT202407003400,STU003400,SCH015,2024-07-01,15,12,Medical
ATT202407003401,STU003401,SCH022,2024-07-01,14,12,Medical
ATT202407003402,STU003402,SCH031,2024-07-01,15,13,Illness
ATT202407003403,STU003403,SCH021,2024-07-01,16,12,Unauthorised
ATT202407003404,STU003404,SCH047,2024-07-01,17,15,Family
ATT202407003405,STU003405,SCH005,2024-07-01,17,15,Other
ATT202407003406,STU003406,SCH017,2024-07-01,16,15,Other
ATT202407003407,STU003407,SCH021,2024-07-01,16,12,Family
ATT202407003408,STU003408,SCH003,2024-07-01,17,15,Other
ATT202407003409,STU003409,SCH009,2024-07-01,17,15,Other
ATT202407003410,STU003410,SCH027,2024-07-01,16,13,Family
ATT202407003411,STU003411,SCH016,2024-07-01,14,12,Medical
ATT202407003412,STU003412,SCH015,2024-07-01,14,12,Family
ATT202407003413,STU003413,SCH045,2024-07-01,16,13,Unauthorised
ATT202407003414,STU003414,SCH030,2024-07-01,17,15,Medical
ATT202407003415,STU003415,SCH031,2024-07-01,18,15,Other
ATT202407003416,STU003416,SCH001,2024-07-01,16,12,Other
ATT202407003417,STU003417,SCH010,2024-07-01,18,16,Medical
ATT202407003418,STU003418,SCH013,2024-07-01,15,13,Medical
ATT202407003419,STU003419,SCH014,2024-07-01,14,12,Unauthorised
ATT202407003420,STU003420,SCH006,2024-07-01,17,15,Unauthorised
ATT202407003421,STU003421,SCH021,2024-07-01,17,14,Illness
ATT202407003422,STU003422,SCH008,2024-07-01,15,13,Other
ATT202407003423,STU003423,SCH006,2024-07-01,18,17,Medical
ATT202407003424,STU003424,SCH044,2024-07-01,15,13,Medical
ATT202407003425,STU003425,SCH050,2024-07-01,15,12,Unauthorised
ATT202407003426,STU003426,SCH009,2024-07-01,16,13,Illness
ATT202407003427,STU003427,SCH047,2024-07-01,17,14,Medical
ATT202407003428,STU003428,SCH030,2024-07-01,14,11,Family
ATT202407003429,STU003429,SCH048,2024-07-01,15,12,Medical
ATT202407003430,STU003430,SCH016,2024-07-01,17,15,Unauthorised
ATT202407003431,STU003431,SCH016,2024-07-01,17,15,Medical
ATT202407003432,STU003432,SCH006,2024-07-01,17,14,Unauthorised
ATT202407003433,STU003433,SCH001,2024-07-01,18,15,Illness
ATT202407003434,STU003434,SCH018,2024-07-01,16,14,Family
ATT202407003435,STU003435,SCH032,2024-07-01,18,14,Illness
ATT202407003436,STU003436,SCH025,2024-07-01,17,15,Illness
ATT202407003437,STU003437,SCH017,2024-07-01,14,11,Other
ATT202407003438,STU003438,SCH020,2024-07-01,15,13,Other
ATT202407003439,STU003439,SCH020,2024-07-01,14,12,Medical
ATT202407003440,STU003440,SCH007,2024-07-01,16,13,Medical
ATT202407003441,STU003441,SCH018,2024-07-01,17,14,Other
ATT202407003442,STU003442,SCH021,2024-07-01,17,12,Other
ATT202407003443,STU003443,SCH038,2024-07-01,14,12,Medical
ATT202407003444,STU003444,SCH043,2024-07-01,17,14,Medical
ATT202407003445,STU003445,SCH026,2024-07-01,16,14,Other
ATT202407003446,STU003446,SCH024,2024-07-01,15,13,Illness
ATT202407003447,STU003447,SCH047,2024-07-01,16,14,Family
ATT202407003448,STU003448,SCH048,2024-07-01,15,13,Unauthorised
ATT202407003449,STU003449,SCH022,2024-07-01,15,12,Medical
ATT202407003450,STU003450,SCH007,2024-07-01,17,14,Illness
ATT202407003451,STU003451,SCH030,2024-07-01,15,13,Other
ATT202407003452,STU003452,SCH022,2024-07-01,15,12,Unauthorised
ATT202407003453,STU003453,SCH009,2024-07-01,18,14,Medical
ATT202407003454,STU003454,SCH032,2024-07-01,15,14,Unauthorised
ATT202407003455,STU003455,SCH026,2024-07-01,18,15,Other
ATT202407003456,STU003456,SCH015,2024-07-01,16,13,Illness
ATT202407003457,STU003457,SCH045,2024-07-01,16,13,Illness
ATT202407003458,STU003458,SCH001,2024-07-01,16,13,Other
ATT202407003459,STU003459,SCH001,2024-07-01,14,11,Unauthorised
ATT202407003460,STU003460,SCH005,2024-07-01,16,15,Family
ATT202407003461,STU003461,SCH026,2024-07-01,18,15,Illness
ATT202407003462,STU003462,SCH007,2024-07-01,18,15,Medical
ATT202407003463,STU003463,SCH037,2024-07-01,17,15,Unauthorised
ATT202407003464,STU003464,SCH012,2024-07-01,18,16,Other
ATT202407003465,STU003465,SCH013,2024-07-01,14,12,Medical
ATT202407003466,STU003466,SCH022,2024-07-01,15,12,Illness
ATT202407003467,STU003467,SCH034,2024-07-01,15,12,Medical
ATT202407003468,STU003468,SCH011,2024-07-01,15,12,Illness
ATT202407003469,STU003469,SCH042,2024-07-01,15,11,Family
ATT202407003470,STU003470,SCH036,2024-07-01,14,12,Other
ATT202407003471,STU003471,SCH028,2024-07-01,14,12,Medical
ATT202407003472,STU003472,SCH003,2024-07-01,17,15,Other
ATT202407003473,STU003473,SCH020,2024-07-01,14,12,Medical
ATT202407003474,STU003474,SCH045,2024-07-01,14,12,Illness
ATT202407003475,STU003475,SCH045,2024-07-01,16,14,Unauthorised
ATT202407003476,STU003476,SCH021,2024-07-01,17,14,Illness
ATT202407003477,STU003477,SCH015,2024-07-01,18,16,Unauthorised
ATT202407003478,STU003478,SCH048,2024-07-01,15,14,Medical
ATT202407003479,STU003479,SCH030,2024-07-01,15,12,Illness
ATT202407003480,STU003480,SCH034,2024-07-01,17,14,Illness
ATT202407003481,STU003481,SCH003,2024-07-01,18,15,Other
ATT202407003482,STU003482,SCH007,2024-07-01,18,14,Illness
ATT202407003483,STU003483,SCH038,2024-07-01,15,14,Other
ATT202407003484,STU003484,SCH044,2024-07-01,15,11,Medical
ATT202407003485,STU003485,SCH021,2024-07-01,15,13,Family
ATT202407003486,STU003486,SCH012,2024-07-01,15,12,Illness
ATT202407003487,STU003487,SCH045,2024-07-01,15,13,Unauthorised
ATT202407003488,STU003488,SCH034,2024-07-01,15,12,Unauthorised
ATT202407003489,STU003489,SCH001,2024-07-01,16,13,Family
ATT202407003490,STU003490,SCH010,2024-07-01,17,15,Other
ATT202407003491,STU003491,SCH040,2024-07-01,18,16,Medical
ATT202407003492,STU003492,SCH030,2024-07-01,14,12,Other
ATT202407003493,STU003493,SCH033,2024-07-01,17,14,Family
ATT202407003494,STU003494,SCH046,2024-07-01,17,15,Other
ATT202407003495,STU003495,SCH010,2024-07-01,16,14,Family
ATT202407003496,STU003496,SCH038,2024-07-01,18,16,Family
ATT202407003497,STU003497,SCH034,2024-07-01,14,12,Unauthorised
ATT202407003498,STU003498,SCH009,2024-07-01,14,11,Family
ATT202407003499,STU003499,SCH023,2024-07-01,14,12,Illness
ATT202407003500,STU003500,SCH019,2024-07-01,14,12,Family
ATT202407003501,STU003501,SCH009,2024-07-01,17,15,Illness
ATT202407003502,STU003502,SCH028,2024-07-01,17,16,Illness
ATT202407003503,STU003503,SCH043,2024-07-01,17,14,Other
ATT202407003504,STU003504,SCH004,2024-07-01,14,13,Family
ATT202407003505,STU003505,SCH005,2024-07-01,18,16,Unauthorised
ATT202407003506,STU003506,SCH030,2024-07-01,16,13,Family
ATT202407003507,STU003507,SCH033,2024-07-01,15,13,Illness
ATT202407003508,STU003508,SCH048,2024-07-01,16,13,Family
ATT202407003509,STU003509,SCH012,2024-07-01,14,12,Other
ATT202407003510,STU003510,SCH046,2024-07-01,15,13,Family
ATT202407003511,STU003511,SCH009,2024-07-01,16,13,Unauthorised
ATT202407003513,STU003513,SCH033,2024-07-01,17,15,Other
ATT202407003514,STU003514,SCH019,2024-07-01,18,15,Family
ATT202407003515,STU003515,SCH027,2024-07-01,14,11,Family
ATT202407003516,STU003516,SCH043,2024-07-01,17,14,Illness
ATT202407003517,STU003517,SCH014,2024-07-01,14,12,Unauthorised
ATT202407003518,STU003518,SCH044,2024-07-01,15,13,Unauthorised
ATT202407003519,STU003519,SCH006,2024-07-01,16,14,Unauthorised
ATT202407003520,STU003520,SCH006,2024-07-01,14,13,Other
ATT202407003521,STU003521,SCH044,2024-07-01,14,12,Family
ATT202407003523,STU003523,SCH032,2024-07-01,18,15,Family
ATT202407003524,STU003524,SCH040,2024-07-01,14,11,Illness
ATT202407003525,STU003525,SCH010,2024-07-01,17,13,Other
ATT202407003526,STU003526,SCH037,2024-07-01,14,12,Illness
ATT202407003527,STU003527,SCH034,2024-07-01,18,13,Other
ATT202407003528,STU003528,SCH041,2024-07-01,14,12,Illness
ATT202407003529,STU003529,SCH007,2024-07-01,18,15,Medical
ATT202407003530,STU003530,SCH042,2024-07-01,17,13,Medical
ATT202407003531,STU003531,SCH007,2024-07-01,16,13,Medical
ATT202407003532,STU003532,SCH006,2024-07-01,16,14,Unauthorised
ATT202407003533,STU003533,SCH017,2024-07-01,18,14,Medical
ATT202407003534,STU003534,SCH003,2024-07-01,17,14,Unauthorised
ATT202407003535,STU003535,SCH019,2024-07-01,17,15,Illness
ATT202407003536,STU003536,SCH045,2024-07-01,17,14,Illness
ATT202407003537,STU003537,SCH036,2024-07-01,14,11,Unauthorised
ATT202407003538,STU003538,SCH012,2024-07-01,14,11,Illness
ATT202407003539,STU003539,SCH002,2024-07-01,18,13,Family
ATT202407003540,STU003540,SCH046,2024-07-01,16,14,Medical
ATT202407003541,STU003541,SCH049,2024-07-01,17,14,Other
ATT202407003542,STU003542,SCH023,2024-07-01,14,12,Other
ATT202407003543,STU003543,SCH016,2024-07-01,16,14,Medical
ATT202407003544,STU003544,SCH047,2024-07-01,17,14,Unauthorised
ATT202407003545,STU003545,SCH015,2024-07-01,18,16,Illness
ATT202407003546,STU003546,SCH050,2024-07-01,14,12,Family
ATT202407003547,STU003547,SCH048,2024-07-01,18,15,Unauthorised
ATT202407003548,STU003548,SCH028,2024-07-01,18,15,Other
ATT202407003549,STU003549,SCH014,2024-07-01,17,15,Unauthorised
ATT202407003550,STU003550,SCH021,2024-07-01,17,14,Medical
ATT202407003551,STU003551,SCH004,2024-07-01,14,12,Medical
ATT202407003552,STU003552,SCH015,2024-07-01,14,12,Illness
ATT202407003553,STU003553,SCH004,2024-07-01,17,14,Family
ATT202407003554,STU003554,SCH037,2024-07-01,14,13,Unauthorised
ATT202407003555,STU003555,SCH014,2024-07-01,15,13,Illness
ATT202407003556,STU003556,SCH008,2024-07-01,18,15,Other
ATT202407003557,STU003557,SCH006,2024-07-01,14,12,Medical
ATT202407003558,STU003558,SCH034,2024-07-01,15,11,Medical
ATT202407003559,STU003559,SCH028,2024-07-01,18,16,Illness
ATT202407003561,STU003561,SCH037,2024-07-01,17,15,Medical
ATT202407003562,STU003562,SCH046,2024-07-01,15,13,Family
ATT202407003563,STU003563,SCH021,2024-07-01,17,15,Other
ATT202407003564,STU003564,SCH044,2024-07-01,17,15,Illness
ATT202407003565,STU003565,SCH004,2024-07-01,16,13,Family
ATT202407003566,STU003566,SCH015,2024-07-01,17,14,Medical
ATT202407003567,STU003567,SCH016,2024-07-01,18,16,Family
ATT202407003568,STU003568,SCH024,2024-07-01,18,15,Family
ATT202407003569,STU003569,SCH031,2024-07-01,16,15,Other
ATT202407003570,STU003570,SCH026,2024-07-01,18,17,Family
ATT202407003571,STU003571,SCH014,2024-07-01,18,15,Family
ATT202407003572,STU003572,SCH048,2024-07-01,18,15,Illness
ATT202407003573,STU003573,SCH001,2024-07-01,18,15,Other
ATT202407003574,STU003574,SCH043,2024-07-01,16,14,Illness
ATT202407003575,STU003575,SCH043,2024-07-01,16,13,Illness
ATT202407003576,STU003576,SCH021,2024-07-01,17,13,Medical
ATT202407003577,STU003577,SCH016,2024-07-01,16,14,Family
ATT202407003578,STU003578,SCH043,2024-07-01,16,13,Medical
ATT202407003579,STU003579,SCH025,2024-07-01,18,16,Family
ATT202407003580,STU003580,SCH041,2024-07-01,18,15,Other
ATT202407003581,STU003581,SCH025,2024-07-01,15,12,Unauthorised
ATT202407003582,STU003582,SCH007,2024-07-01,17,14,Illness
ATT202407003583,STU003583,SCH040,2024-07-01,14,12,Other
ATT202407003584,STU003584,SCH005,2024-07-01,15,13,Illness
ATT202407003585,STU003585,SCH015,2024-07-01,17,15,Family
ATT202407003586,STU003586,SCH036,2024-07-01,15,12,Medical
ATT202407003587,STU003587,SCH033,2024-07-01,15,12,Medical
ATT202407003588,STU003588,SCH047,2024-07-01,15,13,Other
ATT202407003589,STU003589,SCH049,2024-07-01,16,12,Unauthorised
ATT202407003590,STU003590,SCH034,2024-07-01,14,11,Unauthorised
ATT202407003591,STU003591,SCH007,2024-07-01,18,14,Family
ATT202407003592,STU003592,SCH036,2024-07-01,18,15,Family
ATT202407003593,STU003593,SCH011,2024-07-01,16,14,Unauthorised
ATT202407003594,STU003594,SCH040,2024-07-01,14,12,Other
ATT202407003595,STU003595,SCH027,2024-07-01,15,12,Unauthorised
ATT202407003596,STU003596,SCH043,2024-07-01,15,12,Unauthorised
ATT202407003597,STU003597,SCH046,2024-07-01,17,14,Illness
ATT202407003598,STU003598,SCH018,2024-07-01,14,12,Family
ATT202407003599,STU003599,SCH031,2024-07-01,14,12,Medical
ATT202407003600,STU003600,SCH008,2024-07-01,15,13,Unauthorised
ATT202407003601,STU003601,SCH040,2024-07-01,14,12,Unauthorised
ATT202407003602,STU003602,SCH032,2024-07-01,14,12,Family
ATT202407003603,STU003603,SCH050,2024-07-01,17,15,Medical
ATT202407003604,STU003604,SCH043,2024-07-01,18,16,Illness
ATT202407003605,STU003605,SCH049,2024-07-01,18,15,Other
ATT202407003606,STU003606,SCH041,2024-07-01,15,11,Other
ATT202407003607,STU003607,SCH007,2024-07-01,17,14,Other
ATT202407003608,STU003608,SCH007,2024-07-01,18,16,Illness
ATT202407003609,STU003609,SCH015,2024-07-01,18,15,Medical
ATT202407003610,STU003610,SCH029,2024-07-01,14,12,Illness
ATT202407003611,STU003611,SCH041,2024-07-01,18,16,Family
ATT202407003612,STU003612,SCH030,2024-07-01,16,14,Illness
ATT202407003613,STU003613,SCH013,2024-07-01,15,14,Unauthorised
ATT202407003614,STU003614,SCH041,2024-07-01,17,14,Illness
ATT202407003615,STU003615,SCH008,2024-07-01,15,13,Medical
ATT202407003616,STU003616,SCH013,2024-07-01,15,14,Illness
ATT202407003617,STU003617,SCH018,2024-07-01,14,13,Illness
ATT202407003618,STU003618,SCH001,2024-07-01,15,13,Medical
ATT202407003619,STU003619,SCH015,2024-07-01,16,15,Medical
ATT202407003620,STU003620,SCH032,2024-07-01,14,12,Unauthorised
ATT202407003621,STU003621,SCH044,2024-07-01,17,14,Illness
ATT202407003622,STU003622,SCH035,2024-07-01,16,14,Medical
ATT202407003623,STU003623,SCH016,2024-07-01,17,15,Unauthorised
ATT202407003624,STU003624,SCH018,2024-07-01,14,12,Medical
ATT202407003625,STU003625,SCH016,2024-07-01,15,13,Unauthorised
ATT202407003626,STU003626,SCH043,2024-07-01,18,15,Unauthorised
ATT202407003627,STU003627,SCH043,2024-07-01,17,15,Medical
ATT202407003628,STU003628,SCH010,2024-07-01,18,15,Family
ATT202407003629,STU003629,SCH046,2024-07-01,18,16,Illness
ATT202407003630,STU003630,SCH016,2024-07-01,15,13,Other
ATT202407003631,STU003631,SCH041,2024-07-01,15,14,Illness
ATT202407003632,STU003632,SCH001,2024-07-01,14,11,Medical
ATT202407003633,STU003633,SCH011,2024-07-01,16,14,Illness
ATT202407003634,STU003634,SCH015,2024-07-01,16,15,Family
ATT202407003635,STU003635,SCH007,2024-07-01,18,16,Illness
ATT202407003636,STU003636,SCH014,2024-07-01,15,12,Family
ATT202407003637,STU003637,SCH048,2024-07-01,17,14,Illness
ATT202407003638,STU003638,SCH050,2024-07-01,16,13,Medical
ATT202407003639,STU003639,SCH048,2024-07-01,15,12,Illness
ATT202407003640,STU003640,SCH034,2024-07-01,17,12,Unauthorised
ATT202407003641,STU003641,SCH029,2024-07-01,16,14,Other
ATT202407003642,STU003642,SCH043,2024-07-01,17,14,Family
ATT202407003643,STU003643,SCH016,2024-07-01,14,11,Illness
ATT202407003644,STU003644,SCH021,2024-07-01,17,14,Family
ATT202407003645,STU003645,SCH034,2024-07-01,16,12,Medical
ATT202407003646,STU003646,SCH001,2024-07-01,17,14,Illness
ATT202407003647,STU003647,SCH001,2024-07-01,16,13,Family
ATT202407003648,STU003648,SCH032,2024-07-01,16,14,Other
ATT202407003649,STU003649,SCH019,2024-07-01,16,13,Illness
ATT202407003650,STU003650,SCH029,2024-07-01,18,15,Unauthorised
ATT202407003651,STU003651,SCH032,2024-07-01,15,13,Unauthorised
ATT202407003652,STU003652,SCH021,2024-07-01,16,13,Family
ATT202407003653,STU003653,SCH045,2024-07-01,15,13,Medical
ATT202407003654,STU003654,SCH013,2024-07-01,18,16,Medical
ATT202407003655,STU003655,SCH025,2024-07-01,15,12,Medical
ATT202407003656,STU003656,SCH040,2024-07-01,15,13,Family
ATT202407003657,STU003657,SCH038,2024-07-01,18,15,Illness
ATT202407003658,STU003658,SCH008,2024-07-01,17,14,Medical
ATT202407003659,STU003659,SCH006,2024-07-01,18,15,Other
ATT202407003660,STU003660,SCH015,2024-07-01,18,16,Other
ATT202407003661,STU003661,SCH021,2024-07-01,16,13,Other
ATT202407003662,STU003662,SCH033,2024-07-01,17,15,Unauthorised
ATT202407003663,STU003663,SCH040,2024-07-01,16,13,Family
ATT202407003664,STU003664,SCH014,2024-07-01,17,14,Family
ATT202407003665,STU003665,SCH043,2024-07-01,15,12,Family
ATT202407003666,STU003666,SCH007,2024-07-01,14,13,Illness
ATT202407003667,STU003667,SCH040,2024-07-01,16,14,Family
ATT202407003668,STU003668,SCH030,2024-07-01,18,16,Medical
ATT202407003669,STU003669,SCH039,2024-07-01,14,12,Unauthorised
ATT202407003670,STU003670,SCH025,2024-07-01,15,13,Other
ATT202407003671,STU003671,SCH023,2024-07-01,17,14,Other
ATT202407003672,STU003672,SCH042,2024-07-01,17,12,Illness
ATT202407003673,STU003673,SCH041,2024-07-01,15,14,Other
ATT202407003674,STU003674,SCH004,2024-07-01,18,15,Family
ATT202407003675,STU003675,SCH025,2024-07-01,14,12,Other
ATT202407003676,STU003676,SCH041,2024-07-01,14,12,Other
ATT202407003677,STU003677,SCH028,2024-07-01,17,13,Illness
ATT202407003678,STU003678,SCH025,2024-07-01,16,14,Illness
ATT202407003679,STU003679,SCH021,2024-07-01,17,14,Other
ATT202407003680,STU003680,SCH018,2024-07-01,15,13,Illness
ATT202407003681,STU003681,SCH005,2024-07-01,17,14,Unauthorised
ATT202407003682,STU003682,SCH011,2024-07-01,16,14,Unauthorised
ATT202407003683,STU003683,SCH003,2024-07-01,15,12,Family
ATT202407003684,STU003684,SCH025,2024-07-01,16,14,Illness
ATT202407003685,STU003685,SCH034,2024-07-01,15,12,Family
ATT202407003686,STU003686,SCH042,2024-07-01,18,13,Unauthorised
ATT202407003687,STU003687,SCH037,2024-07-01,16,14,Illness
ATT202407003688,STU003688,SCH047,2024-07-01,17,15,Unauthorised
ATT202407003689,STU003689,SCH003,2024-07-01,18,16,Other
ATT202407003690,STU003690,SCH035,2024-07-01,18,14,Unauthorised
ATT202407003691,STU003691,SCH010,2024-07-01,14,12,Illness
ATT202407003692,STU003692,SCH011,2024-07-01,18,14,Medical
ATT202407003693,STU003693,SCH035,2024-07-01,18,14,Other
ATT202407003694,STU003694,SCH035,2024-07-01,16,13,Unauthorised
ATT202407003695,STU003695,SCH040,2024-07-01,18,15,Other
ATT202407003696,STU003696,SCH014,2024-07-01,16,14,Family
ATT202407003697,STU003697,SCH009,2024-07-01,16,14,Family
ATT202407003698,STU003698,SCH010,2024-07-01,17,14,Medical
ATT202407003699,STU003699,SCH015,2024-07-01,16,13,Family
ATT202407003700,STU003700,SCH030,2024-07-01,14,12,Illness
ATT202407003701,STU003701,SCH048,2024-07-01,17,15,Unauthorised
ATT202407003702,STU003702,SCH020,2024-07-01,18,16,Unauthorised
ATT202407003703,STU003703,SCH032,2024-07-01,16,14,Family
ATT202407003704,STU003704,SCH029,2024-07-01,17,15,Medical
ATT202407003705,STU003705,SCH045,2024-07-01,16,14,Family
ATT202407003706,STU003706,SCH037,2024-07-01,18,16,Illness
ATT202407003707,STU003707,SCH036,2024-07-01,17,15,Unauthorised
ATT202407003708,STU003708,SCH012,2024-07-01,18,15,Unauthorised
ATT202407003709,STU003709,SCH013,2024-07-01,15,14,Unauthorised
ATT202407003710,STU003710,SCH012,2024-07-01,18,15,Unauthorised
ATT202407003711,STU003711,SCH014,2024-07-01,14,11,Medical
ATT202407003712,STU003712,SCH030,2024-07-01,14,12,Family
ATT202407003713,STU003713,SCH030,2024-07-01,15,13,Illness
ATT202407003714,STU003714,SCH004,2024-07-01,14,12,Family
ATT202407003715,STU003715,SCH020,2024-07-01,18,15,Family
ATT202407003716,STU003716,SCH050,2024-07-01,17,14,Other
ATT202407003717,STU003717,SCH039,2024-07-01,18,15,Unauthorised
ATT202407003718,STU003718,SCH040,2024-07-01,15,13,Family
ATT202407003719,STU003719,SCH016,2024-07-01,14,12,Other
ATT202407003720,STU003720,SCH026,2024-07-01,16,14,Medical
ATT202407003721,STU003721,SCH024,2024-07-01,16,13,Family
ATT202407003722,STU003722,SCH033,2024-07-01,18,16,Other
ATT202407003723,STU003723,SCH032,2024-07-01,15,12,Other
ATT202407003724,STU003724,SCH021,2024-07-01,14,12,Medical
ATT202407003725,STU003725,SCH013,2024-07-01,16,14,Illness
ATT202407003726,STU003726,SCH025,2024-07-01,14,12,Medical
ATT202407003727,STU003727,SCH002,2024-07-01,17,13,Medical
ATT202407003728,STU003728,SCH049,2024-07-01,17,14,Unauthorised
ATT202407003729,STU003729,SCH028,2024-07-01,18,15,Medical
ATT202407003730,STU003730,SCH035,2024-07-01,16,12,Medical
ATT202407003731,STU003731,SCH002,2024-07-01,15,11,Illness
ATT202407003732,STU003732,SCH031,2024-07-01,17,14,Illness
ATT202407003733,STU003733,SCH050,2024-07-01,16,14,Family
ATT202407003734,STU003734,SCH044,2024-07-01,16,13,Other
ATT202407003735,STU003735,SCH004,2024-07-01,15,13,Medical
ATT202407003736,STU003736,SCH043,2024-07-01,18,14,Other
ATT202407003737,STU003737,SCH013,2024-07-01,14,12,Illness
ATT202407003738,STU003738,SCH006,2024-07-01,14,12,Medical
ATT202407003739,STU003739,SCH035,2024-07-01,14,12,Medical
ATT202407003740,STU003740,SCH033,2024-07-01,14,12,Unauthorised
ATT202407003741,STU003741,SCH036,2024-07-01,14,12,Other
ATT202407003742,STU003742,SCH024,2024-07-01,16,14,Illness
ATT202407003743,STU003743,SCH016,2024-07-01,16,15,Family
ATT202407003744,STU003744,SCH037,2024-07-01,14,12,Unauthorised
ATT202407003745,STU003745,SCH037,2024-07-01,14,12,Unauthorised
ATT202407003746,STU003746,SCH035,2024-07-01,16,11,Other
ATT202407003747,STU003747,SCH007,2024-07-01,15,12,Family
ATT202407003748,STU003748,SCH027,2024-07-01,14,12,Other
ATT202407003749,STU003749,SCH014,2024-07-01,17,15,Family
ATT202407003750,STU003750,SCH027,2024-07-01,18,13,Family
ATT202407003751,STU003751,SCH002,2024-07-01,18,14,Medical
ATT202407003752,STU003752,SCH045,2024-07-01,18,16,Family
ATT202407003753,STU003753,SCH048,2024-07-01,18,15,Other
ATT202407003754,STU003754,SCH031,2024-07-01,17,15,Other
ATT202407003755,STU003755,SCH027,2024-07-01,16,13,Family
ATT202407003756,STU003756,SCH007,2024-07-01,14,12,Other
ATT202407003757,STU003757,SCH013,2024-07-01,14,12,Family
ATT202407003758,STU003758,SCH003,2024-07-01,18,15,Illness
ATT202407003759,STU003759,SCH040,2024-07-01,14,12,Family
ATT202407003760,STU003760,SCH016,2024-07-01,17,14,Illness
ATT202407003761,STU003761,SCH036,2024-07-01,15,14,Medical
ATT202407003762,STU003762,SCH029,2024-07-01,14,12,Illness
ATT202407003763,STU003763,SCH017,2024-07-01,15,13,Medical
ATT202407003764,STU003764,SCH037,2024-07-01,16,13,Family
ATT202407003765,STU003765,SCH047,2024-07-01,15,14,Other
ATT202407003766,STU003766,SCH029,2024-07-01,14,12,Family
ATT202407003767,STU003767,SCH049,2024-07-01,15,12,Medical
ATT202407003768,STU003768,SCH040,2024-07-01,15,13,Family
ATT202407003769,STU003769,SCH020,2024-07-01,15,14,Family
ATT202407003770,STU003770,SCH014,2024-07-01,18,16,Medical
ATT202407003771,STU003771,SCH050,2024-07-01,17,15,Medical
ATT202407003772,STU003772,SCH017,2024-07-01,16,13,Illness
ATT202407003773,STU003773,SCH039,2024-07-01,15,13,Medical
ATT202407003774,STU003774,SCH012,2024-07-01,15,12,Other
ATT202407003775,STU003775,SCH008,2024-07-01,17,14,Medical
ATT202407003776,STU003776,SCH046,2024-07-01,17,14,Illness
ATT202407003777,STU003777,SCH039,2024-07-01,18,17,Other
ATT202407003778,STU003778,SCH006,2024-07-01,14,12,Other
ATT202407003779,STU003779,SCH040,2024-07-01,17,15,Unauthorised
ATT202407003780,STU003780,SCH041,2024-07-01,16,14,Illness
ATT202407003781,STU003781,SCH034,2024-07-01,16,12,Illness
ATT202407003782,STU003782,SCH047,2024-07-01,15,13,Other
ATT202407003783,STU003783,SCH050,2024-07-01,17,15,Family
ATT202407003784,STU003784,SCH034,2024-07-01,17,12,Unauthorised
ATT202407003785,STU003785,SCH034,2024-07-01,15,12,Illness
ATT202407003786,STU003786,SCH018,2024-07-01,18,16,Unauthorised
ATT202407003787,STU003787,SCH032,2024-07-01,16,14,Illness
ATT202407003788,STU003788,SCH032,2024-07-01,15,12,Unauthorised
ATT202407003789,STU003789,SCH032,2024-07-01,17,15,Illness
ATT202407003790,STU003790,SCH020,2024-07-01,14,11,Family
ATT202407003791,STU003791,SCH014,2024-07-01,17,14,Illness
ATT202407003792,STU003792,SCH001,2024-07-01,14,10,Illness
ATT202407003793,STU003793,SCH017,2024-07-01,14,11,Other
ATT202407003794,STU003794,SCH020,2024-07-01,14,12,Unauthorised
ATT202407003795,STU003795,SCH025,2024-07-01,18,14,Medical
ATT202407003796,STU003796,SCH006,2024-07-01,14,12,Medical
ATT202407003797,STU003797,SCH003,2024-07-01,18,16,Medical
ATT202407003798,STU003798,SCH012,2024-07-01,18,14,Unauthorised
ATT202407003799,STU003799,SCH033,2024-07-01,18,14,Illness
ATT202407003800,STU003800,SCH029,2024-07-01,14,12,Medical
ATT202407003801,STU003801,SCH046,2024-07-01,16,14,Unauthorised
ATT202407003802,STU003802,SCH021,2024-07-01,15,11,Unauthorised
ATT202407003803,STU003803,SCH003,2024-07-01,18,15,Illness
ATT202407003804,STU003804,SCH005,2024-07-01,16,13,Medical
ATT202407003805,STU003805,SCH039,2024-07-01,16,14,Unauthorised
ATT202407003806,STU003806,SCH043,2024-07-01,18,14,Illness
ATT202407003807,STU003807,SCH016,2024-07-01,17,15,Illness
ATT202407003808,STU003808,SCH015,2024-07-01,14,12,Unauthorised
ATT202407003809,STU003809,SCH006,2024-07-01,16,14,Medical
ATT202407003810,STU003810,SCH018,2024-07-01,14,12,Illness
ATT202407003811,STU003811,SCH031,2024-07-01,14,12,Other
ATT202407003812,STU003812,SCH013,2024-07-01,16,14,Unauthorised
ATT202407003813,STU003813,SCH008,2024-07-01,17,14,Medical
ATT202407003814,STU003814,SCH011,2024-07-01,16,14,Family
ATT202407003815,STU003815,SCH023,2024-07-01,18,14,Family
ATT202407003816,STU003816,SCH013,2024-07-01,14,12,Other
ATT202407003817,STU003817,SCH021,2024-07-01,16,13,Family
ATT202407003818,STU003818,SCH008,2024-07-01,14,12,Family
ATT202407003819,STU003819,SCH032,2024-07-01,15,12,Other
ATT202407003820,STU003820,SCH010,2024-07-01,18,14,Medical
ATT202407003821,STU003821,SCH041,2024-07-01,17,14,Medical
ATT202407003822,STU003822,SCH005,2024-07-01,14,12,Other
ATT202407003823,STU003823,SCH015,2024-07-01,16,14,Medical
ATT202407003824,STU003824,SCH034,2024-07-01,16,12,Medical
ATT202407003825,STU003825,SCH036,2024-07-01,18,16,Unauthorised
ATT202407003826,STU003826,SCH032,2024-07-01,17,14,Medical
ATT202407003827,STU003827,SCH005,2024-07-01,16,13,Family
ATT202407003828,STU003828,SCH050,2024-07-01,15,12,Unauthorised
ATT202407003829,STU003829,SCH043,2024-07-01,16,13,Medical
ATT202407003830,STU003830,SCH046,2024-07-01,17,14,Family
ATT202407003831,STU003831,SCH019,2024-07-01,17,14,Unauthorised
ATT202407003832,STU003832,SCH014,2024-07-01,14,12,Other
ATT202407003833,STU003833,SCH037,2024-07-01,16,14,Medical
ATT202407003834,STU003834,SCH030,2024-07-01,16,13,Unauthorised
ATT202407003835,STU003835,SCH040,2024-07-01,18,15,Other
ATT202407003836,STU003836,SCH021,2024-07-01,18,13,Medical
ATT202407003837,STU003837,SCH036,2024-07-01,15,12,Other
ATT202407003838,STU003838,SCH043,2024-07-01,17,15,Medical
ATT202407003839,STU003839,SCH036,2024-07-01,15,13,Family
ATT202407003840,STU003840,SCH028,2024-07-01,15,12,Illness
ATT202407003841,STU003841,SCH035,2024-07-01,17,13,Other
ATT202407003842,STU003842,SCH008,2024-07-01,14,12,Medical
ATT202407003843,STU003843,SCH031,2024-07-01,14,12,Unauthorised
ATT202407003844,STU003844,SCH031,2024-07-01,16,14,Unauthorised
ATT202407003845,STU003845,SCH029,2024-07-01,17,14,Other
ATT202407003847,STU003847,SCH001,2024-07-01,18,15,Other
ATT202407003848,STU003848,SCH007,2024-07-01,17,14,Illness
ATT202407003849,STU003849,SCH015,2024-07-01,14,12,Illness
ATT202407003850,STU003850,SCH011,2024-07-01,15,13,Unauthorised
ATT202407003851,STU003851,SCH046,2024-07-01,17,14,Family
ATT202407003852,STU003852,SCH019,2024-07-01,17,15,Unauthorised
ATT202407003853,STU003853,SCH043,2024-07-01,15,12,Medical
ATT202407003854,STU003854,SCH048,2024-07-01,17,16,Unauthorised
ATT202407003855,STU003855,SCH042,2024-07-01,18,15,Medical
ATT202407003856,STU003856,SCH003,2024-07-01,18,15,Family
ATT202407003857,STU003857,SCH038,2024-07-01,17,15,Illness
ATT202407003858,STU003858,SCH032,2024-07-01,17,15,Medical
ATT202407003859,STU003859,SCH026,2024-07-01,15,12,Unauthorised
ATT202407003860,STU003860,SCH015,2024-07-01,14,12,Other
ATT202407003861,STU003861,SCH035,2024-07-01,18,15,Other
ATT202407003862,STU003862,SCH017,2024-07-01,14,11,Unauthorised
ATT202407003863,STU003863,SCH007,2024-07-01,15,13,Other
ATT202407003864,STU003864,SCH032,2024-07-01,14,12,Family
ATT202407003865,STU003865,SCH022,2024-07-01,16,13,Other
ATT202407003866,STU003866,SCH024,2024-07-01,16,14,Unauthorised
ATT202407003867,STU003867,SCH026,2024-07-01,18,16,Medical
ATT202407003868,STU003868,SCH033,2024-07-01,15,13,Medical
ATT202407003869,STU003869,SCH017,2024-07-01,18,15,Illness
ATT202407003870,STU003870,SCH030,2024-07-01,15,13,Medical
ATT202407003871,STU003871,SCH015,2024-07-01,15,13,Other
ATT202407003872,STU003872,SCH041,2024-07-01,18,16,Medical
ATT202407003873,STU003873,SCH023,2024-07-01,14,12,Medical
ATT202407003874,STU003874,SCH011,2024-07-01,15,13,Medical
ATT202407003875,STU003875,SCH006,2024-07-01,14,11,Medical
ATT202407003876,STU003876,SCH036,2024-07-01,14,12,Illness
ATT202407003877,STU003877,SCH012,2024-07-01,14,11,Family
ATT202407003878,STU003878,SCH008,2024-07-01,15,13,Illness
ATT202407003879,STU003879,SCH037,2024-07-01,15,12,Unauthorised
ATT202407003880,STU003880,SCH026,2024-07-01,18,16,Unauthorised
ATT202407003881,STU003881,SCH010,2024-07-01,18,15,Unauthorised
ATT202407003882,STU003882,SCH020,2024-07-01,16,14,Other
ATT202407003883,STU003883,SCH018,2024-07-01,16,14,Unauthorised
ATT202407003884,STU003884,SCH022,2024-07-01,14,11,Unauthorised
ATT202407003885,STU003885,SCH032,2024-07-01,16,14,Medical
ATT202407003886,STU003886,SCH020,2024-07-01,16,14,Illness
ATT202407003887,STU003887,SCH050,2024-07-01,17,13,Medical
ATT202407003888,STU003888,SCH044,2024-07-01,17,14,Unauthorised
ATT202407003889,STU003889,SCH030,2024-07-01,18,15,Family
ATT202407003890,STU003890,SCH032,2024-07-01,18,16,Illness
ATT202407003891,STU003891,SCH013,2024-07-01,14,11,Family
ATT202407003892,STU003892,SCH009,2024-07-01,15,13,Family
ATT202407003893,STU003893,SCH048,2024-07-01,18,17,Family
ATT202407003894,STU003894,SCH022,2024-07-01,16,13,Family
ATT202407003895,STU003895,SCH044,2024-07-01,15,12,Family
ATT202407003896,STU003896,SCH029,2024-07-01,15,13,Illness
ATT202407003897,STU003897,SCH003,2024-07-01,16,15,Unauthorised
ATT202407003898,STU003898,SCH045,2024-07-01,15,12,Illness
ATT202407003899,STU003899,SCH037,2024-07-01,18,16,Other
ATT202407003900,STU003900,SCH004,2024-07-01,15,13,Family
ATT202407003901,STU003901,SCH045,2024-07-01,16,14,Medical
ATT202407003902,STU003902,SCH002,2024-07-01,17,13,Illness
ATT202407003903,STU003903,SCH038,2024-07-01,18,14,Medical
ATT202407003904,STU003904,SCH007,2024-07-01,17,14,Unauthorised
ATT202407003905,STU003905,SCH042,2024-07-01,17,13,Medical
ATT202407003906,STU003906,SCH026,2024-07-01,16,14,Medical
ATT202407003907,STU003907,SCH040,2024-07-01,15,13,Illness
ATT202407003908,STU003908,SCH004,2024-07-01,14,12,Illness
ATT202407003909,STU003909,SCH034,2024-07-01,14,12,Unauthorised
ATT202407003910,STU003910,SCH010,2024-07-01,18,15,Medical
ATT202407003911,STU003911,SCH004,2024-07-01,16,14,Other
ATT202407003912,STU003912,SCH013,2024-07-01,18,14,Illness
ATT202407003913,STU003913,SCH012,2024-07-01,17,15,Other
ATT202407003914,STU003914,SCH050,2024-07-01,14,12,Illness
ATT202407003915,STU003915,SCH014,2024-07-01,16,13,Illness
ATT202407003916,STU003916,SCH017,2024-07-01,14,11,Medical
ATT202407003917,STU003917,SCH005,2024-07-01,14,12,Unauthorised
ATT202407003918,STU003918,SCH004,2024-07-01,18,15,Unauthorised
ATT202407003919,STU003919,SCH035,2024-07-01,18,14,Other
ATT202407003920,STU003920,SCH011,2024-07-01,18,17,Medical
ATT202407003921,STU003921,SCH025,2024-07-01,15,13,Illness
ATT202407003922,STU003922,SCH049,2024-07-01,17,13,Unauthorised
ATT202407003923,STU003923,SCH021,2024-07-01,17,13,Unauthorised
ATT202407003924,STU003924,SCH034,2024-07-01,18,15,Family
ATT202407003925,STU003925,SCH021,2024-07-01,15,12,Illness
ATT202407003926,STU003926,SCH025,2024-07-01,14,13,Unauthorised
ATT202407003927,STU003927,SCH038,2024-07-01,18,15,Medical
ATT202407003928,STU003928,SCH003,2024-07-01,14,12,Family
ATT202407003929,STU003929,SCH028,2024-07-01,18,15,Unauthorised
ATT202407003930,STU003930,SCH007,2024-07-01,18,15,Other
ATT202407003931,STU003931,SCH047,2024-07-01,18,16,Medical
ATT202407003932,STU003932,SCH007,2024-07-01,15,12,Other
ATT202407003933,STU003933,SCH023,2024-07-01,14,12,Other
ATT202407003934,STU003934,SCH048,2024-07-01,17,14,Family
ATT202407003935,STU003935,SCH037,2024-07-01,14,11,Other
ATT202407003936,STU003936,SCH039,2024-07-01,16,13,Family
ATT202407003937,STU003937,SCH020,2024-07-01,15,12,Unauthorised
ATT202407003938,STU003938,SCH025,2024-07-01,18,15,Unauthorised
ATT202407003939,STU003939,SCH001,2024-07-01,15,11,Unauthorised
ATT202407003940,STU003940,SCH026,2024-07-01,14,13,Family
ATT202407003941,STU003941,SCH030,2024-07-01,16,13,Family
ATT202407003942,STU003942,SCH013,2024-07-01,15,14,Medical
ATT202407003943,STU003943,SCH012,2024-07-01,15,13,Medical
ATT202407003944,STU003944,SCH045,2024-07-01,17,16,Illness
ATT202407003945,STU003945,SCH025,2024-07-01,16,13,Medical
ATT202407003946,STU003946,SCH006,2024-07-01,16,14,Medical
ATT202407003947,STU003947,SCH038,2024-07-01,18,16,Medical
ATT202407003948,STU003948,SCH022,2024-07-01,18,14,Family
ATT202407003949,STU003949,SCH045,2024-07-01,16,13,Medical
ATT202407003950,STU003950,SCH012,2024-07-01,17,15,Family
ATT202407003951,STU003951,SCH035,2024-07-01,15,13,Unauthorised
ATT202407003952,STU003952,SCH003,2024-07-01,15,13,Unauthorised
ATT202407003953,STU003953,SCH027,2024-07-01,15,12,Illness
ATT202407003954,STU003954,SCH044,2024-07-01,14,11,Unauthorised
ATT202407003955,STU003955,SCH048,2024-07-01,18,16,Other
ATT202407003956,STU003956,SCH048,2024-07-01,17,16,Medical
ATT202407003957,STU003957,SCH014,2024-07-01,14,12,Unauthorised
ATT202407003958,STU003958,SCH011,2024-07-01,15,12,Family
ATT202407003959,STU003959,SCH001,2024-07-01,15,11,Medical
ATT202407003960,STU003960,SCH003,2024-07-01,14,12,Other
ATT202407003961,STU003961,SCH016,2024-07-01,16,14,Family
ATT202407003962,STU003962,SCH021,2024-07-01,16,13,Illness
ATT202407003963,STU003963,SCH031,2024-07-01,18,17,Illness
ATT202407003964,STU003964,SCH026,2024-07-01,15,13,Medical
ATT202407003965,STU003965,SCH038,2024-07-01,14,11,Illness
ATT202407003966,STU003966,SCH011,2024-07-01,18,16,Medical
ATT202407003967,STU003967,SCH044,2024-07-01,18,15,Illness
ATT202407003968,STU003968,SCH041,2024-07-01,17,15,Medical
ATT202407003969,STU003969,SCH047,2024-07-01,18,16,Medical
ATT202407003970,STU003970,SCH036,2024-07-01,17,16,Illness
ATT202407003971,STU003971,SCH047,2024-07-01,14,12,Other
ATT202407003972,STU003972,SCH003,2024-07-01,16,14,Medical
ATT202407003973,STU003973,SCH032,2024-07-01,14,12,Unauthorised
ATT202407003974,STU003974,SCH004,2024-07-01,14,12,Family
ATT202407003975,STU003975,SCH043,2024-07-01,18,15,Illness
ATT202407003976,STU003976,SCH022,2024-07-01,17,14,Family
ATT202407003977,STU003977,SCH035,2024-07-01,18,14,Illness
ATT202407003978,STU003978,SCH048,2024-07-01,14,12,Medical
ATT202407003979,STU003979,SCH008,2024-07-01,18,15,Family
ATT202407003980,STU003980,SCH044,2024-07-01,14,12,Illness
ATT202407003981,STU003981,SCH024,2024-07-01,14,12,Unauthorised
ATT202407003982,STU003982,SCH040,2024-07-01,17,15,Family
ATT202407003983,STU003983,SCH007,2024-07-01,16,14,Unauthorised
ATT202407003984,STU003984,SCH029,2024-07-01,16,13,Illness
ATT202407003985,STU003985,SCH023,2024-07-01,15,12,Medical
ATT202407003986,STU003986,SCH001,2024-07-01,18,16,Family
ATT202407003987,STU003987,SCH023,2024-07-01,16,13,Family
ATT202407003988,STU003988,SCH012,2024-07-01,16,15,Other
ATT202407003989,STU003989,SCH020,2024-07-01,15,13,Family
ATT202407003990,STU003990,SCH031,2024-07-01,16,15,Illness
ATT202407003991,STU003991,SCH043,2024-07-01,14,12,Unauthorised
ATT202407003992,STU003992,SCH031,2024-07-01,18,16,Family
ATT202407003993,STU003993,SCH011,2024-07-01,16,14,Other
ATT202407003994,STU003994,SCH032,2024-07-01,15,13,Illness
ATT202407003995,STU003995,SCH025,2024-07-01,14,13,Unauthorised
ATT202407003996,STU003996,SCH042,2024-07-01,17,12,Medical
ATT202407003997,STU003997,SCH031,2024-07-01,18,15,Family
ATT202407003998,STU003998,SCH031,2024-07-01,15,12,Unauthorised
ATT202407003999,STU003999,SCH048,2024-07-01,16,13,Medical
ATT202407004000,STU004000,SCH050,2024-07-01,14,11,Family
ATT202407004001,STU004001,SCH043,2024-07-01,15,12,Unauthorised
ATT202407004003,STU004003,SCH002,2024-07-01,17,14,Illness
ATT202407004004,STU004004,SCH002,2024-07-01,17,14,Unauthorised
ATT202407004005,STU004005,SCH035,2024-07-01,16,13,Unauthorised
ATT202407004006,STU004006,SCH022,2024-07-01,17,13,Unauthorised
ATT202407004007,STU004007,SCH021,2024-07-01,16,12,Medical
ATT202407004008,STU004008,SCH050,2024-07-01,17,14,Medical
ATT202407004009,STU004009,SCH049,2024-07-01,16,13,Family
ATT202407004010,STU004010,SCH049,2024-07-01,14,11,Illness
ATT202407004011,STU004011,SCH002,2024-07-01,16,12,Unauthorised
ATT202407004012,STU004012,SCH029,2024-07-01,14,12,Illness
ATT202407004013,STU004013,SCH012,2024-07-01,18,15,Medical
ATT202407004014,STU004014,SCH024,2024-07-01,16,14,Unauthorised
ATT202407004015,STU004015,SCH037,2024-07-01,15,13,Illness
ATT202407004016,STU004016,SCH004,2024-07-01,17,16,Unauthorised
ATT202407004017,STU004017,SCH033,2024-07-01,16,12,Family
ATT202407004018,STU004018,SCH003,2024-07-01,17,15,Medical
ATT202407004019,STU004019,SCH025,2024-07-01,17,14,Illness
ATT202407004020,STU004020,SCH012,2024-07-01,18,15,Medical
ATT202407004021,STU004021,SCH007,2024-07-01,17,13,Illness
ATT202407004022,STU004022,SCH020,2024-07-01,14,12,Unauthorised
ATT202407004023,STU004023,SCH026,2024-07-01,15,13,Other
ATT202407004024,STU004024,SCH044,2024-07-01,15,12,Family
ATT202407004025,STU004025,SCH024,2024-07-01,14,11,Illness
ATT202407004026,STU004026,SCH010,2024-07-01,17,12,Unauthorised
ATT202407004027,STU004027,SCH031,2024-07-01,17,14,Unauthorised
ATT202407004028,STU004028,SCH001,2024-07-01,17,15,Unauthorised
ATT202407004029,STU004029,SCH025,2024-07-01,18,16,Medical
ATT202407004030,STU004030,SCH023,2024-07-01,16,14,Family
ATT202407004031,STU004031,SCH007,2024-07-01,14,12,Medical
ATT202407004032,STU004032,SCH041,2024-07-01,16,13,Medical
ATT202407004033,STU004033,SCH014,2024-07-01,17,15,Medical
ATT202407004034,STU004034,SCH012,2024-07-01,16,13,Family
ATT202407004035,STU004035,SCH050,2024-07-01,15,13,Medical
ATT202407004036,STU004036,SCH016,2024-07-01,14,13,Family
ATT202407004037,STU004037,SCH013,2024-07-01,18,14,Unauthorised
ATT202407004038,STU004038,SCH033,2024-07-01,14,13,Medical
ATT202407004039,STU004039,SCH033,2024-07-01,17,15,Illness
ATT202407004040,STU004040,SCH017,2024-07-01,14,10,Unauthorised
ATT202407004041,STU004041,SCH009,2024-07-01,17,15,Unauthorised
ATT202407004042,STU004042,SCH025,2024-07-01,15,12,Family
ATT202407004043,STU004043,SCH027,2024-07-01,18,15,Illness
ATT202407004044,STU004044,SCH039,2024-07-01,14,12,Family
ATT202407004045,STU004045,SCH015,2024-07-01,14,12,Family
ATT202407004046,STU004046,SCH045,2024-07-01,14,12,Other
ATT202407004047,STU004047,SCH043,2024-07-01,14,11,Medical
ATT202407004048,STU004048,SCH019,2024-07-01,17,14,Illness
ATT202407004049,STU004049,SCH010,2024-07-01,18,16,Medical
ATT202407004050,STU004050,SCH008,2024-07-01,15,12,Unauthorised
ATT202407004051,STU004051,SCH006,2024-07-01,14,12,Other
ATT202407004052,STU004052,SCH005,2024-07-01,16,13,Unauthorised
ATT202407004053,STU004053,SCH027,2024-07-01,17,14,Unauthorised
ATT202407004054,STU004054,SCH016,2024-07-01,18,14,Unauthorised
ATT202407004055,STU004055,SCH017,2024-07-01,14,12,Family
ATT202407004056,STU004056,SCH040,2024-07-01,17,14,Other
ATT202407004057,STU004057,SCH017,2024-07-01,15,10,Family
ATT202407004058,STU004058,SCH029,2024-07-01,15,12,Other
ATT202407004059,STU004059,SCH005,2024-07-01,17,16,Unauthorised
ATT202407004060,STU004060,SCH001,2024-07-01,14,11,Family
ATT202407004061,STU004061,SCH050,2024-07-01,15,12,Other
ATT202407004062,STU004062,SCH018,2024-07-01,18,17,Family
ATT202407004063,STU004063,SCH006,2024-07-01,15,13,Medical
ATT202407004064,STU004064,SCH041,2024-07-01,18,15,Unauthorised
ATT202407004065,STU004065,SCH022,2024-07-01,15,13,Illness
ATT202407004066,STU004066,SCH007,2024-07-01,18,14,Illness
ATT202407004067,STU004067,SCH047,2024-07-01,18,16,Other
ATT202407004068,STU004068,SCH023,2024-07-01,16,14,Illness
ATT202407004069,STU004069,SCH008,2024-07-01,18,17,Illness
ATT202407004070,STU004070,SCH037,2024-07-01,14,12,Family
ATT202407004071,STU004071,SCH046,2024-07-01,14,12,Other
ATT202407004072,STU004072,SCH001,2024-07-01,18,14,Family
ATT202407004073,STU004073,SCH032,2024-07-01,17,15,Family
ATT202407004074,STU004074,SCH033,2024-07-01,18,15,Unauthorised
ATT202407004075,STU004075,SCH037,2024-07-01,16,14,Illness
ATT202407004076,STU004076,SCH049,2024-07-01,15,12,Other
ATT202407004077,STU004077,SCH007,2024-07-01,18,15,Unauthorised
ATT202407004078,STU004078,SCH048,2024-07-01,17,14,Medical
ATT202407004079,STU004079,SCH022,2024-07-01,16,13,Family
ATT202407004080,STU004080,SCH022,2024-07-01,18,14,Family
ATT202407004081,STU004081,SCH016,2024-07-01,17,14,Other
ATT202407004082,STU004082,SCH014,2024-07-01,16,13,Unauthorised
ATT202407004083,STU004083,SCH020,2024-07-01,18,15,Other
ATT202407004084,STU004084,SCH044,2024-07-01,14,13,Unauthorised
ATT202407004085,STU004085,SCH015,2024-07-01,14,11,Family
ATT202407004086,STU004086,SCH027,2024-07-01,15,13,Family
ATT202407004087,STU004087,SCH001,2024-07-01,18,13,Illness
ATT202407004088,STU004088,SCH048,2024-07-01,16,14,Medical
ATT202407004089,STU004089,SCH048,2024-07-01,14,12,Unauthorised
ATT202407004090,STU004090,SCH015,2024-07-01,14,13,Other
ATT202407004091,STU004091,SCH008,2024-07-01,17,15,Medical
ATT202407004092,STU004092,SCH017,2024-07-01,15,13,Unauthorised
ATT202407004093,STU004093,SCH035,2024-07-01,18,14,Medical
ATT202407004094,STU004094,SCH045,2024-07-01,17,15,Family
ATT202407004095,STU004095,SCH047,2024-07-01,17,14,Medical
ATT202407004096,STU004096,SCH009,2024-07-01,18,14,Family
ATT202407004097,STU004097,SCH016,2024-07-01,17,15,Illness
ATT202407004098,STU004098,SCH046,2024-07-01,17,14,Family
ATT202407004099,STU004099,SCH012,2024-07-01,18,16,Family
ATT202407004100,STU004100,SCH035,2024-07-01,15,12,Illness
ATT202407004101,STU004101,SCH037,2024-07-01,15,13,Illness
ATT202407004102,STU004102,SCH050,2024-07-01,14,11,Unauthorised
ATT202407004103,STU004103,SCH038,2024-07-01,15,12,Family
ATT202407004104,STU004104,SCH008,2024-07-01,16,13,Unauthorised
ATT202407004105,STU004105,SCH023,2024-07-01,16,12,Medical
ATT202407004106,STU004106,SCH022,2024-07-01,18,14,Medical
ATT202407004107,STU004107,SCH034,2024-07-01,14,12,Unauthorised
ATT202407004108,STU004108,SCH003,2024-07-01,15,13,Illness
ATT202407004109,STU004109,SCH044,2024-07-01,14,11,Other
ATT202407004110,STU004110,SCH020,2024-07-01,18,16,Family
ATT202407004111,STU004111,SCH033,2024-07-01,18,16,Unauthorised
ATT202407004112,STU004112,SCH005,2024-07-01,14,11,Unauthorised
ATT202407004113,STU004113,SCH006,2024-07-01,16,13,Family
ATT202407004114,STU004114,SCH048,2024-07-01,17,14,Medical
ATT202407004115,STU004115,SCH044,2024-07-01,16,14,Medical
ATT202407004116,STU004116,SCH048,2024-07-01,15,13,Family
ATT202407004117,STU004117,SCH013,2024-07-01,15,13,Medical
ATT202407004118,STU004118,SCH042,2024-07-01,16,14,Unauthorised
ATT202407004119,STU004119,SCH030,2024-07-01,14,12,Other
ATT202407004120,STU004120,SCH041,2024-07-01,17,15,Medical
ATT202407004121,STU004121,SCH016,2024-07-01,15,13,Unauthorised
ATT202407004122,STU004122,SCH018,2024-07-01,18,15,Illness
ATT202407004123,STU004123,SCH030,2024-07-01,15,13,Illness
ATT202407004124,STU004124,SCH012,2024-07-01,14,12,Illness
ATT202407004125,STU004125,SCH022,2024-07-01,17,13,Illness
ATT202407004126,STU004126,SCH005,2024-07-01,16,14,Unauthorised
ATT202407004127,STU004127,SCH015,2024-07-01,17,15,Family
ATT202407004128,STU004128,SCH008,2024-07-01,14,13,Medical
ATT202407004129,STU004129,SCH017,2024-07-01,14,12,Unauthorised
ATT202407004130,STU004130,SCH025,2024-07-01,15,12,Illness
ATT202407004131,STU004131,SCH008,2024-07-01,16,14,Family
ATT202407004132,STU004132,SCH024,2024-07-01,14,10,Unauthorised
ATT202407004133,STU004133,SCH023,2024-07-01,14,12,Medical
ATT202407004134,STU004134,SCH007,2024-07-01,17,13,Unauthorised
ATT202407004135,STU004135,SCH027,2024-07-01,14,12,Family
ATT202407004136,STU004136,SCH046,2024-07-01,16,14,Family
ATT202407004137,STU004137,SCH012,2024-07-01,18,15,Medical
ATT202407004138,STU004138,SCH002,2024-07-01,18,13,Unauthorised
ATT202407004139,STU004139,SCH028,2024-07-01,17,15,Other
ATT202407004140,STU004140,SCH007,2024-07-01,18,15,Family
ATT202407004141,STU004141,SCH042,2024-07-01,14,10,Illness
ATT202407004142,STU004142,SCH047,2024-07-01,14,12,Unauthorised
ATT202407004143,STU004143,SCH048,2024-07-01,17,15,Family
ATT202407004144,STU004144,SCH023,2024-07-01,17,15,Family
ATT202407004145,STU004145,SCH029,2024-07-01,14,11,Illness
ATT202407004146,STU004146,SCH034,2024-07-01,18,14,Unauthorised
ATT202407004148,STU004148,SCH034,2024-07-01,18,13,Family
ATT202407004149,STU004149,SCH020,2024-07-01,14,12,Unauthorised
ATT202407004150,STU004150,SCH012,2024-07-01,16,14,Illness
ATT202407004151,STU004151,SCH030,2024-07-01,18,17,Family
ATT202407004152,STU004152,SCH039,2024-07-01,15,13,Family
ATT202407004153,STU004153,SCH036,2024-07-01,16,14,Medical
ATT202407004154,STU004154,SCH017,2024-07-01,17,15,Unauthorised
ATT202407004155,STU004155,SCH034,2024-07-01,18,14,Other
ATT202407004156,STU004156,SCH007,2024-07-01,18,15,Family
ATT202407004157,STU004157,SCH019,2024-07-01,18,16,Illness
ATT202407004158,STU004158,SCH041,2024-07-01,18,14,Illness
ATT202407004159,STU004159,SCH031,2024-07-01,17,13,Medical
ATT202407004160,STU004160,SCH005,2024-07-01,18,16,Unauthorised
ATT202407004161,STU004161,SCH042,2024-07-01,15,13,Family
ATT202407004162,STU004162,SCH003,2024-07-01,15,13,Family
ATT202407004163,STU004163,SCH007,2024-07-01,14,10,Illness
ATT202407004164,STU004164,SCH029,2024-07-01,15,12,Unauthorised
ATT202407004165,STU004165,SCH014,2024-07-01,16,13,Unauthorised
ATT202407004166,STU004166,SCH020,2024-07-01,14,12,Illness
ATT202407004167,STU004167,SCH050,2024-07-01,18,15,Medical
ATT202407004168,STU004168,SCH046,2024-07-01,14,11,Unauthorised
ATT202407004169,STU004169,SCH038,2024-07-01,15,15,
ATT202407004170,STU004170,SCH013,2024-07-01,18,15,Other
ATT202407004171,STU004171,SCH020,2024-07-01,18,15,Illness
ATT202407004172,STU004172,SCH018,2024-07-01,15,13,Other
ATT202407004173,STU004173,SCH017,2024-07-01,18,16,Medical
ATT202407004174,STU004174,SCH034,2024-07-01,15,12,Illness
ATT202407004175,STU004175,SCH035,2024-07-01,15,11,Other
ATT202407004176,STU004176,SCH009,2024-07-01,17,14,Unauthorised
ATT202407004177,STU004177,SCH017,2024-07-01,14,11,Other
ATT202407004178,STU004178,SCH049,2024-07-01,18,15,Illness
ATT202407004179,STU004179,SCH024,2024-07-01,16,12,Family
ATT202407004180,STU004180,SCH008,2024-07-01,15,13,Illness
ATT202407004181,STU004181,SCH048,2024-07-01,18,15,Other
ATT202407004182,STU004182,SCH008,2024-07-01,15,13,Unauthorised
ATT202407004183,STU004183,SCH014,2024-07-01,17,13,Medical
ATT202407004184,STU004184,SCH049,2024-07-01,18,16,Medical
ATT202407004185,STU004185,SCH028,2024-07-01,17,15,Illness
ATT202407004186,STU004186,SCH030,2024-07-01,15,14,Other
ATT202407004187,STU004187,SCH004,2024-07-01,17,15,Other
ATT202407004188,STU004188,SCH041,2024-07-01,17,15,Unauthorised
ATT202407004189,STU004189,SCH018,2024-07-01,18,15,Medical
ATT202407004190,STU004190,SCH035,2024-07-01,15,12,Family
ATT202407004191,STU004191,SCH041,2024-07-01,14,13,Medical
ATT202407004192,STU004192,SCH045,2024-07-01,16,13,Unauthorised
ATT202407004193,STU004193,SCH015,2024-07-01,17,15,Other
ATT202407004194,STU004194,SCH034,2024-07-01,15,13,Family
ATT202407004195,STU004195,SCH032,2024-07-01,14,11,Illness
ATT202407004196,STU004196,SCH012,2024-07-01,15,13,Medical
ATT202407004197,STU004197,SCH045,2024-07-01,14,12,Unauthorised
ATT202407004198,STU004198,SCH007,2024-07-01,16,14,Unauthorised
ATT202407004199,STU004199,SCH050,2024-07-01,18,16,Other
ATT202407004200,STU004200,SCH040,2024-07-01,16,13,Illness
ATT202407004201,STU004201,SCH028,2024-07-01,15,13,Medical
ATT202407004202,STU004202,SCH008,2024-07-01,18,16,Other
ATT202407004203,STU004203,SCH045,2024-07-01,17,16,Family
ATT202407004204,STU004204,SCH044,2024-07-01,15,12,Family
ATT202407004205,STU004205,SCH034,2024-07-01,17,14,Unauthorised
ATT202407004206,STU004206,SCH001,2024-07-01,16,13,Family
ATT202407004207,STU004207,SCH015,2024-07-01,15,13,Unauthorised
ATT202407004208,STU004208,SCH006,2024-07-01,15,13,Illness
ATT202407004209,STU004209,SCH035,2024-07-01,15,13,Family
ATT202407004210,STU004210,SCH043,2024-07-01,14,12,Other
ATT202407004211,STU004211,SCH028,2024-07-01,15,12,Family
ATT202407004212,STU004212,SCH041,2024-07-01,17,15,Other
ATT202407004213,STU004213,SCH025,2024-07-01,18,16,Unauthorised
ATT202407004214,STU004214,SCH048,2024-07-01,18,15,Unauthorised
ATT202407004215,STU004215,SCH038,2024-07-01,17,15,Illness
ATT202407004216,STU004216,SCH028,2024-07-01,14,12,Other
ATT202407004217,STU004217,SCH003,2024-07-01,18,16,Unauthorised
ATT202407004218,STU004218,SCH010,2024-07-01,18,15,Other
ATT202407004219,STU004219,SCH031,2024-07-01,15,14,Unauthorised
ATT202407004220,STU004220,SCH042,2024-07-01,17,14,Medical
ATT202407004221,STU004221,SCH019,2024-07-01,16,14,Other
ATT202407004222,STU004222,SCH023,2024-07-01,16,13,Medical
ATT202407004223,STU004223,SCH006,2024-07-01,15,13,Other
ATT202407004224,STU004224,SCH025,2024-07-01,16,12,Other
ATT202407004225,STU004225,SCH039,2024-07-01,14,12,Other
ATT202407004226,STU004226,SCH032,2024-07-01,18,15,Other
ATT202407004227,STU004227,SCH021,2024-07-01,17,15,Unauthorised
ATT202407004228,STU004228,SCH050,2024-07-01,14,11,Family
ATT202407004229,STU004229,SCH043,2024-07-01,17,15,Medical
ATT202407004230,STU004230,SCH030,2024-07-01,18,16,Family
ATT202407004231,STU004231,SCH011,2024-07-01,14,12,Family
ATT202407004232,STU004232,SCH002,2024-07-01,14,11,Unauthorised
ATT202407004233,STU004233,SCH035,2024-07-01,14,11,Unauthorised
ATT202407004234,STU004234,SCH015,2024-07-01,17,14,Other
ATT202407004235,STU004235,SCH009,2024-07-01,15,12,Family
ATT202407004236,STU004236,SCH043,2024-07-01,15,13,Family
ATT202407004237,STU004237,SCH007,2024-07-01,16,14,Unauthorised
ATT202407004238,STU004238,SCH048,2024-07-01,17,14,Unauthorised
ATT202407004239,STU004239,SCH019,2024-07-01,15,13,Medical
ATT202407004240,STU004240,SCH005,2024-07-01,18,15,Illness
ATT202407004241,STU004241,SCH031,2024-07-01,14,11,Other
ATT202407004242,STU004242,SCH037,2024-07-01,16,13,Medical
ATT202407004243,STU004243,SCH001,2024-07-01,16,13,Other
ATT202407004244,STU004244,SCH013,2024-07-01,14,12,Illness
ATT202407004245,STU004245,SCH023,2024-07-01,14,11,Family
ATT202407004246,STU004246,SCH030,2024-07-01,14,12,Medical
ATT202407004247,STU004247,SCH037,2024-07-01,14,11,Other
ATT202407004248,STU004248,SCH020,2024-07-01,14,13,Family
ATT202407004249,STU004249,SCH039,2024-07-01,18,15,Illness
ATT202407004250,STU004250,SCH001,2024-07-01,15,11,Unauthorised
ATT202407004251,STU004251,SCH003,2024-07-01,14,12,Other
ATT202407004252,STU004252,SCH015,2024-07-01,14,12,Unauthorised
ATT202407004253,STU004253,SCH025,2024-07-01,18,16,Unauthorised
ATT202407004254,STU004254,SCH044,2024-07-01,16,14,Unauthorised
ATT202407004255,STU004255,SCH046,2024-07-01,18,15,Unauthorised
ATT202407004256,STU004256,SCH026,2024-07-01,15,13,Illness
ATT202407004257,STU004257,SCH025,2024-07-01,18,16,Family
ATT202407004258,STU004258,SCH009,2024-07-01,14,12,Other
ATT202407004259,STU004259,SCH020,2024-07-01,16,13,Unauthorised
ATT202407004260,STU004260,SCH004,2024-07-01,18,16,Unauthorised
ATT202407004261,STU004261,SCH046,2024-07-01,15,13,Illness
ATT202407004262,STU004262,SCH041,2024-07-01,16,14,Family
ATT202407004263,STU004263,SCH029,2024-07-01,18,14,Other
ATT202407004264,STU004264,SCH038,2024-07-01,17,14,Other
ATT202407004265,STU004265,SCH050,2024-07-01,17,14,Unauthorised
ATT202407004266,STU004266,SCH014,2024-07-01,17,13,Family
ATT202407004267,STU004267,SCH028,2024-07-01,15,13,Medical
ATT202407004268,STU004268,SCH024,2024-07-01,14,13,Medical
ATT202407004269,STU004269,SCH021,2024-07-01,15,10,Other
ATT202407004270,STU004270,SCH007,2024-07-01,16,14,Family
ATT202407004271,STU004271,SCH040,2024-07-01,14,12,Family
ATT202407004272,STU004272,SCH033,2024-07-01,16,14,Unauthorised
ATT202407004273,STU004273,SCH031,2024-07-01,16,14,Other
ATT202407004274,STU004274,SCH007,2024-07-01,18,14,Family
ATT202407004275,STU004275,SCH039,2024-07-01,17,15,Illness
ATT202407004276,STU004276,SCH004,2024-07-01,18,16,Medical
ATT202407004277,STU004277,SCH021,2024-07-01,18,13,Medical
ATT202407004278,STU004278,SCH028,2024-07-01,18,16,Medical
ATT202407004279,STU004279,SCH013,2024-07-01,18,15,Illness
ATT202407004280,STU004280,SCH016,2024-07-01,16,13,Unauthorised
ATT202407004281,STU004281,SCH043,2024-07-01,15,14,Illness
ATT202407004282,STU004282,SCH024,2024-07-01,16,13,Illness
ATT202407004283,STU004283,SCH049,2024-07-01,16,12,Medical
ATT202407004284,STU004284,SCH029,2024-07-01,16,12,Illness
ATT202407004285,STU004285,SCH046,2024-07-01,18,16,Illness
ATT202407004286,STU004286,SCH041,2024-07-01,18,15,Medical
ATT202407004287,STU004287,SCH004,2024-07-01,18,16,Other
ATT202407004288,STU004288,SCH005,2024-07-01,14,13,Family
ATT202407004289,STU004289,SCH034,2024-07-01,16,14,Unauthorised
ATT202407004290,STU004290,SCH044,2024-07-01,18,16,Illness
ATT202407004291,STU004291,SCH004,2024-07-01,14,12,Family
ATT202407004292,STU004292,SCH018,2024-07-01,16,13,Other
ATT202407004293,STU004293,SCH019,2024-07-01,14,12,Unauthorised
ATT202407004294,STU004294,SCH027,2024-07-01,18,16,Illness
ATT202407004295,STU004295,SCH038,2024-07-01,16,15,Other
ATT202407004296,STU004296,SCH022,2024-07-01,16,12,Illness
ATT202407004297,STU004297,SCH043,2024-07-01,16,13,Other
ATT202407004298,STU004298,SCH004,2024-07-01,14,12,Medical
ATT202407004299,STU004299,SCH022,2024-07-01,18,13,Illness
ATT202407004300,STU004300,SCH007,2024-07-01,15,12,Illness
ATT202407004301,STU004301,SCH036,2024-07-01,17,15,Family
ATT202407004302,STU004302,SCH011,2024-07-01,15,14,Medical
ATT202407004303,STU004303,SCH039,2024-07-01,18,14,Family
ATT202407004304,STU004304,SCH011,2024-07-01,18,16,Illness
ATT202407004305,STU004305,SCH007,2024-07-01,15,12,Unauthorised
ATT202407004306,STU004306,SCH042,2024-07-01,18,14,Medical
ATT202407004307,STU004307,SCH030,2024-07-01,16,14,Family
ATT202407004308,STU004308,SCH008,2024-07-01,18,15,Medical
ATT202407004309,STU004309,SCH042,2024-07-01,15,11,Unauthorised
ATT202407004310,STU004310,SCH010,2024-07-01,14,11,Unauthorised
ATT202407004311,STU004311,SCH009,2024-07-01,15,13,Unauthorised
ATT202407004312,STU004312,SCH023,2024-07-01,16,13,Other
ATT202407004313,STU004313,SCH005,2024-07-01,14,12,Family
ATT202407004314,STU004314,SCH048,2024-07-01,14,13,Illness
ATT202407004315,STU004315,SCH020,2024-07-01,18,16,Family
ATT202407004316,STU004316,SCH024,2024-07-01,14,10,Unauthorised
ATT202407004317,STU004317,SCH047,2024-07-01,16,14,Other
ATT202407004318,STU004318,SCH044,2024-07-01,16,13,Illness
ATT202407004319,STU004319,SCH043,2024-07-01,18,15,Family
ATT202407004320,STU004320,SCH008,2024-07-01,16,13,Other
ATT202407004321,STU004321,SCH041,2024-07-01,15,13,Illness
ATT202407004322,STU004322,SCH024,2024-07-01,18,14,Unauthorised
ATT202407004323,STU004323,SCH024,2024-07-01,14,11,Medical
ATT202407004324,STU004324,SCH020,2024-07-01,17,15,Family
ATT202407004325,STU004325,SCH027,2024-07-01,17,14,Family
ATT202407004326,STU004326,SCH007,2024-07-01,15,13,Medical
ATT202407004327,STU004327,SCH035,2024-07-01,15,13,Unauthorised
ATT202407004328,STU004328,SCH032,2024-07-01,14,11,Medical
ATT202407004329,STU004329,SCH030,2024-07-01,15,13,Medical
ATT202407004330,STU004330,SCH025,2024-07-01,16,13,Other
ATT202407004331,STU004331,SCH007,2024-07-01,14,12,Other
ATT202407004332,STU004332,SCH019,2024-07-01,17,15,Medical
ATT202407004333,STU004333,SCH030,2024-07-01,14,12,Other
ATT202407004334,STU004334,SCH030,2024-07-01,18,16,Medical
ATT202407004335,STU004335,SCH006,2024-07-01,17,15,Medical
ATT202407004336,STU004336,SCH024,2024-07-01,15,12,Unauthorised
ATT202407004337,STU004337,SCH020,2024-07-01,16,14,Illness
ATT202407004338,STU004338,SCH005,2024-07-01,16,14,Illness
ATT202407004339,STU004339,SCH028,2024-07-01,18,15,Medical
ATT202407004340,STU004340,SCH005,2024-07-01,18,15,Family
ATT202407004341,STU004341,SCH003,2024-07-01,15,13,Medical
ATT202407004342,STU004342,SCH020,2024-07-01,16,13,Other
ATT202407004343,STU004343,SCH030,2024-07-01,18,16,Medical
ATT202407004344,STU004344,SCH008,2024-07-01,17,15,Family
ATT202407004345,STU004345,SCH039,2024-07-01,18,15,Other
ATT202407004346,STU004346,SCH040,2024-07-01,16,14,Other
ATT202407004347,STU004347,SCH038,2024-07-01,16,13,Illness
ATT202407004348,STU004348,SCH042,2024-07-01,14,12,Unauthorised
ATT202407004349,STU004349,SCH002,2024-07-01,14,11,Illness
ATT202407004350,STU004350,SCH002,2024-07-01,18,13,Unauthorised
ATT202407004351,STU004351,SCH014,2024-07-01,14,12,Illness
ATT202407004352,STU004352,SCH022,2024-07-01,17,13,Family
ATT202407004353,STU004353,SCH047,2024-07-01,16,13,Unauthorised
ATT202407004354,STU004354,SCH048,2024-07-01,15,12,Illness
ATT202407004355,STU004355,SCH038,2024-07-01,17,14,Illness
ATT202407004356,STU004356,SCH026,2024-07-01,17,15,Family
ATT202407004357,STU004357,SCH039,2024-07-01,18,16,Unauthorised
ATT202407004358,STU004358,SCH024,2024-07-01,15,12,Illness
ATT202407004359,STU004359,SCH049,2024-07-01,18,13,Medical
ATT202407004360,STU004360,SCH029,2024-07-01,18,15,Family
ATT202407004361,STU004361,SCH004,2024-07-01,16,14,Illness
ATT202407004362,STU004362,SCH010,2024-07-01,15,13,Other
ATT202407004363,STU004363,SCH021,2024-07-01,16,13,Medical
ATT202407004364,STU004364,SCH035,2024-07-01,17,12,Other
ATT202407004365,STU004365,SCH042,2024-07-01,15,11,Family
ATT202407004366,STU004366,SCH008,2024-07-01,15,13,Illness
ATT202407004367,STU004367,SCH037,2024-07-01,15,13,Illness
ATT202407004368,STU004368,SCH016,2024-07-01,17,14,Unauthorised
ATT202407004369,STU004369,SCH009,2024-07-01,18,14,Illness
ATT202407004370,STU004370,SCH023,2024-07-01,18,15,Illness
ATT202407004371,STU004371,SCH012,2024-07-01,15,12,Family
ATT202407004372,STU004372,SCH003,2024-07-01,18,15,Family
ATT202407004373,STU004373,SCH043,2024-07-01,16,13,Unauthorised
ATT202407004374,STU004374,SCH005,2024-07-01,15,13,Family
ATT202407004375,STU004375,SCH045,2024-07-01,18,14,Other
ATT202407004376,STU004376,SCH010,2024-07-01,16,12,Illness
ATT202407004377,STU004377,SCH015,2024-07-01,18,15,Medical
ATT202407004378,STU004378,SCH012,2024-07-01,18,15,Family
ATT202407004379,STU004379,SCH009,2024-07-01,14,13,Family
ATT202407004380,STU004380,SCH002,2024-07-01,17,13,Medical
ATT202407004381,STU004381,SCH012,2024-07-01,14,12,Medical
ATT202407004382,STU004382,SCH039,2024-07-01,18,15,Illness
ATT202407004383,STU004383,SCH044,2024-07-01,16,14,Medical
ATT202407004384,STU004384,SCH014,2024-07-01,18,15,Family
ATT202407004385,STU004385,SCH002,2024-07-01,17,14,Family
ATT202407004386,STU004386,SCH031,2024-07-01,18,15,Unauthorised
ATT202407004387,STU004387,SCH033,2024-07-01,15,12,Family
ATT202407004388,STU004388,SCH001,2024-07-01,16,13,Illness
ATT202407004389,STU004389,SCH029,2024-07-01,14,11,Unauthorised
ATT202407004390,STU004390,SCH007,2024-07-01,15,12,Unauthorised
ATT202407004391,STU004391,SCH049,2024-07-01,15,13,Medical
ATT202407004392,STU004392,SCH027,2024-07-01,18,15,Medical
ATT202407004393,STU004393,SCH032,2024-07-01,18,15,Illness
ATT202407004394,STU004394,SCH039,2024-07-01,16,15,Unauthorised
ATT202407004395,STU004395,SCH004,2024-07-01,16,14,Family
ATT202407004396,STU004396,SCH031,2024-07-01,18,15,Family
ATT202407004397,STU004397,SCH018,2024-07-01,14,12,Medical
ATT202407004398,STU004398,SCH024,2024-07-01,14,11,Medical
ATT202407004399,STU004399,SCH014,2024-07-01,16,13,Illness
ATT202407004400,STU004400,SCH014,2024-07-01,17,14,Unauthorised
ATT202407004401,STU004401,SCH050,2024-07-01,14,12,Other
ATT202407004402,STU004402,SCH022,2024-07-01,15,11,Other
ATT202407004403,STU004403,SCH049,2024-07-01,16,14,Illness
ATT202407004404,STU004404,SCH034,2024-07-01,14,12,Medical
ATT202407004405,STU004405,SCH027,2024-07-01,18,15,Unauthorised
ATT202407004406,STU004406,SCH014,2024-07-01,14,12,Unauthorised
ATT202407004407,STU004407,SCH048,2024-07-01,17,15,Medical
ATT202407004408,STU004408,SCH043,2024-07-01,14,11,Other
ATT202407004409,STU004409,SCH029,2024-07-01,17,14,Family
ATT202407004410,STU004410,SCH012,2024-07-01,17,14,Other
ATT202407004411,STU004411,SCH004,2024-07-01,15,12,Illness
ATT202407004412,STU004412,SCH001,2024-07-01,17,11,Unauthorised
ATT202407004413,STU004413,SCH022,2024-07-01,17,14,Family
ATT202407004414,STU004414,SCH016,2024-07-01,15,14,Family
ATT202407004415,STU004415,SCH037,2024-07-01,16,15,Family
ATT202407004416,STU004416,SCH033,2024-07-01,15,13,Illness
ATT202407004417,STU004417,SCH027,2024-07-01,17,14,Unauthorised
ATT202407004418,STU004418,SCH008,2024-07-01,16,14,Unauthorised
ATT202407004419,STU004419,SCH030,2024-07-01,17,14,Illness
ATT202407004420,STU004420,SCH011,2024-07-01,18,15,Illness
ATT202407004421,STU004421,SCH009,2024-07-01,18,16,Illness
ATT202407004422,STU004422,SCH007,2024-07-01,15,13,Family
ATT202407004423,STU004423,SCH043,2024-07-01,18,15,Other
ATT202407004424,STU004424,SCH023,2024-07-01,18,15,Other
ATT202407004425,STU004425,SCH011,2024-07-01,18,15,Medical
ATT202407004426,STU004426,SCH001,2024-07-01,17,13,Unauthorised
ATT202407004427,STU004427,SCH046,2024-07-01,17,14,Unauthorised
ATT202407004428,STU004428,SCH029,2024-07-01,18,15,Family
ATT202407004429,STU004429,SCH033,2024-07-01,14,11,Unauthorised
ATT202407004430,STU004430,SCH047,2024-07-01,14,13,Unauthorised
ATT202407004431,STU004431,SCH010,2024-07-01,14,11,Medical
ATT202407004432,STU004432,SCH036,2024-07-01,15,12,Illness
ATT202407004433,STU004433,SCH026,2024-07-01,17,15,Unauthorised
ATT202407004434,STU004434,SCH030,2024-07-01,16,13,Other
ATT202407004435,STU004435,SCH031,2024-07-01,16,13,Family
ATT202407004436,STU004436,SCH026,2024-07-01,14,12,Medical
ATT202407004437,STU004437,SCH038,2024-07-01,18,16,Other
ATT202407004438,STU004438,SCH008,2024-07-01,18,14,Other
ATT202407004439,STU004439,SCH032,2024-07-01,15,12,Illness
ATT202407004440,STU004440,SCH026,2024-07-01,16,13,Medical
ATT202407004441,STU004441,SCH045,2024-07-01,17,15,Medical
ATT202407004442,STU004442,SCH049,2024-07-01,14,12,Other
ATT202407004443,STU004443,SCH007,2024-07-01,14,12,Other
ATT202407004444,STU004444,SCH025,2024-07-01,14,11,Other
ATT202407004445,STU004445,SCH012,2024-07-01,18,14,Family
ATT202407004446,STU004446,SCH008,2024-07-01,17,14,Family
ATT202407004447,STU004447,SCH047,2024-07-01,15,13,Other
ATT202407004448,STU004448,SCH026,2024-07-01,15,13,Medical
ATT202407004449,STU004449,SCH045,2024-07-01,16,13,Unauthorised
ATT202407004450,STU004450,SCH004,2024-07-01,18,15,Family
ATT202407004451,STU004451,SCH025,2024-07-01,14,12,Medical
ATT202407004452,STU004452,SCH048,2024-07-01,16,14,Illness
ATT202407004453,STU004453,SCH001,2024-07-01,18,14,Illness
ATT202407004454,STU004454,SCH007,2024-07-01,18,14,Medical
ATT202407004455,STU004455,SCH032,2024-07-01,16,13,Illness
ATT202407004456,STU004456,SCH039,2024-07-01,15,13,Medical
ATT202407004457,STU004457,SCH011,2024-07-01,15,13,Other
ATT202407004458,STU004458,SCH033,2024-07-01,16,14,Illness
ATT202407004459,STU004459,SCH015,2024-07-01,15,12,Other
ATT202407004460,STU004460,SCH005,2024-07-01,16,14,Medical
ATT202407004461,STU004461,SCH012,2024-07-01,15,12,Other
ATT202407004462,STU004462,SCH005,2024-07-01,15,14,Medical
ATT202407004463,STU004463,SCH044,2024-07-01,16,13,Family
ATT202407004464,STU004464,SCH039,2024-07-01,18,15,Other
ATT202407004465,STU004465,SCH004,2024-07-01,16,14,Other
ATT202407004466,STU004466,SCH013,2024-07-01,17,15,Family
ATT202407004467,STU004467,SCH041,2024-07-01,17,15,Medical
ATT202407004468,STU004468,SCH005,2024-07-01,15,12,Unauthorised
ATT202407004469,STU004469,SCH021,2024-07-01,16,13,Unauthorised
ATT202407004470,STU004470,SCH049,2024-07-01,18,15,Medical
ATT202407004471,STU004471,SCH024,2024-07-01,14,10,Other
ATT202407004472,STU004472,SCH011,2024-07-01,18,15,Medical
ATT202407004473,STU004473,SCH039,2024-07-01,14,12,Medical
ATT202407004474,STU004474,SCH027,2024-07-01,17,14,Other
ATT202407004475,STU004475,SCH004,2024-07-01,18,14,Unauthorised
ATT202407004476,STU004476,SCH025,2024-07-01,16,14,Medical
ATT202407004477,STU004477,SCH023,2024-07-01,18,16,Family
ATT202407004478,STU004478,SCH003,2024-07-01,15,13,Other
ATT202407004479,STU004479,SCH033,2024-07-01,14,12,Unauthorised
ATT202407004480,STU004480,SCH002,2024-07-01,16,13,Illness
ATT202407004481,STU004481,SCH046,2024-07-01,16,12,Medical
ATT202407004482,STU004482,SCH014,2024-07-01,15,12,Family
ATT202407004483,STU004483,SCH035,2024-07-01,15,12,Illness
ATT202407004484,STU004484,SCH009,2024-07-01,18,14,Illness
ATT202407004485,STU004485,SCH031,2024-07-01,14,12,Other
ATT202407004486,STU004486,SCH005,2024-07-01,16,15,Medical
ATT202407004487,STU004487,SCH042,2024-07-01,16,11,Illness
ATT202407004488,STU004488,SCH025,2024-07-01,16,15,Other
ATT202407004489,STU004489,SCH035,2024-07-01,18,16,Other
ATT202407004490,STU004490,SCH030,2024-07-01,18,16,Other
ATT202407004491,STU004491,SCH024,2024-07-01,16,11,Illness
ATT202407004492,STU004492,SCH003,2024-07-01,14,12,Unauthorised
ATT202407004493,STU004493,SCH013,2024-07-01,14,12,Illness
ATT202407004494,STU004494,SCH035,2024-07-01,17,14,Unauthorised
ATT202407004495,STU004495,SCH003,2024-07-01,16,14,Medical
ATT202407004496,STU004496,SCH034,2024-07-01,17,13,Illness
ATT202407004497,STU004497,SCH015,2024-07-01,18,15,Medical
ATT202407004498,STU004498,SCH028,2024-07-01,15,11,Other
ATT202407004499,STU004499,SCH032,2024-07-01,16,14,Illness
ATT202407004500,STU004500,SCH049,2024-07-01,18,14,Family
ATT202407004501,STU004501,SCH039,2024-07-01,14,12,Illness
ATT202407004502,STU004502,SCH012,2024-07-01,17,15,Medical
ATT202407004503,STU004503,SCH042,2024-07-01,18,15,Unauthorised
ATT202407004504,STU004504,SCH025,2024-07-01,16,14,Illness
ATT202407004505,STU004505,SCH041,2024-07-01,15,12,Illness
ATT202407004506,STU004506,SCH010,2024-07-01,16,14,Unauthorised
ATT202407004507,STU004507,SCH027,2024-07-01,16,14,Family
ATT202407004508,STU004508,SCH029,2024-07-01,16,13,Unauthorised
ATT202407004509,STU004509,SCH039,2024-07-01,17,15,Family
ATT202407004510,STU004510,SCH016,2024-07-01,16,14,Medical
ATT202407004511,STU004511,SCH042,2024-07-01,14,11,Other
ATT202407004512,STU004512,SCH029,2024-07-01,18,15,Medical
ATT202407004513,STU004513,SCH040,2024-07-01,18,16,Illness
ATT202407004514,STU004514,SCH015,2024-07-01,17,14,Medical
ATT202407004515,STU004515,SCH035,2024-07-01,18,14,Illness
ATT202407004516,STU004516,SCH029,2024-07-01,14,12,Illness
ATT202407004517,STU004517,SCH039,2024-07-01,17,15,Other
ATT202407004518,STU004518,SCH023,2024-07-01,15,13,Unauthorised
ATT202407004519,STU004519,SCH003,2024-07-01,15,13,Illness
ATT202407004520,STU004520,SCH047,2024-07-01,14,12,Family
ATT202407004521,STU004521,SCH038,2024-07-01,15,14,Medical
ATT202407004522,STU004522,SCH035,2024-07-01,15,12,Family
ATT202407004523,STU004523,SCH022,2024-07-01,16,13,Other
ATT202407004524,STU004524,SCH038,2024-07-01,17,15,Family
ATT202407004525,STU004525,SCH025,2024-07-01,17,15,Medical
ATT202407004526,STU004526,SCH004,2024-07-01,14,12,Other
ATT202407004527,STU004527,SCH016,2024-07-01,18,16,Family
ATT202407004528,STU004528,SCH011,2024-07-01,14,12,Medical
ATT202407004529,STU004529,SCH047,2024-07-01,15,14,Illness
ATT202407004530,STU004530,SCH019,2024-07-01,17,14,Medical
ATT202407004531,STU004531,SCH039,2024-07-01,14,13,Unauthorised
ATT202407004532,STU004532,SCH039,2024-07-01,17,16,Medical
ATT202407004533,STU004533,SCH039,2024-07-01,16,13,Medical
ATT202407004534,STU004534,SCH034,2024-07-01,18,14,Unauthorised
ATT202407004535,STU004535,SCH008,2024-07-01,18,14,Other
ATT202407004536,STU004536,SCH035,2024-07-01,17,13,Medical
ATT202407004537,STU004537,SCH019,2024-07-01,14,12,Family
ATT202407004538,STU004538,SCH029,2024-07-01,17,15,Other
ATT202407004539,STU004539,SCH038,2024-07-01,18,16,Illness
ATT202407004540,STU004540,SCH001,2024-07-01,15,12,Illness
ATT202407004541,STU004541,SCH016,2024-07-01,18,16,Family
ATT202407004542,STU004542,SCH008,2024-07-01,15,13,Unauthorised
ATT202407004543,STU004543,SCH022,2024-07-01,15,13,Medical
ATT202407004544,STU004544,SCH001,2024-07-01,18,13,Unauthorised
ATT202407004545,STU004545,SCH011,2024-07-01,15,13,Family
ATT202407004546,STU004546,SCH035,2024-07-01,16,12,Other
ATT202407004547,STU004547,SCH049,2024-07-01,15,12,Illness
ATT202407004548,STU004548,SCH042,2024-07-01,18,15,Other
ATT202407004549,STU004549,SCH024,2024-07-01,16,12,Other
ATT202407004550,STU004550,SCH022,2024-07-01,14,12,Medical
ATT202407004551,STU004551,SCH022,2024-07-01,15,11,Family
ATT202407004552,STU004552,SCH048,2024-07-01,14,12,Other
ATT202407004553,STU004553,SCH026,2024-07-01,15,12,Medical
ATT202407004554,STU004554,SCH049,2024-07-01,16,14,Family
ATT202407004555,STU004555,SCH025,2024-07-01,16,15,Other
ATT202407004556,STU004556,SCH033,2024-07-01,17,15,Family
ATT202407004557,STU004557,SCH006,2024-07-01,15,13,Other
ATT202407004558,STU004558,SCH018,2024-07-01,16,13,Family
ATT202407004559,STU004559,SCH027,2024-07-01,14,12,Unauthorised
ATT202407004560,STU004560,SCH011,2024-07-01,17,15,Other
ATT202407004561,STU004561,SCH008,2024-07-01,17,13,Family
ATT202407004562,STU004562,SCH021,2024-07-01,15,11,Family
ATT202407004563,STU004563,SCH013,2024-07-01,16,14,Family
ATT202407004564,STU004564,SCH022,2024-07-01,17,12,Illness
ATT202407004565,STU004565,SCH050,2024-07-01,15,13,Other
ATT202407004566,STU004566,SCH022,2024-07-01,14,12,Unauthorised
ATT202407004567,STU004567,SCH029,2024-07-01,18,14,Unauthorised
ATT202407004568,STU004568,SCH050,2024-07-01,14,11,Illness
ATT202407004569,STU004569,SCH021,2024-07-01,18,14,Unauthorised
ATT202407004570,STU004570,SCH001,2024-07-01,18,16,Illness
ATT202407004571,STU004571,SCH014,2024-07-01,14,12,Medical
ATT202407004572,STU004572,SCH031,2024-07-01,15,13,Unauthorised
ATT202407004573,STU004573,SCH033,2024-07-01,18,15,Unauthorised
ATT202407004574,STU004574,SCH028,2024-07-01,16,13,Medical
ATT202407004575,STU004575,SCH045,2024-07-01,14,12,Illness
ATT202407004576,STU004576,SCH037,2024-07-01,15,13,Illness
ATT202407004577,STU004577,SCH027,2024-07-01,17,15,Other
ATT202407004578,STU004578,SCH018,2024-07-01,17,13,Illness
ATT202407004579,STU004579,SCH039,2024-07-01,16,14,Unauthorised
ATT202407004580,STU004580,SCH023,2024-07-01,15,13,Family
ATT202407004581,STU004581,SCH035,2024-07-01,16,13,Other
ATT202407004582,STU004582,SCH013,2024-07-01,15,13,Medical
ATT202407004583,STU004583,SCH039,2024-07-01,18,14,Illness
ATT202407004584,STU004584,SCH038,2024-07-01,15,13,Medical
ATT202407004585,STU004585,SCH001,2024-07-01,15,12,Unauthorised
ATT202407004586,STU004586,SCH039,2024-07-01,17,14,Illness
ATT202407004587,STU004587,SCH014,2024-07-01,15,13,Unauthorised
ATT202407004588,STU004588,SCH029,2024-07-01,14,12,Other
ATT202407004589,STU004589,SCH004,2024-07-01,14,12,Other
ATT202407004590,STU004590,SCH040,2024-07-01,17,16,Illness
ATT202407004591,STU004591,SCH050,2024-07-01,17,15,Illness
ATT202407004592,STU004592,SCH043,2024-07-01,14,12,Illness
ATT202407004593,STU004593,SCH008,2024-07-01,17,14,Other
ATT202407004594,STU004594,SCH025,2024-07-01,18,15,Unauthorised
ATT202407004595,STU004595,SCH046,2024-07-01,15,13,Other
ATT202407004596,STU004596,SCH036,2024-07-01,15,13,Unauthorised
ATT202407004597,STU004597,SCH032,2024-07-01,17,14,Illness
ATT202407004598,STU004598,SCH006,2024-07-01,18,14,Illness
ATT202407004599,STU004599,SCH018,2024-07-01,15,14,Other
ATT202407004600,STU004600,SCH007,2024-07-01,17,13,Illness
ATT202407004601,STU004601,SCH029,2024-07-01,15,12,Family
ATT202407004602,STU004602,SCH014,2024-07-01,14,12,Other
ATT202407004603,STU004603,SCH036,2024-07-01,16,14,Medical
ATT202407004604,STU004604,SCH012,2024-07-01,16,12,Other
ATT202407004605,STU004605,SCH034,2024-07-01,16,13,Other
ATT202407004606,STU004606,SCH019,2024-07-01,14,12,Illness
ATT202407004607,STU004607,SCH035,2024-07-01,16,12,Other
ATT202407004608,STU004608,SCH006,2024-07-01,16,14,Medical
ATT202407004609,STU004609,SCH039,2024-07-01,18,17,Medical
ATT202407004610,STU004610,SCH033,2024-07-01,17,15,Unauthorised
ATT202407004611,STU004611,SCH001,2024-07-01,16,11,Medical
ATT202407004612,STU004612,SCH006,2024-07-01,15,13,Medical
ATT202407004613,STU004613,SCH014,2024-07-01,15,13,Medical
ATT202407004614,STU004614,SCH040,2024-07-01,15,12,Other
ATT202407004615,STU004615,SCH033,2024-07-01,15,13,Unauthorised
ATT202407004616,STU004616,SCH022,2024-07-01,16,12,Illness
ATT202407004617,STU004617,SCH012,2024-07-01,17,14,Medical
ATT202407004618,STU004618,SCH026,2024-07-01,16,15,Other
ATT202407004619,STU004619,SCH011,2024-07-01,18,15,Illness
ATT202407004620,STU004620,SCH046,2024-07-01,14,11,Medical
ATT202407004621,STU004621,SCH020,2024-07-01,17,16,Illness
ATT202407004622,STU004622,SCH019,2024-07-01,17,15,Illness
ATT202407004623,STU004623,SCH011,2024-07-01,16,14,Medical
ATT202407004624,STU004624,SCH008,2024-07-01,18,15,Medical
ATT202407004625,STU004625,SCH041,2024-07-01,14,11,Illness
ATT202407004626,STU004626,SCH001,2024-07-01,15,12,Family
ATT202407004627,STU004627,SCH016,2024-07-01,17,14,Unauthorised
ATT202407004628,STU004628,SCH016,2024-07-01,15,13,Illness
ATT202407004629,STU004629,SCH026,2024-07-01,14,13,Medical
ATT202407004630,STU004630,SCH030,2024-07-01,16,13,Illness
ATT202407004631,STU004631,SCH032,2024-07-01,17,14,Illness
ATT202407004632,STU004632,SCH004,2024-07-01,14,12,Unauthorised
ATT202407004633,STU004633,SCH042,2024-07-01,18,14,Unauthorised
ATT202407004634,STU004634,SCH044,2024-07-01,18,15,Family
ATT202407004635,STU004635,SCH027,2024-07-01,16,13,Unauthorised
ATT202407004636,STU004636,SCH038,2024-07-01,16,13,Medical
ATT202407004637,STU004637,SCH030,2024-07-01,14,13,Other
ATT202407004638,STU004638,SCH021,2024-07-01,15,12,Illness
ATT202407004639,STU004639,SCH029,2024-07-01,16,14,Illness
ATT202407004640,STU004640,SCH015,2024-07-01,16,13,Family
ATT202407004641,STU004641,SCH019,2024-07-01,15,13,Medical
ATT202407004642,STU004642,SCH005,2024-07-01,18,16,Illness
ATT202407004643,STU004643,SCH046,2024-07-01,18,16,Other
ATT202407004644,STU004644,SCH032,2024-07-01,16,13,Family
ATT202407004645,STU004645,SCH008,2024-07-01,16,14,Family
ATT202407004646,STU004646,SCH019,2024-07-01,15,14,Other
ATT202407004647,STU004647,SCH004,2024-07-01,18,15,Medical
ATT202407004648,STU004648,SCH032,2024-07-01,18,15,Family
ATT202407004649,STU004649,SCH023,2024-07-01,17,14,Family
ATT202407004650,STU004650,SCH032,2024-07-01,14,12,Illness
ATT202407004651,STU004651,SCH034,2024-07-01,16,12,Family
ATT202407004652,STU004652,SCH042,2024-07-01,18,14,Family
ATT202407004653,STU004653,SCH034,2024-07-01,14,12,Unauthorised
ATT202407004654,STU004654,SCH028,2024-07-01,16,13,Family
ATT202407004655,STU004655,SCH027,2024-07-01,15,12,Other
ATT202407004656,STU004656,SCH046,2024-07-01,17,14,Other
ATT202407004657,STU004657,SCH007,2024-07-01,16,14,Medical
ATT202407004658,STU004658,SCH028,2024-07-01,16,13,Other
ATT202407004659,STU004659,SCH011,2024-07-01,17,14,Unauthorised
ATT202407004660,STU004660,SCH017,2024-07-01,16,12,Medical
ATT202407004661,STU004661,SCH011,2024-07-01,18,16,Illness
ATT202407004662,STU004662,SCH017,2024-07-01,18,15,Illness
ATT202407004663,STU004663,SCH024,2024-07-01,18,15,Illness
ATT202407004664,STU004664,SCH014,2024-07-01,16,13,Unauthorised
ATT202407004665,STU004665,SCH018,2024-07-01,18,15,Unauthorised
ATT202407004666,STU004666,SCH012,2024-07-01,15,12,Other
ATT202407004667,STU004667,SCH045,2024-07-01,14,12,Unauthorised
ATT202407004668,STU004668,SCH024,2024-07-01,14,11,Illness
ATT202407004669,STU004669,SCH046,2024-07-01,14,12,Family
ATT202407004670,STU004670,SCH025,2024-07-01,14,11,Unauthorised
ATT202407004671,STU004671,SCH005,2024-07-01,16,14,Unauthorised
ATT202407004672,STU004672,SCH013,2024-07-01,17,13,Medical
ATT202407004673,STU004673,SCH003,2024-07-01,15,13,Illness
ATT202407004674,STU004674,SCH005,2024-07-01,16,14,Family
ATT202407004675,STU004675,SCH011,2024-07-01,18,17,Family
ATT202407004676,STU004676,SCH010,2024-07-01,17,14,Illness
ATT202407004677,STU004677,SCH010,2024-07-01,15,12,Illness
ATT202407004678,STU004678,SCH042,2024-07-01,18,14,Unauthorised
ATT202407004679,STU004679,SCH036,2024-07-01,16,13,Unauthorised
ATT202407004680,STU004680,SCH006,2024-07-01,17,15,Illness
ATT202407004681,STU004681,SCH048,2024-07-01,16,14,Other
ATT202407004682,STU004682,SCH025,2024-07-01,16,13,Unauthorised
ATT202407004683,STU004683,SCH046,2024-07-01,14,13,Family
ATT202407004684,STU004684,SCH005,2024-07-01,16,15,Illness
ATT202407004685,STU004685,SCH048,2024-07-01,18,15,Family
ATT202407004686,STU004686,SCH013,2024-07-01,18,16,Medical
ATT202407004687,STU004687,SCH030,2024-07-01,15,13,Unauthorised
ATT202407004688,STU004688,SCH013,2024-07-01,16,13,Illness
ATT202407004689,STU004689,SCH036,2024-07-01,17,13,Unauthorised
ATT202407004690,STU004690,SCH003,2024-07-01,14,11,Illness
ATT202407004691,STU004691,SCH013,2024-07-01,15,13,Other
ATT202407004692,STU004692,SCH014,2024-07-01,17,13,Family
ATT202407004693,STU004693,SCH023,2024-07-01,18,14,Illness
ATT202407004694,STU004694,SCH033,2024-07-01,15,13,Family
ATT202407004695,STU004695,SCH032,2024-07-01,17,15,Other
ATT202407004696,STU004696,SCH027,2024-07-01,15,14,Illness
ATT202407004697,STU004697,SCH032,2024-07-01,18,15,Family
ATT202407004698,STU004698,SCH030,2024-07-01,16,15,Unauthorised
ATT202407004699,STU004699,SCH037,2024-07-01,18,15,Medical
ATT202407004700,STU004700,SCH026,2024-07-01,14,13,Illness
ATT202407004701,STU004701,SCH034,2024-07-01,15,13,Other
ATT202407004702,STU004702,SCH048,2024-07-01,14,12,Family
ATT202407004703,STU004703,SCH048,2024-07-01,15,13,Family
ATT202407004704,STU004704,SCH020,2024-07-01,18,16,Other
ATT202407004705,STU004705,SCH020,2024-07-01,16,13,Illness
ATT202407004706,STU004706,SCH049,2024-07-01,16,12,Unauthorised
ATT202407004707,STU004707,SCH023,2024-07-01,15,13,Other
ATT202407004708,STU004708,SCH033,2024-07-01,14,12,Medical
ATT202407004709,STU004709,SCH007,2024-07-01,15,12,Other
ATT202407004710,STU004710,SCH044,2024-07-01,18,13,Family
ATT202407004711,STU004711,SCH013,2024-07-01,18,16,Medical
ATT202407004712,STU004712,SCH039,2024-07-01,17,15,Family
ATT202407004713,STU004713,SCH032,2024-07-01,18,15,Family
ATT202407004714,STU004714,SCH029,2024-07-01,17,15,Medical
ATT202407004715,STU004715,SCH013,2024-07-01,15,14,Other
ATT202407004716,STU004716,SCH001,2024-07-01,18,15,Medical
ATT202407004717,STU004717,SCH004,2024-07-01,16,14,Unauthorised
ATT202407004718,STU004718,SCH046,2024-07-01,17,15,Family
ATT202407004719,STU004719,SCH032,2024-07-01,16,13,Illness
ATT202407004720,STU004720,SCH009,2024-07-01,14,12,Other
ATT202407004721,STU004721,SCH021,2024-07-01,16,12,Medical
ATT202407004722,STU004722,SCH011,2024-07-01,15,13,Illness
ATT202407004723,STU004723,SCH020,2024-07-01,18,15,Other
ATT202407004724,STU004724,SCH028,2024-07-01,16,15,Other
ATT202407004725,STU004725,SCH007,2024-07-01,15,12,Illness
ATT202407004727,STU004727,SCH020,2024-07-01,15,13,Unauthorised
ATT202407004728,STU004728,SCH010,2024-07-01,15,14,Unauthorised
ATT202407004729,STU004729,SCH009,2024-07-01,16,13,Family
ATT202407004730,STU004730,SCH048,2024-07-01,17,15,Medical
ATT202407004731,STU004731,SCH027,2024-07-01,18,16,Family
ATT202407004732,STU004732,SCH010,2024-07-01,18,15,Medical
ATT202407004733,STU004733,SCH006,2024-07-01,15,13,Unauthorised
ATT202407004734,STU004734,SCH042,2024-07-01,16,13,Illness
ATT202407004735,STU004735,SCH031,2024-07-01,14,13,Other
ATT202407004736,STU004736,SCH010,2024-07-01,14,12,Family
ATT202407004737,STU004737,SCH021,2024-07-01,15,12,Unauthorised
ATT202407004738,STU004738,SCH005,2024-07-01,16,14,Medical
ATT202407004739,STU004739,SCH029,2024-07-01,16,13,Family
ATT202407004740,STU004740,SCH001,2024-07-01,16,13,Illness
ATT202407004741,STU004741,SCH047,2024-07-01,17,15,Family
ATT202407004742,STU004742,SCH034,2024-07-01,16,11,Medical
ATT202407004743,STU004743,SCH010,2024-07-01,18,15,Family
ATT202407004744,STU004744,SCH028,2024-07-01,14,11,Family
ATT202407004745,STU004745,SCH032,2024-07-01,15,13,Illness
ATT202407004746,STU004746,SCH035,2024-07-01,14,11,Unauthorised
ATT202407004747,STU004747,SCH021,2024-07-01,18,14,Medical
ATT202407004748,STU004748,SCH012,2024-07-01,15,13,Family
ATT202407004749,STU004749,SCH017,2024-07-01,14,11,Illness
ATT202407004750,STU004750,SCH018,2024-07-01,16,14,Illness
ATT202407004751,STU004751,SCH040,2024-07-01,16,15,Unauthorised
ATT202407004752,STU004752,SCH009,2024-07-01,14,12,Family
ATT202407004753,STU004753,SCH030,2024-07-01,16,14,Family
ATT202407004754,STU004754,SCH016,2024-07-01,15,13,Family
ATT202407004755,STU004755,SCH036,2024-07-01,16,14,Medical
ATT202407004756,STU004756,SCH048,2024-07-01,15,13,Medical
ATT202407004757,STU004757,SCH037,2024-07-01,14,11,Illness
ATT202407004758,STU004758,SCH050,2024-07-01,16,13,Medical
ATT202407004759,STU004759,SCH028,2024-07-01,18,15,Other
ATT202407004760,STU004760,SCH017,2024-07-01,17,14,Family
ATT202407004761,STU004761,SCH012,2024-07-01,15,13,Other
ATT202407004762,STU004762,SCH011,2024-07-01,17,14,Other
ATT202407004763,STU004763,SCH044,2024-07-01,15,12,Family
ATT202407004764,STU004764,SCH024,2024-07-01,18,16,Illness
ATT202407004765,STU004765,SCH005,2024-07-01,17,15,Family
ATT202407004766,STU004766,SCH026,2024-07-01,14,12,Medical
ATT202407004767,STU004767,SCH038,2024-07-01,16,14,Illness
ATT202407004768,STU004768,SCH004,2024-07-01,15,13,Medical
ATT202407004769,STU004769,SCH007,2024-07-01,14,11,Family
ATT202407004770,STU004770,SCH011,2024-07-01,18,15,Other
ATT202407004771,STU004771,SCH015,2024-07-01,16,13,Medical
ATT202407004772,STU004772,SCH007,2024-07-01,17,14,Family
ATT202407004773,STU004773,SCH011,2024-07-01,18,15,Unauthorised
ATT202407004774,STU004774,SCH008,2024-07-01,15,13,Other
ATT202407004775,STU004775,SCH050,2024-07-01,14,13,Illness
ATT202407004776,STU004776,SCH027,2024-07-01,14,12,Family
ATT202407004777,STU004777,SCH048,2024-07-01,14,12,Unauthorised
ATT202407004778,STU004778,SCH034,2024-07-01,16,13,Illness
ATT202407004779,STU004779,SCH031,2024-07-01,15,13,Family
ATT202407004780,STU004780,SCH044,2024-07-01,18,16,Other
ATT202407004781,STU004781,SCH008,2024-07-01,17,15,Illness
ATT202407004782,STU004782,SCH027,2024-07-01,14,12,Other
ATT202407004783,STU004783,SCH033,2024-07-01,18,16,Unauthorised
ATT202407004784,STU004784,SCH033,2024-07-01,15,13,Other
ATT202407004785,STU004785,SCH037,2024-07-01,15,13,Illness
ATT202407004786,STU004786,SCH014,2024-07-01,16,13,Medical
ATT202407004787,STU004787,SCH040,2024-07-01,18,16,Other
ATT202407004788,STU004788,SCH011,2024-07-01,17,14,Family
ATT202407004789,STU004789,SCH048,2024-07-01,16,13,Family
ATT202407004790,STU004790,SCH021,2024-07-01,17,15,Family
ATT202407004791,STU004791,SCH006,2024-07-01,15,13,Unauthorised
ATT202407004792,STU004792,SCH010,2024-07-01,17,15,Medical
ATT202407004793,STU004793,SCH009,2024-07-01,17,14,Illness
ATT202407004794,STU004794,SCH022,2024-07-01,18,16,Illness
ATT202407004795,STU004795,SCH015,2024-07-01,17,15,Medical
ATT202407004796,STU004796,SCH006,2024-07-01,17,14,Illness
ATT202407004797,STU004797,SCH028,2024-07-01,16,13,Medical
ATT202407004798,STU004798,SCH048,2024-07-01,14,12,Illness
ATT202407004799,STU004799,SCH027,2024-07-01,17,13,Illness
ATT202407004800,STU004800,SCH019,2024-07-01,16,15,Unauthorised
ATT202407004801,STU004801,SCH015,2024-07-01,14,12,Family
ATT202407004802,STU004802,SCH014,2024-07-01,15,11,Medical
ATT202407004803,STU004803,SCH035,2024-07-01,15,12,Medical
ATT202407004804,STU004804,SCH029,2024-07-01,16,13,Illness
ATT202407004805,STU004805,SCH016,2024-07-01,17,14,Unauthorised
ATT202407004806,STU004806,SCH037,2024-07-01,15,13,Medical
ATT202407004807,STU004807,SCH034,2024-07-01,15,13,Illness
ATT202407004808,STU004808,SCH015,2024-07-01,15,13,Medical
ATT202407004809,STU004809,SCH011,2024-07-01,16,14,Illness
ATT202407004810,STU004810,SCH026,2024-07-01,18,15,Unauthorised
ATT202407004811,STU004811,SCH049,2024-07-01,14,11,Illness
ATT202407004812,STU004812,SCH030,2024-07-01,18,15,Other
ATT202407004813,STU004813,SCH047,2024-07-01,17,15,Other
ATT202407004814,STU004814,SCH045,2024-07-01,14,11,Other
ATT202407004815,STU004815,SCH001,2024-07-01,15,11,Illness
ATT202407004816,STU004816,SCH045,2024-07-01,16,14,Medical
ATT202407004817,STU004817,SCH043,2024-07-01,17,13,Family
ATT202407004818,STU004818,SCH014,2024-07-01,17,14,Illness
ATT202407004819,STU004819,SCH026,2024-07-01,15,13,Family
ATT202407004820,STU004820,SCH043,2024-07-01,17,15,Family
ATT202407004821,STU004821,SCH012,2024-07-01,17,13,Illness
ATT202407004822,STU004822,SCH013,2024-07-01,17,14,Family
ATT202407004823,STU004823,SCH037,2024-07-01,15,14,Illness
ATT202407004824,STU004824,SCH007,2024-07-01,18,15,Other
ATT202407004825,STU004825,SCH007,2024-07-01,14,11,Family
ATT202407004826,STU004826,SCH039,2024-07-01,14,12,Unauthorised
ATT202407004827,STU004827,SCH029,2024-07-01,16,13,Other
ATT202407004828,STU004828,SCH044,2024-07-01,17,15,Other
ATT202407004829,STU004829,SCH050,2024-07-01,17,14,Medical
ATT202407004830,STU004830,SCH026,2024-07-01,15,12,Other
ATT202407004831,STU004831,SCH026,2024-07-01,15,13,Other
ATT202407004832,STU004832,SCH005,2024-07-01,16,15,Medical
ATT202407004833,STU004833,SCH011,2024-07-01,18,15,Illness
ATT202407004834,STU004834,SCH032,2024-07-01,15,12,Other
ATT202407004835,STU004835,SCH040,2024-07-01,17,15,Family
ATT202407004836,STU004836,SCH006,2024-07-01,18,16,Medical
ATT202407004837,STU004837,SCH032,2024-07-01,14,12,Unauthorised
ATT202407004838,STU004838,SCH018,2024-07-01,16,13,Unauthorised
ATT202407004839,STU004839,SCH034,2024-07-01,15,12,Medical
ATT202407004840,STU004840,SCH015,2024-07-01,15,13,Other
ATT202407004841,STU004841,SCH046,2024-07-01,16,14,Other
ATT202407004842,STU004842,SCH018,2024-07-01,14,12,Family
ATT202407004843,STU004843,SCH028,2024-07-01,14,12,Other
ATT202407004844,STU004844,SCH027,2024-07-01,18,14,Other
ATT202407004845,STU004845,SCH035,2024-07-01,18,14,Family
ATT202407004846,STU004846,SCH025,2024-07-01,16,15,Medical
ATT202407004847,STU004847,SCH002,2024-07-01,15,11,Unauthorised
ATT202407004848,STU004848,SCH039,2024-07-01,16,14,Unauthorised
ATT202407004849,STU004849,SCH048,2024-07-01,18,16,Unauthorised
ATT202407004850,STU004850,SCH048,2024-07-01,16,13,Family
ATT202407004851,STU004851,SCH044,2024-07-01,18,14,Family
ATT202407004852,STU004852,SCH033,2024-07-01,17,14,Family
ATT202407004853,STU004853,SCH004,2024-07-01,18,15,Medical
ATT202407004854,STU004854,SCH022,2024-07-01,18,14,Other
ATT202407004855,STU004855,SCH034,2024-07-01,16,13,Other
ATT202407004856,STU004856,SCH031,2024-07-01,17,14,Illness
ATT202407004857,STU004857,SCH046,2024-07-01,16,15,Other
ATT202407004858,STU004858,SCH013,2024-07-01,16,14,Family
ATT202407004859,STU004859,SCH029,2024-07-01,15,13,Illness
ATT202407004860,STU004860,SCH046,2024-07-01,18,15,Medical
ATT202407004861,STU004861,SCH022,2024-07-01,15,12,Other
ATT202407004862,STU004862,SCH007,2024-07-01,17,13,Family
ATT202407004863,STU004863,SCH024,2024-07-01,16,13,Family
ATT202407004864,STU004864,SCH044,2024-07-01,18,15,Illness
ATT202407004865,STU004865,SCH036,2024-07-01,14,12,Other
ATT202407004866,STU004866,SCH028,2024-07-01,18,14,Unauthorised
ATT202407004867,STU004867,SCH036,2024-07-01,15,12,Other
ATT202407004868,STU004868,SCH040,2024-07-01,15,13,Family
ATT202407004869,STU004869,SCH004,2024-07-01,18,15,Medical
ATT202407004870,STU004870,SCH022,2024-07-01,17,14,Unauthorised
ATT202407004871,STU004871,SCH004,2024-07-01,15,13,Unauthorised
ATT202407004872,STU004872,SCH044,2024-07-01,18,14,Illness
ATT202407004873,STU004873,SCH026,2024-07-01,15,13,Illness
ATT202407004874,STU004874,SCH004,2024-07-01,18,15,Other
ATT202407004875,STU004875,SCH007,2024-07-01,14,12,Medical
ATT202407004876,STU004876,SCH040,2024-07-01,18,16,Family
ATT202407004877,STU004877,SCH022,2024-07-01,16,12,Other
ATT202407004878,STU004878,SCH049,2024-07-01,14,11,Medical
ATT202407004879,STU004879,SCH030,2024-07-01,14,12,Medical
ATT202407004880,STU004880,SCH040,2024-07-01,16,15,Medical
ATT202407004881,STU004881,SCH031,2024-07-01,17,15,Family
ATT202407004882,STU004882,SCH007,2024-07-01,15,13,Other
ATT202407004883,STU004883,SCH019,2024-07-01,14,13,Family
ATT202407004884,STU004884,SCH026,2024-07-01,18,16,Unauthorised
ATT202407004885,STU004885,SCH007,2024-07-01,15,12,Medical
ATT202407004886,STU004886,SCH006,2024-07-01,17,15,Other
ATT202407004887,STU004887,SCH050,2024-07-01,14,12,Medical
ATT202407004888,STU004888,SCH011,2024-07-01,15,12,Unauthorised
ATT202407004889,STU004889,SCH002,2024-07-01,17,14,Family
ATT202407004890,STU004890,SCH049,2024-07-01,16,13,Family
ATT202407004891,STU004891,SCH017,2024-07-01,16,11,Medical
ATT202407004892,STU004892,SCH046,2024-07-01,16,12,Unauthorised
ATT202407004893,STU004893,SCH035,2024-07-01,17,13,Other
ATT202407004894,STU004894,SCH019,2024-07-01,17,16,Medical
ATT202407004895,STU004895,SCH047,2024-07-01,15,13,Illness
ATT202407004896,STU004896,SCH035,2024-07-01,16,13,Unauthorised
ATT202407004897,STU004897,SCH032,2024-07-01,14,12,Illness
ATT202407004898,STU004898,SCH031,2024-07-01,18,16,Unauthorised
ATT202407004899,STU004899,SCH016,2024-07-01,15,13,Other
ATT202407004900,STU004900,SCH007,2024-07-01,17,15,Medical
ATT202407004901,STU004901,SCH012,2024-07-01,14,11,Family
ATT202407004902,STU004902,SCH010,2024-07-01,14,12,Family
ATT202407004903,STU004903,SCH003,2024-07-01,18,15,Unauthorised
ATT202407004904,STU004904,SCH012,2024-07-01,15,14,Medical
ATT202407004905,STU004905,SCH017,2024-07-01,17,13,Other
ATT202407004906,STU004906,SCH043,2024-07-01,14,12,Medical
ATT202407004907,STU004907,SCH039,2024-07-01,18,14,Medical
ATT202407004908,STU004908,SCH001,2024-07-01,14,11,Family
ATT202407004909,STU004909,SCH048,2024-07-01,15,13,Illness
ATT202407004910,STU004910,SCH015,2024-07-01,16,14,Unauthorised
ATT202407004911,STU004911,SCH038,2024-07-01,18,16,Illness
ATT202407004912,STU004912,SCH042,2024-07-01,16,13,Illness
ATT202407004913,STU004913,SCH020,2024-07-01,18,16,Unauthorised
ATT202407004914,STU004914,SCH041,2024-07-01,18,16,Family
ATT202407004915,STU004915,SCH025,2024-07-01,14,12,Other
ATT202407004916,STU004916,SCH042,2024-07-01,18,13,Medical
ATT202407004917,STU004917,SCH035,2024-07-01,18,15,Medical
ATT202407004918,STU004918,SCH039,2024-07-01,15,13,Other
ATT202407004919,STU004919,SCH031,2024-07-01,18,15,Illness
ATT202407004920,STU004920,SCH024,2024-07-01,17,13,Illness
ATT202407004921,STU004921,SCH030,2024-07-01,15,13,Family
ATT202407004922,STU004922,SCH043,2024-07-01,14,11,Other
ATT202407004923,STU004923,SCH037,2024-07-01,17,15,Family
ATT202407004924,STU004924,SCH025,2024-07-01,15,13,Other
ATT202407004925,STU004925,SCH046,2024-07-01,16,13,Medical
ATT202407004926,STU004926,SCH003,2024-07-01,16,14,Unauthorised
ATT202407004927,STU004927,SCH038,2024-07-01,14,12,Illness
ATT202407004928,STU004928,SCH002,2024-07-01,17,13,Family
ATT202407004929,STU004929,SCH048,2024-07-01,15,12,Unauthorised
ATT202407004930,STU004930,SCH004,2024-07-01,16,14,Unauthorised
ATT202407004931,STU004931,SCH019,2024-07-01,15,13,Unauthorised
ATT202407004932,STU004932,SCH018,2024-07-01,18,16,Medical
ATT202407004933,STU004933,SCH040,2024-07-01,16,14,Other
ATT202407004934,STU004934,SCH018,2024-07-01,17,15,Unauthorised
ATT202407004935,STU004935,SCH012,2024-07-01,16,13,Other
ATT202407004936,STU004936,SCH015,2024-07-01,15,13,Medical
ATT202407004937,STU004937,SCH047,2024-07-01,17,15,Medical
ATT202407004938,STU004938,SCH008,2024-07-01,17,13,Illness
ATT202407004939,STU004939,SCH039,2024-07-01,16,14,Illness
ATT202407004940,STU004940,SCH047,2024-07-01,17,15,Other
ATT202407004941,STU004941,SCH032,2024-07-01,14,12,Illness
ATT202407004942,STU004942,SCH021,2024-07-01,16,13,Other
ATT202407004943,STU004943,SCH043,2024-07-01,17,13,Other
ATT202407004944,STU004944,SCH044,2024-07-01,16,13,Other
ATT202407004945,STU004945,SCH042,2024-07-01,15,10,Family
ATT202407004946,STU004946,SCH021,2024-07-01,16,12,Medical
ATT202407004947,STU004947,SCH035,2024-07-01,17,13,Illness
ATT202407004948,STU004948,SCH019,2024-07-01,17,14,Other
ATT202407004949,STU004949,SCH015,2024-07-01,14,12,Family
ATT202407004950,STU004950,SCH013,2024-07-01,16,14,Medical
ATT202407004951,STU004951,SCH035,2024-07-01,15,13,Family
ATT202407004952,STU004952,SCH011,2024-07-01,17,15,Family
ATT202407004953,STU004953,SCH015,2024-07-01,17,15,Other
ATT202407004954,STU004954,SCH019,2024-07-01,18,15,Unauthorised
ATT202407004955,STU004955,SCH005,2024-07-01,14,12,Medical
ATT202407004956,STU004956,SCH011,2024-07-01,15,14,Unauthorised
ATT202407004957,STU004957,SCH017,2024-07-01,14,10,Unauthorised
ATT202407004958,STU004958,SCH041,2024-07-01,17,15,Medical
ATT202407004959,STU004959,SCH036,2024-07-01,18,15,Other
ATT202407004960,STU004960,SCH006,2024-07-01,17,14,Unauthorised
ATT202407004961,STU004961,SCH005,2024-07-01,14,11,Family
ATT202407004962,STU004962,SCH048,2024-07-01,17,15,Unauthorised
ATT202407004963,STU004963,SCH034,2024-07-01,17,14,Unauthorised
ATT202407004964,STU004964,SCH041,2024-07-01,16,13,Illness
ATT202407004965,STU004965,SCH020,2024-07-01,14,12,Unauthorised
ATT202407004966,STU004966,SCH018,2024-07-01,16,14,Unauthorised
ATT202407004967,STU004967,SCH014,2024-07-01,17,14,Unauthorised
ATT202407004968,STU004968,SCH020,2024-07-01,16,14,Other
ATT202407004969,STU004969,SCH049,2024-07-01,16,12,Other
ATT202407004970,STU004970,SCH013,2024-07-01,16,13,Illness
ATT202407004971,STU004971,SCH022,2024-07-01,17,13,Family
ATT202407004972,STU004972,SCH018,2024-07-01,17,15,Family
ATT202407004973,STU004973,SCH027,2024-07-01,14,12,Illness
ATT202407004974,STU004974,SCH003,2024-07-01,14,12,Illness
ATT202407004975,STU004975,SCH039,2024-07-01,15,13,Illness
ATT202407004976,STU004976,SCH034,2024-07-01,16,12,Illness
ATT202407004977,STU004977,SCH037,2024-07-01,15,12,Other
ATT202407004978,STU004978,SCH025,2024-07-01,15,13,Illness
ATT202407004979,STU004979,SCH035,2024-07-01,18,14,Medical
ATT202407004980,STU004980,SCH047,2024-07-01,14,11,Illness
ATT202407004981,STU004981,SCH049,2024-07-01,14,11,Illness
ATT202407004982,STU004982,SCH050,2024-07-01,18,15,Illness
ATT202407004983,STU004983,SCH010,2024-07-01,17,16,Other
ATT202407004984,STU004984,SCH001,2024-07-01,16,13,Illness
ATT202407004985,STU004985,SCH012,2024-07-01,17,14,Other
ATT202407004986,STU004986,SCH042,2024-07-01,15,14,Unauthorised
ATT202407004987,STU004987,SCH007,2024-07-01,15,12,Unauthorised
ATT202407004988,STU004988,SCH020,2024-07-01,16,14,Illness
ATT202407004989,STU004989,SCH038,2024-07-01,18,15,Other
ATT202407004990,STU004990,SCH025,2024-07-01,15,12,Medical
ATT202407004991,STU004991,SCH048,2024-07-01,18,15,Unauthorised
ATT202407004992,STU004992,SCH037,2024-07-01,15,13,Medical
ATT202407004993,STU004993,SCH021,2024-07-01,16,13,Other
ATT202407004994,STU004994,SCH018,2024-07-01,14,12,Family
ATT202407004995,STU004995,SCH006,2024-07-01,17,15,Illness
ATT202407004996,STU004996,SCH016,2024-07-01,18,15,Other
ATT202407004997,STU004997,SCH029,2024-07-01,15,12,Medical
ATT202407004998,STU004998,SCH002,2024-07-01,15,11,Illness
ATT202407004999,STU004999,SCH008,2024-07-01,16,14,Unauthorised
ATT202407005000,STU005000,SCH038,2024-07-01,18,16,Unauthorised
ATT202407005001,STU005001,SCH032,2024-07-01,14,12,Illness
ATT202407005002,STU005002,SCH050,2024-07-01,15,12,Family
ATT202407005003,STU005003,SCH004,2024-07-01,17,14,Medical
ATT202407005004,STU005004,SCH033,2024-07-01,18,15,Family
ATT202407005005,STU005005,SCH043,2024-07-01,14,12,Other
ATT202407005006,STU005006,SCH007,2024-07-01,14,11,Medical
ATT202407005007,STU005007,SCH032,2024-07-01,15,11,Family
ATT202407005008,STU005008,SCH018,2024-07-01,14,12,Illness
ATT202407005009,STU005009,SCH011,2024-07-01,17,15,Illness
ATT202407005010,STU005010,SCH050,2024-07-01,15,12,Family
ATT202407005011,STU005011,SCH016,2024-07-01,15,13,Other
ATT202407005012,STU005012,SCH035,2024-07-01,14,12,Unauthorised
ATT202407005013,STU005013,SCH040,2024-07-01,15,13,Other
ATT202407005014,STU005014,SCH001,2024-07-01,17,12,Other
ATT202407005015,STU005015,SCH022,2024-07-01,15,11,Unauthorised
ATT202407005016,STU005016,SCH024,2024-07-01,14,11,Family
ATT202407005017,STU005017,SCH010,2024-07-01,18,16,Illness
ATT202407005018,STU005018,SCH031,2024-07-01,15,13,Unauthorised
ATT202407005019,STU005019,SCH028,2024-07-01,14,11,Medical
ATT202407005020,STU005020,SCH018,2024-07-01,15,13,Illness
ATT202407005021,STU005021,SCH033,2024-07-01,17,15,Family
ATT202407005022,STU005022,SCH032,2024-07-01,14,12,Other
ATT202407005023,STU005023,SCH030,2024-07-01,18,17,Family
ATT202407005024,STU005024,SCH017,2024-07-01,15,11,Family
ATT202407005025,STU005025,SCH018,2024-07-01,15,12,Other
ATT202407005026,STU005026,SCH028,2024-07-01,15,13,Medical
ATT202407005027,STU005027,SCH018,2024-07-01,18,15,Illness
ATT202407005028,STU005028,SCH028,2024-07-01,17,14,Illness
ATT202407005029,STU005029,SCH049,2024-07-01,14,12,Other
ATT202407005030,STU005030,SCH018,2024-07-01,16,15,Family
ATT202407005031,STU005031,SCH015,2024-07-01,14,12,Medical
ATT202407005032,STU005032,SCH026,2024-07-01,15,12,Family
ATT202407005033,STU005033,SCH004,2024-07-01,16,13,Other
ATT202407005034,STU005034,SCH015,2024-07-01,17,14,Family
ATT202407005035,STU005035,SCH017,2024-07-01,17,14,Unauthorised
ATT202407005036,STU005036,SCH029,2024-07-01,15,13,Family
ATT202407005037,STU005037,SCH043,2024-07-01,17,15,Family
ATT202407005038,STU005038,SCH006,2024-07-01,17,15,Medical
ATT202407005039,STU005039,SCH014,2024-07-01,14,12,Family
ATT202407005040,STU005040,SCH023,2024-07-01,18,16,Illness
ATT202407005041,STU005041,SCH019,2024-07-01,17,13,Family
ATT202407005042,STU005042,SCH034,2024-07-01,18,15,Other
ATT202407005043,STU005043,SCH019,2024-07-01,14,12,Illness
ATT202407005044,STU005044,SCH041,2024-07-01,14,11,Other
ATT202407005045,STU005045,SCH038,2024-07-01,15,12,Other
ATT202407005046,STU005046,SCH037,2024-07-01,17,15,Family
ATT202407005047,STU005047,SCH002,2024-07-01,16,14,Other
ATT202407005048,STU005048,SCH023,2024-07-01,16,14,Other
ATT202407005050,STU005050,SCH041,2024-07-01,16,13,Other
ATT202407005051,STU005051,SCH018,2024-07-01,14,13,Family
ATT202407005052,STU005052,SCH008,2024-07-01,15,14,Unauthorised
ATT202407005053,STU005053,SCH026,2024-07-01,15,13,Illness
ATT202407005054,STU005054,SCH047,2024-07-01,14,13,Illness
ATT202407005055,STU005055,SCH042,2024-07-01,14,12,Other
ATT202407005056,STU005056,SCH018,2024-07-01,18,15,Family
ATT202407005057,STU005057,SCH018,2024-07-01,17,14,Family
ATT202407005058,STU005058,SCH049,2024-07-01,17,14,Other
ATT202407005059,STU005059,SCH011,2024-07-01,17,14,Medical
ATT202407005060,STU005060,SCH031,2024-07-01,15,13,Unauthorised
ATT202407005061,STU005061,SCH032,2024-07-01,14,12,Family
ATT202407005062,STU005062,SCH020,2024-07-01,15,13,Family
ATT202407005063,STU005063,SCH003,2024-07-01,18,15,Illness
ATT202407005064,STU005064,SCH005,2024-07-01,18,15,Illness
ATT202407005065,STU005065,SCH031,2024-07-01,16,12,Unauthorised
ATT202407005066,STU005066,SCH009,2024-07-01,15,12,Unauthorised
ATT202407005067,STU005067,SCH010,2024-07-01,16,13,Other
ATT202407005068,STU005068,SCH015,2024-07-01,16,14,Other
ATT202407005069,STU005069,SCH043,2024-07-01,18,15,Unauthorised
ATT202407005070,STU005070,SCH011,2024-07-01,15,13,Family
ATT202407005071,STU005071,SCH026,2024-07-01,14,12,Family
ATT202407005072,STU005072,SCH013,2024-07-01,18,16,Illness
ATT202407005073,STU005073,SCH008,2024-07-01,15,13,Unauthorised
ATT202407005074,STU005074,SCH022,2024-07-01,17,14,Unauthorised
ATT202407005075,STU005075,SCH014,2024-07-01,18,16,Illness
ATT202407005076,STU005076,SCH029,2024-07-01,15,13,Other
ATT202407005077,STU005077,SCH038,2024-07-01,14,12,Other
ATT202407005078,STU005078,SCH019,2024-07-01,17,15,Illness
ATT202407005079,STU005079,SCH031,2024-07-01,18,15,Family
ATT202407005080,STU005080,SCH031,2024-07-01,16,14,Unauthorised
ATT202407005081,STU005081,SCH019,2024-07-01,16,13,Family
ATT202407005082,STU005082,SCH014,2024-07-01,17,13,Medical
ATT202407005083,STU005083,SCH050,2024-07-01,16,14,Unauthorised
ATT202407005084,STU005084,SCH008,2024-07-01,15,13,Unauthorised
ATT202407005085,STU005085,SCH018,2024-07-01,16,12,Family
ATT202407005086,STU005086,SCH043,2024-07-01,16,13,Other
ATT202407005087,STU005087,SCH019,2024-07-01,14,12,Family
ATT202407005088,STU005088,SCH004,2024-07-01,17,15,Medical
ATT202407005089,STU005089,SCH014,2024-07-01,16,13,Family
ATT202407005090,STU005090,SCH023,2024-07-01,16,14,Medical
ATT202407005091,STU005091,SCH038,2024-07-01,16,13,Unauthorised
ATT202407005092,STU005092,SCH028,2024-07-01,18,15,Illness
ATT202407005093,STU005093,SCH014,2024-07-01,16,13,Other
ATT202407005094,STU005094,SCH010,2024-07-01,14,10,Other
ATT202407005095,STU005095,SCH030,2024-07-01,15,12,Illness
ATT202407005096,STU005096,SCH024,2024-07-01,16,14,Unauthorised
ATT202407005098,STU005098,SCH027,2024-07-01,18,16,Family
ATT202407005099,STU005099,SCH005,2024-07-01,17,13,Illness
ATT202407005100,STU005100,SCH023,2024-07-01,15,13,Other
ATT202407005101,STU005101,SCH048,2024-07-01,16,13,Other
ATT202407005102,STU005102,SCH019,2024-07-01,17,15,Medical
ATT202407005103,STU005103,SCH015,2024-07-01,16,14,Other
ATT202407005104,STU005104,SCH041,2024-07-01,17,16,Family
ATT202407005105,STU005105,SCH040,2024-07-01,15,13,Family
ATT202407005106,STU005106,SCH001,2024-07-01,17,13,Medical
ATT202407005107,STU005107,SCH004,2024-07-01,16,13,Other
ATT202407005108,STU005108,SCH015,2024-07-01,15,13,Unauthorised
ATT202407005109,STU005109,SCH007,2024-07-01,15,12,Unauthorised
ATT202407005110,STU005110,SCH007,2024-07-01,17,14,Other
ATT202407005111,STU005111,SCH017,2024-07-01,14,10,Medical
ATT202407005112,STU005112,SCH040,2024-07-01,18,15,Other
ATT202407005113,STU005113,SCH045,2024-07-01,16,13,Family
ATT202407005114,STU005114,SCH025,2024-07-01,18,16,Illness
ATT202407005115,STU005115,SCH026,2024-07-01,16,15,Illness
ATT202407005116,STU005116,SCH033,2024-07-01,15,12,Unauthorised
ATT202407005117,STU005117,SCH011,2024-07-01,17,14,Family
ATT202407005118,STU005118,SCH004,2024-07-01,18,16,Unauthorised
ATT202407005119,STU005119,SCH042,2024-07-01,14,13,Illness
ATT202407005120,STU005120,SCH040,2024-07-01,15,13,Illness
ATT202407005121,STU005121,SCH027,2024-07-01,18,15,Unauthorised
ATT202407005122,STU005122,SCH001,2024-07-01,18,15,Other
ATT202407005123,STU005123,SCH041,2024-07-01,15,14,Medical
ATT202407005124,STU005124,SCH001,2024-07-01,18,14,Unauthorised
ATT202407005125,STU005125,SCH013,2024-07-01,14,12,Other
ATT202407005126,STU005126,SCH008,2024-07-01,15,13,Illness
ATT202407005127,STU005127,SCH048,2024-07-01,18,16,Family
ATT202407005128,STU005128,SCH027,2024-07-01,16,13,Illness
ATT202407005129,STU005129,SCH041,2024-07-01,18,16,Family
ATT202407005130,STU005130,SCH038,2024-07-01,14,11,Other
ATT202407005131,STU005131,SCH020,2024-07-01,16,13,Other
ATT202407005132,STU005132,SCH035,2024-07-01,18,14,Illness
ATT202407005133,STU005133,SCH010,2024-07-01,15,12,Illness
ATT202407005134,STU005134,SCH018,2024-07-01,16,14,Family
ATT202407005135,STU005135,SCH039,2024-07-01,14,13,Unauthorised
ATT202407005136,STU005136,SCH030,2024-07-01,15,12,Other
ATT202407005137,STU005137,SCH044,2024-07-01,17,14,Other
ATT202407005138,STU005138,SCH013,2024-07-01,15,13,Other
ATT202407005139,STU005139,SCH005,2024-07-01,18,16,Unauthorised
ATT202407005140,STU005140,SCH042,2024-07-01,17,13,Other
ATT202407005141,STU005141,SCH041,2024-07-01,15,13,Illness
ATT202407005142,STU005142,SCH037,2024-07-01,18,16,Family
ATT202407005143,STU005143,SCH040,2024-07-01,16,14,Illness
ATT202407005144,STU005144,SCH022,2024-07-01,14,11,Illness
ATT202407005145,STU005145,SCH046,2024-07-01,15,12,Illness
ATT202407005146,STU005146,SCH007,2024-07-01,17,15,Family
ATT202407005147,STU005147,SCH023,2024-07-01,18,16,Other
ATT202407005148,STU005148,SCH040,2024-07-01,17,14,Other
ATT202407005149,STU005149,SCH026,2024-07-01,14,12,Medical
ATT202407005150,STU005150,SCH029,2024-07-01,17,15,Illness
ATT202407005151,STU005151,SCH044,2024-07-01,17,14,Illness
ATT202407005152,STU005152,SCH013,2024-07-01,18,16,Other
ATT202407005153,STU005153,SCH047,2024-07-01,17,14,Medical
ATT202407005154,STU005154,SCH002,2024-07-01,14,13,Family
ATT202407005155,STU005155,SCH013,2024-07-01,18,15,Illness
ATT202407005156,STU005156,SCH032,2024-07-01,17,14,Unauthorised
ATT202407005157,STU005157,SCH005,2024-07-01,14,12,Unauthorised
ATT202407005158,STU005158,SCH025,2024-07-01,15,12,Medical
ATT202407005159,STU005159,SCH041,2024-07-01,16,13,Family
ATT202407005160,STU005160,SCH043,2024-07-01,17,14,Other
ATT202407005161,STU005161,SCH023,2024-07-01,17,14,Medical
ATT202407005162,STU005162,SCH039,2024-07-01,18,16,Other
ATT202407005163,STU005163,SCH029,2024-07-01,18,14,Unauthorised
ATT202407005164,STU005164,SCH010,2024-07-01,16,13,Family
ATT202407005165,STU005165,SCH022,2024-07-01,16,12,Illness
ATT202407005166,STU005166,SCH023,2024-07-01,15,12,Family
ATT202407005167,STU005167,SCH036,2024-07-01,15,12,Family
ATT202407005168,STU005168,SCH028,2024-07-01,15,13,Illness
ATT202407005169,STU005169,SCH008,2024-07-01,16,13,Unauthorised
ATT202407005170,STU005170,SCH029,2024-07-01,14,11,Medical
ATT202407005171,STU005171,SCH002,2024-07-01,14,11,Other
ATT202407005172,STU005172,SCH020,2024-07-01,15,12,Other
ATT202407005173,STU005173,SCH050,2024-07-01,15,13,Family
ATT202407005174,STU005174,SCH034,2024-07-01,14,10,Medical
ATT202407005175,STU005175,SCH045,2024-07-01,18,14,Other
ATT202407005176,STU005176,SCH030,2024-07-01,14,12,Medical
ATT202407005177,STU005177,SCH022,2024-07-01,18,12,Family
ATT202407005178,STU005178,SCH020,2024-07-01,16,13,Medical
ATT202407005179,STU005179,SCH010,2024-07-01,15,12,Family
ATT202407005180,STU005180,SCH050,2024-07-01,16,12,Unauthorised
ATT202407005181,STU005181,SCH031,2024-07-01,17,14,Other
ATT202407005182,STU005182,SCH047,2024-07-01,17,16,Medical
ATT202407005183,STU005183,SCH026,2024-07-01,17,15,Unauthorised
ATT202407005184,STU005184,SCH021,2024-07-01,17,13,Medical
ATT202407005185,STU005185,SCH049,2024-07-01,14,12,Illness
ATT202407005186,STU005186,SCH010,2024-07-01,17,14,Medical
ATT202407005187,STU005187,SCH043,2024-07-01,15,13,Family
ATT202407005188,STU005188,SCH020,2024-07-01,15,12,Other
ATT202407005189,STU005189,SCH007,2024-07-01,18,14,Family
ATT202407005190,STU005190,SCH034,2024-07-01,14,12,Family
ATT202407005191,STU005191,SCH042,2024-07-01,17,12,Other
ATT202407005192,STU005192,SCH023,2024-07-01,18,15,Family
ATT202407005193,STU005193,SCH027,2024-07-01,18,15,Medical
ATT202407005194,STU005194,SCH012,2024-07-01,17,14,Family
ATT202407005195,STU005195,SCH010,2024-07-01,18,16,Family
ATT202407005196,STU005196,SCH021,2024-07-01,15,12,Medical
ATT202407005197,STU005197,SCH011,2024-07-01,14,12,Unauthorised
ATT202407005198,STU005198,SCH042,2024-07-01,18,15,Medical
ATT202407005199,STU005199,SCH015,2024-07-01,16,14,Medical
ATT202407005200,STU005200,SCH034,2024-07-01,15,11,Other
ATT202407005201,STU005201,SCH037,2024-07-01,18,14,Other
ATT202407005202,STU005202,SCH025,2024-07-01,14,12,Family
ATT202407005203,STU005203,SCH009,2024-07-01,17,14,Family
ATT202407005204,STU005204,SCH029,2024-07-01,14,11,Unauthorised
ATT202407005205,STU005205,SCH028,2024-07-01,14,12,Unauthorised
ATT202407005206,STU005206,SCH006,2024-07-01,15,13,Illness
ATT202407005207,STU005207,SCH002,2024-07-01,18,14,Unauthorised
ATT202407005208,STU005208,SCH012,2024-07-01,16,14,Family
ATT202407005209,STU005209,SCH016,2024-07-01,15,14,Illness
ATT202407005210,STU005210,SCH026,2024-07-01,14,12,Unauthorised
ATT202407005211,STU005211,SCH031,2024-07-01,17,13,Illness
ATT202407005212,STU005212,SCH002,2024-07-01,18,14,Unauthorised
ATT202407005213,STU005213,SCH040,2024-07-01,16,14,Medical
ATT202407005214,STU005214,SCH010,2024-07-01,14,13,Other
ATT202407005215,STU005215,SCH030,2024-07-01,15,12,Unauthorised
ATT202407005216,STU005216,SCH003,2024-07-01,18,17,Illness
ATT202407005217,STU005217,SCH020,2024-07-01,14,12,Illness
ATT202407005218,STU005218,SCH009,2024-07-01,16,13,Unauthorised
ATT202407005219,STU005219,SCH026,2024-07-01,16,13,Medical
ATT202407005220,STU005220,SCH029,2024-07-01,18,15,Medical
ATT202407005221,STU005221,SCH007,2024-07-01,15,11,Unauthorised
ATT202407005222,STU005222,SCH041,2024-07-01,15,13,Medical
ATT202407005223,STU005223,SCH005,2024-07-01,15,13,Illness
ATT202407005224,STU005224,SCH010,2024-07-01,16,14,Unauthorised
ATT202407005225,STU005225,SCH026,2024-07-01,18,16,Medical
ATT202407005226,STU005226,SCH032,2024-07-01,16,13,Medical
ATT202407005227,STU005227,SCH030,2024-07-01,15,13,Unauthorised
ATT202407005228,STU005228,SCH036,2024-07-01,16,14,Medical
ATT202407005229,STU005229,SCH038,2024-07-01,18,15,Unauthorised
ATT202407005230,STU005230,SCH040,2024-07-01,16,14,Unauthorised
ATT202407005231,STU005231,SCH042,2024-07-01,18,14,Medical
ATT202407005232,STU005232,SCH043,2024-07-01,17,15,Unauthorised
ATT202407005233,STU005233,SCH032,2024-07-01,17,14,Illness
ATT202407005234,STU005234,SCH048,2024-07-01,15,13,Other
ATT202407005235,STU005235,SCH025,2024-07-01,18,14,Other
ATT202407005236,STU005236,SCH039,2024-07-01,17,14,Illness
ATT202407005237,STU005237,SCH045,2024-07-01,17,14,Unauthorised
ATT202407005238,STU005238,SCH025,2024-07-01,15,13,Other
ATT202407005239,STU005239,SCH047,2024-07-01,18,16,Medical
ATT202407005240,STU005240,SCH018,2024-07-01,16,13,Unauthorised
ATT202407005241,STU005241,SCH013,2024-07-01,14,12,Medical
ATT202407005242,STU005242,SCH030,2024-07-01,17,15,Other
ATT202407005243,STU005243,SCH027,2024-07-01,15,13,Medical
ATT202407005244,STU005244,SCH012,2024-07-01,17,13,Unauthorised
ATT202407005245,STU005245,SCH032,2024-07-01,15,12,Illness
ATT202407005246,STU005246,SCH014,2024-07-01,14,12,Illness
ATT202407005247,STU005247,SCH026,2024-07-01,16,13,Illness
ATT202407005248,STU005248,SCH027,2024-07-01,18,15,Illness
ATT202407005249,STU005249,SCH008,2024-07-01,17,14,Unauthorised
ATT202407005250,STU005250,SCH013,2024-07-01,14,12,Other
ATT202407005251,STU005251,SCH010,2024-07-01,16,12,Medical
ATT202407005252,STU005252,SCH033,2024-07-01,16,14,Family
ATT202407005253,STU005253,SCH032,2024-07-01,14,11,Illness
ATT202407005254,STU005254,SCH015,2024-07-01,14,12,Illness
ATT202407005255,STU005255,SCH046,2024-07-01,14,12,Illness
ATT202407005256,STU005256,SCH044,2024-07-01,15,12,Family
ATT202407005257,STU005257,SCH035,2024-07-01,16,13,Illness
ATT202407005258,STU005258,SCH023,2024-07-01,17,14,Medical
ATT202407005259,STU005259,SCH032,2024-07-01,17,14,Other
ATT202407005260,STU005260,SCH023,2024-07-01,16,14,Unauthorised
ATT202407005261,STU005261,SCH029,2024-07-01,18,15,Unauthorised
ATT202407005262,STU005262,SCH010,2024-07-01,17,15,Family
ATT202407005263,STU005263,SCH042,2024-07-01,17,14,Other
ATT202407005264,STU005264,SCH032,2024-07-01,15,12,Medical
ATT202407005265,STU005265,SCH022,2024-07-01,15,11,Family
ATT202407005266,STU005266,SCH031,2024-07-01,17,15,Medical
ATT202407005267,STU005267,SCH010,2024-07-01,14,10,Other
ATT202407005268,STU005268,SCH024,2024-07-01,16,12,Medical
ATT202407005269,STU005269,SCH005,2024-07-01,16,14,Illness
ATT202407005270,STU005270,SCH036,2024-07-01,18,16,Family
ATT202407005271,STU005271,SCH006,2024-07-01,15,13,Illness
ATT202407005272,STU005272,SCH003,2024-07-01,14,13,Illness
ATT202407005273,STU005273,SCH034,2024-07-01,17,13,Unauthorised
ATT202407005274,STU005274,SCH026,2024-07-01,16,13,Medical
ATT202407005275,STU005275,SCH026,2024-07-01,16,13,Family
ATT202407005276,STU005276,SCH013,2024-07-01,15,12,Other
ATT202407005277,STU005277,SCH020,2024-07-01,15,14,Unauthorised
ATT202407005278,STU005278,SCH042,2024-07-01,14,10,Unauthorised
ATT202407005279,STU005279,SCH021,2024-07-01,16,14,Illness
ATT202407005280,STU005280,SCH047,2024-07-01,15,14,Unauthorised
ATT202407005281,STU005281,SCH031,2024-07-01,14,12,Illness
ATT202407005282,STU005282,SCH031,2024-07-01,18,17,Family
ATT202407005283,STU005283,SCH044,2024-07-01,16,13,Family
ATT202407005284,STU005284,SCH044,2024-07-01,17,14,Other
ATT202407005285,STU005285,SCH006,2024-07-01,15,13,Family
ATT202407005286,STU005286,SCH027,2024-07-01,14,12,Unauthorised
ATT202407005287,STU005287,SCH027,2024-07-01,14,11,Illness
ATT202407005288,STU005288,SCH025,2024-07-01,14,13,Other
ATT202407005289,STU005289,SCH005,2024-07-01,17,14,Other
ATT202407005290,STU005290,SCH032,2024-07-01,18,16,Family
ATT202407005291,STU005291,SCH020,2024-07-01,18,16,Other
ATT202407005292,STU005292,SCH023,2024-07-01,17,14,Family
ATT202407005293,STU005293,SCH039,2024-07-01,16,14,Other
ATT202407005294,STU005294,SCH023,2024-07-01,15,12,Unauthorised
ATT202407005295,STU005295,SCH025,2024-07-01,18,15,Illness
ATT202407005296,STU005296,SCH013,2024-07-01,17,15,Family
ATT202407005297,STU005297,SCH021,2024-07-01,14,12,Other
ATT202407005298,STU005298,SCH039,2024-07-01,16,14,Unauthorised
ATT202407005299,STU005299,SCH012,2024-07-01,17,14,Unauthorised
ATT202407005300,STU005300,SCH015,2024-07-01,17,15,Family
ATT202407005301,STU005301,SCH006,2024-07-01,17,16,Illness
ATT202407005302,STU005302,SCH031,2024-07-01,14,11,Medical
ATT202407005303,STU005303,SCH037,2024-07-01,15,14,Unauthorised
ATT202407005304,STU005304,SCH032,2024-07-01,18,14,Family
ATT202407005305,STU005305,SCH050,2024-07-01,17,14,Medical
ATT202407005306,STU005306,SCH029,2024-07-01,16,13,Family
ATT202407005307,STU005307,SCH001,2024-07-01,15,12,Medical
ATT202407005308,STU005308,SCH050,2024-07-01,14,12,Medical
ATT202407005309,STU005309,SCH017,2024-07-01,16,12,Family
ATT202407005310,STU005310,SCH006,2024-07-01,15,12,Unauthorised
ATT202407005311,STU005311,SCH047,2024-07-01,17,14,Medical
ATT202407005312,STU005312,SCH026,2024-07-01,15,13,Medical
ATT202407005313,STU005313,SCH001,2024-07-01,16,12,Other
ATT202407005314,STU005314,SCH007,2024-07-01,18,15,Family
ATT202407005315,STU005315,SCH026,2024-07-01,18,16,Unauthorised
ATT202407005316,STU005316,SCH018,2024-07-01,18,15,Medical
ATT202407005317,STU005317,SCH021,2024-07-01,16,13,Medical
ATT202407005318,STU005318,SCH002,2024-07-01,17,13,Illness
ATT202407005319,STU005319,SCH015,2024-07-01,14,11,Other
ATT202407005320,STU005320,SCH050,2024-07-01,18,15,Other
ATT202407005321,STU005321,SCH020,2024-07-01,14,12,Illness
ATT202407005322,STU005322,SCH015,2024-07-01,16,14,Unauthorised
ATT202407005323,STU005323,SCH045,2024-07-01,17,14,Medical
ATT202407005324,STU005324,SCH036,2024-07-01,18,16,Family
ATT202407005325,STU005325,SCH029,2024-07-01,15,13,Unauthorised
ATT202407005326,STU005326,SCH012,2024-07-01,16,14,Illness
ATT202407005327,STU005327,SCH046,2024-07-01,17,14,Unauthorised
ATT202407005328,STU005328,SCH003,2024-07-01,18,15,Family
ATT202407005329,STU005329,SCH047,2024-07-01,15,13,Family
ATT202407005330,STU005330,SCH022,2024-07-01,17,14,Family
ATT202407005331,STU005331,SCH020,2024-07-01,18,15,Illness
ATT202407005332,STU005332,SCH009,2024-07-01,18,14,Family
ATT202407005333,STU005333,SCH050,2024-07-01,15,13,Family
ATT202407005334,STU005334,SCH015,2024-07-01,18,17,Medical
ATT202407005335,STU005335,SCH031,2024-07-01,15,12,Family
ATT202407005336,STU005336,SCH032,2024-07-01,14,11,Illness
ATT202407005337,STU005337,SCH021,2024-07-01,16,14,Family
ATT202407005338,STU005338,SCH049,2024-07-01,18,15,Family
ATT202407005339,STU005339,SCH013,2024-07-01,14,12,Unauthorised
ATT202407005340,STU005340,SCH029,2024-07-01,18,15,Other
ATT202407005341,STU005341,SCH045,2024-07-01,18,14,Family
ATT202407005342,STU005342,SCH026,2024-07-01,16,14,Medical
ATT202407005343,STU005343,SCH041,2024-07-01,18,16,Illness
ATT202407005344,STU005344,SCH044,2024-07-01,17,15,Family
ATT202407005345,STU005345,SCH023,2024-07-01,14,12,Illness
ATT202407005346,STU005346,SCH009,2024-07-01,16,14,Family
ATT202407005347,STU005347,SCH018,2024-07-01,18,16,Other
ATT202407005348,STU005348,SCH011,2024-07-01,14,12,Unauthorised
ATT202407005349,STU005349,SCH027,2024-07-01,14,11,Unauthorised
ATT202407005350,STU005350,SCH029,2024-07-01,18,15,Illness
ATT202407005351,STU005351,SCH029,2024-07-01,14,12,Other
ATT202407005352,STU005352,SCH045,2024-07-01,16,13,Family
ATT202407005353,STU005353,SCH023,2024-07-01,18,16,Medical
ATT202407005354,STU005354,SCH001,2024-07-01,14,11,Illness
ATT202407005355,STU005355,SCH021,2024-07-01,14,11,Other
ATT202407005356,STU005356,SCH028,2024-07-01,15,12,Illness
ATT202407005357,STU005357,SCH049,2024-07-01,14,11,Other
ATT202407005358,STU005358,SCH030,2024-07-01,15,12,Other
ATT202407005359,STU005359,SCH033,2024-07-01,18,16,Medical
ATT202407005360,STU005360,SCH029,2024-07-01,18,16,Family
ATT202407005361,STU005361,SCH036,2024-07-01,14,12,Medical
ATT202407005362,STU005362,SCH029,2024-07-01,15,13,Illness
ATT202407005363,STU005363,SCH014,2024-07-01,18,14,Medical
ATT202407005364,STU005364,SCH040,2024-07-01,14,12,Unauthorised
ATT202407005365,STU005365,SCH046,2024-07-01,18,16,Medical
ATT202407005366,STU005366,SCH025,2024-07-01,15,12,Unauthorised
ATT202407005367,STU005367,SCH042,2024-07-01,18,13,Unauthorised
ATT202407005368,STU005368,SCH034,2024-07-01,17,14,Other
ATT202407005369,STU005369,SCH041,2024-07-01,18,16,Medical
ATT202407005370,STU005370,SCH045,2024-07-01,18,14,Other
ATT202407005371,STU005371,SCH008,2024-07-01,15,13,Family
ATT202407005372,STU005372,SCH048,2024-07-01,14,13,Other
ATT202407005373,STU005373,SCH047,2024-07-01,17,15,Illness
ATT202407005374,STU005374,SCH031,2024-07-01,18,15,Medical
ATT202407005375,STU005375,SCH008,2024-07-01,16,14,Illness
ATT202407005376,STU005376,SCH044,2024-07-01,16,13,Unauthorised
ATT202407005377,STU005377,SCH044,2024-07-01,14,12,Illness
ATT202407005378,STU005378,SCH018,2024-07-01,14,13,Illness
ATT202407005379,STU005379,SCH011,2024-07-01,16,14,Other
ATT202407005380,STU005380,SCH016,2024-07-01,18,16,Other
ATT202407005381,STU005381,SCH009,2024-07-01,18,14,Family
ATT202407005382,STU005382,SCH041,2024-07-01,17,15,Family
ATT202407005383,STU005383,SCH030,2024-07-01,14,12,Medical
ATT202407005384,STU005384,SCH035,2024-07-01,16,13,Other
ATT202407005385,STU005385,SCH043,2024-07-01,14,12,Medical
ATT202407005386,STU005386,SCH011,2024-07-01,14,12,Illness
ATT202407005387,STU005387,SCH039,2024-07-01,18,16,Other
ATT202407005388,STU005388,SCH022,2024-07-01,16,12,Illness
ATT202407005389,STU005389,SCH029,2024-07-01,16,13,Illness
ATT202407005390,STU005390,SCH041,2024-07-01,15,13,Other
ATT202407005391,STU005391,SCH046,2024-07-01,14,12,Illness
ATT202407005392,STU005392,SCH043,2024-07-01,17,14,Other
ATT202407005393,STU005393,SCH044,2024-07-01,16,14,Unauthorised
ATT202407005394,STU005394,SCH020,2024-07-01,15,12,Illness
ATT202407005395,STU005395,SCH004,2024-07-01,14,12,Unauthorised
ATT202407005396,STU005396,SCH047,2024-07-01,17,15,Illness
ATT202407005397,STU005397,SCH005,2024-07-01,15,13,Illness
ATT202407005398,STU005398,SCH039,2024-07-01,15,12,Unauthorised
ATT202407005399,STU005399,SCH025,2024-07-01,15,13,Illness
ATT202407005400,STU005400,SCH011,2024-07-01,16,14,Unauthorised
ATT202407005401,STU005401,SCH044,2024-07-01,16,14,Other
ATT202407005402,STU005402,SCH011,2024-07-01,16,13,Medical
ATT202407005403,STU005403,SCH044,2024-07-01,18,14,Medical
ATT202407005404,STU005404,SCH041,2024-07-01,15,14,Illness
ATT202407005405,STU005405,SCH033,2024-07-01,14,12,Unauthorised
ATT202407005406,STU005406,SCH038,2024-07-01,18,15,Unauthorised
ATT202407005407,STU005407,SCH014,2024-07-01,17,14,Family
ATT202407005408,STU005408,SCH013,2024-07-01,14,12,Unauthorised
ATT202407005409,STU005409,SCH034,2024-07-01,15,13,Medical
ATT202407005410,STU005410,SCH011,2024-07-01,18,16,Other
ATT202407005411,STU005411,SCH024,2024-07-01,18,15,Medical
ATT202407005412,STU005412,SCH039,2024-07-01,16,13,Unauthorised
ATT202407005413,STU005413,SCH017,2024-07-01,14,11,Other
ATT202407005414,STU005414,SCH011,2024-07-01,16,14,Family
ATT202407005415,STU005415,SCH009,2024-07-01,17,14,Medical
ATT202407005416,STU005416,SCH040,2024-07-01,18,15,Other
ATT202407005417,STU005417,SCH025,2024-07-01,15,13,Illness
ATT202407005418,STU005418,SCH020,2024-07-01,17,15,Illness
ATT202407005419,STU005419,SCH039,2024-07-01,17,13,Unauthorised
ATT202407005420,STU005420,SCH012,2024-07-01,14,12,Other
ATT202407005421,STU005421,SCH046,2024-07-01,14,11,Illness
ATT202407005422,STU005422,SCH046,2024-07-01,14,12,Medical
ATT202407005423,STU005423,SCH005,2024-07-01,17,14,Medical
ATT202407005424,STU005424,SCH015,2024-07-01,15,13,Illness
ATT202407005425,STU005425,SCH042,2024-07-01,14,10,Illness
ATT202407005426,STU005426,SCH021,2024-07-01,16,12,Illness
ATT202407005427,STU005427,SCH050,2024-07-01,17,14,Medical
ATT202407005428,STU005428,SCH030,2024-07-01,15,13,Illness
ATT202407005429,STU005429,SCH043,2024-07-01,18,15,Unauthorised
ATT202407005430,STU005430,SCH045,2024-07-01,14,12,Unauthorised
ATT202407005431,STU005431,SCH037,2024-07-01,16,14,Family
ATT202407005432,STU005432,SCH018,2024-07-01,17,14,Illness
ATT202407005433,STU005433,SCH038,2024-07-01,15,14,Unauthorised
ATT202407005434,STU005434,SCH024,2024-07-01,14,12,Illness
ATT202407005435,STU005435,SCH040,2024-07-01,17,14,Other
ATT202407005436,STU005436,SCH007,2024-07-01,17,14,Family
ATT202407005437,STU005437,SCH039,2024-07-01,16,13,Unauthorised
ATT202407005438,STU005438,SCH033,2024-07-01,14,12,Family
ATT202407005439,STU005439,SCH038,2024-07-01,15,13,Family
ATT202407005440,STU005440,SCH017,2024-07-01,18,13,Unauthorised
ATT202407005441,STU005441,SCH032,2024-07-01,18,16,Other
ATT202407005442,STU005442,SCH018,2024-07-01,15,14,Medical
ATT202407005443,STU005443,SCH035,2024-07-01,18,15,Other
ATT202407005444,STU005444,SCH014,2024-07-01,17,14,Unauthorised
ATT202407005445,STU005445,SCH025,2024-07-01,16,14,Unauthorised
ATT202407005446,STU005446,SCH049,2024-07-01,16,13,Family
ATT202407005447,STU005447,SCH018,2024-07-01,14,13,Family
ATT202407005448,STU005448,SCH014,2024-07-01,14,12,Illness
ATT202407005449,STU005449,SCH001,2024-07-01,18,12,Medical
ATT202407005450,STU005450,SCH004,2024-07-01,18,15,Illness
ATT202407005451,STU005451,SCH006,2024-07-01,17,14,Other
ATT202407005452,STU005452,SCH032,2024-07-01,14,12,Medical
ATT202407005453,STU005453,SCH016,2024-07-01,16,14,Family
ATT202407005454,STU005454,SCH038,2024-07-01,16,14,Unauthorised
ATT202407005455,STU005455,SCH029,2024-07-01,17,15,Unauthorised
ATT202407005456,STU005456,SCH040,2024-07-01,16,13,Other
ATT202407005457,STU005457,SCH032,2024-07-01,15,12,Family
ATT202407005458,STU005458,SCH036,2024-07-01,15,12,Unauthorised
ATT202407005459,STU005459,SCH047,2024-07-01,17,14,Illness
ATT202407005460,STU005460,SCH017,2024-07-01,16,14,Illness
ATT202407005461,STU005461,SCH026,2024-07-01,16,15,Other
ATT202407005462,STU005462,SCH019,2024-07-01,14,13,Other
ATT202407005463,STU005463,SCH026,2024-07-01,17,16,Illness
ATT202407005464,STU005464,SCH037,2024-07-01,18,16,Family
ATT202407005465,STU005465,SCH034,2024-07-01,18,14,Illness
ATT202407005466,STU005466,SCH050,2024-07-01,14,11,Medical
ATT202407005467,STU005467,SCH020,2024-07-01,14,12,Other
ATT202407005468,STU005468,SCH042,2024-07-01,17,14,Other
ATT202407005469,STU005469,SCH024,2024-07-01,18,15,Unauthorised
ATT202407005470,STU005470,SCH008,2024-07-01,18,16,Family
ATT202407005471,STU005471,SCH018,2024-07-01,14,12,Other
ATT202407005472,STU005472,SCH026,2024-07-01,17,16,Family
ATT202407005473,STU005473,SCH043,2024-07-01,14,13,Unauthorised
ATT202407005474,STU005474,SCH020,2024-07-01,17,15,Medical
ATT202407005475,STU005475,SCH012,2024-07-01,17,14,Medical
ATT202407005476,STU005476,SCH012,2024-07-01,14,11,Other
ATT202407005477,STU005477,SCH020,2024-07-01,17,14,Medical
ATT202407005478,STU005478,SCH031,2024-07-01,18,16,Family
ATT202407005479,STU005479,SCH030,2024-07-01,17,15,Other
ATT202407005480,STU005480,SCH019,2024-07-01,17,15,Unauthorised
ATT202407005481,STU005481,SCH004,2024-07-01,17,14,Illness
ATT202407005482,STU005482,SCH011,2024-07-01,15,13,Unauthorised
ATT202407005483,STU005483,SCH040,2024-07-01,14,13,Unauthorised
ATT202407005484,STU005484,SCH012,2024-07-01,16,13,Illness
ATT202407005485,STU005485,SCH007,2024-07-01,15,13,Unauthorised
ATT202407005486,STU005486,SCH028,2024-07-01,18,15,Medical
ATT202407005487,STU005487,SCH048,2024-07-01,17,15,Other
ATT202407005488,STU005488,SCH010,2024-07-01,16,14,Illness
ATT202407005489,STU005489,SCH012,2024-07-01,16,13,Illness
ATT202407005490,STU005490,SCH019,2024-07-01,15,13,Illness
ATT202407005491,STU005491,SCH046,2024-07-01,17,15,Family
ATT202407005492,STU005492,SCH044,2024-07-01,17,14,Unauthorised
ATT202407005493,STU005493,SCH009,2024-07-01,15,13,Family
ATT202407005494,STU005494,SCH039,2024-07-01,14,11,Medical
ATT202407005495,STU005495,SCH047,2024-07-01,16,13,Other
ATT202407005496,STU005496,SCH007,2024-07-01,17,15,Illness
ATT202407005497,STU005497,SCH037,2024-07-01,16,14,Unauthorised
ATT202407005498,STU005498,SCH010,2024-07-01,14,12,Medical
ATT202407005499,STU005499,SCH048,2024-07-01,14,11,Unauthorised
ATT202407005500,STU005500,SCH031,2024-07-01,18,15,Illness
ATT202407005501,STU005501,SCH020,2024-07-01,15,12,Illness
ATT202407005502,STU005502,SCH009,2024-07-01,16,13,Other
ATT202407005503,STU005503,SCH014,2024-07-01,18,15,Family
ATT202407005504,STU005504,SCH001,2024-07-01,17,14,Medical
ATT202407005505,STU005505,SCH021,2024-07-01,15,12,Unauthorised
ATT202407005506,STU005506,SCH020,2024-07-01,16,14,Unauthorised
ATT202407005507,STU005507,SCH035,2024-07-01,18,15,Unauthorised
ATT202407005508,STU005508,SCH029,2024-07-01,17,15,Family
ATT202407005509,STU005509,SCH036,2024-07-01,16,14,Medical
ATT202407005510,STU005510,SCH009,2024-07-01,15,13,Other
ATT202407005511,STU005511,SCH029,2024-07-01,17,14,Unauthorised
ATT202407005512,STU005512,SCH044,2024-07-01,15,13,Family
ATT202407005513,STU005513,SCH034,2024-07-01,15,12,Illness
ATT202407005514,STU005514,SCH018,2024-07-01,18,15,Illness
ATT202407005515,STU005515,SCH021,2024-07-01,14,12,Family
ATT202407005516,STU005516,SCH044,2024-07-01,17,14,Illness
ATT202407005517,STU005517,SCH044,2024-07-01,16,13,Other
ATT202407005518,STU005518,SCH026,2024-07-01,17,14,Family
ATT202407005519,STU005519,SCH042,2024-07-01,18,14,Family
ATT202407005520,STU005520,SCH014,2024-07-01,18,16,Medical
ATT202407005521,STU005521,SCH049,2024-07-01,18,14,Unauthorised
ATT202407005523,STU005523,SCH020,2024-07-01,14,12,Illness
ATT202407005524,STU005524,SCH016,2024-07-01,17,15,Unauthorised
ATT202407005525,STU005525,SCH022,2024-07-01,15,13,Family
ATT202407005526,STU005526,SCH047,2024-07-01,17,14,Illness
ATT202407005527,STU005527,SCH021,2024-07-01,17,12,Illness
ATT202407005528,STU005528,SCH009,2024-07-01,18,15,Illness
ATT202407005529,STU005529,SCH005,2024-07-01,17,15,Family
ATT202407005530,STU005530,SCH016,2024-07-01,14,12,Illness
ATT202407005531,STU005531,SCH012,2024-07-01,17,15,Other
ATT202407005532,STU005532,SCH030,2024-07-01,14,12,Other
ATT202407005533,STU005533,SCH026,2024-07-01,14,12,Medical
ATT202407005534,STU005534,SCH008,2024-07-01,16,14,Illness
ATT202407005535,STU005535,SCH028,2024-07-01,14,12,Medical
ATT202407005536,STU005536,SCH023,2024-07-01,16,14,Other
ATT202407005537,STU005537,SCH038,2024-07-01,17,15,Unauthorised
ATT202407005538,STU005538,SCH032,2024-07-01,15,13,Other
ATT202407005539,STU005539,SCH010,2024-07-01,18,14,Other
ATT202407005540,STU005540,SCH014,2024-07-01,14,12,Other
ATT202407005541,STU005541,SCH044,2024-07-01,15,14,Unauthorised
ATT202407005542,STU005542,SCH039,2024-07-01,14,12,Medical
ATT202407005543,STU005543,SCH015,2024-07-01,14,12,Illness
ATT202407005544,STU005544,SCH023,2024-07-01,14,12,Illness
ATT202407005545,STU005545,SCH019,2024-07-01,17,15,Unauthorised
ATT202407005546,STU005546,SCH046,2024-07-01,16,14,Medical
ATT202407005547,STU005547,SCH008,2024-07-01,15,13,Medical
ATT202407005548,STU005548,SCH008,2024-07-01,15,13,Illness
ATT202407005549,STU005549,SCH037,2024-07-01,16,13,Illness
ATT202407005550,STU005550,SCH032,2024-07-01,16,13,Other
ATT202407005551,STU005551,SCH033,2024-07-01,18,15,Medical
ATT202407005552,STU005552,SCH030,2024-07-01,14,12,Unauthorised
ATT202407005553,STU005553,SCH039,2024-07-01,17,14,Unauthorised
ATT202407005554,STU005554,SCH035,2024-07-01,15,12,Medical
ATT202407005555,STU005555,SCH041,2024-07-01,14,13,Unauthorised
ATT202407005556,STU005556,SCH034,2024-07-01,18,14,Unauthorised
ATT202407005557,STU005557,SCH006,2024-07-01,18,15,Illness
ATT202407005558,STU005558,SCH020,2024-07-01,16,14,Unauthorised
ATT202407005559,STU005559,SCH007,2024-07-01,15,13,Illness
ATT202407005560,STU005560,SCH028,2024-07-01,15,13,Medical
ATT202407005561,STU005561,SCH016,2024-07-01,17,14,Family
ATT202407005562,STU005562,SCH020,2024-07-01,17,14,Medical
ATT202407005563,STU005563,SCH029,2024-07-01,17,13,Family
ATT202407005564,STU005564,SCH004,2024-07-01,14,12,Medical
ATT202407005565,STU005565,SCH010,2024-07-01,17,15,Other
ATT202407005566,STU005566,SCH003,2024-07-01,18,16,Family
ATT202407005567,STU005567,SCH039,2024-07-01,14,12,Illness
ATT202407005568,STU005568,SCH029,2024-07-01,15,12,Other
ATT202407005569,STU005569,SCH005,2024-07-01,16,14,Illness
ATT202407005570,STU005570,SCH001,2024-07-01,16,14,Illness
ATT202407005571,STU005571,SCH047,2024-07-01,16,14,Other
ATT202407005572,STU005572,SCH017,2024-07-01,16,12,Other
ATT202407005573,STU005573,SCH048,2024-07-01,18,15,Illness
ATT202407005574,STU005574,SCH014,2024-07-01,15,13,Medical
ATT202407005575,STU005575,SCH024,2024-07-01,17,12,Illness
ATT202407005576,STU005576,SCH025,2024-07-01,15,13,Other
ATT202407005577,STU005577,SCH028,2024-07-01,15,12,Illness
ATT202407005578,STU005578,SCH014,2024-07-01,18,15,Medical
ATT202407005579,STU005579,SCH050,2024-07-01,14,12,Family
ATT202407005580,STU005580,SCH005,2024-07-01,18,15,Illness
ATT202407005581,STU005581,SCH030,2024-07-01,16,14,Other
ATT202407005582,STU005582,SCH043,2024-07-01,17,15,Medical
ATT202407005583,STU005583,SCH030,2024-07-01,14,12,Illness
ATT202407005584,STU005584,SCH023,2024-07-01,14,12,Unauthorised
ATT202407005585,STU005585,SCH033,2024-07-01,15,14,Unauthorised
ATT202407005586,STU005586,SCH044,2024-07-01,18,14,Unauthorised
ATT202407005587,STU005587,SCH001,2024-07-01,18,14,Family
ATT202407005588,STU005588,SCH045,2024-07-01,14,11,Medical
ATT202407005589,STU005589,SCH048,2024-07-01,16,15,Illness
ATT202407005590,STU005590,SCH016,2024-07-01,14,13,Medical
ATT202407005591,STU005591,SCH027,2024-07-01,18,15,Unauthorised
ATT202407005592,STU005592,SCH040,2024-07-01,14,13,Other
ATT202407005593,STU005593,SCH014,2024-07-01,15,13,Illness
ATT202407005594,STU005594,SCH046,2024-07-01,15,13,Family
ATT202407005595,STU005595,SCH044,2024-07-01,18,16,Family
ATT202407005596,STU005596,SCH020,2024-07-01,18,15,Illness
ATT202407005597,STU005597,SCH045,2024-07-01,14,12,Illness
ATT202407005598,STU005598,SCH014,2024-07-01,14,12,Other
ATT202407005599,STU005599,SCH018,2024-07-01,14,12,Family
ATT202407005600,STU005600,SCH050,2024-07-01,14,10,Family
ATT202407005601,STU005601,SCH017,2024-07-01,18,13,Medical
ATT202407005602,STU005602,SCH012,2024-07-01,15,13,Illness
ATT202407005603,STU005603,SCH017,2024-07-01,15,12,Medical
ATT202407005604,STU005604,SCH004,2024-07-01,16,13,Medical
ATT202407005606,STU005606,SCH004,2024-07-01,17,15,Other
ATT202407005607,STU005607,SCH041,2024-07-01,15,13,Medical
ATT202407005608,STU005608,SCH019,2024-07-01,15,13,Family
ATT202407005609,STU005609,SCH015,2024-07-01,16,14,Medical
ATT202407005610,STU005610,SCH010,2024-07-01,15,14,Illness
ATT202407005611,STU005611,SCH035,2024-07-01,17,13,Medical
ATT202407005612,STU005612,SCH009,2024-07-01,15,13,Unauthorised
ATT202407005613,STU005613,SCH025,2024-07-01,16,14,Medical
ATT202407005614,STU005614,SCH011,2024-07-01,18,17,Medical
ATT202407005615,STU005615,SCH045,2024-07-01,16,14,Family
ATT202407005616,STU005616,SCH005,2024-07-01,16,13,Family
ATT202407005617,STU005617,SCH019,2024-07-01,15,12,Unauthorised
ATT202407005618,STU005618,SCH034,2024-07-01,18,15,Medical
ATT202407005619,STU005619,SCH028,2024-07-01,14,11,Other
ATT202407005620,STU005620,SCH019,2024-07-01,14,12,Illness
ATT202407005621,STU005621,SCH005,2024-07-01,17,16,Other
ATT202407005622,STU005622,SCH021,2024-07-01,17,14,Family
ATT202407005623,STU005623,SCH015,2024-07-01,14,13,Unauthorised
ATT202407005624,STU005624,SCH021,2024-07-01,15,12,Illness
ATT202407005625,STU005625,SCH029,2024-07-01,15,12,Illness
ATT202407005626,STU005626,SCH045,2024-07-01,14,12,Other
ATT202407005627,STU005627,SCH042,2024-07-01,18,16,Family
ATT202407005628,STU005628,SCH001,2024-07-01,17,12,Illness
ATT202407005629,STU005629,SCH034,2024-07-01,15,12,Unauthorised
ATT202407005630,STU005630,SCH025,2024-07-01,16,14,Other
ATT202407005631,STU005631,SCH020,2024-07-01,16,14,Unauthorised
ATT202407005632,STU005632,SCH035,2024-07-01,16,13,Unauthorised
ATT202407005633,STU005633,SCH027,2024-07-01,15,12,Medical
ATT202407005634,STU005634,SCH044,2024-07-01,18,15,Illness
ATT202407005635,STU005635,SCH013,2024-07-01,18,15,Unauthorised
ATT202407005636,STU005636,SCH039,2024-07-01,18,15,Medical
ATT202407005637,STU005637,SCH044,2024-07-01,16,13,Illness
ATT202407005638,STU005638,SCH044,2024-07-01,15,12,Other
ATT202407005639,STU005639,SCH013,2024-07-01,17,15,Family
ATT202407005640,STU005640,SCH025,2024-07-01,17,14,Unauthorised
ATT202407005641,STU005641,SCH013,2024-07-01,18,15,Medical
ATT202407005642,STU005642,SCH038,2024-07-01,15,13,Family
ATT202407005643,STU005643,SCH022,2024-07-01,14,11,Other
ATT202407005644,STU005644,SCH012,2024-07-01,14,12,Other
ATT202407005645,STU005645,SCH043,2024-07-01,17,14,Illness
ATT202407005646,STU005646,SCH015,2024-07-01,16,13,Unauthorised
ATT202407005647,STU005647,SCH038,2024-07-01,16,13,Medical
ATT202407005648,STU005648,SCH037,2024-07-01,15,13,Illness
ATT202407005649,STU005649,SCH028,2024-07-01,16,13,Family
ATT202407005650,STU005650,SCH035,2024-07-01,18,15,Medical
ATT202407005651,STU005651,SCH019,2024-07-01,17,15,Unauthorised
ATT202407005652,STU005652,SCH046,2024-07-01,16,14,Medical
ATT202407005653,STU005653,SCH035,2024-07-01,16,12,Medical
ATT202407005654,STU005654,SCH019,2024-07-01,16,14,Family
ATT202407005655,STU005655,SCH013,2024-07-01,15,13,Family
ATT202407005656,STU005656,SCH041,2024-07-01,16,14,Illness
ATT202407005657,STU005657,SCH012,2024-07-01,17,14,Unauthorised
ATT202407005658,STU005658,SCH006,2024-07-01,16,14,Other
ATT202407005659,STU005659,SCH023,2024-07-01,17,15,Medical
ATT202407005660,STU005660,SCH040,2024-07-01,18,15,Medical
ATT202407005661,STU005661,SCH009,2024-07-01,16,13,Illness
ATT202407005662,STU005662,SCH044,2024-07-01,15,12,Family
ATT202407005663,STU005663,SCH045,2024-07-01,18,14,Family
ATT202407005664,STU005664,SCH049,2024-07-01,15,13,Other
ATT202407005665,STU005665,SCH049,2024-07-01,15,12,Other
ATT202407005666,STU005666,SCH035,2024-07-01,18,14,Family
ATT202407005667,STU005667,SCH033,2024-07-01,15,14,Other
ATT202407005668,STU005668,SCH002,2024-07-01,15,12,Unauthorised
ATT202407005669,STU005669,SCH017,2024-07-01,18,14,Other
ATT202407005670,STU005670,SCH002,2024-07-01,18,14,Illness
ATT202407005671,STU005671,SCH014,2024-07-01,18,14,Medical
ATT202407005672,STU005672,SCH016,2024-07-01,18,15,Medical
ATT202407005673,STU005673,SCH017,2024-07-01,16,12,Medical
ATT202407005674,STU005674,SCH017,2024-07-01,17,13,Family
ATT202407005675,STU005675,SCH029,2024-07-01,16,14,Medical
ATT202407005676,STU005676,SCH028,2024-07-01,15,13,Family
ATT202407005677,STU005677,SCH038,2024-07-01,18,15,Other
ATT202407005678,STU005678,SCH001,2024-07-01,18,14,Other
ATT202407005679,STU005679,SCH016,2024-07-01,14,12,Family
ATT202407005680,STU005680,SCH023,2024-07-01,15,11,Other
ATT202407005681,STU005681,SCH033,2024-07-01,17,15,Illness
ATT202407005682,STU005682,SCH043,2024-07-01,17,14,Unauthorised
ATT202407005683,STU005683,SCH011,2024-07-01,17,14,Medical
ATT202407005684,STU005684,SCH022,2024-07-01,14,11,Family
ATT202407005685,STU005685,SCH041,2024-07-01,16,14,Illness
ATT202407005686,STU005686,SCH012,2024-07-01,17,14,Medical
ATT202407005687,STU005687,SCH035,2024-07-01,16,12,Other
ATT202407005688,STU005688,SCH017,2024-07-01,14,12,Unauthorised
ATT202407005689,STU005689,SCH013,2024-07-01,17,15,Family
ATT202407005690,STU005690,SCH043,2024-07-01,18,16,Family
ATT202407005691,STU005691,SCH050,2024-07-01,17,14,Medical
ATT202407005692,STU005692,SCH002,2024-07-01,17,15,Illness
ATT202407005693,STU005693,SCH046,2024-07-01,18,14,Illness
ATT202407005694,STU005694,SCH040,2024-07-01,17,15,Illness
ATT202407005695,STU005695,SCH015,2024-07-01,15,13,Illness
ATT202407005696,STU005696,SCH044,2024-07-01,15,12,Medical
ATT202407005697,STU005697,SCH036,2024-07-01,17,15,Other
ATT202407005698,STU005698,SCH042,2024-07-01,17,13,Family
ATT202407005699,STU005699,SCH048,2024-07-01,15,13,Medical
ATT202407005700,STU005700,SCH001,2024-07-01,16,11,Other
ATT202407005701,STU005701,SCH044,2024-07-01,15,12,Illness
ATT202407005702,STU005702,SCH050,2024-07-01,16,13,Unauthorised
ATT202407005703,STU005703,SCH026,2024-07-01,15,13,Illness
ATT202407005704,STU005704,SCH039,2024-07-01,14,12,Unauthorised
ATT202407005705,STU005705,SCH016,2024-07-01,15,13,Other
ATT202407005706,STU005706,SCH001,2024-07-01,15,11,Illness
ATT202407005707,STU005707,SCH008,2024-07-01,18,16,Unauthorised
ATT202407005708,STU005708,SCH012,2024-07-01,16,14,Unauthorised
ATT202407005709,STU005709,SCH036,2024-07-01,18,15,Unauthorised
ATT202407005710,STU005710,SCH008,2024-07-01,17,15,Medical
ATT202407005711,STU005711,SCH037,2024-07-01,14,12,Illness
ATT202407005712,STU005712,SCH047,2024-07-01,15,13,Illness
ATT202407005713,STU005713,SCH030,2024-07-01,14,12,Other
ATT202407005714,STU005714,SCH027,2024-07-01,15,11,Unauthorised
ATT202407005715,STU005715,SCH005,2024-07-01,14,13,Illness
ATT202407005716,STU005716,SCH017,2024-07-01,15,12,Other
ATT202407005717,STU005717,SCH041,2024-07-01,15,12,Illness
ATT202407005718,STU005718,SCH011,2024-07-01,15,13,Medical
ATT202407005719,STU005719,SCH001,2024-07-01,16,11,Medical
ATT202407005720,STU005720,SCH018,2024-07-01,17,15,Medical
ATT202407005721,STU005721,SCH049,2024-07-01,16,13,Unauthorised
ATT202407005722,STU005722,SCH050,2024-07-01,16,14,Unauthorised
ATT202407005723,STU005723,SCH012,2024-07-01,15,12,Unauthorised
ATT202407005724,STU005724,SCH050,2024-07-01,16,13,Family
ATT202407005725,STU005725,SCH001,2024-07-01,16,11,Unauthorised
ATT202407005726,STU005726,SCH034,2024-07-01,15,12,Other
ATT202407005727,STU005727,SCH027,2024-07-01,17,14,Unauthorised
ATT202407005728,STU005728,SCH042,2024-07-01,15,12,Illness
ATT202407005729,STU005729,SCH029,2024-07-01,18,15,Other
ATT202407005730,STU005730,SCH027,2024-07-01,16,13,Illness
ATT202407005731,STU005731,SCH038,2024-07-01,15,14,Family
ATT202407005732,STU005732,SCH044,2024-07-01,15,13,Other
ATT202407005733,STU005733,SCH025,2024-07-01,17,14,Family
ATT202407005734,STU005734,SCH022,2024-07-01,15,12,Illness
ATT202407005735,STU005735,SCH020,2024-07-01,17,14,Medical
ATT202407005736,STU005736,SCH007,2024-07-01,18,15,Medical
ATT202407005737,STU005737,SCH040,2024-07-01,18,16,Medical
ATT202407005738,STU005738,SCH020,2024-07-01,15,13,Illness
ATT202407005739,STU005739,SCH024,2024-07-01,14,11,Illness
ATT202407005740,STU005740,SCH023,2024-07-01,17,14,Other
ATT202407005741,STU005741,SCH010,2024-07-01,14,11,Medical
ATT202407005742,STU005742,SCH023,2024-07-01,16,14,Family
ATT202407005743,STU005743,SCH050,2024-07-01,14,11,Family
ATT202407005744,STU005744,SCH050,2024-07-01,16,13,Other
ATT202407005745,STU005745,SCH019,2024-07-01,14,13,Other
ATT202407005746,STU005746,SCH033,2024-07-01,14,12,Other
ATT202407005747,STU005747,SCH039,2024-07-01,18,15,Other
ATT202407005748,STU005748,SCH011,2024-07-01,15,14,Unauthorised
ATT202407005749,STU005749,SCH004,2024-07-01,18,16,Illness
ATT202407005750,STU005750,SCH047,2024-07-01,15,13,Unauthorised
ATT202407005751,STU005751,SCH020,2024-07-01,18,15,Unauthorised
ATT202407005752,STU005752,SCH025,2024-07-01,15,13,Medical
ATT202407005753,STU005753,SCH008,2024-07-01,14,11,Family
ATT202407005754,STU005754,SCH049,2024-07-01,17,14,Family
ATT202407005755,STU005755,SCH004,2024-07-01,17,14,Unauthorised
ATT202407005756,STU005756,SCH016,2024-07-01,14,13,Illness
ATT202407005757,STU005757,SCH042,2024-07-01,16,12,Other
ATT202407005758,STU005758,SCH031,2024-07-01,16,14,Other
ATT202407005759,STU005759,SCH012,2024-07-01,14,13,Family
ATT202407005760,STU005760,SCH002,2024-07-01,14,11,Unauthorised
ATT202407005761,STU005761,SCH014,2024-07-01,15,12,Unauthorised
ATT202407005762,STU005762,SCH025,2024-07-01,14,12,Illness
ATT202407005763,STU005763,SCH040,2024-07-01,17,15,Other
ATT202407005764,STU005764,SCH002,2024-07-01,17,13,Family
ATT202407005766,STU005766,SCH013,2024-07-01,15,12,Unauthorised
ATT202407005767,STU005767,SCH040,2024-07-01,18,15,Illness
ATT202407005768,STU005768,SCH033,2024-07-01,18,15,Other
ATT202407005769,STU005769,SCH017,2024-07-01,17,15,Other
ATT202407005770,STU005770,SCH046,2024-07-01,18,15,Medical
ATT202407005771,STU005771,SCH004,2024-07-01,17,15,Medical
ATT202407005772,STU005772,SCH002,2024-07-01,16,12,Illness
ATT202407005773,STU005773,SCH011,2024-07-01,16,13,Medical
ATT202407005774,STU005774,SCH017,2024-07-01,14,11,Family
ATT202407005775,STU005775,SCH026,2024-07-01,17,15,Unauthorised
ATT202407005776,STU005776,SCH047,2024-07-01,18,16,Illness
ATT202407005777,STU005777,SCH017,2024-07-01,15,12,Medical
ATT202407005778,STU005778,SCH035,2024-07-01,17,13,Other
ATT202407005779,STU005779,SCH006,2024-07-01,14,13,Illness
ATT202407005780,STU005780,SCH025,2024-07-01,16,14,Illness
ATT202407005781,STU005781,SCH043,2024-07-01,14,12,Family
ATT202407005782,STU005782,SCH040,2024-07-01,17,15,Family
ATT202407005783,STU005783,SCH040,2024-07-01,14,12,Other
ATT202407005784,STU005784,SCH043,2024-07-01,14,11,Illness
ATT202407005785,STU005785,SCH049,2024-07-01,17,15,Illness
ATT202407005786,STU005786,SCH017,2024-07-01,17,13,Unauthorised
ATT202407005787,STU005787,SCH019,2024-07-01,15,13,Other
ATT202407005788,STU005788,SCH016,2024-07-01,17,15,Family
ATT202407005789,STU005789,SCH021,2024-07-01,16,12,Illness
ATT202407005790,STU005790,SCH040,2024-07-01,15,13,Unauthorised
ATT202407005791,STU005791,SCH040,2024-07-01,15,12,Illness
ATT202407005792,STU005792,SCH037,2024-07-01,15,13,Medical
ATT202407005793,STU005793,SCH024,2024-07-01,18,15,Medical
ATT202407005794,STU005794,SCH031,2024-07-01,17,13,Illness
ATT202407005795,STU005795,SCH024,2024-07-01,14,11,Unauthorised
ATT202407005796,STU005796,SCH042,2024-07-01,16,13,Other
ATT202407005797,STU005797,SCH030,2024-07-01,14,12,Family
ATT202407005798,STU005798,SCH032,2024-07-01,15,12,Unauthorised
ATT202407005799,STU005799,SCH015,2024-07-01,15,12,Other
ATT202407005800,STU005800,SCH014,2024-07-01,16,13,Other
ATT202407005801,STU005801,SCH049,2024-07-01,18,13,Unauthorised
ATT202407005802,STU005802,SCH010,2024-07-01,17,15,Unauthorised
ATT202407005803,STU005803,SCH043,2024-07-01,14,12,Unauthorised
ATT202407005804,STU005804,SCH027,2024-07-01,16,13,Family
ATT202407005805,STU005805,SCH014,2024-07-01,14,12,Illness
ATT202407005806,STU005806,SCH017,2024-07-01,14,11,Family
ATT202407005807,STU005807,SCH036,2024-07-01,16,13,Unauthorised
ATT202407005808,STU005808,SCH019,2024-07-01,18,16,Family
ATT202407005809,STU005809,SCH019,2024-07-01,14,12,Other
ATT202407005810,STU005810,SCH026,2024-07-01,16,13,Medical
ATT202407005811,STU005811,SCH042,2024-07-01,14,10,Medical
ATT202407005812,STU005812,SCH015,2024-07-01,18,16,Unauthorised
ATT202407005813,STU005813,SCH050,2024-07-01,18,14,Other
ATT202407005814,STU005814,SCH009,2024-07-01,18,14,Family
ATT202407005815,STU005815,SCH033,2024-07-01,18,15,Medical
ATT202407005816,STU005816,SCH027,2024-07-01,17,14,Other
ATT202407005817,STU005817,SCH026,2024-07-01,16,14,Illness
ATT202407005818,STU005818,SCH040,2024-07-01,14,13,Illness
ATT202407005819,STU005819,SCH041,2024-07-01,14,12,Illness
ATT202407005820,STU005820,SCH050,2024-07-01,15,12,Other
ATT202407005821,STU005821,SCH018,2024-07-01,17,14,Illness
ATT202407005822,STU005822,SCH027,2024-07-01,14,11,Other
ATT202407005823,STU005823,SCH005,2024-07-01,17,14,Other
ATT202407005824,STU005824,SCH013,2024-07-01,16,13,Illness
ATT202407005825,STU005825,SCH028,2024-07-01,17,14,Medical
ATT202407005826,STU005826,SCH020,2024-07-01,14,13,Unauthorised
ATT202407005827,STU005827,SCH035,2024-07-01,16,13,Illness
ATT202407005828,STU005828,SCH036,2024-07-01,14,12,Medical
ATT202407005829,STU005829,SCH041,2024-07-01,16,14,Medical
ATT202407005830,STU005830,SCH009,2024-07-01,15,12,Unauthorised
ATT202407005831,STU005831,SCH015,2024-07-01,14,13,Other
ATT202407005832,STU005832,SCH030,2024-07-01,15,13,Family
ATT202407005833,STU005833,SCH049,2024-07-01,17,13,Illness
ATT202407005834,STU005834,SCH029,2024-07-01,14,11,Other
ATT202407005835,STU005835,SCH037,2024-07-01,16,14,Family
ATT202407005836,STU005836,SCH036,2024-07-01,14,12,Other
ATT202407005837,STU005837,SCH001,2024-07-01,17,15,Unauthorised
ATT202407005838,STU005838,SCH004,2024-07-01,17,15,Medical
ATT202407005839,STU005839,SCH043,2024-07-01,14,11,Illness
ATT202407005840,STU005840,SCH041,2024-07-01,18,17,Other
ATT202407005841,STU005841,SCH043,2024-07-01,14,13,Other
ATT202407005842,STU005842,SCH046,2024-07-01,17,14,Family
ATT202407005843,STU005843,SCH031,2024-07-01,14,12,Family
ATT202407005844,STU005844,SCH024,2024-07-01,18,14,Family
ATT202407005845,STU005845,SCH046,2024-07-01,15,13,Family
ATT202407005846,STU005846,SCH043,2024-07-01,17,15,Other
ATT202407005847,STU005847,SCH038,2024-07-01,16,14,Illness
ATT202407005848,STU005848,SCH029,2024-07-01,16,13,Unauthorised
ATT202407005849,STU005849,SCH026,2024-07-01,17,15,Illness
ATT202407005850,STU005850,SCH004,2024-07-01,18,15,Other
ATT202407005851,STU005851,SCH036,2024-07-01,17,15,Illness
ATT202407005852,STU005852,SCH044,2024-07-01,18,16,Unauthorised
ATT202407005853,STU005853,SCH038,2024-07-01,16,13,Illness
ATT202407005854,STU005854,SCH023,2024-07-01,18,14,Unauthorised
ATT202407005855,STU005855,SCH014,2024-07-01,15,12,Other
ATT202407005856,STU005856,SCH029,2024-07-01,16,14,Other
ATT202407005857,STU005857,SCH018,2024-07-01,14,11,Unauthorised
ATT202407005858,STU005858,SCH006,2024-07-01,16,14,Other
ATT202407005859,STU005859,SCH048,2024-07-01,17,15,Family
ATT202407005860,STU005860,SCH003,2024-07-01,17,15,Medical
ATT202407005861,STU005861,SCH035,2024-07-01,16,11,Unauthorised
ATT202407005862,STU005862,SCH011,2024-07-01,17,14,Unauthorised
ATT202407005863,STU005863,SCH008,2024-07-01,15,12,Unauthorised
ATT202407005864,STU005864,SCH030,2024-07-01,16,14,Unauthorised
ATT202407005865,STU005865,SCH032,2024-07-01,14,12,Other
ATT202407005866,STU005866,SCH009,2024-07-01,15,13,Other
ATT202407005867,STU005867,SCH046,2024-07-01,17,14,Other
ATT202407005868,STU005868,SCH045,2024-07-01,17,15,Other
ATT202407005869,STU005869,SCH023,2024-07-01,14,12,Unauthorised
ATT202407005870,STU005870,SCH009,2024-07-01,15,12,Unauthorised
ATT202407005871,STU005871,SCH035,2024-07-01,18,15,Family
ATT202407005872,STU005872,SCH040,2024-07-01,16,14,Family
ATT202407005873,STU005873,SCH033,2024-07-01,14,12,Other
ATT202407005874,STU005874,SCH002,2024-07-01,18,16,Unauthorised
ATT202407005875,STU005875,SCH043,2024-07-01,17,14,Family
ATT202407005876,STU005876,SCH025,2024-07-01,14,12,Unauthorised
ATT202407005877,STU005877,SCH032,2024-07-01,16,13,Unauthorised
ATT202407005878,STU005878,SCH003,2024-07-01,18,16,Medical
ATT202407005879,STU005879,SCH030,2024-07-01,17,15,Other
ATT202407005880,STU005880,SCH047,2024-07-01,18,16,Medical
ATT202407005881,STU005881,SCH014,2024-07-01,16,13,Unauthorised
ATT202407005882,STU005882,SCH015,2024-07-01,14,13,Medical
ATT202407005883,STU005883,SCH008,2024-07-01,17,15,Family
ATT202407005884,STU005884,SCH014,2024-07-01,18,15,Other
ATT202407005885,STU005885,SCH027,2024-07-01,16,13,Illness
ATT202407005886,STU005886,SCH028,2024-07-01,16,14,Illness
ATT202407005887,STU005887,SCH022,2024-07-01,16,13,Illness
ATT202407005888,STU005888,SCH034,2024-07-01,17,13,Medical
ATT202407005889,STU005889,SCH007,2024-07-01,17,14,Medical
ATT202407005890,STU005890,SCH036,2024-07-01,14,12,Other
ATT202407005891,STU005891,SCH003,2024-07-01,14,11,Medical
ATT202407005892,STU005892,SCH041,2024-07-01,14,13,Unauthorised
ATT202407005893,STU005893,SCH013,2024-07-01,14,12,Unauthorised
ATT202407005894,STU005894,SCH025,2024-07-01,17,14,Illness
ATT202407005895,STU005895,SCH016,2024-07-01,16,14,Other
ATT202407005896,STU005896,SCH046,2024-07-01,17,14,Unauthorised
ATT202407005897,STU005897,SCH012,2024-07-01,15,12,Family
ATT202407005898,STU005898,SCH014,2024-07-01,17,14,Unauthorised
ATT202407005899,STU005899,SCH042,2024-07-01,18,15,Family
ATT202407005900,STU005900,SCH016,2024-07-01,17,15,Medical
ATT202407005901,STU005901,SCH044,2024-07-01,14,12,Unauthorised
ATT202407005902,STU005902,SCH044,2024-07-01,16,13,Other
ATT202407005903,STU005903,SCH044,2024-07-01,15,12,Family
ATT202407005904,STU005904,SCH019,2024-07-01,16,14,Other
ATT202407005905,STU005905,SCH009,2024-07-01,16,12,Medical
ATT202407005906,STU005906,SCH040,2024-07-01,15,13,Other
ATT202407005907,STU005907,SCH007,2024-07-01,15,12,Family
ATT202407005908,STU005908,SCH040,2024-07-01,15,12,Family
ATT202407005909,STU005909,SCH015,2024-07-01,17,15,Unauthorised
ATT202407005910,STU005910,SCH023,2024-07-01,17,15,Medical
ATT202407005911,STU005911,SCH011,2024-07-01,17,15,Medical
ATT202407005912,STU005912,SCH002,2024-07-01,15,11,Unauthorised
ATT202407005913,STU005913,SCH017,2024-07-01,16,15,Unauthorised
ATT202407005914,STU005914,SCH049,2024-07-01,15,13,Illness
ATT202407005915,STU005915,SCH047,2024-07-01,15,12,Illness
ATT202407005916,STU005916,SCH033,2024-07-01,14,12,Illness
ATT202407005917,STU005917,SCH024,2024-07-01,16,13,Illness
ATT202407005918,STU005918,SCH038,2024-07-01,17,15,Other
ATT202407005919,STU005919,SCH038,2024-07-01,14,12,Illness
ATT202407005920,STU005920,SCH038,2024-07-01,14,11,Unauthorised
ATT202407005921,STU005921,SCH041,2024-07-01,14,12,Illness
ATT202407005922,STU005922,SCH020,2024-07-01,18,16,Medical
ATT202407005923,STU005923,SCH047,2024-07-01,15,13,Other
ATT202407005924,STU005924,SCH020,2024-07-01,17,13,Medical
ATT202407005925,STU005925,SCH050,2024-07-01,16,13,Unauthorised
ATT202407005926,STU005926,SCH007,2024-07-01,18,15,Family
ATT202407005927,STU005927,SCH038,2024-07-01,14,11,Medical
ATT202407005928,STU005928,SCH017,2024-07-01,17,12,Unauthorised
ATT202407005929,STU005929,SCH040,2024-07-01,17,13,Other
ATT202407005930,STU005930,SCH023,2024-07-01,16,14,Medical
ATT202407005931,STU005931,SCH047,2024-07-01,18,15,Family
ATT202407005932,STU005932,SCH031,2024-07-01,18,16,Medical
ATT202407005933,STU005933,SCH010,2024-07-01,15,13,Medical
ATT202407005934,STU005934,SCH016,2024-07-01,14,12,Illness
ATT202407005935,STU005935,SCH012,2024-07-01,16,14,Medical
ATT202407005936,STU005936,SCH008,2024-07-01,15,14,Medical
ATT202407005937,STU005937,SCH038,2024-07-01,14,12,Medical
ATT202407005938,STU005938,SCH024,2024-07-01,17,14,Other
ATT202407005939,STU005939,SCH025,2024-07-01,15,13,Illness
ATT202407005940,STU005940,SCH046,2024-07-01,14,13,Illness
ATT202407005941,STU005941,SCH046,2024-07-01,17,13,Unauthorised
ATT202407005942,STU005942,SCH008,2024-07-01,14,12,Medical
ATT202407005943,STU005943,SCH045,2024-07-01,17,15,Illness
ATT202407005944,STU005944,SCH011,2024-07-01,18,14,Unauthorised
ATT202407005945,STU005945,SCH045,2024-07-01,14,12,Illness
ATT202407005946,STU005946,SCH001,2024-07-01,15,12,Unauthorised
ATT202407005947,STU005947,SCH040,2024-07-01,16,14,Other
ATT202407005948,STU005948,SCH009,2024-07-01,16,14,Medical
ATT202407005949,STU005949,SCH001,2024-07-01,15,12,Unauthorised
ATT202407005950,STU005950,SCH045,2024-07-01,17,14,Illness
ATT202407005951,STU005951,SCH033,2024-07-01,18,15,Unauthorised
ATT202407005952,STU005952,SCH005,2024-07-01,14,12,Illness
ATT202407005953,STU005953,SCH013,2024-07-01,18,15,Medical
ATT202407005954,STU005954,SCH042,2024-07-01,17,16,Other
ATT202407005955,STU005955,SCH013,2024-07-01,17,15,Unauthorised
ATT202407005956,STU005956,SCH042,2024-07-01,17,14,Family
ATT202407005957,STU005957,SCH024,2024-07-01,18,15,Unauthorised
ATT202407005958,STU005958,SCH007,2024-07-01,18,16,Family
ATT202407005959,STU005959,SCH042,2024-07-01,16,13,Family
ATT202407005960,STU005960,SCH032,2024-07-01,18,15,Family
ATT202407005961,STU005961,SCH046,2024-07-01,17,15,Illness
ATT202407005962,STU005962,SCH019,2024-07-01,18,16,Illness
ATT202407005963,STU005963,SCH027,2024-07-01,18,15,Medical
ATT202407005964,STU005964,SCH006,2024-07-01,14,12,Unauthorised
ATT202407005965,STU005965,SCH021,2024-07-01,14,11,Medical
ATT202407005967,STU005967,SCH033,2024-07-01,14,12,Medical
ATT202407005968,STU005968,SCH031,2024-07-01,17,14,Other
ATT202407005969,STU005969,SCH050,2024-07-01,15,13,Unauthorised
ATT202407005970,STU005970,SCH045,2024-07-01,17,13,Medical
ATT202407005971,STU005971,SCH023,2024-07-01,16,13,Medical
ATT202407005972,STU005972,SCH007,2024-07-01,16,14,Illness
ATT202407005973,STU005973,SCH041,2024-07-01,18,14,Illness
ATT202407005974,STU005974,SCH024,2024-07-01,16,15,Unauthorised
ATT202407005975,STU005975,SCH005,2024-07-01,15,13,Family
ATT202407005976,STU005976,SCH039,2024-07-01,14,12,Family
ATT202407005977,STU005977,SCH040,2024-07-01,15,13,Illness
ATT202407005978,STU005978,SCH050,2024-07-01,18,15,Other
ATT202407005979,STU005979,SCH033,2024-07-01,15,14,Medical
ATT202407005980,STU005980,SCH026,2024-07-01,14,13,Other
ATT202407005981,STU005981,SCH050,2024-07-01,17,15,Illness
ATT202407005982,STU005982,SCH023,2024-07-01,16,14,Medical
ATT202407005983,STU005983,SCH004,2024-07-01,18,16,Medical
ATT202407005984,STU005984,SCH004,2024-07-01,15,13,Family
ATT202407005985,STU005985,SCH034,2024-07-01,16,12,Medical
ATT202407005986,STU005986,SCH045,2024-07-01,14,11,Medical
ATT202407005987,STU005987,SCH005,2024-07-01,18,16,Unauthorised
ATT202407005988,STU005988,SCH027,2024-07-01,16,14,Other
ATT202407005989,STU005989,SCH001,2024-07-01,16,12,Medical
ATT202407005990,STU005990,SCH017,2024-07-01,17,13,Other
ATT202407005991,STU005991,SCH003,2024-07-01,15,12,Illness
ATT202407005992,STU005992,SCH012,2024-07-01,17,14,Illness
ATT202407005993,STU005993,SCH042,2024-07-01,14,11,Medical
ATT202407005994,STU005994,SCH007,2024-07-01,16,13,Unauthorised
ATT202407005995,STU005995,SCH011,2024-07-01,14,13,Unauthorised
ATT202407005996,STU005996,SCH016,2024-07-01,14,12,Unauthorised
ATT202407005997,STU005997,SCH049,2024-07-01,18,16,Illness
ATT202407005998,STU005998,SCH024,2024-07-01,15,13,Other
ATT202407005999,STU005999,SCH032,2024-07-01,14,12,Family
ATT202407006000,STU006000,SCH039,2024-07-01,16,13,Illness
ATT202407006001,STU006001,SCH017,2024-07-01,17,13,Illness
ATT202407006002,STU006002,SCH003,2024-07-01,15,13,Medical
ATT202407006003,STU006003,SCH008,2024-07-01,15,13,Medical
ATT202407006004,STU006004,SCH036,2024-07-01,18,16,Illness
ATT202407006005,STU006005,SCH004,2024-07-01,18,15,Illness
ATT202407006006,STU006006,SCH002,2024-07-01,17,13,Medical
ATT202407006007,STU006007,SCH047,2024-07-01,17,14,Unauthorised
ATT202407006008,STU006008,SCH007,2024-07-01,16,14,Medical
ATT202407006009,STU006009,SCH007,2024-07-01,15,12,Other
ATT202407006010,STU006010,SCH022,2024-07-01,17,14,Family
ATT202407006011,STU006011,SCH015,2024-07-01,18,17,Other
ATT202407006012,STU006012,SCH013,2024-07-01,17,14,Family
ATT202407006013,STU006013,SCH002,2024-07-01,18,12,Unauthorised
ATT202407006014,STU006014,SCH036,2024-07-01,14,12,Other
ATT202407006015,STU006015,SCH004,2024-07-01,16,13,Unauthorised
ATT202407006016,STU006016,SCH041,2024-07-01,14,12,Medical
ATT202407006017,STU006017,SCH010,2024-07-01,14,13,Medical
ATT202407006018,STU006018,SCH003,2024-07-01,14,12,Other
ATT202407006019,STU006019,SCH012,2024-07-01,17,14,Medical
ATT202407006020,STU006020,SCH012,2024-07-01,16,14,Family
ATT202407006021,STU006021,SCH008,2024-07-01,17,14,Other
ATT202407006022,STU006022,SCH037,2024-07-01,18,16,Medical
ATT202407006023,STU006023,SCH048,2024-07-01,16,13,Family
ATT202407006024,STU006024,SCH025,2024-07-01,18,15,Family
ATT202407006025,STU006025,SCH009,2024-07-01,18,15,Family
ATT202407006026,STU006026,SCH006,2024-07-01,14,13,Other
ATT202407006027,STU006027,SCH035,2024-07-01,14,11,Medical
ATT202407006028,STU006028,SCH025,2024-07-01,18,15,Illness
ATT202407006029,STU006029,SCH026,2024-07-01,18,16,Medical
ATT202407006030,STU006030,SCH044,2024-07-01,15,13,Family
ATT202407006031,STU006031,SCH041,2024-07-01,15,13,Unauthorised
ATT202407006032,STU006032,SCH047,2024-07-01,16,14,Other
ATT202407006033,STU006033,SCH026,2024-07-01,15,13,Other
ATT202407006034,STU006034,SCH020,2024-07-01,17,15,Unauthorised
ATT202407006035,STU006035,SCH046,2024-07-01,17,13,Medical
ATT202407006036,STU006036,SCH024,2024-07-01,18,16,Family
ATT202407006037,STU006037,SCH016,2024-07-01,16,15,Unauthorised
ATT202407006038,STU006038,SCH050,2024-07-01,16,14,Illness
ATT202407006039,STU006039,SCH041,2024-07-01,16,15,Unauthorised
ATT202407006040,STU006040,SCH049,2024-07-01,18,15,Family
ATT202407006041,STU006041,SCH022,2024-07-01,16,12,Medical
ATT202407006042,STU006042,SCH009,2024-07-01,18,15,Unauthorised
ATT202407006043,STU006043,SCH018,2024-07-01,14,13,Illness
ATT202407006044,STU006044,SCH046,2024-07-01,17,14,Unauthorised
ATT202407006045,STU006045,SCH045,2024-07-01,16,14,Other
ATT202407006046,STU006046,SCH028,2024-07-01,17,14,Medical
ATT202407006047,STU006047,SCH049,2024-07-01,15,13,Medical
ATT202407006048,STU006048,SCH048,2024-07-01,14,12,Illness
ATT202407006049,STU006049,SCH011,2024-07-01,16,14,Other
ATT202407006050,STU006050,SCH049,2024-07-01,14,12,Medical
ATT202407006051,STU006051,SCH009,2024-07-01,14,11,Illness
ATT202407006052,STU006052,SCH045,2024-07-01,16,13,Medical
ATT202407006053,STU006053,SCH025,2024-07-01,14,12,Other
ATT202407006054,STU006054,SCH016,2024-07-01,18,16,Family
ATT202407006055,STU006055,SCH046,2024-07-01,17,14,Medical
ATT202407006056,STU006056,SCH022,2024-07-01,17,14,Medical
ATT202407006057,STU006057,SCH035,2024-07-01,18,15,Family
ATT202407006058,STU006058,SCH018,2024-07-01,17,15,Unauthorised
ATT202407006059,STU006059,SCH011,2024-07-01,18,16,Illness
ATT202407006060,STU006060,SCH030,2024-07-01,15,14,Medical
ATT202407006061,STU006061,SCH035,2024-07-01,16,13,Illness
ATT202407006062,STU006062,SCH010,2024-07-01,14,12,Medical
ATT202407006063,STU006063,SCH022,2024-07-01,16,14,Medical
ATT202407006064,STU006064,SCH002,2024-07-01,18,13,Family
ATT202407006065,STU006065,SCH042,2024-07-01,14,11,Unauthorised
ATT202407006066,STU006066,SCH015,2024-07-01,18,16,Illness
ATT202407006067,STU006067,SCH027,2024-07-01,16,14,Family
ATT202407006068,STU006068,SCH026,2024-07-01,17,14,Unauthorised
ATT202407006069,STU006069,SCH048,2024-07-01,14,12,Illness
ATT202407006070,STU006070,SCH030,2024-07-01,15,12,Medical
ATT202407006071,STU006071,SCH048,2024-07-01,16,14,Medical
ATT202407006072,STU006072,SCH040,2024-07-01,14,11,Medical
ATT202407006073,STU006073,SCH001,2024-07-01,15,11,Other
ATT202407006074,STU006074,SCH048,2024-07-01,14,12,Other
ATT202407006075,STU006075,SCH012,2024-07-01,14,13,Medical
ATT202407006076,STU006076,SCH021,2024-07-01,16,13,Family
ATT202407006077,STU006077,SCH014,2024-07-01,15,13,Unauthorised
ATT202407006078,STU006078,SCH011,2024-07-01,14,12,Illness
ATT202407006079,STU006079,SCH028,2024-07-01,18,15,Medical
ATT202407006080,STU006080,SCH021,2024-07-01,18,13,Illness
ATT202407006081,STU006081,SCH009,2024-07-01,18,16,Medical
ATT202407006082,STU006082,SCH014,2024-07-01,14,12,Family
ATT202407006083,STU006083,SCH016,2024-07-01,16,13,Other
ATT202407006084,STU006084,SCH031,2024-07-01,15,12,Family
ATT202407006085,STU006085,SCH050,2024-07-01,14,13,Unauthorised
ATT202407006086,STU006086,SCH011,2024-07-01,16,13,Illness
ATT202407006087,STU006087,SCH049,2024-07-01,15,12,Family
ATT202407006088,STU006088,SCH005,2024-07-01,18,16,Medical
ATT202407006089,STU006089,SCH020,2024-07-01,17,15,Family
ATT202407006090,STU006090,SCH037,2024-07-01,16,14,Family
ATT202407006091,STU006091,SCH038,2024-07-01,16,13,Other
ATT202407006092,STU006092,SCH004,2024-07-01,18,15,Other
ATT202407006093,STU006093,SCH022,2024-07-01,15,12,Medical
ATT202407006094,STU006094,SCH014,2024-07-01,14,12,Medical
ATT202407006095,STU006095,SCH019,2024-07-01,15,13,Unauthorised
ATT202407006096,STU006096,SCH005,2024-07-01,15,13,Illness
ATT202407006097,STU006097,SCH042,2024-07-01,15,11,Unauthorised
ATT202407006098,STU006098,SCH050,2024-07-01,14,11,Unauthorised
ATT202407006099,STU006099,SCH001,2024-07-01,14,11,Family
ATT202407006100,STU006100,SCH004,2024-07-01,14,12,Medical
ATT202407006101,STU006101,SCH002,2024-07-01,18,15,Other
ATT202407006102,STU006102,SCH026,2024-07-01,14,13,Other
ATT202407006103,STU006103,SCH037,2024-07-01,14,12,Medical
ATT202407006104,STU006104,SCH034,2024-07-01,16,13,Medical
ATT202407006105,STU006105,SCH028,2024-07-01,17,14,Medical
ATT202407006106,STU006106,SCH010,2024-07-01,15,12,Other
ATT202407006107,STU006107,SCH035,2024-07-01,16,13,Illness
ATT202407006108,STU006108,SCH002,2024-07-01,18,15,Other
ATT202407006109,STU006109,SCH026,2024-07-01,15,13,Illness
ATT202407006110,STU006110,SCH033,2024-07-01,17,14,Illness
ATT202407006111,STU006111,SCH049,2024-07-01,17,15,Family
ATT202407006112,STU006112,SCH003,2024-07-01,15,14,Family
ATT202407006113,STU006113,SCH019,2024-07-01,14,13,Other
ATT202407006114,STU006114,SCH036,2024-07-01,14,12,Family
ATT202407006115,STU006115,SCH022,2024-07-01,14,12,Other
ATT202407006116,STU006116,SCH004,2024-07-01,18,15,Medical
ATT202407006117,STU006117,SCH030,2024-07-01,18,16,Medical
ATT202407006118,STU006118,SCH026,2024-07-01,16,14,Unauthorised
ATT202407006119,STU006119,SCH037,2024-07-01,16,13,Unauthorised
ATT202407006120,STU006120,SCH041,2024-07-01,15,13,Unauthorised
ATT202407006121,STU006121,SCH043,2024-07-01,17,14,Family
ATT202407006122,STU006122,SCH012,2024-07-01,14,12,Family
ATT202407006123,STU006123,SCH025,2024-07-01,17,14,Other
ATT202407006124,STU006124,SCH040,2024-07-01,17,15,Other
ATT202407006125,STU006125,SCH043,2024-07-01,17,13,Medical
ATT202407006126,STU006126,SCH040,2024-07-01,15,13,Illness
ATT202407006127,STU006127,SCH005,2024-07-01,15,13,Family
ATT202407006128,STU006128,SCH013,2024-07-01,18,15,Illness
ATT202407006129,STU006129,SCH026,2024-07-01,14,12,Other
ATT202407006130,STU006130,SCH034,2024-07-01,14,10,Medical
ATT202407006131,STU006131,SCH003,2024-07-01,14,12,Medical
ATT202407006132,STU006132,SCH044,2024-07-01,15,12,Illness
ATT202407006133,STU006133,SCH030,2024-07-01,15,13,Illness
ATT202407006134,STU006134,SCH020,2024-07-01,16,13,Illness
ATT202407006135,STU006135,SCH027,2024-07-01,18,15,Illness
ATT202407006136,STU006136,SCH020,2024-07-01,17,15,Unauthorised
ATT202407006137,STU006137,SCH027,2024-07-01,16,14,Medical
ATT202407006138,STU006138,SCH015,2024-07-01,17,15,Illness
ATT202407006139,STU006139,SCH025,2024-07-01,15,13,Illness
ATT202407006140,STU006140,SCH024,2024-07-01,14,12,Other
ATT202407006141,STU006141,SCH047,2024-07-01,16,13,Medical
ATT202407006142,STU006142,SCH047,2024-07-01,15,12,Unauthorised
ATT202407006143,STU006143,SCH048,2024-07-01,15,13,Unauthorised
ATT202407006144,STU006144,SCH004,2024-07-01,17,15,Other
ATT202407006145,STU006145,SCH033,2024-07-01,15,13,Illness
ATT202407006146,STU006146,SCH008,2024-07-01,15,13,Medical
ATT202407006147,STU006147,SCH034,2024-07-01,17,13,Family
ATT202407006148,STU006148,SCH029,2024-07-01,15,13,Medical
ATT202407006149,STU006149,SCH008,2024-07-01,16,14,Other
ATT202407006150,STU006150,SCH008,2024-07-01,16,14,Illness
ATT202407006151,STU006151,SCH001,2024-07-01,15,12,Illness
ATT202407006152,STU006152,SCH010,2024-07-01,16,14,Medical
ATT202407006153,STU006153,SCH010,2024-07-01,15,13,Illness
ATT202407006154,STU006154,SCH031,2024-07-01,17,15,Other
ATT202407006155,STU006155,SCH001,2024-07-01,15,12,Medical
ATT202407006156,STU006156,SCH047,2024-07-01,16,14,Unauthorised
ATT202407006157,STU006157,SCH038,2024-07-01,14,12,Medical
ATT202407006158,STU006158,SCH024,2024-07-01,15,12,Unauthorised
ATT202407006159,STU006159,SCH013,2024-07-01,14,12,Family
ATT202407006160,STU006160,SCH011,2024-07-01,17,16,Unauthorised
ATT202407006161,STU006161,SCH012,2024-07-01,16,13,Illness
ATT202407006162,STU006162,SCH018,2024-07-01,17,14,Illness
ATT202407006163,STU006163,SCH035,2024-07-01,17,12,Unauthorised
ATT202407006164,STU006164,SCH047,2024-07-01,15,13,Other
ATT202407006165,STU006165,SCH048,2024-07-01,15,13,Other
ATT202407006166,STU006166,SCH006,2024-07-01,14,12,Other
ATT202407006167,STU006167,SCH010,2024-07-01,16,13,Medical
ATT202407006168,STU006168,SCH023,2024-07-01,18,16,Medical
ATT202407006169,STU006169,SCH008,2024-07-01,15,13,Family
ATT202407006170,STU006170,SCH024,2024-07-01,14,13,Illness
ATT202407006171,STU006171,SCH023,2024-07-01,15,13,Illness
ATT202407006172,STU006172,SCH014,2024-07-01,18,14,Illness
ATT202407006173,STU006173,SCH039,2024-07-01,18,16,Unauthorised
ATT202407006174,STU006174,SCH049,2024-07-01,15,13,Medical
ATT202407006175,STU006175,SCH017,2024-07-01,14,11,Other
ATT202407006176,STU006176,SCH037,2024-07-01,15,14,Illness
ATT202407006177,STU006177,SCH002,2024-07-01,16,12,Other
ATT202407006178,STU006178,SCH042,2024-07-01,17,13,Medical
ATT202407006179,STU006179,SCH037,2024-07-01,18,16,Medical
ATT202407006180,STU006180,SCH032,2024-07-01,15,12,Family
ATT202407006181,STU006181,SCH017,2024-07-01,18,14,Illness
ATT202407006182,STU006182,SCH032,2024-07-01,18,15,Unauthorised
ATT202407006183,STU006183,SCH046,2024-07-01,15,13,Family
ATT202407006184,STU006184,SCH042,2024-07-01,15,11,Illness
ATT202407006185,STU006185,SCH040,2024-07-01,17,15,Medical
ATT202407006186,STU006186,SCH030,2024-07-01,15,13,Other
ATT202407006187,STU006187,SCH022,2024-07-01,16,12,Unauthorised
ATT202407006188,STU006188,SCH024,2024-07-01,16,13,Medical
ATT202407006189,STU006189,SCH030,2024-07-01,17,16,Other
ATT202407006190,STU006190,SCH013,2024-07-01,18,15,Other
ATT202407006191,STU006191,SCH013,2024-07-01,17,14,Unauthorised
ATT202407006192,STU006192,SCH036,2024-07-01,16,14,Medical
ATT202407006193,STU006193,SCH007,2024-07-01,15,13,Illness
ATT202407006194,STU006194,SCH043,2024-07-01,16,13,Medical
ATT202407006195,STU006195,SCH050,2024-07-01,17,14,Unauthorised
ATT202407006196,STU006196,SCH030,2024-07-01,18,16,Other
ATT202407006198,STU006198,SCH012,2024-07-01,18,14,Other
ATT202407006199,STU006199,SCH016,2024-07-01,15,13,Family
ATT202407006200,STU006200,SCH037,2024-07-01,17,14,Family
ATT202407006201,STU006201,SCH041,2024-07-01,14,12,Unauthorised
ATT202407006202,STU006202,SCH031,2024-07-01,18,16,Family
ATT202407006203,STU006203,SCH046,2024-07-01,15,12,Medical
ATT202407006204,STU006204,SCH048,2024-07-01,15,13,Unauthorised
ATT202407006205,STU006205,SCH026,2024-07-01,15,13,Illness
ATT202407006206,STU006206,SCH018,2024-07-01,18,17,Medical
ATT202407006207,STU006207,SCH030,2024-07-01,14,12,Family
ATT202407006208,STU006208,SCH003,2024-07-01,18,15,Illness
ATT202407006209,STU006209,SCH021,2024-07-01,17,14,Illness
ATT202407006210,STU006210,SCH003,2024-07-01,15,13,Family
ATT202407006211,STU006211,SCH043,2024-07-01,15,12,Illness
ATT202407006212,STU006212,SCH040,2024-07-01,16,14,Other
ATT202407006213,STU006213,SCH048,2024-07-01,14,12,Family
ATT202407006214,STU006214,SCH009,2024-07-01,14,12,Unauthorised
ATT202407006215,STU006215,SCH041,2024-07-01,17,15,Illness
ATT202407006216,STU006216,SCH049,2024-07-01,14,12,Unauthorised
ATT202407006217,STU006217,SCH043,2024-07-01,16,14,Illness
ATT202407006218,STU006218,SCH037,2024-07-01,17,14,Unauthorised
ATT202407006219,STU006219,SCH007,2024-07-01,18,15,Unauthorised
ATT202407006220,STU006220,SCH024,2024-07-01,14,11,Unauthorised
ATT202407006221,STU006221,SCH041,2024-07-01,15,14,Unauthorised
ATT202407006222,STU006222,SCH023,2024-07-01,14,11,Illness
ATT202407006223,STU006223,SCH015,2024-07-01,15,13,Family
ATT202407006224,STU006224,SCH022,2024-07-01,16,13,Medical
ATT202407006225,STU006225,SCH021,2024-07-01,18,15,Medical
ATT202407006226,STU006226,SCH033,2024-07-01,14,12,Medical
ATT202407006227,STU006227,SCH015,2024-07-01,15,13,Unauthorised
ATT202407006228,STU006228,SCH042,2024-07-01,17,13,Medical
ATT202407006229,STU006229,SCH034,2024-07-01,18,15,Medical
ATT202407006230,STU006230,SCH028,2024-07-01,18,14,Family
ATT202407006231,STU006231,SCH001,2024-07-01,16,13,Medical
ATT202407006232,STU006232,SCH040,2024-07-01,14,12,Unauthorised
ATT202407006233,STU006233,SCH027,2024-07-01,14,11,Unauthorised
ATT202407006234,STU006234,SCH040,2024-07-01,18,15,Unauthorised
ATT202407006235,STU006235,SCH010,2024-07-01,17,13,Other
ATT202407006236,STU006236,SCH044,2024-07-01,17,14,Medical
ATT202407006237,STU006237,SCH012,2024-07-01,17,14,Illness
ATT202407006238,STU006238,SCH005,2024-07-01,15,13,Illness
ATT202407006239,STU006239,SCH041,2024-07-01,16,14,Family
ATT202407006240,STU006240,SCH012,2024-07-01,16,13,Illness
ATT202407006241,STU006241,SCH041,2024-07-01,14,12,Family
ATT202407006242,STU006242,SCH034,2024-07-01,16,12,Illness
ATT202407006243,STU006243,SCH019,2024-07-01,18,16,Family
ATT202407006244,STU006244,SCH028,2024-07-01,17,14,Medical
ATT202407006245,STU006245,SCH030,2024-07-01,18,15,Illness
ATT202407006246,STU006246,SCH025,2024-07-01,16,13,Family
ATT202407006247,STU006247,SCH036,2024-07-01,15,12,Other
ATT202407006248,STU006248,SCH007,2024-07-01,17,14,Other
ATT202407006249,STU006249,SCH049,2024-07-01,15,11,Unauthorised
ATT202407006250,STU006250,SCH020,2024-07-01,14,12,Illness
ATT202407006251,STU006251,SCH022,2024-07-01,17,14,Medical
ATT202407006252,STU006252,SCH018,2024-07-01,14,12,Family
ATT202407006253,STU006253,SCH028,2024-07-01,16,13,Other
ATT202407006254,STU006254,SCH029,2024-07-01,16,13,Other
ATT202407006255,STU006255,SCH044,2024-07-01,15,12,Medical
ATT202407006256,STU006256,SCH030,2024-07-01,17,15,Family
ATT202407006257,STU006257,SCH017,2024-07-01,18,14,Illness
ATT202407006258,STU006258,SCH041,2024-07-01,18,15,Illness
ATT202407006259,STU006259,SCH050,2024-07-01,14,13,Illness
ATT202407006260,STU006260,SCH026,2024-07-01,17,15,Other
ATT202407006261,STU006261,SCH019,2024-07-01,15,14,Medical
ATT202407006262,STU006262,SCH014,2024-07-01,18,14,Medical
ATT202407006263,STU006263,SCH048,2024-07-01,16,14,Medical
ATT202407006264,STU006264,SCH030,2024-07-01,18,16,Other
ATT202407006265,STU006265,SCH043,2024-07-01,16,14,Unauthorised
ATT202407006266,STU006266,SCH037,2024-07-01,14,12,Family
ATT202407006267,STU006267,SCH033,2024-07-01,14,12,Medical
ATT202407006268,STU006268,SCH011,2024-07-01,18,16,Unauthorised
ATT202407006269,STU006269,SCH026,2024-07-01,15,13,Illness
ATT202407006270,STU006270,SCH037,2024-07-01,15,13,Medical
ATT202407006271,STU006271,SCH050,2024-07-01,14,12,Family
ATT202407006272,STU006272,SCH021,2024-07-01,15,13,Medical
ATT202407006273,STU006273,SCH026,2024-07-01,18,16,Other
ATT202407006274,STU006274,SCH030,2024-07-01,16,15,Unauthorised
ATT202407006275,STU006275,SCH003,2024-07-01,17,15,Unauthorised
ATT202407006276,STU006276,SCH028,2024-07-01,17,14,Other
ATT202407006277,STU006277,SCH018,2024-07-01,14,12,Medical
ATT202407006278,STU006278,SCH045,2024-07-01,16,14,Unauthorised
ATT202407006279,STU006279,SCH009,2024-07-01,17,13,Other
ATT202407006280,STU006280,SCH007,2024-07-01,18,15,Family
ATT202407006281,STU006281,SCH017,2024-07-01,18,14,Other
ATT202407006282,STU006282,SCH020,2024-07-01,17,14,Medical
ATT202407006283,STU006283,SCH038,2024-07-01,17,14,Illness
ATT202407006284,STU006284,SCH023,2024-07-01,17,14,Illness
ATT202407006285,STU006285,SCH019,2024-07-01,15,14,Illness
ATT202407006286,STU006286,SCH007,2024-07-01,14,12,Unauthorised
ATT202407006287,STU006287,SCH005,2024-07-01,16,13,Unauthorised
ATT202407006288,STU006288,SCH021,2024-07-01,17,14,Unauthorised
ATT202407006289,STU006289,SCH007,2024-07-01,16,14,Unauthorised
ATT202407006290,STU006290,SCH026,2024-07-01,18,16,Medical
ATT202407006291,STU006291,SCH023,2024-07-01,14,12,Medical
ATT202407006292,STU006292,SCH036,2024-07-01,18,15,Illness
ATT202407006293,STU006293,SCH017,2024-07-01,15,11,Medical
ATT202407006294,STU006294,SCH033,2024-07-01,16,14,Other
ATT202407006295,STU006295,SCH003,2024-07-01,18,15,Illness
ATT202407006296,STU006296,SCH004,2024-07-01,15,13,Other
ATT202407006298,STU006298,SCH004,2024-07-01,14,12,Other
ATT202407006299,STU006299,SCH048,2024-07-01,16,13,Medical
ATT202407006300,STU006300,SCH018,2024-07-01,16,14,Medical
ATT202407006301,STU006301,SCH003,2024-07-01,16,15,Illness
ATT202407006302,STU006302,SCH004,2024-07-01,17,14,Family
ATT202407006303,STU006303,SCH002,2024-07-01,17,12,Illness
ATT202407006304,STU006304,SCH022,2024-07-01,16,12,Medical
ATT202407006305,STU006305,SCH031,2024-07-01,15,12,Illness
ATT202407006306,STU006306,SCH024,2024-07-01,18,13,Illness
ATT202407006307,STU006307,SCH030,2024-07-01,15,13,Medical
ATT202407006308,STU006308,SCH019,2024-07-01,17,16,Other
ATT202407006309,STU006309,SCH035,2024-07-01,18,14,Family
ATT202407006310,STU006310,SCH006,2024-07-01,17,15,Family
ATT202407006311,STU006311,SCH033,2024-07-01,18,15,Other
ATT202407006312,STU006312,SCH027,2024-07-01,17,14,Illness
ATT202407006313,STU006313,SCH001,2024-07-01,16,13,Medical
ATT202407006314,STU006314,SCH047,2024-07-01,18,15,Medical
ATT202407006315,STU006315,SCH018,2024-07-01,18,15,Other
ATT202407006316,STU006316,SCH049,2024-07-01,17,14,Family
ATT202407006317,STU006317,SCH038,2024-07-01,15,11,Medical
ATT202407006318,STU006318,SCH027,2024-07-01,15,13,Illness
ATT202407006319,STU006319,SCH001,2024-07-01,17,13,Medical
ATT202407006320,STU006320,SCH026,2024-07-01,16,15,Family
ATT202407006321,STU006321,SCH028,2024-07-01,14,11,Illness
ATT202407006322,STU006322,SCH006,2024-07-01,16,14,Medical
ATT202407006323,STU006323,SCH003,2024-07-01,18,15,Medical
ATT202407006324,STU006324,SCH042,2024-07-01,14,11,Medical
ATT202407006325,STU006325,SCH049,2024-07-01,15,11,Unauthorised
ATT202407006326,STU006326,SCH028,2024-07-01,15,13,Medical
ATT202407006327,STU006327,SCH016,2024-07-01,16,14,Other
ATT202407006328,STU006328,SCH044,2024-07-01,14,12,Other
ATT202407006329,STU006329,SCH006,2024-07-01,16,13,Family
ATT202407006330,STU006330,SCH039,2024-07-01,16,14,Medical
ATT202407006331,STU006331,SCH037,2024-07-01,14,11,Medical
ATT202407006332,STU006332,SCH038,2024-07-01,17,15,Medical
ATT202407006333,STU006333,SCH019,2024-07-01,15,13,Other
ATT202407006334,STU006334,SCH037,2024-07-01,14,13,Unauthorised
ATT202407006335,STU006335,SCH038,2024-07-01,16,13,Unauthorised
ATT202407006336,STU006336,SCH037,2024-07-01,15,13,Other
ATT202407006337,STU006337,SCH009,2024-07-01,18,16,Unauthorised
ATT202407006338,STU006338,SCH001,2024-07-01,16,13,Illness
ATT202407006339,STU006339,SCH048,2024-07-01,18,16,Illness
ATT202407006340,STU006340,SCH002,2024-07-01,18,14,Illness
ATT202407006341,STU006341,SCH005,2024-07-01,16,14,Medical
ATT202407006342,STU006342,SCH009,2024-07-01,17,14,Unauthorised
ATT202407006343,STU006343,SCH042,2024-07-01,17,14,Illness
ATT202407006344,STU006344,SCH003,2024-07-01,15,12,Family
ATT202407006345,STU006345,SCH009,2024-07-01,14,11,Illness
ATT202407006346,STU006346,SCH008,2024-07-01,16,14,Family
ATT202407006347,STU006347,SCH016,2024-07-01,17,13,Medical
ATT202407006348,STU006348,SCH029,2024-07-01,16,13,Family
ATT202407006349,STU006349,SCH019,2024-07-01,17,15,Other
ATT202407006350,STU006350,SCH040,2024-07-01,14,13,Family
ATT202407006351,STU006351,SCH046,2024-07-01,18,16,Medical
ATT202407006352,STU006352,SCH042,2024-07-01,16,10,Illness
ATT202407006353,STU006353,SCH036,2024-07-01,16,14,Illness
ATT202407006354,STU006354,SCH047,2024-07-01,15,13,Unauthorised
ATT202407006355,STU006355,SCH039,2024-07-01,14,13,Medical
ATT202407006356,STU006356,SCH012,2024-07-01,18,15,Other
ATT202407006357,STU006357,SCH039,2024-07-01,17,14,Other
ATT202407006358,STU006358,SCH001,2024-07-01,18,13,Other
ATT202407006359,STU006359,SCH012,2024-07-01,18,15,Medical
ATT202407006360,STU006360,SCH019,2024-07-01,16,15,Other
ATT202407006361,STU006361,SCH032,2024-07-01,18,15,Other
ATT202407006362,STU006362,SCH019,2024-07-01,18,16,Other
ATT202407006363,STU006363,SCH041,2024-07-01,16,13,Illness
ATT202407006364,STU006364,SCH014,2024-07-01,14,10,Other
ATT202407006365,STU006365,SCH007,2024-07-01,14,12,Family
ATT202407006366,STU006366,SCH019,2024-07-01,15,13,Family
ATT202407006367,STU006367,SCH031,2024-07-01,18,16,Medical
ATT202407006368,STU006368,SCH024,2024-07-01,14,10,Family
ATT202407006369,STU006369,SCH012,2024-07-01,17,14,Unauthorised
ATT202407006370,STU006370,SCH035,2024-07-01,15,12,Family
ATT202407006371,STU006371,SCH029,2024-07-01,18,14,Other
ATT202407006372,STU006372,SCH002,2024-07-01,15,13,Other
ATT202407006373,STU006373,SCH034,2024-07-01,14,11,Medical
ATT202407006374,STU006374,SCH022,2024-07-01,16,13,Medical
ATT202407006375,STU006375,SCH015,2024-07-01,17,15,Medical
ATT202407006376,STU006376,SCH040,2024-07-01,15,14,Other
ATT202407006377,STU006377,SCH003,2024-07-01,14,12,Unauthorised
ATT202407006378,STU006378,SCH042,2024-07-01,14,11,Other
ATT202407006379,STU006379,SCH033,2024-07-01,15,13,Illness
ATT202407006380,STU006380,SCH020,2024-07-01,18,16,Illness
ATT202407006381,STU006381,SCH005,2024-07-01,15,13,Unauthorised
ATT202407006382,STU006382,SCH038,2024-07-01,16,14,Other
ATT202407006383,STU006383,SCH004,2024-07-01,14,12,Medical
ATT202407006384,STU006384,SCH005,2024-07-01,16,14,Family
ATT202407006385,STU006385,SCH006,2024-07-01,15,13,Unauthorised
ATT202407006387,STU006387,SCH011,2024-07-01,17,16,Medical
ATT202407006388,STU006388,SCH048,2024-07-01,15,12,Family
ATT202407006389,STU006389,SCH002,2024-07-01,16,14,Illness
ATT202407006390,STU006390,SCH008,2024-07-01,15,12,Other
ATT202407006391,STU006391,SCH005,2024-07-01,16,15,Medical
ATT202407006392,STU006392,SCH007,2024-07-01,15,12,Unauthorised
ATT202407006393,STU006393,SCH047,2024-07-01,15,13,Unauthorised
ATT202407006394,STU006394,SCH006,2024-07-01,16,13,Medical
ATT202407006395,STU006395,SCH006,2024-07-01,16,13,Unauthorised
ATT202407006396,STU006396,SCH016,2024-07-01,17,14,Family
ATT202407006397,STU006397,SCH034,2024-07-01,17,15,Unauthorised
ATT202407006398,STU006398,SCH037,2024-07-01,15,14,Family
ATT202407006399,STU006399,SCH026,2024-07-01,14,12,Unauthorised
ATT202407006400,STU006400,SCH017,2024-07-01,18,15,Medical
ATT202407006401,STU006401,SCH050,2024-07-01,15,13,Unauthorised
ATT202407006402,STU006402,SCH021,2024-07-01,17,14,Family
ATT202407006404,STU006404,SCH022,2024-07-01,16,14,Family
ATT202407006405,STU006405,SCH038,2024-07-01,18,15,Medical
ATT202407006406,STU006406,SCH044,2024-07-01,15,12,Other
ATT202407006407,STU006407,SCH017,2024-07-01,17,13,Illness
ATT202407006408,STU006408,SCH044,2024-07-01,14,12,Unauthorised
ATT202407006409,STU006409,SCH010,2024-07-01,14,13,Family
ATT202407006410,STU006410,SCH035,2024-07-01,18,15,Unauthorised
ATT202407006411,STU006411,SCH019,2024-07-01,17,14,Family
ATT202407006412,STU006412,SCH030,2024-07-01,16,13,Illness
ATT202407006413,STU006413,SCH004,2024-07-01,17,15,Unauthorised
ATT202407006414,STU006414,SCH018,2024-07-01,18,15,Illness
ATT202407006415,STU006415,SCH048,2024-07-01,14,11,Unauthorised
ATT202407006416,STU006416,SCH029,2024-07-01,14,12,Illness
ATT202407006417,STU006417,SCH029,2024-07-01,18,15,Family
ATT202407006418,STU006418,SCH010,2024-07-01,14,12,Family
ATT202407006419,STU006419,SCH007,2024-07-01,15,12,Medical
ATT202407006420,STU006420,SCH023,2024-07-01,15,13,Other
ATT202407006421,STU006421,SCH019,2024-07-01,17,15,Illness
ATT202407006422,STU006422,SCH004,2024-07-01,14,12,Medical
ATT202407006423,STU006423,SCH007,2024-07-01,17,15,Medical
ATT202407006424,STU006424,SCH031,2024-07-01,16,14,Medical
ATT202407006425,STU006425,SCH041,2024-07-01,15,13,Medical
ATT202407006426,STU006426,SCH007,2024-07-01,14,12,Family
ATT202407006427,STU006427,SCH020,2024-07-01,17,14,Illness
ATT202407006428,STU006428,SCH047,2024-07-01,17,15,Family
ATT202407006429,STU006429,SCH049,2024-07-01,16,12,Illness
ATT202407006430,STU006430,SCH018,2024-07-01,16,14,Other
ATT202407006431,STU006431,SCH007,2024-07-01,14,11,Medical
ATT202407006432,STU006432,SCH033,2024-07-01,15,13,Other
ATT202407006433,STU006433,SCH030,2024-07-01,17,14,Other
ATT202407006434,STU006434,SCH035,2024-07-01,15,12,Illness
ATT202407006435,STU006435,SCH001,2024-07-01,16,14,Medical
ATT202407006436,STU006436,SCH028,2024-07-01,16,13,Other
ATT202407006437,STU006437,SCH003,2024-07-01,16,15,Medical
ATT202407006438,STU006438,SCH035,2024-07-01,16,13,Illness
ATT202407006439,STU006439,SCH017,2024-07-01,16,14,Unauthorised
ATT202407006440,STU006440,SCH019,2024-07-01,18,15,Family
ATT202407006441,STU006441,SCH042,2024-07-01,18,14,Medical
ATT202407006442,STU006442,SCH045,2024-07-01,16,13,Medical
ATT202407006443,STU006443,SCH046,2024-07-01,16,14,Unauthorised
ATT202407006444,STU006444,SCH001,2024-07-01,15,12,Illness
ATT202407006445,STU006445,SCH014,2024-07-01,16,13,Medical
ATT202407006446,STU006446,SCH034,2024-07-01,14,11,Illness
ATT202407006447,STU006447,SCH025,2024-07-01,18,16,Other
ATT202407006448,STU006448,SCH018,2024-07-01,16,14,Illness
ATT202407006449,STU006449,SCH044,2024-07-01,16,14,Other
ATT202407006450,STU006450,SCH004,2024-07-01,17,15,Illness
ATT202407006451,STU006451,SCH044,2024-07-01,14,12,Medical
ATT202407006452,STU006452,SCH020,2024-07-01,14,12,Unauthorised
ATT202407006453,STU006453,SCH013,2024-07-01,17,15,Family
ATT202407006454,STU006454,SCH035,2024-07-01,16,12,Family
ATT202407006455,STU006455,SCH043,2024-07-01,17,14,Other
ATT202407006456,STU006456,SCH023,2024-07-01,14,12,Other
ATT202407006457,STU006457,SCH006,2024-07-01,18,15,Family
ATT202407006458,STU006458,SCH015,2024-07-01,14,13,Medical
ATT202407006459,STU006459,SCH017,2024-07-01,14,12,Illness
ATT202407006460,STU006460,SCH045,2024-07-01,16,13,Medical
ATT202407006461,STU006461,SCH023,2024-07-01,18,15,Other
ATT202407006462,STU006462,SCH034,2024-07-01,15,13,Illness
ATT202407006463,STU006463,SCH012,2024-07-01,15,12,Illness
ATT202407006464,STU006464,SCH041,2024-07-01,14,12,Unauthorised
ATT202407006465,STU006465,SCH039,2024-07-01,16,13,Unauthorised
ATT202407006466,STU006466,SCH034,2024-07-01,14,10,Medical
ATT202407006467,STU006467,SCH033,2024-07-01,17,15,Other
ATT202407006468,STU006468,SCH037,2024-07-01,15,13,Family
ATT202407006469,STU006469,SCH013,2024-07-01,16,13,Unauthorised
ATT202407006470,STU006470,SCH043,2024-07-01,17,14,Unauthorised
ATT202407006471,STU006471,SCH021,2024-07-01,18,15,Other
ATT202407006472,STU006472,SCH028,2024-07-01,14,11,Other
ATT202407006473,STU006473,SCH047,2024-07-01,17,14,Unauthorised
ATT202407006474,STU006474,SCH031,2024-07-01,15,13,Other
ATT202407006475,STU006475,SCH038,2024-07-01,16,14,Unauthorised
ATT202407006476,STU006476,SCH036,2024-07-01,16,14,Unauthorised
ATT202407006477,STU006477,SCH029,2024-07-01,18,15,Other
ATT202407006478,STU006478,SCH014,2024-07-01,17,14,Medical
ATT202407006479,STU006479,SCH046,2024-07-01,14,12,Illness
ATT202407006480,STU006480,SCH044,2024-07-01,16,13,Other
ATT202407006481,STU006481,SCH031,2024-07-01,15,12,Other
ATT202407006482,STU006482,SCH031,2024-07-01,18,13,Family
ATT202407006483,STU006483,SCH007,2024-07-01,17,14,Unauthorised
ATT202407006484,STU006484,SCH042,2024-07-01,15,11,Other
ATT202407006485,STU006485,SCH017,2024-07-01,18,14,Family
ATT202407006486,STU006486,SCH040,2024-07-01,18,16,Medical
ATT202407006487,STU006487,SCH022,2024-07-01,17,13,Family
ATT202407006488,STU006488,SCH038,2024-07-01,17,14,Illness
ATT202407006489,STU006489,SCH023,2024-07-01,17,14,Family
ATT202407006490,STU006490,SCH018,2024-07-01,15,11,Medical
ATT202407006491,STU006491,SCH020,2024-07-01,15,13,Medical
ATT202407006492,STU006492,SCH019,2024-07-01,18,16,Other
ATT202407006493,STU006493,SCH027,2024-07-01,16,14,Other
ATT202407006494,STU006494,SCH047,2024-07-01,17,16,Other
ATT202407006495,STU006495,SCH001,2024-07-01,17,14,Other
ATT202407006496,STU006496,SCH033,2024-07-01,15,13,Other
ATT202407006497,STU006497,SCH028,2024-07-01,15,12,Unauthorised
ATT202407006498,STU006498,SCH034,2024-07-01,18,14,Other
ATT202407006499,STU006499,SCH033,2024-07-01,18,16,Unauthorised
ATT202407006500,STU006500,SCH024,2024-07-01,15,12,Family
ATT202407006501,STU006501,SCH032,2024-07-01,14,12,Other
ATT202407006502,STU006502,SCH034,2024-07-01,16,12,Unauthorised
ATT202407006503,STU006503,SCH016,2024-07-01,15,13,Unauthorised
ATT202407006504,STU006504,SCH001,2024-07-01,18,14,Illness
ATT202407006505,STU006505,SCH044,2024-07-01,18,15,Medical
ATT202407006506,STU006506,SCH047,2024-07-01,17,15,Medical
ATT202407006507,STU006507,SCH035,2024-07-01,16,12,Unauthorised
ATT202407006508,STU006508,SCH041,2024-07-01,14,12,Illness
ATT202407006509,STU006509,SCH044,2024-07-01,14,12,Unauthorised
ATT202407006510,STU006510,SCH014,2024-07-01,14,11,Unauthorised
ATT202407006511,STU006511,SCH010,2024-07-01,14,12,Other
ATT202407006512,STU006512,SCH002,2024-07-01,14,12,Unauthorised
ATT202407006513,STU006513,SCH037,2024-07-01,16,14,Other
ATT202407006514,STU006514,SCH037,2024-07-01,16,13,Other
ATT202407006515,STU006515,SCH021,2024-07-01,16,13,Other
ATT202407006516,STU006516,SCH021,2024-07-01,18,15,Medical
ATT202407006517,STU006517,SCH023,2024-07-01,17,15,Illness
ATT202407006518,STU006518,SCH050,2024-07-01,17,15,Illness
ATT202407006519,STU006519,SCH012,2024-07-01,17,13,Medical
ATT202407006520,STU006520,SCH026,2024-07-01,15,14,Illness
ATT202407006521,STU006521,SCH005,2024-07-01,16,14,Illness
ATT202407006522,STU006522,SCH008,2024-07-01,16,13,Other
ATT202407006523,STU006523,SCH012,2024-07-01,14,11,Unauthorised
ATT202407006524,STU006524,SCH026,2024-07-01,16,13,Family
ATT202407006525,STU006525,SCH005,2024-07-01,18,15,Family
ATT202407006526,STU006526,SCH047,2024-07-01,15,13,Illness
ATT202407006527,STU006527,SCH022,2024-07-01,17,16,Unauthorised
ATT202407006528,STU006528,SCH025,2024-07-01,15,13,Family
ATT202407006529,STU006529,SCH018,2024-07-01,18,15,Other
ATT202407006530,STU006530,SCH017,2024-07-01,17,12,Illness
ATT202407006531,STU006531,SCH033,2024-07-01,14,12,Family
ATT202407006532,STU006532,SCH050,2024-07-01,17,13,Family
ATT202407006533,STU006533,SCH042,2024-07-01,14,12,Illness
ATT202407006534,STU006534,SCH046,2024-07-01,16,14,Other
ATT202407006535,STU006535,SCH041,2024-07-01,14,12,Medical
ATT202407006536,STU006536,SCH029,2024-07-01,18,15,Illness
ATT202407006537,STU006537,SCH020,2024-07-01,16,14,Medical
ATT202407006538,STU006538,SCH013,2024-07-01,17,15,Other
ATT202407006539,STU006539,SCH044,2024-07-01,14,11,Medical
ATT202407006540,STU006540,SCH014,2024-07-01,17,14,Other
ATT202407006541,STU006541,SCH013,2024-07-01,14,12,Family
ATT202407006542,STU006542,SCH048,2024-07-01,17,15,Other
ATT202407006543,STU006543,SCH032,2024-07-01,16,13,Family
ATT202407006544,STU006544,SCH050,2024-07-01,14,11,Family
ATT202407006545,STU006545,SCH050,2024-07-01,15,12,Illness
ATT202407006546,STU006546,SCH026,2024-07-01,16,13,Illness
ATT202407006547,STU006547,SCH044,2024-07-01,16,13,Other
ATT202407006548,STU006548,SCH028,2024-07-01,17,14,Unauthorised
ATT202407006549,STU006549,SCH041,2024-07-01,15,12,Medical
ATT202407006550,STU006550,SCH038,2024-07-01,16,14,Family
ATT202407006551,STU006551,SCH027,2024-07-01,15,11,Illness
ATT202407006552,STU006552,SCH002,2024-07-01,17,14,Other
ATT202407006553,STU006553,SCH014,2024-07-01,15,13,Other
ATT202407006554,STU006554,SCH023,2024-07-01,18,15,Medical
ATT202407006555,STU006555,SCH043,2024-07-01,17,14,Unauthorised
ATT202407006556,STU006556,SCH036,2024-07-01,15,12,Family
ATT202407006557,STU006557,SCH027,2024-07-01,14,11,Other
ATT202407006558,STU006558,SCH003,2024-07-01,18,15,Illness
ATT202407006559,STU006559,SCH008,2024-07-01,14,11,Other
ATT202407006560,STU006560,SCH033,2024-07-01,15,11,Other
ATT202407006561,STU006561,SCH024,2024-07-01,14,12,Medical
ATT202407006562,STU006562,SCH029,2024-07-01,17,13,Other
ATT202407006563,STU006563,SCH011,2024-07-01,18,16,Family
ATT202407006564,STU006564,SCH021,2024-07-01,17,15,Medical
ATT202407006565,STU006565,SCH018,2024-07-01,14,12,Unauthorised
ATT202407006566,STU006566,SCH021,2024-07-01,16,14,Family
ATT202407006567,STU006567,SCH004,2024-07-01,15,13,Other
ATT202407006568,STU006568,SCH007,2024-07-01,14,12,Other
ATT202407006569,STU006569,SCH020,2024-07-01,14,12,Medical
ATT202407006570,STU006570,SCH036,2024-07-01,14,12,Illness
ATT202407006571,STU006571,SCH004,2024-07-01,15,13,Family
ATT202407006572,STU006572,SCH004,2024-07-01,18,16,Unauthorised
ATT202407006573,STU006573,SCH043,2024-07-01,18,15,Medical
ATT202407006574,STU006574,SCH007,2024-07-01,14,11,Illness
ATT202407006575,STU006575,SCH004,2024-07-01,16,14,Medical
ATT202407006576,STU006576,SCH006,2024-07-01,17,15,Family
ATT202407006577,STU006577,SCH021,2024-07-01,16,13,Medical
ATT202407006578,STU006578,SCH030,2024-07-01,18,17,Unauthorised
ATT202407006579,STU006579,SCH011,2024-07-01,16,13,Family
ATT202407006580,STU006580,SCH037,2024-07-01,16,13,Unauthorised
ATT202407006581,STU006581,SCH004,2024-07-01,14,11,Family
ATT202407006582,STU006582,SCH047,2024-07-01,14,11,Other
ATT202407006583,STU006583,SCH040,2024-07-01,14,13,Unauthorised
ATT202407006584,STU006584,SCH009,2024-07-01,15,13,Medical
ATT202407006585,STU006585,SCH019,2024-07-01,14,12,Illness
ATT202407006586,STU006586,SCH030,2024-07-01,18,16,Other
ATT202407006587,STU006587,SCH007,2024-07-01,15,12,Other
ATT202407006588,STU006588,SCH049,2024-07-01,15,13,Unauthorised
ATT202407006589,STU006589,SCH044,2024-07-01,16,13,Medical
ATT202407006590,STU006590,SCH037,2024-07-01,16,14,Other
ATT202407006591,STU006591,SCH021,2024-07-01,17,12,Other
ATT202407006592,STU006592,SCH019,2024-07-01,17,15,Medical
ATT202407006593,STU006593,SCH027,2024-07-01,18,14,Medical
ATT202407006594,STU006594,SCH012,2024-07-01,16,13,Illness
ATT202407006595,STU006595,SCH050,2024-07-01,18,15,Medical
ATT202407006596,STU006596,SCH015,2024-07-01,15,12,Other
ATT202407006597,STU006597,SCH021,2024-07-01,17,14,Unauthorised
ATT202407006598,STU006598,SCH036,2024-07-01,16,14,Medical
ATT202407006599,STU006599,SCH049,2024-07-01,15,10,Family
ATT202407006600,STU006600,SCH008,2024-07-01,18,15,Medical
ATT202407006602,STU006602,SCH011,2024-07-01,18,16,Medical
ATT202407006603,STU006603,SCH031,2024-07-01,14,11,Unauthorised
ATT202407006604,STU006604,SCH004,2024-07-01,18,16,Other
ATT202407006605,STU006605,SCH007,2024-07-01,17,14,Unauthorised
ATT202407006606,STU006606,SCH048,2024-07-01,16,14,Unauthorised
ATT202407006607,STU006607,SCH024,2024-07-01,18,13,Unauthorised
ATT202407006608,STU006608,SCH006,2024-07-01,16,13,Family
ATT202407006609,STU006609,SCH031,2024-07-01,16,13,Family
ATT202407006610,STU006610,SCH046,2024-07-01,14,12,Medical
ATT202407006611,STU006611,SCH046,2024-07-01,14,12,Illness
ATT202407006612,STU006612,SCH008,2024-07-01,18,16,Family
ATT202407006613,STU006613,SCH046,2024-07-01,16,14,Family
ATT202407006614,STU006614,SCH025,2024-07-01,14,12,Unauthorised
ATT202407006615,STU006615,SCH039,2024-07-01,15,13,Unauthorised
ATT202407006616,STU006616,SCH028,2024-07-01,15,12,Medical
ATT202407006617,STU006617,SCH050,2024-07-01,15,13,Medical
ATT202407006618,STU006618,SCH037,2024-07-01,16,13,Illness
ATT202407006619,STU006619,SCH032,2024-07-01,17,14,Unauthorised
ATT202407006620,STU006620,SCH023,2024-07-01,18,15,Medical
ATT202407006621,STU006621,SCH046,2024-07-01,14,11,Family
ATT202407006622,STU006622,SCH039,2024-07-01,15,13,Other
ATT202407006623,STU006623,SCH037,2024-07-01,14,12,Medical
ATT202407006624,STU006624,SCH011,2024-07-01,17,15,Family
ATT202407006625,STU006625,SCH016,2024-07-01,18,15,Family
ATT202407006626,STU006626,SCH017,2024-07-01,14,12,Unauthorised
ATT202407006627,STU006627,SCH034,2024-07-01,15,11,Family
ATT202407006628,STU006628,SCH036,2024-07-01,17,15,Unauthorised
ATT202407006629,STU006629,SCH021,2024-07-01,16,13,Illness
ATT202407006630,STU006630,SCH009,2024-07-01,16,13,Illness
ATT202407006631,STU006631,SCH031,2024-07-01,16,13,Family
ATT202407006632,STU006632,SCH047,2024-07-01,15,13,Unauthorised
ATT202407006633,STU006633,SCH044,2024-07-01,14,12,Medical
ATT202407006634,STU006634,SCH005,2024-07-01,14,12,Illness
ATT202407006635,STU006635,SCH002,2024-07-01,14,12,Unauthorised
ATT202407006636,STU006636,SCH028,2024-07-01,14,12,Unauthorised
ATT202407006637,STU006637,SCH002,2024-07-01,15,13,Family
ATT202407006638,STU006638,SCH006,2024-07-01,18,15,Illness
ATT202407006639,STU006639,SCH031,2024-07-01,18,15,Other
ATT202407006640,STU006640,SCH008,2024-07-01,15,12,Illness
ATT202407006641,STU006641,SCH042,2024-07-01,18,16,Family
ATT202407006642,STU006642,SCH046,2024-07-01,14,13,Family
ATT202407006643,STU006643,SCH038,2024-07-01,15,12,Unauthorised
ATT202407006644,STU006644,SCH040,2024-07-01,14,13,Illness
ATT202407006645,STU006645,SCH038,2024-07-01,17,15,Family
ATT202407006646,STU006646,SCH018,2024-07-01,14,13,Unauthorised
ATT202407006647,STU006647,SCH003,2024-07-01,15,12,Illness
ATT202407006648,STU006648,SCH036,2024-07-01,16,15,Family
ATT202407006649,STU006649,SCH028,2024-07-01,15,13,Unauthorised
ATT202407006650,STU006650,SCH030,2024-07-01,18,16,Other
ATT202407006651,STU006651,SCH015,2024-07-01,14,12,Illness
ATT202407006652,STU006652,SCH018,2024-07-01,17,15,Illness
ATT202407006653,STU006653,SCH027,2024-07-01,15,12,Family
ATT202407006654,STU006654,SCH006,2024-07-01,17,15,Illness
ATT202407006655,STU006655,SCH043,2024-07-01,18,15,Medical
ATT202407006656,STU006656,SCH033,2024-07-01,18,16,Other
ATT202407006657,STU006657,SCH029,2024-07-01,16,13,Illness
ATT202407006658,STU006658,SCH009,2024-07-01,15,13,Medical
ATT202407006659,STU006659,SCH013,2024-07-01,14,12,Medical
ATT202407006660,STU006660,SCH043,2024-07-01,18,14,Illness
ATT202407006661,STU006661,SCH011,2024-07-01,18,15,Unauthorised
ATT202407006662,STU006662,SCH044,2024-07-01,15,13,Unauthorised
ATT202407006663,STU006663,SCH010,2024-07-01,15,12,Family
ATT202407006664,STU006664,SCH027,2024-07-01,17,13,Unauthorised
ATT202407006665,STU006665,SCH045,2024-07-01,15,12,Illness
ATT202407006666,STU006666,SCH033,2024-07-01,17,14,Unauthorised
ATT202407006667,STU006667,SCH020,2024-07-01,16,14,Medical
ATT202407006668,STU006668,SCH045,2024-07-01,14,12,Medical
ATT202407006669,STU006669,SCH024,2024-07-01,14,12,Illness
ATT202407006670,STU006670,SCH027,2024-07-01,16,13,Other
ATT202407006671,STU006671,SCH048,2024-07-01,14,13,Illness
ATT202407006672,STU006672,SCH046,2024-07-01,18,15,Other
ATT202407006673,STU006673,SCH003,2024-07-01,14,12,Other
ATT202407006674,STU006674,SCH004,2024-07-01,15,14,Unauthorised
ATT202407006675,STU006675,SCH035,2024-07-01,17,12,Medical
ATT202407006677,STU006677,SCH004,2024-07-01,17,15,Illness
ATT202407006678,STU006678,SCH014,2024-07-01,14,12,Illness
ATT202407006679,STU006679,SCH041,2024-07-01,16,13,Medical
ATT202407006680,STU006680,SCH026,2024-07-01,15,12,Unauthorised
ATT202407006681,STU006681,SCH016,2024-07-01,16,14,Medical
ATT202407006682,STU006682,SCH040,2024-07-01,14,11,Family
ATT202407006683,STU006683,SCH034,2024-07-01,14,11,Illness
ATT202407006684,STU006684,SCH029,2024-07-01,17,14,Illness
ATT202407006685,STU006685,SCH013,2024-07-01,15,13,Other
ATT202407006686,STU006686,SCH007,2024-07-01,14,12,Illness
ATT202407006687,STU006687,SCH033,2024-07-01,18,15,Family
ATT202407006688,STU006688,SCH032,2024-07-01,17,14,Family
ATT202407006689,STU006689,SCH018,2024-07-01,18,16,Illness
ATT202407006690,STU006690,SCH028,2024-07-01,17,13,Family
ATT202407006691,STU006691,SCH012,2024-07-01,14,12,Illness
ATT202407006692,STU006692,SCH011,2024-07-01,17,15,Other
ATT202407006693,STU006693,SCH046,2024-07-01,16,15,Medical
ATT202407006694,STU006694,SCH001,2024-07-01,18,14,Other
ATT202407006695,STU006695,SCH026,2024-07-01,15,13,Family
ATT202407006696,STU006696,SCH046,2024-07-01,14,10,Unauthorised
ATT202407006697,STU006697,SCH003,2024-07-01,18,14,Other
ATT202407006698,STU006698,SCH040,2024-07-01,16,14,Illness
ATT202407006699,STU006699,SCH042,2024-07-01,16,14,Illness
ATT202407006700,STU006700,SCH023,2024-07-01,14,12,Other
ATT202407006701,STU006701,SCH044,2024-07-01,16,14,Other
ATT202407006702,STU006702,SCH028,2024-07-01,18,16,Illness
ATT202407006703,STU006703,SCH037,2024-07-01,18,15,Illness
ATT202407006704,STU006704,SCH024,2024-07-01,18,15,Unauthorised
ATT202407006705,STU006705,SCH017,2024-07-01,14,11,Other
ATT202407006706,STU006706,SCH014,2024-07-01,17,14,Other
ATT202407006707,STU006707,SCH020,2024-07-01,17,14,Unauthorised
ATT202407006708,STU006708,SCH043,2024-07-01,17,14,Illness
ATT202407006709,STU006709,SCH028,2024-07-01,16,14,Illness
ATT202407006710,STU006710,SCH004,2024-07-01,16,14,Medical
ATT202407006711,STU006711,SCH022,2024-07-01,14,11,Unauthorised
ATT202407006712,STU006712,SCH018,2024-07-01,14,12,Medical
ATT202407006713,STU006713,SCH016,2024-07-01,15,14,Illness
ATT202407006714,STU006714,SCH037,2024-07-01,17,14,Other
ATT202407006716,STU006716,SCH007,2024-07-01,15,12,Illness
ATT202407006717,STU006717,SCH036,2024-07-01,15,13,Other
ATT202407006718,STU006718,SCH027,2024-07-01,18,14,Other
ATT202407006719,STU006719,SCH036,2024-07-01,15,13,Family
ATT202407006720,STU006720,SCH050,2024-07-01,16,14,Family
ATT202407006721,STU006721,SCH016,2024-07-01,17,15,Illness
ATT202407006722,STU006722,SCH018,2024-07-01,16,14,Illness
ATT202407006723,STU006723,SCH031,2024-07-01,14,11,Family
ATT202407006724,STU006724,SCH037,2024-07-01,17,14,Medical
ATT202407006725,STU006725,SCH002,2024-07-01,18,13,Medical
ATT202407006726,STU006726,SCH041,2024-07-01,14,13,Unauthorised
ATT202407006727,STU006727,SCH030,2024-07-01,15,14,Illness
ATT202407006728,STU006728,SCH012,2024-07-01,15,12,Medical
ATT202407006729,STU006729,SCH032,2024-07-01,17,15,Other
ATT202407006730,STU006730,SCH013,2024-07-01,15,13,Family
ATT202407006731,STU006731,SCH020,2024-07-01,14,13,Family
ATT202407006732,STU006732,SCH042,2024-07-01,15,13,Unauthorised
ATT202407006733,STU006733,SCH031,2024-07-01,15,12,Medical
ATT202407006734,STU006734,SCH010,2024-07-01,15,13,Other
ATT202407006735,STU006735,SCH042,2024-07-01,15,11,Medical
ATT202407006736,STU006736,SCH003,2024-07-01,16,14,Illness
ATT202407006737,STU006737,SCH019,2024-07-01,18,17,Unauthorised
ATT202407006738,STU006738,SCH028,2024-07-01,18,15,Family
ATT202407006739,STU006739,SCH030,2024-07-01,16,14,Unauthorised
ATT202407006740,STU006740,SCH029,2024-07-01,15,12,Illness
ATT202407006741,STU006741,SCH029,2024-07-01,14,12,Other
ATT202407006742,STU006742,SCH033,2024-07-01,15,13,Illness
ATT202407006743,STU006743,SCH020,2024-07-01,17,14,Illness
ATT202407006744,STU006744,SCH006,2024-07-01,18,16,Medical
ATT202407006745,STU006745,SCH016,2024-07-01,14,12,Other
ATT202407006746,STU006746,SCH012,2024-07-01,18,15,Unauthorised
ATT202407006747,STU006747,SCH005,2024-07-01,15,13,Unauthorised
ATT202407006748,STU006748,SCH033,2024-07-01,17,14,Family
ATT202407006749,STU006749,SCH030,2024-07-01,18,16,Illness
ATT202407006750,STU006750,SCH018,2024-07-01,16,14,Other
ATT202407006751,STU006751,SCH030,2024-07-01,16,14,Medical
ATT202407006752,STU006752,SCH019,2024-07-01,14,13,Family
ATT202407006753,STU006753,SCH011,2024-07-01,15,13,Unauthorised
ATT202407006754,STU006754,SCH002,2024-07-01,17,12,Other
ATT202407006755,STU006755,SCH023,2024-07-01,15,13,Other
ATT202407006756,STU006756,SCH027,2024-07-01,18,15,Unauthorised
ATT202407006757,STU006757,SCH008,2024-07-01,15,13,Other
ATT202407006758,STU006758,SCH011,2024-07-01,15,13,Illness
ATT202407006759,STU006759,SCH030,2024-07-01,17,14,Family
ATT202407006760,STU006760,SCH036,2024-07-01,16,14,Other
ATT202407006761,STU006761,SCH044,2024-07-01,14,12,Family
ATT202407006762,STU006762,SCH028,2024-07-01,17,14,Family
ATT202407006763,STU006763,SCH040,2024-07-01,18,16,Medical
ATT202407006764,STU006764,SCH031,2024-07-01,16,14,Family
ATT202407006765,STU006765,SCH040,2024-07-01,16,14,Unauthorised
ATT202407006766,STU006766,SCH043,2024-07-01,14,11,Illness
ATT202407006767,STU006767,SCH029,2024-07-01,15,12,Medical
ATT202407006768,STU006768,SCH049,2024-07-01,15,12,Other
ATT202407006769,STU006769,SCH026,2024-07-01,16,14,Other
ATT202407006770,STU006770,SCH017,2024-07-01,17,13,Illness
ATT202407006771,STU006771,SCH016,2024-07-01,14,13,Unauthorised
ATT202407006772,STU006772,SCH020,2024-07-01,16,13,Illness
ATT202407006773,STU006773,SCH040,2024-07-01,16,14,Family
ATT202407006774,STU006774,SCH023,2024-07-01,14,12,Illness
ATT202407006775,STU006775,SCH033,2024-07-01,17,15,Illness
ATT202407006776,STU006776,SCH002,2024-07-01,18,14,Illness
ATT202407006777,STU006777,SCH010,2024-07-01,15,13,Unauthorised
ATT202407006778,STU006778,SCH007,2024-07-01,17,13,Family
ATT202407006779,STU006779,SCH010,2024-07-01,18,15,Unauthorised
ATT202407006780,STU006780,SCH037,2024-07-01,15,13,Medical
ATT202407006781,STU006781,SCH047,2024-07-01,14,12,Unauthorised
ATT202407006782,STU006782,SCH003,2024-07-01,15,12,Family
ATT202407006783,STU006783,SCH033,2024-07-01,16,15,Other
ATT202407006784,STU006784,SCH036,2024-07-01,16,13,Illness
ATT202407006785,STU006785,SCH042,2024-07-01,15,12,Unauthorised
ATT202407006786,STU006786,SCH002,2024-07-01,18,15,Medical
ATT202407006787,STU006787,SCH012,2024-07-01,17,14,Family
ATT202407006788,STU006788,SCH027,2024-07-01,14,12,Medical
ATT202407006789,STU006789,SCH017,2024-07-01,17,15,Family
ATT202407006790,STU006790,SCH011,2024-07-01,18,15,Medical
ATT202407006791,STU006791,SCH045,2024-07-01,16,13,Family
ATT202407006792,STU006792,SCH005,2024-07-01,15,13,Medical
ATT202407006793,STU006793,SCH046,2024-07-01,15,12,Unauthorised
ATT202407006794,STU006794,SCH028,2024-07-01,18,14,Family
ATT202407006795,STU006795,SCH049,2024-07-01,16,11,Illness
ATT202407006796,STU006796,SCH002,2024-07-01,15,12,Medical
ATT202407006797,STU006797,SCH039,2024-07-01,17,15,Unauthorised
ATT202407006798,STU006798,SCH018,2024-07-01,14,12,Medical
ATT202407006799,STU006799,SCH042,2024-07-01,18,15,Other
ATT202407006800,STU006800,SCH037,2024-07-01,15,12,Family
ATT202407006801,STU006801,SCH021,2024-07-01,16,13,Unauthorised
ATT202407006802,STU006802,SCH003,2024-07-01,16,13,Unauthorised
ATT202407006803,STU006803,SCH023,2024-07-01,18,15,Illness
ATT202407006804,STU006804,SCH040,2024-07-01,17,15,Illness
ATT202407006805,STU006805,SCH016,2024-07-01,16,14,Medical
ATT202407006806,STU006806,SCH002,2024-07-01,17,14,Unauthorised
ATT202407006807,STU006807,SCH006,2024-07-01,17,15,Medical
ATT202407006808,STU006808,SCH014,2024-07-01,14,12,Other
ATT202407006809,STU006809,SCH024,2024-07-01,14,10,Family
ATT202407006810,STU006810,SCH006,2024-07-01,18,17,Other
ATT202407006811,STU006811,SCH046,2024-07-01,14,11,Family
ATT202407006812,STU006812,SCH008,2024-07-01,14,13,Unauthorised
ATT202407006813,STU006813,SCH012,2024-07-01,15,13,Medical
ATT202407006814,STU006814,SCH011,2024-07-01,15,14,Unauthorised
ATT202407006815,STU006815,SCH042,2024-07-01,16,13,Medical
ATT202407006816,STU006816,SCH015,2024-07-01,16,14,Unauthorised
ATT202407006817,STU006817,SCH002,2024-07-01,16,13,Illness
ATT202407006818,STU006818,SCH001,2024-07-01,14,12,Illness
ATT202407006819,STU006819,SCH023,2024-07-01,16,13,Illness
ATT202407006820,STU006820,SCH016,2024-07-01,16,13,Family
ATT202407006821,STU006821,SCH012,2024-07-01,15,13,Illness
ATT202407006822,STU006822,SCH010,2024-07-01,14,12,Family
ATT202407006823,STU006823,SCH017,2024-07-01,16,12,Medical
ATT202407006824,STU006824,SCH014,2024-07-01,17,14,Illness
ATT202407006825,STU006825,SCH019,2024-07-01,18,16,Unauthorised
ATT202407006826,STU006826,SCH025,2024-07-01,14,13,Unauthorised
ATT202407006827,STU006827,SCH005,2024-07-01,18,15,Other
ATT202407006828,STU006828,SCH005,2024-07-01,16,14,Other
ATT202407006829,STU006829,SCH034,2024-07-01,18,13,Illness
ATT202407006830,STU006830,SCH026,2024-07-01,15,13,Medical
ATT202407006831,STU006831,SCH008,2024-07-01,17,15,Illness
ATT202407006832,STU006832,SCH047,2024-07-01,17,14,Illness
ATT202407006833,STU006833,SCH009,2024-07-01,17,15,Medical
ATT202407006834,STU006834,SCH020,2024-07-01,16,14,Illness
ATT202407006835,STU006835,SCH014,2024-07-01,15,12,Illness
ATT202407006836,STU006836,SCH002,2024-07-01,18,14,Medical
ATT202407006837,STU006837,SCH027,2024-07-01,15,13,Illness
ATT202407006838,STU006838,SCH047,2024-07-01,18,16,Medical
ATT202407006839,STU006839,SCH011,2024-07-01,15,12,Illness
ATT202407006840,STU006840,SCH028,2024-07-01,18,15,Other
ATT202407006841,STU006841,SCH024,2024-07-01,15,11,Family
ATT202407006842,STU006842,SCH025,2024-07-01,15,13,Illness
ATT202407006843,STU006843,SCH049,2024-07-01,17,13,Other
ATT202407006844,STU006844,SCH019,2024-07-01,18,16,Other
ATT202407006845,STU006845,SCH020,2024-07-01,18,16,Unauthorised
ATT202407006846,STU006846,SCH014,2024-07-01,15,13,Unauthorised
ATT202407006847,STU006847,SCH001,2024-07-01,17,13,Unauthorised
ATT202407006848,STU006848,SCH022,2024-07-01,15,11,Other
ATT202407006849,STU006849,SCH044,2024-07-01,15,11,Family
ATT202407006850,STU006850,SCH008,2024-07-01,14,11,Unauthorised
ATT202407006851,STU006851,SCH015,2024-07-01,15,13,Other
ATT202407006852,STU006852,SCH013,2024-07-01,14,12,Family
ATT202407006853,STU006853,SCH009,2024-07-01,15,13,Other
ATT202407006854,STU006854,SCH031,2024-07-01,15,13,Unauthorised
ATT202407006855,STU006855,SCH046,2024-07-01,17,14,Other
ATT202407006856,STU006856,SCH015,2024-07-01,16,14,Unauthorised
ATT202407006857,STU006857,SCH018,2024-07-01,15,14,Medical
ATT202407006858,STU006858,SCH032,2024-07-01,18,15,Family
ATT202407006859,STU006859,SCH022,2024-07-01,17,15,Other
ATT202407006860,STU006860,SCH028,2024-07-01,16,13,Illness
ATT202407006861,STU006861,SCH043,2024-07-01,14,12,Medical
ATT202407006862,STU006862,SCH024,2024-07-01,17,12,Medical
ATT202407006863,STU006863,SCH043,2024-07-01,14,13,Unauthorised
ATT202407006864,STU006864,SCH034,2024-07-01,17,13,Family
ATT202407006865,STU006865,SCH005,2024-07-01,16,14,Other
ATT202407006866,STU006866,SCH035,2024-07-01,17,14,Medical
ATT202407006867,STU006867,SCH043,2024-07-01,17,14,Family
ATT202407006868,STU006868,SCH019,2024-07-01,17,15,Family
ATT202407006869,STU006869,SCH024,2024-07-01,18,15,Family
ATT202407006870,STU006870,SCH050,2024-07-01,17,14,Family
ATT202407006871,STU006871,SCH016,2024-07-01,17,15,Illness
ATT202407006872,STU006872,SCH034,2024-07-01,18,13,Medical
ATT202407006873,STU006873,SCH033,2024-07-01,15,12,Family
ATT202407006874,STU006874,SCH009,2024-07-01,16,14,Medical
ATT202407006875,STU006875,SCH004,2024-07-01,16,14,Unauthorised
ATT202407006876,STU006876,SCH019,2024-07-01,14,12,Unauthorised
ATT202407006877,STU006877,SCH042,2024-07-01,14,12,Unauthorised
ATT202407006878,STU006878,SCH030,2024-07-01,14,13,Illness
ATT202407006879,STU006879,SCH027,2024-07-01,18,16,Medical
ATT202407006880,STU006880,SCH036,2024-07-01,15,12,Illness
ATT202407006881,STU006881,SCH020,2024-07-01,14,12,Unauthorised
ATT202407006882,STU006882,SCH006,2024-07-01,17,15,Family
ATT202407006883,STU006883,SCH001,2024-07-01,18,15,Illness
ATT202407006884,STU006884,SCH022,2024-07-01,18,15,Family
ATT202407006885,STU006885,SCH002,2024-07-01,16,12,Illness
ATT202407006886,STU006886,SCH042,2024-07-01,15,11,Medical
ATT202407006887,STU006887,SCH006,2024-07-01,14,12,Other
ATT202407006888,STU006888,SCH004,2024-07-01,14,11,Illness
ATT202407006889,STU006889,SCH009,2024-07-01,18,14,Family
ATT202407006890,STU006890,SCH029,2024-07-01,14,12,Other
ATT202407006891,STU006891,SCH046,2024-07-01,14,12,Medical
ATT202407006892,STU006892,SCH028,2024-07-01,17,14,Unauthorised
ATT202407006893,STU006893,SCH023,2024-07-01,17,13,Family
ATT202407006894,STU006894,SCH036,2024-07-01,14,11,Unauthorised
ATT202407006895,STU006895,SCH028,2024-07-01,17,13,Other
ATT202407006896,STU006896,SCH014,2024-07-01,14,12,Family
ATT202407006897,STU006897,SCH030,2024-07-01,17,15,Unauthorised
ATT202407006898,STU006898,SCH016,2024-07-01,17,14,Unauthorised
ATT202407006899,STU006899,SCH044,2024-07-01,18,14,Other
ATT202407006900,STU006900,SCH048,2024-07-01,17,15,Family
ATT202407006901,STU006901,SCH048,2024-07-01,16,14,Medical
ATT202407006902,STU006902,SCH031,2024-07-01,14,11,Medical
ATT202407006903,STU006903,SCH030,2024-07-01,15,13,Illness
ATT202407006904,STU006904,SCH025,2024-07-01,15,13,Illness
ATT202407006905,STU006905,SCH031,2024-07-01,16,13,Unauthorised
ATT202407006906,STU006906,SCH025,2024-07-01,17,14,Medical
ATT202407006907,STU006907,SCH043,2024-07-01,16,13,Illness
ATT202407006908,STU006908,SCH046,2024-07-01,14,10,Illness
ATT202407006909,STU006909,SCH017,2024-07-01,17,14,Illness
ATT202407006910,STU006910,SCH046,2024-07-01,17,15,Family
ATT202407006911,STU006911,SCH036,2024-07-01,15,12,Illness
ATT202407006912,STU006912,SCH039,2024-07-01,14,12,Family
ATT202407006913,STU006913,SCH041,2024-07-01,16,14,Unauthorised
ATT202407006914,STU006914,SCH016,2024-07-01,18,15,Medical
ATT202407006915,STU006915,SCH037,2024-07-01,18,16,Unauthorised
ATT202407006916,STU006916,SCH030,2024-07-01,14,12,Other
ATT202407006917,STU006917,SCH019,2024-07-01,18,16,Other
ATT202407006918,STU006918,SCH033,2024-07-01,17,15,Unauthorised
ATT202407006919,STU006919,SCH035,2024-07-01,18,15,Family
ATT202407006920,STU006920,SCH045,2024-07-01,17,15,Illness
ATT202407006921,STU006921,SCH050,2024-07-01,18,16,Family
ATT202407006922,STU006922,SCH008,2024-07-01,15,13,Medical
ATT202407006923,STU006923,SCH039,2024-07-01,14,13,Medical
ATT202407006924,STU006924,SCH028,2024-07-01,16,13,Illness
ATT202407006925,STU006925,SCH001,2024-07-01,18,13,Unauthorised
ATT202407006926,STU006926,SCH050,2024-07-01,14,12,Unauthorised
ATT202407006927,STU006927,SCH033,2024-07-01,14,12,Unauthorised
ATT202407006928,STU006928,SCH005,2024-07-01,14,11,Medical
ATT202407006929,STU006929,SCH012,2024-07-01,15,13,Illness
ATT202407006930,STU006930,SCH022,2024-07-01,18,16,Illness
ATT202407006931,STU006931,SCH013,2024-07-01,15,13,Illness
ATT202407006932,STU006932,SCH025,2024-07-01,14,12,Medical
ATT202407006933,STU006933,SCH019,2024-07-01,15,13,Other
ATT202407006934,STU006934,SCH024,2024-07-01,16,13,Other
ATT202407006935,STU006935,SCH015,2024-07-01,18,15,Illness
ATT202407006936,STU006936,SCH015,2024-07-01,18,14,Medical
ATT202407006937,STU006937,SCH028,2024-07-01,16,13,Other
ATT202407006938,STU006938,SCH022,2024-07-01,17,13,Other
ATT202407006939,STU006939,SCH015,2024-07-01,17,15,Unauthorised
ATT202407006940,STU006940,SCH013,2024-07-01,17,15,Unauthorised
ATT202407006941,STU006941,SCH037,2024-07-01,15,12,Medical
ATT202407006942,STU006942,SCH013,2024-07-01,14,12,Medical
ATT202407006943,STU006943,SCH009,2024-07-01,15,12,Illness
ATT202407006944,STU006944,SCH003,2024-07-01,16,14,Medical
ATT202407006945,STU006945,SCH009,2024-07-01,14,12,Illness
ATT202407006946,STU006946,SCH034,2024-07-01,14,11,Medical
ATT202407006947,STU006947,SCH010,2024-07-01,15,13,Unauthorised
ATT202407006948,STU006948,SCH032,2024-07-01,14,12,Other
ATT202407006949,STU006949,SCH010,2024-07-01,14,12,Illness
ATT202407006950,STU006950,SCH004,2024-07-01,17,15,Medical
ATT202407006951,STU006951,SCH009,2024-07-01,16,13,Illness
ATT202407006952,STU006952,SCH004,2024-07-01,17,15,Family
ATT202407006953,STU006953,SCH028,2024-07-01,18,15,Unauthorised
ATT202407006954,STU006954,SCH023,2024-07-01,17,14,Family
ATT202407006955,STU006955,SCH046,2024-07-01,15,11,Family
ATT202407006956,STU006956,SCH040,2024-07-01,16,13,Family
ATT202407006957,STU006957,SCH038,2024-07-01,16,15,Family
ATT202407006958,STU006958,SCH032,2024-07-01,18,14,Illness
ATT202407006959,STU006959,SCH030,2024-07-01,14,12,Illness
ATT202407006960,STU006960,SCH029,2024-07-01,18,14,Unauthorised
ATT202407006961,STU006961,SCH008,2024-07-01,14,11,Medical
ATT202407006962,STU006962,SCH037,2024-07-01,15,14,Unauthorised
ATT202407006963,STU006963,SCH013,2024-07-01,14,13,Medical
ATT202407006964,STU006964,SCH005,2024-07-01,15,13,Illness
ATT202407006965,STU006965,SCH037,2024-07-01,17,15,Medical
ATT202407006966,STU006966,SCH029,2024-07-01,16,13,Other
ATT202407006967,STU006967,SCH024,2024-07-01,15,12,Medical
ATT202407006968,STU006968,SCH036,2024-07-01,18,15,Unauthorised
ATT202407006969,STU006969,SCH042,2024-07-01,18,14,Illness
ATT202407006970,STU006970,SCH007,2024-07-01,15,12,Unauthorised
ATT202407006971,STU006971,SCH011,2024-07-01,18,15,Medical
ATT202407006972,STU006972,SCH048,2024-07-01,17,14,Other
ATT202407006973,STU006973,SCH040,2024-07-01,14,12,Other
ATT202407006974,STU006974,SCH044,2024-07-01,17,15,Medical
ATT202407006975,STU006975,SCH029,2024-07-01,14,13,Medical
ATT202407006976,STU006976,SCH048,2024-07-01,15,14,Family
ATT202407006977,STU006977,SCH008,2024-07-01,14,12,Unauthorised
ATT202407006978,STU006978,SCH048,2024-07-01,18,14,Family
ATT202407006979,STU006979,SCH014,2024-07-01,18,14,Unauthorised
ATT202407006980,STU006980,SCH048,2024-07-01,18,15,Medical
ATT202407006981,STU006981,SCH021,2024-07-01,14,12,Other
ATT202407006982,STU006982,SCH029,2024-07-01,16,13,Medical
ATT202407006983,STU006983,SCH018,2024-07-01,16,13,Illness
ATT202407006984,STU006984,SCH033,2024-07-01,18,17,Other
ATT202407006985,STU006985,SCH033,2024-07-01,18,15,Other
ATT202407006986,STU006986,SCH013,2024-07-01,18,15,Illness
ATT202407006987,STU006987,SCH026,2024-07-01,17,15,Other
ATT202407006988,STU006988,SCH024,2024-07-01,15,13,Illness
ATT202407006989,STU006989,SCH025,2024-07-01,17,15,Unauthorised
ATT202407006990,STU006990,SCH012,2024-07-01,15,12,Family
ATT202407006991,STU006991,SCH042,2024-07-01,14,11,Family
ATT202407006992,STU006992,SCH002,2024-07-01,18,15,Illness
ATT202407006993,STU006993,SCH008,2024-07-01,16,14,Family
ATT202407006994,STU006994,SCH047,2024-07-01,15,12,Other
ATT202407006995,STU006995,SCH025,2024-07-01,18,16,Illness
ATT202407006996,STU006996,SCH024,2024-07-01,15,13,Family
ATT202407006997,STU006997,SCH018,2024-07-01,15,13,Unauthorised
ATT202407006998,STU006998,SCH020,2024-07-01,18,16,Unauthorised
ATT202407006999,STU006999,SCH018,2024-07-01,15,13,Family
ATT202407007000,STU007000,SCH033,2024-07-01,18,16,Medical
ATT202407007001,STU007001,SCH046,2024-07-01,14,12,Unauthorised
ATT202407007002,STU007002,SCH005,2024-07-01,16,13,Illness
ATT202407007003,STU007003,SCH017,2024-07-01,18,13,Family
ATT202407007004,STU007004,SCH012,2024-07-01,18,16,Other
ATT202407007006,STU007006,SCH027,2024-07-01,17,15,Medical
ATT202407007007,STU007007,SCH004,2024-07-01,15,13,Unauthorised
ATT202407007008,STU007008,SCH015,2024-07-01,14,11,Illness
ATT202407007009,STU007009,SCH001,2024-07-01,14,12,Medical
ATT202407007010,STU007010,SCH008,2024-07-01,18,14,Family
ATT202407007011,STU007011,SCH021,2024-07-01,14,11,Other
ATT202407007012,STU007012,SCH032,2024-07-01,14,12,Illness
ATT202407007013,STU007013,SCH010,2024-07-01,15,11,Unauthorised
ATT202407007014,STU007014,SCH042,2024-07-01,18,12,Medical
ATT202407007015,STU007015,SCH021,2024-07-01,15,13,Medical
ATT202407007016,STU007016,SCH038,2024-07-01,15,13,Medical
ATT202407007017,STU007017,SCH012,2024-07-01,18,16,Other
ATT202407007018,STU007018,SCH040,2024-07-01,16,15,Unauthorised
ATT202407007019,STU007019,SCH011,2024-07-01,17,15,Family
ATT202407007020,STU007020,SCH016,2024-07-01,17,14,Unauthorised
ATT202407007021,STU007021,SCH014,2024-07-01,16,13,Family
ATT202407007022,STU007022,SCH032,2024-07-01,15,12,Other
ATT202407007023,STU007023,SCH047,2024-07-01,17,14,Family
ATT202407007024,STU007024,SCH023,2024-07-01,15,12,Illness
ATT202407007025,STU007025,SCH027,2024-07-01,16,14,Other
ATT202407007026,STU007026,SCH032,2024-07-01,15,13,Other
ATT202407007027,STU007027,SCH047,2024-07-01,17,15,Illness
ATT202407007028,STU007028,SCH034,2024-07-01,15,12,Unauthorised
ATT202407007029,STU007029,SCH037,2024-07-01,16,15,Family
ATT202407007030,STU007030,SCH020,2024-07-01,16,14,Other
ATT202407007031,STU007031,SCH034,2024-07-01,16,13,Medical
ATT202407007032,STU007032,SCH018,2024-07-01,17,14,Other
ATT202407007033,STU007033,SCH020,2024-07-01,15,12,Family
ATT202407007034,STU007034,SCH042,2024-07-01,18,15,Family
ATT202407007035,STU007035,SCH005,2024-07-01,16,15,Illness
ATT202407007036,STU007036,SCH009,2024-07-01,18,15,Medical
ATT202407007037,STU007037,SCH004,2024-07-01,16,13,Illness
ATT202407007038,STU007038,SCH013,2024-07-01,17,14,Family
ATT202407007039,STU007039,SCH034,2024-07-01,18,14,Medical
ATT202407007040,STU007040,SCH019,2024-07-01,14,12,Other
ATT202407007041,STU007041,SCH025,2024-07-01,15,13,Illness
ATT202407007042,STU007042,SCH037,2024-07-01,16,13,Illness
ATT202407007043,STU007043,SCH025,2024-07-01,15,14,Family
ATT202407007044,STU007044,SCH027,2024-07-01,15,13,Unauthorised
ATT202407007045,STU007045,SCH020,2024-07-01,15,13,Unauthorised
ATT202407007046,STU007046,SCH035,2024-07-01,14,11,Medical
ATT202407007047,STU007047,SCH041,2024-07-01,14,12,Family
ATT202407007048,STU007048,SCH043,2024-07-01,18,15,Family
ATT202407007049,STU007049,SCH037,2024-07-01,17,14,Medical
ATT202407007050,STU007050,SCH027,2024-07-01,18,16,Illness
ATT202407007051,STU007051,SCH017,2024-07-01,14,12,Unauthorised
ATT202407007052,STU007052,SCH003,2024-07-01,18,15,Medical
ATT202407007053,STU007053,SCH011,2024-07-01,18,16,Medical
ATT202407007054,STU007054,SCH044,2024-07-01,14,11,Medical
ATT202407007055,STU007055,SCH007,2024-07-01,18,15,Medical
ATT202407007056,STU007056,SCH002,2024-07-01,17,13,Unauthorised
ATT202407007057,STU007057,SCH004,2024-07-01,15,13,Medical
ATT202407007058,STU007058,SCH029,2024-07-01,14,12,Family
ATT202407007059,STU007059,SCH032,2024-07-01,15,13,Unauthorised
ATT202407007060,STU007060,SCH026,2024-07-01,16,14,Medical
ATT202407007061,STU007061,SCH045,2024-07-01,14,12,Family
ATT202407007062,STU007062,SCH045,2024-07-01,15,13,Other
ATT202407007063,STU007063,SCH034,2024-07-01,18,13,Illness
ATT202407007064,STU007064,SCH032,2024-07-01,17,15,Unauthorised
ATT202407007065,STU007065,SCH026,2024-07-01,15,13,Unauthorised
ATT202407007066,STU007066,SCH049,2024-07-01,17,13,Illness
ATT202407007067,STU007067,SCH004,2024-07-01,17,14,Unauthorised
ATT202407007068,STU007068,SCH017,2024-07-01,18,14,Family
ATT202407007069,STU007069,SCH034,2024-07-01,17,14,Other
ATT202407007070,STU007070,SCH007,2024-07-01,18,14,Medical
ATT202407007071,STU007071,SCH028,2024-07-01,14,11,Other
ATT202407007072,STU007072,SCH039,2024-07-01,17,14,Illness
ATT202407007073,STU007073,SCH028,2024-07-01,14,11,Family
ATT202407007074,STU007074,SCH046,2024-07-01,14,12,Illness
ATT202407007075,STU007075,SCH033,2024-07-01,17,15,Illness
ATT202407007076,STU007076,SCH042,2024-07-01,17,13,Family
ATT202407007077,STU007077,SCH018,2024-07-01,17,15,Illness
ATT202407007078,STU007078,SCH050,2024-07-01,17,14,Medical
ATT202407007079,STU007079,SCH039,2024-07-01,18,16,Other
ATT202407007080,STU007080,SCH013,2024-07-01,16,12,Other
ATT202407007081,STU007081,SCH043,2024-07-01,16,13,Other
ATT202407007082,STU007082,SCH045,2024-07-01,15,13,Illness
ATT202407007083,STU007083,SCH047,2024-07-01,16,15,Unauthorised
ATT202407007084,STU007084,SCH030,2024-07-01,18,16,Family
ATT202407007085,STU007085,SCH034,2024-07-01,18,15,Family
ATT202407007086,STU007086,SCH026,2024-07-01,17,14,Other
ATT202407007087,STU007087,SCH024,2024-07-01,16,13,Medical
ATT202407007088,STU007088,SCH024,2024-07-01,17,14,Family
ATT202407007089,STU007089,SCH009,2024-07-01,17,14,Unauthorised
ATT202407007090,STU007090,SCH050,2024-07-01,17,15,Other
ATT202407007091,STU007091,SCH023,2024-07-01,16,13,Unauthorised
ATT202407007092,STU007092,SCH044,2024-07-01,18,14,Family
ATT202407007093,STU007093,SCH031,2024-07-01,18,15,Unauthorised
ATT202407007094,STU007094,SCH044,2024-07-01,18,15,Other
ATT202407007095,STU007095,SCH047,2024-07-01,16,14,Illness
ATT202407007096,STU007096,SCH002,2024-07-01,16,13,Family
ATT202407007097,STU007097,SCH024,2024-07-01,15,11,Unauthorised
ATT202407007098,STU007098,SCH021,2024-07-01,15,13,Medical
ATT202407007099,STU007099,SCH006,2024-07-01,15,13,Family
ATT202407007100,STU007100,SCH017,2024-07-01,15,13,Other
ATT202407007101,STU007101,SCH046,2024-07-01,15,13,Illness
ATT202407007102,STU007102,SCH010,2024-07-01,15,11,Medical
ATT202407007103,STU007103,SCH002,2024-07-01,15,12,Unauthorised
ATT202407007104,STU007104,SCH047,2024-07-01,16,13,Illness
ATT202407007105,STU007105,SCH019,2024-07-01,15,13,Family
ATT202407007106,STU007106,SCH003,2024-07-01,14,12,Other
ATT202407007107,STU007107,SCH005,2024-07-01,17,15,Illness
ATT202407007108,STU007108,SCH049,2024-07-01,17,15,Illness
ATT202407007109,STU007109,SCH021,2024-07-01,17,13,Medical
ATT202407007110,STU007110,SCH004,2024-07-01,18,17,Unauthorised
ATT202407007111,STU007111,SCH003,2024-07-01,18,16,Medical
ATT202407007112,STU007112,SCH043,2024-07-01,16,14,Unauthorised
ATT202407007113,STU007113,SCH039,2024-07-01,18,16,Illness
ATT202407007114,STU007114,SCH010,2024-07-01,15,13,Family
ATT202407007115,STU007115,SCH020,2024-07-01,15,12,Illness
ATT202407007116,STU007116,SCH046,2024-07-01,14,13,Medical
ATT202407007117,STU007117,SCH024,2024-07-01,14,11,Unauthorised
ATT202407007118,STU007118,SCH022,2024-07-01,16,14,Illness
ATT202407007119,STU007119,SCH036,2024-07-01,14,11,Other
ATT202407007120,STU007120,SCH048,2024-07-01,15,14,Family
ATT202407007121,STU007121,SCH021,2024-07-01,16,12,Unauthorised
ATT202407007122,STU007122,SCH008,2024-07-01,14,12,Illness
ATT202407007123,STU007123,SCH042,2024-07-01,14,11,Illness
ATT202407007124,STU007124,SCH046,2024-07-01,16,14,Family
ATT202407007126,STU007126,SCH027,2024-07-01,14,12,Family
ATT202407007127,STU007127,SCH044,2024-07-01,14,13,Illness
ATT202407007128,STU007128,SCH045,2024-07-01,18,16,Illness
ATT202407007129,STU007129,SCH013,2024-07-01,16,15,Unauthorised
ATT202407007130,STU007130,SCH047,2024-07-01,15,12,Medical
ATT202407007131,STU007131,SCH021,2024-07-01,17,13,Medical
ATT202407007132,STU007132,SCH033,2024-07-01,15,13,Medical
ATT202407007133,STU007133,SCH021,2024-07-01,14,11,Unauthorised
ATT202407007134,STU007134,SCH022,2024-07-01,16,14,Medical
ATT202407007135,STU007135,SCH030,2024-07-01,14,12,Illness
ATT202407007136,STU007136,SCH018,2024-07-01,17,15,Illness
ATT202407007137,STU007137,SCH027,2024-07-01,15,13,Other
ATT202407007138,STU007138,SCH042,2024-07-01,14,11,Medical
ATT202407007139,STU007139,SCH030,2024-07-01,14,12,Illness
ATT202407007140,STU007140,SCH025,2024-07-01,16,14,Unauthorised
ATT202407007141,STU007141,SCH045,2024-07-01,16,13,Other
ATT202407007142,STU007142,SCH039,2024-07-01,17,14,Family
ATT202407007143,STU007143,SCH010,2024-07-01,18,16,Illness
ATT202407007144,STU007144,SCH048,2024-07-01,16,14,Illness
ATT202407007145,STU007145,SCH048,2024-07-01,15,12,Family
ATT202407007146,STU007146,SCH031,2024-07-01,18,16,Family
ATT202407007147,STU007147,SCH001,2024-07-01,14,9,Illness
ATT202407007148,STU007148,SCH050,2024-07-01,15,13,Illness
ATT202407007149,STU007149,SCH034,2024-07-01,18,14,Unauthorised
ATT202407007150,STU007150,SCH021,2024-07-01,14,12,Illness
ATT202407007151,STU007151,SCH004,2024-07-01,14,12,Illness
ATT202407007152,STU007152,SCH023,2024-07-01,18,13,Medical
ATT202407007153,STU007153,SCH043,2024-07-01,18,14,Medical
ATT202407007154,STU007154,SCH021,2024-07-01,14,10,Other
ATT202407007155,STU007155,SCH039,2024-07-01,15,12,Medical
ATT202407007156,STU007156,SCH022,2024-07-01,15,12,Illness
ATT202407007157,STU007157,SCH005,2024-07-01,17,15,Other
ATT202407007158,STU007158,SCH011,2024-07-01,17,14,Unauthorised
ATT202407007159,STU007159,SCH020,2024-07-01,17,15,Medical
ATT202407007160,STU007160,SCH024,2024-07-01,15,13,Other
ATT202407007161,STU007161,SCH049,2024-07-01,16,14,Family
ATT202407007162,STU007162,SCH035,2024-07-01,14,12,Unauthorised
ATT202407007163,STU007163,SCH020,2024-07-01,17,15,Unauthorised
ATT202407007164,STU007164,SCH021,2024-07-01,14,12,Illness
ATT202407007165,STU007165,SCH021,2024-07-01,18,14,Family
ATT202407007166,STU007166,SCH007,2024-07-01,14,12,Illness
ATT202407007167,STU007167,SCH022,2024-07-01,17,14,Family
ATT202407007169,STU007169,SCH035,2024-07-01,16,13,Other
ATT202407007170,STU007170,SCH021,2024-07-01,16,13,Unauthorised
ATT202407007171,STU007171,SCH007,2024-07-01,15,14,Medical
ATT202407007172,STU007172,SCH031,2024-07-01,16,15,Other
ATT202407007173,STU007173,SCH042,2024-07-01,18,14,Unauthorised
ATT202407007174,STU007174,SCH047,2024-07-01,18,15,Family
ATT202407007175,STU007175,SCH038,2024-07-01,14,11,Other
ATT202407007176,STU007176,SCH044,2024-07-01,18,14,Unauthorised
ATT202407007177,STU007177,SCH046,2024-07-01,16,14,Other
ATT202407007178,STU007178,SCH040,2024-07-01,17,14,Medical
ATT202407007179,STU007179,SCH010,2024-07-01,18,15,Family
ATT202407007180,STU007180,SCH036,2024-07-01,17,15,Illness
ATT202407007181,STU007181,SCH010,2024-07-01,14,12,Family
ATT202407007183,STU007183,SCH007,2024-07-01,18,15,Other
ATT202407007184,STU007184,SCH025,2024-07-01,18,15,Other
ATT202407007185,STU007185,SCH038,2024-07-01,16,14,Unauthorised
ATT202407007186,STU007186,SCH002,2024-07-01,17,14,Other
ATT202407007187,STU007187,SCH049,2024-07-01,15,10,Unauthorised
ATT202407007188,STU007188,SCH041,2024-07-01,14,12,Unauthorised
ATT202407007189,STU007189,SCH012,2024-07-01,14,12,Medical
ATT202407007190,STU007190,SCH035,2024-07-01,17,13,Illness
ATT202407007191,STU007191,SCH013,2024-07-01,15,13,Other
ATT202407007192,STU007192,SCH031,2024-07-01,16,14,Medical
ATT202407007193,STU007193,SCH011,2024-07-01,18,16,Family
ATT202407007194,STU007194,SCH025,2024-07-01,14,12,Family
ATT202407007195,STU007195,SCH037,2024-07-01,15,13,Medical
ATT202407007196,STU007196,SCH002,2024-07-01,16,11,Unauthorised
ATT202407007197,STU007197,SCH047,2024-07-01,18,16,Family
ATT202407007198,STU007198,SCH035,2024-07-01,16,12,Medical
ATT202407007199,STU007199,SCH034,2024-07-01,17,13,Medical
ATT202407007200,STU007200,SCH010,2024-07-01,15,12,Illness
ATT202407007201,STU007201,SCH002,2024-07-01,17,12,Family
ATT202407007202,STU007202,SCH010,2024-07-01,17,14,Unauthorised
ATT202407007203,STU007203,SCH028,2024-07-01,15,12,Medical
ATT202407007204,STU007204,SCH018,2024-07-01,16,13,Unauthorised
ATT202407007205,STU007205,SCH008,2024-07-01,14,12,Medical
ATT202407007206,STU007206,SCH025,2024-07-01,16,14,Medical
ATT202407007207,STU007207,SCH032,2024-07-01,14,12,Other
ATT202407007208,STU007208,SCH041,2024-07-01,14,12,Medical
ATT202407007209,STU007209,SCH006,2024-07-01,14,12,Family
ATT202407007210,STU007210,SCH003,2024-07-01,16,14,Family
ATT202407007211,STU007211,SCH021,2024-07-01,18,15,Illness
ATT202407007212,STU007212,SCH027,2024-07-01,15,13,Illness
ATT202407007213,STU007213,SCH033,2024-07-01,17,15,Medical
ATT202407007214,STU007214,SCH010,2024-07-01,14,11,Other
ATT202407007215,STU007215,SCH041,2024-07-01,18,14,Other
ATT202407007216,STU007216,SCH009,2024-07-01,18,15,Unauthorised
ATT202407007217,STU007217,SCH001,2024-07-01,15,12,Medical
ATT202407007218,STU007218,SCH037,2024-07-01,15,13,Unauthorised
ATT202407007219,STU007219,SCH029,2024-07-01,17,14,Family
ATT202407007220,STU007220,SCH032,2024-07-01,18,15,Unauthorised
ATT202407007221,STU007221,SCH010,2024-07-01,16,14,Family
ATT202407007222,STU007222,SCH027,2024-07-01,14,11,Family
ATT202407007223,STU007223,SCH010,2024-07-01,18,15,Other
ATT202407007224,STU007224,SCH049,2024-07-01,17,13,Other
ATT202407007225,STU007225,SCH046,2024-07-01,18,16,Medical
ATT202407007226,STU007226,SCH009,2024-07-01,18,14,Other
ATT202407007227,STU007227,SCH006,2024-07-01,14,11,Family
ATT202407007228,STU007228,SCH043,2024-07-01,17,14,Unauthorised
ATT202407007229,STU007229,SCH019,2024-07-01,17,15,Unauthorised
ATT202407007230,STU007230,SCH002,2024-07-01,16,12,Unauthorised
ATT202407007231,STU007231,SCH033,2024-07-01,14,11,Other
ATT202407007232,STU007232,SCH008,2024-07-01,16,14,Medical
ATT202407007233,STU007233,SCH040,2024-07-01,17,15,Other
ATT202407007234,STU007234,SCH042,2024-07-01,15,10,Medical
ATT202407007235,STU007235,SCH045,2024-07-01,18,15,Family
ATT202407007236,STU007236,SCH024,2024-07-01,18,13,Family
ATT202407007237,STU007237,SCH026,2024-07-01,18,16,Medical
ATT202407007238,STU007238,SCH011,2024-07-01,14,12,Other
ATT202407007239,STU007239,SCH022,2024-07-01,18,15,Medical
ATT202407007240,STU007240,SCH015,2024-07-01,14,12,Other
ATT202407007241,STU007241,SCH046,2024-07-01,16,14,Illness
ATT202407007242,STU007242,SCH042,2024-07-01,14,12,Medical
ATT202407007243,STU007243,SCH036,2024-07-01,18,14,Illness
ATT202407007244,STU007244,SCH018,2024-07-01,17,15,Other
ATT202407007245,STU007245,SCH019,2024-07-01,16,14,Unauthorised
ATT202407007246,STU007246,SCH031,2024-07-01,16,14,Other
ATT202407007247,STU007247,SCH037,2024-07-01,18,16,Illness
ATT202407007248,STU007248,SCH006,2024-07-01,14,13,Medical
ATT202407007249,STU007249,SCH017,2024-07-01,18,14,Family
ATT202407007250,STU007250,SCH003,2024-07-01,17,14,Family
ATT202407007251,STU007251,SCH002,2024-07-01,14,12,Family
ATT202407007252,STU007252,SCH027,2024-07-01,18,14,Illness
ATT202407007253,STU007253,SCH020,2024-07-01,14,12,Other
ATT202407007254,STU007254,SCH018,2024-07-01,15,13,Unauthorised
ATT202407007255,STU007255,SCH048,2024-07-01,18,16,Other
ATT202407007256,STU007256,SCH015,2024-07-01,14,13,Family
ATT202407007257,STU007257,SCH033,2024-07-01,15,13,Other
ATT202407007258,STU007258,SCH023,2024-07-01,14,11,Family
ATT202407007259,STU007259,SCH041,2024-07-01,16,15,Medical
ATT202407007260,STU007260,SCH028,2024-07-01,15,13,Medical
ATT202407007261,STU007261,SCH024,2024-07-01,16,12,Family
ATT202407007262,STU007262,SCH012,2024-07-01,15,12,Unauthorised
ATT202407007263,STU007263,SCH028,2024-07-01,14,12,Unauthorised
ATT202407007264,STU007264,SCH029,2024-07-01,18,15,Family
ATT202407007265,STU007265,SCH005,2024-07-01,18,15,Medical
ATT202407007266,STU007266,SCH045,2024-07-01,14,12,Family
ATT202407007267,STU007267,SCH031,2024-07-01,18,15,Unauthorised
ATT202407007268,STU007268,SCH004,2024-07-01,18,14,Unauthorised
ATT202407007269,STU007269,SCH042,2024-07-01,17,14,Family
ATT202407007270,STU007270,SCH030,2024-07-01,17,15,Family
ATT202407007271,STU007271,SCH049,2024-07-01,18,13,Illness
ATT202407007272,STU007272,SCH017,2024-07-01,15,12,Other
ATT202407007273,STU007273,SCH036,2024-07-01,16,13,Other
ATT202407007274,STU007274,SCH046,2024-07-01,15,13,Unauthorised
ATT202407007275,STU007275,SCH038,2024-07-01,18,15,Other
ATT202407007276,STU007276,SCH029,2024-07-01,16,13,Illness
ATT202407007277,STU007277,SCH030,2024-07-01,15,12,Other
ATT202407007278,STU007278,SCH046,2024-07-01,17,15,Medical
ATT202407007279,STU007279,SCH022,2024-07-01,17,14,Unauthorised
ATT202407007280,STU007280,SCH011,2024-07-01,15,13,Illness
ATT202407007281,STU007281,SCH047,2024-07-01,16,14,Unauthorised
ATT202407007282,STU007282,SCH008,2024-07-01,18,15,Other
ATT202407007283,STU007283,SCH026,2024-07-01,17,15,Unauthorised
ATT202407007284,STU007284,SCH007,2024-07-01,15,12,Medical
ATT202407007285,STU007285,SCH004,2024-07-01,14,13,Unauthorised
ATT202407007286,STU007286,SCH002,2024-07-01,15,12,Family
ATT202407007287,STU007287,SCH007,2024-07-01,18,16,Family
ATT202407007288,STU007288,SCH014,2024-07-01,16,12,Illness
ATT202407007289,STU007289,SCH023,2024-07-01,15,13,Family
ATT202407007290,STU007290,SCH017,2024-07-01,18,15,Illness
ATT202407007291,STU007291,SCH018,2024-07-01,14,13,Other
ATT202407007292,STU007292,SCH009,2024-07-01,14,12,Medical
ATT202407007293,STU007293,SCH049,2024-07-01,14,11,Illness
ATT202407007294,STU007294,SCH011,2024-07-01,18,16,Other
ATT202407007295,STU007295,SCH028,2024-07-01,16,12,Other
ATT202407007296,STU007296,SCH017,2024-07-01,17,14,Medical
ATT202407007297,STU007297,SCH044,2024-07-01,17,15,Illness
ATT202407007298,STU007298,SCH010,2024-07-01,15,13,Other
ATT202407007299,STU007299,SCH049,2024-07-01,15,12,Medical
ATT202407007300,STU007300,SCH044,2024-07-01,16,13,Other
ATT202407007301,STU007301,SCH040,2024-07-01,17,15,Unauthorised
ATT202407007302,STU007302,SCH006,2024-07-01,17,13,Unauthorised
ATT202407007303,STU007303,SCH024,2024-07-01,14,13,Family
ATT202407007304,STU007304,SCH032,2024-07-01,17,16,Illness
ATT202407007305,STU007305,SCH011,2024-07-01,16,13,Illness
ATT202407007306,STU007306,SCH011,2024-07-01,15,13,Illness
ATT202407007307,STU007307,SCH023,2024-07-01,16,14,Illness
ATT202407007308,STU007308,SCH045,2024-07-01,17,14,Unauthorised
ATT202407007309,STU007309,SCH042,2024-07-01,18,15,Illness
ATT202407007310,STU007310,SCH045,2024-07-01,14,12,Medical
ATT202407007311,STU007311,SCH047,2024-07-01,15,13,Illness
ATT202407007312,STU007312,SCH032,2024-07-01,18,15,Illness
ATT202407007313,STU007313,SCH005,2024-07-01,16,14,Family
ATT202407007314,STU007314,SCH024,2024-07-01,17,15,Medical
ATT202407007315,STU007315,SCH042,2024-07-01,14,12,Other
ATT202407007316,STU007316,SCH022,2024-07-01,14,12,Illness
ATT202407007317,STU007317,SCH049,2024-07-01,16,13,Family
ATT202407007318,STU007318,SCH017,2024-07-01,17,13,Medical
ATT202407007319,STU007319,SCH036,2024-07-01,14,12,Medical
ATT202407007320,STU007320,SCH049,2024-07-01,16,12,Medical
ATT202407007321,STU007321,SCH047,2024-07-01,15,12,Other
ATT202407007322,STU007322,SCH039,2024-07-01,16,14,Illness
ATT202407007323,STU007323,SCH025,2024-07-01,16,14,Unauthorised
ATT202407007324,STU007324,SCH012,2024-07-01,14,12,Illness
ATT202407007325,STU007325,SCH046,2024-07-01,16,12,Illness
ATT202407007326,STU007326,SCH033,2024-07-01,16,14,Medical
ATT202407007327,STU007327,SCH011,2024-07-01,18,15,Other
ATT202407007328,STU007328,SCH003,2024-07-01,14,11,Unauthorised
ATT202407007329,STU007329,SCH042,2024-07-01,18,13,Family
ATT202407007330,STU007330,SCH042,2024-07-01,14,11,Unauthorised
ATT202407007331,STU007331,SCH048,2024-07-01,15,13,Illness
ATT202407007332,STU007332,SCH028,2024-07-01,14,12,Illness
ATT202407007333,STU007333,SCH002,2024-07-01,16,13,Medical
ATT202407007334,STU007334,SCH010,2024-07-01,16,14,Medical
ATT202407007335,STU007335,SCH014,2024-07-01,14,12,Illness
ATT202407007336,STU007336,SCH048,2024-07-01,17,14,Unauthorised
ATT202407007337,STU007337,SCH041,2024-07-01,18,15,Medical
ATT202407007338,STU007338,SCH020,2024-07-01,17,14,Illness
ATT202407007339,STU007339,SCH047,2024-07-01,18,16,Other
ATT202407007340,STU007340,SCH018,2024-07-01,15,12,Other
ATT202407007341,STU007341,SCH038,2024-07-01,18,16,Unauthorised
ATT202407007342,STU007342,SCH039,2024-07-01,14,12,Other
ATT202407007343,STU007343,SCH028,2024-07-01,17,14,Unauthorised
ATT202407007344,STU007344,SCH027,2024-07-01,17,13,Illness
ATT202407007345,STU007345,SCH045,2024-07-01,16,13,Medical
ATT202407007346,STU007346,SCH042,2024-07-01,16,12,Family
ATT202407007347,STU007347,SCH013,2024-07-01,16,14,Family
ATT202407007348,STU007348,SCH004,2024-07-01,15,14,Illness
ATT202407007349,STU007349,SCH011,2024-07-01,18,15,Illness
ATT202407007350,STU007350,SCH001,2024-07-01,16,13,Other
ATT202407007351,STU007351,SCH041,2024-07-01,14,12,Family
ATT202407007352,STU007352,SCH028,2024-07-01,15,13,Medical
ATT202407007353,STU007353,SCH020,2024-07-01,16,14,Other
ATT202407007354,STU007354,SCH036,2024-07-01,15,13,Unauthorised
ATT202407007355,STU007355,SCH021,2024-07-01,16,13,Unauthorised
ATT202407007356,STU007356,SCH012,2024-07-01,16,13,Illness
ATT202407007357,STU007357,SCH031,2024-07-01,16,15,Unauthorised
ATT202407007358,STU007358,SCH038,2024-07-01,17,14,Unauthorised
ATT202407007359,STU007359,SCH026,2024-07-01,18,17,Medical
ATT202407007360,STU007360,SCH017,2024-07-01,17,15,Medical
ATT202407007361,STU007361,SCH043,2024-07-01,18,15,Medical
ATT202407007362,STU007362,SCH010,2024-07-01,14,12,Illness
ATT202407007363,STU007363,SCH049,2024-07-01,17,14,Unauthorised
ATT202407007364,STU007364,SCH032,2024-07-01,17,15,Medical
ATT202407007365,STU007365,SCH027,2024-07-01,14,12,Unauthorised
ATT202407007366,STU007366,SCH003,2024-07-01,17,14,Medical
ATT202407007367,STU007367,SCH007,2024-07-01,18,15,Illness
ATT202407007368,STU007368,SCH014,2024-07-01,14,12,Family
ATT202407007369,STU007369,SCH006,2024-07-01,14,12,Medical
ATT202407007370,STU007370,SCH004,2024-07-01,18,15,Unauthorised
ATT202407007371,STU007371,SCH001,2024-07-01,18,14,Unauthorised
ATT202407007372,STU007372,SCH049,2024-07-01,14,10,Other
ATT202407007373,STU007373,SCH017,2024-07-01,15,11,Other
ATT202407007374,STU007374,SCH011,2024-07-01,14,12,Illness
ATT202407007375,STU007375,SCH049,2024-07-01,15,11,Other
ATT202407007376,STU007376,SCH029,2024-07-01,18,16,Medical
ATT202407007377,STU007377,SCH004,2024-07-01,14,12,Other
ATT202407007378,STU007378,SCH006,2024-07-01,14,13,Illness
ATT202407007379,STU007379,SCH021,2024-07-01,15,11,Unauthorised
ATT202407007380,STU007380,SCH004,2024-07-01,14,12,Other
ATT202407007381,STU007381,SCH046,2024-07-01,18,15,Unauthorised
ATT202407007382,STU007382,SCH024,2024-07-01,17,14,Unauthorised
ATT202407007383,STU007383,SCH017,2024-07-01,17,14,Medical
ATT202407007384,STU007384,SCH041,2024-07-01,14,12,Family
ATT202407007385,STU007385,SCH019,2024-07-01,18,15,Other
ATT202407007386,STU007386,SCH020,2024-07-01,17,15,Family
ATT202407007387,STU007387,SCH029,2024-07-01,15,13,Other
ATT202407007388,STU007388,SCH035,2024-07-01,18,15,Other
ATT202407007389,STU007389,SCH022,2024-07-01,15,12,Family
ATT202407007390,STU007390,SCH039,2024-07-01,16,13,Illness
ATT202407007391,STU007391,SCH022,2024-07-01,16,11,Medical
ATT202407007392,STU007392,SCH016,2024-07-01,17,15,Family
ATT202407007393,STU007393,SCH048,2024-07-01,15,12,Unauthorised
ATT202407007394,STU007394,SCH037,2024-07-01,17,15,Unauthorised
ATT202407007395,STU007395,SCH033,2024-07-01,17,15,Illness
ATT202407007396,STU007396,SCH015,2024-07-01,17,15,Illness
ATT202407007397,STU007397,SCH011,2024-07-01,16,13,Illness
ATT202407007398,STU007398,SCH012,2024-07-01,15,12,Unauthorised
ATT202407007399,STU007399,SCH043,2024-07-01,16,13,Family
ATT202407007400,STU007400,SCH038,2024-07-01,18,15,Other
ATT202407007401,STU007401,SCH046,2024-07-01,16,14,Family
ATT202407007402,STU007402,SCH013,2024-07-01,14,13,Family
ATT202407007404,STU007404,SCH011,2024-07-01,17,14,Other
ATT202407007405,STU007405,SCH050,2024-07-01,15,12,Other
ATT202407007406,STU007406,SCH006,2024-07-01,16,13,Family
ATT202407007407,STU007407,SCH010,2024-07-01,17,14,Medical
ATT202407007408,STU007408,SCH014,2024-07-01,15,12,Other
ATT202407007409,STU007409,SCH041,2024-07-01,15,13,Illness
ATT202407007410,STU007410,SCH028,2024-07-01,18,16,Medical
ATT202407007411,STU007411,SCH021,2024-07-01,15,11,Other
ATT202407007412,STU007412,SCH038,2024-07-01,15,13,Medical
ATT202407007413,STU007413,SCH018,2024-07-01,15,13,Illness
ATT202407007414,STU007414,SCH043,2024-07-01,18,15,Unauthorised
ATT202407007415,STU007415,SCH046,2024-07-01,17,15,Illness
ATT202407007416,STU007416,SCH023,2024-07-01,14,13,Family
ATT202407007417,STU007417,SCH027,2024-07-01,14,11,Family
ATT202407007418,STU007418,SCH036,2024-07-01,17,14,Illness
ATT202407007419,STU007419,SCH028,2024-07-01,16,13,Illness
ATT202407007420,STU007420,SCH016,2024-07-01,15,13,Illness
ATT202407007421,STU007421,SCH014,2024-07-01,14,12,Family
ATT202407007422,STU007422,SCH039,2024-07-01,16,13,Family
ATT202407007423,STU007423,SCH039,2024-07-01,18,15,Medical
ATT202407007424,STU007424,SCH048,2024-07-01,17,15,Family
ATT202407007425,STU007425,SCH014,2024-07-01,14,11,Family
ATT202407007426,STU007426,SCH015,2024-07-01,16,14,Other
ATT202407007427,STU007427,SCH009,2024-07-01,18,14,Other
ATT202407007428,STU007428,SCH040,2024-07-01,17,14,Illness
ATT202407007429,STU007429,SCH014,2024-07-01,14,13,Other
ATT202407007430,STU007430,SCH018,2024-07-01,14,12,Unauthorised
ATT202407007431,STU007431,SCH018,2024-07-01,18,17,Medical
ATT202407007432,STU007432,SCH033,2024-07-01,15,12,Illness
ATT202407007433,STU007433,SCH048,2024-07-01,15,13,Unauthorised
ATT202407007434,STU007434,SCH047,2024-07-01,15,13,Family
ATT202407007435,STU007435,SCH002,2024-07-01,14,12,Unauthorised
ATT202407007436,STU007436,SCH036,2024-07-01,15,13,Illness
ATT202407007437,STU007437,SCH023,2024-07-01,17,14,Family
ATT202407007438,STU007438,SCH034,2024-07-01,15,13,Medical
ATT202407007439,STU007439,SCH018,2024-07-01,18,16,Other
ATT202407007440,STU007440,SCH007,2024-07-01,17,15,Medical
ATT202407007441,STU007441,SCH011,2024-07-01,17,15,Unauthorised
ATT202407007442,STU007442,SCH002,2024-07-01,17,12,Medical
ATT202407007443,STU007443,SCH050,2024-07-01,18,15,Family
ATT202407007444,STU007444,SCH031,2024-07-01,16,14,Unauthorised
ATT202407007445,STU007445,SCH041,2024-07-01,15,13,Illness
ATT202407007446,STU007446,SCH033,2024-07-01,15,12,Family
ATT202407007447,STU007447,SCH018,2024-07-01,14,12,Illness
ATT202407007448,STU007448,SCH030,2024-07-01,17,14,Illness
ATT202407007449,STU007449,SCH046,2024-07-01,17,14,Other
ATT202407007450,STU007450,SCH025,2024-07-01,17,14,Unauthorised
ATT202407007451,STU007451,SCH031,2024-07-01,17,15,Unauthorised
ATT202407007452,STU007452,SCH034,2024-07-01,17,15,Illness
ATT202407007453,STU007453,SCH003,2024-07-01,14,12,Other
ATT202407007454,STU007454,SCH042,2024-07-01,18,14,Unauthorised
ATT202407007455,STU007455,SCH040,2024-07-01,15,13,Other
ATT202407007456,STU007456,SCH043,2024-07-01,16,13,Other
ATT202407007457,STU007457,SCH014,2024-07-01,15,12,Medical
ATT202407007458,STU007458,SCH037,2024-07-01,16,14,Other
ATT202407007459,STU007459,SCH044,2024-07-01,16,13,Family
ATT202407007460,STU007460,SCH045,2024-07-01,14,11,Unauthorised
ATT202407007461,STU007461,SCH010,2024-07-01,18,14,Unauthorised
ATT202407007462,STU007462,SCH012,2024-07-01,17,14,Family
ATT202407007463,STU007463,SCH029,2024-07-01,14,12,Unauthorised
ATT202407007464,STU007464,SCH045,2024-07-01,15,13,Medical
ATT202407007465,STU007465,SCH026,2024-07-01,18,16,Illness
ATT202407007466,STU007466,SCH042,2024-07-01,17,15,Other
ATT202407007467,STU007467,SCH006,2024-07-01,17,14,Unauthorised
ATT202407007468,STU007468,SCH002,2024-07-01,17,12,Other
ATT202407007469,STU007469,SCH037,2024-07-01,15,13,Medical
ATT202407007470,STU007470,SCH005,2024-07-01,15,13,Medical
ATT202407007471,STU007471,SCH006,2024-07-01,18,16,Family
ATT202407007472,STU007472,SCH033,2024-07-01,17,15,Family
ATT202407007473,STU007473,SCH014,2024-07-01,17,13,Unauthorised
ATT202407007474,STU007474,SCH014,2024-07-01,17,14,Family
ATT202407007475,STU007475,SCH041,2024-07-01,14,11,Medical
ATT202407007476,STU007476,SCH011,2024-07-01,15,12,Medical
ATT202407007477,STU007477,SCH029,2024-07-01,14,12,Family
ATT202407007478,STU007478,SCH016,2024-07-01,14,12,Unauthorised
ATT202407007479,STU007479,SCH042,2024-07-01,15,13,Other
ATT202407007480,STU007480,SCH024,2024-07-01,18,14,Unauthorised
ATT202407007482,STU007482,SCH017,2024-07-01,16,12,Family
ATT202407007483,STU007483,SCH035,2024-07-01,18,14,Illness
ATT202407007484,STU007484,SCH040,2024-07-01,15,13,Medical
ATT202407007485,STU007485,SCH028,2024-07-01,15,13,Family
ATT202407007486,STU007486,SCH013,2024-07-01,16,15,Other
ATT202407007487,STU007487,SCH001,2024-07-01,17,12,Illness
ATT202407007488,STU007488,SCH002,2024-07-01,17,14,Family
ATT202407007489,STU007489,SCH019,2024-07-01,18,15,Unauthorised
ATT202407007490,STU007490,SCH029,2024-07-01,17,14,Family
ATT202407007491,STU007491,SCH046,2024-07-01,15,13,Medical
ATT202407007492,STU007492,SCH041,2024-07-01,16,14,Unauthorised
ATT202407007493,STU007493,SCH011,2024-07-01,18,15,Medical
ATT202407007494,STU007494,SCH019,2024-07-01,18,15,Family
ATT202407007495,STU007495,SCH011,2024-07-01,16,14,Other
ATT202407007496,STU007496,SCH029,2024-07-01,15,12,Medical
ATT202407007497,STU007497,SCH018,2024-07-01,15,13,Family
ATT202407007498,STU007498,SCH012,2024-07-01,14,11,Illness
ATT202407007499,STU007499,SCH045,2024-07-01,15,11,Medical
ATT202407007500,STU007500,SCH032,2024-07-01,14,12,Unauthorised
ATT202407007501,STU007501,SCH003,2024-07-01,18,16,Other
ATT202407007502,STU007502,SCH019,2024-07-01,16,14,Other
ATT202407007503,STU007503,SCH021,2024-07-01,18,14,Illness
ATT202407007504,STU007504,SCH005,2024-07-01,16,13,Family
ATT202407007505,STU007505,SCH004,2024-07-01,18,14,Family
ATT202407007506,STU007506,SCH020,2024-07-01,18,16,Medical
ATT202407007507,STU007507,SCH008,2024-07-01,17,14,Other
ATT202407007508,STU007508,SCH041,2024-07-01,16,14,Family
ATT202407007509,STU007509,SCH012,2024-07-01,17,14,Illness
ATT202407007510,STU007510,SCH016,2024-07-01,17,15,Unauthorised
ATT202407007511,STU007511,SCH045,2024-07-01,18,15,Family
ATT202407007512,STU007512,SCH047,2024-07-01,14,12,Family
ATT202407007513,STU007513,SCH035,2024-07-01,18,14,Other
ATT202407007514,STU007514,SCH030,2024-07-01,17,15,Other
ATT202407007515,STU007515,SCH029,2024-07-01,14,11,Family
ATT202407007516,STU007516,SCH008,2024-07-01,15,12,Medical
ATT202407007517,STU007517,SCH036,2024-07-01,14,12,Other
ATT202407007518,STU007518,SCH041,2024-07-01,15,13,Other
ATT202407007519,STU007519,SCH030,2024-07-01,15,12,Unauthorised
ATT202407007520,STU007520,SCH048,2024-07-01,17,14,Illness
ATT202407007521,STU007521,SCH039,2024-07-01,17,13,Medical
ATT202407007522,STU007522,SCH007,2024-07-01,17,14,Unauthorised
ATT202407007523,STU007523,SCH006,2024-07-01,14,13,Unauthorised
ATT202407007524,STU007524,SCH003,2024-07-01,14,11,Illness
ATT202407007525,STU007525,SCH006,2024-07-01,16,14,Family
ATT202407007526,STU007526,SCH025,2024-07-01,16,14,Medical
ATT202407007527,STU007527,SCH024,2024-07-01,14,11,Family
ATT202407007528,STU007528,SCH015,2024-07-01,17,15,Medical
ATT202407007529,STU007529,SCH003,2024-07-01,18,15,Other
ATT202407007530,STU007530,SCH021,2024-07-01,16,11,Other
ATT202407007531,STU007531,SCH046,2024-07-01,16,14,Unauthorised
ATT202407007532,STU007532,SCH048,2024-07-01,16,14,Medical
ATT202407007533,STU007533,SCH031,2024-07-01,15,13,Unauthorised
ATT202407007534,STU007534,SCH007,2024-07-01,16,14,Family
ATT202407007535,STU007535,SCH015,2024-07-01,15,13,Illness
ATT202407007536,STU007536,SCH019,2024-07-01,16,15,Unauthorised
ATT202407007537,STU007537,SCH028,2024-07-01,16,13,Family
ATT202407007538,STU007538,SCH026,2024-07-01,16,14,Illness
ATT202407007539,STU007539,SCH044,2024-07-01,16,14,Unauthorised
ATT202407007540,STU007540,SCH035,2024-07-01,15,12,Unauthorised
ATT202407007541,STU007541,SCH031,2024-07-01,14,11,Family
ATT202407007542,STU007542,SCH037,2024-07-01,18,15,Other
ATT202407007543,STU007543,SCH008,2024-07-01,15,13,Family
ATT202407007544,STU007544,SCH046,2024-07-01,17,13,Unauthorised
ATT202407007545,STU007545,SCH021,2024-07-01,16,13,Medical
ATT202407007546,STU007546,SCH037,2024-07-01,15,13,Other
ATT202407007547,STU007547,SCH021,2024-07-01,17,12,Other
ATT202407007548,STU007548,SCH021,2024-07-01,18,14,Medical
ATT202407007549,STU007549,SCH035,2024-07-01,17,14,Other
ATT202407007550,STU007550,SCH006,2024-07-01,16,14,Unauthorised
ATT202407007551,STU007551,SCH008,2024-07-01,17,14,Medical
ATT202407007552,STU007552,SCH004,2024-07-01,17,16,Illness
ATT202407007553,STU007553,SCH029,2024-07-01,17,14,Unauthorised
ATT202407007554,STU007554,SCH043,2024-07-01,15,13,Unauthorised
ATT202407007555,STU007555,SCH017,2024-07-01,17,13,Illness
ATT202407007556,STU007556,SCH033,2024-07-01,15,12,Family
ATT202407007557,STU007557,SCH032,2024-07-01,14,13,Unauthorised
ATT202407007558,STU007558,SCH027,2024-07-01,15,12,Medical
ATT202407007559,STU007559,SCH046,2024-07-01,14,12,Other
ATT202407007560,STU007560,SCH031,2024-07-01,18,16,Medical
ATT202407007561,STU007561,SCH019,2024-07-01,17,14,Illness
ATT202407007562,STU007562,SCH013,2024-07-01,17,15,Illness
ATT202407007563,STU007563,SCH019,2024-07-01,14,12,Unauthorised
ATT202407007564,STU007564,SCH006,2024-07-01,17,15,Unauthorised
ATT202407007565,STU007565,SCH011,2024-07-01,14,12,Medical
ATT202407007566,STU007566,SCH042,2024-07-01,18,15,Other
ATT202407007567,STU007567,SCH029,2024-07-01,16,14,Unauthorised
ATT202407007568,STU007568,SCH044,2024-07-01,15,12,Unauthorised
ATT202407007569,STU007569,SCH044,2024-07-01,17,14,Family
ATT202407007570,STU007570,SCH046,2024-07-01,14,13,Medical
ATT202407007571,STU007571,SCH014,2024-07-01,16,13,Illness
ATT202407007572,STU007572,SCH023,2024-07-01,17,14,Unauthorised
ATT202407007573,STU007573,SCH035,2024-07-01,16,13,Family
ATT202407007574,STU007574,SCH006,2024-07-01,16,13,Other
ATT202407007575,STU007575,SCH047,2024-07-01,16,14,Medical
ATT202407007576,STU007576,SCH043,2024-07-01,15,12,Unauthorised
ATT202407007577,STU007577,SCH028,2024-07-01,16,12,Medical
ATT202407007578,STU007578,SCH003,2024-07-01,16,13,Illness
ATT202407007579,STU007579,SCH036,2024-07-01,16,14,Other
ATT202407007580,STU007580,SCH039,2024-07-01,14,12,Family
ATT202407007581,STU007581,SCH006,2024-07-01,18,16,Family
ATT202407007582,STU007582,SCH033,2024-07-01,17,15,Family
ATT202407007583,STU007583,SCH036,2024-07-01,18,16,Unauthorised
ATT202407007584,STU007584,SCH008,2024-07-01,16,14,Illness
ATT202407007585,STU007585,SCH009,2024-07-01,14,11,Medical
ATT202407007586,STU007586,SCH003,2024-07-01,14,11,Medical
ATT202407007587,STU007587,SCH003,2024-07-01,18,16,Medical
ATT202407007588,STU007588,SCH020,2024-07-01,17,15,Unauthorised
ATT202407007589,STU007589,SCH003,2024-07-01,16,13,Illness
ATT202407007590,STU007590,SCH022,2024-07-01,18,13,Other
ATT202407007591,STU007591,SCH022,2024-07-01,14,11,Unauthorised
ATT202407007592,STU007592,SCH027,2024-07-01,17,15,Medical
ATT202407007593,STU007593,SCH002,2024-07-01,17,12,Family
ATT202407007594,STU007594,SCH039,2024-07-01,14,11,Unauthorised
ATT202407007595,STU007595,SCH029,2024-07-01,17,14,Medical
ATT202407007596,STU007596,SCH014,2024-07-01,18,15,Illness
ATT202407007597,STU007597,SCH016,2024-07-01,15,12,Other
ATT202407007598,STU007598,SCH043,2024-07-01,18,15,Family
ATT202407007599,STU007599,SCH018,2024-07-01,14,12,Family
ATT202407007600,STU007600,SCH008,2024-07-01,17,15,Medical
ATT202407007601,STU007601,SCH028,2024-07-01,14,12,Medical
ATT202407007602,STU007602,SCH031,2024-07-01,14,12,Medical
ATT202407007603,STU007603,SCH046,2024-07-01,16,14,Other
ATT202407007604,STU007604,SCH025,2024-07-01,16,13,Illness
ATT202407007605,STU007605,SCH005,2024-07-01,14,11,Family
ATT202407007606,STU007606,SCH032,2024-07-01,16,13,Unauthorised
ATT202407007607,STU007607,SCH029,2024-07-01,18,14,Family
ATT202407007608,STU007608,SCH028,2024-07-01,16,13,Family
ATT202407007609,STU007609,SCH001,2024-07-01,16,13,Family
ATT202407007610,STU007610,SCH023,2024-07-01,16,12,Illness
ATT202407007611,STU007611,SCH043,2024-07-01,18,15,Family
ATT202407007612,STU007612,SCH034,2024-07-01,15,12,Family
ATT202407007613,STU007613,SCH027,2024-07-01,16,13,Medical
ATT202407007614,STU007614,SCH044,2024-07-01,18,14,Medical
ATT202407007615,STU007615,SCH035,2024-07-01,15,12,Medical
ATT202407007616,STU007616,SCH012,2024-07-01,18,16,Medical
ATT202407007617,STU007617,SCH027,2024-07-01,16,14,Medical
ATT202407007618,STU007618,SCH036,2024-07-01,14,12,Medical
ATT202407007619,STU007619,SCH032,2024-07-01,15,12,Unauthorised
ATT202407007620,STU007620,SCH007,2024-07-01,18,15,Medical
ATT202407007621,STU007621,SCH029,2024-07-01,18,15,Other
ATT202407007622,STU007622,SCH002,2024-07-01,14,11,Family
ATT202407007623,STU007623,SCH018,2024-07-01,15,13,Family
ATT202407007624,STU007624,SCH039,2024-07-01,16,14,Illness
ATT202407007625,STU007625,SCH049,2024-07-01,14,11,Illness
ATT202407007626,STU007626,SCH040,2024-07-01,15,14,Medical
ATT202407007627,STU007627,SCH034,2024-07-01,16,14,Other
ATT202407007628,STU007628,SCH005,2024-07-01,18,16,Unauthorised
ATT202407007629,STU007629,SCH029,2024-07-01,18,15,Unauthorised
ATT202407007630,STU007630,SCH031,2024-07-01,15,12,Family
ATT202407007631,STU007631,SCH040,2024-07-01,14,12,Illness
ATT202407007632,STU007632,SCH014,2024-07-01,16,13,Medical
ATT202407007633,STU007633,SCH038,2024-07-01,15,13,Other
ATT202407007634,STU007634,SCH029,2024-07-01,15,12,Unauthorised
ATT202407007635,STU007635,SCH038,2024-07-01,15,13,Unauthorised
ATT202407007636,STU007636,SCH002,2024-07-01,15,10,Unauthorised
ATT202407007637,STU007637,SCH022,2024-07-01,18,15,Illness
ATT202407007638,STU007638,SCH008,2024-07-01,15,13,Illness
ATT202407007639,STU007639,SCH040,2024-07-01,17,15,Family
ATT202407007640,STU007640,SCH039,2024-07-01,16,14,Unauthorised
ATT202407007641,STU007641,SCH024,2024-07-01,18,14,Unauthorised
ATT202407007643,STU007643,SCH041,2024-07-01,15,13,Illness
ATT202407007644,STU007644,SCH004,2024-07-01,14,13,Family
ATT202407007645,STU007645,SCH029,2024-07-01,18,16,Unauthorised
ATT202407007646,STU007646,SCH025,2024-07-01,18,17,Unauthorised
ATT202407007647,STU007647,SCH040,2024-07-01,18,16,Unauthorised
ATT202407007648,STU007648,SCH020,2024-07-01,17,15,Medical
ATT202407007649,STU007649,SCH011,2024-07-01,14,12,Other
ATT202407007650,STU007650,SCH042,2024-07-01,16,11,Family
ATT202407007651,STU007651,SCH003,2024-07-01,15,13,Unauthorised
ATT202407007652,STU007652,SCH014,2024-07-01,14,12,Family
ATT202407007653,STU007653,SCH027,2024-07-01,17,14,Other
ATT202407007654,STU007654,SCH039,2024-07-01,14,13,Other
ATT202407007655,STU007655,SCH032,2024-07-01,18,15,Illness
ATT202407007656,STU007656,SCH030,2024-07-01,15,13,Medical
ATT202407007657,STU007657,SCH036,2024-07-01,18,15,Other
ATT202407007658,STU007658,SCH046,2024-07-01,18,17,Unauthorised
ATT202407007659,STU007659,SCH041,2024-07-01,18,15,Illness
ATT202407007660,STU007660,SCH019,2024-07-01,17,15,Illness
ATT202407007661,STU007661,SCH046,2024-07-01,17,15,Family
ATT202407007662,STU007662,SCH041,2024-07-01,16,13,Medical
ATT202407007663,STU007663,SCH012,2024-07-01,18,15,Other
ATT202407007664,STU007664,SCH022,2024-07-01,14,11,Illness
ATT202407007665,STU007665,SCH044,2024-07-01,17,14,Illness
ATT202407007666,STU007666,SCH006,2024-07-01,18,15,Illness
ATT202407007667,STU007667,SCH031,2024-07-01,17,14,Unauthorised
ATT202407007668,STU007668,SCH011,2024-07-01,15,13,Unauthorised
ATT202407007669,STU007669,SCH005,2024-07-01,17,14,Medical
ATT202407007670,STU007670,SCH049,2024-07-01,17,12,Other
ATT202407007671,STU007671,SCH007,2024-07-01,17,15,Illness
ATT202407007672,STU007672,SCH050,2024-07-01,15,12,Illness
ATT202407007673,STU007673,SCH028,2024-07-01,18,14,Other
ATT202407007674,STU007674,SCH050,2024-07-01,17,15,Illness
ATT202407007675,STU007675,SCH023,2024-07-01,15,13,Unauthorised
ATT202407007676,STU007676,SCH041,2024-07-01,14,13,Illness
ATT202407007677,STU007677,SCH006,2024-07-01,15,13,Medical
ATT202407007678,STU007678,SCH031,2024-07-01,15,13,Family
ATT202407007679,STU007679,SCH028,2024-07-01,17,13,Unauthorised
ATT202407007680,STU007680,SCH033,2024-07-01,15,14,Illness
ATT202407007681,STU007681,SCH025,2024-07-01,18,16,Other
ATT202407007682,STU007682,SCH013,2024-07-01,15,13,Other
ATT202407007683,STU007683,SCH050,2024-07-01,16,13,Family
ATT202407007684,STU007684,SCH031,2024-07-01,16,13,Other
ATT202407007685,STU007685,SCH033,2024-07-01,18,16,Unauthorised
ATT202407007686,STU007686,SCH034,2024-07-01,18,16,Illness
ATT202407007687,STU007687,SCH004,2024-07-01,18,16,Illness
ATT202407007688,STU007688,SCH042,2024-07-01,18,14,Other
ATT202407007689,STU007689,SCH030,2024-07-01,16,13,Medical
ATT202407007690,STU007690,SCH048,2024-07-01,18,16,Other
ATT202407007691,STU007691,SCH012,2024-07-01,16,14,Unauthorised
ATT202407007692,STU007692,SCH036,2024-07-01,14,13,Other
ATT202407007693,STU007693,SCH037,2024-07-01,16,12,Unauthorised
ATT202407007694,STU007694,SCH011,2024-07-01,16,14,Medical
ATT202407007695,STU007695,SCH041,2024-07-01,18,16,Unauthorised
ATT202407007696,STU007696,SCH034,2024-07-01,15,13,Unauthorised
ATT202407007697,STU007697,SCH007,2024-07-01,17,15,Medical
ATT202407007698,STU007698,SCH047,2024-07-01,14,13,Unauthorised
ATT202407007699,STU007699,SCH038,2024-07-01,14,12,Illness
ATT202407007700,STU007700,SCH025,2024-07-01,15,12,Family
ATT202407007701,STU007701,SCH006,2024-07-01,17,15,Medical
ATT202407007702,STU007702,SCH002,2024-07-01,14,10,Family
ATT202407007703,STU007703,SCH040,2024-07-01,14,12,Illness
ATT202407007704,STU007704,SCH049,2024-07-01,14,11,Unauthorised
ATT202407007705,STU007705,SCH020,2024-07-01,17,15,Other
ATT202407007706,STU007706,SCH026,2024-07-01,14,12,Other
ATT202407007707,STU007707,SCH020,2024-07-01,15,14,Family
ATT202407007708,STU007708,SCH004,2024-07-01,16,15,Medical
ATT202407007709,STU007709,SCH047,2024-07-01,16,14,Medical
ATT202407007710,STU007710,SCH039,2024-07-01,15,13,Illness
ATT202407007711,STU007711,SCH023,2024-07-01,17,14,Illness
ATT202407007712,STU007712,SCH050,2024-07-01,18,14,Family
ATT202407007713,STU007713,SCH045,2024-07-01,17,14,Medical
ATT202407007714,STU007714,SCH016,2024-07-01,15,13,Other
ATT202407007715,STU007715,SCH038,2024-07-01,15,12,Other
ATT202407007716,STU007716,SCH017,2024-07-01,17,15,Family
ATT202407007717,STU007717,SCH032,2024-07-01,15,12,Unauthorised
ATT202407007718,STU007718,SCH030,2024-07-01,17,14,Illness
ATT202407007719,STU007719,SCH020,2024-07-01,14,12,Family
ATT202407007720,STU007720,SCH021,2024-07-01,16,13,Illness
ATT202407007721,STU007721,SCH015,2024-07-01,16,13,Illness
ATT202407007722,STU007722,SCH036,2024-07-01,18,15,Medical
ATT202407007723,STU007723,SCH042,2024-07-01,16,13,Family
ATT202407007724,STU007724,SCH050,2024-07-01,17,14,Unauthorised
ATT202407007725,STU007725,SCH018,2024-07-01,18,16,Unauthorised
ATT202407007726,STU007726,SCH046,2024-07-01,16,14,Illness
ATT202407007727,STU007727,SCH037,2024-07-01,14,13,Unauthorised
ATT202407007728,STU007728,SCH019,2024-07-01,16,13,Illness
ATT202407007729,STU007729,SCH003,2024-07-01,15,13,Family
ATT202407007730,STU007730,SCH002,2024-07-01,14,13,Other
ATT202407007731,STU007731,SCH041,2024-07-01,18,16,Unauthorised
ATT202407007732,STU007732,SCH004,2024-07-01,18,15,Family
ATT202407007733,STU007733,SCH004,2024-07-01,18,14,Other
ATT202407007734,STU007734,SCH033,2024-07-01,18,15,Family
ATT202407007735,STU007735,SCH011,2024-07-01,15,13,Illness
ATT202407007736,STU007736,SCH015,2024-07-01,15,13,Medical
ATT202407007737,STU007737,SCH028,2024-07-01,18,16,Other
ATT202407007738,STU007738,SCH043,2024-07-01,18,14,Unauthorised
ATT202407007739,STU007739,SCH008,2024-07-01,16,13,Family
ATT202407007740,STU007740,SCH025,2024-07-01,15,13,Medical
ATT202407007741,STU007741,SCH030,2024-07-01,17,14,Unauthorised
ATT202407007742,STU007742,SCH022,2024-07-01,16,14,Other
ATT202407007743,STU007743,SCH031,2024-07-01,15,13,Unauthorised
ATT202407007744,STU007744,SCH008,2024-07-01,17,14,Illness
ATT202407007745,STU007745,SCH012,2024-07-01,16,13,Family
ATT202407007746,STU007746,SCH019,2024-07-01,17,14,Other
ATT202407007747,STU007747,SCH011,2024-07-01,16,14,Unauthorised
ATT202407007748,STU007748,SCH011,2024-07-01,17,15,Other
ATT202407007749,STU007749,SCH019,2024-07-01,15,13,Medical
ATT202407007750,STU007750,SCH030,2024-07-01,18,16,Unauthorised
ATT202407007751,STU007751,SCH014,2024-07-01,16,13,Other
ATT202407007752,STU007752,SCH046,2024-07-01,18,15,Other
ATT202407007753,STU007753,SCH030,2024-07-01,14,12,Illness
ATT202407007754,STU007754,SCH015,2024-07-01,17,15,Other
ATT202407007755,STU007755,SCH032,2024-07-01,17,14,Family
ATT202407007756,STU007756,SCH046,2024-07-01,14,12,Illness
ATT202407007757,STU007757,SCH032,2024-07-01,16,14,Medical
ATT202407007758,STU007758,SCH042,2024-07-01,15,13,Other
ATT202407007759,STU007759,SCH048,2024-07-01,14,12,Unauthorised
ATT202407007760,STU007760,SCH018,2024-07-01,15,13,Family
ATT202407007761,STU007761,SCH041,2024-07-01,16,14,Illness
ATT202407007762,STU007762,SCH011,2024-07-01,15,13,Family
ATT202407007763,STU007763,SCH023,2024-07-01,15,12,Family
ATT202407007764,STU007764,SCH003,2024-07-01,14,11,Illness
ATT202407007765,STU007765,SCH004,2024-07-01,17,14,Family
ATT202407007766,STU007766,SCH006,2024-07-01,14,12,Medical
ATT202407007767,STU007767,SCH005,2024-07-01,15,12,Family
ATT202407007768,STU007768,SCH019,2024-07-01,17,15,Other
ATT202407007769,STU007769,SCH044,2024-07-01,15,12,Family
ATT202407007770,STU007770,SCH036,2024-07-01,17,15,Family
ATT202407007771,STU007771,SCH043,2024-07-01,15,13,Unauthorised
ATT202407007772,STU007772,SCH014,2024-07-01,18,15,Family
ATT202407007773,STU007773,SCH044,2024-07-01,17,14,Illness
ATT202407007774,STU007774,SCH016,2024-07-01,18,15,Medical
ATT202407007775,STU007775,SCH041,2024-07-01,15,13,Medical
ATT202407007776,STU007776,SCH050,2024-07-01,14,12,Unauthorised
ATT202407007777,STU007777,SCH032,2024-07-01,15,12,Medical
ATT202407007778,STU007778,SCH008,2024-07-01,18,16,Other
ATT202407007779,STU007779,SCH039,2024-07-01,18,15,Family
ATT202407007780,STU007780,SCH032,2024-07-01,16,14,Family
ATT202407007781,STU007781,SCH031,2024-07-01,14,13,Unauthorised
ATT202407007782,STU007782,SCH034,2024-07-01,18,14,Medical
ATT202407007783,STU007783,SCH036,2024-07-01,17,13,Other
ATT202407007784,STU007784,SCH019,2024-07-01,16,13,Family
ATT202407007785,STU007785,SCH014,2024-07-01,17,14,Unauthorised
ATT202407007786,STU007786,SCH003,2024-07-01,17,15,Other
ATT202407007787,STU007787,SCH011,2024-07-01,17,14,Family
ATT202407007788,STU007788,SCH008,2024-07-01,17,14,Unauthorised
ATT202407007789,STU007789,SCH027,2024-07-01,18,14,Medical
ATT202407007790,STU007790,SCH037,2024-07-01,15,13,Family
ATT202407007791,STU007791,SCH038,2024-07-01,17,16,Family
ATT202407007792,STU007792,SCH003,2024-07-01,18,16,Unauthorised
ATT202407007793,STU007793,SCH045,2024-07-01,14,13,Medical
ATT202407007794,STU007794,SCH049,2024-07-01,18,14,Medical
ATT202407007795,STU007795,SCH009,2024-07-01,16,14,Unauthorised
ATT202407007796,STU007796,SCH044,2024-07-01,15,13,Medical
ATT202407007797,STU007797,SCH018,2024-07-01,18,16,Illness
ATT202407007798,STU007798,SCH013,2024-07-01,14,12,Unauthorised
ATT202407007799,STU007799,SCH019,2024-07-01,15,12,Unauthorised
ATT202407007800,STU007800,SCH020,2024-07-01,16,14,Other
ATT202407007801,STU007801,SCH006,2024-07-01,17,15,Family
ATT202407007802,STU007802,SCH050,2024-07-01,14,12,Medical
ATT202407007803,STU007803,SCH037,2024-07-01,14,12,Medical
ATT202407007804,STU007804,SCH049,2024-07-01,17,13,Medical
ATT202407007805,STU007805,SCH011,2024-07-01,18,16,Other
ATT202407007806,STU007806,SCH006,2024-07-01,15,12,Illness
ATT202407007807,STU007807,SCH024,2024-07-01,17,14,Medical
ATT202407007808,STU007808,SCH004,2024-07-01,15,13,Illness
ATT202407007809,STU007809,SCH004,2024-07-01,18,15,Other
ATT202407007810,STU007810,SCH040,2024-07-01,15,13,Family
ATT202407007811,STU007811,SCH008,2024-07-01,14,13,Illness
ATT202407007812,STU007812,SCH050,2024-07-01,18,15,Illness
ATT202407007813,STU007813,SCH030,2024-07-01,15,12,Unauthorised
ATT202407007814,STU007814,SCH016,2024-07-01,17,14,Other
ATT202407007815,STU007815,SCH007,2024-07-01,14,12,Other
ATT202407007816,STU007816,SCH043,2024-07-01,15,12,Family
ATT202407007817,STU007817,SCH030,2024-07-01,14,12,Unauthorised
ATT202407007818,STU007818,SCH002,2024-07-01,14,11,Unauthorised
ATT202407007819,STU007819,SCH017,2024-07-01,17,14,Family
ATT202407007820,STU007820,SCH045,2024-07-01,16,14,Unauthorised
ATT202407007821,STU007821,SCH027,2024-07-01,15,14,Medical
ATT202407007822,STU007822,SCH041,2024-07-01,17,14,Illness
ATT202407007823,STU007823,SCH011,2024-07-01,14,12,Other
ATT202407007824,STU007824,SCH025,2024-07-01,15,13,Medical
ATT202407007825,STU007825,SCH011,2024-07-01,14,11,Family
ATT202407007826,STU007826,SCH033,2024-07-01,16,13,Other
ATT202407007827,STU007827,SCH029,2024-07-01,16,13,Other
ATT202407007828,STU007828,SCH021,2024-07-01,14,10,Illness
ATT202407007829,STU007829,SCH008,2024-07-01,17,14,Illness
ATT202407007830,STU007830,SCH032,2024-07-01,16,14,Illness
ATT202407007831,STU007831,SCH035,2024-07-01,18,15,Illness
ATT202407007832,STU007832,SCH008,2024-07-01,17,15,Medical
ATT202407007833,STU007833,SCH016,2024-07-01,15,14,Family
ATT202407007834,STU007834,SCH029,2024-07-01,18,15,Unauthorised
ATT202407007835,STU007835,SCH012,2024-07-01,14,12,Unauthorised
ATT202407007836,STU007836,SCH031,2024-07-01,16,13,Family
ATT202407007837,STU007837,SCH013,2024-07-01,18,16,Family
ATT202407007838,STU007838,SCH040,2024-07-01,15,12,Illness
ATT202407007839,STU007839,SCH004,2024-07-01,14,13,Unauthorised
ATT202407007840,STU007840,SCH019,2024-07-01,17,15,Medical
ATT202407007841,STU007841,SCH024,2024-07-01,14,11,Illness
ATT202407007842,STU007842,SCH036,2024-07-01,16,14,Family
ATT202407007843,STU007843,SCH027,2024-07-01,17,15,Medical
ATT202407007844,STU007844,SCH045,2024-07-01,16,13,Family
ATT202407007845,STU007845,SCH043,2024-07-01,14,11,Unauthorised
ATT202407007846,STU007846,SCH019,2024-07-01,18,15,Illness
ATT202407007847,STU007847,SCH029,2024-07-01,18,14,Medical
ATT202407007848,STU007848,SCH047,2024-07-01,17,14,Family
ATT202407007849,STU007849,SCH020,2024-07-01,15,13,Illness
ATT202407007850,STU007850,SCH018,2024-07-01,17,15,Medical
ATT202407007851,STU007851,SCH045,2024-07-01,14,12,Illness
ATT202407007852,STU007852,SCH024,2024-07-01,18,14,Other
ATT202407007853,STU007853,SCH038,2024-07-01,18,15,Medical
ATT202407007854,STU007854,SCH023,2024-07-01,14,12,Illness
ATT202407007855,STU007855,SCH010,2024-07-01,18,15,Family
ATT202407007856,STU007856,SCH044,2024-07-01,16,14,Unauthorised
ATT202407007857,STU007857,SCH027,2024-07-01,14,13,Family
ATT202407007858,STU007858,SCH030,2024-07-01,18,15,Illness
ATT202407007859,STU007859,SCH012,2024-07-01,14,11,Family
ATT202407007860,STU007860,SCH027,2024-07-01,14,11,Illness
ATT202407007861,STU007861,SCH038,2024-07-01,17,15,Other
ATT202407007862,STU007862,SCH017,2024-07-01,18,15,Family
ATT202407007863,STU007863,SCH036,2024-07-01,17,15,Illness
ATT202407007864,STU007864,SCH008,2024-07-01,17,15,Illness
ATT202407007865,STU007865,SCH050,2024-07-01,17,15,Medical
ATT202407007866,STU007866,SCH050,2024-07-01,16,13,Medical
ATT202407007867,STU007867,SCH026,2024-07-01,15,13,Other
ATT202407007868,STU007868,SCH029,2024-07-01,17,15,Other
ATT202407007869,STU007869,SCH023,2024-07-01,14,12,Illness
ATT202407007870,STU007870,SCH013,2024-07-01,17,14,Illness
ATT202407007871,STU007871,SCH044,2024-07-01,16,13,Illness
ATT202407007872,STU007872,SCH036,2024-07-01,17,15,Illness
ATT202407007873,STU007873,SCH005,2024-07-01,17,14,Family
ATT202407007874,STU007874,SCH037,2024-07-01,15,12,Other
ATT202407007875,STU007875,SCH041,2024-07-01,14,13,Illness
ATT202407007876,STU007876,SCH005,2024-07-01,17,14,Unauthorised
ATT202407007877,STU007877,SCH002,2024-07-01,16,13,Family
ATT202407007878,STU007878,SCH015,2024-07-01,18,15,Family
ATT202407007879,STU007879,SCH028,2024-07-01,16,13,Other
ATT202407007880,STU007880,SCH002,2024-07-01,17,14,Unauthorised
ATT202407007881,STU007881,SCH014,2024-07-01,17,14,Unauthorised
ATT202407007882,STU007882,SCH005,2024-07-01,16,14,Illness
ATT202407007883,STU007883,SCH023,2024-07-01,17,14,Illness
ATT202407007884,STU007884,SCH029,2024-07-01,15,12,Other
ATT202407007885,STU007885,SCH042,2024-07-01,16,13,Illness
ATT202407007886,STU007886,SCH037,2024-07-01,18,15,Unauthorised
ATT202407007887,STU007887,SCH040,2024-07-01,15,13,Medical
ATT202407007888,STU007888,SCH038,2024-07-01,18,13,Unauthorised
ATT202407007889,STU007889,SCH035,2024-07-01,14,12,Unauthorised
ATT202407007890,STU007890,SCH010,2024-07-01,14,12,Unauthorised
ATT202407007891,STU007891,SCH029,2024-07-01,15,13,Unauthorised
ATT202407007892,STU007892,SCH026,2024-07-01,18,15,Other
ATT202407007893,STU007893,SCH032,2024-07-01,14,12,Family
ATT202407007894,STU007894,SCH028,2024-07-01,18,15,Other
ATT202407007895,STU007895,SCH022,2024-07-01,14,12,Medical
ATT202407007896,STU007896,SCH004,2024-07-01,16,13,Unauthorised
ATT202407007897,STU007897,SCH005,2024-07-01,15,12,Other
ATT202407007898,STU007898,SCH003,2024-07-01,18,15,Medical
ATT202407007899,STU007899,SCH002,2024-07-01,16,12,Unauthorised
ATT202407007900,STU007900,SCH007,2024-07-01,16,14,Unauthorised
ATT202407007901,STU007901,SCH026,2024-07-01,18,15,Illness
ATT202407007902,STU007902,SCH050,2024-07-01,18,14,Illness
ATT202407007903,STU007903,SCH028,2024-07-01,16,13,Unauthorised
ATT202407007904,STU007904,SCH032,2024-07-01,16,14,Medical
ATT202407007905,STU007905,SCH023,2024-07-01,16,14,Medical
ATT202407007906,STU007906,SCH003,2024-07-01,17,15,Unauthorised
ATT202407007907,STU007907,SCH024,2024-07-01,14,13,Family
ATT202407007908,STU007908,SCH008,2024-07-01,18,16,Medical
ATT202407007909,STU007909,SCH017,2024-07-01,18,13,Illness
ATT202407007910,STU007910,SCH039,2024-07-01,15,12,Illness
ATT202407007911,STU007911,SCH026,2024-07-01,14,13,Family
ATT202407007912,STU007912,SCH050,2024-07-01,15,13,Other
ATT202407007913,STU007913,SCH019,2024-07-01,16,13,Illness
ATT202407007914,STU007914,SCH034,2024-07-01,14,13,Other
ATT202407007915,STU007915,SCH034,2024-07-01,14,11,Illness
ATT202407007916,STU007916,SCH028,2024-07-01,18,15,Illness
ATT202407007917,STU007917,SCH014,2024-07-01,14,11,Family
ATT202407007918,STU007918,SCH035,2024-07-01,15,12,Family
ATT202407007919,STU007919,SCH028,2024-07-01,18,15,Illness
ATT202407007920,STU007920,SCH050,2024-07-01,16,13,Medical
ATT202407007921,STU007921,SCH022,2024-07-01,14,11,Family
ATT202407007922,STU007922,SCH042,2024-07-01,14,10,Illness
ATT202407007923,STU007923,SCH025,2024-07-01,15,13,Illness
ATT202407007924,STU007924,SCH047,2024-07-01,14,12,Illness
ATT202407007925,STU007925,SCH033,2024-07-01,17,14,Medical
ATT202407007926,STU007926,SCH016,2024-07-01,15,13,Other
ATT202407007927,STU007927,SCH001,2024-07-01,15,12,Unauthorised
ATT202407007928,STU007928,SCH015,2024-07-01,17,14,Other
ATT202407007929,STU007929,SCH010,2024-07-01,17,13,Other
ATT202407007930,STU007930,SCH009,2024-07-01,17,14,Family
ATT202407007931,STU007931,SCH008,2024-07-01,15,13,Illness
ATT202407007932,STU007932,SCH036,2024-07-01,14,12,Unauthorised
ATT202407007933,STU007933,SCH006,2024-07-01,16,13,Illness
ATT202407007934,STU007934,SCH032,2024-07-01,17,13,Unauthorised
ATT202407007935,STU007935,SCH040,2024-07-01,15,13,Other
ATT202407007936,STU007936,SCH008,2024-07-01,17,15,Illness
ATT202407007937,STU007937,SCH024,2024-07-01,14,12,Unauthorised
ATT202407007938,STU007938,SCH009,2024-07-01,17,15,Other
ATT202407007939,STU007939,SCH006,2024-07-01,18,16,Illness
ATT202407007940,STU007940,SCH006,2024-07-01,17,15,Family
ATT202407007941,STU007941,SCH041,2024-07-01,18,16,Illness
ATT202407007942,STU007942,SCH048,2024-07-01,18,15,Unauthorised
ATT202407007943,STU007943,SCH048,2024-07-01,16,14,Other
ATT202407007944,STU007944,SCH022,2024-07-01,15,13,Other
ATT202407007945,STU007945,SCH047,2024-07-01,15,13,Unauthorised
ATT202407007946,STU007946,SCH019,2024-07-01,15,13,Unauthorised
ATT202407007947,STU007947,SCH019,2024-07-01,18,16,Family
ATT202407007948,STU007948,SCH015,2024-07-01,17,16,Unauthorised
ATT202407007949,STU007949,SCH005,2024-07-01,15,13,Unauthorised
ATT202407007950,STU007950,SCH020,2024-07-01,17,14,Unauthorised
ATT202407007951,STU007951,SCH043,2024-07-01,16,13,Other
ATT202407007952,STU007952,SCH019,2024-07-01,15,13,Unauthorised
ATT202407007953,STU007953,SCH013,2024-07-01,18,17,Illness
ATT202407007954,STU007954,SCH004,2024-07-01,15,13,Family
ATT202407007955,STU007955,SCH020,2024-07-01,17,15,Family
ATT202407007956,STU007956,SCH025,2024-07-01,14,11,Illness
ATT202407007957,STU007957,SCH047,2024-07-01,18,17,Illness
ATT202407007958,STU007958,SCH016,2024-07-01,16,15,Illness
ATT202407007959,STU007959,SCH032,2024-07-01,15,13,Medical
ATT202407007960,STU007960,SCH005,2024-07-01,16,14,Family
ATT202407007961,STU007961,SCH019,2024-07-01,17,14,Medical
ATT202407007962,STU007962,SCH047,2024-07-01,17,15,Illness
ATT202407007963,STU007963,SCH048,2024-07-01,18,15,Medical
ATT202407007964,STU007964,SCH046,2024-07-01,15,12,Other
ATT202407007965,STU007965,SCH042,2024-07-01,15,13,Other
ATT202407007966,STU007966,SCH040,2024-07-01,18,15,Medical
ATT202407007967,STU007967,SCH043,2024-07-01,15,12,Family
ATT202407007968,STU007968,SCH042,2024-07-01,14,10,Illness
ATT202407007969,STU007969,SCH015,2024-07-01,14,13,Other
ATT202407007970,STU007970,SCH020,2024-07-01,14,12,Other
ATT202407007971,STU007971,SCH011,2024-07-01,17,16,Unauthorised
ATT202407007972,STU007972,SCH041,2024-07-01,15,13,Unauthorised
ATT202407007973,STU007973,SCH007,2024-07-01,14,11,Unauthorised
ATT202407007974,STU007974,SCH006,2024-07-01,15,13,Family
ATT202407007975,STU007975,SCH009,2024-07-01,15,12,Medical
ATT202407007976,STU007976,SCH033,2024-07-01,18,15,Medical
ATT202407007977,STU007977,SCH018,2024-07-01,17,15,Other
ATT202407007978,STU007978,SCH024,2024-07-01,18,16,Family
ATT202407007979,STU007979,SCH021,2024-07-01,18,14,Unauthorised
ATT202407007980,STU007980,SCH013,2024-07-01,17,13,Unauthorised
ATT202407007981,STU007981,SCH039,2024-07-01,18,16,Medical
ATT202407007982,STU007982,SCH045,2024-07-01,18,14,Other
ATT202407007983,STU007983,SCH021,2024-07-01,18,16,Illness
ATT202407007984,STU007984,SCH019,2024-07-01,15,13,Medical
ATT202407007985,STU007985,SCH013,2024-07-01,18,15,Family
ATT202407007986,STU007986,SCH014,2024-07-01,14,12,Medical
ATT202407007987,STU007987,SCH036,2024-07-01,18,16,Unauthorised
ATT202407007988,STU007988,SCH050,2024-07-01,15,12,Unauthorised
ATT202407007989,STU007989,SCH039,2024-07-01,17,14,Other
ATT202407007990,STU007990,SCH003,2024-07-01,16,14,Other
ATT202407007991,STU007991,SCH040,2024-07-01,15,12,Medical
ATT202407007992,STU007992,SCH007,2024-07-01,16,14,Other
ATT202407007993,STU007993,SCH003,2024-07-01,15,13,Medical
ATT202407007994,STU007994,SCH039,2024-07-01,18,15,Family
ATT202407007995,STU007995,SCH013,2024-07-01,16,15,Medical
ATT202407007996,STU007996,SCH045,2024-07-01,17,13,Family
ATT202407007997,STU007997,SCH027,2024-07-01,14,11,Other
ATT202407007998,STU007998,SCH031,2024-07-01,18,15,Illness
ATT202407007999,STU007999,SCH037,2024-07-01,14,12,Unauthorised
ATT202407008000,STU008000,SCH040,2024-07-01,16,14,Medical
ATT202407008001,STU008001,SCH019,2024-07-01,15,13,Unauthorised
ATT202407008002,STU008002,SCH020,2024-07-01,16,13,Unauthorised
ATT202407008003,STU008003,SCH040,2024-07-01,15,14,Family
ATT202407008004,STU008004,SCH050,2024-07-01,15,12,Other
ATT202407008005,STU008005,SCH029,2024-07-01,16,13,Family
ATT202407008006,STU008006,SCH036,2024-07-01,16,14,Family
ATT202407008007,STU008007,SCH033,2024-07-01,14,12,Illness
ATT202407008008,STU008008,SCH008,2024-07-01,16,14,Medical
ATT202407008009,STU008009,SCH005,2024-07-01,16,14,Family
ATT202407008010,STU008010,SCH046,2024-07-01,16,13,Unauthorised
ATT202407008011,STU008011,SCH035,2024-07-01,18,14,Unauthorised
ATT202407008012,STU008012,SCH041,2024-07-01,15,14,Medical
ATT202407008013,STU008013,SCH012,2024-07-01,17,15,Other
ATT202407008014,STU008014,SCH035,2024-07-01,17,13,Unauthorised
ATT202407008015,STU008015,SCH013,2024-07-01,17,14,Other
ATT202407008016,STU008016,SCH030,2024-07-01,14,12,Illness
ATT202407008017,STU008017,SCH030,2024-07-01,15,14,Unauthorised
ATT202407008018,STU008018,SCH016,2024-07-01,16,14,Illness
ATT202407008019,STU008019,SCH032,2024-07-01,18,14,Other
ATT202407008020,STU008020,SCH030,2024-07-01,14,13,Unauthorised
ATT202407008021,STU008021,SCH021,2024-07-01,14,11,Unauthorised
ATT202407008022,STU008022,SCH028,2024-07-01,15,12,Family
ATT202407008023,STU008023,SCH001,2024-07-01,17,13,Family
ATT202407008024,STU008024,SCH045,2024-07-01,16,13,Family
ATT202407008025,STU008025,SCH044,2024-07-01,15,13,Illness
ATT202407008026,STU008026,SCH033,2024-07-01,14,12,Medical
ATT202407008027,STU008027,SCH019,2024-07-01,16,14,Unauthorised
ATT202407008028,STU008028,SCH015,2024-07-01,15,13,Medical
ATT202407008029,STU008029,SCH045,2024-07-01,14,12,Medical
ATT202407008030,STU008030,SCH023,2024-07-01,16,13,Illness
ATT202407008031,STU008031,SCH008,2024-07-01,16,13,Other
ATT202407008032,STU008032,SCH015,2024-07-01,18,15,Medical
ATT202407008033,STU008033,SCH020,2024-07-01,14,12,Illness
ATT202407008034,STU008034,SCH018,2024-07-01,18,15,Family
ATT202407008035,STU008035,SCH008,2024-07-01,15,13,Unauthorised
ATT202407008036,STU008036,SCH021,2024-07-01,14,10,Unauthorised
ATT202407008037,STU008037,SCH020,2024-07-01,15,13,Medical
ATT202407008038,STU008038,SCH033,2024-07-01,14,12,Other
ATT202407008039,STU008039,SCH024,2024-07-01,15,12,Family
ATT202407008040,STU008040,SCH015,2024-07-01,14,12,Other
ATT202407008041,STU008041,SCH034,2024-07-01,15,13,Other
ATT202407008042,STU008042,SCH033,2024-07-01,16,15,Medical
ATT202407008043,STU008043,SCH043,2024-07-01,15,13,Unauthorised
ATT202407008044,STU008044,SCH017,2024-07-01,18,14,Unauthorised
ATT202407008045,STU008045,SCH027,2024-07-01,17,14,Other
ATT202407008046,STU008046,SCH008,2024-07-01,18,16,Unauthorised
ATT202407008047,STU008047,SCH020,2024-07-01,17,14,Family
ATT202407008048,STU008048,SCH010,2024-07-01,18,15,Medical
ATT202407008049,STU008049,SCH043,2024-07-01,15,12,Medical
ATT202407008050,STU008050,SCH006,2024-07-01,15,13,Illness
ATT202407008051,STU008051,SCH016,2024-07-01,16,14,Other
ATT202407008052,STU008052,SCH016,2024-07-01,14,12,Family
ATT202407008053,STU008053,SCH028,2024-07-01,15,12,Family
ATT202407008054,STU008054,SCH008,2024-07-01,15,12,Unauthorised
ATT202407008055,STU008055,SCH023,2024-07-01,18,14,Medical
ATT202407008056,STU008056,SCH016,2024-07-01,17,16,Illness
ATT202407008057,STU008057,SCH040,2024-07-01,17,15,Family
ATT202407008058,STU008058,SCH030,2024-07-01,17,15,Family
ATT202407008059,STU008059,SCH009,2024-07-01,14,12,Medical
ATT202407008060,STU008060,SCH033,2024-07-01,17,15,Illness
ATT202407008061,STU008061,SCH035,2024-07-01,17,14,Other
ATT202407008062,STU008062,SCH007,2024-07-01,17,14,Illness
ATT202407008063,STU008063,SCH041,2024-07-01,17,15,Other
ATT202407008064,STU008064,SCH041,2024-07-01,14,13,Family
ATT202407008065,STU008065,SCH025,2024-07-01,17,15,Unauthorised
ATT202407008066,STU008066,SCH008,2024-07-01,16,14,Other
ATT202407008067,STU008067,SCH041,2024-07-01,17,14,Illness
ATT202407008068,STU008068,SCH012,2024-07-01,16,14,Illness
ATT202407008069,STU008069,SCH011,2024-07-01,14,12,Medical
ATT202407008070,STU008070,SCH016,2024-07-01,16,13,Illness
ATT202407008071,STU008071,SCH022,2024-07-01,14,12,Unauthorised
ATT202407008072,STU008072,SCH022,2024-07-01,15,11,Family
ATT202407008073,STU008073,SCH011,2024-07-01,18,15,Other
ATT202407008074,STU008074,SCH047,2024-07-01,18,16,Illness
ATT202407008075,STU008075,SCH004,2024-07-01,18,16,Medical
ATT202407008076,STU008076,SCH034,2024-07-01,16,13,Other
ATT202407008077,STU008077,SCH011,2024-07-01,14,12,Other
ATT202407008078,STU008078,SCH022,2024-07-01,17,13,Illness
ATT202407008079,STU008079,SCH012,2024-07-01,15,13,Unauthorised
ATT202407008080,STU008080,SCH002,2024-07-01,18,13,Unauthorised
ATT202407008081,STU008081,SCH037,2024-07-01,14,12,Other
ATT202407008082,STU008082,SCH048,2024-07-01,14,12,Other
ATT202407008083,STU008083,SCH020,2024-07-01,16,12,Unauthorised
ATT202407008084,STU008084,SCH041,2024-07-01,15,13,Medical
ATT202407008085,STU008085,SCH042,2024-07-01,17,12,Illness
ATT202407008086,STU008086,SCH037,2024-07-01,18,15,Illness
ATT202407008087,STU008087,SCH037,2024-07-01,16,14,Illness
ATT202407008088,STU008088,SCH046,2024-07-01,17,12,Unauthorised
ATT202407008089,STU008089,SCH008,2024-07-01,16,14,Unauthorised
ATT202407008090,STU008090,SCH016,2024-07-01,16,13,Unauthorised
ATT202407008091,STU008091,SCH029,2024-07-01,18,15,Family
ATT202407008092,STU008092,SCH037,2024-07-01,16,13,Unauthorised
ATT202407008093,STU008093,SCH047,2024-07-01,14,12,Illness
ATT202407008094,STU008094,SCH029,2024-07-01,17,15,Illness
ATT202407008095,STU008095,SCH050,2024-07-01,15,13,Other
ATT202407008096,STU008096,SCH029,2024-07-01,14,11,Illness
ATT202407008097,STU008097,SCH021,2024-07-01,14,11,Unauthorised
ATT202407008098,STU008098,SCH046,2024-07-01,18,15,Unauthorised
ATT202407008099,STU008099,SCH044,2024-07-01,14,11,Unauthorised
ATT202407008100,STU008100,SCH033,2024-07-01,16,14,Medical
ATT202407008101,STU008101,SCH035,2024-07-01,18,14,Illness
ATT202407008102,STU008102,SCH050,2024-07-01,14,11,Unauthorised
ATT202407008103,STU008103,SCH005,2024-07-01,18,16,Illness
ATT202407008104,STU008104,SCH002,2024-07-01,17,14,Other
ATT202407008105,STU008105,SCH016,2024-07-01,18,15,Medical
ATT202407008106,STU008106,SCH003,2024-07-01,17,15,Illness
ATT202407008107,STU008107,SCH050,2024-07-01,15,13,Family
ATT202407008108,STU008108,SCH044,2024-07-01,14,12,Illness
ATT202407008109,STU008109,SCH004,2024-07-01,15,13,Illness
ATT202407008110,STU008110,SCH040,2024-07-01,18,15,Family
ATT202407008111,STU008111,SCH008,2024-07-01,17,15,Medical
ATT202407008112,STU008112,SCH010,2024-07-01,15,13,Unauthorised
ATT202407008113,STU008113,SCH035,2024-07-01,14,11,Illness
ATT202407008114,STU008114,SCH007,2024-07-01,15,13,Illness
ATT202407008115,STU008115,SCH027,2024-07-01,16,13,Other
ATT202407008116,STU008116,SCH004,2024-07-01,14,12,Family
ATT202407008117,STU008117,SCH012,2024-07-01,14,11,Unauthorised
ATT202407008118,STU008118,SCH032,2024-07-01,16,12,Illness
ATT202407008119,STU008119,SCH045,2024-07-01,16,13,Medical
ATT202407008120,STU008120,SCH019,2024-07-01,14,13,Medical
ATT202407008121,STU008121,SCH042,2024-07-01,17,16,Medical
ATT202407008122,STU008122,SCH006,2024-07-01,16,14,Medical
ATT202407008123,STU008123,SCH025,2024-07-01,14,12,Medical
ATT202407008124,STU008124,SCH028,2024-07-01,18,15,Unauthorised
ATT202407008125,STU008125,SCH039,2024-07-01,17,15,Medical
ATT202407008126,STU008126,SCH018,2024-07-01,16,12,Other
ATT202407008127,STU008127,SCH034,2024-07-01,15,13,Other
ATT202407008128,STU008128,SCH021,2024-07-01,18,13,Illness
ATT202407008129,STU008129,SCH040,2024-07-01,16,15,Medical
ATT202407008130,STU008130,SCH009,2024-07-01,16,13,Illness
ATT202407008131,STU008131,SCH050,2024-07-01,14,11,Unauthorised
ATT202407008132,STU008132,SCH009,2024-07-01,18,15,Unauthorised
ATT202407008133,STU008133,SCH022,2024-07-01,14,10,Illness
ATT202407008134,STU008134,SCH005,2024-07-01,17,15,Other
ATT202407008135,STU008135,SCH022,2024-07-01,18,16,Unauthorised
ATT202407008136,STU008136,SCH033,2024-07-01,14,12,Family
ATT202407008137,STU008137,SCH008,2024-07-01,17,16,Medical
ATT202407008138,STU008138,SCH034,2024-07-01,16,12,Family
ATT202407008139,STU008139,SCH043,2024-07-01,14,12,Medical
ATT202407008140,STU008140,SCH013,2024-07-01,15,13,Medical
ATT202407008141,STU008141,SCH035,2024-07-01,14,12,Illness
ATT202407008142,STU008142,SCH010,2024-07-01,17,15,Unauthorised
ATT202407008143,STU008143,SCH013,2024-07-01,16,13,Unauthorised
ATT202407008144,STU008144,SCH045,2024-07-01,18,16,Unauthorised
ATT202407008145,STU008145,SCH049,2024-07-01,16,11,Family
ATT202407008146,STU008146,SCH041,2024-07-01,17,14,Family
ATT202407008147,STU008147,SCH008,2024-07-01,15,14,Illness
ATT202407008148,STU008148,SCH013,2024-07-01,14,11,Other
ATT202407008149,STU008149,SCH033,2024-07-01,16,14,Unauthorised
ATT202407008150,STU008150,SCH030,2024-07-01,14,12,Medical
ATT202407008151,STU008151,SCH012,2024-07-01,16,14,Other
ATT202407008152,STU008152,SCH025,2024-07-01,17,15,Unauthorised
ATT202407008153,STU008153,SCH043,2024-07-01,18,15,Family
ATT202407008154,STU008154,SCH018,2024-07-01,15,13,Medical
ATT202407008155,STU008155,SCH007,2024-07-01,18,15,Unauthorised
ATT202407008156,STU008156,SCH024,2024-07-01,14,12,Unauthorised
ATT202407008157,STU008157,SCH006,2024-07-01,18,16,Illness
ATT202407008158,STU008158,SCH006,2024-07-01,16,13,Other
ATT202407008159,STU008159,SCH036,2024-07-01,14,13,Unauthorised
ATT202407008161,STU008161,SCH017,2024-07-01,17,14,Illness
ATT202407008162,STU008162,SCH040,2024-07-01,15,14,Illness
ATT202407008163,STU008163,SCH028,2024-07-01,18,17,Family
ATT202407008164,STU008164,SCH016,2024-07-01,16,15,Family
ATT202407008165,STU008165,SCH040,2024-07-01,17,14,Other
ATT202407008166,STU008166,SCH048,2024-07-01,15,12,Medical
ATT202407008167,STU008167,SCH017,2024-07-01,14,11,Other
ATT202407008168,STU008168,SCH002,2024-07-01,15,12,Medical
ATT202407008169,STU008169,SCH015,2024-07-01,16,14,Family
ATT202407008170,STU008170,SCH023,2024-07-01,16,13,Family
ATT202407008171,STU008171,SCH029,2024-07-01,15,13,Other
ATT202407008172,STU008172,SCH004,2024-07-01,18,15,Other
ATT202407008173,STU008173,SCH032,2024-07-01,16,14,Illness
ATT202407008174,STU008174,SCH021,2024-07-01,15,12,Unauthorised
ATT202407008175,STU008175,SCH043,2024-07-01,15,12,Medical
ATT202407008176,STU008176,SCH025,2024-07-01,16,14,Illness
ATT202407008177,STU008177,SCH024,2024-07-01,18,14,Unauthorised
ATT202407008178,STU008178,SCH029,2024-07-01,18,15,Other
ATT202407008179,STU008179,SCH050,2024-07-01,16,13,Medical
ATT202407008180,STU008180,SCH002,2024-07-01,14,10,Family
ATT202407008181,STU008181,SCH041,2024-07-01,16,14,Illness
ATT202407008182,STU008182,SCH033,2024-07-01,17,15,Other
ATT202407008183,STU008183,SCH023,2024-07-01,18,15,Unauthorised
ATT202407008184,STU008184,SCH012,2024-07-01,15,13,Unauthorised
ATT202407008185,STU008185,SCH020,2024-07-01,17,15,Unauthorised
ATT202407008186,STU008186,SCH020,2024-07-01,17,15,Other
ATT202407008187,STU008187,SCH033,2024-07-01,17,15,Medical
ATT202407008188,STU008188,SCH010,2024-07-01,14,12,Other
ATT202407008189,STU008189,SCH007,2024-07-01,14,11,Medical
ATT202407008190,STU008190,SCH026,2024-07-01,14,12,Unauthorised
ATT202407008191,STU008191,SCH017,2024-07-01,15,12,Unauthorised
ATT202407008192,STU008192,SCH006,2024-07-01,18,15,Unauthorised
ATT202407008193,STU008193,SCH003,2024-07-01,15,13,Family
ATT202407008194,STU008194,SCH048,2024-07-01,14,12,Other
ATT202407008195,STU008195,SCH026,2024-07-01,17,15,Other
ATT202407008196,STU008196,SCH021,2024-07-01,15,12,Illness
ATT202407008197,STU008197,SCH037,2024-07-01,15,13,Family
ATT202407008198,STU008198,SCH041,2024-07-01,14,13,Medical
ATT202407008199,STU008199,SCH028,2024-07-01,15,11,Unauthorised
ATT202407008200,STU008200,SCH041,2024-07-01,15,13,Family
ATT202407008201,STU008201,SCH049,2024-07-01,17,15,Family
ATT202407008202,STU008202,SCH001,2024-07-01,14,13,Other
ATT202407008203,STU008203,SCH001,2024-07-01,16,13,Other
ATT202407008204,STU008204,SCH029,2024-07-01,14,11,Other
ATT202407008205,STU008205,SCH031,2024-07-01,18,15,Other
ATT202407008206,STU008206,SCH048,2024-07-01,17,15,Unauthorised
ATT202407008207,STU008207,SCH033,2024-07-01,18,15,Other
ATT202407008208,STU008208,SCH007,2024-07-01,17,15,Family
ATT202407008209,STU008209,SCH036,2024-07-01,16,13,Other
ATT202407008210,STU008210,SCH026,2024-07-01,14,13,Family
ATT202407008211,STU008211,SCH026,2024-07-01,16,13,Illness
ATT202407008212,STU008212,SCH048,2024-07-01,18,16,Medical
ATT202407008213,STU008213,SCH006,2024-07-01,16,14,Unauthorised
ATT202407008214,STU008214,SCH024,2024-07-01,17,15,Unauthorised
ATT202407008215,STU008215,SCH037,2024-07-01,18,15,Family
ATT202407008216,STU008216,SCH045,2024-07-01,15,13,Unauthorised
ATT202407008217,STU008217,SCH018,2024-07-01,15,12,Illness
ATT202407008218,STU008218,SCH036,2024-07-01,15,12,Medical
ATT202407008219,STU008219,SCH040,2024-07-01,16,13,Medical
ATT202407008220,STU008220,SCH036,2024-07-01,17,14,Other
ATT202407008221,STU008221,SCH043,2024-07-01,15,11,Medical
ATT202407008222,STU008222,SCH026,2024-07-01,17,14,Medical
ATT202407008223,STU008223,SCH025,2024-07-01,15,12,Unauthorised
ATT202407008224,STU008224,SCH014,2024-07-01,15,13,Illness
ATT202407008225,STU008225,SCH032,2024-07-01,14,11,Unauthorised
ATT202407008226,STU008226,SCH028,2024-07-01,18,15,Other
ATT202407008227,STU008227,SCH018,2024-07-01,17,14,Medical
ATT202407008228,STU008228,SCH018,2024-07-01,16,14,Unauthorised
ATT202407008229,STU008229,SCH002,2024-07-01,14,11,Illness
ATT202407008230,STU008230,SCH039,2024-07-01,18,15,Other
ATT202407008231,STU008231,SCH027,2024-07-01,15,13,Illness
ATT202407008232,STU008232,SCH016,2024-07-01,16,15,Medical
ATT202407008233,STU008233,SCH032,2024-07-01,16,13,Unauthorised
ATT202407008234,STU008234,SCH027,2024-07-01,14,11,Unauthorised
ATT202407008235,STU008235,SCH032,2024-07-01,14,11,Other
ATT202407008236,STU008236,SCH034,2024-07-01,16,11,Unauthorised
ATT202407008237,STU008237,SCH031,2024-07-01,18,16,Illness
ATT202407008238,STU008238,SCH014,2024-07-01,17,13,Family
ATT202407008239,STU008239,SCH011,2024-07-01,15,14,Family
ATT202407008240,STU008240,SCH003,2024-07-01,16,13,Family
ATT202407008241,STU008241,SCH021,2024-07-01,16,14,Illness
ATT202407008242,STU008242,SCH011,2024-07-01,18,15,Unauthorised
ATT202407008243,STU008243,SCH017,2024-07-01,16,12,Medical
ATT202407008244,STU008244,SCH024,2024-07-01,15,11,Illness
ATT202407008245,STU008245,SCH027,2024-07-01,18,15,Other
ATT202407008246,STU008246,SCH008,2024-07-01,15,13,Medical
ATT202407008247,STU008247,SCH028,2024-07-01,17,15,Illness
ATT202407008248,STU008248,SCH010,2024-07-01,18,16,Medical
ATT202407008249,STU008249,SCH015,2024-07-01,18,16,Unauthorised
ATT202407008250,STU008250,SCH013,2024-07-01,15,13,Family
ATT202407008251,STU008251,SCH008,2024-07-01,17,14,Medical
ATT202407008252,STU008252,SCH049,2024-07-01,16,13,Family
ATT202407008253,STU008253,SCH009,2024-07-01,16,14,Illness
ATT202407008254,STU008254,SCH024,2024-07-01,15,11,Illness
ATT202407008255,STU008255,SCH044,2024-07-01,17,13,Family
ATT202407008256,STU008256,SCH041,2024-07-01,16,13,Family
ATT202407008257,STU008257,SCH017,2024-07-01,15,13,Other
ATT202407008258,STU008258,SCH031,2024-07-01,15,13,Unauthorised
ATT202407008259,STU008259,SCH026,2024-07-01,16,14,Illness
ATT202407008260,STU008260,SCH049,2024-07-01,15,12,Other
ATT202407008261,STU008261,SCH044,2024-07-01,18,14,Family
ATT202407008262,STU008262,SCH010,2024-07-01,14,13,Family
ATT202407008263,STU008263,SCH022,2024-07-01,16,13,Other
ATT202407008264,STU008264,SCH042,2024-07-01,15,12,Other
ATT202407008265,STU008265,SCH020,2024-07-01,18,15,Other
ATT202407008266,STU008266,SCH012,2024-07-01,17,14,Family
ATT202407008267,STU008267,SCH030,2024-07-01,15,12,Unauthorised
ATT202407008268,STU008268,SCH012,2024-07-01,15,12,Family
ATT202407008269,STU008269,SCH046,2024-07-01,16,14,Other
ATT202407008270,STU008270,SCH018,2024-07-01,17,14,Unauthorised
ATT202407008271,STU008271,SCH023,2024-07-01,14,11,Unauthorised
ATT202407008272,STU008272,SCH017,2024-07-01,18,14,Illness
ATT202407008273,STU008273,SCH027,2024-07-01,15,11,Illness
ATT202407008274,STU008274,SCH008,2024-07-01,17,14,Illness
ATT202407008275,STU008275,SCH009,2024-07-01,17,14,Unauthorised
ATT202407008276,STU008276,SCH021,2024-07-01,16,13,Other
ATT202407008277,STU008277,SCH022,2024-07-01,15,10,Medical
ATT202407008278,STU008278,SCH022,2024-07-01,18,15,Family
ATT202407008279,STU008279,SCH007,2024-07-01,16,14,Medical
ATT202407008280,STU008280,SCH014,2024-07-01,15,13,Unauthorised
ATT202407008281,STU008281,SCH010,2024-07-01,14,12,Family
ATT202407008282,STU008282,SCH040,2024-07-01,14,12,Illness
ATT202407008283,STU008283,SCH017,2024-07-01,17,14,Other
ATT202407008284,STU008284,SCH039,2024-07-01,14,13,Family
ATT202407008285,STU008285,SCH038,2024-07-01,14,12,Other
ATT202407008287,STU008287,SCH003,2024-07-01,18,15,Illness
ATT202407008288,STU008288,SCH016,2024-07-01,15,13,Family
ATT202407008289,STU008289,SCH049,2024-07-01,16,12,Unauthorised
ATT202407008290,STU008290,SCH023,2024-07-01,16,13,Family
ATT202407008291,STU008291,SCH037,2024-07-01,16,14,Family
ATT202407008292,STU008292,SCH029,2024-07-01,16,14,Other
ATT202407008293,STU008293,SCH010,2024-07-01,16,14,Family
ATT202407008294,STU008294,SCH032,2024-07-01,16,13,Medical
ATT202407008295,STU008295,SCH050,2024-07-01,16,13,Illness
ATT202407008296,STU008296,SCH013,2024-07-01,18,15,Medical
ATT202407008297,STU008297,SCH016,2024-07-01,18,15,Unauthorised
ATT202407008298,STU008298,SCH020,2024-07-01,16,14,Medical
ATT202407008299,STU008299,SCH002,2024-07-01,16,13,Family
ATT202407008300,STU008300,SCH047,2024-07-01,14,12,Family
ATT202407008301,STU008301,SCH013,2024-07-01,15,13,Medical
ATT202407008302,STU008302,SCH002,2024-07-01,18,12,Illness
ATT202407008303,STU008303,SCH035,2024-07-01,17,14,Illness
ATT202407008304,STU008304,SCH018,2024-07-01,15,13,Family
ATT202407008305,STU008305,SCH034,2024-07-01,18,14,Other
ATT202407008306,STU008306,SCH048,2024-07-01,16,13,Unauthorised
ATT202407008307,STU008307,SCH046,2024-07-01,17,14,Family
ATT202407008308,STU008308,SCH029,2024-07-01,14,11,Other
ATT202407008309,STU008309,SCH034,2024-07-01,17,13,Other
ATT202407008310,STU008310,SCH038,2024-07-01,18,15,Medical
ATT202407008311,STU008311,SCH046,2024-07-01,14,12,Unauthorised
ATT202407008312,STU008312,SCH025,2024-07-01,16,13,Illness
ATT202407008313,STU008313,SCH022,2024-07-01,18,15,Medical
ATT202407008314,STU008314,SCH041,2024-07-01,14,12,Family
ATT202407008315,STU008315,SCH005,2024-07-01,16,14,Family
ATT202407008316,STU008316,SCH034,2024-07-01,15,13,Unauthorised
ATT202407008317,STU008317,SCH049,2024-07-01,14,11,Unauthorised
ATT202407008318,STU008318,SCH004,2024-07-01,18,15,Other
ATT202407008319,STU008319,SCH028,2024-07-01,16,14,Illness
ATT202407008320,STU008320,SCH021,2024-07-01,15,11,Unauthorised
ATT202407008321,STU008321,SCH050,2024-07-01,17,14,Unauthorised
ATT202407008322,STU008322,SCH018,2024-07-01,17,16,Unauthorised
ATT202407008323,STU008323,SCH008,2024-07-01,14,12,Family
ATT202407008324,STU008324,SCH002,2024-07-01,14,10,Medical
ATT202407008325,STU008325,SCH047,2024-07-01,18,15,Other
ATT202407008326,STU008326,SCH024,2024-07-01,15,11,Illness
ATT202407008327,STU008327,SCH048,2024-07-01,18,15,Family
ATT202407008328,STU008328,SCH050,2024-07-01,16,13,Illness
ATT202407008329,STU008329,SCH001,2024-07-01,17,14,Medical
ATT202407008330,STU008330,SCH009,2024-07-01,14,11,Unauthorised
ATT202407008331,STU008331,SCH038,2024-07-01,16,14,Other
ATT202407008332,STU008332,SCH026,2024-07-01,16,13,Unauthorised
ATT202407008333,STU008333,SCH048,2024-07-01,17,15,Illness
ATT202407008334,STU008334,SCH008,2024-07-01,14,12,Illness
ATT202407008335,STU008335,SCH049,2024-07-01,17,15,Other
ATT202407008336,STU008336,SCH017,2024-07-01,16,12,Medical
ATT202407008337,STU008337,SCH049,2024-07-01,16,13,Unauthorised
ATT202407008338,STU008338,SCH012,2024-07-01,15,12,Medical
ATT202407008339,STU008339,SCH042,2024-07-01,18,14,Family
ATT202407008340,STU008340,SCH007,2024-07-01,18,14,Medical
ATT202407008341,STU008341,SCH049,2024-07-01,18,15,Medical
ATT202407008342,STU008342,SCH009,2024-07-01,15,12,Unauthorised
ATT202407008343,STU008343,SCH014,2024-07-01,14,12,Medical
ATT202407008344,STU008344,SCH020,2024-07-01,17,15,Family
ATT202407008345,STU008345,SCH001,2024-07-01,16,12,Unauthorised
ATT202407008346,STU008346,SCH049,2024-07-01,18,13,Medical
ATT202407008347,STU008347,SCH012,2024-07-01,14,12,Illness
ATT202407008348,STU008348,SCH024,2024-07-01,14,10,Illness
ATT202407008349,STU008349,SCH023,2024-07-01,15,12,Illness
ATT202407008350,STU008350,SCH003,2024-07-01,16,14,Illness
ATT202407008351,STU008351,SCH027,2024-07-01,17,15,Other
ATT202407008352,STU008352,SCH012,2024-07-01,14,11,Unauthorised
ATT202407008353,STU008353,SCH002,2024-07-01,16,12,Family
ATT202407008354,STU008354,SCH050,2024-07-01,14,12,Medical
ATT202407008355,STU008355,SCH018,2024-07-01,16,14,Illness
ATT202407008356,STU008356,SCH019,2024-07-01,16,15,Other
ATT202407008357,STU008357,SCH039,2024-07-01,16,14,Illness
ATT202407008358,STU008358,SCH035,2024-07-01,14,11,Medical
ATT202407008359,STU008359,SCH017,2024-07-01,17,14,Other
ATT202407008360,STU008360,SCH008,2024-07-01,17,15,Illness
ATT202407008361,STU008361,SCH003,2024-07-01,14,12,Other
ATT202407008362,STU008362,SCH043,2024-07-01,18,14,Unauthorised
ATT202407008363,STU008363,SCH041,2024-07-01,18,15,Other
ATT202407008364,STU008364,SCH038,2024-07-01,17,13,Illness
ATT202407008365,STU008365,SCH032,2024-07-01,17,13,Unauthorised
ATT202407008366,STU008366,SCH003,2024-07-01,16,14,Other
ATT202407008367,STU008367,SCH044,2024-07-01,14,11,Illness
ATT202407008368,STU008368,SCH029,2024-07-01,18,15,Other
ATT202407008370,STU008370,SCH033,2024-07-01,16,14,Medical
ATT202407008371,STU008371,SCH019,2024-07-01,14,12,Family
ATT202407008372,STU008372,SCH022,2024-07-01,16,12,Medical
ATT202407008373,STU008373,SCH039,2024-07-01,18,15,Other
ATT202407008374,STU008374,SCH037,2024-07-01,17,15,Unauthorised
ATT202407008375,STU008375,SCH007,2024-07-01,17,15,Illness
ATT202407008376,STU008376,SCH049,2024-07-01,15,11,Illness
ATT202407008377,STU008377,SCH045,2024-07-01,17,14,Medical
ATT202407008378,STU008378,SCH013,2024-07-01,16,14,Unauthorised
ATT202407008379,STU008379,SCH024,2024-07-01,16,11,Other
ATT202407008380,STU008380,SCH008,2024-07-01,14,12,Other
ATT202407008381,STU008381,SCH004,2024-07-01,17,14,Family
ATT202407008382,STU008382,SCH017,2024-07-01,15,11,Unauthorised
ATT202407008383,STU008383,SCH020,2024-07-01,18,16,Family
ATT202407008384,STU008384,SCH009,2024-07-01,15,12,Family
ATT202407008385,STU008385,SCH003,2024-07-01,18,16,Family
ATT202407008386,STU008386,SCH027,2024-07-01,17,14,Family
ATT202407008387,STU008387,SCH001,2024-07-01,18,17,Other
ATT202407008388,STU008388,SCH013,2024-07-01,17,15,Medical
ATT202407008389,STU008389,SCH040,2024-07-01,15,13,Family
ATT202407008390,STU008390,SCH011,2024-07-01,15,14,Unauthorised
ATT202407008391,STU008391,SCH045,2024-07-01,14,12,Other
ATT202407008392,STU008392,SCH033,2024-07-01,14,12,Other
ATT202407008393,STU008393,SCH011,2024-07-01,14,12,Medical
ATT202407008394,STU008394,SCH011,2024-07-01,14,12,Family
ATT202407008395,STU008395,SCH027,2024-07-01,18,15,Family
ATT202407008396,STU008396,SCH015,2024-07-01,14,12,Illness
ATT202407008397,STU008397,SCH023,2024-07-01,15,12,Family
ATT202407008398,STU008398,SCH018,2024-07-01,15,13,Illness
ATT202407008399,STU008399,SCH025,2024-07-01,17,15,Illness
ATT202407008400,STU008400,SCH021,2024-07-01,14,11,Other
ATT202407008401,STU008401,SCH050,2024-07-01,18,16,Medical
ATT202407008402,STU008402,SCH036,2024-07-01,16,15,Medical
ATT202407008403,STU008403,SCH006,2024-07-01,16,14,Family
ATT202407008404,STU008404,SCH044,2024-07-01,16,14,Family
ATT202407008405,STU008405,SCH047,2024-07-01,17,16,Family
ATT202407008406,STU008406,SCH018,2024-07-01,14,12,Family
ATT202407008407,STU008407,SCH030,2024-07-01,16,13,Family
ATT202407008408,STU008408,SCH015,2024-07-01,14,11,Medical
ATT202407008409,STU008409,SCH038,2024-07-01,16,13,Other
ATT202407008410,STU008410,SCH029,2024-07-01,16,13,Unauthorised
ATT202407008411,STU008411,SCH028,2024-07-01,16,13,Other
ATT202407008412,STU008412,SCH022,2024-07-01,14,11,Illness
ATT202407008413,STU008413,SCH038,2024-07-01,18,16,Family
ATT202407008414,STU008414,SCH011,2024-07-01,17,14,Family
ATT202407008415,STU008415,SCH008,2024-07-01,18,16,Family
ATT202407008416,STU008416,SCH046,2024-07-01,17,14,Unauthorised
ATT202407008417,STU008417,SCH004,2024-07-01,16,13,Illness
ATT202407008418,STU008418,SCH047,2024-07-01,14,12,Family
ATT202407008419,STU008419,SCH041,2024-07-01,17,15,Illness
ATT202407008420,STU008420,SCH036,2024-07-01,14,13,Other
ATT202407008421,STU008421,SCH042,2024-07-01,16,11,Unauthorised
ATT202407008422,STU008422,SCH044,2024-07-01,15,12,Other
ATT202407008423,STU008423,SCH046,2024-07-01,17,14,Illness
ATT202407008424,STU008424,SCH043,2024-07-01,17,14,Other
ATT202407008425,STU008425,SCH001,2024-07-01,15,11,Medical
ATT202407008426,STU008426,SCH034,2024-07-01,16,13,Illness
ATT202407008427,STU008427,SCH043,2024-07-01,15,12,Unauthorised
ATT202407008428,STU008428,SCH030,2024-07-01,14,12,Other
ATT202407008429,STU008429,SCH033,2024-07-01,16,14,Other
ATT202407008430,STU008430,SCH005,2024-07-01,17,15,Other
ATT202407008431,STU008431,SCH050,2024-07-01,16,13,Other
ATT202407008432,STU008432,SCH018,2024-07-01,15,13,Other
ATT202407008433,STU008433,SCH050,2024-07-01,14,12,Medical
ATT202407008434,STU008434,SCH045,2024-07-01,18,14,Unauthorised
ATT202407008435,STU008435,SCH014,2024-07-01,15,12,Medical
ATT202407008436,STU008436,SCH021,2024-07-01,16,12,Other
ATT202407008437,STU008437,SCH011,2024-07-01,18,15,Illness
ATT202407008438,STU008438,SCH045,2024-07-01,17,14,Medical
ATT202407008439,STU008439,SCH033,2024-07-01,14,12,Family
ATT202407008440,STU008440,SCH005,2024-07-01,15,12,Unauthorised
ATT202407008441,STU008441,SCH011,2024-07-01,18,16,Other
ATT202407008442,STU008442,SCH007,2024-07-01,14,11,Family
ATT202407008443,STU008443,SCH022,2024-07-01,17,12,Family
ATT202407008444,STU008444,SCH046,2024-07-01,14,11,Family
ATT202407008445,STU008445,SCH002,2024-07-01,16,12,Illness
ATT202407008446,STU008446,SCH047,2024-07-01,17,15,Other
ATT202407008447,STU008447,SCH014,2024-07-01,15,12,Unauthorised
ATT202407008448,STU008448,SCH018,2024-07-01,18,15,Medical
ATT202407008449,STU008449,SCH046,2024-07-01,14,11,Family
ATT202407008450,STU008450,SCH032,2024-07-01,17,15,Unauthorised
ATT202407008451,STU008451,SCH027,2024-07-01,14,13,Medical
ATT202407008452,STU008452,SCH026,2024-07-01,18,16,Family
ATT202407008453,STU008453,SCH026,2024-07-01,14,12,Family
ATT202407008454,STU008454,SCH013,2024-07-01,17,14,Illness
ATT202407008455,STU008455,SCH006,2024-07-01,16,13,Unauthorised
ATT202407008456,STU008456,SCH003,2024-07-01,14,11,Unauthorised
ATT202407008457,STU008457,SCH039,2024-07-01,18,15,Family
ATT202407008458,STU008458,SCH044,2024-07-01,15,12,Unauthorised
ATT202407008459,STU008459,SCH011,2024-07-01,16,15,Illness
ATT202407008460,STU008460,SCH040,2024-07-01,16,14,Other
ATT202407008461,STU008461,SCH030,2024-07-01,16,14,Medical
ATT202407008462,STU008462,SCH031,2024-07-01,18,16,Unauthorised
ATT202407008463,STU008463,SCH050,2024-07-01,16,13,Family
ATT202407008464,STU008464,SCH010,2024-07-01,16,11,Family
ATT202407008465,STU008465,SCH029,2024-07-01,18,15,Unauthorised
ATT202407008466,STU008466,SCH023,2024-07-01,18,15,Medical
ATT202407008467,STU008467,SCH011,2024-07-01,14,13,Illness
ATT202407008468,STU008468,SCH006,2024-07-01,18,15,Medical
ATT202407008469,STU008469,SCH029,2024-07-01,18,15,Illness
ATT202407008470,STU008470,SCH032,2024-07-01,18,15,Illness
ATT202407008471,STU008471,SCH040,2024-07-01,17,15,Family
ATT202407008472,STU008472,SCH044,2024-07-01,18,15,Family
ATT202407008473,STU008473,SCH007,2024-07-01,14,12,Other
ATT202407008474,STU008474,SCH045,2024-07-01,16,14,Unauthorised
ATT202407008475,STU008475,SCH018,2024-07-01,18,16,Unauthorised
ATT202407008476,STU008476,SCH006,2024-07-01,15,13,Illness
ATT202407008477,STU008477,SCH013,2024-07-01,18,15,Unauthorised
ATT202407008478,STU008478,SCH040,2024-07-01,14,12,Illness
ATT202407008479,STU008479,SCH022,2024-07-01,14,12,Other
ATT202407008480,STU008480,SCH043,2024-07-01,16,12,Other
ATT202407008481,STU008481,SCH017,2024-07-01,16,14,Medical
ATT202407008482,STU008482,SCH049,2024-07-01,16,14,Unauthorised
ATT202407008483,STU008483,SCH019,2024-07-01,15,13,Illness
ATT202407008484,STU008484,SCH044,2024-07-01,16,14,Other
ATT202407008485,STU008485,SCH009,2024-07-01,18,17,Other
ATT202407008486,STU008486,SCH011,2024-07-01,17,15,Illness
ATT202407008487,STU008487,SCH006,2024-07-01,18,16,Unauthorised
ATT202407008488,STU008488,SCH048,2024-07-01,16,14,Unauthorised
ATT202407008489,STU008489,SCH002,2024-07-01,17,13,Illness
ATT202407008490,STU008490,SCH045,2024-07-01,14,12,Other
ATT202407008491,STU008491,SCH007,2024-07-01,17,14,Medical
ATT202407008492,STU008492,SCH008,2024-07-01,16,14,Medical
ATT202407008493,STU008493,SCH007,2024-07-01,15,11,Unauthorised
ATT202407008494,STU008494,SCH049,2024-07-01,14,11,Family
ATT202407008495,STU008495,SCH006,2024-07-01,18,16,Unauthorised
ATT202407008496,STU008496,SCH021,2024-07-01,18,15,Other
ATT202407008497,STU008497,SCH003,2024-07-01,16,13,Family
ATT202407008498,STU008498,SCH029,2024-07-01,18,15,Unauthorised
ATT202407008499,STU008499,SCH002,2024-07-01,15,11,Medical
ATT202407008500,STU008500,SCH048,2024-07-01,18,16,Unauthorised
ATT202407008501,STU008501,SCH036,2024-07-01,14,13,Other
ATT202407008502,STU008502,SCH009,2024-07-01,15,12,Unauthorised
ATT202407008503,STU008503,SCH002,2024-07-01,17,12,Illness
ATT202407008504,STU008504,SCH003,2024-07-01,16,14,Family
ATT202407008505,STU008505,SCH012,2024-07-01,17,14,Medical
ATT202407008506,STU008506,SCH007,2024-07-01,14,12,Unauthorised
ATT202407008507,STU008507,SCH026,2024-07-01,14,12,Unauthorised
ATT202407008508,STU008508,SCH028,2024-07-01,16,13,Medical
ATT202407008509,STU008509,SCH049,2024-07-01,15,11,Unauthorised
ATT202407008510,STU008510,SCH032,2024-07-01,16,13,Family
ATT202407008511,STU008511,SCH032,2024-07-01,18,16,Unauthorised
ATT202407008512,STU008512,SCH035,2024-07-01,15,11,Illness
ATT202407008513,STU008513,SCH040,2024-07-01,18,15,Illness
ATT202407008514,STU008514,SCH033,2024-07-01,16,14,Illness
ATT202407008515,STU008515,SCH016,2024-07-01,15,13,Other
ATT202407008516,STU008516,SCH008,2024-07-01,15,12,Family
ATT202407008517,STU008517,SCH014,2024-07-01,17,14,Illness
ATT202407008518,STU008518,SCH011,2024-07-01,14,13,Unauthorised
ATT202407008519,STU008519,SCH022,2024-07-01,16,14,Other
ATT202407008520,STU008520,SCH026,2024-07-01,16,15,Unauthorised
ATT202407008521,STU008521,SCH017,2024-07-01,16,13,Illness
ATT202407008522,STU008522,SCH005,2024-07-01,14,13,Medical
ATT202407008523,STU008523,SCH022,2024-07-01,18,14,Medical
ATT202407008524,STU008524,SCH045,2024-07-01,16,12,Medical
ATT202407008525,STU008525,SCH039,2024-07-01,16,14,Family
ATT202407008526,STU008526,SCH041,2024-07-01,16,14,Unauthorised
ATT202407008527,STU008527,SCH022,2024-07-01,18,13,Unauthorised
ATT202407008528,STU008528,SCH031,2024-07-01,14,12,Other
ATT202407008529,STU008529,SCH010,2024-07-01,14,11,Unauthorised
ATT202407008530,STU008530,SCH040,2024-07-01,16,14,Unauthorised
ATT202407008531,STU008531,SCH030,2024-07-01,18,16,Illness
ATT202407008532,STU008532,SCH012,2024-07-01,14,12,Medical
ATT202407008533,STU008533,SCH015,2024-07-01,15,13,Unauthorised
ATT202407008534,STU008534,SCH017,2024-07-01,14,11,Family
ATT202407008535,STU008535,SCH044,2024-07-01,14,12,Other
ATT202407008536,STU008536,SCH023,2024-07-01,15,12,Medical
ATT202407008537,STU008537,SCH040,2024-07-01,15,13,Unauthorised
ATT202407008538,STU008538,SCH022,2024-07-01,15,12,Family
ATT202407008539,STU008539,SCH049,2024-07-01,18,17,Illness
ATT202407008540,STU008540,SCH042,2024-07-01,17,14,Other
ATT202407008541,STU008541,SCH048,2024-07-01,17,13,Other
ATT202407008542,STU008542,SCH044,2024-07-01,17,14,Family
ATT202407008543,STU008543,SCH005,2024-07-01,17,15,Family
ATT202407008544,STU008544,SCH047,2024-07-01,15,14,Illness
ATT202407008545,STU008545,SCH035,2024-07-01,18,14,Medical
ATT202407008546,STU008546,SCH012,2024-07-01,16,14,Medical
ATT202407008547,STU008547,SCH001,2024-07-01,18,14,Unauthorised
ATT202407008548,STU008548,SCH041,2024-07-01,14,12,Other
ATT202407008549,STU008549,SCH009,2024-07-01,17,14,Medical
ATT202407008550,STU008550,SCH024,2024-07-01,14,12,Family
ATT202407008551,STU008551,SCH039,2024-07-01,15,13,Illness
ATT202407008552,STU008552,SCH025,2024-07-01,16,14,Other
ATT202407008553,STU008553,SCH017,2024-07-01,17,12,Family
ATT202407008554,STU008554,SCH043,2024-07-01,17,14,Medical
ATT202407008555,STU008555,SCH027,2024-07-01,16,14,Medical
ATT202407008556,STU008556,SCH045,2024-07-01,17,14,Family
ATT202407008557,STU008557,SCH043,2024-07-01,14,12,Illness
ATT202407008558,STU008558,SCH018,2024-07-01,17,14,Illness
ATT202407008559,STU008559,SCH011,2024-07-01,17,14,Family
ATT202407008560,STU008560,SCH017,2024-07-01,15,10,Other
ATT202407008561,STU008561,SCH001,2024-07-01,16,12,Family
ATT202407008562,STU008562,SCH025,2024-07-01,15,12,Illness
ATT202407008563,STU008563,SCH040,2024-07-01,17,14,Medical
ATT202407008564,STU008564,SCH026,2024-07-01,14,13,Medical
ATT202407008565,STU008565,SCH039,2024-07-01,17,15,Illness
ATT202407008566,STU008566,SCH019,2024-07-01,16,13,Unauthorised
ATT202407008567,STU008567,SCH046,2024-07-01,15,11,Family
ATT202407008568,STU008568,SCH022,2024-07-01,18,13,Unauthorised
ATT202407008569,STU008569,SCH028,2024-07-01,18,15,Medical
ATT202407008570,STU008570,SCH030,2024-07-01,18,14,Other
ATT202407008571,STU008571,SCH016,2024-07-01,18,17,Other
ATT202407008572,STU008572,SCH006,2024-07-01,15,13,Unauthorised
ATT202407008573,STU008573,SCH005,2024-07-01,17,14,Illness
ATT202407008574,STU008574,SCH046,2024-07-01,14,12,Illness
ATT202407008575,STU008575,SCH018,2024-07-01,15,13,Family
ATT202407008576,STU008576,SCH010,2024-07-01,16,13,Family
ATT202407008577,STU008577,SCH034,2024-07-01,17,14,Family
ATT202407008578,STU008578,SCH008,2024-07-01,18,15,Unauthorised
ATT202407008579,STU008579,SCH031,2024-07-01,15,13,Illness
ATT202407008580,STU008580,SCH043,2024-07-01,18,15,Medical
ATT202407008581,STU008581,SCH008,2024-07-01,17,14,Family
ATT202407008582,STU008582,SCH035,2024-07-01,16,12,Unauthorised
ATT202407008583,STU008583,SCH028,2024-07-01,17,15,Medical
ATT202407008584,STU008584,SCH015,2024-07-01,17,15,Other
ATT202407008585,STU008585,SCH006,2024-07-01,17,15,Medical
ATT202407008586,STU008586,SCH011,2024-07-01,16,14,Unauthorised
ATT202407008587,STU008587,SCH011,2024-07-01,14,12,Illness
ATT202407008588,STU008588,SCH031,2024-07-01,14,11,Other
ATT202407008589,STU008589,SCH011,2024-07-01,18,16,Unauthorised
ATT202407008590,STU008590,SCH004,2024-07-01,17,15,Medical
ATT202407008591,STU008591,SCH037,2024-07-01,16,13,Illness
ATT202407008592,STU008592,SCH022,2024-07-01,18,12,Family
ATT202407008593,STU008593,SCH050,2024-07-01,17,15,Other
ATT202407008594,STU008594,SCH034,2024-07-01,15,11,Illness
ATT202407008595,STU008595,SCH021,2024-07-01,17,14,Unauthorised
ATT202407008596,STU008596,SCH010,2024-07-01,15,12,Family
ATT202407008597,STU008597,SCH028,2024-07-01,15,13,Unauthorised
ATT202407008598,STU008598,SCH030,2024-07-01,14,13,Medical
ATT202407008599,STU008599,SCH036,2024-07-01,16,13,Medical
ATT202407008600,STU008600,SCH041,2024-07-01,15,13,Illness
ATT202407008601,STU008601,SCH049,2024-07-01,15,13,Other
ATT202407008602,STU008602,SCH033,2024-07-01,14,12,Other
ATT202407008603,STU008603,SCH030,2024-07-01,14,12,Family
ATT202407008604,STU008604,SCH025,2024-07-01,16,14,Other
ATT202407008605,STU008605,SCH008,2024-07-01,17,15,Other
ATT202407008606,STU008606,SCH031,2024-07-01,14,11,Family
ATT202407008607,STU008607,SCH018,2024-07-01,16,13,Medical
ATT202407008608,STU008608,SCH012,2024-07-01,15,12,Unauthorised
ATT202407008609,STU008609,SCH028,2024-07-01,16,14,Other
ATT202407008610,STU008610,SCH024,2024-07-01,14,13,Unauthorised
ATT202407008611,STU008611,SCH008,2024-07-01,17,14,Illness
ATT202407008612,STU008612,SCH030,2024-07-01,17,15,Medical
ATT202407008613,STU008613,SCH027,2024-07-01,17,15,Unauthorised
ATT202407008614,STU008614,SCH016,2024-07-01,18,15,Family
ATT202407008615,STU008615,SCH039,2024-07-01,18,15,Medical
ATT202407008616,STU008616,SCH047,2024-07-01,18,16,Unauthorised
ATT202407008617,STU008617,SCH010,2024-07-01,17,15,Other
ATT202407008618,STU008618,SCH032,2024-07-01,18,15,Unauthorised
ATT202407008619,STU008619,SCH021,2024-07-01,18,16,Illness
ATT202407008620,STU008620,SCH018,2024-07-01,17,16,Family
ATT202407008621,STU008621,SCH044,2024-07-01,18,15,Other
ATT202407008622,STU008622,SCH001,2024-07-01,17,12,Other
ATT202407008623,STU008623,SCH008,2024-07-01,16,14,Family
ATT202407008624,STU008624,SCH048,2024-07-01,18,16,Medical
ATT202407008625,STU008625,SCH043,2024-07-01,15,13,Illness
ATT202407008626,STU008626,SCH045,2024-07-01,17,14,Medical
ATT202407008627,STU008627,SCH049,2024-07-01,14,10,Illness
ATT202407008628,STU008628,SCH042,2024-07-01,17,13,Family
ATT202407008629,STU008629,SCH001,2024-07-01,17,13,Medical
ATT202407008630,STU008630,SCH032,2024-07-01,16,14,Family
ATT202407008631,STU008631,SCH035,2024-07-01,16,13,Illness
ATT202407008632,STU008632,SCH001,2024-07-01,18,12,Illness
ATT202407008633,STU008633,SCH048,2024-07-01,14,12,Unauthorised
ATT202407008634,STU008634,SCH020,2024-07-01,18,15,Family
ATT202407008635,STU008635,SCH017,2024-07-01,17,15,Illness
ATT202407008636,STU008636,SCH024,2024-07-01,17,14,Illness
ATT202407008637,STU008637,SCH047,2024-07-01,16,13,Family
ATT202407008638,STU008638,SCH007,2024-07-01,17,14,Medical
ATT202407008639,STU008639,SCH024,2024-07-01,18,14,Medical
ATT202407008640,STU008640,SCH032,2024-07-01,14,13,Medical
ATT202407008641,STU008641,SCH048,2024-07-01,16,14,Illness
ATT202407008642,STU008642,SCH033,2024-07-01,14,12,Other
ATT202407008643,STU008643,SCH048,2024-07-01,16,13,Medical
ATT202407008644,STU008644,SCH024,2024-07-01,15,12,Medical
ATT202407008645,STU008645,SCH037,2024-07-01,16,13,Illness
ATT202407008646,STU008646,SCH034,2024-07-01,14,12,Unauthorised
ATT202407008647,STU008647,SCH037,2024-07-01,16,14,Medical
ATT202407008648,STU008648,SCH017,2024-07-01,18,14,Unauthorised
ATT202407008649,STU008649,SCH016,2024-07-01,18,15,Other
ATT202407008650,STU008650,SCH016,2024-07-01,17,16,Medical
ATT202407008651,STU008651,SCH039,2024-07-01,14,12,Medical
ATT202407008652,STU008652,SCH021,2024-07-01,15,11,Family
ATT202407008653,STU008653,SCH014,2024-07-01,18,15,Family
ATT202407008654,STU008654,SCH050,2024-07-01,15,13,Family
ATT202407008655,STU008655,SCH024,2024-07-01,15,12,Family
ATT202407008656,STU008656,SCH005,2024-07-01,16,14,Other
ATT202407008657,STU008657,SCH009,2024-07-01,14,12,Other
ATT202407008658,STU008658,SCH020,2024-07-01,16,14,Medical
ATT202407008659,STU008659,SCH046,2024-07-01,16,13,Illness
ATT202407008660,STU008660,SCH037,2024-07-01,18,16,Unauthorised
ATT202407008661,STU008661,SCH005,2024-07-01,17,15,Other
ATT202407008662,STU008662,SCH037,2024-07-01,18,15,Illness
ATT202407008663,STU008663,SCH037,2024-07-01,15,12,Medical
ATT202407008664,STU008664,SCH032,2024-07-01,17,14,Illness
ATT202407008665,STU008665,SCH049,2024-07-01,15,12,Illness
ATT202407008666,STU008666,SCH011,2024-07-01,15,14,Medical
ATT202407008667,STU008667,SCH002,2024-07-01,14,11,Medical
ATT202407008668,STU008668,SCH034,2024-07-01,18,12,Family
ATT202407008669,STU008669,SCH015,2024-07-01,15,12,Illness
ATT202407008670,STU008670,SCH037,2024-07-01,17,15,Other
ATT202407008671,STU008671,SCH003,2024-07-01,16,13,Family
ATT202407008672,STU008672,SCH047,2024-07-01,17,15,Family
ATT202407008673,STU008673,SCH036,2024-07-01,18,15,Medical
ATT202407008674,STU008674,SCH021,2024-07-01,15,13,Medical
ATT202407008675,STU008675,SCH008,2024-07-01,16,14,Other
ATT202407008676,STU008676,SCH008,2024-07-01,18,15,Unauthorised
ATT202407008677,STU008677,SCH032,2024-07-01,16,14,Family
ATT202407008678,STU008678,SCH046,2024-07-01,14,12,Unauthorised
ATT202407008679,STU008679,SCH020,2024-07-01,17,15,Medical
ATT202407008680,STU008680,SCH022,2024-07-01,17,15,Other
ATT202407008681,STU008681,SCH041,2024-07-01,16,14,Unauthorised
ATT202407008682,STU008682,SCH037,2024-07-01,15,13,Other
ATT202407008683,STU008683,SCH010,2024-07-01,14,13,Family
ATT202407008684,STU008684,SCH034,2024-07-01,18,14,Unauthorised
ATT202407008685,STU008685,SCH037,2024-07-01,17,15,Other
ATT202407008686,STU008686,SCH025,2024-07-01,14,11,Unauthorised
ATT202407008687,STU008687,SCH010,2024-07-01,16,13,Other
ATT202407008688,STU008688,SCH018,2024-07-01,16,14,Unauthorised
ATT202407008689,STU008689,SCH012,2024-07-01,17,15,Illness
ATT202407008690,STU008690,SCH030,2024-07-01,16,14,Family
ATT202407008691,STU008691,SCH008,2024-07-01,14,12,Family
ATT202407008692,STU008692,SCH003,2024-07-01,15,13,Other
ATT202407008693,STU008693,SCH034,2024-07-01,16,13,Illness
ATT202407008694,STU008694,SCH030,2024-07-01,18,16,Unauthorised
ATT202407008695,STU008695,SCH006,2024-07-01,18,14,Medical
ATT202407008696,STU008696,SCH023,2024-07-01,16,13,Medical
ATT202407008697,STU008697,SCH020,2024-07-01,15,13,Illness
ATT202407008698,STU008698,SCH017,2024-07-01,14,12,Family
ATT202407008699,STU008699,SCH005,2024-07-01,14,12,Family
ATT202407008700,STU008700,SCH045,2024-07-01,14,11,Unauthorised
ATT202407008701,STU008701,SCH004,2024-07-01,14,12,Other
ATT202407008702,STU008702,SCH021,2024-07-01,14,10,Medical
ATT202407008703,STU008703,SCH030,2024-07-01,15,13,Other
ATT202407008704,STU008704,SCH014,2024-07-01,16,14,Other
ATT202407008705,STU008705,SCH035,2024-07-01,15,11,Family
ATT202407008706,STU008706,SCH007,2024-07-01,14,11,Family
ATT202407008707,STU008707,SCH046,2024-07-01,18,16,Other
ATT202407008708,STU008708,SCH044,2024-07-01,14,11,Other
ATT202407008709,STU008709,SCH012,2024-07-01,15,12,Medical
ATT202407008710,STU008710,SCH024,2024-07-01,18,15,Illness
ATT202407008711,STU008711,SCH014,2024-07-01,14,12,Family
ATT202407008712,STU008712,SCH015,2024-07-01,17,14,Unauthorised
ATT202407008713,STU008713,SCH009,2024-07-01,14,11,Family
ATT202407008714,STU008714,SCH032,2024-07-01,17,14,Illness
ATT202407008715,STU008715,SCH014,2024-07-01,14,12,Unauthorised
ATT202407008716,STU008716,SCH012,2024-07-01,17,14,Family
ATT202407008717,STU008717,SCH004,2024-07-01,14,12,Family
ATT202407008718,STU008718,SCH043,2024-07-01,17,14,Medical
ATT202407008719,STU008719,SCH035,2024-07-01,16,13,Medical
ATT202407008720,STU008720,SCH024,2024-07-01,15,11,Other
ATT202407008721,STU008721,SCH017,2024-07-01,15,12,Medical
ATT202407008722,STU008722,SCH016,2024-07-01,18,16,Illness
ATT202407008723,STU008723,SCH018,2024-07-01,15,13,Family
ATT202407008724,STU008724,SCH003,2024-07-01,15,13,Other
ATT202407008725,STU008725,SCH032,2024-07-01,16,14,Medical
ATT202407008726,STU008726,SCH009,2024-07-01,17,15,Illness
ATT202407008727,STU008727,SCH049,2024-07-01,14,10,Illness
ATT202407008728,STU008728,SCH019,2024-07-01,15,13,Illness
ATT202407008729,STU008729,SCH005,2024-07-01,15,13,Illness
ATT202407008730,STU008730,SCH028,2024-07-01,14,12,Unauthorised
ATT202407008731,STU008731,SCH016,2024-07-01,17,15,Illness
ATT202407008732,STU008732,SCH028,2024-07-01,14,12,Other
ATT202407008733,STU008733,SCH044,2024-07-01,15,12,Family
ATT202407008734,STU008734,SCH040,2024-07-01,18,14,Unauthorised
ATT202407008735,STU008735,SCH006,2024-07-01,18,16,Illness
ATT202407008736,STU008736,SCH009,2024-07-01,14,12,Medical
ATT202407008737,STU008737,SCH038,2024-07-01,18,16,Medical
ATT202407008738,STU008738,SCH009,2024-07-01,15,12,Medical
ATT202407008739,STU008739,SCH009,2024-07-01,14,12,Family
ATT202407008740,STU008740,SCH010,2024-07-01,15,12,Medical
ATT202407008741,STU008741,SCH033,2024-07-01,16,14,Unauthorised
ATT202407008742,STU008742,SCH009,2024-07-01,18,14,Unauthorised
ATT202407008743,STU008743,SCH008,2024-07-01,15,12,Family
ATT202407008744,STU008744,SCH023,2024-07-01,14,11,Other
ATT202407008745,STU008745,SCH021,2024-07-01,16,13,Unauthorised
ATT202407008746,STU008746,SCH029,2024-07-01,16,13,Unauthorised
ATT202407008747,STU008747,SCH009,2024-07-01,15,13,Family
ATT202407008748,STU008748,SCH005,2024-07-01,18,15,Family
ATT202407008749,STU008749,SCH031,2024-07-01,17,14,Family
ATT202407008750,STU008750,SCH031,2024-07-01,17,15,Other
ATT202407008751,STU008751,SCH027,2024-07-01,16,14,Other
ATT202407008752,STU008752,SCH037,2024-07-01,14,11,Unauthorised
ATT202407008753,STU008753,SCH013,2024-07-01,18,16,Illness
ATT202407008754,STU008754,SCH016,2024-07-01,14,12,Illness
ATT202407008755,STU008755,SCH049,2024-07-01,16,13,Illness
ATT202407008756,STU008756,SCH019,2024-07-01,14,11,Other
ATT202407008757,STU008757,SCH030,2024-07-01,14,12,Illness
ATT202407008758,STU008758,SCH016,2024-07-01,16,13,Illness
ATT202407008759,STU008759,SCH010,2024-07-01,16,15,Illness
ATT202407008760,STU008760,SCH044,2024-07-01,17,13,Other
ATT202407008761,STU008761,SCH032,2024-07-01,15,12,Medical
ATT202407008762,STU008762,SCH044,2024-07-01,16,14,Illness
ATT202407008763,STU008763,SCH013,2024-07-01,17,15,Unauthorised
ATT202407008764,STU008764,SCH021,2024-07-01,16,11,Medical
ATT202407008765,STU008765,SCH009,2024-07-01,18,16,Other
ATT202407008766,STU008766,SCH034,2024-07-01,18,15,Unauthorised
ATT202407008767,STU008767,SCH019,2024-07-01,14,12,Family
ATT202407008768,STU008768,SCH032,2024-07-01,15,12,Family
ATT202407008769,STU008769,SCH004,2024-07-01,18,16,Other
ATT202407008770,STU008770,SCH007,2024-07-01,15,12,Family
ATT202407008771,STU008771,SCH028,2024-07-01,16,13,Illness
ATT202407008772,STU008772,SCH004,2024-07-01,16,13,Family
ATT202407008773,STU008773,SCH028,2024-07-01,16,13,Family
ATT202407008774,STU008774,SCH044,2024-07-01,14,12,Family
ATT202407008775,STU008775,SCH026,2024-07-01,14,12,Other
ATT202407008776,STU008776,SCH006,2024-07-01,18,15,Medical
ATT202407008777,STU008777,SCH020,2024-07-01,15,14,Medical
ATT202407008778,STU008778,SCH002,2024-07-01,18,14,Other
ATT202407008779,STU008779,SCH024,2024-07-01,17,15,Unauthorised
ATT202407008780,STU008780,SCH030,2024-07-01,15,13,Medical
ATT202407008781,STU008781,SCH028,2024-07-01,16,13,Family
ATT202407008782,STU008782,SCH001,2024-07-01,18,13,Other
ATT202407008783,STU008783,SCH013,2024-07-01,15,12,Family
ATT202407008784,STU008784,SCH005,2024-07-01,18,16,Other
ATT202407008785,STU008785,SCH042,2024-07-01,18,14,Other
ATT202407008786,STU008786,SCH039,2024-07-01,16,15,Illness
ATT202407008787,STU008787,SCH043,2024-07-01,16,14,Other
ATT202407008788,STU008788,SCH031,2024-07-01,14,11,Family
ATT202407008789,STU008789,SCH036,2024-07-01,14,13,Medical
ATT202407008790,STU008790,SCH019,2024-07-01,15,13,Illness
ATT202407008791,STU008791,SCH013,2024-07-01,16,14,Other
ATT202407008792,STU008792,SCH007,2024-07-01,17,13,Family
ATT202407008793,STU008793,SCH010,2024-07-01,15,13,Other
ATT202407008794,STU008794,SCH011,2024-07-01,14,11,Illness
ATT202407008795,STU008795,SCH004,2024-07-01,15,13,Family
ATT202407008796,STU008796,SCH037,2024-07-01,16,14,Family
ATT202407008797,STU008797,SCH048,2024-07-01,15,13,Medical
ATT202407008798,STU008798,SCH028,2024-07-01,17,14,Illness
ATT202407008799,STU008799,SCH027,2024-07-01,16,14,Other
ATT202407008800,STU008800,SCH010,2024-07-01,17,14,Illness
ATT202407008801,STU008801,SCH035,2024-07-01,14,11,Medical
ATT202407008802,STU008802,SCH002,2024-07-01,17,14,Other
ATT202407008803,STU008803,SCH022,2024-07-01,16,12,Illness
ATT202407008804,STU008804,SCH005,2024-07-01,18,15,Family
ATT202407008805,STU008805,SCH048,2024-07-01,18,15,Unauthorised
ATT202407008806,STU008806,SCH021,2024-07-01,18,14,Family
ATT202407008807,STU008807,SCH009,2024-07-01,14,11,Unauthorised
ATT202407008808,STU008808,SCH045,2024-07-01,15,13,Illness
ATT202407008809,STU008809,SCH034,2024-07-01,14,11,Medical
ATT202407008810,STU008810,SCH032,2024-07-01,18,16,Other
ATT202407008811,STU008811,SCH029,2024-07-01,18,14,Family
ATT202407008812,STU008812,SCH015,2024-07-01,14,13,Illness
ATT202407008813,STU008813,SCH028,2024-07-01,14,11,Family
ATT202407008814,STU008814,SCH003,2024-07-01,14,12,Medical
ATT202407008815,STU008815,SCH029,2024-07-01,18,15,Unauthorised
ATT202407008816,STU008816,SCH048,2024-07-01,15,13,Unauthorised
ATT202407008817,STU008817,SCH031,2024-07-01,15,13,Illness
ATT202407008818,STU008818,SCH018,2024-07-01,17,14,Other
ATT202407008819,STU008819,SCH042,2024-07-01,15,12,Medical
ATT202407008820,STU008820,SCH005,2024-07-01,15,14,Illness
ATT202407008821,STU008821,SCH023,2024-07-01,16,13,Illness
ATT202407008822,STU008822,SCH025,2024-07-01,16,14,Family
ATT202407008823,STU008823,SCH049,2024-07-01,14,10,Unauthorised
ATT202407008824,STU008824,SCH034,2024-07-01,15,11,Illness
ATT202407008825,STU008825,SCH045,2024-07-01,14,12,Unauthorised
ATT202407008826,STU008826,SCH030,2024-07-01,14,12,Illness
ATT202407008827,STU008827,SCH018,2024-07-01,16,14,Family
ATT202407008828,STU008828,SCH034,2024-07-01,18,15,Family
ATT202407008829,STU008829,SCH017,2024-07-01,16,13,Other
ATT202407008830,STU008830,SCH035,2024-07-01,17,13,Medical
ATT202407008831,STU008831,SCH044,2024-07-01,18,14,Other
ATT202407008832,STU008832,SCH047,2024-07-01,18,16,Unauthorised
ATT202407008833,STU008833,SCH022,2024-07-01,15,12,Unauthorised
ATT202407008834,STU008834,SCH006,2024-07-01,17,16,Other
ATT202407008835,STU008835,SCH016,2024-07-01,15,13,Illness
ATT202407008836,STU008836,SCH002,2024-07-01,15,10,Other
ATT202407008837,STU008837,SCH037,2024-07-01,14,12,Family
ATT202407008838,STU008838,SCH021,2024-07-01,15,14,Illness
ATT202407008839,STU008839,SCH032,2024-07-01,17,14,Medical
ATT202407008840,STU008840,SCH025,2024-07-01,14,12,Other
ATT202407008841,STU008841,SCH042,2024-07-01,18,15,Medical
ATT202407008842,STU008842,SCH032,2024-07-01,14,11,Family
ATT202407008843,STU008843,SCH045,2024-07-01,17,14,Unauthorised
ATT202407008844,STU008844,SCH050,2024-07-01,17,14,Illness
ATT202407008845,STU008845,SCH014,2024-07-01,18,15,Illness
ATT202407008846,STU008846,SCH031,2024-07-01,18,14,Illness
ATT202407008847,STU008847,SCH047,2024-07-01,15,12,Other
ATT202407008848,STU008848,SCH027,2024-07-01,18,15,Illness
ATT202407008849,STU008849,SCH009,2024-07-01,16,13,Other
ATT202407008850,STU008850,SCH028,2024-07-01,18,15,Medical
ATT202407008851,STU008851,SCH032,2024-07-01,18,16,Unauthorised
ATT202407008852,STU008852,SCH015,2024-07-01,17,16,Illness
ATT202407008853,STU008853,SCH027,2024-07-01,18,15,Family
ATT202407008854,STU008854,SCH041,2024-07-01,16,13,Illness
ATT202407008855,STU008855,SCH011,2024-07-01,14,12,Medical
ATT202407008856,STU008856,SCH025,2024-07-01,17,14,Medical
ATT202407008857,STU008857,SCH023,2024-07-01,17,14,Family
ATT202407008858,STU008858,SCH020,2024-07-01,18,15,Other
ATT202407008859,STU008859,SCH025,2024-07-01,15,14,Illness
ATT202407008860,STU008860,SCH001,2024-07-01,17,13,Illness
ATT202407008861,STU008861,SCH045,2024-07-01,17,14,Medical
ATT202407008862,STU008862,SCH026,2024-07-01,16,13,Medical
ATT202407008863,STU008863,SCH014,2024-07-01,15,13,Illness
ATT202407008864,STU008864,SCH048,2024-07-01,17,14,Medical
ATT202407008866,STU008866,SCH011,2024-07-01,18,16,Family
ATT202407008867,STU008867,SCH026,2024-07-01,17,15,Medical
ATT202407008868,STU008868,SCH042,2024-07-01,17,14,Unauthorised
ATT202407008869,STU008869,SCH004,2024-07-01,15,13,Medical
ATT202407008870,STU008870,SCH014,2024-07-01,17,14,Illness
ATT202407008871,STU008871,SCH021,2024-07-01,18,13,Illness
ATT202407008872,STU008872,SCH017,2024-07-01,15,11,Other
ATT202407008873,STU008873,SCH044,2024-07-01,14,12,Medical
ATT202407008874,STU008874,SCH009,2024-07-01,16,13,Unauthorised
ATT202407008875,STU008875,SCH013,2024-07-01,14,12,Family
ATT202407008876,STU008876,SCH003,2024-07-01,15,14,Family
ATT202407008877,STU008877,SCH014,2024-07-01,16,12,Unauthorised
ATT202407008878,STU008878,SCH034,2024-07-01,17,12,Unauthorised
ATT202407008879,STU008879,SCH048,2024-07-01,17,16,Family
ATT202407008880,STU008880,SCH016,2024-07-01,18,16,Unauthorised
ATT202407008881,STU008881,SCH017,2024-07-01,17,13,Unauthorised
ATT202407008882,STU008882,SCH004,2024-07-01,17,15,Medical
ATT202407008883,STU008883,SCH014,2024-07-01,14,11,Unauthorised
ATT202407008884,STU008884,SCH024,2024-07-01,17,14,Illness
ATT202407008885,STU008885,SCH015,2024-07-01,14,11,Other
ATT202407008886,STU008886,SCH003,2024-07-01,17,15,Unauthorised
ATT202407008887,STU008887,SCH033,2024-07-01,18,16,Illness
ATT202407008888,STU008888,SCH049,2024-07-01,17,13,Unauthorised
ATT202407008889,STU008889,SCH012,2024-07-01,15,14,Illness
ATT202407008891,STU008891,SCH017,2024-07-01,14,12,Illness
ATT202407008892,STU008892,SCH043,2024-07-01,15,11,Family
ATT202407008893,STU008893,SCH009,2024-07-01,18,14,Family
ATT202407008894,STU008894,SCH019,2024-07-01,14,11,Illness
ATT202407008895,STU008895,SCH033,2024-07-01,16,13,Illness
ATT202407008896,STU008896,SCH010,2024-07-01,18,16,Other
ATT202407008897,STU008897,SCH049,2024-07-01,18,14,Unauthorised
ATT202407008898,STU008898,SCH032,2024-07-01,14,12,Unauthorised
ATT202407008899,STU008899,SCH032,2024-07-01,17,14,Other
ATT202407008900,STU008900,SCH012,2024-07-01,16,13,Illness
ATT202407008901,STU008901,SCH048,2024-07-01,16,15,Family
ATT202407008902,STU008902,SCH030,2024-07-01,16,14,Family
ATT202407008903,STU008903,SCH019,2024-07-01,16,13,Medical
ATT202407008904,STU008904,SCH016,2024-07-01,18,16,Illness
ATT202407008905,STU008905,SCH010,2024-07-01,16,14,Family
ATT202407008906,STU008906,SCH034,2024-07-01,18,14,Unauthorised
ATT202407008907,STU008907,SCH036,2024-07-01,16,13,Medical
ATT202407008908,STU008908,SCH036,2024-07-01,18,15,Medical
ATT202407008909,STU008909,SCH049,2024-07-01,14,11,Other
ATT202407008910,STU008910,SCH016,2024-07-01,16,14,Other
ATT202407008911,STU008911,SCH044,2024-07-01,16,14,Other
ATT202407008912,STU008912,SCH013,2024-07-01,15,13,Family
ATT202407008913,STU008913,SCH010,2024-07-01,18,14,Illness
ATT202407008914,STU008914,SCH022,2024-07-01,14,12,Medical
ATT202407008915,STU008915,SCH008,2024-07-01,14,12,Unauthorised
ATT202407008916,STU008916,SCH040,2024-07-01,14,12,Medical
ATT202407008917,STU008917,SCH015,2024-07-01,17,14,Family
ATT202407008918,STU008918,SCH049,2024-07-01,15,13,Other
ATT202407008919,STU008919,SCH030,2024-07-01,15,13,Other
ATT202407008920,STU008920,SCH044,2024-07-01,18,15,Unauthorised
ATT202407008921,STU008921,SCH028,2024-07-01,16,13,Unauthorised
ATT202407008922,STU008922,SCH031,2024-07-01,14,11,Family
ATT202407008923,STU008923,SCH026,2024-07-01,17,15,Other
ATT202407008924,STU008924,SCH013,2024-07-01,17,14,Medical
ATT202407008925,STU008925,SCH018,2024-07-01,15,13,Illness
ATT202407008927,STU008927,SCH035,2024-07-01,14,12,Illness
ATT202407008928,STU008928,SCH049,2024-07-01,15,13,Family
ATT202407008929,STU008929,SCH014,2024-07-01,14,12,Other
ATT202407008930,STU008930,SCH041,2024-07-01,15,13,Medical
ATT202407008931,STU008931,SCH024,2024-07-01,17,12,Medical
ATT202407008932,STU008932,SCH037,2024-07-01,18,15,Other
ATT202407008933,STU008933,SCH008,2024-07-01,16,14,Unauthorised
ATT202407008934,STU008934,SCH023,2024-07-01,16,13,Family
ATT202407008935,STU008935,SCH024,2024-07-01,16,14,Illness
ATT202407008936,STU008936,SCH049,2024-07-01,15,12,Illness
ATT202407008937,STU008937,SCH017,2024-07-01,14,12,Other
ATT202407008938,STU008938,SCH012,2024-07-01,18,15,Family
ATT202407008939,STU008939,SCH038,2024-07-01,17,14,Other
ATT202407008940,STU008940,SCH049,2024-07-01,16,13,Unauthorised
ATT202407008941,STU008941,SCH047,2024-07-01,14,11,Family
ATT202407008942,STU008942,SCH005,2024-07-01,18,15,Other
ATT202407008943,STU008943,SCH010,2024-07-01,18,14,Unauthorised
ATT202407008944,STU008944,SCH001,2024-07-01,16,12,Illness
ATT202407008945,STU008945,SCH039,2024-07-01,15,14,Medical
ATT202407008946,STU008946,SCH011,2024-07-01,17,15,Illness
ATT202407008947,STU008947,SCH043,2024-07-01,17,15,Other
ATT202407008948,STU008948,SCH047,2024-07-01,16,14,Unauthorised
ATT202407008949,STU008949,SCH002,2024-07-01,15,12,Other
ATT202407008950,STU008950,SCH034,2024-07-01,17,12,Illness
ATT202407008951,STU008951,SCH012,2024-07-01,17,15,Illness
ATT202407008952,STU008952,SCH043,2024-07-01,17,13,Medical
ATT202407008953,STU008953,SCH036,2024-07-01,15,13,Family
ATT202407008954,STU008954,SCH001,2024-07-01,18,14,Other
ATT202407008955,STU008955,SCH036,2024-07-01,16,14,Illness
ATT202407008956,STU008956,SCH014,2024-07-01,17,14,Illness
ATT202407008957,STU008957,SCH032,2024-07-01,17,15,Illness
ATT202407008958,STU008958,SCH038,2024-07-01,15,13,Unauthorised
ATT202407008959,STU008959,SCH042,2024-07-01,18,15,Family
ATT202407008960,STU008960,SCH035,2024-07-01,14,12,Unauthorised
ATT202407008961,STU008961,SCH025,2024-07-01,18,15,Unauthorised
ATT202407008962,STU008962,SCH006,2024-07-01,16,14,Unauthorised
ATT202407008963,STU008963,SCH019,2024-07-01,16,14,Medical
ATT202407008964,STU008964,SCH013,2024-07-01,15,13,Unauthorised
ATT202407008965,STU008965,SCH010,2024-07-01,18,15,Unauthorised
ATT202407008966,STU008966,SCH008,2024-07-01,17,14,Medical
ATT202407008967,STU008967,SCH009,2024-07-01,15,13,Illness
ATT202407008968,STU008968,SCH017,2024-07-01,17,12,Other
ATT202407008969,STU008969,SCH041,2024-07-01,18,16,Family
ATT202407008970,STU008970,SCH006,2024-07-01,17,14,Unauthorised
ATT202407008971,STU008971,SCH017,2024-07-01,14,9,Illness
ATT202407008972,STU008972,SCH009,2024-07-01,14,12,Unauthorised
ATT202407008973,STU008973,SCH035,2024-07-01,15,12,Medical
ATT202407008974,STU008974,SCH019,2024-07-01,15,13,Family
ATT202407008975,STU008975,SCH017,2024-07-01,14,11,Unauthorised
ATT202407008976,STU008976,SCH048,2024-07-01,18,15,Illness
ATT202407008977,STU008977,SCH009,2024-07-01,18,14,Family
ATT202407008978,STU008978,SCH034,2024-07-01,16,12,Medical
ATT202407008979,STU008979,SCH025,2024-07-01,14,12,Other
ATT202407008980,STU008980,SCH037,2024-07-01,14,11,Other
ATT202407008981,STU008981,SCH003,2024-07-01,15,12,Unauthorised
ATT202407008982,STU008982,SCH005,2024-07-01,14,12,Other
ATT202407008983,STU008983,SCH004,2024-07-01,15,13,Other
ATT202407008984,STU008984,SCH033,2024-07-01,18,15,Family
ATT202407008985,STU008985,SCH036,2024-07-01,18,16,Other
ATT202407008986,STU008986,SCH035,2024-07-01,18,15,Illness
ATT202407008987,STU008987,SCH048,2024-07-01,18,16,Other
ATT202407008988,STU008988,SCH021,2024-07-01,17,13,Illness
ATT202407008989,STU008989,SCH010,2024-07-01,18,15,Family
ATT202407008990,STU008990,SCH031,2024-07-01,15,13,Illness
ATT202407008991,STU008991,SCH019,2024-07-01,16,13,Other
ATT202407008992,STU008992,SCH042,2024-07-01,15,11,Illness
ATT202407008993,STU008993,SCH038,2024-07-01,14,13,Unauthorised
ATT202407008994,STU008994,SCH009,2024-07-01,14,12,Medical
ATT202407008995,STU008995,SCH002,2024-07-01,17,13,Family
ATT202407008996,STU008996,SCH010,2024-07-01,15,14,Other
ATT202407008997,STU008997,SCH021,2024-07-01,14,11,Illness
ATT202407008998,STU008998,SCH035,2024-07-01,18,14,Medical
ATT202407008999,STU008999,SCH034,2024-07-01,15,12,Medical
ATT202407009000,STU009000,SCH044,2024-07-01,15,11,Other
ATT202407009001,STU009001,SCH007,2024-07-01,14,12,Family
ATT202407009002,STU009002,SCH040,2024-07-01,17,14,Medical
ATT202407009003,STU009003,SCH002,2024-07-01,17,14,Other
ATT202407009004,STU009004,SCH026,2024-07-01,18,16,Illness
ATT202407009005,STU009005,SCH017,2024-07-01,16,13,Other
ATT202407009006,STU009006,SCH033,2024-07-01,16,14,Other
ATT202407009007,STU009007,SCH048,2024-07-01,16,13,Medical
ATT202407009008,STU009008,SCH004,2024-07-01,18,15,Unauthorised
ATT202407009009,STU009009,SCH044,2024-07-01,18,14,Family
ATT202407009010,STU009010,SCH024,2024-07-01,17,12,Other
ATT202407009011,STU009011,SCH043,2024-07-01,18,15,Unauthorised
ATT202407009012,STU009012,SCH043,2024-07-01,16,13,Other
ATT202407009013,STU009013,SCH034,2024-07-01,17,14,Family
ATT202407009014,STU009014,SCH013,2024-07-01,14,12,Illness
ATT202407009015,STU009015,SCH017,2024-07-01,16,13,Other
ATT202407009016,STU009016,SCH024,2024-07-01,14,11,Other
ATT202407009017,STU009017,SCH012,2024-07-01,15,13,Unauthorised
ATT202407009018,STU009018,SCH027,2024-07-01,18,16,Other
ATT202407009019,STU009019,SCH006,2024-07-01,15,12,Unauthorised
ATT202407009020,STU009020,SCH012,2024-07-01,14,11,Medical
ATT202407009021,STU009021,SCH040,2024-07-01,16,14,Other
ATT202407009022,STU009022,SCH049,2024-07-01,14,11,Unauthorised
ATT202407009023,STU009023,SCH019,2024-07-01,14,11,Illness
ATT202407009024,STU009024,SCH036,2024-07-01,17,15,Medical
ATT202407009025,STU009025,SCH049,2024-07-01,15,11,Other
ATT202407009026,STU009026,SCH016,2024-07-01,18,15,Medical
ATT202407009027,STU009027,SCH002,2024-07-01,15,11,Illness
ATT202407009028,STU009028,SCH029,2024-07-01,16,14,Illness
ATT202407009029,STU009029,SCH003,2024-07-01,15,13,Illness
ATT202407009030,STU009030,SCH046,2024-07-01,18,15,Illness
ATT202407009031,STU009031,SCH044,2024-07-01,14,12,Medical
ATT202407009032,STU009032,SCH027,2024-07-01,17,13,Medical
ATT202407009033,STU009033,SCH044,2024-07-01,14,11,Medical
ATT202407009034,STU009034,SCH048,2024-07-01,18,15,Other
ATT202407009035,STU009035,SCH020,2024-07-01,16,14,Unauthorised
ATT202407009036,STU009036,SCH038,2024-07-01,17,13,Medical
ATT202407009037,STU009037,SCH013,2024-07-01,17,15,Family
ATT202407009038,STU009038,SCH027,2024-07-01,17,13,Unauthorised
ATT202407009039,STU009039,SCH038,2024-07-01,15,13,Family
ATT202407009040,STU009040,SCH004,2024-07-01,16,14,Other
ATT202407009041,STU009041,SCH042,2024-07-01,16,13,Illness
ATT202407009042,STU009042,SCH011,2024-07-01,14,13,Family
ATT202407009043,STU009043,SCH030,2024-07-01,18,15,Illness
ATT202407009044,STU009044,SCH004,2024-07-01,17,15,Family
ATT202407009045,STU009045,SCH006,2024-07-01,14,12,Medical
ATT202407009046,STU009046,SCH046,2024-07-01,16,13,Unauthorised
ATT202407009047,STU009047,SCH024,2024-07-01,14,11,Other
ATT202407009048,STU009048,SCH021,2024-07-01,16,12,Medical
ATT202407009049,STU009049,SCH032,2024-07-01,17,13,Unauthorised
ATT202407009050,STU009050,SCH042,2024-07-01,18,14,Illness
ATT202407009051,STU009051,SCH015,2024-07-01,17,15,Family
ATT202407009052,STU009052,SCH023,2024-07-01,17,14,Family
ATT202407009053,STU009053,SCH002,2024-07-01,14,11,Medical
ATT202407009054,STU009054,SCH011,2024-07-01,14,12,Other
ATT202407009055,STU009055,SCH035,2024-07-01,17,13,Other
ATT202407009056,STU009056,SCH015,2024-07-01,16,13,Illness
ATT202407009057,STU009057,SCH042,2024-07-01,18,16,Other
ATT202407009058,STU009058,SCH028,2024-07-01,16,13,Family
ATT202407009059,STU009059,SCH044,2024-07-01,15,13,Unauthorised
ATT202407009060,STU009060,SCH026,2024-07-01,14,12,Illness
ATT202407009061,STU009061,SCH026,2024-07-01,18,15,Unauthorised
ATT202407009062,STU009062,SCH020,2024-07-01,18,16,Family
ATT202407009063,STU009063,SCH041,2024-07-01,14,12,Medical
ATT202407009064,STU009064,SCH049,2024-07-01,16,11,Family
ATT202407009065,STU009065,SCH025,2024-07-01,15,13,Medical
ATT202407009066,STU009066,SCH032,2024-07-01,17,13,Medical
ATT202407009067,STU009067,SCH011,2024-07-01,14,13,Unauthorised
ATT202407009068,STU009068,SCH018,2024-07-01,16,14,Other
ATT202407009069,STU009069,SCH050,2024-07-01,14,12,Unauthorised
ATT202407009070,STU009070,SCH011,2024-07-01,15,13,Medical
ATT202407009071,STU009071,SCH048,2024-07-01,18,15,Other
ATT202407009072,STU009072,SCH002,2024-07-01,14,11,Family
ATT202407009073,STU009073,SCH021,2024-07-01,14,11,Family
ATT202407009074,STU009074,SCH040,2024-07-01,16,14,Family
ATT202407009075,STU009075,SCH009,2024-07-01,17,14,Unauthorised
ATT202407009076,STU009076,SCH020,2024-07-01,18,15,Other
ATT202407009077,STU009077,SCH024,2024-07-01,18,15,Other
ATT202407009078,STU009078,SCH049,2024-07-01,17,12,Medical
ATT202407009079,STU009079,SCH021,2024-07-01,14,11,Other
ATT202407009080,STU009080,SCH038,2024-07-01,16,14,Unauthorised
ATT202407009081,STU009081,SCH022,2024-07-01,17,14,Unauthorised
ATT202407009082,STU009082,SCH026,2024-07-01,16,13,Unauthorised
ATT202407009083,STU009083,SCH016,2024-07-01,18,15,Medical
ATT202407009084,STU009084,SCH033,2024-07-01,18,16,Other
ATT202407009085,STU009085,SCH041,2024-07-01,17,14,Unauthorised
ATT202407009086,STU009086,SCH032,2024-07-01,16,13,Unauthorised
ATT202407009087,STU009087,SCH018,2024-07-01,14,12,Family
ATT202407009088,STU009088,SCH010,2024-07-01,15,12,Unauthorised
ATT202407009089,STU009089,SCH047,2024-07-01,15,12,Other
ATT202407009090,STU009090,SCH038,2024-07-01,18,15,Medical
ATT202407009091,STU009091,SCH042,2024-07-01,15,11,Other
ATT202407009092,STU009092,SCH047,2024-07-01,15,12,Illness
ATT202407009093,STU009093,SCH025,2024-07-01,16,14,Other
ATT202407009094,STU009094,SCH031,2024-07-01,14,12,Illness
ATT202407009095,STU009095,SCH017,2024-07-01,16,13,Medical
ATT202407009097,STU009097,SCH029,2024-07-01,16,14,Other
ATT202407009098,STU009098,SCH039,2024-07-01,18,15,Illness
ATT202407009099,STU009099,SCH014,2024-07-01,14,11,Illness
ATT202407009100,STU009100,SCH021,2024-07-01,14,12,Unauthorised
ATT202407009101,STU009101,SCH016,2024-07-01,15,13,Medical
ATT202407009102,STU009102,SCH041,2024-07-01,16,14,Illness
ATT202407009103,STU009103,SCH050,2024-07-01,18,15,Family
ATT202407009104,STU009104,SCH003,2024-07-01,18,16,Other
ATT202407009105,STU009105,SCH034,2024-07-01,16,13,Other
ATT202407009106,STU009106,SCH047,2024-07-01,14,12,Unauthorised
ATT202407009107,STU009107,SCH038,2024-07-01,17,15,Other
ATT202407009108,STU009108,SCH006,2024-07-01,14,12,Medical
ATT202407009109,STU009109,SCH037,2024-07-01,14,12,Family
ATT202407009110,STU009110,SCH029,2024-07-01,18,15,Medical
ATT202407009111,STU009111,SCH001,2024-07-01,17,13,Medical
ATT202407009112,STU009112,SCH031,2024-07-01,18,15,Unauthorised
ATT202407009113,STU009113,SCH023,2024-07-01,16,14,Unauthorised
ATT202407009114,STU009114,SCH020,2024-07-01,16,14,Family
ATT202407009115,STU009115,SCH017,2024-07-01,14,12,Illness
ATT202407009116,STU009116,SCH002,2024-07-01,18,13,Unauthorised
ATT202407009117,STU009117,SCH047,2024-07-01,15,12,Family
ATT202407009118,STU009118,SCH011,2024-07-01,16,14,Unauthorised
ATT202407009119,STU009119,SCH022,2024-07-01,15,12,Family
ATT202407009120,STU009120,SCH029,2024-07-01,15,13,Other
ATT202407009121,STU009121,SCH020,2024-07-01,17,14,Family
ATT202407009122,STU009122,SCH040,2024-07-01,17,15,Medical
ATT202407009123,STU009123,SCH023,2024-07-01,15,13,Medical
ATT202407009124,STU009124,SCH010,2024-07-01,14,12,Illness
ATT202407009125,STU009125,SCH010,2024-07-01,16,15,Family
ATT202407009126,STU009126,SCH015,2024-07-01,15,13,Medical
ATT202407009127,STU009127,SCH008,2024-07-01,16,14,Illness
ATT202407009128,STU009128,SCH047,2024-07-01,18,15,Family
ATT202407009129,STU009129,SCH014,2024-07-01,16,14,Unauthorised
ATT202407009130,STU009130,SCH017,2024-07-01,14,12,Other
ATT202407009131,STU009131,SCH027,2024-07-01,14,11,Other
ATT202407009132,STU009132,SCH012,2024-07-01,15,12,Medical
ATT202407009133,STU009133,SCH041,2024-07-01,14,12,Family
ATT202407009134,STU009134,SCH049,2024-07-01,15,12,Family
ATT202407009135,STU009135,SCH006,2024-07-01,17,15,Illness
ATT202407009136,STU009136,SCH004,2024-07-01,15,13,Illness
ATT202407009137,STU009137,SCH003,2024-07-01,15,13,Family
ATT202407009138,STU009138,SCH010,2024-07-01,18,15,Unauthorised
ATT202407009139,STU009139,SCH023,2024-07-01,17,14,Medical
ATT202407009140,STU009140,SCH048,2024-07-01,17,14,Illness
ATT202407009141,STU009141,SCH012,2024-07-01,15,13,Other
ATT202407009142,STU009142,SCH047,2024-07-01,18,17,Family
ATT202407009143,STU009143,SCH009,2024-07-01,16,13,Other
ATT202407009144,STU009144,SCH021,2024-07-01,18,15,Illness
ATT202407009145,STU009145,SCH020,2024-07-01,15,13,Unauthorised
ATT202407009146,STU009146,SCH038,2024-07-01,14,13,Family
ATT202407009147,STU009147,SCH045,2024-07-01,17,14,Medical
ATT202407009148,STU009148,SCH009,2024-07-01,17,14,Unauthorised
ATT202407009149,STU009149,SCH005,2024-07-01,16,14,Other
ATT202407009150,STU009150,SCH005,2024-07-01,16,13,Illness
ATT202407009151,STU009151,SCH028,2024-07-01,15,14,Medical
ATT202407009152,STU009152,SCH027,2024-07-01,15,13,Family
ATT202407009153,STU009153,SCH044,2024-07-01,18,15,Unauthorised
ATT202407009154,STU009154,SCH043,2024-07-01,18,15,Medical
ATT202407009155,STU009155,SCH049,2024-07-01,16,13,Illness
ATT202407009156,STU009156,SCH044,2024-07-01,17,14,Other
ATT202407009157,STU009157,SCH038,2024-07-01,14,13,Medical
ATT202407009158,STU009158,SCH039,2024-07-01,15,14,Illness
ATT202407009159,STU009159,SCH006,2024-07-01,14,12,Other
ATT202407009160,STU009160,SCH001,2024-07-01,17,12,Family
ATT202407009161,STU009161,SCH008,2024-07-01,14,12,Family
ATT202407009162,STU009162,SCH043,2024-07-01,17,14,Other
ATT202407009163,STU009163,SCH042,2024-07-01,16,12,Family
ATT202407009164,STU009164,SCH027,2024-07-01,15,12,Illness
ATT202407009165,STU009165,SCH040,2024-07-01,17,13,Family
ATT202407009166,STU009166,SCH011,2024-07-01,15,13,Family
ATT202407009167,STU009167,SCH024,2024-07-01,15,11,Unauthorised
ATT202407009168,STU009168,SCH010,2024-07-01,17,14,Other
ATT202407009169,STU009169,SCH013,2024-07-01,16,14,Medical
ATT202407009170,STU009170,SCH025,2024-07-01,18,16,Illness
ATT202407009172,STU009172,SCH015,2024-07-01,17,15,Illness
ATT202407009173,STU009173,SCH016,2024-07-01,15,13,Unauthorised
ATT202407009174,STU009174,SCH022,2024-07-01,15,11,Illness
ATT202407009175,STU009175,SCH031,2024-07-01,17,13,Medical
ATT202407009176,STU009176,SCH030,2024-07-01,17,15,Family
ATT202407009177,STU009177,SCH023,2024-07-01,15,13,Family
ATT202407009178,STU009178,SCH030,2024-07-01,17,15,Other
ATT202407009179,STU009179,SCH004,2024-07-01,17,15,Unauthorised
ATT202407009180,STU009180,SCH025,2024-07-01,18,15,Other
ATT202407009181,STU009181,SCH023,2024-07-01,18,15,Unauthorised
ATT202407009182,STU009182,SCH003,2024-07-01,15,13,Unauthorised
ATT202407009183,STU009183,SCH036,2024-07-01,16,13,Other
ATT202407009184,STU009184,SCH002,2024-07-01,18,15,Family
ATT202407009185,STU009185,SCH009,2024-07-01,17,14,Illness
ATT202407009186,STU009186,SCH011,2024-07-01,18,16,Other
ATT202407009187,STU009187,SCH027,2024-07-01,14,12,Illness
ATT202407009188,STU009188,SCH007,2024-07-01,17,13,Illness
ATT202407009189,STU009189,SCH048,2024-07-01,16,14,Illness
ATT202407009190,STU009190,SCH034,2024-07-01,18,15,Unauthorised
ATT202407009191,STU009191,SCH007,2024-07-01,18,14,Illness
ATT202407009192,STU009192,SCH044,2024-07-01,16,14,Other
ATT202407009193,STU009193,SCH028,2024-07-01,14,11,Unauthorised
ATT202407009194,STU009194,SCH043,2024-07-01,18,16,Medical
ATT202407009195,STU009195,SCH012,2024-07-01,14,12,Medical
ATT202407009196,STU009196,SCH010,2024-07-01,15,13,Other
ATT202407009197,STU009197,SCH036,2024-07-01,17,14,Illness
ATT202407009198,STU009198,SCH004,2024-07-01,18,15,Family
ATT202407009199,STU009199,SCH011,2024-07-01,16,14,Family
ATT202407009200,STU009200,SCH021,2024-07-01,17,13,Unauthorised
ATT202407009201,STU009201,SCH036,2024-07-01,15,13,Illness
ATT202407009202,STU009202,SCH001,2024-07-01,14,12,Illness
ATT202407009203,STU009203,SCH009,2024-07-01,16,14,Family
ATT202407009204,STU009204,SCH034,2024-07-01,14,11,Unauthorised
ATT202407009205,STU009205,SCH028,2024-07-01,15,12,Illness
ATT202407009206,STU009206,SCH028,2024-07-01,15,12,Unauthorised
ATT202407009207,STU009207,SCH032,2024-07-01,18,16,Family
ATT202407009208,STU009208,SCH027,2024-07-01,15,13,Medical
ATT202407009209,STU009209,SCH048,2024-07-01,16,14,Illness
ATT202407009210,STU009210,SCH010,2024-07-01,15,12,Other
ATT202407009211,STU009211,SCH014,2024-07-01,16,12,Illness
ATT202407009212,STU009212,SCH046,2024-07-01,17,14,Medical
ATT202407009213,STU009213,SCH012,2024-07-01,14,13,Unauthorised
ATT202407009214,STU009214,SCH035,2024-07-01,17,14,Unauthorised
ATT202407009215,STU009215,SCH007,2024-07-01,15,13,Illness
ATT202407009216,STU009216,SCH046,2024-07-01,17,15,Medical
ATT202407009217,STU009217,SCH044,2024-07-01,17,14,Medical
ATT202407009218,STU009218,SCH043,2024-07-01,17,13,Family
ATT202407009219,STU009219,SCH050,2024-07-01,14,12,Family
ATT202407009220,STU009220,SCH008,2024-07-01,17,15,Unauthorised
ATT202407009221,STU009221,SCH050,2024-07-01,14,11,Illness
ATT202407009222,STU009222,SCH048,2024-07-01,17,14,Illness
ATT202407009223,STU009223,SCH034,2024-07-01,14,12,Unauthorised
ATT202407009224,STU009224,SCH032,2024-07-01,17,14,Illness
ATT202407009225,STU009225,SCH028,2024-07-01,16,12,Illness
ATT202407009226,STU009226,SCH017,2024-07-01,14,12,Medical
ATT202407009227,STU009227,SCH043,2024-07-01,15,13,Family
ATT202407009228,STU009228,SCH036,2024-07-01,15,13,Unauthorised
ATT202407009229,STU009229,SCH044,2024-07-01,18,15,Family
ATT202407009230,STU009230,SCH036,2024-07-01,15,13,Illness
ATT202407009231,STU009231,SCH027,2024-07-01,18,15,Medical
ATT202407009233,STU009233,SCH038,2024-07-01,15,13,Unauthorised
ATT202407009234,STU009234,SCH008,2024-07-01,15,13,Family
ATT202407009235,STU009235,SCH035,2024-07-01,15,12,Medical
ATT202407009236,STU009236,SCH031,2024-07-01,16,13,Family
ATT202407009237,STU009237,SCH040,2024-07-01,17,16,Medical
ATT202407009238,STU009238,SCH009,2024-07-01,14,11,Other
ATT202407009239,STU009239,SCH028,2024-07-01,18,15,Illness
ATT202407009240,STU009240,SCH001,2024-07-01,15,11,Unauthorised
ATT202407009241,STU009241,SCH047,2024-07-01,17,14,Other
ATT202407009242,STU009242,SCH026,2024-07-01,16,14,Illness
ATT202407009243,STU009243,SCH026,2024-07-01,15,14,Other
ATT202407009244,STU009244,SCH050,2024-07-01,16,13,Other
ATT202407009245,STU009245,SCH039,2024-07-01,16,14,Family
ATT202407009246,STU009246,SCH043,2024-07-01,16,13,Unauthorised
ATT202407009247,STU009247,SCH016,2024-07-01,16,14,Unauthorised
ATT202407009248,STU009248,SCH033,2024-07-01,15,13,Illness
ATT202407009249,STU009249,SCH019,2024-07-01,16,14,Medical
ATT202407009250,STU009250,SCH018,2024-07-01,16,13,Other
ATT202407009251,STU009251,SCH037,2024-07-01,14,12,Other
ATT202407009252,STU009252,SCH008,2024-07-01,16,14,Other
ATT202407009253,STU009253,SCH012,2024-07-01,17,15,Family
ATT202407009254,STU009254,SCH012,2024-07-01,16,14,Other
ATT202407009255,STU009255,SCH018,2024-07-01,17,15,Medical
ATT202407009256,STU009256,SCH031,2024-07-01,16,14,Other
ATT202407009257,STU009257,SCH039,2024-07-01,18,16,Unauthorised
ATT202407009258,STU009258,SCH034,2024-07-01,16,13,Illness
ATT202407009259,STU009259,SCH038,2024-07-01,16,15,Unauthorised
ATT202407009260,STU009260,SCH048,2024-07-01,14,12,Illness
ATT202407009261,STU009261,SCH039,2024-07-01,17,15,Illness
ATT202407009262,STU009262,SCH033,2024-07-01,14,12,Other
ATT202407009263,STU009263,SCH028,2024-07-01,17,14,Illness
ATT202407009264,STU009264,SCH037,2024-07-01,14,12,Family
ATT202407009265,STU009265,SCH036,2024-07-01,14,12,Other
ATT202407009266,STU009266,SCH023,2024-07-01,14,11,Unauthorised
ATT202407009267,STU009267,SCH007,2024-07-01,16,13,Other
ATT202407009268,STU009268,SCH006,2024-07-01,14,12,Other
ATT202407009269,STU009269,SCH049,2024-07-01,18,15,Other
ATT202407009270,STU009270,SCH005,2024-07-01,18,16,Illness
ATT202407009271,STU009271,SCH007,2024-07-01,17,14,Unauthorised
ATT202407009272,STU009272,SCH006,2024-07-01,18,16,Illness
ATT202407009273,STU009273,SCH025,2024-07-01,14,11,Illness
ATT202407009274,STU009274,SCH033,2024-07-01,16,14,Medical
ATT202407009275,STU009275,SCH003,2024-07-01,15,13,Medical
ATT202407009276,STU009276,SCH033,2024-07-01,18,16,Unauthorised
ATT202407009277,STU009277,SCH025,2024-07-01,18,15,Medical
ATT202407009278,STU009278,SCH042,2024-07-01,17,15,Illness
ATT202407009279,STU009279,SCH021,2024-07-01,14,11,Family
ATT202407009280,STU009280,SCH023,2024-07-01,18,14,Family
ATT202407009281,STU009281,SCH045,2024-07-01,16,13,Medical
ATT202407009282,STU009282,SCH021,2024-07-01,14,11,Family
ATT202407009283,STU009283,SCH012,2024-07-01,16,11,Medical
ATT202407009284,STU009284,SCH049,2024-07-01,14,10,Illness
ATT202407009285,STU009285,SCH014,2024-07-01,16,12,Illness
ATT202407009286,STU009286,SCH005,2024-07-01,16,13,Unauthorised
ATT202407009287,STU009287,SCH022,2024-07-01,14,12,Unauthorised
ATT202407009288,STU009288,SCH025,2024-07-01,18,15,Illness
ATT202407009289,STU009289,SCH045,2024-07-01,14,12,Medical
ATT202407009290,STU009290,SCH024,2024-07-01,14,12,Unauthorised
ATT202407009291,STU009291,SCH033,2024-07-01,14,11,Unauthorised
ATT202407009292,STU009292,SCH009,2024-07-01,17,14,Medical
ATT202407009293,STU009293,SCH031,2024-07-01,18,15,Unauthorised
ATT202407009294,STU009294,SCH018,2024-07-01,17,15,Illness
ATT202407009295,STU009295,SCH019,2024-07-01,15,13,Other
ATT202407009296,STU009296,SCH022,2024-07-01,14,10,Family
ATT202407009297,STU009297,SCH017,2024-07-01,15,12,Illness
ATT202407009298,STU009298,SCH040,2024-07-01,14,12,Unauthorised
ATT202407009299,STU009299,SCH041,2024-07-01,18,16,Medical
ATT202407009300,STU009300,SCH010,2024-07-01,18,15,Unauthorised
ATT202407009301,STU009301,SCH004,2024-07-01,18,14,Other
ATT202407009302,STU009302,SCH025,2024-07-01,17,14,Other
ATT202407009303,STU009303,SCH002,2024-07-01,17,15,Other
ATT202407009304,STU009304,SCH001,2024-07-01,15,11,Medical
ATT202407009305,STU009305,SCH043,2024-07-01,18,15,Illness
ATT202407009306,STU009306,SCH004,2024-07-01,14,13,Other
ATT202407009307,STU009307,SCH040,2024-07-01,18,17,Family
ATT202407009308,STU009308,SCH041,2024-07-01,15,12,Unauthorised
ATT202407009310,STU009310,SCH016,2024-07-01,18,15,Medical
ATT202407009311,STU009311,SCH004,2024-07-01,18,15,Medical
ATT202407009312,STU009312,SCH028,2024-07-01,18,16,Illness
ATT202407009313,STU009313,SCH044,2024-07-01,15,13,Unauthorised
ATT202407009314,STU009314,SCH014,2024-07-01,15,11,Illness
ATT202407009315,STU009315,SCH017,2024-07-01,14,10,Medical
ATT202407009316,STU009316,SCH025,2024-07-01,17,14,Family
ATT202407009317,STU009317,SCH022,2024-07-01,15,11,Other
ATT202407009318,STU009318,SCH037,2024-07-01,16,14,Unauthorised
ATT202407009319,STU009319,SCH035,2024-07-01,15,12,Family
ATT202407009320,STU009320,SCH017,2024-07-01,17,14,Medical
ATT202407009321,STU009321,SCH007,2024-07-01,17,14,Medical
ATT202407009322,STU009322,SCH009,2024-07-01,17,13,Family
ATT202407009323,STU009323,SCH015,2024-07-01,17,14,Illness
ATT202407009324,STU009324,SCH015,2024-07-01,15,12,Other
ATT202407009325,STU009325,SCH013,2024-07-01,18,16,Family
ATT202407009326,STU009326,SCH023,2024-07-01,14,13,Family
ATT202407009327,STU009327,SCH043,2024-07-01,14,12,Medical
ATT202407009328,STU009328,SCH021,2024-07-01,15,12,Illness
ATT202407009329,STU009329,SCH009,2024-07-01,15,12,Medical
ATT202407009330,STU009330,SCH002,2024-07-01,14,11,Family
ATT202407009331,STU009331,SCH008,2024-07-01,18,16,Medical
ATT202407009332,STU009332,SCH001,2024-07-01,14,11,Family
ATT202407009333,STU009333,SCH025,2024-07-01,16,14,Family
ATT202407009334,STU009334,SCH003,2024-07-01,14,12,Family
ATT202407009335,STU009335,SCH018,2024-07-01,14,12,Other
ATT202407009336,STU009336,SCH033,2024-07-01,16,14,Illness
ATT202407009337,STU009337,SCH022,2024-07-01,18,13,Unauthorised
ATT202407009338,STU009338,SCH021,2024-07-01,14,13,Illness
ATT202407009339,STU009339,SCH041,2024-07-01,18,14,Unauthorised
ATT202407009340,STU009340,SCH045,2024-07-01,14,12,Illness
ATT202407009341,STU009341,SCH046,2024-07-01,17,15,Medical
ATT202407009342,STU009342,SCH024,2024-07-01,15,12,Family
ATT202407009343,STU009343,SCH040,2024-07-01,14,13,Other
ATT202407009344,STU009344,SCH047,2024-07-01,17,14,Illness
ATT202407009345,STU009345,SCH034,2024-07-01,18,13,Illness
ATT202407009346,STU009346,SCH043,2024-07-01,16,13,Medical
ATT202407009347,STU009347,SCH019,2024-07-01,15,14,Family
ATT202407009348,STU009348,SCH006,2024-07-01,17,14,Other
ATT202407009349,STU009349,SCH041,2024-07-01,16,14,Medical
ATT202407009350,STU009350,SCH017,2024-07-01,15,11,Illness
ATT202407009351,STU009351,SCH050,2024-07-01,18,16,Other
ATT202407009352,STU009352,SCH002,2024-07-01,17,12,Unauthorised
ATT202407009353,STU009353,SCH040,2024-07-01,14,12,Other
ATT202407009354,STU009354,SCH025,2024-07-01,15,13,Other
ATT202407009355,STU009355,SCH007,2024-07-01,15,13,Other
ATT202407009356,STU009356,SCH034,2024-07-01,16,12,Unauthorised
ATT202407009357,STU009357,SCH016,2024-07-01,18,16,Illness
ATT202407009358,STU009358,SCH001,2024-07-01,14,12,Unauthorised
ATT202407009359,STU009359,SCH029,2024-07-01,17,13,Illness
ATT202407009360,STU009360,SCH003,2024-07-01,16,14,Unauthorised
ATT202407009361,STU009361,SCH018,2024-07-01,14,12,Medical
ATT202407009362,STU009362,SCH038,2024-07-01,16,14,Illness
ATT202407009363,STU009363,SCH012,2024-07-01,16,13,Illness
ATT202407009364,STU009364,SCH002,2024-07-01,18,14,Other
ATT202407009365,STU009365,SCH027,2024-07-01,15,13,Family
ATT202407009366,STU009366,SCH004,2024-07-01,14,11,Medical
ATT202407009367,STU009367,SCH038,2024-07-01,17,14,Illness
ATT202407009368,STU009368,SCH045,2024-07-01,18,16,Other
ATT202407009369,STU009369,SCH044,2024-07-01,14,12,Medical
ATT202407009370,STU009370,SCH005,2024-07-01,14,12,Illness
ATT202407009371,STU009371,SCH040,2024-07-01,16,13,Illness
ATT202407009372,STU009372,SCH021,2024-07-01,18,14,Other
ATT202407009373,STU009373,SCH022,2024-07-01,14,11,Unauthorised
ATT202407009374,STU009374,SCH020,2024-07-01,15,12,Other
ATT202407009375,STU009375,SCH017,2024-07-01,15,13,Medical
ATT202407009376,STU009376,SCH018,2024-07-01,14,11,Unauthorised
ATT202407009377,STU009377,SCH033,2024-07-01,18,16,Family
ATT202407009378,STU009378,SCH046,2024-07-01,18,14,Illness
ATT202407009379,STU009379,SCH044,2024-07-01,14,12,Medical
ATT202407009380,STU009380,SCH007,2024-07-01,18,15,Family
ATT202407009381,STU009381,SCH021,2024-07-01,14,11,Other
ATT202407009382,STU009382,SCH018,2024-07-01,14,12,Unauthorised
ATT202407009383,STU009383,SCH036,2024-07-01,18,16,Family
ATT202407009384,STU009384,SCH030,2024-07-01,17,13,Illness
ATT202407009385,STU009385,SCH038,2024-07-01,18,15,Unauthorised
ATT202407009386,STU009386,SCH007,2024-07-01,18,14,Other
ATT202407009387,STU009387,SCH015,2024-07-01,15,13,Family
ATT202407009388,STU009388,SCH031,2024-07-01,16,14,Illness
ATT202407009389,STU009389,SCH047,2024-07-01,18,17,Medical
ATT202407009390,STU009390,SCH025,2024-07-01,14,12,Illness
ATT202407009391,STU009391,SCH012,2024-07-01,15,13,Medical
ATT202407009392,STU009392,SCH014,2024-07-01,15,13,Family
ATT202407009393,STU009393,SCH041,2024-07-01,18,14,Other
ATT202407009394,STU009394,SCH023,2024-07-01,15,13,Other
ATT202407009395,STU009395,SCH011,2024-07-01,15,13,Family
ATT202407009396,STU009396,SCH049,2024-07-01,17,13,Illness
ATT202407009397,STU009397,SCH001,2024-07-01,14,11,Illness
ATT202407009398,STU009398,SCH045,2024-07-01,16,13,Unauthorised
ATT202407009399,STU009399,SCH003,2024-07-01,17,14,Medical
ATT202407009400,STU009400,SCH046,2024-07-01,17,14,Family
ATT202407009401,STU009401,SCH005,2024-07-01,16,13,Illness
ATT202407009402,STU009402,SCH023,2024-07-01,14,13,Family
ATT202407009403,STU009403,SCH010,2024-07-01,18,17,Other
ATT202407009404,STU009404,SCH031,2024-07-01,17,14,Unauthorised
ATT202407009405,STU009405,SCH045,2024-07-01,16,14,Family
ATT202407009406,STU009406,SCH036,2024-07-01,14,12,Unauthorised
ATT202407009407,STU009407,SCH008,2024-07-01,14,12,Medical
ATT202407009408,STU009408,SCH018,2024-07-01,15,14,Unauthorised
ATT202407009409,STU009409,SCH016,2024-07-01,17,16,Unauthorised
ATT202407009410,STU009410,SCH028,2024-07-01,18,15,Unauthorised
ATT202407009411,STU009411,SCH041,2024-07-01,16,13,Family
ATT202407009412,STU009412,SCH036,2024-07-01,16,14,Other
ATT202407009413,STU009413,SCH026,2024-07-01,17,14,Other
ATT202407009414,STU009414,SCH048,2024-07-01,16,15,Illness
ATT202407009415,STU009415,SCH035,2024-07-01,17,14,Other
ATT202407009416,STU009416,SCH016,2024-07-01,18,16,Medical
ATT202407009417,STU009417,SCH029,2024-07-01,17,15,Unauthorised
ATT202407009418,STU009418,SCH021,2024-07-01,16,13,Other
ATT202407009419,STU009419,SCH041,2024-07-01,14,12,Family
ATT202407009420,STU009420,SCH028,2024-07-01,14,12,Family
ATT202407009421,STU009421,SCH011,2024-07-01,18,16,Other
ATT202407009422,STU009422,SCH047,2024-07-01,18,15,Other
ATT202407009423,STU009423,SCH007,2024-07-01,15,13,Illness
ATT202407009424,STU009424,SCH017,2024-07-01,15,11,Medical
ATT202407009425,STU009425,SCH023,2024-07-01,18,15,Other
ATT202407009426,STU009426,SCH018,2024-07-01,16,15,Illness
ATT202407009427,STU009427,SCH027,2024-07-01,15,12,Medical
ATT202407009428,STU009428,SCH049,2024-07-01,15,12,Other
ATT202407009429,STU009429,SCH022,2024-07-01,16,12,Medical
ATT202407009430,STU009430,SCH001,2024-07-01,17,13,Illness
ATT202407009431,STU009431,SCH046,2024-07-01,14,12,Other
ATT202407009432,STU009432,SCH010,2024-07-01,14,12,Unauthorised
ATT202407009433,STU009433,SCH041,2024-07-01,15,13,Other
ATT202407009434,STU009434,SCH040,2024-07-01,17,14,Other
ATT202407009435,STU009435,SCH005,2024-07-01,14,12,Medical
ATT202407009436,STU009436,SCH028,2024-07-01,16,13,Illness
ATT202407009437,STU009437,SCH006,2024-07-01,16,14,Other
ATT202407009438,STU009438,SCH024,2024-07-01,17,14,Family
ATT202407009439,STU009439,SCH027,2024-07-01,14,12,Other
ATT202407009440,STU009440,SCH015,2024-07-01,14,12,Unauthorised
ATT202407009441,STU009441,SCH001,2024-07-01,17,13,Illness
ATT202407009442,STU009442,SCH034,2024-07-01,14,12,Unauthorised
ATT202407009443,STU009443,SCH020,2024-07-01,14,12,Medical
ATT202407009444,STU009444,SCH015,2024-07-01,18,17,Family
ATT202407009445,STU009445,SCH049,2024-07-01,18,14,Other
ATT202407009446,STU009446,SCH036,2024-07-01,14,12,Other
ATT202407009447,STU009447,SCH027,2024-07-01,17,15,Illness
ATT202407009448,STU009448,SCH021,2024-07-01,15,12,Unauthorised
ATT202407009449,STU009449,SCH003,2024-07-01,14,12,Medical
ATT202407009450,STU009450,SCH017,2024-07-01,18,13,Family
ATT202407009451,STU009451,SCH032,2024-07-01,17,15,Unauthorised
ATT202407009452,STU009452,SCH021,2024-07-01,14,10,Unauthorised
ATT202407009453,STU009453,SCH027,2024-07-01,18,14,Illness
ATT202407009454,STU009454,SCH012,2024-07-01,17,13,Family
ATT202407009455,STU009455,SCH021,2024-07-01,16,13,Unauthorised
ATT202407009456,STU009456,SCH020,2024-07-01,16,14,Other
ATT202407009457,STU009457,SCH017,2024-07-01,14,10,Medical
ATT202407009458,STU009458,SCH002,2024-07-01,18,15,Illness
ATT202407009459,STU009459,SCH035,2024-07-01,16,13,Unauthorised
ATT202407009460,STU009460,SCH012,2024-07-01,15,13,Other
ATT202407009461,STU009461,SCH028,2024-07-01,14,12,Unauthorised
ATT202407009462,STU009462,SCH036,2024-07-01,14,12,Family
ATT202407009463,STU009463,SCH011,2024-07-01,14,12,Unauthorised
ATT202407009464,STU009464,SCH037,2024-07-01,18,16,Illness
ATT202407009465,STU009465,SCH022,2024-07-01,18,15,Other
ATT202407009466,STU009466,SCH012,2024-07-01,17,14,Family
ATT202407009467,STU009467,SCH024,2024-07-01,17,13,Unauthorised
ATT202407009468,STU009468,SCH048,2024-07-01,15,13,Other
ATT202407009469,STU009469,SCH020,2024-07-01,16,14,Family
ATT202407009470,STU009470,SCH030,2024-07-01,16,14,Illness
ATT202407009471,STU009471,SCH033,2024-07-01,14,12,Illness
ATT202407009472,STU009472,SCH037,2024-07-01,18,16,Unauthorised
ATT202407009473,STU009473,SCH016,2024-07-01,15,13,Unauthorised
ATT202407009474,STU009474,SCH043,2024-07-01,15,12,Medical
ATT202407009475,STU009475,SCH036,2024-07-01,15,13,Illness
ATT202407009476,STU009476,SCH024,2024-07-01,16,13,Illness
ATT202407009477,STU009477,SCH042,2024-07-01,14,11,Other
ATT202407009478,STU009478,SCH049,2024-07-01,18,14,Illness
ATT202407009479,STU009479,SCH045,2024-07-01,17,14,Unauthorised
ATT202407009480,STU009480,SCH009,2024-07-01,17,15,Unauthorised
ATT202407009481,STU009481,SCH023,2024-07-01,18,14,Medical
ATT202407009482,STU009482,SCH006,2024-07-01,17,13,Unauthorised
ATT202407009483,STU009483,SCH027,2024-07-01,18,15,Family
ATT202407009484,STU009484,SCH028,2024-07-01,18,15,Unauthorised
ATT202407009485,STU009485,SCH027,2024-07-01,16,13,Family
ATT202407009486,STU009486,SCH031,2024-07-01,15,13,Other
ATT202407009487,STU009487,SCH049,2024-07-01,15,12,Medical
ATT202407009488,STU009488,SCH032,2024-07-01,14,11,Unauthorised
ATT202407009489,STU009489,SCH035,2024-07-01,14,11,Medical
ATT202407009490,STU009490,SCH023,2024-07-01,16,14,Medical
ATT202407009491,STU009491,SCH010,2024-07-01,15,14,Illness
ATT202407009492,STU009492,SCH039,2024-07-01,14,13,Other
ATT202407009493,STU009493,SCH022,2024-07-01,18,16,Unauthorised
ATT202407009494,STU009494,SCH011,2024-07-01,18,14,Family
ATT202407009495,STU009495,SCH034,2024-07-01,14,10,Other
ATT202407009496,STU009496,SCH001,2024-07-01,17,13,Other
ATT202407009497,STU009497,SCH036,2024-07-01,18,16,Other
ATT202407009498,STU009498,SCH048,2024-07-01,16,14,Unauthorised
ATT202407009499,STU009499,SCH002,2024-07-01,18,15,Medical
ATT202407009500,STU009500,SCH008,2024-07-01,18,16,Other
ATT202407009501,STU009501,SCH025,2024-07-01,17,15,Unauthorised
ATT202407009502,STU009502,SCH014,2024-07-01,15,12,Medical
ATT202407009503,STU009503,SCH014,2024-07-01,14,12,Illness
ATT202407009504,STU009504,SCH010,2024-07-01,18,16,Unauthorised
ATT202407009505,STU009505,SCH004,2024-07-01,16,13,Medical
ATT202407009506,STU009506,SCH004,2024-07-01,18,16,Family
ATT202407009507,STU009507,SCH013,2024-07-01,17,15,Medical
ATT202407009508,STU009508,SCH026,2024-07-01,17,14,Illness
ATT202407009509,STU009509,SCH031,2024-07-01,16,13,Illness
ATT202407009510,STU009510,SCH026,2024-07-01,17,14,Medical
ATT202407009511,STU009511,SCH037,2024-07-01,15,14,Medical
ATT202407009512,STU009512,SCH036,2024-07-01,17,14,Other
ATT202407009513,STU009513,SCH027,2024-07-01,17,15,Unauthorised
ATT202407009514,STU009514,SCH004,2024-07-01,14,12,Medical
ATT202407009515,STU009515,SCH031,2024-07-01,16,13,Family
ATT202407009516,STU009516,SCH040,2024-07-01,14,12,Medical
ATT202407009517,STU009517,SCH028,2024-07-01,16,14,Illness
ATT202407009518,STU009518,SCH031,2024-07-01,15,10,Illness
ATT202407009519,STU009519,SCH041,2024-07-01,15,13,Other
ATT202407009520,STU009520,SCH038,2024-07-01,16,14,Unauthorised
ATT202407009521,STU009521,SCH002,2024-07-01,14,12,Family
ATT202407009522,STU009522,SCH049,2024-07-01,17,14,Other
ATT202407009523,STU009523,SCH009,2024-07-01,15,12,Other
ATT202407009524,STU009524,SCH022,2024-07-01,18,15,Family
ATT202407009525,STU009525,SCH037,2024-07-01,16,15,Family
ATT202407009526,STU009526,SCH039,2024-07-01,16,14,Family
ATT202407009527,STU009527,SCH016,2024-07-01,15,14,Other
ATT202407009528,STU009528,SCH018,2024-07-01,17,15,Family
ATT202407009529,STU009529,SCH001,2024-07-01,14,12,Other
ATT202407009530,STU009530,SCH027,2024-07-01,18,14,Illness
ATT202407009531,STU009531,SCH015,2024-07-01,16,15,Other
ATT202407009532,STU009532,SCH016,2024-07-01,16,13,Family
ATT202407009533,STU009533,SCH012,2024-07-01,17,14,Medical
ATT202407009534,STU009534,SCH027,2024-07-01,17,13,Unauthorised
ATT202407009535,STU009535,SCH022,2024-07-01,18,14,Illness
ATT202407009536,STU009536,SCH042,2024-07-01,14,11,Other
ATT202407009537,STU009537,SCH009,2024-07-01,14,12,Unauthorised
ATT202407009538,STU009538,SCH013,2024-07-01,15,13,Other
ATT202407009539,STU009539,SCH002,2024-07-01,15,11,Medical
ATT202407009540,STU009540,SCH003,2024-07-01,18,15,Medical
ATT202407009541,STU009541,SCH036,2024-07-01,15,14,Family
ATT202407009542,STU009542,SCH027,2024-07-01,18,14,Other
ATT202407009543,STU009543,SCH016,2024-07-01,15,13,Illness
ATT202407009544,STU009544,SCH008,2024-07-01,14,12,Medical
ATT202407009545,STU009545,SCH002,2024-07-01,18,14,Family
ATT202407009546,STU009546,SCH019,2024-07-01,14,12,Medical
ATT202407009547,STU009547,SCH038,2024-07-01,15,13,Unauthorised
ATT202407009548,STU009548,SCH014,2024-07-01,14,11,Illness
ATT202407009549,STU009549,SCH011,2024-07-01,15,13,Other
ATT202407009550,STU009550,SCH009,2024-07-01,16,14,Other
ATT202407009551,STU009551,SCH039,2024-07-01,14,12,Unauthorised
ATT202407009552,STU009552,SCH021,2024-07-01,17,14,Unauthorised
ATT202407009553,STU009553,SCH018,2024-07-01,17,15,Family
ATT202407009554,STU009554,SCH031,2024-07-01,18,15,Illness
ATT202407009555,STU009555,SCH034,2024-07-01,17,15,Family
ATT202407009556,STU009556,SCH019,2024-07-01,18,15,Unauthorised
ATT202407009557,STU009557,SCH024,2024-07-01,17,14,Illness
ATT202407009558,STU009558,SCH001,2024-07-01,17,13,Other
ATT202407009559,STU009559,SCH048,2024-07-01,14,12,Family
ATT202407009560,STU009560,SCH019,2024-07-01,15,13,Family
ATT202407009561,STU009561,SCH007,2024-07-01,14,12,Family
ATT202407009562,STU009562,SCH009,2024-07-01,18,15,Medical
ATT202407009563,STU009563,SCH023,2024-07-01,14,12,Family
ATT202407009564,STU009564,SCH003,2024-07-01,17,14,Medical
ATT202407009565,STU009565,SCH006,2024-07-01,17,15,Family
ATT202407009566,STU009566,SCH009,2024-07-01,17,13,Other
ATT202407009567,STU009567,SCH036,2024-07-01,18,15,Unauthorised
ATT202407009568,STU009568,SCH027,2024-07-01,14,12,Family
ATT202407009569,STU009569,SCH018,2024-07-01,15,13,Illness
ATT202407009570,STU009570,SCH016,2024-07-01,16,14,Other
ATT202407009571,STU009571,SCH014,2024-07-01,18,14,Other
ATT202407009572,STU009572,SCH028,2024-07-01,15,12,Other
ATT202407009573,STU009573,SCH025,2024-07-01,15,14,Other
ATT202407009574,STU009574,SCH049,2024-07-01,18,13,Other
ATT202407009575,STU009575,SCH016,2024-07-01,16,13,Medical
ATT202407009576,STU009576,SCH008,2024-07-01,16,13,Other
ATT202407009577,STU009577,SCH005,2024-07-01,14,12,Family
ATT202407009578,STU009578,SCH011,2024-07-01,16,14,Medical
ATT202407009579,STU009579,SCH032,2024-07-01,14,12,Family
ATT202407009580,STU009580,SCH001,2024-07-01,18,15,Medical
ATT202407009581,STU009581,SCH009,2024-07-01,18,16,Unauthorised
ATT202407009582,STU009582,SCH013,2024-07-01,14,12,Medical
ATT202407009583,STU009583,SCH005,2024-07-01,16,13,Unauthorised
ATT202407009584,STU009584,SCH022,2024-07-01,18,15,Family
ATT202407009585,STU009585,SCH023,2024-07-01,14,11,Family
ATT202407009586,STU009586,SCH025,2024-07-01,16,15,Medical
ATT202407009587,STU009587,SCH028,2024-07-01,17,14,Illness
ATT202407009588,STU009588,SCH017,2024-07-01,17,13,Illness
ATT202407009589,STU009589,SCH026,2024-07-01,15,13,Medical
ATT202407009590,STU009590,SCH011,2024-07-01,17,15,Medical
ATT202407009591,STU009591,SCH001,2024-07-01,15,14,Unauthorised
ATT202407009592,STU009592,SCH025,2024-07-01,18,17,Medical
ATT202407009593,STU009593,SCH028,2024-07-01,17,14,Family
ATT202407009594,STU009594,SCH033,2024-07-01,16,13,Family
ATT202407009595,STU009595,SCH018,2024-07-01,17,14,Family
ATT202407009596,STU009596,SCH017,2024-07-01,15,12,Illness
ATT202407009597,STU009597,SCH025,2024-07-01,17,15,Illness
ATT202407009598,STU009598,SCH002,2024-07-01,17,13,Family
ATT202407009599,STU009599,SCH017,2024-07-01,14,11,Illness
ATT202407009600,STU009600,SCH045,2024-07-01,18,15,Illness
ATT202407009601,STU009601,SCH002,2024-07-01,15,11,Other
ATT202407009602,STU009602,SCH046,2024-07-01,14,12,Family
ATT202407009603,STU009603,SCH026,2024-07-01,15,13,Illness
ATT202407009604,STU009604,SCH009,2024-07-01,18,15,Unauthorised
ATT202407009605,STU009605,SCH003,2024-07-01,15,14,Unauthorised
ATT202407009606,STU009606,SCH016,2024-07-01,15,13,Unauthorised
ATT202407009607,STU009607,SCH048,2024-07-01,16,14,Medical
ATT202407009608,STU009608,SCH003,2024-07-01,16,14,Other
ATT202407009609,STU009609,SCH040,2024-07-01,17,15,Illness
ATT202407009610,STU009610,SCH031,2024-07-01,18,16,Illness
ATT202407009611,STU009611,SCH048,2024-07-01,18,16,Medical
ATT202407009612,STU009612,SCH009,2024-07-01,14,12,Unauthorised
ATT202407009613,STU009613,SCH019,2024-07-01,17,14,Unauthorised
ATT202407009614,STU009614,SCH011,2024-07-01,17,16,Medical
ATT202407009615,STU009615,SCH012,2024-07-01,17,15,Family
ATT202407009616,STU009616,SCH048,2024-07-01,15,13,Family
ATT202407009617,STU009617,SCH003,2024-07-01,17,16,Family
ATT202407009618,STU009618,SCH037,2024-07-01,17,15,Illness
ATT202407009619,STU009619,SCH017,2024-07-01,16,15,Medical
ATT202407009620,STU009620,SCH005,2024-07-01,18,16,Family
ATT202407009621,STU009621,SCH028,2024-07-01,14,12,Other
ATT202407009622,STU009622,SCH002,2024-07-01,14,10,Other
ATT202407009623,STU009623,SCH044,2024-07-01,15,13,Illness
ATT202407009624,STU009624,SCH041,2024-07-01,17,16,Medical
ATT202407009625,STU009625,SCH006,2024-07-01,16,14,Medical
ATT202407009626,STU009626,SCH028,2024-07-01,16,14,Other
ATT202407009627,STU009627,SCH007,2024-07-01,15,12,Illness
ATT202407009628,STU009628,SCH042,2024-07-01,15,12,Medical
ATT202407009629,STU009629,SCH026,2024-07-01,15,12,Illness
ATT202407009630,STU009630,SCH014,2024-07-01,16,13,Illness
ATT202407009631,STU009631,SCH027,2024-07-01,14,12,Family
ATT202407009632,STU009632,SCH031,2024-07-01,15,13,Medical
ATT202407009633,STU009633,SCH006,2024-07-01,15,12,Illness
ATT202407009634,STU009634,SCH020,2024-07-01,18,15,Unauthorised
ATT202407009635,STU009635,SCH032,2024-07-01,14,11,Family
ATT202407009636,STU009636,SCH010,2024-07-01,14,12,Unauthorised
ATT202407009637,STU009637,SCH019,2024-07-01,14,12,Illness
ATT202407009638,STU009638,SCH037,2024-07-01,18,15,Unauthorised
ATT202407009639,STU009639,SCH011,2024-07-01,18,16,Other
ATT202407009640,STU009640,SCH023,2024-07-01,17,14,Family
ATT202407009641,STU009641,SCH030,2024-07-01,17,14,Other
ATT202407009642,STU009642,SCH047,2024-07-01,17,14,Family
ATT202407009643,STU009643,SCH046,2024-07-01,14,10,Medical
ATT202407009644,STU009644,SCH013,2024-07-01,17,15,Other
ATT202407009645,STU009645,SCH038,2024-07-01,18,15,Other
ATT202407009646,STU009646,SCH034,2024-07-01,15,11,Unauthorised
ATT202407009648,STU009648,SCH036,2024-07-01,16,14,Family
ATT202407009649,STU009649,SCH002,2024-07-01,15,12,Unauthorised
ATT202407009650,STU009650,SCH039,2024-07-01,15,13,Unauthorised
ATT202407009651,STU009651,SCH035,2024-07-01,16,13,Other
ATT202407009652,STU009652,SCH050,2024-07-01,14,12,Other
ATT202407009653,STU009653,SCH047,2024-07-01,16,14,Family
ATT202407009654,STU009654,SCH031,2024-07-01,14,11,Illness
ATT202407009655,STU009655,SCH049,2024-07-01,14,10,Family
ATT202407009656,STU009656,SCH034,2024-07-01,14,11,Other
ATT202407009657,STU009657,SCH028,2024-07-01,18,14,Illness
ATT202407009658,STU009658,SCH010,2024-07-01,16,14,Other
ATT202407009659,STU009659,SCH023,2024-07-01,14,11,Other
ATT202407009660,STU009660,SCH009,2024-07-01,16,14,Illness
ATT202407009661,STU009661,SCH017,2024-07-01,14,11,Other
ATT202407009662,STU009662,SCH029,2024-07-01,17,15,Other
ATT202407009663,STU009663,SCH009,2024-07-01,18,15,Other
ATT202407009664,STU009664,SCH008,2024-07-01,14,12,Illness
ATT202407009665,STU009665,SCH005,2024-07-01,16,13,Unauthorised
ATT202407009666,STU009666,SCH027,2024-07-01,18,15,Other
ATT202407009667,STU009667,SCH004,2024-07-01,18,15,Family
ATT202407009668,STU009668,SCH036,2024-07-01,16,15,Unauthorised
ATT202407009669,STU009669,SCH011,2024-07-01,18,16,Medical
ATT202407009670,STU009670,SCH019,2024-07-01,14,12,Illness
ATT202407009671,STU009671,SCH021,2024-07-01,17,14,Medical
ATT202407009672,STU009672,SCH048,2024-07-01,17,14,Medical
ATT202407009673,STU009673,SCH017,2024-07-01,15,12,Medical
ATT202407009674,STU009674,SCH044,2024-07-01,14,11,Other
ATT202407009675,STU009675,SCH012,2024-07-01,14,12,Medical
ATT202407009676,STU009676,SCH024,2024-07-01,18,13,Other
ATT202407009677,STU009677,SCH032,2024-07-01,16,13,Unauthorised
ATT202407009678,STU009678,SCH012,2024-07-01,18,16,Family
ATT202407009679,STU009679,SCH041,2024-07-01,16,12,Unauthorised
ATT202407009680,STU009680,SCH005,2024-07-01,17,14,Medical
ATT202407009681,STU009681,SCH046,2024-07-01,17,14,Unauthorised
ATT202407009682,STU009682,SCH022,2024-07-01,16,12,Medical
ATT202407009683,STU009683,SCH024,2024-07-01,18,15,Unauthorised
ATT202407009684,STU009684,SCH032,2024-07-01,16,13,Unauthorised
ATT202407009685,STU009685,SCH050,2024-07-01,15,12,Unauthorised
ATT202407009686,STU009686,SCH043,2024-07-01,17,14,Family
ATT202407009687,STU009687,SCH028,2024-07-01,18,16,Illness
ATT202407009688,STU009688,SCH001,2024-07-01,18,14,Family
ATT202407009689,STU009689,SCH014,2024-07-01,14,11,Medical
ATT202407009690,STU009690,SCH046,2024-07-01,14,12,Medical
ATT202407009691,STU009691,SCH041,2024-07-01,18,15,Medical
ATT202407009692,STU009692,SCH040,2024-07-01,17,15,Other
ATT202407009693,STU009693,SCH007,2024-07-01,15,13,Medical
ATT202407009694,STU009694,SCH025,2024-07-01,18,16,Other
ATT202407009695,STU009695,SCH050,2024-07-01,14,12,Family
ATT202407009696,STU009696,SCH028,2024-07-01,15,12,Family
ATT202407009697,STU009697,SCH048,2024-07-01,17,14,Other
ATT202407009698,STU009698,SCH046,2024-07-01,18,14,Medical
ATT202407009699,STU009699,SCH004,2024-07-01,18,16,Family
ATT202407009700,STU009700,SCH009,2024-07-01,14,13,Medical
ATT202407009701,STU009701,SCH018,2024-07-01,17,15,Family
ATT202407009702,STU009702,SCH012,2024-07-01,16,13,Medical
ATT202407009703,STU009703,SCH040,2024-07-01,16,14,Medical
ATT202407009704,STU009704,SCH044,2024-07-01,16,13,Illness
ATT202407009705,STU009705,SCH046,2024-07-01,16,14,Unauthorised
ATT202407009706,STU009706,SCH013,2024-07-01,16,13,Unauthorised
ATT202407009707,STU009707,SCH035,2024-07-01,14,12,Medical
ATT202407009708,STU009708,SCH012,2024-07-01,17,14,Illness
ATT202407009709,STU009709,SCH006,2024-07-01,17,14,Illness
ATT202407009710,STU009710,SCH027,2024-07-01,16,13,Unauthorised
ATT202407009711,STU009711,SCH003,2024-07-01,17,15,Unauthorised
ATT202407009712,STU009712,SCH047,2024-07-01,15,12,Family
ATT202407009713,STU009713,SCH024,2024-07-01,14,11,Family
ATT202407009714,STU009714,SCH013,2024-07-01,17,15,Other
ATT202407009715,STU009715,SCH038,2024-07-01,15,12,Family
ATT202407009716,STU009716,SCH032,2024-07-01,14,11,Medical
ATT202407009717,STU009717,SCH032,2024-07-01,17,15,Medical
ATT202407009718,STU009718,SCH005,2024-07-01,14,12,Illness
ATT202407009719,STU009719,SCH033,2024-07-01,17,15,Other
ATT202407009720,STU009720,SCH014,2024-07-01,18,14,Other
ATT202407009721,STU009721,SCH019,2024-07-01,16,14,Medical
ATT202407009722,STU009722,SCH009,2024-07-01,14,12,Unauthorised
ATT202407009723,STU009723,SCH017,2024-07-01,17,13,Other
ATT202407009724,STU009724,SCH025,2024-07-01,16,13,Other
ATT202407009725,STU009725,SCH050,2024-07-01,15,13,Illness
ATT202407009726,STU009726,SCH022,2024-07-01,18,16,Family
ATT202407009727,STU009727,SCH028,2024-07-01,14,12,Medical
ATT202407009728,STU009728,SCH042,2024-07-01,14,11,Unauthorised
ATT202407009729,STU009729,SCH008,2024-07-01,14,12,Other
ATT202407009730,STU009730,SCH008,2024-07-01,18,15,Other
ATT202407009731,STU009731,SCH020,2024-07-01,15,12,Other
ATT202407009732,STU009732,SCH040,2024-07-01,14,12,Family
ATT202407009733,STU009733,SCH010,2024-07-01,16,13,Other
ATT202407009734,STU009734,SCH016,2024-07-01,18,16,Other
ATT202407009735,STU009735,SCH004,2024-07-01,16,14,Other
ATT202407009736,STU009736,SCH011,2024-07-01,18,15,Family
ATT202407009737,STU009737,SCH027,2024-07-01,16,13,Family
ATT202407009738,STU009738,SCH044,2024-07-01,17,14,Other
ATT202407009739,STU009739,SCH009,2024-07-01,16,13,Unauthorised
ATT202407009740,STU009740,SCH049,2024-07-01,17,13,Family
ATT202407009741,STU009741,SCH014,2024-07-01,18,15,Other
ATT202407009742,STU009742,SCH020,2024-07-01,17,14,Unauthorised
ATT202407009743,STU009743,SCH025,2024-07-01,16,13,Other
ATT202407009744,STU009744,SCH029,2024-07-01,18,15,Unauthorised
ATT202407009745,STU009745,SCH038,2024-07-01,16,14,Unauthorised
ATT202407009746,STU009746,SCH029,2024-07-01,15,13,Family
ATT202407009747,STU009747,SCH026,2024-07-01,15,12,Unauthorised
ATT202407009748,STU009748,SCH036,2024-07-01,14,11,Medical
ATT202407009749,STU009749,SCH017,2024-07-01,16,12,Medical
ATT202407009750,STU009750,SCH049,2024-07-01,17,13,Illness
ATT202407009751,STU009751,SCH007,2024-07-01,17,13,Medical
ATT202407009752,STU009752,SCH036,2024-07-01,17,14,Medical
ATT202407009753,STU009753,SCH040,2024-07-01,15,13,Family
ATT202407009754,STU009754,SCH028,2024-07-01,15,13,Illness
ATT202407009755,STU009755,SCH004,2024-07-01,17,13,Family
ATT202407009756,STU009756,SCH039,2024-07-01,15,12,Illness
ATT202407009757,STU009757,SCH050,2024-07-01,17,14,Illness
ATT202407009758,STU009758,SCH030,2024-07-01,17,15,Medical
ATT202407009759,STU009759,SCH009,2024-07-01,18,16,Family
ATT202407009760,STU009760,SCH024,2024-07-01,17,14,Medical
ATT202407009761,STU009761,SCH016,2024-07-01,18,16,Medical
ATT202407009762,STU009762,SCH045,2024-07-01,16,14,Family
ATT202407009763,STU009763,SCH018,2024-07-01,17,15,Medical
ATT202407009764,STU009764,SCH010,2024-07-01,18,16,Unauthorised
ATT202407009765,STU009765,SCH026,2024-07-01,17,14,Family
ATT202407009766,STU009766,SCH042,2024-07-01,18,13,Unauthorised
ATT202407009767,STU009767,SCH021,2024-07-01,17,14,Medical
ATT202407009768,STU009768,SCH014,2024-07-01,18,14,Family
ATT202407009769,STU009769,SCH038,2024-07-01,16,14,Other
ATT202407009770,STU009770,SCH043,2024-07-01,16,13,Illness
ATT202407009771,STU009771,SCH012,2024-07-01,18,15,Medical
ATT202407009772,STU009772,SCH049,2024-07-01,15,12,Illness
ATT202407009773,STU009773,SCH037,2024-07-01,18,16,Medical
ATT202407009774,STU009774,SCH005,2024-07-01,15,13,Medical
ATT202407009775,STU009775,SCH038,2024-07-01,15,12,Medical
ATT202407009776,STU009776,SCH016,2024-07-01,15,13,Family
ATT202407009777,STU009777,SCH014,2024-07-01,15,11,Other
ATT202407009778,STU009778,SCH016,2024-07-01,18,15,Family
ATT202407009779,STU009779,SCH006,2024-07-01,18,15,Illness
ATT202407009780,STU009780,SCH035,2024-07-01,17,13,Unauthorised
ATT202407009781,STU009781,SCH008,2024-07-01,16,13,Family
ATT202407009782,STU009782,SCH016,2024-07-01,16,13,Other
ATT202407009783,STU009783,SCH019,2024-07-01,16,14,Medical
ATT202407009784,STU009784,SCH014,2024-07-01,16,12,Illness
ATT202407009785,STU009785,SCH035,2024-07-01,15,13,Unauthorised
ATT202407009786,STU009786,SCH023,2024-07-01,17,14,Medical
ATT202407009787,STU009787,SCH025,2024-07-01,17,13,Medical
ATT202407009788,STU009788,SCH001,2024-07-01,15,12,Other
ATT202407009789,STU009789,SCH026,2024-07-01,17,15,Illness
ATT202407009790,STU009790,SCH015,2024-07-01,14,12,Unauthorised
ATT202407009791,STU009791,SCH014,2024-07-01,17,15,Illness
ATT202407009792,STU009792,SCH011,2024-07-01,18,16,Family
ATT202407009793,STU009793,SCH028,2024-07-01,15,13,Medical
ATT202407009794,STU009794,SCH008,2024-07-01,15,14,Medical
ATT202407009795,STU009795,SCH045,2024-07-01,15,11,Unauthorised
ATT202407009796,STU009796,SCH029,2024-07-01,15,13,Illness
ATT202407009797,STU009797,SCH006,2024-07-01,14,12,Unauthorised
ATT202407009798,STU009798,SCH017,2024-07-01,16,13,Unauthorised
ATT202407009799,STU009799,SCH030,2024-07-01,14,12,Unauthorised
ATT202407009800,STU009800,SCH008,2024-07-01,16,14,Other
ATT202407009801,STU009801,SCH028,2024-07-01,18,14,Family
ATT202407009802,STU009802,SCH050,2024-07-01,17,14,Unauthorised
ATT202407009803,STU009803,SCH016,2024-07-01,18,16,Family
ATT202407009804,STU009804,SCH042,2024-07-01,18,14,Unauthorised
ATT202407009805,STU009805,SCH013,2024-07-01,15,13,Unauthorised
ATT202407009806,STU009806,SCH050,2024-07-01,14,12,Other
ATT202407009807,STU009807,SCH002,2024-07-01,17,15,Illness
ATT202407009808,STU009808,SCH036,2024-07-01,18,16,Medical
ATT202407009809,STU009809,SCH030,2024-07-01,14,12,Medical
ATT202407009810,STU009810,SCH007,2024-07-01,18,16,Unauthorised
ATT202407009811,STU009811,SCH047,2024-07-01,15,12,Unauthorised
ATT202407009812,STU009812,SCH046,2024-07-01,14,12,Illness
ATT202407009813,STU009813,SCH033,2024-07-01,14,12,Illness
ATT202407009814,STU009814,SCH037,2024-07-01,18,16,Other
ATT202407009815,STU009815,SCH014,2024-07-01,17,14,Family
ATT202407009816,STU009816,SCH024,2024-07-01,14,11,Illness
ATT202407009817,STU009817,SCH016,2024-07-01,17,15,Family
ATT202407009818,STU009818,SCH003,2024-07-01,17,14,Other
ATT202407009819,STU009819,SCH013,2024-07-01,16,14,Other
ATT202407009820,STU009820,SCH006,2024-07-01,16,13,Medical
ATT202407009821,STU009821,SCH031,2024-07-01,15,13,Family
ATT202407009822,STU009822,SCH018,2024-07-01,15,14,Medical
ATT202407009823,STU009823,SCH045,2024-07-01,16,12,Medical
ATT202407009824,STU009824,SCH022,2024-07-01,14,11,Family
ATT202407009825,STU009825,SCH010,2024-07-01,16,13,Illness
ATT202407009826,STU009826,SCH034,2024-07-01,18,15,Illness
ATT202407009827,STU009827,SCH023,2024-07-01,16,14,Medical
ATT202407009828,STU009828,SCH025,2024-07-01,15,12,Other
ATT202407009829,STU009829,SCH038,2024-07-01,16,14,Medical
ATT202407009830,STU009830,SCH018,2024-07-01,15,13,Illness
ATT202407009831,STU009831,SCH042,2024-07-01,16,13,Illness
ATT202407009832,STU009832,SCH026,2024-07-01,15,13,Other
ATT202407009833,STU009833,SCH025,2024-07-01,18,15,Illness
ATT202407009834,STU009834,SCH003,2024-07-01,17,13,Other
ATT202407009835,STU009835,SCH031,2024-07-01,15,13,Family
ATT202407009836,STU009836,SCH037,2024-07-01,15,13,Illness
ATT202407009837,STU009837,SCH037,2024-07-01,18,15,Illness
ATT202407009838,STU009838,SCH049,2024-07-01,15,11,Illness
ATT202407009839,STU009839,SCH043,2024-07-01,14,12,Other
ATT202407009840,STU009840,SCH026,2024-07-01,17,14,Other
ATT202407009841,STU009841,SCH035,2024-07-01,17,14,Other
ATT202407009842,STU009842,SCH047,2024-07-01,14,13,Illness
ATT202407009843,STU009843,SCH006,2024-07-01,16,13,Family
ATT202407009844,STU009844,SCH047,2024-07-01,18,15,Illness
ATT202407009845,STU009845,SCH039,2024-07-01,16,14,Illness
ATT202407009846,STU009846,SCH015,2024-07-01,17,15,Medical
ATT202407009847,STU009847,SCH026,2024-07-01,14,12,Unauthorised
ATT202407009848,STU009848,SCH030,2024-07-01,15,13,Other
ATT202407009849,STU009849,SCH031,2024-07-01,14,11,Illness
ATT202407009850,STU009850,SCH006,2024-07-01,16,13,Other
ATT202407009851,STU009851,SCH018,2024-07-01,18,17,Illness
ATT202407009852,STU009852,SCH007,2024-07-01,18,15,Other
ATT202407009853,STU009853,SCH020,2024-07-01,16,15,Medical
ATT202407009854,STU009854,SCH050,2024-07-01,17,13,Medical
ATT202407009855,STU009855,SCH020,2024-07-01,16,14,Medical
ATT202407009856,STU009856,SCH018,2024-07-01,18,16,Illness
ATT202407009857,STU009857,SCH045,2024-07-01,16,14,Illness
ATT202407009858,STU009858,SCH008,2024-07-01,15,12,Family
ATT202407009859,STU009859,SCH031,2024-07-01,16,14,Family
ATT202407009860,STU009860,SCH041,2024-07-01,14,13,Medical
ATT202407009861,STU009861,SCH044,2024-07-01,14,12,Family
ATT202407009862,STU009862,SCH033,2024-07-01,18,15,Family
ATT202407009863,STU009863,SCH048,2024-07-01,16,13,Illness
ATT202407009864,STU009864,SCH012,2024-07-01,14,12,Unauthorised
ATT202407009866,STU009866,SCH031,2024-07-01,15,13,Family
ATT202407009867,STU009867,SCH015,2024-07-01,17,15,Other
ATT202407009868,STU009868,SCH029,2024-07-01,15,12,Unauthorised
ATT202407009869,STU009869,SCH012,2024-07-01,15,13,Illness
ATT202407009870,STU009870,SCH031,2024-07-01,15,13,Medical
ATT202407009871,STU009871,SCH033,2024-07-01,15,13,Other
ATT202407009872,STU009872,SCH033,2024-07-01,17,14,Illness
ATT202407009873,STU009873,SCH015,2024-07-01,17,14,Medical
ATT202407009874,STU009874,SCH041,2024-07-01,14,12,Family
ATT202407009875,STU009875,SCH040,2024-07-01,15,13,Illness
ATT202407009876,STU009876,SCH019,2024-07-01,16,15,Illness
ATT202407009877,STU009877,SCH001,2024-07-01,16,14,Other
ATT202407009878,STU009878,SCH007,2024-07-01,15,12,Other
ATT202407009879,STU009879,SCH023,2024-07-01,18,15,Unauthorised
ATT202407009880,STU009880,SCH033,2024-07-01,17,15,Unauthorised
ATT202407009881,STU009881,SCH004,2024-07-01,15,13,Medical
ATT202407009882,STU009882,SCH004,2024-07-01,15,13,Unauthorised
ATT202407009883,STU009883,SCH013,2024-07-01,15,13,Medical
ATT202407009884,STU009884,SCH016,2024-07-01,16,14,Illness
ATT202407009885,STU009885,SCH008,2024-07-01,15,13,Family
ATT202407009886,STU009886,SCH029,2024-07-01,15,12,Medical
ATT202407009887,STU009887,SCH019,2024-07-01,18,15,Medical
ATT202407009888,STU009888,SCH015,2024-07-01,15,12,Medical
ATT202407009889,STU009889,SCH019,2024-07-01,17,14,Family
ATT202407009890,STU009890,SCH021,2024-07-01,15,12,Other
ATT202407009891,STU009891,SCH009,2024-07-01,14,11,Illness
ATT202407009892,STU009892,SCH013,2024-07-01,17,15,Unauthorised
ATT202407009893,STU009893,SCH009,2024-07-01,15,12,Family
ATT202407009894,STU009894,SCH039,2024-07-01,17,14,Medical
ATT202407009895,STU009895,SCH030,2024-07-01,15,13,Medical
ATT202407009896,STU009896,SCH018,2024-07-01,18,16,Medical
ATT202407009897,STU009897,SCH040,2024-07-01,14,12,Other
ATT202407009898,STU009898,SCH018,2024-07-01,14,13,Family
ATT202407009899,STU009899,SCH016,2024-07-01,16,13,Medical
ATT202407009900,STU009900,SCH041,2024-07-01,15,13,Illness
ATT202407009901,STU009901,SCH006,2024-07-01,14,11,Family
ATT202407009902,STU009902,SCH044,2024-07-01,17,14,Family
ATT202407009903,STU009903,SCH031,2024-07-01,16,13,Unauthorised
ATT202407009904,STU009904,SCH014,2024-07-01,14,12,Unauthorised
ATT202407009905,STU009905,SCH030,2024-07-01,18,16,Other
ATT202407009906,STU009906,SCH005,2024-07-01,15,12,Illness
ATT202407009907,STU009907,SCH026,2024-07-01,18,16,Other
ATT202407009908,STU009908,SCH038,2024-07-01,14,12,Other
ATT202407009909,STU009909,SCH021,2024-07-01,14,10,Family
ATT202407009910,STU009910,SCH037,2024-07-01,17,16,Unauthorised
ATT202407009911,STU009911,SCH038,2024-07-01,15,13,Family
ATT202407009912,STU009912,SCH039,2024-07-01,15,12,Illness
ATT202407009913,STU009913,SCH002,2024-07-01,15,12,Unauthorised
ATT202407009914,STU009914,SCH029,2024-07-01,15,12,Other
ATT202407009915,STU009915,SCH004,2024-07-01,15,13,Illness
ATT202407009916,STU009916,SCH049,2024-07-01,17,14,Family
ATT202407009917,STU009917,SCH045,2024-07-01,18,14,Family
ATT202407009918,STU009918,SCH034,2024-07-01,18,16,Other
ATT202407009919,STU009919,SCH031,2024-07-01,17,14,Family
ATT202407009920,STU009920,SCH048,2024-07-01,17,15,Medical
ATT202407009921,STU009921,SCH014,2024-07-01,16,14,Illness
ATT202407009922,STU009922,SCH028,2024-07-01,14,11,Unauthorised
ATT202407009923,STU009923,SCH004,2024-07-01,15,12,Illness
ATT202407009924,STU009924,SCH040,2024-07-01,15,14,Medical
ATT202407009925,STU009925,SCH032,2024-07-01,14,12,Other
ATT202407009926,STU009926,SCH015,2024-07-01,15,14,Family
ATT202407009927,STU009927,SCH004,2024-07-01,14,12,Illness
ATT202407009928,STU009928,SCH038,2024-07-01,18,16,Other
ATT202407009929,STU009929,SCH018,2024-07-01,18,15,Medical
ATT202407009930,STU009930,SCH045,2024-07-01,18,14,Other
ATT202407009931,STU009931,SCH029,2024-07-01,16,14,Illness
ATT202407009932,STU009932,SCH040,2024-07-01,14,12,Medical
ATT202407009933,STU009933,SCH045,2024-07-01,16,13,Medical
ATT202407009934,STU009934,SCH049,2024-07-01,18,14,Unauthorised
ATT202407009935,STU009935,SCH037,2024-07-01,14,11,Family
ATT202407009936,STU009936,SCH014,2024-07-01,18,15,Unauthorised
ATT202407009937,STU009937,SCH002,2024-07-01,14,11,Illness
ATT202407009938,STU009938,SCH042,2024-07-01,18,15,Illness
ATT202407009939,STU009939,SCH012,2024-07-01,17,15,Medical
ATT202407009940,STU009940,SCH042,2024-07-01,17,12,Unauthorised
ATT202407009941,STU009941,SCH024,2024-07-01,15,12,Other
ATT202407009942,STU009942,SCH016,2024-07-01,14,13,Medical
ATT202407009943,STU009943,SCH031,2024-07-01,15,12,Family
ATT202407009944,STU009944,SCH033,2024-07-01,15,13,Other
ATT202407009945,STU009945,SCH033,2024-07-01,17,14,Unauthorised
ATT202407009946,STU009946,SCH050,2024-07-01,17,14,Illness
ATT202407009947,STU009947,SCH034,2024-07-01,17,14,Unauthorised
ATT202407009948,STU009948,SCH032,2024-07-01,15,13,Other
ATT202407009949,STU009949,SCH030,2024-07-01,15,13,Other
ATT202407009950,STU009950,SCH004,2024-07-01,14,12,Family
ATT202407009951,STU009951,SCH048,2024-07-01,18,16,Medical
ATT202407009952,STU009952,SCH020,2024-07-01,18,16,Medical
ATT202407009953,STU009953,SCH044,2024-07-01,18,15,Family
ATT202407009954,STU009954,SCH029,2024-07-01,15,13,Family
ATT202407009955,STU009955,SCH010,2024-07-01,14,13,Medical
ATT202407009956,STU009956,SCH010,2024-07-01,15,13,Illness
ATT202407009957,STU009957,SCH038,2024-07-01,18,15,Family
ATT202407009958,STU009958,SCH037,2024-07-01,16,14,Illness
ATT202407009959,STU009959,SCH015,2024-07-01,15,13,Illness
ATT202407009960,STU009960,SCH020,2024-07-01,15,12,Illness
ATT202407009961,STU009961,SCH026,2024-07-01,15,13,Other
ATT202407009962,STU009962,SCH033,2024-07-01,17,16,Family
ATT202407009963,STU009963,SCH008,2024-07-01,15,13,Family
ATT202407009964,STU009964,SCH037,2024-07-01,17,15,Medical
ATT202407009965,STU009965,SCH027,2024-07-01,16,14,Family
ATT202407009966,STU009966,SCH043,2024-07-01,18,15,Other
ATT202407009967,STU009967,SCH017,2024-07-01,17,13,Illness
ATT202407009968,STU009968,SCH046,2024-07-01,18,15,Medical
ATT202407009969,STU009969,SCH014,2024-07-01,14,12,Illness
ATT202407009970,STU009970,SCH021,2024-07-01,15,12,Illness
ATT202407009971,STU009971,SCH036,2024-07-01,16,14,Illness
ATT202407009972,STU009972,SCH031,2024-07-01,14,12,Family
ATT202407009973,STU009973,SCH001,2024-07-01,17,14,Other
ATT202407009974,STU009974,SCH032,2024-07-01,16,13,Medical
ATT202407009975,STU009975,SCH004,2024-07-01,18,15,Unauthorised
ATT202407009976,STU009976,SCH030,2024-07-01,17,14,Illness
ATT202407009977,STU009977,SCH031,2024-07-01,17,14,Family
ATT202407009978,STU009978,SCH048,2024-07-01,17,14,Illness
ATT202407009979,STU009979,SCH004,2024-07-01,17,13,Medical
ATT202407009980,STU009980,SCH031,2024-07-01,18,16,Unauthorised
ATT202407009981,STU009981,SCH035,2024-07-01,18,15,Other
ATT202407009982,STU009982,SCH026,2024-07-01,14,12,Unauthorised
ATT202407009983,STU009983,SCH045,2024-07-01,17,14,Other
ATT202407009984,STU009984,SCH025,2024-07-01,15,13,Family
ATT202407009985,STU009985,SCH012,2024-07-01,15,12,Other
ATT202407009986,STU009986,SCH026,2024-07-01,17,16,Illness
ATT202407009987,STU009987,SCH033,2024-07-01,17,13,Family
ATT202407009988,STU009988,SCH009,2024-07-01,14,11,Illness
ATT202407009989,STU009989,SCH010,2024-07-01,17,15,Medical
ATT202407009990,STU009990,SCH018,2024-07-01,17,15,Illness
ATT202407009991,STU009991,SCH033,2024-07-01,17,14,Family
ATT202407009992,STU009992,SCH040,2024-07-01,16,14,Other
ATT202407009993,STU009993,SCH020,2024-07-01,15,12,Illness
ATT202407009994,STU009994,SCH042,2024-07-01,18,16,Other
ATT202407009995,STU009995,SCH033,2024-07-01,16,14,Unauthorised
ATT202407009996,STU009996,SCH016,2024-07-01,18,15,Family
ATT202407009997,STU009997,SCH014,2024-07-01,17,14,Medical
ATT202407009998,STU009998,SCH027,2024-07-01,16,13,Family
ATT202407009999,STU009999,SCH018,2024-07-01,16,14,Medical
ATT202407010000,STU010000,SCH019,2024-07-01,14,12,Medical
ATT202407010001,STU010001,SCH041,2024-07-01,15,13,Illness
ATT202407010002,STU010002,SCH024,2024-07-01,18,15,Family
ATT202407010003,STU010003,SCH048,2024-07-01,17,15,Other
ATT202407010004,STU010004,SCH048,2024-07-01,18,15,Illness
ATT202407010005,STU010005,SCH014,2024-07-01,18,15,Medical
ATT202407010006,STU010006,SCH026,2024-07-01,14,12,Medical
ATT202407010007,STU010007,SCH030,2024-07-01,17,14,Other
ATT202407010008,STU010008,SCH005,2024-07-01,15,13,Medical
ATT202407010009,STU010009,SCH042,2024-07-01,15,13,Medical
ATT202407010010,STU010010,SCH016,2024-07-01,17,15,Unauthorised
ATT202407010011,STU010011,SCH011,2024-07-01,18,15,Other
ATT202407010012,STU010012,SCH025,2024-07-01,14,12,Unauthorised
ATT202407010013,STU010013,SCH040,2024-07-01,14,11,Family
ATT202407010014,STU010014,SCH037,2024-07-01,18,16,Medical
ATT202407010015,STU010015,SCH046,2024-07-01,17,13,Family
ATT202407010016,STU010016,SCH046,2024-07-01,15,12,Family
ATT202407010017,STU010017,SCH015,2024-07-01,17,14,Other
ATT202407010018,STU010018,SCH032,2024-07-01,18,15,Medical
ATT202407010019,STU010019,SCH015,2024-07-01,16,14,Medical
ATT202407010020,STU010020,SCH016,2024-07-01,17,14,Illness
ATT202407010021,STU010021,SCH037,2024-07-01,17,14,Family
ATT202407010022,STU010022,SCH009,2024-07-01,14,12,Unauthorised
ATT202407010023,STU010023,SCH032,2024-07-01,17,14,Unauthorised
ATT202407010024,STU010024,SCH031,2024-07-01,18,14,Family
ATT202407010025,STU010025,SCH009,2024-07-01,18,16,Unauthorised
ATT202407010026,STU010026,SCH039,2024-07-01,15,13,Illness
ATT202407010027,STU010027,SCH030,2024-07-01,14,12,Illness
ATT202407010028,STU010028,SCH030,2024-07-01,17,15,Other
ATT202407010029,STU010029,SCH006,2024-07-01,17,14,Unauthorised
ATT202407010030,STU010030,SCH035,2024-07-01,18,14,Other
ATT202407010031,STU010031,SCH040,2024-07-01,16,13,Illness
ATT202407010032,STU010032,SCH010,2024-07-01,15,12,Family
ATT202407010033,STU010033,SCH039,2024-07-01,15,13,Other
ATT202407010034,STU010034,SCH019,2024-07-01,15,13,Unauthorised
ATT202407010035,STU010035,SCH019,2024-07-01,15,14,Other
ATT202407010036,STU010036,SCH033,2024-07-01,15,12,Medical
ATT202407010037,STU010037,SCH015,2024-07-01,16,14,Family
ATT202407010038,STU010038,SCH035,2024-07-01,18,15,Family
ATT202407010039,STU010039,SCH005,2024-07-01,16,14,Medical
ATT202407010040,STU010040,SCH046,2024-07-01,18,17,Unauthorised
ATT202407010041,STU010041,SCH010,2024-07-01,15,14,Illness
ATT202407010042,STU010042,SCH027,2024-07-01,15,13,Family
ATT202407010043,STU010043,SCH031,2024-07-01,15,13,Other
ATT202407010044,STU010044,SCH028,2024-07-01,18,15,Illness
ATT202407010045,STU010045,SCH046,2024-07-01,15,12,Unauthorised
ATT202407010046,STU010046,SCH014,2024-07-01,14,12,Other
ATT202407010047,STU010047,SCH042,2024-07-01,18,14,Unauthorised
ATT202407010048,STU010048,SCH046,2024-07-01,16,13,Unauthorised
ATT202407010049,STU010049,SCH011,2024-07-01,18,16,Family
ATT202407010050,STU010050,SCH021,2024-07-01,15,12,Medical
ATT202407010051,STU010051,SCH038,2024-07-01,16,14,Medical
ATT202407010052,STU010052,SCH021,2024-07-01,16,13,Unauthorised
ATT202407010053,STU010053,SCH037,2024-07-01,16,14,Medical
ATT202407010054,STU010054,SCH050,2024-07-01,17,15,Family
ATT202407010055,STU010055,SCH040,2024-07-01,15,13,Unauthorised
ATT202407010056,STU010056,SCH047,2024-07-01,17,15,Other
ATT202407010057,STU010057,SCH037,2024-07-01,14,12,Illness
ATT202407010058,STU010058,SCH007,2024-07-01,18,15,Medical
ATT202407010059,STU010059,SCH011,2024-07-01,17,15,Medical
ATT202407010060,STU010060,SCH022,2024-07-01,14,12,Family
ATT202407010061,STU010061,SCH028,2024-07-01,15,12,Other
ATT202407010062,STU010062,SCH022,2024-07-01,15,15,
ATT202407010063,STU010063,SCH039,2024-07-01,18,15,Medical
ATT202407010064,STU010064,SCH020,2024-07-01,18,16,Unauthorised
ATT202407010065,STU010065,SCH031,2024-07-01,17,14,Medical
ATT202407010066,STU010066,SCH046,2024-07-01,14,13,Other
ATT202407010067,STU010067,SCH004,2024-07-01,16,14,Family
ATT202407010068,STU010068,SCH041,2024-07-01,14,13,Unauthorised
ATT202407010069,STU010069,SCH020,2024-07-01,15,13,Unauthorised
ATT202407010070,STU010070,SCH016,2024-07-01,17,15,Medical
ATT202407010071,STU010071,SCH036,2024-07-01,15,13,Family
ATT202407010072,STU010072,SCH040,2024-07-01,15,12,Medical
ATT202407010073,STU010073,SCH011,2024-07-01,18,15,Other
ATT202407010074,STU010074,SCH044,2024-07-01,18,15,Other
ATT202407010075,STU010075,SCH006,2024-07-01,15,13,Family
ATT202407010076,STU010076,SCH004,2024-07-01,16,13,Medical
ATT202407010077,STU010077,SCH007,2024-07-01,18,16,Family
ATT202407010078,STU010078,SCH050,2024-07-01,18,15,Medical
ATT202407010079,STU010079,SCH032,2024-07-01,16,14,Medical
ATT202407010080,STU010080,SCH048,2024-07-01,15,12,Family
ATT202407010081,STU010081,SCH030,2024-07-01,16,15,Illness
ATT202407010082,STU010082,SCH043,2024-07-01,16,14,Medical
ATT202407010083,STU010083,SCH048,2024-07-01,16,14,Family
ATT202407010084,STU010084,SCH022,2024-07-01,14,10,Unauthorised
ATT202407010085,STU010085,SCH004,2024-07-01,18,16,Medical
ATT202407010086,STU010086,SCH037,2024-07-01,15,13,Other
ATT202407010087,STU010087,SCH037,2024-07-01,18,15,Illness
ATT202407010088,STU010088,SCH016,2024-07-01,17,15,Other
ATT202407010089,STU010089,SCH026,2024-07-01,14,11,Unauthorised
ATT202407010090,STU010090,SCH046,2024-07-01,15,12,Illness
ATT202407010091,STU010091,SCH031,2024-07-01,14,11,Family
ATT202407010092,STU010092,SCH025,2024-07-01,18,16,Unauthorised
ATT202407010093,STU010093,SCH043,2024-07-01,15,13,Other
ATT202407010094,STU010094,SCH007,2024-07-01,17,14,Unauthorised
ATT202407010095,STU010095,SCH028,2024-07-01,17,14,Family
ATT202407010096,STU010096,SCH029,2024-07-01,17,14,Medical
ATT202407010097,STU010097,SCH046,2024-07-01,15,13,Other
ATT202407010098,STU010098,SCH050,2024-07-01,15,14,Family
ATT202407010099,STU010099,SCH020,2024-07-01,16,14,Family
ATT202407010100,STU010100,SCH019,2024-07-01,17,14,Illness
ATT202407010101,STU010101,SCH029,2024-07-01,18,15,Medical
ATT202407010102,STU010102,SCH043,2024-07-01,17,13,Medical
ATT202407010103,STU010103,SCH022,2024-07-01,14,13,Family
ATT202407010104,STU010104,SCH031,2024-07-01,15,13,Family
ATT202407010105,STU010105,SCH013,2024-07-01,18,16,Illness
ATT202407010106,STU010106,SCH023,2024-07-01,17,14,Illness
ATT202407010107,STU010107,SCH019,2024-07-01,14,12,Illness
ATT202407010108,STU010108,SCH043,2024-07-01,17,14,Family
ATT202407010109,STU010109,SCH005,2024-07-01,16,14,Family
ATT202407010110,STU010110,SCH026,2024-07-01,18,15,Medical
ATT202407010111,STU010111,SCH043,2024-07-01,16,14,Family
ATT202407010112,STU010112,SCH017,2024-07-01,16,13,Illness
ATT202407010113,STU010113,SCH039,2024-07-01,18,16,Family
ATT202407010114,STU010114,SCH030,2024-07-01,17,13,Medical
ATT202407010115,STU010115,SCH007,2024-07-01,16,13,Illness
ATT202407010116,STU010116,SCH046,2024-07-01,16,13,Unauthorised
ATT202407010117,STU010117,SCH032,2024-07-01,16,13,Family
ATT202407010118,STU010118,SCH023,2024-07-01,17,15,Unauthorised
ATT202407010119,STU010119,SCH010,2024-07-01,14,11,Other
ATT202407010120,STU010120,SCH014,2024-07-01,15,12,Medical
ATT202407010121,STU010121,SCH026,2024-07-01,18,15,Other
ATT202407010122,STU010122,SCH044,2024-07-01,16,12,Illness
ATT202407010123,STU010123,SCH018,2024-07-01,15,14,Medical
ATT202407010124,STU010124,SCH049,2024-07-01,14,12,Other
ATT202407010125,STU010125,SCH010,2024-07-01,17,15,Medical
ATT202407010126,STU010126,SCH037,2024-07-01,14,12,Unauthorised
ATT202407010127,STU010127,SCH035,2024-07-01,18,15,Illness
ATT202407010128,STU010128,SCH010,2024-07-01,15,13,Medical
ATT202407010129,STU010129,SCH003,2024-07-01,18,16,Illness
ATT202407010130,STU010130,SCH035,2024-07-01,16,13,Medical
ATT202407010131,STU010131,SCH015,2024-07-01,18,15,Unauthorised
ATT202407010132,STU010132,SCH043,2024-07-01,17,14,Medical
ATT202407010133,STU010133,SCH036,2024-07-01,14,12,Other
ATT202407010134,STU010134,SCH010,2024-07-01,17,14,Other
ATT202407010135,STU010135,SCH039,2024-07-01,17,15,Medical
ATT202407010136,STU010136,SCH042,2024-07-01,16,12,Family
ATT202407010137,STU010137,SCH009,2024-07-01,15,12,Illness
ATT202407010138,STU010138,SCH041,2024-07-01,16,15,Unauthorised
ATT202407010139,STU010139,SCH008,2024-07-01,17,15,Other
ATT202407010140,STU010140,SCH043,2024-07-01,15,13,Family
ATT202407010141,STU010141,SCH012,2024-07-01,16,13,Other
ATT202407010142,STU010142,SCH046,2024-07-01,15,13,Family
ATT202407010143,STU010143,SCH021,2024-07-01,14,11,Unauthorised
ATT202407010144,STU010144,SCH004,2024-07-01,14,13,Unauthorised
ATT202407010145,STU010145,SCH019,2024-07-01,15,12,Medical
ATT202407010146,STU010146,SCH010,2024-07-01,16,14,Illness
ATT202407010147,STU010147,SCH046,2024-07-01,16,13,Other
ATT202407010148,STU010148,SCH046,2024-07-01,18,16,Medical
ATT202407010149,STU010149,SCH012,2024-07-01,16,13,Unauthorised
ATT202407010150,STU010150,SCH031,2024-07-01,16,14,Illness
