attendance_id,student_id,school_id,attendance_month,possible_days,attended_days,absence_reason
ATT202504000001,STU000001,SCH010,2025-04-01,17,15,Unauthorised
ATT202504000002,STU000002,SCH021,2025-04-01,15,13,Medical
ATT202504000003,STU000003,SCH002,2025-04-01,14,12,Illness
ATT202504000004,STU000004,SCH040,2025-04-01,17,16,Illness
ATT202504000005,STU000005,SCH043,2025-04-01,14,13,Unauthorised
ATT202504000006,STU000006,SCH047,2025-04-01,14,13,Other
ATT202504000007,STU000007,SCH031,2025-04-01,14,13,Unauthorised
ATT202504000009,STU000009,SCH001,2025-04-01,18,16,Other
ATT202504000010,STU000010,SCH043,2025-04-01,17,16,Unauthorised
ATT202504000011,STU000011,SCH023,2025-04-01,18,16,Family
ATT202504000012,STU000012,SCH020,2025-04-01,14,12,Other
ATT202504000013,STU000013,SCH045,2025-04-01,14,13,Other
ATT202504000014,STU000014,SCH029,2025-04-01,17,16,Family
ATT202504000015,STU000015,SCH006,2025-04-01,16,16,
ATT202504000016,STU000016,SCH005,2025-04-01,15,14,Other
ATT202504000017,STU000017,SCH034,2025-04-01,14,12,Unauthorised
ATT202504000018,STU000018,SCH025,2025-04-01,18,17,Medical
ATT202504000019,STU000019,SCH005,2025-04-01,18,18,
ATT202504000020,STU000020,SCH027,2025-04-01,15,14,Other
ATT202504000022,STU000022,SCH041,2025-04-01,18,17,Medical
ATT202504000023,STU000023,SCH027,2025-04-01,15,13,Illness
ATT202504000024,STU000024,SCH032,2025-04-01,17,16,Other
ATT202504000025,STU000025,SCH020,2025-04-01,18,16,Medical
ATT202504000026,STU000026,SCH036,2025-04-01,16,15,Medical
ATT202504000027,STU000027,SCH023,2025-04-01,16,16,
ATT202504000028,STU000028,SCH005,2025-04-01,14,14,
ATT202504000030,STU000030,SCH028,2025-04-01,15,14,Family
ATT202504000031,STU000031,SCH021,2025-04-01,16,15,Family
ATT202504000032,STU000032,SCH014,2025-04-01,15,14,Family
ATT202504000033,STU000033,SCH040,2025-04-01,16,15,Unauthorised
ATT202504000034,STU000034,SCH009,2025-04-01,17,14,Family
ATT202504000035,STU000035,SCH014,2025-04-01,15,15,
ATT202504000036,STU000036,SCH029,2025-04-01,16,14,Other
ATT202504000037,STU000037,SCH036,2025-04-01,17,15,Other
ATT202504000038,STU000038,SCH008,2025-04-01,16,14,Medical
ATT202504000039,STU000039,SCH014,2025-04-01,15,13,Medical
ATT202504000040,STU000040,SCH008,2025-04-01,15,14,Family
ATT202504000041,STU000041,SCH013,2025-04-01,18,17,Unauthorised
ATT202504000043,STU000043,SCH038,2025-04-01,14,14,
ATT202504000045,STU000045,SCH009,2025-04-01,16,13,Other
ATT202504000046,STU000046,SCH045,2025-04-01,17,15,Illness
ATT202504000047,STU000047,SCH029,2025-04-01,18,16,Family
ATT202504000049,STU000049,SCH037,2025-04-01,16,15,Unauthorised
ATT202504000050,STU000050,SCH027,2025-04-01,15,14,Other
ATT202504000051,STU000051,SCH017,2025-04-01,16,14,Family
ATT202504000052,STU000052,SCH005,2025-04-01,16,15,Other
ATT202504000053,STU000053,SCH043,2025-04-01,16,14,Medical
ATT202504000054,STU000054,SCH045,2025-04-01,15,13,Medical
ATT202504000055,STU000055,SCH030,2025-04-01,18,17,Family
ATT202504000056,STU000056,SCH048,2025-04-01,16,16,
ATT202504000057,STU000057,SCH021,2025-04-01,15,14,Unauthorised
ATT202504000058,STU000058,SCH002,2025-04-01,15,12,Medical
ATT202504000059,STU000059,SCH034,2025-04-01,15,14,Family
ATT202504000060,STU000060,SCH012,2025-04-01,14,13,Other
ATT202504000061,STU000061,SCH009,2025-04-01,17,15,Illness
ATT202504000062,STU000062,SCH018,2025-04-01,14,13,Medical
ATT202504000064,STU000064,SCH029,2025-04-01,18,16,Family
ATT202504000065,STU000065,SCH027,2025-04-01,17,16,Illness
ATT202504000066,STU000066,SCH010,2025-04-01,18,17,Unauthorised
ATT202504000068,STU000068,SCH010,2025-04-01,15,15,
ATT202504000069,STU000069,SCH021,2025-04-01,14,12,Illness
ATT202504000070,STU000070,SCH047,2025-04-01,14,12,Illness
ATT202504000071,STU000071,SCH005,2025-04-01,15,14,Medical
ATT202504000072,STU000072,SCH001,2025-04-01,16,13,Other
ATT202504000074,STU000074,SCH004,2025-04-01,14,13,Medical
ATT202504000075,STU000075,SCH025,2025-04-01,14,13,Illness
ATT202504000076,STU000076,SCH045,2025-04-01,17,15,Unauthorised
ATT202504000077,STU000077,SCH045,2025-04-01,14,12,Unauthorised
ATT202504000079,STU000079,SCH004,2025-04-01,18,17,Illness
ATT202504000080,STU000080,SCH019,2025-04-01,18,16,Unauthorised
ATT202504000081,STU000081,SCH021,2025-04-01,18,16,Unauthorised
ATT202504000082,STU000082,SCH016,2025-04-01,16,16,
ATT202504000083,STU000083,SCH038,2025-04-01,14,13,Other
ATT202504000084,STU000084,SCH003,2025-04-01,14,13,Medical
ATT202504000085,STU000085,SCH013,2025-04-01,15,14,Other
ATT202504000086,STU000086,SCH035,2025-04-01,16,14,Other
ATT202504000087,STU000087,SCH041,2025-04-01,17,14,Other
ATT202504000088,STU000088,SCH049,2025-04-01,17,15,Other
ATT202504000089,STU000089,SCH043,2025-04-01,18,15,Other
ATT202504000090,STU000090,SCH008,2025-04-01,16,15,Other
ATT202504000091,STU000091,SCH042,2025-04-01,17,15,Medical
ATT202504000092,STU000092,SCH008,2025-04-01,16,15,Unauthorised
ATT202504000093,STU000093,SCH048,2025-04-01,16,14,Family
ATT202504000094,STU000094,SCH006,2025-04-01,17,16,Unauthorised
ATT202504000095,STU000095,SCH012,2025-04-01,14,12,Other
ATT202504000096,STU000096,SCH017,2025-04-01,14,13,Other
ATT202504000097,STU000097,SCH022,2025-04-01,18,14,Unauthorised
ATT202504000098,STU000098,SCH046,2025-04-01,14,13,Medical
ATT202504000102,STU000102,SCH037,2025-04-01,14,13,Medical
ATT202504000103,STU000103,SCH006,2025-04-01,17,15,Other
ATT202504000104,STU000104,SCH019,2025-04-01,17,16,Illness
ATT202504000106,STU000106,SCH046,2025-04-01,15,14,Unauthorised
ATT202504000107,STU000107,SCH016,2025-04-01,18,17,Family
ATT202504000108,STU000108,SCH045,2025-04-01,17,15,Other
ATT202504000109,STU000109,SCH008,2025-04-01,14,12,Medical
ATT202504000110,STU000110,SCH019,2025-04-01,15,13,Family
ATT202504000112,STU000112,SCH036,2025-04-01,18,17,Other
ATT202504000114,STU000114,SCH046,2025-04-01,17,16,Illness
ATT202504000115,STU000115,SCH029,2025-04-01,14,13,Medical
ATT202504000116,STU000116,SCH027,2025-04-01,14,13,Unauthorised
ATT202504000117,STU000117,SCH047,2025-04-01,17,15,Unauthorised
ATT202504000118,STU000118,SCH012,2025-04-01,14,13,Other
ATT202504000119,STU000119,SCH040,2025-04-01,17,15,Other
ATT202504000121,STU000121,SCH002,2025-04-01,18,17,Family
ATT202504000122,STU000122,SCH039,2025-04-01,17,15,Medical
ATT202504000123,STU000123,SCH021,2025-04-01,15,14,Medical
ATT202504000124,STU000124,SCH010,2025-04-01,14,12,Medical
ATT202504000125,STU000125,SCH033,2025-04-01,14,12,Medical
ATT202504000126,STU000126,SCH026,2025-04-01,14,14,
ATT202504000127,STU000127,SCH012,2025-04-01,18,16,Medical
ATT202504000128,STU000128,SCH018,2025-04-01,14,12,Unauthorised
ATT202504000129,STU000129,SCH012,2025-04-01,14,12,Unauthorised
ATT202504000130,STU000130,SCH032,2025-04-01,17,16,Medical
ATT202504000131,STU000131,SCH030,2025-04-01,16,16,
ATT202504000132,STU000132,SCH013,2025-04-01,17,15,Unauthorised
ATT202504000134,STU000134,SCH010,2025-04-01,17,15,Medical
ATT202504000135,STU000135,SCH027,2025-04-01,14,12,Unauthorised
ATT202504000136,STU000136,SCH020,2025-04-01,16,16,
ATT202504000137,STU000137,SCH028,2025-04-01,17,15,Other
ATT202504000138,STU000138,SCH025,2025-04-01,15,14,Unauthorised
ATT202504000139,STU000139,SCH029,2025-04-01,16,16,
ATT202504000141,STU000141,SCH010,2025-04-01,14,12,Other
ATT202504000142,STU000142,SCH009,2025-04-01,16,14,Unauthorised
ATT202504000143,STU000143,SCH023,2025-04-01,18,17,Unauthorised
ATT202504000144,STU000144,SCH019,2025-04-01,18,17,Family
ATT202504000145,STU000145,SCH035,2025-04-01,14,12,Unauthorised
ATT202504000146,STU000146,SCH027,2025-04-01,18,16,Unauthorised
ATT202504000148,STU000148,SCH021,2025-04-01,15,14,Illness
ATT202504000149,STU000149,SCH015,2025-04-01,15,14,Unauthorised
ATT202504000150,STU000150,SCH022,2025-04-01,15,13,Other
ATT202504000151,STU000151,SCH043,2025-04-01,16,16,
ATT202504000152,STU000152,SCH011,2025-04-01,15,13,Illness
ATT202504000153,STU000153,SCH045,2025-04-01,15,13,Family
ATT202504000154,STU000154,SCH014,2025-04-01,15,15,
ATT202504000155,STU000155,SCH044,2025-04-01,17,16,Other
ATT202504000156,STU000156,SCH018,2025-04-01,14,14,
ATT202504000157,STU000157,SCH013,2025-04-01,17,16,Medical
ATT202504000158,STU000158,SCH033,2025-04-01,18,17,Medical
ATT202504000160,STU000160,SCH009,2025-04-01,18,16,Other
ATT202504000161,STU000161,SCH026,2025-04-01,18,17,Family
ATT202504000162,STU000162,SCH027,2025-04-01,14,12,Other
ATT202504000164,STU000164,SCH018,2025-04-01,16,16,
ATT202504000165,STU000165,SCH045,2025-04-01,14,13,Illness
ATT202504000166,STU000166,SCH047,2025-04-01,18,17,Illness
ATT202504000167,STU000167,SCH033,2025-04-01,18,17,Illness
ATT202504000169,STU000169,SCH007,2025-04-01,17,16,Medical
ATT202504000170,STU000170,SCH041,2025-04-01,15,14,Other
ATT202504000171,STU000171,SCH031,2025-04-01,14,13,Unauthorised
ATT202504000172,STU000172,SCH023,2025-04-01,15,13,Illness
ATT202504000173,STU000173,SCH006,2025-04-01,16,14,Other
ATT202504000174,STU000174,SCH001,2025-04-01,18,17,Illness
ATT202504000175,STU000175,SCH021,2025-04-01,16,14,Family
ATT202504000176,STU000176,SCH031,2025-04-01,18,15,Illness
ATT202504000177,STU000177,SCH036,2025-04-01,16,15,Illness
ATT202504000178,STU000178,SCH022,2025-04-01,17,14,Family
ATT202504000179,STU000179,SCH007,2025-04-01,17,16,Unauthorised
ATT202504000180,STU000180,SCH048,2025-04-01,15,14,Family
ATT202504000182,STU000182,SCH034,2025-04-01,17,15,Other
ATT202504000183,STU000183,SCH013,2025-04-01,17,17,
ATT202504000184,STU000184,SCH032,2025-04-01,15,14,Family
ATT202504000185,STU000185,SCH015,2025-04-01,16,15,Medical
ATT202504000186,STU000186,SCH007,2025-04-01,14,14,
ATT202504000187,STU000187,SCH020,2025-04-01,15,14,Unauthorised
ATT202504000189,STU000189,SCH040,2025-04-01,14,13,Illness
ATT202504000190,STU000190,SCH008,2025-04-01,16,14,Other
ATT202504000191,STU000191,SCH008,2025-04-01,15,14,Unauthorised
ATT202504000192,STU000192,SCH018,2025-04-01,17,16,Other
ATT202504000193,STU000193,SCH031,2025-04-01,16,15,Illness
ATT202504000196,STU000196,SCH005,2025-04-01,18,16,Other
ATT202504000197,STU000197,SCH027,2025-04-01,14,13,Family
ATT202504000198,STU000198,SCH009,2025-04-01,14,13,Other
ATT202504000201,STU000201,SCH030,2025-04-01,18,17,Unauthorised
ATT202504000202,STU000202,SCH003,2025-04-01,16,15,Family
ATT202504000203,STU000203,SCH008,2025-04-01,14,13,Family
ATT202504000204,STU000204,SCH011,2025-04-01,18,16,Illness
ATT202504000205,STU000205,SCH050,2025-04-01,15,14,Unauthorised
ATT202504000206,STU000206,SCH050,2025-04-01,14,13,Unauthorised
ATT202504000208,STU000208,SCH016,2025-04-01,18,17,Medical
ATT202504000209,STU000209,SCH011,2025-04-01,17,16,Unauthorised
ATT202504000210,STU000210,SCH001,2025-04-01,17,16,Illness
ATT202504000211,STU000211,SCH040,2025-04-01,14,13,Illness
ATT202504000212,STU000212,SCH014,2025-04-01,14,13,Illness
ATT202504000213,STU000213,SCH002,2025-04-01,16,15,Unauthorised
ATT202504000214,STU000214,SCH026,2025-04-01,14,12,Family
ATT202504000215,STU000215,SCH017,2025-04-01,18,14,Illness
ATT202504000216,STU000216,SCH012,2025-04-01,15,14,Illness
ATT202504000217,STU000217,SCH001,2025-04-01,18,18,
ATT202504000218,STU000218,SCH037,2025-04-01,14,14,
ATT202504000219,STU000219,SCH021,2025-04-01,16,15,Family
ATT202504000220,STU000220,SCH008,2025-04-01,15,15,
ATT202504000221,STU000221,SCH040,2025-04-01,18,16,Family
ATT202504000222,STU000222,SCH041,2025-04-01,18,16,Medical
ATT202504000223,STU000223,SCH021,2025-04-01,15,14,Other
ATT202504000224,STU000224,SCH008,2025-04-01,16,14,Other
ATT202504000225,STU000225,SCH030,2025-04-01,17,16,Medical
ATT202504000226,STU000226,SCH013,2025-04-01,16,15,Medical
ATT202504000227,STU000227,SCH043,2025-04-01,14,13,Family
ATT202504000228,STU000228,SCH003,2025-04-01,18,16,Medical
ATT202504000229,STU000229,SCH026,2025-04-01,15,14,Unauthorised
ATT202504000230,STU000230,SCH039,2025-04-01,15,14,Medical
ATT202504000231,STU000231,SCH009,2025-04-01,16,13,Other
ATT202504000232,STU000232,SCH025,2025-04-01,17,16,Illness
ATT202504000233,STU000233,SCH011,2025-04-01,17,15,Unauthorised
ATT202504000234,STU000234,SCH021,2025-04-01,16,15,Illness
ATT202504000235,STU000235,SCH005,2025-04-01,14,13,Illness
ATT202504000236,STU000236,SCH022,2025-04-01,14,12,Other
ATT202504000237,STU000237,SCH040,2025-04-01,16,14,Illness
ATT202504000238,STU000238,SCH018,2025-04-01,16,15,Illness
ATT202504000240,STU000240,SCH047,2025-04-01,15,14,Other
ATT202504000241,STU000241,SCH015,2025-04-01,14,13,Medical
ATT202504000242,STU000242,SCH005,2025-04-01,14,12,Family
ATT202504000243,STU000243,SCH006,2025-04-01,14,13,Medical
ATT202504000244,STU000244,SCH002,2025-04-01,18,16,Illness
ATT202504000245,STU000245,SCH038,2025-04-01,14,14,
ATT202504000246,STU000246,SCH022,2025-04-01,18,14,Unauthorised
ATT202504000247,STU000247,SCH050,2025-04-01,16,14,Illness
ATT202504000248,STU000248,SCH039,2025-04-01,17,15,Illness
ATT202504000250,STU000250,SCH004,2025-04-01,15,14,Other
ATT202504000251,STU000251,SCH017,2025-04-01,18,14,Family
ATT202504000252,STU000252,SCH047,2025-04-01,18,16,Unauthorised
ATT202504000253,STU000253,SCH014,2025-04-01,17,16,Other
ATT202504000254,STU000254,SCH023,2025-04-01,17,15,Illness
ATT202504000255,STU000255,SCH026,2025-04-01,15,14,Illness
ATT202504000256,STU000256,SCH031,2025-04-01,18,16,Illness
ATT202504000257,STU000257,SCH046,2025-04-01,15,13,Family
ATT202504000259,STU000259,SCH012,2025-04-01,14,12,Family
ATT202504000260,STU000260,SCH050,2025-04-01,15,14,Family
ATT202504000261,STU000261,SCH010,2025-04-01,14,12,Illness
ATT202504000262,STU000262,SCH042,2025-04-01,14,12,Family
ATT202504000263,STU000263,SCH026,2025-04-01,16,14,Unauthorised
ATT202504000264,STU000264,SCH008,2025-04-01,15,13,Family
ATT202504000265,STU000265,SCH022,2025-04-01,18,15,Unauthorised
ATT202504000266,STU000266,SCH040,2025-04-01,14,13,Other
ATT202504000268,STU000268,SCH008,2025-04-01,14,14,
ATT202504000269,STU000269,SCH009,2025-04-01,15,14,Medical
ATT202504000270,STU000270,SCH043,2025-04-01,16,13,Unauthorised
ATT202504000271,STU000271,SCH027,2025-04-01,16,15,Unauthorised
ATT202504000272,STU000272,SCH041,2025-04-01,16,15,Unauthorised
ATT202504000273,STU000273,SCH031,2025-04-01,15,13,Other
ATT202504000274,STU000274,SCH034,2025-04-01,15,11,Family
ATT202504000275,STU000275,SCH050,2025-04-01,15,14,Other
ATT202504000276,STU000276,SCH039,2025-04-01,14,12,Other
ATT202504000277,STU000277,SCH041,2025-04-01,15,14,Unauthorised
ATT202504000278,STU000278,SCH039,2025-04-01,14,13,Unauthorised
ATT202504000279,STU000279,SCH028,2025-04-01,15,14,Unauthorised
ATT202504000280,STU000280,SCH028,2025-04-01,14,14,
ATT202504000281,STU000281,SCH040,2025-04-01,18,17,Family
ATT202504000282,STU000282,SCH001,2025-04-01,18,17,Illness
ATT202504000283,STU000283,SCH046,2025-04-01,15,14,Medical
ATT202504000284,STU000284,SCH020,2025-04-01,17,16,Illness
ATT202504000285,STU000285,SCH046,2025-04-01,17,16,Unauthorised
ATT202504000286,STU000286,SCH041,2025-04-01,16,14,Illness
ATT202504000287,STU000287,SCH008,2025-04-01,17,16,Medical
ATT202504000288,STU000288,SCH031,2025-04-01,14,13,Family
ATT202504000289,STU000289,SCH033,2025-04-01,16,15,Medical
ATT202504000290,STU000290,SCH040,2025-04-01,18,17,Illness
ATT202504000291,STU000291,SCH036,2025-04-01,15,14,Family
ATT202504000292,STU000292,SCH046,2025-04-01,15,14,Unauthorised
ATT202504000293,STU000293,SCH033,2025-04-01,14,12,Unauthorised
ATT202504000294,STU000294,SCH012,2025-04-01,14,12,Unauthorised
ATT202504000295,STU000295,SCH049,2025-04-01,18,17,Unauthorised
ATT202504000296,STU000296,SCH017,2025-04-01,16,13,Other
ATT202504000297,STU000297,SCH045,2025-04-01,14,12,Illness
ATT202504000299,STU000299,SCH033,2025-04-01,16,15,Illness
ATT202504000300,STU000300,SCH017,2025-04-01,17,15,Family
ATT202504000301,STU000301,SCH043,2025-04-01,14,13,Illness
ATT202504000302,STU000302,SCH024,2025-04-01,15,14,Other
ATT202504000303,STU000303,SCH010,2025-04-01,14,12,Unauthorised
ATT202504000304,STU000304,SCH046,2025-04-01,14,12,Family
ATT202504000305,STU000305,SCH004,2025-04-01,18,16,Illness
ATT202504000306,STU000306,SCH046,2025-04-01,16,13,Illness
ATT202504000307,STU000307,SCH010,2025-04-01,16,15,Other
ATT202504000308,STU000308,SCH005,2025-04-01,18,18,
ATT202504000309,STU000309,SCH026,2025-04-01,18,16,Illness
ATT202504000310,STU000310,SCH025,2025-04-01,18,17,Family
ATT202504000311,STU000311,SCH024,2025-04-01,14,13,Illness
ATT202504000313,STU000313,SCH028,2025-04-01,18,16,Family
ATT202504000314,STU000314,SCH012,2025-04-01,16,15,Medical
ATT202504000315,STU000315,SCH046,2025-04-01,16,14,Other
ATT202504000316,STU000316,SCH037,2025-04-01,14,13,Illness
ATT202504000317,STU000317,SCH008,2025-04-01,16,15,Illness
ATT202504000318,STU000318,SCH026,2025-04-01,18,18,
ATT202504000319,STU000319,SCH016,2025-04-01,18,17,Family
ATT202504000320,STU000320,SCH007,2025-04-01,18,17,Other
ATT202504000322,STU000322,SCH011,2025-04-01,14,12,Illness
ATT202504000323,STU000323,SCH010,2025-04-01,16,15,Medical
ATT202504000324,STU000324,SCH042,2025-04-01,17,14,Other
ATT202504000325,STU000325,SCH041,2025-04-01,16,14,Illness
ATT202504000326,STU000326,SCH023,2025-04-01,14,13,Family
ATT202504000327,STU000327,SCH017,2025-04-01,18,18,
ATT202504000328,STU000328,SCH024,2025-04-01,18,14,Other
ATT202504000329,STU000329,SCH023,2025-04-01,15,13,Other
ATT202504000330,STU000330,SCH031,2025-04-01,14,13,Medical
ATT202504000331,STU000331,SCH025,2025-04-01,14,13,Illness
ATT202504000332,STU000332,SCH030,2025-04-01,14,13,Medical
ATT202504000333,STU000333,SCH009,2025-04-01,17,16,Family
ATT202504000334,STU000334,SCH005,2025-04-01,17,16,Other
ATT202504000335,STU000335,SCH009,2025-04-01,17,15,Medical
ATT202504000336,STU000336,SCH035,2025-04-01,15,14,Unauthorised
ATT202504000337,STU000337,SCH011,2025-04-01,17,15,Unauthorised
ATT202504000338,STU000338,SCH043,2025-04-01,15,13,Unauthorised
ATT202504000340,STU000340,SCH025,2025-04-01,16,15,Medical
ATT202504000341,STU000341,SCH007,2025-04-01,18,17,Illness
ATT202504000342,STU000342,SCH025,2025-04-01,14,13,Unauthorised
ATT202504000343,STU000343,SCH042,2025-04-01,17,15,Illness
ATT202504000344,STU000344,SCH035,2025-04-01,17,15,Other
ATT202504000345,STU000345,SCH010,2025-04-01,14,13,Other
ATT202504000346,STU000346,SCH034,2025-04-01,16,15,Other
ATT202504000347,STU000347,SCH046,2025-04-01,18,16,Other
ATT202504000348,STU000348,SCH031,2025-04-01,15,13,Other
ATT202504000349,STU000349,SCH021,2025-04-01,15,14,Medical
ATT202504000350,STU000350,SCH033,2025-04-01,17,16,Family
ATT202504000351,STU000351,SCH040,2025-04-01,18,17,Illness
ATT202504000352,STU000352,SCH022,2025-04-01,17,15,Illness
ATT202504000354,STU000354,SCH031,2025-04-01,16,15,Other
ATT202504000355,STU000355,SCH023,2025-04-01,18,16,Medical
ATT202504000356,STU000356,SCH020,2025-04-01,18,16,Unauthorised
ATT202504000357,STU000357,SCH009,2025-04-01,15,14,Medical
ATT202504000358,STU000358,SCH014,2025-04-01,14,13,Illness
ATT202504000359,STU000359,SCH031,2025-04-01,17,16,Illness
ATT202504000360,STU000360,SCH012,2025-04-01,15,14,Unauthorised
ATT202504000361,STU000361,SCH029,2025-04-01,15,14,Unauthorised
ATT202504000362,STU000362,SCH047,2025-04-01,15,14,Illness
ATT202504000363,STU000363,SCH031,2025-04-01,18,17,Family
ATT202504000364,STU000364,SCH039,2025-04-01,15,14,Family
ATT202504000365,STU000365,SCH010,2025-04-01,14,13,Family
ATT202504000366,STU000366,SCH038,2025-04-01,17,15,Family
ATT202504000367,STU000367,SCH047,2025-04-01,18,16,Medical
ATT202504000369,STU000369,SCH032,2025-04-01,17,15,Medical
ATT202504000370,STU000370,SCH026,2025-04-01,17,15,Family
ATT202504000371,STU000371,SCH036,2025-04-01,14,14,
ATT202504000373,STU000373,SCH025,2025-04-01,15,15,
ATT202504000374,STU000374,SCH003,2025-04-01,14,14,
ATT202504000375,STU000375,SCH019,2025-04-01,16,15,Unauthorised
ATT202504000376,STU000376,SCH019,2025-04-01,15,14,Family
ATT202504000377,STU000377,SCH008,2025-04-01,17,16,Illness
ATT202504000379,STU000379,SCH047,2025-04-01,15,14,Medical
ATT202504000380,STU000380,SCH049,2025-04-01,14,12,Medical
ATT202504000381,STU000381,SCH036,2025-04-01,18,17,Unauthorised
ATT202504000382,STU000382,SCH004,2025-04-01,16,16,
ATT202504000383,STU000383,SCH029,2025-04-01,17,15,Other
ATT202504000384,STU000384,SCH017,2025-04-01,14,13,Medical
ATT202504000385,STU000385,SCH023,2025-04-01,15,13,Illness
ATT202504000386,STU000386,SCH011,2025-04-01,14,13,Other
ATT202504000388,STU000388,SCH024,2025-04-01,16,15,Medical
ATT202504000389,STU000389,SCH026,2025-04-01,14,13,Illness
ATT202504000390,STU000390,SCH032,2025-04-01,15,13,Medical
ATT202504000392,STU000392,SCH036,2025-04-01,16,16,
ATT202504000393,STU000393,SCH005,2025-04-01,14,13,Other
ATT202504000394,STU000394,SCH032,2025-04-01,15,14,Medical
ATT202504000395,STU000395,SCH023,2025-04-01,15,13,Other
ATT202504000396,STU000396,SCH037,2025-04-01,18,17,Other
ATT202504000397,STU000397,SCH047,2025-04-01,14,12,Unauthorised
ATT202504000398,STU000398,SCH034,2025-04-01,16,14,Unauthorised
ATT202504000399,STU000399,SCH036,2025-04-01,14,13,Illness
ATT202504000400,STU000400,SCH022,2025-04-01,16,16,
ATT202504000401,STU000401,SCH012,2025-04-01,16,15,Other
ATT202504000402,STU000402,SCH037,2025-04-01,18,16,Family
ATT202504000403,STU000403,SCH028,2025-04-01,18,18,
ATT202504000404,STU000404,SCH026,2025-04-01,18,16,Family
ATT202504000405,STU000405,SCH020,2025-04-01,15,14,Illness
ATT202504000406,STU000406,SCH029,2025-04-01,15,13,Unauthorised
ATT202504000408,STU000408,SCH050,2025-04-01,17,16,Unauthorised
ATT202504000409,STU000409,SCH023,2025-04-01,15,13,Other
ATT202504000410,STU000410,SCH008,2025-04-01,16,14,Family
ATT202504000411,STU000411,SCH008,2025-04-01,18,16,Family
ATT202504000412,STU000412,SCH036,2025-04-01,16,14,Other
ATT202504000413,STU000413,SCH016,2025-04-01,18,17,Unauthorised
ATT202504000414,STU000414,SCH021,2025-04-01,18,16,Other
ATT202504000415,STU000415,SCH009,2025-04-01,14,12,Other
ATT202504000416,STU000416,SCH049,2025-04-01,18,17,Other
ATT202504000418,STU000418,SCH032,2025-04-01,16,15,Illness
ATT202504000419,STU000419,SCH039,2025-04-01,14,13,Other
ATT202504000420,STU000420,SCH046,2025-04-01,18,16,Unauthorised
ATT202504000421,STU000421,SCH023,2025-04-01,15,13,Illness
ATT202504000422,STU000422,SCH010,2025-04-01,14,12,Family
ATT202504000425,STU000425,SCH034,2025-04-01,18,15,Illness
ATT202504000426,STU000426,SCH027,2025-04-01,14,13,Unauthorised
ATT202504000427,STU000427,SCH036,2025-04-01,14,13,Unauthorised
ATT202504000428,STU000428,SCH010,2025-04-01,14,13,Illness
ATT202504000429,STU000429,SCH019,2025-04-01,18,18,
ATT202504000430,STU000430,SCH032,2025-04-01,14,14,
ATT202504000431,STU000431,SCH014,2025-04-01,17,15,Illness
ATT202504000432,STU000432,SCH018,2025-04-01,15,14,Unauthorised
ATT202504000433,STU000433,SCH035,2025-04-01,16,14,Medical
ATT202504000434,STU000434,SCH020,2025-04-01,14,13,Medical
ATT202504000435,STU000435,SCH042,2025-04-01,18,16,Unauthorised
ATT202504000437,STU000437,SCH028,2025-04-01,16,16,
ATT202504000438,STU000438,SCH034,2025-04-01,16,15,Family
ATT202504000439,STU000439,SCH043,2025-04-01,18,16,Other
ATT202504000440,STU000440,SCH007,2025-04-01,16,16,
ATT202504000441,STU000441,SCH008,2025-04-01,17,16,Medical
ATT202504000442,STU000442,SCH031,2025-04-01,18,16,Medical
ATT202504000443,STU000443,SCH019,2025-04-01,14,13,Family
ATT202504000444,STU000444,SCH047,2025-04-01,18,17,Illness
ATT202504000445,STU000445,SCH030,2025-04-01,17,16,Family
ATT202504000446,STU000446,SCH048,2025-04-01,18,16,Illness
ATT202504000449,STU000449,SCH046,2025-04-01,18,15,Unauthorised
ATT202504000450,STU000450,SCH001,2025-04-01,18,16,Medical
ATT202504000451,STU000451,SCH046,2025-04-01,14,13,Medical
ATT202504000452,STU000452,SCH007,2025-04-01,18,17,Medical
ATT202504000453,STU000453,SCH041,2025-04-01,17,16,Family
ATT202504000454,STU000454,SCH014,2025-04-01,17,16,Medical
ATT202504000455,STU000455,SCH017,2025-04-01,18,16,Family
ATT202504000457,STU000457,SCH044,2025-04-01,15,13,Illness
ATT202504000458,STU000458,SCH042,2025-04-01,18,16,Illness
ATT202504000459,STU000459,SCH004,2025-04-01,17,16,Illness
ATT202504000460,STU000460,SCH037,2025-04-01,17,16,Illness
ATT202504000461,STU000461,SCH014,2025-04-01,17,16,Unauthorised
ATT202504000462,STU000462,SCH033,2025-04-01,15,13,Medical
ATT202504000464,STU000464,SCH012,2025-04-01,16,14,Family
ATT202504000465,STU000465,SCH021,2025-04-01,15,14,Medical
ATT202504000467,STU000467,SCH043,2025-04-01,18,17,Family
ATT202504000468,STU000468,SCH023,2025-04-01,15,14,Unauthorised
ATT202504000469,STU000469,SCH021,2025-04-01,17,16,Other
ATT202504000470,STU000470,SCH025,2025-04-01,14,12,Other
ATT202504000471,STU000471,SCH046,2025-04-01,17,15,Illness
ATT202504000472,STU000472,SCH046,2025-04-01,14,12,Other
ATT202504000473,STU000473,SCH009,2025-04-01,17,16,Illness
ATT202504000474,STU000474,SCH031,2025-04-01,16,15,Medical
ATT202504000475,STU000475,SCH038,2025-04-01,15,15,
ATT202504000476,STU000476,SCH029,2025-04-01,16,15,Other
ATT202504000477,STU000477,SCH029,2025-04-01,14,12,Illness
ATT202504000478,STU000478,SCH009,2025-04-01,16,15,Medical
ATT202504000479,STU000479,SCH028,2025-04-01,14,12,Illness
ATT202504000480,STU000480,SCH009,2025-04-01,17,15,Illness
ATT202504000481,STU000481,SCH009,2025-04-01,15,14,Other
ATT202504000482,STU000482,SCH039,2025-04-01,18,16,Family
ATT202504000483,STU000483,SCH040,2025-04-01,17,16,Family
ATT202504000484,STU000484,SCH003,2025-04-01,16,16,
ATT202504000485,STU000485,SCH004,2025-04-01,15,14,Other
ATT202504000486,STU000486,SCH038,2025-04-01,14,13,Other
ATT202504000488,STU000488,SCH012,2025-04-01,16,15,Illness
ATT202504000489,STU000489,SCH010,2025-04-01,15,11,Medical
ATT202504000490,STU000490,SCH019,2025-04-01,18,16,Other
ATT202504000491,STU000491,SCH009,2025-04-01,15,14,Illness
ATT202504000492,STU000492,SCH005,2025-04-01,17,15,Unauthorised
ATT202504000493,STU000493,SCH045,2025-04-01,15,14,Family
ATT202504000494,STU000494,SCH046,2025-04-01,14,13,Unauthorised
ATT202504000495,STU000495,SCH009,2025-04-01,14,12,Medical
ATT202504000496,STU000496,SCH004,2025-04-01,14,13,Medical
ATT202504000497,STU000497,SCH048,2025-04-01,17,16,Unauthorised
ATT202504000498,STU000498,SCH014,2025-04-01,17,15,Medical
ATT202504000499,STU000499,SCH040,2025-04-01,17,15,Other
ATT202504000500,STU000500,SCH020,2025-04-01,14,13,Family
ATT202504000501,STU000501,SCH019,2025-04-01,15,15,
ATT202504000502,STU000502,SCH016,2025-04-01,16,14,Other
ATT202504000503,STU000503,SCH015,2025-04-01,17,17,
ATT202504000504,STU000504,SCH041,2025-04-01,18,17,Other
ATT202504000505,STU000505,SCH023,2025-04-01,18,16,Family
ATT202504000507,STU000507,SCH040,2025-04-01,17,16,Illness
ATT202504000508,STU000508,SCH024,2025-04-01,14,11,Family
ATT202504000509,STU000509,SCH049,2025-04-01,15,14,Family
ATT202504000511,STU000511,SCH008,2025-04-01,16,15,Medical
ATT202504000512,STU000512,SCH007,2025-04-01,18,17,Illness
ATT202504000513,STU000513,SCH004,2025-04-01,17,15,Unauthorised
ATT202504000514,STU000514,SCH012,2025-04-01,16,15,Unauthorised
ATT202504000515,STU000515,SCH012,2025-04-01,14,13,Family
ATT202504000516,STU000516,SCH047,2025-04-01,14,13,Family
ATT202504000517,STU000517,SCH027,2025-04-01,17,16,Unauthorised
ATT202504000518,STU000518,SCH036,2025-04-01,17,16,Unauthorised
ATT202504000519,STU000519,SCH026,2025-04-01,17,15,Unauthorised
ATT202504000520,STU000520,SCH018,2025-04-01,18,17,Family
ATT202504000521,STU000521,SCH045,2025-04-01,16,14,Family
ATT202504000522,STU000522,SCH029,2025-04-01,17,15,Medical
ATT202504000523,STU000523,SCH007,2025-04-01,14,13,Illness
ATT202504000524,STU000524,SCH005,2025-04-01,17,16,Unauthorised
ATT202504000525,STU000525,SCH026,2025-04-01,18,17,Medical
ATT202504000526,STU000526,SCH046,2025-04-01,15,13,Unauthorised
ATT202504000527,STU000527,SCH006,2025-04-01,15,13,Unauthorised
ATT202504000528,STU000528,SCH018,2025-04-01,17,15,Medical
ATT202504000529,STU000529,SCH010,2025-04-01,14,12,Illness
ATT202504000530,STU000530,SCH011,2025-04-01,17,16,Family
ATT202504000531,STU000531,SCH008,2025-04-01,18,17,Illness
ATT202504000532,STU000532,SCH029,2025-04-01,14,13,Illness
ATT202504000533,STU000533,SCH017,2025-04-01,14,12,Family
ATT202504000534,STU000534,SCH045,2025-04-01,17,15,Family
ATT202504000537,STU000537,SCH009,2025-04-01,14,13,Other
ATT202504000539,STU000539,SCH045,2025-04-01,16,15,Unauthorised
ATT202504000540,STU000540,SCH045,2025-04-01,15,14,Other
ATT202504000541,STU000541,SCH038,2025-04-01,16,15,Unauthorised
ATT202504000542,STU000542,SCH006,2025-04-01,18,17,Medical
ATT202504000543,STU000543,SCH029,2025-04-01,15,13,Unauthorised
ATT202504000544,STU000544,SCH006,2025-04-01,16,14,Unauthorised
ATT202504000545,STU000545,SCH025,2025-04-01,17,15,Illness
ATT202504000546,STU000546,SCH046,2025-04-01,14,12,Other
ATT202504000547,STU000547,SCH034,2025-04-01,18,17,Illness
ATT202504000548,STU000548,SCH004,2025-04-01,18,16,Illness
ATT202504000549,STU000549,SCH011,2025-04-01,18,17,Medical
ATT202504000550,STU000550,SCH008,2025-04-01,18,17,Other
ATT202504000552,STU000552,SCH009,2025-04-01,16,15,Medical
ATT202504000553,STU000553,SCH048,2025-04-01,14,13,Unauthorised
ATT202504000554,STU000554,SCH016,2025-04-01,16,14,Family
ATT202504000555,STU000555,SCH010,2025-04-01,14,13,Family
ATT202504000557,STU000557,SCH025,2025-04-01,15,13,Other
ATT202504000558,STU000558,SCH006,2025-04-01,18,15,Illness
ATT202504000559,STU000559,SCH034,2025-04-01,16,13,Family
ATT202504000560,STU000560,SCH016,2025-04-01,18,15,Other
ATT202504000561,STU000561,SCH036,2025-04-01,16,14,Medical
ATT202504000563,STU000563,SCH004,2025-04-01,14,13,Unauthorised
ATT202504000564,STU000564,SCH019,2025-04-01,15,14,Illness
ATT202504000565,STU000565,SCH049,2025-04-01,15,13,Medical
ATT202504000566,STU000566,SCH029,2025-04-01,16,15,Family
ATT202504000567,STU000567,SCH043,2025-04-01,15,13,Medical
ATT202504000568,STU000568,SCH036,2025-04-01,15,14,Other
ATT202504000569,STU000569,SCH012,2025-04-01,14,13,Family
ATT202504000570,STU000570,SCH009,2025-04-01,15,13,Family
ATT202504000571,STU000571,SCH046,2025-04-01,16,15,Medical
ATT202504000572,STU000572,SCH027,2025-04-01,16,14,Other
ATT202504000573,STU000573,SCH033,2025-04-01,15,14,Unauthorised
ATT202504000574,STU000574,SCH025,2025-04-01,16,16,
ATT202504000575,STU000575,SCH014,2025-04-01,18,16,Unauthorised
ATT202504000577,STU000577,SCH040,2025-04-01,15,14,Family
ATT202504000578,STU000578,SCH025,2025-04-01,18,16,Illness
ATT202504000579,STU000579,SCH047,2025-04-01,16,14,Unauthorised
ATT202504000581,STU000581,SCH008,2025-04-01,14,13,Other
ATT202504000582,STU000582,SCH008,2025-04-01,14,12,Medical
ATT202504000583,STU000583,SCH027,2025-04-01,14,12,Illness
ATT202504000584,STU000584,SCH025,2025-04-01,16,14,Illness
ATT202504000585,STU000585,SCH039,2025-04-01,18,17,Unauthorised
ATT202504000586,STU000586,SCH009,2025-04-01,17,16,Family
ATT202504000587,STU000587,SCH032,2025-04-01,14,13,Illness
ATT202504000588,STU000588,SCH034,2025-04-01,18,14,Other
ATT202504000589,STU000589,SCH040,2025-04-01,14,13,Family
ATT202504000590,STU000590,SCH044,2025-04-01,16,14,Other
ATT202504000591,STU000591,SCH020,2025-04-01,17,16,Family
ATT202504000592,STU000592,SCH047,2025-04-01,14,13,Family
ATT202504000593,STU000593,SCH020,2025-04-01,15,13,Medical
ATT202504000594,STU000594,SCH015,2025-04-01,15,14,Medical
ATT202504000595,STU000595,SCH023,2025-04-01,16,14,Illness
ATT202504000596,STU000596,SCH031,2025-04-01,14,13,Family
ATT202504000597,STU000597,SCH043,2025-04-01,16,15,Other
ATT202504000598,STU000598,SCH028,2025-04-01,17,16,Illness
ATT202504000599,STU000599,SCH035,2025-04-01,18,17,Unauthorised
ATT202504000600,STU000600,SCH042,2025-04-01,16,15,Unauthorised
ATT202504000601,STU000601,SCH039,2025-04-01,18,16,Illness
ATT202504000602,STU000602,SCH004,2025-04-01,18,16,Family
ATT202504000603,STU000603,SCH022,2025-04-01,15,14,Unauthorised
ATT202504000604,STU000604,SCH033,2025-04-01,18,16,Illness
ATT202504000605,STU000605,SCH050,2025-04-01,15,13,Medical
ATT202504000606,STU000606,SCH040,2025-04-01,16,16,
ATT202504000607,STU000607,SCH007,2025-04-01,17,15,Unauthorised
ATT202504000608,STU000608,SCH024,2025-04-01,18,17,Unauthorised
ATT202504000609,STU000609,SCH017,2025-04-01,17,15,Medical
ATT202504000610,STU000610,SCH018,2025-04-01,16,14,Other
ATT202504000611,STU000611,SCH011,2025-04-01,17,16,Family
ATT202504000613,STU000613,SCH021,2025-04-01,15,14,Family
ATT202504000614,STU000614,SCH037,2025-04-01,14,13,Unauthorised
ATT202504000615,STU000615,SCH004,2025-04-01,15,14,Illness
ATT202504000616,STU000616,SCH016,2025-04-01,17,16,Unauthorised
ATT202504000617,STU000617,SCH040,2025-04-01,14,12,Family
ATT202504000618,STU000618,SCH048,2025-04-01,14,13,Unauthorised
ATT202504000619,STU000619,SCH043,2025-04-01,16,15,Family
ATT202504000620,STU000620,SCH046,2025-04-01,16,15,Illness
ATT202504000621,STU000621,SCH026,2025-04-01,15,14,Family
ATT202504000622,STU000622,SCH026,2025-04-01,16,15,Unauthorised
ATT202504000623,STU000623,SCH008,2025-04-01,17,16,Family
ATT202504000624,STU000624,SCH005,2025-04-01,15,14,Illness
ATT202504000625,STU000625,SCH001,2025-04-01,16,13,Illness
ATT202504000627,STU000627,SCH021,2025-04-01,15,14,Family
ATT202504000628,STU000628,SCH004,2025-04-01,14,13,Other
ATT202504000629,STU000629,SCH007,2025-04-01,15,14,Illness
ATT202504000630,STU000630,SCH004,2025-04-01,16,13,Other
ATT202504000631,STU000631,SCH028,2025-04-01,14,13,Other
ATT202504000632,STU000632,SCH044,2025-04-01,17,15,Illness
ATT202504000633,STU000633,SCH030,2025-04-01,18,16,Other
ATT202504000634,STU000634,SCH032,2025-04-01,18,17,Medical
ATT202504000636,STU000636,SCH005,2025-04-01,16,15,Unauthorised
ATT202504000639,STU000639,SCH047,2025-04-01,17,16,Illness
ATT202504000640,STU000640,SCH035,2025-04-01,16,13,Unauthorised
ATT202504000641,STU000641,SCH025,2025-04-01,14,12,Family
ATT202504000642,STU000642,SCH049,2025-04-01,18,16,Family
ATT202504000643,STU000643,SCH026,2025-04-01,17,16,Illness
ATT202504000644,STU000644,SCH004,2025-04-01,16,15,Illness
ATT202504000645,STU000645,SCH020,2025-04-01,18,15,Medical
ATT202504000646,STU000646,SCH021,2025-04-01,17,14,Unauthorised
ATT202504000647,STU000647,SCH018,2025-04-01,16,15,Medical
ATT202504000648,STU000648,SCH046,2025-04-01,17,14,Family
ATT202504000650,STU000650,SCH016,2025-04-01,16,15,Medical
ATT202504000651,STU000651,SCH018,2025-04-01,18,16,Family
ATT202504000652,STU000652,SCH028,2025-04-01,14,13,Other
ATT202504000653,STU000653,SCH040,2025-04-01,16,15,Medical
ATT202504000654,STU000654,SCH015,2025-04-01,15,14,Other
ATT202504000655,STU000655,SCH027,2025-04-01,17,15,Other
ATT202504000656,STU000656,SCH017,2025-04-01,14,12,Medical
ATT202504000657,STU000657,SCH008,2025-04-01,18,17,Family
ATT202504000658,STU000658,SCH018,2025-04-01,14,13,Other
ATT202504000659,STU000659,SCH046,2025-04-01,18,15,Other
ATT202504000660,STU000660,SCH026,2025-04-01,18,17,Family
ATT202504000661,STU000661,SCH035,2025-04-01,17,15,Illness
ATT202504000662,STU000662,SCH006,2025-04-01,14,14,
ATT202504000663,STU000663,SCH010,2025-04-01,15,14,Unauthorised
ATT202504000665,STU000665,SCH013,2025-04-01,16,16,
ATT202504000666,STU000666,SCH023,2025-04-01,16,15,Other
ATT202504000667,STU000667,SCH020,2025-04-01,16,14,Family
ATT202504000669,STU000669,SCH030,2025-04-01,16,15,Family
ATT202504000670,STU000670,SCH035,2025-04-01,14,12,Family
ATT202504000671,STU000671,SCH014,2025-04-01,16,15,Other
ATT202504000672,STU000672,SCH001,2025-04-01,14,12,Other
ATT202504000673,STU000673,SCH010,2025-04-01,15,12,Unauthorised
ATT202504000674,STU000674,SCH022,2025-04-01,14,12,Illness
ATT202504000675,STU000675,SCH022,2025-04-01,17,17,
ATT202504000676,STU000676,SCH004,2025-04-01,14,13,Family
ATT202504000677,STU000677,SCH026,2025-04-01,14,13,Unauthorised
ATT202504000679,STU000679,SCH034,2025-04-01,14,12,Family
ATT202504000680,STU000680,SCH037,2025-04-01,15,15,
ATT202504000681,STU000681,SCH043,2025-04-01,15,13,Unauthorised
ATT202504000682,STU000682,SCH032,2025-04-01,14,13,Medical
ATT202504000683,STU000683,SCH016,2025-04-01,14,13,Medical
ATT202504000685,STU000685,SCH045,2025-04-01,17,15,Other
ATT202504000686,STU000686,SCH012,2025-04-01,16,15,Illness
ATT202504000687,STU000687,SCH046,2025-04-01,15,13,Family
ATT202504000688,STU000688,SCH018,2025-04-01,18,17,Family
ATT202504000691,STU000691,SCH031,2025-04-01,18,16,Unauthorised
ATT202504000692,STU000692,SCH012,2025-04-01,15,13,Other
ATT202504000693,STU000693,SCH043,2025-04-01,18,16,Other
ATT202504000694,STU000694,SCH012,2025-04-01,16,15,Unauthorised
ATT202504000695,STU000695,SCH031,2025-04-01,18,16,Illness
ATT202504000696,STU000696,SCH046,2025-04-01,18,16,Medical
ATT202504000698,STU000698,SCH031,2025-04-01,14,12,Unauthorised
ATT202504000699,STU000699,SCH014,2025-04-01,15,15,
ATT202504000700,STU000700,SCH008,2025-04-01,16,15,Illness
ATT202504000701,STU000701,SCH031,2025-04-01,14,13,Medical
ATT202504000703,STU000703,SCH034,2025-04-01,15,15,
ATT202504000704,STU000704,SCH048,2025-04-01,18,16,Other
ATT202504000705,STU000705,SCH042,2025-04-01,17,15,Unauthorised
ATT202504000707,STU000707,SCH036,2025-04-01,15,14,Unauthorised
ATT202504000708,STU000708,SCH034,2025-04-01,15,13,Illness
ATT202504000709,STU000709,SCH042,2025-04-01,16,15,Medical
ATT202504000710,STU000710,SCH012,2025-04-01,18,17,Other
ATT202504000711,STU000711,SCH034,2025-04-01,17,15,Other
ATT202504000712,STU000712,SCH035,2025-04-01,15,14,Medical
ATT202504000713,STU000713,SCH046,2025-04-01,18,16,Other
ATT202504000714,STU000714,SCH030,2025-04-01,14,13,Family
ATT202504000715,STU000715,SCH011,2025-04-01,16,16,
ATT202504000716,STU000716,SCH015,2025-04-01,17,15,Other
ATT202504000717,STU000717,SCH001,2025-04-01,17,15,Illness
ATT202504000718,STU000718,SCH022,2025-04-01,16,14,Medical
ATT202504000719,STU000719,SCH007,2025-04-01,16,15,Medical
ATT202504000720,STU000720,SCH039,2025-04-01,18,16,Unauthorised
ATT202504000721,STU000721,SCH037,2025-04-01,16,14,Illness
ATT202504000722,STU000722,SCH046,2025-04-01,14,13,Unauthorised
ATT202504000723,STU000723,SCH040,2025-04-01,15,13,Other
ATT202504000724,STU000724,SCH001,2025-04-01,17,15,Unauthorised
ATT202504000725,STU000725,SCH036,2025-04-01,14,13,Illness
ATT202504000726,STU000726,SCH009,2025-04-01,15,14,Medical
ATT202504000727,STU000727,SCH029,2025-04-01,16,15,Illness
ATT202504000730,STU000730,SCH042,2025-04-01,18,17,Family
ATT202504000731,STU000731,SCH006,2025-04-01,18,17,Other
ATT202504000732,STU000732,SCH018,2025-04-01,15,14,Unauthorised
ATT202504000733,STU000733,SCH004,2025-04-01,15,14,Illness
ATT202504000734,STU000734,SCH049,2025-04-01,14,12,Illness
ATT202504000735,STU000735,SCH010,2025-04-01,16,15,Illness
ATT202504000736,STU000736,SCH007,2025-04-01,17,16,Unauthorised
ATT202504000737,STU000737,SCH020,2025-04-01,15,14,Unauthorised
ATT202504000738,STU000738,SCH034,2025-04-01,17,16,Other
ATT202504000740,STU000740,SCH009,2025-04-01,15,14,Other
ATT202504000741,STU000741,SCH035,2025-04-01,18,18,
ATT202504000742,STU000742,SCH029,2025-04-01,17,16,Illness
ATT202504000743,STU000743,SCH048,2025-04-01,15,12,Unauthorised
ATT202504000745,STU000745,SCH043,2025-04-01,15,14,Other
ATT202504000746,STU000746,SCH013,2025-04-01,14,13,Unauthorised
ATT202504000747,STU000747,SCH008,2025-04-01,14,13,Other
ATT202504000748,STU000748,SCH017,2025-04-01,14,12,Unauthorised
ATT202504000749,STU000749,SCH044,2025-04-01,15,13,Medical
ATT202504000750,STU000750,SCH001,2025-04-01,16,14,Medical
ATT202504000751,STU000751,SCH023,2025-04-01,18,17,Illness
ATT202504000752,STU000752,SCH028,2025-04-01,14,14,
ATT202504000753,STU000753,SCH047,2025-04-01,15,14,Family
ATT202504000754,STU000754,SCH011,2025-04-01,18,16,Family
ATT202504000755,STU000755,SCH009,2025-04-01,18,17,Other
ATT202504000756,STU000756,SCH018,2025-04-01,16,15,Unauthorised
ATT202504000757,STU000757,SCH021,2025-04-01,18,16,Illness
ATT202504000758,STU000758,SCH038,2025-04-01,18,17,Family
ATT202504000759,STU000759,SCH043,2025-04-01,14,12,Other
ATT202504000760,STU000760,SCH034,2025-04-01,14,13,Family
ATT202504000761,STU000761,SCH039,2025-04-01,16,15,Unauthorised
ATT202504000762,STU000762,SCH017,2025-04-01,14,13,Other
ATT202504000763,STU000763,SCH010,2025-04-01,18,16,Medical
ATT202504000764,STU000764,SCH010,2025-04-01,18,16,Unauthorised
ATT202504000765,STU000765,SCH003,2025-04-01,16,15,Unauthorised
ATT202504000766,STU000766,SCH001,2025-04-01,16,12,Other
ATT202504000767,STU000767,SCH017,2025-04-01,16,16,
ATT202504000768,STU000768,SCH036,2025-04-01,18,17,Medical
ATT202504000769,STU000769,SCH024,2025-04-01,17,16,Unauthorised
ATT202504000770,STU000770,SCH008,2025-04-01,14,13,Unauthorised
ATT202504000771,STU000771,SCH045,2025-04-01,15,13,Other
ATT202504000772,STU000772,SCH006,2025-04-01,16,15,Unauthorised
ATT202504000773,STU000773,SCH019,2025-04-01,16,14,Illness
ATT202504000774,STU000774,SCH004,2025-04-01,18,16,Illness
ATT202504000775,STU000775,SCH009,2025-04-01,15,13,Illness
ATT202504000776,STU000776,SCH024,2025-04-01,18,15,Illness
ATT202504000777,STU000777,SCH020,2025-04-01,15,15,
ATT202504000778,STU000778,SCH041,2025-04-01,17,16,Other
ATT202504000779,STU000779,SCH006,2025-04-01,17,14,Other
ATT202504000780,STU000780,SCH041,2025-04-01,18,17,Illness
ATT202504000781,STU000781,SCH003,2025-04-01,16,13,Illness
ATT202504000783,STU000783,SCH006,2025-04-01,17,16,Illness
ATT202504000784,STU000784,SCH010,2025-04-01,17,16,Medical
ATT202504000785,STU000785,SCH012,2025-04-01,15,13,Other
ATT202504000786,STU000786,SCH044,2025-04-01,17,14,Family
ATT202504000787,STU000787,SCH050,2025-04-01,15,12,Family
ATT202504000788,STU000788,SCH037,2025-04-01,17,15,Unauthorised
ATT202504000789,STU000789,SCH026,2025-04-01,17,15,Medical
ATT202504000790,STU000790,SCH041,2025-04-01,17,16,Family
ATT202504000791,STU000791,SCH032,2025-04-01,15,14,Medical
ATT202504000792,STU000792,SCH006,2025-04-01,14,12,Unauthorised
ATT202504000793,STU000793,SCH048,2025-04-01,17,16,Family
ATT202504000794,STU000794,SCH025,2025-04-01,15,14,Other
ATT202504000795,STU000795,SCH022,2025-04-01,17,14,Other
ATT202504000796,STU000796,SCH046,2025-04-01,17,15,Family
ATT202504000797,STU000797,SCH038,2025-04-01,18,17,Unauthorised
ATT202504000798,STU000798,SCH029,2025-04-01,17,16,Illness
ATT202504000799,STU000799,SCH005,2025-04-01,17,15,Other
ATT202504000800,STU000800,SCH015,2025-04-01,17,16,Illness
ATT202504000801,STU000801,SCH008,2025-04-01,14,13,Medical
ATT202504000802,STU000802,SCH004,2025-04-01,14,13,Unauthorised
ATT202504000803,STU000803,SCH028,2025-04-01,14,13,Medical
ATT202504000804,STU000804,SCH021,2025-04-01,16,15,Medical
ATT202504000805,STU000805,SCH031,2025-04-01,16,14,Family
ATT202504000806,STU000806,SCH012,2025-04-01,18,16,Other
ATT202504000807,STU000807,SCH004,2025-04-01,14,13,Illness
ATT202504000808,STU000808,SCH049,2025-04-01,14,13,Other
ATT202504000809,STU000809,SCH005,2025-04-01,17,15,Unauthorised
ATT202504000810,STU000810,SCH015,2025-04-01,18,15,Other
ATT202504000811,STU000811,SCH025,2025-04-01,15,14,Medical
ATT202504000812,STU000812,SCH026,2025-04-01,15,14,Illness
ATT202504000813,STU000813,SCH036,2025-04-01,18,16,Illness
ATT202504000814,STU000814,SCH028,2025-04-01,14,13,Unauthorised
ATT202504000815,STU000815,SCH048,2025-04-01,16,15,Medical
ATT202504000816,STU000816,SCH046,2025-04-01,14,13,Other
ATT202504000817,STU000817,SCH034,2025-04-01,16,13,Illness
ATT202504000818,STU000818,SCH030,2025-04-01,16,16,
ATT202504000819,STU000819,SCH048,2025-04-01,16,15,Medical
ATT202504000820,STU000820,SCH050,2025-04-01,18,16,Unauthorised
ATT202504000821,STU000821,SCH018,2025-04-01,14,12,Family
ATT202504000822,STU000822,SCH045,2025-04-01,17,16,Medical
ATT202504000823,STU000823,SCH006,2025-04-01,16,16,
ATT202504000824,STU000824,SCH041,2025-04-01,18,17,Other
ATT202504000825,STU000825,SCH009,2025-04-01,17,16,Illness
ATT202504000826,STU000826,SCH030,2025-04-01,17,15,Other
ATT202504000827,STU000827,SCH027,2025-04-01,17,16,Unauthorised
ATT202504000829,STU000829,SCH006,2025-04-01,15,14,Medical
ATT202504000830,STU000830,SCH008,2025-04-01,14,13,Other
ATT202504000831,STU000831,SCH004,2025-04-01,16,15,Other
ATT202504000832,STU000832,SCH002,2025-04-01,18,15,Illness
ATT202504000833,STU000833,SCH038,2025-04-01,14,13,Unauthorised
ATT202504000834,STU000834,SCH004,2025-04-01,15,14,Illness
ATT202504000835,STU000835,SCH020,2025-04-01,14,12,Medical
ATT202504000836,STU000836,SCH048,2025-04-01,15,15,
ATT202504000837,STU000837,SCH018,2025-04-01,18,16,Family
ATT202504000838,STU000838,SCH029,2025-04-01,17,16,Unauthorised
ATT202504000839,STU000839,SCH050,2025-04-01,17,15,Illness
ATT202504000840,STU000840,SCH001,2025-04-01,16,14,Medical
ATT202504000841,STU000841,SCH045,2025-04-01,18,16,Other
ATT202504000842,STU000842,SCH005,2025-04-01,15,14,Unauthorised
ATT202504000844,STU000844,SCH028,2025-04-01,14,13,Other
ATT202504000845,STU000845,SCH048,2025-04-01,15,14,Illness
ATT202504000846,STU000846,SCH019,2025-04-01,15,14,Illness
ATT202504000847,STU000847,SCH040,2025-04-01,18,15,Other
ATT202504000848,STU000848,SCH031,2025-04-01,16,14,Other
ATT202504000849,STU000849,SCH048,2025-04-01,16,15,Family
ATT202504000850,STU000850,SCH033,2025-04-01,18,16,Unauthorised
ATT202504000851,STU000851,SCH019,2025-04-01,18,18,
ATT202504000852,STU000852,SCH010,2025-04-01,16,14,Unauthorised
ATT202504000853,STU000853,SCH043,2025-04-01,14,12,Other
ATT202504000854,STU000854,SCH035,2025-04-01,15,14,Unauthorised
ATT202504000855,STU000855,SCH024,2025-04-01,18,16,Other
ATT202504000856,STU000856,SCH003,2025-04-01,15,13,Illness
ATT202504000857,STU000857,SCH010,2025-04-01,16,15,Illness
ATT202504000858,STU000858,SCH013,2025-04-01,18,17,Unauthorised
ATT202504000859,STU000859,SCH037,2025-04-01,14,13,Medical
ATT202504000860,STU000860,SCH005,2025-04-01,15,13,Medical
ATT202504000861,STU000861,SCH037,2025-04-01,15,14,Family
ATT202504000862,STU000862,SCH004,2025-04-01,16,16,
ATT202504000863,STU000863,SCH011,2025-04-01,14,13,Illness
ATT202504000864,STU000864,SCH033,2025-04-01,16,15,Unauthorised
ATT202504000865,STU000865,SCH026,2025-04-01,15,13,Medical
ATT202504000866,STU000866,SCH014,2025-04-01,16,14,Unauthorised
ATT202504000867,STU000867,SCH014,2025-04-01,14,13,Illness
ATT202504000868,STU000868,SCH022,2025-04-01,18,16,Family
ATT202504000869,STU000869,SCH037,2025-04-01,16,15,Unauthorised
ATT202504000870,STU000870,SCH016,2025-04-01,16,16,
ATT202504000871,STU000871,SCH043,2025-04-01,18,16,Other
ATT202504000872,STU000872,SCH002,2025-04-01,16,14,Family
ATT202504000874,STU000874,SCH027,2025-04-01,18,16,Unauthorised
ATT202504000875,STU000875,SCH038,2025-04-01,18,16,Family
ATT202504000876,STU000876,SCH036,2025-04-01,16,15,Illness
ATT202504000877,STU000877,SCH021,2025-04-01,15,14,Illness
ATT202504000878,STU000878,SCH035,2025-04-01,15,13,Unauthorised
ATT202504000879,STU000879,SCH038,2025-04-01,14,13,Family
ATT202504000881,STU000881,SCH009,2025-04-01,16,14,Illness
ATT202504000882,STU000882,SCH013,2025-04-01,18,16,Illness
ATT202504000883,STU000883,SCH043,2025-04-01,14,12,Unauthorised
ATT202504000884,STU000884,SCH020,2025-04-01,14,14,
ATT202504000885,STU000885,SCH007,2025-04-01,16,16,
ATT202504000886,STU000886,SCH008,2025-04-01,15,14,Other
ATT202504000887,STU000887,SCH020,2025-04-01,18,17,Illness
ATT202504000889,STU000889,SCH048,2025-04-01,18,16,Medical
ATT202504000890,STU000890,SCH045,2025-04-01,17,16,Unauthorised
ATT202504000891,STU000891,SCH015,2025-04-01,15,14,Illness
ATT202504000892,STU000892,SCH037,2025-04-01,16,16,
ATT202504000893,STU000893,SCH028,2025-04-01,17,16,Unauthorised
ATT202504000894,STU000894,SCH011,2025-04-01,14,13,Illness
ATT202504000895,STU000895,SCH030,2025-04-01,14,12,Illness
ATT202504000896,STU000896,SCH028,2025-04-01,15,13,Other
ATT202504000897,STU000897,SCH023,2025-04-01,15,13,Family
ATT202504000898,STU000898,SCH012,2025-04-01,17,15,Other
ATT202504000899,STU000899,SCH012,2025-04-01,18,16,Other
ATT202504000900,STU000900,SCH018,2025-04-01,15,14,Family
ATT202504000903,STU000903,SCH008,2025-04-01,15,14,Other
ATT202504000904,STU000904,SCH012,2025-04-01,17,15,Medical
ATT202504000905,STU000905,SCH031,2025-04-01,16,14,Family
ATT202504000906,STU000906,SCH032,2025-04-01,14,13,Unauthorised
ATT202504000907,STU000907,SCH046,2025-04-01,16,15,Other
ATT202504000908,STU000908,SCH041,2025-04-01,18,16,Other
ATT202504000909,STU000909,SCH021,2025-04-01,16,14,Family
ATT202504000910,STU000910,SCH016,2025-04-01,14,13,Other
ATT202504000911,STU000911,SCH040,2025-04-01,18,16,Other
ATT202504000912,STU000912,SCH026,2025-04-01,17,16,Unauthorised
ATT202504000913,STU000913,SCH002,2025-04-01,17,16,Family
ATT202504000914,STU000914,SCH034,2025-04-01,18,16,Illness
ATT202504000916,STU000916,SCH037,2025-04-01,16,14,Illness
ATT202504000917,STU000917,SCH019,2025-04-01,18,17,Family
ATT202504000918,STU000918,SCH028,2025-04-01,15,14,Illness
ATT202504000919,STU000919,SCH006,2025-04-01,17,15,Family
ATT202504000920,STU000920,SCH010,2025-04-01,18,16,Medical
ATT202504000921,STU000921,SCH028,2025-04-01,17,16,Medical
ATT202504000922,STU000922,SCH033,2025-04-01,18,16,Unauthorised
ATT202504000923,STU000923,SCH039,2025-04-01,18,17,Other
ATT202504000924,STU000924,SCH031,2025-04-01,15,13,Family
ATT202504000925,STU000925,SCH026,2025-04-01,15,14,Medical
ATT202504000926,STU000926,SCH046,2025-04-01,16,15,Illness
ATT202504000927,STU000927,SCH044,2025-04-01,14,12,Family
ATT202504000929,STU000929,SCH028,2025-04-01,14,13,Family
ATT202504000930,STU000930,SCH037,2025-04-01,14,13,Illness
ATT202504000931,STU000931,SCH012,2025-04-01,18,16,Illness
ATT202504000932,STU000932,SCH035,2025-04-01,18,17,Illness
ATT202504000933,STU000933,SCH023,2025-04-01,17,16,Illness
ATT202504000934,STU000934,SCH010,2025-04-01,18,17,Medical
ATT202504000935,STU000935,SCH030,2025-04-01,17,15,Unauthorised
ATT202504000936,STU000936,SCH047,2025-04-01,18,17,Medical
ATT202504000937,STU000937,SCH024,2025-04-01,15,13,Family
ATT202504000938,STU000938,SCH001,2025-04-01,17,15,Illness
ATT202504000939,STU000939,SCH005,2025-04-01,16,14,Other
ATT202504000940,STU000940,SCH016,2025-04-01,15,13,Illness
ATT202504000941,STU000941,SCH036,2025-04-01,15,14,Other
ATT202504000942,STU000942,SCH020,2025-04-01,18,17,Illness
ATT202504000943,STU000943,SCH021,2025-04-01,14,12,Unauthorised
ATT202504000944,STU000944,SCH034,2025-04-01,18,15,Family
ATT202504000945,STU000945,SCH002,2025-04-01,16,14,Other
ATT202504000946,STU000946,SCH031,2025-04-01,17,16,Family
ATT202504000947,STU000947,SCH027,2025-04-01,18,16,Other
ATT202504000948,STU000948,SCH002,2025-04-01,15,14,Family
ATT202504000949,STU000949,SCH046,2025-04-01,16,14,Medical
ATT202504000950,STU000950,SCH043,2025-04-01,17,15,Other
ATT202504000952,STU000952,SCH034,2025-04-01,17,17,
ATT202504000953,STU000953,SCH013,2025-04-01,17,15,Medical
ATT202504000954,STU000954,SCH046,2025-04-01,18,15,Medical
ATT202504000955,STU000955,SCH044,2025-04-01,15,14,Other
ATT202504000956,STU000956,SCH016,2025-04-01,15,14,Medical
ATT202504000957,STU000957,SCH030,2025-04-01,17,15,Other
ATT202504000958,STU000958,SCH005,2025-04-01,18,17,Unauthorised
ATT202504000959,STU000959,SCH029,2025-04-01,16,14,Illness
ATT202504000960,STU000960,SCH025,2025-04-01,14,13,Illness
ATT202504000961,STU000961,SCH038,2025-04-01,18,17,Other
ATT202504000962,STU000962,SCH049,2025-04-01,14,11,Unauthorised
ATT202504000963,STU000963,SCH003,2025-04-01,14,13,Medical
ATT202504000964,STU000964,SCH040,2025-04-01,17,17,
ATT202504000966,STU000966,SCH035,2025-04-01,18,16,Illness
ATT202504000967,STU000967,SCH032,2025-04-01,18,17,Medical
ATT202504000969,STU000969,SCH006,2025-04-01,15,14,Medical
ATT202504000970,STU000970,SCH031,2025-04-01,14,13,Other
ATT202504000972,STU000972,SCH013,2025-04-01,16,15,Illness
ATT202504000974,STU000974,SCH040,2025-04-01,16,15,Other
ATT202504000975,STU000975,SCH046,2025-04-01,15,13,Unauthorised
ATT202504000976,STU000976,SCH030,2025-04-01,17,15,Medical
ATT202504000977,STU000977,SCH005,2025-04-01,18,17,Other
ATT202504000978,STU000978,SCH046,2025-04-01,15,14,Other
ATT202504000979,STU000979,SCH040,2025-04-01,17,15,Family
ATT202504000980,STU000980,SCH047,2025-04-01,17,16,Medical
ATT202504000981,STU000981,SCH007,2025-04-01,17,15,Other
ATT202504000982,STU000982,SCH027,2025-04-01,18,16,Unauthorised
ATT202504000983,STU000983,SCH047,2025-04-01,15,13,Medical
ATT202504000984,STU000984,SCH047,2025-04-01,17,16,Other
ATT202504000985,STU000985,SCH021,2025-04-01,15,13,Other
ATT202504000986,STU000986,SCH033,2025-04-01,15,14,Illness
ATT202504000987,STU000987,SCH024,2025-04-01,16,14,Medical
ATT202504000988,STU000988,SCH037,2025-04-01,16,15,Illness
ATT202504000989,STU000989,SCH008,2025-04-01,14,13,Family
ATT202504000990,STU000990,SCH017,2025-04-01,14,13,Family
ATT202504000991,STU000991,SCH015,2025-04-01,18,16,Other
ATT202504000993,STU000993,SCH048,2025-04-01,16,15,Family
ATT202504000994,STU000994,SCH011,2025-04-01,16,14,Other
ATT202504000996,STU000996,SCH046,2025-04-01,14,13,Unauthorised
ATT202504000997,STU000997,SCH012,2025-04-01,17,16,Other
ATT202504000998,STU000998,SCH040,2025-04-01,15,13,Medical
ATT202504001000,STU001000,SCH033,2025-04-01,14,14,
ATT202504001001,STU001001,SCH034,2025-04-01,17,16,Other
ATT202504001002,STU001002,SCH026,2025-04-01,18,17,Unauthorised
ATT202504001003,STU001003,SCH025,2025-04-01,16,15,Family
ATT202504001005,STU001005,SCH046,2025-04-01,14,13,Family
ATT202504001006,STU001006,SCH035,2025-04-01,14,12,Other
ATT202504001007,STU001007,SCH031,2025-04-01,18,17,Other
ATT202504001008,STU001008,SCH021,2025-04-01,18,16,Unauthorised
ATT202504001009,STU001009,SCH019,2025-04-01,18,16,Family
ATT202504001011,STU001011,SCH006,2025-04-01,14,12,Illness
ATT202504001012,STU001012,SCH035,2025-04-01,16,14,Family
ATT202504001013,STU001013,SCH025,2025-04-01,14,13,Family
ATT202504001014,STU001014,SCH040,2025-04-01,16,15,Other
ATT202504001015,STU001015,SCH016,2025-04-01,17,17,
ATT202504001016,STU001016,SCH031,2025-04-01,14,12,Family
ATT202504001017,STU001017,SCH048,2025-04-01,15,13,Illness
ATT202504001018,STU001018,SCH026,2025-04-01,15,14,Family
ATT202504001019,STU001019,SCH020,2025-04-01,14,13,Unauthorised
ATT202504001020,STU001020,SCH035,2025-04-01,14,13,Medical
ATT202504001021,STU001021,SCH002,2025-04-01,14,13,Family
ATT202504001022,STU001022,SCH048,2025-04-01,18,17,Medical
ATT202504001023,STU001023,SCH040,2025-04-01,15,12,Unauthorised
ATT202504001024,STU001024,SCH007,2025-04-01,15,14,Illness
ATT202504001025,STU001025,SCH040,2025-04-01,17,15,Medical
ATT202504001026,STU001026,SCH010,2025-04-01,15,13,Family
ATT202504001027,STU001027,SCH042,2025-04-01,16,13,Medical
ATT202504001028,STU001028,SCH048,2025-04-01,16,15,Medical
ATT202504001029,STU001029,SCH020,2025-04-01,16,15,Family
ATT202504001030,STU001030,SCH037,2025-04-01,16,15,Other
ATT202504001031,STU001031,SCH049,2025-04-01,14,12,Unauthorised
ATT202504001032,STU001032,SCH045,2025-04-01,16,13,Medical
ATT202504001033,STU001033,SCH003,2025-04-01,14,13,Family
ATT202504001035,STU001035,SCH050,2025-04-01,15,14,Unauthorised
ATT202504001036,STU001036,SCH026,2025-04-01,14,13,Illness
ATT202504001037,STU001037,SCH010,2025-04-01,14,13,Unauthorised
ATT202504001038,STU001038,SCH009,2025-04-01,14,12,Unauthorised
ATT202504001039,STU001039,SCH046,2025-04-01,14,12,Unauthorised
ATT202504001040,STU001040,SCH044,2025-04-01,18,15,Unauthorised
ATT202504001041,STU001041,SCH035,2025-04-01,15,13,Family
ATT202504001042,STU001042,SCH025,2025-04-01,15,14,Unauthorised
ATT202504001043,STU001043,SCH036,2025-04-01,17,16,Other
ATT202504001045,STU001045,SCH023,2025-04-01,15,14,Other
ATT202504001046,STU001046,SCH010,2025-04-01,18,17,Unauthorised
ATT202504001047,STU001047,SCH014,2025-04-01,14,12,Family
ATT202504001048,STU001048,SCH002,2025-04-01,15,14,Other
ATT202504001049,STU001049,SCH041,2025-04-01,17,16,Family
ATT202504001050,STU001050,SCH049,2025-04-01,16,14,Medical
ATT202504001051,STU001051,SCH043,2025-04-01,16,15,Illness
ATT202504001054,STU001054,SCH021,2025-04-01,15,14,Medical
ATT202504001055,STU001055,SCH021,2025-04-01,14,13,Unauthorised
ATT202504001056,STU001056,SCH023,2025-04-01,17,15,Unauthorised
ATT202504001057,STU001057,SCH034,2025-04-01,18,17,Unauthorised
ATT202504001058,STU001058,SCH009,2025-04-01,17,14,Illness
ATT202504001059,STU001059,SCH021,2025-04-01,18,15,Family
ATT202504001062,STU001062,SCH046,2025-04-01,18,17,Other
ATT202504001063,STU001063,SCH018,2025-04-01,15,14,Unauthorised
ATT202504001064,STU001064,SCH021,2025-04-01,16,13,Medical
ATT202504001066,STU001066,SCH007,2025-04-01,18,15,Medical
ATT202504001068,STU001068,SCH041,2025-04-01,14,13,Unauthorised
ATT202504001069,STU001069,SCH042,2025-04-01,14,13,Family
ATT202504001070,STU001070,SCH017,2025-04-01,15,13,Illness
ATT202504001071,STU001071,SCH044,2025-04-01,18,16,Family
ATT202504001072,STU001072,SCH010,2025-04-01,15,14,Medical
ATT202504001073,STU001073,SCH031,2025-04-01,17,14,Medical
ATT202504001074,STU001074,SCH025,2025-04-01,17,14,Family
ATT202504001075,STU001075,SCH031,2025-04-01,15,14,Family
ATT202504001076,STU001076,SCH022,2025-04-01,18,15,Other
ATT202504001077,STU001077,SCH046,2025-04-01,17,16,Medical
ATT202504001078,STU001078,SCH002,2025-04-01,18,15,Other
ATT202504001079,STU001079,SCH041,2025-04-01,18,18,
ATT202504001080,STU001080,SCH013,2025-04-01,14,13,Family
ATT202504001081,STU001081,SCH033,2025-04-01,16,15,Medical
ATT202504001082,STU001082,SCH046,2025-04-01,17,16,Medical
ATT202504001083,STU001083,SCH009,2025-04-01,15,14,Other
ATT202504001084,STU001084,SCH031,2025-04-01,18,17,Unauthorised
ATT202504001085,STU001085,SCH018,2025-04-01,17,15,Unauthorised
ATT202504001086,STU001086,SCH008,2025-04-01,18,16,Medical
ATT202504001087,STU001087,SCH020,2025-04-01,14,13,Other
ATT202504001089,STU001089,SCH047,2025-04-01,17,16,Other
ATT202504001090,STU001090,SCH003,2025-04-01,17,15,Family
ATT202504001091,STU001091,SCH048,2025-04-01,15,14,Family
ATT202504001092,STU001092,SCH009,2025-04-01,16,14,Illness
ATT202504001093,STU001093,SCH008,2025-04-01,17,16,Other
ATT202504001094,STU001094,SCH027,2025-04-01,14,13,Other
ATT202504001095,STU001095,SCH005,2025-04-01,14,13,Other
ATT202504001097,STU001097,SCH040,2025-04-01,14,13,Illness
ATT202504001098,STU001098,SCH040,2025-04-01,14,12,Other
ATT202504001099,STU001099,SCH011,2025-04-01,15,14,Unauthorised
ATT202504001100,STU001100,SCH030,2025-04-01,14,13,Other
ATT202504001101,STU001101,SCH049,2025-04-01,18,15,Unauthorised
ATT202504001102,STU001102,SCH011,2025-04-01,14,12,Illness
ATT202504001103,STU001103,SCH050,2025-04-01,14,12,Family
ATT202504001104,STU001104,SCH046,2025-04-01,14,12,Other
ATT202504001105,STU001105,SCH050,2025-04-01,14,12,Medical
ATT202504001107,STU001107,SCH015,2025-04-01,18,16,Family
ATT202504001108,STU001108,SCH035,2025-04-01,16,14,Family
ATT202504001109,STU001109,SCH021,2025-04-01,16,15,Family
ATT202504001110,STU001110,SCH046,2025-04-01,17,14,Illness
ATT202504001111,STU001111,SCH017,2025-04-01,17,15,Unauthorised
ATT202504001112,STU001112,SCH032,2025-04-01,15,13,Other
ATT202504001113,STU001113,SCH012,2025-04-01,15,13,Illness
ATT202504001114,STU001114,SCH029,2025-04-01,14,12,Family
ATT202504001115,STU001115,SCH031,2025-04-01,18,15,Illness
ATT202504001116,STU001116,SCH044,2025-04-01,14,13,Unauthorised
ATT202504001117,STU001117,SCH035,2025-04-01,14,14,
ATT202504001118,STU001118,SCH027,2025-04-01,17,15,Family
ATT202504001119,STU001119,SCH036,2025-04-01,16,15,Medical
ATT202504001120,STU001120,SCH048,2025-04-01,18,17,Illness
ATT202504001121,STU001121,SCH017,2025-04-01,16,14,Illness
ATT202504001122,STU001122,SCH004,2025-04-01,15,14,Medical
ATT202504001123,STU001123,SCH027,2025-04-01,14,12,Medical
ATT202504001124,STU001124,SCH015,2025-04-01,14,13,Other
ATT202504001126,STU001126,SCH049,2025-04-01,18,17,Medical
ATT202504001128,STU001128,SCH002,2025-04-01,18,16,Other
ATT202504001130,STU001130,SCH024,2025-04-01,16,14,Medical
ATT202504001131,STU001131,SCH028,2025-04-01,15,14,Family
ATT202504001132,STU001132,SCH016,2025-04-01,17,15,Family
ATT202504001133,STU001133,SCH024,2025-04-01,16,16,
ATT202504001134,STU001134,SCH004,2025-04-01,16,15,Illness
ATT202504001135,STU001135,SCH001,2025-04-01,14,11,Unauthorised
ATT202504001136,STU001136,SCH014,2025-04-01,17,17,
ATT202504001137,STU001137,SCH005,2025-04-01,18,17,Unauthorised
ATT202504001138,STU001138,SCH025,2025-04-01,15,14,Family
ATT202504001140,STU001140,SCH031,2025-04-01,14,13,Other
ATT202504001141,STU001141,SCH023,2025-04-01,17,15,Illness
ATT202504001142,STU001142,SCH027,2025-04-01,14,13,Illness
ATT202504001143,STU001143,SCH029,2025-04-01,16,13,Medical
ATT202504001144,STU001144,SCH014,2025-04-01,18,18,
ATT202504001145,STU001145,SCH050,2025-04-01,15,14,Family
ATT202504001146,STU001146,SCH021,2025-04-01,14,12,Other
ATT202504001147,STU001147,SCH044,2025-04-01,16,15,Family
ATT202504001148,STU001148,SCH048,2025-04-01,17,15,Unauthorised
ATT202504001149,STU001149,SCH013,2025-04-01,15,14,Unauthorised
ATT202504001150,STU001150,SCH045,2025-04-01,15,14,Family
ATT202504001151,STU001151,SCH041,2025-04-01,18,18,
ATT202504001152,STU001152,SCH019,2025-04-01,15,14,Illness
ATT202504001153,STU001153,SCH046,2025-04-01,17,15,Illness
ATT202504001154,STU001154,SCH045,2025-04-01,14,12,Illness
ATT202504001155,STU001155,SCH029,2025-04-01,15,13,Family
ATT202504001156,STU001156,SCH032,2025-04-01,18,16,Family
ATT202504001157,STU001157,SCH016,2025-04-01,18,18,
ATT202504001158,STU001158,SCH014,2025-04-01,16,16,
ATT202504001159,STU001159,SCH042,2025-04-01,16,13,Family
ATT202504001160,STU001160,SCH038,2025-04-01,16,15,Illness
ATT202504001161,STU001161,SCH038,2025-04-01,17,16,Unauthorised
ATT202504001162,STU001162,SCH031,2025-04-01,16,14,Other
ATT202504001163,STU001163,SCH014,2025-04-01,18,18,
ATT202504001164,STU001164,SCH036,2025-04-01,14,13,Medical
ATT202504001165,STU001165,SCH032,2025-04-01,18,17,Illness
ATT202504001166,STU001166,SCH004,2025-04-01,15,14,Other
ATT202504001168,STU001168,SCH050,2025-04-01,14,13,Other
ATT202504001169,STU001169,SCH026,2025-04-01,15,13,Family
ATT202504001170,STU001170,SCH033,2025-04-01,16,14,Illness
ATT202504001171,STU001171,SCH048,2025-04-01,14,13,Illness
ATT202504001172,STU001172,SCH006,2025-04-01,17,16,Other
ATT202504001173,STU001173,SCH030,2025-04-01,18,16,Unauthorised
ATT202504001174,STU001174,SCH004,2025-04-01,16,16,
ATT202504001175,STU001175,SCH037,2025-04-01,17,16,Illness
ATT202504001176,STU001176,SCH032,2025-04-01,17,15,Medical
ATT202504001177,STU001177,SCH042,2025-04-01,16,13,Other
ATT202504001178,STU001178,SCH013,2025-04-01,18,17,Unauthorised
ATT202504001179,STU001179,SCH024,2025-04-01,17,16,Medical
ATT202504001180,STU001180,SCH035,2025-04-01,14,13,Family
ATT202504001181,STU001181,SCH002,2025-04-01,16,14,Illness
ATT202504001182,STU001182,SCH010,2025-04-01,14,13,Medical
ATT202504001184,STU001184,SCH021,2025-04-01,15,13,Illness
ATT202504001185,STU001185,SCH010,2025-04-01,14,13,Medical
ATT202504001186,STU001186,SCH021,2025-04-01,14,13,Illness
ATT202504001187,STU001187,SCH031,2025-04-01,18,16,Family
ATT202504001188,STU001188,SCH001,2025-04-01,14,13,Unauthorised
ATT202504001189,STU001189,SCH017,2025-04-01,15,13,Family
ATT202504001190,STU001190,SCH004,2025-04-01,18,16,Other
ATT202504001191,STU001191,SCH002,2025-04-01,16,15,Family
ATT202504001192,STU001192,SCH032,2025-04-01,15,14,Family
ATT202504001194,STU001194,SCH024,2025-04-01,16,15,Medical
ATT202504001195,STU001195,SCH049,2025-04-01,14,12,Medical
ATT202504001196,STU001196,SCH048,2025-04-01,17,16,Illness
ATT202504001197,STU001197,SCH013,2025-04-01,15,14,Unauthorised
ATT202504001198,STU001198,SCH020,2025-04-01,18,16,Illness
ATT202504001199,STU001199,SCH020,2025-04-01,16,15,Family
ATT202504001201,STU001201,SCH040,2025-04-01,17,15,Illness
ATT202504001202,STU001202,SCH013,2025-04-01,14,13,Other
ATT202504001203,STU001203,SCH004,2025-04-01,18,16,Medical
ATT202504001204,STU001204,SCH019,2025-04-01,15,14,Family
ATT202504001205,STU001205,SCH031,2025-04-01,17,15,Medical
ATT202504001206,STU001206,SCH028,2025-04-01,16,15,Other
ATT202504001207,STU001207,SCH024,2025-04-01,18,15,Illness
ATT202504001208,STU001208,SCH027,2025-04-01,18,17,Medical
ATT202504001209,STU001209,SCH042,2025-04-01,17,16,Family
ATT202504001210,STU001210,SCH017,2025-04-01,16,14,Other
ATT202504001211,STU001211,SCH032,2025-04-01,17,16,Illness
ATT202504001212,STU001212,SCH019,2025-04-01,15,14,Medical
ATT202504001213,STU001213,SCH015,2025-04-01,14,13,Family
ATT202504001214,STU001214,SCH024,2025-04-01,14,13,Unauthorised
ATT202504001216,STU001216,SCH009,2025-04-01,18,17,Family
ATT202504001217,STU001217,SCH026,2025-04-01,17,16,Medical
ATT202504001218,STU001218,SCH009,2025-04-01,16,13,Illness
ATT202504001219,STU001219,SCH035,2025-04-01,16,16,
ATT202504001220,STU001220,SCH016,2025-04-01,15,14,Medical
ATT202504001221,STU001221,SCH038,2025-04-01,14,14,
ATT202504001222,STU001222,SCH031,2025-04-01,17,17,
ATT202504001223,STU001223,SCH036,2025-04-01,15,14,Unauthorised
ATT202504001224,STU001224,SCH010,2025-04-01,16,14,Family
ATT202504001225,STU001225,SCH037,2025-04-01,17,16,Unauthorised
ATT202504001226,STU001226,SCH045,2025-04-01,14,12,Other
ATT202504001227,STU001227,SCH004,2025-04-01,14,13,Unauthorised
ATT202504001228,STU001228,SCH031,2025-04-01,14,11,Medical
ATT202504001229,STU001229,SCH046,2025-04-01,17,15,Medical
ATT202504001230,STU001230,SCH035,2025-04-01,17,16,Unauthorised
ATT202504001231,STU001231,SCH031,2025-04-01,15,13,Medical
ATT202504001232,STU001232,SCH027,2025-04-01,15,13,Family
ATT202504001233,STU001233,SCH028,2025-04-01,14,13,Medical
ATT202504001237,STU001237,SCH040,2025-04-01,18,17,Family
ATT202504001238,STU001238,SCH020,2025-04-01,15,14,Medical
ATT202504001239,STU001239,SCH019,2025-04-01,18,16,Family
ATT202504001240,STU001240,SCH031,2025-04-01,17,14,Medical
ATT202504001241,STU001241,SCH029,2025-04-01,14,12,Medical
ATT202504001242,STU001242,SCH018,2025-04-01,17,16,Unauthorised
ATT202504001244,STU001244,SCH039,2025-04-01,15,14,Medical
ATT202504001245,STU001245,SCH008,2025-04-01,17,16,Unauthorised
ATT202504001246,STU001246,SCH049,2025-04-01,17,14,Medical
ATT202504001247,STU001247,SCH046,2025-04-01,15,14,Medical
ATT202504001248,STU001248,SCH024,2025-04-01,17,15,Other
ATT202504001249,STU001249,SCH047,2025-04-01,15,14,Other
ATT202504001250,STU001250,SCH047,2025-04-01,17,14,Illness
ATT202504001251,STU001251,SCH002,2025-04-01,16,14,Illness
ATT202504001252,STU001252,SCH040,2025-04-01,14,12,Unauthorised
ATT202504001253,STU001253,SCH005,2025-04-01,14,13,Illness
ATT202504001254,STU001254,SCH033,2025-04-01,14,14,
ATT202504001255,STU001255,SCH037,2025-04-01,17,16,Illness
ATT202504001256,STU001256,SCH032,2025-04-01,18,17,Family
ATT202504001257,STU001257,SCH036,2025-04-01,17,16,Medical
ATT202504001258,STU001258,SCH013,2025-04-01,16,15,Unauthorised
ATT202504001259,STU001259,SCH012,2025-04-01,15,13,Unauthorised
ATT202504001260,STU001260,SCH040,2025-04-01,15,14,Unauthorised
ATT202504001261,STU001261,SCH050,2025-04-01,18,17,Unauthorised
ATT202504001262,STU001262,SCH019,2025-04-01,14,13,Other
ATT202504001263,STU001263,SCH016,2025-04-01,18,17,Other
ATT202504001264,STU001264,SCH037,2025-04-01,16,15,Illness
ATT202504001265,STU001265,SCH013,2025-04-01,17,16,Other
ATT202504001266,STU001266,SCH005,2025-04-01,15,14,Medical
ATT202504001267,STU001267,SCH035,2025-04-01,18,16,Illness
ATT202504001268,STU001268,SCH044,2025-04-01,14,13,Family
ATT202504001269,STU001269,SCH021,2025-04-01,14,12,Other
ATT202504001271,STU001271,SCH025,2025-04-01,18,17,Family
ATT202504001272,STU001272,SCH043,2025-04-01,17,15,Family
ATT202504001273,STU001273,SCH019,2025-04-01,14,13,Medical
ATT202504001274,STU001274,SCH032,2025-04-01,15,14,Other
ATT202504001275,STU001275,SCH010,2025-04-01,17,15,Unauthorised
ATT202504001276,STU001276,SCH011,2025-04-01,16,15,Family
ATT202504001278,STU001278,SCH002,2025-04-01,14,14,
ATT202504001279,STU001279,SCH009,2025-04-01,14,13,Other
ATT202504001280,STU001280,SCH018,2025-04-01,14,12,Illness
ATT202504001281,STU001281,SCH008,2025-04-01,14,12,Medical
ATT202504001282,STU001282,SCH006,2025-04-01,14,14,
ATT202504001283,STU001283,SCH028,2025-04-01,18,17,Illness
ATT202504001284,STU001284,SCH030,2025-04-01,18,16,Unauthorised
ATT202504001285,STU001285,SCH014,2025-04-01,15,14,Unauthorised
ATT202504001286,STU001286,SCH023,2025-04-01,15,14,Unauthorised
ATT202504001287,STU001287,SCH014,2025-04-01,14,13,Medical
ATT202504001288,STU001288,SCH050,2025-04-01,16,14,Illness
ATT202504001289,STU001289,SCH023,2025-04-01,17,15,Other
ATT202504001290,STU001290,SCH050,2025-04-01,16,16,
ATT202504001291,STU001291,SCH013,2025-04-01,15,14,Medical
ATT202504001292,STU001292,SCH010,2025-04-01,18,16,Illness
ATT202504001293,STU001293,SCH005,2025-04-01,18,17,Family
ATT202504001294,STU001294,SCH015,2025-04-01,14,14,
ATT202504001295,STU001295,SCH012,2025-04-01,17,15,Family
ATT202504001296,STU001296,SCH031,2025-04-01,17,15,Family
ATT202504001297,STU001297,SCH038,2025-04-01,17,16,Other
ATT202504001298,STU001298,SCH027,2025-04-01,16,15,Other
ATT202504001299,STU001299,SCH022,2025-04-01,17,16,Medical
ATT202504001300,STU001300,SCH049,2025-04-01,16,14,Unauthorised
ATT202504001301,STU001301,SCH012,2025-04-01,17,14,Medical
ATT202504001302,STU001302,SCH041,2025-04-01,15,13,Family
ATT202504001303,STU001303,SCH019,2025-04-01,15,14,Medical
ATT202504001304,STU001304,SCH044,2025-04-01,18,15,Family
ATT202504001305,STU001305,SCH046,2025-04-01,14,12,Other
ATT202504001306,STU001306,SCH011,2025-04-01,16,15,Medical
ATT202504001307,STU001307,SCH036,2025-04-01,14,12,Illness
ATT202504001308,STU001308,SCH029,2025-04-01,18,17,Family
ATT202504001310,STU001310,SCH031,2025-04-01,16,14,Other
ATT202504001311,STU001311,SCH049,2025-04-01,18,15,Family
ATT202504001312,STU001312,SCH046,2025-04-01,16,15,Other
ATT202504001313,STU001313,SCH022,2025-04-01,16,14,Medical
ATT202504001314,STU001314,SCH019,2025-04-01,14,13,Family
ATT202504001315,STU001315,SCH032,2025-04-01,16,14,Family
ATT202504001317,STU001317,SCH048,2025-04-01,15,15,
ATT202504001318,STU001318,SCH016,2025-04-01,14,13,Medical
ATT202504001319,STU001319,SCH039,2025-04-01,16,14,Medical
ATT202504001320,STU001320,SCH050,2025-04-01,15,14,Illness
ATT202504001321,STU001321,SCH049,2025-04-01,14,13,Medical
ATT202504001322,STU001322,SCH024,2025-04-01,18,16,Unauthorised
ATT202504001323,STU001323,SCH012,2025-04-01,17,16,Family
ATT202504001324,STU001324,SCH003,2025-04-01,14,12,Family
ATT202504001325,STU001325,SCH008,2025-04-01,14,13,Illness
ATT202504001326,STU001326,SCH030,2025-04-01,17,14,Unauthorised
ATT202504001327,STU001327,SCH022,2025-04-01,15,13,Medical
ATT202504001328,STU001328,SCH030,2025-04-01,18,18,
ATT202504001329,STU001329,SCH006,2025-04-01,16,15,Family
ATT202504001331,STU001331,SCH013,2025-04-01,15,14,Illness
ATT202504001332,STU001332,SCH023,2025-04-01,17,16,Other
ATT202504001333,STU001333,SCH044,2025-04-01,16,13,Unauthorised
ATT202504001334,STU001334,SCH006,2025-04-01,15,14,Other
ATT202504001335,STU001335,SCH013,2025-04-01,15,14,Family
ATT202504001336,STU001336,SCH048,2025-04-01,15,14,Other
ATT202504001337,STU001337,SCH044,2025-04-01,16,14,Medical
ATT202504001338,STU001338,SCH046,2025-04-01,14,13,Family
ATT202504001339,STU001339,SCH046,2025-04-01,16,15,Family
ATT202504001340,STU001340,SCH030,2025-04-01,17,16,Unauthorised
ATT202504001341,STU001341,SCH035,2025-04-01,14,13,Family
ATT202504001342,STU001342,SCH032,2025-04-01,16,14,Medical
ATT202504001343,STU001343,SCH033,2025-04-01,16,14,Illness
ATT202504001344,STU001344,SCH039,2025-04-01,18,17,Unauthorised
ATT202504001345,STU001345,SCH027,2025-04-01,18,16,Family
ATT202504001346,STU001346,SCH012,2025-04-01,15,13,Unauthorised
ATT202504001347,STU001347,SCH007,2025-04-01,17,16,Family
ATT202504001348,STU001348,SCH035,2025-04-01,18,16,Illness
ATT202504001349,STU001349,SCH036,2025-04-01,14,13,Illness
ATT202504001350,STU001350,SCH048,2025-04-01,14,13,Medical
ATT202504001351,STU001351,SCH045,2025-04-01,16,15,Other
ATT202504001352,STU001352,SCH031,2025-04-01,17,14,Other
ATT202504001353,STU001353,SCH034,2025-04-01,15,14,Other
ATT202504001354,STU001354,SCH021,2025-04-01,15,14,Other
ATT202504001355,STU001355,SCH013,2025-04-01,15,14,Family
ATT202504001356,STU001356,SCH041,2025-04-01,17,15,Family
ATT202504001357,STU001357,SCH048,2025-04-01,15,13,Illness
ATT202504001358,STU001358,SCH037,2025-04-01,16,15,Illness
ATT202504001359,STU001359,SCH026,2025-04-01,18,17,Illness
ATT202504001360,STU001360,SCH014,2025-04-01,18,17,Illness
ATT202504001361,STU001361,SCH022,2025-04-01,15,14,Unauthorised
ATT202504001362,STU001362,SCH048,2025-04-01,14,14,
ATT202504001363,STU001363,SCH048,2025-04-01,15,14,Illness
ATT202504001364,STU001364,SCH037,2025-04-01,15,14,Unauthorised
ATT202504001365,STU001365,SCH027,2025-04-01,18,17,Unauthorised
ATT202504001366,STU001366,SCH033,2025-04-01,16,15,Unauthorised
ATT202504001367,STU001367,SCH044,2025-04-01,18,16,Illness
ATT202504001369,STU001369,SCH005,2025-04-01,15,14,Unauthorised
ATT202504001370,STU001370,SCH013,2025-04-01,16,15,Medical
ATT202504001371,STU001371,SCH050,2025-04-01,15,13,Illness
ATT202504001372,STU001372,SCH022,2025-04-01,17,14,Unauthorised
ATT202504001373,STU001373,SCH023,2025-04-01,18,16,Unauthorised
ATT202504001374,STU001374,SCH026,2025-04-01,18,17,Other
ATT202504001375,STU001375,SCH037,2025-04-01,18,16,Illness
ATT202504001376,STU001376,SCH022,2025-04-01,18,15,Other
ATT202504001377,STU001377,SCH035,2025-04-01,14,13,Family
ATT202504001378,STU001378,SCH046,2025-04-01,16,14,Unauthorised
ATT202504001379,STU001379,SCH012,2025-04-01,16,14,Medical
ATT202504001380,STU001380,SCH007,2025-04-01,16,16,
ATT202504001381,STU001381,SCH010,2025-04-01,18,17,Unauthorised
ATT202504001382,STU001382,SCH018,2025-04-01,14,12,Other
ATT202504001384,STU001384,SCH027,2025-04-01,15,14,Unauthorised
ATT202504001385,STU001385,SCH021,2025-04-01,18,15,Unauthorised
ATT202504001386,STU001386,SCH024,2025-04-01,18,15,Unauthorised
ATT202504001387,STU001387,SCH004,2025-04-01,14,13,Unauthorised
ATT202504001388,STU001388,SCH035,2025-04-01,15,14,Illness
ATT202504001390,STU001390,SCH030,2025-04-01,16,15,Medical
ATT202504001391,STU001391,SCH029,2025-04-01,15,14,Family
ATT202504001392,STU001392,SCH049,2025-04-01,14,11,Unauthorised
ATT202504001393,STU001393,SCH020,2025-04-01,17,16,Unauthorised
ATT202504001394,STU001394,SCH012,2025-04-01,16,15,Family
ATT202504001396,STU001396,SCH029,2025-04-01,14,13,Illness
ATT202504001397,STU001397,SCH037,2025-04-01,18,17,Unauthorised
ATT202504001398,STU001398,SCH018,2025-04-01,16,14,Illness
ATT202504001399,STU001399,SCH027,2025-04-01,16,15,Medical
ATT202504001400,STU001400,SCH032,2025-04-01,14,13,Illness
ATT202504001401,STU001401,SCH047,2025-04-01,17,14,Family
ATT202504001402,STU001402,SCH027,2025-04-01,18,16,Other
ATT202504001403,STU001403,SCH048,2025-04-01,15,14,Family
ATT202504001404,STU001404,SCH048,2025-04-01,16,15,Medical
ATT202504001405,STU001405,SCH015,2025-04-01,15,14,Illness
ATT202504001406,STU001406,SCH039,2025-04-01,16,15,Medical
ATT202504001407,STU001407,SCH036,2025-04-01,18,18,
ATT202504001408,STU001408,SCH009,2025-04-01,16,14,Medical
ATT202504001409,STU001409,SCH019,2025-04-01,18,18,
ATT202504001410,STU001410,SCH045,2025-04-01,15,12,Illness
ATT202504001411,STU001411,SCH009,2025-04-01,17,16,Medical
ATT202504001412,STU001412,SCH027,2025-04-01,17,16,Unauthorised
ATT202504001413,STU001413,SCH046,2025-04-01,18,15,Illness
ATT202504001415,STU001415,SCH005,2025-04-01,15,13,Other
ATT202504001416,STU001416,SCH016,2025-04-01,16,15,Unauthorised
ATT202504001417,STU001417,SCH026,2025-04-01,15,14,Medical
ATT202504001418,STU001418,SCH026,2025-04-01,18,15,Other
ATT202504001419,STU001419,SCH031,2025-04-01,18,16,Medical
ATT202504001420,STU001420,SCH038,2025-04-01,17,17,
ATT202504001421,STU001421,SCH001,2025-04-01,17,15,Medical
ATT202504001422,STU001422,SCH006,2025-04-01,18,17,Illness
ATT202504001423,STU001423,SCH007,2025-04-01,17,15,Illness
ATT202504001424,STU001424,SCH005,2025-04-01,17,16,Family
ATT202504001425,STU001425,SCH043,2025-04-01,18,17,Other
ATT202504001426,STU001426,SCH029,2025-04-01,15,14,Illness
ATT202504001427,STU001427,SCH007,2025-04-01,14,13,Illness
ATT202504001428,STU001428,SCH050,2025-04-01,18,16,Illness
ATT202504001429,STU001429,SCH046,2025-04-01,17,14,Illness
ATT202504001431,STU001431,SCH020,2025-04-01,15,15,
ATT202504001432,STU001432,SCH022,2025-04-01,17,15,Family
ATT202504001433,STU001433,SCH031,2025-04-01,15,14,Medical
ATT202504001434,STU001434,SCH042,2025-04-01,14,14,
ATT202504001435,STU001435,SCH037,2025-04-01,15,15,
ATT202504001438,STU001438,SCH016,2025-04-01,16,15,Other
ATT202504001439,STU001439,SCH048,2025-04-01,14,13,Family
ATT202504001441,STU001441,SCH039,2025-04-01,15,13,Family
ATT202504001442,STU001442,SCH029,2025-04-01,14,13,Unauthorised
ATT202504001443,STU001443,SCH016,2025-04-01,14,13,Illness
ATT202504001444,STU001444,SCH030,2025-04-01,17,15,Illness
ATT202504001445,STU001445,SCH047,2025-04-01,14,13,Medical
ATT202504001446,STU001446,SCH029,2025-04-01,14,12,Unauthorised
ATT202504001447,STU001447,SCH036,2025-04-01,15,14,Illness
ATT202504001448,STU001448,SCH050,2025-04-01,18,17,Family
ATT202504001449,STU001449,SCH001,2025-04-01,18,16,Other
ATT202504001450,STU001450,SCH047,2025-04-01,18,17,Illness
ATT202504001451,STU001451,SCH048,2025-04-01,17,16,Other
ATT202504001452,STU001452,SCH021,2025-04-01,14,12,Family
ATT202504001454,STU001454,SCH038,2025-04-01,17,16,Medical
ATT202504001455,STU001455,SCH048,2025-04-01,14,12,Illness
ATT202504001456,STU001456,SCH016,2025-04-01,14,13,Illness
ATT202504001457,STU001457,SCH011,2025-04-01,15,12,Illness
ATT202504001458,STU001458,SCH030,2025-04-01,18,17,Medical
ATT202504001459,STU001459,SCH004,2025-04-01,17,16,Unauthorised
ATT202504001460,STU001460,SCH008,2025-04-01,18,17,Unauthorised
ATT202504001461,STU001461,SCH017,2025-04-01,18,17,Illness
ATT202504001462,STU001462,SCH008,2025-04-01,18,18,
ATT202504001463,STU001463,SCH013,2025-04-01,17,16,Medical
ATT202504001464,STU001464,SCH044,2025-04-01,17,15,Unauthorised
ATT202504001465,STU001465,SCH030,2025-04-01,15,14,Medical
ATT202504001466,STU001466,SCH016,2025-04-01,17,15,Illness
ATT202504001467,STU001467,SCH011,2025-04-01,17,16,Family
ATT202504001468,STU001468,SCH018,2025-04-01,15,13,Illness
ATT202504001469,STU001469,SCH016,2025-04-01,17,15,Unauthorised
ATT202504001470,STU001470,SCH015,2025-04-01,15,13,Family
ATT202504001471,STU001471,SCH008,2025-04-01,16,15,Medical
ATT202504001472,STU001472,SCH010,2025-04-01,14,12,Other
ATT202504001473,STU001473,SCH008,2025-04-01,14,12,Medical
ATT202504001474,STU001474,SCH045,2025-04-01,17,15,Medical
ATT202504001475,STU001475,SCH035,2025-04-01,14,12,Other
ATT202504001476,STU001476,SCH004,2025-04-01,15,14,Illness
ATT202504001477,STU001477,SCH011,2025-04-01,14,14,
ATT202504001478,STU001478,SCH010,2025-04-01,14,13,Family
ATT202504001479,STU001479,SCH022,2025-04-01,15,15,
ATT202504001481,STU001481,SCH013,2025-04-01,14,13,Family
ATT202504001482,STU001482,SCH018,2025-04-01,17,16,Family
ATT202504001483,STU001483,SCH018,2025-04-01,17,16,Medical
ATT202504001485,STU001485,SCH020,2025-04-01,18,17,Illness
ATT202504001486,STU001486,SCH034,2025-04-01,18,17,Medical
ATT202504001487,STU001487,SCH035,2025-04-01,17,16,Family
ATT202504001488,STU001488,SCH043,2025-04-01,18,17,Medical
ATT202504001489,STU001489,SCH023,2025-04-01,14,12,Medical
ATT202504001490,STU001490,SCH044,2025-04-01,15,13,Medical
ATT202504001491,STU001491,SCH015,2025-04-01,15,14,Medical
ATT202504001493,STU001493,SCH023,2025-04-01,14,14,
ATT202504001494,STU001494,SCH012,2025-04-01,17,16,Other
ATT202504001496,STU001496,SCH038,2025-04-01,17,16,Illness
ATT202504001497,STU001497,SCH016,2025-04-01,17,16,Illness
ATT202504001498,STU001498,SCH036,2025-04-01,15,14,Unauthorised
ATT202504001499,STU001499,SCH019,2025-04-01,14,14,
ATT202504001500,STU001500,SCH016,2025-04-01,16,15,Other
ATT202504001501,STU001501,SCH005,2025-04-01,18,17,Medical
ATT202504001502,STU001502,SCH010,2025-04-01,17,14,Family
ATT202504001503,STU001503,SCH021,2025-04-01,18,16,Family
ATT202504001504,STU001504,SCH024,2025-04-01,14,12,Illness
ATT202504001505,STU001505,SCH007,2025-04-01,15,14,Illness
ATT202504001506,STU001506,SCH036,2025-04-01,18,17,Family
ATT202504001507,STU001507,SCH045,2025-04-01,17,15,Illness
ATT202504001508,STU001508,SCH031,2025-04-01,17,16,Illness
ATT202504001509,STU001509,SCH021,2025-04-01,18,15,Family
ATT202504001510,STU001510,SCH047,2025-04-01,17,16,Other
ATT202504001511,STU001511,SCH007,2025-04-01,16,15,Medical
ATT202504001513,STU001513,SCH008,2025-04-01,18,17,Family
ATT202504001514,STU001514,SCH003,2025-04-01,14,13,Other
ATT202504001515,STU001515,SCH045,2025-04-01,17,15,Unauthorised
ATT202504001516,STU001516,SCH050,2025-04-01,14,12,Medical
ATT202504001517,STU001517,SCH017,2025-04-01,15,13,Family
ATT202504001518,STU001518,SCH027,2025-04-01,15,13,Unauthorised
ATT202504001519,STU001519,SCH028,2025-04-01,17,16,Family
ATT202504001520,STU001520,SCH026,2025-04-01,17,16,Illness
ATT202504001521,STU001521,SCH040,2025-04-01,14,12,Other
ATT202504001522,STU001522,SCH040,2025-04-01,16,14,Other
ATT202504001523,STU001523,SCH044,2025-04-01,14,12,Medical
ATT202504001524,STU001524,SCH001,2025-04-01,14,12,Family
ATT202504001525,STU001525,SCH009,2025-04-01,14,13,Other
ATT202504001526,STU001526,SCH040,2025-04-01,14,13,Other
ATT202504001527,STU001527,SCH029,2025-04-01,14,13,Illness
ATT202504001529,STU001529,SCH030,2025-04-01,17,17,
ATT202504001530,STU001530,SCH032,2025-04-01,17,15,Medical
ATT202504001531,STU001531,SCH038,2025-04-01,14,12,Illness
ATT202504001532,STU001532,SCH029,2025-04-01,16,14,Medical
ATT202504001533,STU001533,SCH020,2025-04-01,14,12,Medical
ATT202504001534,STU001534,SCH019,2025-04-01,17,15,Illness
ATT202504001535,STU001535,SCH041,2025-04-01,15,15,
ATT202504001536,STU001536,SCH013,2025-04-01,15,13,Family
ATT202504001538,STU001538,SCH028,2025-04-01,16,15,Family
ATT202504001539,STU001539,SCH039,2025-04-01,16,14,Unauthorised
ATT202504001540,STU001540,SCH030,2025-04-01,18,16,Other
ATT202504001541,STU001541,SCH017,2025-04-01,16,14,Illness
ATT202504001542,STU001542,SCH039,2025-04-01,16,15,Family
ATT202504001543,STU001543,SCH011,2025-04-01,16,14,Medical
ATT202504001544,STU001544,SCH011,2025-04-01,18,15,Other
ATT202504001545,STU001545,SCH025,2025-04-01,15,15,
ATT202504001547,STU001547,SCH014,2025-04-01,18,16,Medical
ATT202504001548,STU001548,SCH003,2025-04-01,17,17,
ATT202504001549,STU001549,SCH038,2025-04-01,18,17,Unauthorised
ATT202504001550,STU001550,SCH012,2025-04-01,14,12,Other
ATT202504001551,STU001551,SCH016,2025-04-01,18,16,Other
ATT202504001552,STU001552,SCH020,2025-04-01,16,15,Unauthorised
ATT202504001553,STU001553,SCH030,2025-04-01,17,16,Medical
ATT202504001554,STU001554,SCH048,2025-04-01,18,17,Medical
ATT202504001555,STU001555,SCH047,2025-04-01,17,16,Other
ATT202504001556,STU001556,SCH034,2025-04-01,15,13,Medical
ATT202504001557,STU001557,SCH038,2025-04-01,16,15,Unauthorised
ATT202504001558,STU001558,SCH037,2025-04-01,17,16,Family
ATT202504001559,STU001559,SCH033,2025-04-01,15,13,Illness
ATT202504001560,STU001560,SCH041,2025-04-01,17,15,Other
ATT202504001561,STU001561,SCH041,2025-04-01,14,13,Medical
ATT202504001562,STU001562,SCH011,2025-04-01,16,14,Medical
ATT202504001563,STU001563,SCH045,2025-04-01,18,16,Other
ATT202504001564,STU001564,SCH002,2025-04-01,14,14,
ATT202504001566,STU001566,SCH013,2025-04-01,15,14,Unauthorised
ATT202504001567,STU001567,SCH007,2025-04-01,18,16,Illness
ATT202504001569,STU001569,SCH016,2025-04-01,16,14,Medical
ATT202504001570,STU001570,SCH035,2025-04-01,17,15,Family
ATT202504001571,STU001571,SCH034,2025-04-01,14,14,
ATT202504001572,STU001572,SCH039,2025-04-01,18,16,Unauthorised
ATT202504001573,STU001573,SCH011,2025-04-01,17,16,Medical
ATT202504001574,STU001574,SCH046,2025-04-01,15,13,Illness
ATT202504001575,STU001575,SCH003,2025-04-01,16,15,Other
ATT202504001576,STU001576,SCH031,2025-04-01,17,16,Other
ATT202504001577,STU001577,SCH046,2025-04-01,18,16,Illness
ATT202504001578,STU001578,SCH046,2025-04-01,16,14,Medical
ATT202504001579,STU001579,SCH011,2025-04-01,17,16,Unauthorised
ATT202504001580,STU001580,SCH044,2025-04-01,15,13,Medical
ATT202504001581,STU001581,SCH023,2025-04-01,16,14,Medical
ATT202504001582,STU001582,SCH007,2025-04-01,15,14,Other
ATT202504001584,STU001584,SCH033,2025-04-01,18,16,Unauthorised
ATT202504001585,STU001585,SCH013,2025-04-01,15,13,Other
ATT202504001586,STU001586,SCH046,2025-04-01,18,16,Other
ATT202504001587,STU001587,SCH012,2025-04-01,15,14,Medical
ATT202504001588,STU001588,SCH008,2025-04-01,18,16,Unauthorised
ATT202504001589,STU001589,SCH048,2025-04-01,16,15,Unauthorised
ATT202504001590,STU001590,SCH008,2025-04-01,16,15,Family
ATT202504001591,STU001591,SCH043,2025-04-01,16,14,Medical
ATT202504001592,STU001592,SCH015,2025-04-01,14,14,
ATT202504001593,STU001593,SCH022,2025-04-01,18,16,Unauthorised
ATT202504001594,STU001594,SCH024,2025-04-01,15,14,Family
ATT202504001595,STU001595,SCH047,2025-04-01,15,14,Medical
ATT202504001597,STU001597,SCH031,2025-04-01,14,12,Medical
ATT202504001598,STU001598,SCH039,2025-04-01,15,14,Other
ATT202504001599,STU001599,SCH013,2025-04-01,14,13,Other
ATT202504001600,STU001600,SCH047,2025-04-01,16,15,Unauthorised
ATT202504001601,STU001601,SCH009,2025-04-01,16,15,Illness
ATT202504001602,STU001602,SCH036,2025-04-01,15,14,Unauthorised
ATT202504001603,STU001603,SCH046,2025-04-01,17,17,
ATT202504001604,STU001604,SCH037,2025-04-01,18,17,Illness
ATT202504001605,STU001605,SCH037,2025-04-01,15,14,Other
ATT202504001606,STU001606,SCH044,2025-04-01,15,13,Unauthorised
ATT202504001607,STU001607,SCH014,2025-04-01,16,15,Unauthorised
ATT202504001609,STU001609,SCH039,2025-04-01,18,17,Illness
ATT202504001610,STU001610,SCH011,2025-04-01,17,16,Family
ATT202504001611,STU001611,SCH001,2025-04-01,17,16,Family
ATT202504001612,STU001612,SCH020,2025-04-01,14,13,Medical
ATT202504001613,STU001613,SCH014,2025-04-01,15,13,Other
ATT202504001614,STU001614,SCH010,2025-04-01,17,17,
ATT202504001615,STU001615,SCH031,2025-04-01,18,17,Other
ATT202504001616,STU001616,SCH022,2025-04-01,14,11,Illness
ATT202504001617,STU001617,SCH041,2025-04-01,18,16,Medical
ATT202504001618,STU001618,SCH050,2025-04-01,14,13,Unauthorised
ATT202504001619,STU001619,SCH028,2025-04-01,16,15,Family
ATT202504001620,STU001620,SCH008,2025-04-01,16,15,Unauthorised
ATT202504001621,STU001621,SCH033,2025-04-01,15,14,Unauthorised
ATT202504001622,STU001622,SCH023,2025-04-01,15,14,Illness
ATT202504001623,STU001623,SCH023,2025-04-01,17,15,Family
ATT202504001624,STU001624,SCH046,2025-04-01,14,12,Family
ATT202504001627,STU001627,SCH018,2025-04-01,17,14,Other
ATT202504001628,STU001628,SCH044,2025-04-01,16,15,Illness
ATT202504001629,STU001629,SCH047,2025-04-01,16,15,Medical
ATT202504001631,STU001631,SCH003,2025-04-01,14,12,Medical
ATT202504001632,STU001632,SCH003,2025-04-01,17,16,Other
ATT202504001633,STU001633,SCH024,2025-04-01,18,16,Family
ATT202504001634,STU001634,SCH005,2025-04-01,17,15,Family
ATT202504001636,STU001636,SCH032,2025-04-01,18,16,Medical
ATT202504001637,STU001637,SCH032,2025-04-01,14,13,Unauthorised
ATT202504001638,STU001638,SCH006,2025-04-01,16,15,Unauthorised
ATT202504001639,STU001639,SCH014,2025-04-01,16,15,Illness
ATT202504001640,STU001640,SCH040,2025-04-01,18,16,Other
ATT202504001641,STU001641,SCH016,2025-04-01,16,16,
ATT202504001642,STU001642,SCH021,2025-04-01,17,16,Family
ATT202504001643,STU001643,SCH024,2025-04-01,18,15,Medical
ATT202504001644,STU001644,SCH022,2025-04-01,17,16,Unauthorised
ATT202504001645,STU001645,SCH036,2025-04-01,16,15,Family
ATT202504001646,STU001646,SCH022,2025-04-01,15,11,Other
ATT202504001647,STU001647,SCH040,2025-04-01,15,14,Unauthorised
ATT202504001648,STU001648,SCH010,2025-04-01,15,13,Illness
ATT202504001649,STU001649,SCH021,2025-04-01,18,16,Family
ATT202504001650,STU001650,SCH002,2025-04-01,18,16,Medical
ATT202504001651,STU001651,SCH037,2025-04-01,17,15,Medical
ATT202504001652,STU001652,SCH045,2025-04-01,15,13,Unauthorised
ATT202504001653,STU001653,SCH036,2025-04-01,18,17,Illness
ATT202504001654,STU001654,SCH029,2025-04-01,15,13,Family
ATT202504001655,STU001655,SCH027,2025-04-01,16,13,Other
ATT202504001656,STU001656,SCH024,2025-04-01,18,17,Family
ATT202504001657,STU001657,SCH034,2025-04-01,15,12,Medical
ATT202504001658,STU001658,SCH010,2025-04-01,14,13,Family
ATT202504001659,STU001659,SCH010,2025-04-01,18,15,Other
ATT202504001660,STU001660,SCH006,2025-04-01,15,14,Unauthorised
ATT202504001661,STU001661,SCH009,2025-04-01,14,12,Illness
ATT202504001663,STU001663,SCH013,2025-04-01,16,14,Unauthorised
ATT202504001664,STU001664,SCH018,2025-04-01,14,14,
ATT202504001665,STU001665,SCH014,2025-04-01,15,14,Other
ATT202504001667,STU001667,SCH016,2025-04-01,14,11,Medical
ATT202504001668,STU001668,SCH032,2025-04-01,18,17,Unauthorised
ATT202504001669,STU001669,SCH039,2025-04-01,18,17,Family
ATT202504001670,STU001670,SCH036,2025-04-01,17,16,Unauthorised
ATT202504001671,STU001671,SCH001,2025-04-01,18,16,Unauthorised
ATT202504001672,STU001672,SCH030,2025-04-01,17,15,Medical
ATT202504001673,STU001673,SCH002,2025-04-01,18,16,Illness
ATT202504001674,STU001674,SCH023,2025-04-01,16,14,Unauthorised
ATT202504001675,STU001675,SCH027,2025-04-01,15,15,
ATT202504001676,STU001676,SCH041,2025-04-01,15,14,Illness
ATT202504001677,STU001677,SCH038,2025-04-01,15,14,Family
ATT202504001678,STU001678,SCH042,2025-04-01,18,18,
ATT202504001679,STU001679,SCH019,2025-04-01,14,13,Illness
ATT202504001680,STU001680,SCH007,2025-04-01,14,13,Unauthorised
ATT202504001681,STU001681,SCH015,2025-04-01,17,15,Illness
ATT202504001682,STU001682,SCH030,2025-04-01,14,13,Family
ATT202504001683,STU001683,SCH050,2025-04-01,15,13,Family
ATT202504001684,STU001684,SCH027,2025-04-01,16,13,Illness
ATT202504001685,STU001685,SCH043,2025-04-01,16,15,Unauthorised
ATT202504001686,STU001686,SCH032,2025-04-01,16,14,Medical
ATT202504001687,STU001687,SCH031,2025-04-01,14,12,Other
ATT202504001688,STU001688,SCH014,2025-04-01,16,15,Unauthorised
ATT202504001689,STU001689,SCH006,2025-04-01,15,14,Other
ATT202504001690,STU001690,SCH015,2025-04-01,16,15,Family
ATT202504001691,STU001691,SCH043,2025-04-01,17,15,Illness
ATT202504001692,STU001692,SCH043,2025-04-01,16,13,Other
ATT202504001693,STU001693,SCH033,2025-04-01,16,15,Family
ATT202504001694,STU001694,SCH003,2025-04-01,18,16,Illness
ATT202504001695,STU001695,SCH017,2025-04-01,15,13,Unauthorised
ATT202504001696,STU001696,SCH045,2025-04-01,16,14,Illness
ATT202504001697,STU001697,SCH050,2025-04-01,15,14,Illness
ATT202504001698,STU001698,SCH046,2025-04-01,15,14,Illness
ATT202504001699,STU001699,SCH018,2025-04-01,14,14,
ATT202504001700,STU001700,SCH045,2025-04-01,14,13,Family
ATT202504001701,STU001701,SCH027,2025-04-01,18,17,Illness
ATT202504001702,STU001702,SCH046,2025-04-01,18,16,Illness
ATT202504001703,STU001703,SCH021,2025-04-01,16,16,
ATT202504001704,STU001704,SCH050,2025-04-01,18,15,Unauthorised
ATT202504001705,STU001705,SCH007,2025-04-01,15,15,
ATT202504001706,STU001706,SCH046,2025-04-01,15,12,Family
ATT202504001708,STU001708,SCH023,2025-04-01,15,14,Illness
ATT202504001709,STU001709,SCH001,2025-04-01,15,13,Other
ATT202504001710,STU001710,SCH045,2025-04-01,14,13,Unauthorised
ATT202504001711,STU001711,SCH006,2025-04-01,15,14,Other
ATT202504001713,STU001713,SCH041,2025-04-01,14,12,Illness
ATT202504001714,STU001714,SCH008,2025-04-01,17,16,Medical
ATT202504001715,STU001715,SCH022,2025-04-01,16,14,Unauthorised
ATT202504001716,STU001716,SCH019,2025-04-01,15,14,Unauthorised
ATT202504001717,STU001717,SCH012,2025-04-01,16,14,Family
ATT202504001718,STU001718,SCH027,2025-04-01,16,14,Unauthorised
ATT202504001719,STU001719,SCH029,2025-04-01,15,14,Medical
ATT202504001720,STU001720,SCH004,2025-04-01,15,14,Illness
ATT202504001721,STU001721,SCH013,2025-04-01,15,14,Illness
ATT202504001722,STU001722,SCH013,2025-04-01,14,12,Unauthorised
ATT202504001723,STU001723,SCH047,2025-04-01,14,13,Illness
ATT202504001724,STU001724,SCH042,2025-04-01,17,15,Family
ATT202504001725,STU001725,SCH027,2025-04-01,15,13,Medical
ATT202504001726,STU001726,SCH031,2025-04-01,18,16,Illness
ATT202504001727,STU001727,SCH007,2025-04-01,17,15,Medical
ATT202504001728,STU001728,SCH039,2025-04-01,14,13,Family
ATT202504001729,STU001729,SCH028,2025-04-01,16,16,
ATT202504001730,STU001730,SCH029,2025-04-01,16,13,Medical
ATT202504001731,STU001731,SCH024,2025-04-01,18,16,Family
ATT202504001732,STU001732,SCH010,2025-04-01,17,15,Family
ATT202504001733,STU001733,SCH018,2025-04-01,17,17,
ATT202504001734,STU001734,SCH034,2025-04-01,14,13,Other
ATT202504001735,STU001735,SCH046,2025-04-01,17,17,
ATT202504001736,STU001736,SCH029,2025-04-01,16,14,Medical
ATT202504001737,STU001737,SCH039,2025-04-01,17,15,Other
ATT202504001738,STU001738,SCH014,2025-04-01,14,13,Illness
ATT202504001739,STU001739,SCH004,2025-04-01,14,13,Unauthorised
ATT202504001740,STU001740,SCH019,2025-04-01,16,15,Family
ATT202504001741,STU001741,SCH009,2025-04-01,16,13,Unauthorised
ATT202504001742,STU001742,SCH037,2025-04-01,16,15,Family
ATT202504001743,STU001743,SCH014,2025-04-01,15,13,Unauthorised
ATT202504001744,STU001744,SCH041,2025-04-01,15,15,
ATT202504001745,STU001745,SCH028,2025-04-01,14,14,
ATT202504001746,STU001746,SCH038,2025-04-01,15,13,Unauthorised
ATT202504001748,STU001748,SCH020,2025-04-01,18,16,Unauthorised
ATT202504001749,STU001749,SCH034,2025-04-01,17,16,Illness
ATT202504001750,STU001750,SCH021,2025-04-01,15,13,Medical
ATT202504001751,STU001751,SCH009,2025-04-01,16,14,Medical
ATT202504001752,STU001752,SCH031,2025-04-01,17,17,
ATT202504001753,STU001753,SCH004,2025-04-01,18,15,Unauthorised
ATT202504001754,STU001754,SCH021,2025-04-01,15,14,Other
ATT202504001755,STU001755,SCH015,2025-04-01,17,14,Other
ATT202504001756,STU001756,SCH018,2025-04-01,14,14,
ATT202504001757,STU001757,SCH028,2025-04-01,16,16,
ATT202504001758,STU001758,SCH026,2025-04-01,18,17,Other
ATT202504001759,STU001759,SCH046,2025-04-01,17,16,Unauthorised
ATT202504001760,STU001760,SCH005,2025-04-01,16,14,Medical
ATT202504001761,STU001761,SCH028,2025-04-01,16,15,Illness
ATT202504001762,STU001762,SCH043,2025-04-01,16,15,Unauthorised
ATT202504001763,STU001763,SCH046,2025-04-01,16,14,Unauthorised
ATT202504001764,STU001764,SCH014,2025-04-01,18,16,Other
ATT202504001765,STU001765,SCH011,2025-04-01,16,14,Other
ATT202504001766,STU001766,SCH028,2025-04-01,15,13,Unauthorised
ATT202504001767,STU001767,SCH047,2025-04-01,18,17,Other
ATT202504001768,STU001768,SCH011,2025-04-01,18,17,Other
ATT202504001769,STU001769,SCH039,2025-04-01,18,17,Illness
ATT202504001770,STU001770,SCH004,2025-04-01,18,16,Other
ATT202504001771,STU001771,SCH027,2025-04-01,15,14,Other
ATT202504001772,STU001772,SCH024,2025-04-01,17,15,Illness
ATT202504001773,STU001773,SCH015,2025-04-01,17,15,Family
ATT202504001774,STU001774,SCH020,2025-04-01,14,13,Unauthorised
ATT202504001776,STU001776,SCH037,2025-04-01,17,15,Unauthorised
ATT202504001777,STU001777,SCH011,2025-04-01,15,14,Other
ATT202504001778,STU001778,SCH028,2025-04-01,14,14,
ATT202504001779,STU001779,SCH048,2025-04-01,15,14,Other
ATT202504001780,STU001780,SCH050,2025-04-01,14,12,Medical
ATT202504001781,STU001781,SCH049,2025-04-01,17,14,Unauthorised
ATT202504001783,STU001783,SCH047,2025-04-01,16,14,Illness
ATT202504001784,STU001784,SCH021,2025-04-01,15,14,Illness
ATT202504001785,STU001785,SCH010,2025-04-01,17,16,Family
ATT202504001786,STU001786,SCH011,2025-04-01,15,14,Medical
ATT202504001787,STU001787,SCH021,2025-04-01,14,12,Unauthorised
ATT202504001788,STU001788,SCH016,2025-04-01,16,15,Medical
ATT202504001791,STU001791,SCH042,2025-04-01,14,12,Family
ATT202504001792,STU001792,SCH044,2025-04-01,15,14,Family
ATT202504001793,STU001793,SCH014,2025-04-01,17,14,Unauthorised
ATT202504001794,STU001794,SCH029,2025-04-01,18,16,Medical
ATT202504001795,STU001795,SCH042,2025-04-01,16,14,Medical
ATT202504001796,STU001796,SCH001,2025-04-01,18,15,Unauthorised
ATT202504001798,STU001798,SCH011,2025-04-01,16,15,Family
ATT202504001799,STU001799,SCH035,2025-04-01,16,15,Unauthorised
ATT202504001800,STU001800,SCH025,2025-04-01,17,15,Illness
ATT202504001801,STU001801,SCH046,2025-04-01,15,13,Family
ATT202504001802,STU001802,SCH018,2025-04-01,16,15,Family
ATT202504001803,STU001803,SCH043,2025-04-01,18,16,Medical
ATT202504001804,STU001804,SCH045,2025-04-01,14,14,
ATT202504001805,STU001805,SCH048,2025-04-01,14,12,Unauthorised
ATT202504001806,STU001806,SCH043,2025-04-01,14,13,Medical
ATT202504001807,STU001807,SCH021,2025-04-01,17,14,Illness
ATT202504001808,STU001808,SCH009,2025-04-01,17,16,Other
ATT202504001809,STU001809,SCH037,2025-04-01,16,15,Medical
ATT202504001810,STU001810,SCH031,2025-04-01,18,17,Unauthorised
ATT202504001811,STU001811,SCH029,2025-04-01,16,15,Medical
ATT202504001812,STU001812,SCH001,2025-04-01,17,14,Illness
ATT202504001813,STU001813,SCH028,2025-04-01,18,16,Unauthorised
ATT202504001814,STU001814,SCH042,2025-04-01,18,14,Other
ATT202504001815,STU001815,SCH040,2025-04-01,15,15,
ATT202504001816,STU001816,SCH046,2025-04-01,17,14,Other
ATT202504001817,STU001817,SCH040,2025-04-01,14,13,Unauthorised
ATT202504001818,STU001818,SCH002,2025-04-01,17,16,Unauthorised
ATT202504001819,STU001819,SCH029,2025-04-01,16,14,Other
ATT202504001820,STU001820,SCH036,2025-04-01,15,14,Illness
ATT202504001821,STU001821,SCH022,2025-04-01,15,15,
ATT202504001822,STU001822,SCH019,2025-04-01,15,15,
ATT202504001823,STU001823,SCH032,2025-04-01,16,15,Other
ATT202504001824,STU001824,SCH020,2025-04-01,15,15,
ATT202504001825,STU001825,SCH033,2025-04-01,17,17,
ATT202504001826,STU001826,SCH006,2025-04-01,16,15,Medical
ATT202504001827,STU001827,SCH035,2025-04-01,15,14,Illness
ATT202504001828,STU001828,SCH047,2025-04-01,15,15,
ATT202504001829,STU001829,SCH009,2025-04-01,17,16,Illness
ATT202504001830,STU001830,SCH010,2025-04-01,16,14,Illness
ATT202504001831,STU001831,SCH014,2025-04-01,14,13,Medical
ATT202504001832,STU001832,SCH012,2025-04-01,16,14,Medical
ATT202504001834,STU001834,SCH018,2025-04-01,14,13,Unauthorised
ATT202504001835,STU001835,SCH003,2025-04-01,16,15,Illness
ATT202504001836,STU001836,SCH007,2025-04-01,15,14,Unauthorised
ATT202504001837,STU001837,SCH031,2025-04-01,16,15,Other
ATT202504001838,STU001838,SCH017,2025-04-01,16,14,Unauthorised
ATT202504001839,STU001839,SCH024,2025-04-01,18,15,Family
ATT202504001840,STU001840,SCH036,2025-04-01,16,15,Illness
ATT202504001841,STU001841,SCH038,2025-04-01,18,16,Medical
ATT202504001842,STU001842,SCH041,2025-04-01,18,17,Unauthorised
ATT202504001843,STU001843,SCH003,2025-04-01,16,15,Unauthorised
ATT202504001844,STU001844,SCH008,2025-04-01,14,13,Other
ATT202504001845,STU001845,SCH007,2025-04-01,18,18,
ATT202504001846,STU001846,SCH043,2025-04-01,18,17,Illness
ATT202504001847,STU001847,SCH005,2025-04-01,16,14,Other
ATT202504001848,STU001848,SCH036,2025-04-01,14,13,Illness
ATT202504001849,STU001849,SCH013,2025-04-01,16,14,Family
ATT202504001850,STU001850,SCH021,2025-04-01,16,16,
ATT202504001851,STU001851,SCH047,2025-04-01,17,17,
ATT202504001852,STU001852,SCH049,2025-04-01,15,13,Family
ATT202504001853,STU001853,SCH021,2025-04-01,14,12,Medical
ATT202504001854,STU001854,SCH044,2025-04-01,17,14,Medical
ATT202504001855,STU001855,SCH019,2025-04-01,18,17,Illness
ATT202504001856,STU001856,SCH025,2025-04-01,15,15,
ATT202504001857,STU001857,SCH040,2025-04-01,18,17,Illness
ATT202504001858,STU001858,SCH007,2025-04-01,15,13,Other
ATT202504001859,STU001859,SCH004,2025-04-01,18,17,Unauthorised
ATT202504001860,STU001860,SCH031,2025-04-01,17,15,Medical
ATT202504001861,STU001861,SCH016,2025-04-01,16,15,Unauthorised
ATT202504001862,STU001862,SCH022,2025-04-01,17,15,Illness
ATT202504001864,STU001864,SCH032,2025-04-01,16,15,Medical
ATT202504001865,STU001865,SCH009,2025-04-01,14,13,Other
ATT202504001866,STU001866,SCH029,2025-04-01,18,17,Illness
ATT202504001867,STU001867,SCH036,2025-04-01,16,16,
ATT202504001868,STU001868,SCH010,2025-04-01,17,15,Family
ATT202504001869,STU001869,SCH048,2025-04-01,16,15,Family
ATT202504001870,STU001870,SCH041,2025-04-01,16,15,Illness
ATT202504001872,STU001872,SCH042,2025-04-01,18,16,Other
ATT202504001873,STU001873,SCH032,2025-04-01,17,15,Other
ATT202504001874,STU001874,SCH010,2025-04-01,14,13,Family
ATT202504001875,STU001875,SCH038,2025-04-01,16,15,Family
ATT202504001876,STU001876,SCH049,2025-04-01,14,11,Illness
ATT202504001877,STU001877,SCH032,2025-04-01,14,13,Family
ATT202504001878,STU001878,SCH014,2025-04-01,17,16,Family
ATT202504001879,STU001879,SCH015,2025-04-01,17,17,
ATT202504001880,STU001880,SCH037,2025-04-01,18,17,Family
ATT202504001881,STU001881,SCH012,2025-04-01,15,13,Illness
ATT202504001882,STU001882,SCH007,2025-04-01,18,16,Other
ATT202504001883,STU001883,SCH009,2025-04-01,17,15,Other
ATT202504001884,STU001884,SCH028,2025-04-01,18,17,Family
ATT202504001885,STU001885,SCH032,2025-04-01,17,15,Illness
ATT202504001886,STU001886,SCH029,2025-04-01,15,13,Other
ATT202504001887,STU001887,SCH038,2025-04-01,16,14,Unauthorised
ATT202504001888,STU001888,SCH024,2025-04-01,17,15,Unauthorised
ATT202504001889,STU001889,SCH046,2025-04-01,18,16,Unauthorised
ATT202504001891,STU001891,SCH024,2025-04-01,17,15,Unauthorised
ATT202504001893,STU001893,SCH021,2025-04-01,18,18,
ATT202504001894,STU001894,SCH024,2025-04-01,15,13,Unauthorised
ATT202504001895,STU001895,SCH007,2025-04-01,17,16,Medical
ATT202504001896,STU001896,SCH001,2025-04-01,17,14,Other
ATT202504001897,STU001897,SCH020,2025-04-01,14,13,Family
ATT202504001898,STU001898,SCH024,2025-04-01,14,13,Illness
ATT202504001899,STU001899,SCH033,2025-04-01,15,14,Illness
ATT202504001900,STU001900,SCH044,2025-04-01,18,17,Illness
ATT202504001901,STU001901,SCH046,2025-04-01,16,15,Illness
ATT202504001902,STU001902,SCH003,2025-04-01,16,14,Illness
ATT202504001903,STU001903,SCH022,2025-04-01,17,14,Medical
ATT202504001904,STU001904,SCH024,2025-04-01,14,13,Medical
ATT202504001905,STU001905,SCH041,2025-04-01,14,13,Illness
ATT202504001906,STU001906,SCH028,2025-04-01,14,13,Illness
ATT202504001907,STU001907,SCH028,2025-04-01,16,15,Medical
ATT202504001908,STU001908,SCH029,2025-04-01,14,13,Family
ATT202504001910,STU001910,SCH025,2025-04-01,15,14,Unauthorised
ATT202504001911,STU001911,SCH029,2025-04-01,17,15,Medical
ATT202504001912,STU001912,SCH023,2025-04-01,18,15,Family
ATT202504001913,STU001913,SCH003,2025-04-01,16,15,Illness
ATT202504001914,STU001914,SCH020,2025-04-01,15,14,Illness
ATT202504001915,STU001915,SCH025,2025-04-01,15,15,
ATT202504001916,STU001916,SCH001,2025-04-01,15,11,Family
ATT202504001917,STU001917,SCH004,2025-04-01,18,16,Unauthorised
ATT202504001918,STU001918,SCH037,2025-04-01,18,17,Other
ATT202504001920,STU001920,SCH023,2025-04-01,16,14,Family
ATT202504001921,STU001921,SCH020,2025-04-01,18,17,Family
ATT202504001922,STU001922,SCH040,2025-04-01,16,15,Illness
ATT202504001923,STU001923,SCH020,2025-04-01,15,14,Family
ATT202504001924,STU001924,SCH003,2025-04-01,16,16,
ATT202504001925,STU001925,SCH029,2025-04-01,17,15,Unauthorised
ATT202504001926,STU001926,SCH012,2025-04-01,14,13,Family
ATT202504001927,STU001927,SCH015,2025-04-01,16,14,Unauthorised
ATT202504001928,STU001928,SCH008,2025-04-01,14,12,Unauthorised
ATT202504001929,STU001929,SCH046,2025-04-01,15,13,Family
ATT202504001930,STU001930,SCH018,2025-04-01,15,14,Medical
ATT202504001931,STU001931,SCH016,2025-04-01,14,14,
ATT202504001933,STU001933,SCH050,2025-04-01,16,13,Illness
ATT202504001934,STU001934,SCH027,2025-04-01,15,14,Medical
ATT202504001935,STU001935,SCH038,2025-04-01,16,15,Unauthorised
ATT202504001936,STU001936,SCH043,2025-04-01,16,15,Unauthorised
ATT202504001937,STU001937,SCH028,2025-04-01,14,13,Illness
ATT202504001938,STU001938,SCH023,2025-04-01,15,13,Other
ATT202504001939,STU001939,SCH011,2025-04-01,15,14,Medical
ATT202504001940,STU001940,SCH045,2025-04-01,16,14,Illness
ATT202504001941,STU001941,SCH009,2025-04-01,18,16,Family
ATT202504001942,STU001942,SCH043,2025-04-01,17,14,Unauthorised
ATT202504001944,STU001944,SCH041,2025-04-01,14,13,Family
ATT202504001945,STU001945,SCH002,2025-04-01,14,12,Other
ATT202504001946,STU001946,SCH044,2025-04-01,18,17,Family
ATT202504001947,STU001947,SCH005,2025-04-01,14,14,
ATT202504001948,STU001948,SCH024,2025-04-01,16,13,Illness
ATT202504001949,STU001949,SCH032,2025-04-01,14,13,Medical
ATT202504001950,STU001950,SCH012,2025-04-01,18,16,Illness
ATT202504001951,STU001951,SCH006,2025-04-01,18,16,Medical
ATT202504001952,STU001952,SCH017,2025-04-01,18,15,Other
ATT202504001953,STU001953,SCH013,2025-04-01,14,13,Other
ATT202504001954,STU001954,SCH019,2025-04-01,18,17,Illness
ATT202504001955,STU001955,SCH033,2025-04-01,18,16,Unauthorised
ATT202504001956,STU001956,SCH003,2025-04-01,16,15,Family
ATT202504001957,STU001957,SCH041,2025-04-01,14,13,Other
ATT202504001958,STU001958,SCH002,2025-04-01,15,14,Other
ATT202504001959,STU001959,SCH031,2025-04-01,18,17,Illness
ATT202504001960,STU001960,SCH030,2025-04-01,15,15,
ATT202504001961,STU001961,SCH039,2025-04-01,16,15,Other
ATT202504001962,STU001962,SCH021,2025-04-01,14,12,Unauthorised
ATT202504001963,STU001963,SCH038,2025-04-01,16,14,Family
ATT202504001964,STU001964,SCH044,2025-04-01,16,14,Unauthorised
ATT202504001965,STU001965,SCH020,2025-04-01,18,16,Medical
ATT202504001966,STU001966,SCH003,2025-04-01,15,14,Unauthorised
ATT202504001967,STU001967,SCH033,2025-04-01,14,13,Unauthorised
ATT202504001968,STU001968,SCH020,2025-04-01,17,16,Medical
ATT202504001969,STU001969,SCH018,2025-04-01,17,15,Family
ATT202504001970,STU001970,SCH031,2025-04-01,16,14,Other
ATT202504001971,STU001971,SCH009,2025-04-01,18,17,Unauthorised
ATT202504001972,STU001972,SCH020,2025-04-01,16,15,Illness
ATT202504001973,STU001973,SCH004,2025-04-01,17,16,Illness
ATT202504001974,STU001974,SCH022,2025-04-01,15,13,Medical
ATT202504001975,STU001975,SCH041,2025-04-01,18,18,
ATT202504001976,STU001976,SCH009,2025-04-01,18,16,Illness
ATT202504001977,STU001977,SCH044,2025-04-01,14,12,Other
ATT202504001978,STU001978,SCH007,2025-04-01,16,15,Illness
ATT202504001979,STU001979,SCH045,2025-04-01,16,15,Other
ATT202504001980,STU001980,SCH046,2025-04-01,18,15,Unauthorised
ATT202504001981,STU001981,SCH041,2025-04-01,18,17,Illness
ATT202504001982,STU001982,SCH032,2025-04-01,14,12,Unauthorised
ATT202504001983,STU001983,SCH002,2025-04-01,15,14,Other
ATT202504001984,STU001984,SCH004,2025-04-01,16,15,Family
ATT202504001985,STU001985,SCH037,2025-04-01,17,15,Medical
ATT202504001986,STU001986,SCH022,2025-04-01,16,16,
ATT202504001987,STU001987,SCH047,2025-04-01,14,13,Illness
ATT202504001988,STU001988,SCH005,2025-04-01,14,12,Illness
ATT202504001989,STU001989,SCH014,2025-04-01,15,14,Illness
ATT202504001990,STU001990,SCH015,2025-04-01,17,16,Unauthorised
ATT202504001991,STU001991,SCH010,2025-04-01,14,13,Unauthorised
ATT202504001992,STU001992,SCH041,2025-04-01,17,15,Family
ATT202504001993,STU001993,SCH045,2025-04-01,15,14,Unauthorised
ATT202504001994,STU001994,SCH004,2025-04-01,18,17,Other
ATT202504001995,STU001995,SCH028,2025-04-01,15,14,Unauthorised
ATT202504001996,STU001996,SCH040,2025-04-01,14,13,Unauthorised
ATT202504001997,STU001997,SCH045,2025-04-01,14,12,Unauthorised
ATT202504001998,STU001998,SCH041,2025-04-01,14,13,Illness
ATT202504001999,STU001999,SCH025,2025-04-01,16,15,Other
ATT202504002000,STU002000,SCH048,2025-04-01,17,16,Family
ATT202504002002,STU002002,SCH046,2025-04-01,16,14,Family
ATT202504002003,STU002003,SCH014,2025-04-01,14,13,Family
ATT202504002004,STU002004,SCH022,2025-04-01,16,12,Medical
ATT202504002005,STU002005,SCH028,2025-04-01,18,17,Other
ATT202504002006,STU002006,SCH004,2025-04-01,15,14,Illness
ATT202504002007,STU002007,SCH031,2025-04-01,16,14,Unauthorised
ATT202504002008,STU002008,SCH009,2025-04-01,17,16,Illness
ATT202504002009,STU002009,SCH028,2025-04-01,14,12,Other
ATT202504002010,STU002010,SCH002,2025-04-01,16,13,Other
ATT202504002011,STU002011,SCH011,2025-04-01,18,16,Illness
ATT202504002012,STU002012,SCH035,2025-04-01,15,13,Illness
ATT202504002013,STU002013,SCH050,2025-04-01,16,14,Other
ATT202504002014,STU002014,SCH050,2025-04-01,16,15,Medical
ATT202504002015,STU002015,SCH013,2025-04-01,17,15,Unauthorised
ATT202504002016,STU002016,SCH037,2025-04-01,15,14,Medical
ATT202504002017,STU002017,SCH023,2025-04-01,15,13,Family
ATT202504002018,STU002018,SCH034,2025-04-01,14,12,Family
ATT202504002019,STU002019,SCH042,2025-04-01,16,16,
ATT202504002022,STU002022,SCH006,2025-04-01,17,15,Other
ATT202504002023,STU002023,SCH043,2025-04-01,15,13,Family
ATT202504002024,STU002024,SCH021,2025-04-01,16,13,Medical
ATT202504002025,STU002025,SCH039,2025-04-01,18,16,Other
ATT202504002026,STU002026,SCH012,2025-04-01,14,13,Medical
ATT202504002027,STU002027,SCH035,2025-04-01,18,16,Illness
ATT202504002028,STU002028,SCH044,2025-04-01,14,13,Medical
ATT202504002029,STU002029,SCH005,2025-04-01,15,14,Family
ATT202504002030,STU002030,SCH031,2025-04-01,15,14,Medical
ATT202504002031,STU002031,SCH042,2025-04-01,16,14,Family
ATT202504002034,STU002034,SCH010,2025-04-01,17,16,Illness
ATT202504002035,STU002035,SCH026,2025-04-01,17,16,Medical
ATT202504002036,STU002036,SCH037,2025-04-01,15,13,Family
ATT202504002037,STU002037,SCH028,2025-04-01,17,16,Other
ATT202504002039,STU002039,SCH002,2025-04-01,17,15,Other
ATT202504002040,STU002040,SCH031,2025-04-01,17,16,Illness
ATT202504002043,STU002043,SCH011,2025-04-01,14,14,
ATT202504002044,STU002044,SCH046,2025-04-01,16,15,Unauthorised
ATT202504002045,STU002045,SCH047,2025-04-01,17,15,Unauthorised
ATT202504002046,STU002046,SCH016,2025-04-01,18,17,Medical
ATT202504002048,STU002048,SCH050,2025-04-01,16,15,Unauthorised
ATT202504002049,STU002049,SCH008,2025-04-01,18,16,Illness
ATT202504002050,STU002050,SCH033,2025-04-01,14,13,Medical
ATT202504002051,STU002051,SCH021,2025-04-01,15,14,Family
ATT202504002052,STU002052,SCH022,2025-04-01,14,12,Illness
ATT202504002053,STU002053,SCH002,2025-04-01,15,14,Family
ATT202504002054,STU002054,SCH007,2025-04-01,18,16,Family
ATT202504002055,STU002055,SCH042,2025-04-01,14,11,Other
ATT202504002056,STU002056,SCH047,2025-04-01,17,15,Family
ATT202504002057,STU002057,SCH033,2025-04-01,18,16,Illness
ATT202504002058,STU002058,SCH035,2025-04-01,16,14,Illness
ATT202504002059,STU002059,SCH005,2025-04-01,18,17,Other
ATT202504002060,STU002060,SCH003,2025-04-01,15,14,Unauthorised
ATT202504002061,STU002061,SCH030,2025-04-01,16,15,Illness
ATT202504002062,STU002062,SCH039,2025-04-01,16,15,Illness
ATT202504002063,STU002063,SCH022,2025-04-01,18,15,Unauthorised
ATT202504002064,STU002064,SCH014,2025-04-01,14,14,
ATT202504002065,STU002065,SCH007,2025-04-01,17,16,Unauthorised
ATT202504002066,STU002066,SCH016,2025-04-01,18,18,
ATT202504002067,STU002067,SCH002,2025-04-01,16,15,Other
ATT202504002068,STU002068,SCH046,2025-04-01,14,11,Other
ATT202504002069,STU002069,SCH023,2025-04-01,18,16,Medical
ATT202504002070,STU002070,SCH023,2025-04-01,16,16,
ATT202504002071,STU002071,SCH009,2025-04-01,14,13,Family
ATT202504002072,STU002072,SCH045,2025-04-01,16,14,Medical
ATT202504002073,STU002073,SCH015,2025-04-01,14,13,Family
ATT202504002074,STU002074,SCH021,2025-04-01,14,13,Unauthorised
ATT202504002076,STU002076,SCH021,2025-04-01,15,13,Medical
ATT202504002077,STU002077,SCH011,2025-04-01,16,15,Family
ATT202504002079,STU002079,SCH028,2025-04-01,15,13,Illness
ATT202504002080,STU002080,SCH049,2025-04-01,18,16,Medical
ATT202504002081,STU002081,SCH017,2025-04-01,18,15,Illness
ATT202504002082,STU002082,SCH009,2025-04-01,14,13,Family
ATT202504002083,STU002083,SCH004,2025-04-01,18,15,Other
ATT202504002084,STU002084,SCH011,2025-04-01,17,17,
ATT202504002085,STU002085,SCH005,2025-04-01,16,15,Unauthorised
ATT202504002086,STU002086,SCH016,2025-04-01,18,17,Unauthorised
ATT202504002087,STU002087,SCH045,2025-04-01,15,13,Family
ATT202504002088,STU002088,SCH047,2025-04-01,15,14,Medical
ATT202504002090,STU002090,SCH007,2025-04-01,17,16,Family
ATT202504002091,STU002091,SCH004,2025-04-01,14,13,Other
ATT202504002092,STU002092,SCH045,2025-04-01,15,14,Medical
ATT202504002093,STU002093,SCH011,2025-04-01,15,14,Family
ATT202504002094,STU002094,SCH049,2025-04-01,15,14,Unauthorised
ATT202504002095,STU002095,SCH006,2025-04-01,14,13,Unauthorised
ATT202504002096,STU002096,SCH048,2025-04-01,17,16,Illness
ATT202504002097,STU002097,SCH031,2025-04-01,18,15,Illness
ATT202504002098,STU002098,SCH035,2025-04-01,15,14,Illness
ATT202504002099,STU002099,SCH037,2025-04-01,16,15,Other
ATT202504002100,STU002100,SCH021,2025-04-01,14,12,Family
ATT202504002101,STU002101,SCH046,2025-04-01,14,13,Illness
ATT202504002102,STU002102,SCH020,2025-04-01,17,15,Illness
ATT202504002103,STU002103,SCH025,2025-04-01,16,15,Family
ATT202504002104,STU002104,SCH040,2025-04-01,15,14,Other
ATT202504002105,STU002105,SCH044,2025-04-01,18,16,Family
ATT202504002106,STU002106,SCH040,2025-04-01,16,14,Family
ATT202504002107,STU002107,SCH035,2025-04-01,18,16,Medical
ATT202504002108,STU002108,SCH038,2025-04-01,15,15,
ATT202504002109,STU002109,SCH009,2025-04-01,14,12,Unauthorised
ATT202504002110,STU002110,SCH033,2025-04-01,16,13,Family
ATT202504002111,STU002111,SCH026,2025-04-01,18,17,Unauthorised
ATT202504002112,STU002112,SCH037,2025-04-01,14,13,Illness
ATT202504002113,STU002113,SCH044,2025-04-01,18,16,Medical
ATT202504002114,STU002114,SCH009,2025-04-01,17,16,Unauthorised
ATT202504002115,STU002115,SCH007,2025-04-01,17,17,
ATT202504002116,STU002116,SCH046,2025-04-01,16,13,Family
ATT202504002117,STU002117,SCH006,2025-04-01,14,13,Family
ATT202504002118,STU002118,SCH029,2025-04-01,16,14,Medical
ATT202504002120,STU002120,SCH029,2025-04-01,15,13,Medical
ATT202504002121,STU002121,SCH033,2025-04-01,14,14,
ATT202504002122,STU002122,SCH009,2025-04-01,17,14,Other
ATT202504002123,STU002123,SCH029,2025-04-01,15,13,Illness
ATT202504002124,STU002124,SCH022,2025-04-01,16,15,Family
ATT202504002125,STU002125,SCH021,2025-04-01,16,14,Illness
ATT202504002126,STU002126,SCH046,2025-04-01,16,14,Other
ATT202504002127,STU002127,SCH026,2025-04-01,16,15,Illness
ATT202504002128,STU002128,SCH007,2025-04-01,18,18,
ATT202504002129,STU002129,SCH012,2025-04-01,16,14,Unauthorised
ATT202504002130,STU002130,SCH037,2025-04-01,15,14,Illness
ATT202504002131,STU002131,SCH050,2025-04-01,15,13,Medical
ATT202504002132,STU002132,SCH008,2025-04-01,18,17,Illness
ATT202504002133,STU002133,SCH021,2025-04-01,15,14,Family
ATT202504002134,STU002134,SCH040,2025-04-01,16,14,Unauthorised
ATT202504002136,STU002136,SCH011,2025-04-01,17,15,Family
ATT202504002137,STU002137,SCH002,2025-04-01,14,12,Medical
ATT202504002138,STU002138,SCH042,2025-04-01,15,13,Medical
ATT202504002139,STU002139,SCH047,2025-04-01,18,18,
ATT202504002140,STU002140,SCH014,2025-04-01,17,16,Unauthorised
ATT202504002141,STU002141,SCH004,2025-04-01,17,16,Medical
ATT202504002142,STU002142,SCH004,2025-04-01,14,13,Other
ATT202504002143,STU002143,SCH005,2025-04-01,18,17,Other
ATT202504002144,STU002144,SCH035,2025-04-01,18,16,Family
ATT202504002146,STU002146,SCH003,2025-04-01,16,14,Medical
ATT202504002147,STU002147,SCH022,2025-04-01,14,12,Other
ATT202504002148,STU002148,SCH039,2025-04-01,18,17,Illness
ATT202504002149,STU002149,SCH041,2025-04-01,16,15,Family
ATT202504002150,STU002150,SCH006,2025-04-01,14,13,Other
ATT202504002151,STU002151,SCH035,2025-04-01,17,15,Medical
ATT202504002152,STU002152,SCH046,2025-04-01,16,14,Medical
ATT202504002153,STU002153,SCH017,2025-04-01,15,15,
ATT202504002154,STU002154,SCH038,2025-04-01,15,15,
ATT202504002155,STU002155,SCH050,2025-04-01,17,16,Other
ATT202504002156,STU002156,SCH032,2025-04-01,16,15,Unauthorised
ATT202504002157,STU002157,SCH040,2025-04-01,14,13,Unauthorised
ATT202504002158,STU002158,SCH043,2025-04-01,14,12,Other
ATT202504002159,STU002159,SCH010,2025-04-01,14,13,Other
ATT202504002160,STU002160,SCH044,2025-04-01,16,14,Other
ATT202504002161,STU002161,SCH022,2025-04-01,17,15,Unauthorised
ATT202504002162,STU002162,SCH041,2025-04-01,18,17,Medical
ATT202504002163,STU002163,SCH009,2025-04-01,15,13,Illness
ATT202504002164,STU002164,SCH048,2025-04-01,14,12,Unauthorised
ATT202504002165,STU002165,SCH008,2025-04-01,17,15,Other
ATT202504002167,STU002167,SCH018,2025-04-01,18,18,
ATT202504002168,STU002168,SCH034,2025-04-01,14,12,Other
ATT202504002170,STU002170,SCH007,2025-04-01,16,15,Family
ATT202504002171,STU002171,SCH043,2025-04-01,16,15,Other
ATT202504002173,STU002173,SCH021,2025-04-01,16,14,Unauthorised
ATT202504002174,STU002174,SCH013,2025-04-01,14,13,Unauthorised
ATT202504002175,STU002175,SCH009,2025-04-01,14,13,Other
ATT202504002176,STU002176,SCH047,2025-04-01,14,13,Family
ATT202504002177,STU002177,SCH017,2025-04-01,17,14,Family
ATT202504002178,STU002178,SCH045,2025-04-01,14,13,Other
ATT202504002179,STU002179,SCH006,2025-04-01,14,13,Medical
ATT202504002180,STU002180,SCH030,2025-04-01,18,16,Family
ATT202504002181,STU002181,SCH046,2025-04-01,15,15,
ATT202504002182,STU002182,SCH010,2025-04-01,15,14,Medical
ATT202504002183,STU002183,SCH009,2025-04-01,18,16,Illness
ATT202504002184,STU002184,SCH050,2025-04-01,18,16,Unauthorised
ATT202504002185,STU002185,SCH047,2025-04-01,17,15,Illness
ATT202504002186,STU002186,SCH005,2025-04-01,16,15,Illness
ATT202504002187,STU002187,SCH033,2025-04-01,15,13,Other
ATT202504002188,STU002188,SCH006,2025-04-01,16,14,Family
ATT202504002190,STU002190,SCH047,2025-04-01,14,13,Unauthorised
ATT202504002191,STU002191,SCH034,2025-04-01,15,12,Unauthorised
ATT202504002192,STU002192,SCH046,2025-04-01,16,15,Illness
ATT202504002193,STU002193,SCH007,2025-04-01,15,15,
ATT202504002194,STU002194,SCH039,2025-04-01,15,14,Medical
ATT202504002195,STU002195,SCH024,2025-04-01,14,12,Other
ATT202504002196,STU002196,SCH043,2025-04-01,17,15,Illness
ATT202504002197,STU002197,SCH046,2025-04-01,17,15,Unauthorised
ATT202504002198,STU002198,SCH045,2025-04-01,14,13,Illness
ATT202504002199,STU002199,SCH037,2025-04-01,18,16,Other
ATT202504002200,STU002200,SCH015,2025-04-01,14,13,Illness
ATT202504002201,STU002201,SCH023,2025-04-01,18,16,Other
ATT202504002202,STU002202,SCH015,2025-04-01,14,13,Unauthorised
ATT202504002203,STU002203,SCH006,2025-04-01,16,15,Unauthorised
ATT202504002204,STU002204,SCH005,2025-04-01,18,16,Medical
ATT202504002205,STU002205,SCH022,2025-04-01,14,11,Unauthorised
ATT202504002206,STU002206,SCH036,2025-04-01,15,14,Medical
ATT202504002207,STU002207,SCH026,2025-04-01,17,16,Family
ATT202504002208,STU002208,SCH008,2025-04-01,18,16,Other
ATT202504002209,STU002209,SCH037,2025-04-01,17,17,
ATT202504002210,STU002210,SCH003,2025-04-01,18,17,Family
ATT202504002212,STU002212,SCH032,2025-04-01,15,13,Unauthorised
ATT202504002213,STU002213,SCH005,2025-04-01,15,14,Medical
ATT202504002214,STU002214,SCH044,2025-04-01,14,12,Unauthorised
ATT202504002215,STU002215,SCH043,2025-04-01,16,14,Illness
ATT202504002216,STU002216,SCH050,2025-04-01,16,15,Other
ATT202504002217,STU002217,SCH023,2025-04-01,14,13,Illness
ATT202504002218,STU002218,SCH010,2025-04-01,18,18,
ATT202504002219,STU002219,SCH011,2025-04-01,15,14,Other
ATT202504002221,STU002221,SCH005,2025-04-01,15,13,Family
ATT202504002222,STU002222,SCH037,2025-04-01,15,14,Illness
ATT202504002223,STU002223,SCH034,2025-04-01,14,10,Family
ATT202504002224,STU002224,SCH006,2025-04-01,17,15,Illness
ATT202504002225,STU002225,SCH017,2025-04-01,14,13,Other
ATT202504002226,STU002226,SCH046,2025-04-01,16,15,Unauthorised
ATT202504002227,STU002227,SCH008,2025-04-01,17,16,Medical
ATT202504002229,STU002229,SCH047,2025-04-01,14,13,Family
ATT202504002231,STU002231,SCH022,2025-04-01,14,11,Medical
ATT202504002232,STU002232,SCH042,2025-04-01,17,16,Family
ATT202504002233,STU002233,SCH023,2025-04-01,15,14,Family
ATT202504002234,STU002234,SCH023,2025-04-01,14,13,Other
ATT202504002235,STU002235,SCH037,2025-04-01,14,12,Unauthorised
ATT202504002237,STU002237,SCH012,2025-04-01,17,15,Other
ATT202504002238,STU002238,SCH034,2025-04-01,14,13,Illness
ATT202504002239,STU002239,SCH003,2025-04-01,16,15,Medical
ATT202504002240,STU002240,SCH035,2025-04-01,15,14,Unauthorised
ATT202504002241,STU002241,SCH045,2025-04-01,17,16,Illness
ATT202504002242,STU002242,SCH010,2025-04-01,16,14,Other
ATT202504002244,STU002244,SCH016,2025-04-01,15,14,Medical
ATT202504002245,STU002245,SCH047,2025-04-01,15,15,
ATT202504002246,STU002246,SCH002,2025-04-01,14,13,Other
ATT202504002247,STU002247,SCH031,2025-04-01,17,16,Medical
ATT202504002248,STU002248,SCH044,2025-04-01,14,13,Family
ATT202504002249,STU002249,SCH012,2025-04-01,14,12,Other
ATT202504002250,STU002250,SCH036,2025-04-01,16,15,Medical
ATT202504002251,STU002251,SCH038,2025-04-01,16,15,Illness
ATT202504002252,STU002252,SCH001,2025-04-01,14,13,Family
ATT202504002253,STU002253,SCH048,2025-04-01,17,16,Other
ATT202504002254,STU002254,SCH003,2025-04-01,18,17,Family
ATT202504002255,STU002255,SCH017,2025-04-01,15,13,Unauthorised
ATT202504002256,STU002256,SCH017,2025-04-01,17,15,Unauthorised
ATT202504002258,STU002258,SCH050,2025-04-01,15,14,Medical
ATT202504002260,STU002260,SCH017,2025-04-01,16,14,Medical
ATT202504002261,STU002261,SCH021,2025-04-01,14,13,Other
ATT202504002262,STU002262,SCH042,2025-04-01,16,14,Medical
ATT202504002263,STU002263,SCH005,2025-04-01,14,13,Medical
ATT202504002264,STU002264,SCH023,2025-04-01,18,16,Illness
ATT202504002265,STU002265,SCH026,2025-04-01,18,17,Family
ATT202504002267,STU002267,SCH034,2025-04-01,18,16,Family
ATT202504002268,STU002268,SCH032,2025-04-01,18,16,Illness
ATT202504002269,STU002269,SCH045,2025-04-01,16,15,Illness
ATT202504002270,STU002270,SCH011,2025-04-01,15,14,Family
ATT202504002271,STU002271,SCH018,2025-04-01,15,15,
ATT202504002272,STU002272,SCH028,2025-04-01,18,17,Family
ATT202504002273,STU002273,SCH024,2025-04-01,14,13,Illness
ATT202504002274,STU002274,SCH007,2025-04-01,17,16,Family
ATT202504002275,STU002275,SCH002,2025-04-01,15,13,Other
ATT202504002276,STU002276,SCH037,2025-04-01,17,16,Unauthorised
ATT202504002277,STU002277,SCH020,2025-04-01,18,16,Other
ATT202504002278,STU002278,SCH003,2025-04-01,17,16,Unauthorised
ATT202504002279,STU002279,SCH035,2025-04-01,18,17,Other
ATT202504002280,STU002280,SCH033,2025-04-01,17,16,Other
ATT202504002281,STU002281,SCH043,2025-04-01,17,15,Family
ATT202504002282,STU002282,SCH018,2025-04-01,14,14,
ATT202504002283,STU002283,SCH048,2025-04-01,14,14,
ATT202504002284,STU002284,SCH008,2025-04-01,14,13,Illness
ATT202504002285,STU002285,SCH013,2025-04-01,14,11,Medical
ATT202504002286,STU002286,SCH050,2025-04-01,14,12,Illness
ATT202504002287,STU002287,SCH018,2025-04-01,14,13,Illness
ATT202504002288,STU002288,SCH029,2025-04-01,18,16,Medical
ATT202504002289,STU002289,SCH012,2025-04-01,17,15,Illness
ATT202504002291,STU002291,SCH040,2025-04-01,18,17,Family
ATT202504002292,STU002292,SCH002,2025-04-01,18,16,Unauthorised
ATT202504002293,STU002293,SCH033,2025-04-01,17,16,Medical
ATT202504002294,STU002294,SCH009,2025-04-01,15,14,Other
ATT202504002296,STU002296,SCH007,2025-04-01,16,16,
ATT202504002297,STU002297,SCH013,2025-04-01,15,15,
ATT202504002298,STU002298,SCH009,2025-04-01,18,17,Family
ATT202504002299,STU002299,SCH007,2025-04-01,15,15,
ATT202504002301,STU002301,SCH034,2025-04-01,15,14,Unauthorised
ATT202504002302,STU002302,SCH025,2025-04-01,18,18,
ATT202504002303,STU002303,SCH043,2025-04-01,15,14,Medical
ATT202504002304,STU002304,SCH007,2025-04-01,16,14,Other
ATT202504002305,STU002305,SCH010,2025-04-01,18,17,Family
ATT202504002306,STU002306,SCH040,2025-04-01,15,15,
ATT202504002307,STU002307,SCH001,2025-04-01,14,12,Medical
ATT202504002308,STU002308,SCH050,2025-04-01,14,12,Unauthorised
ATT202504002309,STU002309,SCH009,2025-04-01,14,12,Family
ATT202504002310,STU002310,SCH002,2025-04-01,16,15,Medical
ATT202504002311,STU002311,SCH010,2025-04-01,17,16,Illness
ATT202504002312,STU002312,SCH032,2025-04-01,17,15,Unauthorised
ATT202504002313,STU002313,SCH044,2025-04-01,14,13,Medical
ATT202504002314,STU002314,SCH014,2025-04-01,18,16,Illness
ATT202504002315,STU002315,SCH026,2025-04-01,18,16,Unauthorised
ATT202504002316,STU002316,SCH048,2025-04-01,18,16,Medical
ATT202504002317,STU002317,SCH016,2025-04-01,15,14,Illness
ATT202504002318,STU002318,SCH016,2025-04-01,18,16,Medical
ATT202504002319,STU002319,SCH043,2025-04-01,18,16,Illness
ATT202504002320,STU002320,SCH045,2025-04-01,16,14,Illness
ATT202504002321,STU002321,SCH030,2025-04-01,17,15,Other
ATT202504002322,STU002322,SCH040,2025-04-01,16,15,Family
ATT202504002323,STU002323,SCH040,2025-04-01,14,13,Illness
ATT202504002324,STU002324,SCH001,2025-04-01,18,15,Illness
ATT202504002325,STU002325,SCH002,2025-04-01,14,12,Unauthorised
ATT202504002326,STU002326,SCH021,2025-04-01,16,14,Medical
ATT202504002327,STU002327,SCH008,2025-04-01,14,13,Family
ATT202504002328,STU002328,SCH017,2025-04-01,14,12,Medical
ATT202504002329,STU002329,SCH031,2025-04-01,16,15,Unauthorised
ATT202504002330,STU002330,SCH022,2025-04-01,17,16,Family
ATT202504002331,STU002331,SCH006,2025-04-01,16,14,Medical
ATT202504002332,STU002332,SCH014,2025-04-01,16,16,
ATT202504002333,STU002333,SCH047,2025-04-01,15,13,Other
ATT202504002334,STU002334,SCH017,2025-04-01,17,16,Unauthorised
ATT202504002335,STU002335,SCH049,2025-04-01,18,16,Illness
ATT202504002336,STU002336,SCH034,2025-04-01,15,13,Medical
ATT202504002337,STU002337,SCH044,2025-04-01,16,14,Unauthorised
ATT202504002338,STU002338,SCH034,2025-04-01,17,15,Unauthorised
ATT202504002339,STU002339,SCH031,2025-04-01,18,17,Illness
ATT202504002340,STU002340,SCH050,2025-04-01,18,15,Other
ATT202504002341,STU002341,SCH030,2025-04-01,17,15,Family
ATT202504002342,STU002342,SCH015,2025-04-01,18,17,Medical
ATT202504002343,STU002343,SCH032,2025-04-01,15,13,Medical
ATT202504002344,STU002344,SCH034,2025-04-01,14,12,Illness
ATT202504002345,STU002345,SCH004,2025-04-01,14,14,
ATT202504002346,STU002346,SCH020,2025-04-01,17,15,Illness
ATT202504002347,STU002347,SCH010,2025-04-01,18,14,Other
ATT202504002348,STU002348,SCH010,2025-04-01,14,13,Medical
ATT202504002349,STU002349,SCH047,2025-04-01,14,13,Medical
ATT202504002350,STU002350,SCH008,2025-04-01,18,16,Medical
ATT202504002351,STU002351,SCH042,2025-04-01,14,12,Other
ATT202504002352,STU002352,SCH030,2025-04-01,17,15,Medical
ATT202504002353,STU002353,SCH025,2025-04-01,15,14,Family
ATT202504002354,STU002354,SCH015,2025-04-01,17,17,
ATT202504002355,STU002355,SCH019,2025-04-01,15,14,Illness
ATT202504002356,STU002356,SCH030,2025-04-01,16,15,Medical
ATT202504002357,STU002357,SCH021,2025-04-01,16,15,Unauthorised
ATT202504002358,STU002358,SCH025,2025-04-01,14,14,
ATT202504002359,STU002359,SCH009,2025-04-01,15,14,Medical
ATT202504002361,STU002361,SCH011,2025-04-01,16,14,Family
ATT202504002362,STU002362,SCH032,2025-04-01,17,15,Illness
ATT202504002363,STU002363,SCH041,2025-04-01,17,16,Unauthorised
ATT202504002364,STU002364,SCH048,2025-04-01,14,12,Medical
ATT202504002366,STU002366,SCH025,2025-04-01,15,14,Unauthorised
ATT202504002367,STU002367,SCH023,2025-04-01,16,14,Illness
ATT202504002368,STU002368,SCH005,2025-04-01,15,13,Medical
ATT202504002369,STU002369,SCH014,2025-04-01,14,12,Illness
ATT202504002370,STU002370,SCH027,2025-04-01,18,16,Medical
ATT202504002371,STU002371,SCH007,2025-04-01,16,15,Medical
ATT202504002372,STU002372,SCH046,2025-04-01,14,13,Medical
ATT202504002373,STU002373,SCH028,2025-04-01,14,14,
ATT202504002374,STU002374,SCH031,2025-04-01,17,15,Family
ATT202504002375,STU002375,SCH041,2025-04-01,16,13,Other
ATT202504002376,STU002376,SCH038,2025-04-01,16,15,Illness
ATT202504002377,STU002377,SCH031,2025-04-01,17,15,Other
ATT202504002378,STU002378,SCH020,2025-04-01,17,15,Medical
ATT202504002379,STU002379,SCH031,2025-04-01,15,15,
ATT202504002382,STU002382,SCH025,2025-04-01,17,16,Family
ATT202504002384,STU002384,SCH020,2025-04-01,17,15,Medical
ATT202504002385,STU002385,SCH020,2025-04-01,17,14,Unauthorised
ATT202504002387,STU002387,SCH013,2025-04-01,15,13,Other
ATT202504002389,STU002389,SCH023,2025-04-01,17,16,Family
ATT202504002390,STU002390,SCH025,2025-04-01,14,13,Illness
ATT202504002391,STU002391,SCH042,2025-04-01,15,14,Family
ATT202504002393,STU002393,SCH033,2025-04-01,14,12,Illness
ATT202504002394,STU002394,SCH021,2025-04-01,14,13,Medical
ATT202504002397,STU002397,SCH008,2025-04-01,17,14,Medical
ATT202504002398,STU002398,SCH026,2025-04-01,16,15,Illness
ATT202504002399,STU002399,SCH022,2025-04-01,14,12,Medical
ATT202504002401,STU002401,SCH031,2025-04-01,14,13,Unauthorised
ATT202504002402,STU002402,SCH030,2025-04-01,18,15,Family
ATT202504002403,STU002403,SCH029,2025-04-01,14,13,Illness
ATT202504002404,STU002404,SCH031,2025-04-01,15,13,Unauthorised
ATT202504002405,STU002405,SCH049,2025-04-01,14,12,Other
ATT202504002406,STU002406,SCH004,2025-04-01,14,13,Unauthorised
ATT202504002407,STU002407,SCH011,2025-04-01,14,13,Illness
ATT202504002409,STU002409,SCH004,2025-04-01,17,16,Family
ATT202504002410,STU002410,SCH046,2025-04-01,18,15,Illness
ATT202504002411,STU002411,SCH016,2025-04-01,16,16,
ATT202504002412,STU002412,SCH025,2025-04-01,15,15,
ATT202504002413,STU002413,SCH027,2025-04-01,17,16,Other
ATT202504002414,STU002414,SCH022,2025-04-01,16,15,Unauthorised
ATT202504002415,STU002415,SCH005,2025-04-01,15,15,
ATT202504002416,STU002416,SCH003,2025-04-01,18,16,Other
ATT202504002417,STU002417,SCH024,2025-04-01,18,16,Illness
ATT202504002418,STU002418,SCH013,2025-04-01,17,17,
ATT202504002419,STU002419,SCH032,2025-04-01,14,12,Family
ATT202504002420,STU002420,SCH021,2025-04-01,16,14,Medical
ATT202504002421,STU002421,SCH031,2025-04-01,14,14,
ATT202504002422,STU002422,SCH038,2025-04-01,16,14,Family
ATT202504002423,STU002423,SCH027,2025-04-01,14,12,Medical
ATT202504002424,STU002424,SCH030,2025-04-01,14,13,Family
ATT202504002425,STU002425,SCH020,2025-04-01,16,15,Medical
ATT202504002426,STU002426,SCH036,2025-04-01,14,13,Illness
ATT202504002427,STU002427,SCH031,2025-04-01,17,16,Family
ATT202504002429,STU002429,SCH028,2025-04-01,16,14,Family
ATT202504002430,STU002430,SCH005,2025-04-01,15,13,Family
ATT202504002431,STU002431,SCH019,2025-04-01,14,13,Other
ATT202504002432,STU002432,SCH047,2025-04-01,14,13,Family
ATT202504002433,STU002433,SCH026,2025-04-01,15,14,Family
ATT202504002434,STU002434,SCH009,2025-04-01,14,13,Unauthorised
ATT202504002435,STU002435,SCH016,2025-04-01,15,14,Illness
ATT202504002436,STU002436,SCH029,2025-04-01,14,13,Other
ATT202504002437,STU002437,SCH030,2025-04-01,17,15,Illness
ATT202504002438,STU002438,SCH009,2025-04-01,15,13,Illness
ATT202504002439,STU002439,SCH017,2025-04-01,15,14,Other
ATT202504002440,STU002440,SCH029,2025-04-01,17,15,Medical
ATT202504002441,STU002441,SCH043,2025-04-01,18,17,Illness
ATT202504002442,STU002442,SCH035,2025-04-01,17,15,Family
ATT202504002443,STU002443,SCH023,2025-04-01,17,15,Medical
ATT202504002444,STU002444,SCH010,2025-04-01,17,14,Illness
ATT202504002445,STU002445,SCH044,2025-04-01,14,13,Unauthorised
ATT202504002446,STU002446,SCH040,2025-04-01,16,14,Medical
ATT202504002447,STU002447,SCH024,2025-04-01,18,15,Family
ATT202504002448,STU002448,SCH018,2025-04-01,18,15,Illness
ATT202504002449,STU002449,SCH010,2025-04-01,18,17,Other
ATT202504002450,STU002450,SCH002,2025-04-01,18,16,Medical
ATT202504002451,STU002451,SCH014,2025-04-01,14,13,Family
ATT202504002452,STU002452,SCH035,2025-04-01,18,17,Medical
ATT202504002453,STU002453,SCH029,2025-04-01,17,16,Family
ATT202504002454,STU002454,SCH021,2025-04-01,14,13,Medical
ATT202504002455,STU002455,SCH032,2025-04-01,15,13,Other
ATT202504002456,STU002456,SCH025,2025-04-01,15,14,Other
ATT202504002457,STU002457,SCH029,2025-04-01,14,13,Other
ATT202504002458,STU002458,SCH044,2025-04-01,15,13,Illness
ATT202504002459,STU002459,SCH042,2025-04-01,17,14,Unauthorised
ATT202504002460,STU002460,SCH041,2025-04-01,16,15,Family
ATT202504002461,STU002461,SCH008,2025-04-01,15,14,Medical
ATT202504002462,STU002462,SCH046,2025-04-01,14,12,Family
ATT202504002463,STU002463,SCH001,2025-04-01,18,16,Other
ATT202504002465,STU002465,SCH035,2025-04-01,17,15,Medical
ATT202504002466,STU002466,SCH047,2025-04-01,15,15,
ATT202504002467,STU002467,SCH040,2025-04-01,15,13,Other
ATT202504002468,STU002468,SCH029,2025-04-01,18,16,Medical
ATT202504002469,STU002469,SCH049,2025-04-01,16,15,Family
ATT202504002470,STU002470,SCH037,2025-04-01,17,16,Medical
ATT202504002471,STU002471,SCH024,2025-04-01,17,16,Other
ATT202504002472,STU002472,SCH031,2025-04-01,15,13,Unauthorised
ATT202504002473,STU002473,SCH030,2025-04-01,17,17,
ATT202504002474,STU002474,SCH047,2025-04-01,14,13,Other
ATT202504002475,STU002475,SCH012,2025-04-01,14,12,Other
ATT202504002476,STU002476,SCH038,2025-04-01,18,17,Other
ATT202504002478,STU002478,SCH025,2025-04-01,17,16,Illness
ATT202504002479,STU002479,SCH032,2025-04-01,18,16,Other
ATT202504002480,STU002480,SCH010,2025-04-01,16,14,Family
ATT202504002481,STU002481,SCH049,2025-04-01,14,13,Family
ATT202504002482,STU002482,SCH042,2025-04-01,14,13,Illness
ATT202504002483,STU002483,SCH002,2025-04-01,16,13,Medical
ATT202504002484,STU002484,SCH033,2025-04-01,14,13,Unauthorised
ATT202504002485,STU002485,SCH037,2025-04-01,17,15,Other
ATT202504002486,STU002486,SCH034,2025-04-01,16,14,Other
ATT202504002487,STU002487,SCH012,2025-04-01,16,14,Other
ATT202504002488,STU002488,SCH015,2025-04-01,17,16,Other
ATT202504002490,STU002490,SCH026,2025-04-01,15,13,Illness
ATT202504002491,STU002491,SCH038,2025-04-01,17,17,
ATT202504002492,STU002492,SCH045,2025-04-01,14,12,Other
ATT202504002493,STU002493,SCH018,2025-04-01,17,16,Unauthorised
ATT202504002494,STU002494,SCH009,2025-04-01,15,14,Other
ATT202504002495,STU002495,SCH014,2025-04-01,18,17,Medical
ATT202504002496,STU002496,SCH033,2025-04-01,14,13,Family
ATT202504002497,STU002497,SCH018,2025-04-01,18,17,Other
ATT202504002500,STU002500,SCH014,2025-04-01,15,14,Medical
ATT202504002501,STU002501,SCH012,2025-04-01,16,15,Illness
ATT202504002502,STU002502,SCH011,2025-04-01,16,15,Other
ATT202504002503,STU002503,SCH021,2025-04-01,16,14,Unauthorised
ATT202504002504,STU002504,SCH004,2025-04-01,15,14,Family
ATT202504002505,STU002505,SCH027,2025-04-01,14,12,Illness
ATT202504002506,STU002506,SCH007,2025-04-01,18,17,Medical
ATT202504002507,STU002507,SCH039,2025-04-01,16,15,Illness
ATT202504002508,STU002508,SCH046,2025-04-01,16,14,Unauthorised
ATT202504002509,STU002509,SCH031,2025-04-01,18,18,
ATT202504002510,STU002510,SCH013,2025-04-01,14,13,Unauthorised
ATT202504002511,STU002511,SCH043,2025-04-01,14,12,Illness
ATT202504002512,STU002512,SCH024,2025-04-01,17,14,Unauthorised
ATT202504002513,STU002513,SCH016,2025-04-01,18,17,Unauthorised
ATT202504002514,STU002514,SCH020,2025-04-01,17,15,Other
ATT202504002515,STU002515,SCH010,2025-04-01,17,15,Unauthorised
ATT202504002516,STU002516,SCH036,2025-04-01,14,13,Other
ATT202504002517,STU002517,SCH013,2025-04-01,17,15,Illness
ATT202504002518,STU002518,SCH050,2025-04-01,17,16,Illness
ATT202504002519,STU002519,SCH014,2025-04-01,15,13,Other
ATT202504002521,STU002521,SCH020,2025-04-01,17,16,Illness
ATT202504002522,STU002522,SCH028,2025-04-01,17,16,Unauthorised
ATT202504002523,STU002523,SCH021,2025-04-01,15,13,Unauthorised
ATT202504002524,STU002524,SCH013,2025-04-01,14,12,Family
ATT202504002525,STU002525,SCH047,2025-04-01,18,17,Illness
ATT202504002526,STU002526,SCH043,2025-04-01,14,12,Illness
ATT202504002527,STU002527,SCH037,2025-04-01,14,13,Unauthorised
ATT202504002528,STU002528,SCH038,2025-04-01,15,14,Family
ATT202504002529,STU002529,SCH023,2025-04-01,15,14,Medical
ATT202504002530,STU002530,SCH026,2025-04-01,14,14,
ATT202504002531,STU002531,SCH044,2025-04-01,14,13,Medical
ATT202504002532,STU002532,SCH018,2025-04-01,15,13,Family
ATT202504002533,STU002533,SCH021,2025-04-01,15,13,Other
ATT202504002535,STU002535,SCH030,2025-04-01,14,12,Medical
ATT202504002536,STU002536,SCH006,2025-04-01,17,15,Family
ATT202504002537,STU002537,SCH015,2025-04-01,14,13,Medical
ATT202504002538,STU002538,SCH021,2025-04-01,15,13,Medical
ATT202504002539,STU002539,SCH048,2025-04-01,15,14,Illness
ATT202504002540,STU002540,SCH025,2025-04-01,16,15,Illness
ATT202504002541,STU002541,SCH010,2025-04-01,17,16,Unauthorised
ATT202504002542,STU002542,SCH029,2025-04-01,18,15,Unauthorised
ATT202504002543,STU002543,SCH027,2025-04-01,14,12,Medical
ATT202504002544,STU002544,SCH024,2025-04-01,15,13,Medical
ATT202504002545,STU002545,SCH040,2025-04-01,16,15,Illness
ATT202504002546,STU002546,SCH039,2025-04-01,14,14,
ATT202504002547,STU002547,SCH006,2025-04-01,14,13,Family
ATT202504002548,STU002548,SCH003,2025-04-01,16,14,Medical
ATT202504002549,STU002549,SCH031,2025-04-01,15,14,Family
ATT202504002551,STU002551,SCH010,2025-04-01,16,15,Family
ATT202504002552,STU002552,SCH007,2025-04-01,14,13,Medical
ATT202504002553,STU002553,SCH010,2025-04-01,15,13,Illness
ATT202504002554,STU002554,SCH017,2025-04-01,14,12,Illness
ATT202504002555,STU002555,SCH047,2025-04-01,14,14,
ATT202504002556,STU002556,SCH012,2025-04-01,17,15,Illness
ATT202504002557,STU002557,SCH036,2025-04-01,16,15,Family
ATT202504002558,STU002558,SCH050,2025-04-01,18,16,Unauthorised
ATT202504002559,STU002559,SCH046,2025-04-01,14,12,Illness
ATT202504002560,STU002560,SCH050,2025-04-01,15,13,Unauthorised
ATT202504002561,STU002561,SCH014,2025-04-01,14,13,Family
ATT202504002562,STU002562,SCH031,2025-04-01,14,12,Illness
ATT202504002563,STU002563,SCH046,2025-04-01,16,15,Other
ATT202504002564,STU002564,SCH021,2025-04-01,15,14,Illness
ATT202504002565,STU002565,SCH029,2025-04-01,17,15,Unauthorised
ATT202504002566,STU002566,SCH044,2025-04-01,14,13,Unauthorised
ATT202504002567,STU002567,SCH032,2025-04-01,15,13,Illness
ATT202504002568,STU002568,SCH020,2025-04-01,17,16,Unauthorised
ATT202504002569,STU002569,SCH037,2025-04-01,14,13,Family
ATT202504002571,STU002571,SCH031,2025-04-01,17,15,Unauthorised
ATT202504002572,STU002572,SCH010,2025-04-01,14,12,Family
ATT202504002574,STU002574,SCH037,2025-04-01,14,13,Unauthorised
ATT202504002575,STU002575,SCH014,2025-04-01,15,13,Illness
ATT202504002576,STU002576,SCH003,2025-04-01,17,16,Medical
ATT202504002577,STU002577,SCH047,2025-04-01,16,14,Medical
ATT202504002578,STU002578,SCH018,2025-04-01,17,17,
ATT202504002579,STU002579,SCH014,2025-04-01,15,14,Illness
ATT202504002580,STU002580,SCH003,2025-04-01,14,13,Other
ATT202504002581,STU002581,SCH026,2025-04-01,15,14,Unauthorised
ATT202504002582,STU002582,SCH019,2025-04-01,17,16,Family
ATT202504002583,STU002583,SCH020,2025-04-01,14,13,Medical
ATT202504002585,STU002585,SCH021,2025-04-01,15,12,Family
ATT202504002586,STU002586,SCH048,2025-04-01,18,16,Illness
ATT202504002587,STU002587,SCH017,2025-04-01,15,12,Other
ATT202504002588,STU002588,SCH029,2025-04-01,17,15,Family
ATT202504002589,STU002589,SCH027,2025-04-01,15,13,Family
ATT202504002590,STU002590,SCH007,2025-04-01,18,17,Family
ATT202504002592,STU002592,SCH008,2025-04-01,17,16,Other
ATT202504002593,STU002593,SCH046,2025-04-01,17,16,Other
ATT202504002594,STU002594,SCH038,2025-04-01,17,15,Medical
ATT202504002595,STU002595,SCH041,2025-04-01,16,15,Illness
ATT202504002597,STU002597,SCH016,2025-04-01,15,14,Medical
ATT202504002598,STU002598,SCH040,2025-04-01,18,16,Medical
ATT202504002599,STU002599,SCH013,2025-04-01,14,12,Unauthorised
ATT202504002600,STU002600,SCH030,2025-04-01,14,14,
ATT202504002602,STU002602,SCH009,2025-04-01,18,17,Family
ATT202504002604,STU002604,SCH010,2025-04-01,16,14,Family
ATT202504002605,STU002605,SCH006,2025-04-01,14,14,
ATT202504002606,STU002606,SCH006,2025-04-01,15,13,Other
ATT202504002607,STU002607,SCH003,2025-04-01,14,13,Other
ATT202504002609,STU002609,SCH022,2025-04-01,16,12,Other
ATT202504002610,STU002610,SCH016,2025-04-01,18,16,Other
ATT202504002611,STU002611,SCH006,2025-04-01,15,13,Medical
ATT202504002612,STU002612,SCH016,2025-04-01,15,14,Unauthorised
ATT202504002613,STU002613,SCH037,2025-04-01,18,15,Other
ATT202504002614,STU002614,SCH035,2025-04-01,14,13,Other
ATT202504002615,STU002615,SCH027,2025-04-01,17,15,Other
ATT202504002616,STU002616,SCH005,2025-04-01,14,13,Other
ATT202504002617,STU002617,SCH017,2025-04-01,18,15,Medical
ATT202504002618,STU002618,SCH013,2025-04-01,17,14,Unauthorised
ATT202504002619,STU002619,SCH030,2025-04-01,14,14,
ATT202504002620,STU002620,SCH006,2025-04-01,18,16,Unauthorised
ATT202504002621,STU002621,SCH034,2025-04-01,14,14,
ATT202504002622,STU002622,SCH048,2025-04-01,16,15,Family
ATT202504002623,STU002623,SCH033,2025-04-01,16,15,Family
ATT202504002624,STU002624,SCH001,2025-04-01,16,14,Other
ATT202504002625,STU002625,SCH047,2025-04-01,17,17,
ATT202504002626,STU002626,SCH018,2025-04-01,16,15,Unauthorised
ATT202504002627,STU002627,SCH011,2025-04-01,17,17,
ATT202504002628,STU002628,SCH046,2025-04-01,16,14,Medical
ATT202504002629,STU002629,SCH029,2025-04-01,18,16,Family
ATT202504002630,STU002630,SCH017,2025-04-01,14,12,Other
ATT202504002631,STU002631,SCH026,2025-04-01,18,17,Family
ATT202504002632,STU002632,SCH011,2025-04-01,15,14,Unauthorised
ATT202504002633,STU002633,SCH023,2025-04-01,17,16,Family
ATT202504002634,STU002634,SCH036,2025-04-01,14,13,Family
ATT202504002635,STU002635,SCH026,2025-04-01,15,14,Other
ATT202504002637,STU002637,SCH029,2025-04-01,14,12,Family
ATT202504002638,STU002638,SCH011,2025-04-01,18,16,Other
ATT202504002639,STU002639,SCH029,2025-04-01,16,15,Other
ATT202504002640,STU002640,SCH005,2025-04-01,14,13,Illness
ATT202504002641,STU002641,SCH026,2025-04-01,17,16,Family
ATT202504002642,STU002642,SCH001,2025-04-01,14,13,Illness
ATT202504002643,STU002643,SCH014,2025-04-01,15,13,Illness
ATT202504002644,STU002644,SCH046,2025-04-01,18,17,Unauthorised
ATT202504002645,STU002645,SCH032,2025-04-01,16,14,Medical
ATT202504002646,STU002646,SCH019,2025-04-01,18,16,Family
ATT202504002647,STU002647,SCH049,2025-04-01,14,13,Family
ATT202504002648,STU002648,SCH005,2025-04-01,18,17,Family
ATT202504002650,STU002650,SCH046,2025-04-01,16,14,Family
ATT202504002651,STU002651,SCH018,2025-04-01,18,17,Other
ATT202504002653,STU002653,SCH015,2025-04-01,15,14,Medical
ATT202504002654,STU002654,SCH027,2025-04-01,17,17,
ATT202504002655,STU002655,SCH036,2025-04-01,14,13,Medical
ATT202504002656,STU002656,SCH029,2025-04-01,17,16,Illness
ATT202504002657,STU002657,SCH023,2025-04-01,17,15,Medical
ATT202504002658,STU002658,SCH039,2025-04-01,14,12,Illness
ATT202504002659,STU002659,SCH006,2025-04-01,15,14,Illness
ATT202504002660,STU002660,SCH037,2025-04-01,18,17,Other
ATT202504002661,STU002661,SCH043,2025-04-01,15,13,Unauthorised
ATT202504002662,STU002662,SCH010,2025-04-01,18,17,Illness
ATT202504002663,STU002663,SCH021,2025-04-01,18,17,Medical
ATT202504002664,STU002664,SCH041,2025-04-01,14,14,
ATT202504002665,STU002665,SCH012,2025-04-01,14,13,Unauthorised
ATT202504002666,STU002666,SCH024,2025-04-01,18,15,Illness
ATT202504002667,STU002667,SCH031,2025-04-01,16,16,
ATT202504002668,STU002668,SCH027,2025-04-01,14,13,Other
ATT202504002669,STU002669,SCH033,2025-04-01,15,14,Other
ATT202504002670,STU002670,SCH043,2025-04-01,15,13,Family
ATT202504002671,STU002671,SCH047,2025-04-01,15,15,
ATT202504002672,STU002672,SCH043,2025-04-01,16,14,Unauthorised
ATT202504002673,STU002673,SCH021,2025-04-01,18,17,Medical
ATT202504002674,STU002674,SCH012,2025-04-01,17,14,Medical
ATT202504002675,STU002675,SCH022,2025-04-01,17,14,Medical
ATT202504002676,STU002676,SCH043,2025-04-01,18,17,Illness
ATT202504002677,STU002677,SCH042,2025-04-01,16,14,Medical
ATT202504002678,STU002678,SCH037,2025-04-01,18,16,Illness
ATT202504002679,STU002679,SCH011,2025-04-01,15,14,Unauthorised
ATT202504002680,STU002680,SCH050,2025-04-01,15,14,Illness
ATT202504002681,STU002681,SCH017,2025-04-01,14,12,Other
ATT202504002682,STU002682,SCH040,2025-04-01,18,15,Family
ATT202504002683,STU002683,SCH012,2025-04-01,15,13,Family
ATT202504002685,STU002685,SCH043,2025-04-01,15,14,Other
ATT202504002686,STU002686,SCH031,2025-04-01,15,13,Medical
ATT202504002687,STU002687,SCH014,2025-04-01,16,14,Family
ATT202504002689,STU002689,SCH010,2025-04-01,17,15,Medical
ATT202504002690,STU002690,SCH009,2025-04-01,14,13,Other
ATT202504002691,STU002691,SCH027,2025-04-01,14,12,Other
ATT202504002692,STU002692,SCH047,2025-04-01,18,17,Family
ATT202504002694,STU002694,SCH012,2025-04-01,16,13,Medical
ATT202504002695,STU002695,SCH037,2025-04-01,15,13,Unauthorised
ATT202504002696,STU002696,SCH010,2025-04-01,15,14,Other
ATT202504002697,STU002697,SCH049,2025-04-01,16,14,Illness
ATT202504002698,STU002698,SCH008,2025-04-01,16,16,
ATT202504002699,STU002699,SCH025,2025-04-01,18,16,Family
ATT202504002700,STU002700,SCH001,2025-04-01,16,14,Unauthorised
ATT202504002702,STU002702,SCH045,2025-04-01,17,16,Family
ATT202504002703,STU002703,SCH026,2025-04-01,15,14,Illness
ATT202504002704,STU002704,SCH006,2025-04-01,14,14,
ATT202504002705,STU002705,SCH028,2025-04-01,17,16,Medical
ATT202504002706,STU002706,SCH043,2025-04-01,17,16,Medical
ATT202504002708,STU002708,SCH020,2025-04-01,18,16,Medical
ATT202504002709,STU002709,SCH024,2025-04-01,16,13,Illness
ATT202504002710,STU002710,SCH001,2025-04-01,17,15,Illness
ATT202504002711,STU002711,SCH040,2025-04-01,17,16,Medical
ATT202504002712,STU002712,SCH013,2025-04-01,14,13,Illness
ATT202504002713,STU002713,SCH050,2025-04-01,18,16,Illness
ATT202504002714,STU002714,SCH012,2025-04-01,17,16,Illness
ATT202504002715,STU002715,SCH025,2025-04-01,18,17,Family
ATT202504002716,STU002716,SCH012,2025-04-01,14,13,Illness
ATT202504002717,STU002717,SCH032,2025-04-01,17,16,Family
ATT202504002719,STU002719,SCH006,2025-04-01,18,17,Family
ATT202504002720,STU002720,SCH041,2025-04-01,14,13,Illness
ATT202504002721,STU002721,SCH027,2025-04-01,16,14,Medical
ATT202504002723,STU002723,SCH020,2025-04-01,16,15,Medical
ATT202504002724,STU002724,SCH009,2025-04-01,15,14,Family
ATT202504002725,STU002725,SCH023,2025-04-01,18,18,
ATT202504002726,STU002726,SCH041,2025-04-01,17,16,Unauthorised
ATT202504002728,STU002728,SCH004,2025-04-01,16,14,Illness
ATT202504002729,STU002729,SCH003,2025-04-01,14,13,Family
ATT202504002730,STU002730,SCH008,2025-04-01,17,15,Medical
ATT202504002731,STU002731,SCH025,2025-04-01,17,15,Illness
ATT202504002732,STU002732,SCH018,2025-04-01,17,16,Illness
ATT202504002734,STU002734,SCH046,2025-04-01,14,13,Illness
ATT202504002735,STU002735,SCH036,2025-04-01,17,16,Medical
ATT202504002736,STU002736,SCH049,2025-04-01,14,13,Unauthorised
ATT202504002737,STU002737,SCH021,2025-04-01,15,14,Unauthorised
ATT202504002738,STU002738,SCH015,2025-04-01,18,16,Other
ATT202504002740,STU002740,SCH021,2025-04-01,17,16,Other
ATT202504002741,STU002741,SCH038,2025-04-01,15,15,
ATT202504002742,STU002742,SCH033,2025-04-01,16,15,Unauthorised
ATT202504002743,STU002743,SCH048,2025-04-01,16,15,Unauthorised
ATT202504002744,STU002744,SCH036,2025-04-01,17,16,Family
ATT202504002745,STU002745,SCH032,2025-04-01,16,14,Medical
ATT202504002746,STU002746,SCH021,2025-04-01,16,15,Family
ATT202504002747,STU002747,SCH005,2025-04-01,15,14,Medical
ATT202504002748,STU002748,SCH011,2025-04-01,14,13,Other
ATT202504002749,STU002749,SCH005,2025-04-01,17,16,Medical
ATT202504002750,STU002750,SCH048,2025-04-01,16,14,Other
ATT202504002751,STU002751,SCH034,2025-04-01,15,12,Unauthorised
ATT202504002752,STU002752,SCH046,2025-04-01,15,14,Medical
ATT202504002753,STU002753,SCH022,2025-04-01,15,14,Medical
ATT202504002754,STU002754,SCH006,2025-04-01,14,13,Unauthorised
ATT202504002755,STU002755,SCH038,2025-04-01,15,14,Unauthorised
ATT202504002756,STU002756,SCH015,2025-04-01,18,17,Family
ATT202504002758,STU002758,SCH019,2025-04-01,17,15,Medical
ATT202504002759,STU002759,SCH004,2025-04-01,18,16,Other
ATT202504002760,STU002760,SCH004,2025-04-01,14,13,Medical
ATT202504002761,STU002761,SCH003,2025-04-01,15,15,
ATT202504002763,STU002763,SCH001,2025-04-01,18,17,Other
ATT202504002764,STU002764,SCH027,2025-04-01,17,15,Family
ATT202504002765,STU002765,SCH021,2025-04-01,18,16,Illness
ATT202504002766,STU002766,SCH021,2025-04-01,14,12,Unauthorised
ATT202504002767,STU002767,SCH048,2025-04-01,18,15,Other
ATT202504002769,STU002769,SCH045,2025-04-01,16,14,Medical
ATT202504002770,STU002770,SCH002,2025-04-01,16,14,Family
ATT202504002771,STU002771,SCH016,2025-04-01,16,14,Family
ATT202504002772,STU002772,SCH045,2025-04-01,16,15,Family
ATT202504002773,STU002773,SCH047,2025-04-01,17,17,
ATT202504002774,STU002774,SCH034,2025-04-01,17,15,Medical
ATT202504002775,STU002775,SCH044,2025-04-01,14,13,Other
ATT202504002776,STU002776,SCH018,2025-04-01,15,13,Other
ATT202504002777,STU002777,SCH033,2025-04-01,18,17,Family
ATT202504002778,STU002778,SCH044,2025-04-01,18,15,Unauthorised
ATT202504002780,STU002780,SCH013,2025-04-01,15,14,Family
ATT202504002781,STU002781,SCH031,2025-04-01,16,16,
ATT202504002782,STU002782,SCH019,2025-04-01,14,12,Unauthorised
ATT202504002783,STU002783,SCH021,2025-04-01,14,13,Medical
ATT202504002784,STU002784,SCH046,2025-04-01,17,15,Family
ATT202504002785,STU002785,SCH043,2025-04-01,16,14,Unauthorised
ATT202504002786,STU002786,SCH019,2025-04-01,14,13,Family
ATT202504002787,STU002787,SCH038,2025-04-01,15,14,Illness
ATT202504002788,STU002788,SCH039,2025-04-01,16,14,Illness
ATT202504002790,STU002790,SCH044,2025-04-01,15,14,Medical
ATT202504002791,STU002791,SCH010,2025-04-01,16,14,Medical
ATT202504002792,STU002792,SCH043,2025-04-01,16,14,Family
ATT202504002793,STU002793,SCH035,2025-04-01,14,12,Other
ATT202504002795,STU002795,SCH025,2025-04-01,16,15,Unauthorised
ATT202504002796,STU002796,SCH036,2025-04-01,17,16,Illness
ATT202504002797,STU002797,SCH049,2025-04-01,16,14,Illness
ATT202504002798,STU002798,SCH027,2025-04-01,18,15,Illness
ATT202504002799,STU002799,SCH038,2025-04-01,15,14,Medical
ATT202504002800,STU002800,SCH003,2025-04-01,16,15,Medical
ATT202504002801,STU002801,SCH019,2025-04-01,17,15,Family
ATT202504002802,STU002802,SCH009,2025-04-01,18,16,Illness
ATT202504002803,STU002803,SCH043,2025-04-01,17,15,Other
ATT202504002804,STU002804,SCH031,2025-04-01,16,15,Medical
ATT202504002806,STU002806,SCH024,2025-04-01,17,15,Illness
ATT202504002807,STU002807,SCH040,2025-04-01,14,13,Illness
ATT202504002808,STU002808,SCH048,2025-04-01,15,14,Other
ATT202504002809,STU002809,SCH008,2025-04-01,15,14,Other
ATT202504002810,STU002810,SCH001,2025-04-01,17,16,Family
ATT202504002811,STU002811,SCH030,2025-04-01,15,14,Other
ATT202504002812,STU002812,SCH007,2025-04-01,16,15,Family
ATT202504002813,STU002813,SCH003,2025-04-01,18,18,
ATT202504002814,STU002814,SCH004,2025-04-01,17,16,Medical
ATT202504002815,STU002815,SCH009,2025-04-01,14,12,Other
ATT202504002816,STU002816,SCH017,2025-04-01,15,14,Unauthorised
ATT202504002817,STU002817,SCH023,2025-04-01,18,18,
ATT202504002818,STU002818,SCH023,2025-04-01,18,17,Other
ATT202504002819,STU002819,SCH027,2025-04-01,18,17,Illness
ATT202504002820,STU002820,SCH010,2025-04-01,15,12,Family
ATT202504002821,STU002821,SCH031,2025-04-01,14,12,Other
ATT202504002822,STU002822,SCH019,2025-04-01,18,17,Medical
ATT202504002823,STU002823,SCH010,2025-04-01,15,13,Unauthorised
ATT202504002824,STU002824,SCH034,2025-04-01,14,14,
ATT202504002825,STU002825,SCH037,2025-04-01,14,12,Unauthorised
ATT202504002826,STU002826,SCH003,2025-04-01,15,15,
ATT202504002827,STU002827,SCH034,2025-04-01,18,14,Medical
ATT202504002828,STU002828,SCH021,2025-04-01,17,14,Other
ATT202504002829,STU002829,SCH044,2025-04-01,14,13,Illness
ATT202504002830,STU002830,SCH048,2025-04-01,16,15,Other
ATT202504002831,STU002831,SCH046,2025-04-01,16,15,Medical
ATT202504002832,STU002832,SCH035,2025-04-01,16,13,Other
ATT202504002833,STU002833,SCH041,2025-04-01,18,16,Medical
ATT202504002834,STU002834,SCH002,2025-04-01,18,15,Family
ATT202504002835,STU002835,SCH031,2025-04-01,15,14,Family
ATT202504002836,STU002836,SCH005,2025-04-01,17,16,Family
ATT202504002837,STU002837,SCH047,2025-04-01,17,16,Family
ATT202504002838,STU002838,SCH050,2025-04-01,16,15,Unauthorised
ATT202504002840,STU002840,SCH050,2025-04-01,17,16,Family
ATT202504002841,STU002841,SCH032,2025-04-01,18,16,Medical
ATT202504002842,STU002842,SCH021,2025-04-01,16,14,Other
ATT202504002843,STU002843,SCH021,2025-04-01,16,14,Medical
ATT202504002844,STU002844,SCH044,2025-04-01,16,14,Unauthorised
ATT202504002845,STU002845,SCH016,2025-04-01,15,14,Other
ATT202504002846,STU002846,SCH033,2025-04-01,14,13,Other
ATT202504002847,STU002847,SCH044,2025-04-01,16,14,Other
ATT202504002848,STU002848,SCH045,2025-04-01,14,13,Medical
ATT202504002849,STU002849,SCH048,2025-04-01,15,14,Medical
ATT202504002850,STU002850,SCH033,2025-04-01,14,14,
ATT202504002851,STU002851,SCH022,2025-04-01,18,17,Medical
ATT202504002852,STU002852,SCH023,2025-04-01,15,13,Illness
ATT202504002853,STU002853,SCH023,2025-04-01,15,14,Family
ATT202504002854,STU002854,SCH027,2025-04-01,17,16,Illness
ATT202504002855,STU002855,SCH010,2025-04-01,17,13,Family
ATT202504002856,STU002856,SCH003,2025-04-01,15,14,Illness
ATT202504002857,STU002857,SCH012,2025-04-01,16,15,Unauthorised
ATT202504002858,STU002858,SCH005,2025-04-01,15,14,Medical
ATT202504002859,STU002859,SCH028,2025-04-01,18,17,Illness
ATT202504002860,STU002860,SCH044,2025-04-01,16,13,Unauthorised
ATT202504002861,STU002861,SCH032,2025-04-01,18,15,Family
ATT202504002862,STU002862,SCH002,2025-04-01,16,14,Medical
ATT202504002863,STU002863,SCH045,2025-04-01,17,15,Other
ATT202504002864,STU002864,SCH010,2025-04-01,14,13,Medical
ATT202504002865,STU002865,SCH031,2025-04-01,16,14,Family
ATT202504002866,STU002866,SCH007,2025-04-01,16,14,Medical
ATT202504002867,STU002867,SCH044,2025-04-01,16,14,Other
ATT202504002868,STU002868,SCH010,2025-04-01,15,14,Illness
ATT202504002869,STU002869,SCH024,2025-04-01,16,15,Other
ATT202504002870,STU002870,SCH005,2025-04-01,14,13,Illness
ATT202504002871,STU002871,SCH047,2025-04-01,16,15,Medical
ATT202504002872,STU002872,SCH018,2025-04-01,15,14,Unauthorised
ATT202504002874,STU002874,SCH041,2025-04-01,16,15,Unauthorised
ATT202504002875,STU002875,SCH040,2025-04-01,18,17,Other
ATT202504002877,STU002877,SCH048,2025-04-01,14,12,Other
ATT202504002878,STU002878,SCH048,2025-04-01,14,12,Family
ATT202504002879,STU002879,SCH037,2025-04-01,14,13,Unauthorised
ATT202504002880,STU002880,SCH031,2025-04-01,17,16,Illness
ATT202504002881,STU002881,SCH010,2025-04-01,15,14,Illness
ATT202504002882,STU002882,SCH046,2025-04-01,17,15,Medical
ATT202504002883,STU002883,SCH029,2025-04-01,15,13,Unauthorised
ATT202504002884,STU002884,SCH035,2025-04-01,14,13,Unauthorised
ATT202504002885,STU002885,SCH023,2025-04-01,15,13,Medical
ATT202504002886,STU002886,SCH011,2025-04-01,16,15,Other
ATT202504002887,STU002887,SCH017,2025-04-01,17,14,Other
ATT202504002888,STU002888,SCH037,2025-04-01,14,13,Unauthorised
ATT202504002889,STU002889,SCH034,2025-04-01,17,16,Unauthorised
ATT202504002890,STU002890,SCH013,2025-04-01,16,15,Illness
ATT202504002891,STU002891,SCH046,2025-04-01,17,15,Family
ATT202504002892,STU002892,SCH008,2025-04-01,18,16,Unauthorised
ATT202504002893,STU002893,SCH001,2025-04-01,14,12,Illness
ATT202504002894,STU002894,SCH030,2025-04-01,17,15,Illness
ATT202504002895,STU002895,SCH015,2025-04-01,14,13,Medical
ATT202504002898,STU002898,SCH040,2025-04-01,16,15,Family
ATT202504002899,STU002899,SCH014,2025-04-01,14,13,Medical
ATT202504002900,STU002900,SCH009,2025-04-01,16,14,Family
ATT202504002901,STU002901,SCH016,2025-04-01,18,15,Medical
ATT202504002902,STU002902,SCH009,2025-04-01,15,14,Family
ATT202504002903,STU002903,SCH025,2025-04-01,18,16,Family
ATT202504002904,STU002904,SCH001,2025-04-01,14,12,Illness
ATT202504002905,STU002905,SCH024,2025-04-01,14,13,Illness
ATT202504002906,STU002906,SCH005,2025-04-01,17,16,Medical
ATT202504002907,STU002907,SCH033,2025-04-01,16,14,Other
ATT202504002908,STU002908,SCH049,2025-04-01,16,14,Medical
ATT202504002909,STU002909,SCH023,2025-04-01,15,13,Other
ATT202504002910,STU002910,SCH016,2025-04-01,17,15,Medical
ATT202504002911,STU002911,SCH035,2025-04-01,17,15,Unauthorised
ATT202504002913,STU002913,SCH003,2025-04-01,17,16,Other
ATT202504002915,STU002915,SCH038,2025-04-01,17,17,
ATT202504002916,STU002916,SCH044,2025-04-01,16,15,Illness
ATT202504002917,STU002917,SCH022,2025-04-01,17,16,Illness
ATT202504002918,STU002918,SCH048,2025-04-01,15,13,Medical
ATT202504002919,STU002919,SCH010,2025-04-01,17,14,Family
ATT202504002920,STU002920,SCH025,2025-04-01,14,13,Family
ATT202504002921,STU002921,SCH027,2025-04-01,14,13,Medical
ATT202504002922,STU002922,SCH026,2025-04-01,15,13,Family
ATT202504002923,STU002923,SCH027,2025-04-01,16,14,Other
ATT202504002925,STU002925,SCH050,2025-04-01,15,13,Illness
ATT202504002927,STU002927,SCH023,2025-04-01,16,15,Unauthorised
ATT202504002928,STU002928,SCH030,2025-04-01,17,17,
ATT202504002929,STU002929,SCH032,2025-04-01,16,14,Illness
ATT202504002930,STU002930,SCH049,2025-04-01,15,14,Illness
ATT202504002931,STU002931,SCH015,2025-04-01,17,16,Other
ATT202504002932,STU002932,SCH031,2025-04-01,14,13,Family
ATT202504002933,STU002933,SCH022,2025-04-01,15,13,Illness
ATT202504002934,STU002934,SCH037,2025-04-01,16,16,
ATT202504002936,STU002936,SCH048,2025-04-01,15,13,Medical
ATT202504002938,STU002938,SCH031,2025-04-01,16,13,Unauthorised
ATT202504002939,STU002939,SCH015,2025-04-01,17,16,Family
ATT202504002940,STU002940,SCH006,2025-04-01,17,16,Medical
ATT202504002941,STU002941,SCH002,2025-04-01,15,13,Illness
ATT202504002942,STU002942,SCH011,2025-04-01,14,13,Medical
ATT202504002943,STU002943,SCH006,2025-04-01,14,13,Illness
ATT202504002944,STU002944,SCH038,2025-04-01,17,15,Illness
ATT202504002945,STU002945,SCH043,2025-04-01,18,16,Family
ATT202504002946,STU002946,SCH010,2025-04-01,14,13,Unauthorised
ATT202504002947,STU002947,SCH047,2025-04-01,18,17,Family
ATT202504002948,STU002948,SCH011,2025-04-01,14,12,Other
ATT202504002949,STU002949,SCH043,2025-04-01,16,14,Illness
ATT202504002950,STU002950,SCH026,2025-04-01,15,15,
ATT202504002952,STU002952,SCH014,2025-04-01,18,17,Medical
ATT202504002953,STU002953,SCH025,2025-04-01,17,16,Other
ATT202504002954,STU002954,SCH024,2025-04-01,16,14,Illness
ATT202504002955,STU002955,SCH007,2025-04-01,15,15,
ATT202504002956,STU002956,SCH005,2025-04-01,14,12,Illness
ATT202504002957,STU002957,SCH008,2025-04-01,16,14,Other
ATT202504002958,STU002958,SCH016,2025-04-01,15,15,
ATT202504002959,STU002959,SCH033,2025-04-01,17,16,Unauthorised
ATT202504002960,STU002960,SCH046,2025-04-01,15,14,Unauthorised
ATT202504002961,STU002961,SCH016,2025-04-01,15,14,Family
ATT202504002962,STU002962,SCH036,2025-04-01,17,16,Family
ATT202504002963,STU002963,SCH025,2025-04-01,14,13,Family
ATT202504002964,STU002964,SCH020,2025-04-01,18,16,Illness
ATT202504002965,STU002965,SCH011,2025-04-01,18,16,Other
ATT202504002966,STU002966,SCH022,2025-04-01,18,17,Other
ATT202504002967,STU002967,SCH021,2025-04-01,16,15,Other
ATT202504002968,STU002968,SCH014,2025-04-01,14,12,Unauthorised
ATT202504002969,STU002969,SCH037,2025-04-01,18,17,Unauthorised
ATT202504002970,STU002970,SCH019,2025-04-01,15,14,Family
ATT202504002971,STU002971,SCH012,2025-04-01,18,15,Family
ATT202504002972,STU002972,SCH021,2025-04-01,14,13,Medical
ATT202504002973,STU002973,SCH021,2025-04-01,17,16,Other
ATT202504002974,STU002974,SCH003,2025-04-01,18,17,Family
ATT202504002975,STU002975,SCH044,2025-04-01,15,15,
ATT202504002976,STU002976,SCH007,2025-04-01,17,16,Medical
ATT202504002977,STU002977,SCH046,2025-04-01,15,13,Medical
ATT202504002978,STU002978,SCH033,2025-04-01,15,14,Medical
ATT202504002979,STU002979,SCH009,2025-04-01,18,16,Medical
ATT202504002980,STU002980,SCH030,2025-04-01,17,15,Medical
ATT202504002981,STU002981,SCH023,2025-04-01,17,16,Medical
ATT202504002982,STU002982,SCH010,2025-04-01,16,15,Medical
ATT202504002983,STU002983,SCH041,2025-04-01,14,13,Unauthorised
ATT202504002984,STU002984,SCH045,2025-04-01,15,14,Family
ATT202504002985,STU002985,SCH032,2025-04-01,15,13,Illness
ATT202504002986,STU002986,SCH050,2025-04-01,15,14,Family
ATT202504002987,STU002987,SCH023,2025-04-01,16,16,
ATT202504002988,STU002988,SCH012,2025-04-01,16,15,Family
ATT202504002989,STU002989,SCH043,2025-04-01,16,14,Medical
ATT202504002990,STU002990,SCH025,2025-04-01,15,14,Unauthorised
ATT202504002991,STU002991,SCH050,2025-04-01,16,14,Illness
ATT202504002993,STU002993,SCH025,2025-04-01,14,13,Medical
ATT202504002995,STU002995,SCH020,2025-04-01,16,15,Family
ATT202504002996,STU002996,SCH050,2025-04-01,14,13,Other
ATT202504002997,STU002997,SCH005,2025-04-01,17,17,
ATT202504002998,STU002998,SCH010,2025-04-01,15,14,Other
ATT202504002999,STU002999,SCH016,2025-04-01,14,14,
ATT202504003000,STU003000,SCH031,2025-04-01,17,15,Illness
ATT202504003001,STU003001,SCH046,2025-04-01,18,16,Other
ATT202504003002,STU003002,SCH035,2025-04-01,17,14,Other
ATT202504003003,STU003003,SCH033,2025-04-01,18,17,Other
ATT202504003004,STU003004,SCH045,2025-04-01,15,13,Illness
ATT202504003006,STU003006,SCH043,2025-04-01,15,13,Medical
ATT202504003007,STU003007,SCH014,2025-04-01,15,14,Other
ATT202504003008,STU003008,SCH015,2025-04-01,17,15,Other
ATT202504003009,STU003009,SCH006,2025-04-01,18,16,Unauthorised
ATT202504003010,STU003010,SCH047,2025-04-01,15,14,Medical
ATT202504003011,STU003011,SCH037,2025-04-01,17,16,Unauthorised
ATT202504003012,STU003012,SCH033,2025-04-01,18,15,Family
ATT202504003013,STU003013,SCH015,2025-04-01,17,16,Family
ATT202504003014,STU003014,SCH025,2025-04-01,16,15,Other
ATT202504003015,STU003015,SCH038,2025-04-01,16,15,Medical
ATT202504003016,STU003016,SCH038,2025-04-01,17,16,Other
ATT202504003017,STU003017,SCH008,2025-04-01,15,14,Other
ATT202504003018,STU003018,SCH023,2025-04-01,18,16,Other
ATT202504003019,STU003019,SCH011,2025-04-01,15,13,Other
ATT202504003020,STU003020,SCH029,2025-04-01,14,14,
ATT202504003021,STU003021,SCH027,2025-04-01,16,14,Unauthorised
ATT202504003022,STU003022,SCH043,2025-04-01,16,14,Unauthorised
ATT202504003023,STU003023,SCH010,2025-04-01,16,14,Medical
ATT202504003024,STU003024,SCH040,2025-04-01,15,15,
ATT202504003025,STU003025,SCH029,2025-04-01,14,12,Illness
ATT202504003026,STU003026,SCH012,2025-04-01,16,15,Unauthorised
ATT202504003027,STU003027,SCH035,2025-04-01,15,13,Unauthorised
ATT202504003028,STU003028,SCH023,2025-04-01,15,14,Medical
ATT202504003030,STU003030,SCH046,2025-04-01,14,13,Other
ATT202504003031,STU003031,SCH037,2025-04-01,15,14,Medical
ATT202504003032,STU003032,SCH041,2025-04-01,14,13,Illness
ATT202504003033,STU003033,SCH041,2025-04-01,15,14,Family
ATT202504003034,STU003034,SCH008,2025-04-01,16,15,Medical
ATT202504003035,STU003035,SCH031,2025-04-01,14,12,Medical
ATT202504003036,STU003036,SCH005,2025-04-01,16,15,Unauthorised
ATT202504003037,STU003037,SCH016,2025-04-01,18,18,
ATT202504003038,STU003038,SCH026,2025-04-01,16,15,Family
ATT202504003039,STU003039,SCH049,2025-04-01,17,15,Family
ATT202504003040,STU003040,SCH041,2025-04-01,15,14,Family
ATT202504003041,STU003041,SCH006,2025-04-01,14,14,
ATT202504003042,STU003042,SCH025,2025-04-01,18,17,Unauthorised
ATT202504003043,STU003043,SCH001,2025-04-01,14,13,Family
ATT202504003044,STU003044,SCH013,2025-04-01,16,15,Unauthorised
ATT202504003045,STU003045,SCH007,2025-04-01,18,18,
ATT202504003046,STU003046,SCH010,2025-04-01,18,17,Other
ATT202504003047,STU003047,SCH033,2025-04-01,14,12,Illness
ATT202504003048,STU003048,SCH045,2025-04-01,17,15,Medical
ATT202504003049,STU003049,SCH041,2025-04-01,18,17,Unauthorised
ATT202504003050,STU003050,SCH041,2025-04-01,18,17,Medical
ATT202504003051,STU003051,SCH014,2025-04-01,16,16,
ATT202504003052,STU003052,SCH002,2025-04-01,16,15,Illness
ATT202504003053,STU003053,SCH003,2025-04-01,16,15,Medical
ATT202504003054,STU003054,SCH004,2025-04-01,17,16,Family
ATT202504003055,STU003055,SCH030,2025-04-01,14,14,
ATT202504003056,STU003056,SCH031,2025-04-01,14,12,Other
ATT202504003057,STU003057,SCH009,2025-04-01,18,14,Illness
ATT202504003058,STU003058,SCH016,2025-04-01,16,15,Other
ATT202504003059,STU003059,SCH003,2025-04-01,14,14,
ATT202504003060,STU003060,SCH022,2025-04-01,15,13,Illness
ATT202504003062,STU003062,SCH013,2025-04-01,18,16,Illness
ATT202504003063,STU003063,SCH009,2025-04-01,18,17,Other
ATT202504003064,STU003064,SCH025,2025-04-01,18,18,
ATT202504003065,STU003065,SCH035,2025-04-01,17,15,Family
ATT202504003066,STU003066,SCH030,2025-04-01,18,16,Family
ATT202504003067,STU003067,SCH031,2025-04-01,14,12,Illness
ATT202504003068,STU003068,SCH044,2025-04-01,16,14,Medical
ATT202504003069,STU003069,SCH008,2025-04-01,18,17,Family
ATT202504003071,STU003071,SCH040,2025-04-01,15,14,Illness
ATT202504003072,STU003072,SCH044,2025-04-01,15,15,
ATT202504003073,STU003073,SCH043,2025-04-01,14,12,Unauthorised
ATT202504003074,STU003074,SCH050,2025-04-01,16,14,Unauthorised
ATT202504003075,STU003075,SCH024,2025-04-01,16,15,Unauthorised
ATT202504003076,STU003076,SCH014,2025-04-01,18,18,
ATT202504003077,STU003077,SCH029,2025-04-01,15,14,Medical
ATT202504003078,STU003078,SCH012,2025-04-01,16,15,Illness
ATT202504003079,STU003079,SCH011,2025-04-01,16,15,Family
ATT202504003080,STU003080,SCH050,2025-04-01,17,16,Illness
ATT202504003081,STU003081,SCH029,2025-04-01,17,15,Medical
ATT202504003084,STU003084,SCH041,2025-04-01,18,17,Other
ATT202504003085,STU003085,SCH026,2025-04-01,17,17,
ATT202504003086,STU003086,SCH024,2025-04-01,16,15,Illness
ATT202504003087,STU003087,SCH022,2025-04-01,15,14,Illness
ATT202504003088,STU003088,SCH046,2025-04-01,14,13,Family
ATT202504003089,STU003089,SCH029,2025-04-01,14,13,Other
ATT202504003090,STU003090,SCH045,2025-04-01,18,17,Medical
ATT202504003091,STU003091,SCH027,2025-04-01,17,16,Other
ATT202504003092,STU003092,SCH037,2025-04-01,16,15,Illness
ATT202504003093,STU003093,SCH050,2025-04-01,15,13,Unauthorised
ATT202504003094,STU003094,SCH050,2025-04-01,18,17,Unauthorised
ATT202504003095,STU003095,SCH018,2025-04-01,15,14,Other
ATT202504003096,STU003096,SCH004,2025-04-01,16,16,
ATT202504003097,STU003097,SCH044,2025-04-01,15,13,Unauthorised
ATT202504003098,STU003098,SCH038,2025-04-01,16,14,Family
ATT202504003099,STU003099,SCH007,2025-04-01,18,16,Medical
ATT202504003100,STU003100,SCH012,2025-04-01,15,14,Unauthorised
ATT202504003101,STU003101,SCH031,2025-04-01,14,12,Family
ATT202504003102,STU003102,SCH025,2025-04-01,16,16,
ATT202504003103,STU003103,SCH040,2025-04-01,15,15,
ATT202504003104,STU003104,SCH042,2025-04-01,14,12,Illness
ATT202504003105,STU003105,SCH013,2025-04-01,15,13,Medical
ATT202504003106,STU003106,SCH027,2025-04-01,17,15,Unauthorised
ATT202504003108,STU003108,SCH019,2025-04-01,16,15,Medical
ATT202504003109,STU003109,SCH044,2025-04-01,16,13,Family
ATT202504003111,STU003111,SCH031,2025-04-01,14,13,Unauthorised
ATT202504003112,STU003112,SCH014,2025-04-01,14,13,Medical
ATT202504003113,STU003113,SCH025,2025-04-01,14,13,Family
ATT202504003114,STU003114,SCH021,2025-04-01,15,13,Other
ATT202504003115,STU003115,SCH046,2025-04-01,15,13,Other
ATT202504003116,STU003116,SCH020,2025-04-01,16,14,Illness
ATT202504003117,STU003117,SCH035,2025-04-01,17,15,Illness
ATT202504003118,STU003118,SCH028,2025-04-01,14,13,Illness
ATT202504003119,STU003119,SCH031,2025-04-01,14,12,Illness
ATT202504003120,STU003120,SCH015,2025-04-01,14,14,
ATT202504003121,STU003121,SCH036,2025-04-01,16,15,Medical
ATT202504003122,STU003122,SCH011,2025-04-01,14,12,Illness
ATT202504003123,STU003123,SCH037,2025-04-01,15,14,Other
ATT202504003124,STU003124,SCH039,2025-04-01,18,17,Medical
ATT202504003125,STU003125,SCH046,2025-04-01,14,12,Unauthorised
ATT202504003126,STU003126,SCH046,2025-04-01,18,16,Other
ATT202504003127,STU003127,SCH005,2025-04-01,17,15,Illness
ATT202504003128,STU003128,SCH022,2025-04-01,16,14,Medical
ATT202504003129,STU003129,SCH042,2025-04-01,17,15,Family
ATT202504003130,STU003130,SCH019,2025-04-01,15,14,Unauthorised
ATT202504003131,STU003131,SCH030,2025-04-01,17,15,Other
ATT202504003132,STU003132,SCH039,2025-04-01,18,17,Family
ATT202504003133,STU003133,SCH050,2025-04-01,14,12,Illness
ATT202504003134,STU003134,SCH012,2025-04-01,15,14,Family
ATT202504003135,STU003135,SCH013,2025-04-01,14,13,Other
ATT202504003136,STU003136,SCH041,2025-04-01,14,13,Medical
ATT202504003137,STU003137,SCH048,2025-04-01,16,15,Family
ATT202504003139,STU003139,SCH038,2025-04-01,16,15,Illness
ATT202504003140,STU003140,SCH014,2025-04-01,14,12,Illness
ATT202504003141,STU003141,SCH002,2025-04-01,17,15,Unauthorised
ATT202504003142,STU003142,SCH016,2025-04-01,17,17,
ATT202504003143,STU003143,SCH039,2025-04-01,18,17,Unauthorised
ATT202504003144,STU003144,SCH037,2025-04-01,17,15,Other
ATT202504003146,STU003146,SCH012,2025-04-01,15,14,Illness
ATT202504003147,STU003147,SCH012,2025-04-01,16,15,Family
ATT202504003148,STU003148,SCH043,2025-04-01,15,13,Medical
ATT202504003149,STU003149,SCH042,2025-04-01,14,13,Illness
ATT202504003150,STU003150,SCH012,2025-04-01,16,14,Illness
ATT202504003151,STU003151,SCH028,2025-04-01,14,13,Illness
ATT202504003152,STU003152,SCH029,2025-04-01,18,17,Illness
ATT202504003153,STU003153,SCH003,2025-04-01,18,16,Medical
ATT202504003154,STU003154,SCH045,2025-04-01,17,15,Medical
ATT202504003155,STU003155,SCH018,2025-04-01,18,16,Illness
ATT202504003156,STU003156,SCH037,2025-04-01,17,16,Illness
ATT202504003157,STU003157,SCH036,2025-04-01,14,13,Medical
ATT202504003158,STU003158,SCH030,2025-04-01,18,17,Illness
ATT202504003159,STU003159,SCH037,2025-04-01,15,14,Other
ATT202504003160,STU003160,SCH041,2025-04-01,17,15,Medical
ATT202504003161,STU003161,SCH007,2025-04-01,17,16,Medical
ATT202504003163,STU003163,SCH017,2025-04-01,18,16,Illness
ATT202504003164,STU003164,SCH035,2025-04-01,16,14,Family
ATT202504003166,STU003166,SCH050,2025-04-01,15,13,Medical
ATT202504003167,STU003167,SCH005,2025-04-01,14,13,Other
ATT202504003168,STU003168,SCH043,2025-04-01,16,14,Unauthorised
ATT202504003169,STU003169,SCH023,2025-04-01,17,16,Other
ATT202504003170,STU003170,SCH008,2025-04-01,17,16,Illness
ATT202504003171,STU003171,SCH015,2025-04-01,18,17,Illness
ATT202504003172,STU003172,SCH019,2025-04-01,16,15,Other
ATT202504003173,STU003173,SCH026,2025-04-01,14,13,Medical
ATT202504003174,STU003174,SCH043,2025-04-01,16,14,Unauthorised
ATT202504003175,STU003175,SCH046,2025-04-01,18,16,Family
ATT202504003176,STU003176,SCH010,2025-04-01,16,14,Unauthorised
ATT202504003177,STU003177,SCH007,2025-04-01,15,15,
ATT202504003178,STU003178,SCH047,2025-04-01,16,14,Unauthorised
ATT202504003179,STU003179,SCH022,2025-04-01,18,17,Illness
ATT202504003180,STU003180,SCH035,2025-04-01,18,17,Unauthorised
ATT202504003181,STU003181,SCH038,2025-04-01,14,12,Other
ATT202504003182,STU003182,SCH014,2025-04-01,18,15,Other
ATT202504003183,STU003183,SCH022,2025-04-01,16,13,Unauthorised
ATT202504003184,STU003184,SCH002,2025-04-01,15,13,Medical
ATT202504003185,STU003185,SCH039,2025-04-01,16,14,Medical
ATT202504003186,STU003186,SCH025,2025-04-01,17,15,Unauthorised
ATT202504003187,STU003187,SCH036,2025-04-01,15,13,Other
ATT202504003188,STU003188,SCH018,2025-04-01,17,15,Family
ATT202504003189,STU003189,SCH030,2025-04-01,15,13,Unauthorised
ATT202504003190,STU003190,SCH040,2025-04-01,17,15,Other
ATT202504003192,STU003192,SCH001,2025-04-01,14,12,Other
ATT202504003194,STU003194,SCH049,2025-04-01,14,12,Family
ATT202504003195,STU003195,SCH048,2025-04-01,17,15,Illness
ATT202504003196,STU003196,SCH020,2025-04-01,17,16,Family
ATT202504003197,STU003197,SCH029,2025-04-01,17,16,Unauthorised
ATT202504003198,STU003198,SCH002,2025-04-01,16,14,Illness
ATT202504003199,STU003199,SCH048,2025-04-01,16,14,Family
ATT202504003200,STU003200,SCH004,2025-04-01,16,15,Family
ATT202504003201,STU003201,SCH028,2025-04-01,14,13,Unauthorised
ATT202504003202,STU003202,SCH021,2025-04-01,18,16,Unauthorised
ATT202504003203,STU003203,SCH012,2025-04-01,15,14,Unauthorised
ATT202504003204,STU003204,SCH037,2025-04-01,15,14,Family
ATT202504003205,STU003205,SCH039,2025-04-01,14,14,
ATT202504003206,STU003206,SCH017,2025-04-01,17,16,Family
ATT202504003207,STU003207,SCH038,2025-04-01,18,17,Unauthorised
ATT202504003208,STU003208,SCH017,2025-04-01,14,13,Medical
ATT202504003209,STU003209,SCH031,2025-04-01,14,13,Illness
ATT202504003210,STU003210,SCH014,2025-04-01,17,16,Other
ATT202504003211,STU003211,SCH032,2025-04-01,14,13,Illness
ATT202504003212,STU003212,SCH012,2025-04-01,17,16,Unauthorised
ATT202504003213,STU003213,SCH031,2025-04-01,15,14,Illness
ATT202504003214,STU003214,SCH041,2025-04-01,17,16,Medical
ATT202504003216,STU003216,SCH031,2025-04-01,17,16,Illness
ATT202504003217,STU003217,SCH033,2025-04-01,14,13,Medical
ATT202504003218,STU003218,SCH008,2025-04-01,14,13,Other
ATT202504003219,STU003219,SCH032,2025-04-01,17,16,Illness
ATT202504003220,STU003220,SCH018,2025-04-01,15,13,Medical
ATT202504003221,STU003221,SCH035,2025-04-01,15,12,Other
ATT202504003222,STU003222,SCH019,2025-04-01,16,15,Medical
ATT202504003223,STU003223,SCH011,2025-04-01,17,17,
ATT202504003224,STU003224,SCH045,2025-04-01,15,15,
ATT202504003225,STU003225,SCH004,2025-04-01,16,15,Family
ATT202504003226,STU003226,SCH010,2025-04-01,18,17,Medical
ATT202504003227,STU003227,SCH017,2025-04-01,18,18,
ATT202504003228,STU003228,SCH023,2025-04-01,17,15,Illness
ATT202504003229,STU003229,SCH046,2025-04-01,18,17,Illness
ATT202504003230,STU003230,SCH012,2025-04-01,17,16,Family
ATT202504003231,STU003231,SCH001,2025-04-01,14,11,Medical
ATT202504003232,STU003232,SCH009,2025-04-01,18,17,Family
ATT202504003233,STU003233,SCH010,2025-04-01,15,14,Medical
ATT202504003234,STU003234,SCH036,2025-04-01,18,17,Family
ATT202504003235,STU003235,SCH010,2025-04-01,17,15,Illness
ATT202504003236,STU003236,SCH002,2025-04-01,15,13,Unauthorised
ATT202504003237,STU003237,SCH035,2025-04-01,14,12,Unauthorised
ATT202504003238,STU003238,SCH015,2025-04-01,15,13,Other
ATT202504003239,STU003239,SCH040,2025-04-01,15,14,Illness
ATT202504003240,STU003240,SCH025,2025-04-01,14,13,Illness
ATT202504003242,STU003242,SCH004,2025-04-01,14,14,
ATT202504003244,STU003244,SCH005,2025-04-01,15,14,Unauthorised
ATT202504003245,STU003245,SCH042,2025-04-01,18,16,Illness
ATT202504003246,STU003246,SCH044,2025-04-01,15,13,Family
ATT202504003247,STU003247,SCH035,2025-04-01,16,15,Medical
ATT202504003248,STU003248,SCH038,2025-04-01,15,14,Family
ATT202504003250,STU003250,SCH030,2025-04-01,15,13,Illness
ATT202504003251,STU003251,SCH035,2025-04-01,14,12,Unauthorised
ATT202504003252,STU003252,SCH031,2025-04-01,14,12,Unauthorised
ATT202504003253,STU003253,SCH046,2025-04-01,15,13,Unauthorised
ATT202504003254,STU003254,SCH016,2025-04-01,18,17,Medical
ATT202504003255,STU003255,SCH021,2025-04-01,14,12,Medical
ATT202504003256,STU003256,SCH007,2025-04-01,14,13,Medical
ATT202504003257,STU003257,SCH033,2025-04-01,17,15,Illness
ATT202504003258,STU003258,SCH002,2025-04-01,14,14,
ATT202504003259,STU003259,SCH001,2025-04-01,17,16,Unauthorised
ATT202504003260,STU003260,SCH006,2025-04-01,15,13,Unauthorised
ATT202504003261,STU003261,SCH015,2025-04-01,16,15,Other
ATT202504003262,STU003262,SCH005,2025-04-01,17,17,
ATT202504003263,STU003263,SCH010,2025-04-01,15,13,Medical
ATT202504003264,STU003264,SCH049,2025-04-01,18,18,
ATT202504003265,STU003265,SCH030,2025-04-01,16,15,Medical
ATT202504003266,STU003266,SCH029,2025-04-01,15,12,Family
ATT202504003267,STU003267,SCH013,2025-04-01,18,16,Unauthorised
ATT202504003268,STU003268,SCH036,2025-04-01,14,13,Unauthorised
ATT202504003269,STU003269,SCH049,2025-04-01,16,13,Medical
ATT202504003270,STU003270,SCH024,2025-04-01,15,13,Medical
ATT202504003272,STU003272,SCH022,2025-04-01,17,16,Other
ATT202504003273,STU003273,SCH027,2025-04-01,17,15,Medical
ATT202504003274,STU003274,SCH031,2025-04-01,15,11,Illness
ATT202504003275,STU003275,SCH009,2025-04-01,18,17,Other
ATT202504003276,STU003276,SCH016,2025-04-01,18,17,Other
ATT202504003277,STU003277,SCH037,2025-04-01,14,13,Unauthorised
ATT202504003278,STU003278,SCH003,2025-04-01,15,15,
ATT202504003279,STU003279,SCH019,2025-04-01,18,17,Illness
ATT202504003281,STU003281,SCH044,2025-04-01,14,13,Illness
ATT202504003282,STU003282,SCH050,2025-04-01,15,13,Medical
ATT202504003283,STU003283,SCH046,2025-04-01,15,12,Unauthorised
ATT202504003284,STU003284,SCH001,2025-04-01,16,13,Medical
ATT202504003285,STU003285,SCH025,2025-04-01,16,15,Family
ATT202504003286,STU003286,SCH013,2025-04-01,17,15,Medical
ATT202504003287,STU003287,SCH040,2025-04-01,17,15,Family
ATT202504003288,STU003288,SCH001,2025-04-01,14,12,Other
ATT202504003289,STU003289,SCH013,2025-04-01,17,16,Illness
ATT202504003290,STU003290,SCH043,2025-04-01,15,14,Other
ATT202504003291,STU003291,SCH018,2025-04-01,18,17,Medical
ATT202504003292,STU003292,SCH010,2025-04-01,18,17,Family
ATT202504003293,STU003293,SCH046,2025-04-01,14,13,Unauthorised
ATT202504003295,STU003295,SCH050,2025-04-01,16,14,Family
ATT202504003296,STU003296,SCH030,2025-04-01,16,14,Family
ATT202504003297,STU003297,SCH011,2025-04-01,16,16,
ATT202504003301,STU003301,SCH005,2025-04-01,15,14,Unauthorised
ATT202504003302,STU003302,SCH028,2025-04-01,17,15,Other
ATT202504003303,STU003303,SCH001,2025-04-01,14,13,Other
ATT202504003304,STU003304,SCH025,2025-04-01,16,15,Family
ATT202504003305,STU003305,SCH038,2025-04-01,16,15,Unauthorised
ATT202504003306,STU003306,SCH006,2025-04-01,16,15,Medical
ATT202504003307,STU003307,SCH021,2025-04-01,17,17,
ATT202504003308,STU003308,SCH030,2025-04-01,18,16,Family
ATT202504003309,STU003309,SCH047,2025-04-01,17,15,Other
ATT202504003310,STU003310,SCH030,2025-04-01,15,14,Family
ATT202504003311,STU003311,SCH046,2025-04-01,17,15,Medical
ATT202504003312,STU003312,SCH046,2025-04-01,15,13,Medical
ATT202504003313,STU003313,SCH030,2025-04-01,15,14,Unauthorised
ATT202504003314,STU003314,SCH014,2025-04-01,15,13,Illness
ATT202504003315,STU003315,SCH038,2025-04-01,18,16,Illness
ATT202504003316,STU003316,SCH014,2025-04-01,15,14,Family
ATT202504003318,STU003318,SCH041,2025-04-01,16,15,Illness
ATT202504003319,STU003319,SCH023,2025-04-01,16,15,Illness
ATT202504003320,STU003320,SCH002,2025-04-01,16,15,Family
ATT202504003321,STU003321,SCH023,2025-04-01,17,15,Unauthorised
ATT202504003322,STU003322,SCH050,2025-04-01,15,13,Family
ATT202504003323,STU003323,SCH001,2025-04-01,14,12,Illness
ATT202504003324,STU003324,SCH018,2025-04-01,16,15,Illness
ATT202504003325,STU003325,SCH018,2025-04-01,14,14,
ATT202504003326,STU003326,SCH026,2025-04-01,15,14,Illness
ATT202504003327,STU003327,SCH013,2025-04-01,18,17,Family
ATT202504003328,STU003328,SCH010,2025-04-01,17,16,Unauthorised
ATT202504003329,STU003329,SCH018,2025-04-01,14,13,Illness
ATT202504003330,STU003330,SCH049,2025-04-01,14,12,Unauthorised
ATT202504003332,STU003332,SCH022,2025-04-01,16,13,Other
ATT202504003333,STU003333,SCH033,2025-04-01,16,14,Illness
ATT202504003335,STU003335,SCH028,2025-04-01,15,14,Illness
ATT202504003336,STU003336,SCH021,2025-04-01,18,16,Other
ATT202504003337,STU003337,SCH005,2025-04-01,17,16,Other
ATT202504003338,STU003338,SCH004,2025-04-01,18,17,Unauthorised
ATT202504003339,STU003339,SCH021,2025-04-01,18,15,Unauthorised
ATT202504003340,STU003340,SCH026,2025-04-01,17,16,Unauthorised
ATT202504003341,STU003341,SCH011,2025-04-01,15,14,Family
ATT202504003343,STU003343,SCH025,2025-04-01,14,13,Medical
ATT202504003344,STU003344,SCH040,2025-04-01,15,13,Illness
ATT202504003345,STU003345,SCH002,2025-04-01,15,13,Family
ATT202504003346,STU003346,SCH033,2025-04-01,15,14,Unauthorised
ATT202504003347,STU003347,SCH038,2025-04-01,15,14,Other
ATT202504003348,STU003348,SCH037,2025-04-01,14,12,Other
ATT202504003349,STU003349,SCH046,2025-04-01,16,14,Other
ATT202504003350,STU003350,SCH016,2025-04-01,14,13,Medical
ATT202504003351,STU003351,SCH030,2025-04-01,15,15,
ATT202504003352,STU003352,SCH009,2025-04-01,18,15,Medical
ATT202504003354,STU003354,SCH016,2025-04-01,14,13,Unauthorised
ATT202504003355,STU003355,SCH031,2025-04-01,16,14,Unauthorised
ATT202504003356,STU003356,SCH047,2025-04-01,16,15,Other
ATT202504003357,STU003357,SCH022,2025-04-01,17,15,Other
ATT202504003358,STU003358,SCH037,2025-04-01,14,13,Medical
ATT202504003359,STU003359,SCH006,2025-04-01,16,15,Unauthorised
ATT202504003360,STU003360,SCH019,2025-04-01,18,16,Unauthorised
ATT202504003361,STU003361,SCH050,2025-04-01,14,14,
ATT202504003362,STU003362,SCH010,2025-04-01,14,13,Family
ATT202504003363,STU003363,SCH047,2025-04-01,16,15,Other
ATT202504003364,STU003364,SCH032,2025-04-01,14,13,Unauthorised
ATT202504003365,STU003365,SCH025,2025-04-01,15,13,Family
ATT202504003366,STU003366,SCH043,2025-04-01,17,17,
ATT202504003367,STU003367,SCH046,2025-04-01,15,14,Illness
ATT202504003368,STU003368,SCH029,2025-04-01,16,14,Medical
ATT202504003369,STU003369,SCH016,2025-04-01,18,16,Medical
ATT202504003370,STU003370,SCH019,2025-04-01,17,15,Other
ATT202504003371,STU003371,SCH008,2025-04-01,17,16,Other
ATT202504003372,STU003372,SCH005,2025-04-01,14,12,Family
ATT202504003373,STU003373,SCH034,2025-04-01,16,15,Other
ATT202504003374,STU003374,SCH035,2025-04-01,14,12,Medical
ATT202504003375,STU003375,SCH044,2025-04-01,14,13,Family
ATT202504003376,STU003376,SCH010,2025-04-01,16,15,Illness
ATT202504003377,STU003377,SCH031,2025-04-01,17,15,Medical
ATT202504003378,STU003378,SCH048,2025-04-01,15,15,
ATT202504003379,STU003379,SCH027,2025-04-01,16,15,Family
ATT202504003380,STU003380,SCH019,2025-04-01,18,17,Other
ATT202504003381,STU003381,SCH037,2025-04-01,15,15,
ATT202504003382,STU003382,SCH046,2025-04-01,18,17,Unauthorised
ATT202504003384,STU003384,SCH012,2025-04-01,17,15,Illness
ATT202504003385,STU003385,SCH039,2025-04-01,18,16,Other
ATT202504003387,STU003387,SCH046,2025-04-01,16,15,Unauthorised
ATT202504003388,STU003388,SCH014,2025-04-01,14,13,Illness
ATT202504003389,STU003389,SCH016,2025-04-01,18,16,Unauthorised
ATT202504003390,STU003390,SCH041,2025-04-01,18,16,Illness
ATT202504003391,STU003391,SCH039,2025-04-01,17,16,Medical
ATT202504003392,STU003392,SCH040,2025-04-01,16,15,Family
ATT202504003393,STU003393,SCH045,2025-04-01,16,15,Family
ATT202504003394,STU003394,SCH028,2025-04-01,17,16,Unauthorised
ATT202504003395,STU003395,SCH040,2025-04-01,15,14,Medical
ATT202504003396,STU003396,SCH035,2025-04-01,16,15,Other
ATT202504003397,STU003397,SCH016,2025-04-01,14,13,Family
ATT202504003398,STU003398,SCH025,2025-04-01,17,15,Illness
ATT202504003399,STU003399,SCH047,2025-04-01,14,13,Other
ATT202504003400,STU003400,SCH015,2025-04-01,15,14,Unauthorised
ATT202504003401,STU003401,SCH022,2025-04-01,17,14,Other
ATT202504003402,STU003402,SCH031,2025-04-01,15,14,Other
ATT202504003403,STU003403,SCH021,2025-04-01,14,12,Unauthorised
ATT202504003404,STU003404,SCH047,2025-04-01,17,16,Family
ATT202504003405,STU003405,SCH005,2025-04-01,16,15,Illness
ATT202504003408,STU003408,SCH003,2025-04-01,14,13,Unauthorised
ATT202504003409,STU003409,SCH046,2025-04-01,14,13,Family
ATT202504003410,STU003410,SCH027,2025-04-01,17,15,Family
ATT202504003411,STU003411,SCH035,2025-04-01,15,13,Illness
ATT202504003412,STU003412,SCH046,2025-04-01,17,14,Illness
ATT202504003413,STU003413,SCH045,2025-04-01,18,16,Medical
ATT202504003414,STU003414,SCH030,2025-04-01,17,17,
ATT202504003415,STU003415,SCH031,2025-04-01,18,17,Medical
ATT202504003417,STU003417,SCH010,2025-04-01,16,14,Unauthorised
ATT202504003418,STU003418,SCH045,2025-04-01,16,15,Unauthorised
ATT202504003419,STU003419,SCH014,2025-04-01,14,13,Unauthorised
ATT202504003420,STU003420,SCH029,2025-04-01,16,14,Medical
ATT202504003421,STU003421,SCH021,2025-04-01,17,15,Unauthorised
ATT202504003422,STU003422,SCH008,2025-04-01,17,16,Unauthorised
ATT202504003423,STU003423,SCH006,2025-04-01,18,17,Illness
ATT202504003424,STU003424,SCH042,2025-04-01,15,13,Unauthorised
ATT202504003425,STU003425,SCH002,2025-04-01,14,13,Family
ATT202504003426,STU003426,SCH009,2025-04-01,16,13,Other
ATT202504003427,STU003427,SCH047,2025-04-01,16,14,Family
ATT202504003428,STU003428,SCH030,2025-04-01,17,15,Medical
ATT202504003429,STU003429,SCH048,2025-04-01,16,14,Other
ATT202504003430,STU003430,SCH016,2025-04-01,15,15,
ATT202504003431,STU003431,SCH016,2025-04-01,16,15,Other
ATT202504003432,STU003432,SCH006,2025-04-01,17,16,Unauthorised
ATT202504003434,STU003434,SCH018,2025-04-01,17,16,Illness
ATT202504003435,STU003435,SCH032,2025-04-01,15,13,Medical
ATT202504003436,STU003436,SCH025,2025-04-01,17,15,Family
ATT202504003438,STU003438,SCH020,2025-04-01,16,15,Medical
ATT202504003439,STU003439,SCH020,2025-04-01,17,16,Illness
ATT202504003440,STU003440,SCH007,2025-04-01,18,16,Family
ATT202504003441,STU003441,SCH018,2025-04-01,14,13,Illness
ATT202504003442,STU003442,SCH021,2025-04-01,14,12,Family
ATT202504003443,STU003443,SCH023,2025-04-01,18,16,Other
ATT202504003444,STU003444,SCH046,2025-04-01,16,14,Illness
ATT202504003445,STU003445,SCH026,2025-04-01,14,12,Unauthorised
ATT202504003447,STU003447,SCH047,2025-04-01,16,15,Unauthorised
ATT202504003448,STU003448,SCH010,2025-04-01,16,14,Family
ATT202504003450,STU003450,SCH007,2025-04-01,16,15,Unauthorised
ATT202504003451,STU003451,SCH030,2025-04-01,17,16,Illness
ATT202504003452,STU003452,SCH022,2025-04-01,15,14,Family
ATT202504003453,STU003453,SCH009,2025-04-01,14,12,Other
ATT202504003454,STU003454,SCH046,2025-04-01,14,12,Other
ATT202504003455,STU003455,SCH010,2025-04-01,18,16,Family
ATT202504003456,STU003456,SCH015,2025-04-01,17,15,Other
ATT202504003457,STU003457,SCH045,2025-04-01,16,15,Unauthorised
ATT202504003459,STU003459,SCH001,2025-04-01,18,17,Family
ATT202504003460,STU003460,SCH027,2025-04-01,18,16,Unauthorised
ATT202504003461,STU003461,SCH026,2025-04-01,18,16,Other
ATT202504003462,STU003462,SCH007,2025-04-01,16,14,Medical
ATT202504003463,STU003463,SCH037,2025-04-01,16,15,Family
ATT202504003464,STU003464,SCH012,2025-04-01,17,16,Illness
ATT202504003465,STU003465,SCH013,2025-04-01,17,15,Family
ATT202504003467,STU003467,SCH034,2025-04-01,14,14,
ATT202504003468,STU003468,SCH011,2025-04-01,18,15,Medical
ATT202504003470,STU003470,SCH036,2025-04-01,16,14,Other
ATT202504003471,STU003471,SCH028,2025-04-01,14,13,Medical
ATT202504003472,STU003472,SCH003,2025-04-01,17,16,Illness
ATT202504003473,STU003473,SCH020,2025-04-01,17,16,Illness
ATT202504003474,STU003474,SCH045,2025-04-01,15,14,Medical
ATT202504003475,STU003475,SCH045,2025-04-01,15,14,Illness
ATT202504003476,STU003476,SCH021,2025-04-01,17,15,Other
ATT202504003477,STU003477,SCH015,2025-04-01,14,13,Other
ATT202504003478,STU003478,SCH048,2025-04-01,18,17,Medical
ATT202504003479,STU003479,SCH021,2025-04-01,16,14,Unauthorised
ATT202504003480,STU003480,SCH034,2025-04-01,18,16,Medical
ATT202504003481,STU003481,SCH003,2025-04-01,14,13,Other
ATT202504003482,STU003482,SCH007,2025-04-01,16,15,Illness
ATT202504003483,STU003483,SCH038,2025-04-01,15,14,Medical
ATT202504003484,STU003484,SCH001,2025-04-01,15,12,Other
ATT202504003485,STU003485,SCH021,2025-04-01,16,15,Illness
ATT202504003486,STU003486,SCH012,2025-04-01,18,15,Illness
ATT202504003487,STU003487,SCH045,2025-04-01,14,13,Illness
ATT202504003489,STU003489,SCH001,2025-04-01,17,17,
ATT202504003490,STU003490,SCH010,2025-04-01,15,14,Unauthorised
ATT202504003491,STU003491,SCH040,2025-04-01,16,15,Other
ATT202504003492,STU003492,SCH030,2025-04-01,14,13,Other
ATT202504003493,STU003493,SCH033,2025-04-01,15,13,Family
ATT202504003494,STU003494,SCH046,2025-04-01,18,17,Illness
ATT202504003495,STU003495,SCH010,2025-04-01,14,12,Other
ATT202504003496,STU003496,SCH038,2025-04-01,16,15,Family
ATT202504003498,STU003498,SCH046,2025-04-01,16,14,Medical
ATT202504003499,STU003499,SCH023,2025-04-01,17,16,Unauthorised
ATT202504003500,STU003500,SCH019,2025-04-01,15,13,Other
ATT202504003501,STU003501,SCH049,2025-04-01,17,16,Illness
ATT202504003502,STU003502,SCH009,2025-04-01,18,17,Illness
ATT202504003503,STU003503,SCH024,2025-04-01,17,15,Medical
ATT202504003504,STU003504,SCH004,2025-04-01,18,17,Other
ATT202504003505,STU003505,SCH032,2025-04-01,15,14,Other
ATT202504003506,STU003506,SCH030,2025-04-01,16,14,Unauthorised
ATT202504003508,STU003508,SCH048,2025-04-01,18,17,Medical
ATT202504003509,STU003509,SCH012,2025-04-01,16,15,Medical
ATT202504003510,STU003510,SCH046,2025-04-01,15,14,Other
ATT202504003511,STU003511,SCH009,2025-04-01,16,15,Unauthorised
ATT202504003513,STU003513,SCH033,2025-04-01,16,15,Medical
ATT202504003514,STU003514,SCH019,2025-04-01,17,15,Other
ATT202504003515,STU003515,SCH027,2025-04-01,15,14,Illness
ATT202504003516,STU003516,SCH043,2025-04-01,16,14,Unauthorised
ATT202504003517,STU003517,SCH014,2025-04-01,16,14,Illness
ATT202504003518,STU003518,SCH044,2025-04-01,18,16,Medical
ATT202504003519,STU003519,SCH006,2025-04-01,15,14,Family
ATT202504003520,STU003520,SCH006,2025-04-01,18,18,
ATT202504003521,STU003521,SCH044,2025-04-01,17,15,Illness
ATT202504003523,STU003523,SCH032,2025-04-01,17,15,Medical
ATT202504003524,STU003524,SCH045,2025-04-01,17,15,Other
ATT202504003525,STU003525,SCH010,2025-04-01,18,15,Illness
ATT202504003526,STU003526,SCH037,2025-04-01,17,16,Other
ATT202504003528,STU003528,SCH041,2025-04-01,14,12,Medical
ATT202504003529,STU003529,SCH007,2025-04-01,18,18,
ATT202504003531,STU003531,SCH007,2025-04-01,18,17,Family
ATT202504003532,STU003532,SCH045,2025-04-01,18,16,Medical
ATT202504003534,STU003534,SCH003,2025-04-01,15,14,Unauthorised
ATT202504003535,STU003535,SCH019,2025-04-01,14,13,Unauthorised
ATT202504003536,STU003536,SCH045,2025-04-01,15,13,Illness
ATT202504003537,STU003537,SCH036,2025-04-01,15,14,Illness
ATT202504003538,STU003538,SCH012,2025-04-01,17,16,Illness
ATT202504003540,STU003540,SCH046,2025-04-01,16,16,
ATT202504003541,STU003541,SCH049,2025-04-01,14,13,Unauthorised
ATT202504003542,STU003542,SCH021,2025-04-01,18,18,
ATT202504003543,STU003543,SCH016,2025-04-01,14,14,
ATT202504003544,STU003544,SCH047,2025-04-01,15,14,Illness
ATT202504003545,STU003545,SCH015,2025-04-01,18,17,Unauthorised
ATT202504003546,STU003546,SCH050,2025-04-01,14,13,Medical
ATT202504003547,STU003547,SCH048,2025-04-01,14,12,Medical
ATT202504003548,STU003548,SCH028,2025-04-01,18,17,Medical
ATT202504003549,STU003549,SCH014,2025-04-01,14,14,
ATT202504003550,STU003550,SCH021,2025-04-01,16,15,Family
ATT202504003551,STU003551,SCH023,2025-04-01,15,13,Other
ATT202504003552,STU003552,SCH015,2025-04-01,17,16,Family
ATT202504003553,STU003553,SCH004,2025-04-01,15,14,Illness
ATT202504003554,STU003554,SCH037,2025-04-01,14,14,
ATT202504003555,STU003555,SCH014,2025-04-01,18,17,Medical
ATT202504003556,STU003556,SCH008,2025-04-01,14,13,Family
ATT202504003557,STU003557,SCH006,2025-04-01,17,16,Family
ATT202504003559,STU003559,SCH028,2025-04-01,16,15,Other
ATT202504003561,STU003561,SCH037,2025-04-01,17,16,Medical
ATT202504003562,STU003562,SCH046,2025-04-01,16,13,Medical
ATT202504003563,STU003563,SCH021,2025-04-01,15,13,Other
ATT202504003564,STU003564,SCH044,2025-04-01,15,14,Unauthorised
ATT202504003565,STU003565,SCH004,2025-04-01,16,14,Illness
ATT202504003566,STU003566,SCH015,2025-04-01,15,14,Family
ATT202504003567,STU003567,SCH009,2025-04-01,15,13,Other
ATT202504003569,STU003569,SCH031,2025-04-01,14,13,Other
ATT202504003570,STU003570,SCH026,2025-04-01,14,14,
ATT202504003571,STU003571,SCH014,2025-04-01,15,14,Unauthorised
ATT202504003572,STU003572,SCH035,2025-04-01,15,13,Illness
ATT202504003573,STU003573,SCH001,2025-04-01,16,13,Other
ATT202504003574,STU003574,SCH043,2025-04-01,18,16,Family
ATT202504003575,STU003575,SCH043,2025-04-01,17,16,Medical
ATT202504003576,STU003576,SCH021,2025-04-01,17,16,Family
ATT202504003577,STU003577,SCH016,2025-04-01,17,16,Other
ATT202504003579,STU003579,SCH025,2025-04-01,17,16,Unauthorised
ATT202504003580,STU003580,SCH041,2025-04-01,17,16,Other
ATT202504003581,STU003581,SCH025,2025-04-01,17,15,Other
ATT202504003582,STU003582,SCH044,2025-04-01,14,12,Unauthorised
ATT202504003583,STU003583,SCH040,2025-04-01,16,14,Illness
ATT202504003584,STU003584,SCH005,2025-04-01,17,16,Illness
ATT202504003585,STU003585,SCH015,2025-04-01,16,15,Illness
ATT202504003586,STU003586,SCH009,2025-04-01,14,12,Medical
ATT202504003587,STU003587,SCH033,2025-04-01,18,16,Medical
ATT202504003588,STU003588,SCH047,2025-04-01,18,17,Unauthorised
ATT202504003589,STU003589,SCH049,2025-04-01,16,14,Medical
ATT202504003590,STU003590,SCH034,2025-04-01,16,15,Illness
ATT202504003591,STU003591,SCH031,2025-04-01,17,15,Other
ATT202504003592,STU003592,SCH036,2025-04-01,16,15,Medical
ATT202504003593,STU003593,SCH011,2025-04-01,16,15,Illness
ATT202504003594,STU003594,SCH040,2025-04-01,14,14,
ATT202504003595,STU003595,SCH027,2025-04-01,17,16,Other
ATT202504003596,STU003596,SCH049,2025-04-01,17,14,Medical
ATT202504003597,STU003597,SCH046,2025-04-01,15,14,Unauthorised
ATT202504003598,STU003598,SCH018,2025-04-01,16,15,Other
ATT202504003599,STU003599,SCH031,2025-04-01,14,13,Family
ATT202504003600,STU003600,SCH008,2025-04-01,14,13,Family
ATT202504003601,STU003601,SCH040,2025-04-01,16,15,Other
ATT202504003602,STU003602,SCH022,2025-04-01,17,15,Unauthorised
ATT202504003603,STU003603,SCH050,2025-04-01,14,13,Other
ATT202504003604,STU003604,SCH043,2025-04-01,18,17,Illness
ATT202504003606,STU003606,SCH045,2025-04-01,14,12,Medical
ATT202504003607,STU003607,SCH007,2025-04-01,18,17,Family
ATT202504003608,STU003608,SCH007,2025-04-01,18,17,Family
ATT202504003609,STU003609,SCH015,2025-04-01,15,12,Unauthorised
ATT202504003610,STU003610,SCH029,2025-04-01,14,13,Medical
ATT202504003611,STU003611,SCH044,2025-04-01,14,13,Other
ATT202504003612,STU003612,SCH030,2025-04-01,15,14,Medical
ATT202504003613,STU003613,SCH013,2025-04-01,15,15,
ATT202504003614,STU003614,SCH012,2025-04-01,14,12,Family
ATT202504003615,STU003615,SCH008,2025-04-01,16,16,
ATT202504003616,STU003616,SCH013,2025-04-01,18,18,
ATT202504003617,STU003617,SCH018,2025-04-01,18,18,
ATT202504003619,STU003619,SCH015,2025-04-01,15,15,
ATT202504003620,STU003620,SCH032,2025-04-01,16,14,Unauthorised
ATT202504003621,STU003621,SCH024,2025-04-01,17,15,Illness
ATT202504003622,STU003622,SCH035,2025-04-01,15,14,Other
ATT202504003623,STU003623,SCH016,2025-04-01,18,18,
ATT202504003624,STU003624,SCH018,2025-04-01,18,16,Illness
ATT202504003625,STU003625,SCH016,2025-04-01,16,14,Illness
ATT202504003626,STU003626,SCH043,2025-04-01,15,14,Other
ATT202504003627,STU003627,SCH043,2025-04-01,14,13,Family
ATT202504003628,STU003628,SCH010,2025-04-01,17,17,
ATT202504003629,STU003629,SCH046,2025-04-01,15,14,Illness
ATT202504003630,STU003630,SCH016,2025-04-01,15,14,Unauthorised
ATT202504003631,STU003631,SCH041,2025-04-01,16,15,Unauthorised
ATT202504003632,STU003632,SCH001,2025-04-01,15,12,Family
ATT202504003633,STU003633,SCH011,2025-04-01,14,13,Family
ATT202504003634,STU003634,SCH015,2025-04-01,17,16,Unauthorised
ATT202504003635,STU003635,SCH007,2025-04-01,14,13,Unauthorised
ATT202504003636,STU003636,SCH027,2025-04-01,15,12,Other
ATT202504003637,STU003637,SCH048,2025-04-01,18,16,Family
ATT202504003638,STU003638,SCH050,2025-04-01,15,14,Illness
ATT202504003639,STU003639,SCH048,2025-04-01,14,13,Other
ATT202504003641,STU003641,SCH029,2025-04-01,15,13,Family
ATT202504003642,STU003642,SCH043,2025-04-01,15,14,Illness
ATT202504003643,STU003643,SCH016,2025-04-01,16,15,Illness
ATT202504003644,STU003644,SCH021,2025-04-01,18,16,Unauthorised
ATT202504003646,STU003646,SCH001,2025-04-01,18,16,Unauthorised
ATT202504003647,STU003647,SCH001,2025-04-01,18,16,Family
ATT202504003648,STU003648,SCH032,2025-04-01,18,16,Other
ATT202504003649,STU003649,SCH019,2025-04-01,18,16,Illness
ATT202504003650,STU003650,SCH029,2025-04-01,14,13,Illness
ATT202504003651,STU003651,SCH032,2025-04-01,18,17,Other
ATT202504003652,STU003652,SCH021,2025-04-01,17,16,Medical
ATT202504003653,STU003653,SCH045,2025-04-01,15,14,Illness
ATT202504003654,STU003654,SCH013,2025-04-01,15,14,Family
ATT202504003655,STU003655,SCH025,2025-04-01,18,16,Other
ATT202504003656,STU003656,SCH040,2025-04-01,14,12,Other
ATT202504003657,STU003657,SCH038,2025-04-01,14,13,Illness
ATT202504003658,STU003658,SCH008,2025-04-01,15,14,Illness
ATT202504003659,STU003659,SCH006,2025-04-01,16,14,Unauthorised
ATT202504003660,STU003660,SCH015,2025-04-01,15,14,Family
ATT202504003661,STU003661,SCH021,2025-04-01,14,12,Unauthorised
ATT202504003662,STU003662,SCH033,2025-04-01,14,13,Illness
ATT202504003663,STU003663,SCH040,2025-04-01,16,15,Other
ATT202504003664,STU003664,SCH014,2025-04-01,18,17,Illness
ATT202504003665,STU003665,SCH043,2025-04-01,16,14,Other
ATT202504003666,STU003666,SCH007,2025-04-01,15,15,
ATT202504003667,STU003667,SCH040,2025-04-01,18,17,Other
ATT202504003668,STU003668,SCH030,2025-04-01,14,13,Family
ATT202504003669,STU003669,SCH039,2025-04-01,17,17,
ATT202504003670,STU003670,SCH025,2025-04-01,15,14,Unauthorised
ATT202504003671,STU003671,SCH010,2025-04-01,17,15,Family
ATT202504003673,STU003673,SCH041,2025-04-01,15,14,Family
ATT202504003674,STU003674,SCH004,2025-04-01,18,17,Other
ATT202504003675,STU003675,SCH025,2025-04-01,17,16,Other
ATT202504003676,STU003676,SCH041,2025-04-01,17,16,Medical
ATT202504003677,STU003677,SCH028,2025-04-01,15,13,Family
ATT202504003678,STU003678,SCH025,2025-04-01,18,18,
ATT202504003679,STU003679,SCH021,2025-04-01,16,14,Illness
ATT202504003680,STU003680,SCH018,2025-04-01,16,15,Medical
ATT202504003681,STU003681,SCH005,2025-04-01,18,15,Medical
ATT202504003682,STU003682,SCH011,2025-04-01,15,14,Illness
ATT202504003683,STU003683,SCH031,2025-04-01,18,15,Medical
ATT202504003684,STU003684,SCH025,2025-04-01,16,15,Illness
ATT202504003687,STU003687,SCH047,2025-04-01,17,16,Family
ATT202504003688,STU003688,SCH047,2025-04-01,15,14,Medical
ATT202504003689,STU003689,SCH003,2025-04-01,15,14,Illness
ATT202504003690,STU003690,SCH035,2025-04-01,17,15,Unauthorised
ATT202504003691,STU003691,SCH010,2025-04-01,17,15,Illness
ATT202504003692,STU003692,SCH011,2025-04-01,16,15,Illness
ATT202504003693,STU003693,SCH035,2025-04-01,14,12,Illness
ATT202504003694,STU003694,SCH035,2025-04-01,16,15,Family
ATT202504003695,STU003695,SCH040,2025-04-01,17,15,Unauthorised
ATT202504003696,STU003696,SCH043,2025-04-01,16,15,Family
ATT202504003697,STU003697,SCH022,2025-04-01,17,14,Unauthorised
ATT202504003698,STU003698,SCH010,2025-04-01,18,15,Illness
ATT202504003699,STU003699,SCH015,2025-04-01,15,13,Medical
ATT202504003700,STU003700,SCH030,2025-04-01,16,15,Medical
ATT202504003701,STU003701,SCH035,2025-04-01,14,12,Medical
ATT202504003702,STU003702,SCH020,2025-04-01,16,15,Family
ATT202504003703,STU003703,SCH021,2025-04-01,16,14,Family
ATT202504003704,STU003704,SCH021,2025-04-01,18,16,Other
ATT202504003705,STU003705,SCH024,2025-04-01,18,17,Other
ATT202504003706,STU003706,SCH037,2025-04-01,18,17,Medical
ATT202504003707,STU003707,SCH036,2025-04-01,14,14,
ATT202504003708,STU003708,SCH012,2025-04-01,18,16,Unauthorised
ATT202504003709,STU003709,SCH013,2025-04-01,18,17,Family
ATT202504003710,STU003710,SCH022,2025-04-01,18,14,Unauthorised
ATT202504003711,STU003711,SCH014,2025-04-01,18,16,Family
ATT202504003712,STU003712,SCH030,2025-04-01,14,12,Family
ATT202504003713,STU003713,SCH030,2025-04-01,15,14,Unauthorised
ATT202504003714,STU003714,SCH004,2025-04-01,17,16,Illness
ATT202504003715,STU003715,SCH020,2025-04-01,15,14,Unauthorised
ATT202504003716,STU003716,SCH050,2025-04-01,16,15,Unauthorised
ATT202504003717,STU003717,SCH039,2025-04-01,17,16,Medical
ATT202504003718,STU003718,SCH040,2025-04-01,16,15,Unauthorised
ATT202504003719,STU003719,SCH010,2025-04-01,14,13,Other
ATT202504003720,STU003720,SCH026,2025-04-01,15,14,Family
ATT202504003721,STU003721,SCH024,2025-04-01,16,14,Medical
ATT202504003722,STU003722,SCH033,2025-04-01,15,14,Unauthorised
ATT202504003723,STU003723,SCH032,2025-04-01,15,14,Family
ATT202504003724,STU003724,SCH021,2025-04-01,14,13,Illness
ATT202504003725,STU003725,SCH013,2025-04-01,15,14,Family
ATT202504003726,STU003726,SCH025,2025-04-01,14,12,Family
ATT202504003729,STU003729,SCH028,2025-04-01,16,15,Illness
ATT202504003730,STU003730,SCH035,2025-04-01,17,15,Illness
ATT202504003731,STU003731,SCH002,2025-04-01,17,15,Other
ATT202504003732,STU003732,SCH031,2025-04-01,14,12,Family
ATT202504003733,STU003733,SCH050,2025-04-01,17,15,Family
ATT202504003734,STU003734,SCH001,2025-04-01,18,16,Illness
ATT202504003735,STU003735,SCH043,2025-04-01,14,13,Medical
ATT202504003736,STU003736,SCH043,2025-04-01,15,13,Family
ATT202504003737,STU003737,SCH050,2025-04-01,18,16,Illness
ATT202504003738,STU003738,SCH006,2025-04-01,15,13,Illness
ATT202504003739,STU003739,SCH035,2025-04-01,16,15,Medical
ATT202504003740,STU003740,SCH033,2025-04-01,16,14,Unauthorised
ATT202504003741,STU003741,SCH036,2025-04-01,17,16,Medical
ATT202504003743,STU003743,SCH016,2025-04-01,17,16,Unauthorised
ATT202504003744,STU003744,SCH037,2025-04-01,16,15,Medical
ATT202504003745,STU003745,SCH037,2025-04-01,15,14,Other
ATT202504003746,STU003746,SCH035,2025-04-01,14,13,Family
ATT202504003747,STU003747,SCH007,2025-04-01,15,14,Other
ATT202504003748,STU003748,SCH027,2025-04-01,18,16,Unauthorised
ATT202504003749,STU003749,SCH029,2025-04-01,15,13,Family
ATT202504003750,STU003750,SCH027,2025-04-01,18,15,Unauthorised
ATT202504003751,STU003751,SCH002,2025-04-01,15,15,
ATT202504003752,STU003752,SCH045,2025-04-01,14,14,
ATT202504003753,STU003753,SCH048,2025-04-01,17,15,Unauthorised
ATT202504003754,STU003754,SCH031,2025-04-01,16,15,Unauthorised
ATT202504003755,STU003755,SCH027,2025-04-01,17,15,Illness
ATT202504003756,STU003756,SCH007,2025-04-01,16,16,
ATT202504003757,STU003757,SCH013,2025-04-01,18,17,Illness
ATT202504003758,STU003758,SCH003,2025-04-01,16,15,Other
ATT202504003759,STU003759,SCH040,2025-04-01,18,16,Family
ATT202504003760,STU003760,SCH043,2025-04-01,15,12,Family
ATT202504003761,STU003761,SCH027,2025-04-01,17,16,Other
ATT202504003762,STU003762,SCH029,2025-04-01,17,15,Family
ATT202504003764,STU003764,SCH037,2025-04-01,18,16,Illness
ATT202504003765,STU003765,SCH047,2025-04-01,18,17,Medical
ATT202504003766,STU003766,SCH029,2025-04-01,18,16,Medical
ATT202504003768,STU003768,SCH040,2025-04-01,18,16,Other
ATT202504003769,STU003769,SCH020,2025-04-01,17,17,
ATT202504003770,STU003770,SCH014,2025-04-01,15,14,Family
ATT202504003771,STU003771,SCH050,2025-04-01,16,14,Other
ATT202504003773,STU003773,SCH039,2025-04-01,17,15,Other
ATT202504003774,STU003774,SCH012,2025-04-01,16,15,Unauthorised
ATT202504003775,STU003775,SCH008,2025-04-01,18,17,Medical
ATT202504003776,STU003776,SCH046,2025-04-01,16,14,Other
ATT202504003777,STU003777,SCH039,2025-04-01,14,14,
ATT202504003778,STU003778,SCH006,2025-04-01,17,16,Illness
ATT202504003779,STU003779,SCH040,2025-04-01,18,18,
ATT202504003780,STU003780,SCH041,2025-04-01,15,14,Other
ATT202504003781,STU003781,SCH034,2025-04-01,14,13,Illness
ATT202504003782,STU003782,SCH045,2025-04-01,17,15,Unauthorised
ATT202504003783,STU003783,SCH050,2025-04-01,17,15,Illness
ATT202504003785,STU003785,SCH034,2025-04-01,14,13,Medical
ATT202504003786,STU003786,SCH018,2025-04-01,17,16,Other
ATT202504003787,STU003787,SCH032,2025-04-01,14,13,Unauthorised
ATT202504003788,STU003788,SCH034,2025-04-01,17,15,Family
ATT202504003789,STU003789,SCH031,2025-04-01,17,17,
ATT202504003790,STU003790,SCH020,2025-04-01,15,13,Medical
ATT202504003791,STU003791,SCH046,2025-04-01,17,16,Medical
ATT202504003792,STU003792,SCH001,2025-04-01,18,17,Medical
ATT202504003794,STU003794,SCH020,2025-04-01,15,14,Family
ATT202504003795,STU003795,SCH025,2025-04-01,18,16,Illness
ATT202504003796,STU003796,SCH006,2025-04-01,17,15,Unauthorised
ATT202504003797,STU003797,SCH003,2025-04-01,16,15,Unauthorised
ATT202504003798,STU003798,SCH012,2025-04-01,14,13,Family
ATT202504003799,STU003799,SCH033,2025-04-01,15,14,Unauthorised
ATT202504003800,STU003800,SCH034,2025-04-01,14,12,Medical
ATT202504003801,STU003801,SCH046,2025-04-01,14,12,Other
ATT202504003803,STU003803,SCH003,2025-04-01,14,12,Unauthorised
ATT202504003804,STU003804,SCH005,2025-04-01,18,16,Other
ATT202504003805,STU003805,SCH045,2025-04-01,18,15,Unauthorised
ATT202504003806,STU003806,SCH043,2025-04-01,16,13,Medical
ATT202504003807,STU003807,SCH050,2025-04-01,18,17,Illness
ATT202504003808,STU003808,SCH015,2025-04-01,16,15,Other
ATT202504003809,STU003809,SCH006,2025-04-01,16,14,Medical
ATT202504003810,STU003810,SCH018,2025-04-01,14,13,Illness
ATT202504003811,STU003811,SCH031,2025-04-01,15,14,Medical
ATT202504003812,STU003812,SCH013,2025-04-01,14,13,Family
ATT202504003813,STU003813,SCH008,2025-04-01,14,12,Other
ATT202504003814,STU003814,SCH011,2025-04-01,16,15,Medical
ATT202504003815,STU003815,SCH023,2025-04-01,17,15,Medical
ATT202504003816,STU003816,SCH013,2025-04-01,14,13,Illness
ATT202504003817,STU003817,SCH021,2025-04-01,17,16,Family
ATT202504003818,STU003818,SCH008,2025-04-01,17,16,Unauthorised
ATT202504003819,STU003819,SCH032,2025-04-01,18,16,Medical
ATT202504003820,STU003820,SCH010,2025-04-01,18,17,Medical
ATT202504003821,STU003821,SCH041,2025-04-01,17,16,Other
ATT202504003822,STU003822,SCH005,2025-04-01,18,17,Family
ATT202504003823,STU003823,SCH015,2025-04-01,14,13,Medical
ATT202504003824,STU003824,SCH034,2025-04-01,16,13,Other
ATT202504003825,STU003825,SCH036,2025-04-01,18,17,Illness
ATT202504003826,STU003826,SCH024,2025-04-01,17,14,Other
ATT202504003827,STU003827,SCH005,2025-04-01,18,16,Family
ATT202504003828,STU003828,SCH050,2025-04-01,18,16,Unauthorised
ATT202504003829,STU003829,SCH001,2025-04-01,16,14,Family
ATT202504003830,STU003830,SCH046,2025-04-01,16,14,Family
ATT202504003831,STU003831,SCH019,2025-04-01,18,16,Family
ATT202504003832,STU003832,SCH014,2025-04-01,15,14,Family
ATT202504003833,STU003833,SCH037,2025-04-01,15,14,Other
ATT202504003834,STU003834,SCH030,2025-04-01,18,16,Unauthorised
ATT202504003835,STU003835,SCH040,2025-04-01,16,14,Family
ATT202504003837,STU003837,SCH036,2025-04-01,16,15,Family
ATT202504003838,STU003838,SCH043,2025-04-01,16,15,Unauthorised
ATT202504003839,STU003839,SCH044,2025-04-01,18,16,Illness
ATT202504003840,STU003840,SCH028,2025-04-01,18,16,Family
ATT202504003841,STU003841,SCH035,2025-04-01,17,15,Medical
ATT202504003842,STU003842,SCH008,2025-04-01,14,13,Other
ATT202504003843,STU003843,SCH031,2025-04-01,15,13,Illness
ATT202504003845,STU003845,SCH010,2025-04-01,16,14,Illness
ATT202504003847,STU003847,SCH001,2025-04-01,18,17,Medical
ATT202504003848,STU003848,SCH021,2025-04-01,14,12,Medical
ATT202504003849,STU003849,SCH015,2025-04-01,18,16,Other
ATT202504003850,STU003850,SCH011,2025-04-01,14,13,Medical
ATT202504003851,STU003851,SCH046,2025-04-01,17,16,Other
ATT202504003852,STU003852,SCH019,2025-04-01,15,15,
ATT202504003853,STU003853,SCH031,2025-04-01,14,12,Illness
ATT202504003854,STU003854,SCH048,2025-04-01,15,15,
ATT202504003855,STU003855,SCH042,2025-04-01,16,15,Unauthorised
ATT202504003856,STU003856,SCH003,2025-04-01,15,14,Other
ATT202504003857,STU003857,SCH038,2025-04-01,15,14,Family
ATT202504003858,STU003858,SCH032,2025-04-01,17,16,Illness
ATT202504003859,STU003859,SCH032,2025-04-01,17,15,Medical
ATT202504003860,STU003860,SCH015,2025-04-01,14,13,Medical
ATT202504003861,STU003861,SCH046,2025-04-01,15,13,Unauthorised
ATT202504003862,STU003862,SCH017,2025-04-01,17,14,Medical
ATT202504003863,STU003863,SCH007,2025-04-01,14,13,Medical
ATT202504003864,STU003864,SCH034,2025-04-01,15,13,Medical
ATT202504003867,STU003867,SCH026,2025-04-01,16,14,Family
ATT202504003868,STU003868,SCH033,2025-04-01,15,13,Illness
ATT202504003870,STU003870,SCH030,2025-04-01,18,16,Illness
ATT202504003871,STU003871,SCH015,2025-04-01,14,13,Family
ATT202504003872,STU003872,SCH041,2025-04-01,15,15,
ATT202504003873,STU003873,SCH023,2025-04-01,14,13,Other
ATT202504003874,STU003874,SCH029,2025-04-01,15,14,Unauthorised
ATT202504003875,STU003875,SCH006,2025-04-01,16,14,Other
ATT202504003876,STU003876,SCH036,2025-04-01,18,16,Medical
ATT202504003877,STU003877,SCH012,2025-04-01,16,14,Medical
ATT202504003878,STU003878,SCH008,2025-04-01,15,15,
ATT202504003879,STU003879,SCH037,2025-04-01,14,13,Unauthorised
ATT202504003880,STU003880,SCH026,2025-04-01,17,16,Other
ATT202504003881,STU003881,SCH010,2025-04-01,17,15,Medical
ATT202504003882,STU003882,SCH020,2025-04-01,18,17,Illness
ATT202504003883,STU003883,SCH018,2025-04-01,17,15,Other
ATT202504003885,STU003885,SCH032,2025-04-01,14,13,Medical
ATT202504003886,STU003886,SCH020,2025-04-01,14,13,Family
ATT202504003887,STU003887,SCH050,2025-04-01,15,13,Unauthorised
ATT202504003888,STU003888,SCH044,2025-04-01,16,15,Illness
ATT202504003889,STU003889,SCH030,2025-04-01,17,15,Unauthorised
ATT202504003890,STU003890,SCH032,2025-04-01,14,13,Unauthorised
ATT202504003891,STU003891,SCH013,2025-04-01,14,12,Illness
ATT202504003892,STU003892,SCH009,2025-04-01,14,14,
ATT202504003893,STU003893,SCH048,2025-04-01,17,16,Medical
ATT202504003895,STU003895,SCH044,2025-04-01,16,15,Unauthorised
ATT202504003896,STU003896,SCH034,2025-04-01,15,14,Medical
ATT202504003897,STU003897,SCH003,2025-04-01,14,13,Other
ATT202504003898,STU003898,SCH045,2025-04-01,16,15,Unauthorised
ATT202504003899,STU003899,SCH043,2025-04-01,15,13,Illness
ATT202504003900,STU003900,SCH004,2025-04-01,14,13,Illness
ATT202504003901,STU003901,SCH045,2025-04-01,18,17,Unauthorised
ATT202504003903,STU003903,SCH038,2025-04-01,14,13,Medical
ATT202504003904,STU003904,SCH007,2025-04-01,16,16,
ATT202504003905,STU003905,SCH042,2025-04-01,14,12,Unauthorised
ATT202504003906,STU003906,SCH010,2025-04-01,18,17,Family
ATT202504003907,STU003907,SCH040,2025-04-01,17,16,Unauthorised
ATT202504003908,STU003908,SCH004,2025-04-01,16,15,Family
ATT202504003909,STU003909,SCH001,2025-04-01,14,12,Illness
ATT202504003910,STU003910,SCH010,2025-04-01,14,13,Unauthorised
ATT202504003911,STU003911,SCH004,2025-04-01,16,15,Other
ATT202504003912,STU003912,SCH013,2025-04-01,16,14,Other
ATT202504003913,STU003913,SCH024,2025-04-01,18,18,
ATT202504003914,STU003914,SCH050,2025-04-01,17,16,Other
ATT202504003915,STU003915,SCH021,2025-04-01,14,12,Illness
ATT202504003916,STU003916,SCH017,2025-04-01,14,12,Unauthorised
ATT202504003917,STU003917,SCH005,2025-04-01,15,13,Other
ATT202504003918,STU003918,SCH004,2025-04-01,18,16,Medical
ATT202504003919,STU003919,SCH035,2025-04-01,16,14,Unauthorised
ATT202504003920,STU003920,SCH011,2025-04-01,16,15,Medical
ATT202504003921,STU003921,SCH025,2025-04-01,15,14,Family
ATT202504003922,STU003922,SCH049,2025-04-01,15,13,Medical
ATT202504003923,STU003923,SCH021,2025-04-01,15,14,Illness
ATT202504003924,STU003924,SCH034,2025-04-01,16,14,Illness
ATT202504003925,STU003925,SCH021,2025-04-01,17,16,Illness
ATT202504003926,STU003926,SCH025,2025-04-01,17,17,
ATT202504003927,STU003927,SCH038,2025-04-01,18,16,Unauthorised
ATT202504003928,STU003928,SCH003,2025-04-01,17,16,Medical
ATT202504003929,STU003929,SCH028,2025-04-01,18,17,Family
ATT202504003930,STU003930,SCH007,2025-04-01,14,13,Illness
ATT202504003931,STU003931,SCH047,2025-04-01,14,12,Family
ATT202504003932,STU003932,SCH007,2025-04-01,17,15,Other
ATT202504003933,STU003933,SCH023,2025-04-01,16,14,Medical
ATT202504003934,STU003934,SCH048,2025-04-01,14,13,Family
ATT202504003935,STU003935,SCH037,2025-04-01,18,16,Medical
ATT202504003936,STU003936,SCH039,2025-04-01,17,16,Illness
ATT202504003937,STU003937,SCH020,2025-04-01,18,17,Illness
ATT202504003938,STU003938,SCH025,2025-04-01,14,13,Unauthorised
ATT202504003939,STU003939,SCH001,2025-04-01,16,15,Unauthorised
ATT202504003940,STU003940,SCH026,2025-04-01,15,14,Other
ATT202504003941,STU003941,SCH030,2025-04-01,14,13,Illness
ATT202504003942,STU003942,SCH013,2025-04-01,14,14,
ATT202504003943,STU003943,SCH002,2025-04-01,14,13,Illness
ATT202504003944,STU003944,SCH045,2025-04-01,18,17,Family
ATT202504003945,STU003945,SCH025,2025-04-01,15,14,Illness
ATT202504003946,STU003946,SCH006,2025-04-01,15,15,
ATT202504003947,STU003947,SCH038,2025-04-01,16,14,Medical
ATT202504003948,STU003948,SCH022,2025-04-01,18,17,Medical
ATT202504003949,STU003949,SCH045,2025-04-01,14,14,
ATT202504003950,STU003950,SCH012,2025-04-01,16,15,Medical
ATT202504003951,STU003951,SCH034,2025-04-01,17,15,Family
ATT202504003952,STU003952,SCH003,2025-04-01,17,15,Medical
ATT202504003953,STU003953,SCH027,2025-04-01,17,16,Other
ATT202504003954,STU003954,SCH044,2025-04-01,17,15,Unauthorised
ATT202504003955,STU003955,SCH048,2025-04-01,15,14,Unauthorised
ATT202504003956,STU003956,SCH048,2025-04-01,16,16,
ATT202504003957,STU003957,SCH014,2025-04-01,14,14,
ATT202504003958,STU003958,SCH011,2025-04-01,15,14,Other
ATT202504003959,STU003959,SCH001,2025-04-01,16,13,Illness
ATT202504003960,STU003960,SCH003,2025-04-01,14,13,Other
ATT202504003961,STU003961,SCH016,2025-04-01,14,13,Medical
ATT202504003962,STU003962,SCH021,2025-04-01,16,14,Illness
ATT202504003963,STU003963,SCH031,2025-04-01,14,13,Medical
ATT202504003964,STU003964,SCH026,2025-04-01,14,13,Unauthorised
ATT202504003965,STU003965,SCH038,2025-04-01,17,15,Family
ATT202504003966,STU003966,SCH011,2025-04-01,14,13,Family
ATT202504003967,STU003967,SCH044,2025-04-01,16,15,Illness
ATT202504003968,STU003968,SCH041,2025-04-01,14,13,Unauthorised
ATT202504003969,STU003969,SCH047,2025-04-01,16,15,Other
ATT202504003970,STU003970,SCH036,2025-04-01,14,13,Family
ATT202504003971,STU003971,SCH047,2025-04-01,16,13,Unauthorised
ATT202504003972,STU003972,SCH003,2025-04-01,18,16,Unauthorised
ATT202504003973,STU003973,SCH001,2025-04-01,14,12,Unauthorised
ATT202504003974,STU003974,SCH004,2025-04-01,18,17,Medical
ATT202504003975,STU003975,SCH043,2025-04-01,18,16,Family
ATT202504003976,STU003976,SCH022,2025-04-01,17,14,Unauthorised
ATT202504003977,STU003977,SCH035,2025-04-01,14,13,Medical
ATT202504003978,STU003978,SCH048,2025-04-01,17,15,Unauthorised
ATT202504003979,STU003979,SCH008,2025-04-01,14,13,Unauthorised
ATT202504003980,STU003980,SCH002,2025-04-01,14,13,Other
ATT202504003981,STU003981,SCH024,2025-04-01,14,12,Illness
ATT202504003982,STU003982,SCH040,2025-04-01,15,14,Unauthorised
ATT202504003983,STU003983,SCH007,2025-04-01,17,17,
ATT202504003984,STU003984,SCH029,2025-04-01,14,12,Medical
ATT202504003985,STU003985,SCH034,2025-04-01,15,14,Other
ATT202504003987,STU003987,SCH022,2025-04-01,16,15,Unauthorised
ATT202504003988,STU003988,SCH012,2025-04-01,18,17,Illness
ATT202504003989,STU003989,SCH020,2025-04-01,17,16,Other
ATT202504003990,STU003990,SCH031,2025-04-01,18,17,Family
ATT202504003991,STU003991,SCH001,2025-04-01,16,15,Illness
ATT202504003992,STU003992,SCH031,2025-04-01,14,13,Other
ATT202504003993,STU003993,SCH011,2025-04-01,15,14,Family
ATT202504003994,STU003994,SCH032,2025-04-01,16,15,Family
ATT202504003995,STU003995,SCH025,2025-04-01,14,13,Family
ATT202504003996,STU003996,SCH042,2025-04-01,14,13,Medical
ATT202504003997,STU003997,SCH031,2025-04-01,16,16,
ATT202504003998,STU003998,SCH031,2025-04-01,14,11,Other
ATT202504003999,STU003999,SCH048,2025-04-01,17,15,Medical
ATT202504004000,STU004000,SCH001,2025-04-01,16,14,Other
ATT202504004001,STU004001,SCH043,2025-04-01,14,12,Family
ATT202504004004,STU004004,SCH002,2025-04-01,15,12,Family
ATT202504004005,STU004005,SCH042,2025-04-01,16,14,Family
ATT202504004006,STU004006,SCH022,2025-04-01,14,13,Medical
ATT202504004007,STU004007,SCH021,2025-04-01,18,16,Medical
ATT202504004008,STU004008,SCH050,2025-04-01,17,14,Family
ATT202504004009,STU004009,SCH049,2025-04-01,16,16,
ATT202504004010,STU004010,SCH049,2025-04-01,14,11,Other
ATT202504004012,STU004012,SCH046,2025-04-01,14,12,Family
ATT202504004013,STU004013,SCH042,2025-04-01,15,14,Illness
ATT202504004014,STU004014,SCH024,2025-04-01,15,13,Other
ATT202504004015,STU004015,SCH037,2025-04-01,15,14,Unauthorised
ATT202504004016,STU004016,SCH012,2025-04-01,14,13,Other
ATT202504004017,STU004017,SCH033,2025-04-01,15,13,Unauthorised
ATT202504004018,STU004018,SCH003,2025-04-01,16,15,Illness
ATT202504004019,STU004019,SCH025,2025-04-01,18,16,Other
ATT202504004020,STU004020,SCH012,2025-04-01,16,15,Other
ATT202504004021,STU004021,SCH007,2025-04-01,15,14,Medical
ATT202504004022,STU004022,SCH030,2025-04-01,16,14,Medical
ATT202504004023,STU004023,SCH026,2025-04-01,15,14,Unauthorised
ATT202504004024,STU004024,SCH017,2025-04-01,17,15,Family
ATT202504004025,STU004025,SCH024,2025-04-01,16,13,Other
ATT202504004026,STU004026,SCH010,2025-04-01,17,15,Illness
ATT202504004027,STU004027,SCH031,2025-04-01,14,12,Illness
ATT202504004028,STU004028,SCH001,2025-04-01,15,13,Illness
ATT202504004029,STU004029,SCH021,2025-04-01,15,13,Family
ATT202504004030,STU004030,SCH023,2025-04-01,15,13,Unauthorised
ATT202504004031,STU004031,SCH007,2025-04-01,15,14,Unauthorised
ATT202504004032,STU004032,SCH041,2025-04-01,14,13,Illness
ATT202504004033,STU004033,SCH014,2025-04-01,16,14,Unauthorised
ATT202504004034,STU004034,SCH012,2025-04-01,16,15,Medical
ATT202504004035,STU004035,SCH042,2025-04-01,14,12,Family
ATT202504004036,STU004036,SCH016,2025-04-01,14,14,
ATT202504004037,STU004037,SCH043,2025-04-01,17,16,Other
ATT202504004038,STU004038,SCH033,2025-04-01,15,14,Medical
ATT202504004039,STU004039,SCH033,2025-04-01,14,13,Medical
ATT202504004040,STU004040,SCH017,2025-04-01,15,14,Illness
ATT202504004041,STU004041,SCH009,2025-04-01,18,17,Family
ATT202504004042,STU004042,SCH025,2025-04-01,17,16,Unauthorised
ATT202504004043,STU004043,SCH034,2025-04-01,15,12,Illness
ATT202504004044,STU004044,SCH039,2025-04-01,17,15,Medical
ATT202504004045,STU004045,SCH015,2025-04-01,16,15,Unauthorised
ATT202504004046,STU004046,SCH045,2025-04-01,16,15,Unauthorised
ATT202504004047,STU004047,SCH043,2025-04-01,15,13,Family
ATT202504004048,STU004048,SCH019,2025-04-01,18,16,Family
ATT202504004049,STU004049,SCH010,2025-04-01,17,14,Medical
ATT202504004050,STU004050,SCH029,2025-04-01,18,15,Unauthorised
ATT202504004051,STU004051,SCH006,2025-04-01,14,13,Other
ATT202504004052,STU004052,SCH005,2025-04-01,18,16,Unauthorised
ATT202504004053,STU004053,SCH027,2025-04-01,17,15,Medical
ATT202504004054,STU004054,SCH016,2025-04-01,16,15,Family
ATT202504004056,STU004056,SCH043,2025-04-01,16,13,Medical
ATT202504004058,STU004058,SCH029,2025-04-01,15,13,Unauthorised
ATT202504004059,STU004059,SCH005,2025-04-01,18,18,
ATT202504004060,STU004060,SCH001,2025-04-01,18,16,Unauthorised
ATT202504004061,STU004061,SCH050,2025-04-01,15,13,Medical
ATT202504004062,STU004062,SCH018,2025-04-01,18,17,Illness
ATT202504004063,STU004063,SCH006,2025-04-01,15,14,Medical
ATT202504004064,STU004064,SCH041,2025-04-01,18,16,Unauthorised
ATT202504004065,STU004065,SCH022,2025-04-01,15,13,Other
ATT202504004066,STU004066,SCH010,2025-04-01,16,15,Medical
ATT202504004067,STU004067,SCH047,2025-04-01,15,14,Illness
ATT202504004068,STU004068,SCH023,2025-04-01,18,16,Other
ATT202504004069,STU004069,SCH010,2025-04-01,15,14,Unauthorised
ATT202504004070,STU004070,SCH045,2025-04-01,14,13,Other
ATT202504004071,STU004071,SCH046,2025-04-01,15,14,Unauthorised
ATT202504004072,STU004072,SCH001,2025-04-01,16,14,Other
ATT202504004073,STU004073,SCH032,2025-04-01,14,13,Medical
ATT202504004074,STU004074,SCH027,2025-04-01,16,14,Family
ATT202504004075,STU004075,SCH037,2025-04-01,17,16,Illness
ATT202504004077,STU004077,SCH007,2025-04-01,14,13,Medical
ATT202504004078,STU004078,SCH048,2025-04-01,16,14,Unauthorised
ATT202504004080,STU004080,SCH022,2025-04-01,18,15,Other
ATT202504004081,STU004081,SCH016,2025-04-01,17,15,Unauthorised
ATT202504004082,STU004082,SCH027,2025-04-01,15,14,Family
ATT202504004083,STU004083,SCH020,2025-04-01,18,16,Other
ATT202504004084,STU004084,SCH044,2025-04-01,14,13,Other
ATT202504004085,STU004085,SCH035,2025-04-01,14,12,Family
ATT202504004086,STU004086,SCH031,2025-04-01,15,12,Other
ATT202504004088,STU004088,SCH048,2025-04-01,14,13,Medical
ATT202504004089,STU004089,SCH048,2025-04-01,14,13,Medical
ATT202504004090,STU004090,SCH015,2025-04-01,15,15,
ATT202504004092,STU004092,SCH017,2025-04-01,17,15,Medical
ATT202504004093,STU004093,SCH035,2025-04-01,17,15,Family
ATT202504004094,STU004094,SCH049,2025-04-01,18,15,Illness
ATT202504004095,STU004095,SCH047,2025-04-01,15,14,Medical
ATT202504004096,STU004096,SCH009,2025-04-01,15,14,Family
ATT202504004097,STU004097,SCH032,2025-04-01,18,16,Other
ATT202504004098,STU004098,SCH046,2025-04-01,18,16,Other
ATT202504004099,STU004099,SCH022,2025-04-01,14,14,
ATT202504004100,STU004100,SCH035,2025-04-01,18,16,Unauthorised
ATT202504004101,STU004101,SCH037,2025-04-01,17,15,Unauthorised
ATT202504004102,STU004102,SCH050,2025-04-01,17,16,Family
ATT202504004103,STU004103,SCH038,2025-04-01,14,13,Other
ATT202504004104,STU004104,SCH010,2025-04-01,17,15,Illness
ATT202504004105,STU004105,SCH023,2025-04-01,17,15,Illness
ATT202504004106,STU004106,SCH022,2025-04-01,14,12,Unauthorised
ATT202504004108,STU004108,SCH003,2025-04-01,15,14,Unauthorised
ATT202504004109,STU004109,SCH044,2025-04-01,16,15,Medical
ATT202504004110,STU004110,SCH020,2025-04-01,17,16,Family
ATT202504004111,STU004111,SCH033,2025-04-01,16,15,Illness
ATT202504004112,STU004112,SCH005,2025-04-01,17,15,Unauthorised
ATT202504004113,STU004113,SCH006,2025-04-01,17,16,Medical
ATT202504004114,STU004114,SCH048,2025-04-01,17,16,Other
ATT202504004115,STU004115,SCH044,2025-04-01,17,14,Illness
ATT202504004116,STU004116,SCH048,2025-04-01,16,15,Medical
ATT202504004117,STU004117,SCH013,2025-04-01,18,17,Other
ATT202504004118,STU004118,SCH042,2025-04-01,17,15,Illness
ATT202504004119,STU004119,SCH030,2025-04-01,17,16,Family
ATT202504004120,STU004120,SCH041,2025-04-01,16,15,Other
ATT202504004121,STU004121,SCH046,2025-04-01,17,16,Illness
ATT202504004122,STU004122,SCH018,2025-04-01,17,15,Unauthorised
ATT202504004123,STU004123,SCH030,2025-04-01,14,13,Illness
ATT202504004124,STU004124,SCH034,2025-04-01,17,16,Unauthorised
ATT202504004126,STU004126,SCH005,2025-04-01,16,15,Medical
ATT202504004127,STU004127,SCH015,2025-04-01,14,12,Unauthorised
ATT202504004128,STU004128,SCH008,2025-04-01,17,16,Other
ATT202504004129,STU004129,SCH017,2025-04-01,14,12,Illness
ATT202504004130,STU004130,SCH025,2025-04-01,14,13,Medical
ATT202504004131,STU004131,SCH008,2025-04-01,16,14,Unauthorised
ATT202504004133,STU004133,SCH023,2025-04-01,18,17,Unauthorised
ATT202504004134,STU004134,SCH044,2025-04-01,15,13,Unauthorised
ATT202504004135,STU004135,SCH027,2025-04-01,15,14,Medical
ATT202504004136,STU004136,SCH046,2025-04-01,17,16,Medical
ATT202504004137,STU004137,SCH022,2025-04-01,14,13,Unauthorised
ATT202504004138,STU004138,SCH002,2025-04-01,14,12,Unauthorised
ATT202504004139,STU004139,SCH028,2025-04-01,18,17,Unauthorised
ATT202504004140,STU004140,SCH007,2025-04-01,14,13,Unauthorised
ATT202504004141,STU004141,SCH042,2025-04-01,16,14,Family
ATT202504004142,STU004142,SCH047,2025-04-01,14,12,Illness
ATT202504004143,STU004143,SCH048,2025-04-01,14,13,Unauthorised
ATT202504004144,STU004144,SCH017,2025-04-01,15,14,Medical
ATT202504004145,STU004145,SCH029,2025-04-01,14,12,Medical
ATT202504004149,STU004149,SCH020,2025-04-01,18,17,Medical
ATT202504004150,STU004150,SCH012,2025-04-01,14,13,Unauthorised
ATT202504004151,STU004151,SCH030,2025-04-01,15,15,
ATT202504004152,STU004152,SCH039,2025-04-01,15,15,
ATT202504004153,STU004153,SCH036,2025-04-01,18,17,Illness
ATT202504004156,STU004156,SCH007,2025-04-01,17,15,Unauthorised
ATT202504004157,STU004157,SCH012,2025-04-01,16,15,Other
ATT202504004158,STU004158,SCH041,2025-04-01,16,14,Unauthorised
ATT202504004160,STU004160,SCH032,2025-04-01,17,15,Other
ATT202504004161,STU004161,SCH042,2025-04-01,14,13,Illness
ATT202504004162,STU004162,SCH003,2025-04-01,16,16,
ATT202504004163,STU004163,SCH012,2025-04-01,16,13,Family
ATT202504004164,STU004164,SCH029,2025-04-01,18,16,Other
ATT202504004165,STU004165,SCH014,2025-04-01,18,16,Family
ATT202504004166,STU004166,SCH029,2025-04-01,18,16,Other
ATT202504004167,STU004167,SCH050,2025-04-01,16,15,Illness
ATT202504004168,STU004168,SCH046,2025-04-01,18,15,Other
ATT202504004169,STU004169,SCH038,2025-04-01,15,15,
ATT202504004170,STU004170,SCH010,2025-04-01,15,13,Illness
ATT202504004171,STU004171,SCH046,2025-04-01,14,13,Unauthorised
ATT202504004172,STU004172,SCH018,2025-04-01,16,14,Family
ATT202504004174,STU004174,SCH034,2025-04-01,16,15,Other
ATT202504004175,STU004175,SCH035,2025-04-01,15,13,Medical
ATT202504004176,STU004176,SCH009,2025-04-01,16,14,Family
ATT202504004177,STU004177,SCH017,2025-04-01,14,13,Other
ATT202504004178,STU004178,SCH049,2025-04-01,17,17,
ATT202504004180,STU004180,SCH008,2025-04-01,17,16,Family
ATT202504004181,STU004181,SCH048,2025-04-01,18,16,Medical
ATT202504004182,STU004182,SCH008,2025-04-01,16,15,Illness
ATT202504004183,STU004183,SCH014,2025-04-01,17,16,Other
ATT202504004185,STU004185,SCH045,2025-04-01,15,14,Other
ATT202504004186,STU004186,SCH030,2025-04-01,16,15,Family
ATT202504004187,STU004187,SCH004,2025-04-01,15,15,
ATT202504004188,STU004188,SCH041,2025-04-01,18,17,Family
ATT202504004189,STU004189,SCH018,2025-04-01,15,14,Medical
ATT202504004190,STU004190,SCH035,2025-04-01,14,13,Family
ATT202504004191,STU004191,SCH041,2025-04-01,17,17,
ATT202504004192,STU004192,SCH049,2025-04-01,15,12,Other
ATT202504004193,STU004193,SCH015,2025-04-01,16,15,Other
ATT202504004195,STU004195,SCH032,2025-04-01,16,14,Family
ATT202504004196,STU004196,SCH012,2025-04-01,15,14,Other
ATT202504004197,STU004197,SCH045,2025-04-01,15,13,Unauthorised
ATT202504004198,STU004198,SCH023,2025-04-01,17,15,Other
ATT202504004199,STU004199,SCH050,2025-04-01,15,14,Medical
ATT202504004200,STU004200,SCH040,2025-04-01,17,16,Unauthorised
ATT202504004201,STU004201,SCH012,2025-04-01,18,16,Illness
ATT202504004202,STU004202,SCH008,2025-04-01,14,13,Family
ATT202504004203,STU004203,SCH045,2025-04-01,15,13,Medical
ATT202504004204,STU004204,SCH017,2025-04-01,16,13,Unauthorised
ATT202504004206,STU004206,SCH001,2025-04-01,17,16,Unauthorised
ATT202504004207,STU004207,SCH015,2025-04-01,15,15,
ATT202504004208,STU004208,SCH006,2025-04-01,17,16,Illness
ATT202504004209,STU004209,SCH049,2025-04-01,16,15,Illness
ATT202504004210,STU004210,SCH043,2025-04-01,14,13,Unauthorised
ATT202504004211,STU004211,SCH046,2025-04-01,17,15,Illness
ATT202504004212,STU004212,SCH035,2025-04-01,14,13,Unauthorised
ATT202504004213,STU004213,SCH025,2025-04-01,16,15,Other
ATT202504004214,STU004214,SCH048,2025-04-01,17,16,Other
ATT202504004215,STU004215,SCH038,2025-04-01,15,15,
ATT202504004216,STU004216,SCH028,2025-04-01,14,14,
ATT202504004217,STU004217,SCH043,2025-04-01,14,12,Illness
ATT202504004218,STU004218,SCH010,2025-04-01,18,17,Family
ATT202504004219,STU004219,SCH031,2025-04-01,17,16,Unauthorised
ATT202504004221,STU004221,SCH019,2025-04-01,16,15,Medical
ATT202504004222,STU004222,SCH043,2025-04-01,16,14,Family
ATT202504004223,STU004223,SCH031,2025-04-01,16,15,Illness
ATT202504004224,STU004224,SCH025,2025-04-01,17,15,Family
ATT202504004225,STU004225,SCH039,2025-04-01,14,12,Unauthorised
ATT202504004226,STU004226,SCH032,2025-04-01,16,15,Illness
ATT202504004227,STU004227,SCH021,2025-04-01,16,15,Other
ATT202504004228,STU004228,SCH049,2025-04-01,17,14,Other
ATT202504004229,STU004229,SCH022,2025-04-01,17,16,Illness
ATT202504004230,STU004230,SCH030,2025-04-01,18,18,
ATT202504004231,STU004231,SCH005,2025-04-01,14,13,Medical
ATT202504004232,STU004232,SCH002,2025-04-01,18,16,Medical
ATT202504004233,STU004233,SCH035,2025-04-01,14,12,Illness
ATT202504004234,STU004234,SCH027,2025-04-01,17,15,Unauthorised
ATT202504004235,STU004235,SCH009,2025-04-01,16,15,Medical
ATT202504004236,STU004236,SCH043,2025-04-01,18,17,Medical
ATT202504004237,STU004237,SCH007,2025-04-01,15,15,
ATT202504004238,STU004238,SCH048,2025-04-01,18,16,Other
ATT202504004239,STU004239,SCH050,2025-04-01,17,16,Family
ATT202504004240,STU004240,SCH005,2025-04-01,16,14,Illness
ATT202504004241,STU004241,SCH031,2025-04-01,18,16,Unauthorised
ATT202504004242,STU004242,SCH037,2025-04-01,15,14,Medical
ATT202504004243,STU004243,SCH001,2025-04-01,18,15,Unauthorised
ATT202504004244,STU004244,SCH013,2025-04-01,16,16,
ATT202504004245,STU004245,SCH023,2025-04-01,18,16,Other
ATT202504004246,STU004246,SCH030,2025-04-01,15,14,Family
ATT202504004247,STU004247,SCH045,2025-04-01,18,15,Unauthorised
ATT202504004248,STU004248,SCH020,2025-04-01,16,15,Family
ATT202504004249,STU004249,SCH039,2025-04-01,16,14,Family
ATT202504004250,STU004250,SCH001,2025-04-01,14,12,Illness
ATT202504004251,STU004251,SCH003,2025-04-01,15,14,Unauthorised
ATT202504004252,STU004252,SCH015,2025-04-01,14,13,Other
ATT202504004253,STU004253,SCH025,2025-04-01,14,13,Medical
ATT202504004254,STU004254,SCH042,2025-04-01,16,15,Family
ATT202504004255,STU004255,SCH046,2025-04-01,16,15,Family
ATT202504004256,STU004256,SCH026,2025-04-01,14,13,Family
ATT202504004257,STU004257,SCH025,2025-04-01,15,15,
ATT202504004258,STU004258,SCH009,2025-04-01,17,15,Family
ATT202504004259,STU004259,SCH020,2025-04-01,17,16,Illness
ATT202504004260,STU004260,SCH045,2025-04-01,15,13,Unauthorised
ATT202504004261,STU004261,SCH046,2025-04-01,14,13,Medical
ATT202504004262,STU004262,SCH041,2025-04-01,17,16,Other
ATT202504004263,STU004263,SCH029,2025-04-01,15,14,Other
ATT202504004264,STU004264,SCH038,2025-04-01,16,15,Family
ATT202504004265,STU004265,SCH010,2025-04-01,16,14,Other
ATT202504004266,STU004266,SCH014,2025-04-01,14,13,Medical
ATT202504004267,STU004267,SCH028,2025-04-01,16,15,Illness
ATT202504004270,STU004270,SCH007,2025-04-01,18,18,
ATT202504004271,STU004271,SCH040,2025-04-01,15,15,
ATT202504004272,STU004272,SCH033,2025-04-01,14,14,
ATT202504004273,STU004273,SCH031,2025-04-01,17,16,Other
ATT202504004274,STU004274,SCH007,2025-04-01,14,13,Medical
ATT202504004275,STU004275,SCH045,2025-04-01,18,16,Medical
ATT202504004276,STU004276,SCH004,2025-04-01,16,15,Illness
ATT202504004278,STU004278,SCH012,2025-04-01,18,17,Unauthorised
ATT202504004279,STU004279,SCH013,2025-04-01,18,16,Illness
ATT202504004280,STU004280,SCH016,2025-04-01,14,13,Medical
ATT202504004281,STU004281,SCH031,2025-04-01,17,14,Medical
ATT202504004283,STU004283,SCH049,2025-04-01,15,13,Medical
ATT202504004284,STU004284,SCH042,2025-04-01,17,13,Other
ATT202504004285,STU004285,SCH046,2025-04-01,18,16,Family
ATT202504004286,STU004286,SCH041,2025-04-01,17,16,Illness
ATT202504004287,STU004287,SCH004,2025-04-01,17,16,Illness
ATT202504004288,STU004288,SCH021,2025-04-01,16,15,Medical
ATT202504004289,STU004289,SCH034,2025-04-01,14,13,Unauthorised
ATT202504004290,STU004290,SCH002,2025-04-01,16,15,Illness
ATT202504004291,STU004291,SCH004,2025-04-01,18,16,Unauthorised
ATT202504004292,STU004292,SCH018,2025-04-01,15,14,Medical
ATT202504004293,STU004293,SCH019,2025-04-01,15,15,
ATT202504004294,STU004294,SCH027,2025-04-01,15,14,Family
ATT202504004295,STU004295,SCH032,2025-04-01,14,12,Illness
ATT202504004296,STU004296,SCH022,2025-04-01,15,14,Illness
ATT202504004297,STU004297,SCH043,2025-04-01,18,16,Illness
ATT202504004298,STU004298,SCH004,2025-04-01,16,15,Unauthorised
ATT202504004299,STU004299,SCH022,2025-04-01,14,12,Family
ATT202504004300,STU004300,SCH007,2025-04-01,18,17,Family
ATT202504004301,STU004301,SCH036,2025-04-01,16,14,Family
ATT202504004302,STU004302,SCH011,2025-04-01,14,13,Unauthorised
ATT202504004303,STU004303,SCH039,2025-04-01,14,13,Unauthorised
ATT202504004304,STU004304,SCH011,2025-04-01,17,15,Medical
ATT202504004305,STU004305,SCH007,2025-04-01,15,14,Unauthorised
ATT202504004306,STU004306,SCH042,2025-04-01,14,14,
ATT202504004307,STU004307,SCH030,2025-04-01,15,14,Medical
ATT202504004308,STU004308,SCH008,2025-04-01,15,13,Medical
ATT202504004311,STU004311,SCH009,2025-04-01,14,12,Unauthorised
ATT202504004312,STU004312,SCH017,2025-04-01,16,14,Family
ATT202504004314,STU004314,SCH048,2025-04-01,17,16,Unauthorised
ATT202504004315,STU004315,SCH020,2025-04-01,16,15,Medical
ATT202504004316,STU004316,SCH024,2025-04-01,14,10,Illness
ATT202504004317,STU004317,SCH044,2025-04-01,17,15,Illness
ATT202504004318,STU004318,SCH027,2025-04-01,16,15,Medical
ATT202504004319,STU004319,SCH043,2025-04-01,18,18,
ATT202504004320,STU004320,SCH008,2025-04-01,17,15,Other
ATT202504004321,STU004321,SCH041,2025-04-01,14,13,Illness
ATT202504004324,STU004324,SCH020,2025-04-01,18,17,Unauthorised
ATT202504004325,STU004325,SCH027,2025-04-01,18,17,Illness
ATT202504004326,STU004326,SCH007,2025-04-01,17,16,Medical
ATT202504004327,STU004327,SCH035,2025-04-01,14,13,Other
ATT202504004328,STU004328,SCH032,2025-04-01,18,18,
ATT202504004330,STU004330,SCH025,2025-04-01,15,14,Illness
ATT202504004331,STU004331,SCH007,2025-04-01,14,12,Illness
ATT202504004332,STU004332,SCH019,2025-04-01,14,12,Medical
ATT202504004333,STU004333,SCH030,2025-04-01,18,16,Other
ATT202504004334,STU004334,SCH030,2025-04-01,17,16,Other
ATT202504004335,STU004335,SCH006,2025-04-01,18,17,Other
ATT202504004337,STU004337,SCH020,2025-04-01,17,16,Medical
ATT202504004338,STU004338,SCH005,2025-04-01,18,17,Family
ATT202504004339,STU004339,SCH028,2025-04-01,14,13,Unauthorised
ATT202504004340,STU004340,SCH005,2025-04-01,16,15,Medical
ATT202504004341,STU004341,SCH003,2025-04-01,17,16,Family
ATT202504004342,STU004342,SCH020,2025-04-01,18,17,Medical
ATT202504004343,STU004343,SCH030,2025-04-01,16,16,
ATT202504004344,STU004344,SCH008,2025-04-01,16,15,Family
ATT202504004345,STU004345,SCH039,2025-04-01,16,15,Other
ATT202504004346,STU004346,SCH040,2025-04-01,15,14,Medical
ATT202504004347,STU004347,SCH038,2025-04-01,15,14,Other
ATT202504004348,STU004348,SCH042,2025-04-01,15,13,Other
ATT202504004349,STU004349,SCH002,2025-04-01,17,13,Other
ATT202504004351,STU004351,SCH014,2025-04-01,17,16,Medical
ATT202504004352,STU004352,SCH022,2025-04-01,14,13,Unauthorised
ATT202504004353,STU004353,SCH047,2025-04-01,16,15,Unauthorised
ATT202504004354,STU004354,SCH048,2025-04-01,14,12,Medical
ATT202504004355,STU004355,SCH038,2025-04-01,14,12,Illness
ATT202504004356,STU004356,SCH026,2025-04-01,16,14,Family
ATT202504004357,STU004357,SCH039,2025-04-01,17,17,
ATT202504004360,STU004360,SCH029,2025-04-01,15,13,Family
ATT202504004361,STU004361,SCH004,2025-04-01,15,14,Unauthorised
ATT202504004362,STU004362,SCH010,2025-04-01,16,14,Medical
ATT202504004363,STU004363,SCH021,2025-04-01,14,13,Family
ATT202504004364,STU004364,SCH024,2025-04-01,15,13,Other
ATT202504004366,STU004366,SCH008,2025-04-01,18,17,Illness
ATT202504004367,STU004367,SCH037,2025-04-01,15,14,Family
ATT202504004368,STU004368,SCH045,2025-04-01,16,14,Illness
ATT202504004369,STU004369,SCH009,2025-04-01,14,13,Unauthorised
ATT202504004370,STU004370,SCH034,2025-04-01,15,12,Other
ATT202504004371,STU004371,SCH042,2025-04-01,18,16,Family
ATT202504004372,STU004372,SCH003,2025-04-01,18,16,Other
ATT202504004373,STU004373,SCH043,2025-04-01,18,15,Unauthorised
ATT202504004374,STU004374,SCH005,2025-04-01,15,14,Medical
ATT202504004375,STU004375,SCH045,2025-04-01,17,16,Other
ATT202504004377,STU004377,SCH015,2025-04-01,16,15,Medical
ATT202504004378,STU004378,SCH012,2025-04-01,18,17,Family
ATT202504004379,STU004379,SCH009,2025-04-01,16,15,Illness
ATT202504004381,STU004381,SCH012,2025-04-01,15,14,Family
ATT202504004382,STU004382,SCH039,2025-04-01,16,15,Medical
ATT202504004383,STU004383,SCH049,2025-04-01,15,14,Unauthorised
ATT202504004384,STU004384,SCH014,2025-04-01,16,15,Illness
ATT202504004386,STU004386,SCH031,2025-04-01,18,17,Other
ATT202504004387,STU004387,SCH033,2025-04-01,14,13,Unauthorised
ATT202504004389,STU004389,SCH029,2025-04-01,16,14,Unauthorised
ATT202504004390,STU004390,SCH007,2025-04-01,15,14,Other
ATT202504004392,STU004392,SCH027,2025-04-01,16,13,Other
ATT202504004393,STU004393,SCH032,2025-04-01,18,15,Unauthorised
ATT202504004394,STU004394,SCH010,2025-04-01,15,14,Medical
ATT202504004395,STU004395,SCH004,2025-04-01,17,15,Unauthorised
ATT202504004396,STU004396,SCH031,2025-04-01,18,18,
ATT202504004397,STU004397,SCH018,2025-04-01,16,16,
ATT202504004398,STU004398,SCH024,2025-04-01,17,14,Unauthorised
ATT202504004399,STU004399,SCH014,2025-04-01,18,17,Other
ATT202504004400,STU004400,SCH014,2025-04-01,18,16,Family
ATT202504004401,STU004401,SCH034,2025-04-01,18,16,Other
ATT202504004402,STU004402,SCH022,2025-04-01,17,15,Other
ATT202504004405,STU004405,SCH027,2025-04-01,17,15,Medical
ATT202504004406,STU004406,SCH014,2025-04-01,14,13,Medical
ATT202504004407,STU004407,SCH048,2025-04-01,14,12,Illness
ATT202504004408,STU004408,SCH043,2025-04-01,15,14,Illness
ATT202504004409,STU004409,SCH042,2025-04-01,16,14,Illness
ATT202504004410,STU004410,SCH012,2025-04-01,17,14,Family
ATT202504004411,STU004411,SCH004,2025-04-01,18,16,Illness
ATT202504004412,STU004412,SCH001,2025-04-01,17,14,Unauthorised
ATT202504004413,STU004413,SCH022,2025-04-01,15,13,Unauthorised
ATT202504004414,STU004414,SCH016,2025-04-01,17,17,
ATT202504004415,STU004415,SCH037,2025-04-01,17,16,Other
ATT202504004416,STU004416,SCH033,2025-04-01,17,16,Illness
ATT202504004417,STU004417,SCH022,2025-04-01,18,17,Unauthorised
ATT202504004418,STU004418,SCH008,2025-04-01,15,13,Family
ATT202504004419,STU004419,SCH030,2025-04-01,16,14,Unauthorised
ATT202504004420,STU004420,SCH011,2025-04-01,14,14,
ATT202504004421,STU004421,SCH009,2025-04-01,14,12,Unauthorised
ATT202504004422,STU004422,SCH007,2025-04-01,14,13,Other
ATT202504004423,STU004423,SCH043,2025-04-01,17,16,Family
ATT202504004424,STU004424,SCH023,2025-04-01,15,14,Medical
ATT202504004425,STU004425,SCH011,2025-04-01,18,16,Other
ATT202504004427,STU004427,SCH046,2025-04-01,15,13,Other
ATT202504004428,STU004428,SCH017,2025-04-01,15,14,Unauthorised
ATT202504004429,STU004429,SCH050,2025-04-01,17,15,Unauthorised
ATT202504004430,STU004430,SCH047,2025-04-01,16,15,Illness
ATT202504004431,STU004431,SCH010,2025-04-01,18,17,Medical
ATT202504004432,STU004432,SCH036,2025-04-01,15,14,Medical
ATT202504004433,STU004433,SCH026,2025-04-01,17,16,Medical
ATT202504004434,STU004434,SCH030,2025-04-01,16,14,Medical
ATT202504004435,STU004435,SCH031,2025-04-01,17,16,Medical
ATT202504004436,STU004436,SCH026,2025-04-01,15,15,
ATT202504004437,STU004437,SCH021,2025-04-01,15,13,Other
ATT202504004438,STU004438,SCH008,2025-04-01,18,17,Unauthorised
ATT202504004439,STU004439,SCH032,2025-04-01,14,13,Unauthorised
ATT202504004440,STU004440,SCH026,2025-04-01,16,16,
ATT202504004441,STU004441,SCH045,2025-04-01,18,16,Unauthorised
ATT202504004442,STU004442,SCH049,2025-04-01,14,12,Unauthorised
ATT202504004443,STU004443,SCH007,2025-04-01,16,16,
ATT202504004444,STU004444,SCH025,2025-04-01,18,16,Unauthorised
ATT202504004445,STU004445,SCH049,2025-04-01,16,14,Family
ATT202504004446,STU004446,SCH008,2025-04-01,17,15,Other
ATT202504004447,STU004447,SCH012,2025-04-01,14,12,Illness
ATT202504004448,STU004448,SCH026,2025-04-01,16,14,Illness
ATT202504004449,STU004449,SCH045,2025-04-01,14,13,Other
ATT202504004450,STU004450,SCH004,2025-04-01,14,13,Other
ATT202504004451,STU004451,SCH025,2025-04-01,14,13,Family
ATT202504004452,STU004452,SCH048,2025-04-01,16,14,Other
ATT202504004453,STU004453,SCH001,2025-04-01,17,16,Illness
ATT202504004454,STU004454,SCH007,2025-04-01,16,14,Unauthorised
ATT202504004455,STU004455,SCH032,2025-04-01,14,12,Family
ATT202504004456,STU004456,SCH043,2025-04-01,16,15,Illness
ATT202504004457,STU004457,SCH011,2025-04-01,15,14,Other
ATT202504004458,STU004458,SCH027,2025-04-01,17,16,Family
ATT202504004459,STU004459,SCH015,2025-04-01,17,16,Medical
ATT202504004460,STU004460,SCH005,2025-04-01,18,16,Medical
ATT202504004461,STU004461,SCH012,2025-04-01,17,15,Other
ATT202504004462,STU004462,SCH005,2025-04-01,18,17,Medical
ATT202504004463,STU004463,SCH044,2025-04-01,14,12,Illness
ATT202504004464,STU004464,SCH039,2025-04-01,17,15,Unauthorised
ATT202504004465,STU004465,SCH004,2025-04-01,17,16,Other
ATT202504004466,STU004466,SCH013,2025-04-01,14,13,Unauthorised
ATT202504004467,STU004467,SCH046,2025-04-01,17,15,Other
ATT202504004468,STU004468,SCH005,2025-04-01,15,13,Unauthorised
ATT202504004469,STU004469,SCH021,2025-04-01,15,14,Other
ATT202504004471,STU004471,SCH024,2025-04-01,15,14,Medical
ATT202504004472,STU004472,SCH011,2025-04-01,15,13,Unauthorised
ATT202504004473,STU004473,SCH039,2025-04-01,15,14,Illness
ATT202504004474,STU004474,SCH027,2025-04-01,16,14,Illness
ATT202504004475,STU004475,SCH004,2025-04-01,15,13,Medical
ATT202504004476,STU004476,SCH025,2025-04-01,14,14,
ATT202504004477,STU004477,SCH023,2025-04-01,16,14,Unauthorised
ATT202504004478,STU004478,SCH003,2025-04-01,17,16,Family
ATT202504004479,STU004479,SCH033,2025-04-01,17,15,Illness
ATT202504004481,STU004481,SCH046,2025-04-01,17,15,Medical
ATT202504004482,STU004482,SCH014,2025-04-01,18,16,Family
ATT202504004483,STU004483,SCH035,2025-04-01,17,15,Other
ATT202504004484,STU004484,SCH009,2025-04-01,15,13,Other
ATT202504004485,STU004485,SCH031,2025-04-01,16,15,Family
ATT202504004486,STU004486,SCH005,2025-04-01,16,14,Medical
ATT202504004487,STU004487,SCH042,2025-04-01,14,12,Unauthorised
ATT202504004488,STU004488,SCH025,2025-04-01,17,16,Illness
ATT202504004489,STU004489,SCH017,2025-04-01,16,16,
ATT202504004490,STU004490,SCH030,2025-04-01,18,17,Other
ATT202504004491,STU004491,SCH024,2025-04-01,16,14,Family
ATT202504004492,STU004492,SCH003,2025-04-01,14,13,Family
ATT202504004493,STU004493,SCH013,2025-04-01,18,16,Illness
ATT202504004494,STU004494,SCH035,2025-04-01,14,13,Illness
ATT202504004495,STU004495,SCH003,2025-04-01,16,15,Illness
ATT202504004497,STU004497,SCH015,2025-04-01,14,13,Unauthorised
ATT202504004498,STU004498,SCH028,2025-04-01,15,13,Medical
ATT202504004499,STU004499,SCH032,2025-04-01,15,13,Illness
ATT202504004500,STU004500,SCH049,2025-04-01,15,13,Family
ATT202504004501,STU004501,SCH039,2025-04-01,14,13,Other
ATT202504004502,STU004502,SCH046,2025-04-01,18,15,Other
ATT202504004503,STU004503,SCH042,2025-04-01,15,13,Illness
ATT202504004504,STU004504,SCH045,2025-04-01,17,15,Illness
ATT202504004506,STU004506,SCH010,2025-04-01,15,13,Unauthorised
ATT202504004507,STU004507,SCH027,2025-04-01,15,14,Other
ATT202504004508,STU004508,SCH029,2025-04-01,17,16,Other
ATT202504004509,STU004509,SCH029,2025-04-01,17,15,Family
ATT202504004510,STU004510,SCH016,2025-04-01,17,16,Medical
ATT202504004511,STU004511,SCH042,2025-04-01,17,14,Other
ATT202504004512,STU004512,SCH046,2025-04-01,16,13,Illness
ATT202504004513,STU004513,SCH040,2025-04-01,15,15,
ATT202504004514,STU004514,SCH010,2025-04-01,18,15,Unauthorised
ATT202504004515,STU004515,SCH035,2025-04-01,14,12,Unauthorised
ATT202504004516,STU004516,SCH029,2025-04-01,16,15,Unauthorised
ATT202504004517,STU004517,SCH039,2025-04-01,14,13,Unauthorised
ATT202504004518,STU004518,SCH042,2025-04-01,14,13,Unauthorised
ATT202504004519,STU004519,SCH003,2025-04-01,17,16,Medical
ATT202504004520,STU004520,SCH047,2025-04-01,14,12,Unauthorised
ATT202504004521,STU004521,SCH029,2025-04-01,14,13,Illness
ATT202504004522,STU004522,SCH010,2025-04-01,14,12,Medical
ATT202504004524,STU004524,SCH038,2025-04-01,16,15,Other
ATT202504004525,STU004525,SCH036,2025-04-01,18,17,Medical
ATT202504004526,STU004526,SCH004,2025-04-01,16,14,Illness
ATT202504004527,STU004527,SCH016,2025-04-01,14,13,Medical
ATT202504004528,STU004528,SCH011,2025-04-01,18,17,Medical
ATT202504004529,STU004529,SCH047,2025-04-01,15,14,Family
ATT202504004530,STU004530,SCH019,2025-04-01,18,16,Illness
ATT202504004531,STU004531,SCH039,2025-04-01,14,14,
ATT202504004532,STU004532,SCH039,2025-04-01,16,15,Illness
ATT202504004533,STU004533,SCH045,2025-04-01,17,14,Family
ATT202504004535,STU004535,SCH009,2025-04-01,17,14,Other
ATT202504004536,STU004536,SCH035,2025-04-01,15,14,Illness
ATT202504004537,STU004537,SCH019,2025-04-01,17,15,Medical
ATT202504004538,STU004538,SCH029,2025-04-01,16,15,Illness
ATT202504004539,STU004539,SCH038,2025-04-01,18,17,Other
ATT202504004540,STU004540,SCH001,2025-04-01,17,15,Family
ATT202504004541,STU004541,SCH016,2025-04-01,16,15,Illness
ATT202504004542,STU004542,SCH008,2025-04-01,18,17,Family
ATT202504004544,STU004544,SCH001,2025-04-01,16,14,Medical
ATT202504004545,STU004545,SCH011,2025-04-01,16,13,Illness
ATT202504004546,STU004546,SCH035,2025-04-01,15,13,Unauthorised
ATT202504004548,STU004548,SCH042,2025-04-01,15,13,Unauthorised
ATT202504004550,STU004550,SCH022,2025-04-01,16,15,Unauthorised
ATT202504004553,STU004553,SCH026,2025-04-01,14,13,Family
ATT202504004555,STU004555,SCH025,2025-04-01,15,14,Medical
ATT202504004556,STU004556,SCH033,2025-04-01,14,14,
ATT202504004557,STU004557,SCH006,2025-04-01,15,14,Illness
ATT202504004558,STU004558,SCH018,2025-04-01,14,12,Unauthorised
ATT202504004560,STU004560,SCH045,2025-04-01,16,14,Illness
ATT202504004561,STU004561,SCH008,2025-04-01,15,13,Illness
ATT202504004562,STU004562,SCH021,2025-04-01,15,13,Family
ATT202504004563,STU004563,SCH013,2025-04-01,14,13,Other
ATT202504004565,STU004565,SCH017,2025-04-01,15,14,Medical
ATT202504004566,STU004566,SCH022,2025-04-01,14,13,Family
ATT202504004567,STU004567,SCH029,2025-04-01,18,16,Other
ATT202504004568,STU004568,SCH050,2025-04-01,17,16,Unauthorised
ATT202504004569,STU004569,SCH021,2025-04-01,18,13,Medical
ATT202504004571,STU004571,SCH014,2025-04-01,17,16,Family
ATT202504004572,STU004572,SCH031,2025-04-01,16,15,Medical
ATT202504004573,STU004573,SCH033,2025-04-01,16,14,Unauthorised
ATT202504004574,STU004574,SCH031,2025-04-01,16,14,Family
ATT202504004575,STU004575,SCH045,2025-04-01,18,17,Other
ATT202504004576,STU004576,SCH037,2025-04-01,14,13,Unauthorised
ATT202504004577,STU004577,SCH027,2025-04-01,14,13,Family
ATT202504004578,STU004578,SCH018,2025-04-01,18,16,Illness
ATT202504004579,STU004579,SCH039,2025-04-01,17,15,Medical
ATT202504004580,STU004580,SCH042,2025-04-01,17,17,
ATT202504004581,STU004581,SCH024,2025-04-01,18,15,Other
ATT202504004582,STU004582,SCH013,2025-04-01,15,14,Family
ATT202504004583,STU004583,SCH050,2025-04-01,15,14,Family
ATT202504004584,STU004584,SCH038,2025-04-01,16,14,Other
ATT202504004585,STU004585,SCH001,2025-04-01,14,13,Unauthorised
ATT202504004586,STU004586,SCH039,2025-04-01,14,13,Unauthorised
ATT202504004587,STU004587,SCH014,2025-04-01,17,17,
ATT202504004588,STU004588,SCH029,2025-04-01,15,13,Family
ATT202504004589,STU004589,SCH004,2025-04-01,18,16,Unauthorised
ATT202504004590,STU004590,SCH040,2025-04-01,18,18,
ATT202504004591,STU004591,SCH050,2025-04-01,17,16,Medical
ATT202504004592,STU004592,SCH043,2025-04-01,14,12,Other
ATT202504004593,STU004593,SCH008,2025-04-01,16,14,Other
ATT202504004594,STU004594,SCH025,2025-04-01,16,15,Other
ATT202504004595,STU004595,SCH046,2025-04-01,15,14,Family
ATT202504004596,STU004596,SCH036,2025-04-01,16,15,Unauthorised
ATT202504004597,STU004597,SCH032,2025-04-01,18,16,Family
ATT202504004598,STU004598,SCH006,2025-04-01,18,18,
ATT202504004599,STU004599,SCH018,2025-04-01,16,15,Illness
ATT202504004600,STU004600,SCH007,2025-04-01,17,15,Medical
ATT202504004601,STU004601,SCH029,2025-04-01,17,15,Medical
ATT202504004602,STU004602,SCH014,2025-04-01,18,17,Other
ATT202504004603,STU004603,SCH036,2025-04-01,18,17,Illness
ATT202504004604,STU004604,SCH012,2025-04-01,15,13,Illness
ATT202504004605,STU004605,SCH034,2025-04-01,15,14,Medical
ATT202504004606,STU004606,SCH019,2025-04-01,16,15,Other
ATT202504004607,STU004607,SCH035,2025-04-01,15,13,Unauthorised
ATT202504004608,STU004608,SCH027,2025-04-01,16,14,Other
ATT202504004609,STU004609,SCH039,2025-04-01,15,14,Unauthorised
ATT202504004610,STU004610,SCH033,2025-04-01,16,15,Medical
ATT202504004611,STU004611,SCH001,2025-04-01,16,12,Illness
ATT202504004612,STU004612,SCH006,2025-04-01,17,15,Other
ATT202504004613,STU004613,SCH014,2025-04-01,17,16,Illness
ATT202504004614,STU004614,SCH040,2025-04-01,16,15,Medical
ATT202504004615,STU004615,SCH033,2025-04-01,14,14,
ATT202504004616,STU004616,SCH022,2025-04-01,17,16,Medical
ATT202504004617,STU004617,SCH012,2025-04-01,14,13,Medical
ATT202504004618,STU004618,SCH026,2025-04-01,18,18,
ATT202504004619,STU004619,SCH011,2025-04-01,18,17,Medical
ATT202504004620,STU004620,SCH046,2025-04-01,14,13,Unauthorised
ATT202504004621,STU004621,SCH020,2025-04-01,18,18,
ATT202504004622,STU004622,SCH019,2025-04-01,16,15,Illness
ATT202504004623,STU004623,SCH011,2025-04-01,16,15,Medical
ATT202504004624,STU004624,SCH008,2025-04-01,16,15,Family
ATT202504004625,STU004625,SCH021,2025-04-01,16,14,Unauthorised
ATT202504004626,STU004626,SCH001,2025-04-01,14,13,Unauthorised
ATT202504004627,STU004627,SCH016,2025-04-01,15,14,Illness
ATT202504004628,STU004628,SCH016,2025-04-01,18,17,Unauthorised
ATT202504004629,STU004629,SCH026,2025-04-01,14,14,
ATT202504004630,STU004630,SCH030,2025-04-01,16,14,Other
ATT202504004631,STU004631,SCH032,2025-04-01,16,15,Family
ATT202504004632,STU004632,SCH004,2025-04-01,18,17,Illness
ATT202504004634,STU004634,SCH044,2025-04-01,17,15,Other
ATT202504004635,STU004635,SCH021,2025-04-01,17,15,Illness
ATT202504004636,STU004636,SCH038,2025-04-01,16,15,Medical
ATT202504004637,STU004637,SCH031,2025-04-01,14,12,Family
ATT202504004638,STU004638,SCH021,2025-04-01,15,14,Illness
ATT202504004639,STU004639,SCH029,2025-04-01,16,14,Unauthorised
ATT202504004640,STU004640,SCH015,2025-04-01,15,14,Other
ATT202504004641,STU004641,SCH019,2025-04-01,15,14,Other
ATT202504004642,STU004642,SCH005,2025-04-01,16,14,Family
ATT202504004643,STU004643,SCH046,2025-04-01,17,15,Illness
ATT202504004644,STU004644,SCH042,2025-04-01,15,13,Other
ATT202504004645,STU004645,SCH008,2025-04-01,14,13,Unauthorised
ATT202504004646,STU004646,SCH046,2025-04-01,16,14,Family
ATT202504004647,STU004647,SCH004,2025-04-01,17,16,Family
ATT202504004648,STU004648,SCH001,2025-04-01,18,17,Medical
ATT202504004649,STU004649,SCH046,2025-04-01,18,13,Family
ATT202504004650,STU004650,SCH032,2025-04-01,18,17,Illness
ATT202504004651,STU004651,SCH034,2025-04-01,18,15,Medical
ATT202504004653,STU004653,SCH034,2025-04-01,15,14,Unauthorised
ATT202504004654,STU004654,SCH031,2025-04-01,14,13,Medical
ATT202504004655,STU004655,SCH027,2025-04-01,17,15,Unauthorised
ATT202504004656,STU004656,SCH046,2025-04-01,14,13,Medical
ATT202504004657,STU004657,SCH007,2025-04-01,18,16,Other
ATT202504004658,STU004658,SCH028,2025-04-01,17,16,Other
ATT202504004659,STU004659,SCH009,2025-04-01,14,13,Other
ATT202504004660,STU004660,SCH017,2025-04-01,15,13,Medical
ATT202504004661,STU004661,SCH011,2025-04-01,15,15,
ATT202504004663,STU004663,SCH024,2025-04-01,17,14,Illness
ATT202504004664,STU004664,SCH014,2025-04-01,14,13,Family
ATT202504004665,STU004665,SCH018,2025-04-01,17,15,Illness
ATT202504004666,STU004666,SCH012,2025-04-01,18,16,Family
ATT202504004667,STU004667,SCH045,2025-04-01,17,15,Medical
ATT202504004669,STU004669,SCH046,2025-04-01,15,14,Illness
ATT202504004670,STU004670,SCH025,2025-04-01,14,13,Family
ATT202504004671,STU004671,SCH005,2025-04-01,17,16,Illness
ATT202504004672,STU004672,SCH013,2025-04-01,16,13,Unauthorised
ATT202504004673,STU004673,SCH003,2025-04-01,17,16,Medical
ATT202504004674,STU004674,SCH005,2025-04-01,15,13,Unauthorised
ATT202504004675,STU004675,SCH011,2025-04-01,14,14,
ATT202504004676,STU004676,SCH010,2025-04-01,15,14,Medical
ATT202504004677,STU004677,SCH010,2025-04-01,16,14,Other
ATT202504004679,STU004679,SCH009,2025-04-01,18,15,Medical
ATT202504004680,STU004680,SCH006,2025-04-01,14,13,Medical
ATT202504004681,STU004681,SCH048,2025-04-01,15,15,
ATT202504004682,STU004682,SCH012,2025-04-01,18,17,Illness
ATT202504004683,STU004683,SCH046,2025-04-01,15,15,
ATT202504004684,STU004684,SCH005,2025-04-01,18,16,Illness
ATT202504004685,STU004685,SCH012,2025-04-01,15,12,Illness
ATT202504004686,STU004686,SCH013,2025-04-01,15,14,Other
ATT202504004687,STU004687,SCH030,2025-04-01,17,15,Other
ATT202504004688,STU004688,SCH013,2025-04-01,15,14,Other
ATT202504004689,STU004689,SCH036,2025-04-01,16,13,Family
ATT202504004690,STU004690,SCH003,2025-04-01,16,15,Illness
ATT202504004691,STU004691,SCH013,2025-04-01,18,15,Family
ATT202504004692,STU004692,SCH014,2025-04-01,15,14,Medical
ATT202504004693,STU004693,SCH023,2025-04-01,14,12,Other
ATT202504004694,STU004694,SCH033,2025-04-01,17,16,Illness
ATT202504004695,STU004695,SCH032,2025-04-01,15,15,
ATT202504004696,STU004696,SCH024,2025-04-01,15,13,Family
ATT202504004697,STU004697,SCH002,2025-04-01,14,13,Family
ATT202504004698,STU004698,SCH030,2025-04-01,14,13,Illness
ATT202504004699,STU004699,SCH037,2025-04-01,15,13,Unauthorised
ATT202504004700,STU004700,SCH026,2025-04-01,18,16,Family
ATT202504004701,STU004701,SCH034,2025-04-01,16,15,Medical
ATT202504004703,STU004703,SCH048,2025-04-01,15,13,Unauthorised
ATT202504004704,STU004704,SCH020,2025-04-01,17,16,Unauthorised
ATT202504004705,STU004705,SCH020,2025-04-01,15,13,Unauthorised
ATT202504004706,STU004706,SCH049,2025-04-01,14,11,Other
ATT202504004707,STU004707,SCH023,2025-04-01,18,16,Illness
ATT202504004708,STU004708,SCH033,2025-04-01,17,16,Unauthorised
ATT202504004709,STU004709,SCH007,2025-04-01,18,17,Other
ATT202504004710,STU004710,SCH044,2025-04-01,17,14,Other
ATT202504004711,STU004711,SCH013,2025-04-01,14,13,Family
ATT202504004712,STU004712,SCH039,2025-04-01,17,16,Medical
ATT202504004713,STU004713,SCH017,2025-04-01,15,14,Family
ATT202504004714,STU004714,SCH029,2025-04-01,15,14,Unauthorised
ATT202504004715,STU004715,SCH044,2025-04-01,14,12,Family
ATT202504004716,STU004716,SCH001,2025-04-01,16,14,Unauthorised
ATT202504004717,STU004717,SCH004,2025-04-01,16,14,Family
ATT202504004718,STU004718,SCH046,2025-04-01,18,17,Illness
ATT202504004719,STU004719,SCH032,2025-04-01,14,13,Unauthorised
ATT202504004720,STU004720,SCH009,2025-04-01,18,16,Illness
ATT202504004722,STU004722,SCH011,2025-04-01,16,15,Family
ATT202504004723,STU004723,SCH020,2025-04-01,14,13,Unauthorised
ATT202504004724,STU004724,SCH043,2025-04-01,17,16,Illness
ATT202504004725,STU004725,SCH007,2025-04-01,16,15,Other
ATT202504004727,STU004727,SCH020,2025-04-01,14,14,
ATT202504004728,STU004728,SCH010,2025-04-01,18,18,
ATT202504004729,STU004729,SCH009,2025-04-01,16,15,Illness
ATT202504004730,STU004730,SCH048,2025-04-01,15,14,Other
ATT202504004731,STU004731,SCH027,2025-04-01,15,14,Other
ATT202504004732,STU004732,SCH010,2025-04-01,17,16,Illness
ATT202504004733,STU004733,SCH006,2025-04-01,17,16,Other
ATT202504004734,STU004734,SCH042,2025-04-01,18,16,Unauthorised
ATT202504004735,STU004735,SCH031,2025-04-01,18,17,Medical
ATT202504004736,STU004736,SCH010,2025-04-01,18,17,Other
ATT202504004737,STU004737,SCH021,2025-04-01,15,14,Unauthorised
ATT202504004738,STU004738,SCH005,2025-04-01,18,16,Illness
ATT202504004739,STU004739,SCH029,2025-04-01,16,14,Unauthorised
ATT202504004740,STU004740,SCH001,2025-04-01,15,12,Other
ATT202504004741,STU004741,SCH047,2025-04-01,18,18,
ATT202504004743,STU004743,SCH010,2025-04-01,16,14,Other
ATT202504004744,STU004744,SCH028,2025-04-01,17,16,Medical
ATT202504004745,STU004745,SCH032,2025-04-01,18,17,Other
ATT202504004746,STU004746,SCH035,2025-04-01,18,16,Medical
ATT202504004747,STU004747,SCH021,2025-04-01,15,14,Family
ATT202504004748,STU004748,SCH012,2025-04-01,14,12,Medical
ATT202504004750,STU004750,SCH018,2025-04-01,16,15,Medical
ATT202504004751,STU004751,SCH040,2025-04-01,15,14,Other
ATT202504004752,STU004752,SCH009,2025-04-01,18,16,Family
ATT202504004753,STU004753,SCH030,2025-04-01,18,17,Other
ATT202504004754,STU004754,SCH016,2025-04-01,17,15,Illness
ATT202504004755,STU004755,SCH021,2025-04-01,14,13,Unauthorised
ATT202504004756,STU004756,SCH048,2025-04-01,17,15,Other
ATT202504004757,STU004757,SCH037,2025-04-01,15,13,Other
ATT202504004758,STU004758,SCH050,2025-04-01,15,13,Medical
ATT202504004759,STU004759,SCH028,2025-04-01,16,15,Family
ATT202504004760,STU004760,SCH017,2025-04-01,16,14,Medical
ATT202504004761,STU004761,SCH012,2025-04-01,18,16,Other
ATT202504004762,STU004762,SCH011,2025-04-01,17,15,Medical
ATT202504004763,STU004763,SCH044,2025-04-01,18,16,Illness
ATT202504004764,STU004764,SCH024,2025-04-01,15,15,
ATT202504004765,STU004765,SCH046,2025-04-01,15,14,Illness
ATT202504004766,STU004766,SCH026,2025-04-01,17,17,
ATT202504004767,STU004767,SCH029,2025-04-01,16,15,Medical
ATT202504004768,STU004768,SCH004,2025-04-01,17,16,Illness
ATT202504004769,STU004769,SCH007,2025-04-01,16,15,Unauthorised
ATT202504004770,STU004770,SCH011,2025-04-01,14,12,Other
ATT202504004771,STU004771,SCH015,2025-04-01,15,13,Medical
ATT202504004772,STU004772,SCH007,2025-04-01,15,13,Other
ATT202504004773,STU004773,SCH011,2025-04-01,18,16,Family
ATT202504004774,STU004774,SCH008,2025-04-01,15,14,Other
ATT202504004775,STU004775,SCH050,2025-04-01,15,14,Illness
ATT202504004776,STU004776,SCH027,2025-04-01,16,15,Illness
ATT202504004777,STU004777,SCH048,2025-04-01,17,15,Medical
ATT202504004779,STU004779,SCH031,2025-04-01,16,15,Illness
ATT202504004780,STU004780,SCH044,2025-04-01,16,15,Other
ATT202504004781,STU004781,SCH008,2025-04-01,14,13,Medical
ATT202504004782,STU004782,SCH001,2025-04-01,17,17,
ATT202504004783,STU004783,SCH033,2025-04-01,14,13,Illness
ATT202504004784,STU004784,SCH033,2025-04-01,16,15,Medical
ATT202504004785,STU004785,SCH050,2025-04-01,18,16,Medical
ATT202504004786,STU004786,SCH032,2025-04-01,16,14,Unauthorised
ATT202504004787,STU004787,SCH040,2025-04-01,18,16,Family
ATT202504004788,STU004788,SCH011,2025-04-01,15,14,Illness
ATT202504004789,STU004789,SCH048,2025-04-01,18,16,Medical
ATT202504004790,STU004790,SCH021,2025-04-01,17,17,
ATT202504004791,STU004791,SCH006,2025-04-01,14,12,Other
ATT202504004792,STU004792,SCH010,2025-04-01,16,15,Family
ATT202504004793,STU004793,SCH002,2025-04-01,15,12,Medical
ATT202504004795,STU004795,SCH015,2025-04-01,16,15,Family
ATT202504004796,STU004796,SCH006,2025-04-01,17,16,Other
ATT202504004797,STU004797,SCH028,2025-04-01,14,13,Family
ATT202504004798,STU004798,SCH048,2025-04-01,17,16,Family
ATT202504004799,STU004799,SCH027,2025-04-01,15,14,Medical
ATT202504004800,STU004800,SCH019,2025-04-01,18,18,
ATT202504004801,STU004801,SCH015,2025-04-01,14,13,Family
ATT202504004802,STU004802,SCH014,2025-04-01,16,14,Other
ATT202504004803,STU004803,SCH035,2025-04-01,17,15,Illness
ATT202504004804,STU004804,SCH029,2025-04-01,14,11,Medical
ATT202504004805,STU004805,SCH016,2025-04-01,16,14,Unauthorised
ATT202504004806,STU004806,SCH037,2025-04-01,18,17,Illness
ATT202504004807,STU004807,SCH034,2025-04-01,18,15,Family
ATT202504004808,STU004808,SCH015,2025-04-01,16,15,Family
ATT202504004809,STU004809,SCH011,2025-04-01,15,14,Other
ATT202504004810,STU004810,SCH026,2025-04-01,14,13,Other
ATT202504004812,STU004812,SCH030,2025-04-01,15,14,Medical
ATT202504004813,STU004813,SCH047,2025-04-01,17,17,
ATT202504004814,STU004814,SCH031,2025-04-01,17,16,Unauthorised
ATT202504004815,STU004815,SCH001,2025-04-01,15,13,Illness
ATT202504004816,STU004816,SCH045,2025-04-01,16,15,Family
ATT202504004817,STU004817,SCH043,2025-04-01,18,17,Unauthorised
ATT202504004818,STU004818,SCH031,2025-04-01,17,15,Other
ATT202504004819,STU004819,SCH026,2025-04-01,14,13,Medical
ATT202504004820,STU004820,SCH049,2025-04-01,15,14,Other
ATT202504004821,STU004821,SCH012,2025-04-01,14,12,Illness
ATT202504004822,STU004822,SCH044,2025-04-01,14,12,Family
ATT202504004823,STU004823,SCH037,2025-04-01,16,15,Unauthorised
ATT202504004824,STU004824,SCH007,2025-04-01,14,13,Illness
ATT202504004825,STU004825,SCH007,2025-04-01,15,15,
ATT202504004826,STU004826,SCH039,2025-04-01,17,17,
ATT202504004827,STU004827,SCH029,2025-04-01,14,12,Illness
ATT202504004828,STU004828,SCH044,2025-04-01,15,13,Family
ATT202504004829,STU004829,SCH017,2025-04-01,14,13,Unauthorised
ATT202504004830,STU004830,SCH026,2025-04-01,15,13,Medical
ATT202504004831,STU004831,SCH026,2025-04-01,18,17,Medical
ATT202504004832,STU004832,SCH009,2025-04-01,14,13,Unauthorised
ATT202504004833,STU004833,SCH011,2025-04-01,14,13,Unauthorised
ATT202504004834,STU004834,SCH045,2025-04-01,18,16,Other
ATT202504004835,STU004835,SCH019,2025-04-01,16,14,Family
ATT202504004836,STU004836,SCH006,2025-04-01,18,18,
ATT202504004837,STU004837,SCH032,2025-04-01,15,13,Unauthorised
ATT202504004838,STU004838,SCH018,2025-04-01,18,17,Illness
ATT202504004839,STU004839,SCH034,2025-04-01,15,13,Family
ATT202504004840,STU004840,SCH015,2025-04-01,18,15,Other
ATT202504004841,STU004841,SCH046,2025-04-01,18,16,Unauthorised
ATT202504004842,STU004842,SCH018,2025-04-01,18,16,Family
ATT202504004843,STU004843,SCH028,2025-04-01,18,18,
ATT202504004844,STU004844,SCH027,2025-04-01,15,13,Illness
ATT202504004845,STU004845,SCH035,2025-04-01,17,14,Family
ATT202504004846,STU004846,SCH025,2025-04-01,17,16,Family
ATT202504004848,STU004848,SCH045,2025-04-01,14,13,Other
ATT202504004849,STU004849,SCH048,2025-04-01,16,16,
ATT202504004850,STU004850,SCH048,2025-04-01,16,15,Medical
ATT202504004851,STU004851,SCH044,2025-04-01,17,16,Unauthorised
ATT202504004852,STU004852,SCH033,2025-04-01,17,15,Other
ATT202504004853,STU004853,SCH004,2025-04-01,15,13,Illness
ATT202504004854,STU004854,SCH022,2025-04-01,18,17,Other
ATT202504004855,STU004855,SCH034,2025-04-01,18,18,
ATT202504004856,STU004856,SCH006,2025-04-01,14,13,Illness
ATT202504004857,STU004857,SCH046,2025-04-01,18,17,Family
ATT202504004858,STU004858,SCH013,2025-04-01,14,14,
ATT202504004859,STU004859,SCH029,2025-04-01,15,13,Other
ATT202504004860,STU004860,SCH046,2025-04-01,15,14,Medical
ATT202504004861,STU004861,SCH022,2025-04-01,15,14,Medical
ATT202504004862,STU004862,SCH007,2025-04-01,17,15,Family
ATT202504004863,STU004863,SCH024,2025-04-01,16,15,Family
ATT202504004864,STU004864,SCH042,2025-04-01,18,16,Unauthorised
ATT202504004865,STU004865,SCH036,2025-04-01,14,12,Medical
ATT202504004866,STU004866,SCH028,2025-04-01,14,13,Other
ATT202504004867,STU004867,SCH036,2025-04-01,17,16,Illness
ATT202504004868,STU004868,SCH040,2025-04-01,16,15,Medical
ATT202504004869,STU004869,SCH004,2025-04-01,16,14,Unauthorised
ATT202504004870,STU004870,SCH022,2025-04-01,17,14,Family
ATT202504004871,STU004871,SCH004,2025-04-01,14,13,Family
ATT202504004872,STU004872,SCH044,2025-04-01,14,12,Family
ATT202504004873,STU004873,SCH026,2025-04-01,14,13,Medical
ATT202504004874,STU004874,SCH004,2025-04-01,14,13,Unauthorised
ATT202504004875,STU004875,SCH007,2025-04-01,14,14,
ATT202504004876,STU004876,SCH040,2025-04-01,15,14,Illness
ATT202504004877,STU004877,SCH022,2025-04-01,18,17,Medical
ATT202504004879,STU004879,SCH030,2025-04-01,15,14,Other
ATT202504004880,STU004880,SCH040,2025-04-01,18,17,Other
ATT202504004881,STU004881,SCH031,2025-04-01,18,17,Illness
ATT202504004882,STU004882,SCH007,2025-04-01,14,14,
ATT202504004883,STU004883,SCH019,2025-04-01,17,17,
ATT202504004884,STU004884,SCH026,2025-04-01,16,15,Unauthorised
ATT202504004885,STU004885,SCH007,2025-04-01,16,14,Illness
ATT202504004886,STU004886,SCH006,2025-04-01,18,16,Family
ATT202504004887,STU004887,SCH031,2025-04-01,15,14,Medical
ATT202504004888,STU004888,SCH011,2025-04-01,15,14,Family
ATT202504004889,STU004889,SCH002,2025-04-01,15,12,Family
ATT202504004890,STU004890,SCH049,2025-04-01,14,12,Medical
ATT202504004892,STU004892,SCH046,2025-04-01,18,16,Family
ATT202504004893,STU004893,SCH035,2025-04-01,18,16,Medical
ATT202504004894,STU004894,SCH019,2025-04-01,17,16,Illness
ATT202504004895,STU004895,SCH047,2025-04-01,14,14,
ATT202504004896,STU004896,SCH035,2025-04-01,14,13,Other
ATT202504004897,STU004897,SCH001,2025-04-01,18,17,Illness
ATT202504004898,STU004898,SCH031,2025-04-01,17,17,
ATT202504004899,STU004899,SCH016,2025-04-01,17,16,Unauthorised
ATT202504004900,STU004900,SCH007,2025-04-01,14,13,Illness
ATT202504004901,STU004901,SCH012,2025-04-01,14,12,Family
ATT202504004902,STU004902,SCH010,2025-04-01,18,16,Unauthorised
ATT202504004903,STU004903,SCH003,2025-04-01,16,15,Medical
ATT202504004904,STU004904,SCH012,2025-04-01,15,13,Unauthorised
ATT202504004905,STU004905,SCH017,2025-04-01,18,14,Other
ATT202504004906,STU004906,SCH022,2025-04-01,16,14,Illness
ATT202504004907,STU004907,SCH039,2025-04-01,15,13,Other
ATT202504004908,STU004908,SCH001,2025-04-01,17,15,Other
ATT202504004909,STU004909,SCH048,2025-04-01,17,16,Family
ATT202504004910,STU004910,SCH015,2025-04-01,16,14,Family
ATT202504004911,STU004911,SCH038,2025-04-01,18,16,Unauthorised
ATT202504004913,STU004913,SCH020,2025-04-01,14,14,
ATT202504004914,STU004914,SCH041,2025-04-01,14,14,
ATT202504004915,STU004915,SCH025,2025-04-01,18,17,Unauthorised
ATT202504004917,STU004917,SCH035,2025-04-01,17,16,Unauthorised
ATT202504004918,STU004918,SCH039,2025-04-01,17,15,Medical
ATT202504004919,STU004919,SCH031,2025-04-01,14,12,Unauthorised
ATT202504004921,STU004921,SCH030,2025-04-01,14,13,Medical
ATT202504004922,STU004922,SCH043,2025-04-01,14,13,Family
ATT202504004923,STU004923,SCH037,2025-04-01,16,15,Unauthorised
ATT202504004924,STU004924,SCH025,2025-04-01,16,14,Family
ATT202504004925,STU004925,SCH046,2025-04-01,18,15,Family
ATT202504004926,STU004926,SCH003,2025-04-01,15,14,Family
ATT202504004927,STU004927,SCH038,2025-04-01,14,13,Medical
ATT202504004929,STU004929,SCH050,2025-04-01,18,15,Unauthorised
ATT202504004930,STU004930,SCH009,2025-04-01,18,16,Illness
ATT202504004931,STU004931,SCH019,2025-04-01,18,17,Illness
ATT202504004932,STU004932,SCH018,2025-04-01,17,16,Unauthorised
ATT202504004933,STU004933,SCH040,2025-04-01,16,15,Illness
ATT202504004934,STU004934,SCH018,2025-04-01,14,13,Illness
ATT202504004935,STU004935,SCH010,2025-04-01,14,13,Other
ATT202504004936,STU004936,SCH043,2025-04-01,15,13,Illness
ATT202504004937,STU004937,SCH047,2025-04-01,15,14,Illness
ATT202504004938,STU004938,SCH008,2025-04-01,14,13,Medical
ATT202504004939,STU004939,SCH039,2025-04-01,14,13,Family
ATT202504004940,STU004940,SCH047,2025-04-01,18,17,Medical
ATT202504004941,STU004941,SCH032,2025-04-01,16,14,Family
ATT202504004942,STU004942,SCH021,2025-04-01,14,13,Medical
ATT202504004943,STU004943,SCH043,2025-04-01,15,14,Medical
ATT202504004944,STU004944,SCH044,2025-04-01,18,16,Unauthorised
ATT202504004945,STU004945,SCH042,2025-04-01,16,12,Medical
ATT202504004946,STU004946,SCH021,2025-04-01,16,15,Other
ATT202504004947,STU004947,SCH035,2025-04-01,14,12,Family
ATT202504004948,STU004948,SCH019,2025-04-01,15,14,Unauthorised
ATT202504004949,STU004949,SCH015,2025-04-01,18,16,Other
ATT202504004950,STU004950,SCH013,2025-04-01,15,14,Medical
ATT202504004951,STU004951,SCH035,2025-04-01,16,16,
ATT202504004952,STU004952,SCH011,2025-04-01,14,14,
ATT202504004953,STU004953,SCH015,2025-04-01,16,16,
ATT202504004954,STU004954,SCH046,2025-04-01,14,13,Illness
ATT202504004955,STU004955,SCH027,2025-04-01,17,15,Unauthorised
ATT202504004956,STU004956,SCH029,2025-04-01,18,16,Unauthorised
ATT202504004957,STU004957,SCH017,2025-04-01,18,14,Unauthorised
ATT202504004958,STU004958,SCH041,2025-04-01,15,14,Other
ATT202504004959,STU004959,SCH036,2025-04-01,15,14,Illness
ATT202504004960,STU004960,SCH006,2025-04-01,14,13,Illness
ATT202504004961,STU004961,SCH005,2025-04-01,17,16,Illness
ATT202504004962,STU004962,SCH029,2025-04-01,14,12,Unauthorised
ATT202504004963,STU004963,SCH034,2025-04-01,18,16,Unauthorised
ATT202504004964,STU004964,SCH041,2025-04-01,16,15,Family
ATT202504004965,STU004965,SCH020,2025-04-01,17,15,Unauthorised
ATT202504004966,STU004966,SCH018,2025-04-01,14,12,Illness
ATT202504004967,STU004967,SCH014,2025-04-01,14,13,Other
ATT202504004968,STU004968,SCH020,2025-04-01,15,13,Other
ATT202504004969,STU004969,SCH049,2025-04-01,16,14,Illness
ATT202504004970,STU004970,SCH013,2025-04-01,16,15,Medical
ATT202504004971,STU004971,SCH022,2025-04-01,17,14,Other
ATT202504004972,STU004972,SCH018,2025-04-01,15,14,Medical
ATT202504004973,STU004973,SCH027,2025-04-01,14,13,Unauthorised
ATT202504004974,STU004974,SCH010,2025-04-01,14,13,Unauthorised
ATT202504004975,STU004975,SCH039,2025-04-01,15,14,Unauthorised
ATT202504004977,STU004977,SCH029,2025-04-01,18,15,Medical
ATT202504004978,STU004978,SCH025,2025-04-01,17,16,Other
ATT202504004979,STU004979,SCH035,2025-04-01,17,15,Illness
ATT202504004980,STU004980,SCH047,2025-04-01,16,15,Medical
ATT202504004981,STU004981,SCH049,2025-04-01,15,13,Other
ATT202504004982,STU004982,SCH050,2025-04-01,17,15,Medical
ATT202504004983,STU004983,SCH010,2025-04-01,18,17,Unauthorised
ATT202504004985,STU004985,SCH012,2025-04-01,14,13,Illness
ATT202504004988,STU004988,SCH020,2025-04-01,16,15,Family
ATT202504004989,STU004989,SCH038,2025-04-01,17,15,Other
ATT202504004990,STU004990,SCH044,2025-04-01,17,15,Other
ATT202504004991,STU004991,SCH048,2025-04-01,16,15,Family
ATT202504004992,STU004992,SCH037,2025-04-01,16,15,Family
ATT202504004993,STU004993,SCH021,2025-04-01,14,14,
ATT202504004994,STU004994,SCH018,2025-04-01,15,14,Unauthorised
ATT202504004995,STU004995,SCH006,2025-04-01,18,16,Other
ATT202504004996,STU004996,SCH043,2025-04-01,18,16,Other
ATT202504004997,STU004997,SCH029,2025-04-01,16,15,Medical
ATT202504004998,STU004998,SCH002,2025-04-01,18,16,Illness
ATT202504004999,STU004999,SCH008,2025-04-01,15,14,Illness
ATT202504005000,STU005000,SCH038,2025-04-01,16,15,Illness
ATT202504005001,STU005001,SCH032,2025-04-01,17,16,Unauthorised
ATT202504005002,STU005002,SCH001,2025-04-01,17,17,
ATT202504005003,STU005003,SCH023,2025-04-01,15,12,Medical
ATT202504005004,STU005004,SCH046,2025-04-01,16,14,Family
ATT202504005005,STU005005,SCH043,2025-04-01,15,15,
ATT202504005006,STU005006,SCH007,2025-04-01,14,13,Illness
ATT202504005007,STU005007,SCH032,2025-04-01,18,16,Illness
ATT202504005008,STU005008,SCH018,2025-04-01,16,14,Other
ATT202504005009,STU005009,SCH011,2025-04-01,15,14,Medical
ATT202504005010,STU005010,SCH050,2025-04-01,15,14,Family
ATT202504005011,STU005011,SCH016,2025-04-01,17,16,Other
ATT202504005012,STU005012,SCH035,2025-04-01,14,13,Illness
ATT202504005013,STU005013,SCH040,2025-04-01,15,14,Family
ATT202504005016,STU005016,SCH024,2025-04-01,15,14,Medical
ATT202504005017,STU005017,SCH010,2025-04-01,18,16,Medical
ATT202504005018,STU005018,SCH031,2025-04-01,15,13,Other
ATT202504005019,STU005019,SCH029,2025-04-01,16,14,Unauthorised
ATT202504005020,STU005020,SCH018,2025-04-01,18,16,Unauthorised
ATT202504005021,STU005021,SCH033,2025-04-01,17,15,Illness
ATT202504005022,STU005022,SCH032,2025-04-01,14,13,Unauthorised
ATT202504005023,STU005023,SCH035,2025-04-01,17,16,Family
ATT202504005024,STU005024,SCH017,2025-04-01,16,14,Medical
ATT202504005025,STU005025,SCH018,2025-04-01,14,13,Family
ATT202504005026,STU005026,SCH028,2025-04-01,18,17,Illness
ATT202504005027,STU005027,SCH018,2025-04-01,18,17,Other
ATT202504005028,STU005028,SCH028,2025-04-01,15,14,Illness
ATT202504005030,STU005030,SCH018,2025-04-01,17,17,
ATT202504005031,STU005031,SCH015,2025-04-01,14,13,Family
ATT202504005032,STU005032,SCH026,2025-04-01,14,13,Illness
ATT202504005033,STU005033,SCH044,2025-04-01,14,12,Unauthorised
ATT202504005034,STU005034,SCH015,2025-04-01,17,16,Illness
ATT202504005035,STU005035,SCH017,2025-04-01,17,15,Family
ATT202504005036,STU005036,SCH031,2025-04-01,18,17,Unauthorised
ATT202504005037,STU005037,SCH043,2025-04-01,15,14,Medical
ATT202504005038,STU005038,SCH006,2025-04-01,17,16,Medical
ATT202504005039,STU005039,SCH014,2025-04-01,18,18,
ATT202504005040,STU005040,SCH023,2025-04-01,18,18,
ATT202504005041,STU005041,SCH019,2025-04-01,17,15,Unauthorised
ATT202504005042,STU005042,SCH034,2025-04-01,15,13,Medical
ATT202504005043,STU005043,SCH019,2025-04-01,16,14,Medical
ATT202504005044,STU005044,SCH041,2025-04-01,14,12,Other
ATT202504005045,STU005045,SCH038,2025-04-01,17,16,Other
ATT202504005046,STU005046,SCH023,2025-04-01,18,17,Unauthorised
ATT202504005047,STU005047,SCH002,2025-04-01,17,15,Illness
ATT202504005048,STU005048,SCH023,2025-04-01,14,12,Illness
ATT202504005050,STU005050,SCH041,2025-04-01,15,13,Illness
ATT202504005051,STU005051,SCH018,2025-04-01,15,14,Other
ATT202504005052,STU005052,SCH008,2025-04-01,18,17,Other
ATT202504005053,STU005053,SCH026,2025-04-01,15,14,Medical
ATT202504005054,STU005054,SCH047,2025-04-01,14,13,Medical
ATT202504005056,STU005056,SCH018,2025-04-01,17,15,Other
ATT202504005057,STU005057,SCH018,2025-04-01,17,14,Illness
ATT202504005058,STU005058,SCH049,2025-04-01,16,14,Illness
ATT202504005059,STU005059,SCH011,2025-04-01,18,17,Medical
ATT202504005060,STU005060,SCH031,2025-04-01,14,12,Medical
ATT202504005061,STU005061,SCH032,2025-04-01,16,14,Unauthorised
ATT202504005062,STU005062,SCH020,2025-04-01,15,14,Unauthorised
ATT202504005063,STU005063,SCH003,2025-04-01,16,15,Unauthorised
ATT202504005064,STU005064,SCH005,2025-04-01,18,18,
ATT202504005066,STU005066,SCH009,2025-04-01,18,16,Family
ATT202504005067,STU005067,SCH010,2025-04-01,14,12,Unauthorised
ATT202504005068,STU005068,SCH045,2025-04-01,15,13,Other
ATT202504005069,STU005069,SCH043,2025-04-01,16,15,Family
ATT202504005070,STU005070,SCH028,2025-04-01,14,13,Family
ATT202504005071,STU005071,SCH026,2025-04-01,15,14,Illness
ATT202504005072,STU005072,SCH013,2025-04-01,17,16,Family
ATT202504005073,STU005073,SCH033,2025-04-01,18,17,Family
ATT202504005075,STU005075,SCH014,2025-04-01,15,14,Medical
ATT202504005076,STU005076,SCH029,2025-04-01,15,13,Unauthorised
ATT202504005077,STU005077,SCH038,2025-04-01,17,15,Other
ATT202504005078,STU005078,SCH039,2025-04-01,15,14,Illness
ATT202504005079,STU005079,SCH031,2025-04-01,16,14,Family
ATT202504005080,STU005080,SCH031,2025-04-01,14,13,Unauthorised
ATT202504005081,STU005081,SCH019,2025-04-01,17,15,Illness
ATT202504005082,STU005082,SCH014,2025-04-01,15,13,Illness
ATT202504005083,STU005083,SCH050,2025-04-01,15,14,Other
ATT202504005084,STU005084,SCH008,2025-04-01,15,14,Medical
ATT202504005085,STU005085,SCH018,2025-04-01,17,15,Unauthorised
ATT202504005086,STU005086,SCH043,2025-04-01,16,14,Unauthorised
ATT202504005087,STU005087,SCH019,2025-04-01,15,15,
ATT202504005088,STU005088,SCH004,2025-04-01,15,14,Illness
ATT202504005089,STU005089,SCH014,2025-04-01,16,14,Other
ATT202504005090,STU005090,SCH023,2025-04-01,17,15,Family
ATT202504005091,STU005091,SCH038,2025-04-01,16,15,Other
ATT202504005092,STU005092,SCH028,2025-04-01,17,16,Other
ATT202504005093,STU005093,SCH014,2025-04-01,14,13,Illness
ATT202504005094,STU005094,SCH010,2025-04-01,17,15,Illness
ATT202504005095,STU005095,SCH045,2025-04-01,14,12,Medical
ATT202504005096,STU005096,SCH024,2025-04-01,14,13,Unauthorised
ATT202504005098,STU005098,SCH027,2025-04-01,14,14,
ATT202504005099,STU005099,SCH005,2025-04-01,17,15,Other
ATT202504005100,STU005100,SCH021,2025-04-01,16,15,Family
ATT202504005101,STU005101,SCH010,2025-04-01,16,13,Illness
ATT202504005102,STU005102,SCH019,2025-04-01,18,17,Medical
ATT202504005103,STU005103,SCH035,2025-04-01,14,13,Family
ATT202504005104,STU005104,SCH041,2025-04-01,17,17,
ATT202504005105,STU005105,SCH040,2025-04-01,18,17,Medical
ATT202504005106,STU005106,SCH001,2025-04-01,16,14,Illness
ATT202504005107,STU005107,SCH045,2025-04-01,15,13,Other
ATT202504005108,STU005108,SCH015,2025-04-01,16,15,Illness
ATT202504005109,STU005109,SCH007,2025-04-01,14,12,Other
ATT202504005110,STU005110,SCH007,2025-04-01,15,14,Illness
ATT202504005111,STU005111,SCH017,2025-04-01,18,17,Family
ATT202504005112,STU005112,SCH040,2025-04-01,16,14,Other
ATT202504005113,STU005113,SCH024,2025-04-01,18,16,Other
ATT202504005114,STU005114,SCH035,2025-04-01,16,14,Medical
ATT202504005115,STU005115,SCH026,2025-04-01,14,14,
ATT202504005116,STU005116,SCH033,2025-04-01,17,15,Medical
ATT202504005117,STU005117,SCH011,2025-04-01,15,15,
ATT202504005118,STU005118,SCH004,2025-04-01,14,13,Medical
ATT202504005119,STU005119,SCH042,2025-04-01,14,13,Medical
ATT202504005120,STU005120,SCH040,2025-04-01,16,15,Family
ATT202504005121,STU005121,SCH027,2025-04-01,18,16,Illness
ATT202504005123,STU005123,SCH041,2025-04-01,17,16,Other
ATT202504005125,STU005125,SCH013,2025-04-01,18,17,Family
ATT202504005126,STU005126,SCH008,2025-04-01,14,13,Family
ATT202504005127,STU005127,SCH048,2025-04-01,16,15,Illness
ATT202504005128,STU005128,SCH027,2025-04-01,14,13,Family
ATT202504005129,STU005129,SCH041,2025-04-01,14,13,Unauthorised
ATT202504005130,STU005130,SCH038,2025-04-01,16,14,Illness
ATT202504005131,STU005131,SCH020,2025-04-01,17,16,Family
ATT202504005132,STU005132,SCH035,2025-04-01,16,15,Family
ATT202504005133,STU005133,SCH010,2025-04-01,14,12,Other
ATT202504005134,STU005134,SCH018,2025-04-01,17,16,Unauthorised
ATT202504005135,STU005135,SCH039,2025-04-01,14,14,
ATT202504005136,STU005136,SCH030,2025-04-01,15,12,Family
ATT202504005137,STU005137,SCH044,2025-04-01,17,15,Family
ATT202504005138,STU005138,SCH013,2025-04-01,16,15,Unauthorised
ATT202504005139,STU005139,SCH005,2025-04-01,17,16,Illness
ATT202504005140,STU005140,SCH042,2025-04-01,14,13,Other
ATT202504005141,STU005141,SCH041,2025-04-01,16,15,Family
ATT202504005142,STU005142,SCH023,2025-04-01,16,15,Unauthorised
ATT202504005143,STU005143,SCH040,2025-04-01,17,16,Other
ATT202504005144,STU005144,SCH022,2025-04-01,16,16,
ATT202504005145,STU005145,SCH046,2025-04-01,15,14,Family
ATT202504005146,STU005146,SCH007,2025-04-01,18,17,Medical
ATT202504005147,STU005147,SCH023,2025-04-01,17,17,
ATT202504005148,STU005148,SCH040,2025-04-01,17,15,Medical
ATT202504005149,STU005149,SCH026,2025-04-01,15,13,Illness
ATT202504005150,STU005150,SCH024,2025-04-01,16,15,Unauthorised
ATT202504005151,STU005151,SCH044,2025-04-01,15,13,Illness
ATT202504005152,STU005152,SCH013,2025-04-01,17,16,Unauthorised
ATT202504005153,STU005153,SCH047,2025-04-01,15,13,Unauthorised
ATT202504005154,STU005154,SCH002,2025-04-01,16,14,Family
ATT202504005155,STU005155,SCH013,2025-04-01,15,14,Unauthorised
ATT202504005156,STU005156,SCH032,2025-04-01,18,17,Other
ATT202504005157,STU005157,SCH005,2025-04-01,15,14,Family
ATT202504005158,STU005158,SCH032,2025-04-01,17,15,Unauthorised
ATT202504005159,STU005159,SCH041,2025-04-01,16,14,Other
ATT202504005160,STU005160,SCH043,2025-04-01,18,17,Illness
ATT202504005161,STU005161,SCH021,2025-04-01,15,13,Illness
ATT202504005163,STU005163,SCH029,2025-04-01,15,13,Other
ATT202504005165,STU005165,SCH022,2025-04-01,17,16,Unauthorised
ATT202504005166,STU005166,SCH023,2025-04-01,16,14,Family
ATT202504005167,STU005167,SCH036,2025-04-01,14,13,Illness
ATT202504005168,STU005168,SCH028,2025-04-01,18,17,Medical
ATT202504005169,STU005169,SCH031,2025-04-01,15,12,Family
ATT202504005170,STU005170,SCH029,2025-04-01,16,14,Other
ATT202504005172,STU005172,SCH035,2025-04-01,15,12,Illness
ATT202504005173,STU005173,SCH050,2025-04-01,16,15,Family
ATT202504005175,STU005175,SCH045,2025-04-01,14,12,Illness
ATT202504005176,STU005176,SCH030,2025-04-01,15,14,Unauthorised
ATT202504005177,STU005177,SCH022,2025-04-01,16,13,Unauthorised
ATT202504005178,STU005178,SCH020,2025-04-01,15,14,Other
ATT202504005179,STU005179,SCH010,2025-04-01,17,14,Family
ATT202504005180,STU005180,SCH024,2025-04-01,18,16,Illness
ATT202504005181,STU005181,SCH031,2025-04-01,17,16,Other
ATT202504005182,STU005182,SCH047,2025-04-01,14,14,
ATT202504005183,STU005183,SCH026,2025-04-01,18,16,Family
ATT202504005184,STU005184,SCH021,2025-04-01,18,16,Medical
ATT202504005186,STU005186,SCH010,2025-04-01,15,14,Unauthorised
ATT202504005187,STU005187,SCH043,2025-04-01,15,13,Medical
ATT202504005188,STU005188,SCH020,2025-04-01,17,16,Other
ATT202504005189,STU005189,SCH007,2025-04-01,15,14,Family
ATT202504005192,STU005192,SCH045,2025-04-01,14,13,Medical
ATT202504005193,STU005193,SCH027,2025-04-01,17,15,Other
ATT202504005194,STU005194,SCH012,2025-04-01,17,14,Illness
ATT202504005195,STU005195,SCH010,2025-04-01,16,15,Unauthorised
ATT202504005197,STU005197,SCH011,2025-04-01,18,17,Unauthorised
ATT202504005198,STU005198,SCH042,2025-04-01,14,12,Family
ATT202504005199,STU005199,SCH015,2025-04-01,15,14,Other
ATT202504005200,STU005200,SCH034,2025-04-01,18,16,Other
ATT202504005201,STU005201,SCH037,2025-04-01,17,15,Family
ATT202504005202,STU005202,SCH025,2025-04-01,18,17,Medical
ATT202504005203,STU005203,SCH009,2025-04-01,16,15,Illness
ATT202504005204,STU005204,SCH029,2025-04-01,15,14,Unauthorised
ATT202504005205,STU005205,SCH028,2025-04-01,14,13,Other
ATT202504005206,STU005206,SCH006,2025-04-01,17,16,Illness
ATT202504005207,STU005207,SCH002,2025-04-01,14,13,Family
ATT202504005208,STU005208,SCH012,2025-04-01,15,15,
ATT202504005209,STU005209,SCH016,2025-04-01,17,16,Unauthorised
ATT202504005210,STU005210,SCH026,2025-04-01,15,13,Unauthorised
ATT202504005211,STU005211,SCH031,2025-04-01,14,13,Family
ATT202504005213,STU005213,SCH040,2025-04-01,16,15,Medical
ATT202504005214,STU005214,SCH010,2025-04-01,16,14,Unauthorised
ATT202504005215,STU005215,SCH030,2025-04-01,15,14,Unauthorised
ATT202504005216,STU005216,SCH003,2025-04-01,17,17,
ATT202504005217,STU005217,SCH020,2025-04-01,14,13,Illness
ATT202504005218,STU005218,SCH009,2025-04-01,16,15,Other
ATT202504005219,STU005219,SCH026,2025-04-01,17,16,Other
ATT202504005220,STU005220,SCH029,2025-04-01,17,14,Other
ATT202504005221,STU005221,SCH007,2025-04-01,14,12,Illness
ATT202504005222,STU005222,SCH008,2025-04-01,18,17,Illness
ATT202504005223,STU005223,SCH005,2025-04-01,17,16,Medical
ATT202504005224,STU005224,SCH010,2025-04-01,15,14,Other
ATT202504005225,STU005225,SCH026,2025-04-01,17,16,Family
ATT202504005226,STU005226,SCH032,2025-04-01,15,13,Unauthorised
ATT202504005227,STU005227,SCH030,2025-04-01,17,16,Other
ATT202504005228,STU005228,SCH036,2025-04-01,16,14,Medical
ATT202504005229,STU005229,SCH038,2025-04-01,16,15,Family
ATT202504005230,STU005230,SCH040,2025-04-01,15,14,Medical
ATT202504005232,STU005232,SCH043,2025-04-01,14,13,Other
ATT202504005233,STU005233,SCH032,2025-04-01,18,16,Medical
ATT202504005234,STU005234,SCH021,2025-04-01,16,14,Unauthorised
ATT202504005235,STU005235,SCH012,2025-04-01,15,13,Illness
ATT202504005236,STU005236,SCH039,2025-04-01,17,15,Other
ATT202504005237,STU005237,SCH045,2025-04-01,18,16,Illness
ATT202504005238,STU005238,SCH025,2025-04-01,17,16,Family
ATT202504005239,STU005239,SCH047,2025-04-01,17,16,Illness
ATT202504005240,STU005240,SCH018,2025-04-01,18,17,Other
ATT202504005241,STU005241,SCH013,2025-04-01,16,16,
ATT202504005242,STU005242,SCH030,2025-04-01,18,17,Family
ATT202504005243,STU005243,SCH027,2025-04-01,18,16,Other
ATT202504005244,STU005244,SCH012,2025-04-01,15,13,Other
ATT202504005245,STU005245,SCH032,2025-04-01,16,14,Unauthorised
ATT202504005246,STU005246,SCH035,2025-04-01,16,14,Family
ATT202504005247,STU005247,SCH012,2025-04-01,18,16,Medical
ATT202504005248,STU005248,SCH027,2025-04-01,16,15,Unauthorised
ATT202504005249,STU005249,SCH008,2025-04-01,18,16,Unauthorised
ATT202504005250,STU005250,SCH013,2025-04-01,18,16,Illness
ATT202504005251,STU005251,SCH010,2025-04-01,18,17,Illness
ATT202504005252,STU005252,SCH033,2025-04-01,14,13,Family
ATT202504005253,STU005253,SCH032,2025-04-01,15,14,Other
ATT202504005254,STU005254,SCH015,2025-04-01,15,14,Other
ATT202504005255,STU005255,SCH046,2025-04-01,18,16,Illness
ATT202504005256,STU005256,SCH031,2025-04-01,18,15,Other
ATT202504005257,STU005257,SCH035,2025-04-01,18,16,Illness
ATT202504005258,STU005258,SCH023,2025-04-01,15,13,Family
ATT202504005259,STU005259,SCH001,2025-04-01,16,14,Family
ATT202504005260,STU005260,SCH023,2025-04-01,17,16,Unauthorised
ATT202504005261,STU005261,SCH029,2025-04-01,17,15,Medical
ATT202504005262,STU005262,SCH010,2025-04-01,18,16,Family
ATT202504005264,STU005264,SCH032,2025-04-01,17,15,Medical
ATT202504005266,STU005266,SCH031,2025-04-01,15,13,Illness
ATT202504005267,STU005267,SCH010,2025-04-01,17,15,Unauthorised
ATT202504005268,STU005268,SCH024,2025-04-01,17,15,Unauthorised
ATT202504005269,STU005269,SCH005,2025-04-01,15,14,Illness
ATT202504005270,STU005270,SCH036,2025-04-01,14,14,
ATT202504005271,STU005271,SCH006,2025-04-01,15,14,Medical
ATT202504005272,STU005272,SCH003,2025-04-01,14,14,
ATT202504005274,STU005274,SCH026,2025-04-01,18,16,Illness
ATT202504005275,STU005275,SCH026,2025-04-01,14,13,Other
ATT202504005276,STU005276,SCH013,2025-04-01,15,14,Medical
ATT202504005277,STU005277,SCH020,2025-04-01,14,13,Other
ATT202504005278,STU005278,SCH042,2025-04-01,15,13,Medical
ATT202504005279,STU005279,SCH021,2025-04-01,15,13,Illness
ATT202504005280,STU005280,SCH047,2025-04-01,16,15,Other
ATT202504005281,STU005281,SCH031,2025-04-01,15,14,Illness
ATT202504005282,STU005282,SCH031,2025-04-01,18,17,Family
ATT202504005283,STU005283,SCH044,2025-04-01,17,16,Illness
ATT202504005284,STU005284,SCH044,2025-04-01,15,14,Illness
ATT202504005285,STU005285,SCH006,2025-04-01,18,16,Medical
ATT202504005286,STU005286,SCH027,2025-04-01,17,15,Family
ATT202504005287,STU005287,SCH027,2025-04-01,16,14,Illness
ATT202504005288,STU005288,SCH025,2025-04-01,18,17,Other
ATT202504005289,STU005289,SCH005,2025-04-01,14,12,Family
ATT202504005290,STU005290,SCH032,2025-04-01,15,14,Family
ATT202504005291,STU005291,SCH020,2025-04-01,18,16,Family
ATT202504005292,STU005292,SCH023,2025-04-01,14,12,Medical
ATT202504005293,STU005293,SCH039,2025-04-01,15,13,Other
ATT202504005294,STU005294,SCH034,2025-04-01,15,13,Medical
ATT202504005295,STU005295,SCH025,2025-04-01,15,13,Illness
ATT202504005296,STU005296,SCH013,2025-04-01,16,15,Other
ATT202504005297,STU005297,SCH021,2025-04-01,18,17,Medical
ATT202504005298,STU005298,SCH039,2025-04-01,18,17,Illness
ATT202504005299,STU005299,SCH012,2025-04-01,14,12,Other
ATT202504005300,STU005300,SCH015,2025-04-01,17,16,Unauthorised
ATT202504005301,STU005301,SCH006,2025-04-01,18,18,
ATT202504005302,STU005302,SCH031,2025-04-01,15,14,Family
ATT202504005303,STU005303,SCH037,2025-04-01,16,16,
ATT202504005304,STU005304,SCH032,2025-04-01,18,15,Illness
ATT202504005305,STU005305,SCH050,2025-04-01,17,15,Family
ATT202504005306,STU005306,SCH017,2025-04-01,18,16,Other
ATT202504005307,STU005307,SCH049,2025-04-01,14,12,Illness
ATT202504005308,STU005308,SCH050,2025-04-01,18,17,Family
ATT202504005310,STU005310,SCH006,2025-04-01,17,15,Unauthorised
ATT202504005311,STU005311,SCH023,2025-04-01,18,15,Other
ATT202504005312,STU005312,SCH026,2025-04-01,18,16,Unauthorised
ATT202504005313,STU005313,SCH001,2025-04-01,18,15,Medical
ATT202504005314,STU005314,SCH036,2025-04-01,17,16,Illness
ATT202504005315,STU005315,SCH026,2025-04-01,18,17,Unauthorised
ATT202504005316,STU005316,SCH018,2025-04-01,16,15,Medical
ATT202504005317,STU005317,SCH021,2025-04-01,18,18,
ATT202504005319,STU005319,SCH015,2025-04-01,17,15,Medical
ATT202504005320,STU005320,SCH010,2025-04-01,18,16,Illness
ATT202504005321,STU005321,SCH020,2025-04-01,17,16,Unauthorised
ATT202504005322,STU005322,SCH015,2025-04-01,15,13,Illness
ATT202504005323,STU005323,SCH031,2025-04-01,17,16,Family
ATT202504005324,STU005324,SCH050,2025-04-01,17,14,Family
ATT202504005325,STU005325,SCH034,2025-04-01,17,14,Medical
ATT202504005326,STU005326,SCH017,2025-04-01,16,15,Family
ATT202504005327,STU005327,SCH046,2025-04-01,14,12,Unauthorised
ATT202504005328,STU005328,SCH003,2025-04-01,18,15,Illness
ATT202504005329,STU005329,SCH047,2025-04-01,16,15,Other
ATT202504005331,STU005331,SCH020,2025-04-01,14,13,Illness
ATT202504005332,STU005332,SCH009,2025-04-01,16,14,Illness
ATT202504005333,STU005333,SCH022,2025-04-01,17,14,Illness
ATT202504005334,STU005334,SCH015,2025-04-01,16,15,Medical
ATT202504005335,STU005335,SCH031,2025-04-01,17,15,Family
ATT202504005336,STU005336,SCH032,2025-04-01,17,14,Unauthorised
ATT202504005337,STU005337,SCH021,2025-04-01,17,16,Family
ATT202504005338,STU005338,SCH049,2025-04-01,15,12,Other
ATT202504005339,STU005339,SCH013,2025-04-01,18,16,Medical
ATT202504005340,STU005340,SCH029,2025-04-01,14,13,Unauthorised
ATT202504005341,STU005341,SCH045,2025-04-01,14,13,Unauthorised
ATT202504005342,STU005342,SCH026,2025-04-01,17,16,Medical
ATT202504005343,STU005343,SCH041,2025-04-01,15,15,
ATT202504005344,STU005344,SCH021,2025-04-01,16,15,Illness
ATT202504005345,STU005345,SCH023,2025-04-01,15,14,Family
ATT202504005346,STU005346,SCH009,2025-04-01,14,13,Illness
ATT202504005347,STU005347,SCH018,2025-04-01,15,14,Unauthorised
ATT202504005348,STU005348,SCH011,2025-04-01,15,14,Illness
ATT202504005349,STU005349,SCH027,2025-04-01,16,15,Medical
ATT202504005350,STU005350,SCH021,2025-04-01,16,15,Unauthorised
ATT202504005351,STU005351,SCH029,2025-04-01,17,15,Unauthorised
ATT202504005352,STU005352,SCH045,2025-04-01,15,14,Other
ATT202504005353,STU005353,SCH017,2025-04-01,15,14,Illness
ATT202504005355,STU005355,SCH021,2025-04-01,18,16,Other
ATT202504005356,STU005356,SCH028,2025-04-01,17,16,Medical
ATT202504005357,STU005357,SCH049,2025-04-01,14,13,Other
ATT202504005358,STU005358,SCH030,2025-04-01,18,16,Illness
ATT202504005359,STU005359,SCH012,2025-04-01,14,13,Other
ATT202504005360,STU005360,SCH034,2025-04-01,14,13,Unauthorised
ATT202504005361,STU005361,SCH036,2025-04-01,17,16,Other
ATT202504005362,STU005362,SCH029,2025-04-01,14,13,Unauthorised
ATT202504005363,STU005363,SCH014,2025-04-01,14,13,Other
ATT202504005364,STU005364,SCH009,2025-04-01,17,16,Other
ATT202504005365,STU005365,SCH046,2025-04-01,18,17,Unauthorised
ATT202504005366,STU005366,SCH025,2025-04-01,14,13,Medical
ATT202504005368,STU005368,SCH034,2025-04-01,15,14,Medical
ATT202504005369,STU005369,SCH041,2025-04-01,17,16,Family
ATT202504005370,STU005370,SCH045,2025-04-01,18,15,Illness
ATT202504005371,STU005371,SCH008,2025-04-01,17,14,Family
ATT202504005372,STU005372,SCH048,2025-04-01,16,14,Unauthorised
ATT202504005373,STU005373,SCH047,2025-04-01,16,14,Unauthorised
ATT202504005374,STU005374,SCH031,2025-04-01,17,16,Unauthorised
ATT202504005375,STU005375,SCH008,2025-04-01,15,14,Medical
ATT202504005376,STU005376,SCH044,2025-04-01,16,14,Illness
ATT202504005377,STU005377,SCH044,2025-04-01,18,17,Medical
ATT202504005378,STU005378,SCH035,2025-04-01,17,15,Family
ATT202504005379,STU005379,SCH011,2025-04-01,17,17,
ATT202504005380,STU005380,SCH016,2025-04-01,17,16,Illness
ATT202504005381,STU005381,SCH009,2025-04-01,16,14,Medical
ATT202504005382,STU005382,SCH041,2025-04-01,16,16,
ATT202504005383,STU005383,SCH030,2025-04-01,18,16,Medical
ATT202504005384,STU005384,SCH035,2025-04-01,14,13,Other
ATT202504005385,STU005385,SCH043,2025-04-01,15,14,Family
ATT202504005386,STU005386,SCH011,2025-04-01,17,16,Medical
ATT202504005387,STU005387,SCH039,2025-04-01,16,15,Illness
ATT202504005389,STU005389,SCH029,2025-04-01,14,12,Medical
ATT202504005390,STU005390,SCH041,2025-04-01,15,13,Other
ATT202504005392,STU005392,SCH043,2025-04-01,16,15,Unauthorised
ATT202504005393,STU005393,SCH044,2025-04-01,14,13,Unauthorised
ATT202504005394,STU005394,SCH020,2025-04-01,17,15,Other
ATT202504005395,STU005395,SCH004,2025-04-01,16,15,Medical
ATT202504005396,STU005396,SCH047,2025-04-01,14,13,Unauthorised
ATT202504005397,STU005397,SCH005,2025-04-01,15,15,
ATT202504005398,STU005398,SCH039,2025-04-01,16,15,Medical
ATT202504005399,STU005399,SCH046,2025-04-01,17,15,Illness
ATT202504005400,STU005400,SCH011,2025-04-01,17,16,Family
ATT202504005401,STU005401,SCH044,2025-04-01,17,15,Other
ATT202504005402,STU005402,SCH011,2025-04-01,14,12,Illness
ATT202504005403,STU005403,SCH044,2025-04-01,15,13,Family
ATT202504005404,STU005404,SCH041,2025-04-01,18,18,
ATT202504005405,STU005405,SCH032,2025-04-01,16,14,Family
ATT202504005406,STU005406,SCH038,2025-04-01,14,13,Medical
ATT202504005407,STU005407,SCH014,2025-04-01,16,15,Other
ATT202504005408,STU005408,SCH050,2025-04-01,18,16,Medical
ATT202504005410,STU005410,SCH011,2025-04-01,15,14,Family
ATT202504005412,STU005412,SCH027,2025-04-01,14,12,Other
ATT202504005414,STU005414,SCH012,2025-04-01,17,15,Family
ATT202504005415,STU005415,SCH009,2025-04-01,14,12,Illness
ATT202504005416,STU005416,SCH040,2025-04-01,16,15,Unauthorised
ATT202504005417,STU005417,SCH027,2025-04-01,16,14,Family
ATT202504005418,STU005418,SCH020,2025-04-01,17,16,Other
ATT202504005419,STU005419,SCH039,2025-04-01,16,13,Unauthorised
ATT202504005420,STU005420,SCH012,2025-04-01,15,14,Other
ATT202504005421,STU005421,SCH046,2025-04-01,15,13,Illness
ATT202504005422,STU005422,SCH046,2025-04-01,17,17,
ATT202504005423,STU005423,SCH005,2025-04-01,16,15,Other
ATT202504005424,STU005424,SCH015,2025-04-01,17,16,Other
ATT202504005427,STU005427,SCH046,2025-04-01,15,14,Other
ATT202504005428,STU005428,SCH030,2025-04-01,16,14,Medical
ATT202504005429,STU005429,SCH043,2025-04-01,16,14,Family
ATT202504005430,STU005430,SCH045,2025-04-01,17,16,Medical
ATT202504005431,STU005431,SCH037,2025-04-01,15,14,Family
ATT202504005432,STU005432,SCH018,2025-04-01,14,12,Unauthorised
ATT202504005433,STU005433,SCH038,2025-04-01,18,17,Family
ATT202504005435,STU005435,SCH040,2025-04-01,16,14,Family
ATT202504005436,STU005436,SCH007,2025-04-01,15,14,Illness
ATT202504005437,STU005437,SCH039,2025-04-01,18,16,Unauthorised
ATT202504005438,STU005438,SCH033,2025-04-01,15,14,Family
ATT202504005439,STU005439,SCH038,2025-04-01,16,15,Family
ATT202504005441,STU005441,SCH032,2025-04-01,16,15,Unauthorised
ATT202504005442,STU005442,SCH043,2025-04-01,18,17,Family
ATT202504005443,STU005443,SCH012,2025-04-01,18,17,Family
ATT202504005444,STU005444,SCH014,2025-04-01,15,14,Medical
ATT202504005445,STU005445,SCH025,2025-04-01,14,13,Family
ATT202504005446,STU005446,SCH049,2025-04-01,15,13,Unauthorised
ATT202504005447,STU005447,SCH018,2025-04-01,14,14,
ATT202504005448,STU005448,SCH014,2025-04-01,18,16,Illness
ATT202504005450,STU005450,SCH004,2025-04-01,17,15,Unauthorised
ATT202504005451,STU005451,SCH006,2025-04-01,17,16,Other
ATT202504005452,STU005452,SCH010,2025-04-01,16,13,Family
ATT202504005453,STU005453,SCH050,2025-04-01,17,15,Family
ATT202504005454,STU005454,SCH038,2025-04-01,16,15,Family
ATT202504005456,STU005456,SCH040,2025-04-01,16,14,Other
ATT202504005457,STU005457,SCH032,2025-04-01,18,17,Medical
ATT202504005458,STU005458,SCH036,2025-04-01,17,16,Medical
ATT202504005459,STU005459,SCH047,2025-04-01,16,14,Family
ATT202504005460,STU005460,SCH017,2025-04-01,15,14,Other
ATT202504005461,STU005461,SCH008,2025-04-01,16,15,Unauthorised
ATT202504005462,STU005462,SCH019,2025-04-01,15,14,Medical
ATT202504005463,STU005463,SCH026,2025-04-01,18,17,Illness
ATT202504005464,STU005464,SCH031,2025-04-01,16,15,Illness
ATT202504005466,STU005466,SCH049,2025-04-01,18,17,Family
ATT202504005467,STU005467,SCH020,2025-04-01,18,17,Illness
ATT202504005469,STU005469,SCH024,2025-04-01,17,15,Other
ATT202504005470,STU005470,SCH008,2025-04-01,17,16,Unauthorised
ATT202504005471,STU005471,SCH018,2025-04-01,16,15,Unauthorised
ATT202504005472,STU005472,SCH026,2025-04-01,14,13,Medical
ATT202504005473,STU005473,SCH043,2025-04-01,14,13,Illness
ATT202504005474,STU005474,SCH020,2025-04-01,14,14,
ATT202504005475,STU005475,SCH012,2025-04-01,18,15,Illness
ATT202504005476,STU005476,SCH042,2025-04-01,15,14,Other
ATT202504005477,STU005477,SCH020,2025-04-01,17,15,Family
ATT202504005478,STU005478,SCH031,2025-04-01,18,18,
ATT202504005479,STU005479,SCH030,2025-04-01,18,18,
ATT202504005480,STU005480,SCH019,2025-04-01,16,15,Unauthorised
ATT202504005481,STU005481,SCH004,2025-04-01,18,17,Unauthorised
ATT202504005482,STU005482,SCH011,2025-04-01,15,14,Unauthorised
ATT202504005483,STU005483,SCH040,2025-04-01,15,14,Family
ATT202504005484,STU005484,SCH012,2025-04-01,15,13,Illness
ATT202504005485,STU005485,SCH007,2025-04-01,16,15,Other
ATT202504005486,STU005486,SCH028,2025-04-01,17,16,Unauthorised
ATT202504005487,STU005487,SCH048,2025-04-01,16,16,
ATT202504005488,STU005488,SCH010,2025-04-01,15,14,Medical
ATT202504005489,STU005489,SCH012,2025-04-01,17,15,Illness
ATT202504005490,STU005490,SCH010,2025-04-01,14,12,Illness
ATT202504005491,STU005491,SCH046,2025-04-01,14,12,Other
ATT202504005492,STU005492,SCH044,2025-04-01,18,16,Family
ATT202504005493,STU005493,SCH009,2025-04-01,16,15,Medical
ATT202504005494,STU005494,SCH039,2025-04-01,15,14,Illness
ATT202504005495,STU005495,SCH047,2025-04-01,16,15,Unauthorised
ATT202504005496,STU005496,SCH007,2025-04-01,14,13,Unauthorised
ATT202504005497,STU005497,SCH037,2025-04-01,17,17,
ATT202504005498,STU005498,SCH010,2025-04-01,14,13,Other
ATT202504005499,STU005499,SCH048,2025-04-01,15,13,Medical
ATT202504005500,STU005500,SCH031,2025-04-01,18,17,Family
ATT202504005501,STU005501,SCH020,2025-04-01,17,16,Unauthorised
ATT202504005502,STU005502,SCH009,2025-04-01,17,15,Unauthorised
ATT202504005503,STU005503,SCH014,2025-04-01,17,16,Medical
ATT202504005504,STU005504,SCH001,2025-04-01,15,13,Medical
ATT202504005505,STU005505,SCH021,2025-04-01,14,12,Medical
ATT202504005506,STU005506,SCH020,2025-04-01,16,15,Family
ATT202504005507,STU005507,SCH035,2025-04-01,16,14,Illness
ATT202504005508,STU005508,SCH029,2025-04-01,15,14,Other
ATT202504005509,STU005509,SCH036,2025-04-01,15,14,Family
ATT202504005510,STU005510,SCH009,2025-04-01,17,16,Medical
ATT202504005511,STU005511,SCH029,2025-04-01,15,13,Family
ATT202504005512,STU005512,SCH044,2025-04-01,15,13,Family
ATT202504005514,STU005514,SCH018,2025-04-01,14,13,Unauthorised
ATT202504005515,STU005515,SCH021,2025-04-01,15,14,Family
ATT202504005516,STU005516,SCH044,2025-04-01,15,14,Unauthorised
ATT202504005517,STU005517,SCH010,2025-04-01,15,13,Family
ATT202504005518,STU005518,SCH026,2025-04-01,15,13,Illness
ATT202504005519,STU005519,SCH042,2025-04-01,17,15,Medical
ATT202504005520,STU005520,SCH009,2025-04-01,14,13,Family
ATT202504005521,STU005521,SCH049,2025-04-01,17,15,Other
ATT202504005523,STU005523,SCH020,2025-04-01,14,12,Unauthorised
ATT202504005524,STU005524,SCH016,2025-04-01,16,15,Illness
ATT202504005525,STU005525,SCH022,2025-04-01,17,15,Other
ATT202504005526,STU005526,SCH047,2025-04-01,18,16,Medical
ATT202504005527,STU005527,SCH021,2025-04-01,16,13,Illness
ATT202504005528,STU005528,SCH009,2025-04-01,17,16,Medical
ATT202504005529,STU005529,SCH005,2025-04-01,17,16,Unauthorised
ATT202504005530,STU005530,SCH016,2025-04-01,17,15,Illness
ATT202504005531,STU005531,SCH012,2025-04-01,15,14,Illness
ATT202504005532,STU005532,SCH030,2025-04-01,17,16,Family
ATT202504005533,STU005533,SCH026,2025-04-01,15,14,Family
ATT202504005534,STU005534,SCH008,2025-04-01,18,16,Medical
ATT202504005535,STU005535,SCH028,2025-04-01,14,13,Family
ATT202504005536,STU005536,SCH010,2025-04-01,15,15,
ATT202504005537,STU005537,SCH038,2025-04-01,15,14,Unauthorised
ATT202504005538,STU005538,SCH032,2025-04-01,17,17,
ATT202504005539,STU005539,SCH010,2025-04-01,17,14,Medical
ATT202504005540,STU005540,SCH029,2025-04-01,18,17,Illness
ATT202504005541,STU005541,SCH044,2025-04-01,14,14,
ATT202504005542,STU005542,SCH039,2025-04-01,15,13,Other
ATT202504005543,STU005543,SCH015,2025-04-01,18,17,Other
ATT202504005544,STU005544,SCH023,2025-04-01,14,12,Illness
ATT202504005545,STU005545,SCH010,2025-04-01,18,16,Illness
ATT202504005546,STU005546,SCH046,2025-04-01,17,15,Other
ATT202504005547,STU005547,SCH008,2025-04-01,18,17,Illness
ATT202504005548,STU005548,SCH008,2025-04-01,17,15,Family
ATT202504005549,STU005549,SCH037,2025-04-01,14,13,Unauthorised
ATT202504005550,STU005550,SCH032,2025-04-01,17,14,Unauthorised
ATT202504005551,STU005551,SCH033,2025-04-01,14,14,
ATT202504005552,STU005552,SCH030,2025-04-01,18,17,Illness
ATT202504005553,STU005553,SCH039,2025-04-01,15,14,Family
ATT202504005554,STU005554,SCH002,2025-04-01,15,12,Unauthorised
ATT202504005555,STU005555,SCH041,2025-04-01,17,16,Medical
ATT202504005557,STU005557,SCH006,2025-04-01,18,17,Family
ATT202504005558,STU005558,SCH020,2025-04-01,15,14,Unauthorised
ATT202504005559,STU005559,SCH007,2025-04-01,15,15,
ATT202504005560,STU005560,SCH031,2025-04-01,17,16,Illness
ATT202504005561,STU005561,SCH035,2025-04-01,17,15,Other
ATT202504005562,STU005562,SCH020,2025-04-01,14,13,Family
ATT202504005564,STU005564,SCH004,2025-04-01,15,14,Other
ATT202504005565,STU005565,SCH010,2025-04-01,16,14,Family
ATT202504005566,STU005566,SCH043,2025-04-01,18,16,Illness
ATT202504005567,STU005567,SCH009,2025-04-01,14,12,Other
ATT202504005568,STU005568,SCH049,2025-04-01,17,14,Medical
ATT202504005569,STU005569,SCH005,2025-04-01,17,15,Medical
ATT202504005570,STU005570,SCH001,2025-04-01,18,17,Unauthorised
ATT202504005571,STU005571,SCH047,2025-04-01,15,14,Medical
ATT202504005573,STU005573,SCH048,2025-04-01,17,15,Unauthorised
ATT202504005574,STU005574,SCH014,2025-04-01,16,15,Other
ATT202504005575,STU005575,SCH024,2025-04-01,17,14,Medical
ATT202504005576,STU005576,SCH025,2025-04-01,15,15,
ATT202504005577,STU005577,SCH028,2025-04-01,16,16,
ATT202504005578,STU005578,SCH014,2025-04-01,17,16,Medical
ATT202504005579,STU005579,SCH050,2025-04-01,17,16,Illness
ATT202504005580,STU005580,SCH035,2025-04-01,17,15,Unauthorised
ATT202504005581,STU005581,SCH030,2025-04-01,16,15,Medical
ATT202504005582,STU005582,SCH031,2025-04-01,18,18,
ATT202504005583,STU005583,SCH030,2025-04-01,14,13,Illness
ATT202504005584,STU005584,SCH023,2025-04-01,17,16,Family
ATT202504005585,STU005585,SCH033,2025-04-01,16,15,Unauthorised
ATT202504005586,STU005586,SCH044,2025-04-01,15,13,Family
ATT202504005588,STU005588,SCH045,2025-04-01,18,17,Unauthorised
ATT202504005589,STU005589,SCH009,2025-04-01,16,16,
ATT202504005590,STU005590,SCH050,2025-04-01,17,16,Other
ATT202504005591,STU005591,SCH027,2025-04-01,18,16,Illness
ATT202504005592,STU005592,SCH040,2025-04-01,18,18,
ATT202504005593,STU005593,SCH014,2025-04-01,17,16,Medical
ATT202504005594,STU005594,SCH046,2025-04-01,16,15,Medical
ATT202504005595,STU005595,SCH044,2025-04-01,14,13,Other
ATT202504005596,STU005596,SCH020,2025-04-01,17,16,Illness
ATT202504005597,STU005597,SCH017,2025-04-01,17,15,Family
ATT202504005598,STU005598,SCH014,2025-04-01,14,14,
ATT202504005599,STU005599,SCH018,2025-04-01,14,14,
ATT202504005600,STU005600,SCH050,2025-04-01,14,12,Illness
ATT202504005601,STU005601,SCH017,2025-04-01,16,14,Illness
ATT202504005603,STU005603,SCH017,2025-04-01,15,13,Other
ATT202504005604,STU005604,SCH004,2025-04-01,15,13,Unauthorised
ATT202504005606,STU005606,SCH004,2025-04-01,15,14,Unauthorised
ATT202504005607,STU005607,SCH041,2025-04-01,15,14,Medical
ATT202504005608,STU005608,SCH050,2025-04-01,15,13,Other
ATT202504005609,STU005609,SCH015,2025-04-01,16,15,Family
ATT202504005610,STU005610,SCH010,2025-04-01,17,15,Unauthorised
ATT202504005611,STU005611,SCH035,2025-04-01,17,15,Family
ATT202504005612,STU005612,SCH009,2025-04-01,17,15,Unauthorised
ATT202504005613,STU005613,SCH025,2025-04-01,18,16,Other
ATT202504005614,STU005614,SCH031,2025-04-01,17,16,Illness
ATT202504005615,STU005615,SCH045,2025-04-01,14,12,Illness
ATT202504005616,STU005616,SCH005,2025-04-01,17,15,Family
ATT202504005617,STU005617,SCH019,2025-04-01,17,15,Unauthorised
ATT202504005618,STU005618,SCH034,2025-04-01,18,18,
ATT202504005620,STU005620,SCH019,2025-04-01,16,15,Medical
ATT202504005621,STU005621,SCH005,2025-04-01,18,17,Medical
ATT202504005622,STU005622,SCH021,2025-04-01,16,14,Unauthorised
ATT202504005623,STU005623,SCH015,2025-04-01,16,15,Illness
ATT202504005624,STU005624,SCH021,2025-04-01,14,13,Illness
ATT202504005625,STU005625,SCH029,2025-04-01,17,16,Medical
ATT202504005626,STU005626,SCH045,2025-04-01,14,13,Medical
ATT202504005629,STU005629,SCH034,2025-04-01,18,16,Family
ATT202504005630,STU005630,SCH025,2025-04-01,16,14,Family
ATT202504005631,STU005631,SCH020,2025-04-01,17,16,Family
ATT202504005632,STU005632,SCH035,2025-04-01,15,13,Unauthorised
ATT202504005633,STU005633,SCH027,2025-04-01,16,14,Family
ATT202504005634,STU005634,SCH001,2025-04-01,16,13,Other
ATT202504005635,STU005635,SCH013,2025-04-01,17,16,Other
ATT202504005636,STU005636,SCH006,2025-04-01,17,16,Illness
ATT202504005637,STU005637,SCH010,2025-04-01,14,13,Family
ATT202504005638,STU005638,SCH044,2025-04-01,17,15,Unauthorised
ATT202504005639,STU005639,SCH045,2025-04-01,14,12,Medical
ATT202504005640,STU005640,SCH025,2025-04-01,16,14,Family
ATT202504005641,STU005641,SCH013,2025-04-01,15,13,Family
ATT202504005642,STU005642,SCH038,2025-04-01,18,16,Medical
ATT202504005644,STU005644,SCH012,2025-04-01,15,13,Unauthorised
ATT202504005645,STU005645,SCH046,2025-04-01,14,13,Medical
ATT202504005646,STU005646,SCH015,2025-04-01,15,14,Family
ATT202504005647,STU005647,SCH038,2025-04-01,17,16,Medical
ATT202504005648,STU005648,SCH037,2025-04-01,17,15,Unauthorised
ATT202504005649,STU005649,SCH028,2025-04-01,18,17,Medical
ATT202504005650,STU005650,SCH031,2025-04-01,16,16,
ATT202504005651,STU005651,SCH019,2025-04-01,16,15,Medical
ATT202504005652,STU005652,SCH046,2025-04-01,15,14,Medical
ATT202504005653,STU005653,SCH035,2025-04-01,15,14,Family
ATT202504005654,STU005654,SCH019,2025-04-01,15,14,Medical
ATT202504005655,STU005655,SCH013,2025-04-01,15,14,Unauthorised
ATT202504005656,STU005656,SCH041,2025-04-01,14,13,Medical
ATT202504005657,STU005657,SCH031,2025-04-01,14,12,Unauthorised
ATT202504005658,STU005658,SCH006,2025-04-01,17,16,Unauthorised
ATT202504005659,STU005659,SCH023,2025-04-01,14,13,Other
ATT202504005660,STU005660,SCH040,2025-04-01,15,14,Other
ATT202504005661,STU005661,SCH021,2025-04-01,17,14,Medical
ATT202504005662,STU005662,SCH044,2025-04-01,18,16,Other
ATT202504005663,STU005663,SCH045,2025-04-01,14,13,Illness
ATT202504005665,STU005665,SCH049,2025-04-01,18,18,
ATT202504005666,STU005666,SCH035,2025-04-01,15,13,Family
ATT202504005667,STU005667,SCH033,2025-04-01,14,13,Family
ATT202504005668,STU005668,SCH002,2025-04-01,15,12,Family
ATT202504005671,STU005671,SCH014,2025-04-01,18,17,Unauthorised
ATT202504005672,STU005672,SCH016,2025-04-01,17,16,Unauthorised
ATT202504005673,STU005673,SCH017,2025-04-01,14,13,Unauthorised
ATT202504005676,STU005676,SCH012,2025-04-01,14,13,Unauthorised
ATT202504005677,STU005677,SCH035,2025-04-01,16,14,Other
ATT202504005678,STU005678,SCH001,2025-04-01,17,16,Illness
ATT202504005679,STU005679,SCH016,2025-04-01,14,12,Illness
ATT202504005680,STU005680,SCH023,2025-04-01,16,13,Family
ATT202504005681,STU005681,SCH050,2025-04-01,18,16,Medical
ATT202504005682,STU005682,SCH043,2025-04-01,15,13,Illness
ATT202504005683,STU005683,SCH011,2025-04-01,14,13,Unauthorised
ATT202504005685,STU005685,SCH041,2025-04-01,14,13,Medical
ATT202504005686,STU005686,SCH012,2025-04-01,16,15,Unauthorised
ATT202504005687,STU005687,SCH035,2025-04-01,14,12,Illness
ATT202504005689,STU005689,SCH013,2025-04-01,16,15,Unauthorised
ATT202504005690,STU005690,SCH043,2025-04-01,16,15,Illness
ATT202504005691,STU005691,SCH050,2025-04-01,14,13,Medical
ATT202504005693,STU005693,SCH046,2025-04-01,16,13,Medical
ATT202504005694,STU005694,SCH040,2025-04-01,17,16,Unauthorised
ATT202504005695,STU005695,SCH027,2025-04-01,14,12,Medical
ATT202504005696,STU005696,SCH017,2025-04-01,14,12,Illness
ATT202504005697,STU005697,SCH036,2025-04-01,14,13,Medical
ATT202504005698,STU005698,SCH042,2025-04-01,15,13,Medical
ATT202504005699,STU005699,SCH048,2025-04-01,14,13,Family
ATT202504005701,STU005701,SCH044,2025-04-01,16,14,Family
ATT202504005702,STU005702,SCH017,2025-04-01,15,14,Illness
ATT202504005703,STU005703,SCH026,2025-04-01,15,14,Other
ATT202504005704,STU005704,SCH039,2025-04-01,14,13,Illness
ATT202504005705,STU005705,SCH016,2025-04-01,17,17,
ATT202504005707,STU005707,SCH009,2025-04-01,16,15,Family
ATT202504005708,STU005708,SCH012,2025-04-01,14,13,Illness
ATT202504005709,STU005709,SCH036,2025-04-01,18,16,Unauthorised
ATT202504005710,STU005710,SCH008,2025-04-01,18,17,Medical
ATT202504005711,STU005711,SCH037,2025-04-01,17,16,Medical
ATT202504005712,STU005712,SCH047,2025-04-01,17,15,Family
ATT202504005713,STU005713,SCH030,2025-04-01,15,13,Family
ATT202504005714,STU005714,SCH027,2025-04-01,16,13,Medical
ATT202504005715,STU005715,SCH005,2025-04-01,16,15,Family
ATT202504005716,STU005716,SCH017,2025-04-01,14,14,
ATT202504005717,STU005717,SCH041,2025-04-01,18,16,Illness
ATT202504005718,STU005718,SCH011,2025-04-01,14,13,Unauthorised
ATT202504005720,STU005720,SCH018,2025-04-01,16,15,Unauthorised
ATT202504005722,STU005722,SCH050,2025-04-01,14,13,Family
ATT202504005723,STU005723,SCH010,2025-04-01,15,13,Unauthorised
ATT202504005724,STU005724,SCH017,2025-04-01,14,13,Family
ATT202504005727,STU005727,SCH027,2025-04-01,16,14,Illness
ATT202504005729,STU005729,SCH034,2025-04-01,17,15,Illness
ATT202504005730,STU005730,SCH027,2025-04-01,18,16,Other
ATT202504005731,STU005731,SCH038,2025-04-01,15,14,Illness
ATT202504005732,STU005732,SCH044,2025-04-01,18,17,Illness
ATT202504005733,STU005733,SCH025,2025-04-01,14,13,Family
ATT202504005735,STU005735,SCH020,2025-04-01,18,15,Illness
ATT202504005736,STU005736,SCH007,2025-04-01,15,15,
ATT202504005737,STU005737,SCH040,2025-04-01,14,13,Medical
ATT202504005738,STU005738,SCH020,2025-04-01,15,14,Unauthorised
ATT202504005740,STU005740,SCH023,2025-04-01,17,15,Medical
ATT202504005741,STU005741,SCH010,2025-04-01,15,14,Other
ATT202504005742,STU005742,SCH049,2025-04-01,14,14,
ATT202504005743,STU005743,SCH050,2025-04-01,14,12,Family
ATT202504005744,STU005744,SCH050,2025-04-01,16,15,Unauthorised
ATT202504005745,STU005745,SCH019,2025-04-01,17,17,
ATT202504005746,STU005746,SCH033,2025-04-01,18,17,Medical
ATT202504005747,STU005747,SCH039,2025-04-01,14,13,Family
ATT202504005748,STU005748,SCH046,2025-04-01,16,14,Illness
ATT202504005749,STU005749,SCH004,2025-04-01,17,16,Other
ATT202504005750,STU005750,SCH047,2025-04-01,16,14,Medical
ATT202504005751,STU005751,SCH007,2025-04-01,16,14,Other
ATT202504005752,STU005752,SCH025,2025-04-01,18,17,Other
ATT202504005753,STU005753,SCH044,2025-04-01,15,13,Medical
ATT202504005754,STU005754,SCH049,2025-04-01,16,15,Other
ATT202504005755,STU005755,SCH004,2025-04-01,18,17,Family
ATT202504005756,STU005756,SCH016,2025-04-01,18,17,Other
ATT202504005757,STU005757,SCH042,2025-04-01,18,17,Unauthorised
ATT202504005758,STU005758,SCH031,2025-04-01,15,12,Medical
ATT202504005759,STU005759,SCH012,2025-04-01,17,16,Other
ATT202504005761,STU005761,SCH014,2025-04-01,15,14,Illness
ATT202504005762,STU005762,SCH025,2025-04-01,14,13,Medical
ATT202504005763,STU005763,SCH040,2025-04-01,14,13,Family
ATT202504005764,STU005764,SCH002,2025-04-01,18,15,Other
ATT202504005766,STU005766,SCH013,2025-04-01,15,13,Illness
ATT202504005767,STU005767,SCH040,2025-04-01,14,13,Other
ATT202504005768,STU005768,SCH033,2025-04-01,15,14,Unauthorised
ATT202504005770,STU005770,SCH046,2025-04-01,18,17,Medical
ATT202504005771,STU005771,SCH004,2025-04-01,16,15,Illness
ATT202504005773,STU005773,SCH011,2025-04-01,18,16,Unauthorised
ATT202504005775,STU005775,SCH026,2025-04-01,17,17,
ATT202504005776,STU005776,SCH047,2025-04-01,18,17,Family
ATT202504005777,STU005777,SCH017,2025-04-01,14,12,Illness
ATT202504005778,STU005778,SCH035,2025-04-01,16,15,Medical
ATT202504005779,STU005779,SCH006,2025-04-01,15,15,
ATT202504005780,STU005780,SCH025,2025-04-01,18,17,Unauthorised
ATT202504005781,STU005781,SCH043,2025-04-01,17,16,Illness
ATT202504005782,STU005782,SCH040,2025-04-01,16,15,Medical
ATT202504005783,STU005783,SCH023,2025-04-01,14,12,Other
ATT202504005784,STU005784,SCH043,2025-04-01,17,15,Unauthorised
ATT202504005785,STU005785,SCH049,2025-04-01,15,14,Family
ATT202504005787,STU005787,SCH012,2025-04-01,17,16,Unauthorised
ATT202504005788,STU005788,SCH016,2025-04-01,18,16,Medical
ATT202504005789,STU005789,SCH021,2025-04-01,18,15,Illness
ATT202504005790,STU005790,SCH040,2025-04-01,17,15,Family
ATT202504005791,STU005791,SCH040,2025-04-01,18,15,Family
ATT202504005792,STU005792,SCH037,2025-04-01,18,16,Medical
ATT202504005793,STU005793,SCH024,2025-04-01,14,12,Unauthorised
ATT202504005794,STU005794,SCH031,2025-04-01,18,17,Illness
ATT202504005795,STU005795,SCH024,2025-04-01,15,13,Other
ATT202504005796,STU005796,SCH042,2025-04-01,18,16,Other
ATT202504005797,STU005797,SCH030,2025-04-01,16,15,Other
ATT202504005798,STU005798,SCH032,2025-04-01,17,15,Illness
ATT202504005799,STU005799,SCH015,2025-04-01,16,15,Illness
ATT202504005800,STU005800,SCH014,2025-04-01,15,14,Unauthorised
ATT202504005802,STU005802,SCH010,2025-04-01,16,15,Other
ATT202504005803,STU005803,SCH043,2025-04-01,15,14,Family
ATT202504005804,STU005804,SCH027,2025-04-01,14,13,Unauthorised
ATT202504005805,STU005805,SCH014,2025-04-01,17,15,Family
ATT202504005807,STU005807,SCH010,2025-04-01,18,16,Other
ATT202504005808,STU005808,SCH019,2025-04-01,17,16,Medical
ATT202504005809,STU005809,SCH045,2025-04-01,18,17,Illness
ATT202504005810,STU005810,SCH026,2025-04-01,16,14,Unauthorised
ATT202504005812,STU005812,SCH015,2025-04-01,17,15,Unauthorised
ATT202504005813,STU005813,SCH002,2025-04-01,18,16,Unauthorised
ATT202504005814,STU005814,SCH009,2025-04-01,18,15,Illness
ATT202504005815,STU005815,SCH033,2025-04-01,14,13,Other
ATT202504005816,STU005816,SCH027,2025-04-01,15,14,Medical
ATT202504005817,STU005817,SCH026,2025-04-01,15,14,Unauthorised
ATT202504005818,STU005818,SCH040,2025-04-01,17,16,Other
ATT202504005819,STU005819,SCH041,2025-04-01,15,14,Other
ATT202504005820,STU005820,SCH021,2025-04-01,18,16,Other
ATT202504005821,STU005821,SCH018,2025-04-01,16,14,Other
ATT202504005822,STU005822,SCH034,2025-04-01,17,15,Unauthorised
ATT202504005823,STU005823,SCH005,2025-04-01,16,15,Unauthorised
ATT202504005824,STU005824,SCH013,2025-04-01,16,15,Other
ATT202504005825,STU005825,SCH028,2025-04-01,15,14,Other
ATT202504005826,STU005826,SCH035,2025-04-01,16,15,Illness
ATT202504005827,STU005827,SCH001,2025-04-01,15,13,Unauthorised
ATT202504005828,STU005828,SCH036,2025-04-01,14,13,Other
ATT202504005829,STU005829,SCH041,2025-04-01,15,13,Medical
ATT202504005830,STU005830,SCH009,2025-04-01,15,14,Family
ATT202504005831,STU005831,SCH015,2025-04-01,16,15,Other
ATT202504005832,STU005832,SCH030,2025-04-01,15,14,Illness
ATT202504005834,STU005834,SCH029,2025-04-01,16,14,Unauthorised
ATT202504005835,STU005835,SCH037,2025-04-01,15,14,Other
ATT202504005836,STU005836,SCH036,2025-04-01,16,15,Other
ATT202504005837,STU005837,SCH001,2025-04-01,15,12,Unauthorised
ATT202504005838,STU005838,SCH029,2025-04-01,15,14,Unauthorised
ATT202504005839,STU005839,SCH043,2025-04-01,15,12,Other
ATT202504005840,STU005840,SCH041,2025-04-01,14,13,Family
ATT202504005841,STU005841,SCH043,2025-04-01,18,17,Illness
ATT202504005842,STU005842,SCH046,2025-04-01,17,14,Illness
ATT202504005843,STU005843,SCH031,2025-04-01,18,17,Unauthorised
ATT202504005845,STU005845,SCH046,2025-04-01,18,16,Medical
ATT202504005846,STU005846,SCH002,2025-04-01,17,16,Unauthorised
ATT202504005847,STU005847,SCH038,2025-04-01,18,17,Other
ATT202504005848,STU005848,SCH029,2025-04-01,16,13,Unauthorised
ATT202504005849,STU005849,SCH026,2025-04-01,17,16,Medical
ATT202504005850,STU005850,SCH043,2025-04-01,14,12,Family
ATT202504005851,STU005851,SCH036,2025-04-01,18,16,Other
ATT202504005852,STU005852,SCH044,2025-04-01,18,16,Illness
ATT202504005853,STU005853,SCH029,2025-04-01,15,13,Family
ATT202504005854,STU005854,SCH023,2025-04-01,17,16,Illness
ATT202504005855,STU005855,SCH014,2025-04-01,18,16,Medical
ATT202504005856,STU005856,SCH029,2025-04-01,15,15,
ATT202504005857,STU005857,SCH018,2025-04-01,14,13,Medical
ATT202504005858,STU005858,SCH006,2025-04-01,16,15,Family
ATT202504005859,STU005859,SCH048,2025-04-01,17,17,
ATT202504005860,STU005860,SCH003,2025-04-01,18,16,Family
ATT202504005861,STU005861,SCH035,2025-04-01,17,15,Medical
ATT202504005862,STU005862,SCH011,2025-04-01,18,16,Unauthorised
ATT202504005863,STU005863,SCH008,2025-04-01,14,13,Family
ATT202504005864,STU005864,SCH030,2025-04-01,18,17,Family
ATT202504005865,STU005865,SCH031,2025-04-01,17,16,Illness
ATT202504005866,STU005866,SCH009,2025-04-01,16,15,Family
ATT202504005867,STU005867,SCH046,2025-04-01,18,16,Unauthorised
ATT202504005868,STU005868,SCH045,2025-04-01,16,15,Family
ATT202504005869,STU005869,SCH023,2025-04-01,15,14,Other
ATT202504005870,STU005870,SCH009,2025-04-01,14,14,
ATT202504005871,STU005871,SCH035,2025-04-01,17,16,Illness
ATT202504005872,STU005872,SCH040,2025-04-01,16,15,Unauthorised
ATT202504005873,STU005873,SCH033,2025-04-01,15,14,Illness
ATT202504005874,STU005874,SCH002,2025-04-01,17,16,Other
ATT202504005875,STU005875,SCH049,2025-04-01,18,16,Unauthorised
ATT202504005876,STU005876,SCH025,2025-04-01,14,12,Illness
ATT202504005877,STU005877,SCH032,2025-04-01,18,17,Other
ATT202504005878,STU005878,SCH003,2025-04-01,17,16,Illness
ATT202504005879,STU005879,SCH030,2025-04-01,18,17,Illness
ATT202504005880,STU005880,SCH023,2025-04-01,17,16,Medical
ATT202504005881,STU005881,SCH014,2025-04-01,16,15,Medical
ATT202504005882,STU005882,SCH015,2025-04-01,15,15,
ATT202504005883,STU005883,SCH008,2025-04-01,16,14,Medical
ATT202504005884,STU005884,SCH014,2025-04-01,17,16,Other
ATT202504005885,STU005885,SCH001,2025-04-01,14,13,Family
ATT202504005886,STU005886,SCH028,2025-04-01,17,15,Family
ATT202504005887,STU005887,SCH022,2025-04-01,16,15,Medical
ATT202504005888,STU005888,SCH034,2025-04-01,15,13,Unauthorised
ATT202504005889,STU005889,SCH007,2025-04-01,15,15,
ATT202504005890,STU005890,SCH036,2025-04-01,15,14,Unauthorised
ATT202504005891,STU005891,SCH003,2025-04-01,18,16,Medical
ATT202504005892,STU005892,SCH041,2025-04-01,16,15,Other
ATT202504005893,STU005893,SCH013,2025-04-01,14,13,Illness
ATT202504005894,STU005894,SCH025,2025-04-01,18,16,Medical
ATT202504005895,STU005895,SCH016,2025-04-01,18,16,Medical
ATT202504005896,STU005896,SCH046,2025-04-01,15,13,Illness
ATT202504005897,STU005897,SCH021,2025-04-01,14,13,Other
ATT202504005898,STU005898,SCH014,2025-04-01,16,15,Medical
ATT202504005899,STU005899,SCH042,2025-04-01,17,16,Other
ATT202504005900,STU005900,SCH016,2025-04-01,15,14,Unauthorised
ATT202504005901,STU005901,SCH044,2025-04-01,18,17,Illness
ATT202504005902,STU005902,SCH044,2025-04-01,17,15,Other
ATT202504005903,STU005903,SCH044,2025-04-01,15,13,Family
ATT202504005905,STU005905,SCH049,2025-04-01,14,11,Medical
ATT202504005906,STU005906,SCH040,2025-04-01,15,14,Family
ATT202504005907,STU005907,SCH007,2025-04-01,14,12,Medical
ATT202504005908,STU005908,SCH040,2025-04-01,17,16,Medical
ATT202504005909,STU005909,SCH015,2025-04-01,18,18,
ATT202504005910,STU005910,SCH023,2025-04-01,17,17,
ATT202504005911,STU005911,SCH011,2025-04-01,15,14,Other
ATT202504005912,STU005912,SCH031,2025-04-01,16,13,Other
ATT202504005913,STU005913,SCH017,2025-04-01,16,15,Family
ATT202504005914,STU005914,SCH049,2025-04-01,17,14,Family
ATT202504005915,STU005915,SCH047,2025-04-01,18,16,Family
ATT202504005916,STU005916,SCH045,2025-04-01,14,12,Other
ATT202504005918,STU005918,SCH038,2025-04-01,14,14,
ATT202504005919,STU005919,SCH038,2025-04-01,15,15,
ATT202504005920,STU005920,SCH038,2025-04-01,18,16,Unauthorised
ATT202504005921,STU005921,SCH041,2025-04-01,15,14,Illness
ATT202504005922,STU005922,SCH020,2025-04-01,15,14,Medical
ATT202504005923,STU005923,SCH045,2025-04-01,14,12,Family
ATT202504005924,STU005924,SCH020,2025-04-01,14,12,Illness
ATT202504005925,STU005925,SCH050,2025-04-01,14,12,Illness
ATT202504005926,STU005926,SCH007,2025-04-01,18,17,Unauthorised
ATT202504005927,STU005927,SCH038,2025-04-01,15,14,Family
ATT202504005928,STU005928,SCH017,2025-04-01,16,14,Illness
ATT202504005929,STU005929,SCH023,2025-04-01,14,12,Illness
ATT202504005930,STU005930,SCH023,2025-04-01,15,14,Medical
ATT202504005931,STU005931,SCH047,2025-04-01,17,16,Illness
ATT202504005932,STU005932,SCH031,2025-04-01,18,17,Unauthorised
ATT202504005933,STU005933,SCH010,2025-04-01,18,16,Family
ATT202504005934,STU005934,SCH016,2025-04-01,17,16,Other
ATT202504005935,STU005935,SCH012,2025-04-01,15,15,
ATT202504005936,STU005936,SCH008,2025-04-01,17,16,Other
ATT202504005937,STU005937,SCH038,2025-04-01,17,15,Family
ATT202504005938,STU005938,SCH024,2025-04-01,18,15,Illness
ATT202504005939,STU005939,SCH025,2025-04-01,18,17,Other
ATT202504005940,STU005940,SCH046,2025-04-01,18,17,Medical
ATT202504005941,STU005941,SCH046,2025-04-01,14,13,Illness
ATT202504005942,STU005942,SCH008,2025-04-01,15,13,Unauthorised
ATT202504005943,STU005943,SCH045,2025-04-01,14,12,Unauthorised
ATT202504005944,STU005944,SCH011,2025-04-01,18,16,Illness
ATT202504005945,STU005945,SCH045,2025-04-01,14,13,Medical
ATT202504005947,STU005947,SCH045,2025-04-01,18,16,Family
ATT202504005948,STU005948,SCH009,2025-04-01,17,16,Unauthorised
ATT202504005949,STU005949,SCH001,2025-04-01,16,14,Other
ATT202504005950,STU005950,SCH045,2025-04-01,18,16,Family
ATT202504005952,STU005952,SCH005,2025-04-01,16,15,Illness
ATT202504005953,STU005953,SCH013,2025-04-01,14,13,Illness
ATT202504005954,STU005954,SCH042,2025-04-01,15,13,Other
ATT202504005955,STU005955,SCH013,2025-04-01,15,14,Unauthorised
ATT202504005956,STU005956,SCH042,2025-04-01,18,18,
ATT202504005958,STU005958,SCH007,2025-04-01,16,16,
ATT202504005959,STU005959,SCH042,2025-04-01,15,13,Illness
ATT202504005960,STU005960,SCH042,2025-04-01,16,13,Other
ATT202504005961,STU005961,SCH046,2025-04-01,16,15,Other
ATT202504005962,STU005962,SCH019,2025-04-01,18,16,Other
ATT202504005963,STU005963,SCH027,2025-04-01,14,12,Illness
ATT202504005964,STU005964,SCH006,2025-04-01,18,16,Illness
ATT202504005965,STU005965,SCH021,2025-04-01,16,13,Illness
ATT202504005967,STU005967,SCH033,2025-04-01,17,16,Illness
ATT202504005968,STU005968,SCH031,2025-04-01,16,15,Medical
ATT202504005969,STU005969,SCH050,2025-04-01,15,15,
ATT202504005970,STU005970,SCH045,2025-04-01,14,11,Illness
ATT202504005971,STU005971,SCH023,2025-04-01,18,15,Medical
ATT202504005972,STU005972,SCH007,2025-04-01,18,18,
ATT202504005973,STU005973,SCH041,2025-04-01,17,15,Other
ATT202504005975,STU005975,SCH005,2025-04-01,15,13,Family
ATT202504005976,STU005976,SCH039,2025-04-01,14,14,
ATT202504005977,STU005977,SCH040,2025-04-01,17,16,Family
ATT202504005978,STU005978,SCH050,2025-04-01,16,15,Family
ATT202504005979,STU005979,SCH033,2025-04-01,14,13,Medical
ATT202504005980,STU005980,SCH026,2025-04-01,18,17,Medical
ATT202504005981,STU005981,SCH050,2025-04-01,18,17,Illness
ATT202504005982,STU005982,SCH023,2025-04-01,15,14,Unauthorised
ATT202504005983,STU005983,SCH004,2025-04-01,16,15,Other
ATT202504005984,STU005984,SCH004,2025-04-01,16,15,Other
ATT202504005986,STU005986,SCH045,2025-04-01,18,16,Other
ATT202504005987,STU005987,SCH005,2025-04-01,17,16,Medical
ATT202504005988,STU005988,SCH027,2025-04-01,17,16,Illness
ATT202504005990,STU005990,SCH034,2025-04-01,16,15,Other
ATT202504005991,STU005991,SCH003,2025-04-01,14,13,Unauthorised
ATT202504005992,STU005992,SCH012,2025-04-01,16,14,Medical
ATT202504005993,STU005993,SCH042,2025-04-01,17,15,Illness
ATT202504005994,STU005994,SCH007,2025-04-01,17,15,Medical
ATT202504005995,STU005995,SCH011,2025-04-01,14,13,Unauthorised
ATT202504005996,STU005996,SCH016,2025-04-01,17,16,Illness
ATT202504005997,STU005997,SCH049,2025-04-01,14,12,Unauthorised
ATT202504005998,STU005998,SCH024,2025-04-01,15,14,Other
ATT202504005999,STU005999,SCH032,2025-04-01,16,14,Family
ATT202504006000,STU006000,SCH039,2025-04-01,14,13,Family
ATT202504006001,STU006001,SCH017,2025-04-01,17,14,Illness
ATT202504006002,STU006002,SCH003,2025-04-01,15,14,Medical
ATT202504006003,STU006003,SCH008,2025-04-01,17,15,Unauthorised
ATT202504006004,STU006004,SCH036,2025-04-01,14,13,Medical
ATT202504006005,STU006005,SCH029,2025-04-01,15,13,Other
ATT202504006006,STU006006,SCH002,2025-04-01,14,12,Other
ATT202504006007,STU006007,SCH047,2025-04-01,15,13,Unauthorised
ATT202504006008,STU006008,SCH007,2025-04-01,18,17,Family
ATT202504006009,STU006009,SCH007,2025-04-01,18,17,Medical
ATT202504006010,STU006010,SCH022,2025-04-01,16,15,Family
ATT202504006011,STU006011,SCH015,2025-04-01,14,14,
ATT202504006012,STU006012,SCH013,2025-04-01,17,15,Other
ATT202504006013,STU006013,SCH002,2025-04-01,15,11,Illness
ATT202504006014,STU006014,SCH036,2025-04-01,18,16,Other
ATT202504006015,STU006015,SCH046,2025-04-01,14,12,Other
ATT202504006016,STU006016,SCH041,2025-04-01,15,14,Illness
ATT202504006017,STU006017,SCH010,2025-04-01,15,14,Unauthorised
ATT202504006018,STU006018,SCH012,2025-04-01,18,16,Unauthorised
ATT202504006019,STU006019,SCH010,2025-04-01,17,16,Unauthorised
ATT202504006020,STU006020,SCH012,2025-04-01,17,16,Unauthorised
ATT202504006022,STU006022,SCH037,2025-04-01,18,17,Other
ATT202504006023,STU006023,SCH012,2025-04-01,17,14,Medical
ATT202504006024,STU006024,SCH025,2025-04-01,17,16,Illness
ATT202504006025,STU006025,SCH021,2025-04-01,18,16,Illness
ATT202504006026,STU006026,SCH006,2025-04-01,17,16,Other
ATT202504006027,STU006027,SCH035,2025-04-01,14,13,Unauthorised
ATT202504006028,STU006028,SCH025,2025-04-01,16,15,Medical
ATT202504006029,STU006029,SCH026,2025-04-01,16,14,Family
ATT202504006030,STU006030,SCH044,2025-04-01,14,13,Unauthorised
ATT202504006031,STU006031,SCH041,2025-04-01,15,14,Family
ATT202504006032,STU006032,SCH047,2025-04-01,16,15,Unauthorised
ATT202504006033,STU006033,SCH026,2025-04-01,15,14,Family
ATT202504006034,STU006034,SCH020,2025-04-01,14,13,Unauthorised
ATT202504006035,STU006035,SCH046,2025-04-01,18,16,Other
ATT202504006036,STU006036,SCH024,2025-04-01,14,11,Other
ATT202504006037,STU006037,SCH016,2025-04-01,18,18,
ATT202504006038,STU006038,SCH050,2025-04-01,18,16,Other
ATT202504006039,STU006039,SCH041,2025-04-01,14,13,Family
ATT202504006041,STU006041,SCH022,2025-04-01,15,13,Family
ATT202504006042,STU006042,SCH001,2025-04-01,15,13,Medical
ATT202504006043,STU006043,SCH018,2025-04-01,18,17,Other
ATT202504006044,STU006044,SCH046,2025-04-01,14,12,Other
ATT202504006045,STU006045,SCH042,2025-04-01,16,15,Family
ATT202504006046,STU006046,SCH028,2025-04-01,18,16,Medical
ATT202504006047,STU006047,SCH049,2025-04-01,14,14,
ATT202504006048,STU006048,SCH048,2025-04-01,15,14,Unauthorised
ATT202504006049,STU006049,SCH011,2025-04-01,16,16,
ATT202504006051,STU006051,SCH046,2025-04-01,17,14,Medical
ATT202504006052,STU006052,SCH045,2025-04-01,17,15,Other
ATT202504006053,STU006053,SCH025,2025-04-01,14,12,Illness
ATT202504006054,STU006054,SCH016,2025-04-01,15,14,Family
ATT202504006055,STU006055,SCH046,2025-04-01,17,16,Illness
ATT202504006056,STU006056,SCH022,2025-04-01,18,16,Other
ATT202504006057,STU006057,SCH035,2025-04-01,15,14,Other
ATT202504006058,STU006058,SCH018,2025-04-01,18,17,Medical
ATT202504006059,STU006059,SCH011,2025-04-01,14,13,Other
ATT202504006060,STU006060,SCH030,2025-04-01,14,13,Unauthorised
ATT202504006061,STU006061,SCH035,2025-04-01,16,13,Family
ATT202504006062,STU006062,SCH021,2025-04-01,18,17,Other
ATT202504006064,STU006064,SCH002,2025-04-01,18,15,Family
ATT202504006066,STU006066,SCH035,2025-04-01,18,16,Illness
ATT202504006067,STU006067,SCH027,2025-04-01,14,13,Medical
ATT202504006068,STU006068,SCH026,2025-04-01,15,13,Other
ATT202504006069,STU006069,SCH048,2025-04-01,15,15,
ATT202504006070,STU006070,SCH030,2025-04-01,14,12,Unauthorised
ATT202504006071,STU006071,SCH029,2025-04-01,15,12,Family
ATT202504006072,STU006072,SCH040,2025-04-01,14,12,Family
ATT202504006074,STU006074,SCH048,2025-04-01,15,14,Medical
ATT202504006075,STU006075,SCH001,2025-04-01,18,18,
ATT202504006076,STU006076,SCH021,2025-04-01,15,14,Illness
ATT202504006077,STU006077,SCH014,2025-04-01,18,16,Unauthorised
ATT202504006078,STU006078,SCH011,2025-04-01,18,16,Illness
ATT202504006079,STU006079,SCH028,2025-04-01,16,15,Illness
ATT202504006080,STU006080,SCH021,2025-04-01,15,13,Other
ATT202504006081,STU006081,SCH009,2025-04-01,14,13,Medical
ATT202504006082,STU006082,SCH014,2025-04-01,15,14,Medical
ATT202504006083,STU006083,SCH016,2025-04-01,15,13,Medical
ATT202504006084,STU006084,SCH031,2025-04-01,16,15,Other
ATT202504006085,STU006085,SCH034,2025-04-01,14,12,Unauthorised
ATT202504006086,STU006086,SCH011,2025-04-01,14,13,Family
ATT202504006088,STU006088,SCH005,2025-04-01,16,15,Other
ATT202504006089,STU006089,SCH020,2025-04-01,14,14,
ATT202504006090,STU006090,SCH037,2025-04-01,16,15,Other
ATT202504006091,STU006091,SCH038,2025-04-01,18,16,Other
ATT202504006092,STU006092,SCH004,2025-04-01,14,13,Family
ATT202504006093,STU006093,SCH022,2025-04-01,16,13,Family
ATT202504006094,STU006094,SCH014,2025-04-01,16,15,Illness
ATT202504006095,STU006095,SCH019,2025-04-01,14,13,Medical
ATT202504006096,STU006096,SCH005,2025-04-01,16,16,
ATT202504006097,STU006097,SCH021,2025-04-01,14,13,Unauthorised
ATT202504006098,STU006098,SCH050,2025-04-01,15,14,Unauthorised
ATT202504006099,STU006099,SCH001,2025-04-01,14,12,Medical
ATT202504006100,STU006100,SCH004,2025-04-01,16,14,Family
ATT202504006101,STU006101,SCH002,2025-04-01,16,14,Other
ATT202504006102,STU006102,SCH021,2025-04-01,16,14,Family
ATT202504006103,STU006103,SCH037,2025-04-01,18,18,
ATT202504006104,STU006104,SCH034,2025-04-01,17,15,Medical
ATT202504006105,STU006105,SCH028,2025-04-01,15,14,Family
ATT202504006106,STU006106,SCH010,2025-04-01,17,16,Other
ATT202504006107,STU006107,SCH035,2025-04-01,18,16,Other
ATT202504006108,STU006108,SCH002,2025-04-01,14,13,Illness
ATT202504006109,STU006109,SCH026,2025-04-01,15,14,Illness
ATT202504006110,STU006110,SCH033,2025-04-01,18,17,Family
ATT202504006112,STU006112,SCH003,2025-04-01,14,13,Unauthorised
ATT202504006113,STU006113,SCH019,2025-04-01,16,15,Illness
ATT202504006114,STU006114,SCH036,2025-04-01,15,14,Other
ATT202504006116,STU006116,SCH004,2025-04-01,16,16,
ATT202504006117,STU006117,SCH030,2025-04-01,15,14,Medical
ATT202504006118,STU006118,SCH026,2025-04-01,15,14,Family
ATT202504006119,STU006119,SCH037,2025-04-01,14,12,Other
ATT202504006120,STU006120,SCH041,2025-04-01,14,13,Family
ATT202504006121,STU006121,SCH043,2025-04-01,15,13,Family
ATT202504006122,STU006122,SCH034,2025-04-01,17,14,Family
ATT202504006123,STU006123,SCH025,2025-04-01,16,14,Family
ATT202504006124,STU006124,SCH021,2025-04-01,16,14,Illness
ATT202504006125,STU006125,SCH043,2025-04-01,16,15,Illness
ATT202504006126,STU006126,SCH021,2025-04-01,16,15,Illness
ATT202504006128,STU006128,SCH012,2025-04-01,16,13,Other
ATT202504006129,STU006129,SCH026,2025-04-01,16,14,Family
ATT202504006130,STU006130,SCH034,2025-04-01,16,14,Other
ATT202504006131,STU006131,SCH003,2025-04-01,18,16,Unauthorised
ATT202504006132,STU006132,SCH044,2025-04-01,18,17,Family
ATT202504006133,STU006133,SCH030,2025-04-01,17,16,Other
ATT202504006134,STU006134,SCH020,2025-04-01,16,15,Family
ATT202504006135,STU006135,SCH027,2025-04-01,14,12,Illness
ATT202504006136,STU006136,SCH020,2025-04-01,17,16,Medical
ATT202504006137,STU006137,SCH049,2025-04-01,14,12,Other
ATT202504006138,STU006138,SCH031,2025-04-01,14,13,Illness
ATT202504006139,STU006139,SCH025,2025-04-01,17,16,Medical
ATT202504006141,STU006141,SCH027,2025-04-01,18,15,Illness
ATT202504006142,STU006142,SCH047,2025-04-01,14,13,Other
ATT202504006143,STU006143,SCH048,2025-04-01,15,14,Unauthorised
ATT202504006144,STU006144,SCH004,2025-04-01,14,14,
ATT202504006145,STU006145,SCH010,2025-04-01,14,12,Medical
ATT202504006146,STU006146,SCH008,2025-04-01,16,15,Illness
ATT202504006148,STU006148,SCH002,2025-04-01,15,14,Other
ATT202504006149,STU006149,SCH008,2025-04-01,14,13,Unauthorised
ATT202504006150,STU006150,SCH008,2025-04-01,17,16,Unauthorised
ATT202504006152,STU006152,SCH010,2025-04-01,17,16,Unauthorised
ATT202504006153,STU006153,SCH010,2025-04-01,17,16,Other
ATT202504006154,STU006154,SCH031,2025-04-01,14,14,
ATT202504006155,STU006155,SCH001,2025-04-01,17,16,Family
ATT202504006156,STU006156,SCH047,2025-04-01,18,16,Other
ATT202504006157,STU006157,SCH038,2025-04-01,14,13,Unauthorised
ATT202504006158,STU006158,SCH024,2025-04-01,15,13,Other
ATT202504006160,STU006160,SCH011,2025-04-01,18,18,
ATT202504006161,STU006161,SCH012,2025-04-01,14,13,Family
ATT202504006162,STU006162,SCH018,2025-04-01,17,15,Unauthorised
ATT202504006163,STU006163,SCH035,2025-04-01,18,15,Other
ATT202504006164,STU006164,SCH045,2025-04-01,17,14,Other
ATT202504006165,STU006165,SCH048,2025-04-01,18,17,Unauthorised
ATT202504006166,STU006166,SCH006,2025-04-01,17,16,Unauthorised
ATT202504006167,STU006167,SCH010,2025-04-01,15,14,Medical
ATT202504006168,STU006168,SCH031,2025-04-01,16,14,Family
ATT202504006169,STU006169,SCH008,2025-04-01,14,13,Medical
ATT202504006170,STU006170,SCH024,2025-04-01,17,14,Other
ATT202504006171,STU006171,SCH023,2025-04-01,14,12,Family
ATT202504006172,STU006172,SCH014,2025-04-01,14,13,Illness
ATT202504006173,STU006173,SCH010,2025-04-01,16,15,Medical
ATT202504006175,STU006175,SCH017,2025-04-01,17,14,Unauthorised
ATT202504006176,STU006176,SCH037,2025-04-01,17,16,Illness
ATT202504006178,STU006178,SCH042,2025-04-01,18,14,Medical
ATT202504006179,STU006179,SCH037,2025-04-01,16,15,Illness
ATT202504006180,STU006180,SCH032,2025-04-01,16,14,Family
ATT202504006182,STU006182,SCH001,2025-04-01,17,14,Family
ATT202504006183,STU006183,SCH046,2025-04-01,17,15,Other
ATT202504006185,STU006185,SCH040,2025-04-01,16,15,Illness
ATT202504006186,STU006186,SCH035,2025-04-01,16,14,Illness
ATT202504006188,STU006188,SCH024,2025-04-01,17,16,Unauthorised
ATT202504006189,STU006189,SCH030,2025-04-01,16,16,
ATT202504006190,STU006190,SCH013,2025-04-01,14,13,Illness
ATT202504006191,STU006191,SCH013,2025-04-01,16,14,Illness
ATT202504006192,STU006192,SCH036,2025-04-01,16,15,Unauthorised
ATT202504006193,STU006193,SCH007,2025-04-01,16,15,Unauthorised
ATT202504006194,STU006194,SCH043,2025-04-01,17,16,Other
ATT202504006195,STU006195,SCH012,2025-04-01,15,13,Unauthorised
ATT202504006196,STU006196,SCH030,2025-04-01,15,15,
ATT202504006198,STU006198,SCH012,2025-04-01,14,12,Other
ATT202504006200,STU006200,SCH037,2025-04-01,18,16,Other
ATT202504006201,STU006201,SCH041,2025-04-01,16,15,Other
ATT202504006202,STU006202,SCH031,2025-04-01,16,14,Medical
ATT202504006203,STU006203,SCH046,2025-04-01,17,14,Family
ATT202504006204,STU006204,SCH048,2025-04-01,16,16,
ATT202504006205,STU006205,SCH010,2025-04-01,14,12,Unauthorised
ATT202504006206,STU006206,SCH018,2025-04-01,14,14,
ATT202504006207,STU006207,SCH030,2025-04-01,15,14,Family
ATT202504006208,STU006208,SCH003,2025-04-01,15,14,Unauthorised
ATT202504006209,STU006209,SCH021,2025-04-01,18,17,Unauthorised
ATT202504006210,STU006210,SCH003,2025-04-01,14,13,Illness
ATT202504006211,STU006211,SCH043,2025-04-01,16,15,Medical
ATT202504006212,STU006212,SCH040,2025-04-01,14,13,Family
ATT202504006213,STU006213,SCH048,2025-04-01,14,13,Unauthorised
ATT202504006214,STU006214,SCH009,2025-04-01,16,15,Unauthorised
ATT202504006215,STU006215,SCH041,2025-04-01,18,16,Other
ATT202504006217,STU006217,SCH043,2025-04-01,14,13,Family
ATT202504006218,STU006218,SCH037,2025-04-01,15,13,Unauthorised
ATT202504006219,STU006219,SCH007,2025-04-01,16,16,
ATT202504006220,STU006220,SCH024,2025-04-01,17,12,Family
ATT202504006221,STU006221,SCH041,2025-04-01,17,16,Other
ATT202504006222,STU006222,SCH023,2025-04-01,15,13,Unauthorised
ATT202504006223,STU006223,SCH009,2025-04-01,17,14,Other
ATT202504006225,STU006225,SCH021,2025-04-01,16,14,Other
ATT202504006226,STU006226,SCH027,2025-04-01,17,15,Other
ATT202504006227,STU006227,SCH015,2025-04-01,14,13,Other
ATT202504006229,STU006229,SCH034,2025-04-01,17,16,Medical
ATT202504006230,STU006230,SCH028,2025-04-01,17,15,Family
ATT202504006233,STU006233,SCH027,2025-04-01,15,14,Unauthorised
ATT202504006234,STU006234,SCH023,2025-04-01,15,13,Family
ATT202504006235,STU006235,SCH010,2025-04-01,16,14,Family
ATT202504006236,STU006236,SCH044,2025-04-01,16,14,Other
ATT202504006237,STU006237,SCH012,2025-04-01,15,13,Illness
ATT202504006238,STU006238,SCH005,2025-04-01,15,14,Family
ATT202504006239,STU006239,SCH041,2025-04-01,16,15,Family
ATT202504006240,STU006240,SCH012,2025-04-01,17,16,Medical
ATT202504006241,STU006241,SCH041,2025-04-01,14,13,Unauthorised
ATT202504006242,STU006242,SCH034,2025-04-01,18,15,Medical
ATT202504006243,STU006243,SCH010,2025-04-01,15,14,Unauthorised
ATT202504006244,STU006244,SCH028,2025-04-01,14,13,Medical
ATT202504006245,STU006245,SCH030,2025-04-01,16,14,Medical
ATT202504006246,STU006246,SCH025,2025-04-01,16,15,Other
ATT202504006247,STU006247,SCH036,2025-04-01,17,15,Illness
ATT202504006248,STU006248,SCH023,2025-04-01,18,15,Unauthorised
ATT202504006249,STU006249,SCH049,2025-04-01,14,11,Unauthorised
ATT202504006250,STU006250,SCH043,2025-04-01,16,15,Medical
ATT202504006251,STU006251,SCH022,2025-04-01,15,13,Medical
ATT202504006252,STU006252,SCH018,2025-04-01,16,15,Medical
ATT202504006253,STU006253,SCH028,2025-04-01,17,16,Illness
ATT202504006254,STU006254,SCH029,2025-04-01,16,14,Unauthorised
ATT202504006255,STU006255,SCH044,2025-04-01,16,15,Family
ATT202504006256,STU006256,SCH030,2025-04-01,18,17,Illness
ATT202504006257,STU006257,SCH017,2025-04-01,14,12,Illness
ATT202504006258,STU006258,SCH041,2025-04-01,14,12,Illness
ATT202504006259,STU006259,SCH050,2025-04-01,16,15,Unauthorised
ATT202504006260,STU006260,SCH026,2025-04-01,16,15,Family
ATT202504006261,STU006261,SCH019,2025-04-01,17,16,Medical
ATT202504006262,STU006262,SCH035,2025-04-01,17,15,Unauthorised
ATT202504006263,STU006263,SCH048,2025-04-01,15,14,Family
ATT202504006264,STU006264,SCH030,2025-04-01,16,14,Medical
ATT202504006265,STU006265,SCH043,2025-04-01,16,15,Illness
ATT202504006266,STU006266,SCH037,2025-04-01,16,16,
ATT202504006267,STU006267,SCH033,2025-04-01,14,13,Medical
ATT202504006268,STU006268,SCH011,2025-04-01,17,16,Illness
ATT202504006269,STU006269,SCH026,2025-04-01,16,15,Unauthorised
ATT202504006270,STU006270,SCH037,2025-04-01,16,16,
ATT202504006271,STU006271,SCH002,2025-04-01,18,17,Family
ATT202504006272,STU006272,SCH021,2025-04-01,18,18,
ATT202504006273,STU006273,SCH026,2025-04-01,16,15,Unauthorised
ATT202504006274,STU006274,SCH030,2025-04-01,17,15,Other
ATT202504006275,STU006275,SCH003,2025-04-01,17,16,Unauthorised
ATT202504006276,STU006276,SCH021,2025-04-01,16,14,Other
ATT202504006277,STU006277,SCH018,2025-04-01,17,16,Other
ATT202504006278,STU006278,SCH045,2025-04-01,15,14,Other
ATT202504006279,STU006279,SCH009,2025-04-01,17,15,Illness
ATT202504006280,STU006280,SCH007,2025-04-01,14,13,Illness
ATT202504006282,STU006282,SCH020,2025-04-01,15,14,Unauthorised
ATT202504006283,STU006283,SCH038,2025-04-01,17,15,Illness
ATT202504006284,STU006284,SCH023,2025-04-01,15,14,Unauthorised
ATT202504006285,STU006285,SCH019,2025-04-01,18,17,Family
ATT202504006286,STU006286,SCH009,2025-04-01,16,15,Illness
ATT202504006287,STU006287,SCH005,2025-04-01,14,13,Family
ATT202504006288,STU006288,SCH021,2025-04-01,18,17,Family
ATT202504006289,STU006289,SCH007,2025-04-01,14,13,Other
ATT202504006290,STU006290,SCH026,2025-04-01,15,14,Illness
ATT202504006291,STU006291,SCH002,2025-04-01,14,12,Family
ATT202504006292,STU006292,SCH036,2025-04-01,16,15,Medical
ATT202504006294,STU006294,SCH033,2025-04-01,17,15,Family
ATT202504006295,STU006295,SCH003,2025-04-01,16,15,Medical
ATT202504006296,STU006296,SCH004,2025-04-01,16,15,Family
ATT202504006298,STU006298,SCH004,2025-04-01,16,14,Medical
ATT202504006299,STU006299,SCH027,2025-04-01,17,15,Unauthorised
ATT202504006300,STU006300,SCH018,2025-04-01,16,16,
ATT202504006301,STU006301,SCH003,2025-04-01,14,14,
ATT202504006302,STU006302,SCH004,2025-04-01,16,14,Other
ATT202504006303,STU006303,SCH002,2025-04-01,18,17,Medical
ATT202504006305,STU006305,SCH031,2025-04-01,15,13,Family
ATT202504006306,STU006306,SCH024,2025-04-01,16,14,Medical
ATT202504006307,STU006307,SCH030,2025-04-01,18,17,Other
ATT202504006308,STU006308,SCH010,2025-04-01,17,16,Other
ATT202504006309,STU006309,SCH035,2025-04-01,14,12,Family
ATT202504006310,STU006310,SCH006,2025-04-01,18,17,Family
ATT202504006311,STU006311,SCH033,2025-04-01,15,14,Family
ATT202504006312,STU006312,SCH027,2025-04-01,14,12,Family
ATT202504006313,STU006313,SCH001,2025-04-01,17,14,Family
ATT202504006314,STU006314,SCH047,2025-04-01,15,14,Other
ATT202504006315,STU006315,SCH018,2025-04-01,15,14,Medical
ATT202504006316,STU006316,SCH049,2025-04-01,16,16,
ATT202504006317,STU006317,SCH038,2025-04-01,14,12,Unauthorised
ATT202504006318,STU006318,SCH024,2025-04-01,14,12,Unauthorised
ATT202504006319,STU006319,SCH001,2025-04-01,18,15,Illness
ATT202504006320,STU006320,SCH026,2025-04-01,18,17,Illness
ATT202504006321,STU006321,SCH028,2025-04-01,17,16,Other
ATT202504006322,STU006322,SCH006,2025-04-01,15,14,Family
ATT202504006323,STU006323,SCH003,2025-04-01,16,15,Medical
ATT202504006326,STU006326,SCH010,2025-04-01,17,16,Illness
ATT202504006327,STU006327,SCH016,2025-04-01,15,14,Family
ATT202504006328,STU006328,SCH044,2025-04-01,18,17,Other
ATT202504006329,STU006329,SCH006,2025-04-01,15,13,Family
ATT202504006330,STU006330,SCH039,2025-04-01,14,13,Medical
ATT202504006331,STU006331,SCH037,2025-04-01,14,12,Unauthorised
ATT202504006332,STU006332,SCH038,2025-04-01,15,13,Unauthorised
ATT202504006333,STU006333,SCH031,2025-04-01,17,16,Medical
ATT202504006334,STU006334,SCH037,2025-04-01,17,15,Illness
ATT202504006335,STU006335,SCH045,2025-04-01,16,14,Family
ATT202504006336,STU006336,SCH037,2025-04-01,15,14,Medical
ATT202504006337,STU006337,SCH009,2025-04-01,17,15,Family
ATT202504006338,STU006338,SCH001,2025-04-01,17,15,Medical
ATT202504006339,STU006339,SCH048,2025-04-01,16,15,Illness
ATT202504006340,STU006340,SCH002,2025-04-01,18,15,Illness
ATT202504006341,STU006341,SCH023,2025-04-01,14,12,Other
ATT202504006342,STU006342,SCH042,2025-04-01,14,13,Illness
ATT202504006344,STU006344,SCH003,2025-04-01,16,14,Unauthorised
ATT202504006345,STU006345,SCH009,2025-04-01,18,16,Unauthorised
ATT202504006346,STU006346,SCH008,2025-04-01,14,14,
ATT202504006347,STU006347,SCH016,2025-04-01,15,13,Illness
ATT202504006348,STU006348,SCH029,2025-04-01,17,16,Illness
ATT202504006349,STU006349,SCH019,2025-04-01,14,13,Unauthorised
ATT202504006350,STU006350,SCH040,2025-04-01,18,18,
ATT202504006351,STU006351,SCH046,2025-04-01,16,14,Other
ATT202504006352,STU006352,SCH002,2025-04-01,17,13,Medical
ATT202504006353,STU006353,SCH031,2025-04-01,17,15,Illness
ATT202504006354,STU006354,SCH047,2025-04-01,15,13,Unauthorised
ATT202504006355,STU006355,SCH039,2025-04-01,16,15,Other
ATT202504006356,STU006356,SCH012,2025-04-01,15,14,Medical
ATT202504006357,STU006357,SCH039,2025-04-01,18,17,Family
ATT202504006359,STU006359,SCH024,2025-04-01,17,17,
ATT202504006360,STU006360,SCH032,2025-04-01,16,15,Unauthorised
ATT202504006361,STU006361,SCH032,2025-04-01,17,15,Medical
ATT202504006362,STU006362,SCH019,2025-04-01,15,14,Family
ATT202504006363,STU006363,SCH010,2025-04-01,17,14,Unauthorised
ATT202504006364,STU006364,SCH014,2025-04-01,15,13,Other
ATT202504006365,STU006365,SCH007,2025-04-01,16,15,Unauthorised
ATT202504006366,STU006366,SCH019,2025-04-01,17,16,Family
ATT202504006367,STU006367,SCH031,2025-04-01,17,15,Unauthorised
ATT202504006369,STU006369,SCH012,2025-04-01,18,17,Other
ATT202504006370,STU006370,SCH035,2025-04-01,15,13,Medical
ATT202504006371,STU006371,SCH029,2025-04-01,15,13,Illness
ATT202504006372,STU006372,SCH002,2025-04-01,17,15,Illness
ATT202504006375,STU006375,SCH032,2025-04-01,14,12,Unauthorised
ATT202504006376,STU006376,SCH040,2025-04-01,16,15,Other
ATT202504006377,STU006377,SCH003,2025-04-01,15,14,Illness
ATT202504006378,STU006378,SCH042,2025-04-01,16,15,Medical
ATT202504006379,STU006379,SCH033,2025-04-01,17,16,Unauthorised
ATT202504006380,STU006380,SCH020,2025-04-01,15,13,Medical
ATT202504006381,STU006381,SCH005,2025-04-01,16,15,Medical
ATT202504006382,STU006382,SCH038,2025-04-01,14,13,Illness
ATT202504006383,STU006383,SCH004,2025-04-01,16,14,Other
ATT202504006384,STU006384,SCH005,2025-04-01,15,14,Other
ATT202504006385,STU006385,SCH006,2025-04-01,17,15,Medical
ATT202504006387,STU006387,SCH011,2025-04-01,15,14,Unauthorised
ATT202504006388,STU006388,SCH048,2025-04-01,15,14,Illness
ATT202504006390,STU006390,SCH008,2025-04-01,17,15,Medical
ATT202504006391,STU006391,SCH005,2025-04-01,17,16,Other
ATT202504006392,STU006392,SCH007,2025-04-01,17,16,Illness
ATT202504006393,STU006393,SCH047,2025-04-01,15,14,Family
ATT202504006394,STU006394,SCH006,2025-04-01,16,13,Medical
ATT202504006395,STU006395,SCH006,2025-04-01,14,12,Illness
ATT202504006396,STU006396,SCH016,2025-04-01,18,17,Other
ATT202504006398,STU006398,SCH037,2025-04-01,16,15,Other
ATT202504006399,STU006399,SCH019,2025-04-01,14,13,Medical
ATT202504006400,STU006400,SCH017,2025-04-01,18,16,Illness
ATT202504006401,STU006401,SCH050,2025-04-01,17,15,Other
ATT202504006402,STU006402,SCH021,2025-04-01,16,15,Family
ATT202504006404,STU006404,SCH022,2025-04-01,17,15,Illness
ATT202504006405,STU006405,SCH038,2025-04-01,17,15,Medical
ATT202504006406,STU006406,SCH044,2025-04-01,14,12,Other
ATT202504006408,STU006408,SCH024,2025-04-01,17,17,
ATT202504006409,STU006409,SCH010,2025-04-01,17,15,Unauthorised
ATT202504006410,STU006410,SCH035,2025-04-01,15,14,Illness
ATT202504006411,STU006411,SCH019,2025-04-01,17,15,Unauthorised
ATT202504006412,STU006412,SCH030,2025-04-01,16,14,Illness
ATT202504006413,STU006413,SCH004,2025-04-01,14,14,
ATT202504006414,STU006414,SCH018,2025-04-01,14,13,Illness
ATT202504006415,STU006415,SCH048,2025-04-01,15,13,Medical
ATT202504006416,STU006416,SCH029,2025-04-01,17,15,Unauthorised
ATT202504006417,STU006417,SCH029,2025-04-01,14,13,Other
ATT202504006418,STU006418,SCH010,2025-04-01,14,13,Family
ATT202504006419,STU006419,SCH009,2025-04-01,18,16,Illness
ATT202504006420,STU006420,SCH023,2025-04-01,16,14,Medical
ATT202504006421,STU006421,SCH019,2025-04-01,18,18,
ATT202504006422,STU006422,SCH004,2025-04-01,16,15,Illness
ATT202504006423,STU006423,SCH007,2025-04-01,18,16,Unauthorised
ATT202504006424,STU006424,SCH031,2025-04-01,15,14,Medical
ATT202504006425,STU006425,SCH041,2025-04-01,17,16,Other
ATT202504006426,STU006426,SCH007,2025-04-01,14,14,
ATT202504006427,STU006427,SCH020,2025-04-01,14,12,Family
ATT202504006428,STU006428,SCH047,2025-04-01,15,14,Medical
ATT202504006430,STU006430,SCH018,2025-04-01,14,13,Medical
ATT202504006431,STU006431,SCH007,2025-04-01,17,17,
ATT202504006432,STU006432,SCH033,2025-04-01,18,16,Medical
ATT202504006434,STU006434,SCH035,2025-04-01,14,13,Illness
ATT202504006435,STU006435,SCH001,2025-04-01,16,14,Illness
ATT202504006436,STU006436,SCH028,2025-04-01,17,16,Family
ATT202504006437,STU006437,SCH050,2025-04-01,15,14,Other
ATT202504006438,STU006438,SCH035,2025-04-01,15,14,Medical
ATT202504006440,STU006440,SCH019,2025-04-01,18,16,Family
ATT202504006442,STU006442,SCH045,2025-04-01,18,15,Other
ATT202504006443,STU006443,SCH046,2025-04-01,16,14,Other
ATT202504006445,STU006445,SCH014,2025-04-01,17,16,Family
ATT202504006447,STU006447,SCH025,2025-04-01,14,13,Illness
ATT202504006448,STU006448,SCH018,2025-04-01,16,16,
ATT202504006449,STU006449,SCH044,2025-04-01,18,16,Illness
ATT202504006450,STU006450,SCH004,2025-04-01,18,17,Medical
ATT202504006451,STU006451,SCH044,2025-04-01,14,13,Unauthorised
ATT202504006452,STU006452,SCH020,2025-04-01,16,15,Medical
ATT202504006453,STU006453,SCH013,2025-04-01,15,14,Medical
ATT202504006454,STU006454,SCH035,2025-04-01,15,13,Unauthorised
ATT202504006455,STU006455,SCH043,2025-04-01,15,14,Unauthorised
ATT202504006456,STU006456,SCH023,2025-04-01,17,16,Unauthorised
ATT202504006457,STU006457,SCH041,2025-04-01,18,16,Family
ATT202504006458,STU006458,SCH015,2025-04-01,14,14,
ATT202504006459,STU006459,SCH017,2025-04-01,18,15,Unauthorised
ATT202504006460,STU006460,SCH045,2025-04-01,16,14,Medical
ATT202504006461,STU006461,SCH023,2025-04-01,14,12,Illness
ATT202504006462,STU006462,SCH034,2025-04-01,16,14,Family
ATT202504006463,STU006463,SCH012,2025-04-01,15,13,Family
ATT202504006464,STU006464,SCH041,2025-04-01,14,13,Other
ATT202504006465,STU006465,SCH039,2025-04-01,14,12,Unauthorised
ATT202504006467,STU006467,SCH029,2025-04-01,16,14,Medical
ATT202504006468,STU006468,SCH037,2025-04-01,18,17,Unauthorised
ATT202504006469,STU006469,SCH013,2025-04-01,18,17,Family
ATT202504006470,STU006470,SCH043,2025-04-01,18,15,Other
ATT202504006471,STU006471,SCH021,2025-04-01,15,15,
ATT202504006472,STU006472,SCH028,2025-04-01,17,15,Illness
ATT202504006473,STU006473,SCH047,2025-04-01,16,15,Unauthorised
ATT202504006474,STU006474,SCH031,2025-04-01,16,14,Unauthorised
ATT202504006475,STU006475,SCH038,2025-04-01,18,15,Unauthorised
ATT202504006476,STU006476,SCH036,2025-04-01,17,16,Family
ATT202504006477,STU006477,SCH029,2025-04-01,16,14,Family
ATT202504006478,STU006478,SCH014,2025-04-01,16,15,Family
ATT202504006479,STU006479,SCH046,2025-04-01,14,14,
ATT202504006480,STU006480,SCH044,2025-04-01,15,13,Medical
ATT202504006481,STU006481,SCH031,2025-04-01,16,14,Other
ATT202504006482,STU006482,SCH031,2025-04-01,14,14,
ATT202504006483,STU006483,SCH007,2025-04-01,17,16,Medical
ATT202504006484,STU006484,SCH042,2025-04-01,16,14,Family
ATT202504006485,STU006485,SCH017,2025-04-01,14,13,Illness
ATT202504006486,STU006486,SCH040,2025-04-01,17,17,
ATT202504006488,STU006488,SCH028,2025-04-01,14,13,Family
ATT202504006489,STU006489,SCH023,2025-04-01,17,16,Family
ATT202504006490,STU006490,SCH018,2025-04-01,17,14,Unauthorised
ATT202504006491,STU006491,SCH020,2025-04-01,15,14,Unauthorised
ATT202504006492,STU006492,SCH019,2025-04-01,17,16,Medical
ATT202504006493,STU006493,SCH027,2025-04-01,16,15,Medical
ATT202504006496,STU006496,SCH045,2025-04-01,16,14,Medical
ATT202504006497,STU006497,SCH028,2025-04-01,17,15,Medical
ATT202504006498,STU006498,SCH034,2025-04-01,15,12,Family
ATT202504006499,STU006499,SCH033,2025-04-01,17,16,Family
ATT202504006501,STU006501,SCH032,2025-04-01,16,14,Unauthorised
ATT202504006502,STU006502,SCH034,2025-04-01,14,12,Illness
ATT202504006503,STU006503,SCH016,2025-04-01,14,13,Medical
ATT202504006504,STU006504,SCH001,2025-04-01,18,17,Illness
ATT202504006505,STU006505,SCH044,2025-04-01,16,14,Family
ATT202504006506,STU006506,SCH047,2025-04-01,18,16,Unauthorised
ATT202504006507,STU006507,SCH001,2025-04-01,16,14,Family
ATT202504006508,STU006508,SCH041,2025-04-01,18,16,Illness
ATT202504006509,STU006509,SCH034,2025-04-01,17,16,Family
ATT202504006510,STU006510,SCH014,2025-04-01,16,14,Unauthorised
ATT202504006511,STU006511,SCH010,2025-04-01,17,17,
ATT202504006512,STU006512,SCH002,2025-04-01,16,15,Other
ATT202504006513,STU006513,SCH037,2025-04-01,17,17,
ATT202504006514,STU006514,SCH037,2025-04-01,17,16,Family
ATT202504006515,STU006515,SCH021,2025-04-01,15,13,Unauthorised
ATT202504006516,STU006516,SCH021,2025-04-01,15,14,Other
ATT202504006517,STU006517,SCH023,2025-04-01,16,14,Other
ATT202504006518,STU006518,SCH050,2025-04-01,14,13,Other
ATT202504006519,STU006519,SCH012,2025-04-01,14,12,Other
ATT202504006520,STU006520,SCH010,2025-04-01,15,14,Family
ATT202504006521,STU006521,SCH005,2025-04-01,18,17,Family
ATT202504006522,STU006522,SCH008,2025-04-01,16,14,Unauthorised
ATT202504006523,STU006523,SCH012,2025-04-01,17,14,Medical
ATT202504006524,STU006524,SCH026,2025-04-01,17,16,Medical
ATT202504006525,STU006525,SCH005,2025-04-01,14,13,Other
ATT202504006526,STU006526,SCH047,2025-04-01,14,14,
ATT202504006527,STU006527,SCH022,2025-04-01,16,14,Other
ATT202504006528,STU006528,SCH025,2025-04-01,15,14,Medical
ATT202504006531,STU006531,SCH043,2025-04-01,18,15,Family
ATT202504006532,STU006532,SCH050,2025-04-01,17,15,Illness
ATT202504006533,STU006533,SCH042,2025-04-01,16,13,Unauthorised
ATT202504006534,STU006534,SCH046,2025-04-01,17,16,Family
ATT202504006535,STU006535,SCH041,2025-04-01,17,16,Unauthorised
ATT202504006536,STU006536,SCH029,2025-04-01,18,16,Medical
ATT202504006537,STU006537,SCH020,2025-04-01,16,16,
ATT202504006538,STU006538,SCH013,2025-04-01,17,15,Family
ATT202504006539,STU006539,SCH031,2025-04-01,15,14,Unauthorised
ATT202504006540,STU006540,SCH045,2025-04-01,15,13,Medical
ATT202504006541,STU006541,SCH013,2025-04-01,17,16,Medical
ATT202504006542,STU006542,SCH048,2025-04-01,14,13,Family
ATT202504006543,STU006543,SCH032,2025-04-01,18,16,Medical
ATT202504006544,STU006544,SCH001,2025-04-01,14,14,
ATT202504006545,STU006545,SCH050,2025-04-01,15,14,Medical
ATT202504006546,STU006546,SCH021,2025-04-01,14,12,Other
ATT202504006547,STU006547,SCH044,2025-04-01,16,13,Medical
ATT202504006548,STU006548,SCH045,2025-04-01,18,17,Unauthorised
ATT202504006549,STU006549,SCH012,2025-04-01,18,16,Illness
ATT202504006550,STU006550,SCH038,2025-04-01,17,15,Family
ATT202504006551,STU006551,SCH027,2025-04-01,15,13,Other
ATT202504006553,STU006553,SCH014,2025-04-01,18,16,Family
ATT202504006554,STU006554,SCH023,2025-04-01,18,16,Illness
ATT202504006555,STU006555,SCH046,2025-04-01,14,13,Other
ATT202504006556,STU006556,SCH036,2025-04-01,14,12,Medical
ATT202504006557,STU006557,SCH010,2025-04-01,15,13,Medical
ATT202504006558,STU006558,SCH050,2025-04-01,16,15,Family
ATT202504006559,STU006559,SCH008,2025-04-01,15,13,Unauthorised
ATT202504006560,STU006560,SCH033,2025-04-01,16,14,Illness
ATT202504006561,STU006561,SCH024,2025-04-01,15,14,Illness
ATT202504006562,STU006562,SCH029,2025-04-01,16,14,Illness
ATT202504006563,STU006563,SCH011,2025-04-01,16,15,Family
ATT202504006564,STU006564,SCH021,2025-04-01,16,15,Medical
ATT202504006565,STU006565,SCH018,2025-04-01,16,14,Family
ATT202504006566,STU006566,SCH021,2025-04-01,15,15,
ATT202504006567,STU006567,SCH029,2025-04-01,17,15,Other
ATT202504006568,STU006568,SCH007,2025-04-01,16,15,Family
ATT202504006569,STU006569,SCH020,2025-04-01,18,17,Illness
ATT202504006570,STU006570,SCH036,2025-04-01,17,15,Unauthorised
ATT202504006571,STU006571,SCH004,2025-04-01,14,12,Family
ATT202504006572,STU006572,SCH004,2025-04-01,16,15,Illness
ATT202504006573,STU006573,SCH034,2025-04-01,14,11,Unauthorised
ATT202504006574,STU006574,SCH007,2025-04-01,15,14,Family
ATT202504006575,STU006575,SCH004,2025-04-01,18,17,Unauthorised
ATT202504006576,STU006576,SCH006,2025-04-01,16,14,Other
ATT202504006577,STU006577,SCH021,2025-04-01,18,17,Illness
ATT202504006578,STU006578,SCH030,2025-04-01,17,17,
ATT202504006579,STU006579,SCH011,2025-04-01,14,13,Family
ATT202504006580,STU006580,SCH037,2025-04-01,14,13,Other
ATT202504006581,STU006581,SCH004,2025-04-01,14,12,Illness
ATT202504006582,STU006582,SCH047,2025-04-01,17,15,Family
ATT202504006583,STU006583,SCH040,2025-04-01,18,17,Other
ATT202504006584,STU006584,SCH009,2025-04-01,18,17,Unauthorised
ATT202504006585,STU006585,SCH019,2025-04-01,15,13,Family
ATT202504006586,STU006586,SCH030,2025-04-01,17,16,Unauthorised
ATT202504006587,STU006587,SCH014,2025-04-01,14,12,Family
ATT202504006588,STU006588,SCH049,2025-04-01,14,13,Medical
ATT202504006589,STU006589,SCH034,2025-04-01,18,17,Family
ATT202504006590,STU006590,SCH037,2025-04-01,14,13,Other
ATT202504006592,STU006592,SCH019,2025-04-01,17,17,
ATT202504006593,STU006593,SCH027,2025-04-01,15,13,Illness
ATT202504006594,STU006594,SCH012,2025-04-01,14,12,Other
ATT202504006595,STU006595,SCH050,2025-04-01,17,14,Unauthorised
ATT202504006596,STU006596,SCH015,2025-04-01,17,15,Family
ATT202504006598,STU006598,SCH036,2025-04-01,16,15,Illness
ATT202504006599,STU006599,SCH049,2025-04-01,14,11,Illness
ATT202504006600,STU006600,SCH008,2025-04-01,17,16,Other
ATT202504006602,STU006602,SCH032,2025-04-01,14,11,Unauthorised
ATT202504006603,STU006603,SCH031,2025-04-01,14,12,Medical
ATT202504006604,STU006604,SCH004,2025-04-01,17,15,Medical
ATT202504006605,STU006605,SCH007,2025-04-01,14,13,Other
ATT202504006606,STU006606,SCH048,2025-04-01,14,14,
ATT202504006608,STU006608,SCH006,2025-04-01,14,13,Unauthorised
ATT202504006609,STU006609,SCH031,2025-04-01,15,14,Other
ATT202504006610,STU006610,SCH046,2025-04-01,14,13,Other
ATT202504006611,STU006611,SCH046,2025-04-01,18,17,Medical
ATT202504006612,STU006612,SCH008,2025-04-01,17,16,Illness
ATT202504006613,STU006613,SCH046,2025-04-01,16,15,Illness
ATT202504006614,STU006614,SCH025,2025-04-01,15,13,Other
ATT202504006615,STU006615,SCH039,2025-04-01,16,15,Other
ATT202504006616,STU006616,SCH045,2025-04-01,15,13,Illness
ATT202504006617,STU006617,SCH050,2025-04-01,15,14,Family
ATT202504006618,STU006618,SCH037,2025-04-01,16,14,Family
ATT202504006619,STU006619,SCH032,2025-04-01,17,15,Unauthorised
ATT202504006620,STU006620,SCH023,2025-04-01,16,16,
ATT202504006621,STU006621,SCH046,2025-04-01,17,15,Medical
ATT202504006622,STU006622,SCH039,2025-04-01,15,13,Other
ATT202504006623,STU006623,SCH037,2025-04-01,14,13,Family
ATT202504006624,STU006624,SCH011,2025-04-01,18,17,Family
ATT202504006625,STU006625,SCH016,2025-04-01,14,13,Other
ATT202504006627,STU006627,SCH034,2025-04-01,14,12,Medical
ATT202504006628,STU006628,SCH036,2025-04-01,14,12,Other
ATT202504006629,STU006629,SCH021,2025-04-01,15,13,Family
ATT202504006630,STU006630,SCH009,2025-04-01,14,12,Unauthorised
ATT202504006631,STU006631,SCH031,2025-04-01,15,14,Family
ATT202504006632,STU006632,SCH047,2025-04-01,15,13,Unauthorised
ATT202504006633,STU006633,SCH044,2025-04-01,15,14,Family
ATT202504006634,STU006634,SCH005,2025-04-01,14,13,Unauthorised
ATT202504006635,STU006635,SCH002,2025-04-01,14,13,Unauthorised
ATT202504006636,STU006636,SCH028,2025-04-01,16,15,Other
ATT202504006637,STU006637,SCH002,2025-04-01,15,11,Family
ATT202504006638,STU006638,SCH006,2025-04-01,15,14,Unauthorised
ATT202504006639,STU006639,SCH031,2025-04-01,14,12,Other
ATT202504006640,STU006640,SCH045,2025-04-01,17,15,Unauthorised
ATT202504006642,STU006642,SCH046,2025-04-01,18,17,Medical
ATT202504006643,STU006643,SCH038,2025-04-01,17,16,Family
ATT202504006644,STU006644,SCH040,2025-04-01,17,16,Medical
ATT202504006645,STU006645,SCH038,2025-04-01,18,17,Illness
ATT202504006646,STU006646,SCH018,2025-04-01,14,13,Other
ATT202504006647,STU006647,SCH003,2025-04-01,15,13,Illness
ATT202504006648,STU006648,SCH036,2025-04-01,15,15,
ATT202504006649,STU006649,SCH044,2025-04-01,17,15,Medical
ATT202504006650,STU006650,SCH030,2025-04-01,18,18,
ATT202504006651,STU006651,SCH015,2025-04-01,18,17,Family
ATT202504006652,STU006652,SCH018,2025-04-01,14,13,Other
ATT202504006653,STU006653,SCH027,2025-04-01,15,14,Illness
ATT202504006654,STU006654,SCH006,2025-04-01,15,14,Illness
ATT202504006655,STU006655,SCH002,2025-04-01,17,16,Family
ATT202504006656,STU006656,SCH033,2025-04-01,16,15,Other
ATT202504006657,STU006657,SCH049,2025-04-01,15,13,Unauthorised
ATT202504006658,STU006658,SCH009,2025-04-01,14,13,Other
ATT202504006659,STU006659,SCH013,2025-04-01,15,14,Medical
ATT202504006660,STU006660,SCH043,2025-04-01,14,12,Illness
ATT202504006661,STU006661,SCH011,2025-04-01,16,14,Illness
ATT202504006662,STU006662,SCH049,2025-04-01,14,12,Medical
ATT202504006663,STU006663,SCH010,2025-04-01,16,14,Other
ATT202504006664,STU006664,SCH027,2025-04-01,18,16,Other
ATT202504006665,STU006665,SCH045,2025-04-01,15,14,Family
ATT202504006666,STU006666,SCH033,2025-04-01,17,16,Unauthorised
ATT202504006667,STU006667,SCH020,2025-04-01,16,16,
ATT202504006668,STU006668,SCH045,2025-04-01,17,16,Illness
ATT202504006670,STU006670,SCH027,2025-04-01,17,16,Illness
ATT202504006671,STU006671,SCH048,2025-04-01,16,16,
ATT202504006672,STU006672,SCH046,2025-04-01,15,13,Family
ATT202504006673,STU006673,SCH003,2025-04-01,18,16,Illness
ATT202504006674,STU006674,SCH004,2025-04-01,18,18,
ATT202504006675,STU006675,SCH035,2025-04-01,14,12,Medical
ATT202504006677,STU006677,SCH004,2025-04-01,16,15,Family
ATT202504006678,STU006678,SCH014,2025-04-01,15,14,Medical
ATT202504006679,STU006679,SCH041,2025-04-01,16,14,Other
ATT202504006680,STU006680,SCH026,2025-04-01,14,13,Medical
ATT202504006681,STU006681,SCH045,2025-04-01,15,13,Other
ATT202504006682,STU006682,SCH040,2025-04-01,16,14,Illness
ATT202504006684,STU006684,SCH029,2025-04-01,14,13,Illness
ATT202504006685,STU006685,SCH013,2025-04-01,17,15,Other
ATT202504006686,STU006686,SCH021,2025-04-01,16,15,Medical
ATT202504006687,STU006687,SCH032,2025-04-01,18,17,Other
ATT202504006688,STU006688,SCH031,2025-04-01,16,13,Illness
ATT202504006689,STU006689,SCH018,2025-04-01,16,15,Unauthorised
ATT202504006690,STU006690,SCH028,2025-04-01,14,13,Medical
ATT202504006691,STU006691,SCH012,2025-04-01,17,16,Other
ATT202504006692,STU006692,SCH012,2025-04-01,16,14,Other
ATT202504006693,STU006693,SCH046,2025-04-01,15,15,
ATT202504006695,STU006695,SCH026,2025-04-01,17,16,Other
ATT202504006696,STU006696,SCH046,2025-04-01,15,13,Unauthorised
ATT202504006697,STU006697,SCH003,2025-04-01,18,16,Illness
ATT202504006698,STU006698,SCH046,2025-04-01,16,15,Family
ATT202504006700,STU006700,SCH023,2025-04-01,17,15,Unauthorised
ATT202504006701,STU006701,SCH034,2025-04-01,16,14,Medical
ATT202504006702,STU006702,SCH035,2025-04-01,18,16,Medical
ATT202504006703,STU006703,SCH037,2025-04-01,17,16,Illness
ATT202504006705,STU006705,SCH017,2025-04-01,16,13,Other
ATT202504006706,STU006706,SCH021,2025-04-01,15,13,Unauthorised
ATT202504006707,STU006707,SCH020,2025-04-01,14,13,Unauthorised
ATT202504006708,STU006708,SCH017,2025-04-01,18,16,Other
ATT202504006709,STU006709,SCH028,2025-04-01,17,16,Other
ATT202504006710,STU006710,SCH004,2025-04-01,15,15,
ATT202504006711,STU006711,SCH022,2025-04-01,17,16,Medical
ATT202504006712,STU006712,SCH018,2025-04-01,14,13,Medical
ATT202504006713,STU006713,SCH016,2025-04-01,16,16,
ATT202504006714,STU006714,SCH037,2025-04-01,18,17,Unauthorised
ATT202504006716,STU006716,SCH007,2025-04-01,17,15,Illness
ATT202504006717,STU006717,SCH036,2025-04-01,17,16,Illness
ATT202504006718,STU006718,SCH027,2025-04-01,18,15,Illness
ATT202504006719,STU006719,SCH012,2025-04-01,14,13,Medical
ATT202504006720,STU006720,SCH050,2025-04-01,15,13,Other
ATT202504006721,STU006721,SCH016,2025-04-01,17,16,Unauthorised
ATT202504006722,STU006722,SCH027,2025-04-01,18,16,Family
ATT202504006723,STU006723,SCH031,2025-04-01,17,15,Medical
ATT202504006724,STU006724,SCH037,2025-04-01,14,13,Family
ATT202504006725,STU006725,SCH002,2025-04-01,14,14,
ATT202504006726,STU006726,SCH023,2025-04-01,14,12,Illness
ATT202504006727,STU006727,SCH030,2025-04-01,18,17,Other
ATT202504006728,STU006728,SCH012,2025-04-01,17,16,Illness
ATT202504006729,STU006729,SCH032,2025-04-01,14,12,Unauthorised
ATT202504006730,STU006730,SCH013,2025-04-01,16,16,
ATT202504006731,STU006731,SCH027,2025-04-01,18,17,Family
ATT202504006732,STU006732,SCH042,2025-04-01,15,14,Medical
ATT202504006733,STU006733,SCH031,2025-04-01,14,12,Medical
ATT202504006734,STU006734,SCH010,2025-04-01,18,17,Family
ATT202504006735,STU006735,SCH042,2025-04-01,15,13,Family
ATT202504006736,STU006736,SCH003,2025-04-01,15,14,Unauthorised
ATT202504006737,STU006737,SCH019,2025-04-01,18,18,
ATT202504006738,STU006738,SCH009,2025-04-01,18,15,Other
ATT202504006739,STU006739,SCH030,2025-04-01,14,13,Illness
ATT202504006740,STU006740,SCH029,2025-04-01,16,14,Illness
ATT202504006741,STU006741,SCH029,2025-04-01,14,12,Family
ATT202504006742,STU006742,SCH033,2025-04-01,15,14,Other
ATT202504006743,STU006743,SCH020,2025-04-01,17,15,Family
ATT202504006744,STU006744,SCH006,2025-04-01,14,13,Other
ATT202504006745,STU006745,SCH016,2025-04-01,15,14,Family
ATT202504006746,STU006746,SCH012,2025-04-01,14,12,Unauthorised
ATT202504006747,STU006747,SCH010,2025-04-01,17,15,Other
ATT202504006748,STU006748,SCH033,2025-04-01,16,14,Unauthorised
ATT202504006749,STU006749,SCH030,2025-04-01,15,14,Family
ATT202504006750,STU006750,SCH018,2025-04-01,17,16,Illness
ATT202504006751,STU006751,SCH030,2025-04-01,18,17,Other
ATT202504006752,STU006752,SCH019,2025-04-01,16,15,Other
ATT202504006753,STU006753,SCH011,2025-04-01,17,15,Illness
ATT202504006755,STU006755,SCH023,2025-04-01,16,15,Family
ATT202504006756,STU006756,SCH027,2025-04-01,18,16,Illness
ATT202504006757,STU006757,SCH008,2025-04-01,15,14,Unauthorised
ATT202504006758,STU006758,SCH011,2025-04-01,15,14,Other
ATT202504006759,STU006759,SCH030,2025-04-01,16,15,Other
ATT202504006760,STU006760,SCH036,2025-04-01,14,13,Medical
ATT202504006761,STU006761,SCH044,2025-04-01,16,14,Illness
ATT202504006762,STU006762,SCH028,2025-04-01,16,14,Other
ATT202504006763,STU006763,SCH040,2025-04-01,14,14,
ATT202504006764,STU006764,SCH031,2025-04-01,17,17,
ATT202504006765,STU006765,SCH040,2025-04-01,18,17,Family
ATT202504006767,STU006767,SCH021,2025-04-01,16,16,
ATT202504006768,STU006768,SCH049,2025-04-01,17,15,Other
ATT202504006769,STU006769,SCH026,2025-04-01,17,16,Medical
ATT202504006771,STU006771,SCH032,2025-04-01,18,16,Family
ATT202504006772,STU006772,SCH020,2025-04-01,16,15,Unauthorised
ATT202504006773,STU006773,SCH040,2025-04-01,17,15,Other
ATT202504006774,STU006774,SCH010,2025-04-01,14,13,Illness
ATT202504006775,STU006775,SCH033,2025-04-01,14,13,Illness
ATT202504006777,STU006777,SCH010,2025-04-01,16,15,Medical
ATT202504006778,STU006778,SCH007,2025-04-01,17,15,Unauthorised
ATT202504006779,STU006779,SCH010,2025-04-01,18,17,Unauthorised
ATT202504006780,STU006780,SCH037,2025-04-01,18,16,Medical
ATT202504006781,STU006781,SCH047,2025-04-01,18,18,
ATT202504006782,STU006782,SCH003,2025-04-01,17,15,Medical
ATT202504006783,STU006783,SCH033,2025-04-01,15,14,Medical
ATT202504006784,STU006784,SCH036,2025-04-01,15,13,Illness
ATT202504006787,STU006787,SCH012,2025-04-01,15,13,Illness
ATT202504006788,STU006788,SCH027,2025-04-01,17,15,Unauthorised
ATT202504006790,STU006790,SCH041,2025-04-01,15,14,Medical
ATT202504006791,STU006791,SCH045,2025-04-01,17,15,Family
ATT202504006792,STU006792,SCH005,2025-04-01,14,13,Medical
ATT202504006794,STU006794,SCH028,2025-04-01,15,13,Family
ATT202504006795,STU006795,SCH049,2025-04-01,14,13,Medical
ATT202504006796,STU006796,SCH002,2025-04-01,14,14,
ATT202504006797,STU006797,SCH039,2025-04-01,15,14,Other
ATT202504006798,STU006798,SCH018,2025-04-01,16,14,Unauthorised
ATT202504006800,STU006800,SCH037,2025-04-01,16,15,Other
ATT202504006801,STU006801,SCH021,2025-04-01,16,15,Unauthorised
ATT202504006802,STU006802,SCH003,2025-04-01,15,14,Unauthorised
ATT202504006803,STU006803,SCH023,2025-04-01,17,16,Family
ATT202504006804,STU006804,SCH010,2025-04-01,18,16,Illness
ATT202504006805,STU006805,SCH012,2025-04-01,17,15,Other
ATT202504006806,STU006806,SCH002,2025-04-01,15,14,Medical
ATT202504006807,STU006807,SCH006,2025-04-01,17,15,Unauthorised
ATT202504006808,STU006808,SCH014,2025-04-01,14,13,Family
ATT202504006810,STU006810,SCH006,2025-04-01,16,15,Family
ATT202504006811,STU006811,SCH046,2025-04-01,17,15,Family
ATT202504006812,STU006812,SCH008,2025-04-01,15,14,Family
ATT202504006813,STU006813,SCH012,2025-04-01,16,14,Unauthorised
ATT202504006814,STU006814,SCH011,2025-04-01,17,16,Other
ATT202504006815,STU006815,SCH042,2025-04-01,15,13,Unauthorised
ATT202504006816,STU006816,SCH031,2025-04-01,18,16,Medical
ATT202504006817,STU006817,SCH002,2025-04-01,15,13,Illness
ATT202504006818,STU006818,SCH001,2025-04-01,17,17,
ATT202504006819,STU006819,SCH023,2025-04-01,14,13,Medical
ATT202504006820,STU006820,SCH016,2025-04-01,16,15,Illness
ATT202504006821,STU006821,SCH012,2025-04-01,18,16,Family
ATT202504006822,STU006822,SCH010,2025-04-01,15,13,Other
ATT202504006824,STU006824,SCH014,2025-04-01,14,13,Illness
ATT202504006825,STU006825,SCH019,2025-04-01,16,15,Other
ATT202504006826,STU006826,SCH025,2025-04-01,18,17,Unauthorised
ATT202504006827,STU006827,SCH005,2025-04-01,17,15,Family
ATT202504006828,STU006828,SCH005,2025-04-01,15,15,
ATT202504006830,STU006830,SCH027,2025-04-01,14,13,Unauthorised
ATT202504006831,STU006831,SCH008,2025-04-01,17,16,Medical
ATT202504006832,STU006832,SCH047,2025-04-01,14,13,Family
ATT202504006833,STU006833,SCH009,2025-04-01,18,17,Unauthorised
ATT202504006834,STU006834,SCH032,2025-04-01,14,12,Illness
ATT202504006835,STU006835,SCH015,2025-04-01,17,15,Unauthorised
ATT202504006837,STU006837,SCH046,2025-04-01,17,15,Other
ATT202504006838,STU006838,SCH047,2025-04-01,14,13,Unauthorised
ATT202504006839,STU006839,SCH011,2025-04-01,15,13,Illness
ATT202504006840,STU006840,SCH028,2025-04-01,17,16,Medical
ATT202504006841,STU006841,SCH024,2025-04-01,18,16,Other
ATT202504006842,STU006842,SCH025,2025-04-01,18,16,Unauthorised
ATT202504006843,STU006843,SCH049,2025-04-01,17,16,Family
ATT202504006844,STU006844,SCH033,2025-04-01,15,15,
ATT202504006845,STU006845,SCH020,2025-04-01,17,15,Family
ATT202504006846,STU006846,SCH014,2025-04-01,14,13,Other
ATT202504006847,STU006847,SCH001,2025-04-01,15,13,Family
ATT202504006848,STU006848,SCH022,2025-04-01,16,15,Unauthorised
ATT202504006849,STU006849,SCH044,2025-04-01,14,13,Family
ATT202504006850,STU006850,SCH008,2025-04-01,17,15,Other
ATT202504006851,STU006851,SCH015,2025-04-01,14,13,Family
ATT202504006852,STU006852,SCH013,2025-04-01,16,15,Other
ATT202504006853,STU006853,SCH009,2025-04-01,15,14,Medical
ATT202504006855,STU006855,SCH046,2025-04-01,16,15,Unauthorised
ATT202504006856,STU006856,SCH015,2025-04-01,18,16,Medical
ATT202504006857,STU006857,SCH018,2025-04-01,15,14,Other
ATT202504006858,STU006858,SCH032,2025-04-01,15,14,Unauthorised
ATT202504006860,STU006860,SCH045,2025-04-01,18,16,Unauthorised
ATT202504006861,STU006861,SCH043,2025-04-01,18,18,
ATT202504006863,STU006863,SCH017,2025-04-01,17,16,Family
ATT202504006865,STU006865,SCH005,2025-04-01,18,17,Illness
ATT202504006866,STU006866,SCH035,2025-04-01,18,16,Illness
ATT202504006867,STU006867,SCH043,2025-04-01,15,13,Illness
ATT202504006868,STU006868,SCH019,2025-04-01,17,17,
ATT202504006869,STU006869,SCH024,2025-04-01,15,13,Other
ATT202504006870,STU006870,SCH050,2025-04-01,14,12,Other
ATT202504006871,STU006871,SCH016,2025-04-01,16,14,Family
ATT202504006873,STU006873,SCH033,2025-04-01,17,16,Family
ATT202504006874,STU006874,SCH009,2025-04-01,17,16,Family
ATT202504006875,STU006875,SCH004,2025-04-01,15,13,Medical
ATT202504006876,STU006876,SCH027,2025-04-01,17,15,Other
ATT202504006878,STU006878,SCH030,2025-04-01,16,15,Illness
ATT202504006879,STU006879,SCH001,2025-04-01,17,15,Illness
ATT202504006880,STU006880,SCH036,2025-04-01,18,16,Illness
ATT202504006881,STU006881,SCH020,2025-04-01,18,17,Medical
ATT202504006882,STU006882,SCH006,2025-04-01,18,18,
ATT202504006884,STU006884,SCH022,2025-04-01,17,14,Family
ATT202504006886,STU006886,SCH042,2025-04-01,16,13,Other
ATT202504006887,STU006887,SCH006,2025-04-01,16,14,Illness
ATT202504006888,STU006888,SCH004,2025-04-01,16,15,Medical
ATT202504006889,STU006889,SCH010,2025-04-01,14,11,Unauthorised
ATT202504006890,STU006890,SCH029,2025-04-01,17,15,Illness
ATT202504006891,STU006891,SCH046,2025-04-01,17,13,Medical
ATT202504006892,STU006892,SCH028,2025-04-01,18,16,Family
ATT202504006893,STU006893,SCH023,2025-04-01,16,14,Unauthorised
ATT202504006894,STU006894,SCH036,2025-04-01,15,14,Other
ATT202504006895,STU006895,SCH028,2025-04-01,17,15,Illness
ATT202504006896,STU006896,SCH014,2025-04-01,17,16,Family
ATT202504006897,STU006897,SCH030,2025-04-01,16,14,Unauthorised
ATT202504006898,STU006898,SCH016,2025-04-01,14,13,Illness
ATT202504006899,STU006899,SCH044,2025-04-01,16,14,Other
ATT202504006900,STU006900,SCH048,2025-04-01,14,13,Family
ATT202504006901,STU006901,SCH048,2025-04-01,17,16,Family
ATT202504006902,STU006902,SCH031,2025-04-01,17,15,Illness
ATT202504006903,STU006903,SCH030,2025-04-01,14,13,Illness
ATT202504006904,STU006904,SCH025,2025-04-01,17,16,Family
ATT202504006905,STU006905,SCH031,2025-04-01,14,12,Family
ATT202504006906,STU006906,SCH043,2025-04-01,14,13,Family
ATT202504006907,STU006907,SCH043,2025-04-01,15,14,Other
ATT202504006908,STU006908,SCH046,2025-04-01,17,15,Medical
ATT202504006909,STU006909,SCH017,2025-04-01,17,16,Illness
ATT202504006910,STU006910,SCH046,2025-04-01,17,15,Medical
ATT202504006911,STU006911,SCH036,2025-04-01,14,13,Illness
ATT202504006912,STU006912,SCH039,2025-04-01,15,14,Illness
ATT202504006913,STU006913,SCH041,2025-04-01,14,13,Illness
ATT202504006914,STU006914,SCH016,2025-04-01,15,14,Illness
ATT202504006915,STU006915,SCH037,2025-04-01,15,15,
ATT202504006916,STU006916,SCH030,2025-04-01,16,15,Family
ATT202504006917,STU006917,SCH019,2025-04-01,15,14,Family
ATT202504006918,STU006918,SCH033,2025-04-01,18,16,Family
ATT202504006919,STU006919,SCH035,2025-04-01,14,13,Unauthorised
ATT202504006920,STU006920,SCH021,2025-04-01,14,13,Medical
ATT202504006921,STU006921,SCH050,2025-04-01,18,17,Family
ATT202504006922,STU006922,SCH008,2025-04-01,16,15,Other
ATT202504006923,STU006923,SCH039,2025-04-01,14,13,Family
ATT202504006924,STU006924,SCH028,2025-04-01,18,17,Medical
ATT202504006926,STU006926,SCH050,2025-04-01,14,13,Other
ATT202504006927,STU006927,SCH045,2025-04-01,16,14,Unauthorised
ATT202504006928,STU006928,SCH005,2025-04-01,18,16,Illness
ATT202504006929,STU006929,SCH022,2025-04-01,17,15,Family
ATT202504006931,STU006931,SCH013,2025-04-01,15,14,Family
ATT202504006932,STU006932,SCH031,2025-04-01,15,13,Illness
ATT202504006933,STU006933,SCH043,2025-04-01,15,14,Unauthorised
ATT202504006935,STU006935,SCH015,2025-04-01,17,16,Medical
ATT202504006936,STU006936,SCH015,2025-04-01,17,16,Unauthorised
ATT202504006937,STU006937,SCH028,2025-04-01,17,16,Illness
ATT202504006938,STU006938,SCH022,2025-04-01,17,15,Other
ATT202504006939,STU006939,SCH015,2025-04-01,16,15,Medical
ATT202504006940,STU006940,SCH013,2025-04-01,14,13,Unauthorised
ATT202504006941,STU006941,SCH031,2025-04-01,18,16,Family
ATT202504006942,STU006942,SCH013,2025-04-01,16,15,Other
ATT202504006943,STU006943,SCH009,2025-04-01,16,14,Family
ATT202504006944,STU006944,SCH021,2025-04-01,14,13,Unauthorised
ATT202504006945,STU006945,SCH009,2025-04-01,17,15,Illness
ATT202504006947,STU006947,SCH010,2025-04-01,15,15,
ATT202504006948,STU006948,SCH024,2025-04-01,16,14,Medical
ATT202504006949,STU006949,SCH010,2025-04-01,17,15,Other
ATT202504006950,STU006950,SCH035,2025-04-01,17,15,Medical
ATT202504006951,STU006951,SCH009,2025-04-01,16,14,Family
ATT202504006952,STU006952,SCH004,2025-04-01,16,15,Medical
ATT202504006953,STU006953,SCH028,2025-04-01,15,14,Illness
ATT202504006954,STU006954,SCH023,2025-04-01,18,16,Medical
ATT202504006955,STU006955,SCH046,2025-04-01,14,14,
ATT202504006956,STU006956,SCH040,2025-04-01,18,17,Medical
ATT202504006957,STU006957,SCH038,2025-04-01,15,14,Illness
ATT202504006958,STU006958,SCH032,2025-04-01,18,15,Other
ATT202504006959,STU006959,SCH030,2025-04-01,18,16,Unauthorised
ATT202504006960,STU006960,SCH001,2025-04-01,16,13,Illness
ATT202504006961,STU006961,SCH008,2025-04-01,15,13,Illness
ATT202504006962,STU006962,SCH032,2025-04-01,15,13,Illness
ATT202504006963,STU006963,SCH013,2025-04-01,16,16,
ATT202504006964,STU006964,SCH005,2025-04-01,16,16,
ATT202504006965,STU006965,SCH037,2025-04-01,16,15,Medical
ATT202504006966,STU006966,SCH029,2025-04-01,14,13,Medical
ATT202504006967,STU006967,SCH024,2025-04-01,16,15,Unauthorised
ATT202504006968,STU006968,SCH036,2025-04-01,16,15,Other
ATT202504006970,STU006970,SCH007,2025-04-01,17,16,Family
ATT202504006971,STU006971,SCH023,2025-04-01,16,14,Medical
ATT202504006972,STU006972,SCH048,2025-04-01,15,14,Unauthorised
ATT202504006973,STU006973,SCH040,2025-04-01,16,14,Illness
ATT202504006974,STU006974,SCH034,2025-04-01,16,15,Family
ATT202504006975,STU006975,SCH029,2025-04-01,14,13,Medical
ATT202504006976,STU006976,SCH048,2025-04-01,16,15,Medical
ATT202504006977,STU006977,SCH008,2025-04-01,17,16,Other
ATT202504006978,STU006978,SCH048,2025-04-01,18,16,Other
ATT202504006979,STU006979,SCH014,2025-04-01,14,13,Illness
ATT202504006980,STU006980,SCH010,2025-04-01,14,12,Other
ATT202504006981,STU006981,SCH021,2025-04-01,18,17,Medical
ATT202504006982,STU006982,SCH042,2025-04-01,16,15,Illness
ATT202504006983,STU006983,SCH018,2025-04-01,17,16,Other
ATT202504006984,STU006984,SCH033,2025-04-01,17,17,
ATT202504006985,STU006985,SCH033,2025-04-01,16,14,Illness
ATT202504006986,STU006986,SCH013,2025-04-01,17,16,Illness
ATT202504006987,STU006987,SCH026,2025-04-01,17,16,Unauthorised
ATT202504006988,STU006988,SCH024,2025-04-01,17,17,
ATT202504006989,STU006989,SCH025,2025-04-01,16,16,
ATT202504006990,STU006990,SCH012,2025-04-01,15,14,Other
ATT202504006991,STU006991,SCH042,2025-04-01,17,15,Family
ATT202504006992,STU006992,SCH002,2025-04-01,14,13,Illness
ATT202504006993,STU006993,SCH008,2025-04-01,18,17,Family
ATT202504006994,STU006994,SCH023,2025-04-01,14,12,Family
ATT202504006995,STU006995,SCH025,2025-04-01,15,15,
ATT202504006997,STU006997,SCH029,2025-04-01,16,14,Other
ATT202504006998,STU006998,SCH020,2025-04-01,14,13,Unauthorised
ATT202504006999,STU006999,SCH018,2025-04-01,17,16,Unauthorised
ATT202504007000,STU007000,SCH043,2025-04-01,14,13,Other
ATT202504007001,STU007001,SCH046,2025-04-01,16,15,Family
ATT202504007002,STU007002,SCH005,2025-04-01,17,15,Family
ATT202504007003,STU007003,SCH017,2025-04-01,14,11,Unauthorised
ATT202504007004,STU007004,SCH023,2025-04-01,18,17,Unauthorised
ATT202504007006,STU007006,SCH002,2025-04-01,16,16,
ATT202504007007,STU007007,SCH004,2025-04-01,17,16,Medical
ATT202504007008,STU007008,SCH015,2025-04-01,16,14,Unauthorised
ATT202504007010,STU007010,SCH008,2025-04-01,16,14,Medical
ATT202504007011,STU007011,SCH021,2025-04-01,14,13,Family
ATT202504007012,STU007012,SCH032,2025-04-01,14,13,Other
ATT202504007013,STU007013,SCH010,2025-04-01,14,14,
ATT202504007014,STU007014,SCH042,2025-04-01,17,14,Unauthorised
ATT202504007015,STU007015,SCH021,2025-04-01,15,13,Unauthorised
ATT202504007016,STU007016,SCH038,2025-04-01,15,14,Family
ATT202504007017,STU007017,SCH001,2025-04-01,15,14,Illness
ATT202504007018,STU007018,SCH040,2025-04-01,17,16,Medical
ATT202504007019,STU007019,SCH011,2025-04-01,15,14,Illness
ATT202504007020,STU007020,SCH016,2025-04-01,15,14,Unauthorised
ATT202504007021,STU007021,SCH014,2025-04-01,16,15,Family
ATT202504007022,STU007022,SCH032,2025-04-01,15,13,Unauthorised
ATT202504007023,STU007023,SCH047,2025-04-01,14,13,Family
ATT202504007024,STU007024,SCH023,2025-04-01,18,17,Family
ATT202504007025,STU007025,SCH017,2025-04-01,17,16,Family
ATT202504007026,STU007026,SCH032,2025-04-01,18,15,Medical
ATT202504007027,STU007027,SCH047,2025-04-01,17,16,Family
ATT202504007028,STU007028,SCH034,2025-04-01,17,16,Medical
ATT202504007029,STU007029,SCH037,2025-04-01,14,13,Other
ATT202504007030,STU007030,SCH020,2025-04-01,15,15,
ATT202504007031,STU007031,SCH034,2025-04-01,15,13,Unauthorised
ATT202504007032,STU007032,SCH018,2025-04-01,14,12,Unauthorised
ATT202504007033,STU007033,SCH020,2025-04-01,17,15,Other
ATT202504007034,STU007034,SCH042,2025-04-01,18,16,Illness
ATT202504007035,STU007035,SCH005,2025-04-01,17,16,Medical
ATT202504007036,STU007036,SCH009,2025-04-01,15,12,Illness
ATT202504007037,STU007037,SCH004,2025-04-01,16,14,Medical
ATT202504007038,STU007038,SCH013,2025-04-01,17,15,Illness
ATT202504007040,STU007040,SCH019,2025-04-01,15,14,Other
ATT202504007041,STU007041,SCH025,2025-04-01,17,15,Medical
ATT202504007042,STU007042,SCH021,2025-04-01,16,14,Medical
ATT202504007043,STU007043,SCH025,2025-04-01,16,15,Family
ATT202504007044,STU007044,SCH027,2025-04-01,16,16,
ATT202504007045,STU007045,SCH020,2025-04-01,18,16,Unauthorised
ATT202504007046,STU007046,SCH035,2025-04-01,15,14,Medical
ATT202504007047,STU007047,SCH041,2025-04-01,17,16,Illness
ATT202504007048,STU007048,SCH024,2025-04-01,17,16,Illness
ATT202504007049,STU007049,SCH044,2025-04-01,17,15,Medical
ATT202504007050,STU007050,SCH027,2025-04-01,17,16,Other
ATT202504007051,STU007051,SCH017,2025-04-01,14,12,Medical
ATT202504007052,STU007052,SCH003,2025-04-01,18,16,Illness
ATT202504007053,STU007053,SCH011,2025-04-01,17,16,Family
ATT202504007054,STU007054,SCH044,2025-04-01,17,15,Illness
ATT202504007055,STU007055,SCH007,2025-04-01,17,17,
ATT202504007056,STU007056,SCH002,2025-04-01,14,13,Illness
ATT202504007057,STU007057,SCH004,2025-04-01,18,17,Unauthorised
ATT202504007058,STU007058,SCH002,2025-04-01,18,16,Unauthorised
ATT202504007059,STU007059,SCH032,2025-04-01,17,17,
ATT202504007060,STU007060,SCH026,2025-04-01,17,15,Family
ATT202504007061,STU007061,SCH045,2025-04-01,17,16,Other
ATT202504007062,STU007062,SCH027,2025-04-01,14,13,Illness
ATT202504007063,STU007063,SCH034,2025-04-01,15,13,Medical
ATT202504007064,STU007064,SCH035,2025-04-01,16,15,Family
ATT202504007065,STU007065,SCH032,2025-04-01,16,15,Family
ATT202504007067,STU007067,SCH004,2025-04-01,14,13,Medical
ATT202504007069,STU007069,SCH034,2025-04-01,17,17,
ATT202504007070,STU007070,SCH007,2025-04-01,16,15,Medical
ATT202504007071,STU007071,SCH028,2025-04-01,14,12,Other
ATT202504007072,STU007072,SCH039,2025-04-01,14,13,Other
ATT202504007073,STU007073,SCH028,2025-04-01,17,16,Other
ATT202504007074,STU007074,SCH046,2025-04-01,17,17,
ATT202504007075,STU007075,SCH033,2025-04-01,16,15,Other
ATT202504007076,STU007076,SCH042,2025-04-01,15,14,Other
ATT202504007077,STU007077,SCH018,2025-04-01,14,13,Other
ATT202504007078,STU007078,SCH050,2025-04-01,14,13,Family
ATT202504007079,STU007079,SCH039,2025-04-01,18,17,Other
ATT202504007080,STU007080,SCH013,2025-04-01,18,16,Illness
ATT202504007081,STU007081,SCH043,2025-04-01,14,13,Family
ATT202504007082,STU007082,SCH045,2025-04-01,18,17,Family
ATT202504007083,STU007083,SCH047,2025-04-01,16,15,Family
ATT202504007084,STU007084,SCH030,2025-04-01,15,14,Other
ATT202504007086,STU007086,SCH046,2025-04-01,18,16,Unauthorised
ATT202504007089,STU007089,SCH009,2025-04-01,16,14,Medical
ATT202504007090,STU007090,SCH050,2025-04-01,14,13,Unauthorised
ATT202504007091,STU007091,SCH023,2025-04-01,17,16,Medical
ATT202504007092,STU007092,SCH044,2025-04-01,15,13,Illness
ATT202504007093,STU007093,SCH031,2025-04-01,18,16,Unauthorised
ATT202504007094,STU007094,SCH044,2025-04-01,17,15,Illness
ATT202504007095,STU007095,SCH047,2025-04-01,18,16,Unauthorised
ATT202504007098,STU007098,SCH021,2025-04-01,15,13,Illness
ATT202504007099,STU007099,SCH006,2025-04-01,16,15,Medical
ATT202504007100,STU007100,SCH017,2025-04-01,16,14,Illness
ATT202504007101,STU007101,SCH046,2025-04-01,16,15,Family
ATT202504007102,STU007102,SCH010,2025-04-01,16,14,Illness
ATT202504007104,STU007104,SCH047,2025-04-01,15,14,Family
ATT202504007105,STU007105,SCH019,2025-04-01,16,15,Illness
ATT202504007106,STU007106,SCH003,2025-04-01,17,16,Unauthorised
ATT202504007107,STU007107,SCH005,2025-04-01,15,15,
ATT202504007108,STU007108,SCH049,2025-04-01,16,15,Unauthorised
ATT202504007109,STU007109,SCH021,2025-04-01,14,13,Medical
ATT202504007110,STU007110,SCH004,2025-04-01,17,16,Family
ATT202504007111,STU007111,SCH003,2025-04-01,16,15,Illness
ATT202504007112,STU007112,SCH043,2025-04-01,16,15,Family
ATT202504007113,STU007113,SCH039,2025-04-01,15,14,Medical
ATT202504007114,STU007114,SCH010,2025-04-01,14,13,Family
ATT202504007115,STU007115,SCH020,2025-04-01,16,15,Other
ATT202504007116,STU007116,SCH046,2025-04-01,16,15,Other
ATT202504007119,STU007119,SCH036,2025-04-01,14,12,Medical
ATT202504007120,STU007120,SCH048,2025-04-01,16,15,Family
ATT202504007121,STU007121,SCH021,2025-04-01,15,13,Family
ATT202504007122,STU007122,SCH008,2025-04-01,18,16,Unauthorised
ATT202504007124,STU007124,SCH046,2025-04-01,18,16,Other
ATT202504007126,STU007126,SCH027,2025-04-01,18,16,Unauthorised
ATT202504007127,STU007127,SCH010,2025-04-01,18,17,Other
ATT202504007128,STU007128,SCH045,2025-04-01,15,14,Other
ATT202504007129,STU007129,SCH013,2025-04-01,18,16,Unauthorised
ATT202504007130,STU007130,SCH047,2025-04-01,16,14,Medical
ATT202504007131,STU007131,SCH021,2025-04-01,15,14,Medical
ATT202504007132,STU007132,SCH033,2025-04-01,18,17,Medical
ATT202504007133,STU007133,SCH021,2025-04-01,14,13,Other
ATT202504007135,STU007135,SCH030,2025-04-01,17,16,Illness
ATT202504007136,STU007136,SCH018,2025-04-01,18,16,Family
ATT202504007137,STU007137,SCH027,2025-04-01,14,13,Unauthorised
ATT202504007139,STU007139,SCH030,2025-04-01,15,14,Family
ATT202504007140,STU007140,SCH021,2025-04-01,16,14,Illness
ATT202504007141,STU007141,SCH010,2025-04-01,14,13,Family
ATT202504007142,STU007142,SCH039,2025-04-01,16,14,Unauthorised
ATT202504007143,STU007143,SCH010,2025-04-01,16,15,Family
ATT202504007144,STU007144,SCH044,2025-04-01,18,16,Illness
ATT202504007145,STU007145,SCH048,2025-04-01,15,13,Illness
ATT202504007146,STU007146,SCH031,2025-04-01,14,12,Illness
ATT202504007148,STU007148,SCH002,2025-04-01,18,16,Family
ATT202504007150,STU007150,SCH021,2025-04-01,16,13,Medical
ATT202504007151,STU007151,SCH010,2025-04-01,15,13,Illness
ATT202504007152,STU007152,SCH023,2025-04-01,18,16,Unauthorised
ATT202504007153,STU007153,SCH034,2025-04-01,16,13,Illness
ATT202504007154,STU007154,SCH021,2025-04-01,17,16,Medical
ATT202504007155,STU007155,SCH039,2025-04-01,14,12,Family
ATT202504007156,STU007156,SCH022,2025-04-01,16,16,
ATT202504007157,STU007157,SCH005,2025-04-01,16,15,Medical
ATT202504007158,STU007158,SCH011,2025-04-01,15,14,Medical
ATT202504007159,STU007159,SCH020,2025-04-01,17,16,Illness
ATT202504007160,STU007160,SCH024,2025-04-01,14,13,Other
ATT202504007161,STU007161,SCH049,2025-04-01,18,18,
ATT202504007162,STU007162,SCH035,2025-04-01,16,15,Unauthorised
ATT202504007163,STU007163,SCH020,2025-04-01,14,14,
ATT202504007164,STU007164,SCH021,2025-04-01,16,16,
ATT202504007165,STU007165,SCH021,2025-04-01,14,12,Family
ATT202504007166,STU007166,SCH007,2025-04-01,18,18,
ATT202504007167,STU007167,SCH022,2025-04-01,15,13,Illness
ATT202504007169,STU007169,SCH046,2025-04-01,14,12,Medical
ATT202504007170,STU007170,SCH021,2025-04-01,15,14,Medical
ATT202504007171,STU007171,SCH007,2025-04-01,16,15,Unauthorised
ATT202504007172,STU007172,SCH031,2025-04-01,18,17,Family
ATT202504007173,STU007173,SCH042,2025-04-01,16,14,Unauthorised
ATT202504007174,STU007174,SCH047,2025-04-01,18,17,Other
ATT202504007175,STU007175,SCH038,2025-04-01,14,13,Unauthorised
ATT202504007176,STU007176,SCH044,2025-04-01,16,14,Unauthorised
ATT202504007177,STU007177,SCH046,2025-04-01,17,15,Other
ATT202504007178,STU007178,SCH040,2025-04-01,16,14,Medical
ATT202504007180,STU007180,SCH036,2025-04-01,16,15,Other
ATT202504007181,STU007181,SCH010,2025-04-01,18,17,Other
ATT202504007183,STU007183,SCH007,2025-04-01,17,16,Family
ATT202504007184,STU007184,SCH009,2025-04-01,16,13,Medical
ATT202504007185,STU007185,SCH038,2025-04-01,17,16,Medical
ATT202504007186,STU007186,SCH002,2025-04-01,16,13,Unauthorised
ATT202504007188,STU007188,SCH041,2025-04-01,15,14,Other
ATT202504007189,STU007189,SCH010,2025-04-01,15,13,Other
ATT202504007190,STU007190,SCH035,2025-04-01,15,14,Illness
ATT202504007191,STU007191,SCH013,2025-04-01,18,18,
ATT202504007192,STU007192,SCH031,2025-04-01,17,16,Medical
ATT202504007193,STU007193,SCH011,2025-04-01,14,13,Other
ATT202504007194,STU007194,SCH025,2025-04-01,14,13,Other
ATT202504007195,STU007195,SCH037,2025-04-01,14,13,Illness
ATT202504007197,STU007197,SCH032,2025-04-01,18,15,Medical
ATT202504007198,STU007198,SCH031,2025-04-01,14,12,Medical
ATT202504007199,STU007199,SCH034,2025-04-01,17,14,Medical
ATT202504007200,STU007200,SCH010,2025-04-01,17,15,Medical
ATT202504007202,STU007202,SCH010,2025-04-01,14,14,
ATT202504007203,STU007203,SCH028,2025-04-01,15,14,Other
ATT202504007204,STU007204,SCH018,2025-04-01,16,14,Family
ATT202504007205,STU007205,SCH035,2025-04-01,15,13,Unauthorised
ATT202504007206,STU007206,SCH025,2025-04-01,15,15,
ATT202504007207,STU007207,SCH031,2025-04-01,18,18,
ATT202504007208,STU007208,SCH041,2025-04-01,18,16,Other
ATT202504007209,STU007209,SCH006,2025-04-01,18,18,
ATT202504007210,STU007210,SCH003,2025-04-01,17,17,
ATT202504007211,STU007211,SCH021,2025-04-01,14,12,Unauthorised
ATT202504007212,STU007212,SCH010,2025-04-01,14,13,Illness
ATT202504007213,STU007213,SCH033,2025-04-01,17,16,Medical
ATT202504007214,STU007214,SCH010,2025-04-01,17,15,Other
ATT202504007215,STU007215,SCH041,2025-04-01,15,13,Family
ATT202504007216,STU007216,SCH049,2025-04-01,14,12,Medical
ATT202504007217,STU007217,SCH001,2025-04-01,16,13,Other
ATT202504007218,STU007218,SCH037,2025-04-01,16,15,Family
ATT202504007219,STU007219,SCH042,2025-04-01,15,14,Medical
ATT202504007220,STU007220,SCH032,2025-04-01,18,15,Medical
ATT202504007221,STU007221,SCH010,2025-04-01,15,14,Other
ATT202504007222,STU007222,SCH027,2025-04-01,15,14,Unauthorised
ATT202504007223,STU007223,SCH010,2025-04-01,17,15,Medical
ATT202504007224,STU007224,SCH049,2025-04-01,17,14,Other
ATT202504007225,STU007225,SCH046,2025-04-01,16,14,Illness
ATT202504007226,STU007226,SCH009,2025-04-01,16,14,Illness
ATT202504007227,STU007227,SCH006,2025-04-01,15,13,Medical
ATT202504007228,STU007228,SCH043,2025-04-01,16,15,Other
ATT202504007229,STU007229,SCH019,2025-04-01,18,16,Unauthorised
ATT202504007231,STU007231,SCH033,2025-04-01,16,15,Medical
ATT202504007232,STU007232,SCH008,2025-04-01,17,17,
ATT202504007233,STU007233,SCH044,2025-04-01,15,14,Illness
ATT202504007235,STU007235,SCH045,2025-04-01,16,14,Illness
ATT202504007236,STU007236,SCH024,2025-04-01,15,11,Unauthorised
ATT202504007237,STU007237,SCH026,2025-04-01,17,16,Unauthorised
ATT202504007238,STU007238,SCH011,2025-04-01,15,14,Family
ATT202504007240,STU007240,SCH015,2025-04-01,18,17,Unauthorised
ATT202504007241,STU007241,SCH046,2025-04-01,18,16,Other
ATT202504007242,STU007242,SCH042,2025-04-01,17,15,Illness
ATT202504007243,STU007243,SCH036,2025-04-01,16,14,Medical
ATT202504007244,STU007244,SCH018,2025-04-01,15,13,Medical
ATT202504007245,STU007245,SCH019,2025-04-01,17,15,Family
ATT202504007246,STU007246,SCH031,2025-04-01,18,17,Other
ATT202504007247,STU007247,SCH037,2025-04-01,14,14,
ATT202504007248,STU007248,SCH006,2025-04-01,18,17,Unauthorised
ATT202504007250,STU007250,SCH003,2025-04-01,16,15,Unauthorised
ATT202504007251,STU007251,SCH002,2025-04-01,14,12,Medical
ATT202504007252,STU007252,SCH021,2025-04-01,14,13,Other
ATT202504007253,STU007253,SCH020,2025-04-01,15,14,Illness
ATT202504007254,STU007254,SCH023,2025-04-01,16,15,Medical
ATT202504007255,STU007255,SCH048,2025-04-01,16,14,Medical
ATT202504007256,STU007256,SCH015,2025-04-01,18,16,Other
ATT202504007257,STU007257,SCH033,2025-04-01,16,15,Illness
ATT202504007258,STU007258,SCH023,2025-04-01,18,16,Illness
ATT202504007259,STU007259,SCH041,2025-04-01,14,14,
ATT202504007260,STU007260,SCH028,2025-04-01,17,16,Unauthorised
ATT202504007261,STU007261,SCH024,2025-04-01,16,14,Other
ATT202504007262,STU007262,SCH032,2025-04-01,14,13,Medical
ATT202504007263,STU007263,SCH028,2025-04-01,16,15,Other
ATT202504007264,STU007264,SCH029,2025-04-01,14,13,Medical
ATT202504007265,STU007265,SCH005,2025-04-01,16,13,Other
ATT202504007266,STU007266,SCH045,2025-04-01,15,14,Unauthorised
ATT202504007267,STU007267,SCH031,2025-04-01,17,15,Family
ATT202504007268,STU007268,SCH004,2025-04-01,15,14,Unauthorised
ATT202504007270,STU007270,SCH030,2025-04-01,17,15,Unauthorised
ATT202504007273,STU007273,SCH036,2025-04-01,17,16,Unauthorised
ATT202504007274,STU007274,SCH046,2025-04-01,14,12,Unauthorised
ATT202504007275,STU007275,SCH009,2025-04-01,17,15,Other
ATT202504007276,STU007276,SCH029,2025-04-01,15,14,Other
ATT202504007277,STU007277,SCH030,2025-04-01,17,15,Family
ATT202504007278,STU007278,SCH046,2025-04-01,17,15,Illness
ATT202504007279,STU007279,SCH022,2025-04-01,17,16,Medical
ATT202504007280,STU007280,SCH011,2025-04-01,15,14,Unauthorised
ATT202504007281,STU007281,SCH047,2025-04-01,14,13,Illness
ATT202504007282,STU007282,SCH008,2025-04-01,16,15,Medical
ATT202504007283,STU007283,SCH026,2025-04-01,16,15,Unauthorised
ATT202504007284,STU007284,SCH007,2025-04-01,17,16,Medical
ATT202504007285,STU007285,SCH004,2025-04-01,15,15,
ATT202504007286,STU007286,SCH002,2025-04-01,14,13,Medical
ATT202504007287,STU007287,SCH007,2025-04-01,18,17,Illness
ATT202504007288,STU007288,SCH014,2025-04-01,14,13,Illness
ATT202504007289,STU007289,SCH023,2025-04-01,17,16,Other
ATT202504007290,STU007290,SCH017,2025-04-01,16,14,Family
ATT202504007291,STU007291,SCH018,2025-04-01,17,17,
ATT202504007292,STU007292,SCH009,2025-04-01,18,16,Family
ATT202504007293,STU007293,SCH049,2025-04-01,17,15,Other
ATT202504007294,STU007294,SCH011,2025-04-01,16,14,Family
ATT202504007295,STU007295,SCH028,2025-04-01,16,15,Medical
ATT202504007297,STU007297,SCH046,2025-04-01,14,13,Unauthorised
ATT202504007298,STU007298,SCH010,2025-04-01,18,16,Illness
ATT202504007299,STU007299,SCH049,2025-04-01,15,13,Illness
ATT202504007300,STU007300,SCH044,2025-04-01,15,14,Other
ATT202504007301,STU007301,SCH050,2025-04-01,18,16,Medical
ATT202504007302,STU007302,SCH006,2025-04-01,14,12,Unauthorised
ATT202504007304,STU007304,SCH002,2025-04-01,17,15,Unauthorised
ATT202504007305,STU007305,SCH011,2025-04-01,14,13,Family
ATT202504007306,STU007306,SCH011,2025-04-01,15,14,Medical
ATT202504007307,STU007307,SCH023,2025-04-01,16,15,Unauthorised
ATT202504007308,STU007308,SCH045,2025-04-01,17,16,Other
ATT202504007310,STU007310,SCH045,2025-04-01,14,13,Family
ATT202504007311,STU007311,SCH047,2025-04-01,16,15,Unauthorised
ATT202504007312,STU007312,SCH032,2025-04-01,16,14,Illness
ATT202504007313,STU007313,SCH005,2025-04-01,16,15,Other
ATT202504007319,STU007319,SCH029,2025-04-01,15,13,Other
ATT202504007320,STU007320,SCH049,2025-04-01,15,13,Medical
ATT202504007321,STU007321,SCH047,2025-04-01,15,14,Unauthorised
ATT202504007322,STU007322,SCH039,2025-04-01,16,15,Illness
ATT202504007323,STU007323,SCH025,2025-04-01,18,16,Medical
ATT202504007324,STU007324,SCH012,2025-04-01,17,16,Illness
ATT202504007325,STU007325,SCH046,2025-04-01,16,15,Medical
ATT202504007326,STU007326,SCH033,2025-04-01,18,17,Other
ATT202504007327,STU007327,SCH011,2025-04-01,14,12,Other
ATT202504007328,STU007328,SCH003,2025-04-01,18,16,Unauthorised
ATT202504007331,STU007331,SCH048,2025-04-01,14,13,Illness
ATT202504007332,STU007332,SCH028,2025-04-01,14,13,Other
ATT202504007333,STU007333,SCH002,2025-04-01,17,15,Unauthorised
ATT202504007334,STU007334,SCH010,2025-04-01,17,16,Family
ATT202504007335,STU007335,SCH014,2025-04-01,15,13,Family
ATT202504007336,STU007336,SCH027,2025-04-01,15,13,Medical
ATT202504007337,STU007337,SCH035,2025-04-01,16,14,Other
ATT202504007338,STU007338,SCH020,2025-04-01,16,15,Medical
ATT202504007339,STU007339,SCH032,2025-04-01,16,15,Medical
ATT202504007340,STU007340,SCH026,2025-04-01,14,13,Other
ATT202504007341,STU007341,SCH038,2025-04-01,18,18,
ATT202504007342,STU007342,SCH039,2025-04-01,17,15,Medical
ATT202504007343,STU007343,SCH028,2025-04-01,17,16,Unauthorised
ATT202504007344,STU007344,SCH027,2025-04-01,16,14,Medical
ATT202504007345,STU007345,SCH045,2025-04-01,17,15,Medical
ATT202504007347,STU007347,SCH013,2025-04-01,14,13,Medical
ATT202504007348,STU007348,SCH004,2025-04-01,16,15,Family
ATT202504007349,STU007349,SCH011,2025-04-01,17,16,Unauthorised
ATT202504007351,STU007351,SCH009,2025-04-01,16,14,Unauthorised
ATT202504007352,STU007352,SCH028,2025-04-01,14,14,
ATT202504007353,STU007353,SCH020,2025-04-01,17,16,Unauthorised
ATT202504007354,STU007354,SCH036,2025-04-01,18,17,Other
ATT202504007355,STU007355,SCH021,2025-04-01,14,13,Medical
ATT202504007356,STU007356,SCH012,2025-04-01,17,16,Medical
ATT202504007357,STU007357,SCH031,2025-04-01,18,18,
ATT202504007358,STU007358,SCH038,2025-04-01,14,13,Other
ATT202504007359,STU007359,SCH026,2025-04-01,18,17,Unauthorised
ATT202504007361,STU007361,SCH043,2025-04-01,15,14,Other
ATT202504007362,STU007362,SCH010,2025-04-01,16,15,Family
ATT202504007363,STU007363,SCH049,2025-04-01,16,14,Medical
ATT202504007364,STU007364,SCH046,2025-04-01,17,15,Unauthorised
ATT202504007365,STU007365,SCH027,2025-04-01,14,13,Other
ATT202504007366,STU007366,SCH003,2025-04-01,16,15,Other
ATT202504007367,STU007367,SCH007,2025-04-01,17,17,
ATT202504007368,STU007368,SCH014,2025-04-01,18,17,Illness
ATT202504007369,STU007369,SCH031,2025-04-01,16,14,Unauthorised
ATT202504007370,STU007370,SCH029,2025-04-01,14,12,Medical
ATT202504007371,STU007371,SCH001,2025-04-01,18,17,Illness
ATT202504007374,STU007374,SCH011,2025-04-01,15,15,
ATT202504007376,STU007376,SCH029,2025-04-01,16,16,
ATT202504007377,STU007377,SCH004,2025-04-01,14,13,Medical
ATT202504007378,STU007378,SCH006,2025-04-01,16,15,Illness
ATT202504007379,STU007379,SCH021,2025-04-01,15,13,Illness
ATT202504007380,STU007380,SCH035,2025-04-01,14,13,Family
ATT202504007381,STU007381,SCH046,2025-04-01,17,16,Other
ATT202504007384,STU007384,SCH041,2025-04-01,16,15,Other
ATT202504007385,STU007385,SCH019,2025-04-01,18,16,Medical
ATT202504007386,STU007386,SCH020,2025-04-01,15,15,
ATT202504007387,STU007387,SCH029,2025-04-01,15,13,Family
ATT202504007388,STU007388,SCH035,2025-04-01,17,15,Other
ATT202504007389,STU007389,SCH022,2025-04-01,16,13,Other
ATT202504007390,STU007390,SCH027,2025-04-01,14,12,Family
ATT202504007392,STU007392,SCH016,2025-04-01,18,15,Medical
ATT202504007393,STU007393,SCH048,2025-04-01,17,15,Unauthorised
ATT202504007394,STU007394,SCH037,2025-04-01,15,15,
ATT202504007395,STU007395,SCH033,2025-04-01,14,14,
ATT202504007396,STU007396,SCH015,2025-04-01,17,15,Family
ATT202504007397,STU007397,SCH044,2025-04-01,15,12,Unauthorised
ATT202504007398,STU007398,SCH012,2025-04-01,17,15,Unauthorised
ATT202504007399,STU007399,SCH043,2025-04-01,18,17,Unauthorised
ATT202504007400,STU007400,SCH038,2025-04-01,18,16,Medical
ATT202504007401,STU007401,SCH046,2025-04-01,17,15,Medical
ATT202504007402,STU007402,SCH013,2025-04-01,18,17,Illness
ATT202504007404,STU007404,SCH011,2025-04-01,17,16,Other
ATT202504007405,STU007405,SCH050,2025-04-01,16,14,Other
ATT202504007406,STU007406,SCH006,2025-04-01,18,16,Medical
ATT202504007407,STU007407,SCH010,2025-04-01,17,15,Other
ATT202504007408,STU007408,SCH014,2025-04-01,14,13,Medical
ATT202504007409,STU007409,SCH041,2025-04-01,15,14,Unauthorised
ATT202504007410,STU007410,SCH028,2025-04-01,14,13,Medical
ATT202504007411,STU007411,SCH021,2025-04-01,16,13,Medical
ATT202504007412,STU007412,SCH038,2025-04-01,14,13,Illness
ATT202504007413,STU007413,SCH043,2025-04-01,15,14,Illness
ATT202504007414,STU007414,SCH043,2025-04-01,16,14,Unauthorised
ATT202504007415,STU007415,SCH046,2025-04-01,17,15,Family
ATT202504007416,STU007416,SCH023,2025-04-01,18,17,Family
ATT202504007417,STU007417,SCH001,2025-04-01,15,14,Family
ATT202504007418,STU007418,SCH010,2025-04-01,15,13,Family
ATT202504007419,STU007419,SCH028,2025-04-01,18,16,Unauthorised
ATT202504007420,STU007420,SCH016,2025-04-01,15,14,Medical
ATT202504007421,STU007421,SCH014,2025-04-01,18,17,Unauthorised
ATT202504007422,STU007422,SCH039,2025-04-01,14,12,Other
ATT202504007423,STU007423,SCH039,2025-04-01,18,16,Illness
ATT202504007424,STU007424,SCH048,2025-04-01,16,15,Family
ATT202504007425,STU007425,SCH014,2025-04-01,17,16,Medical
ATT202504007426,STU007426,SCH015,2025-04-01,14,13,Medical
ATT202504007427,STU007427,SCH009,2025-04-01,14,12,Unauthorised
ATT202504007428,STU007428,SCH040,2025-04-01,15,13,Unauthorised
ATT202504007429,STU007429,SCH027,2025-04-01,15,13,Medical
ATT202504007430,STU007430,SCH018,2025-04-01,16,15,Family
ATT202504007431,STU007431,SCH018,2025-04-01,14,14,
ATT202504007432,STU007432,SCH033,2025-04-01,15,14,Illness
ATT202504007433,STU007433,SCH048,2025-04-01,15,14,Family
ATT202504007434,STU007434,SCH047,2025-04-01,17,15,Illness
ATT202504007435,STU007435,SCH002,2025-04-01,15,14,Illness
ATT202504007436,STU007436,SCH036,2025-04-01,15,13,Other
ATT202504007437,STU007437,SCH010,2025-04-01,15,13,Illness
ATT202504007438,STU007438,SCH034,2025-04-01,18,16,Family
ATT202504007439,STU007439,SCH018,2025-04-01,18,17,Illness
ATT202504007440,STU007440,SCH007,2025-04-01,15,14,Unauthorised
ATT202504007441,STU007441,SCH011,2025-04-01,18,16,Unauthorised
ATT202504007443,STU007443,SCH050,2025-04-01,18,17,Family
ATT202504007444,STU007444,SCH031,2025-04-01,14,13,Unauthorised
ATT202504007445,STU007445,SCH041,2025-04-01,18,17,Other
ATT202504007446,STU007446,SCH033,2025-04-01,17,16,Family
ATT202504007447,STU007447,SCH018,2025-04-01,15,14,Illness
ATT202504007448,STU007448,SCH030,2025-04-01,16,15,Unauthorised
ATT202504007449,STU007449,SCH046,2025-04-01,16,15,Illness
ATT202504007450,STU007450,SCH050,2025-04-01,16,14,Unauthorised
ATT202504007451,STU007451,SCH031,2025-04-01,16,15,Other
ATT202504007452,STU007452,SCH034,2025-04-01,15,13,Unauthorised
ATT202504007453,STU007453,SCH003,2025-04-01,15,13,Family
ATT202504007454,STU007454,SCH042,2025-04-01,17,15,Medical
ATT202504007455,STU007455,SCH040,2025-04-01,15,14,Illness
ATT202504007456,STU007456,SCH046,2025-04-01,15,13,Medical
ATT202504007457,STU007457,SCH014,2025-04-01,14,14,
ATT202504007458,STU007458,SCH009,2025-04-01,17,15,Illness
ATT202504007459,STU007459,SCH044,2025-04-01,16,15,Illness
ATT202504007460,STU007460,SCH045,2025-04-01,15,13,Illness
ATT202504007462,STU007462,SCH012,2025-04-01,18,17,Illness
ATT202504007463,STU007463,SCH029,2025-04-01,17,15,Family
ATT202504007464,STU007464,SCH045,2025-04-01,18,17,Other
ATT202504007465,STU007465,SCH023,2025-04-01,14,12,Unauthorised
ATT202504007466,STU007466,SCH042,2025-04-01,15,12,Family
ATT202504007467,STU007467,SCH006,2025-04-01,16,15,Illness
ATT202504007469,STU007469,SCH037,2025-04-01,15,14,Unauthorised
ATT202504007470,STU007470,SCH005,2025-04-01,14,13,Other
ATT202504007471,STU007471,SCH006,2025-04-01,15,15,
ATT202504007472,STU007472,SCH033,2025-04-01,14,14,
ATT202504007473,STU007473,SCH014,2025-04-01,18,16,Illness
ATT202504007474,STU007474,SCH014,2025-04-01,17,16,Illness
ATT202504007475,STU007475,SCH041,2025-04-01,16,14,Other
ATT202504007476,STU007476,SCH011,2025-04-01,15,14,Unauthorised
ATT202504007477,STU007477,SCH029,2025-04-01,14,12,Unauthorised
ATT202504007478,STU007478,SCH016,2025-04-01,14,13,Unauthorised
ATT202504007482,STU007482,SCH017,2025-04-01,15,14,Medical
ATT202504007483,STU007483,SCH035,2025-04-01,17,15,Medical
ATT202504007484,STU007484,SCH046,2025-04-01,18,15,Illness
ATT202504007485,STU007485,SCH010,2025-04-01,15,14,Illness
ATT202504007486,STU007486,SCH010,2025-04-01,14,12,Other
ATT202504007489,STU007489,SCH019,2025-04-01,15,14,Other
ATT202504007490,STU007490,SCH029,2025-04-01,15,13,Family
ATT202504007491,STU007491,SCH046,2025-04-01,17,16,Family
ATT202504007492,STU007492,SCH041,2025-04-01,18,16,Illness
ATT202504007493,STU007493,SCH011,2025-04-01,16,15,Illness
ATT202504007494,STU007494,SCH019,2025-04-01,17,14,Family
ATT202504007495,STU007495,SCH011,2025-04-01,16,15,Medical
ATT202504007496,STU007496,SCH029,2025-04-01,14,13,Family
ATT202504007497,STU007497,SCH018,2025-04-01,15,14,Unauthorised
ATT202504007498,STU007498,SCH012,2025-04-01,17,16,Illness
ATT202504007499,STU007499,SCH001,2025-04-01,18,15,Medical
ATT202504007500,STU007500,SCH032,2025-04-01,17,15,Family
ATT202504007501,STU007501,SCH003,2025-04-01,16,15,Family
ATT202504007502,STU007502,SCH019,2025-04-01,14,13,Family
ATT202504007504,STU007504,SCH005,2025-04-01,18,16,Other
ATT202504007505,STU007505,SCH029,2025-04-01,17,14,Illness
ATT202504007506,STU007506,SCH020,2025-04-01,15,13,Other
ATT202504007507,STU007507,SCH008,2025-04-01,15,14,Medical
ATT202504007508,STU007508,SCH041,2025-04-01,14,13,Other
ATT202504007509,STU007509,SCH012,2025-04-01,15,13,Illness
ATT202504007510,STU007510,SCH016,2025-04-01,14,13,Medical
ATT202504007511,STU007511,SCH045,2025-04-01,17,15,Other
ATT202504007512,STU007512,SCH047,2025-04-01,14,13,Unauthorised
ATT202504007513,STU007513,SCH035,2025-04-01,14,12,Family
ATT202504007514,STU007514,SCH027,2025-04-01,16,14,Illness
ATT202504007515,STU007515,SCH049,2025-04-01,18,16,Family
ATT202504007516,STU007516,SCH008,2025-04-01,14,12,Other
ATT202504007517,STU007517,SCH033,2025-04-01,15,14,Family
ATT202504007518,STU007518,SCH041,2025-04-01,15,14,Family
ATT202504007519,STU007519,SCH030,2025-04-01,15,13,Family
ATT202504007520,STU007520,SCH048,2025-04-01,17,16,Family
ATT202504007522,STU007522,SCH007,2025-04-01,16,15,Unauthorised
ATT202504007523,STU007523,SCH006,2025-04-01,14,13,Medical
ATT202504007524,STU007524,SCH003,2025-04-01,14,13,Family
ATT202504007525,STU007525,SCH035,2025-04-01,14,12,Medical
ATT202504007526,STU007526,SCH025,2025-04-01,16,15,Medical
ATT202504007527,STU007527,SCH024,2025-04-01,18,15,Other
ATT202504007528,STU007528,SCH015,2025-04-01,18,17,Medical
ATT202504007529,STU007529,SCH003,2025-04-01,18,16,Other
ATT202504007531,STU007531,SCH046,2025-04-01,15,14,Family
ATT202504007532,STU007532,SCH048,2025-04-01,17,16,Illness
ATT202504007533,STU007533,SCH031,2025-04-01,15,12,Other
ATT202504007534,STU007534,SCH007,2025-04-01,16,15,Family
ATT202504007535,STU007535,SCH015,2025-04-01,14,13,Family
ATT202504007536,STU007536,SCH019,2025-04-01,14,13,Unauthorised
ATT202504007537,STU007537,SCH028,2025-04-01,18,17,Medical
ATT202504007538,STU007538,SCH026,2025-04-01,17,15,Unauthorised
ATT202504007539,STU007539,SCH044,2025-04-01,14,13,Family
ATT202504007540,STU007540,SCH035,2025-04-01,18,17,Unauthorised
ATT202504007541,STU007541,SCH031,2025-04-01,18,16,Medical
ATT202504007542,STU007542,SCH037,2025-04-01,17,15,Illness
ATT202504007543,STU007543,SCH008,2025-04-01,14,12,Unauthorised
ATT202504007544,STU007544,SCH046,2025-04-01,17,14,Illness
ATT202504007546,STU007546,SCH037,2025-04-01,17,16,Illness
ATT202504007547,STU007547,SCH021,2025-04-01,15,12,Unauthorised
ATT202504007548,STU007548,SCH021,2025-04-01,16,13,Illness
ATT202504007549,STU007549,SCH035,2025-04-01,18,17,Illness
ATT202504007550,STU007550,SCH032,2025-04-01,16,14,Family
ATT202504007551,STU007551,SCH008,2025-04-01,18,16,Illness
ATT202504007552,STU007552,SCH004,2025-04-01,18,17,Other
ATT202504007553,STU007553,SCH029,2025-04-01,16,15,Unauthorised
ATT202504007554,STU007554,SCH043,2025-04-01,17,15,Family
ATT202504007556,STU007556,SCH041,2025-04-01,16,14,Illness
ATT202504007557,STU007557,SCH046,2025-04-01,17,17,
ATT202504007558,STU007558,SCH010,2025-04-01,16,14,Medical
ATT202504007559,STU007559,SCH046,2025-04-01,14,13,Unauthorised
ATT202504007560,STU007560,SCH031,2025-04-01,14,14,
ATT202504007561,STU007561,SCH019,2025-04-01,17,15,Unauthorised
ATT202504007562,STU007562,SCH013,2025-04-01,18,17,Illness
ATT202504007563,STU007563,SCH019,2025-04-01,17,15,Medical
ATT202504007564,STU007564,SCH006,2025-04-01,16,15,Illness
ATT202504007565,STU007565,SCH011,2025-04-01,16,14,Illness
ATT202504007567,STU007567,SCH029,2025-04-01,15,14,Illness
ATT202504007568,STU007568,SCH017,2025-04-01,16,15,Family
ATT202504007569,STU007569,SCH044,2025-04-01,16,15,Family
ATT202504007570,STU007570,SCH046,2025-04-01,18,17,Family
ATT202504007571,STU007571,SCH014,2025-04-01,15,14,Illness
ATT202504007572,STU007572,SCH023,2025-04-01,15,13,Medical
ATT202504007573,STU007573,SCH017,2025-04-01,17,15,Illness
ATT202504007574,STU007574,SCH006,2025-04-01,15,13,Other
ATT202504007575,STU007575,SCH047,2025-04-01,14,13,Unauthorised
ATT202504007576,STU007576,SCH043,2025-04-01,14,12,Illness
ATT202504007577,STU007577,SCH028,2025-04-01,17,15,Illness
ATT202504007578,STU007578,SCH003,2025-04-01,18,16,Illness
ATT202504007579,STU007579,SCH036,2025-04-01,18,17,Medical
ATT202504007580,STU007580,SCH039,2025-04-01,16,14,Family
ATT202504007581,STU007581,SCH006,2025-04-01,18,18,
ATT202504007582,STU007582,SCH033,2025-04-01,15,14,Family
ATT202504007583,STU007583,SCH036,2025-04-01,14,13,Unauthorised
ATT202504007584,STU007584,SCH008,2025-04-01,14,13,Unauthorised
ATT202504007585,STU007585,SCH049,2025-04-01,18,15,Illness
ATT202504007586,STU007586,SCH003,2025-04-01,16,14,Medical
ATT202504007587,STU007587,SCH031,2025-04-01,18,15,Family
ATT202504007588,STU007588,SCH020,2025-04-01,18,16,Family
ATT202504007589,STU007589,SCH046,2025-04-01,15,13,Illness
ATT202504007591,STU007591,SCH022,2025-04-01,17,14,Medical
ATT202504007592,STU007592,SCH027,2025-04-01,18,16,Unauthorised
ATT202504007593,STU007593,SCH002,2025-04-01,16,14,Illness
ATT202504007594,STU007594,SCH050,2025-04-01,15,14,Illness
ATT202504007595,STU007595,SCH017,2025-04-01,15,14,Illness
ATT202504007596,STU007596,SCH014,2025-04-01,14,13,Family
ATT202504007597,STU007597,SCH046,2025-04-01,18,16,Unauthorised
ATT202504007598,STU007598,SCH043,2025-04-01,17,16,Illness
ATT202504007599,STU007599,SCH018,2025-04-01,17,14,Family
ATT202504007600,STU007600,SCH008,2025-04-01,15,14,Unauthorised
ATT202504007601,STU007601,SCH043,2025-04-01,18,16,Illness
ATT202504007602,STU007602,SCH031,2025-04-01,18,17,Other
ATT202504007603,STU007603,SCH046,2025-04-01,15,14,Unauthorised
ATT202504007604,STU007604,SCH025,2025-04-01,15,13,Other
ATT202504007605,STU007605,SCH005,2025-04-01,16,15,Other
ATT202504007606,STU007606,SCH034,2025-04-01,17,15,Other
ATT202504007607,STU007607,SCH029,2025-04-01,14,13,Unauthorised
ATT202504007608,STU007608,SCH028,2025-04-01,15,13,Illness
ATT202504007610,STU007610,SCH023,2025-04-01,18,16,Medical
ATT202504007611,STU007611,SCH043,2025-04-01,14,12,Illness
ATT202504007612,STU007612,SCH034,2025-04-01,14,12,Other
ATT202504007613,STU007613,SCH002,2025-04-01,16,14,Medical
ATT202504007614,STU007614,SCH010,2025-04-01,18,16,Family
ATT202504007615,STU007615,SCH001,2025-04-01,14,12,Other
ATT202504007616,STU007616,SCH002,2025-04-01,14,13,Other
ATT202504007617,STU007617,SCH027,2025-04-01,15,14,Family
ATT202504007618,STU007618,SCH036,2025-04-01,18,17,Unauthorised
ATT202504007619,STU007619,SCH032,2025-04-01,18,16,Illness
ATT202504007620,STU007620,SCH007,2025-04-01,15,13,Medical
ATT202504007621,STU007621,SCH021,2025-04-01,15,12,Illness
ATT202504007622,STU007622,SCH002,2025-04-01,17,17,
ATT202504007623,STU007623,SCH018,2025-04-01,15,13,Unauthorised
ATT202504007624,STU007624,SCH039,2025-04-01,15,14,Medical
ATT202504007626,STU007626,SCH032,2025-04-01,18,16,Unauthorised
ATT202504007628,STU007628,SCH005,2025-04-01,15,14,Medical
ATT202504007629,STU007629,SCH029,2025-04-01,15,14,Medical
ATT202504007630,STU007630,SCH031,2025-04-01,17,15,Medical
ATT202504007631,STU007631,SCH040,2025-04-01,15,14,Unauthorised
ATT202504007632,STU007632,SCH014,2025-04-01,16,15,Unauthorised
ATT202504007633,STU007633,SCH038,2025-04-01,14,12,Unauthorised
ATT202504007634,STU007634,SCH029,2025-04-01,14,12,Illness
ATT202504007635,STU007635,SCH029,2025-04-01,16,14,Medical
ATT202504007638,STU007638,SCH008,2025-04-01,14,13,Medical
ATT202504007639,STU007639,SCH040,2025-04-01,18,16,Unauthorised
ATT202504007640,STU007640,SCH039,2025-04-01,14,14,
ATT202504007643,STU007643,SCH041,2025-04-01,16,15,Other
ATT202504007644,STU007644,SCH004,2025-04-01,15,14,Unauthorised
ATT202504007645,STU007645,SCH017,2025-04-01,18,17,Medical
ATT202504007646,STU007646,SCH025,2025-04-01,18,17,Medical
ATT202504007647,STU007647,SCH040,2025-04-01,16,15,Family
ATT202504007648,STU007648,SCH020,2025-04-01,16,15,Unauthorised
ATT202504007649,STU007649,SCH011,2025-04-01,16,15,Illness
ATT202504007650,STU007650,SCH042,2025-04-01,18,16,Other
ATT202504007651,STU007651,SCH003,2025-04-01,14,14,
ATT202504007652,STU007652,SCH014,2025-04-01,14,13,Medical
ATT202504007653,STU007653,SCH027,2025-04-01,18,17,Family
ATT202504007654,STU007654,SCH046,2025-04-01,17,16,Illness
ATT202504007655,STU007655,SCH001,2025-04-01,17,16,Illness
ATT202504007656,STU007656,SCH030,2025-04-01,15,14,Other
ATT202504007657,STU007657,SCH036,2025-04-01,14,13,Family
ATT202504007658,STU007658,SCH046,2025-04-01,16,15,Other
ATT202504007659,STU007659,SCH041,2025-04-01,14,13,Other
ATT202504007660,STU007660,SCH019,2025-04-01,17,16,Unauthorised
ATT202504007661,STU007661,SCH046,2025-04-01,17,16,Family
ATT202504007662,STU007662,SCH046,2025-04-01,17,15,Other
ATT202504007663,STU007663,SCH021,2025-04-01,18,16,Unauthorised
ATT202504007665,STU007665,SCH044,2025-04-01,15,13,Other
ATT202504007666,STU007666,SCH006,2025-04-01,17,16,Other
ATT202504007667,STU007667,SCH031,2025-04-01,15,15,
ATT202504007668,STU007668,SCH011,2025-04-01,15,14,Unauthorised
ATT202504007669,STU007669,SCH005,2025-04-01,15,14,Medical
ATT202504007670,STU007670,SCH049,2025-04-01,18,15,Illness
ATT202504007671,STU007671,SCH007,2025-04-01,18,17,Unauthorised
ATT202504007672,STU007672,SCH050,2025-04-01,14,13,Medical
ATT202504007673,STU007673,SCH010,2025-04-01,14,12,Family
ATT202504007674,STU007674,SCH050,2025-04-01,17,16,Medical
ATT202504007675,STU007675,SCH023,2025-04-01,17,15,Unauthorised
ATT202504007676,STU007676,SCH041,2025-04-01,15,14,Family
ATT202504007677,STU007677,SCH021,2025-04-01,17,15,Unauthorised
ATT202504007678,STU007678,SCH031,2025-04-01,15,14,Unauthorised
ATT202504007680,STU007680,SCH033,2025-04-01,18,16,Family
ATT202504007681,STU007681,SCH025,2025-04-01,14,13,Illness
ATT202504007682,STU007682,SCH013,2025-04-01,15,14,Unauthorised
ATT202504007683,STU007683,SCH050,2025-04-01,17,16,Illness
ATT202504007684,STU007684,SCH031,2025-04-01,15,13,Unauthorised
ATT202504007685,STU007685,SCH033,2025-04-01,18,16,Illness
ATT202504007686,STU007686,SCH034,2025-04-01,14,14,
ATT202504007687,STU007687,SCH004,2025-04-01,15,14,Medical
ATT202504007689,STU007689,SCH023,2025-04-01,14,12,Unauthorised
ATT202504007690,STU007690,SCH032,2025-04-01,18,16,Illness
ATT202504007691,STU007691,SCH012,2025-04-01,18,17,Illness
ATT202504007692,STU007692,SCH036,2025-04-01,15,14,Unauthorised
ATT202504007693,STU007693,SCH037,2025-04-01,14,12,Other
ATT202504007694,STU007694,SCH011,2025-04-01,18,18,
ATT202504007695,STU007695,SCH041,2025-04-01,15,14,Family
ATT202504007696,STU007696,SCH017,2025-04-01,14,13,Unauthorised
ATT202504007697,STU007697,SCH007,2025-04-01,15,15,
ATT202504007698,STU007698,SCH047,2025-04-01,16,15,Family
ATT202504007699,STU007699,SCH038,2025-04-01,16,16,
ATT202504007700,STU007700,SCH025,2025-04-01,14,13,Family
ATT202504007701,STU007701,SCH010,2025-04-01,14,12,Family
ATT202504007703,STU007703,SCH040,2025-04-01,15,14,Unauthorised
ATT202504007704,STU007704,SCH049,2025-04-01,18,16,Other
ATT202504007705,STU007705,SCH038,2025-04-01,17,16,Family
ATT202504007706,STU007706,SCH026,2025-04-01,14,13,Other
ATT202504007707,STU007707,SCH020,2025-04-01,14,13,Illness
ATT202504007708,STU007708,SCH004,2025-04-01,15,15,
ATT202504007709,STU007709,SCH047,2025-04-01,16,14,Medical
ATT202504007710,STU007710,SCH039,2025-04-01,16,15,Medical
ATT202504007711,STU007711,SCH023,2025-04-01,17,16,Unauthorised
ATT202504007712,STU007712,SCH050,2025-04-01,14,13,Other
ATT202504007713,STU007713,SCH045,2025-04-01,15,14,Other
ATT202504007714,STU007714,SCH016,2025-04-01,16,15,Illness
ATT202504007715,STU007715,SCH038,2025-04-01,16,13,Other
ATT202504007717,STU007717,SCH032,2025-04-01,17,16,Medical
ATT202504007718,STU007718,SCH045,2025-04-01,15,13,Illness
ATT202504007719,STU007719,SCH020,2025-04-01,16,15,Other
ATT202504007720,STU007720,SCH021,2025-04-01,17,15,Illness
ATT202504007721,STU007721,SCH015,2025-04-01,18,16,Medical
ATT202504007722,STU007722,SCH036,2025-04-01,17,15,Medical
ATT202504007723,STU007723,SCH042,2025-04-01,15,15,
ATT202504007724,STU007724,SCH050,2025-04-01,15,14,Unauthorised
ATT202504007726,STU007726,SCH046,2025-04-01,15,13,Illness
ATT202504007727,STU007727,SCH037,2025-04-01,17,16,Other
ATT202504007728,STU007728,SCH019,2025-04-01,17,16,Unauthorised
ATT202504007729,STU007729,SCH003,2025-04-01,17,14,Medical
ATT202504007730,STU007730,SCH002,2025-04-01,15,14,Family
ATT202504007731,STU007731,SCH009,2025-04-01,14,13,Medical
ATT202504007732,STU007732,SCH010,2025-04-01,15,13,Unauthorised
ATT202504007733,STU007733,SCH045,2025-04-01,17,15,Unauthorised
ATT202504007734,STU007734,SCH033,2025-04-01,14,13,Medical
ATT202504007735,STU007735,SCH011,2025-04-01,14,13,Unauthorised
ATT202504007736,STU007736,SCH015,2025-04-01,16,15,Family
ATT202504007737,STU007737,SCH028,2025-04-01,17,16,Unauthorised
ATT202504007738,STU007738,SCH043,2025-04-01,15,13,Family
ATT202504007739,STU007739,SCH012,2025-04-01,14,12,Medical
ATT202504007740,STU007740,SCH025,2025-04-01,14,12,Illness
ATT202504007741,STU007741,SCH027,2025-04-01,15,14,Family
ATT202504007742,STU007742,SCH022,2025-04-01,14,13,Unauthorised
ATT202504007743,STU007743,SCH031,2025-04-01,15,15,
ATT202504007744,STU007744,SCH008,2025-04-01,14,13,Medical
ATT202504007745,STU007745,SCH022,2025-04-01,16,14,Unauthorised
ATT202504007746,STU007746,SCH019,2025-04-01,17,16,Illness
ATT202504007747,STU007747,SCH029,2025-04-01,17,15,Illness
ATT202504007748,STU007748,SCH011,2025-04-01,15,13,Family
ATT202504007749,STU007749,SCH019,2025-04-01,14,13,Other
ATT202504007750,STU007750,SCH030,2025-04-01,17,15,Medical
ATT202504007751,STU007751,SCH029,2025-04-01,14,13,Family
ATT202504007752,STU007752,SCH046,2025-04-01,18,17,Medical
ATT202504007753,STU007753,SCH030,2025-04-01,16,16,
ATT202504007754,STU007754,SCH015,2025-04-01,17,16,Unauthorised
ATT202504007755,STU007755,SCH032,2025-04-01,18,16,Medical
ATT202504007756,STU007756,SCH046,2025-04-01,15,13,Illness
ATT202504007757,STU007757,SCH032,2025-04-01,16,15,Illness
ATT202504007758,STU007758,SCH042,2025-04-01,14,12,Family
ATT202504007759,STU007759,SCH048,2025-04-01,14,13,Family
ATT202504007760,STU007760,SCH018,2025-04-01,18,16,Medical
ATT202504007762,STU007762,SCH011,2025-04-01,17,15,Medical
ATT202504007763,STU007763,SCH023,2025-04-01,15,13,Unauthorised
ATT202504007764,STU007764,SCH003,2025-04-01,14,12,Illness
ATT202504007765,STU007765,SCH004,2025-04-01,17,14,Other
ATT202504007766,STU007766,SCH006,2025-04-01,16,15,Medical
ATT202504007767,STU007767,SCH005,2025-04-01,18,16,Family
ATT202504007768,STU007768,SCH019,2025-04-01,14,12,Medical
ATT202504007769,STU007769,SCH044,2025-04-01,14,12,Family
ATT202504007770,STU007770,SCH036,2025-04-01,16,15,Other
ATT202504007771,STU007771,SCH043,2025-04-01,18,17,Other
ATT202504007772,STU007772,SCH014,2025-04-01,16,15,Family
ATT202504007773,STU007773,SCH002,2025-04-01,14,12,Medical
ATT202504007774,STU007774,SCH016,2025-04-01,17,15,Medical
ATT202504007775,STU007775,SCH045,2025-04-01,18,16,Other
ATT202504007776,STU007776,SCH050,2025-04-01,14,12,Unauthorised
ATT202504007777,STU007777,SCH032,2025-04-01,18,16,Medical
ATT202504007778,STU007778,SCH008,2025-04-01,18,17,Other
ATT202504007779,STU007779,SCH039,2025-04-01,16,15,Illness
ATT202504007780,STU007780,SCH032,2025-04-01,14,13,Family
ATT202504007781,STU007781,SCH031,2025-04-01,17,16,Unauthorised
ATT202504007783,STU007783,SCH050,2025-04-01,14,12,Family
ATT202504007784,STU007784,SCH019,2025-04-01,16,14,Medical
ATT202504007785,STU007785,SCH014,2025-04-01,18,17,Other
ATT202504007786,STU007786,SCH003,2025-04-01,15,14,Family
ATT202504007787,STU007787,SCH011,2025-04-01,17,16,Other
ATT202504007788,STU007788,SCH035,2025-04-01,14,12,Family
ATT202504007789,STU007789,SCH027,2025-04-01,15,14,Family
ATT202504007790,STU007790,SCH010,2025-04-01,15,13,Unauthorised
ATT202504007791,STU007791,SCH038,2025-04-01,17,16,Other
ATT202504007792,STU007792,SCH003,2025-04-01,18,17,Other
ATT202504007793,STU007793,SCH002,2025-04-01,14,14,
ATT202504007794,STU007794,SCH049,2025-04-01,14,14,
ATT202504007795,STU007795,SCH009,2025-04-01,17,16,Illness
ATT202504007796,STU007796,SCH044,2025-04-01,14,13,Family
ATT202504007797,STU007797,SCH018,2025-04-01,15,14,Unauthorised
ATT202504007798,STU007798,SCH013,2025-04-01,16,15,Medical
ATT202504007799,STU007799,SCH019,2025-04-01,16,15,Other
ATT202504007800,STU007800,SCH020,2025-04-01,15,14,Other
ATT202504007801,STU007801,SCH006,2025-04-01,14,13,Unauthorised
ATT202504007802,STU007802,SCH050,2025-04-01,14,13,Illness
ATT202504007803,STU007803,SCH037,2025-04-01,15,14,Illness
ATT202504007805,STU007805,SCH011,2025-04-01,15,14,Medical
ATT202504007806,STU007806,SCH006,2025-04-01,14,13,Medical
ATT202504007807,STU007807,SCH024,2025-04-01,15,14,Unauthorised
ATT202504007808,STU007808,SCH004,2025-04-01,17,16,Unauthorised
ATT202504007809,STU007809,SCH004,2025-04-01,15,14,Unauthorised
ATT202504007810,STU007810,SCH040,2025-04-01,15,14,Unauthorised
ATT202504007811,STU007811,SCH008,2025-04-01,14,13,Family
ATT202504007812,STU007812,SCH050,2025-04-01,15,14,Family
ATT202504007813,STU007813,SCH030,2025-04-01,16,15,Illness
ATT202504007814,STU007814,SCH016,2025-04-01,14,13,Other
ATT202504007815,STU007815,SCH021,2025-04-01,17,15,Family
ATT202504007816,STU007816,SCH043,2025-04-01,17,15,Illness
ATT202504007817,STU007817,SCH030,2025-04-01,15,14,Family
ATT202504007819,STU007819,SCH017,2025-04-01,15,15,
ATT202504007820,STU007820,SCH001,2025-04-01,15,14,Family
ATT202504007821,STU007821,SCH027,2025-04-01,17,16,Illness
ATT202504007822,STU007822,SCH041,2025-04-01,14,13,Illness
ATT202504007823,STU007823,SCH011,2025-04-01,16,14,Family
ATT202504007824,STU007824,SCH025,2025-04-01,16,14,Medical
ATT202504007825,STU007825,SCH011,2025-04-01,15,14,Medical
ATT202504007826,STU007826,SCH033,2025-04-01,17,16,Unauthorised
ATT202504007827,STU007827,SCH029,2025-04-01,14,12,Unauthorised
ATT202504007828,STU007828,SCH021,2025-04-01,17,13,Unauthorised
ATT202504007829,STU007829,SCH008,2025-04-01,15,13,Unauthorised
ATT202504007830,STU007830,SCH032,2025-04-01,17,17,
ATT202504007831,STU007831,SCH035,2025-04-01,18,17,Family
ATT202504007832,STU007832,SCH008,2025-04-01,16,15,Illness
ATT202504007833,STU007833,SCH016,2025-04-01,18,16,Other
ATT202504007834,STU007834,SCH029,2025-04-01,18,17,Illness
ATT202504007835,STU007835,SCH031,2025-04-01,15,14,Unauthorised
ATT202504007837,STU007837,SCH013,2025-04-01,14,13,Other
ATT202504007838,STU007838,SCH040,2025-04-01,16,15,Unauthorised
ATT202504007839,STU007839,SCH004,2025-04-01,17,16,Other
ATT202504007840,STU007840,SCH019,2025-04-01,16,15,Unauthorised
ATT202504007841,STU007841,SCH024,2025-04-01,16,12,Illness
ATT202504007842,STU007842,SCH036,2025-04-01,14,14,
ATT202504007843,STU007843,SCH027,2025-04-01,17,16,Family
ATT202504007844,STU007844,SCH045,2025-04-01,18,16,Unauthorised
ATT202504007845,STU007845,SCH043,2025-04-01,15,14,Unauthorised
ATT202504007846,STU007846,SCH019,2025-04-01,18,16,Medical
ATT202504007847,STU007847,SCH029,2025-04-01,18,16,Illness
ATT202504007848,STU007848,SCH047,2025-04-01,16,15,Unauthorised
ATT202504007849,STU007849,SCH020,2025-04-01,17,16,Unauthorised
ATT202504007850,STU007850,SCH018,2025-04-01,16,14,Medical
ATT202504007851,STU007851,SCH045,2025-04-01,15,15,
ATT202504007853,STU007853,SCH012,2025-04-01,16,14,Illness
ATT202504007854,STU007854,SCH023,2025-04-01,18,16,Illness
ATT202504007855,STU007855,SCH010,2025-04-01,18,17,Other
ATT202504007856,STU007856,SCH044,2025-04-01,16,15,Other
ATT202504007857,STU007857,SCH024,2025-04-01,16,14,Medical
ATT202504007858,STU007858,SCH030,2025-04-01,17,16,Family
ATT202504007859,STU007859,SCH046,2025-04-01,16,14,Illness
ATT202504007860,STU007860,SCH001,2025-04-01,14,12,Unauthorised
ATT202504007861,STU007861,SCH038,2025-04-01,18,17,Unauthorised
ATT202504007862,STU007862,SCH017,2025-04-01,15,13,Medical
ATT202504007863,STU007863,SCH036,2025-04-01,15,14,Illness
ATT202504007864,STU007864,SCH008,2025-04-01,17,17,
ATT202504007865,STU007865,SCH050,2025-04-01,14,13,Illness
ATT202504007866,STU007866,SCH034,2025-04-01,14,11,Unauthorised
ATT202504007867,STU007867,SCH021,2025-04-01,17,15,Medical
ATT202504007868,STU007868,SCH029,2025-04-01,15,14,Family
ATT202504007869,STU007869,SCH034,2025-04-01,15,13,Other
ATT202504007870,STU007870,SCH013,2025-04-01,15,13,Unauthorised
ATT202504007871,STU007871,SCH044,2025-04-01,17,15,Other
ATT202504007872,STU007872,SCH036,2025-04-01,14,12,Unauthorised
ATT202504007873,STU007873,SCH044,2025-04-01,16,15,Unauthorised
ATT202504007874,STU007874,SCH035,2025-04-01,15,13,Family
ATT202504007875,STU007875,SCH032,2025-04-01,16,15,Other
ATT202504007876,STU007876,SCH005,2025-04-01,14,12,Unauthorised
ATT202504007877,STU007877,SCH002,2025-04-01,17,14,Other
ATT202504007878,STU007878,SCH012,2025-04-01,14,12,Other
ATT202504007879,STU007879,SCH028,2025-04-01,18,17,Other
ATT202504007881,STU007881,SCH014,2025-04-01,18,16,Other
ATT202504007882,STU007882,SCH005,2025-04-01,17,16,Medical
ATT202504007883,STU007883,SCH023,2025-04-01,15,13,Illness
ATT202504007884,STU007884,SCH029,2025-04-01,18,16,Illness
ATT202504007885,STU007885,SCH042,2025-04-01,18,16,Unauthorised
ATT202504007886,STU007886,SCH037,2025-04-01,15,13,Unauthorised
ATT202504007887,STU007887,SCH040,2025-04-01,17,16,Medical
ATT202504007888,STU007888,SCH038,2025-04-01,18,17,Unauthorised
ATT202504007889,STU007889,SCH035,2025-04-01,18,16,Other
ATT202504007890,STU007890,SCH032,2025-04-01,15,14,Medical
ATT202504007891,STU007891,SCH029,2025-04-01,17,16,Medical
ATT202504007892,STU007892,SCH026,2025-04-01,16,15,Family
ATT202504007893,STU007893,SCH010,2025-04-01,17,16,Illness
ATT202504007894,STU007894,SCH028,2025-04-01,16,15,Unauthorised
ATT202504007896,STU007896,SCH004,2025-04-01,16,13,Family
ATT202504007897,STU007897,SCH005,2025-04-01,17,15,Unauthorised
ATT202504007898,STU007898,SCH003,2025-04-01,16,15,Illness
ATT202504007899,STU007899,SCH002,2025-04-01,17,15,Unauthorised
ATT202504007900,STU007900,SCH011,2025-04-01,16,14,Medical
ATT202504007901,STU007901,SCH026,2025-04-01,17,15,Medical
ATT202504007902,STU007902,SCH002,2025-04-01,16,12,Family
ATT202504007903,STU007903,SCH028,2025-04-01,14,14,
ATT202504007904,STU007904,SCH046,2025-04-01,16,13,Unauthorised
ATT202504007905,STU007905,SCH023,2025-04-01,15,14,Other
ATT202504007906,STU007906,SCH009,2025-04-01,16,15,Family
ATT202504007907,STU007907,SCH024,2025-04-01,16,16,
ATT202504007908,STU007908,SCH029,2025-04-01,17,16,Family
ATT202504007909,STU007909,SCH017,2025-04-01,16,13,Unauthorised
ATT202504007910,STU007910,SCH039,2025-04-01,18,15,Medical
ATT202504007911,STU007911,SCH026,2025-04-01,16,16,
ATT202504007912,STU007912,SCH024,2025-04-01,17,14,Unauthorised
ATT202504007913,STU007913,SCH019,2025-04-01,15,14,Illness
ATT202504007914,STU007914,SCH034,2025-04-01,14,12,Medical
ATT202504007916,STU007916,SCH028,2025-04-01,14,13,Family
ATT202504007917,STU007917,SCH014,2025-04-01,14,13,Other
ATT202504007918,STU007918,SCH035,2025-04-01,14,13,Family
ATT202504007919,STU007919,SCH028,2025-04-01,15,14,Unauthorised
ATT202504007920,STU007920,SCH050,2025-04-01,16,14,Family
ATT202504007923,STU007923,SCH025,2025-04-01,17,15,Unauthorised
ATT202504007924,STU007924,SCH029,2025-04-01,17,15,Family
ATT202504007925,STU007925,SCH033,2025-04-01,17,15,Unauthorised
ATT202504007926,STU007926,SCH016,2025-04-01,18,17,Unauthorised
ATT202504007927,STU007927,SCH001,2025-04-01,18,16,Unauthorised
ATT202504007928,STU007928,SCH015,2025-04-01,18,16,Other
ATT202504007930,STU007930,SCH009,2025-04-01,14,12,Family
ATT202504007931,STU007931,SCH008,2025-04-01,14,12,Medical
ATT202504007932,STU007932,SCH036,2025-04-01,15,14,Family
ATT202504007933,STU007933,SCH006,2025-04-01,18,15,Illness
ATT202504007934,STU007934,SCH002,2025-04-01,16,13,Medical
ATT202504007935,STU007935,SCH040,2025-04-01,15,14,Unauthorised
ATT202504007936,STU007936,SCH008,2025-04-01,15,14,Medical
ATT202504007937,STU007937,SCH024,2025-04-01,16,15,Unauthorised
ATT202504007938,STU007938,SCH009,2025-04-01,15,14,Medical
ATT202504007939,STU007939,SCH006,2025-04-01,14,13,Family
ATT202504007940,STU007940,SCH006,2025-04-01,18,18,
ATT202504007941,STU007941,SCH041,2025-04-01,18,18,
ATT202504007942,STU007942,SCH048,2025-04-01,15,14,Other
ATT202504007943,STU007943,SCH048,2025-04-01,14,13,Other
ATT202504007945,STU007945,SCH047,2025-04-01,17,16,Unauthorised
ATT202504007946,STU007946,SCH019,2025-04-01,17,16,Other
ATT202504007947,STU007947,SCH019,2025-04-01,17,15,Unauthorised
ATT202504007948,STU007948,SCH015,2025-04-01,14,14,
ATT202504007949,STU007949,SCH005,2025-04-01,14,13,Medical
ATT202504007950,STU007950,SCH020,2025-04-01,16,14,Medical
ATT202504007951,STU007951,SCH043,2025-04-01,14,13,Illness
ATT202504007952,STU007952,SCH019,2025-04-01,15,14,Family
ATT202504007953,STU007953,SCH046,2025-04-01,15,13,Medical
ATT202504007954,STU007954,SCH009,2025-04-01,17,16,Medical
ATT202504007955,STU007955,SCH020,2025-04-01,18,17,Medical
ATT202504007956,STU007956,SCH025,2025-04-01,18,16,Medical
ATT202504007957,STU007957,SCH047,2025-04-01,15,14,Illness
ATT202504007958,STU007958,SCH016,2025-04-01,14,13,Other
ATT202504007959,STU007959,SCH032,2025-04-01,18,16,Illness
ATT202504007960,STU007960,SCH005,2025-04-01,17,16,Illness
ATT202504007961,STU007961,SCH019,2025-04-01,14,13,Illness
ATT202504007962,STU007962,SCH047,2025-04-01,16,15,Unauthorised
ATT202504007963,STU007963,SCH050,2025-04-01,15,13,Medical
ATT202504007964,STU007964,SCH046,2025-04-01,15,14,Family
ATT202504007966,STU007966,SCH040,2025-04-01,16,15,Medical
ATT202504007967,STU007967,SCH001,2025-04-01,16,14,Medical
ATT202504007969,STU007969,SCH015,2025-04-01,14,13,Unauthorised
ATT202504007970,STU007970,SCH020,2025-04-01,18,17,Unauthorised
ATT202504007971,STU007971,SCH011,2025-04-01,16,16,
ATT202504007972,STU007972,SCH041,2025-04-01,16,16,
ATT202504007973,STU007973,SCH044,2025-04-01,16,14,Medical
ATT202504007974,STU007974,SCH006,2025-04-01,14,14,
ATT202504007975,STU007975,SCH009,2025-04-01,18,17,Other
ATT202504007976,STU007976,SCH033,2025-04-01,16,16,
ATT202504007977,STU007977,SCH018,2025-04-01,17,15,Other
ATT202504007979,STU007979,SCH021,2025-04-01,17,15,Family
ATT202504007980,STU007980,SCH013,2025-04-01,17,15,Medical
ATT202504007981,STU007981,SCH039,2025-04-01,18,16,Unauthorised
ATT202504007982,STU007982,SCH045,2025-04-01,14,13,Medical
ATT202504007983,STU007983,SCH021,2025-04-01,14,13,Family
ATT202504007984,STU007984,SCH019,2025-04-01,14,14,
ATT202504007985,STU007985,SCH009,2025-04-01,17,15,Unauthorised
ATT202504007986,STU007986,SCH014,2025-04-01,17,16,Unauthorised
ATT202504007987,STU007987,SCH023,2025-04-01,14,13,Unauthorised
ATT202504007988,STU007988,SCH050,2025-04-01,15,14,Unauthorised
ATT202504007989,STU007989,SCH023,2025-04-01,15,14,Illness
ATT202504007990,STU007990,SCH032,2025-04-01,16,14,Medical
ATT202504007991,STU007991,SCH040,2025-04-01,17,15,Other
ATT202504007992,STU007992,SCH007,2025-04-01,15,14,Other
ATT202504007993,STU007993,SCH003,2025-04-01,17,16,Illness
ATT202504007994,STU007994,SCH039,2025-04-01,17,16,Medical
ATT202504007995,STU007995,SCH013,2025-04-01,15,15,
ATT202504007996,STU007996,SCH045,2025-04-01,17,15,Medical
ATT202504007997,STU007997,SCH042,2025-04-01,16,14,Medical
ATT202504007998,STU007998,SCH031,2025-04-01,18,17,Unauthorised
ATT202504007999,STU007999,SCH037,2025-04-01,15,14,Illness
ATT202504008000,STU008000,SCH040,2025-04-01,15,15,
ATT202504008001,STU008001,SCH019,2025-04-01,18,16,Medical
ATT202504008002,STU008002,SCH020,2025-04-01,15,13,Other
ATT202504008003,STU008003,SCH040,2025-04-01,15,14,Family
ATT202504008004,STU008004,SCH050,2025-04-01,16,15,Family
ATT202504008005,STU008005,SCH001,2025-04-01,14,12,Other
ATT202504008006,STU008006,SCH036,2025-04-01,14,13,Other
ATT202504008007,STU008007,SCH033,2025-04-01,16,15,Family
ATT202504008008,STU008008,SCH008,2025-04-01,14,12,Illness
ATT202504008009,STU008009,SCH005,2025-04-01,17,16,Unauthorised
ATT202504008010,STU008010,SCH046,2025-04-01,14,13,Medical
ATT202504008011,STU008011,SCH035,2025-04-01,18,17,Illness
ATT202504008012,STU008012,SCH041,2025-04-01,14,13,Family
ATT202504008013,STU008013,SCH012,2025-04-01,17,16,Family
ATT202504008014,STU008014,SCH035,2025-04-01,14,13,Family
ATT202504008015,STU008015,SCH013,2025-04-01,14,13,Other
ATT202504008016,STU008016,SCH030,2025-04-01,15,15,
ATT202504008017,STU008017,SCH030,2025-04-01,17,16,Medical
ATT202504008018,STU008018,SCH023,2025-04-01,17,15,Family
ATT202504008019,STU008019,SCH032,2025-04-01,16,14,Other
ATT202504008020,STU008020,SCH030,2025-04-01,14,13,Unauthorised
ATT202504008021,STU008021,SCH021,2025-04-01,17,15,Family
ATT202504008022,STU008022,SCH028,2025-04-01,16,15,Family
ATT202504008023,STU008023,SCH001,2025-04-01,16,14,Medical
ATT202504008024,STU008024,SCH045,2025-04-01,18,16,Illness
ATT202504008025,STU008025,SCH044,2025-04-01,14,14,
ATT202504008026,STU008026,SCH033,2025-04-01,14,13,Medical
ATT202504008027,STU008027,SCH035,2025-04-01,17,15,Other
ATT202504008028,STU008028,SCH015,2025-04-01,15,14,Unauthorised
ATT202504008029,STU008029,SCH045,2025-04-01,16,15,Other
ATT202504008030,STU008030,SCH023,2025-04-01,16,14,Family
ATT202504008031,STU008031,SCH008,2025-04-01,18,17,Medical
ATT202504008032,STU008032,SCH015,2025-04-01,18,17,Family
ATT202504008033,STU008033,SCH020,2025-04-01,17,16,Other
ATT202504008034,STU008034,SCH018,2025-04-01,14,13,Family
ATT202504008035,STU008035,SCH008,2025-04-01,15,14,Unauthorised
ATT202504008036,STU008036,SCH021,2025-04-01,14,12,Medical
ATT202504008037,STU008037,SCH020,2025-04-01,17,16,Unauthorised
ATT202504008038,STU008038,SCH033,2025-04-01,17,17,
ATT202504008040,STU008040,SCH027,2025-04-01,15,13,Medical
ATT202504008042,STU008042,SCH033,2025-04-01,14,14,
ATT202504008043,STU008043,SCH043,2025-04-01,15,14,Family
ATT202504008045,STU008045,SCH027,2025-04-01,17,15,Unauthorised
ATT202504008046,STU008046,SCH015,2025-04-01,17,15,Other
ATT202504008047,STU008047,SCH020,2025-04-01,17,16,Family
ATT202504008048,STU008048,SCH010,2025-04-01,14,12,Unauthorised
ATT202504008049,STU008049,SCH022,2025-04-01,18,15,Other
ATT202504008050,STU008050,SCH006,2025-04-01,15,13,Other
ATT202504008051,STU008051,SCH016,2025-04-01,15,14,Medical
ATT202504008052,STU008052,SCH016,2025-04-01,18,17,Family
ATT202504008053,STU008053,SCH028,2025-04-01,16,15,Family
ATT202504008054,STU008054,SCH008,2025-04-01,14,12,Family
ATT202504008055,STU008055,SCH023,2025-04-01,18,15,Medical
ATT202504008056,STU008056,SCH016,2025-04-01,15,15,
ATT202504008057,STU008057,SCH040,2025-04-01,17,15,Unauthorised
ATT202504008058,STU008058,SCH030,2025-04-01,14,13,Medical
ATT202504008059,STU008059,SCH009,2025-04-01,17,15,Other
ATT202504008060,STU008060,SCH050,2025-04-01,17,15,Illness
ATT202504008061,STU008061,SCH035,2025-04-01,16,14,Family
ATT202504008062,STU008062,SCH007,2025-04-01,15,14,Family
ATT202504008063,STU008063,SCH041,2025-04-01,17,16,Medical
ATT202504008064,STU008064,SCH044,2025-04-01,17,15,Unauthorised
ATT202504008065,STU008065,SCH029,2025-04-01,15,13,Other
ATT202504008066,STU008066,SCH008,2025-04-01,16,15,Illness
ATT202504008067,STU008067,SCH031,2025-04-01,15,13,Illness
ATT202504008068,STU008068,SCH012,2025-04-01,18,16,Other
ATT202504008069,STU008069,SCH011,2025-04-01,17,16,Unauthorised
ATT202504008070,STU008070,SCH016,2025-04-01,14,13,Other
ATT202504008072,STU008072,SCH022,2025-04-01,17,15,Family
ATT202504008073,STU008073,SCH011,2025-04-01,16,14,Illness
ATT202504008074,STU008074,SCH047,2025-04-01,16,16,
ATT202504008075,STU008075,SCH004,2025-04-01,18,16,Other
ATT202504008076,STU008076,SCH034,2025-04-01,17,16,Medical
ATT202504008077,STU008077,SCH011,2025-04-01,17,16,Other
ATT202504008079,STU008079,SCH012,2025-04-01,18,17,Medical
ATT202504008081,STU008081,SCH043,2025-04-01,15,14,Illness
ATT202504008082,STU008082,SCH048,2025-04-01,17,16,Medical
ATT202504008083,STU008083,SCH020,2025-04-01,17,16,Unauthorised
ATT202504008084,STU008084,SCH041,2025-04-01,14,13,Other
ATT202504008086,STU008086,SCH037,2025-04-01,18,17,Illness
ATT202504008087,STU008087,SCH010,2025-04-01,18,16,Illness
ATT202504008089,STU008089,SCH008,2025-04-01,17,16,Family
ATT202504008090,STU008090,SCH016,2025-04-01,18,17,Illness
ATT202504008091,STU008091,SCH046,2025-04-01,15,14,Unauthorised
ATT202504008092,STU008092,SCH037,2025-04-01,17,15,Other
ATT202504008093,STU008093,SCH047,2025-04-01,17,16,Unauthorised
ATT202504008094,STU008094,SCH029,2025-04-01,17,16,Medical
ATT202504008095,STU008095,SCH050,2025-04-01,17,16,Illness
ATT202504008096,STU008096,SCH029,2025-04-01,18,16,Other
ATT202504008097,STU008097,SCH021,2025-04-01,15,15,
ATT202504008098,STU008098,SCH046,2025-04-01,17,16,Unauthorised
ATT202504008099,STU008099,SCH044,2025-04-01,17,15,Family
ATT202504008100,STU008100,SCH033,2025-04-01,14,12,Medical
ATT202504008101,STU008101,SCH035,2025-04-01,17,15,Unauthorised
ATT202504008102,STU008102,SCH046,2025-04-01,14,13,Medical
ATT202504008103,STU008103,SCH005,2025-04-01,15,15,
ATT202504008105,STU008105,SCH016,2025-04-01,14,13,Family
ATT202504008106,STU008106,SCH003,2025-04-01,18,17,Unauthorised
ATT202504008107,STU008107,SCH050,2025-04-01,17,16,Illness
ATT202504008108,STU008108,SCH044,2025-04-01,17,16,Medical
ATT202504008109,STU008109,SCH004,2025-04-01,14,13,Illness
ATT202504008110,STU008110,SCH045,2025-04-01,17,14,Illness
ATT202504008111,STU008111,SCH008,2025-04-01,15,14,Unauthorised
ATT202504008112,STU008112,SCH010,2025-04-01,14,13,Medical
ATT202504008113,STU008113,SCH035,2025-04-01,18,16,Illness
ATT202504008114,STU008114,SCH007,2025-04-01,17,17,
ATT202504008115,STU008115,SCH027,2025-04-01,15,13,Other
ATT202504008116,STU008116,SCH004,2025-04-01,14,13,Other
ATT202504008117,STU008117,SCH012,2025-04-01,16,14,Medical
ATT202504008118,STU008118,SCH032,2025-04-01,15,14,Other
ATT202504008119,STU008119,SCH045,2025-04-01,15,13,Other
ATT202504008120,STU008120,SCH019,2025-04-01,18,17,Family
ATT202504008121,STU008121,SCH042,2025-04-01,15,15,
ATT202504008122,STU008122,SCH006,2025-04-01,17,16,Unauthorised
ATT202504008123,STU008123,SCH025,2025-04-01,14,13,Illness
ATT202504008124,STU008124,SCH028,2025-04-01,17,16,Family
ATT202504008125,STU008125,SCH039,2025-04-01,17,16,Other
ATT202504008126,STU008126,SCH018,2025-04-01,15,13,Other
ATT202504008127,STU008127,SCH034,2025-04-01,18,15,Family
ATT202504008128,STU008128,SCH021,2025-04-01,17,15,Illness
ATT202504008129,STU008129,SCH040,2025-04-01,15,14,Family
ATT202504008130,STU008130,SCH009,2025-04-01,16,15,Medical
ATT202504008131,STU008131,SCH050,2025-04-01,17,15,Unauthorised
ATT202504008132,STU008132,SCH009,2025-04-01,15,13,Illness
ATT202504008133,STU008133,SCH022,2025-04-01,14,12,Other
ATT202504008134,STU008134,SCH005,2025-04-01,16,16,
ATT202504008135,STU008135,SCH022,2025-04-01,18,16,Unauthorised
ATT202504008136,STU008136,SCH033,2025-04-01,18,16,Medical
ATT202504008137,STU008137,SCH008,2025-04-01,14,14,
ATT202504008138,STU008138,SCH034,2025-04-01,14,12,Medical
ATT202504008139,STU008139,SCH043,2025-04-01,18,15,Family
ATT202504008140,STU008140,SCH037,2025-04-01,17,17,
ATT202504008141,STU008141,SCH035,2025-04-01,17,15,Unauthorised
ATT202504008142,STU008142,SCH010,2025-04-01,15,14,Illness
ATT202504008143,STU008143,SCH013,2025-04-01,16,15,Other
ATT202504008144,STU008144,SCH045,2025-04-01,17,16,Illness
ATT202504008146,STU008146,SCH041,2025-04-01,18,17,Illness
ATT202504008147,STU008147,SCH008,2025-04-01,16,16,
ATT202504008148,STU008148,SCH013,2025-04-01,16,14,Unauthorised
ATT202504008149,STU008149,SCH035,2025-04-01,14,11,Unauthorised
ATT202504008150,STU008150,SCH030,2025-04-01,14,14,
ATT202504008151,STU008151,SCH010,2025-04-01,14,14,
ATT202504008152,STU008152,SCH025,2025-04-01,14,13,Illness
ATT202504008153,STU008153,SCH043,2025-04-01,14,13,Other
ATT202504008154,STU008154,SCH018,2025-04-01,18,16,Medical
ATT202504008155,STU008155,SCH007,2025-04-01,18,17,Family
ATT202504008156,STU008156,SCH024,2025-04-01,18,15,Unauthorised
ATT202504008157,STU008157,SCH006,2025-04-01,18,16,Unauthorised
ATT202504008158,STU008158,SCH006,2025-04-01,18,17,Illness
ATT202504008159,STU008159,SCH036,2025-04-01,14,14,
ATT202504008161,STU008161,SCH017,2025-04-01,18,15,Illness
ATT202504008162,STU008162,SCH040,2025-04-01,18,17,Family
ATT202504008163,STU008163,SCH028,2025-04-01,15,15,
ATT202504008164,STU008164,SCH016,2025-04-01,16,16,
ATT202504008165,STU008165,SCH040,2025-04-01,18,16,Other
ATT202504008166,STU008166,SCH045,2025-04-01,17,15,Family
ATT202504008169,STU008169,SCH015,2025-04-01,17,16,Family
ATT202504008170,STU008170,SCH023,2025-04-01,16,15,Illness
ATT202504008171,STU008171,SCH029,2025-04-01,18,17,Medical
ATT202504008172,STU008172,SCH004,2025-04-01,15,13,Family
ATT202504008173,STU008173,SCH032,2025-04-01,16,15,Medical
ATT202504008174,STU008174,SCH021,2025-04-01,18,17,Other
ATT202504008175,STU008175,SCH031,2025-04-01,16,15,Other
ATT202504008176,STU008176,SCH025,2025-04-01,14,13,Illness
ATT202504008177,STU008177,SCH024,2025-04-01,17,15,Illness
ATT202504008178,STU008178,SCH029,2025-04-01,14,13,Family
ATT202504008179,STU008179,SCH050,2025-04-01,18,16,Unauthorised
ATT202504008181,STU008181,SCH041,2025-04-01,17,16,Other
ATT202504008182,STU008182,SCH029,2025-04-01,15,13,Unauthorised
ATT202504008183,STU008183,SCH023,2025-04-01,18,17,Illness
ATT202504008184,STU008184,SCH043,2025-04-01,18,16,Medical
ATT202504008185,STU008185,SCH029,2025-04-01,14,13,Medical
ATT202504008186,STU008186,SCH020,2025-04-01,17,16,Unauthorised
ATT202504008187,STU008187,SCH031,2025-04-01,15,13,Family
ATT202504008188,STU008188,SCH010,2025-04-01,16,15,Unauthorised
ATT202504008189,STU008189,SCH007,2025-04-01,17,15,Medical
ATT202504008190,STU008190,SCH026,2025-04-01,14,13,Other
ATT202504008192,STU008192,SCH006,2025-04-01,14,13,Other
ATT202504008193,STU008193,SCH003,2025-04-01,17,16,Unauthorised
ATT202504008194,STU008194,SCH048,2025-04-01,14,13,Other
ATT202504008195,STU008195,SCH026,2025-04-01,15,15,
ATT202504008196,STU008196,SCH021,2025-04-01,16,14,Family
ATT202504008197,STU008197,SCH037,2025-04-01,17,16,Family
ATT202504008198,STU008198,SCH043,2025-04-01,18,17,Medical
ATT202504008199,STU008199,SCH028,2025-04-01,14,13,Unauthorised
ATT202504008200,STU008200,SCH041,2025-04-01,15,14,Illness
ATT202504008201,STU008201,SCH049,2025-04-01,16,13,Family
ATT202504008204,STU008204,SCH024,2025-04-01,15,12,Medical
ATT202504008205,STU008205,SCH031,2025-04-01,16,14,Illness
ATT202504008206,STU008206,SCH048,2025-04-01,17,16,Unauthorised
ATT202504008207,STU008207,SCH033,2025-04-01,16,15,Unauthorised
ATT202504008208,STU008208,SCH007,2025-04-01,17,17,
ATT202504008209,STU008209,SCH036,2025-04-01,17,15,Illness
ATT202504008210,STU008210,SCH032,2025-04-01,14,13,Other
ATT202504008211,STU008211,SCH026,2025-04-01,17,16,Medical
ATT202504008212,STU008212,SCH048,2025-04-01,18,17,Other
ATT202504008213,STU008213,SCH006,2025-04-01,17,16,Illness
ATT202504008214,STU008214,SCH024,2025-04-01,17,14,Illness
ATT202504008215,STU008215,SCH037,2025-04-01,16,14,Unauthorised
ATT202504008216,STU008216,SCH045,2025-04-01,16,15,Unauthorised
ATT202504008217,STU008217,SCH018,2025-04-01,14,12,Unauthorised
ATT202504008218,STU008218,SCH036,2025-04-01,15,14,Family
ATT202504008219,STU008219,SCH040,2025-04-01,18,17,Medical
ATT202504008220,STU008220,SCH036,2025-04-01,16,14,Other
ATT202504008221,STU008221,SCH043,2025-04-01,14,12,Illness
ATT202504008222,STU008222,SCH026,2025-04-01,16,15,Illness
ATT202504008223,STU008223,SCH025,2025-04-01,14,13,Family
ATT202504008224,STU008224,SCH014,2025-04-01,15,14,Medical
ATT202504008225,STU008225,SCH032,2025-04-01,15,13,Medical
ATT202504008226,STU008226,SCH044,2025-04-01,14,13,Family
ATT202504008227,STU008227,SCH018,2025-04-01,14,13,Medical
ATT202504008228,STU008228,SCH018,2025-04-01,18,16,Family
ATT202504008230,STU008230,SCH039,2025-04-01,15,14,Medical
ATT202504008231,STU008231,SCH027,2025-04-01,14,12,Unauthorised
ATT202504008232,STU008232,SCH023,2025-04-01,17,15,Family
ATT202504008233,STU008233,SCH032,2025-04-01,18,16,Medical
ATT202504008234,STU008234,SCH027,2025-04-01,16,14,Illness
ATT202504008235,STU008235,SCH032,2025-04-01,14,13,Medical
ATT202504008237,STU008237,SCH031,2025-04-01,14,13,Unauthorised
ATT202504008238,STU008238,SCH014,2025-04-01,15,13,Other
ATT202504008239,STU008239,SCH045,2025-04-01,14,14,
ATT202504008240,STU008240,SCH003,2025-04-01,15,14,Illness
ATT202504008241,STU008241,SCH008,2025-04-01,15,14,Unauthorised
ATT202504008242,STU008242,SCH011,2025-04-01,17,16,Unauthorised
ATT202504008243,STU008243,SCH017,2025-04-01,16,14,Family
ATT202504008244,STU008244,SCH024,2025-04-01,14,12,Unauthorised
ATT202504008245,STU008245,SCH027,2025-04-01,16,14,Unauthorised
ATT202504008246,STU008246,SCH008,2025-04-01,16,14,Illness
ATT202504008247,STU008247,SCH028,2025-04-01,18,18,
ATT202504008248,STU008248,SCH010,2025-04-01,17,17,
ATT202504008249,STU008249,SCH008,2025-04-01,16,14,Unauthorised
ATT202504008250,STU008250,SCH013,2025-04-01,15,14,Family
ATT202504008251,STU008251,SCH046,2025-04-01,17,17,
ATT202504008252,STU008252,SCH049,2025-04-01,16,15,Illness
ATT202504008253,STU008253,SCH009,2025-04-01,14,13,Illness
ATT202504008254,STU008254,SCH024,2025-04-01,16,15,Other
ATT202504008255,STU008255,SCH044,2025-04-01,16,13,Illness
ATT202504008256,STU008256,SCH032,2025-04-01,14,12,Unauthorised
ATT202504008257,STU008257,SCH017,2025-04-01,16,15,Illness
ATT202504008258,STU008258,SCH031,2025-04-01,18,17,Unauthorised
ATT202504008259,STU008259,SCH026,2025-04-01,16,14,Illness
ATT202504008261,STU008261,SCH044,2025-04-01,14,12,Family
ATT202504008262,STU008262,SCH010,2025-04-01,15,14,Family
ATT202504008263,STU008263,SCH022,2025-04-01,18,16,Medical
ATT202504008265,STU008265,SCH020,2025-04-01,16,14,Other
ATT202504008266,STU008266,SCH017,2025-04-01,14,13,Illness
ATT202504008268,STU008268,SCH012,2025-04-01,15,13,Other
ATT202504008270,STU008270,SCH018,2025-04-01,18,16,Medical
ATT202504008271,STU008271,SCH023,2025-04-01,16,14,Unauthorised
ATT202504008272,STU008272,SCH017,2025-04-01,18,17,Other
ATT202504008273,STU008273,SCH027,2025-04-01,18,15,Illness
ATT202504008274,STU008274,SCH008,2025-04-01,14,12,Illness
ATT202504008275,STU008275,SCH009,2025-04-01,17,14,Illness
ATT202504008276,STU008276,SCH021,2025-04-01,14,12,Medical
ATT202504008279,STU008279,SCH007,2025-04-01,18,15,Other
ATT202504008280,STU008280,SCH014,2025-04-01,17,15,Other
ATT202504008281,STU008281,SCH010,2025-04-01,17,15,Other
ATT202504008282,STU008282,SCH040,2025-04-01,16,15,Medical
ATT202504008283,STU008283,SCH017,2025-04-01,16,14,Medical
ATT202504008284,STU008284,SCH039,2025-04-01,14,14,
ATT202504008285,STU008285,SCH037,2025-04-01,18,16,Family
ATT202504008287,STU008287,SCH003,2025-04-01,15,14,Medical
ATT202504008288,STU008288,SCH016,2025-04-01,14,13,Other
ATT202504008289,STU008289,SCH049,2025-04-01,14,13,Medical
ATT202504008290,STU008290,SCH023,2025-04-01,18,17,Other
ATT202504008291,STU008291,SCH037,2025-04-01,15,14,Illness
ATT202504008292,STU008292,SCH002,2025-04-01,16,15,Unauthorised
ATT202504008293,STU008293,SCH010,2025-04-01,17,16,Illness
ATT202504008294,STU008294,SCH032,2025-04-01,17,15,Medical
ATT202504008295,STU008295,SCH050,2025-04-01,15,14,Family
ATT202504008296,STU008296,SCH013,2025-04-01,14,13,Illness
ATT202504008297,STU008297,SCH009,2025-04-01,16,14,Unauthorised
ATT202504008298,STU008298,SCH021,2025-04-01,16,15,Unauthorised
ATT202504008299,STU008299,SCH002,2025-04-01,15,13,Family
ATT202504008300,STU008300,SCH047,2025-04-01,16,15,Other
ATT202504008301,STU008301,SCH013,2025-04-01,16,14,Illness
ATT202504008303,STU008303,SCH035,2025-04-01,18,17,Unauthorised
ATT202504008304,STU008304,SCH018,2025-04-01,18,18,
ATT202504008306,STU008306,SCH048,2025-04-01,14,12,Other
ATT202504008307,STU008307,SCH046,2025-04-01,17,15,Unauthorised
ATT202504008308,STU008308,SCH017,2025-04-01,18,14,Illness
ATT202504008309,STU008309,SCH034,2025-04-01,16,12,Other
ATT202504008310,STU008310,SCH038,2025-04-01,16,14,Unauthorised
ATT202504008311,STU008311,SCH046,2025-04-01,17,15,Other
ATT202504008312,STU008312,SCH025,2025-04-01,17,15,Illness
ATT202504008313,STU008313,SCH022,2025-04-01,16,14,Family
ATT202504008314,STU008314,SCH010,2025-04-01,15,13,Unauthorised
ATT202504008315,STU008315,SCH005,2025-04-01,17,16,Medical
ATT202504008316,STU008316,SCH034,2025-04-01,16,15,Medical
ATT202504008318,STU008318,SCH004,2025-04-01,15,13,Unauthorised
ATT202504008319,STU008319,SCH028,2025-04-01,16,15,Medical
ATT202504008320,STU008320,SCH021,2025-04-01,17,15,Family
ATT202504008321,STU008321,SCH050,2025-04-01,16,15,Other
ATT202504008322,STU008322,SCH009,2025-04-01,16,15,Unauthorised
ATT202504008323,STU008323,SCH008,2025-04-01,14,13,Unauthorised
ATT202504008325,STU008325,SCH047,2025-04-01,16,15,Illness
ATT202504008327,STU008327,SCH048,2025-04-01,17,15,Medical
ATT202504008328,STU008328,SCH050,2025-04-01,16,15,Other
ATT202504008329,STU008329,SCH001,2025-04-01,14,13,Unauthorised
ATT202504008330,STU008330,SCH009,2025-04-01,14,12,Unauthorised
ATT202504008331,STU008331,SCH038,2025-04-01,17,16,Medical
ATT202504008332,STU008332,SCH026,2025-04-01,15,13,Family
ATT202504008333,STU008333,SCH048,2025-04-01,15,14,Medical
ATT202504008334,STU008334,SCH008,2025-04-01,14,13,Other
ATT202504008338,STU008338,SCH012,2025-04-01,17,16,Medical
ATT202504008339,STU008339,SCH042,2025-04-01,15,13,Family
ATT202504008340,STU008340,SCH007,2025-04-01,18,17,Unauthorised
ATT202504008341,STU008341,SCH049,2025-04-01,14,12,Illness
ATT202504008342,STU008342,SCH009,2025-04-01,17,15,Illness
ATT202504008343,STU008343,SCH014,2025-04-01,14,13,Other
ATT202504008344,STU008344,SCH020,2025-04-01,18,17,Illness
ATT202504008345,STU008345,SCH001,2025-04-01,18,16,Family
ATT202504008347,STU008347,SCH017,2025-04-01,15,14,Family
ATT202504008348,STU008348,SCH024,2025-04-01,18,16,Other
ATT202504008349,STU008349,SCH023,2025-04-01,17,15,Medical
ATT202504008350,STU008350,SCH003,2025-04-01,18,16,Other
ATT202504008351,STU008351,SCH010,2025-04-01,17,15,Illness
ATT202504008352,STU008352,SCH012,2025-04-01,18,16,Other
ATT202504008354,STU008354,SCH017,2025-04-01,16,15,Family
ATT202504008355,STU008355,SCH023,2025-04-01,17,15,Medical
ATT202504008356,STU008356,SCH019,2025-04-01,18,17,Unauthorised
ATT202504008357,STU008357,SCH039,2025-04-01,15,15,
ATT202504008358,STU008358,SCH022,2025-04-01,16,15,Illness
ATT202504008359,STU008359,SCH017,2025-04-01,17,13,Family
ATT202504008360,STU008360,SCH008,2025-04-01,17,16,Other
ATT202504008361,STU008361,SCH003,2025-04-01,14,13,Illness
ATT202504008362,STU008362,SCH043,2025-04-01,17,14,Family
ATT202504008363,STU008363,SCH041,2025-04-01,15,14,Other
ATT202504008364,STU008364,SCH038,2025-04-01,16,14,Illness
ATT202504008365,STU008365,SCH031,2025-04-01,16,13,Medical
ATT202504008366,STU008366,SCH003,2025-04-01,16,15,Other
ATT202504008367,STU008367,SCH044,2025-04-01,15,14,Unauthorised
ATT202504008368,STU008368,SCH029,2025-04-01,18,16,Other
ATT202504008370,STU008370,SCH033,2025-04-01,14,14,
ATT202504008371,STU008371,SCH019,2025-04-01,17,16,Unauthorised
ATT202504008373,STU008373,SCH039,2025-04-01,17,15,Other
ATT202504008374,STU008374,SCH032,2025-04-01,14,13,Other
ATT202504008375,STU008375,SCH050,2025-04-01,15,13,Unauthorised
ATT202504008377,STU008377,SCH045,2025-04-01,18,16,Medical
ATT202504008378,STU008378,SCH029,2025-04-01,14,12,Family
ATT202504008380,STU008380,SCH008,2025-04-01,14,13,Medical
ATT202504008381,STU008381,SCH004,2025-04-01,17,16,Unauthorised
ATT202504008383,STU008383,SCH020,2025-04-01,14,14,
ATT202504008384,STU008384,SCH009,2025-04-01,15,13,Other
ATT202504008385,STU008385,SCH003,2025-04-01,15,13,Illness
ATT202504008386,STU008386,SCH027,2025-04-01,14,12,Medical
ATT202504008387,STU008387,SCH001,2025-04-01,15,13,Family
ATT202504008388,STU008388,SCH013,2025-04-01,17,16,Medical
ATT202504008389,STU008389,SCH040,2025-04-01,18,17,Illness
ATT202504008390,STU008390,SCH023,2025-04-01,18,16,Medical
ATT202504008391,STU008391,SCH022,2025-04-01,17,15,Unauthorised
ATT202504008392,STU008392,SCH033,2025-04-01,18,17,Illness
ATT202504008393,STU008393,SCH011,2025-04-01,15,14,Unauthorised
ATT202504008394,STU008394,SCH011,2025-04-01,17,17,
ATT202504008395,STU008395,SCH027,2025-04-01,16,15,Illness
ATT202504008396,STU008396,SCH015,2025-04-01,18,17,Unauthorised
ATT202504008397,STU008397,SCH024,2025-04-01,17,16,Family
ATT202504008398,STU008398,SCH018,2025-04-01,17,16,Family
ATT202504008399,STU008399,SCH025,2025-04-01,17,16,Medical
ATT202504008400,STU008400,SCH021,2025-04-01,17,15,Other
ATT202504008401,STU008401,SCH049,2025-04-01,14,13,Unauthorised
ATT202504008402,STU008402,SCH036,2025-04-01,17,17,
ATT202504008403,STU008403,SCH006,2025-04-01,18,17,Unauthorised
ATT202504008404,STU008404,SCH024,2025-04-01,18,16,Family
ATT202504008405,STU008405,SCH047,2025-04-01,15,15,
ATT202504008406,STU008406,SCH018,2025-04-01,14,12,Unauthorised
ATT202504008407,STU008407,SCH030,2025-04-01,15,14,Medical
ATT202504008408,STU008408,SCH015,2025-04-01,15,13,Illness
ATT202504008409,STU008409,SCH038,2025-04-01,17,16,Illness
ATT202504008410,STU008410,SCH046,2025-04-01,14,13,Illness
ATT202504008411,STU008411,SCH028,2025-04-01,17,16,Medical
ATT202504008413,STU008413,SCH046,2025-04-01,17,16,Illness
ATT202504008414,STU008414,SCH010,2025-04-01,15,13,Family
ATT202504008415,STU008415,SCH008,2025-04-01,18,17,Medical
ATT202504008417,STU008417,SCH004,2025-04-01,14,12,Unauthorised
ATT202504008418,STU008418,SCH032,2025-04-01,16,14,Unauthorised
ATT202504008419,STU008419,SCH041,2025-04-01,17,16,Family
ATT202504008420,STU008420,SCH036,2025-04-01,16,15,Other
ATT202504008422,STU008422,SCH044,2025-04-01,18,16,Illness
ATT202504008423,STU008423,SCH046,2025-04-01,15,14,Illness
ATT202504008424,STU008424,SCH043,2025-04-01,15,14,Illness
ATT202504008427,STU008427,SCH043,2025-04-01,16,13,Family
ATT202504008428,STU008428,SCH030,2025-04-01,14,13,Illness
ATT202504008429,STU008429,SCH031,2025-04-01,14,12,Unauthorised
ATT202504008430,STU008430,SCH032,2025-04-01,15,14,Illness
ATT202504008431,STU008431,SCH001,2025-04-01,17,15,Family
ATT202504008432,STU008432,SCH018,2025-04-01,18,18,
ATT202504008433,STU008433,SCH050,2025-04-01,17,15,Unauthorised
ATT202504008434,STU008434,SCH045,2025-04-01,15,14,Illness
ATT202504008435,STU008435,SCH014,2025-04-01,17,16,Unauthorised
ATT202504008437,STU008437,SCH011,2025-04-01,17,15,Family
ATT202504008438,STU008438,SCH034,2025-04-01,15,12,Unauthorised
ATT202504008439,STU008439,SCH033,2025-04-01,14,13,Unauthorised
ATT202504008440,STU008440,SCH005,2025-04-01,15,13,Other
ATT202504008441,STU008441,SCH011,2025-04-01,16,14,Medical
ATT202504008442,STU008442,SCH007,2025-04-01,18,16,Other
ATT202504008443,STU008443,SCH022,2025-04-01,16,14,Family
ATT202504008444,STU008444,SCH046,2025-04-01,15,14,Illness
ATT202504008446,STU008446,SCH047,2025-04-01,15,14,Medical
ATT202504008447,STU008447,SCH014,2025-04-01,17,14,Family
ATT202504008448,STU008448,SCH018,2025-04-01,18,16,Unauthorised
ATT202504008449,STU008449,SCH021,2025-04-01,14,12,Medical
ATT202504008450,STU008450,SCH010,2025-04-01,18,14,Unauthorised
ATT202504008451,STU008451,SCH002,2025-04-01,14,13,Illness
ATT202504008452,STU008452,SCH026,2025-04-01,15,13,Family
ATT202504008453,STU008453,SCH026,2025-04-01,16,14,Family
ATT202504008454,STU008454,SCH013,2025-04-01,18,16,Medical
ATT202504008455,STU008455,SCH006,2025-04-01,16,15,Medical
ATT202504008456,STU008456,SCH003,2025-04-01,18,16,Other
ATT202504008457,STU008457,SCH039,2025-04-01,18,16,Medical
ATT202504008458,STU008458,SCH044,2025-04-01,18,17,Family
ATT202504008459,STU008459,SCH011,2025-04-01,18,17,Other
ATT202504008460,STU008460,SCH040,2025-04-01,18,16,Family
ATT202504008461,STU008461,SCH030,2025-04-01,15,13,Family
ATT202504008462,STU008462,SCH031,2025-04-01,15,13,Unauthorised
ATT202504008463,STU008463,SCH050,2025-04-01,16,15,Unauthorised
ATT202504008465,STU008465,SCH029,2025-04-01,14,13,Family
ATT202504008466,STU008466,SCH023,2025-04-01,14,13,Medical
ATT202504008467,STU008467,SCH011,2025-04-01,16,14,Medical
ATT202504008468,STU008468,SCH006,2025-04-01,15,13,Other
ATT202504008469,STU008469,SCH021,2025-04-01,18,16,Unauthorised
ATT202504008470,STU008470,SCH031,2025-04-01,17,16,Illness
ATT202504008471,STU008471,SCH040,2025-04-01,14,13,Other
ATT202504008472,STU008472,SCH001,2025-04-01,15,13,Unauthorised
ATT202504008473,STU008473,SCH007,2025-04-01,16,16,
ATT202504008474,STU008474,SCH045,2025-04-01,14,12,Medical
ATT202504008475,STU008475,SCH018,2025-04-01,18,17,Family
ATT202504008476,STU008476,SCH006,2025-04-01,14,13,Family
ATT202504008477,STU008477,SCH013,2025-04-01,18,17,Medical
ATT202504008478,STU008478,SCH040,2025-04-01,17,16,Family
ATT202504008480,STU008480,SCH017,2025-04-01,18,17,Illness
ATT202504008481,STU008481,SCH017,2025-04-01,15,13,Other
ATT202504008483,STU008483,SCH019,2025-04-01,18,17,Illness
ATT202504008484,STU008484,SCH044,2025-04-01,15,14,Family
ATT202504008485,STU008485,SCH009,2025-04-01,16,15,Illness
ATT202504008486,STU008486,SCH011,2025-04-01,15,14,Other
ATT202504008487,STU008487,SCH006,2025-04-01,17,17,
ATT202504008488,STU008488,SCH048,2025-04-01,18,16,Other
ATT202504008490,STU008490,SCH045,2025-04-01,16,15,Family
ATT202504008491,STU008491,SCH016,2025-04-01,16,15,Unauthorised
ATT202504008492,STU008492,SCH008,2025-04-01,17,16,Family
ATT202504008493,STU008493,SCH046,2025-04-01,17,15,Medical
ATT202504008495,STU008495,SCH006,2025-04-01,16,16,
ATT202504008497,STU008497,SCH003,2025-04-01,17,16,Illness
ATT202504008498,STU008498,SCH029,2025-04-01,14,12,Other
ATT202504008499,STU008499,SCH002,2025-04-01,14,10,Medical
ATT202504008500,STU008500,SCH048,2025-04-01,17,16,Other
ATT202504008501,STU008501,SCH036,2025-04-01,18,18,
ATT202504008502,STU008502,SCH021,2025-04-01,16,14,Family
ATT202504008504,STU008504,SCH003,2025-04-01,18,17,Other
ATT202504008505,STU008505,SCH012,2025-04-01,18,16,Illness
ATT202504008506,STU008506,SCH021,2025-04-01,14,13,Medical
ATT202504008507,STU008507,SCH026,2025-04-01,18,16,Other
ATT202504008508,STU008508,SCH028,2025-04-01,17,16,Medical
ATT202504008509,STU008509,SCH049,2025-04-01,18,14,Medical
ATT202504008510,STU008510,SCH032,2025-04-01,16,14,Illness
ATT202504008511,STU008511,SCH032,2025-04-01,17,16,Unauthorised
ATT202504008512,STU008512,SCH035,2025-04-01,18,16,Illness
ATT202504008513,STU008513,SCH023,2025-04-01,16,14,Family
ATT202504008514,STU008514,SCH033,2025-04-01,14,13,Unauthorised
ATT202504008515,STU008515,SCH016,2025-04-01,17,15,Unauthorised
ATT202504008516,STU008516,SCH008,2025-04-01,14,13,Other
ATT202504008517,STU008517,SCH014,2025-04-01,18,17,Other
ATT202504008518,STU008518,SCH011,2025-04-01,16,14,Unauthorised
ATT202504008519,STU008519,SCH022,2025-04-01,16,14,Illness
ATT202504008520,STU008520,SCH026,2025-04-01,17,16,Medical
ATT202504008521,STU008521,SCH017,2025-04-01,15,14,Unauthorised
ATT202504008522,STU008522,SCH005,2025-04-01,14,13,Family
ATT202504008524,STU008524,SCH031,2025-04-01,14,12,Other
ATT202504008525,STU008525,SCH039,2025-04-01,18,17,Family
ATT202504008526,STU008526,SCH041,2025-04-01,14,14,
ATT202504008528,STU008528,SCH031,2025-04-01,18,17,Family
ATT202504008529,STU008529,SCH010,2025-04-01,16,14,Illness
ATT202504008530,STU008530,SCH040,2025-04-01,14,13,Unauthorised
ATT202504008531,STU008531,SCH030,2025-04-01,18,18,
ATT202504008532,STU008532,SCH012,2025-04-01,14,13,Other
ATT202504008533,STU008533,SCH015,2025-04-01,16,15,Other
ATT202504008535,STU008535,SCH044,2025-04-01,16,15,Unauthorised
ATT202504008536,STU008536,SCH023,2025-04-01,17,15,Other
ATT202504008537,STU008537,SCH040,2025-04-01,16,14,Illness
ATT202504008539,STU008539,SCH049,2025-04-01,15,13,Medical
ATT202504008540,STU008540,SCH042,2025-04-01,14,11,Family
ATT202504008541,STU008541,SCH048,2025-04-01,16,13,Unauthorised
ATT202504008542,STU008542,SCH044,2025-04-01,15,13,Medical
ATT202504008543,STU008543,SCH005,2025-04-01,15,14,Medical
ATT202504008544,STU008544,SCH047,2025-04-01,16,15,Unauthorised
ATT202504008545,STU008545,SCH035,2025-04-01,18,17,Other
ATT202504008546,STU008546,SCH012,2025-04-01,16,15,Illness
ATT202504008547,STU008547,SCH001,2025-04-01,18,17,Unauthorised
ATT202504008548,STU008548,SCH041,2025-04-01,14,13,Family
ATT202504008549,STU008549,SCH009,2025-04-01,17,16,Unauthorised
ATT202504008551,STU008551,SCH039,2025-04-01,16,14,Illness
ATT202504008552,STU008552,SCH010,2025-04-01,15,14,Other
ATT202504008553,STU008553,SCH017,2025-04-01,15,13,Family
ATT202504008554,STU008554,SCH043,2025-04-01,15,14,Unauthorised
ATT202504008555,STU008555,SCH027,2025-04-01,14,13,Family
ATT202504008556,STU008556,SCH045,2025-04-01,16,15,Illness
ATT202504008557,STU008557,SCH034,2025-04-01,15,14,Family
ATT202504008558,STU008558,SCH018,2025-04-01,16,15,Other
ATT202504008559,STU008559,SCH011,2025-04-01,15,14,Illness
ATT202504008560,STU008560,SCH017,2025-04-01,18,17,Medical
ATT202504008561,STU008561,SCH001,2025-04-01,16,13,Unauthorised
ATT202504008562,STU008562,SCH025,2025-04-01,14,13,Other
ATT202504008563,STU008563,SCH040,2025-04-01,16,14,Illness
ATT202504008564,STU008564,SCH026,2025-04-01,18,17,Illness
ATT202504008565,STU008565,SCH039,2025-04-01,18,17,Illness
ATT202504008566,STU008566,SCH019,2025-04-01,14,12,Other
ATT202504008568,STU008568,SCH022,2025-04-01,14,11,Family
ATT202504008569,STU008569,SCH028,2025-04-01,15,14,Family
ATT202504008570,STU008570,SCH030,2025-04-01,17,15,Other
ATT202504008571,STU008571,SCH016,2025-04-01,15,15,
ATT202504008572,STU008572,SCH006,2025-04-01,14,14,
ATT202504008573,STU008573,SCH005,2025-04-01,14,13,Illness
ATT202504008574,STU008574,SCH046,2025-04-01,17,16,Unauthorised
ATT202504008575,STU008575,SCH018,2025-04-01,17,16,Family
ATT202504008576,STU008576,SCH010,2025-04-01,15,13,Medical
ATT202504008577,STU008577,SCH034,2025-04-01,16,14,Unauthorised
ATT202504008578,STU008578,SCH008,2025-04-01,16,15,Medical
ATT202504008579,STU008579,SCH031,2025-04-01,15,13,Medical
ATT202504008580,STU008580,SCH043,2025-04-01,17,16,Illness
ATT202504008581,STU008581,SCH008,2025-04-01,14,13,Other
ATT202504008582,STU008582,SCH035,2025-04-01,16,14,Unauthorised
ATT202504008583,STU008583,SCH032,2025-04-01,18,17,Medical
ATT202504008584,STU008584,SCH015,2025-04-01,17,15,Family
ATT202504008585,STU008585,SCH006,2025-04-01,15,14,Other
ATT202504008586,STU008586,SCH010,2025-04-01,14,13,Other
ATT202504008587,STU008587,SCH044,2025-04-01,18,16,Family
ATT202504008588,STU008588,SCH031,2025-04-01,15,14,Medical
ATT202504008589,STU008589,SCH011,2025-04-01,14,13,Medical
ATT202504008590,STU008590,SCH050,2025-04-01,15,13,Other
ATT202504008591,STU008591,SCH037,2025-04-01,14,13,Medical
ATT202504008593,STU008593,SCH050,2025-04-01,15,13,Unauthorised
ATT202504008594,STU008594,SCH034,2025-04-01,16,14,Unauthorised
ATT202504008595,STU008595,SCH021,2025-04-01,14,12,Other
ATT202504008596,STU008596,SCH010,2025-04-01,17,16,Unauthorised
ATT202504008597,STU008597,SCH028,2025-04-01,17,16,Unauthorised
ATT202504008598,STU008598,SCH030,2025-04-01,16,15,Other
ATT202504008599,STU008599,SCH036,2025-04-01,14,13,Family
ATT202504008600,STU008600,SCH041,2025-04-01,17,16,Unauthorised
ATT202504008602,STU008602,SCH033,2025-04-01,16,14,Illness
ATT202504008603,STU008603,SCH030,2025-04-01,17,16,Unauthorised
ATT202504008604,STU008604,SCH025,2025-04-01,18,15,Medical
ATT202504008605,STU008605,SCH029,2025-04-01,15,13,Unauthorised
ATT202504008606,STU008606,SCH031,2025-04-01,15,14,Illness
ATT202504008607,STU008607,SCH018,2025-04-01,17,15,Other
ATT202504008608,STU008608,SCH012,2025-04-01,16,15,Family
ATT202504008609,STU008609,SCH028,2025-04-01,17,16,Illness
ATT202504008610,STU008610,SCH024,2025-04-01,16,15,Medical
ATT202504008611,STU008611,SCH008,2025-04-01,18,16,Medical
ATT202504008612,STU008612,SCH030,2025-04-01,15,14,Family
ATT202504008613,STU008613,SCH046,2025-04-01,17,15,Medical
ATT202504008614,STU008614,SCH016,2025-04-01,18,16,Unauthorised
ATT202504008615,STU008615,SCH050,2025-04-01,14,13,Unauthorised
ATT202504008616,STU008616,SCH047,2025-04-01,15,14,Family
ATT202504008617,STU008617,SCH010,2025-04-01,16,15,Other
ATT202504008618,STU008618,SCH032,2025-04-01,16,14,Family
ATT202504008619,STU008619,SCH021,2025-04-01,15,14,Unauthorised
ATT202504008620,STU008620,SCH018,2025-04-01,14,13,Illness
ATT202504008621,STU008621,SCH034,2025-04-01,14,13,Family
ATT202504008622,STU008622,SCH001,2025-04-01,18,16,Family
ATT202504008623,STU008623,SCH008,2025-04-01,17,16,Family
ATT202504008624,STU008624,SCH048,2025-04-01,15,13,Family
ATT202504008625,STU008625,SCH043,2025-04-01,17,17,
ATT202504008626,STU008626,SCH045,2025-04-01,17,16,Other
ATT202504008627,STU008627,SCH049,2025-04-01,17,14,Family
ATT202504008628,STU008628,SCH042,2025-04-01,14,13,Other
ATT202504008630,STU008630,SCH001,2025-04-01,17,15,Medical
ATT202504008631,STU008631,SCH035,2025-04-01,14,13,Medical
ATT202504008632,STU008632,SCH001,2025-04-01,14,12,Illness
ATT202504008633,STU008633,SCH048,2025-04-01,14,13,Illness
ATT202504008634,STU008634,SCH020,2025-04-01,18,17,Family
ATT202504008636,STU008636,SCH024,2025-04-01,17,16,Illness
ATT202504008637,STU008637,SCH047,2025-04-01,14,12,Unauthorised
ATT202504008638,STU008638,SCH007,2025-04-01,17,15,Other
ATT202504008640,STU008640,SCH032,2025-04-01,14,13,Medical
ATT202504008641,STU008641,SCH048,2025-04-01,18,16,Family
ATT202504008642,STU008642,SCH033,2025-04-01,17,15,Medical
ATT202504008643,STU008643,SCH012,2025-04-01,16,14,Other
ATT202504008645,STU008645,SCH037,2025-04-01,14,13,Illness
ATT202504008647,STU008647,SCH037,2025-04-01,18,17,Family
ATT202504008649,STU008649,SCH016,2025-04-01,18,16,Family
ATT202504008650,STU008650,SCH016,2025-04-01,17,16,Family
ATT202504008651,STU008651,SCH039,2025-04-01,14,13,Other
ATT202504008652,STU008652,SCH021,2025-04-01,16,14,Medical
ATT202504008653,STU008653,SCH014,2025-04-01,17,16,Other
ATT202504008654,STU008654,SCH021,2025-04-01,18,17,Other
ATT202504008655,STU008655,SCH024,2025-04-01,17,13,Medical
ATT202504008656,STU008656,SCH005,2025-04-01,18,17,Medical
ATT202504008657,STU008657,SCH046,2025-04-01,16,15,Medical
ATT202504008658,STU008658,SCH021,2025-04-01,17,16,Other
ATT202504008659,STU008659,SCH046,2025-04-01,14,12,Unauthorised
ATT202504008660,STU008660,SCH037,2025-04-01,16,14,Illness
ATT202504008661,STU008661,SCH031,2025-04-01,18,16,Medical
ATT202504008662,STU008662,SCH037,2025-04-01,18,16,Family
ATT202504008663,STU008663,SCH037,2025-04-01,18,16,Medical
ATT202504008664,STU008664,SCH032,2025-04-01,14,13,Unauthorised
ATT202504008665,STU008665,SCH049,2025-04-01,18,14,Family
ATT202504008666,STU008666,SCH011,2025-04-01,17,16,Illness
ATT202504008667,STU008667,SCH002,2025-04-01,16,15,Medical
ATT202504008668,STU008668,SCH034,2025-04-01,17,14,Other
ATT202504008669,STU008669,SCH015,2025-04-01,14,14,
ATT202504008670,STU008670,SCH037,2025-04-01,14,13,Unauthorised
ATT202504008671,STU008671,SCH043,2025-04-01,15,13,Family
ATT202504008672,STU008672,SCH047,2025-04-01,16,16,
ATT202504008673,STU008673,SCH036,2025-04-01,17,15,Family
ATT202504008674,STU008674,SCH021,2025-04-01,16,15,Family
ATT202504008675,STU008675,SCH008,2025-04-01,16,15,Medical
ATT202504008676,STU008676,SCH027,2025-04-01,18,16,Unauthorised
ATT202504008677,STU008677,SCH024,2025-04-01,18,16,Unauthorised
ATT202504008678,STU008678,SCH046,2025-04-01,15,13,Other
ATT202504008680,STU008680,SCH022,2025-04-01,18,16,Unauthorised
ATT202504008681,STU008681,SCH041,2025-04-01,16,14,Family
ATT202504008682,STU008682,SCH037,2025-04-01,16,15,Other
ATT202504008683,STU008683,SCH010,2025-04-01,16,15,Family
ATT202504008684,STU008684,SCH034,2025-04-01,15,13,Family
ATT202504008685,STU008685,SCH037,2025-04-01,15,14,Other
ATT202504008686,STU008686,SCH035,2025-04-01,14,11,Other
ATT202504008687,STU008687,SCH010,2025-04-01,14,12,Medical
ATT202504008688,STU008688,SCH018,2025-04-01,15,14,Illness
ATT202504008689,STU008689,SCH012,2025-04-01,18,17,Other
ATT202504008690,STU008690,SCH030,2025-04-01,14,13,Other
ATT202504008691,STU008691,SCH008,2025-04-01,16,15,Family
ATT202504008692,STU008692,SCH003,2025-04-01,15,15,
ATT202504008694,STU008694,SCH030,2025-04-01,18,16,Medical
ATT202504008695,STU008695,SCH006,2025-04-01,18,15,Unauthorised
ATT202504008696,STU008696,SCH023,2025-04-01,15,14,Family
ATT202504008697,STU008697,SCH020,2025-04-01,14,13,Unauthorised
ATT202504008699,STU008699,SCH005,2025-04-01,18,16,Other
ATT202504008700,STU008700,SCH022,2025-04-01,18,16,Medical
ATT202504008702,STU008702,SCH021,2025-04-01,17,14,Illness
ATT202504008703,STU008703,SCH046,2025-04-01,17,15,Medical
ATT202504008704,STU008704,SCH014,2025-04-01,17,16,Unauthorised
ATT202504008705,STU008705,SCH035,2025-04-01,16,14,Medical
ATT202504008706,STU008706,SCH007,2025-04-01,16,15,Family
ATT202504008707,STU008707,SCH046,2025-04-01,17,15,Unauthorised
ATT202504008708,STU008708,SCH044,2025-04-01,14,12,Family
ATT202504008709,STU008709,SCH012,2025-04-01,17,16,Medical
ATT202504008711,STU008711,SCH014,2025-04-01,14,13,Illness
ATT202504008712,STU008712,SCH015,2025-04-01,15,14,Unauthorised
ATT202504008713,STU008713,SCH009,2025-04-01,17,15,Illness
ATT202504008714,STU008714,SCH032,2025-04-01,16,14,Family
ATT202504008715,STU008715,SCH014,2025-04-01,18,17,Family
ATT202504008716,STU008716,SCH012,2025-04-01,18,17,Other
ATT202504008717,STU008717,SCH004,2025-04-01,16,14,Family
ATT202504008718,STU008718,SCH043,2025-04-01,17,16,Illness
ATT202504008719,STU008719,SCH021,2025-04-01,15,12,Illness
ATT202504008720,STU008720,SCH024,2025-04-01,14,12,Other
ATT202504008722,STU008722,SCH016,2025-04-01,15,14,Unauthorised
ATT202504008723,STU008723,SCH018,2025-04-01,15,14,Medical
ATT202504008724,STU008724,SCH003,2025-04-01,15,14,Other
ATT202504008725,STU008725,SCH017,2025-04-01,14,13,Family
ATT202504008726,STU008726,SCH009,2025-04-01,17,16,Other
ATT202504008728,STU008728,SCH019,2025-04-01,17,15,Other
ATT202504008729,STU008729,SCH005,2025-04-01,18,17,Medical
ATT202504008730,STU008730,SCH028,2025-04-01,15,15,
ATT202504008731,STU008731,SCH016,2025-04-01,16,15,Illness
ATT202504008732,STU008732,SCH012,2025-04-01,14,13,Unauthorised
ATT202504008733,STU008733,SCH044,2025-04-01,17,16,Other
ATT202504008734,STU008734,SCH040,2025-04-01,15,14,Illness
ATT202504008735,STU008735,SCH032,2025-04-01,18,16,Other
ATT202504008737,STU008737,SCH038,2025-04-01,16,15,Illness
ATT202504008738,STU008738,SCH031,2025-04-01,14,13,Unauthorised
ATT202504008739,STU008739,SCH009,2025-04-01,16,14,Unauthorised
ATT202504008740,STU008740,SCH010,2025-04-01,15,14,Family
ATT202504008741,STU008741,SCH033,2025-04-01,15,14,Medical
ATT202504008742,STU008742,SCH049,2025-04-01,15,13,Medical
ATT202504008743,STU008743,SCH008,2025-04-01,17,15,Unauthorised
ATT202504008744,STU008744,SCH023,2025-04-01,17,15,Illness
ATT202504008745,STU008745,SCH021,2025-04-01,14,13,Other
ATT202504008746,STU008746,SCH029,2025-04-01,14,12,Illness
ATT202504008747,STU008747,SCH009,2025-04-01,15,14,Other
ATT202504008748,STU008748,SCH005,2025-04-01,15,14,Unauthorised
ATT202504008749,STU008749,SCH031,2025-04-01,18,17,Unauthorised
ATT202504008750,STU008750,SCH031,2025-04-01,16,15,Medical
ATT202504008751,STU008751,SCH027,2025-04-01,17,16,Other
ATT202504008752,STU008752,SCH037,2025-04-01,16,14,Family
ATT202504008753,STU008753,SCH013,2025-04-01,15,14,Unauthorised
ATT202504008754,STU008754,SCH016,2025-04-01,16,15,Unauthorised
ATT202504008755,STU008755,SCH049,2025-04-01,18,18,
ATT202504008756,STU008756,SCH019,2025-04-01,18,16,Unauthorised
ATT202504008757,STU008757,SCH030,2025-04-01,15,14,Unauthorised
ATT202504008758,STU008758,SCH016,2025-04-01,17,16,Other
ATT202504008759,STU008759,SCH010,2025-04-01,14,13,Unauthorised
ATT202504008760,STU008760,SCH044,2025-04-01,17,15,Other
ATT202504008761,STU008761,SCH032,2025-04-01,15,14,Family
ATT202504008762,STU008762,SCH044,2025-04-01,14,13,Other
ATT202504008763,STU008763,SCH013,2025-04-01,17,15,Medical
ATT202504008764,STU008764,SCH021,2025-04-01,14,12,Unauthorised
ATT202504008765,STU008765,SCH002,2025-04-01,17,14,Illness
ATT202504008766,STU008766,SCH034,2025-04-01,15,13,Unauthorised
ATT202504008767,STU008767,SCH019,2025-04-01,14,13,Other
ATT202504008768,STU008768,SCH002,2025-04-01,17,14,Family
ATT202504008769,STU008769,SCH004,2025-04-01,15,14,Family
ATT202504008770,STU008770,SCH043,2025-04-01,18,15,Other
ATT202504008771,STU008771,SCH029,2025-04-01,16,13,Other
ATT202504008772,STU008772,SCH004,2025-04-01,16,15,Medical
ATT202504008773,STU008773,SCH028,2025-04-01,15,14,Family
ATT202504008774,STU008774,SCH044,2025-04-01,18,16,Unauthorised
ATT202504008775,STU008775,SCH026,2025-04-01,16,16,
ATT202504008776,STU008776,SCH006,2025-04-01,17,16,Family
ATT202504008777,STU008777,SCH020,2025-04-01,16,15,Family
ATT202504008780,STU008780,SCH030,2025-04-01,14,13,Medical
ATT202504008781,STU008781,SCH028,2025-04-01,17,15,Other
ATT202504008783,STU008783,SCH021,2025-04-01,17,15,Family
ATT202504008784,STU008784,SCH005,2025-04-01,15,14,Family
ATT202504008786,STU008786,SCH039,2025-04-01,16,15,Medical
ATT202504008787,STU008787,SCH043,2025-04-01,16,14,Other
ATT202504008788,STU008788,SCH031,2025-04-01,17,15,Family
ATT202504008789,STU008789,SCH036,2025-04-01,15,14,Unauthorised
ATT202504008790,STU008790,SCH019,2025-04-01,18,16,Unauthorised
ATT202504008791,STU008791,SCH013,2025-04-01,17,15,Illness
ATT202504008792,STU008792,SCH010,2025-04-01,17,16,Medical
ATT202504008793,STU008793,SCH010,2025-04-01,18,18,
ATT202504008794,STU008794,SCH011,2025-04-01,18,16,Unauthorised
ATT202504008795,STU008795,SCH043,2025-04-01,18,15,Illness
ATT202504008796,STU008796,SCH037,2025-04-01,14,13,Family
ATT202504008797,STU008797,SCH048,2025-04-01,14,12,Medical
ATT202504008798,STU008798,SCH028,2025-04-01,14,13,Medical
ATT202504008799,STU008799,SCH027,2025-04-01,18,16,Unauthorised
ATT202504008800,STU008800,SCH010,2025-04-01,18,17,Other
ATT202504008801,STU008801,SCH021,2025-04-01,18,15,Medical
ATT202504008804,STU008804,SCH005,2025-04-01,14,13,Family
ATT202504008805,STU008805,SCH048,2025-04-01,18,16,Other
ATT202504008806,STU008806,SCH021,2025-04-01,15,13,Illness
ATT202504008807,STU008807,SCH009,2025-04-01,18,16,Medical
ATT202504008808,STU008808,SCH045,2025-04-01,14,13,Medical
ATT202504008809,STU008809,SCH034,2025-04-01,18,16,Other
ATT202504008810,STU008810,SCH031,2025-04-01,18,17,Medical
ATT202504008811,STU008811,SCH029,2025-04-01,16,13,Unauthorised
ATT202504008812,STU008812,SCH029,2025-04-01,14,13,Illness
ATT202504008813,STU008813,SCH028,2025-04-01,18,17,Family
ATT202504008814,STU008814,SCH003,2025-04-01,16,15,Family
ATT202504008815,STU008815,SCH046,2025-04-01,17,16,Family
ATT202504008816,STU008816,SCH048,2025-04-01,17,16,Medical
ATT202504008817,STU008817,SCH031,2025-04-01,18,16,Illness
ATT202504008818,STU008818,SCH043,2025-04-01,15,14,Other
ATT202504008819,STU008819,SCH042,2025-04-01,14,13,Unauthorised
ATT202504008820,STU008820,SCH032,2025-04-01,15,14,Illness
ATT202504008821,STU008821,SCH023,2025-04-01,16,15,Illness
ATT202504008822,STU008822,SCH025,2025-04-01,15,14,Family
ATT202504008824,STU008824,SCH034,2025-04-01,16,13,Illness
ATT202504008825,STU008825,SCH045,2025-04-01,17,15,Unauthorised
ATT202504008826,STU008826,SCH021,2025-04-01,17,15,Other
ATT202504008827,STU008827,SCH044,2025-04-01,18,16,Illness
ATT202504008829,STU008829,SCH017,2025-04-01,17,15,Other
ATT202504008830,STU008830,SCH021,2025-04-01,15,13,Unauthorised
ATT202504008831,STU008831,SCH044,2025-04-01,16,14,Medical
ATT202504008832,STU008832,SCH047,2025-04-01,14,13,Family
ATT202504008833,STU008833,SCH022,2025-04-01,17,15,Family
ATT202504008834,STU008834,SCH006,2025-04-01,15,14,Unauthorised
ATT202504008835,STU008835,SCH016,2025-04-01,16,15,Other
ATT202504008836,STU008836,SCH002,2025-04-01,15,13,Unauthorised
ATT202504008837,STU008837,SCH037,2025-04-01,17,15,Medical
ATT202504008838,STU008838,SCH021,2025-04-01,18,16,Family
ATT202504008839,STU008839,SCH032,2025-04-01,18,16,Medical
ATT202504008840,STU008840,SCH025,2025-04-01,15,14,Unauthorised
ATT202504008842,STU008842,SCH031,2025-04-01,14,11,Illness
ATT202504008843,STU008843,SCH031,2025-04-01,17,14,Illness
ATT202504008844,STU008844,SCH050,2025-04-01,17,16,Family
ATT202504008845,STU008845,SCH014,2025-04-01,16,15,Other
ATT202504008846,STU008846,SCH031,2025-04-01,15,13,Illness
ATT202504008847,STU008847,SCH047,2025-04-01,18,16,Other
ATT202504008848,STU008848,SCH027,2025-04-01,14,12,Medical
ATT202504008849,STU008849,SCH009,2025-04-01,16,15,Illness
ATT202504008850,STU008850,SCH028,2025-04-01,14,13,Medical
ATT202504008851,STU008851,SCH046,2025-04-01,16,15,Other
ATT202504008852,STU008852,SCH015,2025-04-01,16,15,Other
ATT202504008853,STU008853,SCH027,2025-04-01,15,14,Other
ATT202504008854,STU008854,SCH041,2025-04-01,14,12,Family
ATT202504008855,STU008855,SCH011,2025-04-01,14,13,Illness
ATT202504008856,STU008856,SCH027,2025-04-01,18,16,Other
ATT202504008857,STU008857,SCH023,2025-04-01,14,13,Unauthorised
ATT202504008858,STU008858,SCH020,2025-04-01,14,13,Unauthorised
ATT202504008859,STU008859,SCH025,2025-04-01,18,18,
ATT202504008861,STU008861,SCH045,2025-04-01,18,16,Other
ATT202504008862,STU008862,SCH026,2025-04-01,17,17,
ATT202504008863,STU008863,SCH014,2025-04-01,17,16,Illness
ATT202504008864,STU008864,SCH048,2025-04-01,14,12,Medical
ATT202504008866,STU008866,SCH011,2025-04-01,17,16,Illness
ATT202504008867,STU008867,SCH026,2025-04-01,18,16,Illness
ATT202504008868,STU008868,SCH042,2025-04-01,18,16,Family
ATT202504008869,STU008869,SCH004,2025-04-01,18,17,Medical
ATT202504008870,STU008870,SCH012,2025-04-01,15,13,Other
ATT202504008871,STU008871,SCH021,2025-04-01,15,13,Unauthorised
ATT202504008873,STU008873,SCH044,2025-04-01,14,13,Illness
ATT202504008874,STU008874,SCH009,2025-04-01,14,12,Family
ATT202504008875,STU008875,SCH023,2025-04-01,14,12,Other
ATT202504008876,STU008876,SCH003,2025-04-01,16,15,Medical
ATT202504008877,STU008877,SCH014,2025-04-01,15,14,Medical
ATT202504008878,STU008878,SCH034,2025-04-01,18,15,Medical
ATT202504008879,STU008879,SCH046,2025-04-01,17,16,Unauthorised
ATT202504008880,STU008880,SCH016,2025-04-01,16,15,Illness
ATT202504008881,STU008881,SCH017,2025-04-01,16,14,Family
ATT202504008882,STU008882,SCH010,2025-04-01,18,15,Illness
ATT202504008883,STU008883,SCH014,2025-04-01,17,16,Medical
ATT202504008885,STU008885,SCH015,2025-04-01,14,12,Unauthorised
ATT202504008886,STU008886,SCH009,2025-04-01,14,12,Illness
ATT202504008887,STU008887,SCH033,2025-04-01,16,15,Illness
ATT202504008889,STU008889,SCH002,2025-04-01,14,13,Medical
ATT202504008892,STU008892,SCH043,2025-04-01,14,13,Illness
ATT202504008893,STU008893,SCH012,2025-04-01,15,13,Unauthorised
ATT202504008894,STU008894,SCH019,2025-04-01,15,13,Other
ATT202504008895,STU008895,SCH033,2025-04-01,17,14,Other
ATT202504008896,STU008896,SCH010,2025-04-01,16,15,Unauthorised
ATT202504008897,STU008897,SCH049,2025-04-01,16,15,Unauthorised
ATT202504008898,STU008898,SCH032,2025-04-01,16,15,Illness
ATT202504008899,STU008899,SCH032,2025-04-01,18,16,Medical
ATT202504008900,STU008900,SCH012,2025-04-01,18,16,Illness
ATT202504008901,STU008901,SCH048,2025-04-01,14,14,
ATT202504008902,STU008902,SCH030,2025-04-01,16,15,Other
ATT202504008903,STU008903,SCH019,2025-04-01,17,16,Family
ATT202504008904,STU008904,SCH016,2025-04-01,15,14,Family
ATT202504008905,STU008905,SCH010,2025-04-01,18,17,Illness
ATT202504008907,STU008907,SCH036,2025-04-01,16,14,Unauthorised
ATT202504008908,STU008908,SCH036,2025-04-01,15,14,Other
ATT202504008910,STU008910,SCH006,2025-04-01,16,15,Illness
ATT202504008911,STU008911,SCH044,2025-04-01,18,17,Family
ATT202504008912,STU008912,SCH013,2025-04-01,18,16,Other
ATT202504008914,STU008914,SCH022,2025-04-01,17,15,Medical
ATT202504008915,STU008915,SCH008,2025-04-01,17,15,Illness
ATT202504008916,STU008916,SCH040,2025-04-01,14,13,Medical
ATT202504008917,STU008917,SCH015,2025-04-01,14,13,Medical
ATT202504008918,STU008918,SCH049,2025-04-01,17,17,
ATT202504008919,STU008919,SCH030,2025-04-01,18,17,Medical
ATT202504008920,STU008920,SCH017,2025-04-01,18,18,
ATT202504008921,STU008921,SCH028,2025-04-01,17,15,Other
ATT202504008922,STU008922,SCH031,2025-04-01,14,11,Other
ATT202504008923,STU008923,SCH026,2025-04-01,15,14,Medical
ATT202504008924,STU008924,SCH013,2025-04-01,14,12,Illness
ATT202504008925,STU008925,SCH035,2025-04-01,18,16,Family
ATT202504008927,STU008927,SCH035,2025-04-01,15,15,
ATT202504008929,STU008929,SCH014,2025-04-01,17,15,Family
ATT202504008930,STU008930,SCH041,2025-04-01,15,14,Illness
ATT202504008932,STU008932,SCH037,2025-04-01,14,13,Other
ATT202504008933,STU008933,SCH008,2025-04-01,14,14,
ATT202504008934,STU008934,SCH023,2025-04-01,17,15,Other
ATT202504008936,STU008936,SCH049,2025-04-01,17,15,Medical
ATT202504008938,STU008938,SCH021,2025-04-01,18,17,Illness
ATT202504008939,STU008939,SCH038,2025-04-01,16,14,Illness
ATT202504008940,STU008940,SCH049,2025-04-01,14,12,Family
ATT202504008941,STU008941,SCH047,2025-04-01,15,13,Illness
ATT202504008942,STU008942,SCH005,2025-04-01,18,17,Other
ATT202504008943,STU008943,SCH010,2025-04-01,17,15,Family
ATT202504008945,STU008945,SCH039,2025-04-01,16,15,Medical
ATT202504008946,STU008946,SCH032,2025-04-01,16,14,Medical
ATT202504008947,STU008947,SCH043,2025-04-01,17,15,Unauthorised
ATT202504008948,STU008948,SCH047,2025-04-01,17,15,Medical
ATT202504008951,STU008951,SCH012,2025-04-01,16,14,Unauthorised
ATT202504008952,STU008952,SCH043,2025-04-01,17,14,Illness
ATT202504008953,STU008953,SCH036,2025-04-01,14,13,Other
ATT202504008955,STU008955,SCH036,2025-04-01,16,15,Illness
ATT202504008956,STU008956,SCH014,2025-04-01,17,17,
ATT202504008957,STU008957,SCH001,2025-04-01,15,15,
ATT202504008958,STU008958,SCH038,2025-04-01,18,17,Unauthorised
ATT202504008959,STU008959,SCH042,2025-04-01,17,16,Family
ATT202504008960,STU008960,SCH035,2025-04-01,14,12,Medical
ATT202504008961,STU008961,SCH025,2025-04-01,16,13,Illness
ATT202504008962,STU008962,SCH006,2025-04-01,16,15,Family
ATT202504008963,STU008963,SCH003,2025-04-01,15,14,Illness
ATT202504008964,STU008964,SCH013,2025-04-01,14,13,Medical
ATT202504008965,STU008965,SCH010,2025-04-01,17,15,Illness
ATT202504008966,STU008966,SCH008,2025-04-01,16,15,Illness
ATT202504008967,STU008967,SCH009,2025-04-01,14,13,Unauthorised
ATT202504008968,STU008968,SCH017,2025-04-01,15,13,Family
ATT202504008969,STU008969,SCH041,2025-04-01,18,16,Unauthorised
ATT202504008970,STU008970,SCH006,2025-04-01,15,15,
ATT202504008971,STU008971,SCH017,2025-04-01,16,13,Illness
ATT202504008972,STU008972,SCH009,2025-04-01,15,14,Unauthorised
ATT202504008973,STU008973,SCH035,2025-04-01,16,15,Family
ATT202504008974,STU008974,SCH019,2025-04-01,16,15,Medical
ATT202504008976,STU008976,SCH048,2025-04-01,17,16,Medical
ATT202504008977,STU008977,SCH009,2025-04-01,14,13,Unauthorised
ATT202504008978,STU008978,SCH034,2025-04-01,17,17,
ATT202504008979,STU008979,SCH025,2025-04-01,17,17,
ATT202504008980,STU008980,SCH037,2025-04-01,16,14,Other
ATT202504008981,STU008981,SCH003,2025-04-01,18,17,Family
ATT202504008982,STU008982,SCH005,2025-04-01,15,14,Family
ATT202504008983,STU008983,SCH010,2025-04-01,15,13,Other
ATT202504008984,STU008984,SCH033,2025-04-01,17,15,Other
ATT202504008985,STU008985,SCH036,2025-04-01,15,14,Illness
ATT202504008986,STU008986,SCH035,2025-04-01,16,15,Medical
ATT202504008987,STU008987,SCH048,2025-04-01,14,14,
ATT202504008988,STU008988,SCH021,2025-04-01,17,15,Medical
ATT202504008989,STU008989,SCH010,2025-04-01,15,14,Medical
ATT202504008990,STU008990,SCH031,2025-04-01,14,12,Unauthorised
ATT202504008991,STU008991,SCH019,2025-04-01,18,16,Family
ATT202504008993,STU008993,SCH050,2025-04-01,14,12,Other
ATT202504008994,STU008994,SCH031,2025-04-01,16,15,Medical
ATT202504008996,STU008996,SCH010,2025-04-01,16,15,Family
ATT202504008998,STU008998,SCH046,2025-04-01,15,12,Illness
ATT202504009000,STU009000,SCH022,2025-04-01,18,16,Family
ATT202504009001,STU009001,SCH023,2025-04-01,16,14,Other
ATT202504009002,STU009002,SCH040,2025-04-01,14,13,Unauthorised
ATT202504009004,STU009004,SCH026,2025-04-01,16,15,Family
ATT202504009006,STU009006,SCH033,2025-04-01,17,16,Family
ATT202504009007,STU009007,SCH048,2025-04-01,18,15,Unauthorised
ATT202504009008,STU009008,SCH004,2025-04-01,15,14,Other
ATT202504009009,STU009009,SCH044,2025-04-01,17,16,Family
ATT202504009011,STU009011,SCH043,2025-04-01,14,12,Medical
ATT202504009012,STU009012,SCH043,2025-04-01,17,15,Other
ATT202504009013,STU009013,SCH034,2025-04-01,17,17,
ATT202504009014,STU009014,SCH013,2025-04-01,16,14,Other
ATT202504009015,STU009015,SCH017,2025-04-01,16,14,Illness
ATT202504009017,STU009017,SCH012,2025-04-01,16,15,Medical
ATT202504009018,STU009018,SCH017,2025-04-01,17,15,Medical
ATT202504009019,STU009019,SCH006,2025-04-01,16,13,Other
ATT202504009020,STU009020,SCH012,2025-04-01,18,16,Illness
ATT202504009021,STU009021,SCH040,2025-04-01,14,13,Medical
ATT202504009023,STU009023,SCH019,2025-04-01,16,14,Medical
ATT202504009024,STU009024,SCH036,2025-04-01,18,17,Illness
ATT202504009026,STU009026,SCH016,2025-04-01,14,14,
ATT202504009027,STU009027,SCH002,2025-04-01,16,14,Unauthorised
ATT202504009028,STU009028,SCH029,2025-04-01,17,15,Family
ATT202504009029,STU009029,SCH003,2025-04-01,15,14,Illness
ATT202504009030,STU009030,SCH046,2025-04-01,15,14,Illness
ATT202504009031,STU009031,SCH044,2025-04-01,14,13,Medical
ATT202504009032,STU009032,SCH027,2025-04-01,16,14,Other
ATT202504009033,STU009033,SCH044,2025-04-01,18,16,Family
ATT202504009034,STU009034,SCH048,2025-04-01,17,15,Illness
ATT202504009035,STU009035,SCH020,2025-04-01,14,13,Unauthorised
ATT202504009036,STU009036,SCH038,2025-04-01,16,14,Illness
ATT202504009037,STU009037,SCH013,2025-04-01,17,16,Illness
ATT202504009038,STU009038,SCH027,2025-04-01,15,14,Other
ATT202504009040,STU009040,SCH004,2025-04-01,17,15,Illness
ATT202504009041,STU009041,SCH042,2025-04-01,17,14,Family
ATT202504009042,STU009042,SCH011,2025-04-01,16,16,
ATT202504009043,STU009043,SCH030,2025-04-01,15,13,Family
ATT202504009044,STU009044,SCH004,2025-04-01,16,14,Unauthorised
ATT202504009045,STU009045,SCH006,2025-04-01,14,13,Medical
ATT202504009046,STU009046,SCH046,2025-04-01,18,17,Medical
ATT202504009048,STU009048,SCH021,2025-04-01,15,13,Illness
ATT202504009049,STU009049,SCH032,2025-04-01,14,13,Medical
ATT202504009051,STU009051,SCH015,2025-04-01,17,16,Other
ATT202504009052,STU009052,SCH023,2025-04-01,14,12,Other
ATT202504009053,STU009053,SCH002,2025-04-01,14,12,Medical
ATT202504009054,STU009054,SCH011,2025-04-01,14,13,Medical
ATT202504009055,STU009055,SCH017,2025-04-01,18,16,Unauthorised
ATT202504009056,STU009056,SCH050,2025-04-01,18,15,Unauthorised
ATT202504009057,STU009057,SCH042,2025-04-01,17,16,Other
ATT202504009058,STU009058,SCH028,2025-04-01,17,16,Medical
ATT202504009059,STU009059,SCH044,2025-04-01,16,14,Illness
ATT202504009060,STU009060,SCH026,2025-04-01,14,13,Family
ATT202504009061,STU009061,SCH026,2025-04-01,16,15,Medical
ATT202504009062,STU009062,SCH020,2025-04-01,14,12,Family
ATT202504009063,STU009063,SCH041,2025-04-01,15,15,
ATT202504009065,STU009065,SCH025,2025-04-01,18,16,Unauthorised
ATT202504009066,STU009066,SCH032,2025-04-01,15,13,Unauthorised
ATT202504009067,STU009067,SCH011,2025-04-01,17,15,Unauthorised
ATT202504009068,STU009068,SCH045,2025-04-01,14,12,Unauthorised
ATT202504009069,STU009069,SCH050,2025-04-01,18,16,Other
ATT202504009070,STU009070,SCH011,2025-04-01,16,16,
ATT202504009071,STU009071,SCH048,2025-04-01,14,13,Family
ATT202504009072,STU009072,SCH002,2025-04-01,18,16,Illness
ATT202504009073,STU009073,SCH021,2025-04-01,18,17,Other
ATT202504009074,STU009074,SCH040,2025-04-01,18,17,Illness
ATT202504009075,STU009075,SCH009,2025-04-01,18,16,Illness
ATT202504009076,STU009076,SCH020,2025-04-01,16,15,Family
ATT202504009077,STU009077,SCH024,2025-04-01,16,14,Other
ATT202504009079,STU009079,SCH021,2025-04-01,17,15,Medical
ATT202504009080,STU009080,SCH038,2025-04-01,14,13,Unauthorised
ATT202504009081,STU009081,SCH022,2025-04-01,18,17,Unauthorised
ATT202504009082,STU009082,SCH026,2025-04-01,18,17,Medical
ATT202504009083,STU009083,SCH016,2025-04-01,15,13,Family
ATT202504009084,STU009084,SCH033,2025-04-01,18,17,Family
ATT202504009085,STU009085,SCH041,2025-04-01,16,14,Medical
ATT202504009086,STU009086,SCH032,2025-04-01,18,16,Medical
ATT202504009087,STU009087,SCH018,2025-04-01,16,15,Unauthorised
ATT202504009088,STU009088,SCH010,2025-04-01,16,14,Other
ATT202504009089,STU009089,SCH047,2025-04-01,17,16,Family
ATT202504009090,STU009090,SCH038,2025-04-01,17,15,Unauthorised
ATT202504009092,STU009092,SCH047,2025-04-01,18,17,Medical
ATT202504009093,STU009093,SCH025,2025-04-01,14,12,Family
ATT202504009094,STU009094,SCH031,2025-04-01,14,13,Unauthorised
ATT202504009097,STU009097,SCH022,2025-04-01,16,15,Other
ATT202504009098,STU009098,SCH039,2025-04-01,18,16,Medical
ATT202504009099,STU009099,SCH014,2025-04-01,18,17,Other
ATT202504009100,STU009100,SCH021,2025-04-01,14,14,
ATT202504009101,STU009101,SCH016,2025-04-01,17,17,
ATT202504009102,STU009102,SCH041,2025-04-01,16,15,Family
ATT202504009103,STU009103,SCH050,2025-04-01,14,13,Unauthorised
ATT202504009104,STU009104,SCH003,2025-04-01,15,14,Family
ATT202504009105,STU009105,SCH034,2025-04-01,15,14,Other
ATT202504009106,STU009106,SCH047,2025-04-01,15,14,Illness
ATT202504009107,STU009107,SCH038,2025-04-01,17,16,Medical
ATT202504009108,STU009108,SCH006,2025-04-01,17,16,Medical
ATT202504009109,STU009109,SCH037,2025-04-01,17,16,Family
ATT202504009110,STU009110,SCH029,2025-04-01,16,14,Illness
ATT202504009112,STU009112,SCH031,2025-04-01,17,15,Medical
ATT202504009113,STU009113,SCH023,2025-04-01,16,15,Medical
ATT202504009114,STU009114,SCH020,2025-04-01,17,16,Illness
ATT202504009115,STU009115,SCH017,2025-04-01,17,15,Unauthorised
ATT202504009116,STU009116,SCH002,2025-04-01,15,13,Unauthorised
ATT202504009117,STU009117,SCH047,2025-04-01,14,12,Unauthorised
ATT202504009118,STU009118,SCH011,2025-04-01,15,14,Other
ATT202504009120,STU009120,SCH029,2025-04-01,18,17,Other
ATT202504009121,STU009121,SCH020,2025-04-01,18,16,Unauthorised
ATT202504009122,STU009122,SCH040,2025-04-01,16,14,Medical
ATT202504009123,STU009123,SCH046,2025-04-01,18,16,Other
ATT202504009124,STU009124,SCH010,2025-04-01,18,17,Medical
ATT202504009125,STU009125,SCH010,2025-04-01,18,16,Family
ATT202504009126,STU009126,SCH015,2025-04-01,15,13,Unauthorised
ATT202504009127,STU009127,SCH008,2025-04-01,15,14,Medical
ATT202504009128,STU009128,SCH023,2025-04-01,17,14,Unauthorised
ATT202504009129,STU009129,SCH014,2025-04-01,18,16,Unauthorised
ATT202504009130,STU009130,SCH017,2025-04-01,17,15,Other
ATT202504009131,STU009131,SCH027,2025-04-01,16,15,Other
ATT202504009132,STU009132,SCH010,2025-04-01,15,13,Other
ATT202504009133,STU009133,SCH041,2025-04-01,18,16,Medical
ATT202504009135,STU009135,SCH006,2025-04-01,14,12,Family
ATT202504009136,STU009136,SCH004,2025-04-01,15,15,
ATT202504009137,STU009137,SCH003,2025-04-01,16,15,Illness
ATT202504009138,STU009138,SCH010,2025-04-01,14,12,Illness
ATT202504009139,STU009139,SCH023,2025-04-01,15,13,Illness
ATT202504009140,STU009140,SCH023,2025-04-01,14,11,Other
ATT202504009141,STU009141,SCH012,2025-04-01,17,15,Illness
ATT202504009142,STU009142,SCH050,2025-04-01,17,15,Other
ATT202504009143,STU009143,SCH001,2025-04-01,15,13,Family
ATT202504009144,STU009144,SCH021,2025-04-01,16,13,Illness
ATT202504009145,STU009145,SCH020,2025-04-01,15,13,Family
ATT202504009146,STU009146,SCH038,2025-04-01,15,14,Family
ATT202504009147,STU009147,SCH049,2025-04-01,17,14,Family
ATT202504009148,STU009148,SCH009,2025-04-01,18,16,Illness
ATT202504009149,STU009149,SCH005,2025-04-01,14,13,Medical
ATT202504009150,STU009150,SCH005,2025-04-01,14,13,Illness
ATT202504009151,STU009151,SCH028,2025-04-01,16,15,Illness
ATT202504009152,STU009152,SCH027,2025-04-01,15,14,Other
ATT202504009153,STU009153,SCH034,2025-04-01,16,13,Family
ATT202504009154,STU009154,SCH043,2025-04-01,17,15,Family
ATT202504009156,STU009156,SCH049,2025-04-01,14,13,Illness
ATT202504009157,STU009157,SCH038,2025-04-01,17,17,
ATT202504009158,STU009158,SCH032,2025-04-01,18,17,Illness
ATT202504009159,STU009159,SCH006,2025-04-01,18,17,Family
ATT202504009161,STU009161,SCH008,2025-04-01,14,13,Family
ATT202504009162,STU009162,SCH001,2025-04-01,14,12,Illness
ATT202504009163,STU009163,SCH042,2025-04-01,14,11,Family
ATT202504009164,STU009164,SCH027,2025-04-01,15,14,Medical
ATT202504009165,STU009165,SCH040,2025-04-01,16,14,Other
ATT202504009166,STU009166,SCH011,2025-04-01,15,15,
ATT202504009167,STU009167,SCH024,2025-04-01,16,12,Illness
ATT202504009168,STU009168,SCH010,2025-04-01,14,13,Medical
ATT202504009169,STU009169,SCH013,2025-04-01,16,15,Illness
ATT202504009170,STU009170,SCH025,2025-04-01,17,16,Family
ATT202504009172,STU009172,SCH015,2025-04-01,18,17,Family
ATT202504009173,STU009173,SCH016,2025-04-01,16,15,Unauthorised
ATT202504009175,STU009175,SCH031,2025-04-01,16,14,Illness
ATT202504009176,STU009176,SCH030,2025-04-01,18,17,Unauthorised
ATT202504009177,STU009177,SCH023,2025-04-01,16,14,Other
ATT202504009178,STU009178,SCH030,2025-04-01,15,13,Illness
ATT202504009179,STU009179,SCH004,2025-04-01,14,14,
ATT202504009180,STU009180,SCH025,2025-04-01,16,14,Unauthorised
ATT202504009181,STU009181,SCH023,2025-04-01,17,15,Illness
ATT202504009182,STU009182,SCH003,2025-04-01,16,16,
ATT202504009183,STU009183,SCH036,2025-04-01,15,13,Unauthorised
ATT202504009184,STU009184,SCH002,2025-04-01,18,16,Family
ATT202504009185,STU009185,SCH009,2025-04-01,18,16,Illness
ATT202504009186,STU009186,SCH011,2025-04-01,15,15,
ATT202504009187,STU009187,SCH034,2025-04-01,17,16,Illness
ATT202504009188,STU009188,SCH007,2025-04-01,17,16,Family
ATT202504009189,STU009189,SCH045,2025-04-01,16,15,Unauthorised
ATT202504009190,STU009190,SCH034,2025-04-01,17,15,Medical
ATT202504009191,STU009191,SCH007,2025-04-01,15,13,Medical
ATT202504009192,STU009192,SCH044,2025-04-01,14,12,Family
ATT202504009193,STU009193,SCH028,2025-04-01,16,15,Illness
ATT202504009194,STU009194,SCH043,2025-04-01,17,15,Illness
ATT202504009195,STU009195,SCH021,2025-04-01,17,13,Medical
ATT202504009196,STU009196,SCH010,2025-04-01,14,12,Other
ATT202504009197,STU009197,SCH036,2025-04-01,16,14,Family
ATT202504009198,STU009198,SCH004,2025-04-01,14,13,Illness
ATT202504009199,STU009199,SCH011,2025-04-01,14,13,Medical
ATT202504009200,STU009200,SCH021,2025-04-01,17,15,Medical
ATT202504009201,STU009201,SCH036,2025-04-01,17,16,Unauthorised
ATT202504009203,STU009203,SCH046,2025-04-01,17,16,Illness
ATT202504009205,STU009205,SCH028,2025-04-01,17,16,Family
ATT202504009206,STU009206,SCH028,2025-04-01,17,15,Unauthorised
ATT202504009207,STU009207,SCH032,2025-04-01,14,12,Unauthorised
ATT202504009208,STU009208,SCH042,2025-04-01,18,16,Illness
ATT202504009209,STU009209,SCH048,2025-04-01,17,16,Other
ATT202504009210,STU009210,SCH010,2025-04-01,14,13,Unauthorised
ATT202504009211,STU009211,SCH014,2025-04-01,18,16,Medical
ATT202504009212,STU009212,SCH046,2025-04-01,16,14,Medical
ATT202504009213,STU009213,SCH002,2025-04-01,18,17,Other
ATT202504009214,STU009214,SCH035,2025-04-01,18,17,Family
ATT202504009215,STU009215,SCH007,2025-04-01,14,13,Other
ATT202504009216,STU009216,SCH046,2025-04-01,15,14,Family
ATT202504009217,STU009217,SCH044,2025-04-01,14,12,Unauthorised
ATT202504009218,STU009218,SCH043,2025-04-01,17,15,Unauthorised
ATT202504009219,STU009219,SCH050,2025-04-01,18,16,Illness
ATT202504009220,STU009220,SCH008,2025-04-01,14,13,Family
ATT202504009221,STU009221,SCH050,2025-04-01,16,15,Illness
ATT202504009222,STU009222,SCH048,2025-04-01,16,14,Illness
ATT202504009223,STU009223,SCH034,2025-04-01,17,14,Unauthorised
ATT202504009224,STU009224,SCH002,2025-04-01,15,14,Family
ATT202504009225,STU009225,SCH028,2025-04-01,14,12,Illness
ATT202504009227,STU009227,SCH043,2025-04-01,15,14,Other
ATT202504009228,STU009228,SCH036,2025-04-01,16,15,Illness
ATT202504009229,STU009229,SCH044,2025-04-01,17,16,Medical
ATT202504009230,STU009230,SCH036,2025-04-01,16,16,
ATT202504009231,STU009231,SCH027,2025-04-01,14,13,Unauthorised
ATT202504009233,STU009233,SCH038,2025-04-01,18,16,Family
ATT202504009234,STU009234,SCH045,2025-04-01,18,16,Medical
ATT202504009235,STU009235,SCH021,2025-04-01,15,14,Medical
ATT202504009236,STU009236,SCH031,2025-04-01,17,15,Unauthorised
ATT202504009237,STU009237,SCH040,2025-04-01,16,15,Medical
ATT202504009238,STU009238,SCH009,2025-04-01,15,13,Illness
ATT202504009239,STU009239,SCH028,2025-04-01,14,13,Medical
ATT202504009240,STU009240,SCH001,2025-04-01,15,12,Illness
ATT202504009241,STU009241,SCH047,2025-04-01,16,15,Medical
ATT202504009242,STU009242,SCH026,2025-04-01,18,16,Family
ATT202504009243,STU009243,SCH026,2025-04-01,17,16,Unauthorised
ATT202504009244,STU009244,SCH001,2025-04-01,14,12,Unauthorised
ATT202504009245,STU009245,SCH029,2025-04-01,14,12,Medical
ATT202504009246,STU009246,SCH043,2025-04-01,17,15,Illness
ATT202504009247,STU009247,SCH016,2025-04-01,16,15,Medical
ATT202504009248,STU009248,SCH033,2025-04-01,16,14,Family
ATT202504009249,STU009249,SCH019,2025-04-01,15,14,Illness
ATT202504009250,STU009250,SCH021,2025-04-01,17,15,Other
ATT202504009251,STU009251,SCH037,2025-04-01,15,14,Family
ATT202504009252,STU009252,SCH008,2025-04-01,17,16,Medical
ATT202504009253,STU009253,SCH012,2025-04-01,15,14,Unauthorised
ATT202504009254,STU009254,SCH022,2025-04-01,17,16,Unauthorised
ATT202504009255,STU009255,SCH018,2025-04-01,18,17,Other
ATT202504009256,STU009256,SCH031,2025-04-01,16,15,Family
ATT202504009257,STU009257,SCH039,2025-04-01,16,15,Family
ATT202504009259,STU009259,SCH038,2025-04-01,16,15,Illness
ATT202504009260,STU009260,SCH048,2025-04-01,17,16,Medical
ATT202504009261,STU009261,SCH039,2025-04-01,17,16,Unauthorised
ATT202504009262,STU009262,SCH033,2025-04-01,18,17,Medical
ATT202504009263,STU009263,SCH028,2025-04-01,15,13,Medical
ATT202504009264,STU009264,SCH037,2025-04-01,18,17,Family
ATT202504009265,STU009265,SCH036,2025-04-01,16,15,Illness
ATT202504009266,STU009266,SCH023,2025-04-01,18,16,Unauthorised
ATT202504009267,STU009267,SCH007,2025-04-01,14,13,Other
ATT202504009268,STU009268,SCH006,2025-04-01,15,15,
ATT202504009270,STU009270,SCH005,2025-04-01,15,14,Unauthorised
ATT202504009271,STU009271,SCH007,2025-04-01,14,13,Medical
ATT202504009272,STU009272,SCH006,2025-04-01,15,14,Unauthorised
ATT202504009273,STU009273,SCH023,2025-04-01,15,12,Family
ATT202504009274,STU009274,SCH033,2025-04-01,15,14,Illness
ATT202504009275,STU009275,SCH003,2025-04-01,18,16,Unauthorised
ATT202504009276,STU009276,SCH033,2025-04-01,16,14,Medical
ATT202504009277,STU009277,SCH025,2025-04-01,16,15,Illness
ATT202504009279,STU009279,SCH021,2025-04-01,17,15,Family
ATT202504009280,STU009280,SCH046,2025-04-01,14,12,Unauthorised
ATT202504009281,STU009281,SCH045,2025-04-01,17,16,Medical
ATT202504009282,STU009282,SCH021,2025-04-01,17,16,Family
ATT202504009283,STU009283,SCH022,2025-04-01,17,14,Family
ATT202504009284,STU009284,SCH049,2025-04-01,17,16,Medical
ATT202504009285,STU009285,SCH046,2025-04-01,15,13,Illness
ATT202504009286,STU009286,SCH005,2025-04-01,14,12,Unauthorised
ATT202504009288,STU009288,SCH025,2025-04-01,18,17,Illness
ATT202504009289,STU009289,SCH045,2025-04-01,15,14,Unauthorised
ATT202504009290,STU009290,SCH024,2025-04-01,14,14,
ATT202504009291,STU009291,SCH033,2025-04-01,17,16,Other
ATT202504009292,STU009292,SCH009,2025-04-01,14,13,Family
ATT202504009293,STU009293,SCH031,2025-04-01,14,11,Other
ATT202504009294,STU009294,SCH018,2025-04-01,17,15,Family
ATT202504009295,STU009295,SCH019,2025-04-01,15,13,Family
ATT202504009296,STU009296,SCH022,2025-04-01,14,12,Other
ATT202504009297,STU009297,SCH017,2025-04-01,18,17,Family
ATT202504009298,STU009298,SCH040,2025-04-01,17,16,Medical
ATT202504009299,STU009299,SCH041,2025-04-01,16,15,Illness
ATT202504009300,STU009300,SCH010,2025-04-01,15,14,Unauthorised
ATT202504009301,STU009301,SCH004,2025-04-01,17,15,Illness
ATT202504009302,STU009302,SCH025,2025-04-01,18,17,Other
ATT202504009303,STU009303,SCH002,2025-04-01,15,12,Other
ATT202504009304,STU009304,SCH001,2025-04-01,16,12,Medical
ATT202504009305,STU009305,SCH043,2025-04-01,18,16,Family
ATT202504009306,STU009306,SCH050,2025-04-01,14,12,Unauthorised
ATT202504009307,STU009307,SCH040,2025-04-01,14,13,Family
ATT202504009308,STU009308,SCH041,2025-04-01,14,13,Family
ATT202504009310,STU009310,SCH016,2025-04-01,18,17,Medical
ATT202504009311,STU009311,SCH044,2025-04-01,16,14,Family
ATT202504009312,STU009312,SCH028,2025-04-01,15,15,
ATT202504009313,STU009313,SCH031,2025-04-01,16,15,Family
ATT202504009314,STU009314,SCH014,2025-04-01,15,14,Illness
ATT202504009315,STU009315,SCH017,2025-04-01,16,14,Family
ATT202504009316,STU009316,SCH025,2025-04-01,15,14,Unauthorised
ATT202504009318,STU009318,SCH037,2025-04-01,15,14,Unauthorised
ATT202504009319,STU009319,SCH017,2025-04-01,15,14,Unauthorised
ATT202504009321,STU009321,SCH007,2025-04-01,18,17,Family
ATT202504009322,STU009322,SCH009,2025-04-01,18,15,Family
ATT202504009323,STU009323,SCH046,2025-04-01,17,15,Family
ATT202504009324,STU009324,SCH015,2025-04-01,16,14,Other
ATT202504009325,STU009325,SCH032,2025-04-01,17,14,Medical
ATT202504009326,STU009326,SCH023,2025-04-01,18,16,Medical
ATT202504009327,STU009327,SCH002,2025-04-01,17,15,Unauthorised
ATT202504009328,STU009328,SCH021,2025-04-01,18,16,Family
ATT202504009329,STU009329,SCH021,2025-04-01,15,13,Illness
ATT202504009331,STU009331,SCH008,2025-04-01,14,13,Unauthorised
ATT202504009332,STU009332,SCH001,2025-04-01,18,16,Other
ATT202504009333,STU009333,SCH025,2025-04-01,15,14,Unauthorised
ATT202504009334,STU009334,SCH003,2025-04-01,16,15,Other
ATT202504009335,STU009335,SCH018,2025-04-01,15,14,Illness
ATT202504009336,STU009336,SCH033,2025-04-01,17,17,
ATT202504009337,STU009337,SCH022,2025-04-01,16,14,Illness
ATT202504009338,STU009338,SCH021,2025-04-01,18,17,Illness
ATT202504009339,STU009339,SCH041,2025-04-01,15,13,Other
ATT202504009340,STU009340,SCH045,2025-04-01,16,15,Medical
ATT202504009341,STU009341,SCH046,2025-04-01,16,15,Illness
ATT202504009343,STU009343,SCH044,2025-04-01,14,13,Unauthorised
ATT202504009344,STU009344,SCH029,2025-04-01,16,15,Other
ATT202504009346,STU009346,SCH043,2025-04-01,16,15,Illness
ATT202504009347,STU009347,SCH019,2025-04-01,14,13,Illness
ATT202504009348,STU009348,SCH006,2025-04-01,17,15,Other
ATT202504009349,STU009349,SCH009,2025-04-01,18,16,Other
ATT202504009350,STU009350,SCH017,2025-04-01,16,14,Medical
ATT202504009351,STU009351,SCH050,2025-04-01,18,17,Illness
ATT202504009353,STU009353,SCH040,2025-04-01,14,12,Unauthorised
ATT202504009354,STU009354,SCH035,2025-04-01,17,15,Family
ATT202504009355,STU009355,SCH007,2025-04-01,14,12,Other
ATT202504009357,STU009357,SCH016,2025-04-01,14,13,Medical
ATT202504009358,STU009358,SCH001,2025-04-01,18,18,
ATT202504009359,STU009359,SCH029,2025-04-01,15,13,Unauthorised
ATT202504009360,STU009360,SCH021,2025-04-01,16,14,Family
ATT202504009361,STU009361,SCH018,2025-04-01,17,15,Medical
ATT202504009362,STU009362,SCH038,2025-04-01,17,15,Medical
ATT202504009363,STU009363,SCH002,2025-04-01,14,13,Other
ATT202504009364,STU009364,SCH002,2025-04-01,14,13,Illness
ATT202504009365,STU009365,SCH027,2025-04-01,16,14,Other
ATT202504009366,STU009366,SCH004,2025-04-01,16,15,Family
ATT202504009367,STU009367,SCH029,2025-04-01,17,16,Illness
ATT202504009368,STU009368,SCH021,2025-04-01,16,15,Unauthorised
ATT202504009369,STU009369,SCH044,2025-04-01,16,15,Other
ATT202504009370,STU009370,SCH005,2025-04-01,18,17,Illness
ATT202504009371,STU009371,SCH040,2025-04-01,16,15,Other
ATT202504009372,STU009372,SCH021,2025-04-01,18,16,Unauthorised
ATT202504009373,STU009373,SCH022,2025-04-01,14,12,Family
ATT202504009374,STU009374,SCH020,2025-04-01,15,13,Unauthorised
ATT202504009375,STU009375,SCH017,2025-04-01,16,14,Illness
ATT202504009376,STU009376,SCH018,2025-04-01,18,16,Other
ATT202504009377,STU009377,SCH033,2025-04-01,17,15,Illness
ATT202504009378,STU009378,SCH046,2025-04-01,18,17,Family
ATT202504009379,STU009379,SCH044,2025-04-01,16,15,Illness
ATT202504009380,STU009380,SCH007,2025-04-01,14,13,Medical
ATT202504009381,STU009381,SCH021,2025-04-01,18,16,Other
ATT202504009382,STU009382,SCH018,2025-04-01,14,13,Family
ATT202504009383,STU009383,SCH036,2025-04-01,16,15,Illness
ATT202504009384,STU009384,SCH030,2025-04-01,16,14,Illness
ATT202504009385,STU009385,SCH038,2025-04-01,14,12,Illness
ATT202504009386,STU009386,SCH035,2025-04-01,14,12,Medical
ATT202504009387,STU009387,SCH015,2025-04-01,14,13,Illness
ATT202504009388,STU009388,SCH031,2025-04-01,16,14,Family
ATT202504009389,STU009389,SCH047,2025-04-01,16,15,Unauthorised
ATT202504009390,STU009390,SCH025,2025-04-01,14,13,Family
ATT202504009391,STU009391,SCH012,2025-04-01,18,18,
ATT202504009392,STU009392,SCH014,2025-04-01,18,17,Family
ATT202504009393,STU009393,SCH041,2025-04-01,18,15,Illness
ATT202504009394,STU009394,SCH023,2025-04-01,16,15,Family
ATT202504009395,STU009395,SCH011,2025-04-01,17,17,
ATT202504009396,STU009396,SCH049,2025-04-01,17,16,Family
ATT202504009398,STU009398,SCH045,2025-04-01,16,15,Illness
ATT202504009399,STU009399,SCH032,2025-04-01,16,14,Other
ATT202504009400,STU009400,SCH046,2025-04-01,16,14,Family
ATT202504009401,STU009401,SCH005,2025-04-01,18,17,Family
ATT202504009402,STU009402,SCH023,2025-04-01,15,14,Family
ATT202504009403,STU009403,SCH010,2025-04-01,15,14,Other
ATT202504009404,STU009404,SCH031,2025-04-01,18,15,Family
ATT202504009405,STU009405,SCH042,2025-04-01,17,14,Unauthorised
ATT202504009406,STU009406,SCH036,2025-04-01,18,16,Other
ATT202504009407,STU009407,SCH008,2025-04-01,16,15,Family
ATT202504009408,STU009408,SCH018,2025-04-01,16,15,Family
ATT202504009409,STU009409,SCH016,2025-04-01,14,14,
ATT202504009410,STU009410,SCH028,2025-04-01,15,13,Other
ATT202504009411,STU009411,SCH041,2025-04-01,14,13,Other
ATT202504009412,STU009412,SCH036,2025-04-01,16,15,Family
ATT202504009413,STU009413,SCH050,2025-04-01,16,14,Illness
ATT202504009414,STU009414,SCH048,2025-04-01,18,17,Family
ATT202504009415,STU009415,SCH035,2025-04-01,16,15,Family
ATT202504009416,STU009416,SCH011,2025-04-01,14,13,Family
ATT202504009417,STU009417,SCH029,2025-04-01,17,15,Other
ATT202504009419,STU009419,SCH041,2025-04-01,16,16,
ATT202504009420,STU009420,SCH028,2025-04-01,14,13,Illness
ATT202504009421,STU009421,SCH011,2025-04-01,16,15,Other
ATT202504009422,STU009422,SCH047,2025-04-01,17,15,Other
ATT202504009423,STU009423,SCH007,2025-04-01,16,16,
ATT202504009424,STU009424,SCH017,2025-04-01,15,14,Illness
ATT202504009425,STU009425,SCH023,2025-04-01,18,16,Other
ATT202504009426,STU009426,SCH018,2025-04-01,17,16,Other
ATT202504009427,STU009427,SCH027,2025-04-01,16,14,Family
ATT202504009428,STU009428,SCH049,2025-04-01,16,13,Family
ATT202504009430,STU009430,SCH001,2025-04-01,17,15,Unauthorised
ATT202504009431,STU009431,SCH046,2025-04-01,16,15,Illness
ATT202504009432,STU009432,SCH010,2025-04-01,15,14,Medical
ATT202504009433,STU009433,SCH041,2025-04-01,17,16,Other
ATT202504009434,STU009434,SCH040,2025-04-01,18,16,Family
ATT202504009435,STU009435,SCH050,2025-04-01,14,12,Family
ATT202504009436,STU009436,SCH028,2025-04-01,18,16,Medical
ATT202504009437,STU009437,SCH006,2025-04-01,16,15,Illness
ATT202504009439,STU009439,SCH024,2025-04-01,15,13,Other
ATT202504009440,STU009440,SCH015,2025-04-01,17,16,Other
ATT202504009442,STU009442,SCH034,2025-04-01,18,14,Other
ATT202504009443,STU009443,SCH035,2025-04-01,15,13,Family
ATT202504009444,STU009444,SCH015,2025-04-01,14,13,Illness
ATT202504009446,STU009446,SCH036,2025-04-01,17,15,Illness
ATT202504009447,STU009447,SCH027,2025-04-01,17,16,Family
ATT202504009448,STU009448,SCH021,2025-04-01,17,15,Other
ATT202504009449,STU009449,SCH003,2025-04-01,17,16,Illness
ATT202504009451,STU009451,SCH032,2025-04-01,16,15,Other
ATT202504009452,STU009452,SCH021,2025-04-01,16,13,Family
ATT202504009453,STU009453,SCH027,2025-04-01,17,15,Unauthorised
ATT202504009454,STU009454,SCH012,2025-04-01,15,13,Illness
ATT202504009455,STU009455,SCH021,2025-04-01,16,14,Illness
ATT202504009456,STU009456,SCH020,2025-04-01,15,14,Medical
ATT202504009458,STU009458,SCH002,2025-04-01,18,17,Illness
ATT202504009459,STU009459,SCH035,2025-04-01,15,13,Illness
ATT202504009460,STU009460,SCH012,2025-04-01,17,14,Illness
ATT202504009461,STU009461,SCH028,2025-04-01,17,17,
ATT202504009462,STU009462,SCH023,2025-04-01,18,16,Other
ATT202504009463,STU009463,SCH011,2025-04-01,18,17,Illness
ATT202504009464,STU009464,SCH037,2025-04-01,17,16,Other
ATT202504009465,STU009465,SCH022,2025-04-01,15,13,Family
ATT202504009466,STU009466,SCH012,2025-04-01,15,13,Family
ATT202504009467,STU009467,SCH024,2025-04-01,16,13,Medical
ATT202504009468,STU009468,SCH048,2025-04-01,18,16,Medical
ATT202504009469,STU009469,SCH031,2025-04-01,17,14,Medical
ATT202504009470,STU009470,SCH030,2025-04-01,15,14,Medical
ATT202504009471,STU009471,SCH038,2025-04-01,18,16,Other
ATT202504009472,STU009472,SCH037,2025-04-01,14,13,Unauthorised
ATT202504009473,STU009473,SCH016,2025-04-01,18,16,Family
ATT202504009474,STU009474,SCH043,2025-04-01,16,14,Medical
ATT202504009475,STU009475,SCH036,2025-04-01,14,13,Family
ATT202504009476,STU009476,SCH024,2025-04-01,18,16,Family
ATT202504009479,STU009479,SCH045,2025-04-01,15,13,Other
ATT202504009480,STU009480,SCH009,2025-04-01,14,12,Medical
ATT202504009481,STU009481,SCH023,2025-04-01,18,16,Illness
ATT202504009482,STU009482,SCH006,2025-04-01,15,14,Medical
ATT202504009483,STU009483,SCH027,2025-04-01,15,13,Family
ATT202504009484,STU009484,SCH028,2025-04-01,15,14,Unauthorised
ATT202504009485,STU009485,SCH027,2025-04-01,14,13,Medical
ATT202504009486,STU009486,SCH031,2025-04-01,18,17,Family
ATT202504009487,STU009487,SCH049,2025-04-01,16,16,
ATT202504009488,STU009488,SCH032,2025-04-01,15,14,Other
ATT202504009489,STU009489,SCH035,2025-04-01,15,14,Family
ATT202504009490,STU009490,SCH023,2025-04-01,14,14,
ATT202504009491,STU009491,SCH010,2025-04-01,15,14,Unauthorised
ATT202504009492,STU009492,SCH039,2025-04-01,15,14,Family
ATT202504009494,STU009494,SCH011,2025-04-01,14,13,Medical
ATT202504009497,STU009497,SCH036,2025-04-01,15,14,Illness
ATT202504009498,STU009498,SCH048,2025-04-01,17,16,Other
ATT202504009499,STU009499,SCH002,2025-04-01,15,15,
ATT202504009500,STU009500,SCH008,2025-04-01,17,15,Other
ATT202504009501,STU009501,SCH025,2025-04-01,17,16,Other
ATT202504009502,STU009502,SCH014,2025-04-01,16,16,
ATT202504009503,STU009503,SCH014,2025-04-01,16,15,Other
ATT202504009504,STU009504,SCH010,2025-04-01,18,16,Unauthorised
ATT202504009505,STU009505,SCH004,2025-04-01,18,17,Illness
ATT202504009506,STU009506,SCH004,2025-04-01,14,13,Family
ATT202504009507,STU009507,SCH013,2025-04-01,15,14,Family
ATT202504009508,STU009508,SCH031,2025-04-01,18,16,Other
ATT202504009509,STU009509,SCH031,2025-04-01,18,17,Illness
ATT202504009510,STU009510,SCH026,2025-04-01,15,13,Unauthorised
ATT202504009511,STU009511,SCH037,2025-04-01,16,15,Illness
ATT202504009512,STU009512,SCH036,2025-04-01,17,16,Unauthorised
ATT202504009513,STU009513,SCH010,2025-04-01,15,15,
ATT202504009514,STU009514,SCH004,2025-04-01,14,12,Unauthorised
ATT202504009515,STU009515,SCH031,2025-04-01,16,14,Unauthorised
ATT202504009516,STU009516,SCH040,2025-04-01,14,12,Medical
ATT202504009517,STU009517,SCH028,2025-04-01,17,15,Other
ATT202504009518,STU009518,SCH031,2025-04-01,17,13,Family
ATT202504009519,STU009519,SCH041,2025-04-01,15,14,Other
ATT202504009520,STU009520,SCH038,2025-04-01,15,14,Family
ATT202504009521,STU009521,SCH002,2025-04-01,18,17,Other
ATT202504009523,STU009523,SCH009,2025-04-01,18,15,Other
ATT202504009525,STU009525,SCH037,2025-04-01,18,17,Illness
ATT202504009526,STU009526,SCH039,2025-04-01,16,16,
ATT202504009527,STU009527,SCH016,2025-04-01,15,14,Unauthorised
ATT202504009528,STU009528,SCH018,2025-04-01,18,17,Illness
ATT202504009530,STU009530,SCH027,2025-04-01,16,14,Medical
ATT202504009531,STU009531,SCH015,2025-04-01,17,16,Other
ATT202504009532,STU009532,SCH023,2025-04-01,18,15,Illness
ATT202504009533,STU009533,SCH049,2025-04-01,14,12,Unauthorised
ATT202504009534,STU009534,SCH027,2025-04-01,16,14,Other
ATT202504009535,STU009535,SCH022,2025-04-01,15,14,Unauthorised
ATT202504009537,STU009537,SCH009,2025-04-01,18,17,Other
ATT202504009538,STU009538,SCH036,2025-04-01,17,16,Family
ATT202504009540,STU009540,SCH003,2025-04-01,17,15,Medical
ATT202504009541,STU009541,SCH036,2025-04-01,14,14,
ATT202504009542,STU009542,SCH027,2025-04-01,18,17,Unauthorised
ATT202504009543,STU009543,SCH016,2025-04-01,17,16,Illness
ATT202504009544,STU009544,SCH008,2025-04-01,16,15,Family
ATT202504009545,STU009545,SCH002,2025-04-01,15,15,
ATT202504009546,STU009546,SCH019,2025-04-01,16,14,Family
ATT202504009547,STU009547,SCH038,2025-04-01,17,15,Illness
ATT202504009548,STU009548,SCH014,2025-04-01,14,12,Other
ATT202504009549,STU009549,SCH011,2025-04-01,16,15,Medical
ATT202504009550,STU009550,SCH009,2025-04-01,14,14,
ATT202504009551,STU009551,SCH039,2025-04-01,17,15,Other
ATT202504009552,STU009552,SCH021,2025-04-01,17,15,Illness
ATT202504009553,STU009553,SCH018,2025-04-01,14,13,Unauthorised
ATT202504009554,STU009554,SCH031,2025-04-01,16,15,Unauthorised
ATT202504009556,STU009556,SCH019,2025-04-01,14,12,Other
ATT202504009558,STU009558,SCH001,2025-04-01,16,14,Medical
ATT202504009559,STU009559,SCH048,2025-04-01,16,15,Medical
ATT202504009560,STU009560,SCH019,2025-04-01,17,15,Unauthorised
ATT202504009561,STU009561,SCH010,2025-04-01,18,15,Family
ATT202504009562,STU009562,SCH009,2025-04-01,17,15,Family
ATT202504009563,STU009563,SCH031,2025-04-01,16,13,Medical
ATT202504009564,STU009564,SCH003,2025-04-01,18,16,Family
ATT202504009565,STU009565,SCH006,2025-04-01,15,13,Unauthorised
ATT202504009566,STU009566,SCH009,2025-04-01,17,14,Illness
ATT202504009567,STU009567,SCH036,2025-04-01,15,14,Illness
ATT202504009568,STU009568,SCH027,2025-04-01,14,13,Illness
ATT202504009569,STU009569,SCH013,2025-04-01,14,13,Family
ATT202504009570,STU009570,SCH029,2025-04-01,15,13,Unauthorised
ATT202504009571,STU009571,SCH043,2025-04-01,14,12,Other
ATT202504009572,STU009572,SCH028,2025-04-01,16,15,Other
ATT202504009573,STU009573,SCH021,2025-04-01,15,15,
ATT202504009575,STU009575,SCH016,2025-04-01,18,16,Medical
ATT202504009576,STU009576,SCH021,2025-04-01,14,13,Unauthorised
ATT202504009577,STU009577,SCH005,2025-04-01,15,14,Family
ATT202504009578,STU009578,SCH011,2025-04-01,17,16,Other
ATT202504009579,STU009579,SCH032,2025-04-01,16,15,Medical
ATT202504009580,STU009580,SCH001,2025-04-01,17,14,Medical
ATT202504009581,STU009581,SCH009,2025-04-01,17,17,
ATT202504009582,STU009582,SCH013,2025-04-01,14,13,Unauthorised
ATT202504009583,STU009583,SCH005,2025-04-01,15,14,Family
ATT202504009584,STU009584,SCH022,2025-04-01,15,13,Other
ATT202504009585,STU009585,SCH023,2025-04-01,15,13,Family
ATT202504009586,STU009586,SCH023,2025-04-01,14,13,Medical
ATT202504009587,STU009587,SCH032,2025-04-01,17,15,Other
ATT202504009589,STU009589,SCH031,2025-04-01,16,15,Unauthorised
ATT202504009590,STU009590,SCH011,2025-04-01,17,15,Other
ATT202504009592,STU009592,SCH025,2025-04-01,16,16,
ATT202504009593,STU009593,SCH028,2025-04-01,17,16,Unauthorised
ATT202504009594,STU009594,SCH033,2025-04-01,16,15,Unauthorised
ATT202504009595,STU009595,SCH018,2025-04-01,14,12,Illness
ATT202504009596,STU009596,SCH017,2025-04-01,16,15,Medical
ATT202504009597,STU009597,SCH044,2025-04-01,18,16,Medical
ATT202504009600,STU009600,SCH001,2025-04-01,14,13,Illness
ATT202504009602,STU009602,SCH046,2025-04-01,14,13,Family
ATT202504009603,STU009603,SCH026,2025-04-01,18,16,Other
ATT202504009604,STU009604,SCH009,2025-04-01,15,14,Unauthorised
ATT202504009605,STU009605,SCH003,2025-04-01,17,16,Illness
ATT202504009606,STU009606,SCH016,2025-04-01,16,15,Medical
ATT202504009607,STU009607,SCH048,2025-04-01,15,14,Medical
ATT202504009608,STU009608,SCH003,2025-04-01,15,14,Illness
ATT202504009609,STU009609,SCH040,2025-04-01,15,13,Illness
ATT202504009610,STU009610,SCH031,2025-04-01,14,13,Medical
ATT202504009611,STU009611,SCH048,2025-04-01,18,15,Illness
ATT202504009612,STU009612,SCH043,2025-04-01,18,16,Illness
ATT202504009613,STU009613,SCH019,2025-04-01,16,15,Illness
ATT202504009614,STU009614,SCH046,2025-04-01,18,16,Family
ATT202504009615,STU009615,SCH012,2025-04-01,16,15,Medical
ATT202504009616,STU009616,SCH048,2025-04-01,18,16,Medical
ATT202504009617,STU009617,SCH003,2025-04-01,16,15,Family
ATT202504009618,STU009618,SCH037,2025-04-01,16,15,Medical
ATT202504009619,STU009619,SCH017,2025-04-01,18,18,
ATT202504009620,STU009620,SCH005,2025-04-01,18,16,Illness
ATT202504009621,STU009621,SCH028,2025-04-01,15,14,Other
ATT202504009623,STU009623,SCH044,2025-04-01,18,16,Unauthorised
ATT202504009624,STU009624,SCH041,2025-04-01,15,15,
ATT202504009625,STU009625,SCH006,2025-04-01,15,14,Medical
ATT202504009626,STU009626,SCH046,2025-04-01,14,13,Other
ATT202504009627,STU009627,SCH007,2025-04-01,17,16,Family
ATT202504009628,STU009628,SCH042,2025-04-01,15,13,Medical
ATT202504009629,STU009629,SCH026,2025-04-01,16,14,Unauthorised
ATT202504009630,STU009630,SCH014,2025-04-01,16,15,Illness
ATT202504009631,STU009631,SCH027,2025-04-01,14,12,Illness
ATT202504009632,STU009632,SCH031,2025-04-01,18,17,Illness
ATT202504009633,STU009633,SCH021,2025-04-01,18,15,Family
ATT202504009634,STU009634,SCH020,2025-04-01,14,13,Unauthorised
ATT202504009635,STU009635,SCH032,2025-04-01,14,13,Medical
ATT202504009636,STU009636,SCH010,2025-04-01,17,16,Family
ATT202504009637,STU009637,SCH019,2025-04-01,18,16,Other
ATT202504009638,STU009638,SCH037,2025-04-01,18,16,Medical
ATT202504009639,STU009639,SCH011,2025-04-01,14,13,Illness
ATT202504009640,STU009640,SCH023,2025-04-01,14,13,Medical
ATT202504009641,STU009641,SCH030,2025-04-01,14,13,Illness
ATT202504009642,STU009642,SCH047,2025-04-01,18,16,Family
ATT202504009644,STU009644,SCH013,2025-04-01,14,13,Medical
ATT202504009645,STU009645,SCH038,2025-04-01,17,16,Other
ATT202504009648,STU009648,SCH036,2025-04-01,15,14,Medical
ATT202504009650,STU009650,SCH031,2025-04-01,14,12,Illness
ATT202504009651,STU009651,SCH035,2025-04-01,18,16,Family
ATT202504009652,STU009652,SCH050,2025-04-01,17,15,Medical
ATT202504009653,STU009653,SCH047,2025-04-01,14,13,Medical
ATT202504009654,STU009654,SCH031,2025-04-01,16,14,Illness
ATT202504009657,STU009657,SCH028,2025-04-01,18,15,Illness
ATT202504009658,STU009658,SCH010,2025-04-01,18,16,Illness
ATT202504009659,STU009659,SCH023,2025-04-01,18,17,Unauthorised
ATT202504009660,STU009660,SCH009,2025-04-01,14,13,Illness
ATT202504009661,STU009661,SCH017,2025-04-01,18,17,Other
ATT202504009662,STU009662,SCH010,2025-04-01,17,16,Unauthorised
ATT202504009663,STU009663,SCH009,2025-04-01,16,14,Family
ATT202504009664,STU009664,SCH008,2025-04-01,18,16,Family
ATT202504009665,STU009665,SCH005,2025-04-01,18,17,Unauthorised
ATT202504009666,STU009666,SCH027,2025-04-01,18,16,Family
ATT202504009667,STU009667,SCH004,2025-04-01,15,14,Medical
ATT202504009668,STU009668,SCH036,2025-04-01,16,16,
ATT202504009669,STU009669,SCH011,2025-04-01,14,13,Medical
ATT202504009670,STU009670,SCH019,2025-04-01,18,16,Family
ATT202504009672,STU009672,SCH048,2025-04-01,18,16,Unauthorised
ATT202504009673,STU009673,SCH017,2025-04-01,17,16,Medical
ATT202504009674,STU009674,SCH049,2025-04-01,18,17,Other
ATT202504009675,STU009675,SCH012,2025-04-01,17,15,Unauthorised
ATT202504009676,STU009676,SCH024,2025-04-01,16,15,Other
ATT202504009677,STU009677,SCH032,2025-04-01,18,16,Family
ATT202504009678,STU009678,SCH012,2025-04-01,18,17,Other
ATT202504009679,STU009679,SCH041,2025-04-01,17,15,Illness
ATT202504009680,STU009680,SCH005,2025-04-01,14,14,
ATT202504009681,STU009681,SCH046,2025-04-01,17,16,Medical
ATT202504009683,STU009683,SCH024,2025-04-01,14,13,Illness
ATT202504009684,STU009684,SCH032,2025-04-01,18,16,Medical
ATT202504009685,STU009685,SCH050,2025-04-01,14,13,Family
ATT202504009686,STU009686,SCH043,2025-04-01,17,15,Illness
ATT202504009687,STU009687,SCH027,2025-04-01,14,12,Other
ATT202504009688,STU009688,SCH001,2025-04-01,15,14,Family
ATT202504009689,STU009689,SCH014,2025-04-01,15,14,Medical
ATT202504009690,STU009690,SCH046,2025-04-01,18,16,Other
ATT202504009691,STU009691,SCH041,2025-04-01,16,15,Medical
ATT202504009692,STU009692,SCH040,2025-04-01,15,13,Other
ATT202504009693,STU009693,SCH009,2025-04-01,18,17,Medical
ATT202504009694,STU009694,SCH025,2025-04-01,17,15,Unauthorised
ATT202504009695,STU009695,SCH050,2025-04-01,15,13,Illness
ATT202504009696,STU009696,SCH032,2025-04-01,14,13,Illness
ATT202504009697,STU009697,SCH031,2025-04-01,17,15,Unauthorised
ATT202504009698,STU009698,SCH046,2025-04-01,15,13,Illness
ATT202504009699,STU009699,SCH044,2025-04-01,16,15,Medical
ATT202504009700,STU009700,SCH009,2025-04-01,18,17,Other
ATT202504009701,STU009701,SCH018,2025-04-01,18,16,Illness
ATT202504009702,STU009702,SCH012,2025-04-01,18,17,Unauthorised
ATT202504009703,STU009703,SCH040,2025-04-01,18,17,Medical
ATT202504009704,STU009704,SCH031,2025-04-01,18,16,Medical
ATT202504009705,STU009705,SCH046,2025-04-01,14,12,Illness
ATT202504009706,STU009706,SCH013,2025-04-01,15,14,Medical
ATT202504009707,STU009707,SCH035,2025-04-01,15,14,Family
ATT202504009708,STU009708,SCH012,2025-04-01,16,15,Family
ATT202504009709,STU009709,SCH006,2025-04-01,14,12,Other
ATT202504009710,STU009710,SCH027,2025-04-01,16,14,Family
ATT202504009711,STU009711,SCH003,2025-04-01,18,17,Illness
ATT202504009712,STU009712,SCH047,2025-04-01,14,13,Illness
ATT202504009714,STU009714,SCH013,2025-04-01,17,16,Illness
ATT202504009715,STU009715,SCH011,2025-04-01,16,15,Illness
ATT202504009716,STU009716,SCH032,2025-04-01,14,13,Family
ATT202504009717,STU009717,SCH034,2025-04-01,16,15,Unauthorised
ATT202504009718,STU009718,SCH005,2025-04-01,14,13,Unauthorised
ATT202504009719,STU009719,SCH033,2025-04-01,14,13,Illness
ATT202504009720,STU009720,SCH014,2025-04-01,17,16,Illness
ATT202504009721,STU009721,SCH043,2025-04-01,17,15,Illness
ATT202504009722,STU009722,SCH009,2025-04-01,18,17,Illness
ATT202504009724,STU009724,SCH025,2025-04-01,17,15,Family
ATT202504009725,STU009725,SCH050,2025-04-01,15,14,Unauthorised
ATT202504009727,STU009727,SCH028,2025-04-01,15,15,
ATT202504009728,STU009728,SCH042,2025-04-01,14,13,Unauthorised
ATT202504009730,STU009730,SCH008,2025-04-01,16,14,Medical
ATT202504009731,STU009731,SCH020,2025-04-01,15,14,Unauthorised
ATT202504009732,STU009732,SCH009,2025-04-01,15,14,Other
ATT202504009733,STU009733,SCH010,2025-04-01,18,17,Unauthorised
ATT202504009734,STU009734,SCH016,2025-04-01,16,15,Unauthorised
ATT202504009735,STU009735,SCH021,2025-04-01,16,15,Family
ATT202504009736,STU009736,SCH045,2025-04-01,14,12,Other
ATT202504009737,STU009737,SCH046,2025-04-01,18,14,Family
ATT202504009738,STU009738,SCH044,2025-04-01,17,16,Other
ATT202504009739,STU009739,SCH009,2025-04-01,17,14,Family
ATT202504009741,STU009741,SCH014,2025-04-01,15,14,Unauthorised
ATT202504009742,STU009742,SCH020,2025-04-01,15,13,Medical
ATT202504009743,STU009743,SCH025,2025-04-01,15,15,
ATT202504009744,STU009744,SCH029,2025-04-01,14,12,Medical
ATT202504009745,STU009745,SCH038,2025-04-01,17,16,Family
ATT202504009746,STU009746,SCH022,2025-04-01,16,13,Unauthorised
ATT202504009747,STU009747,SCH026,2025-04-01,14,12,Family
ATT202504009748,STU009748,SCH036,2025-04-01,18,16,Medical
ATT202504009750,STU009750,SCH049,2025-04-01,18,18,
ATT202504009751,STU009751,SCH007,2025-04-01,17,16,Family
ATT202504009752,STU009752,SCH036,2025-04-01,14,13,Medical
ATT202504009753,STU009753,SCH040,2025-04-01,16,15,Medical
ATT202504009754,STU009754,SCH028,2025-04-01,18,17,Other
ATT202504009755,STU009755,SCH004,2025-04-01,14,12,Illness
ATT202504009756,STU009756,SCH021,2025-04-01,17,15,Other
ATT202504009757,STU009757,SCH050,2025-04-01,15,14,Illness
ATT202504009758,STU009758,SCH030,2025-04-01,17,16,Unauthorised
ATT202504009759,STU009759,SCH009,2025-04-01,16,15,Medical
ATT202504009760,STU009760,SCH024,2025-04-01,18,15,Family
ATT202504009761,STU009761,SCH016,2025-04-01,14,14,
ATT202504009762,STU009762,SCH045,2025-04-01,16,16,
ATT202504009763,STU009763,SCH046,2025-04-01,16,14,Illness
ATT202504009764,STU009764,SCH010,2025-04-01,17,16,Unauthorised
ATT202504009765,STU009765,SCH026,2025-04-01,16,15,Illness
ATT202504009766,STU009766,SCH042,2025-04-01,15,13,Other
ATT202504009767,STU009767,SCH021,2025-04-01,18,16,Family
ATT202504009768,STU009768,SCH014,2025-04-01,18,16,Medical
ATT202504009769,STU009769,SCH038,2025-04-01,17,17,
ATT202504009770,STU009770,SCH043,2025-04-01,16,15,Other
ATT202504009771,STU009771,SCH042,2025-04-01,18,16,Medical
ATT202504009772,STU009772,SCH049,2025-04-01,17,17,
ATT202504009773,STU009773,SCH037,2025-04-01,18,17,Family
ATT202504009774,STU009774,SCH005,2025-04-01,15,14,Unauthorised
ATT202504009775,STU009775,SCH038,2025-04-01,18,17,Illness
ATT202504009776,STU009776,SCH016,2025-04-01,16,15,Medical
ATT202504009777,STU009777,SCH014,2025-04-01,14,12,Family
ATT202504009778,STU009778,SCH016,2025-04-01,17,15,Medical
ATT202504009779,STU009779,SCH006,2025-04-01,16,15,Family
ATT202504009780,STU009780,SCH035,2025-04-01,16,15,Unauthorised
ATT202504009781,STU009781,SCH008,2025-04-01,17,15,Illness
ATT202504009782,STU009782,SCH016,2025-04-01,17,15,Medical
ATT202504009783,STU009783,SCH019,2025-04-01,16,15,Unauthorised
ATT202504009784,STU009784,SCH014,2025-04-01,14,13,Unauthorised
ATT202504009785,STU009785,SCH035,2025-04-01,16,15,Illness
ATT202504009786,STU009786,SCH023,2025-04-01,18,17,Family
ATT202504009787,STU009787,SCH025,2025-04-01,16,15,Illness
ATT202504009789,STU009789,SCH026,2025-04-01,16,15,Family
ATT202504009790,STU009790,SCH015,2025-04-01,15,14,Illness
ATT202504009791,STU009791,SCH014,2025-04-01,15,14,Medical
ATT202504009792,STU009792,SCH029,2025-04-01,18,16,Family
ATT202504009793,STU009793,SCH028,2025-04-01,18,16,Medical
ATT202504009794,STU009794,SCH008,2025-04-01,15,15,
ATT202504009795,STU009795,SCH045,2025-04-01,15,13,Illness
ATT202504009796,STU009796,SCH022,2025-04-01,15,15,
ATT202504009797,STU009797,SCH006,2025-04-01,18,16,Other
ATT202504009799,STU009799,SCH010,2025-04-01,17,15,Illness
ATT202504009800,STU009800,SCH008,2025-04-01,18,16,Other
ATT202504009801,STU009801,SCH028,2025-04-01,16,15,Illness
ATT202504009802,STU009802,SCH017,2025-04-01,14,12,Medical
ATT202504009803,STU009803,SCH016,2025-04-01,14,13,Unauthorised
ATT202504009804,STU009804,SCH042,2025-04-01,17,16,Illness
ATT202504009805,STU009805,SCH013,2025-04-01,16,16,
ATT202504009806,STU009806,SCH001,2025-04-01,14,13,Illness
ATT202504009807,STU009807,SCH002,2025-04-01,15,13,Other
ATT202504009808,STU009808,SCH036,2025-04-01,16,16,
ATT202504009809,STU009809,SCH030,2025-04-01,16,15,Family
ATT202504009810,STU009810,SCH007,2025-04-01,16,15,Illness
ATT202504009811,STU009811,SCH047,2025-04-01,17,15,Other
ATT202504009812,STU009812,SCH046,2025-04-01,15,14,Medical
ATT202504009813,STU009813,SCH033,2025-04-01,18,16,Medical
ATT202504009814,STU009814,SCH045,2025-04-01,17,15,Medical
ATT202504009815,STU009815,SCH014,2025-04-01,17,15,Illness
ATT202504009817,STU009817,SCH016,2025-04-01,15,14,Illness
ATT202504009818,STU009818,SCH003,2025-04-01,16,15,Unauthorised
ATT202504009819,STU009819,SCH027,2025-04-01,16,14,Illness
ATT202504009820,STU009820,SCH006,2025-04-01,18,16,Medical
ATT202504009822,STU009822,SCH018,2025-04-01,18,18,
ATT202504009823,STU009823,SCH045,2025-04-01,18,16,Illness
ATT202504009825,STU009825,SCH010,2025-04-01,15,14,Unauthorised
ATT202504009827,STU009827,SCH042,2025-04-01,18,16,Medical
ATT202504009828,STU009828,SCH046,2025-04-01,16,13,Medical
ATT202504009829,STU009829,SCH038,2025-04-01,16,15,Illness
ATT202504009830,STU009830,SCH035,2025-04-01,15,14,Unauthorised
ATT202504009832,STU009832,SCH026,2025-04-01,18,16,Medical
ATT202504009833,STU009833,SCH025,2025-04-01,15,14,Other
ATT202504009834,STU009834,SCH003,2025-04-01,18,16,Illness
ATT202504009835,STU009835,SCH031,2025-04-01,18,16,Unauthorised
ATT202504009836,STU009836,SCH037,2025-04-01,18,17,Other
ATT202504009837,STU009837,SCH037,2025-04-01,14,13,Family
ATT202504009838,STU009838,SCH049,2025-04-01,16,14,Illness
ATT202504009839,STU009839,SCH043,2025-04-01,15,14,Family
ATT202504009840,STU009840,SCH026,2025-04-01,18,16,Medical
ATT202504009841,STU009841,SCH035,2025-04-01,16,15,Medical
ATT202504009842,STU009842,SCH047,2025-04-01,16,15,Medical
ATT202504009843,STU009843,SCH035,2025-04-01,15,14,Illness
ATT202504009844,STU009844,SCH047,2025-04-01,16,14,Illness
ATT202504009846,STU009846,SCH015,2025-04-01,15,15,
ATT202504009847,STU009847,SCH026,2025-04-01,17,15,Medical
ATT202504009848,STU009848,SCH030,2025-04-01,15,13,Unauthorised
ATT202504009849,STU009849,SCH031,2025-04-01,16,14,Medical
ATT202504009850,STU009850,SCH006,2025-04-01,17,15,Family
ATT202504009851,STU009851,SCH018,2025-04-01,15,14,Other
ATT202504009852,STU009852,SCH007,2025-04-01,16,14,Medical
ATT202504009853,STU009853,SCH020,2025-04-01,14,13,Family
ATT202504009854,STU009854,SCH050,2025-04-01,15,13,Family
ATT202504009855,STU009855,SCH020,2025-04-01,17,16,Unauthorised
ATT202504009856,STU009856,SCH018,2025-04-01,16,16,
ATT202504009857,STU009857,SCH046,2025-04-01,17,15,Illness
ATT202504009858,STU009858,SCH008,2025-04-01,14,13,Family
ATT202504009859,STU009859,SCH031,2025-04-01,16,15,Family
ATT202504009860,STU009860,SCH041,2025-04-01,15,15,
ATT202504009861,STU009861,SCH002,2025-04-01,16,15,Unauthorised
ATT202504009862,STU009862,SCH033,2025-04-01,15,13,Illness
ATT202504009863,STU009863,SCH048,2025-04-01,14,12,Family
ATT202504009864,STU009864,SCH010,2025-04-01,16,15,Family
ATT202504009866,STU009866,SCH031,2025-04-01,18,17,Illness
ATT202504009867,STU009867,SCH015,2025-04-01,14,14,
ATT202504009868,STU009868,SCH029,2025-04-01,15,13,Family
ATT202504009869,STU009869,SCH012,2025-04-01,15,14,Other
ATT202504009870,STU009870,SCH031,2025-04-01,15,15,
ATT202504009871,STU009871,SCH033,2025-04-01,17,16,Illness
ATT202504009872,STU009872,SCH033,2025-04-01,15,13,Family
ATT202504009873,STU009873,SCH015,2025-04-01,15,13,Other
ATT202504009874,STU009874,SCH041,2025-04-01,18,16,Unauthorised
ATT202504009875,STU009875,SCH040,2025-04-01,17,16,Illness
ATT202504009876,STU009876,SCH019,2025-04-01,18,17,Other
ATT202504009878,STU009878,SCH007,2025-04-01,17,17,
ATT202504009879,STU009879,SCH023,2025-04-01,16,14,Other
ATT202504009880,STU009880,SCH033,2025-04-01,17,16,Medical
ATT202504009881,STU009881,SCH004,2025-04-01,15,14,Family
ATT202504009882,STU009882,SCH004,2025-04-01,14,13,Family
ATT202504009883,STU009883,SCH010,2025-04-01,16,14,Unauthorised
ATT202504009884,STU009884,SCH016,2025-04-01,16,15,Medical
ATT202504009885,STU009885,SCH008,2025-04-01,15,14,Other
ATT202504009886,STU009886,SCH029,2025-04-01,18,16,Medical
ATT202504009887,STU009887,SCH019,2025-04-01,14,14,
ATT202504009888,STU009888,SCH015,2025-04-01,14,13,Other
ATT202504009889,STU009889,SCH019,2025-04-01,17,15,Unauthorised
ATT202504009890,STU009890,SCH021,2025-04-01,14,13,Medical
ATT202504009891,STU009891,SCH049,2025-04-01,18,16,Other
ATT202504009892,STU009892,SCH013,2025-04-01,14,14,
ATT202504009893,STU009893,SCH046,2025-04-01,17,14,Family
ATT202504009894,STU009894,SCH010,2025-04-01,15,13,Other
ATT202504009895,STU009895,SCH027,2025-04-01,18,16,Medical
ATT202504009896,STU009896,SCH018,2025-04-01,18,16,Unauthorised
ATT202504009897,STU009897,SCH040,2025-04-01,18,17,Unauthorised
ATT202504009898,STU009898,SCH018,2025-04-01,14,14,
ATT202504009899,STU009899,SCH016,2025-04-01,18,15,Illness
ATT202504009900,STU009900,SCH041,2025-04-01,15,14,Other
ATT202504009901,STU009901,SCH010,2025-04-01,17,15,Unauthorised
ATT202504009902,STU009902,SCH044,2025-04-01,17,16,Unauthorised
ATT202504009903,STU009903,SCH031,2025-04-01,14,12,Medical
ATT202504009904,STU009904,SCH046,2025-04-01,16,14,Unauthorised
ATT202504009905,STU009905,SCH030,2025-04-01,17,16,Medical
ATT202504009906,STU009906,SCH005,2025-04-01,17,17,
ATT202504009907,STU009907,SCH026,2025-04-01,17,16,Other
ATT202504009908,STU009908,SCH038,2025-04-01,17,16,Other
ATT202504009910,STU009910,SCH037,2025-04-01,14,14,
ATT202504009911,STU009911,SCH038,2025-04-01,18,17,Medical
ATT202504009912,STU009912,SCH039,2025-04-01,15,14,Family
ATT202504009914,STU009914,SCH029,2025-04-01,17,15,Medical
ATT202504009915,STU009915,SCH004,2025-04-01,17,17,
ATT202504009917,STU009917,SCH045,2025-04-01,15,13,Other
ATT202504009918,STU009918,SCH034,2025-04-01,17,15,Illness
ATT202504009919,STU009919,SCH031,2025-04-01,14,13,Medical
ATT202504009920,STU009920,SCH048,2025-04-01,14,13,Other
ATT202504009921,STU009921,SCH014,2025-04-01,14,14,
ATT202504009922,STU009922,SCH028,2025-04-01,14,12,Unauthorised
ATT202504009923,STU009923,SCH004,2025-04-01,14,12,Family
ATT202504009924,STU009924,SCH040,2025-04-01,14,14,
ATT202504009925,STU009925,SCH031,2025-04-01,17,17,
ATT202504009926,STU009926,SCH015,2025-04-01,14,14,
ATT202504009927,STU009927,SCH038,2025-04-01,16,16,
ATT202504009928,STU009928,SCH038,2025-04-01,17,15,Illness
ATT202504009929,STU009929,SCH018,2025-04-01,18,15,Medical
ATT202504009930,STU009930,SCH045,2025-04-01,15,13,Illness
ATT202504009931,STU009931,SCH029,2025-04-01,14,13,Medical
ATT202504009932,STU009932,SCH040,2025-04-01,14,14,
ATT202504009933,STU009933,SCH045,2025-04-01,18,16,Illness
ATT202504009934,STU009934,SCH049,2025-04-01,14,12,Other
ATT202504009935,STU009935,SCH027,2025-04-01,17,15,Medical
ATT202504009936,STU009936,SCH014,2025-04-01,17,16,Family
ATT202504009939,STU009939,SCH012,2025-04-01,15,13,Medical
ATT202504009940,STU009940,SCH042,2025-04-01,15,13,Family
ATT202504009942,STU009942,SCH016,2025-04-01,15,14,Unauthorised
ATT202504009943,STU009943,SCH031,2025-04-01,14,12,Family
ATT202504009944,STU009944,SCH033,2025-04-01,18,17,Family
ATT202504009945,STU009945,SCH033,2025-04-01,16,14,Other
ATT202504009946,STU009946,SCH050,2025-04-01,18,17,Family
ATT202504009947,STU009947,SCH034,2025-04-01,18,14,Unauthorised
ATT202504009948,STU009948,SCH032,2025-04-01,17,15,Unauthorised
ATT202504009949,STU009949,SCH030,2025-04-01,18,16,Medical
ATT202504009950,STU009950,SCH004,2025-04-01,16,14,Medical
ATT202504009951,STU009951,SCH048,2025-04-01,14,14,
ATT202504009952,STU009952,SCH020,2025-04-01,16,15,Family
ATT202504009953,STU009953,SCH042,2025-04-01,17,15,Other
ATT202504009954,STU009954,SCH029,2025-04-01,16,15,Family
ATT202504009955,STU009955,SCH010,2025-04-01,16,15,Unauthorised
ATT202504009956,STU009956,SCH010,2025-04-01,15,13,Illness
ATT202504009957,STU009957,SCH043,2025-04-01,16,13,Family
ATT202504009958,STU009958,SCH037,2025-04-01,16,14,Illness
ATT202504009959,STU009959,SCH015,2025-04-01,16,15,Other
ATT202504009960,STU009960,SCH020,2025-04-01,17,15,Medical
ATT202504009961,STU009961,SCH026,2025-04-01,14,12,Illness
ATT202504009962,STU009962,SCH033,2025-04-01,16,15,Medical
ATT202504009963,STU009963,SCH008,2025-04-01,18,18,
ATT202504009964,STU009964,SCH037,2025-04-01,18,17,Unauthorised
ATT202504009965,STU009965,SCH021,2025-04-01,18,18,
ATT202504009966,STU009966,SCH043,2025-04-01,16,14,Illness
ATT202504009968,STU009968,SCH046,2025-04-01,18,16,Family
ATT202504009969,STU009969,SCH014,2025-04-01,16,15,Illness
ATT202504009970,STU009970,SCH021,2025-04-01,16,14,Illness
ATT202504009971,STU009971,SCH035,2025-04-01,15,14,Medical
ATT202504009972,STU009972,SCH031,2025-04-01,14,12,Other
ATT202504009974,STU009974,SCH032,2025-04-01,16,14,Medical
ATT202504009975,STU009975,SCH004,2025-04-01,14,12,Illness
ATT202504009976,STU009976,SCH030,2025-04-01,15,14,Unauthorised
ATT202504009977,STU009977,SCH031,2025-04-01,17,15,Unauthorised
ATT202504009978,STU009978,SCH048,2025-04-01,14,13,Illness
ATT202504009979,STU009979,SCH004,2025-04-01,15,13,Unauthorised
ATT202504009980,STU009980,SCH031,2025-04-01,14,13,Illness
ATT202504009981,STU009981,SCH035,2025-04-01,14,13,Unauthorised
ATT202504009982,STU009982,SCH026,2025-04-01,16,14,Illness
ATT202504009983,STU009983,SCH045,2025-04-01,16,15,Medical
ATT202504009984,STU009984,SCH025,2025-04-01,18,16,Unauthorised
ATT202504009985,STU009985,SCH012,2025-04-01,14,12,Illness
ATT202504009986,STU009986,SCH026,2025-04-01,16,15,Illness
ATT202504009987,STU009987,SCH033,2025-04-01,15,13,Illness
ATT202504009988,STU009988,SCH009,2025-04-01,16,14,Unauthorised
ATT202504009989,STU009989,SCH010,2025-04-01,17,17,
ATT202504009990,STU009990,SCH018,2025-04-01,16,14,Medical
ATT202504009991,STU009991,SCH033,2025-04-01,15,14,Unauthorised
ATT202504009992,STU009992,SCH040,2025-04-01,18,16,Illness
ATT202504009993,STU009993,SCH020,2025-04-01,14,12,Medical
ATT202504009994,STU009994,SCH042,2025-04-01,16,13,Medical
ATT202504009995,STU009995,SCH033,2025-04-01,14,13,Other
ATT202504009996,STU009996,SCH016,2025-04-01,18,16,Medical
ATT202504009997,STU009997,SCH014,2025-04-01,14,12,Family
ATT202504009998,STU009998,SCH027,2025-04-01,16,14,Unauthorised
ATT202504009999,STU009999,SCH018,2025-04-01,16,15,Unauthorised
ATT202504010000,STU010000,SCH019,2025-04-01,14,13,Illness
ATT202504010001,STU010001,SCH041,2025-04-01,18,16,Medical
ATT202504010003,STU010003,SCH048,2025-04-01,16,15,Other
ATT202504010004,STU010004,SCH048,2025-04-01,14,12,Unauthorised
ATT202504010005,STU010005,SCH014,2025-04-01,15,13,Family
ATT202504010006,STU010006,SCH008,2025-04-01,17,16,Family
ATT202504010007,STU010007,SCH030,2025-04-01,16,15,Other
ATT202504010008,STU010008,SCH005,2025-04-01,17,15,Illness
ATT202504010010,STU010010,SCH016,2025-04-01,17,15,Illness
ATT202504010011,STU010011,SCH011,2025-04-01,17,17,
ATT202504010012,STU010012,SCH025,2025-04-01,17,16,Other
ATT202504010013,STU010013,SCH040,2025-04-01,16,15,Family
ATT202504010014,STU010014,SCH050,2025-04-01,16,15,Other
ATT202504010015,STU010015,SCH046,2025-04-01,18,16,Medical
ATT202504010016,STU010016,SCH046,2025-04-01,17,16,Illness
ATT202504010017,STU010017,SCH015,2025-04-01,17,15,Illness
ATT202504010018,STU010018,SCH032,2025-04-01,18,17,Unauthorised
ATT202504010019,STU010019,SCH031,2025-04-01,17,16,Other
ATT202504010020,STU010020,SCH016,2025-04-01,15,14,Unauthorised
ATT202504010021,STU010021,SCH037,2025-04-01,15,13,Family
ATT202504010022,STU010022,SCH010,2025-04-01,16,16,
ATT202504010023,STU010023,SCH034,2025-04-01,18,16,Unauthorised
ATT202504010024,STU010024,SCH031,2025-04-01,14,12,Medical
ATT202504010025,STU010025,SCH046,2025-04-01,17,16,Family
ATT202504010026,STU010026,SCH039,2025-04-01,18,16,Unauthorised
ATT202504010027,STU010027,SCH030,2025-04-01,14,13,Medical
ATT202504010028,STU010028,SCH030,2025-04-01,16,15,Other
ATT202504010029,STU010029,SCH032,2025-04-01,18,16,Other
ATT202504010030,STU010030,SCH035,2025-04-01,16,14,Family
ATT202504010031,STU010031,SCH040,2025-04-01,18,16,Family
ATT202504010032,STU010032,SCH010,2025-04-01,15,13,Unauthorised
ATT202504010033,STU010033,SCH039,2025-04-01,16,15,Family
ATT202504010034,STU010034,SCH019,2025-04-01,17,16,Medical
ATT202504010035,STU010035,SCH019,2025-04-01,18,17,Family
ATT202504010036,STU010036,SCH033,2025-04-01,14,12,Illness
ATT202504010037,STU010037,SCH015,2025-04-01,14,13,Medical
ATT202504010038,STU010038,SCH035,2025-04-01,17,16,Unauthorised
ATT202504010039,STU010039,SCH005,2025-04-01,14,13,Illness
ATT202504010041,STU010041,SCH018,2025-04-01,14,13,Illness
ATT202504010042,STU010042,SCH027,2025-04-01,16,16,
ATT202504010043,STU010043,SCH031,2025-04-01,15,13,Unauthorised
ATT202504010044,STU010044,SCH028,2025-04-01,17,16,Family
ATT202504010045,STU010045,SCH046,2025-04-01,18,16,Medical
ATT202504010046,STU010046,SCH014,2025-04-01,17,16,Other
ATT202504010048,STU010048,SCH046,2025-04-01,16,13,Medical
ATT202504010049,STU010049,SCH011,2025-04-01,18,16,Family
ATT202504010050,STU010050,SCH021,2025-04-01,14,14,
ATT202504010051,STU010051,SCH038,2025-04-01,18,17,Medical
ATT202504010052,STU010052,SCH021,2025-04-01,18,17,Medical
ATT202504010053,STU010053,SCH037,2025-04-01,15,13,Unauthorised
ATT202504010054,STU010054,SCH050,2025-04-01,18,16,Illness
ATT202504010055,STU010055,SCH040,2025-04-01,18,17,Medical
ATT202504010056,STU010056,SCH047,2025-04-01,14,13,Other
ATT202504010057,STU010057,SCH037,2025-04-01,14,12,Unauthorised
ATT202504010058,STU010058,SCH007,2025-04-01,18,16,Illness
ATT202504010059,STU010059,SCH021,2025-04-01,14,12,Illness
ATT202504010060,STU010060,SCH022,2025-04-01,18,16,Illness
ATT202504010061,STU010061,SCH028,2025-04-01,16,15,Illness
ATT202504010063,STU010063,SCH039,2025-04-01,18,17,Unauthorised
ATT202504010064,STU010064,SCH020,2025-04-01,16,15,Medical
ATT202504010066,STU010066,SCH046,2025-04-01,15,14,Family
ATT202504010067,STU010067,SCH004,2025-04-01,17,16,Illness
ATT202504010068,STU010068,SCH041,2025-04-01,18,17,Medical
ATT202504010069,STU010069,SCH020,2025-04-01,18,17,Illness
ATT202504010070,STU010070,SCH016,2025-04-01,14,13,Illness
ATT202504010071,STU010071,SCH021,2025-04-01,15,13,Family
ATT202504010072,STU010072,SCH040,2025-04-01,14,13,Unauthorised
ATT202504010073,STU010073,SCH011,2025-04-01,15,14,Illness
ATT202504010074,STU010074,SCH044,2025-04-01,17,16,Illness
ATT202504010075,STU010075,SCH035,2025-04-01,18,16,Medical
ATT202504010076,STU010076,SCH004,2025-04-01,16,15,Family
ATT202504010077,STU010077,SCH007,2025-04-01,16,16,
ATT202504010078,STU010078,SCH023,2025-04-01,14,14,
ATT202504010079,STU010079,SCH032,2025-04-01,16,15,Family
ATT202504010080,STU010080,SCH048,2025-04-01,18,16,Family
ATT202504010081,STU010081,SCH030,2025-04-01,18,16,Family
ATT202504010082,STU010082,SCH043,2025-04-01,14,13,Unauthorised
ATT202504010083,STU010083,SCH048,2025-04-01,15,14,Medical
ATT202504010085,STU010085,SCH004,2025-04-01,16,15,Family
ATT202504010086,STU010086,SCH037,2025-04-01,16,15,Unauthorised
ATT202504010087,STU010087,SCH032,2025-04-01,18,16,Other
ATT202504010088,STU010088,SCH016,2025-04-01,18,17,Illness
ATT202504010089,STU010089,SCH026,2025-04-01,15,14,Medical
ATT202504010091,STU010091,SCH031,2025-04-01,17,14,Unauthorised
ATT202504010092,STU010092,SCH025,2025-04-01,17,15,Illness
ATT202504010093,STU010093,SCH049,2025-04-01,14,12,Medical
ATT202504010094,STU010094,SCH007,2025-04-01,16,15,Family
ATT202504010095,STU010095,SCH028,2025-04-01,17,15,Unauthorised
ATT202504010096,STU010096,SCH029,2025-04-01,15,15,
ATT202504010097,STU010097,SCH046,2025-04-01,15,14,Medical
ATT202504010098,STU010098,SCH050,2025-04-01,14,13,Unauthorised
ATT202504010099,STU010099,SCH020,2025-04-01,14,13,Other
ATT202504010100,STU010100,SCH019,2025-04-01,15,14,Illness
ATT202504010101,STU010101,SCH029,2025-04-01,16,14,Other
ATT202504010102,STU010102,SCH043,2025-04-01,17,15,Illness
ATT202504010104,STU010104,SCH031,2025-04-01,18,18,
ATT202504010105,STU010105,SCH013,2025-04-01,18,16,Medical
ATT202504010106,STU010106,SCH023,2025-04-01,17,15,Family
ATT202504010107,STU010107,SCH019,2025-04-01,17,16,Other
ATT202504010108,STU010108,SCH043,2025-04-01,18,17,Illness
ATT202504010109,STU010109,SCH005,2025-04-01,17,16,Medical
ATT202504010110,STU010110,SCH026,2025-04-01,15,14,Unauthorised
ATT202504010111,STU010111,SCH043,2025-04-01,14,13,Unauthorised
ATT202504010112,STU010112,SCH017,2025-04-01,17,16,Illness
ATT202504010113,STU010113,SCH043,2025-04-01,14,12,Unauthorised
ATT202504010114,STU010114,SCH030,2025-04-01,18,16,Family
ATT202504010115,STU010115,SCH007,2025-04-01,15,14,Other
ATT202504010116,STU010116,SCH046,2025-04-01,18,16,Family
ATT202504010117,STU010117,SCH032,2025-04-01,18,15,Medical
ATT202504010118,STU010118,SCH023,2025-04-01,16,15,Other
ATT202504010119,STU010119,SCH010,2025-04-01,16,14,Illness
ATT202504010120,STU010120,SCH014,2025-04-01,17,15,Family
ATT202504010121,STU010121,SCH026,2025-04-01,14,13,Other
ATT202504010122,STU010122,SCH044,2025-04-01,15,13,Unauthorised
ATT202504010123,STU010123,SCH018,2025-04-01,17,17,
ATT202504010124,STU010124,SCH049,2025-04-01,18,15,Unauthorised
ATT202504010125,STU010125,SCH010,2025-04-01,17,16,Medical
ATT202504010126,STU010126,SCH037,2025-04-01,18,17,Unauthorised
ATT202504010127,STU010127,SCH035,2025-04-01,18,17,Other
ATT202504010128,STU010128,SCH010,2025-04-01,16,13,Other
ATT202504010129,STU010129,SCH003,2025-04-01,14,13,Illness
ATT202504010130,STU010130,SCH035,2025-04-01,14,13,Other
ATT202504010131,STU010131,SCH015,2025-04-01,15,13,Family
ATT202504010132,STU010132,SCH043,2025-04-01,14,12,Family
ATT202504010133,STU010133,SCH036,2025-04-01,17,17,
ATT202504010134,STU010134,SCH010,2025-04-01,18,16,Unauthorised
ATT202504010135,STU010135,SCH039,2025-04-01,17,16,Other
ATT202504010137,STU010137,SCH002,2025-04-01,14,13,Other
ATT202504010138,STU010138,SCH041,2025-04-01,17,16,Unauthorised
ATT202504010139,STU010139,SCH008,2025-04-01,18,17,Medical
ATT202504010140,STU010140,SCH034,2025-04-01,17,14,Illness
ATT202504010142,STU010142,SCH046,2025-04-01,15,15,
ATT202504010143,STU010143,SCH021,2025-04-01,15,13,Illness
ATT202504010144,STU010144,SCH004,2025-04-01,15,13,Unauthorised
ATT202504010145,STU010145,SCH019,2025-04-01,18,16,Illness
ATT202504010146,STU010146,SCH010,2025-04-01,17,15,Illness
ATT202504010147,STU010147,SCH046,2025-04-01,18,16,Other
ATT202504010148,STU010148,SCH046,2025-04-01,14,13,Other
ATT202504010149,STU010149,SCH012,2025-04-01,16,14,Family
ATT202504010150,STU010150,SCH031,2025-04-01,14,13,Unauthorised
ATT202504010151,STU010151,SCH015,2025-04-01,16,16,
ATT202504010152,STU010152,SCH007,2025-04-01,16,15,Unauthorised
ATT202504010153,STU010153,SCH021,2025-04-01,14,13,Illness
ATT202504010154,STU010154,SCH025,2025-04-01,17,16,Other
ATT202504010155,STU010155,SCH034,2025-04-01,16,14,Family
ATT202504010156,STU010156,SCH012,2025-04-01,14,12,Illness
ATT202504010157,STU010157,SCH037,2025-04-01,18,17,Family
ATT202504010158,STU010158,SCH020,2025-04-01,18,16,Illness
ATT202504010159,STU010159,SCH035,2025-04-01,18,17,Other
ATT202504010160,STU010160,SCH025,2025-04-01,17,16,Unauthorised
ATT202504010161,STU010161,SCH035,2025-04-01,18,17,Other
ATT202504010162,STU010162,SCH019,2025-04-01,14,13,Medical
ATT202504010163,STU010163,SCH001,2025-04-01,17,16,Other
ATT202504010164,STU010164,SCH031,2025-04-01,16,15,Family
ATT202504010165,STU010165,SCH039,2025-04-01,16,16,
ATT202504010167,STU010167,SCH003,2025-04-01,14,13,Other
ATT202504010168,STU010168,SCH047,2025-04-01,17,16,Family
ATT202504010169,STU010169,SCH005,2025-04-01,18,17,Illness
ATT202504010170,STU010170,SCH047,2025-04-01,18,18,
ATT202504010171,STU010171,SCH049,2025-04-01,15,14,Medical
ATT202504010172,STU010172,SCH014,2025-04-01,15,14,Medical
ATT202504010173,STU010173,SCH029,2025-04-01,14,13,Other
ATT202504010174,STU010174,SCH019,2025-04-01,18,16,Family
ATT202504010175,STU010175,SCH010,2025-04-01,18,15,Other
ATT202504010176,STU010176,SCH006,2025-04-01,18,17,Illness
ATT202504010177,STU010177,SCH009,2025-04-01,16,15,Unauthorised
ATT202504010178,STU010178,SCH047,2025-04-01,15,14,Medical
ATT202504010179,STU010179,SCH031,2025-04-01,18,16,Family
ATT202504010180,STU010180,SCH028,2025-04-01,14,13,Unauthorised
ATT202504010181,STU010181,SCH041,2025-04-01,16,15,Unauthorised
ATT202504010182,STU010182,SCH025,2025-04-01,17,16,Family
ATT202504010183,STU010183,SCH014,2025-04-01,15,15,
ATT202504010184,STU010184,SCH014,2025-04-01,16,16,
ATT202504010185,STU010185,SCH043,2025-04-01,15,14,Medical
ATT202504010186,STU010186,SCH031,2025-04-01,14,12,Illness
ATT202504010187,STU010187,SCH046,2025-04-01,14,13,Unauthorised
ATT202504010188,STU010188,SCH021,2025-04-01,17,15,Other
ATT202504010189,STU010189,SCH018,2025-04-01,17,15,Unauthorised
ATT202504010191,STU010191,SCH025,2025-04-01,15,15,
ATT202504010192,STU010192,SCH003,2025-04-01,15,14,Other
ATT202504010193,STU010193,SCH007,2025-04-01,16,15,Other
ATT202504010194,STU010194,SCH031,2025-04-01,17,15,Medical
ATT202504010195,STU010195,SCH035,2025-04-01,16,14,Medical
ATT202504010196,STU010196,SCH010,2025-04-01,14,12,Other
ATT202504010197,STU010197,SCH020,2025-04-01,17,16,Other
ATT202504010198,STU010198,SCH037,2025-04-01,18,17,Other
ATT202504010199,STU010199,SCH018,2025-04-01,15,15,
ATT202504010200,STU010200,SCH047,2025-04-01,17,17,
ATT202504010201,STU010201,SCH004,2025-04-01,16,14,Other
ATT202504010202,STU010202,SCH011,2025-04-01,15,14,Family
ATT202504010203,STU010203,SCH039,2025-04-01,14,13,Family
ATT202504010204,STU010204,SCH038,2025-04-01,16,15,Medical
ATT202504010205,STU010205,SCH043,2025-04-01,17,15,Unauthorised
ATT202504010206,STU010206,SCH016,2025-04-01,18,17,Illness
ATT202504010207,STU010207,SCH031,2025-04-01,15,12,Illness
ATT202504010208,STU010208,SCH027,2025-04-01,15,14,Medical
ATT202504010209,STU010209,SCH043,2025-04-01,16,14,Illness
ATT202504010210,STU010210,SCH045,2025-04-01,18,17,Unauthorised
ATT202504010211,STU010211,SCH005,2025-04-01,15,13,Other
ATT202504010212,STU010212,SCH021,2025-04-01,17,15,Family
ATT202504010213,STU010213,SCH036,2025-04-01,17,17,
ATT202504010214,STU010214,SCH015,2025-04-01,16,15,Illness
ATT202504010215,STU010215,SCH011,2025-04-01,18,17,Medical
ATT202504010216,STU010216,SCH031,2025-04-01,16,14,Illness
ATT202504010217,STU010217,SCH048,2025-04-01,17,16,Unauthorised
ATT202504010218,STU010218,SCH028,2025-04-01,17,16,Unauthorised
ATT202504010219,STU010219,SCH019,2025-04-01,15,15,
ATT202504010220,STU010220,SCH004,2025-04-01,17,15,Illness
ATT202504010221,STU010221,SCH014,2025-04-01,18,17,Family
ATT202504010222,STU010222,SCH046,2025-04-01,17,16,Unauthorised
ATT202504010223,STU010223,SCH021,2025-04-01,14,12,Unauthorised
ATT202504010224,STU010224,SCH010,2025-04-01,17,15,Family
ATT202504010225,STU010225,SCH031,2025-04-01,15,14,Medical
ATT202504010226,STU010226,SCH011,2025-04-01,18,18,
ATT202504010227,STU010227,SCH029,2025-04-01,18,15,Other
ATT202504010228,STU010228,SCH024,2025-04-01,16,14,Illness
ATT202504010229,STU010229,SCH046,2025-04-01,18,17,Medical
ATT202504010230,STU010230,SCH020,2025-04-01,17,17,
ATT202504010231,STU010231,SCH031,2025-04-01,14,13,Illness
ATT202504010232,STU010232,SCH037,2025-04-01,17,16,Illness
ATT202504010233,STU010233,SCH010,2025-04-01,18,18,
ATT202504010234,STU010234,SCH040,2025-04-01,17,16,Family
ATT202504010235,STU010235,SCH036,2025-04-01,16,15,Family
ATT202504010236,STU010236,SCH042,2025-04-01,18,16,Illness
ATT202504010237,STU010237,SCH014,2025-04-01,17,14,Medical
ATT202504010238,STU010238,SCH003,2025-04-01,18,18,
ATT202504010240,STU010240,SCH021,2025-04-01,18,17,Illness
ATT202504010241,STU010241,SCH030,2025-04-01,15,14,Other
ATT202504010242,STU010242,SCH011,2025-04-01,14,12,Medical
ATT202504010243,STU010243,SCH039,2025-04-01,14,12,Other
ATT202504010244,STU010244,SCH018,2025-04-01,14,13,Medical
ATT202504010245,STU010245,SCH021,2025-04-01,14,13,Illness
ATT202504010246,STU010246,SCH006,2025-04-01,18,18,
ATT202504010247,STU010247,SCH016,2025-04-01,15,13,Unauthorised
ATT202504010248,STU010248,SCH025,2025-04-01,17,17,
ATT202504010249,STU010249,SCH030,2025-04-01,16,14,Illness
ATT202504010250,STU010250,SCH044,2025-04-01,17,16,Illness
ATT202504010251,STU010251,SCH041,2025-04-01,15,15,
ATT202504010252,STU010252,SCH036,2025-04-01,16,15,Unauthorised
ATT202504010253,STU010253,SCH012,2025-04-01,17,15,Illness
ATT202504010254,STU010254,SCH004,2025-04-01,17,17,
ATT202504010255,STU010255,SCH027,2025-04-01,15,13,Illness
ATT202504010256,STU010256,SCH041,2025-04-01,14,14,
ATT202504010257,STU010257,SCH005,2025-04-01,18,17,Unauthorised
ATT202504010259,STU010259,SCH003,2025-04-01,14,13,Unauthorised
ATT202504010260,STU010260,SCH029,2025-04-01,18,17,Family
ATT202504010261,STU010261,SCH031,2025-04-01,14,13,Unauthorised
ATT202504010262,STU010262,SCH050,2025-04-01,14,12,Family
ATT202504010263,STU010263,SCH005,2025-04-01,16,14,Unauthorised
ATT202504010264,STU010264,SCH026,2025-04-01,18,16,Illness
ATT202504010265,STU010265,SCH006,2025-04-01,15,14,Unauthorised
ATT202504010266,STU010266,SCH022,2025-04-01,15,14,Family
ATT202504010267,STU010267,SCH010,2025-04-01,16,14,Unauthorised
ATT202504010268,STU010268,SCH032,2025-04-01,17,15,Family
ATT202504010269,STU010269,SCH027,2025-04-01,15,14,Medical
ATT202504010270,STU010270,SCH021,2025-04-01,17,15,Other
ATT202504010271,STU010271,SCH018,2025-04-01,14,13,Family
ATT202504010272,STU010272,SCH007,2025-04-01,17,16,Other
ATT202504010273,STU010273,SCH041,2025-04-01,15,14,Illness
ATT202504010274,STU010274,SCH046,2025-04-01,17,16,Family
ATT202504010275,STU010275,SCH005,2025-04-01,16,15,Medical
ATT202504010276,STU010276,SCH046,2025-04-01,17,15,Other
ATT202504010277,STU010277,SCH010,2025-04-01,18,16,Family
ATT202504010278,STU010278,SCH017,2025-04-01,14,12,Illness
ATT202504010279,STU010279,SCH029,2025-04-01,17,16,Illness
ATT202504010280,STU010280,SCH001,2025-04-01,15,13,Medical
ATT202504010281,STU010281,SCH033,2025-04-01,17,16,Family
ATT202504010282,STU010282,SCH031,2025-04-01,16,14,Medical
ATT202504010283,STU010283,SCH003,2025-04-01,16,14,Unauthorised
ATT202504010284,STU010284,SCH031,2025-04-01,18,16,Family
ATT202504010285,STU010285,SCH007,2025-04-01,14,14,
ATT202504010286,STU010286,SCH010,2025-04-01,17,16,Other
ATT202504010287,STU010287,SCH028,2025-04-01,14,13,Medical
ATT202504010288,STU010288,SCH008,2025-04-01,14,13,Illness
ATT202504010289,STU010289,SCH020,2025-04-01,17,17,
ATT202504010290,STU010290,SCH045,2025-04-01,18,16,Family
ATT202504010291,STU010291,SCH010,2025-04-01,17,16,Unauthorised
ATT202504010292,STU010292,SCH031,2025-04-01,15,13,Unauthorised
ATT202504010293,STU010293,SCH047,2025-04-01,17,16,Illness
ATT202504010294,STU010294,SCH015,2025-04-01,18,16,Other
ATT202504010295,STU010295,SCH004,2025-04-01,16,14,Other
ATT202504010296,STU010296,SCH021,2025-04-01,15,13,Unauthorised
ATT202504010297,STU010297,SCH031,2025-04-01,17,16,Family
ATT202504010298,STU010298,SCH043,2025-04-01,16,14,Family
ATT202504010299,STU010299,SCH031,2025-04-01,14,13,Medical
ATT202504010300,STU010300,SCH044,2025-04-01,15,13,Medical
ATT202504010301,STU010301,SCH045,2025-04-01,17,15,Illness
ATT202504010302,STU010302,SCH031,2025-04-01,15,14,Illness
ATT202504010303,STU010303,SCH013,2025-04-01,14,13,Unauthorised
ATT202504010304,STU010304,SCH016,2025-04-01,18,16,Unauthorised
ATT202504010305,STU010305,SCH035,2025-04-01,16,15,Medical
ATT202504010306,STU010306,SCH010,2025-04-01,16,15,Unauthorised
ATT202504010307,STU010307,SCH025,2025-04-01,15,15,
ATT202504010308,STU010308,SCH049,2025-04-01,15,14,Other
ATT202504010309,STU010309,SCH037,2025-04-01,17,17,
ATT202504010310,STU010310,SCH031,2025-04-01,18,16,Other
ATT202504010311,STU010311,SCH031,2025-04-01,18,16,Medical
ATT202504010312,STU010312,SCH021,2025-04-01,17,17,
ATT202504010313,STU010313,SCH044,2025-04-01,15,12,Other
ATT202504010314,STU010314,SCH006,2025-04-01,15,14,Medical
ATT202504010315,STU010315,SCH031,2025-04-01,14,13,Unauthorised
ATT202504010316,STU010316,SCH040,2025-04-01,14,13,Illness
ATT202504010317,STU010317,SCH033,2025-04-01,17,16,Unauthorised
ATT202504010318,STU010318,SCH035,2025-04-01,16,14,Illness
ATT202504010319,STU010319,SCH003,2025-04-01,18,17,Unauthorised
ATT202504010320,STU010320,SCH040,2025-04-01,14,13,Illness
ATT202504010321,STU010321,SCH019,2025-04-01,14,14,
ATT202504010322,STU010322,SCH035,2025-04-01,18,16,Other
ATT202504010323,STU010323,SCH021,2025-04-01,14,12,Unauthorised
ATT202504010324,STU010324,SCH035,2025-04-01,18,17,Family
ATT202504010325,STU010325,SCH004,2025-04-01,15,14,Unauthorised
ATT202504010326,STU010326,SCH014,2025-04-01,14,12,Medical
ATT202504010327,STU010327,SCH010,2025-04-01,17,16,Family
ATT202504010328,STU010328,SCH027,2025-04-01,15,14,Other
ATT202504010329,STU010329,SCH044,2025-04-01,17,15,Unauthorised
ATT202504010330,STU010330,SCH044,2025-04-01,14,12,Unauthorised
ATT202504010331,STU010331,SCH008,2025-04-01,14,13,Unauthorised
ATT202504010332,STU010332,SCH046,2025-04-01,17,15,Unauthorised
ATT202504010333,STU010333,SCH007,2025-04-01,17,15,Illness
ATT202504010334,STU010334,SCH011,2025-04-01,17,17,
ATT202504010335,STU010335,SCH019,2025-04-01,18,17,Illness
ATT202504010336,STU010336,SCH014,2025-04-01,15,14,Unauthorised
ATT202504010337,STU010337,SCH031,2025-04-01,14,13,Other
ATT202504010338,STU010338,SCH037,2025-04-01,18,17,Unauthorised
ATT202504010339,STU010339,SCH041,2025-04-01,18,16,Other
ATT202504010340,STU010340,SCH021,2025-04-01,17,15,Other
ATT202504010341,STU010341,SCH042,2025-04-01,14,12,Other
ATT202504010342,STU010342,SCH045,2025-04-01,18,17,Unauthorised
ATT202504010343,STU010343,SCH023,2025-04-01,15,13,Medical
ATT202504010344,STU010344,SCH035,2025-04-01,16,15,Illness
ATT202504010345,STU010345,SCH046,2025-04-01,14,13,Illness
ATT202504010346,STU010346,SCH046,2025-04-01,15,13,Medical
ATT202504010347,STU010347,SCH034,2025-04-01,14,12,Family
ATT202504010348,STU010348,SCH037,2025-04-01,15,13,Medical
ATT202504010349,STU010349,SCH036,2025-04-01,14,13,Unauthorised
ATT202504010350,STU010350,SCH007,2025-04-01,17,15,Family
ATT202504010351,STU010351,SCH010,2025-04-01,17,17,
ATT202504010352,STU010352,SCH036,2025-04-01,16,15,Family
ATT202504010353,STU010353,SCH032,2025-04-01,16,15,Other
ATT202504010354,STU010354,SCH046,2025-04-01,15,15,
ATT202504010355,STU010355,SCH004,2025-04-01,16,14,Medical
ATT202504010356,STU010356,SCH010,2025-04-01,16,14,Illness
ATT202504010357,STU010357,SCH003,2025-04-01,16,15,Unauthorised
ATT202504010358,STU010358,SCH010,2025-04-01,18,17,Family
ATT202504010359,STU010359,SCH021,2025-04-01,17,16,Family
ATT202504010360,STU010360,SCH013,2025-04-01,16,15,Unauthorised
ATT202504010361,STU010361,SCH028,2025-04-01,18,16,Family
ATT202504010362,STU010362,SCH014,2025-04-01,16,15,Unauthorised
ATT202504010363,STU010363,SCH031,2025-04-01,16,14,Illness
ATT202504010364,STU010364,SCH003,2025-04-01,18,16,Unauthorised
ATT202504010365,STU010365,SCH026,2025-04-01,18,17,Family
ATT202504010366,STU010366,SCH015,2025-04-01,18,17,Medical
ATT202504010367,STU010367,SCH030,2025-04-01,16,15,Family
ATT202504010368,STU010368,SCH011,2025-04-01,16,15,Illness
ATT202504010369,STU010369,SCH026,2025-04-01,17,17,
ATT202504010370,STU010370,SCH025,2025-04-01,15,14,Unauthorised
ATT202504010371,STU010371,SCH006,2025-04-01,16,15,Unauthorised
ATT202504010372,STU010372,SCH036,2025-04-01,18,17,Family
ATT202504010373,STU010373,SCH013,2025-04-01,17,17,
ATT202504010374,STU010374,SCH043,2025-04-01,14,13,Other
ATT202504010375,STU010375,SCH047,2025-04-01,16,15,Illness
ATT202504010376,STU010376,SCH031,2025-04-01,17,16,Medical
ATT202504010377,STU010377,SCH021,2025-04-01,18,17,Illness
ATT202504010378,STU010378,SCH046,2025-04-01,16,15,Illness
ATT202504010379,STU010379,SCH026,2025-04-01,18,18,
ATT202504010380,STU010380,SCH011,2025-04-01,15,13,Illness
ATT202504010381,STU010381,SCH013,2025-04-01,15,14,Medical
ATT202504010382,STU010382,SCH050,2025-04-01,16,14,Other
ATT202504010383,STU010383,SCH025,2025-04-01,15,12,Medical
ATT202504010384,STU010384,SCH039,2025-04-01,15,13,Other
ATT202504010385,STU010385,SCH050,2025-04-01,16,13,Unauthorised
ATT202504010386,STU010386,SCH032,2025-04-01,16,14,Illness
ATT202504010387,STU010387,SCH039,2025-04-01,17,16,Family
ATT202504010388,STU010388,SCH044,2025-04-01,15,13,Medical
ATT202504010389,STU010389,SCH026,2025-04-01,14,13,Family
ATT202504010390,STU010390,SCH024,2025-04-01,16,13,Unauthorised
ATT202504010391,STU010391,SCH033,2025-04-01,15,14,Family
ATT202504010392,STU010392,SCH007,2025-04-01,14,13,Unauthorised
ATT202504010393,STU010393,SCH047,2025-04-01,16,15,Other
ATT202504010394,STU010394,SCH031,2025-04-01,14,13,Medical
ATT202504010395,STU010395,SCH031,2025-04-01,18,17,Family
ATT202504010396,STU010396,SCH031,2025-04-01,15,13,Unauthorised
ATT202504010397,STU010397,SCH045,2025-04-01,15,13,Other
ATT202504010398,STU010398,SCH045,2025-04-01,14,12,Unauthorised
ATT202504010399,STU010399,SCH018,2025-04-01,17,15,Medical
ATT202504010400,STU010400,SCH022,2025-04-01,14,12,Illness
ATT202504010401,STU010401,SCH041,2025-04-01,16,15,Medical
ATT202504010402,STU010402,SCH032,2025-04-01,18,16,Family
ATT202504010403,STU010403,SCH006,2025-04-01,18,16,Medical
ATT202504010404,STU010404,SCH043,2025-04-01,17,15,Illness
ATT202504010405,STU010405,SCH049,2025-04-01,16,14,Medical
ATT202504010406,STU010406,SCH040,2025-04-01,15,13,Medical
ATT202504010407,STU010407,SCH026,2025-04-01,17,17,
ATT202504010408,STU010408,SCH027,2025-04-01,14,13,Illness
ATT202504010409,STU010409,SCH026,2025-04-01,17,15,Unauthorised
ATT202504010410,STU010410,SCH021,2025-04-01,17,16,Other
ATT202504010411,STU010411,SCH020,2025-04-01,16,14,Unauthorised
ATT202504010412,STU010412,SCH018,2025-04-01,15,14,Family
ATT202504010413,STU010413,SCH017,2025-04-01,15,13,Illness
ATT202504010414,STU010414,SCH031,2025-04-01,14,13,Unauthorised
ATT202504010415,STU010415,SCH021,2025-04-01,17,17,
ATT202504010416,STU010416,SCH038,2025-04-01,17,16,Family
ATT202504010417,STU010417,SCH015,2025-04-01,14,13,Other
ATT202504010418,STU010418,SCH024,2025-04-01,14,13,Other
ATT202504010419,STU010419,SCH009,2025-04-01,18,17,Family
ATT202504010420,STU010420,SCH028,2025-04-01,15,14,Other
ATT202504010421,STU010421,SCH016,2025-04-01,17,15,Medical
ATT202504010422,STU010422,SCH012,2025-04-01,17,15,Illness
ATT202504010423,STU010423,SCH045,2025-04-01,14,13,Medical
ATT202504010424,STU010424,SCH010,2025-04-01,18,16,Unauthorised
ATT202504010425,STU010425,SCH019,2025-04-01,18,17,Medical
ATT202504010426,STU010426,SCH047,2025-04-01,15,14,Illness
ATT202504010427,STU010427,SCH050,2025-04-01,17,16,Unauthorised
ATT202504010428,STU010428,SCH023,2025-04-01,16,15,Other
ATT202504010429,STU010429,SCH023,2025-04-01,17,15,Illness
ATT202504010430,STU010430,SCH048,2025-04-01,17,16,Family
ATT202504010431,STU010431,SCH025,2025-04-01,17,15,Unauthorised
ATT202504010432,STU010432,SCH044,2025-04-01,14,13,Medical
ATT202504010433,STU010433,SCH010,2025-04-01,18,16,Other
ATT202504010434,STU010434,SCH047,2025-04-01,15,13,Medical
ATT202504010435,STU010435,SCH004,2025-04-01,18,15,Illness
ATT202504010436,STU010436,SCH021,2025-04-01,17,14,Other
ATT202504010437,STU010437,SCH048,2025-04-01,15,14,Family
ATT202504010438,STU010438,SCH046,2025-04-01,18,16,Illness
ATT202504010439,STU010439,SCH043,2025-04-01,17,15,Unauthorised
ATT202504010440,STU010440,SCH009,2025-04-01,14,12,Illness
ATT202504010441,STU010441,SCH020,2025-04-01,15,14,Unauthorised
ATT202504010442,STU010442,SCH030,2025-04-01,15,14,Medical
ATT202504010443,STU010443,SCH045,2025-04-01,16,15,Illness
ATT202504010444,STU010444,SCH033,2025-04-01,18,16,Other
ATT202504010445,STU010445,SCH021,2025-04-01,17,15,Family
ATT202504010446,STU010446,SCH031,2025-04-01,18,15,Other
ATT202504010447,STU010447,SCH031,2025-04-01,14,13,Medical
ATT202504010448,STU010448,SCH010,2025-04-01,17,16,Medical
ATT202504010449,STU010449,SCH031,2025-04-01,18,17,Medical
ATT202504010450,STU010450,SCH005,2025-04-01,18,17,Medical
ATT202504010451,STU010451,SCH050,2025-04-01,14,13,Medical
ATT202504010452,STU010452,SCH002,2025-04-01,15,12,Family
ATT202504010453,STU010453,SCH037,2025-04-01,18,17,Medical
ATT202504010454,STU010454,SCH048,2025-04-01,15,13,Other
ATT202504010455,STU010455,SCH023,2025-04-01,14,13,Other
ATT202504010456,STU010456,SCH006,2025-04-01,14,13,Illness
ATT202504010457,STU010457,SCH012,2025-04-01,14,13,Unauthorised
ATT202504010458,STU010458,SCH044,2025-04-01,15,14,Family
ATT202504010459,STU010459,SCH037,2025-04-01,17,16,Medical
ATT202504010460,STU010460,SCH007,2025-04-01,14,13,Illness
ATT202504010461,STU010461,SCH048,2025-04-01,17,16,Family
ATT202504010462,STU010462,SCH016,2025-04-01,18,18,
ATT202504010463,STU010463,SCH013,2025-04-01,17,17,
ATT202504010464,STU010464,SCH031,2025-04-01,15,14,Medical
ATT202504010465,STU010465,SCH043,2025-04-01,17,16,Illness
ATT202504010466,STU010466,SCH047,2025-04-01,14,14,
ATT202504010467,STU010467,SCH016,2025-04-01,17,16,Other
ATT202504010468,STU010468,SCH004,2025-04-01,14,13,Unauthorised
ATT202504010469,STU010469,SCH036,2025-04-01,14,13,Medical
ATT202504010470,STU010470,SCH021,2025-04-01,17,16,Unauthorised
ATT202504010471,STU010471,SCH033,2025-04-01,18,17,Illness
ATT202504010472,STU010472,SCH039,2025-04-01,15,14,Illness
ATT202504010473,STU010473,SCH016,2025-04-01,14,13,Medical
ATT202504010474,STU010474,SCH010,2025-04-01,14,12,Illness
ATT202504010475,STU010475,SCH047,2025-04-01,16,14,Unauthorised
ATT202504010476,STU010476,SCH020,2025-04-01,15,14,Medical
ATT202504010477,STU010477,SCH038,2025-04-01,14,13,Family
ATT202504010478,STU010478,SCH035,2025-04-01,16,15,Illness
ATT202504010479,STU010479,SCH004,2025-04-01,15,15,
ATT202504010480,STU010480,SCH046,2025-04-01,14,13,Unauthorised
ATT202504010481,STU010481,SCH027,2025-04-01,14,13,Medical
ATT202504010482,STU010482,SCH009,2025-04-01,18,15,Unauthorised
ATT202504010483,STU010483,SCH030,2025-04-01,16,15,Unauthorised
ATT202504010484,STU010484,SCH017,2025-04-01,18,17,Unauthorised
ATT202504010485,STU010485,SCH018,2025-04-01,18,16,Unauthorised
ATT202504010486,STU010486,SCH018,2025-04-01,15,13,Unauthorised
ATT202504010487,STU010487,SCH013,2025-04-01,17,16,Medical
ATT202504010488,STU010488,SCH046,2025-04-01,18,16,Unauthorised
ATT202504010489,STU010489,SCH010,2025-04-01,15,13,Illness
ATT202504010490,STU010490,SCH046,2025-04-01,17,15,Family
ATT202504010491,STU010491,SCH006,2025-04-01,18,16,Medical
ATT202504010492,STU010492,SCH047,2025-04-01,14,13,Family
ATT202504010493,STU010493,SCH048,2025-04-01,14,14,
ATT202504010494,STU010494,SCH035,2025-04-01,18,16,Illness
ATT202504010495,STU010495,SCH032,2025-04-01,15,13,Illness
ATT202504010496,STU010496,SCH008,2025-04-01,18,17,Illness
ATT202504010497,STU010497,SCH010,2025-04-01,16,14,Other
ATT202504010498,STU010498,SCH009,2025-04-01,17,15,Other
ATT202504010499,STU010499,SCH031,2025-04-01,17,15,Unauthorised
ATT202504010500,STU010500,SCH020,2025-04-01,14,13,Family
ATT202504010501,STU010501,SCH019,2025-04-01,18,17,Other
ATT202504010502,STU010502,SCH027,2025-04-01,16,16,
ATT202504010503,STU010503,SCH013,2025-04-01,17,16,Medical
ATT202504010504,STU010504,SCH010,2025-04-01,16,15,Family
ATT202504010505,STU010505,SCH001,2025-04-01,15,14,Other
ATT202504010506,STU010506,SCH006,2025-04-01,14,13,Family
ATT202504010507,STU010507,SCH040,2025-04-01,14,14,
ATT202504010508,STU010508,SCH037,2025-04-01,14,13,Family
ATT202504010509,STU010509,SCH010,2025-04-01,18,16,Illness
ATT202504010510,STU010510,SCH030,2025-04-01,17,17,
ATT202504010511,STU010511,SCH016,2025-04-01,16,15,Illness
ATT202504010512,STU010512,SCH021,2025-04-01,14,14,
ATT202504010513,STU010513,SCH007,2025-04-01,18,16,Unauthorised
ATT202504010514,STU010514,SCH003,2025-04-01,14,13,Family
ATT202504010515,STU010515,SCH021,2025-04-01,14,13,Other
ATT202504010516,STU010516,SCH043,2025-04-01,16,14,Illness
ATT202504010517,STU010517,SCH028,2025-04-01,17,15,Other
ATT202504010518,STU010518,SCH047,2025-04-01,18,17,Illness
ATT202504010519,STU010519,SCH005,2025-04-01,16,15,Medical
ATT202504010520,STU010520,SCH039,2025-04-01,16,15,Medical
ATT202504010521,STU010521,SCH013,2025-04-01,18,17,Unauthorised
ATT202504010522,STU010522,SCH006,2025-04-01,14,13,Family
ATT202504010523,STU010523,SCH033,2025-04-01,16,15,Illness
ATT202504010524,STU010524,SCH033,2025-04-01,17,15,Other
ATT202504010525,STU010525,SCH033,2025-04-01,16,15,Medical
ATT202504010526,STU010526,SCH033,2025-04-01,15,13,Medical
ATT202504010527,STU010527,SCH004,2025-04-01,16,15,Medical
ATT202504010528,STU010528,SCH030,2025-04-01,15,13,Illness
ATT202504010529,STU010529,SCH021,2025-04-01,18,16,Unauthorised
ATT202504010530,STU010530,SCH046,2025-04-01,15,14,Unauthorised
ATT202504010531,STU010531,SCH014,2025-04-01,16,15,Medical
ATT202504010532,STU010532,SCH046,2025-04-01,15,13,Other
ATT202504010533,STU010533,SCH029,2025-04-01,15,14,Illness
ATT202504010534,STU010534,SCH009,2025-04-01,16,14,Family
ATT202504010535,STU010535,SCH032,2025-04-01,14,12,Illness
ATT202504010536,STU010536,SCH029,2025-04-01,18,17,Medical
ATT202504010537,STU010537,SCH032,2025-04-01,16,14,Family
ATT202504010538,STU010538,SCH040,2025-04-01,18,15,Family
ATT202504010539,STU010539,SCH036,2025-04-01,16,15,Family
ATT202504010540,STU010540,SCH010,2025-04-01,15,13,Illness
ATT202504010541,STU010541,SCH004,2025-04-01,17,15,Family
ATT202504010542,STU010542,SCH018,2025-04-01,16,15,Other
ATT202504010543,STU010543,SCH040,2025-04-01,17,15,Medical
ATT202504010544,STU010544,SCH033,2025-04-01,14,12,Medical
ATT202504010545,STU010545,SCH048,2025-04-01,16,15,Unauthorised
ATT202504010546,STU010546,SCH019,2025-04-01,18,17,Family
ATT202504010547,STU010547,SCH007,2025-04-01,14,14,
ATT202504010548,STU010548,SCH049,2025-04-01,15,13,Illness
ATT202504010549,STU010549,SCH023,2025-04-01,15,13,Other
ATT202504010550,STU010550,SCH003,2025-04-01,16,15,Other
ATT202504010551,STU010551,SCH004,2025-04-01,16,15,Medical
ATT202504010552,STU010552,SCH047,2025-04-01,17,16,Unauthorised
ATT202504010553,STU010553,SCH029,2025-04-01,15,13,Illness
ATT202504010554,STU010554,SCH032,2025-04-01,16,14,Other
ATT202504010555,STU010555,SCH037,2025-04-01,17,16,Unauthorised
ATT202504010556,STU010556,SCH035,2025-04-01,16,14,Illness
ATT202504010557,STU010557,SCH007,2025-04-01,17,16,Medical
ATT202504010558,STU010558,SCH040,2025-04-01,17,14,Illness
ATT202504010559,STU010559,SCH016,2025-04-01,16,15,Unauthorised
ATT202504010560,STU010560,SCH009,2025-04-01,16,15,Medical
ATT202504010562,STU010562,SCH021,2025-04-01,18,17,Medical
ATT202504010563,STU010563,SCH025,2025-04-01,17,16,Other
ATT202504010564,STU010564,SCH014,2025-04-01,14,13,Unauthorised
ATT202504010565,STU010565,SCH030,2025-04-01,14,13,Family
ATT202504010566,STU010566,SCH037,2025-04-01,14,13,Other
ATT202504010567,STU010567,SCH003,2025-04-01,16,15,Illness
ATT202504010568,STU010568,SCH048,2025-04-01,16,15,Illness
ATT202504010569,STU010569,SCH011,2025-04-01,18,17,Unauthorised
ATT202504010570,STU010570,SCH014,2025-04-01,15,13,Medical
ATT202504010571,STU010571,SCH032,2025-04-01,18,15,Medical
ATT202504010572,STU010572,SCH035,2025-04-01,18,16,Unauthorised
ATT202504010573,STU010573,SCH013,2025-04-01,16,14,Illness
ATT202504010574,STU010574,SCH014,2025-04-01,15,13,Family
ATT202504010575,STU010575,SCH039,2025-04-01,16,14,Medical
ATT202504010576,STU010576,SCH010,2025-04-01,17,16,Unauthorised
ATT202504010577,STU010577,SCH035,2025-04-01,18,17,Other
ATT202504010578,STU010578,SCH044,2025-04-01,18,16,Family
ATT202504010579,STU010579,SCH030,2025-04-01,15,15,
ATT202504010580,STU010580,SCH009,2025-04-01,17,15,Unauthorised
ATT202504010581,STU010581,SCH012,2025-04-01,17,15,Medical
ATT202504010582,STU010582,SCH046,2025-04-01,15,14,Medical
ATT202504010583,STU010583,SCH022,2025-04-01,17,15,Illness
ATT202504010584,STU010584,SCH031,2025-04-01,15,14,Illness
ATT202504010585,STU010585,SCH008,2025-04-01,14,13,Illness
ATT202504010586,STU010586,SCH021,2025-04-01,14,13,Unauthorised
ATT202504010587,STU010587,SCH016,2025-04-01,18,16,Medical
ATT202504010588,STU010588,SCH031,2025-04-01,14,12,Family
ATT202504010589,STU010589,SCH022,2025-04-01,17,17,
ATT202504010590,STU010590,SCH010,2025-04-01,15,15,
ATT202504010591,STU010591,SCH018,2025-04-01,14,12,Illness
ATT202504010592,STU010592,SCH045,2025-04-01,18,15,Unauthorised
ATT202504010593,STU010593,SCH037,2025-04-01,14,14,
ATT202504010594,STU010594,SCH029,2025-04-01,18,16,Family
ATT202504010595,STU010595,SCH029,2025-04-01,14,13,Other
ATT202504010596,STU010596,SCH018,2025-04-01,15,15,
ATT202504010597,STU010597,SCH021,2025-04-01,16,16,
ATT202504010598,STU010598,SCH018,2025-04-01,17,16,Unauthorised
ATT202504010599,STU010599,SCH004,2025-04-01,17,17,
ATT202504010600,STU010600,SCH023,2025-04-01,17,16,Unauthorised
ATT202504010601,STU010601,SCH046,2025-04-01,14,13,Medical
ATT202504010602,STU010602,SCH039,2025-04-01,14,13,Illness
ATT202504010603,STU010603,SCH015,2025-04-01,16,15,Other
ATT202504010604,STU010604,SCH032,2025-04-01,18,16,Medical
ATT202504010605,STU010605,SCH047,2025-04-01,15,14,Illness
ATT202504010606,STU010606,SCH006,2025-04-01,17,15,Family
ATT202504010607,STU010607,SCH021,2025-04-01,18,16,Medical
ATT202504010608,STU010608,SCH030,2025-04-01,16,14,Illness
ATT202504010609,STU010609,SCH039,2025-04-01,17,15,Unauthorised
ATT202504010610,STU010610,SCH041,2025-04-01,17,15,Medical
ATT202504010611,STU010611,SCH019,2025-04-01,18,17,Illness
ATT202504010612,STU010612,SCH010,2025-04-01,14,12,Illness
ATT202504010613,STU010613,SCH044,2025-04-01,14,12,Illness
ATT202504010614,STU010614,SCH039,2025-04-01,16,15,Illness
ATT202504010615,STU010615,SCH036,2025-04-01,15,15,
ATT202504010616,STU010616,SCH006,2025-04-01,14,13,Family
ATT202504010617,STU010617,SCH047,2025-04-01,17,15,Illness
ATT202504010618,STU010618,SCH019,2025-04-01,16,15,Medical
ATT202504010619,STU010619,SCH005,2025-04-01,15,14,Unauthorised
ATT202504010620,STU010620,SCH025,2025-04-01,15,13,Unauthorised
ATT202504010621,STU010621,SCH014,2025-04-01,16,15,Unauthorised
ATT202504010622,STU010622,SCH009,2025-04-01,14,13,Family
ATT202504010623,STU010623,SCH044,2025-04-01,18,17,Illness
ATT202504010624,STU010624,SCH010,2025-04-01,14,13,Unauthorised
ATT202504010625,STU010625,SCH010,2025-04-01,17,15,Illness
ATT202504010626,STU010626,SCH042,2025-04-01,18,14,Other
ATT202504010627,STU010627,SCH027,2025-04-01,15,13,Family
ATT202504010628,STU010628,SCH027,2025-04-01,16,15,Illness
ATT202504010629,STU010629,SCH030,2025-04-01,18,17,Illness
ATT202504010630,STU010630,SCH033,2025-04-01,15,15,
ATT202504010631,STU010631,SCH044,2025-04-01,14,12,Illness
ATT202504010632,STU010632,SCH031,2025-04-01,14,12,Other
ATT202504010633,STU010633,SCH016,2025-04-01,15,14,Illness
ATT202504010634,STU010634,SCH027,2025-04-01,15,14,Family
ATT202504010635,STU010635,SCH007,2025-04-01,15,14,Unauthorised
ATT202504010636,STU010636,SCH020,2025-04-01,18,17,Medical
ATT202504010637,STU010637,SCH050,2025-04-01,15,13,Unauthorised
ATT202504010638,STU010638,SCH026,2025-04-01,17,16,Illness
ATT202504010639,STU010639,SCH046,2025-04-01,14,12,Illness
ATT202504010640,STU010640,SCH007,2025-04-01,18,17,Illness
ATT202504010641,STU010641,SCH020,2025-04-01,18,16,Unauthorised
ATT202504010642,STU010642,SCH006,2025-04-01,14,13,Illness
ATT202504010643,STU010643,SCH026,2025-04-01,18,17,Illness
ATT202504010644,STU010644,SCH018,2025-04-01,15,13,Family
ATT202504010645,STU010645,SCH021,2025-04-01,18,15,Family
ATT202504010646,STU010646,SCH016,2025-04-01,14,13,Family
ATT202504010647,STU010647,SCH023,2025-04-01,15,14,Unauthorised
ATT202504010648,STU010648,SCH019,2025-04-01,14,13,Other
ATT202504010649,STU010649,SCH045,2025-04-01,18,16,Illness
ATT202504010650,STU010650,SCH035,2025-04-01,14,13,Medical
ATT202504010651,STU010651,SCH027,2025-04-01,15,14,Family
ATT202504010652,STU010652,SCH035,2025-04-01,14,13,Unauthorised
ATT202504010653,STU010653,SCH045,2025-04-01,16,15,Other
ATT202504010654,STU010654,SCH039,2025-04-01,14,13,Unauthorised
ATT202504010655,STU010655,SCH023,2025-04-01,15,13,Other
ATT202504010656,STU010656,SCH021,2025-04-01,16,14,Illness
ATT202504010657,STU010657,SCH037,2025-04-01,17,16,Unauthorised
ATT202504010658,STU010658,SCH020,2025-04-01,15,14,Family
ATT202504010659,STU010659,SCH041,2025-04-01,15,13,Unauthorised
ATT202504010660,STU010660,SCH026,2025-04-01,14,13,Unauthorised
ATT202504010661,STU010661,SCH046,2025-04-01,16,15,Family
ATT202504010662,STU010662,SCH021,2025-04-01,14,14,
ATT202504010663,STU010663,SCH035,2025-04-01,15,13,Unauthorised
ATT202504010664,STU010664,SCH021,2025-04-01,14,14,
ATT202504010665,STU010665,SCH033,2025-04-01,15,14,Unauthorised
ATT202504010666,STU010666,SCH034,2025-04-01,17,16,Illness
ATT202504010667,STU010667,SCH029,2025-04-01,15,13,Illness
ATT202504010668,STU010668,SCH010,2025-04-01,14,13,Unauthorised
ATT202504010669,STU010669,SCH031,2025-04-01,18,16,Other
ATT202504010670,STU010670,SCH039,2025-04-01,18,17,Other
ATT202504010671,STU010671,SCH007,2025-04-01,15,14,Other
ATT202504010672,STU010672,SCH014,2025-04-01,16,15,Unauthorised
ATT202504010673,STU010673,SCH044,2025-04-01,16,15,Other
ATT202504010674,STU010674,SCH010,2025-04-01,16,15,Illness
ATT202504010675,STU010675,SCH040,2025-04-01,16,15,Family
ATT202504010676,STU010676,SCH036,2025-04-01,18,17,Other
ATT202504010677,STU010677,SCH028,2025-04-01,16,15,Family
ATT202504010678,STU010678,SCH021,2025-04-01,15,15,
ATT202504010679,STU010679,SCH016,2025-04-01,18,17,Family
ATT202504010680,STU010680,SCH027,2025-04-01,18,16,Family
ATT202504010681,STU010681,SCH013,2025-04-01,15,14,Family
ATT202504010682,STU010682,SCH006,2025-04-01,17,16,Medical
ATT202504010683,STU010683,SCH041,2025-04-01,14,13,Medical
ATT202504010684,STU010684,SCH039,2025-04-01,14,13,Other
ATT202504010685,STU010685,SCH042,2025-04-01,15,14,Family
ATT202504010686,STU010686,SCH015,2025-04-01,14,13,Other
ATT202504010687,STU010687,SCH045,2025-04-01,16,14,Unauthorised
ATT202504010688,STU010688,SCH032,2025-04-01,17,15,Unauthorised
ATT202504010689,STU010689,SCH031,2025-04-01,16,16,
ATT202504010690,STU010690,SCH004,2025-04-01,17,14,Family
ATT202504010691,STU010691,SCH046,2025-04-01,15,14,Unauthorised
ATT202504010692,STU010692,SCH025,2025-04-01,18,16,Illness
ATT202504010693,STU010693,SCH018,2025-04-01,16,15,Other
ATT202504010694,STU010694,SCH046,2025-04-01,15,14,Unauthorised
ATT202504010695,STU010695,SCH030,2025-04-01,16,14,Medical
ATT202504010696,STU010696,SCH043,2025-04-01,14,12,Medical
ATT202504010697,STU010697,SCH031,2025-04-01,15,13,Other
ATT202504010698,STU010698,SCH045,2025-04-01,15,13,Illness
ATT202504010699,STU010699,SCH046,2025-04-01,18,17,Unauthorised
ATT202504010700,STU010700,SCH043,2025-04-01,14,12,Medical
ATT202504010701,STU010701,SCH038,2025-04-01,18,17,Other
ATT202504010702,STU010702,SCH049,2025-04-01,15,14,Illness
ATT202504010703,STU010703,SCH023,2025-04-01,18,16,Unauthorised
ATT202504010704,STU010704,SCH028,2025-04-01,16,15,Other
ATT202504010705,STU010705,SCH048,2025-04-01,17,16,Other
ATT202504010706,STU010706,SCH027,2025-04-01,16,13,Illness
ATT202504010707,STU010707,SCH033,2025-04-01,15,13,Other
ATT202504010708,STU010708,SCH019,2025-04-01,14,13,Unauthorised
ATT202504010709,STU010709,SCH005,2025-04-01,16,15,Illness
ATT202504010710,STU010710,SCH010,2025-04-01,15,13,Medical
ATT202504010711,STU010711,SCH027,2025-04-01,17,15,Medical
ATT202504010712,STU010712,SCH015,2025-04-01,14,13,Unauthorised
ATT202504010713,STU010713,SCH038,2025-04-01,16,16,
ATT202504010714,STU010714,SCH046,2025-04-01,16,15,Illness
ATT202504010715,STU010715,SCH014,2025-04-01,18,17,Family
ATT202504010716,STU010716,SCH031,2025-04-01,18,17,Medical
ATT202504010717,STU010717,SCH047,2025-04-01,16,15,Family
ATT202504010718,STU010718,SCH043,2025-04-01,18,16,Medical
ATT202504010719,STU010719,SCH050,2025-04-01,18,15,Unauthorised
ATT202504010720,STU010720,SCH010,2025-04-01,15,14,Family
ATT202504010721,STU010721,SCH041,2025-04-01,14,13,Family
ATT202504010722,STU010722,SCH018,2025-04-01,17,16,Other
ATT202504010723,STU010723,SCH014,2025-04-01,17,15,Medical
ATT202504010724,STU010724,SCH018,2025-04-01,15,14,Other
ATT202504010725,STU010725,SCH041,2025-04-01,18,17,Illness
ATT202504010726,STU010726,SCH040,2025-04-01,15,13,Illness
ATT202504010727,STU010727,SCH037,2025-04-01,15,14,Unauthorised
ATT202504010728,STU010728,SCH001,2025-04-01,14,11,Illness
ATT202504010729,STU010729,SCH014,2025-04-01,14,12,Other
ATT202504010730,STU010730,SCH024,2025-04-01,17,15,Family
ATT202504010731,STU010731,SCH011,2025-04-01,15,14,Other
ATT202504010732,STU010732,SCH045,2025-04-01,18,17,Other
ATT202504010733,STU010733,SCH042,2025-04-01,16,14,Medical
ATT202504010734,STU010734,SCH038,2025-04-01,17,15,Other
ATT202504010735,STU010735,SCH043,2025-04-01,18,17,Medical
ATT202504010736,STU010736,SCH015,2025-04-01,18,16,Illness
ATT202504010737,STU010737,SCH023,2025-04-01,14,13,Unauthorised
ATT202504010738,STU010738,SCH013,2025-04-01,15,13,Medical
ATT202504010739,STU010739,SCH009,2025-04-01,16,15,Other
ATT202504010740,STU010740,SCH025,2025-04-01,16,15,Family
ATT202504010741,STU010741,SCH046,2025-04-01,18,17,Unauthorised
ATT202504010742,STU010742,SCH014,2025-04-01,15,14,Medical
ATT202504010743,STU010743,SCH003,2025-04-01,18,17,Medical
ATT202504010744,STU010744,SCH026,2025-04-01,15,14,Other
ATT202504010745,STU010745,SCH050,2025-04-01,16,14,Illness
ATT202504010746,STU010746,SCH013,2025-04-01,14,12,Illness
ATT202504010747,STU010747,SCH022,2025-04-01,15,13,Medical
ATT202504010748,STU010748,SCH010,2025-04-01,17,15,Family
ATT202504010749,STU010749,SCH020,2025-04-01,17,17,
ATT202504010750,STU010750,SCH039,2025-04-01,17,15,Medical
ATT202504010751,STU010751,SCH027,2025-04-01,18,15,Illness
ATT202504010752,STU010752,SCH005,2025-04-01,18,17,Unauthorised
ATT202504010753,STU010753,SCH013,2025-04-01,17,16,Illness
ATT202504010754,STU010754,SCH027,2025-04-01,14,12,Illness
ATT202504010755,STU010755,SCH010,2025-04-01,14,13,Illness
ATT202504010756,STU010756,SCH048,2025-04-01,17,16,Other
ATT202504010757,STU010757,SCH039,2025-04-01,18,17,Unauthorised
ATT202504010758,STU010758,SCH038,2025-04-01,18,17,Unauthorised
ATT202504010759,STU010759,SCH020,2025-04-01,18,16,Unauthorised
ATT202504010760,STU010760,SCH001,2025-04-01,17,15,Unauthorised
ATT202504010761,STU010761,SCH014,2025-04-01,17,15,Other
ATT202504010762,STU010762,SCH014,2025-04-01,18,16,Family
ATT202504010763,STU010763,SCH044,2025-04-01,18,16,Unauthorised
ATT202504010764,STU010764,SCH019,2025-04-01,15,14,Illness
ATT202504010765,STU010765,SCH037,2025-04-01,16,15,Other
ATT202504010766,STU010766,SCH039,2025-04-01,17,15,Other
ATT202504010767,STU010767,SCH018,2025-04-01,17,15,Unauthorised
ATT202504010768,STU010768,SCH004,2025-04-01,17,15,Unauthorised
ATT202504010769,STU010769,SCH019,2025-04-01,18,17,Illness
ATT202504010770,STU010770,SCH011,2025-04-01,15,14,Medical
ATT202504010771,STU010771,SCH014,2025-04-01,17,16,Unauthorised
ATT202504010772,STU010772,SCH035,2025-04-01,17,16,Other
ATT202504010773,STU010773,SCH031,2025-04-01,14,13,Unauthorised
ATT202504010774,STU010774,SCH021,2025-04-01,16,13,Medical
ATT202504010775,STU010775,SCH007,2025-04-01,15,14,Unauthorised
ATT202504010776,STU010776,SCH021,2025-04-01,15,14,Other
ATT202504010777,STU010777,SCH010,2025-04-01,14,13,Medical
ATT202504010778,STU010778,SCH020,2025-04-01,14,12,Unauthorised
ATT202504010779,STU010779,SCH014,2025-04-01,16,15,Family
ATT202504010780,STU010780,SCH009,2025-04-01,17,15,Medical
ATT202504010781,STU010781,SCH029,2025-04-01,15,14,Other
ATT202504010782,STU010782,SCH018,2025-04-01,16,15,Illness
ATT202504010783,STU010783,SCH046,2025-04-01,14,14,
ATT202504010784,STU010784,SCH020,2025-04-01,18,17,Medical
ATT202504010785,STU010785,SCH019,2025-04-01,17,17,
ATT202504010786,STU010786,SCH050,2025-04-01,18,17,Family
ATT202504010787,STU010787,SCH010,2025-04-01,18,16,Family
ATT202504010788,STU010788,SCH039,2025-04-01,17,16,Unauthorised
ATT202504010789,STU010789,SCH046,2025-04-01,18,17,Family
ATT202504010790,STU010790,SCH048,2025-04-01,16,14,Illness
ATT202504010791,STU010791,SCH045,2025-04-01,15,13,Medical
ATT202504010792,STU010792,SCH031,2025-04-01,14,12,Medical
ATT202504010793,STU010793,SCH044,2025-04-01,16,14,Medical
ATT202504010794,STU010794,SCH021,2025-04-01,14,12,Medical
ATT202504010795,STU010795,SCH050,2025-04-01,16,14,Medical
ATT202504010796,STU010796,SCH035,2025-04-01,17,15,Other
ATT202504010797,STU010797,SCH033,2025-04-01,17,15,Other
ATT202504010798,STU010798,SCH003,2025-04-01,14,13,Unauthorised
ATT202504010799,STU010799,SCH004,2025-04-01,17,15,Illness
ATT202504010800,STU010800,SCH016,2025-04-01,17,16,Unauthorised
