attendance_id,student_id,school_id,attendance_month,possible_days,attended_days,absence_reason
ATT202501000001,STU000001,SCH010,2025-01-01,2,2,
ATT202501000002,STU000002,SCH021,2025-01-01,1,1,
ATT202501000003,STU000003,SCH002,2025-01-01,2,2,
ATT202501000004,STU000004,SCH040,2025-01-01,2,2,
ATT202501000005,STU000005,SCH043,2025-01-01,2,2,
ATT202501000006,STU000006,SCH047,2025-01-01,1,1,
ATT202501000007,STU000007,SCH031,2025-01-01,1,1,
ATT202501000009,STU000009,SCH001,2025-01-01,1,1,
ATT202501000010,STU000010,SCH043,2025-01-01,2,2,
ATT202501000011,STU000011,SCH023,2025-01-01,2,2,
ATT202501000012,STU000012,SCH020,2025-01-01,2,2,
ATT202501000013,STU000013,SCH045,2025-01-01,1,1,
ATT202501000014,STU000014,SCH029,2025-01-01,3,3,
ATT202501000015,STU000015,SCH006,2025-01-01,2,2,
ATT202501000016,STU000016,SCH005,2025-01-01,2,2,
ATT202501000017,STU000017,SCH034,2025-01-01,1,1,
ATT202501000018,STU000018,SCH025,2025-01-01,3,3,
ATT202501000019,STU000019,SCH005,2025-01-01,1,1,
ATT202501000020,STU000020,SCH027,2025-01-01,1,1,
ATT202501000022,STU000022,SCH041,2025-01-01,2,2,
ATT202501000023,STU000023,SCH027,2025-01-01,1,1,
ATT202501000024,STU000024,SCH032,2025-01-01,3,3,
ATT202501000025,STU000025,SCH020,2025-01-01,3,3,
ATT202501000026,STU000026,SCH036,2025-01-01,3,3,
ATT202501000027,STU000027,SCH023,2025-01-01,1,1,
ATT202501000028,STU000028,SCH005,2025-01-01,1,1,
ATT202501000030,STU000030,SCH028,2025-01-01,2,2,
ATT202501000031,STU000031,SCH021,2025-01-01,1,1,
ATT202501000032,STU000032,SCH014,2025-01-01,3,3,
ATT202501000033,STU000033,SCH040,2025-01-01,3,3,
ATT202501000034,STU000034,SCH009,2025-01-01,3,3,
ATT202501000035,STU000035,SCH011,2025-01-01,1,1,
ATT202501000036,STU000036,SCH029,2025-01-01,1,1,
ATT202501000037,STU000037,SCH036,2025-01-01,3,3,
ATT202501000038,STU000038,SCH008,2025-01-01,2,2,
ATT202501000039,STU000039,SCH014,2025-01-01,1,1,
ATT202501000040,STU000040,SCH008,2025-01-01,3,3,
ATT202501000041,STU000041,SCH013,2025-01-01,2,2,
ATT202501000043,STU000043,SCH038,2025-01-01,3,3,
ATT202501000045,STU000045,SCH009,2025-01-01,2,2,
ATT202501000046,STU000046,SCH045,2025-01-01,2,2,
ATT202501000047,STU000047,SCH029,2025-01-01,1,1,
ATT202501000049,STU000049,SCH037,2025-01-01,3,3,
ATT202501000050,STU000050,SCH027,2025-01-01,3,3,
ATT202501000051,STU000051,SCH017,2025-01-01,2,2,
ATT202501000052,STU000052,SCH005,2025-01-01,2,2,
ATT202501000053,STU000053,SCH043,2025-01-01,1,1,
ATT202501000054,STU000054,SCH045,2025-01-01,1,1,
ATT202501000055,STU000055,SCH030,2025-01-01,2,2,
ATT202501000056,STU000056,SCH048,2025-01-01,3,3,
ATT202501000057,STU000057,SCH021,2025-01-01,2,2,
ATT202501000058,STU000058,SCH002,2025-01-01,1,1,
ATT202501000059,STU000059,SCH034,2025-01-01,1,1,
ATT202501000060,STU000060,SCH012,2025-01-01,2,2,
ATT202501000061,STU000061,SCH009,2025-01-01,1,1,
ATT202501000062,STU000062,SCH018,2025-01-01,3,3,
ATT202501000064,STU000064,SCH029,2025-01-01,2,2,
ATT202501000065,STU000065,SCH027,2025-01-01,2,2,
ATT202501000066,STU000066,SCH010,2025-01-01,2,2,
ATT202501000068,STU000068,SCH010,2025-01-01,3,3,
ATT202501000069,STU000069,SCH021,2025-01-01,2,2,
ATT202501000070,STU000070,SCH047,2025-01-01,3,3,
ATT202501000071,STU000071,SCH005,2025-01-01,1,1,
ATT202501000072,STU000072,SCH001,2025-01-01,1,1,
ATT202501000074,STU000074,SCH004,2025-01-01,3,3,
ATT202501000075,STU000075,SCH025,2025-01-01,2,2,
ATT202501000076,STU000076,SCH045,2025-01-01,3,3,
ATT202501000077,STU000077,SCH045,2025-01-01,3,3,
ATT202501000078,STU000078,SCH001,2025-01-01,2,2,
ATT202501000079,STU000079,SCH004,2025-01-01,3,3,
ATT202501000080,STU000080,SCH019,2025-01-01,1,1,
ATT202501000081,STU000081,SCH021,2025-01-01,2,2,
ATT202501000082,STU000082,SCH016,2025-01-01,1,1,
ATT202501000083,STU000083,SCH038,2025-01-01,1,1,
ATT202501000084,STU000084,SCH003,2025-01-01,2,2,
ATT202501000085,STU000085,SCH013,2025-01-01,3,3,
ATT202501000086,STU000086,SCH035,2025-01-01,1,1,
ATT202501000087,STU000087,SCH041,2025-01-01,2,2,
ATT202501000088,STU000088,SCH049,2025-01-01,1,1,
ATT202501000089,STU000089,SCH043,2025-01-01,1,1,
ATT202501000090,STU000090,SCH008,2025-01-01,1,1,
ATT202501000091,STU000091,SCH042,2025-01-01,1,1,
ATT202501000092,STU000092,SCH008,2025-01-01,1,1,
ATT202501000093,STU000093,SCH048,2025-01-01,2,2,
ATT202501000094,STU000094,SCH006,2025-01-01,1,1,
ATT202501000095,STU000095,SCH012,2025-01-01,1,1,
ATT202501000096,STU000096,SCH017,2025-01-01,1,1,
ATT202501000097,STU000097,SCH022,2025-01-01,3,2,Unauthorised
ATT202501000098,STU000098,SCH046,2025-01-01,3,3,
ATT202501000102,STU000102,SCH037,2025-01-01,1,1,
ATT202501000103,STU000103,SCH006,2025-01-01,1,1,
ATT202501000104,STU000104,SCH019,2025-01-01,1,1,
ATT202501000106,STU000106,SCH046,2025-01-01,1,1,
ATT202501000107,STU000107,SCH016,2025-01-01,1,1,
ATT202501000108,STU000108,SCH045,2025-01-01,1,1,
ATT202501000109,STU000109,SCH008,2025-01-01,3,3,
ATT202501000110,STU000110,SCH019,2025-01-01,2,2,
ATT202501000112,STU000112,SCH036,2025-01-01,2,2,
ATT202501000114,STU000114,SCH046,2025-01-01,3,3,
ATT202501000115,STU000115,SCH029,2025-01-01,2,2,
ATT202501000116,STU000116,SCH027,2025-01-01,3,3,
ATT202501000117,STU000117,SCH047,2025-01-01,1,1,
ATT202501000118,STU000118,SCH012,2025-01-01,3,3,
ATT202501000119,STU000119,SCH040,2025-01-01,1,1,
ATT202501000121,STU000121,SCH002,2025-01-01,2,2,
ATT202501000122,STU000122,SCH039,2025-01-01,2,2,
ATT202501000123,STU000123,SCH021,2025-01-01,3,3,
ATT202501000124,STU000124,SCH010,2025-01-01,3,3,
ATT202501000125,STU000125,SCH033,2025-01-01,3,3,
ATT202501000126,STU000126,SCH026,2025-01-01,2,2,
ATT202501000127,STU000127,SCH012,2025-01-01,3,3,
ATT202501000128,STU000128,SCH018,2025-01-01,2,2,
ATT202501000129,STU000129,SCH012,2025-01-01,2,2,
ATT202501000130,STU000130,SCH032,2025-01-01,3,3,
ATT202501000131,STU000131,SCH030,2025-01-01,2,2,
ATT202501000132,STU000132,SCH013,2025-01-01,2,2,
ATT202501000134,STU000134,SCH010,2025-01-01,3,3,
ATT202501000135,STU000135,SCH027,2025-01-01,1,1,
ATT202501000136,STU000136,SCH020,2025-01-01,3,3,
ATT202501000137,STU000137,SCH028,2025-01-01,3,3,
ATT202501000138,STU000138,SCH025,2025-01-01,1,1,
ATT202501000139,STU000139,SCH029,2025-01-01,2,2,
ATT202501000141,STU000141,SCH010,2025-01-01,1,1,
ATT202501000142,STU000142,SCH009,2025-01-01,2,2,
ATT202501000143,STU000143,SCH023,2025-01-01,1,1,
ATT202501000144,STU000144,SCH019,2025-01-01,2,2,
ATT202501000145,STU000145,SCH035,2025-01-01,1,1,
ATT202501000146,STU000146,SCH027,2025-01-01,3,3,
ATT202501000148,STU000148,SCH021,2025-01-01,2,2,
ATT202501000149,STU000149,SCH015,2025-01-01,2,2,
ATT202501000150,STU000150,SCH022,2025-01-01,3,3,
ATT202501000151,STU000151,SCH043,2025-01-01,3,3,
ATT202501000152,STU000152,SCH011,2025-01-01,1,1,
ATT202501000153,STU000153,SCH045,2025-01-01,3,3,
ATT202501000154,STU000154,SCH014,2025-01-01,1,1,
ATT202501000155,STU000155,SCH044,2025-01-01,3,3,
ATT202501000156,STU000156,SCH018,2025-01-01,2,2,
ATT202501000157,STU000157,SCH013,2025-01-01,3,3,
ATT202501000158,STU000158,SCH033,2025-01-01,2,2,
ATT202501000160,STU000160,SCH009,2025-01-01,3,3,
ATT202501000161,STU000161,SCH026,2025-01-01,2,2,
ATT202501000162,STU000162,SCH027,2025-01-01,1,1,
ATT202501000164,STU000164,SCH018,2025-01-01,3,3,
ATT202501000165,STU000165,SCH045,2025-01-01,2,2,
ATT202501000166,STU000166,SCH047,2025-01-01,2,2,
ATT202501000167,STU000167,SCH033,2025-01-01,2,2,
ATT202501000169,STU000169,SCH007,2025-01-01,3,3,
ATT202501000170,STU000170,SCH041,2025-01-01,3,3,
ATT202501000171,STU000171,SCH031,2025-01-01,1,1,
ATT202501000172,STU000172,SCH023,2025-01-01,1,1,
ATT202501000173,STU000173,SCH006,2025-01-01,3,3,
ATT202501000174,STU000174,SCH001,2025-01-01,3,3,
ATT202501000175,STU000175,SCH021,2025-01-01,1,1,
ATT202501000176,STU000176,SCH031,2025-01-01,1,1,
ATT202501000177,STU000177,SCH036,2025-01-01,2,2,
ATT202501000178,STU000178,SCH022,2025-01-01,2,2,
ATT202501000179,STU000179,SCH007,2025-01-01,2,2,
ATT202501000180,STU000180,SCH048,2025-01-01,2,2,
ATT202501000182,STU000182,SCH034,2025-01-01,1,1,
ATT202501000183,STU000183,SCH013,2025-01-01,1,1,
ATT202501000184,STU000184,SCH032,2025-01-01,1,1,
ATT202501000185,STU000185,SCH015,2025-01-01,1,1,
ATT202501000186,STU000186,SCH007,2025-01-01,2,2,
ATT202501000187,STU000187,SCH020,2025-01-01,1,1,
ATT202501000189,STU000189,SCH040,2025-01-01,3,3,
ATT202501000190,STU000190,SCH008,2025-01-01,2,2,
ATT202501000191,STU000191,SCH008,2025-01-01,3,3,
ATT202501000192,STU000192,SCH018,2025-01-01,1,1,
ATT202501000193,STU000193,SCH031,2025-01-01,1,1,
ATT202501000196,STU000196,SCH005,2025-01-01,3,3,
ATT202501000197,STU000197,SCH027,2025-01-01,3,3,
ATT202501000198,STU000198,SCH009,2025-01-01,1,1,
ATT202501000201,STU000201,SCH030,2025-01-01,2,2,
ATT202501000202,STU000202,SCH003,2025-01-01,1,1,
ATT202501000203,STU000203,SCH008,2025-01-01,3,3,
ATT202501000204,STU000204,SCH011,2025-01-01,1,1,
ATT202501000205,STU000205,SCH050,2025-01-01,3,3,
ATT202501000206,STU000206,SCH050,2025-01-01,1,1,
ATT202501000208,STU000208,SCH016,2025-01-01,2,2,
ATT202501000209,STU000209,SCH011,2025-01-01,3,3,
ATT202501000210,STU000210,SCH001,2025-01-01,3,2,Medical
ATT202501000211,STU000211,SCH040,2025-01-01,3,3,
ATT202501000212,STU000212,SCH014,2025-01-01,2,2,
ATT202501000213,STU000213,SCH002,2025-01-01,3,3,
ATT202501000214,STU000214,SCH026,2025-01-01,1,1,
ATT202501000215,STU000215,SCH017,2025-01-01,1,1,
ATT202501000216,STU000216,SCH012,2025-01-01,2,2,
ATT202501000217,STU000217,SCH001,2025-01-01,1,1,
ATT202501000218,STU000218,SCH037,2025-01-01,1,1,
ATT202501000219,STU000219,SCH021,2025-01-01,2,2,
ATT202501000220,STU000220,SCH008,2025-01-01,2,2,
ATT202501000221,STU000221,SCH040,2025-01-01,2,2,
ATT202501000222,STU000222,SCH041,2025-01-01,1,1,
ATT202501000223,STU000223,SCH021,2025-01-01,3,3,
ATT202501000224,STU000224,SCH008,2025-01-01,3,3,
ATT202501000225,STU000225,SCH030,2025-01-01,3,3,
ATT202501000226,STU000226,SCH013,2025-01-01,1,1,
ATT202501000227,STU000227,SCH043,2025-01-01,2,2,
ATT202501000228,STU000228,SCH003,2025-01-01,2,2,
ATT202501000229,STU000229,SCH026,2025-01-01,2,2,
ATT202501000230,STU000230,SCH039,2025-01-01,3,3,
ATT202501000231,STU000231,SCH009,2025-01-01,3,3,
ATT202501000232,STU000232,SCH025,2025-01-01,2,2,
ATT202501000233,STU000233,SCH011,2025-01-01,3,3,
ATT202501000234,STU000234,SCH021,2025-01-01,1,1,
ATT202501000235,STU000235,SCH005,2025-01-01,3,3,
ATT202501000236,STU000236,SCH022,2025-01-01,3,2,Unauthorised
ATT202501000237,STU000237,SCH040,2025-01-01,1,1,
ATT202501000238,STU000238,SCH018,2025-01-01,1,1,
ATT202501000240,STU000240,SCH047,2025-01-01,2,2,
ATT202501000241,STU000241,SCH015,2025-01-01,3,3,
ATT202501000242,STU000242,SCH005,2025-01-01,1,1,
ATT202501000243,STU000243,SCH006,2025-01-01,1,1,
ATT202501000244,STU000244,SCH002,2025-01-01,3,3,
ATT202501000245,STU000245,SCH038,2025-01-01,1,1,
ATT202501000246,STU000246,SCH022,2025-01-01,3,2,Other
ATT202501000247,STU000247,SCH050,2025-01-01,3,3,
ATT202501000248,STU000248,SCH039,2025-01-01,1,1,
ATT202501000250,STU000250,SCH004,2025-01-01,1,1,
ATT202501000251,STU000251,SCH017,2025-01-01,2,2,
ATT202501000252,STU000252,SCH047,2025-01-01,3,3,
ATT202501000253,STU000253,SCH014,2025-01-01,3,3,
ATT202501000254,STU000254,SCH023,2025-01-01,2,2,
ATT202501000255,STU000255,SCH026,2025-01-01,1,1,
ATT202501000256,STU000256,SCH031,2025-01-01,2,2,
ATT202501000257,STU000257,SCH046,2025-01-01,3,3,
ATT202501000259,STU000259,SCH012,2025-01-01,3,3,
ATT202501000260,STU000260,SCH050,2025-01-01,1,1,
ATT202501000261,STU000261,SCH010,2025-01-01,1,1,
ATT202501000262,STU000262,SCH042,2025-01-01,2,2,
ATT202501000263,STU000263,SCH026,2025-01-01,2,2,
ATT202501000264,STU000264,SCH008,2025-01-01,2,2,
ATT202501000265,STU000265,SCH022,2025-01-01,3,3,
ATT202501000266,STU000266,SCH040,2025-01-01,2,2,
ATT202501000268,STU000268,SCH008,2025-01-01,1,1,
ATT202501000269,STU000269,SCH009,2025-01-01,1,1,
ATT202501000270,STU000270,SCH043,2025-01-01,1,1,
ATT202501000271,STU000271,SCH027,2025-01-01,3,3,
ATT202501000272,STU000272,SCH041,2025-01-01,1,1,
ATT202501000273,STU000273,SCH031,2025-01-01,3,3,
ATT202501000274,STU000274,SCH034,2025-01-01,3,3,
ATT202501000275,STU000275,SCH050,2025-01-01,2,2,
ATT202501000276,STU000276,SCH039,2025-01-01,3,3,
ATT202501000277,STU000277,SCH041,2025-01-01,2,2,
ATT202501000278,STU000278,SCH039,2025-01-01,1,1,
ATT202501000279,STU000279,SCH028,2025-01-01,3,3,
ATT202501000280,STU000280,SCH028,2025-01-01,1,1,
ATT202501000281,STU000281,SCH040,2025-01-01,1,1,
ATT202501000282,STU000282,SCH001,2025-01-01,2,2,
ATT202501000283,STU000283,SCH046,2025-01-01,3,3,
ATT202501000284,STU000284,SCH020,2025-01-01,2,2,
ATT202501000285,STU000285,SCH046,2025-01-01,3,3,
ATT202501000286,STU000286,SCH041,2025-01-01,2,2,
ATT202501000287,STU000287,SCH008,2025-01-01,3,3,
ATT202501000288,STU000288,SCH031,2025-01-01,3,3,
ATT202501000289,STU000289,SCH033,2025-01-01,1,1,
ATT202501000290,STU000290,SCH040,2025-01-01,1,1,
ATT202501000291,STU000291,SCH036,2025-01-01,1,1,
ATT202501000292,STU000292,SCH046,2025-01-01,1,1,
ATT202501000293,STU000293,SCH033,2025-01-01,1,1,
ATT202501000294,STU000294,SCH012,2025-01-01,3,3,
ATT202501000295,STU000295,SCH049,2025-01-01,2,2,
ATT202501000296,STU000296,SCH017,2025-01-01,1,1,
ATT202501000297,STU000297,SCH045,2025-01-01,2,2,
ATT202501000299,STU000299,SCH033,2025-01-01,3,3,
ATT202501000300,STU000300,SCH017,2025-01-01,2,2,
ATT202501000301,STU000301,SCH043,2025-01-01,3,3,
ATT202501000302,STU000302,SCH024,2025-01-01,3,3,
ATT202501000303,STU000303,SCH010,2025-01-01,2,2,
ATT202501000304,STU000304,SCH046,2025-01-01,1,1,
ATT202501000305,STU000305,SCH004,2025-01-01,1,1,
ATT202501000306,STU000306,SCH046,2025-01-01,1,1,
ATT202501000307,STU000307,SCH010,2025-01-01,2,2,
ATT202501000308,STU000308,SCH005,2025-01-01,3,3,
ATT202501000309,STU000309,SCH026,2025-01-01,2,2,
ATT202501000310,STU000310,SCH025,2025-01-01,3,3,
ATT202501000311,STU000311,SCH024,2025-01-01,1,1,
ATT202501000313,STU000313,SCH028,2025-01-01,1,1,
ATT202501000314,STU000314,SCH012,2025-01-01,3,3,
ATT202501000315,STU000315,SCH046,2025-01-01,2,2,
ATT202501000316,STU000316,SCH037,2025-01-01,3,3,
ATT202501000317,STU000317,SCH008,2025-01-01,1,1,
ATT202501000318,STU000318,SCH026,2025-01-01,1,1,
ATT202501000319,STU000319,SCH016,2025-01-01,1,1,
ATT202501000320,STU000320,SCH007,2025-01-01,2,2,
ATT202501000322,STU000322,SCH011,2025-01-01,2,2,
ATT202501000323,STU000323,SCH010,2025-01-01,1,1,
ATT202501000324,STU000324,SCH042,2025-01-01,3,3,
ATT202501000325,STU000325,SCH041,2025-01-01,2,2,
ATT202501000326,STU000326,SCH023,2025-01-01,3,3,
ATT202501000327,STU000327,SCH017,2025-01-01,3,3,
ATT202501000328,STU000328,SCH024,2025-01-01,2,2,
ATT202501000329,STU000329,SCH023,2025-01-01,2,2,
ATT202501000330,STU000330,SCH031,2025-01-01,3,3,
ATT202501000331,STU000331,SCH025,2025-01-01,3,3,
ATT202501000332,STU000332,SCH030,2025-01-01,1,1,
ATT202501000333,STU000333,SCH009,2025-01-01,1,1,
ATT202501000334,STU000334,SCH005,2025-01-01,2,2,
ATT202501000335,STU000335,SCH046,2025-01-01,2,2,
ATT202501000336,STU000336,SCH035,2025-01-01,3,3,
ATT202501000337,STU000337,SCH011,2025-01-01,1,1,
ATT202501000338,STU000338,SCH043,2025-01-01,2,2,
ATT202501000340,STU000340,SCH025,2025-01-01,1,1,
ATT202501000341,STU000341,SCH007,2025-01-01,1,1,
ATT202501000342,STU000342,SCH025,2025-01-01,1,1,
ATT202501000343,STU000343,SCH042,2025-01-01,2,2,
ATT202501000344,STU000344,SCH035,2025-01-01,3,3,
ATT202501000345,STU000345,SCH010,2025-01-01,2,2,
ATT202501000346,STU000346,SCH021,2025-01-01,1,1,
ATT202501000347,STU000347,SCH046,2025-01-01,1,1,
ATT202501000348,STU000348,SCH031,2025-01-01,1,1,
ATT202501000349,STU000349,SCH021,2025-01-01,1,1,
ATT202501000350,STU000350,SCH033,2025-01-01,2,2,
ATT202501000351,STU000351,SCH040,2025-01-01,1,1,
ATT202501000352,STU000352,SCH022,2025-01-01,3,2,Medical
ATT202501000354,STU000354,SCH031,2025-01-01,3,3,
ATT202501000355,STU000355,SCH023,2025-01-01,1,1,
ATT202501000356,STU000356,SCH020,2025-01-01,1,1,
ATT202501000357,STU000357,SCH009,2025-01-01,2,2,
ATT202501000358,STU000358,SCH014,2025-01-01,3,3,
ATT202501000359,STU000359,SCH031,2025-01-01,2,2,
ATT202501000360,STU000360,SCH012,2025-01-01,3,3,
ATT202501000361,STU000361,SCH029,2025-01-01,1,1,
ATT202501000362,STU000362,SCH047,2025-01-01,1,1,
ATT202501000363,STU000363,SCH031,2025-01-01,1,1,
ATT202501000364,STU000364,SCH039,2025-01-01,2,2,
ATT202501000365,STU000365,SCH010,2025-01-01,2,2,
ATT202501000366,STU000366,SCH038,2025-01-01,2,2,
ATT202501000367,STU000367,SCH047,2025-01-01,2,2,
ATT202501000369,STU000369,SCH032,2025-01-01,3,3,
ATT202501000370,STU000370,SCH026,2025-01-01,1,1,
ATT202501000371,STU000371,SCH036,2025-01-01,1,1,
ATT202501000373,STU000373,SCH025,2025-01-01,1,1,
ATT202501000374,STU000374,SCH003,2025-01-01,2,2,
ATT202501000375,STU000375,SCH019,2025-01-01,1,1,
ATT202501000376,STU000376,SCH019,2025-01-01,2,2,
ATT202501000377,STU000377,SCH008,2025-01-01,1,1,
ATT202501000379,STU000379,SCH047,2025-01-01,3,3,
ATT202501000380,STU000380,SCH049,2025-01-01,1,1,
ATT202501000381,STU000381,SCH036,2025-01-01,1,1,
ATT202501000382,STU000382,SCH004,2025-01-01,3,3,
ATT202501000383,STU000383,SCH029,2025-01-01,3,3,
ATT202501000384,STU000384,SCH017,2025-01-01,2,2,
ATT202501000385,STU000385,SCH023,2025-01-01,2,2,
ATT202501000386,STU000386,SCH011,2025-01-01,1,1,
ATT202501000387,STU000387,SCH027,2025-01-01,3,3,
ATT202501000388,STU000388,SCH024,2025-01-01,1,1,
ATT202501000389,STU000389,SCH026,2025-01-01,2,2,
ATT202501000390,STU000390,SCH032,2025-01-01,3,3,
ATT202501000392,STU000392,SCH036,2025-01-01,1,1,
ATT202501000393,STU000393,SCH005,2025-01-01,2,2,
ATT202501000394,STU000394,SCH032,2025-01-01,3,3,
ATT202501000395,STU000395,SCH023,2025-01-01,1,1,
ATT202501000396,STU000396,SCH037,2025-01-01,3,3,
ATT202501000397,STU000397,SCH047,2025-01-01,2,2,
ATT202501000398,STU000398,SCH034,2025-01-01,3,3,
ATT202501000399,STU000399,SCH036,2025-01-01,1,1,
ATT202501000400,STU000400,SCH022,2025-01-01,3,3,
ATT202501000401,STU000401,SCH012,2025-01-01,1,1,
ATT202501000402,STU000402,SCH037,2025-01-01,1,1,
ATT202501000403,STU000403,SCH028,2025-01-01,2,2,
ATT202501000404,STU000404,SCH026,2025-01-01,3,3,
ATT202501000405,STU000405,SCH020,2025-01-01,3,3,
ATT202501000406,STU000406,SCH029,2025-01-01,3,3,
ATT202501000408,STU000408,SCH050,2025-01-01,3,3,
ATT202501000409,STU000409,SCH023,2025-01-01,2,2,
ATT202501000410,STU000410,SCH008,2025-01-01,1,1,
ATT202501000411,STU000411,SCH008,2025-01-01,2,2,
ATT202501000412,STU000412,SCH036,2025-01-01,2,2,
ATT202501000413,STU000413,SCH016,2025-01-01,1,1,
ATT202501000414,STU000414,SCH021,2025-01-01,1,1,
ATT202501000415,STU000415,SCH009,2025-01-01,1,1,
ATT202501000416,STU000416,SCH049,2025-01-01,1,1,
ATT202501000418,STU000418,SCH032,2025-01-01,3,3,
ATT202501000419,STU000419,SCH039,2025-01-01,1,1,
ATT202501000420,STU000420,SCH046,2025-01-01,2,2,
ATT202501000421,STU000421,SCH023,2025-01-01,3,3,
ATT202501000422,STU000422,SCH010,2025-01-01,2,2,
ATT202501000425,STU000425,SCH034,2025-01-01,2,2,
ATT202501000426,STU000426,SCH027,2025-01-01,3,3,
ATT202501000427,STU000427,SCH036,2025-01-01,1,1,
ATT202501000428,STU000428,SCH010,2025-01-01,2,2,
ATT202501000429,STU000429,SCH019,2025-01-01,2,2,
ATT202501000430,STU000430,SCH032,2025-01-01,1,1,
ATT202501000431,STU000431,SCH014,2025-01-01,3,3,
ATT202501000432,STU000432,SCH018,2025-01-01,3,3,
ATT202501000433,STU000433,SCH035,2025-01-01,1,1,
ATT202501000434,STU000434,SCH020,2025-01-01,2,2,
ATT202501000435,STU000435,SCH042,2025-01-01,1,1,
ATT202501000437,STU000437,SCH028,2025-01-01,1,1,
ATT202501000438,STU000438,SCH034,2025-01-01,1,1,
ATT202501000439,STU000439,SCH043,2025-01-01,2,2,
ATT202501000440,STU000440,SCH007,2025-01-01,2,2,
ATT202501000441,STU000441,SCH008,2025-01-01,3,3,
ATT202501000442,STU000442,SCH046,2025-01-01,2,2,
ATT202501000443,STU000443,SCH019,2025-01-01,2,2,
ATT202501000444,STU000444,SCH047,2025-01-01,1,1,
ATT202501000445,STU000445,SCH030,2025-01-01,3,3,
ATT202501000446,STU000446,SCH048,2025-01-01,2,2,
ATT202501000449,STU000449,SCH046,2025-01-01,2,2,
ATT202501000450,STU000450,SCH001,2025-01-01,3,2,Unauthorised
ATT202501000451,STU000451,SCH046,2025-01-01,2,2,
ATT202501000452,STU000452,SCH007,2025-01-01,1,1,
ATT202501000453,STU000453,SCH041,2025-01-01,1,1,
ATT202501000454,STU000454,SCH014,2025-01-01,1,1,
ATT202501000455,STU000455,SCH017,2025-01-01,3,3,
ATT202501000457,STU000457,SCH044,2025-01-01,3,3,
ATT202501000458,STU000458,SCH042,2025-01-01,2,2,
ATT202501000459,STU000459,SCH004,2025-01-01,1,1,
ATT202501000460,STU000460,SCH037,2025-01-01,3,3,
ATT202501000461,STU000461,SCH014,2025-01-01,2,2,
ATT202501000462,STU000462,SCH033,2025-01-01,1,1,
ATT202501000464,STU000464,SCH012,2025-01-01,3,3,
ATT202501000465,STU000465,SCH021,2025-01-01,1,1,
ATT202501000467,STU000467,SCH043,2025-01-01,2,2,
ATT202501000468,STU000468,SCH023,2025-01-01,3,3,
ATT202501000469,STU000469,SCH021,2025-01-01,1,1,
ATT202501000470,STU000470,SCH025,2025-01-01,2,2,
ATT202501000471,STU000471,SCH046,2025-01-01,2,2,
ATT202501000472,STU000472,SCH046,2025-01-01,3,3,
ATT202501000473,STU000473,SCH009,2025-01-01,2,2,
ATT202501000474,STU000474,SCH031,2025-01-01,3,2,Medical
ATT202501000475,STU000475,SCH038,2025-01-01,1,1,
ATT202501000476,STU000476,SCH029,2025-01-01,3,3,
ATT202501000477,STU000477,SCH029,2025-01-01,3,3,
ATT202501000478,STU000478,SCH009,2025-01-01,1,1,
ATT202501000479,STU000479,SCH028,2025-01-01,3,3,
ATT202501000480,STU000480,SCH009,2025-01-01,3,3,
ATT202501000481,STU000481,SCH009,2025-01-01,3,3,
ATT202501000482,STU000482,SCH039,2025-01-01,3,3,
ATT202501000483,STU000483,SCH040,2025-01-01,3,3,
ATT202501000484,STU000484,SCH003,2025-01-01,2,2,
ATT202501000485,STU000485,SCH004,2025-01-01,3,3,
ATT202501000486,STU000486,SCH038,2025-01-01,2,2,
ATT202501000488,STU000488,SCH012,2025-01-01,1,1,
ATT202501000489,STU000489,SCH010,2025-01-01,3,2,Unauthorised
ATT202501000490,STU000490,SCH019,2025-01-01,3,3,
ATT202501000491,STU000491,SCH009,2025-01-01,1,1,
ATT202501000492,STU000492,SCH005,2025-01-01,1,1,
ATT202501000493,STU000493,SCH045,2025-01-01,2,2,
ATT202501000494,STU000494,SCH046,2025-01-01,1,1,
ATT202501000495,STU000495,SCH009,2025-01-01,3,3,
ATT202501000496,STU000496,SCH004,2025-01-01,3,3,
ATT202501000497,STU000497,SCH048,2025-01-01,2,2,
ATT202501000498,STU000498,SCH014,2025-01-01,2,2,
ATT202501000499,STU000499,SCH040,2025-01-01,1,1,
ATT202501000500,STU000500,SCH020,2025-01-01,3,3,
ATT202501000501,STU000501,SCH019,2025-01-01,2,2,
ATT202501000502,STU000502,SCH016,2025-01-01,2,2,
ATT202501000503,STU000503,SCH015,2025-01-01,3,3,
ATT202501000504,STU000504,SCH041,2025-01-01,3,3,
ATT202501000505,STU000505,SCH023,2025-01-01,2,2,
ATT202501000507,STU000507,SCH040,2025-01-01,2,2,
ATT202501000508,STU000508,SCH024,2025-01-01,3,3,
ATT202501000509,STU000509,SCH049,2025-01-01,1,1,
ATT202501000511,STU000511,SCH008,2025-01-01,1,1,
ATT202501000512,STU000512,SCH007,2025-01-01,2,2,
ATT202501000513,STU000513,SCH004,2025-01-01,1,1,
ATT202501000514,STU000514,SCH012,2025-01-01,2,2,
ATT202501000515,STU000515,SCH012,2025-01-01,3,3,
ATT202501000516,STU000516,SCH047,2025-01-01,1,1,
ATT202501000517,STU000517,SCH027,2025-01-01,2,2,
ATT202501000518,STU000518,SCH036,2025-01-01,3,3,
ATT202501000519,STU000519,SCH026,2025-01-01,2,2,
ATT202501000520,STU000520,SCH018,2025-01-01,3,3,
ATT202501000521,STU000521,SCH045,2025-01-01,3,2,Other
ATT202501000522,STU000522,SCH029,2025-01-01,1,1,
ATT202501000523,STU000523,SCH007,2025-01-01,3,3,
ATT202501000524,STU000524,SCH005,2025-01-01,3,3,
ATT202501000525,STU000525,SCH026,2025-01-01,2,2,
ATT202501000526,STU000526,SCH046,2025-01-01,3,2,Other
ATT202501000527,STU000527,SCH006,2025-01-01,2,2,
ATT202501000528,STU000528,SCH018,2025-01-01,3,3,
ATT202501000529,STU000529,SCH010,2025-01-01,2,2,
ATT202501000530,STU000530,SCH011,2025-01-01,2,2,
ATT202501000531,STU000531,SCH008,2025-01-01,2,2,
ATT202501000532,STU000532,SCH029,2025-01-01,3,3,
ATT202501000533,STU000533,SCH017,2025-01-01,2,2,
ATT202501000534,STU000534,SCH045,2025-01-01,3,3,
ATT202501000537,STU000537,SCH009,2025-01-01,3,3,
ATT202501000539,STU000539,SCH045,2025-01-01,1,1,
ATT202501000540,STU000540,SCH045,2025-01-01,2,2,
ATT202501000541,STU000541,SCH038,2025-01-01,2,2,
ATT202501000542,STU000542,SCH006,2025-01-01,2,2,
ATT202501000543,STU000543,SCH029,2025-01-01,1,1,
ATT202501000544,STU000544,SCH006,2025-01-01,2,2,
ATT202501000545,STU000545,SCH025,2025-01-01,1,1,
ATT202501000546,STU000546,SCH046,2025-01-01,1,1,
ATT202501000547,STU000547,SCH034,2025-01-01,1,1,
ATT202501000548,STU000548,SCH004,2025-01-01,2,2,
ATT202501000549,STU000549,SCH011,2025-01-01,3,3,
ATT202501000550,STU000550,SCH008,2025-01-01,1,1,
ATT202501000552,STU000552,SCH009,2025-01-01,2,2,
ATT202501000553,STU000553,SCH048,2025-01-01,1,1,
ATT202501000554,STU000554,SCH016,2025-01-01,1,1,
ATT202501000555,STU000555,SCH010,2025-01-01,3,3,
ATT202501000557,STU000557,SCH025,2025-01-01,3,3,
ATT202501000558,STU000558,SCH006,2025-01-01,2,2,
ATT202501000559,STU000559,SCH034,2025-01-01,3,3,
ATT202501000560,STU000560,SCH016,2025-01-01,1,1,
ATT202501000561,STU000561,SCH036,2025-01-01,3,3,
ATT202501000563,STU000563,SCH004,2025-01-01,3,3,
ATT202501000564,STU000564,SCH019,2025-01-01,2,2,
ATT202501000565,STU000565,SCH049,2025-01-01,2,2,
ATT202501000566,STU000566,SCH029,2025-01-01,3,3,
ATT202501000567,STU000567,SCH043,2025-01-01,2,2,
ATT202501000568,STU000568,SCH036,2025-01-01,2,2,
ATT202501000569,STU000569,SCH012,2025-01-01,1,1,
ATT202501000570,STU000570,SCH009,2025-01-01,3,3,
ATT202501000571,STU000571,SCH046,2025-01-01,3,3,
ATT202501000572,STU000572,SCH027,2025-01-01,3,3,
ATT202501000573,STU000573,SCH033,2025-01-01,3,3,
ATT202501000574,STU000574,SCH025,2025-01-01,3,3,
ATT202501000575,STU000575,SCH014,2025-01-01,2,2,
ATT202501000577,STU000577,SCH040,2025-01-01,2,2,
ATT202501000578,STU000578,SCH025,2025-01-01,1,1,
ATT202501000579,STU000579,SCH047,2025-01-01,2,2,
ATT202501000581,STU000581,SCH008,2025-01-01,1,1,
ATT202501000582,STU000582,SCH008,2025-01-01,1,1,
ATT202501000583,STU000583,SCH027,2025-01-01,3,3,
ATT202501000584,STU000584,SCH025,2025-01-01,2,2,
ATT202501000585,STU000585,SCH039,2025-01-01,2,2,
ATT202501000586,STU000586,SCH009,2025-01-01,3,3,
ATT202501000587,STU000587,SCH032,2025-01-01,2,2,
ATT202501000588,STU000588,SCH034,2025-01-01,1,1,
ATT202501000589,STU000589,SCH040,2025-01-01,3,3,
ATT202501000590,STU000590,SCH044,2025-01-01,1,1,
ATT202501000591,STU000591,SCH020,2025-01-01,2,2,
ATT202501000592,STU000592,SCH047,2025-01-01,3,3,
ATT202501000593,STU000593,SCH020,2025-01-01,1,1,
ATT202501000594,STU000594,SCH015,2025-01-01,2,2,
ATT202501000595,STU000595,SCH023,2025-01-01,1,1,
ATT202501000596,STU000596,SCH031,2025-01-01,1,1,
ATT202501000597,STU000597,SCH043,2025-01-01,3,3,
ATT202501000598,STU000598,SCH028,2025-01-01,2,2,
ATT202501000599,STU000599,SCH035,2025-01-01,2,2,
ATT202501000600,STU000600,SCH042,2025-01-01,3,2,Unauthorised
ATT202501000601,STU000601,SCH039,2025-01-01,2,2,
ATT202501000602,STU000602,SCH004,2025-01-01,1,1,
ATT202501000603,STU000603,SCH022,2025-01-01,1,1,
ATT202501000604,STU000604,SCH033,2025-01-01,2,2,
ATT202501000605,STU000605,SCH050,2025-01-01,2,2,
ATT202501000606,STU000606,SCH040,2025-01-01,2,2,
ATT202501000607,STU000607,SCH007,2025-01-01,3,3,
ATT202501000608,STU000608,SCH024,2025-01-01,3,3,
ATT202501000609,STU000609,SCH017,2025-01-01,2,2,
ATT202501000610,STU000610,SCH018,2025-01-01,3,3,
ATT202501000611,STU000611,SCH011,2025-01-01,3,3,
ATT202501000613,STU000613,SCH021,2025-01-01,3,3,
ATT202501000614,STU000614,SCH037,2025-01-01,3,3,
ATT202501000615,STU000615,SCH004,2025-01-01,3,3,
ATT202501000616,STU000616,SCH016,2025-01-01,1,1,
ATT202501000617,STU000617,SCH040,2025-01-01,1,1,
ATT202501000618,STU000618,SCH048,2025-01-01,1,1,
ATT202501000619,STU000619,SCH043,2025-01-01,3,3,
ATT202501000620,STU000620,SCH046,2025-01-01,2,2,
ATT202501000621,STU000621,SCH026,2025-01-01,1,1,
ATT202501000622,STU000622,SCH026,2025-01-01,2,2,
ATT202501000623,STU000623,SCH008,2025-01-01,2,2,
ATT202501000624,STU000624,SCH005,2025-01-01,2,2,
ATT202501000625,STU000625,SCH001,2025-01-01,3,2,Illness
ATT202501000627,STU000627,SCH021,2025-01-01,2,2,
ATT202501000628,STU000628,SCH004,2025-01-01,3,3,
ATT202501000629,STU000629,SCH007,2025-01-01,1,1,
ATT202501000630,STU000630,SCH004,2025-01-01,2,2,
ATT202501000631,STU000631,SCH028,2025-01-01,2,2,
ATT202501000632,STU000632,SCH044,2025-01-01,3,3,
ATT202501000633,STU000633,SCH030,2025-01-01,2,2,
ATT202501000634,STU000634,SCH032,2025-01-01,1,1,
ATT202501000636,STU000636,SCH005,2025-01-01,1,1,
ATT202501000639,STU000639,SCH047,2025-01-01,2,2,
ATT202501000640,STU000640,SCH035,2025-01-01,1,1,
ATT202501000641,STU000641,SCH025,2025-01-01,3,2,Medical
ATT202501000642,STU000642,SCH049,2025-01-01,2,2,
ATT202501000643,STU000643,SCH026,2025-01-01,3,3,
ATT202501000644,STU000644,SCH004,2025-01-01,3,3,
ATT202501000645,STU000645,SCH020,2025-01-01,1,1,
ATT202501000646,STU000646,SCH021,2025-01-01,1,1,
ATT202501000647,STU000647,SCH018,2025-01-01,1,1,
ATT202501000648,STU000648,SCH046,2025-01-01,3,3,
ATT202501000650,STU000650,SCH016,2025-01-01,3,3,
ATT202501000651,STU000651,SCH018,2025-01-01,1,1,
ATT202501000652,STU000652,SCH028,2025-01-01,1,1,
ATT202501000653,STU000653,SCH040,2025-01-01,1,1,
ATT202501000654,STU000654,SCH015,2025-01-01,3,3,
ATT202501000655,STU000655,SCH027,2025-01-01,1,1,
ATT202501000656,STU000656,SCH017,2025-01-01,1,1,
ATT202501000657,STU000657,SCH008,2025-01-01,3,3,
ATT202501000658,STU000658,SCH018,2025-01-01,2,2,
ATT202501000659,STU000659,SCH046,2025-01-01,1,1,
ATT202501000660,STU000660,SCH026,2025-01-01,3,3,
ATT202501000661,STU000661,SCH035,2025-01-01,2,2,
ATT202501000662,STU000662,SCH006,2025-01-01,1,1,
ATT202501000663,STU000663,SCH010,2025-01-01,2,2,
ATT202501000665,STU000665,SCH013,2025-01-01,3,3,
ATT202501000666,STU000666,SCH023,2025-01-01,3,3,
ATT202501000667,STU000667,SCH039,2025-01-01,3,3,
ATT202501000669,STU000669,SCH030,2025-01-01,1,1,
ATT202501000670,STU000670,SCH035,2025-01-01,3,3,
ATT202501000671,STU000671,SCH014,2025-01-01,1,1,
ATT202501000672,STU000672,SCH001,2025-01-01,3,3,
ATT202501000673,STU000673,SCH010,2025-01-01,3,2,Unauthorised
ATT202501000674,STU000674,SCH022,2025-01-01,3,2,Other
ATT202501000675,STU000675,SCH022,2025-01-01,2,2,
ATT202501000676,STU000676,SCH004,2025-01-01,1,1,
ATT202501000677,STU000677,SCH026,2025-01-01,1,1,
ATT202501000679,STU000679,SCH034,2025-01-01,2,2,
ATT202501000680,STU000680,SCH037,2025-01-01,1,1,
ATT202501000681,STU000681,SCH043,2025-01-01,1,1,
ATT202501000682,STU000682,SCH032,2025-01-01,1,1,
ATT202501000683,STU000683,SCH016,2025-01-01,3,3,
ATT202501000685,STU000685,SCH045,2025-01-01,3,3,
ATT202501000686,STU000686,SCH012,2025-01-01,2,2,
ATT202501000687,STU000687,SCH046,2025-01-01,3,3,
ATT202501000688,STU000688,SCH018,2025-01-01,2,2,
ATT202501000691,STU000691,SCH031,2025-01-01,2,2,
ATT202501000692,STU000692,SCH012,2025-01-01,2,2,
ATT202501000693,STU000693,SCH043,2025-01-01,1,1,
ATT202501000694,STU000694,SCH012,2025-01-01,3,3,
ATT202501000695,STU000695,SCH031,2025-01-01,3,2,Other
ATT202501000696,STU000696,SCH046,2025-01-01,3,3,
ATT202501000698,STU000698,SCH031,2025-01-01,2,2,
ATT202501000699,STU000699,SCH014,2025-01-01,1,1,
ATT202501000700,STU000700,SCH008,2025-01-01,2,2,
ATT202501000701,STU000701,SCH031,2025-01-01,3,2,Family
ATT202501000703,STU000703,SCH034,2025-01-01,1,1,
ATT202501000704,STU000704,SCH048,2025-01-01,1,1,
ATT202501000705,STU000705,SCH042,2025-01-01,1,1,
ATT202501000707,STU000707,SCH036,2025-01-01,1,1,
ATT202501000708,STU000708,SCH034,2025-01-01,1,1,
ATT202501000709,STU000709,SCH042,2025-01-01,1,1,
ATT202501000710,STU000710,SCH012,2025-01-01,3,3,
ATT202501000711,STU000711,SCH034,2025-01-01,2,2,
ATT202501000712,STU000712,SCH035,2025-01-01,2,2,
ATT202501000713,STU000713,SCH046,2025-01-01,3,3,
ATT202501000714,STU000714,SCH030,2025-01-01,1,1,
ATT202501000715,STU000715,SCH011,2025-01-01,1,1,
ATT202501000716,STU000716,SCH015,2025-01-01,1,1,
ATT202501000717,STU000717,SCH001,2025-01-01,3,3,
ATT202501000718,STU000718,SCH022,2025-01-01,1,1,
ATT202501000719,STU000719,SCH007,2025-01-01,1,1,
ATT202501000720,STU000720,SCH039,2025-01-01,2,2,
ATT202501000721,STU000721,SCH037,2025-01-01,1,1,
ATT202501000722,STU000722,SCH046,2025-01-01,3,3,
ATT202501000723,STU000723,SCH040,2025-01-01,1,1,
ATT202501000724,STU000724,SCH001,2025-01-01,1,1,
ATT202501000725,STU000725,SCH036,2025-01-01,3,3,
ATT202501000726,STU000726,SCH009,2025-01-01,1,1,
ATT202501000727,STU000727,SCH029,2025-01-01,3,3,
ATT202501000730,STU000730,SCH042,2025-01-01,3,3,
ATT202501000731,STU000731,SCH006,2025-01-01,2,2,
ATT202501000732,STU000732,SCH018,2025-01-01,3,3,
ATT202501000733,STU000733,SCH004,2025-01-01,2,2,
ATT202501000734,STU000734,SCH049,2025-01-01,1,1,
ATT202501000735,STU000735,SCH010,2025-01-01,2,2,
ATT202501000736,STU000736,SCH007,2025-01-01,2,2,
ATT202501000737,STU000737,SCH020,2025-01-01,3,3,
ATT202501000738,STU000738,SCH034,2025-01-01,2,2,
ATT202501000740,STU000740,SCH009,2025-01-01,1,1,
ATT202501000741,STU000741,SCH035,2025-01-01,3,3,
ATT202501000742,STU000742,SCH029,2025-01-01,3,3,
ATT202501000743,STU000743,SCH048,2025-01-01,3,3,
ATT202501000744,STU000744,SCH007,2025-01-01,2,2,
ATT202501000745,STU000745,SCH043,2025-01-01,3,3,
ATT202501000746,STU000746,SCH013,2025-01-01,1,1,
ATT202501000747,STU000747,SCH008,2025-01-01,3,3,
ATT202501000748,STU000748,SCH017,2025-01-01,3,3,
ATT202501000749,STU000749,SCH044,2025-01-01,2,2,
ATT202501000750,STU000750,SCH001,2025-01-01,3,2,Illness
ATT202501000751,STU000751,SCH023,2025-01-01,1,1,
ATT202501000752,STU000752,SCH028,2025-01-01,3,3,
ATT202501000753,STU000753,SCH047,2025-01-01,3,3,
ATT202501000754,STU000754,SCH011,2025-01-01,3,3,
ATT202501000755,STU000755,SCH009,2025-01-01,3,3,
ATT202501000756,STU000756,SCH018,2025-01-01,1,1,
ATT202501000757,STU000757,SCH021,2025-01-01,3,3,
ATT202501000758,STU000758,SCH038,2025-01-01,3,3,
ATT202501000759,STU000759,SCH043,2025-01-01,1,1,
ATT202501000760,STU000760,SCH034,2025-01-01,3,3,
ATT202501000761,STU000761,SCH039,2025-01-01,3,3,
ATT202501000762,STU000762,SCH017,2025-01-01,3,3,
ATT202501000763,STU000763,SCH010,2025-01-01,3,3,
ATT202501000764,STU000764,SCH010,2025-01-01,3,2,Unauthorised
ATT202501000765,STU000765,SCH003,2025-01-01,2,2,
ATT202501000766,STU000766,SCH001,2025-01-01,2,2,
ATT202501000767,STU000767,SCH017,2025-01-01,3,3,
ATT202501000768,STU000768,SCH036,2025-01-01,2,2,
ATT202501000769,STU000769,SCH024,2025-01-01,1,1,
ATT202501000770,STU000770,SCH008,2025-01-01,2,2,
ATT202501000771,STU000771,SCH045,2025-01-01,1,1,
ATT202501000772,STU000772,SCH006,2025-01-01,1,1,
ATT202501000773,STU000773,SCH019,2025-01-01,1,1,
ATT202501000774,STU000774,SCH004,2025-01-01,3,3,
ATT202501000775,STU000775,SCH009,2025-01-01,1,1,
ATT202501000776,STU000776,SCH024,2025-01-01,1,1,
ATT202501000777,STU000777,SCH020,2025-01-01,3,3,
ATT202501000778,STU000778,SCH041,2025-01-01,1,1,
ATT202501000779,STU000779,SCH006,2025-01-01,2,2,
ATT202501000780,STU000780,SCH041,2025-01-01,2,2,
ATT202501000781,STU000781,SCH003,2025-01-01,3,3,
ATT202501000783,STU000783,SCH006,2025-01-01,1,1,
ATT202501000784,STU000784,SCH010,2025-01-01,3,3,
ATT202501000785,STU000785,SCH012,2025-01-01,2,2,
ATT202501000786,STU000786,SCH044,2025-01-01,1,1,
ATT202501000787,STU000787,SCH050,2025-01-01,1,1,
ATT202501000788,STU000788,SCH037,2025-01-01,1,1,
ATT202501000789,STU000789,SCH026,2025-01-01,3,3,
ATT202501000790,STU000790,SCH041,2025-01-01,2,2,
ATT202501000791,STU000791,SCH032,2025-01-01,1,1,
ATT202501000792,STU000792,SCH006,2025-01-01,3,3,
ATT202501000793,STU000793,SCH048,2025-01-01,2,2,
ATT202501000794,STU000794,SCH025,2025-01-01,1,1,
ATT202501000795,STU000795,SCH022,2025-01-01,1,1,
ATT202501000796,STU000796,SCH046,2025-01-01,1,1,
ATT202501000797,STU000797,SCH038,2025-01-01,3,3,
ATT202501000798,STU000798,SCH029,2025-01-01,3,3,
ATT202501000799,STU000799,SCH005,2025-01-01,1,1,
ATT202501000800,STU000800,SCH015,2025-01-01,2,2,
ATT202501000801,STU000801,SCH008,2025-01-01,1,1,
ATT202501000802,STU000802,SCH004,2025-01-01,3,3,
ATT202501000803,STU000803,SCH028,2025-01-01,2,2,
ATT202501000804,STU000804,SCH021,2025-01-01,3,3,
ATT202501000805,STU000805,SCH031,2025-01-01,3,2,Other
ATT202501000806,STU000806,SCH012,2025-01-01,3,3,
ATT202501000807,STU000807,SCH004,2025-01-01,1,1,
ATT202501000808,STU000808,SCH049,2025-01-01,2,2,
ATT202501000809,STU000809,SCH005,2025-01-01,1,1,
ATT202501000810,STU000810,SCH015,2025-01-01,2,2,
ATT202501000811,STU000811,SCH025,2025-01-01,2,2,
ATT202501000812,STU000812,SCH026,2025-01-01,3,3,
ATT202501000813,STU000813,SCH036,2025-01-01,1,1,
ATT202501000814,STU000814,SCH028,2025-01-01,3,3,
ATT202501000815,STU000815,SCH048,2025-01-01,1,1,
ATT202501000816,STU000816,SCH046,2025-01-01,1,1,
ATT202501000817,STU000817,SCH034,2025-01-01,3,2,Medical
ATT202501000818,STU000818,SCH030,2025-01-01,2,2,
ATT202501000819,STU000819,SCH048,2025-01-01,1,1,
ATT202501000820,STU000820,SCH050,2025-01-01,2,2,
ATT202501000821,STU000821,SCH018,2025-01-01,3,3,
ATT202501000822,STU000822,SCH045,2025-01-01,3,3,
ATT202501000823,STU000823,SCH006,2025-01-01,1,1,
ATT202501000824,STU000824,SCH041,2025-01-01,2,2,
ATT202501000825,STU000825,SCH009,2025-01-01,3,3,
ATT202501000826,STU000826,SCH030,2025-01-01,1,1,
ATT202501000827,STU000827,SCH027,2025-01-01,3,3,
ATT202501000829,STU000829,SCH006,2025-01-01,3,3,
ATT202501000830,STU000830,SCH008,2025-01-01,1,1,
ATT202501000831,STU000831,SCH004,2025-01-01,2,2,
ATT202501000832,STU000832,SCH002,2025-01-01,3,2,Unauthorised
ATT202501000833,STU000833,SCH038,2025-01-01,2,2,
ATT202501000834,STU000834,SCH004,2025-01-01,2,2,
ATT202501000835,STU000835,SCH020,2025-01-01,1,1,
ATT202501000836,STU000836,SCH048,2025-01-01,3,3,
ATT202501000837,STU000837,SCH018,2025-01-01,2,2,
ATT202501000838,STU000838,SCH029,2025-01-01,1,1,
ATT202501000839,STU000839,SCH050,2025-01-01,3,3,
ATT202501000840,STU000840,SCH001,2025-01-01,2,2,
ATT202501000841,STU000841,SCH045,2025-01-01,3,3,
ATT202501000842,STU000842,SCH005,2025-01-01,2,2,
ATT202501000844,STU000844,SCH028,2025-01-01,3,3,
ATT202501000845,STU000845,SCH048,2025-01-01,2,2,
ATT202501000846,STU000846,SCH019,2025-01-01,1,1,
ATT202501000847,STU000847,SCH040,2025-01-01,3,3,
ATT202501000848,STU000848,SCH031,2025-01-01,2,2,
ATT202501000849,STU000849,SCH048,2025-01-01,1,1,
ATT202501000850,STU000850,SCH033,2025-01-01,3,3,
ATT202501000851,STU000851,SCH019,2025-01-01,3,3,
ATT202501000852,STU000852,SCH010,2025-01-01,2,2,
ATT202501000853,STU000853,SCH043,2025-01-01,3,3,
ATT202501000854,STU000854,SCH035,2025-01-01,3,3,
ATT202501000855,STU000855,SCH024,2025-01-01,1,1,
ATT202501000856,STU000856,SCH003,2025-01-01,3,3,
ATT202501000857,STU000857,SCH010,2025-01-01,1,1,
ATT202501000858,STU000858,SCH013,2025-01-01,3,3,
ATT202501000859,STU000859,SCH037,2025-01-01,1,1,
ATT202501000860,STU000860,SCH005,2025-01-01,1,1,
ATT202501000861,STU000861,SCH037,2025-01-01,1,1,
ATT202501000862,STU000862,SCH004,2025-01-01,2,2,
ATT202501000863,STU000863,SCH011,2025-01-01,2,2,
ATT202501000864,STU000864,SCH033,2025-01-01,2,2,
ATT202501000865,STU000865,SCH026,2025-01-01,2,2,
ATT202501000866,STU000866,SCH014,2025-01-01,2,2,
ATT202501000867,STU000867,SCH014,2025-01-01,2,2,
ATT202501000868,STU000868,SCH022,2025-01-01,1,1,
ATT202501000869,STU000869,SCH037,2025-01-01,3,3,
ATT202501000870,STU000870,SCH016,2025-01-01,1,1,
ATT202501000871,STU000871,SCH043,2025-01-01,1,1,
ATT202501000872,STU000872,SCH002,2025-01-01,2,2,
ATT202501000874,STU000874,SCH027,2025-01-01,3,3,
ATT202501000875,STU000875,SCH038,2025-01-01,1,1,
ATT202501000876,STU000876,SCH036,2025-01-01,2,2,
ATT202501000877,STU000877,SCH021,2025-01-01,1,1,
ATT202501000878,STU000878,SCH035,2025-01-01,3,3,
ATT202501000879,STU000879,SCH038,2025-01-01,2,2,
ATT202501000881,STU000881,SCH009,2025-01-01,3,3,
ATT202501000882,STU000882,SCH013,2025-01-01,1,1,
ATT202501000883,STU000883,SCH043,2025-01-01,1,1,
ATT202501000884,STU000884,SCH020,2025-01-01,3,3,
ATT202501000885,STU000885,SCH007,2025-01-01,3,3,
ATT202501000886,STU000886,SCH008,2025-01-01,3,3,
ATT202501000887,STU000887,SCH020,2025-01-01,2,2,
ATT202501000889,STU000889,SCH048,2025-01-01,1,1,
ATT202501000890,STU000890,SCH045,2025-01-01,1,1,
ATT202501000891,STU000891,SCH015,2025-01-01,3,3,
ATT202501000892,STU000892,SCH037,2025-01-01,1,1,
ATT202501000893,STU000893,SCH028,2025-01-01,3,3,
ATT202501000894,STU000894,SCH011,2025-01-01,3,3,
ATT202501000895,STU000895,SCH030,2025-01-01,3,3,
ATT202501000896,STU000896,SCH028,2025-01-01,1,1,
ATT202501000897,STU000897,SCH023,2025-01-01,2,2,
ATT202501000898,STU000898,SCH012,2025-01-01,2,2,
ATT202501000899,STU000899,SCH012,2025-01-01,1,1,
ATT202501000900,STU000900,SCH018,2025-01-01,3,3,
ATT202501000903,STU000903,SCH008,2025-01-01,1,1,
ATT202501000904,STU000904,SCH012,2025-01-01,3,3,
ATT202501000905,STU000905,SCH031,2025-01-01,3,2,Family
ATT202501000906,STU000906,SCH032,2025-01-01,3,3,
ATT202501000907,STU000907,SCH046,2025-01-01,1,1,
ATT202501000908,STU000908,SCH041,2025-01-01,2,2,
ATT202501000909,STU000909,SCH021,2025-01-01,2,2,
ATT202501000910,STU000910,SCH016,2025-01-01,2,2,
ATT202501000911,STU000911,SCH040,2025-01-01,2,2,
ATT202501000912,STU000912,SCH026,2025-01-01,1,1,
ATT202501000913,STU000913,SCH002,2025-01-01,2,2,
ATT202501000914,STU000914,SCH034,2025-01-01,3,3,
ATT202501000916,STU000916,SCH037,2025-01-01,2,2,
ATT202501000917,STU000917,SCH019,2025-01-01,2,2,
ATT202501000918,STU000918,SCH028,2025-01-01,2,2,
ATT202501000919,STU000919,SCH006,2025-01-01,3,3,
ATT202501000920,STU000920,SCH010,2025-01-01,3,3,
ATT202501000921,STU000921,SCH028,2025-01-01,1,1,
ATT202501000922,STU000922,SCH033,2025-01-01,2,2,
ATT202501000923,STU000923,SCH039,2025-01-01,3,3,
ATT202501000924,STU000924,SCH031,2025-01-01,3,3,
ATT202501000925,STU000925,SCH026,2025-01-01,2,2,
ATT202501000926,STU000926,SCH046,2025-01-01,3,3,
ATT202501000927,STU000927,SCH044,2025-01-01,1,1,
ATT202501000929,STU000929,SCH028,2025-01-01,2,2,
ATT202501000930,STU000930,SCH037,2025-01-01,3,3,
ATT202501000931,STU000931,SCH012,2025-01-01,2,2,
ATT202501000932,STU000932,SCH035,2025-01-01,2,2,
ATT202501000933,STU000933,SCH023,2025-01-01,2,2,
ATT202501000934,STU000934,SCH010,2025-01-01,1,1,
ATT202501000935,STU000935,SCH030,2025-01-01,3,3,
ATT202501000936,STU000936,SCH047,2025-01-01,3,3,
ATT202501000937,STU000937,SCH024,2025-01-01,2,2,
ATT202501000938,STU000938,SCH001,2025-01-01,1,1,
ATT202501000939,STU000939,SCH005,2025-01-01,2,2,
ATT202501000940,STU000940,SCH016,2025-01-01,1,1,
ATT202501000941,STU000941,SCH036,2025-01-01,3,3,
ATT202501000942,STU000942,SCH020,2025-01-01,3,3,
ATT202501000943,STU000943,SCH021,2025-01-01,3,3,
ATT202501000944,STU000944,SCH031,2025-01-01,2,2,
ATT202501000945,STU000945,SCH002,2025-01-01,1,1,
ATT202501000946,STU000946,SCH031,2025-01-01,1,1,
ATT202501000947,STU000947,SCH027,2025-01-01,1,1,
ATT202501000948,STU000948,SCH002,2025-01-01,2,2,
ATT202501000949,STU000949,SCH046,2025-01-01,1,1,
ATT202501000950,STU000950,SCH043,2025-01-01,3,3,
ATT202501000952,STU000952,SCH034,2025-01-01,1,1,
ATT202501000953,STU000953,SCH013,2025-01-01,2,2,
ATT202501000954,STU000954,SCH046,2025-01-01,3,3,
ATT202501000955,STU000955,SCH044,2025-01-01,2,2,
ATT202501000956,STU000956,SCH016,2025-01-01,2,2,
ATT202501000957,STU000957,SCH030,2025-01-01,1,1,
ATT202501000958,STU000958,SCH005,2025-01-01,2,2,
ATT202501000959,STU000959,SCH029,2025-01-01,2,2,
ATT202501000960,STU000960,SCH025,2025-01-01,2,2,
ATT202501000961,STU000961,SCH038,2025-01-01,3,3,
ATT202501000962,STU000962,SCH049,2025-01-01,1,1,
ATT202501000963,STU000963,SCH003,2025-01-01,2,2,
ATT202501000964,STU000964,SCH040,2025-01-01,3,3,
ATT202501000966,STU000966,SCH035,2025-01-01,3,3,
ATT202501000967,STU000967,SCH032,2025-01-01,2,2,
ATT202501000969,STU000969,SCH006,2025-01-01,2,2,
ATT202501000970,STU000970,SCH031,2025-01-01,1,1,
ATT202501000972,STU000972,SCH013,2025-01-01,2,2,
ATT202501000974,STU000974,SCH040,2025-01-01,2,2,
ATT202501000975,STU000975,SCH046,2025-01-01,2,2,
ATT202501000976,STU000976,SCH030,2025-01-01,3,3,
ATT202501000977,STU000977,SCH005,2025-01-01,1,1,
ATT202501000978,STU000978,SCH046,2025-01-01,2,2,
ATT202501000979,STU000979,SCH040,2025-01-01,2,2,
ATT202501000980,STU000980,SCH047,2025-01-01,3,3,
ATT202501000981,STU000981,SCH007,2025-01-01,3,3,
ATT202501000982,STU000982,SCH027,2025-01-01,3,3,
ATT202501000983,STU000983,SCH047,2025-01-01,1,1,
ATT202501000984,STU000984,SCH047,2025-01-01,1,1,
ATT202501000985,STU000985,SCH021,2025-01-01,3,3,
ATT202501000986,STU000986,SCH033,2025-01-01,2,2,
ATT202501000987,STU000987,SCH024,2025-01-01,3,3,
ATT202501000988,STU000988,SCH037,2025-01-01,1,1,
ATT202501000989,STU000989,SCH008,2025-01-01,1,1,
ATT202501000990,STU000990,SCH017,2025-01-01,2,2,
ATT202501000991,STU000991,SCH015,2025-01-01,2,2,
ATT202501000993,STU000993,SCH048,2025-01-01,2,2,
ATT202501000994,STU000994,SCH011,2025-01-01,3,3,
ATT202501000996,STU000996,SCH046,2025-01-01,2,2,
ATT202501000997,STU000997,SCH012,2025-01-01,1,1,
ATT202501000998,STU000998,SCH040,2025-01-01,1,1,
ATT202501001000,STU001000,SCH033,2025-01-01,1,1,
ATT202501001001,STU001001,SCH034,2025-01-01,2,2,
ATT202501001002,STU001002,SCH026,2025-01-01,1,1,
ATT202501001003,STU001003,SCH025,2025-01-01,3,3,
ATT202501001005,STU001005,SCH046,2025-01-01,1,1,
ATT202501001006,STU001006,SCH035,2025-01-01,1,1,
ATT202501001007,STU001007,SCH031,2025-01-01,1,1,
ATT202501001008,STU001008,SCH021,2025-01-01,3,2,Unauthorised
ATT202501001009,STU001009,SCH019,2025-01-01,2,2,
ATT202501001010,STU001010,SCH046,2025-01-01,3,3,
ATT202501001011,STU001011,SCH006,2025-01-01,1,1,
ATT202501001012,STU001012,SCH035,2025-01-01,1,1,
ATT202501001013,STU001013,SCH025,2025-01-01,1,1,
ATT202501001014,STU001014,SCH040,2025-01-01,3,3,
ATT202501001015,STU001015,SCH016,2025-01-01,2,2,
ATT202501001016,STU001016,SCH031,2025-01-01,2,2,
ATT202501001017,STU001017,SCH048,2025-01-01,1,1,
ATT202501001018,STU001018,SCH026,2025-01-01,2,2,
ATT202501001019,STU001019,SCH020,2025-01-01,1,1,
ATT202501001020,STU001020,SCH035,2025-01-01,3,3,
ATT202501001021,STU001021,SCH002,2025-01-01,2,2,
ATT202501001022,STU001022,SCH048,2025-01-01,1,1,
ATT202501001023,STU001023,SCH040,2025-01-01,1,1,
ATT202501001024,STU001024,SCH007,2025-01-01,2,2,
ATT202501001025,STU001025,SCH040,2025-01-01,3,3,
ATT202501001026,STU001026,SCH010,2025-01-01,1,1,
ATT202501001027,STU001027,SCH042,2025-01-01,1,1,
ATT202501001028,STU001028,SCH048,2025-01-01,3,3,
ATT202501001029,STU001029,SCH020,2025-01-01,2,2,
ATT202501001030,STU001030,SCH037,2025-01-01,1,1,
ATT202501001031,STU001031,SCH049,2025-01-01,3,3,
ATT202501001032,STU001032,SCH045,2025-01-01,3,2,Medical
ATT202501001033,STU001033,SCH003,2025-01-01,1,1,
ATT202501001035,STU001035,SCH050,2025-01-01,1,1,
ATT202501001036,STU001036,SCH026,2025-01-01,2,2,
ATT202501001037,STU001037,SCH010,2025-01-01,2,2,
ATT202501001038,STU001038,SCH009,2025-01-01,2,2,
ATT202501001039,STU001039,SCH046,2025-01-01,1,1,
ATT202501001040,STU001040,SCH044,2025-01-01,2,2,
ATT202501001041,STU001041,SCH035,2025-01-01,1,1,
ATT202501001042,STU001042,SCH025,2025-01-01,1,1,
ATT202501001043,STU001043,SCH036,2025-01-01,1,1,
ATT202501001045,STU001045,SCH023,2025-01-01,3,3,
ATT202501001046,STU001046,SCH010,2025-01-01,1,1,
ATT202501001047,STU001047,SCH014,2025-01-01,1,1,
ATT202501001048,STU001048,SCH002,2025-01-01,3,2,Other
ATT202501001049,STU001049,SCH041,2025-01-01,2,2,
ATT202501001050,STU001050,SCH049,2025-01-01,2,2,
ATT202501001051,STU001051,SCH043,2025-01-01,2,2,
ATT202501001052,STU001052,SCH009,2025-01-01,2,2,
ATT202501001054,STU001054,SCH021,2025-01-01,3,3,
ATT202501001055,STU001055,SCH021,2025-01-01,3,3,
ATT202501001056,STU001056,SCH023,2025-01-01,2,2,
ATT202501001057,STU001057,SCH034,2025-01-01,2,2,
ATT202501001058,STU001058,SCH009,2025-01-01,2,2,
ATT202501001059,STU001059,SCH021,2025-01-01,3,3,
ATT202501001062,STU001062,SCH046,2025-01-01,3,3,
ATT202501001063,STU001063,SCH018,2025-01-01,2,2,
ATT202501001064,STU001064,SCH021,2025-01-01,3,2,Family
ATT202501001066,STU001066,SCH007,2025-01-01,3,3,
ATT202501001068,STU001068,SCH041,2025-01-01,3,3,
ATT202501001069,STU001069,SCH042,2025-01-01,3,3,
ATT202501001070,STU001070,SCH017,2025-01-01,2,2,
ATT202501001071,STU001071,SCH044,2025-01-01,2,2,
ATT202501001072,STU001072,SCH010,2025-01-01,2,2,
ATT202501001073,STU001073,SCH031,2025-01-01,2,2,
ATT202501001074,STU001074,SCH041,2025-01-01,3,3,
ATT202501001075,STU001075,SCH031,2025-01-01,1,1,
ATT202501001076,STU001076,SCH022,2025-01-01,3,3,
ATT202501001077,STU001077,SCH046,2025-01-01,2,2,
ATT202501001078,STU001078,SCH002,2025-01-01,2,2,
ATT202501001079,STU001079,SCH041,2025-01-01,1,1,
ATT202501001080,STU001080,SCH013,2025-01-01,3,3,
ATT202501001081,STU001081,SCH033,2025-01-01,1,1,
ATT202501001082,STU001082,SCH046,2025-01-01,2,2,
ATT202501001083,STU001083,SCH009,2025-01-01,2,2,
ATT202501001084,STU001084,SCH031,2025-01-01,2,2,
ATT202501001085,STU001085,SCH018,2025-01-01,2,2,
ATT202501001086,STU001086,SCH008,2025-01-01,2,2,
ATT202501001087,STU001087,SCH020,2025-01-01,1,1,
ATT202501001089,STU001089,SCH047,2025-01-01,1,1,
ATT202501001090,STU001090,SCH003,2025-01-01,2,2,
ATT202501001091,STU001091,SCH048,2025-01-01,2,2,
ATT202501001092,STU001092,SCH009,2025-01-01,3,3,
ATT202501001093,STU001093,SCH008,2025-01-01,3,3,
ATT202501001094,STU001094,SCH027,2025-01-01,3,3,
ATT202501001095,STU001095,SCH005,2025-01-01,3,3,
ATT202501001097,STU001097,SCH040,2025-01-01,3,3,
ATT202501001098,STU001098,SCH040,2025-01-01,1,1,
ATT202501001099,STU001099,SCH011,2025-01-01,3,3,
ATT202501001100,STU001100,SCH030,2025-01-01,3,3,
ATT202501001101,STU001101,SCH049,2025-01-01,2,2,
ATT202501001102,STU001102,SCH011,2025-01-01,2,2,
ATT202501001103,STU001103,SCH050,2025-01-01,1,1,
ATT202501001104,STU001104,SCH046,2025-01-01,1,1,
ATT202501001105,STU001105,SCH050,2025-01-01,1,1,
ATT202501001107,STU001107,SCH015,2025-01-01,2,2,
ATT202501001108,STU001108,SCH035,2025-01-01,3,3,
ATT202501001109,STU001109,SCH021,2025-01-01,1,1,
ATT202501001110,STU001110,SCH046,2025-01-01,1,1,
ATT202501001111,STU001111,SCH017,2025-01-01,1,1,
ATT202501001112,STU001112,SCH032,2025-01-01,3,3,
ATT202501001113,STU001113,SCH012,2025-01-01,2,2,
ATT202501001114,STU001114,SCH029,2025-01-01,3,3,
ATT202501001115,STU001115,SCH031,2025-01-01,3,3,
ATT202501001116,STU001116,SCH044,2025-01-01,1,1,
ATT202501001117,STU001117,SCH035,2025-01-01,1,1,
ATT202501001118,STU001118,SCH027,2025-01-01,3,3,
ATT202501001119,STU001119,SCH036,2025-01-01,2,2,
ATT202501001120,STU001120,SCH048,2025-01-01,3,3,
ATT202501001121,STU001121,SCH017,2025-01-01,1,1,
ATT202501001122,STU001122,SCH004,2025-01-01,2,2,
ATT202501001123,STU001123,SCH027,2025-01-01,3,3,
ATT202501001124,STU001124,SCH015,2025-01-01,3,3,
ATT202501001126,STU001126,SCH049,2025-01-01,3,3,
ATT202501001128,STU001128,SCH002,2025-01-01,2,2,
ATT202501001130,STU001130,SCH024,2025-01-01,1,1,
ATT202501001131,STU001131,SCH028,2025-01-01,3,3,
ATT202501001132,STU001132,SCH016,2025-01-01,3,3,
ATT202501001133,STU001133,SCH024,2025-01-01,2,2,
ATT202501001134,STU001134,SCH004,2025-01-01,1,1,
ATT202501001135,STU001135,SCH001,2025-01-01,3,3,
ATT202501001136,STU001136,SCH014,2025-01-01,3,3,
ATT202501001137,STU001137,SCH005,2025-01-01,1,1,
ATT202501001138,STU001138,SCH025,2025-01-01,3,3,
ATT202501001140,STU001140,SCH031,2025-01-01,2,2,
ATT202501001141,STU001141,SCH023,2025-01-01,2,2,
ATT202501001142,STU001142,SCH027,2025-01-01,2,2,
ATT202501001143,STU001143,SCH029,2025-01-01,3,3,
ATT202501001144,STU001144,SCH014,2025-01-01,2,2,
ATT202501001145,STU001145,SCH050,2025-01-01,1,1,
ATT202501001146,STU001146,SCH021,2025-01-01,3,3,
ATT202501001147,STU001147,SCH044,2025-01-01,1,1,
ATT202501001148,STU001148,SCH048,2025-01-01,3,3,
ATT202501001149,STU001149,SCH013,2025-01-01,2,2,
ATT202501001150,STU001150,SCH045,2025-01-01,2,2,
ATT202501001151,STU001151,SCH041,2025-01-01,3,3,
ATT202501001152,STU001152,SCH019,2025-01-01,3,3,
ATT202501001153,STU001153,SCH046,2025-01-01,1,1,
ATT202501001154,STU001154,SCH045,2025-01-01,3,3,
ATT202501001155,STU001155,SCH029,2025-01-01,2,2,
ATT202501001156,STU001156,SCH032,2025-01-01,2,2,
ATT202501001157,STU001157,SCH016,2025-01-01,2,2,
ATT202501001158,STU001158,SCH014,2025-01-01,3,3,
ATT202501001159,STU001159,SCH042,2025-01-01,1,1,
ATT202501001160,STU001160,SCH038,2025-01-01,3,3,
ATT202501001161,STU001161,SCH038,2025-01-01,2,2,
ATT202501001162,STU001162,SCH031,2025-01-01,3,3,
ATT202501001163,STU001163,SCH014,2025-01-01,1,1,
ATT202501001164,STU001164,SCH036,2025-01-01,2,2,
ATT202501001165,STU001165,SCH032,2025-01-01,1,1,
ATT202501001166,STU001166,SCH004,2025-01-01,3,3,
ATT202501001168,STU001168,SCH050,2025-01-01,2,2,
ATT202501001169,STU001169,SCH026,2025-01-01,1,1,
ATT202501001170,STU001170,SCH033,2025-01-01,2,2,
ATT202501001171,STU001171,SCH048,2025-01-01,3,3,
ATT202501001172,STU001172,SCH006,2025-01-01,1,1,
ATT202501001173,STU001173,SCH030,2025-01-01,3,3,
ATT202501001174,STU001174,SCH004,2025-01-01,1,1,
ATT202501001175,STU001175,SCH037,2025-01-01,3,3,
ATT202501001176,STU001176,SCH032,2025-01-01,2,2,
ATT202501001177,STU001177,SCH042,2025-01-01,2,2,
ATT202501001178,STU001178,SCH013,2025-01-01,3,3,
ATT202501001179,STU001179,SCH024,2025-01-01,3,2,Illness
ATT202501001180,STU001180,SCH035,2025-01-01,2,2,
ATT202501001181,STU001181,SCH002,2025-01-01,3,2,Illness
ATT202501001182,STU001182,SCH010,2025-01-01,3,3,
ATT202501001184,STU001184,SCH021,2025-01-01,1,1,
ATT202501001185,STU001185,SCH010,2025-01-01,1,1,
ATT202501001186,STU001186,SCH021,2025-01-01,3,2,Unauthorised
ATT202501001187,STU001187,SCH031,2025-01-01,2,2,
ATT202501001188,STU001188,SCH001,2025-01-01,3,3,
ATT202501001189,STU001189,SCH017,2025-01-01,3,3,
ATT202501001190,STU001190,SCH004,2025-01-01,2,2,
ATT202501001191,STU001191,SCH002,2025-01-01,3,3,
ATT202501001192,STU001192,SCH032,2025-01-01,2,2,
ATT202501001194,STU001194,SCH024,2025-01-01,3,3,
ATT202501001195,STU001195,SCH049,2025-01-01,3,3,
ATT202501001196,STU001196,SCH048,2025-01-01,3,3,
ATT202501001197,STU001197,SCH013,2025-01-01,1,1,
ATT202501001198,STU001198,SCH020,2025-01-01,1,1,
ATT202501001199,STU001199,SCH020,2025-01-01,2,2,
ATT202501001201,STU001201,SCH040,2025-01-01,1,1,
ATT202501001202,STU001202,SCH013,2025-01-01,3,3,
ATT202501001203,STU001203,SCH004,2025-01-01,1,1,
ATT202501001204,STU001204,SCH019,2025-01-01,3,3,
ATT202501001205,STU001205,SCH031,2025-01-01,2,2,
ATT202501001206,STU001206,SCH028,2025-01-01,1,1,
ATT202501001207,STU001207,SCH024,2025-01-01,2,2,
ATT202501001208,STU001208,SCH027,2025-01-01,1,1,
ATT202501001209,STU001209,SCH042,2025-01-01,2,2,
ATT202501001210,STU001210,SCH017,2025-01-01,3,2,Unauthorised
ATT202501001211,STU001211,SCH032,2025-01-01,2,2,
ATT202501001212,STU001212,SCH019,2025-01-01,2,2,
ATT202501001213,STU001213,SCH015,2025-01-01,3,3,
ATT202501001214,STU001214,SCH024,2025-01-01,2,2,
ATT202501001216,STU001216,SCH009,2025-01-01,2,2,
ATT202501001217,STU001217,SCH026,2025-01-01,1,1,
ATT202501001218,STU001218,SCH009,2025-01-01,2,2,
ATT202501001219,STU001219,SCH035,2025-01-01,1,1,
ATT202501001220,STU001220,SCH016,2025-01-01,1,1,
ATT202501001221,STU001221,SCH038,2025-01-01,2,2,
ATT202501001222,STU001222,SCH031,2025-01-01,3,3,
ATT202501001223,STU001223,SCH036,2025-01-01,1,1,
ATT202501001224,STU001224,SCH010,2025-01-01,1,1,
ATT202501001225,STU001225,SCH037,2025-01-01,3,3,
ATT202501001226,STU001226,SCH045,2025-01-01,3,3,
ATT202501001227,STU001227,SCH004,2025-01-01,1,1,
ATT202501001228,STU001228,SCH031,2025-01-01,3,3,
ATT202501001229,STU001229,SCH046,2025-01-01,3,3,
ATT202501001230,STU001230,SCH035,2025-01-01,1,1,
ATT202501001231,STU001231,SCH031,2025-01-01,2,2,
ATT202501001232,STU001232,SCH027,2025-01-01,2,2,
ATT202501001233,STU001233,SCH028,2025-01-01,1,1,
ATT202501001234,STU001234,SCH046,2025-01-01,3,3,
ATT202501001237,STU001237,SCH040,2025-01-01,1,1,
ATT202501001238,STU001238,SCH020,2025-01-01,2,2,
ATT202501001239,STU001239,SCH019,2025-01-01,1,1,
ATT202501001240,STU001240,SCH031,2025-01-01,3,3,
ATT202501001241,STU001241,SCH029,2025-01-01,3,3,
ATT202501001242,STU001242,SCH018,2025-01-01,2,2,
ATT202501001244,STU001244,SCH039,2025-01-01,3,3,
ATT202501001245,STU001245,SCH008,2025-01-01,3,3,
ATT202501001246,STU001246,SCH049,2025-01-01,2,2,
ATT202501001247,STU001247,SCH046,2025-01-01,2,2,
ATT202501001248,STU001248,SCH024,2025-01-01,2,2,
ATT202501001249,STU001249,SCH047,2025-01-01,1,1,
ATT202501001250,STU001250,SCH047,2025-01-01,3,2,Other
ATT202501001251,STU001251,SCH002,2025-01-01,3,3,
ATT202501001252,STU001252,SCH040,2025-01-01,1,1,
ATT202501001253,STU001253,SCH005,2025-01-01,1,1,
ATT202501001254,STU001254,SCH033,2025-01-01,1,1,
ATT202501001255,STU001255,SCH037,2025-01-01,1,1,
ATT202501001256,STU001256,SCH032,2025-01-01,1,1,
ATT202501001257,STU001257,SCH036,2025-01-01,2,2,
ATT202501001258,STU001258,SCH013,2025-01-01,3,3,
ATT202501001259,STU001259,SCH012,2025-01-01,2,2,
ATT202501001260,STU001260,SCH040,2025-01-01,2,2,
ATT202501001261,STU001261,SCH050,2025-01-01,2,2,
ATT202501001262,STU001262,SCH019,2025-01-01,2,2,
ATT202501001263,STU001263,SCH016,2025-01-01,2,2,
ATT202501001264,STU001264,SCH037,2025-01-01,3,3,
ATT202501001265,STU001265,SCH013,2025-01-01,2,2,
ATT202501001266,STU001266,SCH005,2025-01-01,1,1,
ATT202501001267,STU001267,SCH035,2025-01-01,3,3,
ATT202501001268,STU001268,SCH044,2025-01-01,3,3,
ATT202501001269,STU001269,SCH021,2025-01-01,3,3,
ATT202501001271,STU001271,SCH025,2025-01-01,2,2,
ATT202501001272,STU001272,SCH043,2025-01-01,1,1,
ATT202501001273,STU001273,SCH019,2025-01-01,2,2,
ATT202501001274,STU001274,SCH032,2025-01-01,2,2,
ATT202501001275,STU001275,SCH010,2025-01-01,2,2,
ATT202501001276,STU001276,SCH011,2025-01-01,3,3,
ATT202501001278,STU001278,SCH002,2025-01-01,1,1,
ATT202501001279,STU001279,SCH009,2025-01-01,3,3,
ATT202501001280,STU001280,SCH018,2025-01-01,3,3,
ATT202501001281,STU001281,SCH008,2025-01-01,3,3,
ATT202501001282,STU001282,SCH006,2025-01-01,2,2,
ATT202501001283,STU001283,SCH028,2025-01-01,2,2,
ATT202501001284,STU001284,SCH030,2025-01-01,2,2,
ATT202501001285,STU001285,SCH014,2025-01-01,3,3,
ATT202501001286,STU001286,SCH023,2025-01-01,2,2,
ATT202501001287,STU001287,SCH014,2025-01-01,3,3,
ATT202501001288,STU001288,SCH050,2025-01-01,3,3,
ATT202501001289,STU001289,SCH023,2025-01-01,2,2,
ATT202501001290,STU001290,SCH050,2025-01-01,3,3,
ATT202501001291,STU001291,SCH013,2025-01-01,2,2,
ATT202501001292,STU001292,SCH010,2025-01-01,1,1,
ATT202501001293,STU001293,SCH005,2025-01-01,1,1,
ATT202501001294,STU001294,SCH015,2025-01-01,1,1,
ATT202501001295,STU001295,SCH012,2025-01-01,1,1,
ATT202501001296,STU001296,SCH031,2025-01-01,1,1,
ATT202501001297,STU001297,SCH038,2025-01-01,2,2,
ATT202501001298,STU001298,SCH027,2025-01-01,1,1,
ATT202501001299,STU001299,SCH022,2025-01-01,1,1,
ATT202501001300,STU001300,SCH049,2025-01-01,1,1,
ATT202501001301,STU001301,SCH012,2025-01-01,1,1,
ATT202501001302,STU001302,SCH041,2025-01-01,1,1,
ATT202501001303,STU001303,SCH019,2025-01-01,2,2,
ATT202501001304,STU001304,SCH044,2025-01-01,3,3,
ATT202501001305,STU001305,SCH046,2025-01-01,1,1,
ATT202501001306,STU001306,SCH011,2025-01-01,1,1,
ATT202501001307,STU001307,SCH036,2025-01-01,1,1,
ATT202501001308,STU001308,SCH029,2025-01-01,1,1,
ATT202501001310,STU001310,SCH031,2025-01-01,3,3,
ATT202501001311,STU001311,SCH049,2025-01-01,1,1,
ATT202501001312,STU001312,SCH046,2025-01-01,3,3,
ATT202501001313,STU001313,SCH022,2025-01-01,3,2,Unauthorised
ATT202501001314,STU001314,SCH019,2025-01-01,2,2,
ATT202501001315,STU001315,SCH032,2025-01-01,2,2,
ATT202501001317,STU001317,SCH048,2025-01-01,2,2,
ATT202501001318,STU001318,SCH016,2025-01-01,3,3,
ATT202501001319,STU001319,SCH039,2025-01-01,2,2,
ATT202501001320,STU001320,SCH050,2025-01-01,2,2,
ATT202501001321,STU001321,SCH049,2025-01-01,2,2,
ATT202501001322,STU001322,SCH024,2025-01-01,1,1,
ATT202501001323,STU001323,SCH012,2025-01-01,2,2,
ATT202501001324,STU001324,SCH003,2025-01-01,3,3,
ATT202501001325,STU001325,SCH008,2025-01-01,1,1,
ATT202501001326,STU001326,SCH030,2025-01-01,1,1,
ATT202501001327,STU001327,SCH022,2025-01-01,3,3,
ATT202501001328,STU001328,SCH030,2025-01-01,3,3,
ATT202501001329,STU001329,SCH006,2025-01-01,1,1,
ATT202501001331,STU001331,SCH013,2025-01-01,1,1,
ATT202501001332,STU001332,SCH023,2025-01-01,1,1,
ATT202501001333,STU001333,SCH044,2025-01-01,2,2,
ATT202501001334,STU001334,SCH006,2025-01-01,3,3,
ATT202501001335,STU001335,SCH013,2025-01-01,3,3,
ATT202501001336,STU001336,SCH048,2025-01-01,1,1,
ATT202501001337,STU001337,SCH044,2025-01-01,2,2,
ATT202501001338,STU001338,SCH046,2025-01-01,2,2,
ATT202501001339,STU001339,SCH046,2025-01-01,3,3,
ATT202501001340,STU001340,SCH030,2025-01-01,1,1,
ATT202501001341,STU001341,SCH035,2025-01-01,2,2,
ATT202501001342,STU001342,SCH032,2025-01-01,3,3,
ATT202501001343,STU001343,SCH033,2025-01-01,3,3,
ATT202501001344,STU001344,SCH039,2025-01-01,3,3,
ATT202501001345,STU001345,SCH027,2025-01-01,3,3,
ATT202501001346,STU001346,SCH012,2025-01-01,3,3,
ATT202501001347,STU001347,SCH007,2025-01-01,3,3,
ATT202501001348,STU001348,SCH012,2025-01-01,1,1,
ATT202501001349,STU001349,SCH036,2025-01-01,3,3,
ATT202501001350,STU001350,SCH048,2025-01-01,1,1,
ATT202501001351,STU001351,SCH045,2025-01-01,2,2,
ATT202501001352,STU001352,SCH031,2025-01-01,3,3,
ATT202501001353,STU001353,SCH034,2025-01-01,2,2,
ATT202501001354,STU001354,SCH021,2025-01-01,1,1,
ATT202501001355,STU001355,SCH013,2025-01-01,1,1,
ATT202501001356,STU001356,SCH041,2025-01-01,2,2,
ATT202501001357,STU001357,SCH048,2025-01-01,3,3,
ATT202501001358,STU001358,SCH037,2025-01-01,2,2,
ATT202501001359,STU001359,SCH026,2025-01-01,3,3,
ATT202501001360,STU001360,SCH014,2025-01-01,3,3,
ATT202501001361,STU001361,SCH022,2025-01-01,1,1,
ATT202501001362,STU001362,SCH048,2025-01-01,3,3,
ATT202501001363,STU001363,SCH048,2025-01-01,3,3,
ATT202501001364,STU001364,SCH037,2025-01-01,2,2,
ATT202501001365,STU001365,SCH027,2025-01-01,1,1,
ATT202501001366,STU001366,SCH033,2025-01-01,3,3,
ATT202501001367,STU001367,SCH044,2025-01-01,3,3,
ATT202501001369,STU001369,SCH005,2025-01-01,2,2,
ATT202501001370,STU001370,SCH013,2025-01-01,2,2,
ATT202501001371,STU001371,SCH050,2025-01-01,2,2,
ATT202501001372,STU001372,SCH022,2025-01-01,2,2,
ATT202501001373,STU001373,SCH023,2025-01-01,1,1,
ATT202501001374,STU001374,SCH026,2025-01-01,3,3,
ATT202501001375,STU001375,SCH037,2025-01-01,2,2,
ATT202501001376,STU001376,SCH022,2025-01-01,3,2,Illness
ATT202501001377,STU001377,SCH035,2025-01-01,1,1,
ATT202501001378,STU001378,SCH046,2025-01-01,2,2,
ATT202501001379,STU001379,SCH012,2025-01-01,1,1,
ATT202501001380,STU001380,SCH007,2025-01-01,1,1,
ATT202501001381,STU001381,SCH010,2025-01-01,1,1,
ATT202501001382,STU001382,SCH018,2025-01-01,3,3,
ATT202501001384,STU001384,SCH027,2025-01-01,2,2,
ATT202501001385,STU001385,SCH021,2025-01-01,1,1,
ATT202501001386,STU001386,SCH024,2025-01-01,1,1,
ATT202501001387,STU001387,SCH004,2025-01-01,1,1,
ATT202501001388,STU001388,SCH035,2025-01-01,3,3,
ATT202501001390,STU001390,SCH030,2025-01-01,3,3,
ATT202501001391,STU001391,SCH029,2025-01-01,1,1,
ATT202501001392,STU001392,SCH049,2025-01-01,1,1,
ATT202501001393,STU001393,SCH020,2025-01-01,1,1,
ATT202501001394,STU001394,SCH012,2025-01-01,2,2,
ATT202501001396,STU001396,SCH029,2025-01-01,2,2,
ATT202501001397,STU001397,SCH037,2025-01-01,1,1,
ATT202501001398,STU001398,SCH018,2025-01-01,1,1,
ATT202501001399,STU001399,SCH027,2025-01-01,2,2,
ATT202501001400,STU001400,SCH032,2025-01-01,3,3,
ATT202501001401,STU001401,SCH047,2025-01-01,3,3,
ATT202501001402,STU001402,SCH027,2025-01-01,1,1,
ATT202501001403,STU001403,SCH048,2025-01-01,1,1,
ATT202501001404,STU001404,SCH048,2025-01-01,2,2,
ATT202501001405,STU001405,SCH015,2025-01-01,1,1,
ATT202501001406,STU001406,SCH039,2025-01-01,2,2,
ATT202501001407,STU001407,SCH036,2025-01-01,3,3,
ATT202501001408,STU001408,SCH009,2025-01-01,2,2,
ATT202501001409,STU001409,SCH019,2025-01-01,1,1,
ATT202501001410,STU001410,SCH045,2025-01-01,3,3,
ATT202501001411,STU001411,SCH009,2025-01-01,2,2,
ATT202501001412,STU001412,SCH027,2025-01-01,2,2,
ATT202501001413,STU001413,SCH046,2025-01-01,1,1,
ATT202501001415,STU001415,SCH005,2025-01-01,1,1,
ATT202501001416,STU001416,SCH016,2025-01-01,1,1,
ATT202501001417,STU001417,SCH026,2025-01-01,2,2,
ATT202501001418,STU001418,SCH026,2025-01-01,3,3,
ATT202501001419,STU001419,SCH031,2025-01-01,3,3,
ATT202501001420,STU001420,SCH038,2025-01-01,3,3,
ATT202501001421,STU001421,SCH001,2025-01-01,1,1,
ATT202501001422,STU001422,SCH006,2025-01-01,3,3,
ATT202501001423,STU001423,SCH007,2025-01-01,1,1,
ATT202501001424,STU001424,SCH005,2025-01-01,3,3,
ATT202501001425,STU001425,SCH043,2025-01-01,2,2,
ATT202501001426,STU001426,SCH029,2025-01-01,1,1,
ATT202501001427,STU001427,SCH007,2025-01-01,1,1,
ATT202501001428,STU001428,SCH050,2025-01-01,3,3,
ATT202501001429,STU001429,SCH046,2025-01-01,1,1,
ATT202501001431,STU001431,SCH020,2025-01-01,2,2,
ATT202501001432,STU001432,SCH022,2025-01-01,1,1,
ATT202501001433,STU001433,SCH031,2025-01-01,2,2,
ATT202501001434,STU001434,SCH042,2025-01-01,1,1,
ATT202501001435,STU001435,SCH037,2025-01-01,3,3,
ATT202501001438,STU001438,SCH016,2025-01-01,2,2,
ATT202501001439,STU001439,SCH048,2025-01-01,2,2,
ATT202501001441,STU001441,SCH039,2025-01-01,3,3,
ATT202501001442,STU001442,SCH029,2025-01-01,1,1,
ATT202501001443,STU001443,SCH016,2025-01-01,1,1,
ATT202501001444,STU001444,SCH030,2025-01-01,2,2,
ATT202501001445,STU001445,SCH047,2025-01-01,3,3,
ATT202501001446,STU001446,SCH029,2025-01-01,2,2,
ATT202501001447,STU001447,SCH036,2025-01-01,2,2,
ATT202501001448,STU001448,SCH050,2025-01-01,3,3,
ATT202501001449,STU001449,SCH001,2025-01-01,2,2,
ATT202501001450,STU001450,SCH047,2025-01-01,3,3,
ATT202501001451,STU001451,SCH048,2025-01-01,1,1,
ATT202501001452,STU001452,SCH021,2025-01-01,1,1,
ATT202501001454,STU001454,SCH038,2025-01-01,2,2,
ATT202501001455,STU001455,SCH048,2025-01-01,2,2,
ATT202501001456,STU001456,SCH016,2025-01-01,1,1,
ATT202501001457,STU001457,SCH011,2025-01-01,1,1,
ATT202501001458,STU001458,SCH030,2025-01-01,1,1,
ATT202501001459,STU001459,SCH004,2025-01-01,3,3,
ATT202501001460,STU001460,SCH008,2025-01-01,1,1,
ATT202501001461,STU001461,SCH017,2025-01-01,1,1,
ATT202501001462,STU001462,SCH008,2025-01-01,3,3,
ATT202501001463,STU001463,SCH013,2025-01-01,1,1,
ATT202501001464,STU001464,SCH044,2025-01-01,2,2,
ATT202501001465,STU001465,SCH030,2025-01-01,3,3,
ATT202501001466,STU001466,SCH016,2025-01-01,1,1,
ATT202501001467,STU001467,SCH011,2025-01-01,2,2,
ATT202501001468,STU001468,SCH018,2025-01-01,1,1,
ATT202501001469,STU001469,SCH016,2025-01-01,3,3,
ATT202501001470,STU001470,SCH015,2025-01-01,1,1,
ATT202501001471,STU001471,SCH008,2025-01-01,3,3,
ATT202501001472,STU001472,SCH010,2025-01-01,2,2,
ATT202501001473,STU001473,SCH008,2025-01-01,1,1,
ATT202501001474,STU001474,SCH045,2025-01-01,2,2,
ATT202501001475,STU001475,SCH035,2025-01-01,2,2,
ATT202501001476,STU001476,SCH004,2025-01-01,2,2,
ATT202501001477,STU001477,SCH011,2025-01-01,1,1,
ATT202501001478,STU001478,SCH010,2025-01-01,2,2,
ATT202501001479,STU001479,SCH022,2025-01-01,1,1,
ATT202501001481,STU001481,SCH013,2025-01-01,3,3,
ATT202501001482,STU001482,SCH018,2025-01-01,2,2,
ATT202501001483,STU001483,SCH018,2025-01-01,3,3,
ATT202501001485,STU001485,SCH020,2025-01-01,1,1,
ATT202501001486,STU001486,SCH034,2025-01-01,3,3,
ATT202501001487,STU001487,SCH035,2025-01-01,3,3,
ATT202501001488,STU001488,SCH043,2025-01-01,3,3,
ATT202501001489,STU001489,SCH023,2025-01-01,3,3,
ATT202501001490,STU001490,SCH044,2025-01-01,1,1,
ATT202501001491,STU001491,SCH015,2025-01-01,3,3,
ATT202501001493,STU001493,SCH023,2025-01-01,3,3,
ATT202501001494,STU001494,SCH012,2025-01-01,2,2,
ATT202501001496,STU001496,SCH038,2025-01-01,1,1,
ATT202501001497,STU001497,SCH016,2025-01-01,3,3,
ATT202501001498,STU001498,SCH036,2025-01-01,3,3,
ATT202501001499,STU001499,SCH019,2025-01-01,2,2,
ATT202501001500,STU001500,SCH016,2025-01-01,2,2,
ATT202501001501,STU001501,SCH005,2025-01-01,3,3,
ATT202501001502,STU001502,SCH010,2025-01-01,3,3,
ATT202501001503,STU001503,SCH021,2025-01-01,1,1,
ATT202501001504,STU001504,SCH024,2025-01-01,3,2,Unauthorised
ATT202501001505,STU001505,SCH007,2025-01-01,1,1,
ATT202501001506,STU001506,SCH036,2025-01-01,1,1,
ATT202501001507,STU001507,SCH045,2025-01-01,2,2,
ATT202501001508,STU001508,SCH031,2025-01-01,3,3,
ATT202501001509,STU001509,SCH021,2025-01-01,1,1,
ATT202501001510,STU001510,SCH047,2025-01-01,1,1,
ATT202501001511,STU001511,SCH007,2025-01-01,2,2,
ATT202501001513,STU001513,SCH008,2025-01-01,1,1,
ATT202501001514,STU001514,SCH003,2025-01-01,3,3,
ATT202501001515,STU001515,SCH045,2025-01-01,3,3,
ATT202501001516,STU001516,SCH050,2025-01-01,2,2,
ATT202501001517,STU001517,SCH017,2025-01-01,1,1,
ATT202501001518,STU001518,SCH027,2025-01-01,1,1,
ATT202501001519,STU001519,SCH028,2025-01-01,2,2,
ATT202501001520,STU001520,SCH026,2025-01-01,3,3,
ATT202501001521,STU001521,SCH040,2025-01-01,3,3,
ATT202501001522,STU001522,SCH040,2025-01-01,3,3,
ATT202501001523,STU001523,SCH044,2025-01-01,1,1,
ATT202501001524,STU001524,SCH001,2025-01-01,2,2,
ATT202501001525,STU001525,SCH009,2025-01-01,1,1,
ATT202501001526,STU001526,SCH040,2025-01-01,1,1,
ATT202501001527,STU001527,SCH029,2025-01-01,3,3,
ATT202501001529,STU001529,SCH030,2025-01-01,3,3,
ATT202501001530,STU001530,SCH032,2025-01-01,3,3,
ATT202501001531,STU001531,SCH038,2025-01-01,2,2,
ATT202501001532,STU001532,SCH029,2025-01-01,2,2,
ATT202501001533,STU001533,SCH020,2025-01-01,2,2,
ATT202501001534,STU001534,SCH019,2025-01-01,2,2,
ATT202501001535,STU001535,SCH041,2025-01-01,2,2,
ATT202501001536,STU001536,SCH013,2025-01-01,3,3,
ATT202501001538,STU001538,SCH028,2025-01-01,1,1,
ATT202501001539,STU001539,SCH039,2025-01-01,2,2,
ATT202501001540,STU001540,SCH030,2025-01-01,1,1,
ATT202501001541,STU001541,SCH017,2025-01-01,3,3,
ATT202501001542,STU001542,SCH039,2025-01-01,3,3,
ATT202501001543,STU001543,SCH011,2025-01-01,3,3,
ATT202501001544,STU001544,SCH011,2025-01-01,3,3,
ATT202501001545,STU001545,SCH025,2025-01-01,3,3,
ATT202501001547,STU001547,SCH014,2025-01-01,3,3,
ATT202501001548,STU001548,SCH003,2025-01-01,2,2,
ATT202501001549,STU001549,SCH038,2025-01-01,3,3,
ATT202501001550,STU001550,SCH012,2025-01-01,1,1,
ATT202501001551,STU001551,SCH016,2025-01-01,3,3,
ATT202501001552,STU001552,SCH020,2025-01-01,1,1,
ATT202501001553,STU001553,SCH030,2025-01-01,1,1,
ATT202501001554,STU001554,SCH048,2025-01-01,3,3,
ATT202501001555,STU001555,SCH047,2025-01-01,3,3,
ATT202501001556,STU001556,SCH034,2025-01-01,3,3,
ATT202501001557,STU001557,SCH038,2025-01-01,2,2,
ATT202501001558,STU001558,SCH037,2025-01-01,3,3,
ATT202501001559,STU001559,SCH033,2025-01-01,1,1,
ATT202501001560,STU001560,SCH041,2025-01-01,3,3,
ATT202501001561,STU001561,SCH041,2025-01-01,3,3,
ATT202501001562,STU001562,SCH011,2025-01-01,1,1,
ATT202501001563,STU001563,SCH045,2025-01-01,1,1,
ATT202501001564,STU001564,SCH002,2025-01-01,2,2,
ATT202501001566,STU001566,SCH013,2025-01-01,1,1,
ATT202501001567,STU001567,SCH007,2025-01-01,2,2,
ATT202501001569,STU001569,SCH016,2025-01-01,2,2,
ATT202501001570,STU001570,SCH035,2025-01-01,2,2,
ATT202501001571,STU001571,SCH034,2025-01-01,2,2,
ATT202501001572,STU001572,SCH039,2025-01-01,1,1,
ATT202501001573,STU001573,SCH011,2025-01-01,3,3,
ATT202501001574,STU001574,SCH046,2025-01-01,3,3,
ATT202501001575,STU001575,SCH003,2025-01-01,2,2,
ATT202501001576,STU001576,SCH031,2025-01-01,3,3,
ATT202501001577,STU001577,SCH046,2025-01-01,2,2,
ATT202501001578,STU001578,SCH046,2025-01-01,3,3,
ATT202501001579,STU001579,SCH011,2025-01-01,2,2,
ATT202501001580,STU001580,SCH044,2025-01-01,3,3,
ATT202501001581,STU001581,SCH023,2025-01-01,2,2,
ATT202501001582,STU001582,SCH007,2025-01-01,2,2,
ATT202501001584,STU001584,SCH033,2025-01-01,1,1,
ATT202501001585,STU001585,SCH013,2025-01-01,3,3,
ATT202501001586,STU001586,SCH046,2025-01-01,2,2,
ATT202501001587,STU001587,SCH012,2025-01-01,1,1,
ATT202501001588,STU001588,SCH008,2025-01-01,2,2,
ATT202501001589,STU001589,SCH048,2025-01-01,1,1,
ATT202501001590,STU001590,SCH008,2025-01-01,1,1,
ATT202501001591,STU001591,SCH043,2025-01-01,1,1,
ATT202501001592,STU001592,SCH015,2025-01-01,1,1,
ATT202501001593,STU001593,SCH022,2025-01-01,2,2,
ATT202501001594,STU001594,SCH024,2025-01-01,3,3,
ATT202501001595,STU001595,SCH047,2025-01-01,3,3,
ATT202501001597,STU001597,SCH031,2025-01-01,2,2,
ATT202501001598,STU001598,SCH039,2025-01-01,3,3,
ATT202501001599,STU001599,SCH013,2025-01-01,2,2,
ATT202501001600,STU001600,SCH047,2025-01-01,3,3,
ATT202501001601,STU001601,SCH009,2025-01-01,2,2,
ATT202501001602,STU001602,SCH036,2025-01-01,3,3,
ATT202501001603,STU001603,SCH046,2025-01-01,3,3,
ATT202501001604,STU001604,SCH037,2025-01-01,1,1,
ATT202501001605,STU001605,SCH037,2025-01-01,1,1,
ATT202501001606,STU001606,SCH044,2025-01-01,1,1,
ATT202501001607,STU001607,SCH014,2025-01-01,3,3,
ATT202501001609,STU001609,SCH039,2025-01-01,2,2,
ATT202501001610,STU001610,SCH011,2025-01-01,1,1,
ATT202501001611,STU001611,SCH001,2025-01-01,1,1,
ATT202501001612,STU001612,SCH020,2025-01-01,1,1,
ATT202501001613,STU001613,SCH014,2025-01-01,3,3,
ATT202501001614,STU001614,SCH010,2025-01-01,2,2,
ATT202501001615,STU001615,SCH031,2025-01-01,2,2,
ATT202501001616,STU001616,SCH022,2025-01-01,3,3,
ATT202501001617,STU001617,SCH041,2025-01-01,3,3,
ATT202501001618,STU001618,SCH050,2025-01-01,2,2,
ATT202501001619,STU001619,SCH028,2025-01-01,1,1,
ATT202501001620,STU001620,SCH008,2025-01-01,1,1,
ATT202501001621,STU001621,SCH033,2025-01-01,2,2,
ATT202501001622,STU001622,SCH023,2025-01-01,1,1,
ATT202501001623,STU001623,SCH023,2025-01-01,1,1,
ATT202501001624,STU001624,SCH046,2025-01-01,2,2,
ATT202501001627,STU001627,SCH018,2025-01-01,1,1,
ATT202501001628,STU001628,SCH044,2025-01-01,1,1,
ATT202501001629,STU001629,SCH047,2025-01-01,2,2,
ATT202501001631,STU001631,SCH003,2025-01-01,3,3,
ATT202501001632,STU001632,SCH003,2025-01-01,1,1,
ATT202501001633,STU001633,SCH024,2025-01-01,3,3,
ATT202501001634,STU001634,SCH005,2025-01-01,1,1,
ATT202501001636,STU001636,SCH032,2025-01-01,2,2,
ATT202501001637,STU001637,SCH032,2025-01-01,2,2,
ATT202501001638,STU001638,SCH006,2025-01-01,2,2,
ATT202501001639,STU001639,SCH014,2025-01-01,3,3,
ATT202501001640,STU001640,SCH040,2025-01-01,1,1,
ATT202501001641,STU001641,SCH016,2025-01-01,3,3,
ATT202501001642,STU001642,SCH021,2025-01-01,1,1,
ATT202501001643,STU001643,SCH024,2025-01-01,1,1,
ATT202501001644,STU001644,SCH022,2025-01-01,1,1,
ATT202501001645,STU001645,SCH036,2025-01-01,2,2,
ATT202501001646,STU001646,SCH022,2025-01-01,3,2,Family
ATT202501001647,STU001647,SCH040,2025-01-01,2,2,
ATT202501001648,STU001648,SCH010,2025-01-01,2,2,
ATT202501001649,STU001649,SCH021,2025-01-01,3,3,
ATT202501001650,STU001650,SCH002,2025-01-01,1,1,
ATT202501001651,STU001651,SCH037,2025-01-01,1,1,
ATT202501001652,STU001652,SCH045,2025-01-01,1,1,
ATT202501001653,STU001653,SCH036,2025-01-01,2,2,
ATT202501001654,STU001654,SCH029,2025-01-01,2,2,
ATT202501001655,STU001655,SCH027,2025-01-01,3,2,Illness
ATT202501001656,STU001656,SCH024,2025-01-01,1,1,
ATT202501001657,STU001657,SCH034,2025-01-01,1,1,
ATT202501001658,STU001658,SCH010,2025-01-01,2,2,
ATT202501001659,STU001659,SCH010,2025-01-01,2,2,
ATT202501001660,STU001660,SCH006,2025-01-01,1,1,
ATT202501001661,STU001661,SCH009,2025-01-01,2,2,
ATT202501001663,STU001663,SCH013,2025-01-01,1,1,
ATT202501001664,STU001664,SCH018,2025-01-01,3,3,
ATT202501001665,STU001665,SCH014,2025-01-01,1,1,
ATT202501001667,STU001667,SCH016,2025-01-01,2,2,
ATT202501001668,STU001668,SCH032,2025-01-01,1,1,
ATT202501001669,STU001669,SCH039,2025-01-01,2,2,
ATT202501001670,STU001670,SCH036,2025-01-01,3,3,
ATT202501001671,STU001671,SCH001,2025-01-01,1,1,
ATT202501001672,STU001672,SCH030,2025-01-01,1,1,
ATT202501001673,STU001673,SCH002,2025-01-01,3,2,Medical
ATT202501001674,STU001674,SCH023,2025-01-01,2,2,
ATT202501001675,STU001675,SCH027,2025-01-01,2,2,
ATT202501001676,STU001676,SCH041,2025-01-01,3,3,
ATT202501001677,STU001677,SCH038,2025-01-01,1,1,
ATT202501001678,STU001678,SCH042,2025-01-01,3,3,
ATT202501001679,STU001679,SCH019,2025-01-01,1,1,
ATT202501001680,STU001680,SCH007,2025-01-01,2,2,
ATT202501001681,STU001681,SCH015,2025-01-01,3,3,
ATT202501001682,STU001682,SCH030,2025-01-01,1,1,
ATT202501001683,STU001683,SCH050,2025-01-01,2,2,
ATT202501001684,STU001684,SCH027,2025-01-01,3,3,
ATT202501001685,STU001685,SCH043,2025-01-01,3,3,
ATT202501001686,STU001686,SCH032,2025-01-01,2,2,
ATT202501001687,STU001687,SCH031,2025-01-01,1,1,
ATT202501001688,STU001688,SCH014,2025-01-01,1,1,
ATT202501001689,STU001689,SCH006,2025-01-01,1,1,
ATT202501001690,STU001690,SCH015,2025-01-01,1,1,
ATT202501001691,STU001691,SCH043,2025-01-01,1,1,
ATT202501001692,STU001692,SCH043,2025-01-01,3,3,
ATT202501001693,STU001693,SCH033,2025-01-01,2,2,
ATT202501001694,STU001694,SCH003,2025-01-01,2,2,
ATT202501001695,STU001695,SCH017,2025-01-01,2,2,
ATT202501001696,STU001696,SCH045,2025-01-01,2,2,
ATT202501001697,STU001697,SCH050,2025-01-01,2,2,
ATT202501001698,STU001698,SCH046,2025-01-01,1,1,
ATT202501001699,STU001699,SCH018,2025-01-01,2,2,
ATT202501001700,STU001700,SCH045,2025-01-01,3,3,
ATT202501001701,STU001701,SCH027,2025-01-01,1,1,
ATT202501001702,STU001702,SCH046,2025-01-01,1,1,
ATT202501001703,STU001703,SCH021,2025-01-01,1,1,
ATT202501001704,STU001704,SCH050,2025-01-01,3,3,
ATT202501001705,STU001705,SCH007,2025-01-01,3,3,
ATT202501001706,STU001706,SCH046,2025-01-01,2,2,
ATT202501001708,STU001708,SCH023,2025-01-01,3,3,
ATT202501001709,STU001709,SCH001,2025-01-01,3,3,
ATT202501001710,STU001710,SCH045,2025-01-01,2,2,
ATT202501001711,STU001711,SCH006,2025-01-01,2,2,
ATT202501001713,STU001713,SCH041,2025-01-01,1,1,
ATT202501001714,STU001714,SCH008,2025-01-01,3,3,
ATT202501001715,STU001715,SCH022,2025-01-01,1,1,
ATT202501001716,STU001716,SCH019,2025-01-01,2,2,
ATT202501001717,STU001717,SCH012,2025-01-01,3,3,
ATT202501001718,STU001718,SCH027,2025-01-01,3,3,
ATT202501001719,STU001719,SCH029,2025-01-01,3,3,
ATT202501001720,STU001720,SCH004,2025-01-01,3,3,
ATT202501001721,STU001721,SCH013,2025-01-01,3,3,
ATT202501001722,STU001722,SCH013,2025-01-01,1,1,
ATT202501001723,STU001723,SCH047,2025-01-01,1,1,
ATT202501001724,STU001724,SCH042,2025-01-01,1,1,
ATT202501001725,STU001725,SCH027,2025-01-01,3,3,
ATT202501001726,STU001726,SCH031,2025-01-01,2,2,
ATT202501001727,STU001727,SCH007,2025-01-01,1,1,
ATT202501001728,STU001728,SCH039,2025-01-01,1,1,
ATT202501001729,STU001729,SCH028,2025-01-01,3,3,
ATT202501001730,STU001730,SCH029,2025-01-01,2,2,
ATT202501001731,STU001731,SCH024,2025-01-01,1,1,
ATT202501001732,STU001732,SCH010,2025-01-01,1,1,
ATT202501001733,STU001733,SCH018,2025-01-01,1,1,
ATT202501001734,STU001734,SCH034,2025-01-01,2,2,
ATT202501001735,STU001735,SCH046,2025-01-01,3,3,
ATT202501001736,STU001736,SCH029,2025-01-01,2,2,
ATT202501001737,STU001737,SCH046,2025-01-01,2,2,
ATT202501001738,STU001738,SCH014,2025-01-01,3,3,
ATT202501001739,STU001739,SCH004,2025-01-01,2,2,
ATT202501001740,STU001740,SCH019,2025-01-01,3,3,
ATT202501001741,STU001741,SCH009,2025-01-01,3,3,
ATT202501001742,STU001742,SCH037,2025-01-01,2,2,
ATT202501001743,STU001743,SCH014,2025-01-01,3,3,
ATT202501001744,STU001744,SCH041,2025-01-01,3,3,
ATT202501001745,STU001745,SCH028,2025-01-01,1,1,
ATT202501001746,STU001746,SCH038,2025-01-01,1,1,
ATT202501001748,STU001748,SCH020,2025-01-01,2,2,
ATT202501001749,STU001749,SCH034,2025-01-01,3,3,
ATT202501001750,STU001750,SCH021,2025-01-01,2,2,
ATT202501001751,STU001751,SCH009,2025-01-01,1,1,
ATT202501001752,STU001752,SCH031,2025-01-01,1,1,
ATT202501001753,STU001753,SCH004,2025-01-01,1,1,
ATT202501001754,STU001754,SCH021,2025-01-01,3,3,
ATT202501001755,STU001755,SCH015,2025-01-01,2,2,
ATT202501001756,STU001756,SCH018,2025-01-01,1,1,
ATT202501001757,STU001757,SCH028,2025-01-01,1,1,
ATT202501001758,STU001758,SCH026,2025-01-01,1,1,
ATT202501001759,STU001759,SCH046,2025-01-01,2,2,
ATT202501001760,STU001760,SCH005,2025-01-01,1,1,
ATT202501001761,STU001761,SCH028,2025-01-01,3,3,
ATT202501001762,STU001762,SCH043,2025-01-01,2,2,
ATT202501001763,STU001763,SCH046,2025-01-01,1,1,
ATT202501001764,STU001764,SCH014,2025-01-01,2,2,
ATT202501001765,STU001765,SCH011,2025-01-01,3,3,
ATT202501001766,STU001766,SCH028,2025-01-01,3,3,
ATT202501001767,STU001767,SCH047,2025-01-01,1,1,
ATT202501001768,STU001768,SCH011,2025-01-01,1,1,
ATT202501001769,STU001769,SCH039,2025-01-01,3,3,
ATT202501001770,STU001770,SCH004,2025-01-01,3,3,
ATT202501001771,STU001771,SCH027,2025-01-01,2,2,
ATT202501001772,STU001772,SCH024,2025-01-01,3,3,
ATT202501001773,STU001773,SCH015,2025-01-01,2,2,
ATT202501001774,STU001774,SCH020,2025-01-01,2,2,
ATT202501001776,STU001776,SCH037,2025-01-01,3,3,
ATT202501001777,STU001777,SCH011,2025-01-01,2,2,
ATT202501001778,STU001778,SCH028,2025-01-01,2,2,
ATT202501001779,STU001779,SCH048,2025-01-01,3,3,
ATT202501001780,STU001780,SCH050,2025-01-01,2,2,
ATT202501001781,STU001781,SCH049,2025-01-01,3,3,
ATT202501001783,STU001783,SCH047,2025-01-01,2,2,
ATT202501001784,STU001784,SCH021,2025-01-01,3,3,
ATT202501001785,STU001785,SCH010,2025-01-01,2,2,
ATT202501001786,STU001786,SCH011,2025-01-01,1,1,
ATT202501001787,STU001787,SCH021,2025-01-01,2,2,
ATT202501001788,STU001788,SCH016,2025-01-01,3,3,
ATT202501001791,STU001791,SCH042,2025-01-01,1,1,
ATT202501001792,STU001792,SCH044,2025-01-01,1,1,
ATT202501001793,STU001793,SCH014,2025-01-01,3,3,
ATT202501001794,STU001794,SCH029,2025-01-01,1,1,
ATT202501001795,STU001795,SCH042,2025-01-01,2,2,
ATT202501001796,STU001796,SCH001,2025-01-01,3,2,Illness
ATT202501001798,STU001798,SCH011,2025-01-01,2,2,
ATT202501001799,STU001799,SCH035,2025-01-01,3,3,
ATT202501001800,STU001800,SCH025,2025-01-01,2,2,
ATT202501001801,STU001801,SCH046,2025-01-01,3,3,
ATT202501001802,STU001802,SCH018,2025-01-01,3,3,
ATT202501001803,STU001803,SCH043,2025-01-01,3,3,
ATT202501001804,STU001804,SCH045,2025-01-01,2,2,
ATT202501001805,STU001805,SCH048,2025-01-01,3,3,
ATT202501001806,STU001806,SCH043,2025-01-01,1,1,
ATT202501001807,STU001807,SCH021,2025-01-01,2,2,
ATT202501001808,STU001808,SCH009,2025-01-01,1,1,
ATT202501001809,STU001809,SCH037,2025-01-01,2,2,
ATT202501001810,STU001810,SCH031,2025-01-01,1,1,
ATT202501001811,STU001811,SCH029,2025-01-01,1,1,
ATT202501001812,STU001812,SCH001,2025-01-01,2,2,
ATT202501001813,STU001813,SCH028,2025-01-01,3,3,
ATT202501001814,STU001814,SCH042,2025-01-01,3,3,
ATT202501001815,STU001815,SCH040,2025-01-01,1,1,
ATT202501001816,STU001816,SCH046,2025-01-01,2,2,
ATT202501001817,STU001817,SCH040,2025-01-01,2,2,
ATT202501001818,STU001818,SCH002,2025-01-01,3,3,
ATT202501001819,STU001819,SCH029,2025-01-01,2,2,
ATT202501001820,STU001820,SCH036,2025-01-01,3,3,
ATT202501001821,STU001821,SCH022,2025-01-01,2,2,
ATT202501001822,STU001822,SCH019,2025-01-01,2,2,
ATT202501001823,STU001823,SCH032,2025-01-01,2,2,
ATT202501001824,STU001824,SCH020,2025-01-01,1,1,
ATT202501001825,STU001825,SCH033,2025-01-01,2,2,
ATT202501001826,STU001826,SCH006,2025-01-01,3,3,
ATT202501001827,STU001827,SCH035,2025-01-01,3,3,
ATT202501001828,STU001828,SCH047,2025-01-01,3,3,
ATT202501001829,STU001829,SCH009,2025-01-01,3,3,
ATT202501001830,STU001830,SCH010,2025-01-01,3,3,
ATT202501001831,STU001831,SCH014,2025-01-01,2,2,
ATT202501001832,STU001832,SCH012,2025-01-01,2,2,
ATT202501001834,STU001834,SCH018,2025-01-01,1,1,
ATT202501001835,STU001835,SCH003,2025-01-01,3,3,
ATT202501001836,STU001836,SCH007,2025-01-01,3,3,
ATT202501001837,STU001837,SCH031,2025-01-01,2,2,
ATT202501001838,STU001838,SCH017,2025-01-01,1,1,
ATT202501001839,STU001839,SCH024,2025-01-01,2,2,
ATT202501001840,STU001840,SCH036,2025-01-01,1,1,
ATT202501001841,STU001841,SCH038,2025-01-01,2,2,
ATT202501001842,STU001842,SCH041,2025-01-01,1,1,
ATT202501001843,STU001843,SCH003,2025-01-01,2,2,
ATT202501001844,STU001844,SCH008,2025-01-01,2,2,
ATT202501001845,STU001845,SCH007,2025-01-01,3,3,
ATT202501001846,STU001846,SCH043,2025-01-01,3,3,
ATT202501001847,STU001847,SCH005,2025-01-01,3,3,
ATT202501001848,STU001848,SCH036,2025-01-01,3,3,
ATT202501001849,STU001849,SCH013,2025-01-01,3,3,
ATT202501001850,STU001850,SCH021,2025-01-01,3,3,
ATT202501001851,STU001851,SCH047,2025-01-01,2,2,
ATT202501001852,STU001852,SCH049,2025-01-01,1,1,
ATT202501001853,STU001853,SCH021,2025-01-01,2,2,
ATT202501001854,STU001854,SCH044,2025-01-01,2,2,
ATT202501001855,STU001855,SCH019,2025-01-01,2,2,
ATT202501001856,STU001856,SCH025,2025-01-01,2,2,
ATT202501001857,STU001857,SCH026,2025-01-01,1,1,
ATT202501001858,STU001858,SCH007,2025-01-01,1,1,
ATT202501001859,STU001859,SCH004,2025-01-01,2,2,
ATT202501001860,STU001860,SCH031,2025-01-01,2,2,
ATT202501001861,STU001861,SCH016,2025-01-01,1,1,
ATT202501001862,STU001862,SCH022,2025-01-01,1,1,
ATT202501001864,STU001864,SCH032,2025-01-01,1,1,
ATT202501001865,STU001865,SCH009,2025-01-01,3,3,
ATT202501001866,STU001866,SCH029,2025-01-01,2,2,
ATT202501001867,STU001867,SCH036,2025-01-01,2,2,
ATT202501001868,STU001868,SCH010,2025-01-01,2,2,
ATT202501001869,STU001869,SCH048,2025-01-01,1,1,
ATT202501001870,STU001870,SCH041,2025-01-01,3,3,
ATT202501001872,STU001872,SCH042,2025-01-01,2,2,
ATT202501001873,STU001873,SCH032,2025-01-01,1,1,
ATT202501001874,STU001874,SCH010,2025-01-01,1,1,
ATT202501001875,STU001875,SCH038,2025-01-01,3,3,
ATT202501001876,STU001876,SCH049,2025-01-01,3,3,
ATT202501001877,STU001877,SCH032,2025-01-01,2,2,
ATT202501001878,STU001878,SCH014,2025-01-01,2,2,
ATT202501001879,STU001879,SCH015,2025-01-01,3,3,
ATT202501001880,STU001880,SCH037,2025-01-01,1,1,
ATT202501001881,STU001881,SCH012,2025-01-01,1,1,
ATT202501001882,STU001882,SCH007,2025-01-01,3,3,
ATT202501001883,STU001883,SCH009,2025-01-01,2,2,
ATT202501001884,STU001884,SCH028,2025-01-01,1,1,
ATT202501001885,STU001885,SCH032,2025-01-01,1,1,
ATT202501001886,STU001886,SCH029,2025-01-01,3,3,
ATT202501001887,STU001887,SCH038,2025-01-01,1,1,
ATT202501001888,STU001888,SCH024,2025-01-01,2,2,
ATT202501001889,STU001889,SCH046,2025-01-01,1,1,
ATT202501001891,STU001891,SCH024,2025-01-01,1,1,
ATT202501001893,STU001893,SCH021,2025-01-01,2,2,
ATT202501001894,STU001894,SCH024,2025-01-01,1,1,
ATT202501001895,STU001895,SCH007,2025-01-01,3,3,
ATT202501001896,STU001896,SCH001,2025-01-01,3,2,Family
ATT202501001897,STU001897,SCH020,2025-01-01,3,3,
ATT202501001898,STU001898,SCH024,2025-01-01,3,3,
ATT202501001899,STU001899,SCH033,2025-01-01,1,1,
ATT202501001900,STU001900,SCH044,2025-01-01,3,3,
ATT202501001901,STU001901,SCH046,2025-01-01,3,3,
ATT202501001902,STU001902,SCH003,2025-01-01,2,2,
ATT202501001903,STU001903,SCH022,2025-01-01,1,1,
ATT202501001904,STU001904,SCH024,2025-01-01,2,2,
ATT202501001905,STU001905,SCH041,2025-01-01,2,2,
ATT202501001906,STU001906,SCH028,2025-01-01,2,2,
ATT202501001907,STU001907,SCH028,2025-01-01,3,3,
ATT202501001908,STU001908,SCH029,2025-01-01,1,1,
ATT202501001910,STU001910,SCH025,2025-01-01,3,3,
ATT202501001911,STU001911,SCH029,2025-01-01,1,1,
ATT202501001912,STU001912,SCH023,2025-01-01,3,3,
ATT202501001913,STU001913,SCH003,2025-01-01,1,1,
ATT202501001914,STU001914,SCH020,2025-01-01,2,2,
ATT202501001915,STU001915,SCH025,2025-01-01,3,3,
ATT202501001916,STU001916,SCH001,2025-01-01,1,1,
ATT202501001917,STU001917,SCH004,2025-01-01,2,2,
ATT202501001918,STU001918,SCH037,2025-01-01,2,2,
ATT202501001920,STU001920,SCH023,2025-01-01,3,3,
ATT202501001921,STU001921,SCH020,2025-01-01,1,1,
ATT202501001922,STU001922,SCH040,2025-01-01,1,1,
ATT202501001923,STU001923,SCH005,2025-01-01,2,2,
ATT202501001924,STU001924,SCH003,2025-01-01,2,2,
ATT202501001925,STU001925,SCH029,2025-01-01,3,3,
ATT202501001926,STU001926,SCH012,2025-01-01,1,1,
ATT202501001927,STU001927,SCH015,2025-01-01,1,1,
ATT202501001928,STU001928,SCH008,2025-01-01,2,2,
ATT202501001929,STU001929,SCH046,2025-01-01,3,2,Medical
ATT202501001930,STU001930,SCH018,2025-01-01,1,1,
ATT202501001931,STU001931,SCH016,2025-01-01,2,2,
ATT202501001933,STU001933,SCH050,2025-01-01,2,2,
ATT202501001934,STU001934,SCH027,2025-01-01,1,1,
ATT202501001935,STU001935,SCH038,2025-01-01,3,3,
ATT202501001936,STU001936,SCH043,2025-01-01,3,3,
ATT202501001937,STU001937,SCH028,2025-01-01,2,2,
ATT202501001938,STU001938,SCH023,2025-01-01,1,1,
ATT202501001939,STU001939,SCH011,2025-01-01,1,1,
ATT202501001940,STU001940,SCH045,2025-01-01,1,1,
ATT202501001941,STU001941,SCH009,2025-01-01,1,1,
ATT202501001942,STU001942,SCH043,2025-01-01,1,1,
ATT202501001944,STU001944,SCH041,2025-01-01,2,2,
ATT202501001945,STU001945,SCH002,2025-01-01,1,1,
ATT202501001946,STU001946,SCH044,2025-01-01,1,1,
ATT202501001947,STU001947,SCH005,2025-01-01,1,1,
ATT202501001948,STU001948,SCH024,2025-01-01,3,3,
ATT202501001949,STU001949,SCH032,2025-01-01,3,3,
ATT202501001950,STU001950,SCH012,2025-01-01,3,3,
ATT202501001951,STU001951,SCH006,2025-01-01,3,3,
ATT202501001952,STU001952,SCH017,2025-01-01,3,3,
ATT202501001953,STU001953,SCH013,2025-01-01,1,1,
ATT202501001954,STU001954,SCH019,2025-01-01,3,3,
ATT202501001955,STU001955,SCH033,2025-01-01,1,1,
ATT202501001956,STU001956,SCH003,2025-01-01,3,3,
ATT202501001957,STU001957,SCH041,2025-01-01,1,1,
ATT202501001958,STU001958,SCH002,2025-01-01,1,1,
ATT202501001959,STU001959,SCH031,2025-01-01,3,3,
ATT202501001960,STU001960,SCH030,2025-01-01,3,3,
ATT202501001961,STU001961,SCH039,2025-01-01,2,2,
ATT202501001962,STU001962,SCH021,2025-01-01,1,1,
ATT202501001963,STU001963,SCH038,2025-01-01,1,1,
ATT202501001964,STU001964,SCH044,2025-01-01,1,1,
ATT202501001965,STU001965,SCH020,2025-01-01,2,2,
ATT202501001966,STU001966,SCH003,2025-01-01,3,3,
ATT202501001967,STU001967,SCH033,2025-01-01,1,1,
ATT202501001968,STU001968,SCH020,2025-01-01,1,1,
ATT202501001969,STU001969,SCH018,2025-01-01,3,3,
ATT202501001970,STU001970,SCH031,2025-01-01,1,1,
ATT202501001971,STU001971,SCH009,2025-01-01,2,2,
ATT202501001972,STU001972,SCH020,2025-01-01,1,1,
ATT202501001973,STU001973,SCH004,2025-01-01,1,1,
ATT202501001974,STU001974,SCH022,2025-01-01,1,1,
ATT202501001975,STU001975,SCH041,2025-01-01,3,3,
ATT202501001976,STU001976,SCH009,2025-01-01,3,3,
ATT202501001977,STU001977,SCH044,2025-01-01,2,2,
ATT202501001978,STU001978,SCH007,2025-01-01,1,1,
ATT202501001979,STU001979,SCH045,2025-01-01,2,2,
ATT202501001980,STU001980,SCH046,2025-01-01,1,1,
ATT202501001981,STU001981,SCH041,2025-01-01,2,2,
ATT202501001982,STU001982,SCH023,2025-01-01,1,1,
ATT202501001983,STU001983,SCH002,2025-01-01,1,1,
ATT202501001984,STU001984,SCH004,2025-01-01,3,3,
ATT202501001985,STU001985,SCH037,2025-01-01,2,2,
ATT202501001986,STU001986,SCH022,2025-01-01,2,2,
ATT202501001987,STU001987,SCH047,2025-01-01,1,1,
ATT202501001988,STU001988,SCH005,2025-01-01,2,2,
ATT202501001989,STU001989,SCH014,2025-01-01,1,1,
ATT202501001990,STU001990,SCH015,2025-01-01,3,3,
ATT202501001991,STU001991,SCH010,2025-01-01,1,1,
ATT202501001992,STU001992,SCH041,2025-01-01,3,3,
ATT202501001993,STU001993,SCH045,2025-01-01,1,1,
ATT202501001994,STU001994,SCH004,2025-01-01,1,1,
ATT202501001995,STU001995,SCH028,2025-01-01,1,1,
ATT202501001996,STU001996,SCH040,2025-01-01,1,1,
ATT202501001997,STU001997,SCH045,2025-01-01,2,2,
ATT202501001998,STU001998,SCH041,2025-01-01,1,1,
ATT202501001999,STU001999,SCH025,2025-01-01,3,3,
ATT202501002000,STU002000,SCH048,2025-01-01,1,1,
ATT202501002002,STU002002,SCH046,2025-01-01,1,1,
ATT202501002003,STU002003,SCH014,2025-01-01,2,2,
ATT202501002004,STU002004,SCH022,2025-01-01,2,2,
ATT202501002005,STU002005,SCH028,2025-01-01,3,3,
ATT202501002006,STU002006,SCH004,2025-01-01,3,3,
ATT202501002007,STU002007,SCH031,2025-01-01,2,2,
ATT202501002008,STU002008,SCH009,2025-01-01,3,3,
ATT202501002009,STU002009,SCH028,2025-01-01,3,3,
ATT202501002010,STU002010,SCH002,2025-01-01,1,1,
ATT202501002011,STU002011,SCH011,2025-01-01,1,1,
ATT202501002012,STU002012,SCH035,2025-01-01,1,1,
ATT202501002013,STU002013,SCH050,2025-01-01,3,3,
ATT202501002014,STU002014,SCH050,2025-01-01,1,1,
ATT202501002015,STU002015,SCH013,2025-01-01,3,3,
ATT202501002016,STU002016,SCH037,2025-01-01,1,1,
ATT202501002017,STU002017,SCH023,2025-01-01,2,2,
ATT202501002018,STU002018,SCH034,2025-01-01,2,2,
ATT202501002019,STU002019,SCH042,2025-01-01,1,1,
ATT202501002022,STU002022,SCH006,2025-01-01,2,2,
ATT202501002023,STU002023,SCH043,2025-01-01,3,3,
ATT202501002024,STU002024,SCH021,2025-01-01,1,1,
ATT202501002025,STU002025,SCH039,2025-01-01,1,1,
ATT202501002026,STU002026,SCH012,2025-01-01,2,2,
ATT202501002027,STU002027,SCH035,2025-01-01,3,3,
ATT202501002028,STU002028,SCH044,2025-01-01,3,3,
ATT202501002029,STU002029,SCH005,2025-01-01,1,1,
ATT202501002030,STU002030,SCH031,2025-01-01,3,3,
ATT202501002031,STU002031,SCH042,2025-01-01,1,1,
ATT202501002034,STU002034,SCH010,2025-01-01,1,1,
ATT202501002035,STU002035,SCH026,2025-01-01,1,1,
ATT202501002036,STU002036,SCH037,2025-01-01,2,2,
ATT202501002037,STU002037,SCH028,2025-01-01,3,3,
ATT202501002039,STU002039,SCH002,2025-01-01,2,2,
ATT202501002040,STU002040,SCH031,2025-01-01,1,1,
ATT202501002043,STU002043,SCH011,2025-01-01,1,1,
ATT202501002044,STU002044,SCH046,2025-01-01,2,2,
ATT202501002045,STU002045,SCH047,2025-01-01,1,1,
ATT202501002046,STU002046,SCH016,2025-01-01,2,2,
ATT202501002048,STU002048,SCH050,2025-01-01,3,3,
ATT202501002049,STU002049,SCH008,2025-01-01,3,3,
ATT202501002050,STU002050,SCH033,2025-01-01,1,1,
ATT202501002051,STU002051,SCH021,2025-01-01,1,1,
ATT202501002052,STU002052,SCH022,2025-01-01,1,1,
ATT202501002053,STU002053,SCH002,2025-01-01,1,1,
ATT202501002054,STU002054,SCH007,2025-01-01,2,2,
ATT202501002055,STU002055,SCH042,2025-01-01,3,3,
ATT202501002056,STU002056,SCH047,2025-01-01,3,3,
ATT202501002057,STU002057,SCH033,2025-01-01,2,2,
ATT202501002058,STU002058,SCH035,2025-01-01,3,3,
ATT202501002059,STU002059,SCH005,2025-01-01,1,1,
ATT202501002060,STU002060,SCH003,2025-01-01,3,3,
ATT202501002061,STU002061,SCH030,2025-01-01,3,3,
ATT202501002062,STU002062,SCH039,2025-01-01,3,3,
ATT202501002063,STU002063,SCH022,2025-01-01,2,2,
ATT202501002064,STU002064,SCH014,2025-01-01,2,2,
ATT202501002065,STU002065,SCH007,2025-01-01,3,3,
ATT202501002066,STU002066,SCH016,2025-01-01,1,1,
ATT202501002067,STU002067,SCH002,2025-01-01,2,2,
ATT202501002068,STU002068,SCH046,2025-01-01,3,3,
ATT202501002069,STU002069,SCH023,2025-01-01,3,3,
ATT202501002070,STU002070,SCH023,2025-01-01,3,3,
ATT202501002071,STU002071,SCH009,2025-01-01,3,3,
ATT202501002072,STU002072,SCH045,2025-01-01,2,2,
ATT202501002073,STU002073,SCH015,2025-01-01,3,3,
ATT202501002074,STU002074,SCH021,2025-01-01,2,2,
ATT202501002075,STU002075,SCH001,2025-01-01,3,3,
ATT202501002076,STU002076,SCH021,2025-01-01,3,3,
ATT202501002077,STU002077,SCH011,2025-01-01,3,3,
ATT202501002079,STU002079,SCH028,2025-01-01,1,1,
ATT202501002080,STU002080,SCH049,2025-01-01,3,2,Family
ATT202501002081,STU002081,SCH017,2025-01-01,1,1,
ATT202501002082,STU002082,SCH009,2025-01-01,2,2,
ATT202501002083,STU002083,SCH004,2025-01-01,3,3,
ATT202501002084,STU002084,SCH011,2025-01-01,3,3,
ATT202501002085,STU002085,SCH005,2025-01-01,2,2,
ATT202501002086,STU002086,SCH016,2025-01-01,3,3,
ATT202501002087,STU002087,SCH045,2025-01-01,2,2,
ATT202501002088,STU002088,SCH047,2025-01-01,3,3,
ATT202501002090,STU002090,SCH007,2025-01-01,3,3,
ATT202501002091,STU002091,SCH004,2025-01-01,2,2,
ATT202501002092,STU002092,SCH045,2025-01-01,3,3,
ATT202501002093,STU002093,SCH011,2025-01-01,3,3,
ATT202501002094,STU002094,SCH049,2025-01-01,2,2,
ATT202501002095,STU002095,SCH006,2025-01-01,3,3,
ATT202501002096,STU002096,SCH048,2025-01-01,3,3,
ATT202501002097,STU002097,SCH031,2025-01-01,3,3,
ATT202501002098,STU002098,SCH035,2025-01-01,3,3,
ATT202501002099,STU002099,SCH037,2025-01-01,1,1,
ATT202501002100,STU002100,SCH021,2025-01-01,3,3,
ATT202501002101,STU002101,SCH046,2025-01-01,2,2,
ATT202501002102,STU002102,SCH020,2025-01-01,2,2,
ATT202501002103,STU002103,SCH025,2025-01-01,3,3,
ATT202501002104,STU002104,SCH040,2025-01-01,1,1,
ATT202501002105,STU002105,SCH044,2025-01-01,2,2,
ATT202501002106,STU002106,SCH040,2025-01-01,1,1,
ATT202501002107,STU002107,SCH035,2025-01-01,3,3,
ATT202501002108,STU002108,SCH038,2025-01-01,3,3,
ATT202501002109,STU002109,SCH009,2025-01-01,3,3,
ATT202501002110,STU002110,SCH033,2025-01-01,3,3,
ATT202501002111,STU002111,SCH026,2025-01-01,1,1,
ATT202501002112,STU002112,SCH037,2025-01-01,1,1,
ATT202501002113,STU002113,SCH044,2025-01-01,2,2,
ATT202501002114,STU002114,SCH009,2025-01-01,2,2,
ATT202501002115,STU002115,SCH007,2025-01-01,1,1,
ATT202501002116,STU002116,SCH046,2025-01-01,2,2,
ATT202501002117,STU002117,SCH006,2025-01-01,3,3,
ATT202501002118,STU002118,SCH029,2025-01-01,2,2,
ATT202501002120,STU002120,SCH029,2025-01-01,3,3,
ATT202501002121,STU002121,SCH033,2025-01-01,2,2,
ATT202501002122,STU002122,SCH009,2025-01-01,3,2,Medical
ATT202501002123,STU002123,SCH029,2025-01-01,1,1,
ATT202501002124,STU002124,SCH022,2025-01-01,1,1,
ATT202501002125,STU002125,SCH021,2025-01-01,3,3,
ATT202501002126,STU002126,SCH046,2025-01-01,1,1,
ATT202501002127,STU002127,SCH026,2025-01-01,2,2,
ATT202501002128,STU002128,SCH007,2025-01-01,2,2,
ATT202501002129,STU002129,SCH012,2025-01-01,2,2,
ATT202501002130,STU002130,SCH037,2025-01-01,1,1,
ATT202501002131,STU002131,SCH050,2025-01-01,1,1,
ATT202501002132,STU002132,SCH008,2025-01-01,1,1,
ATT202501002133,STU002133,SCH021,2025-01-01,1,1,
ATT202501002134,STU002134,SCH040,2025-01-01,3,3,
ATT202501002135,STU002135,SCH023,2025-01-01,2,2,
ATT202501002136,STU002136,SCH011,2025-01-01,2,2,
ATT202501002137,STU002137,SCH002,2025-01-01,3,3,
ATT202501002138,STU002138,SCH042,2025-01-01,3,3,
ATT202501002139,STU002139,SCH047,2025-01-01,1,1,
ATT202501002140,STU002140,SCH014,2025-01-01,2,2,
ATT202501002141,STU002141,SCH004,2025-01-01,2,2,
ATT202501002142,STU002142,SCH004,2025-01-01,3,3,
ATT202501002143,STU002143,SCH005,2025-01-01,2,2,
ATT202501002144,STU002144,SCH035,2025-01-01,2,2,
ATT202501002146,STU002146,SCH003,2025-01-01,1,1,
ATT202501002147,STU002147,SCH022,2025-01-01,3,3,
ATT202501002148,STU002148,SCH039,2025-01-01,2,2,
ATT202501002149,STU002149,SCH041,2025-01-01,1,1,
ATT202501002150,STU002150,SCH006,2025-01-01,1,1,
ATT202501002151,STU002151,SCH035,2025-01-01,2,2,
ATT202501002152,STU002152,SCH046,2025-01-01,1,1,
ATT202501002153,STU002153,SCH017,2025-01-01,3,3,
ATT202501002154,STU002154,SCH038,2025-01-01,1,1,
ATT202501002155,STU002155,SCH050,2025-01-01,1,1,
ATT202501002156,STU002156,SCH032,2025-01-01,3,3,
ATT202501002157,STU002157,SCH040,2025-01-01,2,2,
ATT202501002158,STU002158,SCH043,2025-01-01,3,3,
ATT202501002159,STU002159,SCH010,2025-01-01,2,2,
ATT202501002160,STU002160,SCH044,2025-01-01,3,3,
ATT202501002161,STU002161,SCH022,2025-01-01,3,3,
ATT202501002162,STU002162,SCH041,2025-01-01,3,3,
ATT202501002163,STU002163,SCH009,2025-01-01,1,1,
ATT202501002164,STU002164,SCH048,2025-01-01,1,1,
ATT202501002165,STU002165,SCH008,2025-01-01,1,1,
ATT202501002167,STU002167,SCH018,2025-01-01,2,2,
ATT202501002168,STU002168,SCH034,2025-01-01,2,2,
ATT202501002170,STU002170,SCH007,2025-01-01,2,2,
ATT202501002171,STU002171,SCH043,2025-01-01,3,3,
ATT202501002173,STU002173,SCH021,2025-01-01,3,3,
ATT202501002174,STU002174,SCH013,2025-01-01,3,3,
ATT202501002175,STU002175,SCH009,2025-01-01,2,2,
ATT202501002176,STU002176,SCH047,2025-01-01,2,2,
ATT202501002177,STU002177,SCH017,2025-01-01,2,2,
ATT202501002178,STU002178,SCH045,2025-01-01,2,2,
ATT202501002179,STU002179,SCH006,2025-01-01,2,2,
ATT202501002180,STU002180,SCH030,2025-01-01,1,1,
ATT202501002181,STU002181,SCH046,2025-01-01,1,1,
ATT202501002182,STU002182,SCH010,2025-01-01,3,3,
ATT202501002183,STU002183,SCH009,2025-01-01,2,2,
ATT202501002184,STU002184,SCH050,2025-01-01,3,3,
ATT202501002185,STU002185,SCH047,2025-01-01,2,2,
ATT202501002186,STU002186,SCH005,2025-01-01,1,1,
ATT202501002187,STU002187,SCH033,2025-01-01,1,1,
ATT202501002188,STU002188,SCH006,2025-01-01,2,2,
ATT202501002190,STU002190,SCH047,2025-01-01,3,3,
ATT202501002191,STU002191,SCH034,2025-01-01,2,2,
ATT202501002192,STU002192,SCH046,2025-01-01,3,3,
ATT202501002193,STU002193,SCH007,2025-01-01,2,2,
ATT202501002194,STU002194,SCH039,2025-01-01,1,1,
ATT202501002195,STU002195,SCH024,2025-01-01,1,1,
ATT202501002196,STU002196,SCH043,2025-01-01,2,2,
ATT202501002197,STU002197,SCH046,2025-01-01,3,3,
ATT202501002198,STU002198,SCH045,2025-01-01,3,3,
ATT202501002199,STU002199,SCH037,2025-01-01,1,1,
ATT202501002200,STU002200,SCH015,2025-01-01,2,2,
ATT202501002201,STU002201,SCH023,2025-01-01,1,1,
ATT202501002202,STU002202,SCH015,2025-01-01,2,2,
ATT202501002203,STU002203,SCH006,2025-01-01,3,3,
ATT202501002204,STU002204,SCH005,2025-01-01,1,1,
ATT202501002205,STU002205,SCH022,2025-01-01,2,2,
ATT202501002206,STU002206,SCH036,2025-01-01,2,2,
ATT202501002207,STU002207,SCH026,2025-01-01,3,3,
ATT202501002208,STU002208,SCH008,2025-01-01,3,3,
ATT202501002209,STU002209,SCH037,2025-01-01,2,2,
ATT202501002210,STU002210,SCH003,2025-01-01,1,1,
ATT202501002212,STU002212,SCH032,2025-01-01,3,3,
ATT202501002213,STU002213,SCH005,2025-01-01,3,3,
ATT202501002214,STU002214,SCH044,2025-01-01,3,3,
ATT202501002215,STU002215,SCH043,2025-01-01,1,1,
ATT202501002216,STU002216,SCH050,2025-01-01,1,1,
ATT202501002217,STU002217,SCH023,2025-01-01,3,3,
ATT202501002218,STU002218,SCH010,2025-01-01,3,3,
ATT202501002219,STU002219,SCH011,2025-01-01,3,3,
ATT202501002221,STU002221,SCH005,2025-01-01,2,2,
ATT202501002222,STU002222,SCH037,2025-01-01,1,1,
ATT202501002223,STU002223,SCH034,2025-01-01,2,2,
ATT202501002224,STU002224,SCH006,2025-01-01,1,1,
ATT202501002225,STU002225,SCH017,2025-01-01,3,3,
ATT202501002226,STU002226,SCH046,2025-01-01,2,2,
ATT202501002227,STU002227,SCH008,2025-01-01,2,2,
ATT202501002229,STU002229,SCH047,2025-01-01,1,1,
ATT202501002231,STU002231,SCH022,2025-01-01,2,2,
ATT202501002232,STU002232,SCH024,2025-01-01,2,1,Medical
ATT202501002233,STU002233,SCH023,2025-01-01,1,1,
ATT202501002234,STU002234,SCH023,2025-01-01,2,2,
ATT202501002235,STU002235,SCH037,2025-01-01,3,3,
ATT202501002237,STU002237,SCH012,2025-01-01,3,2,Family
ATT202501002238,STU002238,SCH034,2025-01-01,3,3,
ATT202501002239,STU002239,SCH003,2025-01-01,1,1,
ATT202501002240,STU002240,SCH035,2025-01-01,3,3,
ATT202501002241,STU002241,SCH045,2025-01-01,3,3,
ATT202501002242,STU002242,SCH010,2025-01-01,2,2,
ATT202501002244,STU002244,SCH016,2025-01-01,2,2,
ATT202501002245,STU002245,SCH047,2025-01-01,1,1,
ATT202501002246,STU002246,SCH002,2025-01-01,2,2,
ATT202501002247,STU002247,SCH031,2025-01-01,2,2,
ATT202501002248,STU002248,SCH044,2025-01-01,1,1,
ATT202501002249,STU002249,SCH012,2025-01-01,2,2,
ATT202501002250,STU002250,SCH036,2025-01-01,2,2,
ATT202501002251,STU002251,SCH038,2025-01-01,3,3,
ATT202501002252,STU002252,SCH001,2025-01-01,3,2,Medical
ATT202501002253,STU002253,SCH048,2025-01-01,2,2,
ATT202501002254,STU002254,SCH003,2025-01-01,2,2,
ATT202501002255,STU002255,SCH017,2025-01-01,1,1,
ATT202501002256,STU002256,SCH017,2025-01-01,2,2,
ATT202501002257,STU002257,SCH049,2025-01-01,2,2,
ATT202501002258,STU002258,SCH050,2025-01-01,1,1,
ATT202501002260,STU002260,SCH017,2025-01-01,1,1,
ATT202501002261,STU002261,SCH021,2025-01-01,1,1,
ATT202501002262,STU002262,SCH042,2025-01-01,2,2,
ATT202501002263,STU002263,SCH005,2025-01-01,1,1,
ATT202501002264,STU002264,SCH023,2025-01-01,2,2,
ATT202501002265,STU002265,SCH026,2025-01-01,1,1,
ATT202501002267,STU002267,SCH034,2025-01-01,1,1,
ATT202501002268,STU002268,SCH032,2025-01-01,2,2,
ATT202501002269,STU002269,SCH045,2025-01-01,1,1,
ATT202501002270,STU002270,SCH011,2025-01-01,3,3,
ATT202501002271,STU002271,SCH018,2025-01-01,2,2,
ATT202501002272,STU002272,SCH028,2025-01-01,3,3,
ATT202501002273,STU002273,SCH024,2025-01-01,3,2,Family
ATT202501002274,STU002274,SCH007,2025-01-01,3,3,
ATT202501002275,STU002275,SCH002,2025-01-01,1,1,
ATT202501002276,STU002276,SCH037,2025-01-01,3,3,
ATT202501002277,STU002277,SCH020,2025-01-01,1,1,
ATT202501002278,STU002278,SCH003,2025-01-01,3,3,
ATT202501002279,STU002279,SCH035,2025-01-01,2,2,
ATT202501002280,STU002280,SCH033,2025-01-01,1,1,
ATT202501002281,STU002281,SCH043,2025-01-01,3,3,
ATT202501002282,STU002282,SCH018,2025-01-01,3,3,
ATT202501002283,STU002283,SCH048,2025-01-01,1,1,
ATT202501002284,STU002284,SCH008,2025-01-01,1,1,
ATT202501002285,STU002285,SCH013,2025-01-01,3,3,
ATT202501002286,STU002286,SCH050,2025-01-01,3,3,
ATT202501002287,STU002287,SCH018,2025-01-01,2,2,
ATT202501002288,STU002288,SCH029,2025-01-01,3,3,
ATT202501002289,STU002289,SCH012,2025-01-01,1,1,
ATT202501002290,STU002290,SCH020,2025-01-01,2,2,
ATT202501002291,STU002291,SCH040,2025-01-01,1,1,
ATT202501002292,STU002292,SCH002,2025-01-01,2,2,
ATT202501002293,STU002293,SCH033,2025-01-01,1,1,
ATT202501002294,STU002294,SCH009,2025-01-01,2,2,
ATT202501002296,STU002296,SCH007,2025-01-01,2,2,
ATT202501002297,STU002297,SCH013,2025-01-01,1,1,
ATT202501002298,STU002298,SCH009,2025-01-01,1,1,
ATT202501002299,STU002299,SCH007,2025-01-01,2,2,
ATT202501002301,STU002301,SCH034,2025-01-01,2,2,
ATT202501002302,STU002302,SCH025,2025-01-01,1,1,
ATT202501002303,STU002303,SCH043,2025-01-01,2,2,
ATT202501002304,STU002304,SCH007,2025-01-01,2,2,
ATT202501002305,STU002305,SCH010,2025-01-01,3,3,
ATT202501002306,STU002306,SCH040,2025-01-01,2,2,
ATT202501002307,STU002307,SCH001,2025-01-01,2,2,
ATT202501002308,STU002308,SCH050,2025-01-01,2,2,
ATT202501002309,STU002309,SCH009,2025-01-01,3,3,
ATT202501002310,STU002310,SCH002,2025-01-01,3,3,
ATT202501002311,STU002311,SCH010,2025-01-01,1,1,
ATT202501002312,STU002312,SCH032,2025-01-01,3,3,
ATT202501002313,STU002313,SCH044,2025-01-01,2,2,
ATT202501002314,STU002314,SCH014,2025-01-01,3,3,
ATT202501002315,STU002315,SCH026,2025-01-01,2,2,
ATT202501002316,STU002316,SCH048,2025-01-01,2,2,
ATT202501002317,STU002317,SCH016,2025-01-01,3,3,
ATT202501002318,STU002318,SCH016,2025-01-01,2,2,
ATT202501002319,STU002319,SCH043,2025-01-01,3,3,
ATT202501002320,STU002320,SCH045,2025-01-01,3,3,
ATT202501002321,STU002321,SCH030,2025-01-01,3,3,
ATT202501002322,STU002322,SCH040,2025-01-01,1,1,
ATT202501002323,STU002323,SCH040,2025-01-01,1,1,
ATT202501002324,STU002324,SCH001,2025-01-01,3,2,Other
ATT202501002325,STU002325,SCH002,2025-01-01,3,2,Medical
ATT202501002326,STU002326,SCH021,2025-01-01,1,1,
ATT202501002327,STU002327,SCH008,2025-01-01,2,2,
ATT202501002328,STU002328,SCH017,2025-01-01,1,1,
ATT202501002329,STU002329,SCH031,2025-01-01,2,2,
ATT202501002330,STU002330,SCH022,2025-01-01,2,2,
ATT202501002331,STU002331,SCH006,2025-01-01,1,1,
ATT202501002332,STU002332,SCH014,2025-01-01,2,2,
ATT202501002333,STU002333,SCH047,2025-01-01,3,3,
ATT202501002334,STU002334,SCH017,2025-01-01,2,2,
ATT202501002335,STU002335,SCH049,2025-01-01,3,2,Medical
ATT202501002336,STU002336,SCH034,2025-01-01,2,2,
ATT202501002337,STU002337,SCH044,2025-01-01,1,1,
ATT202501002338,STU002338,SCH034,2025-01-01,2,2,
ATT202501002339,STU002339,SCH031,2025-01-01,3,3,
ATT202501002340,STU002340,SCH050,2025-01-01,3,3,
ATT202501002341,STU002341,SCH030,2025-01-01,2,2,
ATT202501002342,STU002342,SCH015,2025-01-01,2,2,
ATT202501002343,STU002343,SCH032,2025-01-01,3,3,
ATT202501002344,STU002344,SCH034,2025-01-01,1,1,
ATT202501002345,STU002345,SCH004,2025-01-01,3,3,
ATT202501002346,STU002346,SCH020,2025-01-01,3,3,
ATT202501002347,STU002347,SCH010,2025-01-01,1,1,
ATT202501002348,STU002348,SCH010,2025-01-01,2,2,
ATT202501002349,STU002349,SCH047,2025-01-01,2,2,
ATT202501002350,STU002350,SCH008,2025-01-01,1,1,
ATT202501002351,STU002351,SCH042,2025-01-01,1,1,
ATT202501002352,STU002352,SCH030,2025-01-01,1,1,
ATT202501002353,STU002353,SCH025,2025-01-01,1,1,
ATT202501002354,STU002354,SCH015,2025-01-01,3,3,
ATT202501002355,STU002355,SCH019,2025-01-01,1,1,
ATT202501002356,STU002356,SCH030,2025-01-01,1,1,
ATT202501002357,STU002357,SCH021,2025-01-01,2,2,
ATT202501002358,STU002358,SCH025,2025-01-01,1,1,
ATT202501002359,STU002359,SCH009,2025-01-01,2,2,
ATT202501002361,STU002361,SCH011,2025-01-01,1,1,
ATT202501002362,STU002362,SCH032,2025-01-01,3,3,
ATT202501002363,STU002363,SCH041,2025-01-01,1,1,
ATT202501002364,STU002364,SCH048,2025-01-01,2,2,
ATT202501002366,STU002366,SCH025,2025-01-01,3,3,
ATT202501002367,STU002367,SCH023,2025-01-01,3,3,
ATT202501002368,STU002368,SCH005,2025-01-01,1,1,
ATT202501002369,STU002369,SCH014,2025-01-01,1,1,
ATT202501002370,STU002370,SCH027,2025-01-01,1,1,
ATT202501002371,STU002371,SCH007,2025-01-01,1,1,
ATT202501002372,STU002372,SCH046,2025-01-01,1,1,
ATT202501002373,STU002373,SCH028,2025-01-01,3,3,
ATT202501002374,STU002374,SCH031,2025-01-01,2,2,
ATT202501002375,STU002375,SCH041,2025-01-01,2,2,
ATT202501002376,STU002376,SCH038,2025-01-01,1,1,
ATT202501002377,STU002377,SCH031,2025-01-01,2,2,
ATT202501002378,STU002378,SCH020,2025-01-01,3,3,
ATT202501002379,STU002379,SCH031,2025-01-01,1,1,
ATT202501002382,STU002382,SCH025,2025-01-01,1,1,
ATT202501002384,STU002384,SCH020,2025-01-01,3,3,
ATT202501002385,STU002385,SCH020,2025-01-01,1,1,
ATT202501002387,STU002387,SCH013,2025-01-01,3,3,
ATT202501002389,STU002389,SCH023,2025-01-01,3,3,
ATT202501002390,STU002390,SCH025,2025-01-01,1,1,
ATT202501002391,STU002391,SCH042,2025-01-01,1,1,
ATT202501002393,STU002393,SCH033,2025-01-01,2,2,
ATT202501002394,STU002394,SCH021,2025-01-01,2,2,
ATT202501002397,STU002397,SCH008,2025-01-01,3,2,Family
ATT202501002398,STU002398,SCH026,2025-01-01,1,1,
ATT202501002399,STU002399,SCH022,2025-01-01,3,3,
ATT202501002401,STU002401,SCH031,2025-01-01,1,1,
ATT202501002402,STU002402,SCH030,2025-01-01,1,1,
ATT202501002403,STU002403,SCH029,2025-01-01,1,1,
ATT202501002404,STU002404,SCH031,2025-01-01,3,2,Illness
ATT202501002405,STU002405,SCH049,2025-01-01,2,2,
ATT202501002406,STU002406,SCH004,2025-01-01,2,2,
ATT202501002407,STU002407,SCH011,2025-01-01,1,1,
ATT202501002409,STU002409,SCH004,2025-01-01,1,1,
ATT202501002410,STU002410,SCH046,2025-01-01,3,3,
ATT202501002411,STU002411,SCH016,2025-01-01,3,3,
ATT202501002412,STU002412,SCH025,2025-01-01,2,2,
ATT202501002413,STU002413,SCH027,2025-01-01,3,3,
ATT202501002414,STU002414,SCH022,2025-01-01,2,2,
ATT202501002415,STU002415,SCH005,2025-01-01,1,1,
ATT202501002416,STU002416,SCH003,2025-01-01,2,2,
ATT202501002417,STU002417,SCH024,2025-01-01,2,2,
ATT202501002418,STU002418,SCH013,2025-01-01,1,1,
ATT202501002419,STU002419,SCH032,2025-01-01,1,1,
ATT202501002420,STU002420,SCH021,2025-01-01,3,3,
ATT202501002421,STU002421,SCH031,2025-01-01,2,2,
ATT202501002422,STU002422,SCH038,2025-01-01,2,2,
ATT202501002423,STU002423,SCH027,2025-01-01,2,2,
ATT202501002424,STU002424,SCH030,2025-01-01,2,2,
ATT202501002425,STU002425,SCH020,2025-01-01,1,1,
ATT202501002426,STU002426,SCH036,2025-01-01,1,1,
ATT202501002427,STU002427,SCH031,2025-01-01,2,2,
ATT202501002429,STU002429,SCH028,2025-01-01,2,2,
ATT202501002430,STU002430,SCH005,2025-01-01,1,1,
ATT202501002431,STU002431,SCH019,2025-01-01,2,2,
ATT202501002432,STU002432,SCH047,2025-01-01,3,3,
ATT202501002433,STU002433,SCH026,2025-01-01,3,3,
ATT202501002434,STU002434,SCH009,2025-01-01,1,1,
ATT202501002435,STU002435,SCH016,2025-01-01,3,3,
ATT202501002436,STU002436,SCH029,2025-01-01,3,3,
ATT202501002437,STU002437,SCH030,2025-01-01,1,1,
ATT202501002438,STU002438,SCH009,2025-01-01,3,3,
ATT202501002439,STU002439,SCH017,2025-01-01,2,2,
ATT202501002440,STU002440,SCH029,2025-01-01,3,3,
ATT202501002441,STU002441,SCH043,2025-01-01,1,1,
ATT202501002442,STU002442,SCH035,2025-01-01,2,2,
ATT202501002443,STU002443,SCH023,2025-01-01,3,3,
ATT202501002444,STU002444,SCH010,2025-01-01,1,1,
ATT202501002445,STU002445,SCH044,2025-01-01,1,1,
ATT202501002446,STU002446,SCH040,2025-01-01,3,3,
ATT202501002447,STU002447,SCH024,2025-01-01,2,2,
ATT202501002448,STU002448,SCH018,2025-01-01,3,3,
ATT202501002449,STU002449,SCH010,2025-01-01,1,1,
ATT202501002450,STU002450,SCH002,2025-01-01,2,2,
ATT202501002451,STU002451,SCH014,2025-01-01,3,3,
ATT202501002452,STU002452,SCH035,2025-01-01,1,1,
ATT202501002453,STU002453,SCH029,2025-01-01,2,2,
ATT202501002454,STU002454,SCH021,2025-01-01,3,3,
ATT202501002455,STU002455,SCH032,2025-01-01,1,1,
ATT202501002456,STU002456,SCH025,2025-01-01,2,2,
ATT202501002457,STU002457,SCH029,2025-01-01,3,3,
ATT202501002458,STU002458,SCH044,2025-01-01,3,3,
ATT202501002459,STU002459,SCH042,2025-01-01,1,1,
ATT202501002460,STU002460,SCH041,2025-01-01,1,1,
ATT202501002461,STU002461,SCH008,2025-01-01,1,1,
ATT202501002462,STU002462,SCH046,2025-01-01,3,3,
ATT202501002463,STU002463,SCH001,2025-01-01,3,2,Illness
ATT202501002465,STU002465,SCH035,2025-01-01,3,3,
ATT202501002466,STU002466,SCH047,2025-01-01,1,1,
ATT202501002467,STU002467,SCH040,2025-01-01,2,2,
ATT202501002468,STU002468,SCH029,2025-01-01,1,1,
ATT202501002469,STU002469,SCH049,2025-01-01,2,2,
ATT202501002470,STU002470,SCH037,2025-01-01,3,3,
ATT202501002471,STU002471,SCH024,2025-01-01,2,2,
ATT202501002472,STU002472,SCH031,2025-01-01,3,3,
ATT202501002473,STU002473,SCH030,2025-01-01,1,1,
ATT202501002474,STU002474,SCH047,2025-01-01,2,2,
ATT202501002475,STU002475,SCH012,2025-01-01,1,1,
ATT202501002476,STU002476,SCH038,2025-01-01,1,1,
ATT202501002478,STU002478,SCH025,2025-01-01,1,1,
ATT202501002479,STU002479,SCH032,2025-01-01,1,1,
ATT202501002480,STU002480,SCH010,2025-01-01,1,1,
ATT202501002481,STU002481,SCH049,2025-01-01,3,3,
ATT202501002482,STU002482,SCH042,2025-01-01,2,2,
ATT202501002483,STU002483,SCH002,2025-01-01,2,2,
ATT202501002484,STU002484,SCH033,2025-01-01,1,1,
ATT202501002485,STU002485,SCH037,2025-01-01,3,3,
ATT202501002486,STU002486,SCH034,2025-01-01,2,2,
ATT202501002487,STU002487,SCH012,2025-01-01,2,2,
ATT202501002488,STU002488,SCH015,2025-01-01,3,3,
ATT202501002489,STU002489,SCH045,2025-01-01,1,1,
ATT202501002490,STU002490,SCH026,2025-01-01,1,1,
ATT202501002491,STU002491,SCH038,2025-01-01,3,3,
ATT202501002492,STU002492,SCH045,2025-01-01,3,3,
ATT202501002493,STU002493,SCH018,2025-01-01,1,1,
ATT202501002494,STU002494,SCH009,2025-01-01,1,1,
ATT202501002495,STU002495,SCH014,2025-01-01,3,3,
ATT202501002496,STU002496,SCH033,2025-01-01,2,2,
ATT202501002497,STU002497,SCH018,2025-01-01,1,1,
ATT202501002500,STU002500,SCH014,2025-01-01,2,2,
ATT202501002501,STU002501,SCH012,2025-01-01,3,3,
ATT202501002502,STU002502,SCH011,2025-01-01,3,3,
ATT202501002503,STU002503,SCH021,2025-01-01,1,1,
ATT202501002504,STU002504,SCH004,2025-01-01,2,2,
ATT202501002505,STU002505,SCH027,2025-01-01,3,3,
ATT202501002506,STU002506,SCH007,2025-01-01,1,1,
ATT202501002507,STU002507,SCH039,2025-01-01,3,3,
ATT202501002508,STU002508,SCH046,2025-01-01,2,2,
ATT202501002509,STU002509,SCH031,2025-01-01,2,2,
ATT202501002510,STU002510,SCH013,2025-01-01,2,2,
ATT202501002511,STU002511,SCH043,2025-01-01,3,3,
ATT202501002512,STU002512,SCH024,2025-01-01,3,2,Other
ATT202501002513,STU002513,SCH016,2025-01-01,2,2,
ATT202501002514,STU002514,SCH020,2025-01-01,3,3,
ATT202501002515,STU002515,SCH010,2025-01-01,2,2,
ATT202501002516,STU002516,SCH036,2025-01-01,3,3,
ATT202501002517,STU002517,SCH013,2025-01-01,1,1,
ATT202501002518,STU002518,SCH050,2025-01-01,2,2,
ATT202501002519,STU002519,SCH014,2025-01-01,3,3,
ATT202501002520,STU002520,SCH027,2025-01-01,3,3,
ATT202501002521,STU002521,SCH020,2025-01-01,3,3,
ATT202501002522,STU002522,SCH028,2025-01-01,2,2,
ATT202501002523,STU002523,SCH021,2025-01-01,2,2,
ATT202501002524,STU002524,SCH013,2025-01-01,2,2,
ATT202501002525,STU002525,SCH047,2025-01-01,2,2,
ATT202501002526,STU002526,SCH043,2025-01-01,3,3,
ATT202501002527,STU002527,SCH037,2025-01-01,3,3,
ATT202501002528,STU002528,SCH038,2025-01-01,2,2,
ATT202501002529,STU002529,SCH023,2025-01-01,2,2,
ATT202501002530,STU002530,SCH026,2025-01-01,2,2,
ATT202501002531,STU002531,SCH044,2025-01-01,3,3,
ATT202501002532,STU002532,SCH018,2025-01-01,3,3,
ATT202501002533,STU002533,SCH021,2025-01-01,3,3,
ATT202501002535,STU002535,SCH030,2025-01-01,3,3,
ATT202501002536,STU002536,SCH006,2025-01-01,1,1,
ATT202501002537,STU002537,SCH015,2025-01-01,1,1,
ATT202501002538,STU002538,SCH021,2025-01-01,3,3,
ATT202501002539,STU002539,SCH048,2025-01-01,1,1,
ATT202501002540,STU002540,SCH025,2025-01-01,1,1,
ATT202501002541,STU002541,SCH010,2025-01-01,1,1,
ATT202501002542,STU002542,SCH029,2025-01-01,1,1,
ATT202501002543,STU002543,SCH027,2025-01-01,2,2,
ATT202501002544,STU002544,SCH024,2025-01-01,1,1,
ATT202501002545,STU002545,SCH040,2025-01-01,1,1,
ATT202501002546,STU002546,SCH039,2025-01-01,1,1,
ATT202501002547,STU002547,SCH006,2025-01-01,3,3,
ATT202501002548,STU002548,SCH003,2025-01-01,1,1,
ATT202501002549,STU002549,SCH031,2025-01-01,2,2,
ATT202501002551,STU002551,SCH010,2025-01-01,2,2,
ATT202501002552,STU002552,SCH007,2025-01-01,2,2,
ATT202501002553,STU002553,SCH010,2025-01-01,2,2,
ATT202501002554,STU002554,SCH017,2025-01-01,1,1,
ATT202501002555,STU002555,SCH047,2025-01-01,1,1,
ATT202501002556,STU002556,SCH012,2025-01-01,2,2,
ATT202501002557,STU002557,SCH036,2025-01-01,2,2,
ATT202501002558,STU002558,SCH050,2025-01-01,2,2,
ATT202501002559,STU002559,SCH046,2025-01-01,3,3,
ATT202501002560,STU002560,SCH050,2025-01-01,2,2,
ATT202501002561,STU002561,SCH014,2025-01-01,2,2,
ATT202501002562,STU002562,SCH031,2025-01-01,3,3,
ATT202501002563,STU002563,SCH046,2025-01-01,3,3,
ATT202501002564,STU002564,SCH021,2025-01-01,1,1,
ATT202501002565,STU002565,SCH029,2025-01-01,1,1,
ATT202501002566,STU002566,SCH044,2025-01-01,3,3,
ATT202501002567,STU002567,SCH032,2025-01-01,2,2,
ATT202501002568,STU002568,SCH020,2025-01-01,1,1,
ATT202501002569,STU002569,SCH037,2025-01-01,3,3,
ATT202501002571,STU002571,SCH031,2025-01-01,1,1,
ATT202501002572,STU002572,SCH010,2025-01-01,2,2,
ATT202501002574,STU002574,SCH037,2025-01-01,3,3,
ATT202501002575,STU002575,SCH014,2025-01-01,2,2,
ATT202501002576,STU002576,SCH003,2025-01-01,1,1,
ATT202501002577,STU002577,SCH047,2025-01-01,1,1,
ATT202501002578,STU002578,SCH018,2025-01-01,1,1,
ATT202501002579,STU002579,SCH014,2025-01-01,2,2,
ATT202501002580,STU002580,SCH003,2025-01-01,1,1,
ATT202501002581,STU002581,SCH026,2025-01-01,3,3,
ATT202501002582,STU002582,SCH019,2025-01-01,1,1,
ATT202501002583,STU002583,SCH020,2025-01-01,1,1,
ATT202501002585,STU002585,SCH021,2025-01-01,3,2,Medical
ATT202501002586,STU002586,SCH048,2025-01-01,1,1,
ATT202501002587,STU002587,SCH031,2025-01-01,3,2,Illness
ATT202501002588,STU002588,SCH029,2025-01-01,2,2,
ATT202501002589,STU002589,SCH027,2025-01-01,3,3,
ATT202501002590,STU002590,SCH007,2025-01-01,3,3,
ATT202501002592,STU002592,SCH008,2025-01-01,1,1,
ATT202501002593,STU002593,SCH046,2025-01-01,3,3,
ATT202501002594,STU002594,SCH038,2025-01-01,3,3,
ATT202501002595,STU002595,SCH041,2025-01-01,2,2,
ATT202501002597,STU002597,SCH016,2025-01-01,2,2,
ATT202501002598,STU002598,SCH040,2025-01-01,2,2,
ATT202501002599,STU002599,SCH013,2025-01-01,2,2,
ATT202501002600,STU002600,SCH030,2025-01-01,3,3,
ATT202501002602,STU002602,SCH009,2025-01-01,1,1,
ATT202501002604,STU002604,SCH010,2025-01-01,3,3,
ATT202501002605,STU002605,SCH006,2025-01-01,3,3,
ATT202501002606,STU002606,SCH006,2025-01-01,3,3,
ATT202501002607,STU002607,SCH003,2025-01-01,3,3,
ATT202501002609,STU002609,SCH022,2025-01-01,2,2,
ATT202501002610,STU002610,SCH016,2025-01-01,3,3,
ATT202501002611,STU002611,SCH006,2025-01-01,1,1,
ATT202501002612,STU002612,SCH016,2025-01-01,2,2,
ATT202501002613,STU002613,SCH037,2025-01-01,3,2,Unauthorised
ATT202501002614,STU002614,SCH035,2025-01-01,1,1,
ATT202501002615,STU002615,SCH027,2025-01-01,1,1,
ATT202501002616,STU002616,SCH005,2025-01-01,2,2,
ATT202501002617,STU002617,SCH017,2025-01-01,2,2,
ATT202501002618,STU002618,SCH013,2025-01-01,1,1,
ATT202501002619,STU002619,SCH030,2025-01-01,2,2,
ATT202501002620,STU002620,SCH006,2025-01-01,1,1,
ATT202501002621,STU002621,SCH034,2025-01-01,3,3,
ATT202501002622,STU002622,SCH048,2025-01-01,3,3,
ATT202501002623,STU002623,SCH033,2025-01-01,1,1,
ATT202501002624,STU002624,SCH001,2025-01-01,2,2,
ATT202501002625,STU002625,SCH048,2025-01-01,3,3,
ATT202501002626,STU002626,SCH018,2025-01-01,3,3,
ATT202501002627,STU002627,SCH011,2025-01-01,1,1,
ATT202501002628,STU002628,SCH046,2025-01-01,2,2,
ATT202501002629,STU002629,SCH029,2025-01-01,1,1,
ATT202501002630,STU002630,SCH017,2025-01-01,1,1,
ATT202501002631,STU002631,SCH026,2025-01-01,3,3,
ATT202501002632,STU002632,SCH011,2025-01-01,1,1,
ATT202501002633,STU002633,SCH023,2025-01-01,2,2,
ATT202501002634,STU002634,SCH036,2025-01-01,3,3,
ATT202501002635,STU002635,SCH026,2025-01-01,1,1,
ATT202501002637,STU002637,SCH029,2025-01-01,2,2,
ATT202501002638,STU002638,SCH011,2025-01-01,3,3,
ATT202501002639,STU002639,SCH029,2025-01-01,1,1,
ATT202501002640,STU002640,SCH005,2025-01-01,2,2,
ATT202501002641,STU002641,SCH026,2025-01-01,1,1,
ATT202501002642,STU002642,SCH001,2025-01-01,2,2,
ATT202501002643,STU002643,SCH014,2025-01-01,2,2,
ATT202501002644,STU002644,SCH046,2025-01-01,2,2,
ATT202501002645,STU002645,SCH032,2025-01-01,3,3,
ATT202501002646,STU002646,SCH019,2025-01-01,2,2,
ATT202501002647,STU002647,SCH049,2025-01-01,2,2,
ATT202501002648,STU002648,SCH005,2025-01-01,3,3,
ATT202501002650,STU002650,SCH046,2025-01-01,3,3,
ATT202501002651,STU002651,SCH018,2025-01-01,2,2,
ATT202501002653,STU002653,SCH015,2025-01-01,3,3,
ATT202501002654,STU002654,SCH027,2025-01-01,1,1,
ATT202501002655,STU002655,SCH036,2025-01-01,2,2,
ATT202501002656,STU002656,SCH029,2025-01-01,1,1,
ATT202501002657,STU002657,SCH023,2025-01-01,1,1,
ATT202501002658,STU002658,SCH039,2025-01-01,3,3,
ATT202501002659,STU002659,SCH006,2025-01-01,1,1,
ATT202501002660,STU002660,SCH037,2025-01-01,1,1,
ATT202501002661,STU002661,SCH043,2025-01-01,3,3,
ATT202501002662,STU002662,SCH010,2025-01-01,1,1,
ATT202501002663,STU002663,SCH021,2025-01-01,2,2,
ATT202501002664,STU002664,SCH041,2025-01-01,3,3,
ATT202501002665,STU002665,SCH012,2025-01-01,1,1,
ATT202501002666,STU002666,SCH024,2025-01-01,3,3,
ATT202501002667,STU002667,SCH031,2025-01-01,2,2,
ATT202501002668,STU002668,SCH027,2025-01-01,3,3,
ATT202501002669,STU002669,SCH033,2025-01-01,2,2,
ATT202501002670,STU002670,SCH043,2025-01-01,1,1,
ATT202501002671,STU002671,SCH047,2025-01-01,3,3,
ATT202501002672,STU002672,SCH043,2025-01-01,1,1,
ATT202501002673,STU002673,SCH021,2025-01-01,3,3,
ATT202501002674,STU002674,SCH012,2025-01-01,1,1,
ATT202501002675,STU002675,SCH022,2025-01-01,3,3,
ATT202501002676,STU002676,SCH043,2025-01-01,2,2,
ATT202501002677,STU002677,SCH042,2025-01-01,2,2,
ATT202501002678,STU002678,SCH037,2025-01-01,2,2,
ATT202501002679,STU002679,SCH011,2025-01-01,3,3,
ATT202501002680,STU002680,SCH050,2025-01-01,2,2,
ATT202501002681,STU002681,SCH017,2025-01-01,3,2,Illness
ATT202501002682,STU002682,SCH040,2025-01-01,3,3,
ATT202501002683,STU002683,SCH012,2025-01-01,3,2,Medical
ATT202501002685,STU002685,SCH043,2025-01-01,3,3,
ATT202501002686,STU002686,SCH031,2025-01-01,3,3,
ATT202501002687,STU002687,SCH014,2025-01-01,1,1,
ATT202501002689,STU002689,SCH010,2025-01-01,3,2,Medical
ATT202501002690,STU002690,SCH009,2025-01-01,2,2,
ATT202501002691,STU002691,SCH027,2025-01-01,3,3,
ATT202501002692,STU002692,SCH047,2025-01-01,3,3,
ATT202501002694,STU002694,SCH012,2025-01-01,3,3,
ATT202501002695,STU002695,SCH037,2025-01-01,3,3,
ATT202501002696,STU002696,SCH010,2025-01-01,1,1,
ATT202501002697,STU002697,SCH049,2025-01-01,3,2,Family
ATT202501002698,STU002698,SCH008,2025-01-01,2,2,
ATT202501002699,STU002699,SCH025,2025-01-01,3,3,
ATT202501002700,STU002700,SCH046,2025-01-01,1,1,
ATT202501002702,STU002702,SCH045,2025-01-01,2,2,
ATT202501002703,STU002703,SCH026,2025-01-01,3,3,
ATT202501002704,STU002704,SCH006,2025-01-01,3,3,
ATT202501002705,STU002705,SCH028,2025-01-01,2,2,
ATT202501002706,STU002706,SCH043,2025-01-01,2,2,
ATT202501002708,STU002708,SCH020,2025-01-01,1,1,
ATT202501002709,STU002709,SCH024,2025-01-01,3,3,
ATT202501002710,STU002710,SCH001,2025-01-01,3,2,Other
ATT202501002711,STU002711,SCH040,2025-01-01,3,3,
ATT202501002712,STU002712,SCH013,2025-01-01,1,1,
ATT202501002713,STU002713,SCH050,2025-01-01,1,1,
ATT202501002714,STU002714,SCH012,2025-01-01,1,1,
ATT202501002715,STU002715,SCH025,2025-01-01,1,1,
ATT202501002716,STU002716,SCH012,2025-01-01,3,3,
ATT202501002717,STU002717,SCH032,2025-01-01,2,2,
ATT202501002719,STU002719,SCH006,2025-01-01,2,2,
ATT202501002720,STU002720,SCH041,2025-01-01,1,1,
ATT202501002721,STU002721,SCH027,2025-01-01,1,1,
ATT202501002723,STU002723,SCH020,2025-01-01,1,1,
ATT202501002724,STU002724,SCH009,2025-01-01,2,2,
ATT202501002725,STU002725,SCH023,2025-01-01,1,1,
ATT202501002726,STU002726,SCH041,2025-01-01,2,2,
ATT202501002728,STU002728,SCH004,2025-01-01,1,1,
ATT202501002729,STU002729,SCH003,2025-01-01,1,1,
ATT202501002730,STU002730,SCH008,2025-01-01,1,1,
ATT202501002731,STU002731,SCH025,2025-01-01,2,2,
ATT202501002732,STU002732,SCH018,2025-01-01,1,1,
ATT202501002734,STU002734,SCH046,2025-01-01,2,2,
ATT202501002735,STU002735,SCH036,2025-01-01,2,2,
ATT202501002736,STU002736,SCH049,2025-01-01,3,2,Family
ATT202501002737,STU002737,SCH021,2025-01-01,1,1,
ATT202501002738,STU002738,SCH015,2025-01-01,2,2,
ATT202501002740,STU002740,SCH021,2025-01-01,1,1,
ATT202501002741,STU002741,SCH038,2025-01-01,2,2,
ATT202501002742,STU002742,SCH033,2025-01-01,1,1,
ATT202501002743,STU002743,SCH048,2025-01-01,3,3,
ATT202501002744,STU002744,SCH036,2025-01-01,2,2,
ATT202501002745,STU002745,SCH032,2025-01-01,2,2,
ATT202501002746,STU002746,SCH021,2025-01-01,1,1,
ATT202501002747,STU002747,SCH005,2025-01-01,1,1,
ATT202501002748,STU002748,SCH011,2025-01-01,3,3,
ATT202501002749,STU002749,SCH005,2025-01-01,3,3,
ATT202501002750,STU002750,SCH048,2025-01-01,3,3,
ATT202501002751,STU002751,SCH034,2025-01-01,2,2,
ATT202501002752,STU002752,SCH046,2025-01-01,3,3,
ATT202501002753,STU002753,SCH022,2025-01-01,2,2,
ATT202501002754,STU002754,SCH030,2025-01-01,3,3,
ATT202501002755,STU002755,SCH038,2025-01-01,2,2,
ATT202501002756,STU002756,SCH015,2025-01-01,3,3,
ATT202501002758,STU002758,SCH019,2025-01-01,3,3,
ATT202501002759,STU002759,SCH004,2025-01-01,1,1,
ATT202501002760,STU002760,SCH004,2025-01-01,2,2,
ATT202501002761,STU002761,SCH003,2025-01-01,1,1,
ATT202501002763,STU002763,SCH001,2025-01-01,2,2,
ATT202501002764,STU002764,SCH027,2025-01-01,2,2,
ATT202501002765,STU002765,SCH021,2025-01-01,1,1,
ATT202501002766,STU002766,SCH021,2025-01-01,2,2,
ATT202501002767,STU002767,SCH048,2025-01-01,2,2,
ATT202501002769,STU002769,SCH045,2025-01-01,2,2,
ATT202501002770,STU002770,SCH002,2025-01-01,1,1,
ATT202501002771,STU002771,SCH016,2025-01-01,3,3,
ATT202501002772,STU002772,SCH045,2025-01-01,1,1,
ATT202501002773,STU002773,SCH047,2025-01-01,1,1,
ATT202501002774,STU002774,SCH034,2025-01-01,1,1,
ATT202501002775,STU002775,SCH044,2025-01-01,3,3,
ATT202501002776,STU002776,SCH018,2025-01-01,1,1,
ATT202501002777,STU002777,SCH033,2025-01-01,2,2,
ATT202501002778,STU002778,SCH044,2025-01-01,2,2,
ATT202501002780,STU002780,SCH013,2025-01-01,3,3,
ATT202501002781,STU002781,SCH031,2025-01-01,1,1,
ATT202501002782,STU002782,SCH019,2025-01-01,1,1,
ATT202501002783,STU002783,SCH021,2025-01-01,2,2,
ATT202501002784,STU002784,SCH012,2025-01-01,1,1,
ATT202501002785,STU002785,SCH043,2025-01-01,1,1,
ATT202501002786,STU002786,SCH019,2025-01-01,1,1,
ATT202501002787,STU002787,SCH038,2025-01-01,2,2,
ATT202501002788,STU002788,SCH039,2025-01-01,1,1,
ATT202501002790,STU002790,SCH044,2025-01-01,2,2,
ATT202501002791,STU002791,SCH010,2025-01-01,1,1,
ATT202501002792,STU002792,SCH043,2025-01-01,1,1,
ATT202501002793,STU002793,SCH035,2025-01-01,3,3,
ATT202501002795,STU002795,SCH025,2025-01-01,1,1,
ATT202501002796,STU002796,SCH036,2025-01-01,2,2,
ATT202501002797,STU002797,SCH049,2025-01-01,3,3,
ATT202501002798,STU002798,SCH027,2025-01-01,1,1,
ATT202501002799,STU002799,SCH038,2025-01-01,3,3,
ATT202501002800,STU002800,SCH003,2025-01-01,3,3,
ATT202501002801,STU002801,SCH019,2025-01-01,1,1,
ATT202501002802,STU002802,SCH009,2025-01-01,1,1,
ATT202501002803,STU002803,SCH043,2025-01-01,1,1,
ATT202501002804,STU002804,SCH031,2025-01-01,3,3,
ATT202501002806,STU002806,SCH024,2025-01-01,2,1,Other
ATT202501002807,STU002807,SCH040,2025-01-01,1,1,
ATT202501002808,STU002808,SCH048,2025-01-01,3,3,
ATT202501002809,STU002809,SCH008,2025-01-01,1,1,
ATT202501002810,STU002810,SCH001,2025-01-01,2,2,
ATT202501002811,STU002811,SCH030,2025-01-01,3,3,
ATT202501002812,STU002812,SCH007,2025-01-01,2,2,
ATT202501002813,STU002813,SCH003,2025-01-01,3,3,
ATT202501002814,STU002814,SCH004,2025-01-01,2,2,
ATT202501002815,STU002815,SCH009,2025-01-01,2,2,
ATT202501002816,STU002816,SCH017,2025-01-01,1,1,
ATT202501002817,STU002817,SCH029,2025-01-01,1,1,
ATT202501002818,STU002818,SCH023,2025-01-01,1,1,
ATT202501002819,STU002819,SCH027,2025-01-01,2,2,
ATT202501002820,STU002820,SCH010,2025-01-01,2,2,
ATT202501002821,STU002821,SCH031,2025-01-01,2,2,
ATT202501002822,STU002822,SCH019,2025-01-01,3,3,
ATT202501002823,STU002823,SCH010,2025-01-01,3,3,
ATT202501002824,STU002824,SCH034,2025-01-01,3,3,
ATT202501002825,STU002825,SCH037,2025-01-01,3,3,
ATT202501002826,STU002826,SCH003,2025-01-01,1,1,
ATT202501002827,STU002827,SCH034,2025-01-01,1,1,
ATT202501002828,STU002828,SCH021,2025-01-01,3,2,Family
ATT202501002829,STU002829,SCH044,2025-01-01,2,2,
ATT202501002830,STU002830,SCH048,2025-01-01,1,1,
ATT202501002831,STU002831,SCH046,2025-01-01,2,2,
ATT202501002832,STU002832,SCH035,2025-01-01,1,1,
ATT202501002833,STU002833,SCH041,2025-01-01,2,2,
ATT202501002834,STU002834,SCH002,2025-01-01,3,2,Illness
ATT202501002835,STU002835,SCH031,2025-01-01,2,2,
ATT202501002836,STU002836,SCH005,2025-01-01,3,3,
ATT202501002837,STU002837,SCH047,2025-01-01,3,3,
ATT202501002838,STU002838,SCH050,2025-01-01,2,2,
ATT202501002840,STU002840,SCH050,2025-01-01,3,3,
ATT202501002841,STU002841,SCH032,2025-01-01,3,3,
ATT202501002842,STU002842,SCH021,2025-01-01,1,1,
ATT202501002843,STU002843,SCH021,2025-01-01,2,2,
ATT202501002844,STU002844,SCH044,2025-01-01,1,1,
ATT202501002845,STU002845,SCH016,2025-01-01,1,1,
ATT202501002846,STU002846,SCH033,2025-01-01,3,3,
ATT202501002847,STU002847,SCH044,2025-01-01,1,1,
ATT202501002848,STU002848,SCH045,2025-01-01,1,1,
ATT202501002849,STU002849,SCH048,2025-01-01,2,2,
ATT202501002850,STU002850,SCH033,2025-01-01,2,2,
ATT202501002851,STU002851,SCH022,2025-01-01,1,1,
ATT202501002852,STU002852,SCH023,2025-01-01,3,3,
ATT202501002853,STU002853,SCH023,2025-01-01,1,1,
ATT202501002854,STU002854,SCH027,2025-01-01,2,2,
ATT202501002855,STU002855,SCH010,2025-01-01,2,2,
ATT202501002856,STU002856,SCH003,2025-01-01,3,3,
ATT202501002857,STU002857,SCH012,2025-01-01,2,2,
ATT202501002858,STU002858,SCH005,2025-01-01,1,1,
ATT202501002859,STU002859,SCH028,2025-01-01,2,2,
ATT202501002860,STU002860,SCH044,2025-01-01,1,1,
ATT202501002861,STU002861,SCH032,2025-01-01,3,3,
ATT202501002862,STU002862,SCH002,2025-01-01,1,1,
ATT202501002863,STU002863,SCH045,2025-01-01,1,1,
ATT202501002864,STU002864,SCH010,2025-01-01,2,2,
ATT202501002865,STU002865,SCH031,2025-01-01,2,2,
ATT202501002866,STU002866,SCH007,2025-01-01,1,1,
ATT202501002867,STU002867,SCH044,2025-01-01,2,2,
ATT202501002868,STU002868,SCH010,2025-01-01,3,3,
ATT202501002869,STU002869,SCH024,2025-01-01,3,3,
ATT202501002870,STU002870,SCH005,2025-01-01,2,2,
ATT202501002871,STU002871,SCH047,2025-01-01,2,2,
ATT202501002872,STU002872,SCH018,2025-01-01,1,1,
ATT202501002874,STU002874,SCH041,2025-01-01,1,1,
ATT202501002875,STU002875,SCH040,2025-01-01,2,2,
ATT202501002877,STU002877,SCH048,2025-01-01,3,3,
ATT202501002878,STU002878,SCH048,2025-01-01,1,1,
ATT202501002879,STU002879,SCH037,2025-01-01,1,1,
ATT202501002880,STU002880,SCH031,2025-01-01,2,2,
ATT202501002881,STU002881,SCH010,2025-01-01,1,1,
ATT202501002882,STU002882,SCH046,2025-01-01,3,3,
ATT202501002883,STU002883,SCH029,2025-01-01,1,1,
ATT202501002884,STU002884,SCH035,2025-01-01,2,2,
ATT202501002885,STU002885,SCH023,2025-01-01,1,1,
ATT202501002886,STU002886,SCH011,2025-01-01,2,2,
ATT202501002887,STU002887,SCH017,2025-01-01,3,2,Unauthorised
ATT202501002888,STU002888,SCH037,2025-01-01,1,1,
ATT202501002889,STU002889,SCH034,2025-01-01,3,2,Unauthorised
ATT202501002890,STU002890,SCH013,2025-01-01,3,3,
ATT202501002891,STU002891,SCH046,2025-01-01,2,2,
ATT202501002892,STU002892,SCH008,2025-01-01,1,1,
ATT202501002893,STU002893,SCH001,2025-01-01,2,2,
ATT202501002894,STU002894,SCH030,2025-01-01,1,1,
ATT202501002895,STU002895,SCH015,2025-01-01,3,3,
ATT202501002898,STU002898,SCH040,2025-01-01,1,1,
ATT202501002899,STU002899,SCH014,2025-01-01,2,2,
ATT202501002900,STU002900,SCH009,2025-01-01,3,3,
ATT202501002901,STU002901,SCH016,2025-01-01,1,1,
ATT202501002902,STU002902,SCH009,2025-01-01,2,2,
ATT202501002903,STU002903,SCH025,2025-01-01,2,2,
ATT202501002904,STU002904,SCH001,2025-01-01,3,2,Illness
ATT202501002905,STU002905,SCH024,2025-01-01,1,1,
ATT202501002906,STU002906,SCH005,2025-01-01,1,1,
ATT202501002907,STU002907,SCH033,2025-01-01,2,2,
ATT202501002908,STU002908,SCH049,2025-01-01,2,2,
ATT202501002909,STU002909,SCH023,2025-01-01,1,1,
ATT202501002910,STU002910,SCH016,2025-01-01,1,1,
ATT202501002911,STU002911,SCH035,2025-01-01,1,1,
ATT202501002913,STU002913,SCH003,2025-01-01,3,3,
ATT202501002915,STU002915,SCH038,2025-01-01,1,1,
ATT202501002916,STU002916,SCH044,2025-01-01,3,3,
ATT202501002917,STU002917,SCH022,2025-01-01,3,3,
ATT202501002918,STU002918,SCH048,2025-01-01,2,2,
ATT202501002919,STU002919,SCH010,2025-01-01,2,2,
ATT202501002920,STU002920,SCH025,2025-01-01,3,3,
ATT202501002921,STU002921,SCH027,2025-01-01,1,1,
ATT202501002922,STU002922,SCH026,2025-01-01,3,3,
ATT202501002923,STU002923,SCH027,2025-01-01,3,3,
ATT202501002925,STU002925,SCH050,2025-01-01,1,1,
ATT202501002927,STU002927,SCH023,2025-01-01,3,3,
ATT202501002928,STU002928,SCH030,2025-01-01,3,3,
ATT202501002929,STU002929,SCH032,2025-01-01,2,2,
ATT202501002930,STU002930,SCH049,2025-01-01,3,3,
ATT202501002931,STU002931,SCH015,2025-01-01,1,1,
ATT202501002932,STU002932,SCH031,2025-01-01,2,2,
ATT202501002933,STU002933,SCH022,2025-01-01,3,3,
ATT202501002934,STU002934,SCH037,2025-01-01,2,2,
ATT202501002936,STU002936,SCH048,2025-01-01,3,3,
ATT202501002938,STU002938,SCH031,2025-01-01,2,2,
ATT202501002939,STU002939,SCH015,2025-01-01,1,1,
ATT202501002940,STU002940,SCH006,2025-01-01,3,3,
ATT202501002941,STU002941,SCH002,2025-01-01,2,2,
ATT202501002942,STU002942,SCH011,2025-01-01,1,1,
ATT202501002943,STU002943,SCH006,2025-01-01,2,2,
ATT202501002944,STU002944,SCH038,2025-01-01,2,2,
ATT202501002945,STU002945,SCH043,2025-01-01,3,3,
ATT202501002946,STU002946,SCH010,2025-01-01,2,2,
ATT202501002947,STU002947,SCH047,2025-01-01,2,2,
ATT202501002948,STU002948,SCH011,2025-01-01,1,1,
ATT202501002949,STU002949,SCH043,2025-01-01,3,3,
ATT202501002950,STU002950,SCH026,2025-01-01,2,2,
ATT202501002952,STU002952,SCH014,2025-01-01,3,3,
ATT202501002953,STU002953,SCH025,2025-01-01,2,2,
ATT202501002954,STU002954,SCH024,2025-01-01,1,1,
ATT202501002955,STU002955,SCH007,2025-01-01,1,1,
ATT202501002956,STU002956,SCH005,2025-01-01,2,2,
ATT202501002957,STU002957,SCH008,2025-01-01,1,1,
ATT202501002958,STU002958,SCH016,2025-01-01,1,1,
ATT202501002959,STU002959,SCH033,2025-01-01,1,1,
ATT202501002960,STU002960,SCH046,2025-01-01,1,1,
ATT202501002961,STU002961,SCH016,2025-01-01,1,1,
ATT202501002962,STU002962,SCH036,2025-01-01,3,3,
ATT202501002963,STU002963,SCH025,2025-01-01,2,2,
ATT202501002964,STU002964,SCH020,2025-01-01,2,2,
ATT202501002965,STU002965,SCH011,2025-01-01,2,2,
ATT202501002966,STU002966,SCH022,2025-01-01,3,3,
ATT202501002967,STU002967,SCH021,2025-01-01,2,2,
ATT202501002968,STU002968,SCH014,2025-01-01,1,1,
ATT202501002969,STU002969,SCH037,2025-01-01,3,3,
ATT202501002970,STU002970,SCH019,2025-01-01,2,2,
ATT202501002971,STU002971,SCH012,2025-01-01,2,2,
ATT202501002972,STU002972,SCH021,2025-01-01,3,3,
ATT202501002973,STU002973,SCH021,2025-01-01,3,3,
ATT202501002974,STU002974,SCH003,2025-01-01,1,1,
ATT202501002975,STU002975,SCH044,2025-01-01,1,1,
ATT202501002976,STU002976,SCH007,2025-01-01,3,3,
ATT202501002977,STU002977,SCH046,2025-01-01,3,3,
ATT202501002978,STU002978,SCH033,2025-01-01,2,2,
ATT202501002979,STU002979,SCH009,2025-01-01,2,2,
ATT202501002980,STU002980,SCH030,2025-01-01,3,3,
ATT202501002981,STU002981,SCH023,2025-01-01,2,2,
ATT202501002982,STU002982,SCH010,2025-01-01,1,1,
ATT202501002983,STU002983,SCH041,2025-01-01,3,3,
ATT202501002984,STU002984,SCH045,2025-01-01,3,3,
ATT202501002985,STU002985,SCH032,2025-01-01,1,1,
ATT202501002986,STU002986,SCH050,2025-01-01,1,1,
ATT202501002987,STU002987,SCH023,2025-01-01,2,2,
ATT202501002988,STU002988,SCH012,2025-01-01,3,3,
ATT202501002989,STU002989,SCH043,2025-01-01,1,1,
ATT202501002990,STU002990,SCH025,2025-01-01,2,2,
ATT202501002991,STU002991,SCH050,2025-01-01,1,1,
ATT202501002993,STU002993,SCH025,2025-01-01,1,1,
ATT202501002995,STU002995,SCH020,2025-01-01,3,3,
ATT202501002996,STU002996,SCH050,2025-01-01,3,3,
ATT202501002997,STU002997,SCH005,2025-01-01,3,3,
ATT202501002998,STU002998,SCH010,2025-01-01,2,2,
ATT202501002999,STU002999,SCH016,2025-01-01,1,1,
ATT202501003000,STU003000,SCH031,2025-01-01,2,2,
ATT202501003001,STU003001,SCH046,2025-01-01,2,2,
ATT202501003002,STU003002,SCH035,2025-01-01,2,2,
ATT202501003003,STU003003,SCH033,2025-01-01,1,1,
ATT202501003004,STU003004,SCH045,2025-01-01,1,1,
ATT202501003006,STU003006,SCH043,2025-01-01,2,2,
ATT202501003007,STU003007,SCH014,2025-01-01,1,1,
ATT202501003008,STU003008,SCH015,2025-01-01,2,2,
ATT202501003009,STU003009,SCH006,2025-01-01,3,3,
ATT202501003010,STU003010,SCH047,2025-01-01,2,2,
ATT202501003011,STU003011,SCH037,2025-01-01,2,2,
ATT202501003012,STU003012,SCH033,2025-01-01,2,2,
ATT202501003013,STU003013,SCH015,2025-01-01,1,1,
ATT202501003014,STU003014,SCH025,2025-01-01,3,3,
ATT202501003015,STU003015,SCH038,2025-01-01,3,3,
ATT202501003016,STU003016,SCH038,2025-01-01,1,1,
ATT202501003017,STU003017,SCH008,2025-01-01,3,3,
ATT202501003018,STU003018,SCH023,2025-01-01,3,3,
ATT202501003019,STU003019,SCH011,2025-01-01,3,3,
ATT202501003020,STU003020,SCH029,2025-01-01,1,1,
ATT202501003021,STU003021,SCH027,2025-01-01,2,2,
ATT202501003022,STU003022,SCH043,2025-01-01,1,1,
ATT202501003023,STU003023,SCH010,2025-01-01,1,1,
ATT202501003024,STU003024,SCH040,2025-01-01,3,3,
ATT202501003025,STU003025,SCH029,2025-01-01,2,2,
ATT202501003026,STU003026,SCH012,2025-01-01,3,3,
ATT202501003027,STU003027,SCH035,2025-01-01,2,2,
ATT202501003028,STU003028,SCH023,2025-01-01,1,1,
ATT202501003030,STU003030,SCH046,2025-01-01,3,3,
ATT202501003031,STU003031,SCH037,2025-01-01,2,2,
ATT202501003032,STU003032,SCH041,2025-01-01,2,2,
ATT202501003033,STU003033,SCH041,2025-01-01,1,1,
ATT202501003034,STU003034,SCH008,2025-01-01,2,2,
ATT202501003035,STU003035,SCH031,2025-01-01,1,1,
ATT202501003036,STU003036,SCH005,2025-01-01,1,1,
ATT202501003037,STU003037,SCH016,2025-01-01,2,2,
ATT202501003038,STU003038,SCH026,2025-01-01,3,3,
ATT202501003039,STU003039,SCH049,2025-01-01,3,3,
ATT202501003040,STU003040,SCH041,2025-01-01,2,2,
ATT202501003041,STU003041,SCH006,2025-01-01,1,1,
ATT202501003042,STU003042,SCH025,2025-01-01,3,3,
ATT202501003043,STU003043,SCH001,2025-01-01,1,1,
ATT202501003044,STU003044,SCH013,2025-01-01,2,2,
ATT202501003045,STU003045,SCH007,2025-01-01,3,3,
ATT202501003046,STU003046,SCH010,2025-01-01,2,2,
ATT202501003047,STU003047,SCH033,2025-01-01,2,2,
ATT202501003048,STU003048,SCH045,2025-01-01,3,3,
ATT202501003049,STU003049,SCH041,2025-01-01,2,2,
ATT202501003050,STU003050,SCH041,2025-01-01,2,2,
ATT202501003051,STU003051,SCH014,2025-01-01,1,1,
ATT202501003052,STU003052,SCH002,2025-01-01,2,2,
ATT202501003053,STU003053,SCH003,2025-01-01,1,1,
ATT202501003054,STU003054,SCH004,2025-01-01,1,1,
ATT202501003055,STU003055,SCH030,2025-01-01,2,2,
ATT202501003056,STU003056,SCH031,2025-01-01,1,1,
ATT202501003057,STU003057,SCH009,2025-01-01,3,3,
ATT202501003058,STU003058,SCH016,2025-01-01,3,3,
ATT202501003059,STU003059,SCH003,2025-01-01,2,2,
ATT202501003060,STU003060,SCH022,2025-01-01,3,2,Medical
ATT202501003062,STU003062,SCH013,2025-01-01,3,3,
ATT202501003063,STU003063,SCH009,2025-01-01,1,1,
ATT202501003064,STU003064,SCH025,2025-01-01,1,1,
ATT202501003065,STU003065,SCH035,2025-01-01,2,2,
ATT202501003066,STU003066,SCH030,2025-01-01,3,3,
ATT202501003067,STU003067,SCH031,2025-01-01,3,3,
ATT202501003068,STU003068,SCH044,2025-01-01,1,1,
ATT202501003069,STU003069,SCH008,2025-01-01,3,3,
ATT202501003071,STU003071,SCH040,2025-01-01,1,1,
ATT202501003072,STU003072,SCH044,2025-01-01,3,3,
ATT202501003073,STU003073,SCH043,2025-01-01,1,1,
ATT202501003074,STU003074,SCH050,2025-01-01,3,3,
ATT202501003075,STU003075,SCH022,2025-01-01,2,2,
ATT202501003076,STU003076,SCH014,2025-01-01,3,3,
ATT202501003077,STU003077,SCH029,2025-01-01,1,1,
ATT202501003078,STU003078,SCH012,2025-01-01,1,1,
ATT202501003079,STU003079,SCH011,2025-01-01,1,1,
ATT202501003080,STU003080,SCH050,2025-01-01,3,3,
ATT202501003081,STU003081,SCH029,2025-01-01,2,2,
ATT202501003084,STU003084,SCH041,2025-01-01,3,3,
ATT202501003085,STU003085,SCH026,2025-01-01,2,2,
ATT202501003086,STU003086,SCH024,2025-01-01,3,3,
ATT202501003087,STU003087,SCH022,2025-01-01,3,2,Unauthorised
ATT202501003088,STU003088,SCH046,2025-01-01,3,3,
ATT202501003089,STU003089,SCH029,2025-01-01,3,3,
ATT202501003090,STU003090,SCH045,2025-01-01,1,1,
ATT202501003091,STU003091,SCH027,2025-01-01,1,1,
ATT202501003092,STU003092,SCH037,2025-01-01,3,3,
ATT202501003093,STU003093,SCH050,2025-01-01,2,2,
ATT202501003094,STU003094,SCH050,2025-01-01,1,1,
ATT202501003095,STU003095,SCH018,2025-01-01,2,2,
ATT202501003096,STU003096,SCH004,2025-01-01,2,2,
ATT202501003097,STU003097,SCH044,2025-01-01,1,1,
ATT202501003098,STU003098,SCH038,2025-01-01,1,1,
ATT202501003099,STU003099,SCH007,2025-01-01,3,3,
ATT202501003100,STU003100,SCH012,2025-01-01,1,1,
ATT202501003101,STU003101,SCH031,2025-01-01,1,1,
ATT202501003102,STU003102,SCH025,2025-01-01,1,1,
ATT202501003103,STU003103,SCH040,2025-01-01,3,3,
ATT202501003104,STU003104,SCH042,2025-01-01,1,1,
ATT202501003105,STU003105,SCH013,2025-01-01,2,2,
ATT202501003106,STU003106,SCH027,2025-01-01,2,2,
ATT202501003108,STU003108,SCH019,2025-01-01,3,3,
ATT202501003109,STU003109,SCH044,2025-01-01,3,3,
ATT202501003111,STU003111,SCH031,2025-01-01,2,2,
ATT202501003112,STU003112,SCH014,2025-01-01,3,3,
ATT202501003113,STU003113,SCH025,2025-01-01,2,2,
ATT202501003114,STU003114,SCH021,2025-01-01,2,2,
ATT202501003115,STU003115,SCH046,2025-01-01,1,1,
ATT202501003116,STU003116,SCH020,2025-01-01,1,1,
ATT202501003117,STU003117,SCH035,2025-01-01,1,1,
ATT202501003118,STU003118,SCH028,2025-01-01,1,1,
ATT202501003119,STU003119,SCH031,2025-01-01,3,3,
ATT202501003120,STU003120,SCH015,2025-01-01,1,1,
ATT202501003121,STU003121,SCH036,2025-01-01,2,2,
ATT202501003122,STU003122,SCH011,2025-01-01,2,2,
ATT202501003123,STU003123,SCH037,2025-01-01,2,2,
ATT202501003124,STU003124,SCH039,2025-01-01,1,1,
ATT202501003125,STU003125,SCH046,2025-01-01,3,3,
ATT202501003126,STU003126,SCH046,2025-01-01,1,1,
ATT202501003127,STU003127,SCH005,2025-01-01,3,3,
ATT202501003128,STU003128,SCH022,2025-01-01,1,1,
ATT202501003129,STU003129,SCH042,2025-01-01,2,2,
ATT202501003130,STU003130,SCH019,2025-01-01,2,2,
ATT202501003131,STU003131,SCH030,2025-01-01,2,2,
ATT202501003132,STU003132,SCH039,2025-01-01,3,3,
ATT202501003133,STU003133,SCH050,2025-01-01,3,3,
ATT202501003134,STU003134,SCH012,2025-01-01,3,3,
ATT202501003135,STU003135,SCH013,2025-01-01,2,2,
ATT202501003136,STU003136,SCH041,2025-01-01,2,2,
ATT202501003137,STU003137,SCH048,2025-01-01,1,1,
ATT202501003139,STU003139,SCH038,2025-01-01,1,1,
ATT202501003140,STU003140,SCH014,2025-01-01,3,3,
ATT202501003141,STU003141,SCH002,2025-01-01,1,1,
ATT202501003142,STU003142,SCH016,2025-01-01,2,2,
ATT202501003143,STU003143,SCH039,2025-01-01,1,1,
ATT202501003144,STU003144,SCH037,2025-01-01,3,3,
ATT202501003146,STU003146,SCH012,2025-01-01,3,3,
ATT202501003147,STU003147,SCH012,2025-01-01,1,1,
ATT202501003148,STU003148,SCH043,2025-01-01,3,3,
ATT202501003149,STU003149,SCH042,2025-01-01,2,2,
ATT202501003150,STU003150,SCH012,2025-01-01,2,2,
ATT202501003151,STU003151,SCH028,2025-01-01,3,3,
ATT202501003152,STU003152,SCH029,2025-01-01,3,3,
ATT202501003153,STU003153,SCH003,2025-01-01,1,1,
ATT202501003154,STU003154,SCH045,2025-01-01,2,2,
ATT202501003155,STU003155,SCH018,2025-01-01,3,3,
ATT202501003156,STU003156,SCH037,2025-01-01,3,3,
ATT202501003157,STU003157,SCH036,2025-01-01,3,3,
ATT202501003158,STU003158,SCH030,2025-01-01,2,2,
ATT202501003159,STU003159,SCH037,2025-01-01,3,3,
ATT202501003160,STU003160,SCH041,2025-01-01,2,2,
ATT202501003161,STU003161,SCH007,2025-01-01,3,3,
ATT202501003163,STU003163,SCH017,2025-01-01,3,2,Medical
ATT202501003164,STU003164,SCH035,2025-01-01,1,1,
ATT202501003166,STU003166,SCH050,2025-01-01,3,3,
ATT202501003167,STU003167,SCH005,2025-01-01,1,1,
ATT202501003168,STU003168,SCH043,2025-01-01,2,2,
ATT202501003169,STU003169,SCH023,2025-01-01,3,3,
ATT202501003170,STU003170,SCH008,2025-01-01,1,1,
ATT202501003171,STU003171,SCH015,2025-01-01,3,3,
ATT202501003172,STU003172,SCH019,2025-01-01,3,3,
ATT202501003173,STU003173,SCH026,2025-01-01,3,3,
ATT202501003174,STU003174,SCH043,2025-01-01,3,3,
ATT202501003175,STU003175,SCH046,2025-01-01,1,1,
ATT202501003176,STU003176,SCH010,2025-01-01,3,2,Family
ATT202501003177,STU003177,SCH007,2025-01-01,3,3,
ATT202501003178,STU003178,SCH047,2025-01-01,2,2,
ATT202501003179,STU003179,SCH022,2025-01-01,2,2,
ATT202501003180,STU003180,SCH035,2025-01-01,3,3,
ATT202501003181,STU003181,SCH038,2025-01-01,2,2,
ATT202501003182,STU003182,SCH014,2025-01-01,3,3,
ATT202501003183,STU003183,SCH022,2025-01-01,1,1,
ATT202501003184,STU003184,SCH002,2025-01-01,3,2,Medical
ATT202501003185,STU003185,SCH039,2025-01-01,3,3,
ATT202501003186,STU003186,SCH025,2025-01-01,1,1,
ATT202501003187,STU003187,SCH036,2025-01-01,1,1,
ATT202501003188,STU003188,SCH018,2025-01-01,2,2,
ATT202501003189,STU003189,SCH030,2025-01-01,1,1,
ATT202501003190,STU003190,SCH040,2025-01-01,2,2,
ATT202501003192,STU003192,SCH001,2025-01-01,1,1,
ATT202501003194,STU003194,SCH049,2025-01-01,3,3,
ATT202501003195,STU003195,SCH048,2025-01-01,3,3,
ATT202501003196,STU003196,SCH020,2025-01-01,3,3,
ATT202501003197,STU003197,SCH029,2025-01-01,2,2,
ATT202501003198,STU003198,SCH002,2025-01-01,3,3,
ATT202501003199,STU003199,SCH048,2025-01-01,2,2,
ATT202501003200,STU003200,SCH004,2025-01-01,1,1,
ATT202501003201,STU003201,SCH028,2025-01-01,3,3,
ATT202501003202,STU003202,SCH021,2025-01-01,1,1,
ATT202501003203,STU003203,SCH012,2025-01-01,3,3,
ATT202501003204,STU003204,SCH037,2025-01-01,2,2,
ATT202501003205,STU003205,SCH039,2025-01-01,2,2,
ATT202501003206,STU003206,SCH017,2025-01-01,1,1,
ATT202501003207,STU003207,SCH038,2025-01-01,2,2,
ATT202501003208,STU003208,SCH017,2025-01-01,3,3,
ATT202501003209,STU003209,SCH031,2025-01-01,1,1,
ATT202501003210,STU003210,SCH014,2025-01-01,2,2,
ATT202501003211,STU003211,SCH032,2025-01-01,2,2,
ATT202501003212,STU003212,SCH012,2025-01-01,3,3,
ATT202501003213,STU003213,SCH031,2025-01-01,3,3,
ATT202501003214,STU003214,SCH041,2025-01-01,3,3,
ATT202501003216,STU003216,SCH031,2025-01-01,2,2,
ATT202501003217,STU003217,SCH033,2025-01-01,2,2,
ATT202501003218,STU003218,SCH008,2025-01-01,1,1,
ATT202501003219,STU003219,SCH032,2025-01-01,2,2,
ATT202501003220,STU003220,SCH018,2025-01-01,1,1,
ATT202501003221,STU003221,SCH035,2025-01-01,2,2,
ATT202501003222,STU003222,SCH019,2025-01-01,2,2,
ATT202501003223,STU003223,SCH011,2025-01-01,2,2,
ATT202501003224,STU003224,SCH045,2025-01-01,2,2,
ATT202501003225,STU003225,SCH004,2025-01-01,1,1,
ATT202501003226,STU003226,SCH010,2025-01-01,2,2,
ATT202501003227,STU003227,SCH017,2025-01-01,2,2,
ATT202501003228,STU003228,SCH023,2025-01-01,1,1,
ATT202501003229,STU003229,SCH046,2025-01-01,1,1,
ATT202501003230,STU003230,SCH012,2025-01-01,3,3,
ATT202501003231,STU003231,SCH001,2025-01-01,3,2,Family
ATT202501003232,STU003232,SCH009,2025-01-01,3,3,
ATT202501003233,STU003233,SCH010,2025-01-01,2,2,
ATT202501003234,STU003234,SCH036,2025-01-01,2,2,
ATT202501003235,STU003235,SCH010,2025-01-01,3,3,
ATT202501003236,STU003236,SCH002,2025-01-01,3,2,Illness
ATT202501003237,STU003237,SCH035,2025-01-01,1,1,
ATT202501003238,STU003238,SCH015,2025-01-01,1,1,
ATT202501003239,STU003239,SCH040,2025-01-01,2,2,
ATT202501003240,STU003240,SCH025,2025-01-01,3,3,
ATT202501003242,STU003242,SCH004,2025-01-01,3,3,
ATT202501003244,STU003244,SCH005,2025-01-01,1,1,
ATT202501003245,STU003245,SCH042,2025-01-01,1,1,
ATT202501003246,STU003246,SCH044,2025-01-01,1,1,
ATT202501003247,STU003247,SCH035,2025-01-01,1,1,
ATT202501003248,STU003248,SCH038,2025-01-01,1,1,
ATT202501003250,STU003250,SCH030,2025-01-01,1,1,
ATT202501003251,STU003251,SCH035,2025-01-01,1,1,
ATT202501003252,STU003252,SCH031,2025-01-01,1,1,
ATT202501003253,STU003253,SCH046,2025-01-01,3,2,Unauthorised
ATT202501003254,STU003254,SCH004,2025-01-01,3,3,
ATT202501003255,STU003255,SCH021,2025-01-01,2,2,
ATT202501003256,STU003256,SCH007,2025-01-01,3,3,
ATT202501003257,STU003257,SCH033,2025-01-01,1,1,
ATT202501003258,STU003258,SCH002,2025-01-01,3,3,
ATT202501003259,STU003259,SCH001,2025-01-01,1,1,
ATT202501003260,STU003260,SCH006,2025-01-01,2,2,
ATT202501003261,STU003261,SCH015,2025-01-01,3,3,
ATT202501003262,STU003262,SCH005,2025-01-01,1,1,
ATT202501003263,STU003263,SCH010,2025-01-01,1,1,
ATT202501003264,STU003264,SCH049,2025-01-01,2,2,
ATT202501003265,STU003265,SCH030,2025-01-01,2,2,
ATT202501003266,STU003266,SCH029,2025-01-01,2,2,
ATT202501003267,STU003267,SCH013,2025-01-01,2,2,
ATT202501003268,STU003268,SCH036,2025-01-01,1,1,
ATT202501003269,STU003269,SCH049,2025-01-01,2,2,
ATT202501003270,STU003270,SCH024,2025-01-01,3,3,
ATT202501003272,STU003272,SCH022,2025-01-01,2,2,
ATT202501003273,STU003273,SCH027,2025-01-01,3,3,
ATT202501003274,STU003274,SCH031,2025-01-01,1,1,
ATT202501003275,STU003275,SCH009,2025-01-01,1,1,
ATT202501003276,STU003276,SCH016,2025-01-01,2,2,
ATT202501003277,STU003277,SCH037,2025-01-01,2,2,
ATT202501003278,STU003278,SCH003,2025-01-01,2,2,
ATT202501003279,STU003279,SCH019,2025-01-01,1,1,
ATT202501003281,STU003281,SCH044,2025-01-01,2,2,
ATT202501003282,STU003282,SCH050,2025-01-01,2,2,
ATT202501003283,STU003283,SCH046,2025-01-01,1,1,
ATT202501003284,STU003284,SCH001,2025-01-01,2,2,
ATT202501003285,STU003285,SCH025,2025-01-01,1,1,
ATT202501003286,STU003286,SCH013,2025-01-01,3,3,
ATT202501003287,STU003287,SCH040,2025-01-01,1,1,
ATT202501003288,STU003288,SCH001,2025-01-01,3,2,Medical
ATT202501003289,STU003289,SCH013,2025-01-01,3,3,
ATT202501003290,STU003290,SCH043,2025-01-01,1,1,
ATT202501003291,STU003291,SCH018,2025-01-01,3,3,
ATT202501003292,STU003292,SCH010,2025-01-01,2,2,
ATT202501003293,STU003293,SCH046,2025-01-01,1,1,
ATT202501003295,STU003295,SCH050,2025-01-01,1,1,
ATT202501003296,STU003296,SCH030,2025-01-01,3,3,
ATT202501003297,STU003297,SCH011,2025-01-01,2,2,
ATT202501003301,STU003301,SCH005,2025-01-01,3,3,
ATT202501003302,STU003302,SCH028,2025-01-01,1,1,
ATT202501003303,STU003303,SCH001,2025-01-01,1,1,
ATT202501003304,STU003304,SCH025,2025-01-01,2,2,
ATT202501003305,STU003305,SCH038,2025-01-01,3,3,
ATT202501003306,STU003306,SCH006,2025-01-01,3,3,
ATT202501003307,STU003307,SCH021,2025-01-01,3,3,
ATT202501003308,STU003308,SCH030,2025-01-01,3,3,
ATT202501003309,STU003309,SCH047,2025-01-01,2,2,
ATT202501003310,STU003310,SCH030,2025-01-01,1,1,
ATT202501003311,STU003311,SCH046,2025-01-01,2,2,
ATT202501003312,STU003312,SCH046,2025-01-01,2,2,
ATT202501003313,STU003313,SCH030,2025-01-01,1,1,
ATT202501003314,STU003314,SCH014,2025-01-01,2,2,
ATT202501003315,STU003315,SCH038,2025-01-01,3,3,
ATT202501003316,STU003316,SCH014,2025-01-01,2,2,
ATT202501003318,STU003318,SCH041,2025-01-01,3,3,
ATT202501003319,STU003319,SCH023,2025-01-01,3,3,
ATT202501003320,STU003320,SCH002,2025-01-01,1,1,
ATT202501003321,STU003321,SCH023,2025-01-01,2,2,
ATT202501003322,STU003322,SCH050,2025-01-01,3,3,
ATT202501003323,STU003323,SCH001,2025-01-01,3,2,Illness
ATT202501003324,STU003324,SCH018,2025-01-01,2,2,
ATT202501003325,STU003325,SCH018,2025-01-01,3,3,
ATT202501003326,STU003326,SCH026,2025-01-01,1,1,
ATT202501003327,STU003327,SCH013,2025-01-01,2,2,
ATT202501003328,STU003328,SCH010,2025-01-01,3,3,
ATT202501003329,STU003329,SCH018,2025-01-01,3,3,
ATT202501003330,STU003330,SCH049,2025-01-01,3,3,
ATT202501003332,STU003332,SCH022,2025-01-01,3,3,
ATT202501003333,STU003333,SCH033,2025-01-01,2,2,
ATT202501003335,STU003335,SCH028,2025-01-01,2,2,
ATT202501003336,STU003336,SCH021,2025-01-01,3,3,
ATT202501003337,STU003337,SCH005,2025-01-01,3,3,
ATT202501003338,STU003338,SCH004,2025-01-01,2,2,
ATT202501003339,STU003339,SCH021,2025-01-01,1,1,
ATT202501003340,STU003340,SCH026,2025-01-01,2,2,
ATT202501003341,STU003341,SCH011,2025-01-01,1,1,
ATT202501003343,STU003343,SCH025,2025-01-01,2,2,
ATT202501003344,STU003344,SCH040,2025-01-01,3,3,
ATT202501003345,STU003345,SCH002,2025-01-01,1,1,
ATT202501003346,STU003346,SCH033,2025-01-01,3,3,
ATT202501003347,STU003347,SCH038,2025-01-01,1,1,
ATT202501003348,STU003348,SCH037,2025-01-01,3,3,
ATT202501003349,STU003349,SCH046,2025-01-01,2,2,
ATT202501003350,STU003350,SCH016,2025-01-01,2,2,
ATT202501003351,STU003351,SCH030,2025-01-01,3,3,
ATT202501003352,STU003352,SCH009,2025-01-01,3,3,
ATT202501003354,STU003354,SCH016,2025-01-01,2,2,
ATT202501003355,STU003355,SCH031,2025-01-01,2,2,
ATT202501003356,STU003356,SCH047,2025-01-01,3,3,
ATT202501003357,STU003357,SCH022,2025-01-01,3,3,
ATT202501003358,STU003358,SCH037,2025-01-01,2,2,
ATT202501003359,STU003359,SCH006,2025-01-01,2,2,
ATT202501003360,STU003360,SCH019,2025-01-01,3,3,
ATT202501003361,STU003361,SCH050,2025-01-01,2,2,
ATT202501003362,STU003362,SCH010,2025-01-01,2,2,
ATT202501003363,STU003363,SCH047,2025-01-01,3,3,
ATT202501003364,STU003364,SCH032,2025-01-01,3,3,
ATT202501003365,STU003365,SCH025,2025-01-01,1,1,
ATT202501003366,STU003366,SCH043,2025-01-01,2,2,
ATT202501003367,STU003367,SCH046,2025-01-01,1,1,
ATT202501003368,STU003368,SCH029,2025-01-01,3,2,Illness
ATT202501003369,STU003369,SCH016,2025-01-01,2,2,
ATT202501003370,STU003370,SCH019,2025-01-01,1,1,
ATT202501003371,STU003371,SCH008,2025-01-01,2,2,
ATT202501003372,STU003372,SCH005,2025-01-01,1,1,
ATT202501003373,STU003373,SCH034,2025-01-01,2,2,
ATT202501003374,STU003374,SCH035,2025-01-01,3,3,
ATT202501003375,STU003375,SCH044,2025-01-01,3,3,
ATT202501003376,STU003376,SCH010,2025-01-01,1,1,
ATT202501003377,STU003377,SCH031,2025-01-01,2,2,
ATT202501003378,STU003378,SCH048,2025-01-01,3,3,
ATT202501003379,STU003379,SCH027,2025-01-01,2,2,
ATT202501003380,STU003380,SCH019,2025-01-01,2,2,
ATT202501003381,STU003381,SCH037,2025-01-01,1,1,
ATT202501003382,STU003382,SCH046,2025-01-01,3,2,Illness
ATT202501003384,STU003384,SCH012,2025-01-01,1,1,
ATT202501003385,STU003385,SCH039,2025-01-01,1,1,
ATT202501003387,STU003387,SCH046,2025-01-01,1,1,
ATT202501003388,STU003388,SCH014,2025-01-01,1,1,
ATT202501003389,STU003389,SCH016,2025-01-01,2,2,
ATT202501003390,STU003390,SCH041,2025-01-01,1,1,
ATT202501003391,STU003391,SCH039,2025-01-01,1,1,
ATT202501003392,STU003392,SCH040,2025-01-01,1,1,
ATT202501003393,STU003393,SCH045,2025-01-01,3,3,
ATT202501003394,STU003394,SCH028,2025-01-01,3,3,
ATT202501003395,STU003395,SCH040,2025-01-01,1,1,
ATT202501003396,STU003396,SCH035,2025-01-01,1,1,
ATT202501003397,STU003397,SCH016,2025-01-01,3,3,
ATT202501003398,STU003398,SCH025,2025-01-01,3,3,
ATT202501003399,STU003399,SCH047,2025-01-01,1,1,
ATT202501003400,STU003400,SCH015,2025-01-01,2,2,
ATT202501003401,STU003401,SCH022,2025-01-01,3,3,
ATT202501003402,STU003402,SCH031,2025-01-01,1,1,
ATT202501003403,STU003403,SCH021,2025-01-01,3,3,
ATT202501003404,STU003404,SCH047,2025-01-01,3,3,
ATT202501003405,STU003405,SCH005,2025-01-01,2,2,
ATT202501003408,STU003408,SCH003,2025-01-01,3,3,
ATT202501003409,STU003409,SCH046,2025-01-01,3,3,
ATT202501003410,STU003410,SCH027,2025-01-01,3,3,
ATT202501003411,STU003411,SCH035,2025-01-01,1,1,
ATT202501003412,STU003412,SCH046,2025-01-01,1,1,
ATT202501003413,STU003413,SCH045,2025-01-01,2,2,
ATT202501003414,STU003414,SCH030,2025-01-01,2,2,
ATT202501003415,STU003415,SCH031,2025-01-01,3,3,
ATT202501003417,STU003417,SCH010,2025-01-01,3,3,
ATT202501003418,STU003418,SCH045,2025-01-01,1,1,
ATT202501003419,STU003419,SCH014,2025-01-01,2,2,
ATT202501003420,STU003420,SCH029,2025-01-01,1,1,
ATT202501003421,STU003421,SCH021,2025-01-01,1,1,
ATT202501003422,STU003422,SCH008,2025-01-01,3,3,
ATT202501003423,STU003423,SCH006,2025-01-01,2,2,
ATT202501003424,STU003424,SCH042,2025-01-01,3,2,Medical
ATT202501003425,STU003425,SCH002,2025-01-01,1,1,
ATT202501003426,STU003426,SCH009,2025-01-01,1,1,
ATT202501003427,STU003427,SCH047,2025-01-01,2,2,
ATT202501003428,STU003428,SCH030,2025-01-01,1,1,
ATT202501003429,STU003429,SCH048,2025-01-01,3,3,
ATT202501003430,STU003430,SCH016,2025-01-01,1,1,
ATT202501003431,STU003431,SCH016,2025-01-01,1,1,
ATT202501003432,STU003432,SCH006,2025-01-01,1,1,
ATT202501003434,STU003434,SCH018,2025-01-01,2,2,
ATT202501003435,STU003435,SCH032,2025-01-01,3,3,
ATT202501003436,STU003436,SCH025,2025-01-01,2,2,
ATT202501003438,STU003438,SCH020,2025-01-01,3,3,
ATT202501003439,STU003439,SCH020,2025-01-01,1,1,
ATT202501003440,STU003440,SCH007,2025-01-01,3,3,
ATT202501003441,STU003441,SCH018,2025-01-01,1,1,
ATT202501003442,STU003442,SCH021,2025-01-01,2,2,
ATT202501003443,STU003443,SCH023,2025-01-01,3,3,
ATT202501003444,STU003444,SCH046,2025-01-01,3,3,
ATT202501003445,STU003445,SCH026,2025-01-01,2,2,
ATT202501003447,STU003447,SCH047,2025-01-01,1,1,
ATT202501003448,STU003448,SCH010,2025-01-01,3,3,
ATT202501003450,STU003450,SCH007,2025-01-01,1,1,
ATT202501003451,STU003451,SCH030,2025-01-01,3,3,
ATT202501003452,STU003452,SCH022,2025-01-01,1,1,
ATT202501003453,STU003453,SCH009,2025-01-01,3,3,
ATT202501003454,STU003454,SCH046,2025-01-01,1,1,
ATT202501003455,STU003455,SCH010,2025-01-01,2,2,
ATT202501003456,STU003456,SCH015,2025-01-01,2,2,
ATT202501003457,STU003457,SCH045,2025-01-01,3,3,
ATT202501003459,STU003459,SCH001,2025-01-01,1,1,
ATT202501003460,STU003460,SCH027,2025-01-01,2,2,
ATT202501003461,STU003461,SCH026,2025-01-01,2,2,
ATT202501003462,STU003462,SCH007,2025-01-01,1,1,
ATT202501003463,STU003463,SCH037,2025-01-01,1,1,
ATT202501003464,STU003464,SCH012,2025-01-01,2,2,
ATT202501003465,STU003465,SCH013,2025-01-01,1,1,
ATT202501003467,STU003467,SCH034,2025-01-01,1,1,
ATT202501003468,STU003468,SCH011,2025-01-01,3,3,
ATT202501003470,STU003470,SCH036,2025-01-01,1,1,
ATT202501003471,STU003471,SCH028,2025-01-01,3,3,
ATT202501003472,STU003472,SCH003,2025-01-01,1,1,
ATT202501003473,STU003473,SCH020,2025-01-01,1,1,
ATT202501003474,STU003474,SCH045,2025-01-01,1,1,
ATT202501003475,STU003475,SCH045,2025-01-01,1,1,
ATT202501003476,STU003476,SCH021,2025-01-01,3,3,
ATT202501003477,STU003477,SCH015,2025-01-01,2,2,
ATT202501003478,STU003478,SCH048,2025-01-01,2,2,
ATT202501003479,STU003479,SCH021,2025-01-01,3,3,
ATT202501003480,STU003480,SCH034,2025-01-01,3,2,Medical
ATT202501003481,STU003481,SCH003,2025-01-01,3,3,
ATT202501003482,STU003482,SCH007,2025-01-01,2,2,
ATT202501003483,STU003483,SCH038,2025-01-01,2,2,
ATT202501003484,STU003484,SCH001,2025-01-01,3,3,
ATT202501003485,STU003485,SCH021,2025-01-01,2,2,
ATT202501003486,STU003486,SCH012,2025-01-01,1,1,
ATT202501003487,STU003487,SCH045,2025-01-01,2,2,
ATT202501003489,STU003489,SCH001,2025-01-01,1,1,
ATT202501003490,STU003490,SCH010,2025-01-01,3,3,
ATT202501003491,STU003491,SCH040,2025-01-01,3,3,
ATT202501003492,STU003492,SCH030,2025-01-01,1,1,
ATT202501003493,STU003493,SCH033,2025-01-01,2,2,
ATT202501003494,STU003494,SCH046,2025-01-01,3,3,
ATT202501003495,STU003495,SCH010,2025-01-01,3,3,
ATT202501003496,STU003496,SCH038,2025-01-01,1,1,
ATT202501003498,STU003498,SCH046,2025-01-01,3,3,
ATT202501003499,STU003499,SCH023,2025-01-01,1,1,
ATT202501003500,STU003500,SCH019,2025-01-01,3,3,
ATT202501003501,STU003501,SCH049,2025-01-01,1,1,
ATT202501003502,STU003502,SCH009,2025-01-01,1,1,
ATT202501003503,STU003503,SCH024,2025-01-01,2,2,
ATT202501003504,STU003504,SCH004,2025-01-01,3,3,
ATT202501003505,STU003505,SCH032,2025-01-01,2,2,
ATT202501003506,STU003506,SCH030,2025-01-01,2,2,
ATT202501003508,STU003508,SCH048,2025-01-01,2,2,
ATT202501003509,STU003509,SCH012,2025-01-01,2,2,
ATT202501003510,STU003510,SCH046,2025-01-01,1,1,
ATT202501003511,STU003511,SCH009,2025-01-01,1,1,
ATT202501003513,STU003513,SCH033,2025-01-01,1,1,
ATT202501003514,STU003514,SCH019,2025-01-01,3,3,
ATT202501003515,STU003515,SCH027,2025-01-01,2,2,
ATT202501003516,STU003516,SCH043,2025-01-01,2,2,
ATT202501003517,STU003517,SCH014,2025-01-01,2,2,
ATT202501003518,STU003518,SCH044,2025-01-01,3,3,
ATT202501003519,STU003519,SCH006,2025-01-01,2,2,
ATT202501003520,STU003520,SCH006,2025-01-01,1,1,
ATT202501003521,STU003521,SCH044,2025-01-01,1,1,
ATT202501003523,STU003523,SCH032,2025-01-01,2,2,
ATT202501003524,STU003524,SCH045,2025-01-01,2,2,
ATT202501003525,STU003525,SCH010,2025-01-01,1,1,
ATT202501003526,STU003526,SCH037,2025-01-01,2,2,
ATT202501003528,STU003528,SCH041,2025-01-01,2,2,
ATT202501003529,STU003529,SCH007,2025-01-01,3,3,
ATT202501003531,STU003531,SCH007,2025-01-01,2,2,
ATT202501003532,STU003532,SCH045,2025-01-01,2,2,
ATT202501003534,STU003534,SCH003,2025-01-01,1,1,
ATT202501003535,STU003535,SCH019,2025-01-01,3,3,
ATT202501003536,STU003536,SCH045,2025-01-01,2,2,
ATT202501003537,STU003537,SCH036,2025-01-01,2,2,
ATT202501003538,STU003538,SCH012,2025-01-01,2,2,
ATT202501003540,STU003540,SCH046,2025-01-01,3,3,
ATT202501003541,STU003541,SCH049,2025-01-01,2,2,
ATT202501003542,STU003542,SCH021,2025-01-01,1,1,
ATT202501003543,STU003543,SCH016,2025-01-01,1,1,
ATT202501003544,STU003544,SCH047,2025-01-01,3,3,
ATT202501003545,STU003545,SCH015,2025-01-01,2,2,
ATT202501003546,STU003546,SCH050,2025-01-01,3,3,
ATT202501003547,STU003547,SCH048,2025-01-01,2,2,
ATT202501003548,STU003548,SCH028,2025-01-01,3,3,
ATT202501003549,STU003549,SCH014,2025-01-01,3,3,
ATT202501003550,STU003550,SCH021,2025-01-01,3,3,
ATT202501003551,STU003551,SCH023,2025-01-01,1,1,
ATT202501003552,STU003552,SCH015,2025-01-01,1,1,
ATT202501003553,STU003553,SCH004,2025-01-01,3,3,
ATT202501003554,STU003554,SCH037,2025-01-01,1,1,
ATT202501003555,STU003555,SCH014,2025-01-01,2,2,
ATT202501003556,STU003556,SCH008,2025-01-01,1,1,
ATT202501003557,STU003557,SCH006,2025-01-01,3,3,
ATT202501003559,STU003559,SCH028,2025-01-01,3,3,
ATT202501003561,STU003561,SCH037,2025-01-01,2,2,
ATT202501003562,STU003562,SCH046,2025-01-01,2,2,
ATT202501003563,STU003563,SCH021,2025-01-01,3,3,
ATT202501003564,STU003564,SCH044,2025-01-01,2,2,
ATT202501003565,STU003565,SCH004,2025-01-01,2,2,
ATT202501003566,STU003566,SCH015,2025-01-01,2,2,
ATT202501003567,STU003567,SCH009,2025-01-01,2,2,
ATT202501003569,STU003569,SCH031,2025-01-01,3,3,
ATT202501003570,STU003570,SCH026,2025-01-01,1,1,
ATT202501003571,STU003571,SCH014,2025-01-01,2,2,
ATT202501003572,STU003572,SCH035,2025-01-01,3,3,
ATT202501003573,STU003573,SCH001,2025-01-01,3,3,
ATT202501003574,STU003574,SCH043,2025-01-01,3,3,
ATT202501003575,STU003575,SCH043,2025-01-01,2,2,
ATT202501003576,STU003576,SCH021,2025-01-01,3,3,
ATT202501003577,STU003577,SCH016,2025-01-01,2,2,
ATT202501003578,STU003578,SCH031,2025-01-01,3,3,
ATT202501003579,STU003579,SCH025,2025-01-01,2,2,
ATT202501003580,STU003580,SCH041,2025-01-01,1,1,
ATT202501003581,STU003581,SCH025,2025-01-01,2,2,
ATT202501003582,STU003582,SCH044,2025-01-01,2,2,
ATT202501003583,STU003583,SCH040,2025-01-01,2,2,
ATT202501003584,STU003584,SCH005,2025-01-01,1,1,
ATT202501003585,STU003585,SCH015,2025-01-01,2,2,
ATT202501003586,STU003586,SCH009,2025-01-01,1,1,
ATT202501003587,STU003587,SCH033,2025-01-01,3,3,
ATT202501003588,STU003588,SCH047,2025-01-01,2,2,
ATT202501003589,STU003589,SCH049,2025-01-01,1,1,
ATT202501003590,STU003590,SCH034,2025-01-01,3,2,Illness
ATT202501003591,STU003591,SCH031,2025-01-01,3,3,
ATT202501003592,STU003592,SCH036,2025-01-01,3,3,
ATT202501003593,STU003593,SCH011,2025-01-01,1,1,
ATT202501003594,STU003594,SCH040,2025-01-01,3,3,
ATT202501003595,STU003595,SCH027,2025-01-01,1,1,
ATT202501003596,STU003596,SCH049,2025-01-01,2,2,
ATT202501003597,STU003597,SCH046,2025-01-01,1,1,
ATT202501003598,STU003598,SCH018,2025-01-01,3,3,
ATT202501003599,STU003599,SCH031,2025-01-01,2,2,
ATT202501003600,STU003600,SCH008,2025-01-01,3,3,
ATT202501003601,STU003601,SCH040,2025-01-01,1,1,
ATT202501003602,STU003602,SCH022,2025-01-01,3,3,
ATT202501003603,STU003603,SCH050,2025-01-01,1,1,
ATT202501003604,STU003604,SCH043,2025-01-01,2,2,
ATT202501003606,STU003606,SCH045,2025-01-01,2,2,
ATT202501003607,STU003607,SCH007,2025-01-01,2,2,
ATT202501003608,STU003608,SCH007,2025-01-01,1,1,
ATT202501003609,STU003609,SCH015,2025-01-01,1,1,
ATT202501003610,STU003610,SCH029,2025-01-01,1,1,
ATT202501003611,STU003611,SCH044,2025-01-01,3,3,
ATT202501003612,STU003612,SCH030,2025-01-01,3,3,
ATT202501003613,STU003613,SCH013,2025-01-01,1,1,
ATT202501003614,STU003614,SCH012,2025-01-01,1,1,
ATT202501003615,STU003615,SCH008,2025-01-01,3,3,
ATT202501003616,STU003616,SCH013,2025-01-01,3,3,
ATT202501003617,STU003617,SCH018,2025-01-01,2,2,
ATT202501003619,STU003619,SCH015,2025-01-01,3,3,
ATT202501003620,STU003620,SCH032,2025-01-01,2,2,
ATT202501003621,STU003621,SCH024,2025-01-01,1,1,
ATT202501003622,STU003622,SCH035,2025-01-01,3,3,
ATT202501003623,STU003623,SCH016,2025-01-01,2,2,
ATT202501003624,STU003624,SCH018,2025-01-01,1,1,
ATT202501003625,STU003625,SCH016,2025-01-01,2,2,
ATT202501003626,STU003626,SCH043,2025-01-01,1,1,
ATT202501003627,STU003627,SCH043,2025-01-01,1,1,
ATT202501003628,STU003628,SCH010,2025-01-01,1,1,
ATT202501003629,STU003629,SCH046,2025-01-01,1,1,
ATT202501003630,STU003630,SCH016,2025-01-01,1,1,
ATT202501003631,STU003631,SCH041,2025-01-01,2,2,
ATT202501003632,STU003632,SCH001,2025-01-01,1,1,
ATT202501003633,STU003633,SCH011,2025-01-01,1,1,
ATT202501003634,STU003634,SCH015,2025-01-01,3,3,
ATT202501003635,STU003635,SCH007,2025-01-01,2,2,
ATT202501003636,STU003636,SCH027,2025-01-01,3,3,
ATT202501003637,STU003637,SCH048,2025-01-01,2,2,
ATT202501003638,STU003638,SCH050,2025-01-01,2,2,
ATT202501003639,STU003639,SCH048,2025-01-01,3,3,
ATT202501003641,STU003641,SCH029,2025-01-01,3,3,
ATT202501003642,STU003642,SCH043,2025-01-01,2,2,
ATT202501003643,STU003643,SCH016,2025-01-01,3,3,
ATT202501003644,STU003644,SCH021,2025-01-01,2,2,
ATT202501003646,STU003646,SCH001,2025-01-01,2,2,
ATT202501003647,STU003647,SCH001,2025-01-01,1,1,
ATT202501003648,STU003648,SCH032,2025-01-01,1,1,
ATT202501003649,STU003649,SCH019,2025-01-01,3,3,
ATT202501003650,STU003650,SCH029,2025-01-01,1,1,
ATT202501003651,STU003651,SCH032,2025-01-01,1,1,
ATT202501003652,STU003652,SCH021,2025-01-01,2,2,
ATT202501003653,STU003653,SCH045,2025-01-01,1,1,
ATT202501003654,STU003654,SCH013,2025-01-01,1,1,
ATT202501003655,STU003655,SCH025,2025-01-01,2,2,
ATT202501003656,STU003656,SCH040,2025-01-01,1,1,
ATT202501003657,STU003657,SCH038,2025-01-01,3,3,
ATT202501003658,STU003658,SCH008,2025-01-01,2,2,
ATT202501003659,STU003659,SCH006,2025-01-01,1,1,
ATT202501003660,STU003660,SCH015,2025-01-01,1,1,
ATT202501003661,STU003661,SCH021,2025-01-01,1,1,
ATT202501003662,STU003662,SCH033,2025-01-01,1,1,
ATT202501003663,STU003663,SCH040,2025-01-01,3,3,
ATT202501003664,STU003664,SCH014,2025-01-01,3,3,
ATT202501003665,STU003665,SCH043,2025-01-01,2,2,
ATT202501003666,STU003666,SCH007,2025-01-01,1,1,
ATT202501003667,STU003667,SCH040,2025-01-01,2,2,
ATT202501003668,STU003668,SCH030,2025-01-01,2,2,
ATT202501003669,STU003669,SCH039,2025-01-01,1,1,
ATT202501003670,STU003670,SCH025,2025-01-01,3,3,
ATT202501003671,STU003671,SCH010,2025-01-01,3,3,
ATT202501003673,STU003673,SCH041,2025-01-01,1,1,
ATT202501003674,STU003674,SCH004,2025-01-01,1,1,
ATT202501003675,STU003675,SCH025,2025-01-01,2,2,
ATT202501003676,STU003676,SCH041,2025-01-01,3,3,
ATT202501003677,STU003677,SCH028,2025-01-01,1,1,
ATT202501003678,STU003678,SCH025,2025-01-01,1,1,
ATT202501003679,STU003679,SCH021,2025-01-01,2,2,
ATT202501003680,STU003680,SCH018,2025-01-01,1,1,
ATT202501003681,STU003681,SCH005,2025-01-01,1,1,
ATT202501003682,STU003682,SCH011,2025-01-01,1,1,
ATT202501003683,STU003683,SCH031,2025-01-01,3,3,
ATT202501003684,STU003684,SCH025,2025-01-01,3,3,
ATT202501003687,STU003687,SCH047,2025-01-01,3,3,
ATT202501003688,STU003688,SCH047,2025-01-01,2,2,
ATT202501003689,STU003689,SCH003,2025-01-01,3,3,
ATT202501003690,STU003690,SCH035,2025-01-01,1,1,
ATT202501003691,STU003691,SCH010,2025-01-01,1,1,
ATT202501003692,STU003692,SCH011,2025-01-01,3,3,
ATT202501003693,STU003693,SCH035,2025-01-01,1,1,
ATT202501003694,STU003694,SCH035,2025-01-01,2,2,
ATT202501003695,STU003695,SCH040,2025-01-01,2,2,
ATT202501003696,STU003696,SCH043,2025-01-01,2,2,
ATT202501003697,STU003697,SCH022,2025-01-01,3,3,
ATT202501003698,STU003698,SCH010,2025-01-01,1,1,
ATT202501003699,STU003699,SCH015,2025-01-01,3,3,
ATT202501003700,STU003700,SCH030,2025-01-01,3,3,
ATT202501003701,STU003701,SCH035,2025-01-01,3,3,
ATT202501003702,STU003702,SCH020,2025-01-01,3,3,
ATT202501003703,STU003703,SCH021,2025-01-01,2,2,
ATT202501003704,STU003704,SCH021,2025-01-01,2,2,
ATT202501003705,STU003705,SCH024,2025-01-01,3,3,
ATT202501003706,STU003706,SCH037,2025-01-01,1,1,
ATT202501003707,STU003707,SCH036,2025-01-01,3,3,
ATT202501003708,STU003708,SCH012,2025-01-01,1,1,
ATT202501003709,STU003709,SCH013,2025-01-01,2,2,
ATT202501003710,STU003710,SCH022,2025-01-01,1,1,
ATT202501003711,STU003711,SCH014,2025-01-01,3,3,
ATT202501003712,STU003712,SCH030,2025-01-01,2,2,
ATT202501003713,STU003713,SCH030,2025-01-01,2,2,
ATT202501003714,STU003714,SCH004,2025-01-01,1,1,
ATT202501003715,STU003715,SCH020,2025-01-01,3,3,
ATT202501003716,STU003716,SCH050,2025-01-01,2,2,
ATT202501003717,STU003717,SCH039,2025-01-01,2,2,
ATT202501003718,STU003718,SCH040,2025-01-01,2,2,
ATT202501003719,STU003719,SCH010,2025-01-01,3,3,
ATT202501003720,STU003720,SCH026,2025-01-01,2,2,
ATT202501003721,STU003721,SCH024,2025-01-01,1,1,
ATT202501003722,STU003722,SCH033,2025-01-01,1,1,
ATT202501003723,STU003723,SCH032,2025-01-01,2,2,
ATT202501003724,STU003724,SCH021,2025-01-01,3,3,
ATT202501003725,STU003725,SCH013,2025-01-01,3,3,
ATT202501003726,STU003726,SCH025,2025-01-01,2,2,
ATT202501003729,STU003729,SCH028,2025-01-01,2,2,
ATT202501003730,STU003730,SCH035,2025-01-01,3,3,
ATT202501003731,STU003731,SCH002,2025-01-01,1,1,
ATT202501003732,STU003732,SCH031,2025-01-01,3,3,
ATT202501003733,STU003733,SCH050,2025-01-01,2,2,
ATT202501003734,STU003734,SCH001,2025-01-01,1,1,
ATT202501003735,STU003735,SCH043,2025-01-01,2,2,
ATT202501003736,STU003736,SCH043,2025-01-01,1,1,
ATT202501003737,STU003737,SCH050,2025-01-01,1,1,
ATT202501003738,STU003738,SCH006,2025-01-01,1,1,
ATT202501003739,STU003739,SCH035,2025-01-01,1,1,
ATT202501003740,STU003740,SCH033,2025-01-01,3,3,
ATT202501003741,STU003741,SCH036,2025-01-01,2,2,
ATT202501003743,STU003743,SCH016,2025-01-01,3,3,
ATT202501003744,STU003744,SCH037,2025-01-01,1,1,
ATT202501003745,STU003745,SCH037,2025-01-01,3,3,
ATT202501003746,STU003746,SCH035,2025-01-01,2,2,
ATT202501003747,STU003747,SCH007,2025-01-01,1,1,
ATT202501003748,STU003748,SCH027,2025-01-01,2,2,
ATT202501003749,STU003749,SCH029,2025-01-01,3,3,
ATT202501003750,STU003750,SCH027,2025-01-01,1,1,
ATT202501003751,STU003751,SCH002,2025-01-01,2,2,
ATT202501003752,STU003752,SCH045,2025-01-01,1,1,
ATT202501003753,STU003753,SCH048,2025-01-01,2,2,
ATT202501003754,STU003754,SCH031,2025-01-01,2,2,
ATT202501003755,STU003755,SCH027,2025-01-01,2,2,
ATT202501003756,STU003756,SCH007,2025-01-01,2,2,
ATT202501003757,STU003757,SCH013,2025-01-01,2,2,
ATT202501003758,STU003758,SCH003,2025-01-01,3,3,
ATT202501003759,STU003759,SCH040,2025-01-01,3,3,
ATT202501003760,STU003760,SCH043,2025-01-01,1,1,
ATT202501003761,STU003761,SCH027,2025-01-01,3,3,
ATT202501003762,STU003762,SCH029,2025-01-01,3,3,
ATT202501003764,STU003764,SCH037,2025-01-01,3,3,
ATT202501003765,STU003765,SCH047,2025-01-01,2,2,
ATT202501003766,STU003766,SCH029,2025-01-01,1,1,
ATT202501003768,STU003768,SCH040,2025-01-01,2,2,
ATT202501003769,STU003769,SCH020,2025-01-01,3,3,
ATT202501003770,STU003770,SCH014,2025-01-01,3,3,
ATT202501003771,STU003771,SCH050,2025-01-01,2,2,
ATT202501003773,STU003773,SCH039,2025-01-01,1,1,
ATT202501003774,STU003774,SCH012,2025-01-01,3,3,
ATT202501003775,STU003775,SCH008,2025-01-01,3,3,
ATT202501003776,STU003776,SCH046,2025-01-01,3,3,
ATT202501003777,STU003777,SCH039,2025-01-01,2,2,
ATT202501003778,STU003778,SCH006,2025-01-01,2,2,
ATT202501003779,STU003779,SCH040,2025-01-01,2,2,
ATT202501003780,STU003780,SCH041,2025-01-01,1,1,
ATT202501003781,STU003781,SCH034,2025-01-01,3,3,
ATT202501003782,STU003782,SCH045,2025-01-01,2,2,
ATT202501003783,STU003783,SCH050,2025-01-01,3,3,
ATT202501003785,STU003785,SCH034,2025-01-01,1,1,
ATT202501003786,STU003786,SCH018,2025-01-01,1,1,
ATT202501003787,STU003787,SCH032,2025-01-01,3,3,
ATT202501003788,STU003788,SCH034,2025-01-01,2,2,
ATT202501003789,STU003789,SCH031,2025-01-01,3,3,
ATT202501003790,STU003790,SCH020,2025-01-01,2,2,
ATT202501003791,STU003791,SCH046,2025-01-01,2,2,
ATT202501003792,STU003792,SCH001,2025-01-01,3,3,
ATT202501003794,STU003794,SCH020,2025-01-01,1,1,
ATT202501003795,STU003795,SCH025,2025-01-01,2,2,
ATT202501003796,STU003796,SCH006,2025-01-01,2,2,
ATT202501003797,STU003797,SCH003,2025-01-01,2,2,
ATT202501003798,STU003798,SCH012,2025-01-01,1,1,
ATT202501003799,STU003799,SCH033,2025-01-01,2,2,
ATT202501003800,STU003800,SCH034,2025-01-01,2,2,
ATT202501003801,STU003801,SCH046,2025-01-01,3,3,
ATT202501003803,STU003803,SCH003,2025-01-01,2,2,
ATT202501003804,STU003804,SCH005,2025-01-01,3,3,
ATT202501003805,STU003805,SCH045,2025-01-01,2,2,
ATT202501003806,STU003806,SCH043,2025-01-01,1,1,
ATT202501003807,STU003807,SCH050,2025-01-01,3,3,
ATT202501003808,STU003808,SCH015,2025-01-01,3,3,
ATT202501003809,STU003809,SCH006,2025-01-01,2,2,
ATT202501003810,STU003810,SCH018,2025-01-01,1,1,
ATT202501003811,STU003811,SCH031,2025-01-01,3,3,
ATT202501003812,STU003812,SCH013,2025-01-01,1,1,
ATT202501003813,STU003813,SCH008,2025-01-01,1,1,
ATT202501003814,STU003814,SCH011,2025-01-01,3,3,
ATT202501003815,STU003815,SCH023,2025-01-01,3,3,
ATT202501003816,STU003816,SCH013,2025-01-01,1,1,
ATT202501003817,STU003817,SCH021,2025-01-01,3,3,
ATT202501003818,STU003818,SCH008,2025-01-01,2,2,
ATT202501003819,STU003819,SCH032,2025-01-01,2,2,
ATT202501003820,STU003820,SCH010,2025-01-01,2,2,
ATT202501003821,STU003821,SCH041,2025-01-01,1,1,
ATT202501003822,STU003822,SCH005,2025-01-01,1,1,
ATT202501003823,STU003823,SCH015,2025-01-01,2,2,
ATT202501003824,STU003824,SCH034,2025-01-01,3,2,Medical
ATT202501003825,STU003825,SCH036,2025-01-01,1,1,
ATT202501003826,STU003826,SCH024,2025-01-01,3,3,
ATT202501003827,STU003827,SCH005,2025-01-01,2,2,
ATT202501003828,STU003828,SCH050,2025-01-01,3,3,
ATT202501003829,STU003829,SCH001,2025-01-01,2,2,
ATT202501003830,STU003830,SCH046,2025-01-01,2,2,
ATT202501003831,STU003831,SCH019,2025-01-01,2,2,
ATT202501003832,STU003832,SCH014,2025-01-01,2,2,
ATT202501003833,STU003833,SCH037,2025-01-01,2,2,
ATT202501003834,STU003834,SCH030,2025-01-01,2,2,
ATT202501003835,STU003835,SCH040,2025-01-01,2,2,
ATT202501003837,STU003837,SCH036,2025-01-01,1,1,
ATT202501003838,STU003838,SCH043,2025-01-01,1,1,
ATT202501003839,STU003839,SCH044,2025-01-01,1,1,
ATT202501003840,STU003840,SCH028,2025-01-01,1,1,
ATT202501003841,STU003841,SCH035,2025-01-01,3,3,
ATT202501003842,STU003842,SCH008,2025-01-01,2,2,
ATT202501003843,STU003843,SCH031,2025-01-01,2,2,
ATT202501003845,STU003845,SCH010,2025-01-01,3,3,
ATT202501003847,STU003847,SCH001,2025-01-01,1,1,
ATT202501003848,STU003848,SCH021,2025-01-01,1,1,
ATT202501003849,STU003849,SCH015,2025-01-01,1,1,
ATT202501003850,STU003850,SCH011,2025-01-01,3,3,
ATT202501003851,STU003851,SCH046,2025-01-01,3,3,
ATT202501003852,STU003852,SCH019,2025-01-01,3,3,
ATT202501003853,STU003853,SCH031,2025-01-01,1,1,
ATT202501003854,STU003854,SCH048,2025-01-01,2,2,
ATT202501003855,STU003855,SCH042,2025-01-01,1,1,
ATT202501003856,STU003856,SCH003,2025-01-01,1,1,
ATT202501003857,STU003857,SCH038,2025-01-01,3,3,
ATT202501003858,STU003858,SCH032,2025-01-01,1,1,
ATT202501003859,STU003859,SCH032,2025-01-01,2,2,
ATT202501003860,STU003860,SCH015,2025-01-01,2,2,
ATT202501003861,STU003861,SCH046,2025-01-01,1,1,
ATT202501003862,STU003862,SCH017,2025-01-01,3,3,
ATT202501003863,STU003863,SCH007,2025-01-01,2,2,
ATT202501003864,STU003864,SCH034,2025-01-01,1,1,
ATT202501003867,STU003867,SCH026,2025-01-01,2,2,
ATT202501003868,STU003868,SCH033,2025-01-01,2,2,
ATT202501003870,STU003870,SCH030,2025-01-01,1,1,
ATT202501003871,STU003871,SCH015,2025-01-01,2,2,
ATT202501003872,STU003872,SCH041,2025-01-01,2,2,
ATT202501003873,STU003873,SCH023,2025-01-01,2,2,
ATT202501003874,STU003874,SCH029,2025-01-01,2,2,
ATT202501003875,STU003875,SCH006,2025-01-01,1,1,
ATT202501003876,STU003876,SCH036,2025-01-01,3,3,
ATT202501003877,STU003877,SCH012,2025-01-01,1,1,
ATT202501003878,STU003878,SCH008,2025-01-01,3,3,
ATT202501003879,STU003879,SCH037,2025-01-01,2,2,
ATT202501003880,STU003880,SCH026,2025-01-01,2,2,
ATT202501003881,STU003881,SCH010,2025-01-01,1,1,
ATT202501003882,STU003882,SCH020,2025-01-01,1,1,
ATT202501003883,STU003883,SCH018,2025-01-01,3,3,
ATT202501003885,STU003885,SCH032,2025-01-01,1,1,
ATT202501003886,STU003886,SCH020,2025-01-01,1,1,
ATT202501003887,STU003887,SCH050,2025-01-01,1,1,
ATT202501003888,STU003888,SCH044,2025-01-01,3,3,
ATT202501003889,STU003889,SCH030,2025-01-01,1,1,
ATT202501003890,STU003890,SCH032,2025-01-01,3,3,
ATT202501003891,STU003891,SCH013,2025-01-01,2,2,
ATT202501003892,STU003892,SCH009,2025-01-01,2,2,
ATT202501003893,STU003893,SCH048,2025-01-01,2,2,
ATT202501003895,STU003895,SCH044,2025-01-01,2,2,
ATT202501003896,STU003896,SCH034,2025-01-01,1,1,
ATT202501003897,STU003897,SCH003,2025-01-01,1,1,
ATT202501003898,STU003898,SCH045,2025-01-01,2,2,
ATT202501003899,STU003899,SCH043,2025-01-01,3,3,
ATT202501003900,STU003900,SCH004,2025-01-01,3,3,
ATT202501003901,STU003901,SCH045,2025-01-01,2,2,
ATT202501003903,STU003903,SCH038,2025-01-01,2,2,
ATT202501003904,STU003904,SCH007,2025-01-01,1,1,
ATT202501003905,STU003905,SCH042,2025-01-01,1,1,
ATT202501003906,STU003906,SCH010,2025-01-01,1,1,
ATT202501003907,STU003907,SCH040,2025-01-01,2,2,
ATT202501003908,STU003908,SCH004,2025-01-01,1,1,
ATT202501003909,STU003909,SCH001,2025-01-01,1,1,
ATT202501003910,STU003910,SCH010,2025-01-01,1,1,
ATT202501003911,STU003911,SCH004,2025-01-01,3,3,
ATT202501003912,STU003912,SCH013,2025-01-01,2,2,
ATT202501003913,STU003913,SCH024,2025-01-01,1,1,
ATT202501003914,STU003914,SCH050,2025-01-01,1,1,
ATT202501003915,STU003915,SCH023,2025-01-01,1,1,
ATT202501003916,STU003916,SCH017,2025-01-01,2,2,
ATT202501003917,STU003917,SCH005,2025-01-01,1,1,
ATT202501003918,STU003918,SCH004,2025-01-01,2,2,
ATT202501003919,STU003919,SCH035,2025-01-01,3,3,
ATT202501003920,STU003920,SCH011,2025-01-01,3,3,
ATT202501003921,STU003921,SCH025,2025-01-01,2,2,
ATT202501003922,STU003922,SCH049,2025-01-01,2,2,
ATT202501003923,STU003923,SCH021,2025-01-01,1,1,
ATT202501003924,STU003924,SCH034,2025-01-01,2,2,
ATT202501003925,STU003925,SCH021,2025-01-01,2,2,
ATT202501003926,STU003926,SCH025,2025-01-01,2,2,
ATT202501003927,STU003927,SCH038,2025-01-01,3,3,
ATT202501003928,STU003928,SCH003,2025-01-01,3,3,
ATT202501003929,STU003929,SCH028,2025-01-01,3,3,
ATT202501003930,STU003930,SCH007,2025-01-01,1,1,
ATT202501003931,STU003931,SCH047,2025-01-01,2,2,
ATT202501003932,STU003932,SCH007,2025-01-01,1,1,
ATT202501003933,STU003933,SCH023,2025-01-01,3,3,
ATT202501003934,STU003934,SCH048,2025-01-01,2,2,
ATT202501003935,STU003935,SCH037,2025-01-01,2,2,
ATT202501003936,STU003936,SCH039,2025-01-01,1,1,
ATT202501003937,STU003937,SCH020,2025-01-01,2,2,
ATT202501003938,STU003938,SCH025,2025-01-01,3,3,
ATT202501003939,STU003939,SCH001,2025-01-01,1,1,
ATT202501003940,STU003940,SCH026,2025-01-01,3,3,
ATT202501003941,STU003941,SCH030,2025-01-01,1,1,
ATT202501003942,STU003942,SCH013,2025-01-01,1,1,
ATT202501003943,STU003943,SCH002,2025-01-01,2,2,
ATT202501003944,STU003944,SCH045,2025-01-01,1,1,
ATT202501003945,STU003945,SCH025,2025-01-01,2,2,
ATT202501003946,STU003946,SCH006,2025-01-01,3,3,
ATT202501003947,STU003947,SCH038,2025-01-01,2,2,
ATT202501003948,STU003948,SCH022,2025-01-01,1,1,
ATT202501003949,STU003949,SCH045,2025-01-01,2,2,
ATT202501003950,STU003950,SCH012,2025-01-01,2,2,
ATT202501003951,STU003951,SCH034,2025-01-01,2,2,
ATT202501003952,STU003952,SCH003,2025-01-01,2,2,
ATT202501003953,STU003953,SCH027,2025-01-01,3,3,
ATT202501003954,STU003954,SCH044,2025-01-01,2,2,
ATT202501003955,STU003955,SCH048,2025-01-01,1,1,
ATT202501003956,STU003956,SCH048,2025-01-01,3,3,
ATT202501003957,STU003957,SCH014,2025-01-01,1,1,
ATT202501003958,STU003958,SCH011,2025-01-01,1,1,
ATT202501003959,STU003959,SCH001,2025-01-01,1,1,
ATT202501003960,STU003960,SCH003,2025-01-01,3,3,
ATT202501003961,STU003961,SCH016,2025-01-01,3,3,
ATT202501003962,STU003962,SCH021,2025-01-01,2,2,
ATT202501003963,STU003963,SCH031,2025-01-01,3,3,
ATT202501003964,STU003964,SCH026,2025-01-01,1,1,
ATT202501003965,STU003965,SCH038,2025-01-01,2,2,
ATT202501003966,STU003966,SCH011,2025-01-01,2,2,
ATT202501003967,STU003967,SCH044,2025-01-01,3,3,
ATT202501003968,STU003968,SCH041,2025-01-01,3,3,
ATT202501003969,STU003969,SCH047,2025-01-01,3,3,
ATT202501003970,STU003970,SCH036,2025-01-01,2,2,
ATT202501003971,STU003971,SCH047,2025-01-01,2,2,
ATT202501003972,STU003972,SCH003,2025-01-01,1,1,
ATT202501003973,STU003973,SCH001,2025-01-01,3,3,
ATT202501003974,STU003974,SCH004,2025-01-01,3,3,
ATT202501003975,STU003975,SCH043,2025-01-01,2,2,
ATT202501003976,STU003976,SCH022,2025-01-01,2,2,
ATT202501003977,STU003977,SCH035,2025-01-01,3,3,
ATT202501003978,STU003978,SCH048,2025-01-01,2,2,
ATT202501003979,STU003979,SCH008,2025-01-01,1,1,
ATT202501003980,STU003980,SCH002,2025-01-01,3,3,
ATT202501003981,STU003981,SCH024,2025-01-01,1,1,
ATT202501003982,STU003982,SCH040,2025-01-01,2,2,
ATT202501003983,STU003983,SCH007,2025-01-01,2,2,
ATT202501003984,STU003984,SCH029,2025-01-01,1,1,
ATT202501003985,STU003985,SCH034,2025-01-01,2,2,
ATT202501003987,STU003987,SCH022,2025-01-01,1,1,
ATT202501003988,STU003988,SCH012,2025-01-01,1,1,
ATT202501003989,STU003989,SCH020,2025-01-01,1,1,
ATT202501003990,STU003990,SCH031,2025-01-01,1,1,
ATT202501003991,STU003991,SCH001,2025-01-01,2,2,
ATT202501003992,STU003992,SCH031,2025-01-01,1,1,
ATT202501003993,STU003993,SCH011,2025-01-01,2,2,
ATT202501003994,STU003994,SCH032,2025-01-01,2,2,
ATT202501003995,STU003995,SCH025,2025-01-01,2,2,
ATT202501003996,STU003996,SCH042,2025-01-01,2,1,Family
ATT202501003997,STU003997,SCH031,2025-01-01,2,2,
ATT202501003998,STU003998,SCH031,2025-01-01,3,3,
ATT202501003999,STU003999,SCH048,2025-01-01,1,1,
ATT202501004000,STU004000,SCH001,2025-01-01,2,2,
ATT202501004001,STU004001,SCH043,2025-01-01,1,1,
ATT202501004004,STU004004,SCH002,2025-01-01,3,2,Illness
ATT202501004005,STU004005,SCH042,2025-01-01,2,2,
ATT202501004006,STU004006,SCH022,2025-01-01,2,2,
ATT202501004007,STU004007,SCH021,2025-01-01,3,3,
ATT202501004008,STU004008,SCH050,2025-01-01,2,2,
ATT202501004009,STU004009,SCH049,2025-01-01,2,2,
ATT202501004010,STU004010,SCH049,2025-01-01,1,1,
ATT202501004012,STU004012,SCH046,2025-01-01,3,3,
ATT202501004013,STU004013,SCH042,2025-01-01,2,2,
ATT202501004014,STU004014,SCH024,2025-01-01,1,1,
ATT202501004015,STU004015,SCH037,2025-01-01,1,1,
ATT202501004016,STU004016,SCH012,2025-01-01,1,1,
ATT202501004017,STU004017,SCH033,2025-01-01,2,2,
ATT202501004018,STU004018,SCH003,2025-01-01,3,3,
ATT202501004019,STU004019,SCH025,2025-01-01,2,2,
ATT202501004020,STU004020,SCH012,2025-01-01,3,3,
ATT202501004021,STU004021,SCH007,2025-01-01,3,3,
ATT202501004022,STU004022,SCH030,2025-01-01,3,3,
ATT202501004023,STU004023,SCH026,2025-01-01,2,2,
ATT202501004024,STU004024,SCH017,2025-01-01,2,2,
ATT202501004025,STU004025,SCH024,2025-01-01,2,2,
ATT202501004026,STU004026,SCH010,2025-01-01,1,1,
ATT202501004027,STU004027,SCH031,2025-01-01,2,2,
ATT202501004028,STU004028,SCH001,2025-01-01,3,2,Unauthorised
ATT202501004029,STU004029,SCH021,2025-01-01,2,2,
ATT202501004030,STU004030,SCH023,2025-01-01,1,1,
ATT202501004031,STU004031,SCH007,2025-01-01,2,2,
ATT202501004032,STU004032,SCH041,2025-01-01,3,3,
ATT202501004033,STU004033,SCH014,2025-01-01,2,2,
ATT202501004034,STU004034,SCH012,2025-01-01,2,2,
ATT202501004035,STU004035,SCH042,2025-01-01,1,1,
ATT202501004036,STU004036,SCH016,2025-01-01,3,3,
ATT202501004037,STU004037,SCH043,2025-01-01,2,2,
ATT202501004038,STU004038,SCH033,2025-01-01,3,3,
ATT202501004039,STU004039,SCH033,2025-01-01,1,1,
ATT202501004040,STU004040,SCH017,2025-01-01,2,2,
ATT202501004041,STU004041,SCH009,2025-01-01,3,3,
ATT202501004042,STU004042,SCH025,2025-01-01,1,1,
ATT202501004043,STU004043,SCH034,2025-01-01,2,2,
ATT202501004044,STU004044,SCH039,2025-01-01,2,2,
ATT202501004045,STU004045,SCH015,2025-01-01,2,2,
ATT202501004046,STU004046,SCH045,2025-01-01,1,1,
ATT202501004047,STU004047,SCH043,2025-01-01,3,3,
ATT202501004048,STU004048,SCH019,2025-01-01,2,2,
ATT202501004049,STU004049,SCH010,2025-01-01,1,1,
ATT202501004050,STU004050,SCH029,2025-01-01,3,2,Unauthorised
ATT202501004051,STU004051,SCH006,2025-01-01,1,1,
ATT202501004052,STU004052,SCH005,2025-01-01,2,2,
ATT202501004053,STU004053,SCH027,2025-01-01,2,2,
ATT202501004054,STU004054,SCH016,2025-01-01,2,2,
ATT202501004056,STU004056,SCH043,2025-01-01,2,2,
ATT202501004058,STU004058,SCH029,2025-01-01,3,3,
ATT202501004059,STU004059,SCH005,2025-01-01,2,2,
ATT202501004060,STU004060,SCH001,2025-01-01,2,2,
ATT202501004061,STU004061,SCH050,2025-01-01,3,3,
ATT202501004062,STU004062,SCH018,2025-01-01,3,3,
ATT202501004063,STU004063,SCH006,2025-01-01,1,1,
ATT202501004064,STU004064,SCH041,2025-01-01,2,2,
ATT202501004065,STU004065,SCH022,2025-01-01,3,3,
ATT202501004066,STU004066,SCH010,2025-01-01,3,3,
ATT202501004067,STU004067,SCH047,2025-01-01,1,1,
ATT202501004068,STU004068,SCH023,2025-01-01,2,2,
ATT202501004069,STU004069,SCH010,2025-01-01,2,2,
ATT202501004070,STU004070,SCH045,2025-01-01,2,2,
ATT202501004071,STU004071,SCH046,2025-01-01,1,1,
ATT202501004072,STU004072,SCH001,2025-01-01,3,3,
ATT202501004073,STU004073,SCH032,2025-01-01,3,3,
ATT202501004074,STU004074,SCH027,2025-01-01,1,1,
ATT202501004075,STU004075,SCH037,2025-01-01,3,3,
ATT202501004077,STU004077,SCH007,2025-01-01,1,1,
ATT202501004078,STU004078,SCH048,2025-01-01,2,2,
ATT202501004080,STU004080,SCH022,2025-01-01,1,1,
ATT202501004081,STU004081,SCH016,2025-01-01,3,3,
ATT202501004082,STU004082,SCH027,2025-01-01,2,2,
ATT202501004083,STU004083,SCH020,2025-01-01,2,2,
ATT202501004084,STU004084,SCH044,2025-01-01,1,1,
ATT202501004085,STU004085,SCH035,2025-01-01,1,1,
ATT202501004086,STU004086,SCH031,2025-01-01,3,3,
ATT202501004088,STU004088,SCH048,2025-01-01,3,3,
ATT202501004089,STU004089,SCH048,2025-01-01,3,3,
ATT202501004090,STU004090,SCH015,2025-01-01,1,1,
ATT202501004092,STU004092,SCH017,2025-01-01,3,3,
ATT202501004093,STU004093,SCH035,2025-01-01,3,3,
ATT202501004094,STU004094,SCH049,2025-01-01,3,3,
ATT202501004095,STU004095,SCH047,2025-01-01,3,3,
ATT202501004096,STU004096,SCH009,2025-01-01,2,2,
ATT202501004097,STU004097,SCH032,2025-01-01,1,1,
ATT202501004098,STU004098,SCH046,2025-01-01,3,3,
ATT202501004099,STU004099,SCH022,2025-01-01,2,2,
ATT202501004100,STU004100,SCH035,2025-01-01,1,1,
ATT202501004101,STU004101,SCH037,2025-01-01,1,1,
ATT202501004102,STU004102,SCH050,2025-01-01,3,3,
ATT202501004103,STU004103,SCH038,2025-01-01,1,1,
ATT202501004104,STU004104,SCH010,2025-01-01,1,1,
ATT202501004105,STU004105,SCH023,2025-01-01,1,1,
ATT202501004106,STU004106,SCH022,2025-01-01,1,1,
ATT202501004108,STU004108,SCH003,2025-01-01,2,2,
ATT202501004109,STU004109,SCH044,2025-01-01,1,1,
ATT202501004110,STU004110,SCH020,2025-01-01,1,1,
ATT202501004111,STU004111,SCH033,2025-01-01,1,1,
ATT202501004112,STU004112,SCH005,2025-01-01,3,3,
ATT202501004113,STU004113,SCH006,2025-01-01,2,2,
ATT202501004114,STU004114,SCH048,2025-01-01,2,2,
ATT202501004115,STU004115,SCH044,2025-01-01,1,1,
ATT202501004116,STU004116,SCH048,2025-01-01,3,3,
ATT202501004117,STU004117,SCH013,2025-01-01,1,1,
ATT202501004118,STU004118,SCH042,2025-01-01,3,3,
ATT202501004119,STU004119,SCH030,2025-01-01,2,2,
ATT202501004120,STU004120,SCH041,2025-01-01,3,3,
ATT202501004121,STU004121,SCH046,2025-01-01,1,1,
ATT202501004122,STU004122,SCH018,2025-01-01,1,1,
ATT202501004123,STU004123,SCH030,2025-01-01,1,1,
ATT202501004124,STU004124,SCH034,2025-01-01,2,2,
ATT202501004126,STU004126,SCH005,2025-01-01,2,2,
ATT202501004127,STU004127,SCH015,2025-01-01,1,1,
ATT202501004128,STU004128,SCH008,2025-01-01,1,1,
ATT202501004129,STU004129,SCH017,2025-01-01,3,3,
ATT202501004130,STU004130,SCH025,2025-01-01,3,3,
ATT202501004131,STU004131,SCH008,2025-01-01,2,2,
ATT202501004133,STU004133,SCH023,2025-01-01,2,2,
ATT202501004134,STU004134,SCH044,2025-01-01,2,2,
ATT202501004135,STU004135,SCH027,2025-01-01,2,2,
ATT202501004136,STU004136,SCH046,2025-01-01,1,1,
ATT202501004137,STU004137,SCH022,2025-01-01,3,2,Other
ATT202501004138,STU004138,SCH002,2025-01-01,3,2,Medical
ATT202501004139,STU004139,SCH028,2025-01-01,1,1,
ATT202501004140,STU004140,SCH007,2025-01-01,1,1,
ATT202501004141,STU004141,SCH042,2025-01-01,2,2,
ATT202501004142,STU004142,SCH047,2025-01-01,1,1,
ATT202501004143,STU004143,SCH048,2025-01-01,3,3,
ATT202501004144,STU004144,SCH017,2025-01-01,2,2,
ATT202501004145,STU004145,SCH029,2025-01-01,1,1,
ATT202501004149,STU004149,SCH020,2025-01-01,2,2,
ATT202501004150,STU004150,SCH012,2025-01-01,3,3,
ATT202501004151,STU004151,SCH030,2025-01-01,2,2,
ATT202501004152,STU004152,SCH039,2025-01-01,3,3,
ATT202501004153,STU004153,SCH036,2025-01-01,2,2,
ATT202501004156,STU004156,SCH007,2025-01-01,1,1,
ATT202501004157,STU004157,SCH012,2025-01-01,3,3,
ATT202501004158,STU004158,SCH041,2025-01-01,2,2,
ATT202501004160,STU004160,SCH032,2025-01-01,3,3,
ATT202501004161,STU004161,SCH042,2025-01-01,3,3,
ATT202501004162,STU004162,SCH003,2025-01-01,1,1,
ATT202501004163,STU004163,SCH012,2025-01-01,2,2,
ATT202501004164,STU004164,SCH029,2025-01-01,1,1,
ATT202501004165,STU004165,SCH014,2025-01-01,3,3,
ATT202501004166,STU004166,SCH029,2025-01-01,3,3,
ATT202501004167,STU004167,SCH050,2025-01-01,1,1,
ATT202501004168,STU004168,SCH046,2025-01-01,3,3,
ATT202501004169,STU004169,SCH038,2025-01-01,2,2,
ATT202501004170,STU004170,SCH010,2025-01-01,3,3,
ATT202501004171,STU004171,SCH046,2025-01-01,1,1,
ATT202501004172,STU004172,SCH018,2025-01-01,1,1,
ATT202501004174,STU004174,SCH034,2025-01-01,3,2,Unauthorised
ATT202501004175,STU004175,SCH035,2025-01-01,2,2,
ATT202501004176,STU004176,SCH009,2025-01-01,3,3,
ATT202501004177,STU004177,SCH017,2025-01-01,2,2,
ATT202501004178,STU004178,SCH049,2025-01-01,1,1,
ATT202501004180,STU004180,SCH008,2025-01-01,1,1,
ATT202501004181,STU004181,SCH048,2025-01-01,2,2,
ATT202501004182,STU004182,SCH008,2025-01-01,2,2,
ATT202501004183,STU004183,SCH014,2025-01-01,3,3,
ATT202501004185,STU004185,SCH045,2025-01-01,1,1,
ATT202501004186,STU004186,SCH030,2025-01-01,2,2,
ATT202501004187,STU004187,SCH004,2025-01-01,1,1,
ATT202501004188,STU004188,SCH041,2025-01-01,3,3,
ATT202501004189,STU004189,SCH018,2025-01-01,3,3,
ATT202501004190,STU004190,SCH035,2025-01-01,1,1,
ATT202501004191,STU004191,SCH041,2025-01-01,2,2,
ATT202501004192,STU004192,SCH049,2025-01-01,3,2,Family
ATT202501004193,STU004193,SCH015,2025-01-01,1,1,
ATT202501004195,STU004195,SCH032,2025-01-01,2,2,
ATT202501004196,STU004196,SCH012,2025-01-01,1,1,
ATT202501004197,STU004197,SCH045,2025-01-01,3,3,
ATT202501004198,STU004198,SCH023,2025-01-01,2,2,
ATT202501004199,STU004199,SCH050,2025-01-01,2,2,
ATT202501004200,STU004200,SCH040,2025-01-01,2,2,
ATT202501004201,STU004201,SCH012,2025-01-01,1,1,
ATT202501004202,STU004202,SCH008,2025-01-01,3,3,
ATT202501004203,STU004203,SCH045,2025-01-01,2,2,
ATT202501004204,STU004204,SCH017,2025-01-01,2,2,
ATT202501004206,STU004206,SCH001,2025-01-01,1,1,
ATT202501004207,STU004207,SCH015,2025-01-01,3,3,
ATT202501004208,STU004208,SCH006,2025-01-01,2,2,
ATT202501004209,STU004209,SCH049,2025-01-01,1,1,
ATT202501004210,STU004210,SCH043,2025-01-01,3,3,
ATT202501004211,STU004211,SCH046,2025-01-01,2,2,
ATT202501004212,STU004212,SCH035,2025-01-01,3,3,
ATT202501004213,STU004213,SCH025,2025-01-01,2,2,
ATT202501004214,STU004214,SCH048,2025-01-01,3,3,
ATT202501004215,STU004215,SCH038,2025-01-01,2,2,
ATT202501004216,STU004216,SCH028,2025-01-01,1,1,
ATT202501004217,STU004217,SCH043,2025-01-01,2,2,
ATT202501004218,STU004218,SCH010,2025-01-01,3,3,
ATT202501004219,STU004219,SCH031,2025-01-01,1,1,
ATT202501004221,STU004221,SCH019,2025-01-01,1,1,
ATT202501004222,STU004222,SCH043,2025-01-01,2,2,
ATT202501004223,STU004223,SCH031,2025-01-01,3,3,
ATT202501004224,STU004224,SCH025,2025-01-01,1,1,
ATT202501004225,STU004225,SCH039,2025-01-01,1,1,
ATT202501004226,STU004226,SCH032,2025-01-01,3,3,
ATT202501004227,STU004227,SCH021,2025-01-01,3,3,
ATT202501004228,STU004228,SCH049,2025-01-01,3,2,Medical
ATT202501004229,STU004229,SCH022,2025-01-01,1,1,
ATT202501004230,STU004230,SCH030,2025-01-01,2,2,
ATT202501004231,STU004231,SCH005,2025-01-01,1,1,
ATT202501004232,STU004232,SCH002,2025-01-01,1,1,
ATT202501004233,STU004233,SCH035,2025-01-01,1,1,
ATT202501004234,STU004234,SCH027,2025-01-01,2,2,
ATT202501004235,STU004235,SCH009,2025-01-01,2,2,
ATT202501004236,STU004236,SCH043,2025-01-01,1,1,
ATT202501004237,STU004237,SCH007,2025-01-01,2,2,
ATT202501004238,STU004238,SCH048,2025-01-01,2,2,
ATT202501004239,STU004239,SCH050,2025-01-01,3,3,
ATT202501004240,STU004240,SCH005,2025-01-01,1,1,
ATT202501004241,STU004241,SCH031,2025-01-01,2,2,
ATT202501004242,STU004242,SCH037,2025-01-01,2,2,
ATT202501004243,STU004243,SCH001,2025-01-01,3,2,Medical
ATT202501004244,STU004244,SCH013,2025-01-01,2,2,
ATT202501004245,STU004245,SCH023,2025-01-01,3,2,Medical
ATT202501004246,STU004246,SCH030,2025-01-01,1,1,
ATT202501004247,STU004247,SCH045,2025-01-01,1,1,
ATT202501004248,STU004248,SCH020,2025-01-01,1,1,
ATT202501004249,STU004249,SCH039,2025-01-01,1,1,
ATT202501004250,STU004250,SCH001,2025-01-01,3,2,Illness
ATT202501004251,STU004251,SCH003,2025-01-01,3,3,
ATT202501004252,STU004252,SCH015,2025-01-01,1,1,
ATT202501004253,STU004253,SCH025,2025-01-01,3,3,
ATT202501004254,STU004254,SCH042,2025-01-01,1,1,
ATT202501004255,STU004255,SCH046,2025-01-01,1,1,
ATT202501004256,STU004256,SCH026,2025-01-01,3,3,
ATT202501004257,STU004257,SCH025,2025-01-01,1,1,
ATT202501004258,STU004258,SCH009,2025-01-01,2,2,
ATT202501004259,STU004259,SCH020,2025-01-01,1,1,
ATT202501004260,STU004260,SCH045,2025-01-01,3,3,
ATT202501004261,STU004261,SCH046,2025-01-01,3,3,
ATT202501004262,STU004262,SCH041,2025-01-01,2,2,
ATT202501004263,STU004263,SCH029,2025-01-01,2,2,
ATT202501004264,STU004264,SCH038,2025-01-01,1,1,
ATT202501004265,STU004265,SCH010,2025-01-01,3,3,
ATT202501004266,STU004266,SCH014,2025-01-01,3,3,
ATT202501004267,STU004267,SCH028,2025-01-01,1,1,
ATT202501004270,STU004270,SCH007,2025-01-01,3,3,
ATT202501004271,STU004271,SCH040,2025-01-01,2,2,
ATT202501004272,STU004272,SCH033,2025-01-01,1,1,
ATT202501004273,STU004273,SCH031,2025-01-01,3,3,
ATT202501004274,STU004274,SCH007,2025-01-01,1,1,
ATT202501004275,STU004275,SCH045,2025-01-01,1,1,
ATT202501004276,STU004276,SCH004,2025-01-01,2,2,
ATT202501004278,STU004278,SCH012,2025-01-01,3,3,
ATT202501004279,STU004279,SCH013,2025-01-01,1,1,
ATT202501004280,STU004280,SCH016,2025-01-01,1,1,
ATT202501004281,STU004281,SCH031,2025-01-01,2,2,
ATT202501004283,STU004283,SCH049,2025-01-01,3,3,
ATT202501004284,STU004284,SCH042,2025-01-01,3,3,
ATT202501004285,STU004285,SCH046,2025-01-01,3,3,
ATT202501004286,STU004286,SCH041,2025-01-01,3,3,
ATT202501004287,STU004287,SCH004,2025-01-01,3,3,
ATT202501004288,STU004288,SCH021,2025-01-01,3,3,
ATT202501004289,STU004289,SCH034,2025-01-01,2,2,
ATT202501004290,STU004290,SCH002,2025-01-01,3,3,
ATT202501004291,STU004291,SCH004,2025-01-01,2,2,
ATT202501004292,STU004292,SCH018,2025-01-01,1,1,
ATT202501004293,STU004293,SCH019,2025-01-01,3,3,
ATT202501004294,STU004294,SCH027,2025-01-01,2,2,
ATT202501004295,STU004295,SCH032,2025-01-01,3,3,
ATT202501004296,STU004296,SCH022,2025-01-01,2,2,
ATT202501004297,STU004297,SCH043,2025-01-01,1,1,
ATT202501004298,STU004298,SCH004,2025-01-01,3,3,
ATT202501004299,STU004299,SCH022,2025-01-01,3,3,
ATT202501004300,STU004300,SCH007,2025-01-01,2,2,
ATT202501004301,STU004301,SCH036,2025-01-01,2,2,
ATT202501004302,STU004302,SCH011,2025-01-01,1,1,
ATT202501004303,STU004303,SCH039,2025-01-01,1,1,
ATT202501004304,STU004304,SCH011,2025-01-01,1,1,
ATT202501004305,STU004305,SCH007,2025-01-01,1,1,
ATT202501004306,STU004306,SCH042,2025-01-01,2,2,
ATT202501004307,STU004307,SCH030,2025-01-01,3,3,
ATT202501004308,STU004308,SCH008,2025-01-01,2,2,
ATT202501004311,STU004311,SCH009,2025-01-01,2,2,
ATT202501004312,STU004312,SCH017,2025-01-01,1,1,
ATT202501004313,STU004313,SCH031,2025-01-01,3,2,Illness
ATT202501004314,STU004314,SCH048,2025-01-01,3,3,
ATT202501004315,STU004315,SCH020,2025-01-01,3,3,
ATT202501004316,STU004316,SCH024,2025-01-01,3,2,Medical
ATT202501004317,STU004317,SCH044,2025-01-01,3,3,
ATT202501004318,STU004318,SCH044,2025-01-01,3,3,
ATT202501004319,STU004319,SCH043,2025-01-01,2,2,
ATT202501004320,STU004320,SCH008,2025-01-01,1,1,
ATT202501004321,STU004321,SCH041,2025-01-01,3,3,
ATT202501004324,STU004324,SCH020,2025-01-01,3,3,
ATT202501004325,STU004325,SCH027,2025-01-01,3,3,
ATT202501004326,STU004326,SCH007,2025-01-01,3,3,
ATT202501004327,STU004327,SCH035,2025-01-01,3,3,
ATT202501004328,STU004328,SCH032,2025-01-01,1,1,
ATT202501004330,STU004330,SCH025,2025-01-01,3,3,
ATT202501004331,STU004331,SCH007,2025-01-01,2,2,
ATT202501004332,STU004332,SCH019,2025-01-01,3,3,
ATT202501004333,STU004333,SCH030,2025-01-01,2,2,
ATT202501004334,STU004334,SCH030,2025-01-01,2,2,
ATT202501004335,STU004335,SCH006,2025-01-01,3,3,
ATT202501004337,STU004337,SCH020,2025-01-01,2,2,
ATT202501004338,STU004338,SCH005,2025-01-01,1,1,
ATT202501004339,STU004339,SCH028,2025-01-01,3,3,
ATT202501004340,STU004340,SCH005,2025-01-01,1,1,
ATT202501004341,STU004341,SCH003,2025-01-01,2,2,
ATT202501004342,STU004342,SCH020,2025-01-01,2,2,
ATT202501004343,STU004343,SCH030,2025-01-01,3,3,
ATT202501004344,STU004344,SCH008,2025-01-01,3,3,
ATT202501004345,STU004345,SCH039,2025-01-01,2,2,
ATT202501004346,STU004346,SCH040,2025-01-01,1,1,
ATT202501004347,STU004347,SCH038,2025-01-01,1,1,
ATT202501004348,STU004348,SCH042,2025-01-01,3,3,
ATT202501004349,STU004349,SCH002,2025-01-01,1,1,
ATT202501004351,STU004351,SCH014,2025-01-01,3,3,
ATT202501004352,STU004352,SCH022,2025-01-01,2,2,
ATT202501004353,STU004353,SCH047,2025-01-01,3,3,
ATT202501004354,STU004354,SCH048,2025-01-01,1,1,
ATT202501004355,STU004355,SCH038,2025-01-01,1,1,
ATT202501004356,STU004356,SCH026,2025-01-01,1,1,
ATT202501004357,STU004357,SCH039,2025-01-01,1,1,
ATT202501004360,STU004360,SCH029,2025-01-01,1,1,
ATT202501004361,STU004361,SCH004,2025-01-01,1,1,
ATT202501004362,STU004362,SCH010,2025-01-01,1,1,
ATT202501004363,STU004363,SCH021,2025-01-01,1,1,
ATT202501004364,STU004364,SCH024,2025-01-01,2,2,
ATT202501004366,STU004366,SCH008,2025-01-01,3,3,
ATT202501004367,STU004367,SCH037,2025-01-01,2,2,
ATT202501004368,STU004368,SCH045,2025-01-01,2,2,
ATT202501004369,STU004369,SCH009,2025-01-01,3,3,
ATT202501004370,STU004370,SCH034,2025-01-01,1,1,
ATT202501004371,STU004371,SCH042,2025-01-01,1,1,
ATT202501004372,STU004372,SCH003,2025-01-01,3,3,
ATT202501004373,STU004373,SCH043,2025-01-01,3,3,
ATT202501004374,STU004374,SCH005,2025-01-01,3,3,
ATT202501004375,STU004375,SCH045,2025-01-01,3,3,
ATT202501004377,STU004377,SCH015,2025-01-01,1,1,
ATT202501004378,STU004378,SCH012,2025-01-01,2,2,
ATT202501004379,STU004379,SCH009,2025-01-01,3,3,
ATT202501004381,STU004381,SCH012,2025-01-01,2,2,
ATT202501004382,STU004382,SCH039,2025-01-01,1,1,
ATT202501004383,STU004383,SCH049,2025-01-01,2,2,
ATT202501004384,STU004384,SCH014,2025-01-01,2,2,
ATT202501004386,STU004386,SCH031,2025-01-01,2,2,
ATT202501004387,STU004387,SCH033,2025-01-01,1,1,
ATT202501004389,STU004389,SCH029,2025-01-01,1,1,
ATT202501004390,STU004390,SCH007,2025-01-01,2,2,
ATT202501004392,STU004392,SCH027,2025-01-01,2,2,
ATT202501004393,STU004393,SCH032,2025-01-01,3,3,
ATT202501004394,STU004394,SCH010,2025-01-01,2,2,
ATT202501004395,STU004395,SCH004,2025-01-01,1,1,
ATT202501004396,STU004396,SCH031,2025-01-01,3,3,
ATT202501004397,STU004397,SCH018,2025-01-01,2,2,
ATT202501004398,STU004398,SCH024,2025-01-01,3,2,Family
ATT202501004399,STU004399,SCH014,2025-01-01,1,1,
ATT202501004400,STU004400,SCH014,2025-01-01,2,2,
ATT202501004401,STU004401,SCH034,2025-01-01,3,3,
ATT202501004402,STU004402,SCH022,2025-01-01,3,2,Unauthorised
ATT202501004405,STU004405,SCH027,2025-01-01,2,2,
ATT202501004406,STU004406,SCH014,2025-01-01,1,1,
ATT202501004407,STU004407,SCH048,2025-01-01,1,1,
ATT202501004408,STU004408,SCH043,2025-01-01,2,2,
ATT202501004409,STU004409,SCH042,2025-01-01,2,2,
ATT202501004410,STU004410,SCH012,2025-01-01,1,1,
ATT202501004411,STU004411,SCH004,2025-01-01,2,2,
ATT202501004412,STU004412,SCH001,2025-01-01,1,1,
ATT202501004413,STU004413,SCH022,2025-01-01,2,2,
ATT202501004414,STU004414,SCH016,2025-01-01,3,3,
ATT202501004415,STU004415,SCH037,2025-01-01,3,3,
ATT202501004416,STU004416,SCH033,2025-01-01,3,3,
ATT202501004417,STU004417,SCH022,2025-01-01,3,3,
ATT202501004418,STU004418,SCH008,2025-01-01,3,3,
ATT202501004419,STU004419,SCH030,2025-01-01,3,3,
ATT202501004420,STU004420,SCH011,2025-01-01,2,2,
ATT202501004421,STU004421,SCH009,2025-01-01,3,3,
ATT202501004422,STU004422,SCH007,2025-01-01,3,3,
ATT202501004423,STU004423,SCH043,2025-01-01,3,3,
ATT202501004424,STU004424,SCH023,2025-01-01,3,3,
ATT202501004425,STU004425,SCH011,2025-01-01,1,1,
ATT202501004427,STU004427,SCH046,2025-01-01,1,1,
ATT202501004428,STU004428,SCH017,2025-01-01,2,2,
ATT202501004429,STU004429,SCH050,2025-01-01,1,1,
ATT202501004430,STU004430,SCH047,2025-01-01,3,3,
ATT202501004431,STU004431,SCH010,2025-01-01,3,3,
ATT202501004432,STU004432,SCH036,2025-01-01,2,2,
ATT202501004433,STU004433,SCH026,2025-01-01,3,3,
ATT202501004434,STU004434,SCH030,2025-01-01,3,3,
ATT202501004435,STU004435,SCH031,2025-01-01,2,2,
ATT202501004436,STU004436,SCH026,2025-01-01,3,3,
ATT202501004437,STU004437,SCH021,2025-01-01,3,3,
ATT202501004438,STU004438,SCH008,2025-01-01,2,2,
ATT202501004439,STU004439,SCH032,2025-01-01,1,1,
ATT202501004440,STU004440,SCH026,2025-01-01,2,2,
ATT202501004441,STU004441,SCH045,2025-01-01,1,1,
ATT202501004442,STU004442,SCH049,2025-01-01,1,1,
ATT202501004443,STU004443,SCH007,2025-01-01,3,3,
ATT202501004444,STU004444,SCH025,2025-01-01,1,1,
ATT202501004445,STU004445,SCH049,2025-01-01,3,2,Family
ATT202501004446,STU004446,SCH008,2025-01-01,2,2,
ATT202501004447,STU004447,SCH012,2025-01-01,1,1,
ATT202501004448,STU004448,SCH026,2025-01-01,3,3,
ATT202501004449,STU004449,SCH045,2025-01-01,2,2,
ATT202501004450,STU004450,SCH004,2025-01-01,2,2,
ATT202501004451,STU004451,SCH025,2025-01-01,1,1,
ATT202501004452,STU004452,SCH048,2025-01-01,3,3,
ATT202501004453,STU004453,SCH001,2025-01-01,1,1,
ATT202501004454,STU004454,SCH007,2025-01-01,2,2,
ATT202501004455,STU004455,SCH032,2025-01-01,3,3,
ATT202501004456,STU004456,SCH043,2025-01-01,2,2,
ATT202501004457,STU004457,SCH011,2025-01-01,1,1,
ATT202501004458,STU004458,SCH027,2025-01-01,2,2,
ATT202501004459,STU004459,SCH015,2025-01-01,3,3,
ATT202501004460,STU004460,SCH005,2025-01-01,1,1,
ATT202501004461,STU004461,SCH012,2025-01-01,1,1,
ATT202501004462,STU004462,SCH005,2025-01-01,1,1,
ATT202501004463,STU004463,SCH044,2025-01-01,2,2,
ATT202501004464,STU004464,SCH039,2025-01-01,2,2,
ATT202501004465,STU004465,SCH004,2025-01-01,3,3,
ATT202501004466,STU004466,SCH013,2025-01-01,3,3,
ATT202501004467,STU004467,SCH046,2025-01-01,2,2,
ATT202501004468,STU004468,SCH005,2025-01-01,2,2,
ATT202501004469,STU004469,SCH021,2025-01-01,3,3,
ATT202501004471,STU004471,SCH024,2025-01-01,2,2,
ATT202501004472,STU004472,SCH011,2025-01-01,1,1,
ATT202501004473,STU004473,SCH039,2025-01-01,1,1,
ATT202501004474,STU004474,SCH027,2025-01-01,3,3,
ATT202501004475,STU004475,SCH004,2025-01-01,1,1,
ATT202501004476,STU004476,SCH025,2025-01-01,1,1,
ATT202501004477,STU004477,SCH023,2025-01-01,2,2,
ATT202501004478,STU004478,SCH003,2025-01-01,3,3,
ATT202501004479,STU004479,SCH033,2025-01-01,2,2,
ATT202501004481,STU004481,SCH046,2025-01-01,1,1,
ATT202501004482,STU004482,SCH014,2025-01-01,1,1,
ATT202501004483,STU004483,SCH035,2025-01-01,3,3,
ATT202501004484,STU004484,SCH009,2025-01-01,3,3,
ATT202501004485,STU004485,SCH031,2025-01-01,2,2,
ATT202501004486,STU004486,SCH005,2025-01-01,2,2,
ATT202501004487,STU004487,SCH042,2025-01-01,2,2,
ATT202501004488,STU004488,SCH025,2025-01-01,2,2,
ATT202501004489,STU004489,SCH017,2025-01-01,3,3,
ATT202501004490,STU004490,SCH030,2025-01-01,1,1,
ATT202501004491,STU004491,SCH024,2025-01-01,1,1,
ATT202501004492,STU004492,SCH003,2025-01-01,1,1,
ATT202501004493,STU004493,SCH013,2025-01-01,3,3,
ATT202501004494,STU004494,SCH035,2025-01-01,3,3,
ATT202501004495,STU004495,SCH003,2025-01-01,1,1,
ATT202501004497,STU004497,SCH015,2025-01-01,3,3,
ATT202501004498,STU004498,SCH028,2025-01-01,2,2,
ATT202501004499,STU004499,SCH032,2025-01-01,3,3,
ATT202501004500,STU004500,SCH049,2025-01-01,3,3,
ATT202501004501,STU004501,SCH039,2025-01-01,3,3,
ATT202501004502,STU004502,SCH046,2025-01-01,2,2,
ATT202501004503,STU004503,SCH042,2025-01-01,2,2,
ATT202501004504,STU004504,SCH045,2025-01-01,2,2,
ATT202501004506,STU004506,SCH010,2025-01-01,3,3,
ATT202501004507,STU004507,SCH027,2025-01-01,2,2,
ATT202501004508,STU004508,SCH029,2025-01-01,3,3,
ATT202501004509,STU004509,SCH029,2025-01-01,2,2,
ATT202501004510,STU004510,SCH016,2025-01-01,2,2,
ATT202501004511,STU004511,SCH042,2025-01-01,3,3,
ATT202501004512,STU004512,SCH046,2025-01-01,2,2,
ATT202501004513,STU004513,SCH040,2025-01-01,1,1,
ATT202501004514,STU004514,SCH010,2025-01-01,3,3,
ATT202501004515,STU004515,SCH035,2025-01-01,1,1,
ATT202501004516,STU004516,SCH029,2025-01-01,3,3,
ATT202501004517,STU004517,SCH039,2025-01-01,2,2,
ATT202501004518,STU004518,SCH042,2025-01-01,3,3,
ATT202501004519,STU004519,SCH003,2025-01-01,1,1,
ATT202501004520,STU004520,SCH047,2025-01-01,2,2,
ATT202501004521,STU004521,SCH029,2025-01-01,3,3,
ATT202501004522,STU004522,SCH010,2025-01-01,2,2,
ATT202501004524,STU004524,SCH038,2025-01-01,3,3,
ATT202501004525,STU004525,SCH036,2025-01-01,1,1,
ATT202501004526,STU004526,SCH004,2025-01-01,2,2,
ATT202501004527,STU004527,SCH016,2025-01-01,2,2,
ATT202501004528,STU004528,SCH011,2025-01-01,2,2,
ATT202501004529,STU004529,SCH047,2025-01-01,1,1,
ATT202501004530,STU004530,SCH019,2025-01-01,3,3,
ATT202501004531,STU004531,SCH039,2025-01-01,3,3,
ATT202501004532,STU004532,SCH039,2025-01-01,2,2,
ATT202501004533,STU004533,SCH045,2025-01-01,3,3,
ATT202501004535,STU004535,SCH009,2025-01-01,1,1,
ATT202501004536,STU004536,SCH035,2025-01-01,1,1,
ATT202501004537,STU004537,SCH019,2025-01-01,1,1,
ATT202501004538,STU004538,SCH029,2025-01-01,1,1,
ATT202501004539,STU004539,SCH038,2025-01-01,2,2,
ATT202501004540,STU004540,SCH001,2025-01-01,3,3,
ATT202501004541,STU004541,SCH016,2025-01-01,2,2,
ATT202501004542,STU004542,SCH008,2025-01-01,2,2,
ATT202501004544,STU004544,SCH001,2025-01-01,3,2,Medical
ATT202501004545,STU004545,SCH011,2025-01-01,3,3,
ATT202501004546,STU004546,SCH035,2025-01-01,1,1,
ATT202501004548,STU004548,SCH042,2025-01-01,1,1,
ATT202501004550,STU004550,SCH022,2025-01-01,3,3,
ATT202501004553,STU004553,SCH026,2025-01-01,3,3,
ATT202501004555,STU004555,SCH025,2025-01-01,2,2,
ATT202501004556,STU004556,SCH033,2025-01-01,1,1,
ATT202501004557,STU004557,SCH006,2025-01-01,3,3,
ATT202501004558,STU004558,SCH018,2025-01-01,3,3,
ATT202501004560,STU004560,SCH045,2025-01-01,2,2,
ATT202501004561,STU004561,SCH008,2025-01-01,1,1,
ATT202501004562,STU004562,SCH021,2025-01-01,1,1,
ATT202501004563,STU004563,SCH013,2025-01-01,1,1,
ATT202501004565,STU004565,SCH017,2025-01-01,2,2,
ATT202501004566,STU004566,SCH022,2025-01-01,3,3,
ATT202501004567,STU004567,SCH029,2025-01-01,1,1,
ATT202501004568,STU004568,SCH050,2025-01-01,2,2,
ATT202501004569,STU004569,SCH021,2025-01-01,1,1,
ATT202501004571,STU004571,SCH014,2025-01-01,1,1,
ATT202501004572,STU004572,SCH031,2025-01-01,2,2,
ATT202501004573,STU004573,SCH033,2025-01-01,3,3,
ATT202501004574,STU004574,SCH031,2025-01-01,3,3,
ATT202501004575,STU004575,SCH045,2025-01-01,3,3,
ATT202501004576,STU004576,SCH037,2025-01-01,3,3,
ATT202501004577,STU004577,SCH027,2025-01-01,1,1,
ATT202501004578,STU004578,SCH018,2025-01-01,2,2,
ATT202501004579,STU004579,SCH039,2025-01-01,1,1,
ATT202501004580,STU004580,SCH042,2025-01-01,1,1,
ATT202501004581,STU004581,SCH024,2025-01-01,2,2,
ATT202501004582,STU004582,SCH013,2025-01-01,2,2,
ATT202501004583,STU004583,SCH050,2025-01-01,3,3,
ATT202501004584,STU004584,SCH038,2025-01-01,3,3,
ATT202501004585,STU004585,SCH001,2025-01-01,2,2,
ATT202501004586,STU004586,SCH039,2025-01-01,2,2,
ATT202501004587,STU004587,SCH014,2025-01-01,1,1,
ATT202501004588,STU004588,SCH029,2025-01-01,2,2,
ATT202501004589,STU004589,SCH004,2025-01-01,1,1,
ATT202501004590,STU004590,SCH040,2025-01-01,1,1,
ATT202501004591,STU004591,SCH050,2025-01-01,3,3,
ATT202501004592,STU004592,SCH043,2025-01-01,3,3,
ATT202501004593,STU004593,SCH008,2025-01-01,2,2,
ATT202501004594,STU004594,SCH025,2025-01-01,1,1,
ATT202501004595,STU004595,SCH046,2025-01-01,2,2,
ATT202501004596,STU004596,SCH036,2025-01-01,3,3,
ATT202501004597,STU004597,SCH032,2025-01-01,1,1,
ATT202501004598,STU004598,SCH006,2025-01-01,2,2,
ATT202501004599,STU004599,SCH018,2025-01-01,1,1,
ATT202501004600,STU004600,SCH007,2025-01-01,3,3,
ATT202501004601,STU004601,SCH029,2025-01-01,3,3,
ATT202501004602,STU004602,SCH014,2025-01-01,2,2,
ATT202501004603,STU004603,SCH036,2025-01-01,1,1,
ATT202501004604,STU004604,SCH012,2025-01-01,2,2,
ATT202501004605,STU004605,SCH034,2025-01-01,3,3,
ATT202501004606,STU004606,SCH019,2025-01-01,1,1,
ATT202501004607,STU004607,SCH035,2025-01-01,2,2,
ATT202501004608,STU004608,SCH027,2025-01-01,3,3,
ATT202501004609,STU004609,SCH039,2025-01-01,3,3,
ATT202501004610,STU004610,SCH033,2025-01-01,3,3,
ATT202501004611,STU004611,SCH001,2025-01-01,2,2,
ATT202501004612,STU004612,SCH006,2025-01-01,3,3,
ATT202501004613,STU004613,SCH014,2025-01-01,1,1,
ATT202501004614,STU004614,SCH040,2025-01-01,1,1,
ATT202501004615,STU004615,SCH033,2025-01-01,1,1,
ATT202501004616,STU004616,SCH022,2025-01-01,3,2,Unauthorised
ATT202501004617,STU004617,SCH012,2025-01-01,3,3,
ATT202501004618,STU004618,SCH026,2025-01-01,3,3,
ATT202501004619,STU004619,SCH011,2025-01-01,3,3,
ATT202501004620,STU004620,SCH046,2025-01-01,3,3,
ATT202501004621,STU004621,SCH020,2025-01-01,1,1,
ATT202501004622,STU004622,SCH019,2025-01-01,3,3,
ATT202501004623,STU004623,SCH011,2025-01-01,2,2,
ATT202501004624,STU004624,SCH008,2025-01-01,1,1,
ATT202501004625,STU004625,SCH021,2025-01-01,1,1,
ATT202501004626,STU004626,SCH001,2025-01-01,2,2,
ATT202501004627,STU004627,SCH016,2025-01-01,1,1,
ATT202501004628,STU004628,SCH016,2025-01-01,3,3,
ATT202501004629,STU004629,SCH026,2025-01-01,1,1,
ATT202501004630,STU004630,SCH030,2025-01-01,3,3,
ATT202501004631,STU004631,SCH032,2025-01-01,1,1,
ATT202501004632,STU004632,SCH004,2025-01-01,3,3,
ATT202501004634,STU004634,SCH044,2025-01-01,1,1,
ATT202501004635,STU004635,SCH021,2025-01-01,3,2,Unauthorised
ATT202501004636,STU004636,SCH038,2025-01-01,2,2,
ATT202501004637,STU004637,SCH031,2025-01-01,2,2,
ATT202501004638,STU004638,SCH021,2025-01-01,2,2,
ATT202501004639,STU004639,SCH029,2025-01-01,1,1,
ATT202501004640,STU004640,SCH015,2025-01-01,1,1,
ATT202501004641,STU004641,SCH019,2025-01-01,2,2,
ATT202501004642,STU004642,SCH005,2025-01-01,2,2,
ATT202501004643,STU004643,SCH046,2025-01-01,3,3,
ATT202501004644,STU004644,SCH042,2025-01-01,2,2,
ATT202501004645,STU004645,SCH008,2025-01-01,2,2,
ATT202501004646,STU004646,SCH046,2025-01-01,3,3,
ATT202501004647,STU004647,SCH004,2025-01-01,1,1,
ATT202501004648,STU004648,SCH001,2025-01-01,1,1,
ATT202501004649,STU004649,SCH046,2025-01-01,3,3,
ATT202501004650,STU004650,SCH032,2025-01-01,3,3,
ATT202501004651,STU004651,SCH034,2025-01-01,3,3,
ATT202501004653,STU004653,SCH034,2025-01-01,2,2,
ATT202501004654,STU004654,SCH031,2025-01-01,1,1,
ATT202501004655,STU004655,SCH027,2025-01-01,2,2,
ATT202501004656,STU004656,SCH046,2025-01-01,3,3,
ATT202501004657,STU004657,SCH007,2025-01-01,2,2,
ATT202501004658,STU004658,SCH028,2025-01-01,1,1,
ATT202501004659,STU004659,SCH009,2025-01-01,3,3,
ATT202501004660,STU004660,SCH017,2025-01-01,3,2,Other
ATT202501004661,STU004661,SCH011,2025-01-01,2,2,
ATT202501004663,STU004663,SCH024,2025-01-01,3,3,
ATT202501004664,STU004664,SCH014,2025-01-01,3,3,
ATT202501004665,STU004665,SCH018,2025-01-01,3,3,
ATT202501004666,STU004666,SCH012,2025-01-01,2,2,
ATT202501004667,STU004667,SCH045,2025-01-01,3,3,
ATT202501004669,STU004669,SCH046,2025-01-01,2,2,
ATT202501004670,STU004670,SCH025,2025-01-01,1,1,
ATT202501004671,STU004671,SCH005,2025-01-01,3,3,
ATT202501004672,STU004672,SCH013,2025-01-01,3,3,
ATT202501004673,STU004673,SCH003,2025-01-01,1,1,
ATT202501004674,STU004674,SCH005,2025-01-01,1,1,
ATT202501004675,STU004675,SCH011,2025-01-01,1,1,
ATT202501004676,STU004676,SCH010,2025-01-01,2,2,
ATT202501004677,STU004677,SCH010,2025-01-01,2,2,
ATT202501004679,STU004679,SCH009,2025-01-01,3,3,
ATT202501004680,STU004680,SCH006,2025-01-01,3,3,
ATT202501004681,STU004681,SCH048,2025-01-01,2,2,
ATT202501004682,STU004682,SCH012,2025-01-01,1,1,
ATT202501004683,STU004683,SCH046,2025-01-01,2,2,
ATT202501004684,STU004684,SCH005,2025-01-01,2,2,
ATT202501004685,STU004685,SCH012,2025-01-01,2,2,
ATT202501004686,STU004686,SCH013,2025-01-01,3,3,
ATT202501004687,STU004687,SCH030,2025-01-01,3,3,
ATT202501004688,STU004688,SCH013,2025-01-01,2,2,
ATT202501004689,STU004689,SCH036,2025-01-01,2,2,
ATT202501004690,STU004690,SCH003,2025-01-01,1,1,
ATT202501004691,STU004691,SCH013,2025-01-01,2,2,
ATT202501004692,STU004692,SCH014,2025-01-01,2,2,
ATT202501004693,STU004693,SCH023,2025-01-01,2,2,
ATT202501004694,STU004694,SCH033,2025-01-01,1,1,
ATT202501004695,STU004695,SCH032,2025-01-01,2,2,
ATT202501004696,STU004696,SCH024,2025-01-01,2,2,
ATT202501004697,STU004697,SCH002,2025-01-01,2,2,
ATT202501004698,STU004698,SCH030,2025-01-01,2,2,
ATT202501004699,STU004699,SCH037,2025-01-01,3,3,
ATT202501004700,STU004700,SCH026,2025-01-01,1,1,
ATT202501004701,STU004701,SCH034,2025-01-01,2,2,
ATT202501004702,STU004702,SCH048,2025-01-01,2,2,
ATT202501004703,STU004703,SCH048,2025-01-01,3,3,
ATT202501004704,STU004704,SCH020,2025-01-01,3,3,
ATT202501004705,STU004705,SCH020,2025-01-01,3,3,
ATT202501004706,STU004706,SCH049,2025-01-01,1,1,
ATT202501004707,STU004707,SCH023,2025-01-01,1,1,
ATT202501004708,STU004708,SCH033,2025-01-01,1,1,
ATT202501004709,STU004709,SCH007,2025-01-01,2,2,
ATT202501004710,STU004710,SCH044,2025-01-01,3,3,
ATT202501004711,STU004711,SCH013,2025-01-01,2,2,
ATT202501004712,STU004712,SCH039,2025-01-01,1,1,
ATT202501004713,STU004713,SCH017,2025-01-01,2,2,
ATT202501004714,STU004714,SCH029,2025-01-01,3,3,
ATT202501004715,STU004715,SCH044,2025-01-01,3,3,
ATT202501004716,STU004716,SCH001,2025-01-01,3,2,Other
ATT202501004717,STU004717,SCH004,2025-01-01,2,2,
ATT202501004718,STU004718,SCH046,2025-01-01,2,2,
ATT202501004719,STU004719,SCH032,2025-01-01,1,1,
ATT202501004720,STU004720,SCH009,2025-01-01,2,2,
ATT202501004722,STU004722,SCH011,2025-01-01,2,2,
ATT202501004723,STU004723,SCH020,2025-01-01,1,1,
ATT202501004724,STU004724,SCH043,2025-01-01,3,3,
ATT202501004725,STU004725,SCH007,2025-01-01,2,2,
ATT202501004727,STU004727,SCH020,2025-01-01,1,1,
ATT202501004728,STU004728,SCH010,2025-01-01,2,2,
ATT202501004729,STU004729,SCH009,2025-01-01,1,1,
ATT202501004730,STU004730,SCH048,2025-01-01,1,1,
ATT202501004731,STU004731,SCH027,2025-01-01,2,2,
ATT202501004732,STU004732,SCH010,2025-01-01,2,2,
ATT202501004733,STU004733,SCH006,2025-01-01,1,1,
ATT202501004734,STU004734,SCH042,2025-01-01,2,2,
ATT202501004735,STU004735,SCH031,2025-01-01,2,2,
ATT202501004736,STU004736,SCH010,2025-01-01,1,1,
ATT202501004737,STU004737,SCH021,2025-01-01,3,3,
ATT202501004738,STU004738,SCH005,2025-01-01,1,1,
ATT202501004739,STU004739,SCH029,2025-01-01,1,1,
ATT202501004740,STU004740,SCH001,2025-01-01,2,2,
ATT202501004741,STU004741,SCH047,2025-01-01,2,2,
ATT202501004743,STU004743,SCH010,2025-01-01,2,2,
ATT202501004744,STU004744,SCH028,2025-01-01,2,2,
ATT202501004745,STU004745,SCH032,2025-01-01,1,1,
ATT202501004746,STU004746,SCH035,2025-01-01,1,1,
ATT202501004747,STU004747,SCH021,2025-01-01,2,2,
ATT202501004748,STU004748,SCH012,2025-01-01,3,3,
ATT202501004750,STU004750,SCH018,2025-01-01,2,2,
ATT202501004751,STU004751,SCH040,2025-01-01,1,1,
ATT202501004752,STU004752,SCH009,2025-01-01,1,1,
ATT202501004753,STU004753,SCH030,2025-01-01,2,2,
ATT202501004754,STU004754,SCH016,2025-01-01,3,3,
ATT202501004755,STU004755,SCH021,2025-01-01,1,1,
ATT202501004756,STU004756,SCH048,2025-01-01,3,3,
ATT202501004757,STU004757,SCH037,2025-01-01,1,1,
ATT202501004758,STU004758,SCH050,2025-01-01,1,1,
ATT202501004759,STU004759,SCH028,2025-01-01,3,3,
ATT202501004760,STU004760,SCH017,2025-01-01,1,1,
ATT202501004761,STU004761,SCH012,2025-01-01,3,3,
ATT202501004762,STU004762,SCH011,2025-01-01,3,3,
ATT202501004763,STU004763,SCH044,2025-01-01,1,1,
ATT202501004764,STU004764,SCH024,2025-01-01,1,1,
ATT202501004765,STU004765,SCH046,2025-01-01,3,3,
ATT202501004766,STU004766,SCH026,2025-01-01,2,2,
ATT202501004767,STU004767,SCH029,2025-01-01,1,1,
ATT202501004768,STU004768,SCH004,2025-01-01,3,3,
ATT202501004769,STU004769,SCH007,2025-01-01,1,1,
ATT202501004770,STU004770,SCH011,2025-01-01,3,3,
ATT202501004771,STU004771,SCH015,2025-01-01,2,2,
ATT202501004772,STU004772,SCH007,2025-01-01,2,2,
ATT202501004773,STU004773,SCH011,2025-01-01,3,3,
ATT202501004774,STU004774,SCH008,2025-01-01,3,3,
ATT202501004775,STU004775,SCH050,2025-01-01,3,3,
ATT202501004776,STU004776,SCH027,2025-01-01,3,3,
ATT202501004777,STU004777,SCH048,2025-01-01,3,3,
ATT202501004779,STU004779,SCH031,2025-01-01,1,1,
ATT202501004780,STU004780,SCH044,2025-01-01,1,1,
ATT202501004781,STU004781,SCH008,2025-01-01,2,2,
ATT202501004782,STU004782,SCH001,2025-01-01,1,1,
ATT202501004783,STU004783,SCH033,2025-01-01,1,1,
ATT202501004784,STU004784,SCH033,2025-01-01,3,3,
ATT202501004785,STU004785,SCH050,2025-01-01,2,2,
ATT202501004786,STU004786,SCH032,2025-01-01,1,1,
ATT202501004787,STU004787,SCH040,2025-01-01,1,1,
ATT202501004788,STU004788,SCH011,2025-01-01,2,2,
ATT202501004789,STU004789,SCH048,2025-01-01,3,3,
ATT202501004790,STU004790,SCH021,2025-01-01,2,2,
ATT202501004791,STU004791,SCH006,2025-01-01,1,1,
ATT202501004792,STU004792,SCH010,2025-01-01,1,1,
ATT202501004793,STU004793,SCH002,2025-01-01,3,3,
ATT202501004795,STU004795,SCH015,2025-01-01,2,2,
ATT202501004796,STU004796,SCH006,2025-01-01,1,1,
ATT202501004797,STU004797,SCH028,2025-01-01,2,2,
ATT202501004798,STU004798,SCH048,2025-01-01,3,3,
ATT202501004799,STU004799,SCH027,2025-01-01,1,1,
ATT202501004800,STU004800,SCH019,2025-01-01,3,3,
ATT202501004801,STU004801,SCH015,2025-01-01,3,3,
ATT202501004802,STU004802,SCH014,2025-01-01,1,1,
ATT202501004803,STU004803,SCH035,2025-01-01,2,2,
ATT202501004804,STU004804,SCH029,2025-01-01,1,1,
ATT202501004805,STU004805,SCH016,2025-01-01,3,3,
ATT202501004806,STU004806,SCH037,2025-01-01,2,2,
ATT202501004807,STU004807,SCH034,2025-01-01,1,1,
ATT202501004808,STU004808,SCH015,2025-01-01,2,2,
ATT202501004809,STU004809,SCH011,2025-01-01,3,3,
ATT202501004810,STU004810,SCH026,2025-01-01,3,3,
ATT202501004812,STU004812,SCH030,2025-01-01,3,3,
ATT202501004813,STU004813,SCH047,2025-01-01,3,3,
ATT202501004814,STU004814,SCH031,2025-01-01,2,2,
ATT202501004815,STU004815,SCH001,2025-01-01,1,1,
ATT202501004816,STU004816,SCH045,2025-01-01,3,3,
ATT202501004817,STU004817,SCH043,2025-01-01,2,2,
ATT202501004818,STU004818,SCH031,2025-01-01,1,1,
ATT202501004819,STU004819,SCH026,2025-01-01,3,3,
ATT202501004820,STU004820,SCH049,2025-01-01,1,1,
ATT202501004821,STU004821,SCH012,2025-01-01,2,2,
ATT202501004822,STU004822,SCH044,2025-01-01,1,1,
ATT202501004823,STU004823,SCH037,2025-01-01,3,3,
ATT202501004824,STU004824,SCH007,2025-01-01,3,3,
ATT202501004825,STU004825,SCH007,2025-01-01,3,3,
ATT202501004826,STU004826,SCH039,2025-01-01,2,2,
ATT202501004827,STU004827,SCH029,2025-01-01,3,3,
ATT202501004828,STU004828,SCH044,2025-01-01,1,1,
ATT202501004829,STU004829,SCH017,2025-01-01,1,1,
ATT202501004830,STU004830,SCH026,2025-01-01,1,1,
ATT202501004831,STU004831,SCH026,2025-01-01,1,1,
ATT202501004832,STU004832,SCH009,2025-01-01,2,2,
ATT202501004833,STU004833,SCH011,2025-01-01,1,1,
ATT202501004834,STU004834,SCH045,2025-01-01,2,2,
ATT202501004835,STU004835,SCH019,2025-01-01,3,3,
ATT202501004836,STU004836,SCH006,2025-01-01,2,2,
ATT202501004837,STU004837,SCH032,2025-01-01,3,3,
ATT202501004838,STU004838,SCH018,2025-01-01,3,3,
ATT202501004839,STU004839,SCH034,2025-01-01,2,2,
ATT202501004840,STU004840,SCH015,2025-01-01,3,3,
ATT202501004841,STU004841,SCH046,2025-01-01,3,3,
ATT202501004842,STU004842,SCH018,2025-01-01,3,3,
ATT202501004843,STU004843,SCH028,2025-01-01,3,3,
ATT202501004844,STU004844,SCH027,2025-01-01,1,1,
ATT202501004845,STU004845,SCH035,2025-01-01,2,2,
ATT202501004846,STU004846,SCH025,2025-01-01,1,1,
ATT202501004848,STU004848,SCH045,2025-01-01,2,2,
ATT202501004849,STU004849,SCH048,2025-01-01,1,1,
ATT202501004850,STU004850,SCH048,2025-01-01,2,2,
ATT202501004851,STU004851,SCH044,2025-01-01,1,1,
ATT202501004852,STU004852,SCH033,2025-01-01,3,3,
ATT202501004853,STU004853,SCH004,2025-01-01,1,1,
ATT202501004854,STU004854,SCH022,2025-01-01,1,1,
ATT202501004855,STU004855,SCH034,2025-01-01,3,3,
ATT202501004856,STU004856,SCH031,2025-01-01,1,1,
ATT202501004857,STU004857,SCH046,2025-01-01,1,1,
ATT202501004858,STU004858,SCH013,2025-01-01,2,2,
ATT202501004859,STU004859,SCH029,2025-01-01,1,1,
ATT202501004860,STU004860,SCH046,2025-01-01,3,3,
ATT202501004861,STU004861,SCH022,2025-01-01,1,1,
ATT202501004862,STU004862,SCH007,2025-01-01,2,2,
ATT202501004863,STU004863,SCH024,2025-01-01,3,3,
ATT202501004864,STU004864,SCH042,2025-01-01,1,1,
ATT202501004865,STU004865,SCH036,2025-01-01,1,1,
ATT202501004866,STU004866,SCH028,2025-01-01,2,2,
ATT202501004867,STU004867,SCH036,2025-01-01,2,2,
ATT202501004868,STU004868,SCH040,2025-01-01,2,2,
ATT202501004869,STU004869,SCH004,2025-01-01,3,3,
ATT202501004870,STU004870,SCH022,2025-01-01,3,2,Family
ATT202501004871,STU004871,SCH004,2025-01-01,2,2,
ATT202501004872,STU004872,SCH044,2025-01-01,1,1,
ATT202501004873,STU004873,SCH026,2025-01-01,3,3,
ATT202501004874,STU004874,SCH004,2025-01-01,3,3,
ATT202501004875,STU004875,SCH007,2025-01-01,3,3,
ATT202501004876,STU004876,SCH040,2025-01-01,2,2,
ATT202501004877,STU004877,SCH022,2025-01-01,3,3,
ATT202501004879,STU004879,SCH030,2025-01-01,3,3,
ATT202501004880,STU004880,SCH040,2025-01-01,3,3,
ATT202501004881,STU004881,SCH031,2025-01-01,1,1,
ATT202501004882,STU004882,SCH007,2025-01-01,1,1,
ATT202501004883,STU004883,SCH019,2025-01-01,1,1,
ATT202501004884,STU004884,SCH026,2025-01-01,3,3,
ATT202501004885,STU004885,SCH007,2025-01-01,1,1,
ATT202501004886,STU004886,SCH006,2025-01-01,1,1,
ATT202501004887,STU004887,SCH031,2025-01-01,1,1,
ATT202501004888,STU004888,SCH011,2025-01-01,3,3,
ATT202501004889,STU004889,SCH002,2025-01-01,3,3,
ATT202501004890,STU004890,SCH049,2025-01-01,3,3,
ATT202501004892,STU004892,SCH046,2025-01-01,2,2,
ATT202501004893,STU004893,SCH035,2025-01-01,1,1,
ATT202501004894,STU004894,SCH019,2025-01-01,1,1,
ATT202501004895,STU004895,SCH047,2025-01-01,2,2,
ATT202501004896,STU004896,SCH035,2025-01-01,1,1,
ATT202501004897,STU004897,SCH001,2025-01-01,3,3,
ATT202501004898,STU004898,SCH031,2025-01-01,1,1,
ATT202501004899,STU004899,SCH016,2025-01-01,1,1,
ATT202501004900,STU004900,SCH007,2025-01-01,3,3,
ATT202501004901,STU004901,SCH012,2025-01-01,3,3,
ATT202501004902,STU004902,SCH010,2025-01-01,2,2,
ATT202501004903,STU004903,SCH003,2025-01-01,3,3,
ATT202501004904,STU004904,SCH012,2025-01-01,1,1,
ATT202501004905,STU004905,SCH017,2025-01-01,2,2,
ATT202501004906,STU004906,SCH022,2025-01-01,2,2,
ATT202501004907,STU004907,SCH039,2025-01-01,1,1,
ATT202501004908,STU004908,SCH001,2025-01-01,3,3,
ATT202501004909,STU004909,SCH048,2025-01-01,1,1,
ATT202501004910,STU004910,SCH015,2025-01-01,3,3,
ATT202501004911,STU004911,SCH038,2025-01-01,2,2,
ATT202501004913,STU004913,SCH020,2025-01-01,3,3,
ATT202501004914,STU004914,SCH041,2025-01-01,1,1,
ATT202501004915,STU004915,SCH025,2025-01-01,3,3,
ATT202501004917,STU004917,SCH035,2025-01-01,2,2,
ATT202501004918,STU004918,SCH039,2025-01-01,3,3,
ATT202501004919,STU004919,SCH031,2025-01-01,1,1,
ATT202501004921,STU004921,SCH030,2025-01-01,1,1,
ATT202501004922,STU004922,SCH043,2025-01-01,3,3,
ATT202501004923,STU004923,SCH037,2025-01-01,1,1,
ATT202501004924,STU004924,SCH025,2025-01-01,2,2,
ATT202501004925,STU004925,SCH046,2025-01-01,1,1,
ATT202501004926,STU004926,SCH003,2025-01-01,3,3,
ATT202501004927,STU004927,SCH038,2025-01-01,3,3,
ATT202501004929,STU004929,SCH050,2025-01-01,1,1,
ATT202501004930,STU004930,SCH009,2025-01-01,2,2,
ATT202501004931,STU004931,SCH019,2025-01-01,1,1,
ATT202501004932,STU004932,SCH018,2025-01-01,2,2,
ATT202501004933,STU004933,SCH040,2025-01-01,3,3,
ATT202501004934,STU004934,SCH018,2025-01-01,3,3,
ATT202501004935,STU004935,SCH010,2025-01-01,3,3,
ATT202501004936,STU004936,SCH043,2025-01-01,2,2,
ATT202501004937,STU004937,SCH047,2025-01-01,3,3,
ATT202501004938,STU004938,SCH008,2025-01-01,3,3,
ATT202501004939,STU004939,SCH039,2025-01-01,3,3,
ATT202501004940,STU004940,SCH047,2025-01-01,1,1,
ATT202501004941,STU004941,SCH032,2025-01-01,2,2,
ATT202501004942,STU004942,SCH021,2025-01-01,2,2,
ATT202501004943,STU004943,SCH043,2025-01-01,3,3,
ATT202501004944,STU004944,SCH044,2025-01-01,3,3,
ATT202501004945,STU004945,SCH042,2025-01-01,1,1,
ATT202501004946,STU004946,SCH021,2025-01-01,1,1,
ATT202501004947,STU004947,SCH035,2025-01-01,3,3,
ATT202501004948,STU004948,SCH019,2025-01-01,1,1,
ATT202501004949,STU004949,SCH015,2025-01-01,1,1,
ATT202501004950,STU004950,SCH013,2025-01-01,3,3,
ATT202501004951,STU004951,SCH035,2025-01-01,1,1,
ATT202501004952,STU004952,SCH011,2025-01-01,1,1,
ATT202501004953,STU004953,SCH015,2025-01-01,2,2,
ATT202501004954,STU004954,SCH046,2025-01-01,1,1,
ATT202501004955,STU004955,SCH027,2025-01-01,3,3,
ATT202501004956,STU004956,SCH029,2025-01-01,2,2,
ATT202501004957,STU004957,SCH017,2025-01-01,1,1,
ATT202501004958,STU004958,SCH041,2025-01-01,3,3,
ATT202501004959,STU004959,SCH036,2025-01-01,3,3,
ATT202501004960,STU004960,SCH006,2025-01-01,2,2,
ATT202501004961,STU004961,SCH005,2025-01-01,3,3,
ATT202501004962,STU004962,SCH029,2025-01-01,2,2,
ATT202501004963,STU004963,SCH034,2025-01-01,1,1,
ATT202501004964,STU004964,SCH041,2025-01-01,1,1,
ATT202501004965,STU004965,SCH020,2025-01-01,3,3,
ATT202501004966,STU004966,SCH018,2025-01-01,1,1,
ATT202501004967,STU004967,SCH014,2025-01-01,1,1,
ATT202501004968,STU004968,SCH020,2025-01-01,3,3,
ATT202501004969,STU004969,SCH049,2025-01-01,1,1,
ATT202501004970,STU004970,SCH013,2025-01-01,2,2,
ATT202501004971,STU004971,SCH022,2025-01-01,3,2,Medical
ATT202501004972,STU004972,SCH018,2025-01-01,2,2,
ATT202501004973,STU004973,SCH027,2025-01-01,3,3,
ATT202501004974,STU004974,SCH010,2025-01-01,3,3,
ATT202501004975,STU004975,SCH039,2025-01-01,1,1,
ATT202501004977,STU004977,SCH029,2025-01-01,3,3,
ATT202501004978,STU004978,SCH025,2025-01-01,2,2,
ATT202501004979,STU004979,SCH035,2025-01-01,1,1,
ATT202501004980,STU004980,SCH047,2025-01-01,3,3,
ATT202501004981,STU004981,SCH049,2025-01-01,2,2,
ATT202501004982,STU004982,SCH050,2025-01-01,3,3,
ATT202501004983,STU004983,SCH010,2025-01-01,2,2,
ATT202501004985,STU004985,SCH012,2025-01-01,3,3,
ATT202501004988,STU004988,SCH020,2025-01-01,3,3,
ATT202501004989,STU004989,SCH038,2025-01-01,1,1,
ATT202501004990,STU004990,SCH044,2025-01-01,3,3,
ATT202501004991,STU004991,SCH048,2025-01-01,1,1,
ATT202501004992,STU004992,SCH037,2025-01-01,2,2,
ATT202501004993,STU004993,SCH021,2025-01-01,1,1,
ATT202501004994,STU004994,SCH018,2025-01-01,1,1,
ATT202501004995,STU004995,SCH006,2025-01-01,1,1,
ATT202501004996,STU004996,SCH043,2025-01-01,3,3,
ATT202501004997,STU004997,SCH029,2025-01-01,1,1,
ATT202501004998,STU004998,SCH002,2025-01-01,3,3,
ATT202501004999,STU004999,SCH008,2025-01-01,1,1,
ATT202501005000,STU005000,SCH038,2025-01-01,2,2,
ATT202501005001,STU005001,SCH032,2025-01-01,2,2,
ATT202501005002,STU005002,SCH001,2025-01-01,2,2,
ATT202501005003,STU005003,SCH023,2025-01-01,1,1,
ATT202501005004,STU005004,SCH046,2025-01-01,1,1,
ATT202501005005,STU005005,SCH043,2025-01-01,3,3,
ATT202501005006,STU005006,SCH007,2025-01-01,1,1,
ATT202501005007,STU005007,SCH032,2025-01-01,2,2,
ATT202501005008,STU005008,SCH018,2025-01-01,2,2,
ATT202501005009,STU005009,SCH011,2025-01-01,2,2,
ATT202501005010,STU005010,SCH050,2025-01-01,2,2,
ATT202501005011,STU005011,SCH016,2025-01-01,2,2,
ATT202501005012,STU005012,SCH035,2025-01-01,2,2,
ATT202501005013,STU005013,SCH040,2025-01-01,3,3,
ATT202501005016,STU005016,SCH024,2025-01-01,2,2,
ATT202501005017,STU005017,SCH010,2025-01-01,3,3,
ATT202501005018,STU005018,SCH031,2025-01-01,3,3,
ATT202501005019,STU005019,SCH029,2025-01-01,1,1,
ATT202501005020,STU005020,SCH018,2025-01-01,3,3,
ATT202501005021,STU005021,SCH033,2025-01-01,2,2,
ATT202501005022,STU005022,SCH032,2025-01-01,1,1,
ATT202501005023,STU005023,SCH035,2025-01-01,3,3,
ATT202501005024,STU005024,SCH017,2025-01-01,3,3,
ATT202501005025,STU005025,SCH018,2025-01-01,3,3,
ATT202501005026,STU005026,SCH028,2025-01-01,3,3,
ATT202501005027,STU005027,SCH018,2025-01-01,2,2,
ATT202501005028,STU005028,SCH028,2025-01-01,3,3,
ATT202501005030,STU005030,SCH018,2025-01-01,1,1,
ATT202501005031,STU005031,SCH015,2025-01-01,1,1,
ATT202501005032,STU005032,SCH026,2025-01-01,2,2,
ATT202501005033,STU005033,SCH044,2025-01-01,2,2,
ATT202501005034,STU005034,SCH015,2025-01-01,3,3,
ATT202501005035,STU005035,SCH017,2025-01-01,2,2,
ATT202501005036,STU005036,SCH031,2025-01-01,2,2,
ATT202501005037,STU005037,SCH043,2025-01-01,1,1,
ATT202501005038,STU005038,SCH006,2025-01-01,1,1,
ATT202501005039,STU005039,SCH014,2025-01-01,2,2,
ATT202501005040,STU005040,SCH023,2025-01-01,1,1,
ATT202501005041,STU005041,SCH019,2025-01-01,2,2,
ATT202501005042,STU005042,SCH034,2025-01-01,2,2,
ATT202501005043,STU005043,SCH019,2025-01-01,1,1,
ATT202501005044,STU005044,SCH041,2025-01-01,3,3,
ATT202501005045,STU005045,SCH038,2025-01-01,2,2,
ATT202501005046,STU005046,SCH023,2025-01-01,3,3,
ATT202501005047,STU005047,SCH002,2025-01-01,1,1,
ATT202501005048,STU005048,SCH023,2025-01-01,3,3,
ATT202501005050,STU005050,SCH041,2025-01-01,3,3,
ATT202501005051,STU005051,SCH018,2025-01-01,3,3,
ATT202501005052,STU005052,SCH008,2025-01-01,2,2,
ATT202501005053,STU005053,SCH026,2025-01-01,1,1,
ATT202501005054,STU005054,SCH047,2025-01-01,2,2,
ATT202501005056,STU005056,SCH018,2025-01-01,1,1,
ATT202501005057,STU005057,SCH018,2025-01-01,3,3,
ATT202501005058,STU005058,SCH049,2025-01-01,1,1,
ATT202501005059,STU005059,SCH011,2025-01-01,3,3,
ATT202501005060,STU005060,SCH031,2025-01-01,1,1,
ATT202501005061,STU005061,SCH032,2025-01-01,2,2,
ATT202501005062,STU005062,SCH020,2025-01-01,3,3,
ATT202501005063,STU005063,SCH003,2025-01-01,2,2,
ATT202501005064,STU005064,SCH005,2025-01-01,3,3,
ATT202501005066,STU005066,SCH009,2025-01-01,3,3,
ATT202501005067,STU005067,SCH010,2025-01-01,1,1,
ATT202501005068,STU005068,SCH045,2025-01-01,3,3,
ATT202501005069,STU005069,SCH043,2025-01-01,2,2,
ATT202501005070,STU005070,SCH028,2025-01-01,3,3,
ATT202501005071,STU005071,SCH026,2025-01-01,3,3,
ATT202501005072,STU005072,SCH013,2025-01-01,3,3,
ATT202501005073,STU005073,SCH033,2025-01-01,1,1,
ATT202501005075,STU005075,SCH014,2025-01-01,2,2,
ATT202501005076,STU005076,SCH029,2025-01-01,2,2,
ATT202501005077,STU005077,SCH038,2025-01-01,3,3,
ATT202501005078,STU005078,SCH039,2025-01-01,3,3,
ATT202501005079,STU005079,SCH031,2025-01-01,3,3,
ATT202501005080,STU005080,SCH031,2025-01-01,3,3,
ATT202501005081,STU005081,SCH019,2025-01-01,2,2,
ATT202501005082,STU005082,SCH014,2025-01-01,1,1,
ATT202501005083,STU005083,SCH050,2025-01-01,3,3,
ATT202501005084,STU005084,SCH008,2025-01-01,2,2,
ATT202501005085,STU005085,SCH018,2025-01-01,2,2,
ATT202501005086,STU005086,SCH043,2025-01-01,2,2,
ATT202501005087,STU005087,SCH019,2025-01-01,2,2,
ATT202501005088,STU005088,SCH004,2025-01-01,2,2,
ATT202501005089,STU005089,SCH014,2025-01-01,2,2,
ATT202501005090,STU005090,SCH023,2025-01-01,2,2,
ATT202501005091,STU005091,SCH038,2025-01-01,2,2,
ATT202501005092,STU005092,SCH028,2025-01-01,3,3,
ATT202501005093,STU005093,SCH014,2025-01-01,2,2,
ATT202501005094,STU005094,SCH010,2025-01-01,3,3,
ATT202501005095,STU005095,SCH045,2025-01-01,2,2,
ATT202501005096,STU005096,SCH024,2025-01-01,2,2,
ATT202501005098,STU005098,SCH027,2025-01-01,1,1,
ATT202501005099,STU005099,SCH005,2025-01-01,1,1,
ATT202501005100,STU005100,SCH021,2025-01-01,1,1,
ATT202501005101,STU005101,SCH010,2025-01-01,3,2,Other
ATT202501005102,STU005102,SCH019,2025-01-01,2,2,
ATT202501005103,STU005103,SCH035,2025-01-01,3,3,
ATT202501005104,STU005104,SCH041,2025-01-01,3,3,
ATT202501005105,STU005105,SCH040,2025-01-01,3,3,
ATT202501005106,STU005106,SCH001,2025-01-01,2,2,
ATT202501005107,STU005107,SCH045,2025-01-01,1,1,
ATT202501005108,STU005108,SCH015,2025-01-01,2,2,
ATT202501005109,STU005109,SCH007,2025-01-01,3,3,
ATT202501005110,STU005110,SCH007,2025-01-01,1,1,
ATT202501005111,STU005111,SCH017,2025-01-01,2,1,Illness
ATT202501005112,STU005112,SCH040,2025-01-01,1,1,
ATT202501005113,STU005113,SCH024,2025-01-01,3,3,
ATT202501005114,STU005114,SCH035,2025-01-01,2,2,
ATT202501005115,STU005115,SCH026,2025-01-01,1,1,
ATT202501005116,STU005116,SCH033,2025-01-01,3,3,
ATT202501005117,STU005117,SCH011,2025-01-01,3,3,
ATT202501005118,STU005118,SCH004,2025-01-01,2,2,
ATT202501005119,STU005119,SCH042,2025-01-01,2,2,
ATT202501005120,STU005120,SCH040,2025-01-01,3,3,
ATT202501005121,STU005121,SCH027,2025-01-01,3,3,
ATT202501005123,STU005123,SCH041,2025-01-01,1,1,
ATT202501005125,STU005125,SCH013,2025-01-01,1,1,
ATT202501005126,STU005126,SCH008,2025-01-01,2,2,
ATT202501005127,STU005127,SCH048,2025-01-01,3,3,
ATT202501005128,STU005128,SCH027,2025-01-01,1,1,
ATT202501005129,STU005129,SCH041,2025-01-01,3,3,
ATT202501005130,STU005130,SCH038,2025-01-01,1,1,
ATT202501005131,STU005131,SCH020,2025-01-01,3,3,
ATT202501005132,STU005132,SCH035,2025-01-01,1,1,
ATT202501005133,STU005133,SCH010,2025-01-01,2,2,
ATT202501005134,STU005134,SCH018,2025-01-01,3,3,
ATT202501005135,STU005135,SCH039,2025-01-01,1,1,
ATT202501005136,STU005136,SCH030,2025-01-01,1,1,
ATT202501005137,STU005137,SCH044,2025-01-01,3,3,
ATT202501005138,STU005138,SCH013,2025-01-01,1,1,
ATT202501005139,STU005139,SCH005,2025-01-01,1,1,
ATT202501005140,STU005140,SCH042,2025-01-01,1,1,
ATT202501005141,STU005141,SCH041,2025-01-01,3,3,
ATT202501005142,STU005142,SCH023,2025-01-01,1,1,
ATT202501005143,STU005143,SCH040,2025-01-01,3,3,
ATT202501005144,STU005144,SCH022,2025-01-01,3,3,
ATT202501005145,STU005145,SCH046,2025-01-01,2,2,
ATT202501005146,STU005146,SCH007,2025-01-01,3,3,
ATT202501005147,STU005147,SCH023,2025-01-01,3,3,
ATT202501005148,STU005148,SCH040,2025-01-01,3,3,
ATT202501005149,STU005149,SCH026,2025-01-01,1,1,
ATT202501005150,STU005150,SCH024,2025-01-01,3,3,
ATT202501005151,STU005151,SCH044,2025-01-01,3,3,
ATT202501005152,STU005152,SCH013,2025-01-01,2,2,
ATT202501005153,STU005153,SCH047,2025-01-01,2,2,
ATT202501005154,STU005154,SCH002,2025-01-01,1,1,
ATT202501005155,STU005155,SCH013,2025-01-01,1,1,
ATT202501005156,STU005156,SCH032,2025-01-01,1,1,
ATT202501005157,STU005157,SCH005,2025-01-01,1,1,
ATT202501005158,STU005158,SCH032,2025-01-01,3,3,
ATT202501005159,STU005159,SCH041,2025-01-01,2,2,
ATT202501005160,STU005160,SCH043,2025-01-01,3,3,
ATT202501005161,STU005161,SCH021,2025-01-01,2,2,
ATT202501005163,STU005163,SCH029,2025-01-01,2,2,
ATT202501005165,STU005165,SCH022,2025-01-01,1,1,
ATT202501005166,STU005166,SCH023,2025-01-01,1,1,
ATT202501005167,STU005167,SCH036,2025-01-01,3,3,
ATT202501005168,STU005168,SCH028,2025-01-01,3,3,
ATT202501005169,STU005169,SCH031,2025-01-01,1,1,
ATT202501005170,STU005170,SCH029,2025-01-01,3,3,
ATT202501005172,STU005172,SCH035,2025-01-01,1,1,
ATT202501005173,STU005173,SCH050,2025-01-01,1,1,
ATT202501005175,STU005175,SCH045,2025-01-01,3,3,
ATT202501005176,STU005176,SCH030,2025-01-01,3,3,
ATT202501005177,STU005177,SCH022,2025-01-01,2,2,
ATT202501005178,STU005178,SCH020,2025-01-01,2,2,
ATT202501005179,STU005179,SCH010,2025-01-01,2,2,
ATT202501005180,STU005180,SCH024,2025-01-01,1,1,
ATT202501005181,STU005181,SCH031,2025-01-01,2,2,
ATT202501005182,STU005182,SCH047,2025-01-01,3,3,
ATT202501005183,STU005183,SCH026,2025-01-01,1,1,
ATT202501005184,STU005184,SCH021,2025-01-01,1,1,
ATT202501005186,STU005186,SCH010,2025-01-01,2,2,
ATT202501005187,STU005187,SCH043,2025-01-01,3,3,
ATT202501005188,STU005188,SCH020,2025-01-01,1,1,
ATT202501005189,STU005189,SCH007,2025-01-01,1,1,
ATT202501005192,STU005192,SCH045,2025-01-01,1,1,
ATT202501005193,STU005193,SCH027,2025-01-01,1,1,
ATT202501005194,STU005194,SCH012,2025-01-01,3,3,
ATT202501005195,STU005195,SCH010,2025-01-01,2,2,
ATT202501005197,STU005197,SCH011,2025-01-01,3,3,
ATT202501005198,STU005198,SCH042,2025-01-01,1,1,
ATT202501005199,STU005199,SCH015,2025-01-01,2,2,
ATT202501005200,STU005200,SCH034,2025-01-01,2,2,
ATT202501005201,STU005201,SCH037,2025-01-01,1,1,
ATT202501005202,STU005202,SCH025,2025-01-01,2,2,
ATT202501005203,STU005203,SCH009,2025-01-01,2,2,
ATT202501005204,STU005204,SCH029,2025-01-01,1,1,
ATT202501005205,STU005205,SCH028,2025-01-01,3,3,
ATT202501005206,STU005206,SCH006,2025-01-01,2,2,
ATT202501005207,STU005207,SCH002,2025-01-01,2,2,
ATT202501005208,STU005208,SCH012,2025-01-01,3,3,
ATT202501005209,STU005209,SCH016,2025-01-01,1,1,
ATT202501005210,STU005210,SCH026,2025-01-01,1,1,
ATT202501005211,STU005211,SCH031,2025-01-01,2,2,
ATT202501005213,STU005213,SCH040,2025-01-01,2,2,
ATT202501005214,STU005214,SCH010,2025-01-01,2,2,
ATT202501005215,STU005215,SCH030,2025-01-01,2,2,
ATT202501005216,STU005216,SCH003,2025-01-01,2,2,
ATT202501005217,STU005217,SCH020,2025-01-01,1,1,
ATT202501005218,STU005218,SCH009,2025-01-01,1,1,
ATT202501005219,STU005219,SCH026,2025-01-01,3,3,
ATT202501005220,STU005220,SCH029,2025-01-01,2,2,
ATT202501005221,STU005221,SCH007,2025-01-01,2,2,
ATT202501005222,STU005222,SCH041,2025-01-01,3,3,
ATT202501005223,STU005223,SCH005,2025-01-01,3,3,
ATT202501005224,STU005224,SCH010,2025-01-01,1,1,
ATT202501005225,STU005225,SCH026,2025-01-01,2,2,
ATT202501005226,STU005226,SCH032,2025-01-01,3,3,
ATT202501005227,STU005227,SCH030,2025-01-01,1,1,
ATT202501005228,STU005228,SCH036,2025-01-01,3,3,
ATT202501005229,STU005229,SCH038,2025-01-01,3,3,
ATT202501005230,STU005230,SCH040,2025-01-01,1,1,
ATT202501005232,STU005232,SCH043,2025-01-01,3,3,
ATT202501005233,STU005233,SCH032,2025-01-01,3,3,
ATT202501005234,STU005234,SCH021,2025-01-01,3,2,Family
ATT202501005235,STU005235,SCH012,2025-01-01,3,3,
ATT202501005236,STU005236,SCH039,2025-01-01,2,2,
ATT202501005237,STU005237,SCH045,2025-01-01,3,3,
ATT202501005238,STU005238,SCH025,2025-01-01,2,2,
ATT202501005239,STU005239,SCH047,2025-01-01,3,3,
ATT202501005240,STU005240,SCH018,2025-01-01,2,2,
ATT202501005241,STU005241,SCH013,2025-01-01,3,3,
ATT202501005242,STU005242,SCH030,2025-01-01,1,1,
ATT202501005243,STU005243,SCH027,2025-01-01,1,1,
ATT202501005244,STU005244,SCH012,2025-01-01,3,3,
ATT202501005245,STU005245,SCH032,2025-01-01,1,1,
ATT202501005246,STU005246,SCH035,2025-01-01,2,2,
ATT202501005247,STU005247,SCH012,2025-01-01,2,2,
ATT202501005248,STU005248,SCH027,2025-01-01,1,1,
ATT202501005249,STU005249,SCH008,2025-01-01,1,1,
ATT202501005250,STU005250,SCH013,2025-01-01,3,3,
ATT202501005251,STU005251,SCH010,2025-01-01,2,2,
ATT202501005252,STU005252,SCH033,2025-01-01,2,2,
ATT202501005253,STU005253,SCH032,2025-01-01,3,3,
ATT202501005254,STU005254,SCH015,2025-01-01,1,1,
ATT202501005255,STU005255,SCH046,2025-01-01,1,1,
ATT202501005256,STU005256,SCH031,2025-01-01,3,2,Medical
ATT202501005257,STU005257,SCH035,2025-01-01,2,2,
ATT202501005258,STU005258,SCH023,2025-01-01,1,1,
ATT202501005259,STU005259,SCH001,2025-01-01,1,1,
ATT202501005260,STU005260,SCH023,2025-01-01,2,2,
ATT202501005261,STU005261,SCH029,2025-01-01,3,3,
ATT202501005262,STU005262,SCH010,2025-01-01,2,2,
ATT202501005264,STU005264,SCH032,2025-01-01,1,1,
ATT202501005266,STU005266,SCH031,2025-01-01,1,1,
ATT202501005267,STU005267,SCH010,2025-01-01,1,1,
ATT202501005268,STU005268,SCH024,2025-01-01,3,3,
ATT202501005269,STU005269,SCH005,2025-01-01,2,2,
ATT202501005270,STU005270,SCH036,2025-01-01,2,2,
ATT202501005271,STU005271,SCH006,2025-01-01,1,1,
ATT202501005272,STU005272,SCH003,2025-01-01,3,3,
ATT202501005274,STU005274,SCH026,2025-01-01,2,2,
ATT202501005275,STU005275,SCH026,2025-01-01,1,1,
ATT202501005276,STU005276,SCH013,2025-01-01,2,2,
ATT202501005277,STU005277,SCH020,2025-01-01,1,1,
ATT202501005278,STU005278,SCH042,2025-01-01,3,2,Unauthorised
ATT202501005279,STU005279,SCH021,2025-01-01,3,2,Medical
ATT202501005280,STU005280,SCH047,2025-01-01,1,1,
ATT202501005281,STU005281,SCH031,2025-01-01,2,2,
ATT202501005282,STU005282,SCH031,2025-01-01,1,1,
ATT202501005283,STU005283,SCH044,2025-01-01,3,3,
ATT202501005284,STU005284,SCH044,2025-01-01,1,1,
ATT202501005285,STU005285,SCH006,2025-01-01,1,1,
ATT202501005286,STU005286,SCH027,2025-01-01,1,1,
ATT202501005287,STU005287,SCH027,2025-01-01,2,2,
ATT202501005288,STU005288,SCH025,2025-01-01,2,2,
ATT202501005289,STU005289,SCH005,2025-01-01,1,1,
ATT202501005290,STU005290,SCH032,2025-01-01,2,2,
ATT202501005291,STU005291,SCH020,2025-01-01,3,3,
ATT202501005292,STU005292,SCH023,2025-01-01,1,1,
ATT202501005293,STU005293,SCH039,2025-01-01,3,3,
ATT202501005294,STU005294,SCH034,2025-01-01,2,2,
ATT202501005295,STU005295,SCH025,2025-01-01,3,3,
ATT202501005296,STU005296,SCH013,2025-01-01,3,3,
ATT202501005297,STU005297,SCH021,2025-01-01,3,3,
ATT202501005298,STU005298,SCH039,2025-01-01,1,1,
ATT202501005299,STU005299,SCH012,2025-01-01,2,2,
ATT202501005300,STU005300,SCH015,2025-01-01,1,1,
ATT202501005301,STU005301,SCH006,2025-01-01,1,1,
ATT202501005302,STU005302,SCH031,2025-01-01,1,1,
ATT202501005303,STU005303,SCH037,2025-01-01,3,3,
ATT202501005304,STU005304,SCH032,2025-01-01,1,1,
ATT202501005305,STU005305,SCH050,2025-01-01,3,3,
ATT202501005306,STU005306,SCH017,2025-01-01,3,2,Family
ATT202501005307,STU005307,SCH049,2025-01-01,3,2,Family
ATT202501005308,STU005308,SCH050,2025-01-01,1,1,
ATT202501005310,STU005310,SCH006,2025-01-01,2,2,
ATT202501005311,STU005311,SCH023,2025-01-01,2,2,
ATT202501005312,STU005312,SCH026,2025-01-01,3,3,
ATT202501005313,STU005313,SCH001,2025-01-01,1,1,
ATT202501005314,STU005314,SCH036,2025-01-01,3,3,
ATT202501005315,STU005315,SCH026,2025-01-01,3,3,
ATT202501005316,STU005316,SCH018,2025-01-01,3,3,
ATT202501005317,STU005317,SCH021,2025-01-01,1,1,
ATT202501005319,STU005319,SCH015,2025-01-01,3,3,
ATT202501005320,STU005320,SCH010,2025-01-01,2,2,
ATT202501005321,STU005321,SCH020,2025-01-01,1,1,
ATT202501005322,STU005322,SCH015,2025-01-01,2,2,
ATT202501005323,STU005323,SCH031,2025-01-01,1,1,
ATT202501005324,STU005324,SCH050,2025-01-01,1,1,
ATT202501005325,STU005325,SCH034,2025-01-01,1,1,
ATT202501005326,STU005326,SCH017,2025-01-01,2,2,
ATT202501005327,STU005327,SCH046,2025-01-01,1,1,
ATT202501005328,STU005328,SCH003,2025-01-01,3,3,
ATT202501005329,STU005329,SCH047,2025-01-01,2,2,
ATT202501005331,STU005331,SCH020,2025-01-01,3,3,
ATT202501005332,STU005332,SCH009,2025-01-01,1,1,
ATT202501005333,STU005333,SCH022,2025-01-01,2,2,
ATT202501005334,STU005334,SCH015,2025-01-01,1,1,
ATT202501005335,STU005335,SCH031,2025-01-01,2,2,
ATT202501005336,STU005336,SCH032,2025-01-01,1,1,
ATT202501005337,STU005337,SCH021,2025-01-01,2,2,
ATT202501005338,STU005338,SCH049,2025-01-01,2,2,
ATT202501005339,STU005339,SCH013,2025-01-01,1,1,
ATT202501005340,STU005340,SCH029,2025-01-01,3,3,
ATT202501005341,STU005341,SCH045,2025-01-01,1,1,
ATT202501005342,STU005342,SCH026,2025-01-01,1,1,
ATT202501005343,STU005343,SCH041,2025-01-01,1,1,
ATT202501005344,STU005344,SCH021,2025-01-01,1,1,
ATT202501005345,STU005345,SCH023,2025-01-01,1,1,
ATT202501005346,STU005346,SCH009,2025-01-01,3,3,
ATT202501005347,STU005347,SCH018,2025-01-01,2,2,
ATT202501005348,STU005348,SCH011,2025-01-01,2,2,
ATT202501005349,STU005349,SCH027,2025-01-01,1,1,
ATT202501005350,STU005350,SCH021,2025-01-01,2,2,
ATT202501005351,STU005351,SCH029,2025-01-01,2,2,
ATT202501005352,STU005352,SCH045,2025-01-01,2,2,
ATT202501005353,STU005353,SCH017,2025-01-01,1,1,
ATT202501005355,STU005355,SCH021,2025-01-01,2,2,
ATT202501005356,STU005356,SCH028,2025-01-01,3,3,
ATT202501005357,STU005357,SCH049,2025-01-01,1,1,
ATT202501005358,STU005358,SCH030,2025-01-01,1,1,
ATT202501005359,STU005359,SCH012,2025-01-01,1,1,
ATT202501005360,STU005360,SCH034,2025-01-01,3,3,
ATT202501005361,STU005361,SCH036,2025-01-01,1,1,
ATT202501005362,STU005362,SCH029,2025-01-01,3,3,
ATT202501005363,STU005363,SCH014,2025-01-01,2,2,
ATT202501005364,STU005364,SCH009,2025-01-01,2,2,
ATT202501005365,STU005365,SCH046,2025-01-01,3,3,
ATT202501005366,STU005366,SCH025,2025-01-01,3,3,
ATT202501005368,STU005368,SCH034,2025-01-01,2,2,
ATT202501005369,STU005369,SCH041,2025-01-01,1,1,
ATT202501005370,STU005370,SCH045,2025-01-01,1,1,
ATT202501005371,STU005371,SCH008,2025-01-01,1,1,
ATT202501005372,STU005372,SCH048,2025-01-01,3,3,
ATT202501005373,STU005373,SCH047,2025-01-01,3,3,
ATT202501005374,STU005374,SCH031,2025-01-01,1,1,
ATT202501005375,STU005375,SCH008,2025-01-01,2,2,
ATT202501005376,STU005376,SCH044,2025-01-01,3,3,
ATT202501005377,STU005377,SCH044,2025-01-01,3,3,
ATT202501005378,STU005378,SCH035,2025-01-01,2,2,
ATT202501005379,STU005379,SCH011,2025-01-01,2,2,
ATT202501005380,STU005380,SCH016,2025-01-01,1,1,
ATT202501005381,STU005381,SCH009,2025-01-01,1,1,
ATT202501005382,STU005382,SCH041,2025-01-01,1,1,
ATT202501005383,STU005383,SCH030,2025-01-01,3,3,
ATT202501005384,STU005384,SCH035,2025-01-01,2,2,
ATT202501005385,STU005385,SCH043,2025-01-01,1,1,
ATT202501005386,STU005386,SCH011,2025-01-01,2,2,
ATT202501005387,STU005387,SCH039,2025-01-01,2,2,
ATT202501005389,STU005389,SCH029,2025-01-01,3,3,
ATT202501005390,STU005390,SCH041,2025-01-01,2,2,
ATT202501005392,STU005392,SCH043,2025-01-01,3,3,
ATT202501005393,STU005393,SCH044,2025-01-01,3,3,
ATT202501005394,STU005394,SCH020,2025-01-01,1,1,
ATT202501005395,STU005395,SCH004,2025-01-01,2,2,
ATT202501005396,STU005396,SCH047,2025-01-01,1,1,
ATT202501005397,STU005397,SCH005,2025-01-01,2,2,
ATT202501005398,STU005398,SCH039,2025-01-01,1,1,
ATT202501005399,STU005399,SCH046,2025-01-01,3,3,
ATT202501005400,STU005400,SCH011,2025-01-01,1,1,
ATT202501005401,STU005401,SCH044,2025-01-01,1,1,
ATT202501005402,STU005402,SCH011,2025-01-01,3,3,
ATT202501005403,STU005403,SCH044,2025-01-01,3,3,
ATT202501005404,STU005404,SCH041,2025-01-01,1,1,
ATT202501005405,STU005405,SCH032,2025-01-01,2,2,
ATT202501005406,STU005406,SCH038,2025-01-01,3,3,
ATT202501005407,STU005407,SCH014,2025-01-01,2,2,
ATT202501005408,STU005408,SCH050,2025-01-01,3,3,
ATT202501005410,STU005410,SCH011,2025-01-01,2,2,
ATT202501005412,STU005412,SCH027,2025-01-01,2,2,
ATT202501005414,STU005414,SCH012,2025-01-01,2,2,
ATT202501005415,STU005415,SCH009,2025-01-01,2,2,
ATT202501005416,STU005416,SCH040,2025-01-01,3,3,
ATT202501005417,STU005417,SCH027,2025-01-01,2,2,
ATT202501005418,STU005418,SCH020,2025-01-01,2,2,
ATT202501005419,STU005419,SCH039,2025-01-01,2,2,
ATT202501005420,STU005420,SCH012,2025-01-01,2,2,
ATT202501005421,STU005421,SCH046,2025-01-01,1,1,
ATT202501005422,STU005422,SCH046,2025-01-01,3,3,
ATT202501005423,STU005423,SCH005,2025-01-01,2,2,
ATT202501005424,STU005424,SCH015,2025-01-01,2,2,
ATT202501005427,STU005427,SCH046,2025-01-01,1,1,
ATT202501005428,STU005428,SCH030,2025-01-01,2,2,
ATT202501005429,STU005429,SCH043,2025-01-01,1,1,
ATT202501005430,STU005430,SCH045,2025-01-01,3,3,
ATT202501005431,STU005431,SCH037,2025-01-01,2,2,
ATT202501005432,STU005432,SCH018,2025-01-01,3,3,
ATT202501005433,STU005433,SCH038,2025-01-01,1,1,
ATT202501005435,STU005435,SCH040,2025-01-01,2,2,
ATT202501005436,STU005436,SCH007,2025-01-01,3,3,
ATT202501005437,STU005437,SCH039,2025-01-01,1,1,
ATT202501005438,STU005438,SCH033,2025-01-01,2,2,
ATT202501005439,STU005439,SCH038,2025-01-01,2,2,
ATT202501005441,STU005441,SCH032,2025-01-01,2,2,
ATT202501005442,STU005442,SCH043,2025-01-01,3,3,
ATT202501005443,STU005443,SCH012,2025-01-01,2,2,
ATT202501005444,STU005444,SCH014,2025-01-01,3,3,
ATT202501005445,STU005445,SCH025,2025-01-01,1,1,
ATT202501005446,STU005446,SCH049,2025-01-01,3,3,
ATT202501005447,STU005447,SCH018,2025-01-01,2,2,
ATT202501005448,STU005448,SCH014,2025-01-01,3,3,
ATT202501005450,STU005450,SCH004,2025-01-01,3,3,
ATT202501005451,STU005451,SCH006,2025-01-01,3,3,
ATT202501005452,STU005452,SCH010,2025-01-01,1,1,
ATT202501005453,STU005453,SCH050,2025-01-01,2,2,
ATT202501005454,STU005454,SCH038,2025-01-01,2,2,
ATT202501005455,STU005455,SCH029,2025-01-01,3,3,
ATT202501005456,STU005456,SCH040,2025-01-01,3,3,
ATT202501005457,STU005457,SCH032,2025-01-01,1,1,
ATT202501005458,STU005458,SCH036,2025-01-01,2,2,
ATT202501005459,STU005459,SCH047,2025-01-01,3,3,
ATT202501005460,STU005460,SCH017,2025-01-01,1,1,
ATT202501005461,STU005461,SCH008,2025-01-01,3,3,
ATT202501005462,STU005462,SCH019,2025-01-01,2,2,
ATT202501005463,STU005463,SCH026,2025-01-01,1,1,
ATT202501005464,STU005464,SCH031,2025-01-01,1,1,
ATT202501005466,STU005466,SCH049,2025-01-01,2,2,
ATT202501005467,STU005467,SCH020,2025-01-01,2,2,
ATT202501005469,STU005469,SCH024,2025-01-01,1,1,
ATT202501005470,STU005470,SCH008,2025-01-01,1,1,
ATT202501005471,STU005471,SCH018,2025-01-01,1,1,
ATT202501005472,STU005472,SCH026,2025-01-01,1,1,
ATT202501005473,STU005473,SCH043,2025-01-01,1,1,
ATT202501005474,STU005474,SCH020,2025-01-01,1,1,
ATT202501005475,STU005475,SCH012,2025-01-01,3,3,
ATT202501005476,STU005476,SCH042,2025-01-01,2,2,
ATT202501005477,STU005477,SCH020,2025-01-01,1,1,
ATT202501005478,STU005478,SCH031,2025-01-01,3,3,
ATT202501005479,STU005479,SCH030,2025-01-01,3,3,
ATT202501005480,STU005480,SCH019,2025-01-01,3,3,
ATT202501005481,STU005481,SCH004,2025-01-01,1,1,
ATT202501005482,STU005482,SCH011,2025-01-01,3,3,
ATT202501005483,STU005483,SCH040,2025-01-01,3,3,
ATT202501005484,STU005484,SCH012,2025-01-01,1,1,
ATT202501005485,STU005485,SCH007,2025-01-01,2,2,
ATT202501005486,STU005486,SCH028,2025-01-01,1,1,
ATT202501005487,STU005487,SCH048,2025-01-01,1,1,
ATT202501005488,STU005488,SCH010,2025-01-01,1,1,
ATT202501005489,STU005489,SCH012,2025-01-01,2,2,
ATT202501005490,STU005490,SCH010,2025-01-01,3,3,
ATT202501005491,STU005491,SCH046,2025-01-01,1,1,
ATT202501005492,STU005492,SCH044,2025-01-01,3,3,
ATT202501005493,STU005493,SCH009,2025-01-01,1,1,
ATT202501005494,STU005494,SCH039,2025-01-01,3,3,
ATT202501005495,STU005495,SCH047,2025-01-01,1,1,
ATT202501005496,STU005496,SCH007,2025-01-01,1,1,
ATT202501005497,STU005497,SCH037,2025-01-01,2,2,
ATT202501005498,STU005498,SCH010,2025-01-01,1,1,
ATT202501005499,STU005499,SCH048,2025-01-01,2,2,
ATT202501005500,STU005500,SCH031,2025-01-01,3,3,
ATT202501005501,STU005501,SCH020,2025-01-01,2,2,
ATT202501005502,STU005502,SCH009,2025-01-01,2,2,
ATT202501005503,STU005503,SCH014,2025-01-01,1,1,
ATT202501005504,STU005504,SCH001,2025-01-01,2,2,
ATT202501005505,STU005505,SCH021,2025-01-01,3,3,
ATT202501005506,STU005506,SCH020,2025-01-01,3,3,
ATT202501005507,STU005507,SCH035,2025-01-01,3,3,
ATT202501005508,STU005508,SCH029,2025-01-01,1,1,
ATT202501005509,STU005509,SCH036,2025-01-01,3,3,
ATT202501005510,STU005510,SCH009,2025-01-01,2,2,
ATT202501005511,STU005511,SCH029,2025-01-01,3,3,
ATT202501005512,STU005512,SCH044,2025-01-01,2,2,
ATT202501005514,STU005514,SCH018,2025-01-01,3,3,
ATT202501005515,STU005515,SCH021,2025-01-01,3,3,
ATT202501005516,STU005516,SCH044,2025-01-01,1,1,
ATT202501005517,STU005517,SCH010,2025-01-01,1,1,
ATT202501005518,STU005518,SCH026,2025-01-01,1,1,
ATT202501005519,STU005519,SCH042,2025-01-01,3,3,
ATT202501005520,STU005520,SCH009,2025-01-01,1,1,
ATT202501005521,STU005521,SCH049,2025-01-01,3,2,Illness
ATT202501005523,STU005523,SCH020,2025-01-01,3,3,
ATT202501005524,STU005524,SCH016,2025-01-01,1,1,
ATT202501005525,STU005525,SCH022,2025-01-01,2,2,
ATT202501005526,STU005526,SCH047,2025-01-01,1,1,
ATT202501005527,STU005527,SCH021,2025-01-01,3,2,Illness
ATT202501005528,STU005528,SCH009,2025-01-01,1,1,
ATT202501005529,STU005529,SCH005,2025-01-01,3,3,
ATT202501005530,STU005530,SCH016,2025-01-01,1,1,
ATT202501005531,STU005531,SCH012,2025-01-01,2,2,
ATT202501005532,STU005532,SCH030,2025-01-01,2,2,
ATT202501005533,STU005533,SCH026,2025-01-01,3,3,
ATT202501005534,STU005534,SCH008,2025-01-01,1,1,
ATT202501005535,STU005535,SCH028,2025-01-01,1,1,
ATT202501005536,STU005536,SCH010,2025-01-01,2,2,
ATT202501005537,STU005537,SCH038,2025-01-01,1,1,
ATT202501005538,STU005538,SCH032,2025-01-01,3,3,
ATT202501005539,STU005539,SCH010,2025-01-01,3,2,Family
ATT202501005540,STU005540,SCH029,2025-01-01,3,3,
ATT202501005541,STU005541,SCH044,2025-01-01,2,2,
ATT202501005542,STU005542,SCH039,2025-01-01,1,1,
ATT202501005543,STU005543,SCH015,2025-01-01,3,3,
ATT202501005544,STU005544,SCH023,2025-01-01,3,3,
ATT202501005545,STU005545,SCH010,2025-01-01,3,3,
ATT202501005546,STU005546,SCH046,2025-01-01,1,1,
ATT202501005547,STU005547,SCH008,2025-01-01,3,3,
ATT202501005548,STU005548,SCH008,2025-01-01,2,2,
ATT202501005549,STU005549,SCH037,2025-01-01,3,3,
ATT202501005550,STU005550,SCH032,2025-01-01,2,2,
ATT202501005551,STU005551,SCH033,2025-01-01,2,2,
ATT202501005552,STU005552,SCH030,2025-01-01,1,1,
ATT202501005553,STU005553,SCH039,2025-01-01,2,2,
ATT202501005554,STU005554,SCH002,2025-01-01,3,2,Medical
ATT202501005555,STU005555,SCH041,2025-01-01,2,2,
ATT202501005557,STU005557,SCH006,2025-01-01,2,2,
ATT202501005558,STU005558,SCH020,2025-01-01,2,2,
ATT202501005559,STU005559,SCH007,2025-01-01,1,1,
ATT202501005560,STU005560,SCH031,2025-01-01,3,3,
ATT202501005561,STU005561,SCH035,2025-01-01,1,1,
ATT202501005562,STU005562,SCH020,2025-01-01,3,3,
ATT202501005564,STU005564,SCH004,2025-01-01,1,1,
ATT202501005565,STU005565,SCH010,2025-01-01,3,3,
ATT202501005566,STU005566,SCH043,2025-01-01,2,2,
ATT202501005567,STU005567,SCH009,2025-01-01,3,3,
ATT202501005568,STU005568,SCH049,2025-01-01,1,1,
ATT202501005569,STU005569,SCH005,2025-01-01,2,2,
ATT202501005570,STU005570,SCH001,2025-01-01,3,3,
ATT202501005571,STU005571,SCH047,2025-01-01,2,2,
ATT202501005573,STU005573,SCH048,2025-01-01,1,1,
ATT202501005574,STU005574,SCH014,2025-01-01,3,3,
ATT202501005575,STU005575,SCH024,2025-01-01,2,2,
ATT202501005576,STU005576,SCH025,2025-01-01,1,1,
ATT202501005577,STU005577,SCH028,2025-01-01,2,2,
ATT202501005578,STU005578,SCH014,2025-01-01,3,3,
ATT202501005579,STU005579,SCH050,2025-01-01,3,3,
ATT202501005580,STU005580,SCH035,2025-01-01,3,3,
ATT202501005581,STU005581,SCH030,2025-01-01,3,3,
ATT202501005582,STU005582,SCH031,2025-01-01,3,3,
ATT202501005583,STU005583,SCH030,2025-01-01,3,3,
ATT202501005584,STU005584,SCH023,2025-01-01,3,3,
ATT202501005585,STU005585,SCH033,2025-01-01,2,2,
ATT202501005586,STU005586,SCH044,2025-01-01,2,2,
ATT202501005588,STU005588,SCH045,2025-01-01,2,2,
ATT202501005589,STU005589,SCH009,2025-01-01,2,2,
ATT202501005590,STU005590,SCH050,2025-01-01,3,3,
ATT202501005591,STU005591,SCH027,2025-01-01,1,1,
ATT202501005592,STU005592,SCH040,2025-01-01,1,1,
ATT202501005593,STU005593,SCH014,2025-01-01,2,2,
ATT202501005594,STU005594,SCH046,2025-01-01,1,1,
ATT202501005595,STU005595,SCH044,2025-01-01,3,3,
ATT202501005596,STU005596,SCH020,2025-01-01,1,1,
ATT202501005597,STU005597,SCH017,2025-01-01,3,3,
ATT202501005598,STU005598,SCH014,2025-01-01,3,3,
ATT202501005599,STU005599,SCH018,2025-01-01,1,1,
ATT202501005600,STU005600,SCH050,2025-01-01,1,1,
ATT202501005601,STU005601,SCH017,2025-01-01,1,1,
ATT202501005603,STU005603,SCH017,2025-01-01,3,2,Unauthorised
ATT202501005604,STU005604,SCH004,2025-01-01,3,3,
ATT202501005606,STU005606,SCH004,2025-01-01,2,2,
ATT202501005607,STU005607,SCH041,2025-01-01,3,3,
ATT202501005608,STU005608,SCH050,2025-01-01,1,1,
ATT202501005609,STU005609,SCH015,2025-01-01,1,1,
ATT202501005610,STU005610,SCH010,2025-01-01,1,1,
ATT202501005611,STU005611,SCH035,2025-01-01,3,3,
ATT202501005612,STU005612,SCH009,2025-01-01,2,2,
ATT202501005613,STU005613,SCH025,2025-01-01,1,1,
ATT202501005614,STU005614,SCH031,2025-01-01,1,1,
ATT202501005615,STU005615,SCH045,2025-01-01,2,2,
ATT202501005616,STU005616,SCH005,2025-01-01,2,2,
ATT202501005617,STU005617,SCH019,2025-01-01,3,3,
ATT202501005618,STU005618,SCH034,2025-01-01,1,1,
ATT202501005620,STU005620,SCH019,2025-01-01,1,1,
ATT202501005621,STU005621,SCH005,2025-01-01,1,1,
ATT202501005622,STU005622,SCH021,2025-01-01,2,2,
ATT202501005623,STU005623,SCH015,2025-01-01,1,1,
ATT202501005624,STU005624,SCH021,2025-01-01,2,2,
ATT202501005625,STU005625,SCH029,2025-01-01,2,2,
ATT202501005626,STU005626,SCH045,2025-01-01,2,2,
ATT202501005629,STU005629,SCH034,2025-01-01,2,2,
ATT202501005630,STU005630,SCH025,2025-01-01,3,3,
ATT202501005631,STU005631,SCH020,2025-01-01,2,2,
ATT202501005632,STU005632,SCH035,2025-01-01,3,3,
ATT202501005633,STU005633,SCH027,2025-01-01,3,3,
ATT202501005634,STU005634,SCH001,2025-01-01,3,3,
ATT202501005635,STU005635,SCH013,2025-01-01,3,3,
ATT202501005636,STU005636,SCH039,2025-01-01,3,3,
ATT202501005637,STU005637,SCH010,2025-01-01,2,2,
ATT202501005638,STU005638,SCH044,2025-01-01,1,1,
ATT202501005639,STU005639,SCH045,2025-01-01,1,1,
ATT202501005640,STU005640,SCH025,2025-01-01,3,3,
ATT202501005641,STU005641,SCH013,2025-01-01,3,3,
ATT202501005642,STU005642,SCH038,2025-01-01,3,3,
ATT202501005644,STU005644,SCH012,2025-01-01,3,3,
ATT202501005645,STU005645,SCH046,2025-01-01,2,2,
ATT202501005646,STU005646,SCH015,2025-01-01,1,1,
ATT202501005647,STU005647,SCH038,2025-01-01,2,2,
ATT202501005648,STU005648,SCH037,2025-01-01,1,1,
ATT202501005649,STU005649,SCH028,2025-01-01,3,3,
ATT202501005650,STU005650,SCH031,2025-01-01,1,1,
ATT202501005651,STU005651,SCH019,2025-01-01,3,3,
ATT202501005652,STU005652,SCH046,2025-01-01,2,2,
ATT202501005653,STU005653,SCH035,2025-01-01,1,1,
ATT202501005654,STU005654,SCH019,2025-01-01,1,1,
ATT202501005655,STU005655,SCH013,2025-01-01,1,1,
ATT202501005656,STU005656,SCH041,2025-01-01,2,2,
ATT202501005657,STU005657,SCH031,2025-01-01,3,3,
ATT202501005658,STU005658,SCH006,2025-01-01,2,2,
ATT202501005659,STU005659,SCH023,2025-01-01,3,3,
ATT202501005660,STU005660,SCH040,2025-01-01,2,2,
ATT202501005661,STU005661,SCH021,2025-01-01,3,3,
ATT202501005662,STU005662,SCH044,2025-01-01,3,3,
ATT202501005663,STU005663,SCH045,2025-01-01,3,3,
ATT202501005665,STU005665,SCH049,2025-01-01,3,3,
ATT202501005666,STU005666,SCH035,2025-01-01,3,3,
ATT202501005667,STU005667,SCH033,2025-01-01,2,2,
ATT202501005668,STU005668,SCH002,2025-01-01,1,1,
ATT202501005671,STU005671,SCH014,2025-01-01,3,3,
ATT202501005672,STU005672,SCH016,2025-01-01,2,2,
ATT202501005673,STU005673,SCH017,2025-01-01,3,2,Medical
ATT202501005675,STU005675,SCH010,2025-01-01,2,2,
ATT202501005676,STU005676,SCH012,2025-01-01,2,2,
ATT202501005677,STU005677,SCH035,2025-01-01,3,3,
ATT202501005678,STU005678,SCH001,2025-01-01,3,3,
ATT202501005679,STU005679,SCH016,2025-01-01,1,1,
ATT202501005680,STU005680,SCH023,2025-01-01,2,2,
ATT202501005681,STU005681,SCH050,2025-01-01,3,3,
ATT202501005682,STU005682,SCH043,2025-01-01,3,3,
ATT202501005683,STU005683,SCH011,2025-01-01,3,3,
ATT202501005685,STU005685,SCH041,2025-01-01,1,1,
ATT202501005686,STU005686,SCH012,2025-01-01,3,3,
ATT202501005687,STU005687,SCH035,2025-01-01,2,2,
ATT202501005689,STU005689,SCH013,2025-01-01,3,3,
ATT202501005690,STU005690,SCH043,2025-01-01,3,3,
ATT202501005691,STU005691,SCH050,2025-01-01,3,3,
ATT202501005693,STU005693,SCH046,2025-01-01,3,3,
ATT202501005694,STU005694,SCH040,2025-01-01,1,1,
ATT202501005695,STU005695,SCH027,2025-01-01,2,2,
ATT202501005696,STU005696,SCH017,2025-01-01,1,1,
ATT202501005697,STU005697,SCH036,2025-01-01,2,2,
ATT202501005698,STU005698,SCH042,2025-01-01,3,2,Other
ATT202501005699,STU005699,SCH048,2025-01-01,2,2,
ATT202501005701,STU005701,SCH044,2025-01-01,1,1,
ATT202501005702,STU005702,SCH017,2025-01-01,3,2,Other
ATT202501005703,STU005703,SCH026,2025-01-01,3,3,
ATT202501005704,STU005704,SCH039,2025-01-01,3,3,
ATT202501005705,STU005705,SCH016,2025-01-01,1,1,
ATT202501005707,STU005707,SCH009,2025-01-01,2,2,
ATT202501005708,STU005708,SCH012,2025-01-01,1,1,
ATT202501005709,STU005709,SCH036,2025-01-01,2,2,
ATT202501005710,STU005710,SCH008,2025-01-01,2,2,
ATT202501005711,STU005711,SCH037,2025-01-01,1,1,
ATT202501005712,STU005712,SCH047,2025-01-01,1,1,
ATT202501005713,STU005713,SCH030,2025-01-01,3,3,
ATT202501005714,STU005714,SCH027,2025-01-01,1,1,
ATT202501005715,STU005715,SCH005,2025-01-01,2,2,
ATT202501005716,STU005716,SCH017,2025-01-01,2,2,
ATT202501005717,STU005717,SCH041,2025-01-01,2,2,
ATT202501005718,STU005718,SCH011,2025-01-01,2,2,
ATT202501005720,STU005720,SCH018,2025-01-01,1,1,
ATT202501005722,STU005722,SCH050,2025-01-01,1,1,
ATT202501005723,STU005723,SCH010,2025-01-01,3,3,
ATT202501005724,STU005724,SCH017,2025-01-01,1,1,
ATT202501005727,STU005727,SCH027,2025-01-01,3,3,
ATT202501005729,STU005729,SCH034,2025-01-01,2,2,
ATT202501005730,STU005730,SCH027,2025-01-01,3,3,
ATT202501005731,STU005731,SCH038,2025-01-01,2,2,
ATT202501005732,STU005732,SCH044,2025-01-01,1,1,
ATT202501005733,STU005733,SCH025,2025-01-01,3,3,
ATT202501005735,STU005735,SCH020,2025-01-01,3,3,
ATT202501005736,STU005736,SCH007,2025-01-01,1,1,
ATT202501005737,STU005737,SCH040,2025-01-01,2,2,
ATT202501005738,STU005738,SCH020,2025-01-01,1,1,
ATT202501005740,STU005740,SCH023,2025-01-01,2,2,
ATT202501005741,STU005741,SCH010,2025-01-01,3,3,
ATT202501005742,STU005742,SCH049,2025-01-01,2,2,
ATT202501005743,STU005743,SCH050,2025-01-01,1,1,
ATT202501005744,STU005744,SCH050,2025-01-01,1,1,
ATT202501005745,STU005745,SCH019,2025-01-01,1,1,
ATT202501005746,STU005746,SCH033,2025-01-01,1,1,
ATT202501005747,STU005747,SCH039,2025-01-01,3,3,
ATT202501005748,STU005748,SCH046,2025-01-01,2,2,
ATT202501005749,STU005749,SCH004,2025-01-01,1,1,
ATT202501005750,STU005750,SCH047,2025-01-01,1,1,
ATT202501005751,STU005751,SCH007,2025-01-01,2,2,
ATT202501005752,STU005752,SCH025,2025-01-01,3,3,
ATT202501005753,STU005753,SCH044,2025-01-01,3,2,Unauthorised
ATT202501005754,STU005754,SCH049,2025-01-01,2,2,
ATT202501005755,STU005755,SCH004,2025-01-01,2,2,
ATT202501005756,STU005756,SCH016,2025-01-01,1,1,
ATT202501005757,STU005757,SCH042,2025-01-01,3,3,
ATT202501005758,STU005758,SCH031,2025-01-01,2,2,
ATT202501005759,STU005759,SCH012,2025-01-01,1,1,
ATT202501005761,STU005761,SCH014,2025-01-01,1,1,
ATT202501005762,STU005762,SCH025,2025-01-01,1,1,
ATT202501005763,STU005763,SCH040,2025-01-01,3,3,
ATT202501005764,STU005764,SCH002,2025-01-01,2,2,
ATT202501005766,STU005766,SCH013,2025-01-01,1,1,
ATT202501005767,STU005767,SCH040,2025-01-01,2,2,
ATT202501005768,STU005768,SCH033,2025-01-01,2,2,
ATT202501005770,STU005770,SCH046,2025-01-01,1,1,
ATT202501005771,STU005771,SCH004,2025-01-01,2,2,
ATT202501005773,STU005773,SCH011,2025-01-01,1,1,
ATT202501005775,STU005775,SCH026,2025-01-01,2,2,
ATT202501005776,STU005776,SCH047,2025-01-01,1,1,
ATT202501005777,STU005777,SCH017,2025-01-01,1,1,
ATT202501005778,STU005778,SCH035,2025-01-01,1,1,
ATT202501005779,STU005779,SCH006,2025-01-01,2,2,
ATT202501005780,STU005780,SCH025,2025-01-01,3,3,
ATT202501005781,STU005781,SCH043,2025-01-01,3,3,
ATT202501005782,STU005782,SCH040,2025-01-01,2,2,
ATT202501005783,STU005783,SCH023,2025-01-01,1,1,
ATT202501005784,STU005784,SCH043,2025-01-01,1,1,
ATT202501005785,STU005785,SCH049,2025-01-01,3,3,
ATT202501005787,STU005787,SCH012,2025-01-01,3,3,
ATT202501005788,STU005788,SCH016,2025-01-01,1,1,
ATT202501005789,STU005789,SCH021,2025-01-01,3,2,Illness
ATT202501005790,STU005790,SCH040,2025-01-01,3,3,
ATT202501005791,STU005791,SCH040,2025-01-01,2,2,
ATT202501005792,STU005792,SCH037,2025-01-01,3,3,
ATT202501005793,STU005793,SCH024,2025-01-01,1,1,
ATT202501005794,STU005794,SCH031,2025-01-01,3,2,Other
ATT202501005795,STU005795,SCH024,2025-01-01,3,3,
ATT202501005796,STU005796,SCH042,2025-01-01,2,2,
ATT202501005797,STU005797,SCH030,2025-01-01,1,1,
ATT202501005798,STU005798,SCH032,2025-01-01,2,2,
ATT202501005799,STU005799,SCH015,2025-01-01,2,2,
ATT202501005800,STU005800,SCH014,2025-01-01,2,2,
ATT202501005802,STU005802,SCH010,2025-01-01,2,2,
ATT202501005803,STU005803,SCH043,2025-01-01,3,3,
ATT202501005804,STU005804,SCH027,2025-01-01,1,1,
ATT202501005805,STU005805,SCH014,2025-01-01,3,3,
ATT202501005807,STU005807,SCH010,2025-01-01,3,3,
ATT202501005808,STU005808,SCH019,2025-01-01,1,1,
ATT202501005809,STU005809,SCH045,2025-01-01,3,3,
ATT202501005810,STU005810,SCH026,2025-01-01,3,3,
ATT202501005812,STU005812,SCH015,2025-01-01,1,1,
ATT202501005813,STU005813,SCH002,2025-01-01,2,2,
ATT202501005814,STU005814,SCH009,2025-01-01,1,1,
ATT202501005815,STU005815,SCH033,2025-01-01,3,3,
ATT202501005816,STU005816,SCH027,2025-01-01,1,1,
ATT202501005817,STU005817,SCH026,2025-01-01,2,2,
ATT202501005818,STU005818,SCH040,2025-01-01,2,2,
ATT202501005819,STU005819,SCH041,2025-01-01,3,3,
ATT202501005820,STU005820,SCH021,2025-01-01,1,1,
ATT202501005821,STU005821,SCH018,2025-01-01,2,2,
ATT202501005822,STU005822,SCH034,2025-01-01,1,1,
ATT202501005823,STU005823,SCH005,2025-01-01,3,3,
ATT202501005824,STU005824,SCH013,2025-01-01,1,1,
ATT202501005825,STU005825,SCH028,2025-01-01,3,3,
ATT202501005826,STU005826,SCH035,2025-01-01,3,3,
ATT202501005827,STU005827,SCH001,2025-01-01,2,2,
ATT202501005828,STU005828,SCH036,2025-01-01,1,1,
ATT202501005829,STU005829,SCH041,2025-01-01,3,3,
ATT202501005830,STU005830,SCH009,2025-01-01,2,2,
ATT202501005831,STU005831,SCH015,2025-01-01,3,3,
ATT202501005832,STU005832,SCH030,2025-01-01,2,2,
ATT202501005834,STU005834,SCH029,2025-01-01,1,1,
ATT202501005835,STU005835,SCH037,2025-01-01,2,2,
ATT202501005836,STU005836,SCH036,2025-01-01,3,3,
ATT202501005837,STU005837,SCH001,2025-01-01,3,3,
ATT202501005838,STU005838,SCH029,2025-01-01,1,1,
ATT202501005839,STU005839,SCH043,2025-01-01,1,1,
ATT202501005840,STU005840,SCH041,2025-01-01,1,1,
ATT202501005841,STU005841,SCH043,2025-01-01,1,1,
ATT202501005842,STU005842,SCH046,2025-01-01,1,1,
ATT202501005843,STU005843,SCH031,2025-01-01,2,2,
ATT202501005845,STU005845,SCH046,2025-01-01,2,2,
ATT202501005846,STU005846,SCH002,2025-01-01,1,1,
ATT202501005847,STU005847,SCH038,2025-01-01,3,3,
ATT202501005848,STU005848,SCH029,2025-01-01,3,3,
ATT202501005849,STU005849,SCH026,2025-01-01,3,3,
ATT202501005850,STU005850,SCH043,2025-01-01,3,3,
ATT202501005851,STU005851,SCH036,2025-01-01,1,1,
ATT202501005852,STU005852,SCH044,2025-01-01,3,3,
ATT202501005853,STU005853,SCH029,2025-01-01,3,3,
ATT202501005854,STU005854,SCH023,2025-01-01,2,2,
ATT202501005855,STU005855,SCH014,2025-01-01,1,1,
ATT202501005856,STU005856,SCH029,2025-01-01,1,1,
ATT202501005857,STU005857,SCH018,2025-01-01,1,1,
ATT202501005858,STU005858,SCH006,2025-01-01,1,1,
ATT202501005859,STU005859,SCH048,2025-01-01,2,2,
ATT202501005860,STU005860,SCH003,2025-01-01,2,2,
ATT202501005861,STU005861,SCH035,2025-01-01,1,1,
ATT202501005862,STU005862,SCH011,2025-01-01,2,2,
ATT202501005863,STU005863,SCH008,2025-01-01,3,3,
ATT202501005864,STU005864,SCH030,2025-01-01,2,2,
ATT202501005865,STU005865,SCH031,2025-01-01,3,3,
ATT202501005866,STU005866,SCH009,2025-01-01,3,3,
ATT202501005867,STU005867,SCH046,2025-01-01,1,1,
ATT202501005868,STU005868,SCH045,2025-01-01,1,1,
ATT202501005869,STU005869,SCH023,2025-01-01,3,3,
ATT202501005870,STU005870,SCH009,2025-01-01,1,1,
ATT202501005871,STU005871,SCH035,2025-01-01,1,1,
ATT202501005872,STU005872,SCH040,2025-01-01,1,1,
ATT202501005873,STU005873,SCH033,2025-01-01,3,3,
ATT202501005874,STU005874,SCH002,2025-01-01,1,1,
ATT202501005875,STU005875,SCH049,2025-01-01,3,2,Unauthorised
ATT202501005876,STU005876,SCH025,2025-01-01,3,3,
ATT202501005877,STU005877,SCH032,2025-01-01,1,1,
ATT202501005878,STU005878,SCH003,2025-01-01,3,3,
ATT202501005879,STU005879,SCH030,2025-01-01,3,3,
ATT202501005880,STU005880,SCH023,2025-01-01,2,2,
ATT202501005881,STU005881,SCH014,2025-01-01,1,1,
ATT202501005882,STU005882,SCH015,2025-01-01,3,3,
ATT202501005883,STU005883,SCH008,2025-01-01,2,2,
ATT202501005884,STU005884,SCH014,2025-01-01,1,1,
ATT202501005885,STU005885,SCH001,2025-01-01,3,2,Medical
ATT202501005886,STU005886,SCH028,2025-01-01,3,3,
ATT202501005887,STU005887,SCH022,2025-01-01,3,3,
ATT202501005888,STU005888,SCH034,2025-01-01,3,3,
ATT202501005889,STU005889,SCH007,2025-01-01,3,3,
ATT202501005890,STU005890,SCH036,2025-01-01,1,1,
ATT202501005891,STU005891,SCH003,2025-01-01,2,2,
ATT202501005892,STU005892,SCH041,2025-01-01,2,2,
ATT202501005893,STU005893,SCH013,2025-01-01,3,3,
ATT202501005894,STU005894,SCH025,2025-01-01,3,3,
ATT202501005895,STU005895,SCH016,2025-01-01,2,2,
ATT202501005896,STU005896,SCH046,2025-01-01,1,1,
ATT202501005897,STU005897,SCH021,2025-01-01,1,1,
ATT202501005898,STU005898,SCH014,2025-01-01,3,3,
ATT202501005899,STU005899,SCH042,2025-01-01,1,1,
ATT202501005900,STU005900,SCH016,2025-01-01,1,1,
ATT202501005901,STU005901,SCH044,2025-01-01,1,1,
ATT202501005902,STU005902,SCH044,2025-01-01,1,1,
ATT202501005903,STU005903,SCH044,2025-01-01,2,2,
ATT202501005904,STU005904,SCH019,2025-01-01,2,2,
ATT202501005905,STU005905,SCH049,2025-01-01,2,2,
ATT202501005906,STU005906,SCH040,2025-01-01,1,1,
ATT202501005907,STU005907,SCH007,2025-01-01,1,1,
ATT202501005908,STU005908,SCH040,2025-01-01,1,1,
ATT202501005909,STU005909,SCH015,2025-01-01,3,3,
ATT202501005910,STU005910,SCH023,2025-01-01,3,3,
ATT202501005911,STU005911,SCH011,2025-01-01,3,3,
ATT202501005912,STU005912,SCH002,2025-01-01,2,2,
ATT202501005913,STU005913,SCH017,2025-01-01,3,3,
ATT202501005914,STU005914,SCH049,2025-01-01,2,2,
ATT202501005915,STU005915,SCH047,2025-01-01,1,1,
ATT202501005916,STU005916,SCH045,2025-01-01,2,2,
ATT202501005918,STU005918,SCH038,2025-01-01,1,1,
ATT202501005919,STU005919,SCH038,2025-01-01,1,1,
ATT202501005920,STU005920,SCH038,2025-01-01,1,1,
ATT202501005921,STU005921,SCH041,2025-01-01,2,2,
ATT202501005922,STU005922,SCH020,2025-01-01,2,2,
ATT202501005923,STU005923,SCH045,2025-01-01,3,3,
ATT202501005924,STU005924,SCH020,2025-01-01,2,2,
ATT202501005925,STU005925,SCH050,2025-01-01,2,2,
ATT202501005926,STU005926,SCH007,2025-01-01,3,3,
ATT202501005927,STU005927,SCH038,2025-01-01,2,2,
ATT202501005928,STU005928,SCH017,2025-01-01,1,1,
ATT202501005929,STU005929,SCH023,2025-01-01,2,2,
ATT202501005930,STU005930,SCH023,2025-01-01,2,2,
ATT202501005931,STU005931,SCH047,2025-01-01,1,1,
ATT202501005932,STU005932,SCH031,2025-01-01,3,3,
ATT202501005933,STU005933,SCH010,2025-01-01,1,1,
ATT202501005934,STU005934,SCH016,2025-01-01,2,2,
ATT202501005935,STU005935,SCH012,2025-01-01,3,3,
ATT202501005936,STU005936,SCH008,2025-01-01,2,2,
ATT202501005937,STU005937,SCH038,2025-01-01,1,1,
ATT202501005938,STU005938,SCH024,2025-01-01,2,2,
ATT202501005939,STU005939,SCH025,2025-01-01,2,2,
ATT202501005940,STU005940,SCH046,2025-01-01,1,1,
ATT202501005941,STU005941,SCH046,2025-01-01,1,1,
ATT202501005942,STU005942,SCH008,2025-01-01,1,1,
ATT202501005943,STU005943,SCH045,2025-01-01,1,1,
ATT202501005944,STU005944,SCH011,2025-01-01,2,2,
ATT202501005945,STU005945,SCH045,2025-01-01,1,1,
ATT202501005947,STU005947,SCH045,2025-01-01,3,3,
ATT202501005948,STU005948,SCH009,2025-01-01,3,3,
ATT202501005949,STU005949,SCH001,2025-01-01,2,2,
ATT202501005950,STU005950,SCH045,2025-01-01,1,1,
ATT202501005952,STU005952,SCH005,2025-01-01,2,2,
ATT202501005953,STU005953,SCH013,2025-01-01,1,1,
ATT202501005954,STU005954,SCH042,2025-01-01,2,2,
ATT202501005955,STU005955,SCH013,2025-01-01,3,3,
ATT202501005956,STU005956,SCH042,2025-01-01,3,3,
ATT202501005958,STU005958,SCH007,2025-01-01,3,3,
ATT202501005959,STU005959,SCH042,2025-01-01,1,1,
ATT202501005960,STU005960,SCH042,2025-01-01,3,2,Unauthorised
ATT202501005961,STU005961,SCH046,2025-01-01,2,2,
ATT202501005962,STU005962,SCH019,2025-01-01,1,1,
ATT202501005963,STU005963,SCH027,2025-01-01,1,1,
ATT202501005964,STU005964,SCH006,2025-01-01,2,2,
ATT202501005965,STU005965,SCH021,2025-01-01,3,3,
ATT202501005967,STU005967,SCH033,2025-01-01,1,1,
ATT202501005968,STU005968,SCH031,2025-01-01,2,2,
ATT202501005969,STU005969,SCH050,2025-01-01,2,2,
ATT202501005970,STU005970,SCH045,2025-01-01,1,1,
ATT202501005971,STU005971,SCH023,2025-01-01,3,3,
ATT202501005972,STU005972,SCH007,2025-01-01,3,3,
ATT202501005973,STU005973,SCH041,2025-01-01,1,1,
ATT202501005975,STU005975,SCH005,2025-01-01,3,3,
ATT202501005976,STU005976,SCH039,2025-01-01,3,3,
ATT202501005977,STU005977,SCH040,2025-01-01,3,3,
ATT202501005978,STU005978,SCH050,2025-01-01,2,2,
ATT202501005979,STU005979,SCH033,2025-01-01,2,2,
ATT202501005980,STU005980,SCH026,2025-01-01,1,1,
ATT202501005981,STU005981,SCH050,2025-01-01,2,2,
ATT202501005982,STU005982,SCH023,2025-01-01,3,3,
ATT202501005983,STU005983,SCH004,2025-01-01,1,1,
ATT202501005984,STU005984,SCH004,2025-01-01,1,1,
ATT202501005986,STU005986,SCH045,2025-01-01,2,2,
ATT202501005987,STU005987,SCH005,2025-01-01,1,1,
ATT202501005988,STU005988,SCH027,2025-01-01,3,3,
ATT202501005990,STU005990,SCH017,2025-01-01,3,3,
ATT202501005991,STU005991,SCH003,2025-01-01,3,3,
ATT202501005992,STU005992,SCH012,2025-01-01,3,3,
ATT202501005993,STU005993,SCH042,2025-01-01,3,3,
ATT202501005994,STU005994,SCH007,2025-01-01,1,1,
ATT202501005995,STU005995,SCH011,2025-01-01,3,3,
ATT202501005996,STU005996,SCH016,2025-01-01,2,2,
ATT202501005997,STU005997,SCH049,2025-01-01,1,1,
ATT202501005998,STU005998,SCH024,2025-01-01,2,2,
ATT202501005999,STU005999,SCH032,2025-01-01,3,3,
ATT202501006000,STU006000,SCH039,2025-01-01,1,1,
ATT202501006001,STU006001,SCH017,2025-01-01,3,2,Illness
ATT202501006002,STU006002,SCH003,2025-01-01,3,3,
ATT202501006003,STU006003,SCH008,2025-01-01,1,1,
ATT202501006004,STU006004,SCH036,2025-01-01,2,2,
ATT202501006005,STU006005,SCH029,2025-01-01,2,2,
ATT202501006006,STU006006,SCH002,2025-01-01,1,1,
ATT202501006007,STU006007,SCH047,2025-01-01,3,3,
ATT202501006008,STU006008,SCH007,2025-01-01,1,1,
ATT202501006009,STU006009,SCH007,2025-01-01,2,2,
ATT202501006010,STU006010,SCH022,2025-01-01,3,3,
ATT202501006011,STU006011,SCH015,2025-01-01,2,2,
ATT202501006012,STU006012,SCH013,2025-01-01,3,3,
ATT202501006013,STU006013,SCH002,2025-01-01,1,1,
ATT202501006014,STU006014,SCH036,2025-01-01,2,2,
ATT202501006015,STU006015,SCH046,2025-01-01,3,3,
ATT202501006016,STU006016,SCH041,2025-01-01,1,1,
ATT202501006017,STU006017,SCH010,2025-01-01,3,3,
ATT202501006018,STU006018,SCH012,2025-01-01,2,2,
ATT202501006019,STU006019,SCH010,2025-01-01,3,2,Other
ATT202501006020,STU006020,SCH012,2025-01-01,2,2,
ATT202501006021,STU006021,SCH008,2025-01-01,1,1,
ATT202501006022,STU006022,SCH037,2025-01-01,3,3,
ATT202501006023,STU006023,SCH012,2025-01-01,3,3,
ATT202501006024,STU006024,SCH025,2025-01-01,2,2,
ATT202501006025,STU006025,SCH002,2025-01-01,1,1,
ATT202501006026,STU006026,SCH006,2025-01-01,2,2,
ATT202501006027,STU006027,SCH035,2025-01-01,3,3,
ATT202501006028,STU006028,SCH025,2025-01-01,2,2,
ATT202501006029,STU006029,SCH026,2025-01-01,2,2,
ATT202501006030,STU006030,SCH044,2025-01-01,3,3,
ATT202501006031,STU006031,SCH041,2025-01-01,3,3,
ATT202501006032,STU006032,SCH047,2025-01-01,1,1,
ATT202501006033,STU006033,SCH026,2025-01-01,1,1,
ATT202501006034,STU006034,SCH020,2025-01-01,1,1,
ATT202501006035,STU006035,SCH046,2025-01-01,1,1,
ATT202501006036,STU006036,SCH024,2025-01-01,1,1,
ATT202501006037,STU006037,SCH016,2025-01-01,3,3,
ATT202501006038,STU006038,SCH050,2025-01-01,3,3,
ATT202501006039,STU006039,SCH041,2025-01-01,1,1,
ATT202501006041,STU006041,SCH022,2025-01-01,1,1,
ATT202501006042,STU006042,SCH001,2025-01-01,3,2,Illness
ATT202501006043,STU006043,SCH018,2025-01-01,1,1,
ATT202501006044,STU006044,SCH046,2025-01-01,3,2,Family
ATT202501006045,STU006045,SCH042,2025-01-01,1,1,
ATT202501006046,STU006046,SCH028,2025-01-01,2,2,
ATT202501006047,STU006047,SCH049,2025-01-01,1,1,
ATT202501006048,STU006048,SCH048,2025-01-01,2,2,
ATT202501006049,STU006049,SCH011,2025-01-01,2,2,
ATT202501006051,STU006051,SCH046,2025-01-01,2,2,
ATT202501006052,STU006052,SCH045,2025-01-01,2,2,
ATT202501006053,STU006053,SCH025,2025-01-01,1,1,
ATT202501006054,STU006054,SCH016,2025-01-01,2,2,
ATT202501006055,STU006055,SCH046,2025-01-01,1,1,
ATT202501006056,STU006056,SCH022,2025-01-01,1,1,
ATT202501006057,STU006057,SCH035,2025-01-01,2,2,
ATT202501006058,STU006058,SCH018,2025-01-01,3,3,
ATT202501006059,STU006059,SCH011,2025-01-01,1,1,
ATT202501006060,STU006060,SCH030,2025-01-01,2,2,
ATT202501006061,STU006061,SCH035,2025-01-01,3,3,
ATT202501006062,STU006062,SCH021,2025-01-01,2,2,
ATT202501006064,STU006064,SCH002,2025-01-01,1,1,
ATT202501006066,STU006066,SCH035,2025-01-01,2,2,
ATT202501006067,STU006067,SCH027,2025-01-01,2,2,
ATT202501006068,STU006068,SCH026,2025-01-01,2,2,
ATT202501006069,STU006069,SCH048,2025-01-01,3,3,
ATT202501006070,STU006070,SCH030,2025-01-01,3,2,Family
ATT202501006071,STU006071,SCH029,2025-01-01,2,2,
ATT202501006072,STU006072,SCH040,2025-01-01,1,1,
ATT202501006074,STU006074,SCH048,2025-01-01,3,3,
ATT202501006075,STU006075,SCH001,2025-01-01,2,2,
ATT202501006076,STU006076,SCH021,2025-01-01,1,1,
ATT202501006077,STU006077,SCH014,2025-01-01,3,3,
ATT202501006078,STU006078,SCH011,2025-01-01,1,1,
ATT202501006079,STU006079,SCH028,2025-01-01,3,3,
ATT202501006080,STU006080,SCH021,2025-01-01,1,1,
ATT202501006081,STU006081,SCH009,2025-01-01,1,1,
ATT202501006082,STU006082,SCH014,2025-01-01,2,2,
ATT202501006083,STU006083,SCH016,2025-01-01,1,1,
ATT202501006084,STU006084,SCH031,2025-01-01,3,3,
ATT202501006085,STU006085,SCH034,2025-01-01,3,3,
ATT202501006086,STU006086,SCH011,2025-01-01,1,1,
ATT202501006088,STU006088,SCH005,2025-01-01,2,2,
ATT202501006089,STU006089,SCH020,2025-01-01,3,3,
ATT202501006090,STU006090,SCH037,2025-01-01,2,2,
ATT202501006091,STU006091,SCH038,2025-01-01,3,3,
ATT202501006092,STU006092,SCH004,2025-01-01,1,1,
ATT202501006093,STU006093,SCH022,2025-01-01,3,3,
ATT202501006094,STU006094,SCH014,2025-01-01,3,3,
ATT202501006095,STU006095,SCH019,2025-01-01,1,1,
ATT202501006096,STU006096,SCH005,2025-01-01,2,2,
ATT202501006097,STU006097,SCH021,2025-01-01,3,3,
ATT202501006098,STU006098,SCH050,2025-01-01,2,2,
ATT202501006099,STU006099,SCH001,2025-01-01,2,2,
ATT202501006100,STU006100,SCH004,2025-01-01,1,1,
ATT202501006101,STU006101,SCH002,2025-01-01,2,2,
ATT202501006102,STU006102,SCH021,2025-01-01,2,2,
ATT202501006103,STU006103,SCH037,2025-01-01,2,2,
ATT202501006104,STU006104,SCH034,2025-01-01,3,2,Unauthorised
ATT202501006105,STU006105,SCH028,2025-01-01,2,2,
ATT202501006106,STU006106,SCH010,2025-01-01,1,1,
ATT202501006107,STU006107,SCH035,2025-01-01,1,1,
ATT202501006108,STU006108,SCH002,2025-01-01,3,3,
ATT202501006109,STU006109,SCH026,2025-01-01,2,2,
ATT202501006110,STU006110,SCH033,2025-01-01,2,2,
ATT202501006112,STU006112,SCH003,2025-01-01,3,3,
ATT202501006113,STU006113,SCH019,2025-01-01,2,2,
ATT202501006114,STU006114,SCH036,2025-01-01,1,1,
ATT202501006116,STU006116,SCH004,2025-01-01,1,1,
ATT202501006117,STU006117,SCH030,2025-01-01,3,3,
ATT202501006118,STU006118,SCH026,2025-01-01,1,1,
ATT202501006119,STU006119,SCH037,2025-01-01,2,2,
ATT202501006120,STU006120,SCH041,2025-01-01,3,3,
ATT202501006121,STU006121,SCH043,2025-01-01,1,1,
ATT202501006122,STU006122,SCH034,2025-01-01,2,2,
ATT202501006123,STU006123,SCH025,2025-01-01,1,1,
ATT202501006124,STU006124,SCH021,2025-01-01,2,2,
ATT202501006125,STU006125,SCH043,2025-01-01,3,3,
ATT202501006126,STU006126,SCH021,2025-01-01,1,1,
ATT202501006128,STU006128,SCH012,2025-01-01,1,1,
ATT202501006129,STU006129,SCH026,2025-01-01,2,2,
ATT202501006130,STU006130,SCH034,2025-01-01,2,2,
ATT202501006131,STU006131,SCH003,2025-01-01,2,2,
ATT202501006132,STU006132,SCH044,2025-01-01,2,2,
ATT202501006133,STU006133,SCH030,2025-01-01,1,1,
ATT202501006134,STU006134,SCH020,2025-01-01,2,2,
ATT202501006135,STU006135,SCH027,2025-01-01,2,2,
ATT202501006136,STU006136,SCH020,2025-01-01,2,2,
ATT202501006137,STU006137,SCH049,2025-01-01,3,3,
ATT202501006138,STU006138,SCH031,2025-01-01,2,2,
ATT202501006139,STU006139,SCH025,2025-01-01,3,3,
ATT202501006141,STU006141,SCH027,2025-01-01,3,3,
ATT202501006142,STU006142,SCH047,2025-01-01,3,3,
ATT202501006143,STU006143,SCH048,2025-01-01,1,1,
ATT202501006144,STU006144,SCH004,2025-01-01,2,2,
ATT202501006145,STU006145,SCH010,2025-01-01,1,1,
ATT202501006146,STU006146,SCH008,2025-01-01,3,3,
ATT202501006148,STU006148,SCH002,2025-01-01,2,2,
ATT202501006149,STU006149,SCH008,2025-01-01,3,3,
ATT202501006150,STU006150,SCH008,2025-01-01,3,3,
ATT202501006152,STU006152,SCH010,2025-01-01,2,2,
ATT202501006153,STU006153,SCH010,2025-01-01,2,2,
ATT202501006154,STU006154,SCH031,2025-01-01,1,1,
ATT202501006155,STU006155,SCH001,2025-01-01,3,3,
ATT202501006156,STU006156,SCH047,2025-01-01,1,1,
ATT202501006157,STU006157,SCH038,2025-01-01,3,3,
ATT202501006158,STU006158,SCH024,2025-01-01,1,1,
ATT202501006159,STU006159,SCH027,2025-01-01,2,2,
ATT202501006160,STU006160,SCH011,2025-01-01,3,3,
ATT202501006161,STU006161,SCH012,2025-01-01,3,3,
ATT202501006162,STU006162,SCH018,2025-01-01,2,2,
ATT202501006163,STU006163,SCH035,2025-01-01,2,2,
ATT202501006164,STU006164,SCH045,2025-01-01,3,3,
ATT202501006165,STU006165,SCH048,2025-01-01,1,1,
ATT202501006166,STU006166,SCH006,2025-01-01,1,1,
ATT202501006167,STU006167,SCH010,2025-01-01,1,1,
ATT202501006168,STU006168,SCH031,2025-01-01,2,2,
ATT202501006169,STU006169,SCH008,2025-01-01,3,3,
ATT202501006170,STU006170,SCH024,2025-01-01,3,3,
ATT202501006171,STU006171,SCH023,2025-01-01,1,1,
ATT202501006172,STU006172,SCH014,2025-01-01,3,3,
ATT202501006173,STU006173,SCH010,2025-01-01,3,3,
ATT202501006175,STU006175,SCH017,2025-01-01,3,2,Family
ATT202501006176,STU006176,SCH037,2025-01-01,2,2,
ATT202501006178,STU006178,SCH042,2025-01-01,1,1,
ATT202501006179,STU006179,SCH037,2025-01-01,3,3,
ATT202501006180,STU006180,SCH032,2025-01-01,1,1,
ATT202501006182,STU006182,SCH001,2025-01-01,1,1,
ATT202501006183,STU006183,SCH046,2025-01-01,3,3,
ATT202501006185,STU006185,SCH040,2025-01-01,2,2,
ATT202501006186,STU006186,SCH035,2025-01-01,1,1,
ATT202501006188,STU006188,SCH024,2025-01-01,1,1,
ATT202501006189,STU006189,SCH030,2025-01-01,2,2,
ATT202501006190,STU006190,SCH013,2025-01-01,2,2,
ATT202501006191,STU006191,SCH013,2025-01-01,3,3,
ATT202501006192,STU006192,SCH036,2025-01-01,2,2,
ATT202501006193,STU006193,SCH007,2025-01-01,3,3,
ATT202501006194,STU006194,SCH043,2025-01-01,2,2,
ATT202501006195,STU006195,SCH012,2025-01-01,3,3,
ATT202501006196,STU006196,SCH030,2025-01-01,2,2,
ATT202501006198,STU006198,SCH012,2025-01-01,3,3,
ATT202501006199,STU006199,SCH016,2025-01-01,1,1,
ATT202501006200,STU006200,SCH037,2025-01-01,1,1,
ATT202501006201,STU006201,SCH041,2025-01-01,3,3,
ATT202501006202,STU006202,SCH031,2025-01-01,1,1,
ATT202501006203,STU006203,SCH046,2025-01-01,2,2,
ATT202501006204,STU006204,SCH048,2025-01-01,1,1,
ATT202501006205,STU006205,SCH010,2025-01-01,2,2,
ATT202501006206,STU006206,SCH018,2025-01-01,3,3,
ATT202501006207,STU006207,SCH030,2025-01-01,3,3,
ATT202501006208,STU006208,SCH003,2025-01-01,1,1,
ATT202501006209,STU006209,SCH021,2025-01-01,1,1,
ATT202501006210,STU006210,SCH003,2025-01-01,1,1,
ATT202501006211,STU006211,SCH043,2025-01-01,3,3,
ATT202501006212,STU006212,SCH040,2025-01-01,3,3,
ATT202501006213,STU006213,SCH048,2025-01-01,1,1,
ATT202501006214,STU006214,SCH009,2025-01-01,3,3,
ATT202501006215,STU006215,SCH041,2025-01-01,3,3,
ATT202501006217,STU006217,SCH043,2025-01-01,1,1,
ATT202501006218,STU006218,SCH037,2025-01-01,2,2,
ATT202501006219,STU006219,SCH007,2025-01-01,2,2,
ATT202501006220,STU006220,SCH024,2025-01-01,2,2,
ATT202501006221,STU006221,SCH041,2025-01-01,3,3,
ATT202501006222,STU006222,SCH023,2025-01-01,1,1,
ATT202501006223,STU006223,SCH009,2025-01-01,1,1,
ATT202501006225,STU006225,SCH021,2025-01-01,3,3,
ATT202501006226,STU006226,SCH027,2025-01-01,2,2,
ATT202501006227,STU006227,SCH015,2025-01-01,2,2,
ATT202501006229,STU006229,SCH034,2025-01-01,1,1,
ATT202501006230,STU006230,SCH028,2025-01-01,3,3,
ATT202501006233,STU006233,SCH027,2025-01-01,3,3,
ATT202501006234,STU006234,SCH023,2025-01-01,3,3,
ATT202501006235,STU006235,SCH010,2025-01-01,2,2,
ATT202501006236,STU006236,SCH044,2025-01-01,2,2,
ATT202501006237,STU006237,SCH012,2025-01-01,3,3,
ATT202501006238,STU006238,SCH005,2025-01-01,3,3,
ATT202501006239,STU006239,SCH041,2025-01-01,2,2,
ATT202501006240,STU006240,SCH012,2025-01-01,1,1,
ATT202501006241,STU006241,SCH041,2025-01-01,3,3,
ATT202501006242,STU006242,SCH034,2025-01-01,3,2,Illness
ATT202501006243,STU006243,SCH010,2025-01-01,3,3,
ATT202501006244,STU006244,SCH028,2025-01-01,2,2,
ATT202501006245,STU006245,SCH030,2025-01-01,3,3,
ATT202501006246,STU006246,SCH025,2025-01-01,3,3,
ATT202501006247,STU006247,SCH036,2025-01-01,2,2,
ATT202501006248,STU006248,SCH023,2025-01-01,1,1,
ATT202501006249,STU006249,SCH049,2025-01-01,3,2,Illness
ATT202501006250,STU006250,SCH043,2025-01-01,3,3,
ATT202501006251,STU006251,SCH022,2025-01-01,2,2,
ATT202501006252,STU006252,SCH018,2025-01-01,1,1,
ATT202501006253,STU006253,SCH028,2025-01-01,1,1,
ATT202501006254,STU006254,SCH029,2025-01-01,3,3,
ATT202501006255,STU006255,SCH044,2025-01-01,3,3,
ATT202501006256,STU006256,SCH030,2025-01-01,1,1,
ATT202501006257,STU006257,SCH017,2025-01-01,3,3,
ATT202501006258,STU006258,SCH041,2025-01-01,1,1,
ATT202501006259,STU006259,SCH050,2025-01-01,3,3,
ATT202501006260,STU006260,SCH026,2025-01-01,1,1,
ATT202501006261,STU006261,SCH019,2025-01-01,1,1,
ATT202501006262,STU006262,SCH035,2025-01-01,1,1,
ATT202501006263,STU006263,SCH048,2025-01-01,3,3,
ATT202501006264,STU006264,SCH030,2025-01-01,1,1,
ATT202501006265,STU006265,SCH043,2025-01-01,1,1,
ATT202501006266,STU006266,SCH037,2025-01-01,1,1,
ATT202501006267,STU006267,SCH033,2025-01-01,1,1,
ATT202501006268,STU006268,SCH011,2025-01-01,1,1,
ATT202501006269,STU006269,SCH026,2025-01-01,1,1,
ATT202501006270,STU006270,SCH037,2025-01-01,2,2,
ATT202501006271,STU006271,SCH002,2025-01-01,3,3,
ATT202501006272,STU006272,SCH021,2025-01-01,2,2,
ATT202501006273,STU006273,SCH026,2025-01-01,2,2,
ATT202501006274,STU006274,SCH030,2025-01-01,1,1,
ATT202501006275,STU006275,SCH003,2025-01-01,2,2,
ATT202501006276,STU006276,SCH021,2025-01-01,3,3,
ATT202501006277,STU006277,SCH018,2025-01-01,3,3,
ATT202501006278,STU006278,SCH045,2025-01-01,2,2,
ATT202501006279,STU006279,SCH009,2025-01-01,2,2,
ATT202501006280,STU006280,SCH007,2025-01-01,1,1,
ATT202501006282,STU006282,SCH020,2025-01-01,2,2,
ATT202501006283,STU006283,SCH038,2025-01-01,3,3,
ATT202501006284,STU006284,SCH023,2025-01-01,3,3,
ATT202501006285,STU006285,SCH019,2025-01-01,3,3,
ATT202501006286,STU006286,SCH009,2025-01-01,1,1,
ATT202501006287,STU006287,SCH005,2025-01-01,2,2,
ATT202501006288,STU006288,SCH021,2025-01-01,1,1,
ATT202501006289,STU006289,SCH007,2025-01-01,2,2,
ATT202501006290,STU006290,SCH026,2025-01-01,2,2,
ATT202501006291,STU006291,SCH002,2025-01-01,2,2,
ATT202501006292,STU006292,SCH036,2025-01-01,2,2,
ATT202501006294,STU006294,SCH033,2025-01-01,1,1,
ATT202501006295,STU006295,SCH003,2025-01-01,3,3,
ATT202501006296,STU006296,SCH004,2025-01-01,2,2,
ATT202501006298,STU006298,SCH004,2025-01-01,3,3,
ATT202501006299,STU006299,SCH027,2025-01-01,3,3,
ATT202501006300,STU006300,SCH018,2025-01-01,2,2,
ATT202501006301,STU006301,SCH003,2025-01-01,1,1,
ATT202501006302,STU006302,SCH004,2025-01-01,3,3,
ATT202501006303,STU006303,SCH002,2025-01-01,3,3,
ATT202501006305,STU006305,SCH031,2025-01-01,3,3,
ATT202501006306,STU006306,SCH024,2025-01-01,3,3,
ATT202501006307,STU006307,SCH030,2025-01-01,2,2,
ATT202501006308,STU006308,SCH010,2025-01-01,3,3,
ATT202501006309,STU006309,SCH035,2025-01-01,3,3,
ATT202501006310,STU006310,SCH006,2025-01-01,3,3,
ATT202501006311,STU006311,SCH033,2025-01-01,2,2,
ATT202501006312,STU006312,SCH027,2025-01-01,3,3,
ATT202501006313,STU006313,SCH001,2025-01-01,3,3,
ATT202501006314,STU006314,SCH047,2025-01-01,3,3,
ATT202501006315,STU006315,SCH018,2025-01-01,1,1,
ATT202501006316,STU006316,SCH049,2025-01-01,1,1,
ATT202501006317,STU006317,SCH038,2025-01-01,3,3,
ATT202501006318,STU006318,SCH024,2025-01-01,3,3,
ATT202501006319,STU006319,SCH001,2025-01-01,3,3,
ATT202501006320,STU006320,SCH026,2025-01-01,2,2,
ATT202501006321,STU006321,SCH028,2025-01-01,1,1,
ATT202501006322,STU006322,SCH006,2025-01-01,2,2,
ATT202501006323,STU006323,SCH003,2025-01-01,1,1,
ATT202501006326,STU006326,SCH010,2025-01-01,2,2,
ATT202501006327,STU006327,SCH016,2025-01-01,1,1,
ATT202501006328,STU006328,SCH044,2025-01-01,2,2,
ATT202501006329,STU006329,SCH006,2025-01-01,2,2,
ATT202501006330,STU006330,SCH039,2025-01-01,3,3,
ATT202501006331,STU006331,SCH037,2025-01-01,2,2,
ATT202501006332,STU006332,SCH038,2025-01-01,3,3,
ATT202501006333,STU006333,SCH031,2025-01-01,1,1,
ATT202501006334,STU006334,SCH037,2025-01-01,1,1,
ATT202501006335,STU006335,SCH045,2025-01-01,2,2,
ATT202501006336,STU006336,SCH037,2025-01-01,2,2,
ATT202501006337,STU006337,SCH009,2025-01-01,1,1,
ATT202501006338,STU006338,SCH001,2025-01-01,3,3,
ATT202501006339,STU006339,SCH048,2025-01-01,2,2,
ATT202501006340,STU006340,SCH002,2025-01-01,1,1,
ATT202501006341,STU006341,SCH023,2025-01-01,1,1,
ATT202501006342,STU006342,SCH042,2025-01-01,2,2,
ATT202501006344,STU006344,SCH003,2025-01-01,3,3,
ATT202501006345,STU006345,SCH009,2025-01-01,3,3,
ATT202501006346,STU006346,SCH008,2025-01-01,3,3,
ATT202501006347,STU006347,SCH016,2025-01-01,2,2,
ATT202501006348,STU006348,SCH029,2025-01-01,3,3,
ATT202501006349,STU006349,SCH019,2025-01-01,1,1,
ATT202501006350,STU006350,SCH040,2025-01-01,3,3,
ATT202501006351,STU006351,SCH046,2025-01-01,3,3,
ATT202501006352,STU006352,SCH002,2025-01-01,3,3,
ATT202501006353,STU006353,SCH031,2025-01-01,1,1,
ATT202501006354,STU006354,SCH047,2025-01-01,2,2,
ATT202501006355,STU006355,SCH039,2025-01-01,3,3,
ATT202501006356,STU006356,SCH012,2025-01-01,2,2,
ATT202501006357,STU006357,SCH039,2025-01-01,3,3,
ATT202501006359,STU006359,SCH024,2025-01-01,3,3,
ATT202501006360,STU006360,SCH032,2025-01-01,1,1,
ATT202501006361,STU006361,SCH032,2025-01-01,3,3,
ATT202501006362,STU006362,SCH019,2025-01-01,2,2,
ATT202501006363,STU006363,SCH010,2025-01-01,1,1,
ATT202501006364,STU006364,SCH014,2025-01-01,1,1,
ATT202501006365,STU006365,SCH007,2025-01-01,3,3,
ATT202501006366,STU006366,SCH019,2025-01-01,3,3,
ATT202501006367,STU006367,SCH031,2025-01-01,3,3,
ATT202501006369,STU006369,SCH012,2025-01-01,2,2,
ATT202501006370,STU006370,SCH035,2025-01-01,3,3,
ATT202501006371,STU006371,SCH029,2025-01-01,3,3,
ATT202501006372,STU006372,SCH002,2025-01-01,3,2,Illness
ATT202501006375,STU006375,SCH032,2025-01-01,1,1,
ATT202501006376,STU006376,SCH040,2025-01-01,3,3,
ATT202501006377,STU006377,SCH003,2025-01-01,1,1,
ATT202501006378,STU006378,SCH042,2025-01-01,3,2,Other
ATT202501006379,STU006379,SCH033,2025-01-01,1,1,
ATT202501006380,STU006380,SCH020,2025-01-01,1,1,
ATT202501006381,STU006381,SCH005,2025-01-01,1,1,
ATT202501006382,STU006382,SCH038,2025-01-01,3,3,
ATT202501006383,STU006383,SCH004,2025-01-01,1,1,
ATT202501006384,STU006384,SCH005,2025-01-01,2,2,
ATT202501006385,STU006385,SCH006,2025-01-01,1,1,
ATT202501006387,STU006387,SCH011,2025-01-01,3,3,
ATT202501006388,STU006388,SCH048,2025-01-01,1,1,
ATT202501006390,STU006390,SCH008,2025-01-01,3,3,
ATT202501006391,STU006391,SCH005,2025-01-01,3,3,
ATT202501006392,STU006392,SCH007,2025-01-01,3,3,
ATT202501006393,STU006393,SCH047,2025-01-01,2,2,
ATT202501006394,STU006394,SCH006,2025-01-01,3,3,
ATT202501006395,STU006395,SCH006,2025-01-01,3,3,
ATT202501006396,STU006396,SCH016,2025-01-01,2,2,
ATT202501006398,STU006398,SCH037,2025-01-01,2,2,
ATT202501006399,STU006399,SCH019,2025-01-01,3,3,
ATT202501006400,STU006400,SCH017,2025-01-01,2,2,
ATT202501006401,STU006401,SCH050,2025-01-01,2,2,
ATT202501006402,STU006402,SCH021,2025-01-01,1,1,
ATT202501006404,STU006404,SCH022,2025-01-01,1,1,
ATT202501006405,STU006405,SCH038,2025-01-01,2,2,
ATT202501006406,STU006406,SCH044,2025-01-01,3,3,
ATT202501006408,STU006408,SCH024,2025-01-01,2,2,
ATT202501006409,STU006409,SCH010,2025-01-01,1,1,
ATT202501006410,STU006410,SCH035,2025-01-01,3,3,
ATT202501006411,STU006411,SCH019,2025-01-01,1,1,
ATT202501006412,STU006412,SCH030,2025-01-01,2,2,
ATT202501006413,STU006413,SCH004,2025-01-01,1,1,
ATT202501006414,STU006414,SCH018,2025-01-01,1,1,
ATT202501006415,STU006415,SCH048,2025-01-01,1,1,
ATT202501006416,STU006416,SCH029,2025-01-01,2,2,
ATT202501006417,STU006417,SCH029,2025-01-01,1,1,
ATT202501006418,STU006418,SCH010,2025-01-01,2,2,
ATT202501006419,STU006419,SCH009,2025-01-01,3,3,
ATT202501006420,STU006420,SCH023,2025-01-01,2,2,
ATT202501006421,STU006421,SCH019,2025-01-01,1,1,
ATT202501006422,STU006422,SCH004,2025-01-01,2,2,
ATT202501006423,STU006423,SCH007,2025-01-01,3,3,
ATT202501006424,STU006424,SCH031,2025-01-01,3,3,
ATT202501006425,STU006425,SCH041,2025-01-01,3,3,
ATT202501006426,STU006426,SCH007,2025-01-01,3,3,
ATT202501006427,STU006427,SCH020,2025-01-01,3,3,
ATT202501006428,STU006428,SCH047,2025-01-01,2,2,
ATT202501006430,STU006430,SCH018,2025-01-01,3,3,
ATT202501006431,STU006431,SCH007,2025-01-01,1,1,
ATT202501006432,STU006432,SCH033,2025-01-01,3,3,
ATT202501006434,STU006434,SCH035,2025-01-01,1,1,
ATT202501006435,STU006435,SCH001,2025-01-01,3,3,
ATT202501006436,STU006436,SCH028,2025-01-01,3,3,
ATT202501006437,STU006437,SCH050,2025-01-01,3,3,
ATT202501006438,STU006438,SCH035,2025-01-01,2,2,
ATT202501006440,STU006440,SCH019,2025-01-01,2,2,
ATT202501006442,STU006442,SCH045,2025-01-01,3,3,
ATT202501006443,STU006443,SCH046,2025-01-01,1,1,
ATT202501006445,STU006445,SCH014,2025-01-01,2,2,
ATT202501006447,STU006447,SCH025,2025-01-01,1,1,
ATT202501006448,STU006448,SCH018,2025-01-01,3,3,
ATT202501006449,STU006449,SCH044,2025-01-01,2,2,
ATT202501006450,STU006450,SCH004,2025-01-01,2,2,
ATT202501006451,STU006451,SCH044,2025-01-01,2,2,
ATT202501006452,STU006452,SCH020,2025-01-01,2,2,
ATT202501006453,STU006453,SCH013,2025-01-01,3,3,
ATT202501006454,STU006454,SCH035,2025-01-01,3,3,
ATT202501006455,STU006455,SCH043,2025-01-01,1,1,
ATT202501006456,STU006456,SCH023,2025-01-01,1,1,
ATT202501006457,STU006457,SCH041,2025-01-01,1,1,
ATT202501006458,STU006458,SCH015,2025-01-01,2,2,
ATT202501006459,STU006459,SCH017,2025-01-01,3,2,Other
ATT202501006460,STU006460,SCH045,2025-01-01,1,1,
ATT202501006461,STU006461,SCH023,2025-01-01,3,3,
ATT202501006462,STU006462,SCH034,2025-01-01,1,1,
ATT202501006463,STU006463,SCH012,2025-01-01,1,1,
ATT202501006464,STU006464,SCH041,2025-01-01,1,1,
ATT202501006465,STU006465,SCH039,2025-01-01,3,3,
ATT202501006467,STU006467,SCH029,2025-01-01,2,2,
ATT202501006468,STU006468,SCH037,2025-01-01,2,2,
ATT202501006469,STU006469,SCH013,2025-01-01,3,3,
ATT202501006470,STU006470,SCH043,2025-01-01,1,1,
ATT202501006471,STU006471,SCH021,2025-01-01,2,2,
ATT202501006472,STU006472,SCH028,2025-01-01,1,1,
ATT202501006473,STU006473,SCH047,2025-01-01,1,1,
ATT202501006474,STU006474,SCH031,2025-01-01,3,3,
ATT202501006475,STU006475,SCH038,2025-01-01,2,2,
ATT202501006476,STU006476,SCH036,2025-01-01,1,1,
ATT202501006477,STU006477,SCH029,2025-01-01,3,3,
ATT202501006478,STU006478,SCH014,2025-01-01,2,2,
ATT202501006479,STU006479,SCH046,2025-01-01,3,3,
ATT202501006480,STU006480,SCH044,2025-01-01,2,2,
ATT202501006481,STU006481,SCH031,2025-01-01,2,2,
ATT202501006482,STU006482,SCH031,2025-01-01,3,3,
ATT202501006483,STU006483,SCH007,2025-01-01,1,1,
ATT202501006484,STU006484,SCH042,2025-01-01,3,3,
ATT202501006485,STU006485,SCH017,2025-01-01,2,2,
ATT202501006486,STU006486,SCH040,2025-01-01,1,1,
ATT202501006488,STU006488,SCH038,2025-01-01,2,2,
ATT202501006489,STU006489,SCH023,2025-01-01,2,2,
ATT202501006490,STU006490,SCH018,2025-01-01,1,1,
ATT202501006491,STU006491,SCH020,2025-01-01,3,3,
ATT202501006492,STU006492,SCH019,2025-01-01,3,3,
ATT202501006493,STU006493,SCH027,2025-01-01,3,3,
ATT202501006496,STU006496,SCH045,2025-01-01,3,2,Illness
ATT202501006497,STU006497,SCH028,2025-01-01,1,1,
ATT202501006498,STU006498,SCH034,2025-01-01,3,3,
ATT202501006499,STU006499,SCH033,2025-01-01,2,2,
ATT202501006501,STU006501,SCH032,2025-01-01,3,3,
ATT202501006502,STU006502,SCH034,2025-01-01,3,2,Family
ATT202501006503,STU006503,SCH016,2025-01-01,1,1,
ATT202501006504,STU006504,SCH001,2025-01-01,2,2,
ATT202501006505,STU006505,SCH044,2025-01-01,2,2,
ATT202501006506,STU006506,SCH047,2025-01-01,2,2,
ATT202501006507,STU006507,SCH001,2025-01-01,2,2,
ATT202501006508,STU006508,SCH041,2025-01-01,1,1,
ATT202501006509,STU006509,SCH034,2025-01-01,2,2,
ATT202501006510,STU006510,SCH014,2025-01-01,3,3,
ATT202501006511,STU006511,SCH010,2025-01-01,3,3,
ATT202501006512,STU006512,SCH002,2025-01-01,2,2,
ATT202501006513,STU006513,SCH037,2025-01-01,2,2,
ATT202501006514,STU006514,SCH037,2025-01-01,1,1,
ATT202501006515,STU006515,SCH021,2025-01-01,2,2,
ATT202501006516,STU006516,SCH021,2025-01-01,3,3,
ATT202501006517,STU006517,SCH023,2025-01-01,3,3,
ATT202501006518,STU006518,SCH050,2025-01-01,2,2,
ATT202501006519,STU006519,SCH012,2025-01-01,3,3,
ATT202501006520,STU006520,SCH010,2025-01-01,2,2,
ATT202501006521,STU006521,SCH005,2025-01-01,2,2,
ATT202501006522,STU006522,SCH008,2025-01-01,2,2,
ATT202501006523,STU006523,SCH012,2025-01-01,3,2,Family
ATT202501006524,STU006524,SCH026,2025-01-01,2,2,
ATT202501006525,STU006525,SCH005,2025-01-01,2,2,
ATT202501006526,STU006526,SCH047,2025-01-01,2,2,
ATT202501006527,STU006527,SCH022,2025-01-01,2,2,
ATT202501006528,STU006528,SCH025,2025-01-01,1,1,
ATT202501006531,STU006531,SCH043,2025-01-01,2,2,
ATT202501006532,STU006532,SCH050,2025-01-01,3,3,
ATT202501006533,STU006533,SCH042,2025-01-01,1,1,
ATT202501006534,STU006534,SCH046,2025-01-01,1,1,
ATT202501006535,STU006535,SCH041,2025-01-01,1,1,
ATT202501006536,STU006536,SCH029,2025-01-01,3,3,
ATT202501006537,STU006537,SCH020,2025-01-01,3,3,
ATT202501006538,STU006538,SCH013,2025-01-01,1,1,
ATT202501006539,STU006539,SCH031,2025-01-01,3,2,Family
ATT202501006540,STU006540,SCH045,2025-01-01,1,1,
ATT202501006541,STU006541,SCH013,2025-01-01,3,3,
ATT202501006542,STU006542,SCH048,2025-01-01,2,2,
ATT202501006543,STU006543,SCH032,2025-01-01,2,2,
ATT202501006544,STU006544,SCH001,2025-01-01,1,1,
ATT202501006545,STU006545,SCH050,2025-01-01,2,2,
ATT202501006546,STU006546,SCH021,2025-01-01,1,1,
ATT202501006547,STU006547,SCH044,2025-01-01,1,1,
ATT202501006548,STU006548,SCH045,2025-01-01,1,1,
ATT202501006549,STU006549,SCH012,2025-01-01,2,2,
ATT202501006550,STU006550,SCH038,2025-01-01,1,1,
ATT202501006551,STU006551,SCH027,2025-01-01,2,2,
ATT202501006553,STU006553,SCH014,2025-01-01,3,3,
ATT202501006554,STU006554,SCH023,2025-01-01,1,1,
ATT202501006555,STU006555,SCH046,2025-01-01,2,2,
ATT202501006556,STU006556,SCH036,2025-01-01,1,1,
ATT202501006557,STU006557,SCH010,2025-01-01,3,3,
ATT202501006558,STU006558,SCH050,2025-01-01,2,2,
ATT202501006559,STU006559,SCH008,2025-01-01,2,2,
ATT202501006560,STU006560,SCH033,2025-01-01,1,1,
ATT202501006561,STU006561,SCH024,2025-01-01,3,3,
ATT202501006562,STU006562,SCH029,2025-01-01,2,2,
ATT202501006563,STU006563,SCH011,2025-01-01,3,3,
ATT202501006564,STU006564,SCH021,2025-01-01,3,3,
ATT202501006565,STU006565,SCH018,2025-01-01,3,3,
ATT202501006566,STU006566,SCH021,2025-01-01,2,2,
ATT202501006567,STU006567,SCH029,2025-01-01,3,3,
ATT202501006568,STU006568,SCH007,2025-01-01,1,1,
ATT202501006569,STU006569,SCH020,2025-01-01,3,3,
ATT202501006570,STU006570,SCH036,2025-01-01,2,2,
ATT202501006571,STU006571,SCH004,2025-01-01,1,1,
ATT202501006572,STU006572,SCH004,2025-01-01,1,1,
ATT202501006573,STU006573,SCH034,2025-01-01,2,2,
ATT202501006574,STU006574,SCH007,2025-01-01,1,1,
ATT202501006575,STU006575,SCH004,2025-01-01,1,1,
ATT202501006576,STU006576,SCH006,2025-01-01,2,2,
ATT202501006577,STU006577,SCH021,2025-01-01,1,1,
ATT202501006578,STU006578,SCH030,2025-01-01,3,3,
ATT202501006579,STU006579,SCH011,2025-01-01,3,3,
ATT202501006580,STU006580,SCH037,2025-01-01,3,3,
ATT202501006581,STU006581,SCH004,2025-01-01,2,2,
ATT202501006582,STU006582,SCH047,2025-01-01,1,1,
ATT202501006583,STU006583,SCH040,2025-01-01,1,1,
ATT202501006584,STU006584,SCH009,2025-01-01,2,2,
ATT202501006585,STU006585,SCH019,2025-01-01,3,3,
ATT202501006586,STU006586,SCH030,2025-01-01,3,3,
ATT202501006587,STU006587,SCH014,2025-01-01,3,3,
ATT202501006588,STU006588,SCH049,2025-01-01,1,1,
ATT202501006589,STU006589,SCH034,2025-01-01,2,2,
ATT202501006590,STU006590,SCH037,2025-01-01,2,2,
ATT202501006592,STU006592,SCH019,2025-01-01,3,3,
ATT202501006593,STU006593,SCH027,2025-01-01,3,3,
ATT202501006594,STU006594,SCH012,2025-01-01,1,1,
ATT202501006595,STU006595,SCH050,2025-01-01,2,2,
ATT202501006596,STU006596,SCH015,2025-01-01,1,1,
ATT202501006598,STU006598,SCH036,2025-01-01,3,3,
ATT202501006599,STU006599,SCH049,2025-01-01,1,1,
ATT202501006600,STU006600,SCH008,2025-01-01,2,2,
ATT202501006602,STU006602,SCH032,2025-01-01,2,2,
ATT202501006603,STU006603,SCH031,2025-01-01,1,1,
ATT202501006604,STU006604,SCH004,2025-01-01,1,1,
ATT202501006605,STU006605,SCH007,2025-01-01,3,3,
ATT202501006606,STU006606,SCH048,2025-01-01,3,3,
ATT202501006608,STU006608,SCH006,2025-01-01,1,1,
ATT202501006609,STU006609,SCH031,2025-01-01,1,1,
ATT202501006610,STU006610,SCH046,2025-01-01,2,2,
ATT202501006611,STU006611,SCH046,2025-01-01,3,3,
ATT202501006612,STU006612,SCH008,2025-01-01,3,3,
ATT202501006613,STU006613,SCH046,2025-01-01,1,1,
ATT202501006614,STU006614,SCH025,2025-01-01,3,3,
ATT202501006615,STU006615,SCH039,2025-01-01,2,2,
ATT202501006616,STU006616,SCH050,2025-01-01,1,1,
ATT202501006617,STU006617,SCH050,2025-01-01,3,3,
ATT202501006618,STU006618,SCH037,2025-01-01,1,1,
ATT202501006619,STU006619,SCH032,2025-01-01,1,1,
ATT202501006620,STU006620,SCH023,2025-01-01,2,2,
ATT202501006621,STU006621,SCH046,2025-01-01,3,3,
ATT202501006622,STU006622,SCH039,2025-01-01,3,3,
ATT202501006623,STU006623,SCH037,2025-01-01,2,2,
ATT202501006624,STU006624,SCH011,2025-01-01,2,2,
ATT202501006625,STU006625,SCH016,2025-01-01,2,2,
ATT202501006627,STU006627,SCH034,2025-01-01,1,1,
ATT202501006628,STU006628,SCH036,2025-01-01,2,2,
ATT202501006629,STU006629,SCH021,2025-01-01,1,1,
ATT202501006630,STU006630,SCH009,2025-01-01,3,3,
ATT202501006631,STU006631,SCH031,2025-01-01,1,1,
ATT202501006632,STU006632,SCH047,2025-01-01,2,2,
ATT202501006633,STU006633,SCH044,2025-01-01,3,3,
ATT202501006634,STU006634,SCH005,2025-01-01,2,2,
ATT202501006635,STU006635,SCH002,2025-01-01,1,1,
ATT202501006636,STU006636,SCH028,2025-01-01,1,1,
ATT202501006637,STU006637,SCH002,2025-01-01,3,3,
ATT202501006638,STU006638,SCH006,2025-01-01,1,1,
ATT202501006639,STU006639,SCH031,2025-01-01,2,2,
ATT202501006640,STU006640,SCH045,2025-01-01,1,1,
ATT202501006642,STU006642,SCH046,2025-01-01,2,2,
ATT202501006643,STU006643,SCH038,2025-01-01,2,2,
ATT202501006644,STU006644,SCH040,2025-01-01,2,2,
ATT202501006645,STU006645,SCH038,2025-01-01,2,2,
ATT202501006646,STU006646,SCH018,2025-01-01,1,1,
ATT202501006647,STU006647,SCH003,2025-01-01,3,3,
ATT202501006648,STU006648,SCH036,2025-01-01,2,2,
ATT202501006649,STU006649,SCH044,2025-01-01,1,1,
ATT202501006650,STU006650,SCH030,2025-01-01,1,1,
ATT202501006651,STU006651,SCH015,2025-01-01,1,1,
ATT202501006652,STU006652,SCH018,2025-01-01,2,2,
ATT202501006653,STU006653,SCH027,2025-01-01,2,2,
ATT202501006654,STU006654,SCH006,2025-01-01,2,2,
ATT202501006655,STU006655,SCH002,2025-01-01,3,3,
ATT202501006656,STU006656,SCH033,2025-01-01,2,2,
ATT202501006657,STU006657,SCH049,2025-01-01,1,1,
ATT202501006658,STU006658,SCH009,2025-01-01,2,2,
ATT202501006659,STU006659,SCH013,2025-01-01,2,2,
ATT202501006660,STU006660,SCH043,2025-01-01,3,3,
ATT202501006661,STU006661,SCH011,2025-01-01,2,2,
ATT202501006662,STU006662,SCH049,2025-01-01,2,2,
ATT202501006663,STU006663,SCH010,2025-01-01,3,3,
ATT202501006664,STU006664,SCH027,2025-01-01,2,2,
ATT202501006665,STU006665,SCH045,2025-01-01,2,2,
ATT202501006666,STU006666,SCH033,2025-01-01,3,3,
ATT202501006667,STU006667,SCH020,2025-01-01,1,1,
ATT202501006668,STU006668,SCH045,2025-01-01,1,1,
ATT202501006670,STU006670,SCH027,2025-01-01,3,3,
ATT202501006671,STU006671,SCH048,2025-01-01,3,3,
ATT202501006672,STU006672,SCH046,2025-01-01,2,2,
ATT202501006673,STU006673,SCH003,2025-01-01,3,3,
ATT202501006674,STU006674,SCH004,2025-01-01,3,3,
ATT202501006675,STU006675,SCH035,2025-01-01,2,2,
ATT202501006677,STU006677,SCH004,2025-01-01,3,3,
ATT202501006678,STU006678,SCH014,2025-01-01,2,2,
ATT202501006679,STU006679,SCH041,2025-01-01,1,1,
ATT202501006680,STU006680,SCH026,2025-01-01,2,2,
ATT202501006681,STU006681,SCH045,2025-01-01,2,2,
ATT202501006682,STU006682,SCH040,2025-01-01,2,2,
ATT202501006684,STU006684,SCH029,2025-01-01,1,1,
ATT202501006685,STU006685,SCH013,2025-01-01,2,2,
ATT202501006686,STU006686,SCH021,2025-01-01,1,1,
ATT202501006687,STU006687,SCH032,2025-01-01,1,1,
ATT202501006688,STU006688,SCH031,2025-01-01,3,2,Illness
ATT202501006689,STU006689,SCH018,2025-01-01,1,1,
ATT202501006690,STU006690,SCH028,2025-01-01,3,3,
ATT202501006691,STU006691,SCH012,2025-01-01,3,3,
ATT202501006692,STU006692,SCH012,2025-01-01,1,1,
ATT202501006693,STU006693,SCH046,2025-01-01,1,1,
ATT202501006695,STU006695,SCH026,2025-01-01,2,2,
ATT202501006696,STU006696,SCH046,2025-01-01,3,3,
ATT202501006697,STU006697,SCH003,2025-01-01,3,3,
ATT202501006698,STU006698,SCH046,2025-01-01,1,1,
ATT202501006700,STU006700,SCH023,2025-01-01,1,1,
ATT202501006701,STU006701,SCH034,2025-01-01,1,1,
ATT202501006702,STU006702,SCH035,2025-01-01,2,2,
ATT202501006703,STU006703,SCH037,2025-01-01,2,2,
ATT202501006705,STU006705,SCH017,2025-01-01,1,1,
ATT202501006706,STU006706,SCH021,2025-01-01,1,1,
ATT202501006707,STU006707,SCH020,2025-01-01,2,2,
ATT202501006708,STU006708,SCH017,2025-01-01,3,2,Illness
ATT202501006709,STU006709,SCH028,2025-01-01,3,3,
ATT202501006710,STU006710,SCH004,2025-01-01,1,1,
ATT202501006711,STU006711,SCH022,2025-01-01,1,1,
ATT202501006712,STU006712,SCH018,2025-01-01,1,1,
ATT202501006713,STU006713,SCH016,2025-01-01,1,1,
ATT202501006714,STU006714,SCH037,2025-01-01,2,2,
ATT202501006716,STU006716,SCH007,2025-01-01,2,2,
ATT202501006717,STU006717,SCH036,2025-01-01,3,3,
ATT202501006718,STU006718,SCH027,2025-01-01,3,3,
ATT202501006719,STU006719,SCH012,2025-01-01,1,1,
ATT202501006720,STU006720,SCH050,2025-01-01,3,3,
ATT202501006721,STU006721,SCH016,2025-01-01,3,3,
ATT202501006722,STU006722,SCH027,2025-01-01,1,1,
ATT202501006723,STU006723,SCH031,2025-01-01,1,1,
ATT202501006724,STU006724,SCH037,2025-01-01,2,2,
ATT202501006725,STU006725,SCH002,2025-01-01,3,3,
ATT202501006726,STU006726,SCH023,2025-01-01,2,2,
ATT202501006727,STU006727,SCH030,2025-01-01,2,2,
ATT202501006728,STU006728,SCH012,2025-01-01,2,2,
ATT202501006729,STU006729,SCH032,2025-01-01,3,3,
ATT202501006730,STU006730,SCH013,2025-01-01,2,2,
ATT202501006731,STU006731,SCH027,2025-01-01,3,3,
ATT202501006732,STU006732,SCH042,2025-01-01,2,2,
ATT202501006733,STU006733,SCH031,2025-01-01,3,2,Medical
ATT202501006734,STU006734,SCH010,2025-01-01,1,1,
ATT202501006735,STU006735,SCH042,2025-01-01,3,2,Unauthorised
ATT202501006736,STU006736,SCH003,2025-01-01,1,1,
ATT202501006737,STU006737,SCH019,2025-01-01,2,2,
ATT202501006738,STU006738,SCH009,2025-01-01,2,2,
ATT202501006739,STU006739,SCH030,2025-01-01,3,3,
ATT202501006740,STU006740,SCH029,2025-01-01,2,2,
ATT202501006741,STU006741,SCH029,2025-01-01,3,3,
ATT202501006742,STU006742,SCH033,2025-01-01,2,2,
ATT202501006743,STU006743,SCH020,2025-01-01,2,2,
ATT202501006744,STU006744,SCH006,2025-01-01,3,3,
ATT202501006745,STU006745,SCH016,2025-01-01,1,1,
ATT202501006746,STU006746,SCH012,2025-01-01,1,1,
ATT202501006747,STU006747,SCH010,2025-01-01,3,3,
ATT202501006748,STU006748,SCH033,2025-01-01,1,1,
ATT202501006749,STU006749,SCH030,2025-01-01,2,2,
ATT202501006750,STU006750,SCH018,2025-01-01,1,1,
ATT202501006751,STU006751,SCH030,2025-01-01,1,1,
ATT202501006752,STU006752,SCH019,2025-01-01,1,1,
ATT202501006753,STU006753,SCH011,2025-01-01,2,2,
ATT202501006755,STU006755,SCH023,2025-01-01,3,3,
ATT202501006756,STU006756,SCH027,2025-01-01,3,3,
ATT202501006757,STU006757,SCH008,2025-01-01,2,2,
ATT202501006758,STU006758,SCH011,2025-01-01,3,3,
ATT202501006759,STU006759,SCH030,2025-01-01,1,1,
ATT202501006760,STU006760,SCH036,2025-01-01,2,2,
ATT202501006761,STU006761,SCH044,2025-01-01,1,1,
ATT202501006762,STU006762,SCH028,2025-01-01,2,2,
ATT202501006763,STU006763,SCH040,2025-01-01,2,2,
ATT202501006764,STU006764,SCH031,2025-01-01,2,2,
ATT202501006765,STU006765,SCH040,2025-01-01,1,1,
ATT202501006766,STU006766,SCH001,2025-01-01,1,1,
ATT202501006767,STU006767,SCH021,2025-01-01,3,3,
ATT202501006768,STU006768,SCH049,2025-01-01,3,3,
ATT202501006769,STU006769,SCH026,2025-01-01,2,2,
ATT202501006771,STU006771,SCH032,2025-01-01,2,2,
ATT202501006772,STU006772,SCH020,2025-01-01,2,2,
ATT202501006773,STU006773,SCH040,2025-01-01,3,3,
ATT202501006774,STU006774,SCH010,2025-01-01,3,3,
ATT202501006775,STU006775,SCH033,2025-01-01,2,2,
ATT202501006777,STU006777,SCH010,2025-01-01,3,3,
ATT202501006778,STU006778,SCH007,2025-01-01,2,2,
ATT202501006779,STU006779,SCH010,2025-01-01,2,2,
ATT202501006780,STU006780,SCH037,2025-01-01,2,2,
ATT202501006781,STU006781,SCH047,2025-01-01,1,1,
ATT202501006782,STU006782,SCH003,2025-01-01,1,1,
ATT202501006783,STU006783,SCH033,2025-01-01,2,2,
ATT202501006784,STU006784,SCH036,2025-01-01,1,1,
ATT202501006787,STU006787,SCH012,2025-01-01,3,3,
ATT202501006788,STU006788,SCH027,2025-01-01,2,2,
ATT202501006790,STU006790,SCH041,2025-01-01,3,3,
ATT202501006791,STU006791,SCH045,2025-01-01,2,2,
ATT202501006792,STU006792,SCH005,2025-01-01,1,1,
ATT202501006794,STU006794,SCH028,2025-01-01,3,3,
ATT202501006795,STU006795,SCH049,2025-01-01,1,1,
ATT202501006796,STU006796,SCH002,2025-01-01,1,1,
ATT202501006797,STU006797,SCH039,2025-01-01,1,1,
ATT202501006798,STU006798,SCH018,2025-01-01,1,1,
ATT202501006800,STU006800,SCH037,2025-01-01,3,3,
ATT202501006801,STU006801,SCH021,2025-01-01,1,1,
ATT202501006802,STU006802,SCH003,2025-01-01,2,2,
ATT202501006803,STU006803,SCH023,2025-01-01,2,2,
ATT202501006804,STU006804,SCH023,2025-01-01,1,1,
ATT202501006805,STU006805,SCH012,2025-01-01,1,1,
ATT202501006806,STU006806,SCH002,2025-01-01,1,1,
ATT202501006807,STU006807,SCH006,2025-01-01,2,2,
ATT202501006808,STU006808,SCH014,2025-01-01,2,2,
ATT202501006810,STU006810,SCH006,2025-01-01,1,1,
ATT202501006811,STU006811,SCH046,2025-01-01,3,3,
ATT202501006812,STU006812,SCH008,2025-01-01,3,3,
ATT202501006813,STU006813,SCH012,2025-01-01,3,3,
ATT202501006814,STU006814,SCH011,2025-01-01,3,3,
ATT202501006815,STU006815,SCH042,2025-01-01,2,2,
ATT202501006816,STU006816,SCH031,2025-01-01,2,2,
ATT202501006817,STU006817,SCH002,2025-01-01,1,1,
ATT202501006818,STU006818,SCH001,2025-01-01,2,2,
ATT202501006819,STU006819,SCH023,2025-01-01,2,2,
ATT202501006820,STU006820,SCH016,2025-01-01,2,2,
ATT202501006821,STU006821,SCH012,2025-01-01,2,2,
ATT202501006822,STU006822,SCH010,2025-01-01,3,3,
ATT202501006824,STU006824,SCH014,2025-01-01,2,2,
ATT202501006825,STU006825,SCH019,2025-01-01,2,2,
ATT202501006826,STU006826,SCH025,2025-01-01,3,3,
ATT202501006827,STU006827,SCH005,2025-01-01,3,3,
ATT202501006828,STU006828,SCH005,2025-01-01,3,3,
ATT202501006830,STU006830,SCH027,2025-01-01,3,3,
ATT202501006831,STU006831,SCH008,2025-01-01,1,1,
ATT202501006832,STU006832,SCH047,2025-01-01,3,3,
ATT202501006833,STU006833,SCH009,2025-01-01,2,2,
ATT202501006834,STU006834,SCH032,2025-01-01,1,1,
ATT202501006835,STU006835,SCH015,2025-01-01,2,2,
ATT202501006837,STU006837,SCH046,2025-01-01,3,3,
ATT202501006838,STU006838,SCH047,2025-01-01,3,3,
ATT202501006839,STU006839,SCH011,2025-01-01,1,1,
ATT202501006840,STU006840,SCH028,2025-01-01,2,2,
ATT202501006841,STU006841,SCH024,2025-01-01,2,2,
ATT202501006842,STU006842,SCH025,2025-01-01,3,3,
ATT202501006843,STU006843,SCH049,2025-01-01,1,1,
ATT202501006844,STU006844,SCH019,2025-01-01,1,1,
ATT202501006845,STU006845,SCH020,2025-01-01,2,2,
ATT202501006846,STU006846,SCH014,2025-01-01,2,2,
ATT202501006847,STU006847,SCH001,2025-01-01,2,2,
ATT202501006848,STU006848,SCH022,2025-01-01,3,3,
ATT202501006849,STU006849,SCH044,2025-01-01,1,1,
ATT202501006850,STU006850,SCH008,2025-01-01,3,3,
ATT202501006851,STU006851,SCH015,2025-01-01,1,1,
ATT202501006852,STU006852,SCH013,2025-01-01,3,3,
ATT202501006853,STU006853,SCH009,2025-01-01,1,1,
ATT202501006855,STU006855,SCH046,2025-01-01,2,2,
ATT202501006856,STU006856,SCH015,2025-01-01,1,1,
ATT202501006857,STU006857,SCH018,2025-01-01,1,1,
ATT202501006858,STU006858,SCH032,2025-01-01,3,3,
ATT202501006860,STU006860,SCH050,2025-01-01,3,3,
ATT202501006861,STU006861,SCH043,2025-01-01,1,1,
ATT202501006863,STU006863,SCH017,2025-01-01,2,2,
ATT202501006864,STU006864,SCH034,2025-01-01,1,1,
ATT202501006865,STU006865,SCH005,2025-01-01,1,1,
ATT202501006866,STU006866,SCH035,2025-01-01,1,1,
ATT202501006867,STU006867,SCH043,2025-01-01,3,3,
ATT202501006868,STU006868,SCH019,2025-01-01,1,1,
ATT202501006869,STU006869,SCH024,2025-01-01,2,2,
ATT202501006870,STU006870,SCH050,2025-01-01,3,3,
ATT202501006871,STU006871,SCH016,2025-01-01,3,3,
ATT202501006873,STU006873,SCH033,2025-01-01,2,2,
ATT202501006874,STU006874,SCH009,2025-01-01,3,3,
ATT202501006875,STU006875,SCH004,2025-01-01,2,2,
ATT202501006876,STU006876,SCH027,2025-01-01,1,1,
ATT202501006878,STU006878,SCH030,2025-01-01,3,3,
ATT202501006879,STU006879,SCH001,2025-01-01,1,1,
ATT202501006880,STU006880,SCH036,2025-01-01,2,2,
ATT202501006881,STU006881,SCH020,2025-01-01,3,3,
ATT202501006882,STU006882,SCH006,2025-01-01,2,2,
ATT202501006884,STU006884,SCH022,2025-01-01,3,2,Family
ATT202501006886,STU006886,SCH042,2025-01-01,1,1,
ATT202501006887,STU006887,SCH006,2025-01-01,1,1,
ATT202501006888,STU006888,SCH004,2025-01-01,1,1,
ATT202501006889,STU006889,SCH010,2025-01-01,2,2,
ATT202501006890,STU006890,SCH029,2025-01-01,3,3,
ATT202501006891,STU006891,SCH046,2025-01-01,3,3,
ATT202501006892,STU006892,SCH028,2025-01-01,1,1,
ATT202501006893,STU006893,SCH023,2025-01-01,2,2,
ATT202501006894,STU006894,SCH036,2025-01-01,1,1,
ATT202501006895,STU006895,SCH028,2025-01-01,1,1,
ATT202501006896,STU006896,SCH014,2025-01-01,1,1,
ATT202501006897,STU006897,SCH030,2025-01-01,1,1,
ATT202501006898,STU006898,SCH016,2025-01-01,2,2,
ATT202501006899,STU006899,SCH044,2025-01-01,3,3,
ATT202501006900,STU006900,SCH048,2025-01-01,2,2,
ATT202501006901,STU006901,SCH048,2025-01-01,1,1,
ATT202501006902,STU006902,SCH031,2025-01-01,1,1,
ATT202501006903,STU006903,SCH030,2025-01-01,3,3,
ATT202501006904,STU006904,SCH025,2025-01-01,1,1,
ATT202501006905,STU006905,SCH031,2025-01-01,2,2,
ATT202501006906,STU006906,SCH043,2025-01-01,1,1,
ATT202501006907,STU006907,SCH043,2025-01-01,2,2,
ATT202501006908,STU006908,SCH046,2025-01-01,1,1,
ATT202501006909,STU006909,SCH017,2025-01-01,1,1,
ATT202501006910,STU006910,SCH046,2025-01-01,1,1,
ATT202501006911,STU006911,SCH036,2025-01-01,3,3,
ATT202501006912,STU006912,SCH039,2025-01-01,3,3,
ATT202501006913,STU006913,SCH041,2025-01-01,1,1,
ATT202501006914,STU006914,SCH016,2025-01-01,1,1,
ATT202501006915,STU006915,SCH037,2025-01-01,3,3,
ATT202501006916,STU006916,SCH030,2025-01-01,3,3,
ATT202501006917,STU006917,SCH019,2025-01-01,1,1,
ATT202501006918,STU006918,SCH033,2025-01-01,3,3,
ATT202501006919,STU006919,SCH035,2025-01-01,3,3,
ATT202501006920,STU006920,SCH021,2025-01-01,2,2,
ATT202501006921,STU006921,SCH050,2025-01-01,1,1,
ATT202501006922,STU006922,SCH008,2025-01-01,1,1,
ATT202501006923,STU006923,SCH039,2025-01-01,2,2,
ATT202501006924,STU006924,SCH028,2025-01-01,1,1,
ATT202501006926,STU006926,SCH050,2025-01-01,1,1,
ATT202501006927,STU006927,SCH045,2025-01-01,3,3,
ATT202501006928,STU006928,SCH005,2025-01-01,1,1,
ATT202501006929,STU006929,SCH022,2025-01-01,3,3,
ATT202501006931,STU006931,SCH013,2025-01-01,3,3,
ATT202501006932,STU006932,SCH031,2025-01-01,2,2,
ATT202501006933,STU006933,SCH043,2025-01-01,3,3,
ATT202501006935,STU006935,SCH015,2025-01-01,1,1,
ATT202501006936,STU006936,SCH015,2025-01-01,3,3,
ATT202501006937,STU006937,SCH028,2025-01-01,2,2,
ATT202501006938,STU006938,SCH022,2025-01-01,3,2,Illness
ATT202501006939,STU006939,SCH015,2025-01-01,2,2,
ATT202501006940,STU006940,SCH013,2025-01-01,3,3,
ATT202501006941,STU006941,SCH031,2025-01-01,1,1,
ATT202501006942,STU006942,SCH013,2025-01-01,2,2,
ATT202501006943,STU006943,SCH009,2025-01-01,3,3,
ATT202501006944,STU006944,SCH021,2025-01-01,3,3,
ATT202501006945,STU006945,SCH009,2025-01-01,3,3,
ATT202501006947,STU006947,SCH010,2025-01-01,3,3,
ATT202501006948,STU006948,SCH024,2025-01-01,3,2,Other
ATT202501006949,STU006949,SCH010,2025-01-01,2,2,
ATT202501006950,STU006950,SCH035,2025-01-01,1,1,
ATT202501006951,STU006951,SCH009,2025-01-01,3,3,
ATT202501006952,STU006952,SCH004,2025-01-01,3,3,
ATT202501006953,STU006953,SCH028,2025-01-01,3,3,
ATT202501006954,STU006954,SCH023,2025-01-01,1,1,
ATT202501006955,STU006955,SCH046,2025-01-01,1,1,
ATT202501006956,STU006956,SCH040,2025-01-01,3,3,
ATT202501006957,STU006957,SCH038,2025-01-01,3,3,
ATT202501006958,STU006958,SCH032,2025-01-01,1,1,
ATT202501006959,STU006959,SCH030,2025-01-01,2,2,
ATT202501006960,STU006960,SCH001,2025-01-01,3,2,Medical
ATT202501006961,STU006961,SCH008,2025-01-01,2,2,
ATT202501006962,STU006962,SCH032,2025-01-01,2,2,
ATT202501006963,STU006963,SCH013,2025-01-01,2,2,
ATT202501006964,STU006964,SCH005,2025-01-01,3,3,
ATT202501006965,STU006965,SCH037,2025-01-01,3,2,Illness
ATT202501006966,STU006966,SCH029,2025-01-01,2,2,
ATT202501006967,STU006967,SCH024,2025-01-01,1,1,
ATT202501006968,STU006968,SCH036,2025-01-01,3,3,
ATT202501006970,STU006970,SCH007,2025-01-01,3,3,
ATT202501006971,STU006971,SCH023,2025-01-01,1,1,
ATT202501006972,STU006972,SCH048,2025-01-01,2,2,
ATT202501006973,STU006973,SCH040,2025-01-01,1,1,
ATT202501006974,STU006974,SCH034,2025-01-01,1,1,
ATT202501006975,STU006975,SCH029,2025-01-01,2,2,
ATT202501006976,STU006976,SCH048,2025-01-01,1,1,
ATT202501006977,STU006977,SCH008,2025-01-01,1,1,
ATT202501006978,STU006978,SCH048,2025-01-01,3,3,
ATT202501006979,STU006979,SCH014,2025-01-01,3,3,
ATT202501006980,STU006980,SCH010,2025-01-01,1,1,
ATT202501006981,STU006981,SCH021,2025-01-01,3,3,
ATT202501006982,STU006982,SCH042,2025-01-01,3,2,Other
ATT202501006983,STU006983,SCH018,2025-01-01,3,3,
ATT202501006984,STU006984,SCH033,2025-01-01,2,2,
ATT202501006985,STU006985,SCH033,2025-01-01,3,3,
ATT202501006986,STU006986,SCH013,2025-01-01,2,2,
ATT202501006987,STU006987,SCH026,2025-01-01,1,1,
ATT202501006988,STU006988,SCH024,2025-01-01,3,3,
ATT202501006989,STU006989,SCH025,2025-01-01,2,2,
ATT202501006990,STU006990,SCH012,2025-01-01,1,1,
ATT202501006991,STU006991,SCH042,2025-01-01,1,1,
ATT202501006992,STU006992,SCH002,2025-01-01,1,1,
ATT202501006993,STU006993,SCH008,2025-01-01,3,3,
ATT202501006994,STU006994,SCH023,2025-01-01,2,2,
ATT202501006995,STU006995,SCH025,2025-01-01,1,1,
ATT202501006997,STU006997,SCH029,2025-01-01,3,3,
ATT202501006998,STU006998,SCH020,2025-01-01,1,1,
ATT202501006999,STU006999,SCH018,2025-01-01,3,3,
ATT202501007000,STU007000,SCH043,2025-01-01,3,3,
ATT202501007001,STU007001,SCH046,2025-01-01,2,2,
ATT202501007002,STU007002,SCH005,2025-01-01,1,1,
ATT202501007003,STU007003,SCH017,2025-01-01,3,2,Family
ATT202501007004,STU007004,SCH012,2025-01-01,3,3,
ATT202501007006,STU007006,SCH002,2025-01-01,1,1,
ATT202501007007,STU007007,SCH004,2025-01-01,1,1,
ATT202501007008,STU007008,SCH015,2025-01-01,1,1,
ATT202501007010,STU007010,SCH008,2025-01-01,3,3,
ATT202501007011,STU007011,SCH021,2025-01-01,3,3,
ATT202501007012,STU007012,SCH032,2025-01-01,3,3,
ATT202501007013,STU007013,SCH010,2025-01-01,2,2,
ATT202501007014,STU007014,SCH042,2025-01-01,3,2,Illness
ATT202501007015,STU007015,SCH021,2025-01-01,2,2,
ATT202501007016,STU007016,SCH038,2025-01-01,1,1,
ATT202501007017,STU007017,SCH001,2025-01-01,1,1,
ATT202501007018,STU007018,SCH040,2025-01-01,1,1,
ATT202501007019,STU007019,SCH011,2025-01-01,3,3,
ATT202501007020,STU007020,SCH016,2025-01-01,3,3,
ATT202501007021,STU007021,SCH014,2025-01-01,3,3,
ATT202501007022,STU007022,SCH032,2025-01-01,2,2,
ATT202501007023,STU007023,SCH047,2025-01-01,3,3,
ATT202501007024,STU007024,SCH023,2025-01-01,2,2,
ATT202501007025,STU007025,SCH017,2025-01-01,2,2,
ATT202501007026,STU007026,SCH032,2025-01-01,1,1,
ATT202501007027,STU007027,SCH047,2025-01-01,2,2,
ATT202501007028,STU007028,SCH034,2025-01-01,3,2,Medical
ATT202501007029,STU007029,SCH037,2025-01-01,2,2,
ATT202501007030,STU007030,SCH020,2025-01-01,1,1,
ATT202501007031,STU007031,SCH034,2025-01-01,3,3,
ATT202501007032,STU007032,SCH018,2025-01-01,3,3,
ATT202501007033,STU007033,SCH020,2025-01-01,3,3,
ATT202501007034,STU007034,SCH042,2025-01-01,2,2,
ATT202501007035,STU007035,SCH005,2025-01-01,3,3,
ATT202501007036,STU007036,SCH009,2025-01-01,1,1,
ATT202501007037,STU007037,SCH004,2025-01-01,3,3,
ATT202501007038,STU007038,SCH013,2025-01-01,3,3,
ATT202501007040,STU007040,SCH019,2025-01-01,2,2,
ATT202501007041,STU007041,SCH025,2025-01-01,2,2,
ATT202501007042,STU007042,SCH021,2025-01-01,2,2,
ATT202501007043,STU007043,SCH025,2025-01-01,2,2,
ATT202501007044,STU007044,SCH027,2025-01-01,1,1,
ATT202501007045,STU007045,SCH020,2025-01-01,3,3,
ATT202501007046,STU007046,SCH035,2025-01-01,3,3,
ATT202501007047,STU007047,SCH041,2025-01-01,2,2,
ATT202501007048,STU007048,SCH024,2025-01-01,3,3,
ATT202501007049,STU007049,SCH044,2025-01-01,2,2,
ATT202501007050,STU007050,SCH027,2025-01-01,3,3,
ATT202501007051,STU007051,SCH017,2025-01-01,2,2,
ATT202501007052,STU007052,SCH003,2025-01-01,1,1,
ATT202501007053,STU007053,SCH011,2025-01-01,3,3,
ATT202501007054,STU007054,SCH044,2025-01-01,2,2,
ATT202501007055,STU007055,SCH007,2025-01-01,1,1,
ATT202501007056,STU007056,SCH002,2025-01-01,1,1,
ATT202501007057,STU007057,SCH004,2025-01-01,2,2,
ATT202501007058,STU007058,SCH002,2025-01-01,3,3,
ATT202501007059,STU007059,SCH032,2025-01-01,2,2,
ATT202501007060,STU007060,SCH026,2025-01-01,1,1,
ATT202501007061,STU007061,SCH045,2025-01-01,3,3,
ATT202501007062,STU007062,SCH045,2025-01-01,3,3,
ATT202501007063,STU007063,SCH034,2025-01-01,3,3,
ATT202501007064,STU007064,SCH032,2025-01-01,2,2,
ATT202501007065,STU007065,SCH032,2025-01-01,1,1,
ATT202501007067,STU007067,SCH004,2025-01-01,2,2,
ATT202501007069,STU007069,SCH034,2025-01-01,3,3,
ATT202501007070,STU007070,SCH007,2025-01-01,2,2,
ATT202501007071,STU007071,SCH028,2025-01-01,2,2,
ATT202501007072,STU007072,SCH039,2025-01-01,3,3,
ATT202501007073,STU007073,SCH028,2025-01-01,2,2,
ATT202501007074,STU007074,SCH046,2025-01-01,1,1,
ATT202501007075,STU007075,SCH033,2025-01-01,3,3,
ATT202501007076,STU007076,SCH042,2025-01-01,1,1,
ATT202501007077,STU007077,SCH018,2025-01-01,3,3,
ATT202501007078,STU007078,SCH050,2025-01-01,1,1,
ATT202501007079,STU007079,SCH039,2025-01-01,1,1,
ATT202501007080,STU007080,SCH013,2025-01-01,1,1,
ATT202501007081,STU007081,SCH043,2025-01-01,2,2,
ATT202501007082,STU007082,SCH045,2025-01-01,1,1,
ATT202501007083,STU007083,SCH047,2025-01-01,1,1,
ATT202501007084,STU007084,SCH030,2025-01-01,1,1,
ATT202501007086,STU007086,SCH046,2025-01-01,3,3,
ATT202501007089,STU007089,SCH009,2025-01-01,3,3,
ATT202501007090,STU007090,SCH050,2025-01-01,2,2,
ATT202501007091,STU007091,SCH023,2025-01-01,1,1,
ATT202501007092,STU007092,SCH044,2025-01-01,2,2,
ATT202501007093,STU007093,SCH031,2025-01-01,2,2,
ATT202501007094,STU007094,SCH044,2025-01-01,1,1,
ATT202501007095,STU007095,SCH047,2025-01-01,2,2,
ATT202501007098,STU007098,SCH021,2025-01-01,3,3,
ATT202501007099,STU007099,SCH006,2025-01-01,2,2,
ATT202501007100,STU007100,SCH017,2025-01-01,1,1,
ATT202501007101,STU007101,SCH046,2025-01-01,2,2,
ATT202501007102,STU007102,SCH010,2025-01-01,3,3,
ATT202501007104,STU007104,SCH047,2025-01-01,2,2,
ATT202501007105,STU007105,SCH019,2025-01-01,2,2,
ATT202501007106,STU007106,SCH003,2025-01-01,3,3,
ATT202501007107,STU007107,SCH005,2025-01-01,1,1,
ATT202501007108,STU007108,SCH049,2025-01-01,3,3,
ATT202501007109,STU007109,SCH021,2025-01-01,1,1,
ATT202501007110,STU007110,SCH004,2025-01-01,2,2,
ATT202501007111,STU007111,SCH003,2025-01-01,3,3,
ATT202501007112,STU007112,SCH043,2025-01-01,2,2,
ATT202501007113,STU007113,SCH039,2025-01-01,2,2,
ATT202501007114,STU007114,SCH010,2025-01-01,1,1,
ATT202501007115,STU007115,SCH020,2025-01-01,3,3,
ATT202501007116,STU007116,SCH046,2025-01-01,1,1,
ATT202501007119,STU007119,SCH036,2025-01-01,3,3,
ATT202501007120,STU007120,SCH048,2025-01-01,1,1,
ATT202501007121,STU007121,SCH021,2025-01-01,2,2,
ATT202501007122,STU007122,SCH008,2025-01-01,1,1,
ATT202501007124,STU007124,SCH046,2025-01-01,3,3,
ATT202501007126,STU007126,SCH027,2025-01-01,1,1,
ATT202501007127,STU007127,SCH010,2025-01-01,3,3,
ATT202501007128,STU007128,SCH045,2025-01-01,2,2,
ATT202501007129,STU007129,SCH013,2025-01-01,3,3,
ATT202501007130,STU007130,SCH047,2025-01-01,3,3,
ATT202501007131,STU007131,SCH021,2025-01-01,1,1,
ATT202501007132,STU007132,SCH033,2025-01-01,1,1,
ATT202501007133,STU007133,SCH021,2025-01-01,2,2,
ATT202501007135,STU007135,SCH030,2025-01-01,2,2,
ATT202501007136,STU007136,SCH018,2025-01-01,2,2,
ATT202501007137,STU007137,SCH027,2025-01-01,2,2,
ATT202501007139,STU007139,SCH030,2025-01-01,3,3,
ATT202501007140,STU007140,SCH021,2025-01-01,2,2,
ATT202501007141,STU007141,SCH010,2025-01-01,1,1,
ATT202501007142,STU007142,SCH039,2025-01-01,3,3,
ATT202501007143,STU007143,SCH010,2025-01-01,2,2,
ATT202501007144,STU007144,SCH044,2025-01-01,3,3,
ATT202501007145,STU007145,SCH048,2025-01-01,3,3,
ATT202501007146,STU007146,SCH031,2025-01-01,1,1,
ATT202501007148,STU007148,SCH002,2025-01-01,1,1,
ATT202501007150,STU007150,SCH021,2025-01-01,3,3,
ATT202501007151,STU007151,SCH010,2025-01-01,1,1,
ATT202501007152,STU007152,SCH023,2025-01-01,3,3,
ATT202501007153,STU007153,SCH034,2025-01-01,2,2,
ATT202501007154,STU007154,SCH021,2025-01-01,3,2,Unauthorised
ATT202501007155,STU007155,SCH039,2025-01-01,1,1,
ATT202501007156,STU007156,SCH022,2025-01-01,2,2,
ATT202501007157,STU007157,SCH005,2025-01-01,1,1,
ATT202501007158,STU007158,SCH011,2025-01-01,1,1,
ATT202501007159,STU007159,SCH020,2025-01-01,3,3,
ATT202501007160,STU007160,SCH024,2025-01-01,3,3,
ATT202501007161,STU007161,SCH049,2025-01-01,2,2,
ATT202501007162,STU007162,SCH035,2025-01-01,2,2,
ATT202501007163,STU007163,SCH020,2025-01-01,1,1,
ATT202501007164,STU007164,SCH021,2025-01-01,3,3,
ATT202501007165,STU007165,SCH021,2025-01-01,2,2,
ATT202501007166,STU007166,SCH007,2025-01-01,2,2,
ATT202501007167,STU007167,SCH022,2025-01-01,1,1,
ATT202501007169,STU007169,SCH046,2025-01-01,3,3,
ATT202501007170,STU007170,SCH021,2025-01-01,1,1,
ATT202501007171,STU007171,SCH007,2025-01-01,3,3,
ATT202501007172,STU007172,SCH031,2025-01-01,2,2,
ATT202501007173,STU007173,SCH042,2025-01-01,3,3,
ATT202501007174,STU007174,SCH047,2025-01-01,1,1,
ATT202501007175,STU007175,SCH038,2025-01-01,3,3,
ATT202501007176,STU007176,SCH044,2025-01-01,1,1,
ATT202501007177,STU007177,SCH046,2025-01-01,1,1,
ATT202501007178,STU007178,SCH040,2025-01-01,3,3,
ATT202501007180,STU007180,SCH036,2025-01-01,2,2,
ATT202501007181,STU007181,SCH010,2025-01-01,2,2,
ATT202501007183,STU007183,SCH007,2025-01-01,3,3,
ATT202501007184,STU007184,SCH009,2025-01-01,1,1,
ATT202501007185,STU007185,SCH038,2025-01-01,2,2,
ATT202501007186,STU007186,SCH002,2025-01-01,1,1,
ATT202501007188,STU007188,SCH041,2025-01-01,2,2,
ATT202501007189,STU007189,SCH010,2025-01-01,2,2,
ATT202501007190,STU007190,SCH035,2025-01-01,1,1,
ATT202501007191,STU007191,SCH013,2025-01-01,1,1,
ATT202501007192,STU007192,SCH031,2025-01-01,1,1,
ATT202501007193,STU007193,SCH011,2025-01-01,1,1,
ATT202501007194,STU007194,SCH025,2025-01-01,3,3,
ATT202501007195,STU007195,SCH037,2025-01-01,3,3,
ATT202501007197,STU007197,SCH031,2025-01-01,1,1,
ATT202501007198,STU007198,SCH031,2025-01-01,3,2,Illness
ATT202501007199,STU007199,SCH034,2025-01-01,3,2,Medical
ATT202501007200,STU007200,SCH010,2025-01-01,3,3,
ATT202501007202,STU007202,SCH010,2025-01-01,1,1,
ATT202501007203,STU007203,SCH028,2025-01-01,3,3,
ATT202501007204,STU007204,SCH018,2025-01-01,1,1,
ATT202501007205,STU007205,SCH035,2025-01-01,3,3,
ATT202501007206,STU007206,SCH025,2025-01-01,2,2,
ATT202501007207,STU007207,SCH031,2025-01-01,3,3,
ATT202501007208,STU007208,SCH041,2025-01-01,1,1,
ATT202501007209,STU007209,SCH006,2025-01-01,2,2,
ATT202501007210,STU007210,SCH003,2025-01-01,2,2,
ATT202501007211,STU007211,SCH021,2025-01-01,3,3,
ATT202501007212,STU007212,SCH010,2025-01-01,3,3,
ATT202501007213,STU007213,SCH033,2025-01-01,3,3,
ATT202501007214,STU007214,SCH010,2025-01-01,2,2,
ATT202501007215,STU007215,SCH041,2025-01-01,2,2,
ATT202501007216,STU007216,SCH049,2025-01-01,3,3,
ATT202501007217,STU007217,SCH001,2025-01-01,1,1,
ATT202501007218,STU007218,SCH037,2025-01-01,3,3,
ATT202501007219,STU007219,SCH042,2025-01-01,2,2,
ATT202501007220,STU007220,SCH032,2025-01-01,2,2,
ATT202501007221,STU007221,SCH010,2025-01-01,2,2,
ATT202501007222,STU007222,SCH027,2025-01-01,3,3,
ATT202501007223,STU007223,SCH010,2025-01-01,2,2,
ATT202501007224,STU007224,SCH049,2025-01-01,2,2,
ATT202501007225,STU007225,SCH046,2025-01-01,2,2,
ATT202501007226,STU007226,SCH009,2025-01-01,2,2,
ATT202501007227,STU007227,SCH006,2025-01-01,3,3,
ATT202501007228,STU007228,SCH043,2025-01-01,2,2,
ATT202501007229,STU007229,SCH019,2025-01-01,3,3,
ATT202501007231,STU007231,SCH033,2025-01-01,1,1,
ATT202501007232,STU007232,SCH008,2025-01-01,3,3,
ATT202501007233,STU007233,SCH044,2025-01-01,3,3,
ATT202501007235,STU007235,SCH045,2025-01-01,3,3,
ATT202501007236,STU007236,SCH024,2025-01-01,3,3,
ATT202501007237,STU007237,SCH026,2025-01-01,1,1,
ATT202501007238,STU007238,SCH011,2025-01-01,2,2,
ATT202501007240,STU007240,SCH015,2025-01-01,3,3,
ATT202501007241,STU007241,SCH046,2025-01-01,3,3,
ATT202501007242,STU007242,SCH042,2025-01-01,1,1,
ATT202501007243,STU007243,SCH036,2025-01-01,1,1,
ATT202501007244,STU007244,SCH018,2025-01-01,3,3,
ATT202501007245,STU007245,SCH019,2025-01-01,1,1,
ATT202501007246,STU007246,SCH031,2025-01-01,1,1,
ATT202501007247,STU007247,SCH037,2025-01-01,2,2,
ATT202501007248,STU007248,SCH006,2025-01-01,1,1,
ATT202501007250,STU007250,SCH003,2025-01-01,1,1,
ATT202501007251,STU007251,SCH002,2025-01-01,2,2,
ATT202501007252,STU007252,SCH021,2025-01-01,3,3,
ATT202501007253,STU007253,SCH020,2025-01-01,3,3,
ATT202501007254,STU007254,SCH023,2025-01-01,2,2,
ATT202501007255,STU007255,SCH048,2025-01-01,1,1,
ATT202501007256,STU007256,SCH015,2025-01-01,1,1,
ATT202501007257,STU007257,SCH033,2025-01-01,1,1,
ATT202501007258,STU007258,SCH023,2025-01-01,3,3,
ATT202501007259,STU007259,SCH041,2025-01-01,2,2,
ATT202501007260,STU007260,SCH028,2025-01-01,2,2,
ATT202501007261,STU007261,SCH024,2025-01-01,3,2,Medical
ATT202501007262,STU007262,SCH012,2025-01-01,2,2,
ATT202501007263,STU007263,SCH028,2025-01-01,3,3,
ATT202501007264,STU007264,SCH029,2025-01-01,3,3,
ATT202501007265,STU007265,SCH005,2025-01-01,3,3,
ATT202501007266,STU007266,SCH045,2025-01-01,3,3,
ATT202501007267,STU007267,SCH031,2025-01-01,3,3,
ATT202501007268,STU007268,SCH004,2025-01-01,1,1,
ATT202501007270,STU007270,SCH030,2025-01-01,2,2,
ATT202501007273,STU007273,SCH036,2025-01-01,3,3,
ATT202501007274,STU007274,SCH046,2025-01-01,2,2,
ATT202501007275,STU007275,SCH009,2025-01-01,2,2,
ATT202501007276,STU007276,SCH029,2025-01-01,2,2,
ATT202501007277,STU007277,SCH030,2025-01-01,2,2,
ATT202501007278,STU007278,SCH046,2025-01-01,1,1,
ATT202501007279,STU007279,SCH022,2025-01-01,3,3,
ATT202501007280,STU007280,SCH011,2025-01-01,3,3,
ATT202501007281,STU007281,SCH047,2025-01-01,1,1,
ATT202501007282,STU007282,SCH008,2025-01-01,2,2,
ATT202501007283,STU007283,SCH026,2025-01-01,3,3,
ATT202501007284,STU007284,SCH007,2025-01-01,2,2,
ATT202501007285,STU007285,SCH004,2025-01-01,1,1,
ATT202501007286,STU007286,SCH002,2025-01-01,1,1,
ATT202501007287,STU007287,SCH007,2025-01-01,2,2,
ATT202501007288,STU007288,SCH014,2025-01-01,3,3,
ATT202501007289,STU007289,SCH023,2025-01-01,2,2,
ATT202501007290,STU007290,SCH017,2025-01-01,2,2,
ATT202501007291,STU007291,SCH018,2025-01-01,3,3,
ATT202501007292,STU007292,SCH009,2025-01-01,3,3,
ATT202501007293,STU007293,SCH049,2025-01-01,2,2,
ATT202501007294,STU007294,SCH011,2025-01-01,1,1,
ATT202501007295,STU007295,SCH028,2025-01-01,2,2,
ATT202501007297,STU007297,SCH046,2025-01-01,3,3,
ATT202501007298,STU007298,SCH010,2025-01-01,2,2,
ATT202501007299,STU007299,SCH049,2025-01-01,1,1,
ATT202501007300,STU007300,SCH044,2025-01-01,2,2,
ATT202501007301,STU007301,SCH050,2025-01-01,3,3,
ATT202501007302,STU007302,SCH006,2025-01-01,3,3,
ATT202501007304,STU007304,SCH002,2025-01-01,3,3,
ATT202501007305,STU007305,SCH011,2025-01-01,2,2,
ATT202501007306,STU007306,SCH011,2025-01-01,1,1,
ATT202501007307,STU007307,SCH023,2025-01-01,2,2,
ATT202501007308,STU007308,SCH045,2025-01-01,3,3,
ATT202501007310,STU007310,SCH045,2025-01-01,3,3,
ATT202501007311,STU007311,SCH047,2025-01-01,2,2,
ATT202501007312,STU007312,SCH032,2025-01-01,3,3,
ATT202501007313,STU007313,SCH005,2025-01-01,1,1,
ATT202501007319,STU007319,SCH029,2025-01-01,1,1,
ATT202501007320,STU007320,SCH049,2025-01-01,2,2,
ATT202501007321,STU007321,SCH047,2025-01-01,1,1,
ATT202501007322,STU007322,SCH039,2025-01-01,2,2,
ATT202501007323,STU007323,SCH025,2025-01-01,3,3,
ATT202501007324,STU007324,SCH012,2025-01-01,3,3,
ATT202501007325,STU007325,SCH046,2025-01-01,1,1,
ATT202501007326,STU007326,SCH033,2025-01-01,1,1,
ATT202501007327,STU007327,SCH011,2025-01-01,2,2,
ATT202501007328,STU007328,SCH003,2025-01-01,3,3,
ATT202501007331,STU007331,SCH048,2025-01-01,1,1,
ATT202501007332,STU007332,SCH028,2025-01-01,2,2,
ATT202501007333,STU007333,SCH002,2025-01-01,2,2,
ATT202501007334,STU007334,SCH010,2025-01-01,3,3,
ATT202501007335,STU007335,SCH014,2025-01-01,2,2,
ATT202501007336,STU007336,SCH027,2025-01-01,1,1,
ATT202501007337,STU007337,SCH035,2025-01-01,3,2,Family
ATT202501007338,STU007338,SCH020,2025-01-01,1,1,
ATT202501007339,STU007339,SCH032,2025-01-01,2,2,
ATT202501007340,STU007340,SCH026,2025-01-01,3,3,
ATT202501007341,STU007341,SCH038,2025-01-01,3,3,
ATT202501007342,STU007342,SCH039,2025-01-01,1,1,
ATT202501007343,STU007343,SCH028,2025-01-01,2,2,
ATT202501007344,STU007344,SCH027,2025-01-01,2,2,
ATT202501007345,STU007345,SCH045,2025-01-01,1,1,
ATT202501007347,STU007347,SCH013,2025-01-01,2,2,
ATT202501007348,STU007348,SCH004,2025-01-01,3,3,
ATT202501007349,STU007349,SCH011,2025-01-01,1,1,
ATT202501007351,STU007351,SCH009,2025-01-01,1,1,
ATT202501007352,STU007352,SCH028,2025-01-01,1,1,
ATT202501007353,STU007353,SCH020,2025-01-01,2,2,
ATT202501007354,STU007354,SCH036,2025-01-01,2,2,
ATT202501007355,STU007355,SCH021,2025-01-01,1,1,
ATT202501007356,STU007356,SCH012,2025-01-01,2,2,
ATT202501007357,STU007357,SCH031,2025-01-01,2,2,
ATT202501007358,STU007358,SCH038,2025-01-01,2,2,
ATT202501007359,STU007359,SCH026,2025-01-01,3,3,
ATT202501007361,STU007361,SCH043,2025-01-01,3,3,
ATT202501007362,STU007362,SCH010,2025-01-01,2,2,
ATT202501007363,STU007363,SCH049,2025-01-01,3,2,Other
ATT202501007364,STU007364,SCH046,2025-01-01,3,3,
ATT202501007365,STU007365,SCH027,2025-01-01,3,3,
ATT202501007366,STU007366,SCH003,2025-01-01,1,1,
ATT202501007367,STU007367,SCH007,2025-01-01,3,3,
ATT202501007368,STU007368,SCH014,2025-01-01,3,3,
ATT202501007369,STU007369,SCH031,2025-01-01,1,1,
ATT202501007370,STU007370,SCH029,2025-01-01,3,3,
ATT202501007371,STU007371,SCH001,2025-01-01,1,1,
ATT202501007374,STU007374,SCH011,2025-01-01,2,2,
ATT202501007376,STU007376,SCH029,2025-01-01,3,3,
ATT202501007377,STU007377,SCH004,2025-01-01,2,2,
ATT202501007378,STU007378,SCH006,2025-01-01,2,2,
ATT202501007379,STU007379,SCH021,2025-01-01,2,2,
ATT202501007380,STU007380,SCH035,2025-01-01,3,3,
ATT202501007381,STU007381,SCH046,2025-01-01,3,3,
ATT202501007384,STU007384,SCH041,2025-01-01,1,1,
ATT202501007385,STU007385,SCH019,2025-01-01,2,2,
ATT202501007386,STU007386,SCH020,2025-01-01,2,2,
ATT202501007387,STU007387,SCH029,2025-01-01,2,2,
ATT202501007388,STU007388,SCH035,2025-01-01,1,1,
ATT202501007389,STU007389,SCH022,2025-01-01,2,2,
ATT202501007390,STU007390,SCH027,2025-01-01,3,3,
ATT202501007392,STU007392,SCH016,2025-01-01,3,3,
ATT202501007393,STU007393,SCH048,2025-01-01,1,1,
ATT202501007394,STU007394,SCH037,2025-01-01,1,1,
ATT202501007395,STU007395,SCH033,2025-01-01,1,1,
ATT202501007396,STU007396,SCH015,2025-01-01,3,3,
ATT202501007397,STU007397,SCH044,2025-01-01,3,3,
ATT202501007398,STU007398,SCH012,2025-01-01,2,2,
ATT202501007399,STU007399,SCH043,2025-01-01,1,1,
ATT202501007400,STU007400,SCH038,2025-01-01,3,3,
ATT202501007401,STU007401,SCH046,2025-01-01,2,2,
ATT202501007402,STU007402,SCH013,2025-01-01,3,3,
ATT202501007404,STU007404,SCH011,2025-01-01,1,1,
ATT202501007405,STU007405,SCH050,2025-01-01,1,1,
ATT202501007406,STU007406,SCH006,2025-01-01,3,3,
ATT202501007407,STU007407,SCH010,2025-01-01,3,2,Unauthorised
ATT202501007408,STU007408,SCH014,2025-01-01,2,2,
ATT202501007409,STU007409,SCH041,2025-01-01,1,1,
ATT202501007410,STU007410,SCH028,2025-01-01,1,1,
ATT202501007411,STU007411,SCH021,2025-01-01,2,2,
ATT202501007412,STU007412,SCH038,2025-01-01,2,2,
ATT202501007413,STU007413,SCH043,2025-01-01,1,1,
ATT202501007414,STU007414,SCH043,2025-01-01,2,2,
ATT202501007415,STU007415,SCH046,2025-01-01,1,1,
ATT202501007416,STU007416,SCH023,2025-01-01,1,1,
ATT202501007417,STU007417,SCH001,2025-01-01,2,2,
ATT202501007418,STU007418,SCH010,2025-01-01,2,2,
ATT202501007419,STU007419,SCH028,2025-01-01,1,1,
ATT202501007420,STU007420,SCH016,2025-01-01,1,1,
ATT202501007421,STU007421,SCH014,2025-01-01,1,1,
ATT202501007422,STU007422,SCH039,2025-01-01,3,3,
ATT202501007423,STU007423,SCH039,2025-01-01,2,2,
ATT202501007424,STU007424,SCH048,2025-01-01,1,1,
ATT202501007425,STU007425,SCH014,2025-01-01,1,1,
ATT202501007426,STU007426,SCH015,2025-01-01,3,3,
ATT202501007427,STU007427,SCH009,2025-01-01,3,3,
ATT202501007428,STU007428,SCH040,2025-01-01,3,3,
ATT202501007429,STU007429,SCH027,2025-01-01,3,3,
ATT202501007430,STU007430,SCH018,2025-01-01,1,1,
ATT202501007431,STU007431,SCH018,2025-01-01,2,2,
ATT202501007432,STU007432,SCH033,2025-01-01,3,3,
ATT202501007433,STU007433,SCH048,2025-01-01,1,1,
ATT202501007434,STU007434,SCH047,2025-01-01,2,2,
ATT202501007435,STU007435,SCH002,2025-01-01,2,2,
ATT202501007436,STU007436,SCH036,2025-01-01,3,3,
ATT202501007437,STU007437,SCH010,2025-01-01,2,2,
ATT202501007438,STU007438,SCH034,2025-01-01,1,1,
ATT202501007439,STU007439,SCH018,2025-01-01,2,2,
ATT202501007440,STU007440,SCH007,2025-01-01,2,2,
ATT202501007441,STU007441,SCH011,2025-01-01,2,2,
ATT202501007443,STU007443,SCH050,2025-01-01,3,3,
ATT202501007444,STU007444,SCH031,2025-01-01,3,3,
ATT202501007445,STU007445,SCH041,2025-01-01,1,1,
ATT202501007446,STU007446,SCH033,2025-01-01,2,2,
ATT202501007447,STU007447,SCH018,2025-01-01,2,2,
ATT202501007448,STU007448,SCH030,2025-01-01,3,3,
ATT202501007449,STU007449,SCH046,2025-01-01,1,1,
ATT202501007450,STU007450,SCH050,2025-01-01,1,1,
ATT202501007451,STU007451,SCH031,2025-01-01,1,1,
ATT202501007452,STU007452,SCH034,2025-01-01,1,1,
ATT202501007453,STU007453,SCH003,2025-01-01,2,2,
ATT202501007454,STU007454,SCH042,2025-01-01,1,1,
ATT202501007455,STU007455,SCH040,2025-01-01,1,1,
ATT202501007456,STU007456,SCH046,2025-01-01,2,2,
ATT202501007457,STU007457,SCH014,2025-01-01,2,2,
ATT202501007458,STU007458,SCH009,2025-01-01,1,1,
ATT202501007459,STU007459,SCH044,2025-01-01,2,2,
ATT202501007460,STU007460,SCH045,2025-01-01,1,1,
ATT202501007462,STU007462,SCH012,2025-01-01,2,2,
ATT202501007463,STU007463,SCH029,2025-01-01,3,3,
ATT202501007464,STU007464,SCH045,2025-01-01,2,2,
ATT202501007465,STU007465,SCH023,2025-01-01,2,2,
ATT202501007466,STU007466,SCH042,2025-01-01,1,1,
ATT202501007467,STU007467,SCH006,2025-01-01,1,1,
ATT202501007468,STU007468,SCH002,2025-01-01,3,2,Family
ATT202501007469,STU007469,SCH037,2025-01-01,2,2,
ATT202501007470,STU007470,SCH005,2025-01-01,1,1,
ATT202501007471,STU007471,SCH006,2025-01-01,3,3,
ATT202501007472,STU007472,SCH033,2025-01-01,2,2,
ATT202501007473,STU007473,SCH014,2025-01-01,2,2,
ATT202501007474,STU007474,SCH014,2025-01-01,2,2,
ATT202501007475,STU007475,SCH041,2025-01-01,2,2,
ATT202501007476,STU007476,SCH011,2025-01-01,3,3,
ATT202501007477,STU007477,SCH029,2025-01-01,2,2,
ATT202501007478,STU007478,SCH016,2025-01-01,3,3,
ATT202501007482,STU007482,SCH017,2025-01-01,1,1,
ATT202501007483,STU007483,SCH035,2025-01-01,3,3,
ATT202501007484,STU007484,SCH046,2025-01-01,3,3,
ATT202501007485,STU007485,SCH010,2025-01-01,3,3,
ATT202501007486,STU007486,SCH010,2025-01-01,2,2,
ATT202501007489,STU007489,SCH019,2025-01-01,2,2,
ATT202501007490,STU007490,SCH029,2025-01-01,1,1,
ATT202501007491,STU007491,SCH046,2025-01-01,3,3,
ATT202501007492,STU007492,SCH041,2025-01-01,3,3,
ATT202501007493,STU007493,SCH011,2025-01-01,2,2,
ATT202501007494,STU007494,SCH019,2025-01-01,3,3,
ATT202501007495,STU007495,SCH011,2025-01-01,2,2,
ATT202501007496,STU007496,SCH029,2025-01-01,1,1,
ATT202501007497,STU007497,SCH018,2025-01-01,2,2,
ATT202501007498,STU007498,SCH012,2025-01-01,3,3,
ATT202501007499,STU007499,SCH001,2025-01-01,2,2,
ATT202501007500,STU007500,SCH032,2025-01-01,1,1,
ATT202501007501,STU007501,SCH003,2025-01-01,2,2,
ATT202501007502,STU007502,SCH019,2025-01-01,2,2,
ATT202501007504,STU007504,SCH005,2025-01-01,2,2,
ATT202501007505,STU007505,SCH029,2025-01-01,2,2,
ATT202501007506,STU007506,SCH020,2025-01-01,2,2,
ATT202501007507,STU007507,SCH008,2025-01-01,2,2,
ATT202501007508,STU007508,SCH041,2025-01-01,3,3,
ATT202501007509,STU007509,SCH012,2025-01-01,3,3,
ATT202501007510,STU007510,SCH016,2025-01-01,1,1,
ATT202501007511,STU007511,SCH045,2025-01-01,2,2,
ATT202501007512,STU007512,SCH047,2025-01-01,2,2,
ATT202501007513,STU007513,SCH035,2025-01-01,2,2,
ATT202501007514,STU007514,SCH027,2025-01-01,3,3,
ATT202501007515,STU007515,SCH049,2025-01-01,3,2,Other
ATT202501007516,STU007516,SCH008,2025-01-01,2,2,
ATT202501007517,STU007517,SCH033,2025-01-01,1,1,
ATT202501007518,STU007518,SCH041,2025-01-01,3,3,
ATT202501007519,STU007519,SCH030,2025-01-01,1,1,
ATT202501007520,STU007520,SCH048,2025-01-01,3,3,
ATT202501007522,STU007522,SCH007,2025-01-01,3,3,
ATT202501007523,STU007523,SCH006,2025-01-01,2,2,
ATT202501007524,STU007524,SCH003,2025-01-01,1,1,
ATT202501007525,STU007525,SCH035,2025-01-01,3,3,
ATT202501007526,STU007526,SCH025,2025-01-01,2,2,
ATT202501007527,STU007527,SCH024,2025-01-01,3,2,Illness
ATT202501007528,STU007528,SCH015,2025-01-01,2,2,
ATT202501007529,STU007529,SCH003,2025-01-01,1,1,
ATT202501007531,STU007531,SCH046,2025-01-01,1,1,
ATT202501007532,STU007532,SCH048,2025-01-01,3,3,
ATT202501007533,STU007533,SCH031,2025-01-01,2,2,
ATT202501007534,STU007534,SCH007,2025-01-01,2,2,
ATT202501007535,STU007535,SCH015,2025-01-01,2,2,
ATT202501007536,STU007536,SCH019,2025-01-01,1,1,
ATT202501007537,STU007537,SCH028,2025-01-01,3,3,
ATT202501007538,STU007538,SCH026,2025-01-01,1,1,
ATT202501007539,STU007539,SCH044,2025-01-01,1,1,
ATT202501007540,STU007540,SCH035,2025-01-01,2,2,
ATT202501007541,STU007541,SCH031,2025-01-01,1,1,
ATT202501007542,STU007542,SCH037,2025-01-01,2,2,
ATT202501007543,STU007543,SCH008,2025-01-01,3,3,
ATT202501007544,STU007544,SCH046,2025-01-01,3,2,Other
ATT202501007545,STU007545,SCH021,2025-01-01,2,2,
ATT202501007546,STU007546,SCH037,2025-01-01,1,1,
ATT202501007547,STU007547,SCH021,2025-01-01,3,2,Illness
ATT202501007548,STU007548,SCH021,2025-01-01,2,2,
ATT202501007549,STU007549,SCH035,2025-01-01,1,1,
ATT202501007550,STU007550,SCH032,2025-01-01,3,3,
ATT202501007551,STU007551,SCH008,2025-01-01,3,3,
ATT202501007552,STU007552,SCH004,2025-01-01,3,3,
ATT202501007553,STU007553,SCH029,2025-01-01,2,2,
ATT202501007554,STU007554,SCH043,2025-01-01,2,2,
ATT202501007556,STU007556,SCH019,2025-01-01,1,1,
ATT202501007557,STU007557,SCH046,2025-01-01,3,3,
ATT202501007558,STU007558,SCH010,2025-01-01,2,2,
ATT202501007559,STU007559,SCH046,2025-01-01,1,1,
ATT202501007560,STU007560,SCH031,2025-01-01,1,1,
ATT202501007561,STU007561,SCH019,2025-01-01,3,3,
ATT202501007562,STU007562,SCH013,2025-01-01,3,3,
ATT202501007563,STU007563,SCH019,2025-01-01,2,2,
ATT202501007564,STU007564,SCH006,2025-01-01,2,2,
ATT202501007565,STU007565,SCH011,2025-01-01,1,1,
ATT202501007567,STU007567,SCH029,2025-01-01,1,1,
ATT202501007568,STU007568,SCH017,2025-01-01,3,2,Other
ATT202501007569,STU007569,SCH044,2025-01-01,1,1,
ATT202501007570,STU007570,SCH046,2025-01-01,3,3,
ATT202501007571,STU007571,SCH014,2025-01-01,2,2,
ATT202501007572,STU007572,SCH023,2025-01-01,1,1,
ATT202501007573,STU007573,SCH017,2025-01-01,2,2,
ATT202501007574,STU007574,SCH006,2025-01-01,3,3,
ATT202501007575,STU007575,SCH047,2025-01-01,2,2,
ATT202501007576,STU007576,SCH043,2025-01-01,1,1,
ATT202501007577,STU007577,SCH028,2025-01-01,1,1,
ATT202501007578,STU007578,SCH003,2025-01-01,2,2,
ATT202501007579,STU007579,SCH036,2025-01-01,1,1,
ATT202501007580,STU007580,SCH039,2025-01-01,1,1,
ATT202501007581,STU007581,SCH006,2025-01-01,1,1,
ATT202501007582,STU007582,SCH033,2025-01-01,1,1,
ATT202501007583,STU007583,SCH036,2025-01-01,1,1,
ATT202501007584,STU007584,SCH008,2025-01-01,1,1,
ATT202501007585,STU007585,SCH049,2025-01-01,1,1,
ATT202501007586,STU007586,SCH003,2025-01-01,1,1,
ATT202501007587,STU007587,SCH031,2025-01-01,1,1,
ATT202501007588,STU007588,SCH020,2025-01-01,3,3,
ATT202501007589,STU007589,SCH046,2025-01-01,2,2,
ATT202501007591,STU007591,SCH022,2025-01-01,2,2,
ATT202501007592,STU007592,SCH027,2025-01-01,1,1,
ATT202501007593,STU007593,SCH002,2025-01-01,1,1,
ATT202501007594,STU007594,SCH050,2025-01-01,2,2,
ATT202501007595,STU007595,SCH017,2025-01-01,1,1,
ATT202501007596,STU007596,SCH014,2025-01-01,1,1,
ATT202501007597,STU007597,SCH046,2025-01-01,1,1,
ATT202501007598,STU007598,SCH043,2025-01-01,3,3,
ATT202501007599,STU007599,SCH018,2025-01-01,2,2,
ATT202501007600,STU007600,SCH008,2025-01-01,3,3,
ATT202501007601,STU007601,SCH043,2025-01-01,1,1,
ATT202501007602,STU007602,SCH031,2025-01-01,2,2,
ATT202501007603,STU007603,SCH046,2025-01-01,2,2,
ATT202501007604,STU007604,SCH025,2025-01-01,2,2,
ATT202501007605,STU007605,SCH005,2025-01-01,1,1,
ATT202501007606,STU007606,SCH034,2025-01-01,1,1,
ATT202501007607,STU007607,SCH029,2025-01-01,3,3,
ATT202501007608,STU007608,SCH028,2025-01-01,1,1,
ATT202501007610,STU007610,SCH023,2025-01-01,1,1,
ATT202501007611,STU007611,SCH043,2025-01-01,1,1,
ATT202501007612,STU007612,SCH034,2025-01-01,1,1,
ATT202501007613,STU007613,SCH002,2025-01-01,1,1,
ATT202501007614,STU007614,SCH010,2025-01-01,1,1,
ATT202501007615,STU007615,SCH001,2025-01-01,1,1,
ATT202501007616,STU007616,SCH002,2025-01-01,3,3,
ATT202501007617,STU007617,SCH027,2025-01-01,2,2,
ATT202501007618,STU007618,SCH036,2025-01-01,2,2,
ATT202501007619,STU007619,SCH032,2025-01-01,2,2,
ATT202501007620,STU007620,SCH007,2025-01-01,3,3,
ATT202501007621,STU007621,SCH021,2025-01-01,3,3,
ATT202501007622,STU007622,SCH002,2025-01-01,2,2,
ATT202501007623,STU007623,SCH018,2025-01-01,2,2,
ATT202501007624,STU007624,SCH039,2025-01-01,3,3,
ATT202501007626,STU007626,SCH032,2025-01-01,2,2,
ATT202501007628,STU007628,SCH005,2025-01-01,3,3,
ATT202501007629,STU007629,SCH029,2025-01-01,2,2,
ATT202501007630,STU007630,SCH031,2025-01-01,3,3,
ATT202501007631,STU007631,SCH040,2025-01-01,2,2,
ATT202501007632,STU007632,SCH014,2025-01-01,3,3,
ATT202501007633,STU007633,SCH038,2025-01-01,3,3,
ATT202501007634,STU007634,SCH029,2025-01-01,1,1,
ATT202501007635,STU007635,SCH029,2025-01-01,3,3,
ATT202501007638,STU007638,SCH008,2025-01-01,3,3,
ATT202501007639,STU007639,SCH040,2025-01-01,2,2,
ATT202501007640,STU007640,SCH039,2025-01-01,1,1,
ATT202501007643,STU007643,SCH041,2025-01-01,2,2,
ATT202501007644,STU007644,SCH004,2025-01-01,2,2,
ATT202501007645,STU007645,SCH017,2025-01-01,2,2,
ATT202501007646,STU007646,SCH025,2025-01-01,3,3,
ATT202501007647,STU007647,SCH040,2025-01-01,3,3,
ATT202501007648,STU007648,SCH020,2025-01-01,1,1,
ATT202501007649,STU007649,SCH011,2025-01-01,3,3,
ATT202501007650,STU007650,SCH042,2025-01-01,1,1,
ATT202501007651,STU007651,SCH003,2025-01-01,3,3,
ATT202501007652,STU007652,SCH014,2025-01-01,2,2,
ATT202501007653,STU007653,SCH027,2025-01-01,3,3,
ATT202501007654,STU007654,SCH046,2025-01-01,1,1,
ATT202501007655,STU007655,SCH001,2025-01-01,2,2,
ATT202501007656,STU007656,SCH030,2025-01-01,1,1,
ATT202501007657,STU007657,SCH036,2025-01-01,1,1,
ATT202501007658,STU007658,SCH046,2025-01-01,3,3,
ATT202501007659,STU007659,SCH041,2025-01-01,3,3,
ATT202501007660,STU007660,SCH019,2025-01-01,2,2,
ATT202501007661,STU007661,SCH046,2025-01-01,1,1,
ATT202501007662,STU007662,SCH046,2025-01-01,2,2,
ATT202501007663,STU007663,SCH021,2025-01-01,1,1,
ATT202501007665,STU007665,SCH044,2025-01-01,2,2,
ATT202501007666,STU007666,SCH006,2025-01-01,2,2,
ATT202501007667,STU007667,SCH031,2025-01-01,2,2,
ATT202501007668,STU007668,SCH011,2025-01-01,1,1,
ATT202501007669,STU007669,SCH005,2025-01-01,1,1,
ATT202501007670,STU007670,SCH049,2025-01-01,2,2,
ATT202501007671,STU007671,SCH007,2025-01-01,2,2,
ATT202501007672,STU007672,SCH050,2025-01-01,2,2,
ATT202501007673,STU007673,SCH010,2025-01-01,3,2,Family
ATT202501007674,STU007674,SCH050,2025-01-01,2,2,
ATT202501007675,STU007675,SCH023,2025-01-01,3,3,
ATT202501007676,STU007676,SCH041,2025-01-01,2,2,
ATT202501007677,STU007677,SCH021,2025-01-01,2,2,
ATT202501007678,STU007678,SCH031,2025-01-01,1,1,
ATT202501007679,STU007679,SCH028,2025-01-01,2,2,
ATT202501007680,STU007680,SCH033,2025-01-01,3,3,
ATT202501007681,STU007681,SCH025,2025-01-01,1,1,
ATT202501007682,STU007682,SCH013,2025-01-01,2,2,
ATT202501007683,STU007683,SCH050,2025-01-01,2,2,
ATT202501007684,STU007684,SCH031,2025-01-01,3,3,
ATT202501007685,STU007685,SCH033,2025-01-01,3,3,
ATT202501007686,STU007686,SCH034,2025-01-01,3,3,
ATT202501007687,STU007687,SCH004,2025-01-01,3,3,
ATT202501007689,STU007689,SCH023,2025-01-01,2,2,
ATT202501007690,STU007690,SCH032,2025-01-01,2,2,
ATT202501007691,STU007691,SCH012,2025-01-01,1,1,
ATT202501007692,STU007692,SCH036,2025-01-01,2,2,
ATT202501007693,STU007693,SCH037,2025-01-01,1,1,
ATT202501007694,STU007694,SCH011,2025-01-01,1,1,
ATT202501007695,STU007695,SCH041,2025-01-01,3,3,
ATT202501007696,STU007696,SCH017,2025-01-01,1,1,
ATT202501007697,STU007697,SCH007,2025-01-01,3,3,
ATT202501007698,STU007698,SCH047,2025-01-01,1,1,
ATT202501007699,STU007699,SCH038,2025-01-01,3,3,
ATT202501007700,STU007700,SCH025,2025-01-01,3,3,
ATT202501007701,STU007701,SCH010,2025-01-01,1,1,
ATT202501007703,STU007703,SCH040,2025-01-01,2,2,
ATT202501007704,STU007704,SCH049,2025-01-01,2,2,
ATT202501007705,STU007705,SCH038,2025-01-01,2,2,
ATT202501007706,STU007706,SCH026,2025-01-01,2,2,
ATT202501007707,STU007707,SCH020,2025-01-01,3,3,
ATT202501007708,STU007708,SCH004,2025-01-01,3,3,
ATT202501007709,STU007709,SCH047,2025-01-01,3,3,
ATT202501007710,STU007710,SCH039,2025-01-01,3,3,
ATT202501007711,STU007711,SCH023,2025-01-01,3,3,
ATT202501007712,STU007712,SCH050,2025-01-01,2,2,
ATT202501007713,STU007713,SCH045,2025-01-01,3,3,
ATT202501007714,STU007714,SCH016,2025-01-01,3,3,
ATT202501007715,STU007715,SCH038,2025-01-01,2,2,
ATT202501007717,STU007717,SCH032,2025-01-01,1,1,
ATT202501007718,STU007718,SCH045,2025-01-01,1,1,
ATT202501007719,STU007719,SCH020,2025-01-01,3,3,
ATT202501007720,STU007720,SCH021,2025-01-01,3,3,
ATT202501007721,STU007721,SCH015,2025-01-01,3,3,
ATT202501007722,STU007722,SCH036,2025-01-01,2,2,
ATT202501007723,STU007723,SCH042,2025-01-01,2,2,
ATT202501007724,STU007724,SCH050,2025-01-01,3,3,
ATT202501007726,STU007726,SCH046,2025-01-01,3,3,
ATT202501007727,STU007727,SCH037,2025-01-01,2,2,
ATT202501007728,STU007728,SCH019,2025-01-01,1,1,
ATT202501007729,STU007729,SCH003,2025-01-01,3,3,
ATT202501007730,STU007730,SCH002,2025-01-01,2,2,
ATT202501007731,STU007731,SCH009,2025-01-01,3,3,
ATT202501007732,STU007732,SCH010,2025-01-01,3,3,
ATT202501007733,STU007733,SCH045,2025-01-01,3,3,
ATT202501007734,STU007734,SCH033,2025-01-01,3,3,
ATT202501007735,STU007735,SCH011,2025-01-01,3,3,
ATT202501007736,STU007736,SCH015,2025-01-01,3,3,
ATT202501007737,STU007737,SCH028,2025-01-01,2,2,
ATT202501007738,STU007738,SCH043,2025-01-01,2,2,
ATT202501007739,STU007739,SCH012,2025-01-01,2,2,
ATT202501007740,STU007740,SCH025,2025-01-01,3,3,
ATT202501007741,STU007741,SCH027,2025-01-01,3,3,
ATT202501007742,STU007742,SCH022,2025-01-01,1,1,
ATT202501007743,STU007743,SCH031,2025-01-01,2,2,
ATT202501007744,STU007744,SCH008,2025-01-01,3,3,
ATT202501007745,STU007745,SCH022,2025-01-01,3,2,Illness
ATT202501007746,STU007746,SCH019,2025-01-01,2,2,
ATT202501007747,STU007747,SCH029,2025-01-01,1,1,
ATT202501007748,STU007748,SCH011,2025-01-01,3,3,
ATT202501007749,STU007749,SCH019,2025-01-01,3,3,
ATT202501007750,STU007750,SCH030,2025-01-01,1,1,
ATT202501007751,STU007751,SCH029,2025-01-01,2,2,
ATT202501007752,STU007752,SCH046,2025-01-01,2,2,
ATT202501007753,STU007753,SCH030,2025-01-01,3,3,
ATT202501007754,STU007754,SCH015,2025-01-01,3,3,
ATT202501007755,STU007755,SCH032,2025-01-01,1,1,
ATT202501007756,STU007756,SCH046,2025-01-01,1,1,
ATT202501007757,STU007757,SCH032,2025-01-01,2,2,
ATT202501007758,STU007758,SCH042,2025-01-01,3,2,Family
ATT202501007759,STU007759,SCH048,2025-01-01,2,2,
ATT202501007760,STU007760,SCH018,2025-01-01,1,1,
ATT202501007762,STU007762,SCH011,2025-01-01,3,3,
ATT202501007763,STU007763,SCH023,2025-01-01,1,1,
ATT202501007764,STU007764,SCH003,2025-01-01,3,3,
ATT202501007765,STU007765,SCH004,2025-01-01,2,2,
ATT202501007766,STU007766,SCH006,2025-01-01,1,1,
ATT202501007767,STU007767,SCH005,2025-01-01,2,2,
ATT202501007768,STU007768,SCH019,2025-01-01,2,2,
ATT202501007769,STU007769,SCH044,2025-01-01,2,2,
ATT202501007770,STU007770,SCH036,2025-01-01,3,3,
ATT202501007771,STU007771,SCH043,2025-01-01,1,1,
ATT202501007772,STU007772,SCH014,2025-01-01,1,1,
ATT202501007773,STU007773,SCH002,2025-01-01,2,2,
ATT202501007774,STU007774,SCH016,2025-01-01,1,1,
ATT202501007775,STU007775,SCH045,2025-01-01,1,1,
ATT202501007776,STU007776,SCH050,2025-01-01,2,2,
ATT202501007777,STU007777,SCH032,2025-01-01,2,2,
ATT202501007778,STU007778,SCH008,2025-01-01,1,1,
ATT202501007779,STU007779,SCH039,2025-01-01,1,1,
ATT202501007780,STU007780,SCH032,2025-01-01,3,3,
ATT202501007781,STU007781,SCH031,2025-01-01,3,3,
ATT202501007783,STU007783,SCH050,2025-01-01,1,1,
ATT202501007784,STU007784,SCH019,2025-01-01,3,3,
ATT202501007785,STU007785,SCH014,2025-01-01,1,1,
ATT202501007786,STU007786,SCH003,2025-01-01,1,1,
ATT202501007787,STU007787,SCH011,2025-01-01,1,1,
ATT202501007788,STU007788,SCH035,2025-01-01,1,1,
ATT202501007789,STU007789,SCH027,2025-01-01,2,2,
ATT202501007790,STU007790,SCH010,2025-01-01,3,3,
ATT202501007791,STU007791,SCH038,2025-01-01,3,3,
ATT202501007792,STU007792,SCH003,2025-01-01,1,1,
ATT202501007793,STU007793,SCH002,2025-01-01,2,2,
ATT202501007794,STU007794,SCH049,2025-01-01,3,2,Family
ATT202501007795,STU007795,SCH009,2025-01-01,2,2,
ATT202501007796,STU007796,SCH044,2025-01-01,2,2,
ATT202501007797,STU007797,SCH018,2025-01-01,2,2,
ATT202501007798,STU007798,SCH013,2025-01-01,1,1,
ATT202501007799,STU007799,SCH019,2025-01-01,1,1,
ATT202501007800,STU007800,SCH020,2025-01-01,3,3,
ATT202501007801,STU007801,SCH006,2025-01-01,2,2,
ATT202501007802,STU007802,SCH050,2025-01-01,1,1,
ATT202501007803,STU007803,SCH037,2025-01-01,2,2,
ATT202501007805,STU007805,SCH011,2025-01-01,2,2,
ATT202501007806,STU007806,SCH006,2025-01-01,3,3,
ATT202501007807,STU007807,SCH024,2025-01-01,1,1,
ATT202501007808,STU007808,SCH004,2025-01-01,3,3,
ATT202501007809,STU007809,SCH004,2025-01-01,2,2,
ATT202501007810,STU007810,SCH040,2025-01-01,2,2,
ATT202501007811,STU007811,SCH008,2025-01-01,2,2,
ATT202501007812,STU007812,SCH050,2025-01-01,2,2,
ATT202501007813,STU007813,SCH030,2025-01-01,1,1,
ATT202501007814,STU007814,SCH016,2025-01-01,1,1,
ATT202501007815,STU007815,SCH021,2025-01-01,1,1,
ATT202501007816,STU007816,SCH043,2025-01-01,1,1,
ATT202501007817,STU007817,SCH030,2025-01-01,1,1,
ATT202501007819,STU007819,SCH017,2025-01-01,1,1,
ATT202501007820,STU007820,SCH001,2025-01-01,2,2,
ATT202501007821,STU007821,SCH027,2025-01-01,3,3,
ATT202501007822,STU007822,SCH041,2025-01-01,1,1,
ATT202501007823,STU007823,SCH011,2025-01-01,3,3,
ATT202501007824,STU007824,SCH025,2025-01-01,2,2,
ATT202501007825,STU007825,SCH011,2025-01-01,3,3,
ATT202501007826,STU007826,SCH033,2025-01-01,3,3,
ATT202501007827,STU007827,SCH029,2025-01-01,1,1,
ATT202501007828,STU007828,SCH021,2025-01-01,1,1,
ATT202501007829,STU007829,SCH008,2025-01-01,3,3,
ATT202501007830,STU007830,SCH032,2025-01-01,1,1,
ATT202501007831,STU007831,SCH035,2025-01-01,1,1,
ATT202501007832,STU007832,SCH008,2025-01-01,3,3,
ATT202501007833,STU007833,SCH016,2025-01-01,3,3,
ATT202501007834,STU007834,SCH029,2025-01-01,1,1,
ATT202501007835,STU007835,SCH031,2025-01-01,2,2,
ATT202501007837,STU007837,SCH013,2025-01-01,3,3,
ATT202501007838,STU007838,SCH040,2025-01-01,1,1,
ATT202501007839,STU007839,SCH004,2025-01-01,1,1,
ATT202501007840,STU007840,SCH019,2025-01-01,1,1,
ATT202501007841,STU007841,SCH024,2025-01-01,1,1,
ATT202501007842,STU007842,SCH036,2025-01-01,2,2,
ATT202501007843,STU007843,SCH027,2025-01-01,1,1,
ATT202501007844,STU007844,SCH045,2025-01-01,2,2,
ATT202501007845,STU007845,SCH043,2025-01-01,2,2,
ATT202501007846,STU007846,SCH019,2025-01-01,2,2,
ATT202501007847,STU007847,SCH029,2025-01-01,1,1,
ATT202501007848,STU007848,SCH047,2025-01-01,1,1,
ATT202501007849,STU007849,SCH020,2025-01-01,3,3,
ATT202501007850,STU007850,SCH018,2025-01-01,3,3,
ATT202501007851,STU007851,SCH045,2025-01-01,2,2,
ATT202501007853,STU007853,SCH012,2025-01-01,3,3,
ATT202501007854,STU007854,SCH023,2025-01-01,2,2,
ATT202501007855,STU007855,SCH010,2025-01-01,2,2,
ATT202501007856,STU007856,SCH044,2025-01-01,1,1,
ATT202501007857,STU007857,SCH024,2025-01-01,3,3,
ATT202501007858,STU007858,SCH030,2025-01-01,1,1,
ATT202501007859,STU007859,SCH046,2025-01-01,3,3,
ATT202501007860,STU007860,SCH001,2025-01-01,2,2,
ATT202501007861,STU007861,SCH038,2025-01-01,1,1,
ATT202501007862,STU007862,SCH017,2025-01-01,1,1,
ATT202501007863,STU007863,SCH036,2025-01-01,2,2,
ATT202501007864,STU007864,SCH008,2025-01-01,3,3,
ATT202501007865,STU007865,SCH050,2025-01-01,1,1,
ATT202501007866,STU007866,SCH034,2025-01-01,3,2,Medical
ATT202501007867,STU007867,SCH021,2025-01-01,2,2,
ATT202501007868,STU007868,SCH029,2025-01-01,3,3,
ATT202501007869,STU007869,SCH034,2025-01-01,1,1,
ATT202501007870,STU007870,SCH013,2025-01-01,1,1,
ATT202501007871,STU007871,SCH044,2025-01-01,2,2,
ATT202501007872,STU007872,SCH036,2025-01-01,1,1,
ATT202501007873,STU007873,SCH044,2025-01-01,1,1,
ATT202501007874,STU007874,SCH035,2025-01-01,2,2,
ATT202501007875,STU007875,SCH032,2025-01-01,3,3,
ATT202501007876,STU007876,SCH005,2025-01-01,2,2,
ATT202501007877,STU007877,SCH002,2025-01-01,1,1,
ATT202501007878,STU007878,SCH012,2025-01-01,1,1,
ATT202501007879,STU007879,SCH028,2025-01-01,2,2,
ATT202501007881,STU007881,SCH014,2025-01-01,3,3,
ATT202501007882,STU007882,SCH005,2025-01-01,3,3,
ATT202501007883,STU007883,SCH023,2025-01-01,3,3,
ATT202501007884,STU007884,SCH029,2025-01-01,1,1,
ATT202501007885,STU007885,SCH042,2025-01-01,1,1,
ATT202501007886,STU007886,SCH037,2025-01-01,1,1,
ATT202501007887,STU007887,SCH040,2025-01-01,1,1,
ATT202501007888,STU007888,SCH038,2025-01-01,3,3,
ATT202501007889,STU007889,SCH035,2025-01-01,1,1,
ATT202501007890,STU007890,SCH032,2025-01-01,2,2,
ATT202501007891,STU007891,SCH029,2025-01-01,3,3,
ATT202501007892,STU007892,SCH026,2025-01-01,2,2,
ATT202501007893,STU007893,SCH010,2025-01-01,1,1,
ATT202501007894,STU007894,SCH028,2025-01-01,2,2,
ATT202501007896,STU007896,SCH004,2025-01-01,2,2,
ATT202501007897,STU007897,SCH005,2025-01-01,1,1,
ATT202501007898,STU007898,SCH003,2025-01-01,3,3,
ATT202501007899,STU007899,SCH002,2025-01-01,2,2,
ATT202501007900,STU007900,SCH011,2025-01-01,2,2,
ATT202501007901,STU007901,SCH026,2025-01-01,3,3,
ATT202501007902,STU007902,SCH002,2025-01-01,1,1,
ATT202501007903,STU007903,SCH028,2025-01-01,2,2,
ATT202501007904,STU007904,SCH046,2025-01-01,1,1,
ATT202501007905,STU007905,SCH023,2025-01-01,1,1,
ATT202501007906,STU007906,SCH009,2025-01-01,2,2,
ATT202501007907,STU007907,SCH024,2025-01-01,3,2,Unauthorised
ATT202501007908,STU007908,SCH029,2025-01-01,1,1,
ATT202501007909,STU007909,SCH017,2025-01-01,2,2,
ATT202501007910,STU007910,SCH039,2025-01-01,3,3,
ATT202501007911,STU007911,SCH026,2025-01-01,1,1,
ATT202501007912,STU007912,SCH024,2025-01-01,3,3,
ATT202501007913,STU007913,SCH019,2025-01-01,1,1,
ATT202501007914,STU007914,SCH034,2025-01-01,1,1,
ATT202501007916,STU007916,SCH028,2025-01-01,2,2,
ATT202501007917,STU007917,SCH014,2025-01-01,2,2,
ATT202501007918,STU007918,SCH035,2025-01-01,2,2,
ATT202501007919,STU007919,SCH028,2025-01-01,1,1,
ATT202501007920,STU007920,SCH050,2025-01-01,3,3,
ATT202501007923,STU007923,SCH025,2025-01-01,2,2,
ATT202501007924,STU007924,SCH029,2025-01-01,2,2,
ATT202501007925,STU007925,SCH033,2025-01-01,1,1,
ATT202501007926,STU007926,SCH016,2025-01-01,3,3,
ATT202501007927,STU007927,SCH001,2025-01-01,1,1,
ATT202501007928,STU007928,SCH015,2025-01-01,2,2,
ATT202501007930,STU007930,SCH009,2025-01-01,2,2,
ATT202501007931,STU007931,SCH008,2025-01-01,1,1,
ATT202501007932,STU007932,SCH036,2025-01-01,1,1,
ATT202501007933,STU007933,SCH006,2025-01-01,3,3,
ATT202501007934,STU007934,SCH002,2025-01-01,2,2,
ATT202501007935,STU007935,SCH040,2025-01-01,1,1,
ATT202501007936,STU007936,SCH008,2025-01-01,2,2,
ATT202501007937,STU007937,SCH024,2025-01-01,1,1,
ATT202501007938,STU007938,SCH009,2025-01-01,1,1,
ATT202501007939,STU007939,SCH006,2025-01-01,3,3,
ATT202501007940,STU007940,SCH006,2025-01-01,2,2,
ATT202501007941,STU007941,SCH041,2025-01-01,3,3,
ATT202501007942,STU007942,SCH048,2025-01-01,3,3,
ATT202501007943,STU007943,SCH048,2025-01-01,2,2,
ATT202501007945,STU007945,SCH047,2025-01-01,2,2,
ATT202501007946,STU007946,SCH019,2025-01-01,1,1,
ATT202501007947,STU007947,SCH019,2025-01-01,3,3,
ATT202501007948,STU007948,SCH015,2025-01-01,1,1,
ATT202501007949,STU007949,SCH005,2025-01-01,2,2,
ATT202501007950,STU007950,SCH020,2025-01-01,2,2,
ATT202501007951,STU007951,SCH043,2025-01-01,2,2,
ATT202501007952,STU007952,SCH019,2025-01-01,3,3,
ATT202501007953,STU007953,SCH046,2025-01-01,3,3,
ATT202501007954,STU007954,SCH009,2025-01-01,1,1,
ATT202501007955,STU007955,SCH020,2025-01-01,1,1,
ATT202501007956,STU007956,SCH025,2025-01-01,1,1,
ATT202501007957,STU007957,SCH047,2025-01-01,1,1,
ATT202501007958,STU007958,SCH016,2025-01-01,1,1,
ATT202501007959,STU007959,SCH032,2025-01-01,3,3,
ATT202501007960,STU007960,SCH005,2025-01-01,3,3,
ATT202501007961,STU007961,SCH019,2025-01-01,2,2,
ATT202501007962,STU007962,SCH047,2025-01-01,1,1,
ATT202501007963,STU007963,SCH050,2025-01-01,1,1,
ATT202501007964,STU007964,SCH046,2025-01-01,3,3,
ATT202501007966,STU007966,SCH040,2025-01-01,2,2,
ATT202501007967,STU007967,SCH001,2025-01-01,3,3,
ATT202501007969,STU007969,SCH015,2025-01-01,2,2,
ATT202501007970,STU007970,SCH020,2025-01-01,2,2,
ATT202501007971,STU007971,SCH011,2025-01-01,3,3,
ATT202501007972,STU007972,SCH041,2025-01-01,1,1,
ATT202501007973,STU007973,SCH044,2025-01-01,1,1,
ATT202501007974,STU007974,SCH006,2025-01-01,3,3,
ATT202501007975,STU007975,SCH009,2025-01-01,1,1,
ATT202501007976,STU007976,SCH033,2025-01-01,1,1,
ATT202501007977,STU007977,SCH018,2025-01-01,3,3,
ATT202501007979,STU007979,SCH021,2025-01-01,2,2,
ATT202501007980,STU007980,SCH013,2025-01-01,2,2,
ATT202501007981,STU007981,SCH039,2025-01-01,3,3,
ATT202501007982,STU007982,SCH045,2025-01-01,1,1,
ATT202501007983,STU007983,SCH021,2025-01-01,1,1,
ATT202501007984,STU007984,SCH019,2025-01-01,1,1,
ATT202501007985,STU007985,SCH009,2025-01-01,2,2,
ATT202501007986,STU007986,SCH014,2025-01-01,3,3,
ATT202501007987,STU007987,SCH023,2025-01-01,2,2,
ATT202501007988,STU007988,SCH050,2025-01-01,2,2,
ATT202501007989,STU007989,SCH023,2025-01-01,2,2,
ATT202501007990,STU007990,SCH032,2025-01-01,1,1,
ATT202501007991,STU007991,SCH040,2025-01-01,2,2,
ATT202501007992,STU007992,SCH007,2025-01-01,1,1,
ATT202501007993,STU007993,SCH003,2025-01-01,2,2,
ATT202501007994,STU007994,SCH039,2025-01-01,3,3,
ATT202501007995,STU007995,SCH013,2025-01-01,1,1,
ATT202501007996,STU007996,SCH045,2025-01-01,1,1,
ATT202501007997,STU007997,SCH042,2025-01-01,2,2,
ATT202501007998,STU007998,SCH031,2025-01-01,3,3,
ATT202501007999,STU007999,SCH037,2025-01-01,1,1,
ATT202501008000,STU008000,SCH040,2025-01-01,3,3,
ATT202501008001,STU008001,SCH019,2025-01-01,2,2,
ATT202501008002,STU008002,SCH020,2025-01-01,2,2,
ATT202501008003,STU008003,SCH040,2025-01-01,3,3,
ATT202501008004,STU008004,SCH050,2025-01-01,1,1,
ATT202501008005,STU008005,SCH001,2025-01-01,2,2,
ATT202501008006,STU008006,SCH036,2025-01-01,2,2,
ATT202501008007,STU008007,SCH033,2025-01-01,2,2,
ATT202501008008,STU008008,SCH008,2025-01-01,2,2,
ATT202501008009,STU008009,SCH005,2025-01-01,1,1,
ATT202501008010,STU008010,SCH046,2025-01-01,2,2,
ATT202501008011,STU008011,SCH035,2025-01-01,3,3,
ATT202501008012,STU008012,SCH041,2025-01-01,2,2,
ATT202501008013,STU008013,SCH012,2025-01-01,1,1,
ATT202501008014,STU008014,SCH035,2025-01-01,1,1,
ATT202501008015,STU008015,SCH013,2025-01-01,1,1,
ATT202501008016,STU008016,SCH030,2025-01-01,3,3,
ATT202501008017,STU008017,SCH030,2025-01-01,1,1,
ATT202501008018,STU008018,SCH023,2025-01-01,1,1,
ATT202501008019,STU008019,SCH032,2025-01-01,3,3,
ATT202501008020,STU008020,SCH030,2025-01-01,3,3,
ATT202501008021,STU008021,SCH021,2025-01-01,1,1,
ATT202501008022,STU008022,SCH028,2025-01-01,1,1,
ATT202501008023,STU008023,SCH001,2025-01-01,3,3,
ATT202501008024,STU008024,SCH045,2025-01-01,2,2,
ATT202501008025,STU008025,SCH044,2025-01-01,3,3,
ATT202501008026,STU008026,SCH033,2025-01-01,3,3,
ATT202501008027,STU008027,SCH035,2025-01-01,2,2,
ATT202501008028,STU008028,SCH015,2025-01-01,1,1,
ATT202501008029,STU008029,SCH045,2025-01-01,1,1,
ATT202501008030,STU008030,SCH023,2025-01-01,1,1,
ATT202501008031,STU008031,SCH008,2025-01-01,1,1,
ATT202501008032,STU008032,SCH015,2025-01-01,1,1,
ATT202501008033,STU008033,SCH020,2025-01-01,1,1,
ATT202501008034,STU008034,SCH018,2025-01-01,3,3,
ATT202501008035,STU008035,SCH008,2025-01-01,2,2,
ATT202501008036,STU008036,SCH021,2025-01-01,1,1,
ATT202501008037,STU008037,SCH020,2025-01-01,1,1,
ATT202501008038,STU008038,SCH033,2025-01-01,2,2,
ATT202501008040,STU008040,SCH027,2025-01-01,3,3,
ATT202501008042,STU008042,SCH033,2025-01-01,1,1,
ATT202501008043,STU008043,SCH043,2025-01-01,1,1,
ATT202501008045,STU008045,SCH027,2025-01-01,1,1,
ATT202501008046,STU008046,SCH015,2025-01-01,2,2,
ATT202501008047,STU008047,SCH020,2025-01-01,2,2,
ATT202501008048,STU008048,SCH010,2025-01-01,3,3,
ATT202501008049,STU008049,SCH022,2025-01-01,3,2,Medical
ATT202501008050,STU008050,SCH006,2025-01-01,3,3,
ATT202501008051,STU008051,SCH016,2025-01-01,3,3,
ATT202501008052,STU008052,SCH016,2025-01-01,1,1,
ATT202501008053,STU008053,SCH028,2025-01-01,3,3,
ATT202501008054,STU008054,SCH008,2025-01-01,3,3,
ATT202501008055,STU008055,SCH023,2025-01-01,1,1,
ATT202501008056,STU008056,SCH016,2025-01-01,1,1,
ATT202501008057,STU008057,SCH040,2025-01-01,3,3,
ATT202501008058,STU008058,SCH030,2025-01-01,1,1,
ATT202501008059,STU008059,SCH009,2025-01-01,1,1,
ATT202501008060,STU008060,SCH050,2025-01-01,3,3,
ATT202501008061,STU008061,SCH035,2025-01-01,2,2,
ATT202501008062,STU008062,SCH007,2025-01-01,3,3,
ATT202501008063,STU008063,SCH041,2025-01-01,2,2,
ATT202501008064,STU008064,SCH044,2025-01-01,1,1,
ATT202501008065,STU008065,SCH029,2025-01-01,2,2,
ATT202501008066,STU008066,SCH008,2025-01-01,1,1,
ATT202501008067,STU008067,SCH031,2025-01-01,1,1,
ATT202501008068,STU008068,SCH012,2025-01-01,3,3,
ATT202501008069,STU008069,SCH011,2025-01-01,3,3,
ATT202501008070,STU008070,SCH016,2025-01-01,1,1,
ATT202501008072,STU008072,SCH022,2025-01-01,2,2,
ATT202501008073,STU008073,SCH011,2025-01-01,1,1,
ATT202501008074,STU008074,SCH047,2025-01-01,1,1,
ATT202501008075,STU008075,SCH004,2025-01-01,1,1,
ATT202501008076,STU008076,SCH034,2025-01-01,2,2,
ATT202501008077,STU008077,SCH011,2025-01-01,3,3,
ATT202501008079,STU008079,SCH012,2025-01-01,2,2,
ATT202501008081,STU008081,SCH043,2025-01-01,3,3,
ATT202501008082,STU008082,SCH048,2025-01-01,1,1,
ATT202501008083,STU008083,SCH020,2025-01-01,1,1,
ATT202501008084,STU008084,SCH041,2025-01-01,1,1,
ATT202501008086,STU008086,SCH037,2025-01-01,1,1,
ATT202501008087,STU008087,SCH010,2025-01-01,1,1,
ATT202501008089,STU008089,SCH008,2025-01-01,1,1,
ATT202501008090,STU008090,SCH016,2025-01-01,1,1,
ATT202501008091,STU008091,SCH046,2025-01-01,2,2,
ATT202501008092,STU008092,SCH037,2025-01-01,1,1,
ATT202501008093,STU008093,SCH047,2025-01-01,1,1,
ATT202501008094,STU008094,SCH029,2025-01-01,1,1,
ATT202501008095,STU008095,SCH050,2025-01-01,3,3,
ATT202501008096,STU008096,SCH029,2025-01-01,1,1,
ATT202501008097,STU008097,SCH021,2025-01-01,2,2,
ATT202501008098,STU008098,SCH046,2025-01-01,3,3,
ATT202501008099,STU008099,SCH044,2025-01-01,1,1,
ATT202501008100,STU008100,SCH033,2025-01-01,3,3,
ATT202501008101,STU008101,SCH035,2025-01-01,1,1,
ATT202501008102,STU008102,SCH046,2025-01-01,1,1,
ATT202501008103,STU008103,SCH005,2025-01-01,1,1,
ATT202501008105,STU008105,SCH016,2025-01-01,1,1,
ATT202501008106,STU008106,SCH003,2025-01-01,1,1,
ATT202501008107,STU008107,SCH050,2025-01-01,2,2,
ATT202501008108,STU008108,SCH044,2025-01-01,1,1,
ATT202501008109,STU008109,SCH004,2025-01-01,3,3,
ATT202501008110,STU008110,SCH045,2025-01-01,3,3,
ATT202501008111,STU008111,SCH008,2025-01-01,2,2,
ATT202501008112,STU008112,SCH010,2025-01-01,3,3,
ATT202501008113,STU008113,SCH035,2025-01-01,3,3,
ATT202501008114,STU008114,SCH007,2025-01-01,2,2,
ATT202501008115,STU008115,SCH027,2025-01-01,1,1,
ATT202501008116,STU008116,SCH004,2025-01-01,1,1,
ATT202501008117,STU008117,SCH012,2025-01-01,2,2,
ATT202501008118,STU008118,SCH032,2025-01-01,2,2,
ATT202501008119,STU008119,SCH045,2025-01-01,2,2,
ATT202501008120,STU008120,SCH019,2025-01-01,3,3,
ATT202501008121,STU008121,SCH042,2025-01-01,2,2,
ATT202501008122,STU008122,SCH006,2025-01-01,1,1,
ATT202501008123,STU008123,SCH025,2025-01-01,2,2,
ATT202501008124,STU008124,SCH028,2025-01-01,1,1,
ATT202501008125,STU008125,SCH039,2025-01-01,1,1,
ATT202501008126,STU008126,SCH018,2025-01-01,3,3,
ATT202501008127,STU008127,SCH034,2025-01-01,2,2,
ATT202501008128,STU008128,SCH021,2025-01-01,3,3,
ATT202501008129,STU008129,SCH040,2025-01-01,3,3,
ATT202501008130,STU008130,SCH009,2025-01-01,1,1,
ATT202501008131,STU008131,SCH050,2025-01-01,3,3,
ATT202501008132,STU008132,SCH009,2025-01-01,2,2,
ATT202501008133,STU008133,SCH022,2025-01-01,3,3,
ATT202501008134,STU008134,SCH005,2025-01-01,1,1,
ATT202501008135,STU008135,SCH022,2025-01-01,2,2,
ATT202501008136,STU008136,SCH033,2025-01-01,1,1,
ATT202501008137,STU008137,SCH008,2025-01-01,1,1,
ATT202501008138,STU008138,SCH034,2025-01-01,2,2,
ATT202501008139,STU008139,SCH043,2025-01-01,1,1,
ATT202501008140,STU008140,SCH037,2025-01-01,3,3,
ATT202501008141,STU008141,SCH035,2025-01-01,3,3,
ATT202501008142,STU008142,SCH010,2025-01-01,2,2,
ATT202501008143,STU008143,SCH013,2025-01-01,3,3,
ATT202501008144,STU008144,SCH045,2025-01-01,3,3,
ATT202501008146,STU008146,SCH041,2025-01-01,2,2,
ATT202501008147,STU008147,SCH008,2025-01-01,2,2,
ATT202501008148,STU008148,SCH013,2025-01-01,2,2,
ATT202501008149,STU008149,SCH035,2025-01-01,3,3,
ATT202501008150,STU008150,SCH030,2025-01-01,3,3,
ATT202501008151,STU008151,SCH010,2025-01-01,2,2,
ATT202501008152,STU008152,SCH025,2025-01-01,3,3,
ATT202501008153,STU008153,SCH043,2025-01-01,2,2,
ATT202501008154,STU008154,SCH018,2025-01-01,2,2,
ATT202501008155,STU008155,SCH007,2025-01-01,2,2,
ATT202501008156,STU008156,SCH024,2025-01-01,2,2,
ATT202501008157,STU008157,SCH006,2025-01-01,3,3,
ATT202501008158,STU008158,SCH006,2025-01-01,3,3,
ATT202501008159,STU008159,SCH036,2025-01-01,3,3,
ATT202501008161,STU008161,SCH017,2025-01-01,1,1,
ATT202501008162,STU008162,SCH040,2025-01-01,2,2,
ATT202501008163,STU008163,SCH028,2025-01-01,3,3,
ATT202501008164,STU008164,SCH016,2025-01-01,3,3,
ATT202501008165,STU008165,SCH040,2025-01-01,2,2,
ATT202501008166,STU008166,SCH045,2025-01-01,1,1,
ATT202501008169,STU008169,SCH015,2025-01-01,3,3,
ATT202501008170,STU008170,SCH023,2025-01-01,3,3,
ATT202501008171,STU008171,SCH029,2025-01-01,2,2,
ATT202501008172,STU008172,SCH004,2025-01-01,2,2,
ATT202501008173,STU008173,SCH032,2025-01-01,1,1,
ATT202501008174,STU008174,SCH021,2025-01-01,2,2,
ATT202501008175,STU008175,SCH031,2025-01-01,2,2,
ATT202501008176,STU008176,SCH025,2025-01-01,1,1,
ATT202501008177,STU008177,SCH024,2025-01-01,2,2,
ATT202501008178,STU008178,SCH029,2025-01-01,1,1,
ATT202501008179,STU008179,SCH050,2025-01-01,1,1,
ATT202501008181,STU008181,SCH041,2025-01-01,3,3,
ATT202501008182,STU008182,SCH029,2025-01-01,3,3,
ATT202501008183,STU008183,SCH023,2025-01-01,2,2,
ATT202501008184,STU008184,SCH012,2025-01-01,2,2,
ATT202501008185,STU008185,SCH029,2025-01-01,1,1,
ATT202501008186,STU008186,SCH020,2025-01-01,1,1,
ATT202501008187,STU008187,SCH031,2025-01-01,3,3,
ATT202501008188,STU008188,SCH010,2025-01-01,3,3,
ATT202501008189,STU008189,SCH007,2025-01-01,1,1,
ATT202501008190,STU008190,SCH026,2025-01-01,2,2,
ATT202501008192,STU008192,SCH006,2025-01-01,3,3,
ATT202501008193,STU008193,SCH003,2025-01-01,1,1,
ATT202501008194,STU008194,SCH048,2025-01-01,2,2,
ATT202501008195,STU008195,SCH026,2025-01-01,1,1,
ATT202501008196,STU008196,SCH021,2025-01-01,3,3,
ATT202501008197,STU008197,SCH037,2025-01-01,3,3,
ATT202501008198,STU008198,SCH043,2025-01-01,2,2,
ATT202501008199,STU008199,SCH028,2025-01-01,1,1,
ATT202501008200,STU008200,SCH041,2025-01-01,1,1,
ATT202501008201,STU008201,SCH049,2025-01-01,3,3,
ATT202501008204,STU008204,SCH024,2025-01-01,1,1,
ATT202501008205,STU008205,SCH031,2025-01-01,2,2,
ATT202501008206,STU008206,SCH048,2025-01-01,3,3,
ATT202501008207,STU008207,SCH033,2025-01-01,1,1,
ATT202501008208,STU008208,SCH007,2025-01-01,3,3,
ATT202501008209,STU008209,SCH036,2025-01-01,3,3,
ATT202501008210,STU008210,SCH032,2025-01-01,1,1,
ATT202501008211,STU008211,SCH026,2025-01-01,2,2,
ATT202501008212,STU008212,SCH048,2025-01-01,1,1,
ATT202501008213,STU008213,SCH006,2025-01-01,2,2,
ATT202501008214,STU008214,SCH024,2025-01-01,2,2,
ATT202501008215,STU008215,SCH037,2025-01-01,1,1,
ATT202501008216,STU008216,SCH045,2025-01-01,2,2,
ATT202501008217,STU008217,SCH018,2025-01-01,2,2,
ATT202501008218,STU008218,SCH036,2025-01-01,3,3,
ATT202501008219,STU008219,SCH040,2025-01-01,2,2,
ATT202501008220,STU008220,SCH036,2025-01-01,1,1,
ATT202501008221,STU008221,SCH043,2025-01-01,3,3,
ATT202501008222,STU008222,SCH026,2025-01-01,2,2,
ATT202501008223,STU008223,SCH025,2025-01-01,3,3,
ATT202501008224,STU008224,SCH014,2025-01-01,1,1,
ATT202501008225,STU008225,SCH032,2025-01-01,1,1,
ATT202501008226,STU008226,SCH044,2025-01-01,3,3,
ATT202501008227,STU008227,SCH018,2025-01-01,3,3,
ATT202501008228,STU008228,SCH018,2025-01-01,1,1,
ATT202501008230,STU008230,SCH039,2025-01-01,1,1,
ATT202501008231,STU008231,SCH027,2025-01-01,3,3,
ATT202501008232,STU008232,SCH023,2025-01-01,1,1,
ATT202501008233,STU008233,SCH032,2025-01-01,1,1,
ATT202501008234,STU008234,SCH027,2025-01-01,1,1,
ATT202501008235,STU008235,SCH032,2025-01-01,2,2,
ATT202501008237,STU008237,SCH031,2025-01-01,1,1,
ATT202501008238,STU008238,SCH014,2025-01-01,3,3,
ATT202501008239,STU008239,SCH045,2025-01-01,1,1,
ATT202501008240,STU008240,SCH003,2025-01-01,2,2,
ATT202501008241,STU008241,SCH021,2025-01-01,2,2,
ATT202501008242,STU008242,SCH011,2025-01-01,1,1,
ATT202501008243,STU008243,SCH017,2025-01-01,1,1,
ATT202501008244,STU008244,SCH024,2025-01-01,1,1,
ATT202501008245,STU008245,SCH027,2025-01-01,3,3,
ATT202501008246,STU008246,SCH008,2025-01-01,1,1,
ATT202501008247,STU008247,SCH028,2025-01-01,3,3,
ATT202501008248,STU008248,SCH010,2025-01-01,3,3,
ATT202501008249,STU008249,SCH015,2025-01-01,3,3,
ATT202501008250,STU008250,SCH013,2025-01-01,3,3,
ATT202501008251,STU008251,SCH046,2025-01-01,1,1,
ATT202501008252,STU008252,SCH049,2025-01-01,2,2,
ATT202501008253,STU008253,SCH009,2025-01-01,2,2,
ATT202501008254,STU008254,SCH024,2025-01-01,2,2,
ATT202501008255,STU008255,SCH044,2025-01-01,3,3,
ATT202501008256,STU008256,SCH032,2025-01-01,2,2,
ATT202501008257,STU008257,SCH017,2025-01-01,3,3,
ATT202501008258,STU008258,SCH031,2025-01-01,3,3,
ATT202501008259,STU008259,SCH026,2025-01-01,2,2,
ATT202501008261,STU008261,SCH044,2025-01-01,2,2,
ATT202501008262,STU008262,SCH010,2025-01-01,2,2,
ATT202501008263,STU008263,SCH022,2025-01-01,2,2,
ATT202501008265,STU008265,SCH020,2025-01-01,1,1,
ATT202501008266,STU008266,SCH017,2025-01-01,1,1,
ATT202501008268,STU008268,SCH012,2025-01-01,2,2,
ATT202501008270,STU008270,SCH018,2025-01-01,2,2,
ATT202501008271,STU008271,SCH023,2025-01-01,3,3,
ATT202501008272,STU008272,SCH017,2025-01-01,2,2,
ATT202501008273,STU008273,SCH027,2025-01-01,1,1,
ATT202501008274,STU008274,SCH008,2025-01-01,1,1,
ATT202501008275,STU008275,SCH009,2025-01-01,2,2,
ATT202501008276,STU008276,SCH021,2025-01-01,1,1,
ATT202501008279,STU008279,SCH007,2025-01-01,3,3,
ATT202501008280,STU008280,SCH014,2025-01-01,1,1,
ATT202501008281,STU008281,SCH010,2025-01-01,3,3,
ATT202501008282,STU008282,SCH040,2025-01-01,1,1,
ATT202501008283,STU008283,SCH017,2025-01-01,1,1,
ATT202501008284,STU008284,SCH039,2025-01-01,1,1,
ATT202501008285,STU008285,SCH037,2025-01-01,1,1,
ATT202501008287,STU008287,SCH003,2025-01-01,2,2,
ATT202501008288,STU008288,SCH016,2025-01-01,3,3,
ATT202501008289,STU008289,SCH049,2025-01-01,1,1,
ATT202501008290,STU008290,SCH023,2025-01-01,2,2,
ATT202501008291,STU008291,SCH037,2025-01-01,3,3,
ATT202501008292,STU008292,SCH002,2025-01-01,2,2,
ATT202501008293,STU008293,SCH010,2025-01-01,1,1,
ATT202501008294,STU008294,SCH032,2025-01-01,2,2,
ATT202501008295,STU008295,SCH050,2025-01-01,2,2,
ATT202501008296,STU008296,SCH013,2025-01-01,2,2,
ATT202501008297,STU008297,SCH009,2025-01-01,3,3,
ATT202501008298,STU008298,SCH021,2025-01-01,1,1,
ATT202501008299,STU008299,SCH002,2025-01-01,3,3,
ATT202501008300,STU008300,SCH047,2025-01-01,2,2,
ATT202501008301,STU008301,SCH013,2025-01-01,2,2,
ATT202501008303,STU008303,SCH035,2025-01-01,1,1,
ATT202501008304,STU008304,SCH018,2025-01-01,3,3,
ATT202501008306,STU008306,SCH048,2025-01-01,2,2,
ATT202501008307,STU008307,SCH046,2025-01-01,1,1,
ATT202501008308,STU008308,SCH017,2025-01-01,3,2,Medical
ATT202501008309,STU008309,SCH034,2025-01-01,3,2,Family
ATT202501008310,STU008310,SCH038,2025-01-01,1,1,
ATT202501008311,STU008311,SCH046,2025-01-01,3,3,
ATT202501008312,STU008312,SCH025,2025-01-01,2,2,
ATT202501008313,STU008313,SCH022,2025-01-01,2,2,
ATT202501008314,STU008314,SCH010,2025-01-01,1,1,
ATT202501008315,STU008315,SCH005,2025-01-01,1,1,
ATT202501008316,STU008316,SCH034,2025-01-01,2,2,
ATT202501008318,STU008318,SCH004,2025-01-01,1,1,
ATT202501008319,STU008319,SCH028,2025-01-01,2,2,
ATT202501008320,STU008320,SCH021,2025-01-01,3,3,
ATT202501008321,STU008321,SCH050,2025-01-01,3,3,
ATT202501008322,STU008322,SCH009,2025-01-01,2,2,
ATT202501008323,STU008323,SCH008,2025-01-01,1,1,
ATT202501008325,STU008325,SCH047,2025-01-01,1,1,
ATT202501008327,STU008327,SCH048,2025-01-01,2,2,
ATT202501008328,STU008328,SCH050,2025-01-01,3,3,
ATT202501008329,STU008329,SCH001,2025-01-01,1,1,
ATT202501008330,STU008330,SCH009,2025-01-01,1,1,
ATT202501008331,STU008331,SCH038,2025-01-01,2,2,
ATT202501008332,STU008332,SCH026,2025-01-01,2,2,
ATT202501008333,STU008333,SCH048,2025-01-01,2,2,
ATT202501008334,STU008334,SCH008,2025-01-01,1,1,
ATT202501008338,STU008338,SCH012,2025-01-01,3,3,
ATT202501008339,STU008339,SCH042,2025-01-01,3,3,
ATT202501008340,STU008340,SCH007,2025-01-01,2,2,
ATT202501008341,STU008341,SCH049,2025-01-01,1,1,
ATT202501008342,STU008342,SCH009,2025-01-01,2,2,
ATT202501008343,STU008343,SCH014,2025-01-01,2,2,
ATT202501008344,STU008344,SCH020,2025-01-01,3,3,
ATT202501008345,STU008345,SCH001,2025-01-01,2,2,
ATT202501008347,STU008347,SCH017,2025-01-01,3,3,
ATT202501008348,STU008348,SCH024,2025-01-01,2,2,
ATT202501008349,STU008349,SCH023,2025-01-01,3,3,
ATT202501008350,STU008350,SCH003,2025-01-01,1,1,
ATT202501008351,STU008351,SCH010,2025-01-01,3,3,
ATT202501008352,STU008352,SCH012,2025-01-01,2,2,
ATT202501008354,STU008354,SCH017,2025-01-01,2,2,
ATT202501008355,STU008355,SCH023,2025-01-01,1,1,
ATT202501008356,STU008356,SCH019,2025-01-01,3,3,
ATT202501008357,STU008357,SCH039,2025-01-01,2,2,
ATT202501008358,STU008358,SCH022,2025-01-01,3,2,Unauthorised
ATT202501008359,STU008359,SCH017,2025-01-01,2,2,
ATT202501008360,STU008360,SCH008,2025-01-01,1,1,
ATT202501008361,STU008361,SCH003,2025-01-01,2,2,
ATT202501008362,STU008362,SCH043,2025-01-01,2,2,
ATT202501008363,STU008363,SCH041,2025-01-01,1,1,
ATT202501008364,STU008364,SCH038,2025-01-01,3,3,
ATT202501008365,STU008365,SCH031,2025-01-01,2,2,
ATT202501008366,STU008366,SCH003,2025-01-01,1,1,
ATT202501008367,STU008367,SCH044,2025-01-01,2,2,
ATT202501008368,STU008368,SCH029,2025-01-01,1,1,
ATT202501008370,STU008370,SCH033,2025-01-01,1,1,
ATT202501008371,STU008371,SCH019,2025-01-01,3,3,
ATT202501008373,STU008373,SCH039,2025-01-01,2,2,
ATT202501008374,STU008374,SCH032,2025-01-01,2,2,
ATT202501008375,STU008375,SCH050,2025-01-01,3,3,
ATT202501008377,STU008377,SCH045,2025-01-01,1,1,
ATT202501008378,STU008378,SCH029,2025-01-01,1,1,
ATT202501008380,STU008380,SCH008,2025-01-01,3,3,
ATT202501008381,STU008381,SCH004,2025-01-01,1,1,
ATT202501008383,STU008383,SCH020,2025-01-01,2,2,
ATT202501008384,STU008384,SCH009,2025-01-01,3,3,
ATT202501008385,STU008385,SCH003,2025-01-01,2,2,
ATT202501008386,STU008386,SCH027,2025-01-01,1,1,
ATT202501008387,STU008387,SCH001,2025-01-01,2,2,
ATT202501008388,STU008388,SCH013,2025-01-01,3,3,
ATT202501008389,STU008389,SCH040,2025-01-01,2,2,
ATT202501008390,STU008390,SCH023,2025-01-01,2,2,
ATT202501008391,STU008391,SCH022,2025-01-01,1,1,
ATT202501008392,STU008392,SCH033,2025-01-01,3,3,
ATT202501008393,STU008393,SCH011,2025-01-01,3,3,
ATT202501008394,STU008394,SCH011,2025-01-01,1,1,
ATT202501008395,STU008395,SCH027,2025-01-01,3,3,
ATT202501008396,STU008396,SCH015,2025-01-01,1,1,
ATT202501008397,STU008397,SCH024,2025-01-01,1,1,
ATT202501008398,STU008398,SCH018,2025-01-01,1,1,
ATT202501008399,STU008399,SCH025,2025-01-01,1,1,
ATT202501008400,STU008400,SCH021,2025-01-01,1,1,
ATT202501008401,STU008401,SCH049,2025-01-01,2,2,
ATT202501008402,STU008402,SCH036,2025-01-01,2,2,
ATT202501008403,STU008403,SCH006,2025-01-01,3,3,
ATT202501008404,STU008404,SCH024,2025-01-01,2,2,
ATT202501008405,STU008405,SCH047,2025-01-01,3,3,
ATT202501008406,STU008406,SCH018,2025-01-01,2,2,
ATT202501008407,STU008407,SCH030,2025-01-01,2,2,
ATT202501008408,STU008408,SCH015,2025-01-01,3,3,
ATT202501008409,STU008409,SCH038,2025-01-01,3,3,
ATT202501008410,STU008410,SCH046,2025-01-01,2,2,
ATT202501008411,STU008411,SCH028,2025-01-01,1,1,
ATT202501008413,STU008413,SCH046,2025-01-01,1,1,
ATT202501008414,STU008414,SCH010,2025-01-01,1,1,
ATT202501008415,STU008415,SCH008,2025-01-01,3,3,
ATT202501008417,STU008417,SCH004,2025-01-01,1,1,
ATT202501008418,STU008418,SCH032,2025-01-01,3,3,
ATT202501008419,STU008419,SCH041,2025-01-01,3,3,
ATT202501008420,STU008420,SCH036,2025-01-01,2,2,
ATT202501008422,STU008422,SCH044,2025-01-01,2,2,
ATT202501008423,STU008423,SCH046,2025-01-01,3,3,
ATT202501008424,STU008424,SCH043,2025-01-01,2,2,
ATT202501008427,STU008427,SCH043,2025-01-01,3,3,
ATT202501008428,STU008428,SCH030,2025-01-01,1,1,
ATT202501008429,STU008429,SCH031,2025-01-01,1,1,
ATT202501008430,STU008430,SCH032,2025-01-01,2,2,
ATT202501008431,STU008431,SCH001,2025-01-01,3,3,
ATT202501008432,STU008432,SCH018,2025-01-01,3,3,
ATT202501008433,STU008433,SCH050,2025-01-01,2,2,
ATT202501008434,STU008434,SCH045,2025-01-01,2,2,
ATT202501008435,STU008435,SCH014,2025-01-01,1,1,
ATT202501008437,STU008437,SCH011,2025-01-01,3,3,
ATT202501008438,STU008438,SCH034,2025-01-01,3,3,
ATT202501008439,STU008439,SCH033,2025-01-01,1,1,
ATT202501008440,STU008440,SCH005,2025-01-01,1,1,
ATT202501008441,STU008441,SCH011,2025-01-01,2,2,
ATT202501008442,STU008442,SCH007,2025-01-01,2,2,
ATT202501008443,STU008443,SCH022,2025-01-01,2,2,
ATT202501008444,STU008444,SCH046,2025-01-01,3,3,
ATT202501008446,STU008446,SCH047,2025-01-01,3,3,
ATT202501008447,STU008447,SCH014,2025-01-01,2,2,
ATT202501008448,STU008448,SCH018,2025-01-01,1,1,
ATT202501008449,STU008449,SCH021,2025-01-01,2,2,
ATT202501008450,STU008450,SCH010,2025-01-01,2,2,
ATT202501008451,STU008451,SCH002,2025-01-01,3,3,
ATT202501008452,STU008452,SCH026,2025-01-01,3,3,
ATT202501008453,STU008453,SCH026,2025-01-01,3,3,
ATT202501008454,STU008454,SCH013,2025-01-01,2,2,
ATT202501008455,STU008455,SCH006,2025-01-01,3,3,
ATT202501008456,STU008456,SCH003,2025-01-01,3,3,
ATT202501008457,STU008457,SCH039,2025-01-01,3,3,
ATT202501008458,STU008458,SCH044,2025-01-01,1,1,
ATT202501008459,STU008459,SCH011,2025-01-01,1,1,
ATT202501008460,STU008460,SCH040,2025-01-01,2,2,
ATT202501008461,STU008461,SCH030,2025-01-01,2,2,
ATT202501008462,STU008462,SCH031,2025-01-01,2,2,
ATT202501008463,STU008463,SCH050,2025-01-01,2,2,
ATT202501008465,STU008465,SCH029,2025-01-01,1,1,
ATT202501008466,STU008466,SCH023,2025-01-01,3,3,
ATT202501008467,STU008467,SCH011,2025-01-01,1,1,
ATT202501008468,STU008468,SCH006,2025-01-01,2,2,
ATT202501008469,STU008469,SCH021,2025-01-01,2,2,
ATT202501008470,STU008470,SCH031,2025-01-01,3,2,Medical
ATT202501008471,STU008471,SCH040,2025-01-01,2,2,
ATT202501008472,STU008472,SCH001,2025-01-01,1,1,
ATT202501008473,STU008473,SCH007,2025-01-01,3,3,
ATT202501008474,STU008474,SCH045,2025-01-01,3,3,
ATT202501008475,STU008475,SCH018,2025-01-01,3,3,
ATT202501008476,STU008476,SCH006,2025-01-01,1,1,
ATT202501008477,STU008477,SCH013,2025-01-01,2,2,
ATT202501008478,STU008478,SCH040,2025-01-01,2,2,
ATT202501008480,STU008480,SCH017,2025-01-01,2,2,
ATT202501008481,STU008481,SCH017,2025-01-01,3,3,
ATT202501008483,STU008483,SCH019,2025-01-01,2,2,
ATT202501008484,STU008484,SCH044,2025-01-01,2,2,
ATT202501008485,STU008485,SCH009,2025-01-01,1,1,
ATT202501008486,STU008486,SCH011,2025-01-01,1,1,
ATT202501008487,STU008487,SCH006,2025-01-01,1,1,
ATT202501008488,STU008488,SCH048,2025-01-01,2,2,
ATT202501008490,STU008490,SCH045,2025-01-01,3,3,
ATT202501008491,STU008491,SCH007,2025-01-01,2,2,
ATT202501008492,STU008492,SCH008,2025-01-01,3,3,
ATT202501008493,STU008493,SCH046,2025-01-01,1,1,
ATT202501008495,STU008495,SCH006,2025-01-01,2,2,
ATT202501008497,STU008497,SCH003,2025-01-01,1,1,
ATT202501008498,STU008498,SCH029,2025-01-01,3,3,
ATT202501008499,STU008499,SCH002,2025-01-01,2,1,Unauthorised
ATT202501008500,STU008500,SCH048,2025-01-01,2,2,
ATT202501008501,STU008501,SCH036,2025-01-01,3,3,
ATT202501008502,STU008502,SCH021,2025-01-01,1,1,
ATT202501008504,STU008504,SCH003,2025-01-01,3,3,
ATT202501008505,STU008505,SCH012,2025-01-01,1,1,
ATT202501008506,STU008506,SCH021,2025-01-01,1,1,
ATT202501008507,STU008507,SCH026,2025-01-01,3,3,
ATT202501008508,STU008508,SCH028,2025-01-01,1,1,
ATT202501008509,STU008509,SCH049,2025-01-01,3,2,Unauthorised
ATT202501008510,STU008510,SCH032,2025-01-01,2,2,
ATT202501008511,STU008511,SCH032,2025-01-01,2,2,
ATT202501008512,STU008512,SCH035,2025-01-01,1,1,
ATT202501008513,STU008513,SCH023,2025-01-01,1,1,
ATT202501008514,STU008514,SCH033,2025-01-01,2,2,
ATT202501008515,STU008515,SCH016,2025-01-01,1,1,
ATT202501008516,STU008516,SCH008,2025-01-01,1,1,
ATT202501008517,STU008517,SCH014,2025-01-01,2,2,
ATT202501008518,STU008518,SCH011,2025-01-01,2,2,
ATT202501008519,STU008519,SCH022,2025-01-01,3,3,
ATT202501008520,STU008520,SCH026,2025-01-01,1,1,
ATT202501008521,STU008521,SCH017,2025-01-01,3,3,
ATT202501008522,STU008522,SCH005,2025-01-01,1,1,
ATT202501008524,STU008524,SCH031,2025-01-01,3,3,
ATT202501008525,STU008525,SCH039,2025-01-01,2,2,
ATT202501008526,STU008526,SCH041,2025-01-01,1,1,
ATT202501008528,STU008528,SCH031,2025-01-01,1,1,
ATT202501008529,STU008529,SCH010,2025-01-01,1,1,
ATT202501008530,STU008530,SCH040,2025-01-01,2,2,
ATT202501008531,STU008531,SCH030,2025-01-01,2,2,
ATT202501008532,STU008532,SCH012,2025-01-01,1,1,
ATT202501008533,STU008533,SCH015,2025-01-01,3,3,
ATT202501008535,STU008535,SCH044,2025-01-01,2,2,
ATT202501008536,STU008536,SCH023,2025-01-01,2,2,
ATT202501008537,STU008537,SCH040,2025-01-01,2,2,
ATT202501008539,STU008539,SCH049,2025-01-01,1,1,
ATT202501008540,STU008540,SCH042,2025-01-01,1,1,
ATT202501008541,STU008541,SCH048,2025-01-01,1,1,
ATT202501008542,STU008542,SCH044,2025-01-01,2,2,
ATT202501008543,STU008543,SCH005,2025-01-01,2,2,
ATT202501008544,STU008544,SCH047,2025-01-01,3,3,
ATT202501008545,STU008545,SCH035,2025-01-01,3,3,
ATT202501008546,STU008546,SCH012,2025-01-01,3,3,
ATT202501008547,STU008547,SCH001,2025-01-01,3,2,Other
ATT202501008548,STU008548,SCH041,2025-01-01,2,2,
ATT202501008549,STU008549,SCH009,2025-01-01,2,2,
ATT202501008551,STU008551,SCH039,2025-01-01,1,1,
ATT202501008552,STU008552,SCH010,2025-01-01,1,1,
ATT202501008553,STU008553,SCH017,2025-01-01,2,2,
ATT202501008554,STU008554,SCH043,2025-01-01,3,3,
ATT202501008555,STU008555,SCH027,2025-01-01,3,3,
ATT202501008556,STU008556,SCH045,2025-01-01,1,1,
ATT202501008557,STU008557,SCH034,2025-01-01,1,1,
ATT202501008558,STU008558,SCH018,2025-01-01,3,3,
ATT202501008559,STU008559,SCH011,2025-01-01,1,1,
ATT202501008560,STU008560,SCH017,2025-01-01,2,2,
ATT202501008561,STU008561,SCH001,2025-01-01,1,1,
ATT202501008562,STU008562,SCH025,2025-01-01,2,2,
ATT202501008563,STU008563,SCH040,2025-01-01,1,1,
ATT202501008564,STU008564,SCH026,2025-01-01,2,2,
ATT202501008565,STU008565,SCH039,2025-01-01,1,1,
ATT202501008566,STU008566,SCH019,2025-01-01,1,1,
ATT202501008567,STU008567,SCH046,2025-01-01,2,2,
ATT202501008568,STU008568,SCH022,2025-01-01,3,2,Unauthorised
ATT202501008569,STU008569,SCH028,2025-01-01,3,3,
ATT202501008570,STU008570,SCH030,2025-01-01,1,1,
ATT202501008571,STU008571,SCH016,2025-01-01,1,1,
ATT202501008572,STU008572,SCH006,2025-01-01,3,3,
ATT202501008573,STU008573,SCH005,2025-01-01,2,2,
ATT202501008574,STU008574,SCH046,2025-01-01,2,2,
ATT202501008575,STU008575,SCH018,2025-01-01,3,3,
ATT202501008576,STU008576,SCH010,2025-01-01,2,2,
ATT202501008577,STU008577,SCH034,2025-01-01,2,2,
ATT202501008578,STU008578,SCH008,2025-01-01,3,3,
ATT202501008579,STU008579,SCH031,2025-01-01,1,1,
ATT202501008580,STU008580,SCH043,2025-01-01,1,1,
ATT202501008581,STU008581,SCH008,2025-01-01,3,3,
ATT202501008582,STU008582,SCH035,2025-01-01,3,3,
ATT202501008583,STU008583,SCH032,2025-01-01,1,1,
ATT202501008584,STU008584,SCH015,2025-01-01,2,2,
ATT202501008585,STU008585,SCH006,2025-01-01,1,1,
ATT202501008586,STU008586,SCH010,2025-01-01,2,2,
ATT202501008587,STU008587,SCH044,2025-01-01,3,3,
ATT202501008588,STU008588,SCH031,2025-01-01,3,2,Other
ATT202501008589,STU008589,SCH011,2025-01-01,3,3,
ATT202501008590,STU008590,SCH050,2025-01-01,3,3,
ATT202501008591,STU008591,SCH037,2025-01-01,2,2,
ATT202501008593,STU008593,SCH050,2025-01-01,1,1,
ATT202501008594,STU008594,SCH034,2025-01-01,1,1,
ATT202501008595,STU008595,SCH021,2025-01-01,1,1,
ATT202501008596,STU008596,SCH010,2025-01-01,2,2,
ATT202501008597,STU008597,SCH028,2025-01-01,1,1,
ATT202501008598,STU008598,SCH030,2025-01-01,3,3,
ATT202501008599,STU008599,SCH036,2025-01-01,2,2,
ATT202501008600,STU008600,SCH041,2025-01-01,2,2,
ATT202501008602,STU008602,SCH033,2025-01-01,2,2,
ATT202501008603,STU008603,SCH030,2025-01-01,3,3,
ATT202501008604,STU008604,SCH025,2025-01-01,3,3,
ATT202501008605,STU008605,SCH029,2025-01-01,1,1,
ATT202501008606,STU008606,SCH031,2025-01-01,3,3,
ATT202501008607,STU008607,SCH018,2025-01-01,2,2,
ATT202501008608,STU008608,SCH012,2025-01-01,2,2,
ATT202501008609,STU008609,SCH028,2025-01-01,2,2,
ATT202501008610,STU008610,SCH024,2025-01-01,3,2,Unauthorised
ATT202501008611,STU008611,SCH008,2025-01-01,3,3,
ATT202501008612,STU008612,SCH030,2025-01-01,1,1,
ATT202501008613,STU008613,SCH046,2025-01-01,1,1,
ATT202501008614,STU008614,SCH016,2025-01-01,2,2,
ATT202501008615,STU008615,SCH050,2025-01-01,3,3,
ATT202501008616,STU008616,SCH047,2025-01-01,2,2,
ATT202501008617,STU008617,SCH010,2025-01-01,1,1,
ATT202501008618,STU008618,SCH032,2025-01-01,1,1,
ATT202501008619,STU008619,SCH021,2025-01-01,3,3,
ATT202501008620,STU008620,SCH018,2025-01-01,3,3,
ATT202501008621,STU008621,SCH034,2025-01-01,1,1,
ATT202501008622,STU008622,SCH001,2025-01-01,1,1,
ATT202501008623,STU008623,SCH008,2025-01-01,2,2,
ATT202501008624,STU008624,SCH048,2025-01-01,2,2,
ATT202501008625,STU008625,SCH043,2025-01-01,1,1,
ATT202501008626,STU008626,SCH045,2025-01-01,2,2,
ATT202501008627,STU008627,SCH049,2025-01-01,1,1,
ATT202501008628,STU008628,SCH042,2025-01-01,2,2,
ATT202501008630,STU008630,SCH001,2025-01-01,1,1,
ATT202501008631,STU008631,SCH035,2025-01-01,2,2,
ATT202501008632,STU008632,SCH001,2025-01-01,2,2,
ATT202501008633,STU008633,SCH048,2025-01-01,2,2,
ATT202501008634,STU008634,SCH020,2025-01-01,3,3,
ATT202501008636,STU008636,SCH024,2025-01-01,2,2,
ATT202501008637,STU008637,SCH047,2025-01-01,3,3,
ATT202501008638,STU008638,SCH007,2025-01-01,3,3,
ATT202501008640,STU008640,SCH032,2025-01-01,1,1,
ATT202501008641,STU008641,SCH048,2025-01-01,1,1,
ATT202501008642,STU008642,SCH033,2025-01-01,2,2,
ATT202501008643,STU008643,SCH012,2025-01-01,1,1,
ATT202501008645,STU008645,SCH037,2025-01-01,1,1,
ATT202501008647,STU008647,SCH037,2025-01-01,1,1,
ATT202501008649,STU008649,SCH016,2025-01-01,1,1,
ATT202501008650,STU008650,SCH016,2025-01-01,1,1,
ATT202501008651,STU008651,SCH039,2025-01-01,1,1,
ATT202501008652,STU008652,SCH021,2025-01-01,3,2,Medical
ATT202501008653,STU008653,SCH014,2025-01-01,1,1,
ATT202501008654,STU008654,SCH021,2025-01-01,3,3,
ATT202501008655,STU008655,SCH024,2025-01-01,1,1,
ATT202501008656,STU008656,SCH005,2025-01-01,1,1,
ATT202501008657,STU008657,SCH046,2025-01-01,2,2,
ATT202501008658,STU008658,SCH021,2025-01-01,3,3,
ATT202501008659,STU008659,SCH046,2025-01-01,1,1,
ATT202501008660,STU008660,SCH037,2025-01-01,2,2,
ATT202501008661,STU008661,SCH031,2025-01-01,3,3,
ATT202501008662,STU008662,SCH037,2025-01-01,1,1,
ATT202501008663,STU008663,SCH037,2025-01-01,3,3,
ATT202501008664,STU008664,SCH032,2025-01-01,2,2,
ATT202501008665,STU008665,SCH049,2025-01-01,3,2,Illness
ATT202501008666,STU008666,SCH011,2025-01-01,3,3,
ATT202501008667,STU008667,SCH002,2025-01-01,1,1,
ATT202501008668,STU008668,SCH034,2025-01-01,2,2,
ATT202501008669,STU008669,SCH015,2025-01-01,3,3,
ATT202501008670,STU008670,SCH037,2025-01-01,3,3,
ATT202501008671,STU008671,SCH043,2025-01-01,3,3,
ATT202501008672,STU008672,SCH047,2025-01-01,2,2,
ATT202501008673,STU008673,SCH036,2025-01-01,1,1,
ATT202501008674,STU008674,SCH021,2025-01-01,3,3,
ATT202501008675,STU008675,SCH008,2025-01-01,3,3,
ATT202501008676,STU008676,SCH027,2025-01-01,1,1,
ATT202501008677,STU008677,SCH024,2025-01-01,1,1,
ATT202501008678,STU008678,SCH046,2025-01-01,2,2,
ATT202501008680,STU008680,SCH022,2025-01-01,2,2,
ATT202501008681,STU008681,SCH041,2025-01-01,2,2,
ATT202501008682,STU008682,SCH037,2025-01-01,3,3,
ATT202501008683,STU008683,SCH010,2025-01-01,3,3,
ATT202501008684,STU008684,SCH034,2025-01-01,1,1,
ATT202501008685,STU008685,SCH037,2025-01-01,2,2,
ATT202501008686,STU008686,SCH035,2025-01-01,2,2,
ATT202501008687,STU008687,SCH010,2025-01-01,2,2,
ATT202501008688,STU008688,SCH018,2025-01-01,3,3,
ATT202501008689,STU008689,SCH012,2025-01-01,2,2,
ATT202501008690,STU008690,SCH030,2025-01-01,1,1,
ATT202501008691,STU008691,SCH008,2025-01-01,2,2,
ATT202501008692,STU008692,SCH003,2025-01-01,2,2,
ATT202501008694,STU008694,SCH030,2025-01-01,2,2,
ATT202501008695,STU008695,SCH006,2025-01-01,1,1,
ATT202501008696,STU008696,SCH023,2025-01-01,3,3,
ATT202501008697,STU008697,SCH020,2025-01-01,2,2,
ATT202501008699,STU008699,SCH005,2025-01-01,1,1,
ATT202501008700,STU008700,SCH022,2025-01-01,3,2,Illness
ATT202501008702,STU008702,SCH021,2025-01-01,2,2,
ATT202501008703,STU008703,SCH046,2025-01-01,1,1,
ATT202501008704,STU008704,SCH014,2025-01-01,3,3,
ATT202501008705,STU008705,SCH035,2025-01-01,1,1,
ATT202501008706,STU008706,SCH007,2025-01-01,2,2,
ATT202501008707,STU008707,SCH046,2025-01-01,2,2,
ATT202501008708,STU008708,SCH044,2025-01-01,3,3,
ATT202501008709,STU008709,SCH012,2025-01-01,3,3,
ATT202501008711,STU008711,SCH014,2025-01-01,3,3,
ATT202501008712,STU008712,SCH015,2025-01-01,2,2,
ATT202501008713,STU008713,SCH009,2025-01-01,1,1,
ATT202501008714,STU008714,SCH032,2025-01-01,1,1,
ATT202501008715,STU008715,SCH014,2025-01-01,3,3,
ATT202501008716,STU008716,SCH012,2025-01-01,3,3,
ATT202501008717,STU008717,SCH004,2025-01-01,1,1,
ATT202501008718,STU008718,SCH043,2025-01-01,1,1,
ATT202501008719,STU008719,SCH021,2025-01-01,2,2,
ATT202501008720,STU008720,SCH024,2025-01-01,1,1,
ATT202501008722,STU008722,SCH016,2025-01-01,2,2,
ATT202501008723,STU008723,SCH018,2025-01-01,2,2,
ATT202501008724,STU008724,SCH003,2025-01-01,3,3,
ATT202501008725,STU008725,SCH017,2025-01-01,1,1,
ATT202501008726,STU008726,SCH009,2025-01-01,1,1,
ATT202501008728,STU008728,SCH019,2025-01-01,1,1,
ATT202501008729,STU008729,SCH005,2025-01-01,2,2,
ATT202501008730,STU008730,SCH028,2025-01-01,3,3,
ATT202501008731,STU008731,SCH016,2025-01-01,2,2,
ATT202501008732,STU008732,SCH012,2025-01-01,2,2,
ATT202501008733,STU008733,SCH044,2025-01-01,1,1,
ATT202501008734,STU008734,SCH040,2025-01-01,2,2,
ATT202501008735,STU008735,SCH032,2025-01-01,1,1,
ATT202501008737,STU008737,SCH038,2025-01-01,1,1,
ATT202501008738,STU008738,SCH031,2025-01-01,2,2,
ATT202501008739,STU008739,SCH009,2025-01-01,3,3,
ATT202501008740,STU008740,SCH010,2025-01-01,1,1,
ATT202501008741,STU008741,SCH033,2025-01-01,2,2,
ATT202501008742,STU008742,SCH049,2025-01-01,3,2,Unauthorised
ATT202501008743,STU008743,SCH008,2025-01-01,3,3,
ATT202501008744,STU008744,SCH023,2025-01-01,3,3,
ATT202501008745,STU008745,SCH021,2025-01-01,2,2,
ATT202501008746,STU008746,SCH029,2025-01-01,1,1,
ATT202501008747,STU008747,SCH009,2025-01-01,1,1,
ATT202501008748,STU008748,SCH005,2025-01-01,1,1,
ATT202501008749,STU008749,SCH031,2025-01-01,3,3,
ATT202501008750,STU008750,SCH031,2025-01-01,3,3,
ATT202501008751,STU008751,SCH027,2025-01-01,3,3,
ATT202501008752,STU008752,SCH037,2025-01-01,2,2,
ATT202501008753,STU008753,SCH013,2025-01-01,3,3,
ATT202501008754,STU008754,SCH016,2025-01-01,3,3,
ATT202501008755,STU008755,SCH049,2025-01-01,2,2,
ATT202501008756,STU008756,SCH019,2025-01-01,1,1,
ATT202501008757,STU008757,SCH030,2025-01-01,3,3,
ATT202501008758,STU008758,SCH016,2025-01-01,2,2,
ATT202501008759,STU008759,SCH010,2025-01-01,3,3,
ATT202501008760,STU008760,SCH044,2025-01-01,2,2,
ATT202501008761,STU008761,SCH032,2025-01-01,1,1,
ATT202501008762,STU008762,SCH044,2025-01-01,2,2,
ATT202501008763,STU008763,SCH013,2025-01-01,1,1,
ATT202501008764,STU008764,SCH021,2025-01-01,2,2,
ATT202501008765,STU008765,SCH002,2025-01-01,2,2,
ATT202501008766,STU008766,SCH034,2025-01-01,2,2,
ATT202501008767,STU008767,SCH019,2025-01-01,2,2,
ATT202501008768,STU008768,SCH002,2025-01-01,3,3,
ATT202501008769,STU008769,SCH004,2025-01-01,1,1,
ATT202501008770,STU008770,SCH043,2025-01-01,3,3,
ATT202501008771,STU008771,SCH029,2025-01-01,3,2,Medical
ATT202501008772,STU008772,SCH004,2025-01-01,2,2,
ATT202501008773,STU008773,SCH028,2025-01-01,3,3,
ATT202501008774,STU008774,SCH044,2025-01-01,3,3,
ATT202501008775,STU008775,SCH026,2025-01-01,1,1,
ATT202501008776,STU008776,SCH006,2025-01-01,3,3,
ATT202501008777,STU008777,SCH020,2025-01-01,2,2,
ATT202501008780,STU008780,SCH030,2025-01-01,3,3,
ATT202501008781,STU008781,SCH028,2025-01-01,1,1,
ATT202501008783,STU008783,SCH021,2025-01-01,3,3,
ATT202501008784,STU008784,SCH005,2025-01-01,3,3,
ATT202501008786,STU008786,SCH039,2025-01-01,3,3,
ATT202501008787,STU008787,SCH043,2025-01-01,3,3,
ATT202501008788,STU008788,SCH031,2025-01-01,2,2,
ATT202501008789,STU008789,SCH036,2025-01-01,1,1,
ATT202501008790,STU008790,SCH019,2025-01-01,2,2,
ATT202501008791,STU008791,SCH013,2025-01-01,2,2,
ATT202501008792,STU008792,SCH007,2025-01-01,2,2,
ATT202501008793,STU008793,SCH010,2025-01-01,1,1,
ATT202501008794,STU008794,SCH011,2025-01-01,2,2,
ATT202501008795,STU008795,SCH043,2025-01-01,2,2,
ATT202501008796,STU008796,SCH037,2025-01-01,2,2,
ATT202501008797,STU008797,SCH048,2025-01-01,3,3,
ATT202501008798,STU008798,SCH028,2025-01-01,3,3,
ATT202501008799,STU008799,SCH027,2025-01-01,1,1,
ATT202501008800,STU008800,SCH010,2025-01-01,1,1,
ATT202501008801,STU008801,SCH021,2025-01-01,2,2,
ATT202501008804,STU008804,SCH005,2025-01-01,1,1,
ATT202501008805,STU008805,SCH048,2025-01-01,3,3,
ATT202501008806,STU008806,SCH021,2025-01-01,2,2,
ATT202501008807,STU008807,SCH009,2025-01-01,2,2,
ATT202501008808,STU008808,SCH045,2025-01-01,3,3,
ATT202501008809,STU008809,SCH034,2025-01-01,3,2,Family
ATT202501008810,STU008810,SCH031,2025-01-01,2,2,
ATT202501008811,STU008811,SCH029,2025-01-01,3,2,Other
ATT202501008812,STU008812,SCH029,2025-01-01,1,1,
ATT202501008813,STU008813,SCH028,2025-01-01,2,2,
ATT202501008814,STU008814,SCH003,2025-01-01,1,1,
ATT202501008815,STU008815,SCH046,2025-01-01,1,1,
ATT202501008816,STU008816,SCH048,2025-01-01,2,2,
ATT202501008817,STU008817,SCH031,2025-01-01,2,2,
ATT202501008818,STU008818,SCH043,2025-01-01,3,3,
ATT202501008819,STU008819,SCH042,2025-01-01,2,2,
ATT202501008820,STU008820,SCH032,2025-01-01,1,1,
ATT202501008821,STU008821,SCH023,2025-01-01,2,2,
ATT202501008822,STU008822,SCH025,2025-01-01,1,1,
ATT202501008824,STU008824,SCH034,2025-01-01,3,3,
ATT202501008825,STU008825,SCH045,2025-01-01,2,2,
ATT202501008826,STU008826,SCH021,2025-01-01,3,3,
ATT202501008827,STU008827,SCH044,2025-01-01,1,1,
ATT202501008829,STU008829,SCH017,2025-01-01,2,2,
ATT202501008830,STU008830,SCH021,2025-01-01,1,1,
ATT202501008831,STU008831,SCH044,2025-01-01,1,1,
ATT202501008832,STU008832,SCH047,2025-01-01,3,3,
ATT202501008833,STU008833,SCH022,2025-01-01,2,2,
ATT202501008834,STU008834,SCH006,2025-01-01,3,3,
ATT202501008835,STU008835,SCH016,2025-01-01,2,2,
ATT202501008836,STU008836,SCH002,2025-01-01,1,1,
ATT202501008837,STU008837,SCH037,2025-01-01,2,2,
ATT202501008838,STU008838,SCH021,2025-01-01,1,1,
ATT202501008839,STU008839,SCH032,2025-01-01,3,3,
ATT202501008840,STU008840,SCH025,2025-01-01,1,1,
ATT202501008842,STU008842,SCH031,2025-01-01,3,3,
ATT202501008843,STU008843,SCH031,2025-01-01,3,3,
ATT202501008844,STU008844,SCH050,2025-01-01,3,3,
ATT202501008845,STU008845,SCH014,2025-01-01,1,1,
ATT202501008846,STU008846,SCH031,2025-01-01,3,3,
ATT202501008847,STU008847,SCH047,2025-01-01,2,2,
ATT202501008848,STU008848,SCH027,2025-01-01,2,2,
ATT202501008849,STU008849,SCH009,2025-01-01,1,1,
ATT202501008850,STU008850,SCH028,2025-01-01,3,3,
ATT202501008851,STU008851,SCH046,2025-01-01,2,2,
ATT202501008852,STU008852,SCH015,2025-01-01,3,3,
ATT202501008853,STU008853,SCH027,2025-01-01,3,3,
ATT202501008854,STU008854,SCH041,2025-01-01,3,3,
ATT202501008855,STU008855,SCH011,2025-01-01,3,3,
ATT202501008856,STU008856,SCH027,2025-01-01,2,2,
ATT202501008857,STU008857,SCH023,2025-01-01,1,1,
ATT202501008858,STU008858,SCH020,2025-01-01,2,2,
ATT202501008859,STU008859,SCH025,2025-01-01,2,2,
ATT202501008861,STU008861,SCH045,2025-01-01,3,3,
ATT202501008862,STU008862,SCH026,2025-01-01,3,3,
ATT202501008863,STU008863,SCH014,2025-01-01,3,3,
ATT202501008864,STU008864,SCH048,2025-01-01,2,2,
ATT202501008866,STU008866,SCH011,2025-01-01,3,3,
ATT202501008867,STU008867,SCH026,2025-01-01,2,2,
ATT202501008868,STU008868,SCH042,2025-01-01,1,1,
ATT202501008869,STU008869,SCH004,2025-01-01,1,1,
ATT202501008870,STU008870,SCH012,2025-01-01,2,2,
ATT202501008871,STU008871,SCH021,2025-01-01,3,3,
ATT202501008873,STU008873,SCH044,2025-01-01,3,3,
ATT202501008874,STU008874,SCH009,2025-01-01,1,1,
ATT202501008875,STU008875,SCH023,2025-01-01,3,3,
ATT202501008876,STU008876,SCH003,2025-01-01,3,3,
ATT202501008877,STU008877,SCH014,2025-01-01,1,1,
ATT202501008878,STU008878,SCH034,2025-01-01,1,1,
ATT202501008879,STU008879,SCH046,2025-01-01,3,3,
ATT202501008880,STU008880,SCH016,2025-01-01,1,1,
ATT202501008881,STU008881,SCH017,2025-01-01,2,2,
ATT202501008882,STU008882,SCH010,2025-01-01,3,3,
ATT202501008883,STU008883,SCH014,2025-01-01,1,1,
ATT202501008885,STU008885,SCH015,2025-01-01,1,1,
ATT202501008886,STU008886,SCH009,2025-01-01,2,2,
ATT202501008887,STU008887,SCH033,2025-01-01,1,1,
ATT202501008889,STU008889,SCH002,2025-01-01,2,2,
ATT202501008892,STU008892,SCH043,2025-01-01,1,1,
ATT202501008893,STU008893,SCH012,2025-01-01,1,1,
ATT202501008894,STU008894,SCH019,2025-01-01,3,3,
ATT202501008895,STU008895,SCH033,2025-01-01,3,3,
ATT202501008896,STU008896,SCH010,2025-01-01,1,1,
ATT202501008897,STU008897,SCH049,2025-01-01,1,1,
ATT202501008898,STU008898,SCH032,2025-01-01,1,1,
ATT202501008899,STU008899,SCH032,2025-01-01,1,1,
ATT202501008900,STU008900,SCH012,2025-01-01,1,1,
ATT202501008901,STU008901,SCH048,2025-01-01,2,2,
ATT202501008902,STU008902,SCH030,2025-01-01,2,2,
ATT202501008903,STU008903,SCH019,2025-01-01,3,3,
ATT202501008904,STU008904,SCH016,2025-01-01,1,1,
ATT202501008905,STU008905,SCH010,2025-01-01,3,3,
ATT202501008907,STU008907,SCH036,2025-01-01,1,1,
ATT202501008908,STU008908,SCH036,2025-01-01,1,1,
ATT202501008910,STU008910,SCH016,2025-01-01,3,3,
ATT202501008911,STU008911,SCH044,2025-01-01,2,2,
ATT202501008912,STU008912,SCH013,2025-01-01,2,2,
ATT202501008914,STU008914,SCH022,2025-01-01,1,1,
ATT202501008915,STU008915,SCH008,2025-01-01,1,1,
ATT202501008916,STU008916,SCH040,2025-01-01,3,3,
ATT202501008917,STU008917,SCH015,2025-01-01,1,1,
ATT202501008918,STU008918,SCH049,2025-01-01,3,3,
ATT202501008919,STU008919,SCH030,2025-01-01,2,2,
ATT202501008920,STU008920,SCH017,2025-01-01,1,1,
ATT202501008921,STU008921,SCH028,2025-01-01,1,1,
ATT202501008922,STU008922,SCH031,2025-01-01,3,2,Medical
ATT202501008923,STU008923,SCH026,2025-01-01,3,2,Other
ATT202501008924,STU008924,SCH013,2025-01-01,1,1,
ATT202501008925,STU008925,SCH035,2025-01-01,1,1,
ATT202501008927,STU008927,SCH035,2025-01-01,3,3,
ATT202501008929,STU008929,SCH014,2025-01-01,3,3,
ATT202501008930,STU008930,SCH041,2025-01-01,2,2,
ATT202501008932,STU008932,SCH037,2025-01-01,2,2,
ATT202501008933,STU008933,SCH008,2025-01-01,1,1,
ATT202501008934,STU008934,SCH023,2025-01-01,3,3,
ATT202501008936,STU008936,SCH049,2025-01-01,1,1,
ATT202501008938,STU008938,SCH021,2025-01-01,2,2,
ATT202501008939,STU008939,SCH038,2025-01-01,3,3,
ATT202501008940,STU008940,SCH049,2025-01-01,2,2,
ATT202501008941,STU008941,SCH047,2025-01-01,2,2,
ATT202501008942,STU008942,SCH005,2025-01-01,2,2,
ATT202501008943,STU008943,SCH010,2025-01-01,3,3,
ATT202501008945,STU008945,SCH039,2025-01-01,3,3,
ATT202501008946,STU008946,SCH032,2025-01-01,2,2,
ATT202501008947,STU008947,SCH043,2025-01-01,3,3,
ATT202501008948,STU008948,SCH047,2025-01-01,1,1,
ATT202501008951,STU008951,SCH012,2025-01-01,3,3,
ATT202501008952,STU008952,SCH043,2025-01-01,3,3,
ATT202501008953,STU008953,SCH036,2025-01-01,1,1,
ATT202501008955,STU008955,SCH036,2025-01-01,2,2,
ATT202501008956,STU008956,SCH014,2025-01-01,3,3,
ATT202501008957,STU008957,SCH001,2025-01-01,3,2,Illness
ATT202501008958,STU008958,SCH038,2025-01-01,1,1,
ATT202501008959,STU008959,SCH042,2025-01-01,1,1,
ATT202501008960,STU008960,SCH035,2025-01-01,1,1,
ATT202501008961,STU008961,SCH025,2025-01-01,2,2,
ATT202501008962,STU008962,SCH006,2025-01-01,2,2,
ATT202501008963,STU008963,SCH003,2025-01-01,1,1,
ATT202501008964,STU008964,SCH013,2025-01-01,1,1,
ATT202501008965,STU008965,SCH010,2025-01-01,3,3,
ATT202501008966,STU008966,SCH008,2025-01-01,2,2,
ATT202501008967,STU008967,SCH009,2025-01-01,2,2,
ATT202501008968,STU008968,SCH017,2025-01-01,3,3,
ATT202501008969,STU008969,SCH041,2025-01-01,3,3,
ATT202501008970,STU008970,SCH006,2025-01-01,1,1,
ATT202501008971,STU008971,SCH017,2025-01-01,3,2,Medical
ATT202501008972,STU008972,SCH009,2025-01-01,2,2,
ATT202501008973,STU008973,SCH035,2025-01-01,1,1,
ATT202501008974,STU008974,SCH019,2025-01-01,3,3,
ATT202501008976,STU008976,SCH048,2025-01-01,1,1,
ATT202501008977,STU008977,SCH009,2025-01-01,2,2,
ATT202501008978,STU008978,SCH034,2025-01-01,3,2,Unauthorised
ATT202501008979,STU008979,SCH025,2025-01-01,3,3,
ATT202501008980,STU008980,SCH037,2025-01-01,2,2,
ATT202501008981,STU008981,SCH003,2025-01-01,2,2,
ATT202501008982,STU008982,SCH005,2025-01-01,3,3,
ATT202501008983,STU008983,SCH010,2025-01-01,1,1,
ATT202501008984,STU008984,SCH033,2025-01-01,2,2,
ATT202501008985,STU008985,SCH036,2025-01-01,2,2,
ATT202501008986,STU008986,SCH035,2025-01-01,2,2,
ATT202501008987,STU008987,SCH048,2025-01-01,1,1,
ATT202501008988,STU008988,SCH021,2025-01-01,2,2,
ATT202501008989,STU008989,SCH010,2025-01-01,1,1,
ATT202501008990,STU008990,SCH031,2025-01-01,1,1,
ATT202501008991,STU008991,SCH019,2025-01-01,1,1,
ATT202501008993,STU008993,SCH050,2025-01-01,1,1,
ATT202501008994,STU008994,SCH031,2025-01-01,3,3,
ATT202501008996,STU008996,SCH010,2025-01-01,1,1,
ATT202501008998,STU008998,SCH046,2025-01-01,3,3,
ATT202501009000,STU009000,SCH022,2025-01-01,2,2,
ATT202501009001,STU009001,SCH023,2025-01-01,2,2,
ATT202501009002,STU009002,SCH040,2025-01-01,1,1,
ATT202501009004,STU009004,SCH026,2025-01-01,3,3,
ATT202501009006,STU009006,SCH033,2025-01-01,2,2,
ATT202501009007,STU009007,SCH048,2025-01-01,2,2,
ATT202501009008,STU009008,SCH004,2025-01-01,3,3,
ATT202501009009,STU009009,SCH044,2025-01-01,3,3,
ATT202501009011,STU009011,SCH043,2025-01-01,3,3,
ATT202501009012,STU009012,SCH043,2025-01-01,1,1,
ATT202501009013,STU009013,SCH034,2025-01-01,2,1,Unauthorised
ATT202501009014,STU009014,SCH013,2025-01-01,3,3,
ATT202501009015,STU009015,SCH017,2025-01-01,1,1,
ATT202501009017,STU009017,SCH012,2025-01-01,2,2,
ATT202501009018,STU009018,SCH017,2025-01-01,2,2,
ATT202501009019,STU009019,SCH006,2025-01-01,2,2,
ATT202501009020,STU009020,SCH012,2025-01-01,3,3,
ATT202501009021,STU009021,SCH040,2025-01-01,2,2,
ATT202501009023,STU009023,SCH019,2025-01-01,2,2,
ATT202501009024,STU009024,SCH036,2025-01-01,1,1,
ATT202501009026,STU009026,SCH016,2025-01-01,1,1,
ATT202501009027,STU009027,SCH002,2025-01-01,2,2,
ATT202501009028,STU009028,SCH029,2025-01-01,3,3,
ATT202501009029,STU009029,SCH003,2025-01-01,1,1,
ATT202501009030,STU009030,SCH046,2025-01-01,3,3,
ATT202501009031,STU009031,SCH044,2025-01-01,1,1,
ATT202501009032,STU009032,SCH027,2025-01-01,3,3,
ATT202501009033,STU009033,SCH044,2025-01-01,2,2,
ATT202501009034,STU009034,SCH048,2025-01-01,3,3,
ATT202501009035,STU009035,SCH020,2025-01-01,2,2,
ATT202501009036,STU009036,SCH038,2025-01-01,2,2,
ATT202501009037,STU009037,SCH013,2025-01-01,3,3,
ATT202501009038,STU009038,SCH027,2025-01-01,3,2,Unauthorised
ATT202501009040,STU009040,SCH004,2025-01-01,2,2,
ATT202501009041,STU009041,SCH042,2025-01-01,3,2,Illness
ATT202501009042,STU009042,SCH011,2025-01-01,1,1,
ATT202501009043,STU009043,SCH030,2025-01-01,3,3,
ATT202501009044,STU009044,SCH004,2025-01-01,1,1,
ATT202501009045,STU009045,SCH006,2025-01-01,2,2,
ATT202501009046,STU009046,SCH046,2025-01-01,3,3,
ATT202501009048,STU009048,SCH021,2025-01-01,2,2,
ATT202501009049,STU009049,SCH032,2025-01-01,1,1,
ATT202501009051,STU009051,SCH015,2025-01-01,3,3,
ATT202501009052,STU009052,SCH023,2025-01-01,2,2,
ATT202501009053,STU009053,SCH002,2025-01-01,3,3,
ATT202501009054,STU009054,SCH011,2025-01-01,2,2,
ATT202501009055,STU009055,SCH017,2025-01-01,1,1,
ATT202501009056,STU009056,SCH050,2025-01-01,3,3,
ATT202501009057,STU009057,SCH042,2025-01-01,1,1,
ATT202501009058,STU009058,SCH028,2025-01-01,2,2,
ATT202501009059,STU009059,SCH044,2025-01-01,2,2,
ATT202501009060,STU009060,SCH026,2025-01-01,2,2,
ATT202501009061,STU009061,SCH026,2025-01-01,1,1,
ATT202501009062,STU009062,SCH020,2025-01-01,1,1,
ATT202501009063,STU009063,SCH041,2025-01-01,2,2,
ATT202501009065,STU009065,SCH025,2025-01-01,1,1,
ATT202501009066,STU009066,SCH032,2025-01-01,2,2,
ATT202501009067,STU009067,SCH011,2025-01-01,2,2,
ATT202501009068,STU009068,SCH045,2025-01-01,3,3,
ATT202501009069,STU009069,SCH050,2025-01-01,2,2,
ATT202501009070,STU009070,SCH011,2025-01-01,3,3,
ATT202501009071,STU009071,SCH048,2025-01-01,2,2,
ATT202501009072,STU009072,SCH002,2025-01-01,3,3,
ATT202501009073,STU009073,SCH021,2025-01-01,1,1,
ATT202501009074,STU009074,SCH040,2025-01-01,3,3,
ATT202501009075,STU009075,SCH009,2025-01-01,3,3,
ATT202501009076,STU009076,SCH020,2025-01-01,2,2,
ATT202501009077,STU009077,SCH024,2025-01-01,2,2,
ATT202501009079,STU009079,SCH021,2025-01-01,3,3,
ATT202501009080,STU009080,SCH038,2025-01-01,1,1,
ATT202501009081,STU009081,SCH022,2025-01-01,2,2,
ATT202501009082,STU009082,SCH026,2025-01-01,2,2,
ATT202501009083,STU009083,SCH016,2025-01-01,3,3,
ATT202501009084,STU009084,SCH033,2025-01-01,3,3,
ATT202501009085,STU009085,SCH041,2025-01-01,1,1,
ATT202501009086,STU009086,SCH032,2025-01-01,2,2,
ATT202501009087,STU009087,SCH018,2025-01-01,3,3,
ATT202501009088,STU009088,SCH010,2025-01-01,3,3,
ATT202501009089,STU009089,SCH047,2025-01-01,2,2,
ATT202501009090,STU009090,SCH038,2025-01-01,1,1,
ATT202501009092,STU009092,SCH047,2025-01-01,2,2,
ATT202501009093,STU009093,SCH025,2025-01-01,1,1,
ATT202501009094,STU009094,SCH031,2025-01-01,2,2,
ATT202501009097,STU009097,SCH022,2025-01-01,2,2,
ATT202501009098,STU009098,SCH039,2025-01-01,1,1,
ATT202501009099,STU009099,SCH014,2025-01-01,1,1,
ATT202501009100,STU009100,SCH021,2025-01-01,3,3,
ATT202501009101,STU009101,SCH016,2025-01-01,2,2,
ATT202501009102,STU009102,SCH041,2025-01-01,3,3,
ATT202501009103,STU009103,SCH050,2025-01-01,2,2,
ATT202501009104,STU009104,SCH003,2025-01-01,2,2,
ATT202501009105,STU009105,SCH034,2025-01-01,3,3,
ATT202501009106,STU009106,SCH047,2025-01-01,3,3,
ATT202501009107,STU009107,SCH038,2025-01-01,3,3,
ATT202501009108,STU009108,SCH006,2025-01-01,1,1,
ATT202501009109,STU009109,SCH037,2025-01-01,3,3,
ATT202501009110,STU009110,SCH029,2025-01-01,1,1,
ATT202501009112,STU009112,SCH031,2025-01-01,1,1,
ATT202501009113,STU009113,SCH023,2025-01-01,3,3,
ATT202501009114,STU009114,SCH020,2025-01-01,2,2,
ATT202501009115,STU009115,SCH017,2025-01-01,2,2,
ATT202501009116,STU009116,SCH002,2025-01-01,1,1,
ATT202501009117,STU009117,SCH047,2025-01-01,2,2,
ATT202501009118,STU009118,SCH011,2025-01-01,2,2,
ATT202501009120,STU009120,SCH029,2025-01-01,2,2,
ATT202501009121,STU009121,SCH020,2025-01-01,1,1,
ATT202501009122,STU009122,SCH040,2025-01-01,3,3,
ATT202501009123,STU009123,SCH046,2025-01-01,2,2,
ATT202501009124,STU009124,SCH010,2025-01-01,2,2,
ATT202501009125,STU009125,SCH010,2025-01-01,1,1,
ATT202501009126,STU009126,SCH015,2025-01-01,2,2,
ATT202501009127,STU009127,SCH008,2025-01-01,3,3,
ATT202501009128,STU009128,SCH023,2025-01-01,2,2,
ATT202501009129,STU009129,SCH014,2025-01-01,3,3,
ATT202501009130,STU009130,SCH017,2025-01-01,3,2,Other
ATT202501009131,STU009131,SCH027,2025-01-01,1,1,
ATT202501009132,STU009132,SCH010,2025-01-01,1,1,
ATT202501009133,STU009133,SCH041,2025-01-01,2,2,
ATT202501009135,STU009135,SCH006,2025-01-01,3,3,
ATT202501009136,STU009136,SCH004,2025-01-01,1,1,
ATT202501009137,STU009137,SCH003,2025-01-01,1,1,
ATT202501009138,STU009138,SCH010,2025-01-01,3,3,
ATT202501009139,STU009139,SCH023,2025-01-01,3,3,
ATT202501009140,STU009140,SCH023,2025-01-01,3,2,Family
ATT202501009141,STU009141,SCH012,2025-01-01,1,1,
ATT202501009142,STU009142,SCH050,2025-01-01,3,3,
ATT202501009143,STU009143,SCH001,2025-01-01,3,2,Unauthorised
ATT202501009144,STU009144,SCH021,2025-01-01,3,3,
ATT202501009145,STU009145,SCH020,2025-01-01,1,1,
ATT202501009146,STU009146,SCH038,2025-01-01,1,1,
ATT202501009147,STU009147,SCH049,2025-01-01,3,3,
ATT202501009148,STU009148,SCH009,2025-01-01,1,1,
ATT202501009149,STU009149,SCH005,2025-01-01,2,2,
ATT202501009150,STU009150,SCH005,2025-01-01,1,1,
ATT202501009151,STU009151,SCH028,2025-01-01,2,2,
ATT202501009152,STU009152,SCH027,2025-01-01,3,3,
ATT202501009153,STU009153,SCH034,2025-01-01,1,1,
ATT202501009154,STU009154,SCH043,2025-01-01,3,3,
ATT202501009156,STU009156,SCH049,2025-01-01,2,2,
ATT202501009157,STU009157,SCH038,2025-01-01,2,2,
ATT202501009158,STU009158,SCH032,2025-01-01,3,3,
ATT202501009159,STU009159,SCH006,2025-01-01,1,1,
ATT202501009161,STU009161,SCH008,2025-01-01,3,3,
ATT202501009162,STU009162,SCH001,2025-01-01,2,2,
ATT202501009163,STU009163,SCH042,2025-01-01,1,1,
ATT202501009164,STU009164,SCH027,2025-01-01,2,2,
ATT202501009165,STU009165,SCH040,2025-01-01,3,3,
ATT202501009166,STU009166,SCH011,2025-01-01,3,3,
ATT202501009167,STU009167,SCH024,2025-01-01,3,3,
ATT202501009168,STU009168,SCH010,2025-01-01,1,1,
ATT202501009169,STU009169,SCH013,2025-01-01,3,3,
ATT202501009170,STU009170,SCH025,2025-01-01,1,1,
ATT202501009172,STU009172,SCH015,2025-01-01,3,3,
ATT202501009173,STU009173,SCH016,2025-01-01,3,3,
ATT202501009175,STU009175,SCH031,2025-01-01,1,1,
ATT202501009176,STU009176,SCH030,2025-01-01,3,3,
ATT202501009177,STU009177,SCH023,2025-01-01,1,1,
ATT202501009178,STU009178,SCH030,2025-01-01,1,1,
ATT202501009179,STU009179,SCH004,2025-01-01,3,3,
ATT202501009180,STU009180,SCH025,2025-01-01,1,1,
ATT202501009181,STU009181,SCH023,2025-01-01,3,3,
ATT202501009182,STU009182,SCH003,2025-01-01,1,1,
ATT202501009183,STU009183,SCH036,2025-01-01,1,1,
ATT202501009184,STU009184,SCH002,2025-01-01,3,3,
ATT202501009185,STU009185,SCH009,2025-01-01,2,2,
ATT202501009186,STU009186,SCH011,2025-01-01,3,3,
ATT202501009187,STU009187,SCH034,2025-01-01,2,2,
ATT202501009188,STU009188,SCH007,2025-01-01,2,2,
ATT202501009189,STU009189,SCH045,2025-01-01,2,2,
ATT202501009190,STU009190,SCH034,2025-01-01,3,3,
ATT202501009191,STU009191,SCH007,2025-01-01,3,3,
ATT202501009192,STU009192,SCH044,2025-01-01,2,2,
ATT202501009193,STU009193,SCH028,2025-01-01,2,2,
ATT202501009194,STU009194,SCH043,2025-01-01,2,2,
ATT202501009195,STU009195,SCH021,2025-01-01,1,1,
ATT202501009196,STU009196,SCH010,2025-01-01,2,2,
ATT202501009197,STU009197,SCH036,2025-01-01,3,3,
ATT202501009198,STU009198,SCH004,2025-01-01,1,1,
ATT202501009199,STU009199,SCH011,2025-01-01,1,1,
ATT202501009200,STU009200,SCH021,2025-01-01,1,1,
ATT202501009201,STU009201,SCH036,2025-01-01,3,3,
ATT202501009203,STU009203,SCH046,2025-01-01,2,2,
ATT202501009205,STU009205,SCH028,2025-01-01,2,2,
ATT202501009206,STU009206,SCH028,2025-01-01,3,3,
ATT202501009207,STU009207,SCH032,2025-01-01,3,3,
ATT202501009208,STU009208,SCH042,2025-01-01,3,2,Family
ATT202501009209,STU009209,SCH048,2025-01-01,3,3,
ATT202501009210,STU009210,SCH010,2025-01-01,3,3,
ATT202501009211,STU009211,SCH014,2025-01-01,2,2,
ATT202501009212,STU009212,SCH046,2025-01-01,1,1,
ATT202501009213,STU009213,SCH002,2025-01-01,3,3,
ATT202501009214,STU009214,SCH035,2025-01-01,3,3,
ATT202501009215,STU009215,SCH007,2025-01-01,2,2,
ATT202501009216,STU009216,SCH046,2025-01-01,3,3,
ATT202501009217,STU009217,SCH044,2025-01-01,1,1,
ATT202501009218,STU009218,SCH043,2025-01-01,3,3,
ATT202501009219,STU009219,SCH050,2025-01-01,2,2,
ATT202501009220,STU009220,SCH008,2025-01-01,3,3,
ATT202501009221,STU009221,SCH050,2025-01-01,3,3,
ATT202501009222,STU009222,SCH048,2025-01-01,3,3,
ATT202501009223,STU009223,SCH034,2025-01-01,1,1,
ATT202501009224,STU009224,SCH002,2025-01-01,2,2,
ATT202501009225,STU009225,SCH028,2025-01-01,1,1,
ATT202501009227,STU009227,SCH043,2025-01-01,2,2,
ATT202501009228,STU009228,SCH036,2025-01-01,3,3,
ATT202501009229,STU009229,SCH044,2025-01-01,2,2,
ATT202501009230,STU009230,SCH036,2025-01-01,2,2,
ATT202501009231,STU009231,SCH027,2025-01-01,2,2,
ATT202501009233,STU009233,SCH038,2025-01-01,2,2,
ATT202501009234,STU009234,SCH045,2025-01-01,2,2,
ATT202501009235,STU009235,SCH021,2025-01-01,2,2,
ATT202501009236,STU009236,SCH031,2025-01-01,2,2,
ATT202501009237,STU009237,SCH040,2025-01-01,3,3,
ATT202501009238,STU009238,SCH009,2025-01-01,3,3,
ATT202501009239,STU009239,SCH028,2025-01-01,3,3,
ATT202501009240,STU009240,SCH001,2025-01-01,1,1,
ATT202501009241,STU009241,SCH047,2025-01-01,3,3,
ATT202501009242,STU009242,SCH026,2025-01-01,1,1,
ATT202501009243,STU009243,SCH026,2025-01-01,2,2,
ATT202501009244,STU009244,SCH001,2025-01-01,2,2,
ATT202501009245,STU009245,SCH029,2025-01-01,2,2,
ATT202501009246,STU009246,SCH043,2025-01-01,2,2,
ATT202501009247,STU009247,SCH016,2025-01-01,2,2,
ATT202501009248,STU009248,SCH033,2025-01-01,1,1,
ATT202501009249,STU009249,SCH019,2025-01-01,2,2,
ATT202501009250,STU009250,SCH021,2025-01-01,2,2,
ATT202501009251,STU009251,SCH037,2025-01-01,3,3,
ATT202501009252,STU009252,SCH008,2025-01-01,3,3,
ATT202501009253,STU009253,SCH012,2025-01-01,1,1,
ATT202501009254,STU009254,SCH022,2025-01-01,1,1,
ATT202501009255,STU009255,SCH018,2025-01-01,2,2,
ATT202501009256,STU009256,SCH031,2025-01-01,1,1,
ATT202501009257,STU009257,SCH039,2025-01-01,3,3,
ATT202501009259,STU009259,SCH038,2025-01-01,3,3,
ATT202501009260,STU009260,SCH048,2025-01-01,1,1,
ATT202501009261,STU009261,SCH039,2025-01-01,3,3,
ATT202501009262,STU009262,SCH033,2025-01-01,3,3,
ATT202501009263,STU009263,SCH028,2025-01-01,2,2,
ATT202501009264,STU009264,SCH037,2025-01-01,2,2,
ATT202501009265,STU009265,SCH036,2025-01-01,3,3,
ATT202501009266,STU009266,SCH023,2025-01-01,1,1,
ATT202501009267,STU009267,SCH007,2025-01-01,3,3,
ATT202501009268,STU009268,SCH006,2025-01-01,3,3,
ATT202501009270,STU009270,SCH005,2025-01-01,1,1,
ATT202501009271,STU009271,SCH007,2025-01-01,3,3,
ATT202501009272,STU009272,SCH006,2025-01-01,2,2,
ATT202501009273,STU009273,SCH023,2025-01-01,2,2,
ATT202501009274,STU009274,SCH033,2025-01-01,1,1,
ATT202501009275,STU009275,SCH003,2025-01-01,2,2,
ATT202501009276,STU009276,SCH033,2025-01-01,2,2,
ATT202501009277,STU009277,SCH025,2025-01-01,3,3,
ATT202501009279,STU009279,SCH021,2025-01-01,2,2,
ATT202501009280,STU009280,SCH046,2025-01-01,3,2,Unauthorised
ATT202501009281,STU009281,SCH045,2025-01-01,1,1,
ATT202501009282,STU009282,SCH021,2025-01-01,2,2,
ATT202501009283,STU009283,SCH022,2025-01-01,3,2,Illness
ATT202501009284,STU009284,SCH049,2025-01-01,3,3,
ATT202501009285,STU009285,SCH046,2025-01-01,1,1,
ATT202501009286,STU009286,SCH005,2025-01-01,2,2,
ATT202501009288,STU009288,SCH025,2025-01-01,1,1,
ATT202501009289,STU009289,SCH045,2025-01-01,3,3,
ATT202501009290,STU009290,SCH024,2025-01-01,3,2,Illness
ATT202501009291,STU009291,SCH033,2025-01-01,1,1,
ATT202501009292,STU009292,SCH009,2025-01-01,3,3,
ATT202501009293,STU009293,SCH031,2025-01-01,1,1,
ATT202501009294,STU009294,SCH018,2025-01-01,1,1,
ATT202501009295,STU009295,SCH019,2025-01-01,2,2,
ATT202501009296,STU009296,SCH022,2025-01-01,2,2,
ATT202501009297,STU009297,SCH017,2025-01-01,1,1,
ATT202501009298,STU009298,SCH040,2025-01-01,3,3,
ATT202501009299,STU009299,SCH041,2025-01-01,3,3,
ATT202501009300,STU009300,SCH010,2025-01-01,1,1,
ATT202501009301,STU009301,SCH004,2025-01-01,1,1,
ATT202501009302,STU009302,SCH025,2025-01-01,2,2,
ATT202501009303,STU009303,SCH002,2025-01-01,3,3,
ATT202501009304,STU009304,SCH001,2025-01-01,3,3,
ATT202501009305,STU009305,SCH043,2025-01-01,1,1,
ATT202501009306,STU009306,SCH050,2025-01-01,3,3,
ATT202501009307,STU009307,SCH040,2025-01-01,2,2,
ATT202501009308,STU009308,SCH041,2025-01-01,2,2,
ATT202501009310,STU009310,SCH016,2025-01-01,3,3,
ATT202501009311,STU009311,SCH044,2025-01-01,3,3,
ATT202501009312,STU009312,SCH028,2025-01-01,3,3,
ATT202501009313,STU009313,SCH031,2025-01-01,3,3,
ATT202501009314,STU009314,SCH014,2025-01-01,3,3,
ATT202501009315,STU009315,SCH017,2025-01-01,2,2,
ATT202501009316,STU009316,SCH025,2025-01-01,2,2,
ATT202501009318,STU009318,SCH037,2025-01-01,3,3,
ATT202501009319,STU009319,SCH034,2025-01-01,1,1,
ATT202501009321,STU009321,SCH007,2025-01-01,3,3,
ATT202501009322,STU009322,SCH009,2025-01-01,3,3,
ATT202501009323,STU009323,SCH046,2025-01-01,2,2,
ATT202501009324,STU009324,SCH015,2025-01-01,3,3,
ATT202501009325,STU009325,SCH032,2025-01-01,1,1,
ATT202501009326,STU009326,SCH023,2025-01-01,2,2,
ATT202501009327,STU009327,SCH002,2025-01-01,3,3,
ATT202501009328,STU009328,SCH021,2025-01-01,1,1,
ATT202501009329,STU009329,SCH021,2025-01-01,1,1,
ATT202501009331,STU009331,SCH008,2025-01-01,3,3,
ATT202501009332,STU009332,SCH001,2025-01-01,3,2,Family
ATT202501009333,STU009333,SCH025,2025-01-01,3,3,
ATT202501009334,STU009334,SCH003,2025-01-01,1,1,
ATT202501009335,STU009335,SCH018,2025-01-01,2,2,
ATT202501009336,STU009336,SCH033,2025-01-01,3,3,
ATT202501009337,STU009337,SCH022,2025-01-01,1,1,
ATT202501009338,STU009338,SCH021,2025-01-01,1,1,
ATT202501009339,STU009339,SCH041,2025-01-01,1,1,
ATT202501009340,STU009340,SCH045,2025-01-01,1,1,
ATT202501009341,STU009341,SCH046,2025-01-01,3,3,
ATT202501009343,STU009343,SCH044,2025-01-01,1,1,
ATT202501009344,STU009344,SCH029,2025-01-01,1,1,
ATT202501009346,STU009346,SCH043,2025-01-01,1,1,
ATT202501009347,STU009347,SCH019,2025-01-01,3,3,
ATT202501009348,STU009348,SCH006,2025-01-01,3,3,
ATT202501009349,STU009349,SCH009,2025-01-01,1,1,
ATT202501009350,STU009350,SCH017,2025-01-01,2,2,
ATT202501009351,STU009351,SCH050,2025-01-01,2,2,
ATT202501009353,STU009353,SCH040,2025-01-01,1,1,
ATT202501009354,STU009354,SCH035,2025-01-01,1,1,
ATT202501009355,STU009355,SCH007,2025-01-01,3,3,
ATT202501009357,STU009357,SCH016,2025-01-01,1,1,
ATT202501009358,STU009358,SCH001,2025-01-01,2,2,
ATT202501009359,STU009359,SCH029,2025-01-01,3,3,
ATT202501009360,STU009360,SCH021,2025-01-01,1,1,
ATT202501009361,STU009361,SCH018,2025-01-01,3,3,
ATT202501009362,STU009362,SCH038,2025-01-01,3,3,
ATT202501009363,STU009363,SCH002,2025-01-01,2,2,
ATT202501009364,STU009364,SCH002,2025-01-01,3,2,Other
ATT202501009365,STU009365,SCH027,2025-01-01,1,1,
ATT202501009366,STU009366,SCH004,2025-01-01,1,1,
ATT202501009367,STU009367,SCH029,2025-01-01,3,3,
ATT202501009368,STU009368,SCH021,2025-01-01,1,1,
ATT202501009369,STU009369,SCH044,2025-01-01,2,2,
ATT202501009370,STU009370,SCH005,2025-01-01,2,2,
ATT202501009371,STU009371,SCH040,2025-01-01,1,1,
ATT202501009372,STU009372,SCH021,2025-01-01,1,1,
ATT202501009373,STU009373,SCH022,2025-01-01,3,2,Other
ATT202501009374,STU009374,SCH020,2025-01-01,3,3,
ATT202501009375,STU009375,SCH017,2025-01-01,3,3,
ATT202501009376,STU009376,SCH018,2025-01-01,2,2,
ATT202501009377,STU009377,SCH033,2025-01-01,3,3,
ATT202501009378,STU009378,SCH046,2025-01-01,3,2,Family
ATT202501009379,STU009379,SCH044,2025-01-01,2,2,
ATT202501009380,STU009380,SCH007,2025-01-01,2,2,
ATT202501009381,STU009381,SCH021,2025-01-01,1,1,
ATT202501009382,STU009382,SCH018,2025-01-01,1,1,
ATT202501009383,STU009383,SCH036,2025-01-01,3,3,
ATT202501009384,STU009384,SCH030,2025-01-01,2,2,
ATT202501009385,STU009385,SCH038,2025-01-01,2,2,
ATT202501009386,STU009386,SCH035,2025-01-01,1,1,
ATT202501009387,STU009387,SCH015,2025-01-01,2,2,
ATT202501009388,STU009388,SCH031,2025-01-01,1,1,
ATT202501009389,STU009389,SCH047,2025-01-01,1,1,
ATT202501009390,STU009390,SCH025,2025-01-01,2,2,
ATT202501009391,STU009391,SCH012,2025-01-01,1,1,
ATT202501009392,STU009392,SCH014,2025-01-01,3,3,
ATT202501009393,STU009393,SCH041,2025-01-01,1,1,
ATT202501009394,STU009394,SCH023,2025-01-01,1,1,
ATT202501009395,STU009395,SCH011,2025-01-01,3,3,
ATT202501009396,STU009396,SCH049,2025-01-01,1,1,
ATT202501009398,STU009398,SCH045,2025-01-01,2,2,
ATT202501009399,STU009399,SCH032,2025-01-01,1,1,
ATT202501009400,STU009400,SCH046,2025-01-01,2,2,
ATT202501009401,STU009401,SCH005,2025-01-01,3,3,
ATT202501009402,STU009402,SCH023,2025-01-01,1,1,
ATT202501009403,STU009403,SCH010,2025-01-01,3,3,
ATT202501009404,STU009404,SCH031,2025-01-01,3,3,
ATT202501009405,STU009405,SCH042,2025-01-01,3,2,Illness
ATT202501009406,STU009406,SCH036,2025-01-01,1,1,
ATT202501009407,STU009407,SCH008,2025-01-01,2,2,
ATT202501009408,STU009408,SCH018,2025-01-01,3,3,
ATT202501009409,STU009409,SCH016,2025-01-01,3,3,
ATT202501009410,STU009410,SCH028,2025-01-01,1,1,
ATT202501009411,STU009411,SCH041,2025-01-01,1,1,
ATT202501009412,STU009412,SCH036,2025-01-01,3,3,
ATT202501009413,STU009413,SCH050,2025-01-01,3,3,
ATT202501009414,STU009414,SCH048,2025-01-01,2,2,
ATT202501009415,STU009415,SCH035,2025-01-01,3,3,
ATT202501009416,STU009416,SCH016,2025-01-01,2,2,
ATT202501009417,STU009417,SCH029,2025-01-01,1,1,
ATT202501009419,STU009419,SCH041,2025-01-01,3,3,
ATT202501009420,STU009420,SCH028,2025-01-01,2,2,
ATT202501009421,STU009421,SCH011,2025-01-01,2,2,
ATT202501009422,STU009422,SCH047,2025-01-01,2,2,
ATT202501009423,STU009423,SCH007,2025-01-01,1,1,
ATT202501009424,STU009424,SCH017,2025-01-01,1,1,
ATT202501009425,STU009425,SCH023,2025-01-01,2,2,
ATT202501009426,STU009426,SCH018,2025-01-01,2,2,
ATT202501009427,STU009427,SCH027,2025-01-01,1,1,
ATT202501009428,STU009428,SCH049,2025-01-01,2,2,
ATT202501009430,STU009430,SCH001,2025-01-01,3,3,
ATT202501009431,STU009431,SCH046,2025-01-01,3,3,
ATT202501009432,STU009432,SCH010,2025-01-01,2,2,
ATT202501009433,STU009433,SCH041,2025-01-01,3,3,
ATT202501009434,STU009434,SCH040,2025-01-01,3,3,
ATT202501009435,STU009435,SCH050,2025-01-01,3,3,
ATT202501009436,STU009436,SCH028,2025-01-01,2,2,
ATT202501009437,STU009437,SCH006,2025-01-01,1,1,
ATT202501009439,STU009439,SCH024,2025-01-01,1,1,
ATT202501009440,STU009440,SCH015,2025-01-01,1,1,
ATT202501009442,STU009442,SCH034,2025-01-01,1,1,
ATT202501009443,STU009443,SCH035,2025-01-01,2,2,
ATT202501009444,STU009444,SCH015,2025-01-01,2,2,
ATT202501009446,STU009446,SCH036,2025-01-01,2,2,
ATT202501009447,STU009447,SCH027,2025-01-01,3,3,
ATT202501009448,STU009448,SCH021,2025-01-01,2,2,
ATT202501009449,STU009449,SCH003,2025-01-01,2,2,
ATT202501009451,STU009451,SCH032,2025-01-01,2,2,
ATT202501009452,STU009452,SCH021,2025-01-01,2,2,
ATT202501009453,STU009453,SCH027,2025-01-01,2,2,
ATT202501009454,STU009454,SCH012,2025-01-01,3,3,
ATT202501009455,STU009455,SCH021,2025-01-01,3,3,
ATT202501009456,STU009456,SCH020,2025-01-01,2,2,
ATT202501009458,STU009458,SCH002,2025-01-01,3,3,
ATT202501009459,STU009459,SCH035,2025-01-01,1,1,
ATT202501009460,STU009460,SCH012,2025-01-01,1,1,
ATT202501009461,STU009461,SCH028,2025-01-01,2,2,
ATT202501009462,STU009462,SCH023,2025-01-01,1,1,
ATT202501009463,STU009463,SCH011,2025-01-01,3,3,
ATT202501009464,STU009464,SCH037,2025-01-01,2,2,
ATT202501009465,STU009465,SCH022,2025-01-01,1,1,
ATT202501009466,STU009466,SCH012,2025-01-01,2,2,
ATT202501009467,STU009467,SCH024,2025-01-01,2,2,
ATT202501009468,STU009468,SCH048,2025-01-01,2,2,
ATT202501009469,STU009469,SCH031,2025-01-01,1,1,
ATT202501009470,STU009470,SCH030,2025-01-01,2,2,
ATT202501009471,STU009471,SCH038,2025-01-01,3,3,
ATT202501009472,STU009472,SCH037,2025-01-01,2,2,
ATT202501009473,STU009473,SCH016,2025-01-01,2,2,
ATT202501009474,STU009474,SCH043,2025-01-01,3,3,
ATT202501009475,STU009475,SCH036,2025-01-01,1,1,
ATT202501009476,STU009476,SCH024,2025-01-01,1,1,
ATT202501009479,STU009479,SCH045,2025-01-01,1,1,
ATT202501009480,STU009480,SCH009,2025-01-01,1,1,
ATT202501009481,STU009481,SCH023,2025-01-01,3,3,
ATT202501009482,STU009482,SCH006,2025-01-01,2,2,
ATT202501009483,STU009483,SCH027,2025-01-01,2,2,
ATT202501009484,STU009484,SCH028,2025-01-01,3,3,
ATT202501009485,STU009485,SCH027,2025-01-01,1,1,
ATT202501009486,STU009486,SCH031,2025-01-01,3,3,
ATT202501009487,STU009487,SCH049,2025-01-01,1,1,
ATT202501009488,STU009488,SCH032,2025-01-01,3,3,
ATT202501009489,STU009489,SCH035,2025-01-01,2,2,
ATT202501009490,STU009490,SCH023,2025-01-01,1,1,
ATT202501009491,STU009491,SCH010,2025-01-01,2,2,
ATT202501009492,STU009492,SCH039,2025-01-01,1,1,
ATT202501009494,STU009494,SCH011,2025-01-01,3,3,
ATT202501009497,STU009497,SCH036,2025-01-01,2,2,
ATT202501009498,STU009498,SCH048,2025-01-01,2,2,
ATT202501009499,STU009499,SCH002,2025-01-01,2,2,
ATT202501009500,STU009500,SCH008,2025-01-01,3,3,
ATT202501009501,STU009501,SCH025,2025-01-01,3,3,
ATT202501009502,STU009502,SCH014,2025-01-01,2,2,
ATT202501009503,STU009503,SCH014,2025-01-01,2,2,
ATT202501009504,STU009504,SCH010,2025-01-01,1,1,
ATT202501009505,STU009505,SCH004,2025-01-01,3,3,
ATT202501009506,STU009506,SCH004,2025-01-01,3,3,
ATT202501009507,STU009507,SCH013,2025-01-01,2,2,
ATT202501009508,STU009508,SCH031,2025-01-01,1,1,
ATT202501009509,STU009509,SCH031,2025-01-01,3,3,
ATT202501009510,STU009510,SCH026,2025-01-01,2,2,
ATT202501009511,STU009511,SCH037,2025-01-01,2,2,
ATT202501009512,STU009512,SCH036,2025-01-01,2,2,
ATT202501009513,STU009513,SCH010,2025-01-01,2,2,
ATT202501009514,STU009514,SCH004,2025-01-01,2,2,
ATT202501009515,STU009515,SCH031,2025-01-01,2,2,
ATT202501009516,STU009516,SCH040,2025-01-01,1,1,
ATT202501009517,STU009517,SCH028,2025-01-01,1,1,
ATT202501009518,STU009518,SCH031,2025-01-01,3,3,
ATT202501009519,STU009519,SCH041,2025-01-01,3,3,
ATT202501009520,STU009520,SCH038,2025-01-01,3,3,
ATT202501009521,STU009521,SCH002,2025-01-01,1,1,
ATT202501009523,STU009523,SCH009,2025-01-01,2,2,
ATT202501009525,STU009525,SCH037,2025-01-01,3,3,
ATT202501009526,STU009526,SCH039,2025-01-01,3,3,
ATT202501009527,STU009527,SCH016,2025-01-01,1,1,
ATT202501009528,STU009528,SCH018,2025-01-01,1,1,
ATT202501009530,STU009530,SCH027,2025-01-01,1,1,
ATT202501009531,STU009531,SCH015,2025-01-01,3,3,
ATT202501009532,STU009532,SCH023,2025-01-01,1,1,
ATT202501009533,STU009533,SCH049,2025-01-01,2,2,
ATT202501009534,STU009534,SCH027,2025-01-01,2,2,
ATT202501009535,STU009535,SCH022,2025-01-01,2,2,
ATT202501009537,STU009537,SCH009,2025-01-01,2,2,
ATT202501009538,STU009538,SCH036,2025-01-01,1,1,
ATT202501009540,STU009540,SCH003,2025-01-01,2,2,
ATT202501009541,STU009541,SCH036,2025-01-01,3,3,
ATT202501009542,STU009542,SCH027,2025-01-01,3,3,
ATT202501009543,STU009543,SCH016,2025-01-01,3,3,
ATT202501009544,STU009544,SCH008,2025-01-01,2,2,
ATT202501009545,STU009545,SCH002,2025-01-01,3,3,
ATT202501009546,STU009546,SCH019,2025-01-01,3,3,
ATT202501009547,STU009547,SCH038,2025-01-01,3,3,
ATT202501009548,STU009548,SCH014,2025-01-01,1,1,
ATT202501009549,STU009549,SCH011,2025-01-01,1,1,
ATT202501009550,STU009550,SCH009,2025-01-01,1,1,
ATT202501009551,STU009551,SCH039,2025-01-01,3,3,
ATT202501009552,STU009552,SCH021,2025-01-01,3,3,
ATT202501009553,STU009553,SCH018,2025-01-01,1,1,
ATT202501009554,STU009554,SCH031,2025-01-01,3,3,
ATT202501009556,STU009556,SCH019,2025-01-01,2,2,
ATT202501009558,STU009558,SCH001,2025-01-01,3,3,
ATT202501009559,STU009559,SCH048,2025-01-01,2,2,
ATT202501009560,STU009560,SCH019,2025-01-01,3,3,
ATT202501009561,STU009561,SCH010,2025-01-01,1,1,
ATT202501009562,STU009562,SCH009,2025-01-01,1,1,
ATT202501009563,STU009563,SCH031,2025-01-01,1,1,
ATT202501009564,STU009564,SCH003,2025-01-01,3,3,
ATT202501009565,STU009565,SCH006,2025-01-01,1,1,
ATT202501009566,STU009566,SCH009,2025-01-01,1,1,
ATT202501009567,STU009567,SCH036,2025-01-01,2,2,
ATT202501009568,STU009568,SCH027,2025-01-01,3,3,
ATT202501009569,STU009569,SCH013,2025-01-01,1,1,
ATT202501009570,STU009570,SCH029,2025-01-01,3,3,
ATT202501009571,STU009571,SCH043,2025-01-01,1,1,
ATT202501009572,STU009572,SCH028,2025-01-01,1,1,
ATT202501009573,STU009573,SCH021,2025-01-01,3,3,
ATT202501009575,STU009575,SCH016,2025-01-01,1,1,
ATT202501009576,STU009576,SCH021,2025-01-01,3,3,
ATT202501009577,STU009577,SCH005,2025-01-01,3,3,
ATT202501009578,STU009578,SCH011,2025-01-01,3,3,
ATT202501009579,STU009579,SCH032,2025-01-01,2,2,
ATT202501009580,STU009580,SCH001,2025-01-01,1,1,
ATT202501009581,STU009581,SCH009,2025-01-01,2,2,
ATT202501009582,STU009582,SCH013,2025-01-01,3,3,
ATT202501009583,STU009583,SCH005,2025-01-01,3,3,
ATT202501009584,STU009584,SCH022,2025-01-01,2,2,
ATT202501009585,STU009585,SCH023,2025-01-01,1,1,
ATT202501009586,STU009586,SCH023,2025-01-01,2,2,
ATT202501009587,STU009587,SCH032,2025-01-01,3,3,
ATT202501009589,STU009589,SCH031,2025-01-01,2,2,
ATT202501009590,STU009590,SCH011,2025-01-01,1,1,
ATT202501009592,STU009592,SCH025,2025-01-01,1,1,
ATT202501009593,STU009593,SCH028,2025-01-01,3,3,
ATT202501009594,STU009594,SCH033,2025-01-01,1,1,
ATT202501009595,STU009595,SCH018,2025-01-01,3,3,
ATT202501009596,STU009596,SCH017,2025-01-01,1,1,
ATT202501009597,STU009597,SCH044,2025-01-01,3,3,
ATT202501009600,STU009600,SCH001,2025-01-01,3,3,
ATT202501009602,STU009602,SCH046,2025-01-01,2,2,
ATT202501009603,STU009603,SCH026,2025-01-01,2,2,
ATT202501009604,STU009604,SCH009,2025-01-01,3,3,
ATT202501009605,STU009605,SCH003,2025-01-01,2,2,
ATT202501009606,STU009606,SCH016,2025-01-01,1,1,
ATT202501009607,STU009607,SCH048,2025-01-01,3,3,
ATT202501009608,STU009608,SCH003,2025-01-01,1,1,
ATT202501009609,STU009609,SCH040,2025-01-01,2,2,
ATT202501009610,STU009610,SCH031,2025-01-01,2,2,
ATT202501009611,STU009611,SCH048,2025-01-01,2,2,
ATT202501009612,STU009612,SCH043,2025-01-01,3,3,
ATT202501009613,STU009613,SCH019,2025-01-01,3,3,
ATT202501009614,STU009614,SCH046,2025-01-01,1,1,
ATT202501009615,STU009615,SCH012,2025-01-01,1,1,
ATT202501009616,STU009616,SCH048,2025-01-01,2,2,
ATT202501009617,STU009617,SCH003,2025-01-01,3,3,
ATT202501009618,STU009618,SCH037,2025-01-01,1,1,
ATT202501009619,STU009619,SCH017,2025-01-01,3,3,
ATT202501009620,STU009620,SCH005,2025-01-01,1,1,
ATT202501009621,STU009621,SCH028,2025-01-01,3,3,
ATT202501009623,STU009623,SCH044,2025-01-01,2,2,
ATT202501009624,STU009624,SCH041,2025-01-01,2,2,
ATT202501009625,STU009625,SCH006,2025-01-01,3,3,
ATT202501009626,STU009626,SCH009,2025-01-01,3,3,
ATT202501009627,STU009627,SCH007,2025-01-01,1,1,
ATT202501009628,STU009628,SCH042,2025-01-01,2,2,
ATT202501009629,STU009629,SCH026,2025-01-01,2,2,
ATT202501009630,STU009630,SCH014,2025-01-01,1,1,
ATT202501009631,STU009631,SCH027,2025-01-01,3,3,
ATT202501009632,STU009632,SCH031,2025-01-01,2,2,
ATT202501009633,STU009633,SCH021,2025-01-01,1,1,
ATT202501009634,STU009634,SCH020,2025-01-01,3,3,
ATT202501009635,STU009635,SCH032,2025-01-01,2,2,
ATT202501009636,STU009636,SCH010,2025-01-01,1,1,
ATT202501009637,STU009637,SCH019,2025-01-01,2,2,
ATT202501009638,STU009638,SCH037,2025-01-01,1,1,
ATT202501009639,STU009639,SCH011,2025-01-01,3,3,
ATT202501009640,STU009640,SCH023,2025-01-01,2,2,
ATT202501009641,STU009641,SCH030,2025-01-01,2,2,
ATT202501009642,STU009642,SCH047,2025-01-01,2,2,
ATT202501009644,STU009644,SCH013,2025-01-01,2,2,
ATT202501009645,STU009645,SCH038,2025-01-01,1,1,
ATT202501009648,STU009648,SCH036,2025-01-01,1,1,
ATT202501009650,STU009650,SCH031,2025-01-01,1,1,
ATT202501009651,STU009651,SCH035,2025-01-01,2,2,
ATT202501009652,STU009652,SCH050,2025-01-01,1,1,
ATT202501009653,STU009653,SCH047,2025-01-01,1,1,
ATT202501009654,STU009654,SCH031,2025-01-01,1,1,
ATT202501009657,STU009657,SCH028,2025-01-01,3,3,
ATT202501009658,STU009658,SCH010,2025-01-01,3,3,
ATT202501009659,STU009659,SCH023,2025-01-01,1,1,
ATT202501009660,STU009660,SCH009,2025-01-01,3,3,
ATT202501009661,STU009661,SCH017,2025-01-01,1,1,
ATT202501009662,STU009662,SCH010,2025-01-01,2,2,
ATT202501009663,STU009663,SCH009,2025-01-01,3,3,
ATT202501009664,STU009664,SCH008,2025-01-01,2,2,
ATT202501009665,STU009665,SCH005,2025-01-01,3,3,
ATT202501009666,STU009666,SCH027,2025-01-01,2,2,
ATT202501009667,STU009667,SCH004,2025-01-01,1,1,
ATT202501009668,STU009668,SCH036,2025-01-01,2,2,
ATT202501009669,STU009669,SCH011,2025-01-01,1,1,
ATT202501009670,STU009670,SCH019,2025-01-01,3,3,
ATT202501009672,STU009672,SCH048,2025-01-01,3,3,
ATT202501009673,STU009673,SCH017,2025-01-01,1,1,
ATT202501009674,STU009674,SCH049,2025-01-01,1,1,
ATT202501009675,STU009675,SCH012,2025-01-01,2,2,
ATT202501009676,STU009676,SCH024,2025-01-01,1,1,
ATT202501009677,STU009677,SCH032,2025-01-01,3,3,
ATT202501009678,STU009678,SCH012,2025-01-01,1,1,
ATT202501009679,STU009679,SCH041,2025-01-01,1,1,
ATT202501009680,STU009680,SCH005,2025-01-01,3,3,
ATT202501009681,STU009681,SCH046,2025-01-01,1,1,
ATT202501009683,STU009683,SCH024,2025-01-01,3,3,
ATT202501009684,STU009684,SCH032,2025-01-01,3,3,
ATT202501009685,STU009685,SCH050,2025-01-01,1,1,
ATT202501009686,STU009686,SCH043,2025-01-01,3,3,
ATT202501009687,STU009687,SCH027,2025-01-01,2,2,
ATT202501009688,STU009688,SCH001,2025-01-01,1,1,
ATT202501009689,STU009689,SCH014,2025-01-01,1,1,
ATT202501009690,STU009690,SCH046,2025-01-01,1,1,
ATT202501009691,STU009691,SCH041,2025-01-01,3,3,
ATT202501009692,STU009692,SCH040,2025-01-01,3,3,
ATT202501009693,STU009693,SCH009,2025-01-01,2,2,
ATT202501009694,STU009694,SCH025,2025-01-01,2,2,
ATT202501009695,STU009695,SCH050,2025-01-01,2,2,
ATT202501009696,STU009696,SCH032,2025-01-01,1,1,
ATT202501009697,STU009697,SCH031,2025-01-01,1,1,
ATT202501009698,STU009698,SCH046,2025-01-01,2,2,
ATT202501009699,STU009699,SCH044,2025-01-01,2,2,
ATT202501009700,STU009700,SCH009,2025-01-01,2,2,
ATT202501009701,STU009701,SCH018,2025-01-01,1,1,
ATT202501009702,STU009702,SCH012,2025-01-01,1,1,
ATT202501009703,STU009703,SCH040,2025-01-01,3,3,
ATT202501009704,STU009704,SCH031,2025-01-01,2,2,
ATT202501009705,STU009705,SCH046,2025-01-01,1,1,
ATT202501009706,STU009706,SCH013,2025-01-01,1,1,
ATT202501009707,STU009707,SCH035,2025-01-01,3,3,
ATT202501009708,STU009708,SCH012,2025-01-01,2,2,
ATT202501009709,STU009709,SCH006,2025-01-01,3,3,
ATT202501009710,STU009710,SCH027,2025-01-01,2,2,
ATT202501009711,STU009711,SCH003,2025-01-01,2,2,
ATT202501009712,STU009712,SCH047,2025-01-01,3,3,
ATT202501009714,STU009714,SCH013,2025-01-01,2,2,
ATT202501009715,STU009715,SCH011,2025-01-01,1,1,
ATT202501009716,STU009716,SCH032,2025-01-01,3,3,
ATT202501009717,STU009717,SCH034,2025-01-01,3,3,
ATT202501009718,STU009718,SCH005,2025-01-01,3,3,
ATT202501009719,STU009719,SCH033,2025-01-01,3,3,
ATT202501009720,STU009720,SCH014,2025-01-01,3,3,
ATT202501009721,STU009721,SCH043,2025-01-01,3,2,Unauthorised
ATT202501009722,STU009722,SCH009,2025-01-01,3,3,
ATT202501009724,STU009724,SCH025,2025-01-01,3,3,
ATT202501009725,STU009725,SCH050,2025-01-01,2,2,
ATT202501009727,STU009727,SCH028,2025-01-01,2,2,
ATT202501009728,STU009728,SCH042,2025-01-01,1,1,
ATT202501009729,STU009729,SCH008,2025-01-01,1,1,
ATT202501009730,STU009730,SCH008,2025-01-01,3,3,
ATT202501009731,STU009731,SCH020,2025-01-01,3,3,
ATT202501009732,STU009732,SCH009,2025-01-01,3,2,Illness
ATT202501009733,STU009733,SCH010,2025-01-01,2,2,
ATT202501009734,STU009734,SCH016,2025-01-01,1,1,
ATT202501009735,STU009735,SCH021,2025-01-01,2,2,
ATT202501009736,STU009736,SCH045,2025-01-01,3,3,
ATT202501009737,STU009737,SCH046,2025-01-01,2,2,
ATT202501009738,STU009738,SCH044,2025-01-01,2,2,
ATT202501009739,STU009739,SCH009,2025-01-01,3,3,
ATT202501009741,STU009741,SCH014,2025-01-01,2,2,
ATT202501009742,STU009742,SCH020,2025-01-01,2,2,
ATT202501009743,STU009743,SCH025,2025-01-01,1,1,
ATT202501009744,STU009744,SCH029,2025-01-01,2,2,
ATT202501009745,STU009745,SCH038,2025-01-01,2,2,
ATT202501009746,STU009746,SCH022,2025-01-01,1,1,
ATT202501009747,STU009747,SCH026,2025-01-01,1,1,
ATT202501009748,STU009748,SCH036,2025-01-01,2,2,
ATT202501009750,STU009750,SCH049,2025-01-01,2,2,
ATT202501009751,STU009751,SCH007,2025-01-01,2,2,
ATT202501009752,STU009752,SCH036,2025-01-01,1,1,
ATT202501009753,STU009753,SCH040,2025-01-01,3,3,
ATT202501009754,STU009754,SCH028,2025-01-01,2,2,
ATT202501009755,STU009755,SCH004,2025-01-01,3,3,
ATT202501009756,STU009756,SCH021,2025-01-01,3,3,
ATT202501009757,STU009757,SCH050,2025-01-01,2,2,
ATT202501009758,STU009758,SCH030,2025-01-01,2,2,
ATT202501009759,STU009759,SCH009,2025-01-01,3,3,
ATT202501009760,STU009760,SCH024,2025-01-01,2,2,
ATT202501009761,STU009761,SCH016,2025-01-01,1,1,
ATT202501009762,STU009762,SCH045,2025-01-01,2,2,
ATT202501009763,STU009763,SCH046,2025-01-01,1,1,
ATT202501009764,STU009764,SCH010,2025-01-01,3,3,
ATT202501009765,STU009765,SCH026,2025-01-01,2,2,
ATT202501009766,STU009766,SCH042,2025-01-01,2,2,
ATT202501009767,STU009767,SCH021,2025-01-01,3,3,
ATT202501009768,STU009768,SCH014,2025-01-01,1,1,
ATT202501009769,STU009769,SCH038,2025-01-01,3,3,
ATT202501009770,STU009770,SCH043,2025-01-01,2,2,
ATT202501009771,STU009771,SCH042,2025-01-01,2,2,
ATT202501009772,STU009772,SCH049,2025-01-01,3,2,Medical
ATT202501009773,STU009773,SCH037,2025-01-01,3,3,
ATT202501009774,STU009774,SCH005,2025-01-01,3,3,
ATT202501009775,STU009775,SCH038,2025-01-01,2,2,
ATT202501009776,STU009776,SCH016,2025-01-01,1,1,
ATT202501009777,STU009777,SCH014,2025-01-01,1,1,
ATT202501009778,STU009778,SCH016,2025-01-01,1,1,
ATT202501009779,STU009779,SCH006,2025-01-01,2,2,
ATT202501009780,STU009780,SCH035,2025-01-01,1,1,
ATT202501009781,STU009781,SCH008,2025-01-01,2,2,
ATT202501009782,STU009782,SCH016,2025-01-01,3,3,
ATT202501009783,STU009783,SCH019,2025-01-01,1,1,
ATT202501009784,STU009784,SCH014,2025-01-01,2,2,
ATT202501009785,STU009785,SCH035,2025-01-01,1,1,
ATT202501009786,STU009786,SCH023,2025-01-01,2,2,
ATT202501009787,STU009787,SCH025,2025-01-01,2,2,
ATT202501009789,STU009789,SCH026,2025-01-01,3,3,
ATT202501009790,STU009790,SCH015,2025-01-01,1,1,
ATT202501009791,STU009791,SCH014,2025-01-01,1,1,
ATT202501009792,STU009792,SCH029,2025-01-01,1,1,
ATT202501009793,STU009793,SCH028,2025-01-01,2,2,
ATT202501009794,STU009794,SCH008,2025-01-01,1,1,
ATT202501009795,STU009795,SCH045,2025-01-01,3,2,Illness
ATT202501009796,STU009796,SCH022,2025-01-01,3,3,
ATT202501009797,STU009797,SCH006,2025-01-01,1,1,
ATT202501009799,STU009799,SCH010,2025-01-01,1,1,
ATT202501009800,STU009800,SCH008,2025-01-01,3,3,
ATT202501009801,STU009801,SCH028,2025-01-01,3,3,
ATT202501009802,STU009802,SCH017,2025-01-01,2,2,
ATT202501009803,STU009803,SCH016,2025-01-01,1,1,
ATT202501009804,STU009804,SCH042,2025-01-01,1,1,
ATT202501009805,STU009805,SCH013,2025-01-01,3,3,
ATT202501009806,STU009806,SCH001,2025-01-01,3,3,
ATT202501009807,STU009807,SCH002,2025-01-01,3,3,
ATT202501009808,STU009808,SCH036,2025-01-01,3,3,
ATT202501009809,STU009809,SCH030,2025-01-01,3,3,
ATT202501009810,STU009810,SCH007,2025-01-01,1,1,
ATT202501009811,STU009811,SCH047,2025-01-01,3,3,
ATT202501009812,STU009812,SCH046,2025-01-01,2,2,
ATT202501009813,STU009813,SCH033,2025-01-01,2,2,
ATT202501009814,STU009814,SCH045,2025-01-01,2,2,
ATT202501009815,STU009815,SCH014,2025-01-01,2,2,
ATT202501009817,STU009817,SCH016,2025-01-01,2,2,
ATT202501009818,STU009818,SCH003,2025-01-01,3,3,
ATT202501009819,STU009819,SCH027,2025-01-01,1,1,
ATT202501009820,STU009820,SCH006,2025-01-01,3,3,
ATT202501009822,STU009822,SCH018,2025-01-01,3,3,
ATT202501009823,STU009823,SCH045,2025-01-01,2,2,
ATT202501009825,STU009825,SCH010,2025-01-01,2,2,
ATT202501009827,STU009827,SCH042,2025-01-01,3,3,
ATT202501009828,STU009828,SCH046,2025-01-01,2,2,
ATT202501009829,STU009829,SCH038,2025-01-01,3,3,
ATT202501009830,STU009830,SCH035,2025-01-01,2,2,
ATT202501009832,STU009832,SCH026,2025-01-01,3,3,
ATT202501009833,STU009833,SCH025,2025-01-01,1,1,
ATT202501009834,STU009834,SCH003,2025-01-01,1,1,
ATT202501009835,STU009835,SCH031,2025-01-01,3,3,
ATT202501009836,STU009836,SCH037,2025-01-01,1,1,
ATT202501009837,STU009837,SCH037,2025-01-01,3,3,
ATT202501009838,STU009838,SCH049,2025-01-01,2,2,
ATT202501009839,STU009839,SCH043,2025-01-01,1,1,
ATT202501009840,STU009840,SCH026,2025-01-01,2,2,
ATT202501009841,STU009841,SCH035,2025-01-01,1,1,
ATT202501009842,STU009842,SCH047,2025-01-01,3,3,
ATT202501009843,STU009843,SCH035,2025-01-01,3,3,
ATT202501009844,STU009844,SCH047,2025-01-01,1,1,
ATT202501009845,STU009845,SCH039,2025-01-01,2,2,
ATT202501009846,STU009846,SCH015,2025-01-01,1,1,
ATT202501009847,STU009847,SCH026,2025-01-01,2,2,
ATT202501009848,STU009848,SCH030,2025-01-01,2,2,
ATT202501009849,STU009849,SCH031,2025-01-01,3,3,
ATT202501009850,STU009850,SCH006,2025-01-01,2,2,
ATT202501009851,STU009851,SCH018,2025-01-01,1,1,
ATT202501009852,STU009852,SCH007,2025-01-01,2,2,
ATT202501009853,STU009853,SCH020,2025-01-01,2,2,
ATT202501009854,STU009854,SCH050,2025-01-01,3,3,
ATT202501009855,STU009855,SCH020,2025-01-01,2,2,
ATT202501009856,STU009856,SCH018,2025-01-01,3,3,
ATT202501009857,STU009857,SCH046,2025-01-01,2,2,
ATT202501009858,STU009858,SCH008,2025-01-01,3,3,
ATT202501009859,STU009859,SCH031,2025-01-01,2,2,
ATT202501009860,STU009860,SCH041,2025-01-01,2,2,
ATT202501009861,STU009861,SCH002,2025-01-01,1,1,
ATT202501009862,STU009862,SCH033,2025-01-01,1,1,
ATT202501009863,STU009863,SCH048,2025-01-01,2,2,
ATT202501009864,STU009864,SCH010,2025-01-01,3,3,
ATT202501009866,STU009866,SCH031,2025-01-01,1,1,
ATT202501009867,STU009867,SCH015,2025-01-01,1,1,
ATT202501009868,STU009868,SCH029,2025-01-01,3,3,
ATT202501009869,STU009869,SCH012,2025-01-01,1,1,
ATT202501009870,STU009870,SCH031,2025-01-01,1,1,
ATT202501009871,STU009871,SCH033,2025-01-01,2,2,
ATT202501009872,STU009872,SCH033,2025-01-01,2,2,
ATT202501009873,STU009873,SCH015,2025-01-01,2,2,
ATT202501009874,STU009874,SCH041,2025-01-01,2,2,
ATT202501009875,STU009875,SCH040,2025-01-01,2,2,
ATT202501009876,STU009876,SCH019,2025-01-01,2,2,
ATT202501009878,STU009878,SCH007,2025-01-01,1,1,
ATT202501009879,STU009879,SCH023,2025-01-01,2,2,
ATT202501009880,STU009880,SCH033,2025-01-01,3,3,
ATT202501009881,STU009881,SCH004,2025-01-01,2,2,
ATT202501009882,STU009882,SCH004,2025-01-01,3,3,
ATT202501009883,STU009883,SCH010,2025-01-01,3,3,
ATT202501009884,STU009884,SCH016,2025-01-01,1,1,
ATT202501009885,STU009885,SCH008,2025-01-01,1,1,
ATT202501009886,STU009886,SCH029,2025-01-01,2,2,
ATT202501009887,STU009887,SCH019,2025-01-01,3,3,
ATT202501009888,STU009888,SCH015,2025-01-01,3,3,
ATT202501009889,STU009889,SCH019,2025-01-01,3,3,
ATT202501009890,STU009890,SCH021,2025-01-01,1,1,
ATT202501009891,STU009891,SCH049,2025-01-01,3,2,Medical
ATT202501009892,STU009892,SCH013,2025-01-01,2,2,
ATT202501009893,STU009893,SCH046,2025-01-01,1,1,
ATT202501009894,STU009894,SCH010,2025-01-01,1,1,
ATT202501009895,STU009895,SCH027,2025-01-01,1,1,
ATT202501009896,STU009896,SCH018,2025-01-01,1,1,
ATT202501009897,STU009897,SCH040,2025-01-01,1,1,
ATT202501009898,STU009898,SCH018,2025-01-01,1,1,
ATT202501009899,STU009899,SCH016,2025-01-01,1,1,
ATT202501009900,STU009900,SCH041,2025-01-01,1,1,
ATT202501009901,STU009901,SCH010,2025-01-01,3,3,
ATT202501009902,STU009902,SCH044,2025-01-01,1,1,
ATT202501009903,STU009903,SCH031,2025-01-01,3,3,
ATT202501009904,STU009904,SCH046,2025-01-01,1,1,
ATT202501009905,STU009905,SCH030,2025-01-01,1,1,
ATT202501009906,STU009906,SCH005,2025-01-01,1,1,
ATT202501009907,STU009907,SCH026,2025-01-01,1,1,
ATT202501009908,STU009908,SCH038,2025-01-01,1,1,
ATT202501009910,STU009910,SCH037,2025-01-01,3,3,
ATT202501009911,STU009911,SCH038,2025-01-01,2,2,
ATT202501009912,STU009912,SCH039,2025-01-01,1,1,
ATT202501009914,STU009914,SCH029,2025-01-01,2,2,
ATT202501009915,STU009915,SCH004,2025-01-01,3,3,
ATT202501009917,STU009917,SCH045,2025-01-01,1,1,
ATT202501009918,STU009918,SCH034,2025-01-01,3,2,Family
ATT202501009919,STU009919,SCH031,2025-01-01,3,3,
ATT202501009920,STU009920,SCH048,2025-01-01,1,1,
ATT202501009921,STU009921,SCH014,2025-01-01,2,2,
ATT202501009922,STU009922,SCH028,2025-01-01,3,3,
ATT202501009923,STU009923,SCH004,2025-01-01,3,3,
ATT202501009924,STU009924,SCH040,2025-01-01,3,3,
ATT202501009925,STU009925,SCH031,2025-01-01,2,2,
ATT202501009926,STU009926,SCH015,2025-01-01,2,2,
ATT202501009927,STU009927,SCH038,2025-01-01,2,2,
ATT202501009928,STU009928,SCH038,2025-01-01,2,2,
ATT202501009929,STU009929,SCH018,2025-01-01,1,1,
ATT202501009930,STU009930,SCH045,2025-01-01,1,1,
ATT202501009931,STU009931,SCH029,2025-01-01,2,2,
ATT202501009932,STU009932,SCH040,2025-01-01,2,2,
ATT202501009933,STU009933,SCH045,2025-01-01,2,2,
ATT202501009934,STU009934,SCH049,2025-01-01,1,1,
ATT202501009935,STU009935,SCH027,2025-01-01,3,3,
ATT202501009936,STU009936,SCH014,2025-01-01,3,3,
ATT202501009939,STU009939,SCH012,2025-01-01,2,2,
ATT202501009940,STU009940,SCH042,2025-01-01,1,1,
ATT202501009942,STU009942,SCH016,2025-01-01,2,2,
ATT202501009943,STU009943,SCH031,2025-01-01,3,3,
ATT202501009944,STU009944,SCH033,2025-01-01,2,2,
ATT202501009945,STU009945,SCH033,2025-01-01,3,3,
ATT202501009946,STU009946,SCH050,2025-01-01,2,2,
ATT202501009947,STU009947,SCH034,2025-01-01,1,1,
ATT202501009948,STU009948,SCH032,2025-01-01,1,1,
ATT202501009949,STU009949,SCH030,2025-01-01,3,3,
ATT202501009950,STU009950,SCH004,2025-01-01,3,3,
ATT202501009951,STU009951,SCH048,2025-01-01,3,3,
ATT202501009952,STU009952,SCH020,2025-01-01,3,3,
ATT202501009953,STU009953,SCH042,2025-01-01,1,1,
ATT202501009954,STU009954,SCH029,2025-01-01,2,2,
ATT202501009955,STU009955,SCH010,2025-01-01,2,2,
ATT202501009956,STU009956,SCH010,2025-01-01,1,1,
ATT202501009957,STU009957,SCH043,2025-01-01,1,1,
ATT202501009958,STU009958,SCH037,2025-01-01,3,3,
ATT202501009959,STU009959,SCH015,2025-01-01,1,1,
ATT202501009960,STU009960,SCH020,2025-01-01,1,1,
ATT202501009961,STU009961,SCH026,2025-01-01,3,3,
ATT202501009962,STU009962,SCH033,2025-01-01,2,2,
ATT202501009963,STU009963,SCH008,2025-01-01,1,1,
ATT202501009964,STU009964,SCH037,2025-01-01,1,1,
ATT202501009965,STU009965,SCH021,2025-01-01,2,2,
ATT202501009966,STU009966,SCH043,2025-01-01,3,3,
ATT202501009968,STU009968,SCH046,2025-01-01,1,1,
ATT202501009969,STU009969,SCH014,2025-01-01,1,1,
ATT202501009970,STU009970,SCH021,2025-01-01,2,2,
ATT202501009971,STU009971,SCH035,2025-01-01,3,3,
ATT202501009972,STU009972,SCH031,2025-01-01,2,2,
ATT202501009974,STU009974,SCH032,2025-01-01,1,1,
ATT202501009975,STU009975,SCH004,2025-01-01,2,2,
ATT202501009976,STU009976,SCH030,2025-01-01,1,1,
ATT202501009977,STU009977,SCH031,2025-01-01,1,1,
ATT202501009978,STU009978,SCH048,2025-01-01,2,2,
ATT202501009979,STU009979,SCH004,2025-01-01,1,1,
ATT202501009980,STU009980,SCH031,2025-01-01,3,3,
ATT202501009981,STU009981,SCH035,2025-01-01,3,3,
ATT202501009982,STU009982,SCH026,2025-01-01,3,3,
ATT202501009983,STU009983,SCH045,2025-01-01,1,1,
ATT202501009984,STU009984,SCH025,2025-01-01,2,2,
ATT202501009985,STU009985,SCH012,2025-01-01,3,3,
ATT202501009986,STU009986,SCH026,2025-01-01,1,1,
ATT202501009987,STU009987,SCH033,2025-01-01,3,3,
ATT202501009988,STU009988,SCH009,2025-01-01,2,2,
ATT202501009989,STU009989,SCH010,2025-01-01,3,3,
ATT202501009990,STU009990,SCH018,2025-01-01,3,3,
ATT202501009991,STU009991,SCH033,2025-01-01,3,3,
ATT202501009992,STU009992,SCH040,2025-01-01,3,3,
ATT202501009993,STU009993,SCH020,2025-01-01,2,2,
ATT202501009994,STU009994,SCH042,2025-01-01,1,1,
ATT202501009995,STU009995,SCH033,2025-01-01,2,2,
ATT202501009996,STU009996,SCH016,2025-01-01,3,3,
ATT202501009997,STU009997,SCH014,2025-01-01,1,1,
ATT202501009998,STU009998,SCH027,2025-01-01,1,1,
ATT202501009999,STU009999,SCH018,2025-01-01,3,3,
ATT202501010000,STU010000,SCH019,2025-01-01,2,2,
ATT202501010001,STU010001,SCH041,2025-01-01,3,3,
ATT202501010003,STU010003,SCH048,2025-01-01,1,1,
ATT202501010004,STU010004,SCH048,2025-01-01,1,1,
ATT202501010005,STU010005,SCH014,2025-01-01,1,1,
ATT202501010006,STU010006,SCH008,2025-01-01,3,3,
ATT202501010007,STU010007,SCH030,2025-01-01,2,2,
ATT202501010008,STU010008,SCH005,2025-01-01,1,1,
ATT202501010010,STU010010,SCH016,2025-01-01,2,2,
ATT202501010011,STU010011,SCH011,2025-01-01,2,2,
ATT202501010012,STU010012,SCH025,2025-01-01,1,1,
ATT202501010013,STU010013,SCH040,2025-01-01,2,2,
ATT202501010014,STU010014,SCH050,2025-01-01,2,2,
ATT202501010015,STU010015,SCH046,2025-01-01,2,2,
ATT202501010016,STU010016,SCH046,2025-01-01,3,3,
ATT202501010017,STU010017,SCH015,2025-01-01,1,1,
ATT202501010018,STU010018,SCH032,2025-01-01,1,1,
ATT202501010019,STU010019,SCH031,2025-01-01,1,1,
ATT202501010020,STU010020,SCH016,2025-01-01,1,1,
ATT202501010021,STU010021,SCH037,2025-01-01,2,2,
ATT202501010022,STU010022,SCH010,2025-01-01,2,2,
ATT202501010023,STU010023,SCH034,2025-01-01,3,3,
ATT202501010024,STU010024,SCH031,2025-01-01,1,1,
ATT202501010025,STU010025,SCH046,2025-01-01,2,2,
ATT202501010026,STU010026,SCH039,2025-01-01,2,2,
ATT202501010027,STU010027,SCH030,2025-01-01,3,3,
ATT202501010028,STU010028,SCH030,2025-01-01,1,1,
ATT202501010029,STU010029,SCH032,2025-01-01,1,1,
ATT202501010030,STU010030,SCH035,2025-01-01,2,2,
ATT202501010031,STU010031,SCH040,2025-01-01,2,2,
ATT202501010032,STU010032,SCH010,2025-01-01,2,2,
ATT202501010033,STU010033,SCH039,2025-01-01,1,1,
ATT202501010034,STU010034,SCH019,2025-01-01,1,1,
ATT202501010035,STU010035,SCH019,2025-01-01,3,3,
ATT202501010036,STU010036,SCH033,2025-01-01,2,2,
ATT202501010037,STU010037,SCH015,2025-01-01,1,1,
ATT202501010038,STU010038,SCH035,2025-01-01,3,3,
ATT202501010039,STU010039,SCH005,2025-01-01,1,1,
ATT202501010041,STU010041,SCH018,2025-01-01,2,2,
ATT202501010042,STU010042,SCH027,2025-01-01,3,3,
ATT202501010043,STU010043,SCH031,2025-01-01,3,3,
ATT202501010044,STU010044,SCH028,2025-01-01,3,3,
ATT202501010045,STU010045,SCH046,2025-01-01,3,3,
ATT202501010046,STU010046,SCH014,2025-01-01,2,2,
ATT202501010048,STU010048,SCH046,2025-01-01,3,3,
ATT202501010049,STU010049,SCH011,2025-01-01,2,2,
ATT202501010050,STU010050,SCH021,2025-01-01,1,1,
ATT202501010051,STU010051,SCH038,2025-01-01,3,3,
ATT202501010052,STU010052,SCH021,2025-01-01,3,3,
ATT202501010053,STU010053,SCH037,2025-01-01,3,3,
ATT202501010054,STU010054,SCH050,2025-01-01,2,2,
ATT202501010055,STU010055,SCH040,2025-01-01,1,1,
ATT202501010056,STU010056,SCH047,2025-01-01,2,2,
ATT202501010057,STU010057,SCH037,2025-01-01,2,2,
ATT202501010058,STU010058,SCH007,2025-01-01,2,2,
ATT202501010059,STU010059,SCH021,2025-01-01,2,2,
ATT202501010060,STU010060,SCH022,2025-01-01,2,2,
ATT202501010061,STU010061,SCH028,2025-01-01,2,2,
ATT202501010063,STU010063,SCH039,2025-01-01,2,2,
ATT202501010064,STU010064,SCH020,2025-01-01,2,2,
ATT202501010066,STU010066,SCH046,2025-01-01,1,1,
ATT202501010067,STU010067,SCH004,2025-01-01,1,1,
ATT202501010068,STU010068,SCH041,2025-01-01,3,3,
ATT202501010069,STU010069,SCH020,2025-01-01,1,1,
ATT202501010070,STU010070,SCH016,2025-01-01,1,1,
ATT202501010071,STU010071,SCH021,2025-01-01,2,2,
ATT202501010072,STU010072,SCH040,2025-01-01,2,2,
ATT202501010073,STU010073,SCH011,2025-01-01,1,1,
ATT202501010074,STU010074,SCH044,2025-01-01,2,2,
ATT202501010075,STU010075,SCH035,2025-01-01,3,3,
ATT202501010076,STU010076,SCH004,2025-01-01,2,2,
ATT202501010077,STU010077,SCH007,2025-01-01,1,1,
ATT202501010078,STU010078,SCH023,2025-01-01,1,1,
ATT202501010079,STU010079,SCH032,2025-01-01,3,3,
ATT202501010080,STU010080,SCH048,2025-01-01,3,3,
ATT202501010081,STU010081,SCH030,2025-01-01,1,1,
ATT202501010082,STU010082,SCH043,2025-01-01,1,1,
ATT202501010083,STU010083,SCH048,2025-01-01,1,1,
ATT202501010085,STU010085,SCH004,2025-01-01,2,2,
ATT202501010086,STU010086,SCH037,2025-01-01,3,3,
ATT202501010087,STU010087,SCH032,2025-01-01,3,3,
ATT202501010088,STU010088,SCH016,2025-01-01,3,3,
ATT202501010089,STU010089,SCH026,2025-01-01,1,1,
ATT202501010091,STU010091,SCH031,2025-01-01,2,2,
ATT202501010092,STU010092,SCH025,2025-01-01,1,1,
ATT202501010093,STU010093,SCH049,2025-01-01,1,1,
ATT202501010094,STU010094,SCH007,2025-01-01,1,1,
ATT202501010095,STU010095,SCH028,2025-01-01,1,1,
ATT202501010096,STU010096,SCH029,2025-01-01,2,2,
ATT202501010097,STU010097,SCH046,2025-01-01,2,2,
ATT202501010098,STU010098,SCH050,2025-01-01,1,1,
ATT202501010099,STU010099,SCH020,2025-01-01,1,1,
ATT202501010100,STU010100,SCH019,2025-01-01,2,2,
ATT202501010101,STU010101,SCH029,2025-01-01,1,1,
ATT202501010102,STU010102,SCH043,2025-01-01,1,1,
ATT202501010104,STU010104,SCH031,2025-01-01,1,1,
ATT202501010105,STU010105,SCH013,2025-01-01,2,2,
ATT202501010106,STU010106,SCH023,2025-01-01,2,2,
ATT202501010107,STU010107,SCH019,2025-01-01,3,3,
ATT202501010108,STU010108,SCH043,2025-01-01,3,3,
ATT202501010109,STU010109,SCH005,2025-01-01,2,2,
ATT202501010110,STU010110,SCH026,2025-01-01,1,1,
ATT202501010111,STU010111,SCH043,2025-01-01,3,3,
ATT202501010112,STU010112,SCH017,2025-01-01,2,2,
ATT202501010113,STU010113,SCH043,2025-01-01,3,3,
ATT202501010114,STU010114,SCH030,2025-01-01,3,3,
ATT202501010115,STU010115,SCH007,2025-01-01,1,1,
ATT202501010116,STU010116,SCH046,2025-01-01,3,3,
ATT202501010117,STU010117,SCH032,2025-01-01,1,1,
ATT202501010118,STU010118,SCH023,2025-01-01,2,2,
ATT202501010119,STU010119,SCH010,2025-01-01,3,2,Illness
ATT202501010120,STU010120,SCH014,2025-01-01,2,2,
ATT202501010121,STU010121,SCH026,2025-01-01,1,1,
ATT202501010122,STU010122,SCH044,2025-01-01,2,2,
ATT202501010123,STU010123,SCH018,2025-01-01,1,1,
ATT202501010124,STU010124,SCH049,2025-01-01,2,2,
ATT202501010125,STU010125,SCH010,2025-01-01,2,2,
ATT202501010126,STU010126,SCH037,2025-01-01,3,3,
ATT202501010127,STU010127,SCH035,2025-01-01,1,1,
ATT202501010128,STU010128,SCH010,2025-01-01,1,1,
ATT202501010129,STU010129,SCH003,2025-01-01,1,1,
ATT202501010130,STU010130,SCH035,2025-01-01,1,1,
ATT202501010131,STU010131,SCH015,2025-01-01,3,3,
ATT202501010132,STU010132,SCH043,2025-01-01,1,1,
ATT202501010133,STU010133,SCH036,2025-01-01,1,1,
ATT202501010134,STU010134,SCH010,2025-01-01,3,3,
ATT202501010135,STU010135,SCH039,2025-01-01,2,2,
ATT202501010137,STU010137,SCH002,2025-01-01,3,2,Other
ATT202501010138,STU010138,SCH041,2025-01-01,3,3,
ATT202501010139,STU010139,SCH008,2025-01-01,2,2,
ATT202501010140,STU010140,SCH034,2025-01-01,1,1,
ATT202501010142,STU010142,SCH046,2025-01-01,1,1,
ATT202501010143,STU010143,SCH021,2025-01-01,3,3,
ATT202501010144,STU010144,SCH004,2025-01-01,3,3,
ATT202501010145,STU010145,SCH019,2025-01-01,2,2,
ATT202501010146,STU010146,SCH010,2025-01-01,1,1,
ATT202501010147,STU010147,SCH046,2025-01-01,2,2,
ATT202501010148,STU010148,SCH046,2025-01-01,1,1,
ATT202501010149,STU010149,SCH012,2025-01-01,1,1,
ATT202501010150,STU010150,SCH031,2025-01-01,1,1,
ATT202501010151,STU010151,SCH015,2025-01-01,1,1,
ATT202501010152,STU010152,SCH007,2025-01-01,1,1,
ATT202501010153,STU010153,SCH021,2025-01-01,3,3,
ATT202501010154,STU010154,SCH025,2025-01-01,1,1,
ATT202501010155,STU010155,SCH034,2025-01-01,3,3,
ATT202501010156,STU010156,SCH012,2025-01-01,3,3,
ATT202501010157,STU010157,SCH037,2025-01-01,3,3,
ATT202501010158,STU010158,SCH020,2025-01-01,1,1,
ATT202501010159,STU010159,SCH035,2025-01-01,3,3,
ATT202501010160,STU010160,SCH025,2025-01-01,2,2,
ATT202501010161,STU010161,SCH035,2025-01-01,3,3,
ATT202501010162,STU010162,SCH019,2025-01-01,2,2,
ATT202501010163,STU010163,SCH001,2025-01-01,3,2,Other
ATT202501010164,STU010164,SCH031,2025-01-01,3,3,
ATT202501010165,STU010165,SCH039,2025-01-01,3,3,
ATT202501010167,STU010167,SCH003,2025-01-01,2,2,
ATT202501010168,STU010168,SCH047,2025-01-01,2,2,
ATT202501010169,STU010169,SCH005,2025-01-01,2,2,
ATT202501010170,STU010170,SCH047,2025-01-01,2,2,
ATT202501010171,STU010171,SCH049,2025-01-01,2,2,
ATT202501010172,STU010172,SCH014,2025-01-01,3,3,
ATT202501010173,STU010173,SCH029,2025-01-01,1,1,
ATT202501010174,STU010174,SCH019,2025-01-01,3,3,
ATT202501010175,STU010175,SCH010,2025-01-01,2,2,
ATT202501010176,STU010176,SCH006,2025-01-01,2,2,
ATT202501010177,STU010177,SCH009,2025-01-01,1,1,
ATT202501010178,STU010178,SCH047,2025-01-01,1,1,
ATT202501010179,STU010179,SCH031,2025-01-01,2,2,
ATT202501010180,STU010180,SCH028,2025-01-01,2,2,
ATT202501010181,STU010181,SCH041,2025-01-01,3,3,
ATT202501010182,STU010182,SCH025,2025-01-01,2,2,
ATT202501010183,STU010183,SCH014,2025-01-01,1,1,
ATT202501010184,STU010184,SCH014,2025-01-01,1,1,
ATT202501010185,STU010185,SCH043,2025-01-01,1,1,
ATT202501010186,STU010186,SCH031,2025-01-01,1,1,
ATT202501010187,STU010187,SCH046,2025-01-01,3,3,
ATT202501010188,STU010188,SCH021,2025-01-01,1,1,
ATT202501010189,STU010189,SCH018,2025-01-01,2,2,
ATT202501010191,STU010191,SCH025,2025-01-01,2,2,
ATT202501010192,STU010192,SCH003,2025-01-01,2,2,
ATT202501010193,STU010193,SCH007,2025-01-01,2,2,
ATT202501010194,STU010194,SCH031,2025-01-01,2,2,
ATT202501010195,STU010195,SCH035,2025-01-01,3,3,
ATT202501010196,STU010196,SCH010,2025-01-01,3,3,
ATT202501010197,STU010197,SCH020,2025-01-01,2,2,
ATT202501010198,STU010198,SCH037,2025-01-01,3,3,
ATT202501010199,STU010199,SCH018,2025-01-01,1,1,
ATT202501010200,STU010200,SCH047,2025-01-01,3,3,
ATT202501010201,STU010201,SCH004,2025-01-01,2,2,
ATT202501010202,STU010202,SCH011,2025-01-01,2,2,
ATT202501010203,STU010203,SCH039,2025-01-01,1,1,
ATT202501010204,STU010204,SCH038,2025-01-01,1,1,
ATT202501010205,STU010205,SCH043,2025-01-01,1,1,
ATT202501010206,STU010206,SCH016,2025-01-01,2,2,
ATT202501010207,STU010207,SCH031,2025-01-01,3,3,
ATT202501010208,STU010208,SCH027,2025-01-01,2,2,
ATT202501010209,STU010209,SCH043,2025-01-01,1,1,
ATT202501010210,STU010210,SCH045,2025-01-01,1,1,
ATT202501010211,STU010211,SCH005,2025-01-01,3,3,
ATT202501010212,STU010212,SCH021,2025-01-01,2,2,
ATT202501010213,STU010213,SCH036,2025-01-01,2,2,
ATT202501010214,STU010214,SCH015,2025-01-01,3,3,
ATT202501010215,STU010215,SCH011,2025-01-01,1,1,
ATT202501010216,STU010216,SCH031,2025-01-01,2,2,
ATT202501010217,STU010217,SCH048,2025-01-01,2,2,
ATT202501010218,STU010218,SCH028,2025-01-01,1,1,
ATT202501010219,STU010219,SCH019,2025-01-01,1,1,
ATT202501010220,STU010220,SCH004,2025-01-01,2,2,
ATT202501010221,STU010221,SCH014,2025-01-01,1,1,
ATT202501010222,STU010222,SCH046,2025-01-01,2,2,
ATT202501010223,STU010223,SCH021,2025-01-01,1,1,
ATT202501010224,STU010224,SCH010,2025-01-01,3,3,
ATT202501010225,STU010225,SCH031,2025-01-01,1,1,
ATT202501010226,STU010226,SCH011,2025-01-01,2,2,
ATT202501010227,STU010227,SCH029,2025-01-01,1,1,
ATT202501010228,STU010228,SCH024,2025-01-01,3,3,
ATT202501010229,STU010229,SCH046,2025-01-01,2,2,
ATT202501010230,STU010230,SCH020,2025-01-01,1,1,
ATT202501010231,STU010231,SCH031,2025-01-01,1,1,
ATT202501010232,STU010232,SCH037,2025-01-01,1,1,
ATT202501010233,STU010233,SCH010,2025-01-01,1,1,
ATT202501010234,STU010234,SCH040,2025-01-01,2,2,
ATT202501010235,STU010235,SCH036,2025-01-01,3,3,
ATT202501010236,STU010236,SCH042,2025-01-01,3,3,
ATT202501010237,STU010237,SCH014,2025-01-01,3,3,
ATT202501010238,STU010238,SCH003,2025-01-01,1,1,
ATT202501010240,STU010240,SCH021,2025-01-01,2,2,
ATT202501010241,STU010241,SCH030,2025-01-01,2,2,
ATT202501010242,STU010242,SCH011,2025-01-01,1,1,
ATT202501010243,STU010243,SCH039,2025-01-01,2,2,
ATT202501010244,STU010244,SCH018,2025-01-01,3,3,
ATT202501010245,STU010245,SCH021,2025-01-01,2,2,
ATT202501010246,STU010246,SCH006,2025-01-01,2,2,
ATT202501010247,STU010247,SCH016,2025-01-01,1,1,
ATT202501010248,STU010248,SCH025,2025-01-01,1,1,
ATT202501010249,STU010249,SCH030,2025-01-01,1,1,
ATT202501010250,STU010250,SCH044,2025-01-01,1,1,
ATT202501010251,STU010251,SCH041,2025-01-01,3,3,
ATT202501010252,STU010252,SCH036,2025-01-01,3,3,
ATT202501010253,STU010253,SCH012,2025-01-01,1,1,
ATT202501010254,STU010254,SCH004,2025-01-01,1,1,
ATT202501010255,STU010255,SCH027,2025-01-01,1,1,
ATT202501010256,STU010256,SCH041,2025-01-01,1,1,
ATT202501010257,STU010257,SCH005,2025-01-01,1,1,
ATT202501010259,STU010259,SCH003,2025-01-01,3,3,
ATT202501010260,STU010260,SCH029,2025-01-01,2,2,
ATT202501010261,STU010261,SCH031,2025-01-01,2,2,
ATT202501010262,STU010262,SCH050,2025-01-01,1,1,
ATT202501010263,STU010263,SCH005,2025-01-01,2,2,
ATT202501010264,STU010264,SCH026,2025-01-01,3,3,
ATT202501010265,STU010265,SCH006,2025-01-01,2,2,
ATT202501010266,STU010266,SCH022,2025-01-01,1,1,
ATT202501010267,STU010267,SCH010,2025-01-01,3,3,
ATT202501010268,STU010268,SCH032,2025-01-01,1,1,
ATT202501010269,STU010269,SCH027,2025-01-01,1,1,
ATT202501010270,STU010270,SCH021,2025-01-01,2,2,
ATT202501010271,STU010271,SCH018,2025-01-01,3,3,
ATT202501010272,STU010272,SCH007,2025-01-01,2,2,
ATT202501010273,STU010273,SCH041,2025-01-01,2,2,
ATT202501010274,STU010274,SCH046,2025-01-01,3,3,
ATT202501010275,STU010275,SCH005,2025-01-01,3,3,
ATT202501010276,STU010276,SCH046,2025-01-01,3,3,
ATT202501010277,STU010277,SCH010,2025-01-01,1,1,
ATT202501010278,STU010278,SCH017,2025-01-01,2,2,
ATT202501010279,STU010279,SCH029,2025-01-01,2,2,
ATT202501010280,STU010280,SCH001,2025-01-01,1,1,
ATT202501010281,STU010281,SCH033,2025-01-01,1,1,
ATT202501010282,STU010282,SCH031,2025-01-01,2,2,
ATT202501010283,STU010283,SCH003,2025-01-01,3,3,
ATT202501010284,STU010284,SCH031,2025-01-01,1,1,
ATT202501010285,STU010285,SCH007,2025-01-01,3,3,
ATT202501010286,STU010286,SCH010,2025-01-01,2,2,
ATT202501010287,STU010287,SCH028,2025-01-01,3,3,
ATT202501010288,STU010288,SCH008,2025-01-01,1,1,
ATT202501010289,STU010289,SCH020,2025-01-01,3,3,
ATT202501010290,STU010290,SCH045,2025-01-01,2,2,
ATT202501010291,STU010291,SCH010,2025-01-01,3,3,
ATT202501010292,STU010292,SCH031,2025-01-01,1,1,
ATT202501010293,STU010293,SCH047,2025-01-01,2,2,
ATT202501010294,STU010294,SCH015,2025-01-01,3,3,
ATT202501010295,STU010295,SCH004,2025-01-01,3,3,
ATT202501010296,STU010296,SCH021,2025-01-01,2,2,
ATT202501010297,STU010297,SCH031,2025-01-01,3,3,
ATT202501010298,STU010298,SCH045,2025-01-01,1,1,
ATT202501010299,STU010299,SCH031,2025-01-01,3,3,
ATT202501010300,STU010300,SCH044,2025-01-01,2,2,
ATT202501010301,STU010301,SCH045,2025-01-01,3,3,
ATT202501010302,STU010302,SCH031,2025-01-01,2,2,
ATT202501010303,STU010303,SCH013,2025-01-01,2,2,
ATT202501010304,STU010304,SCH016,2025-01-01,1,1,
ATT202501010305,STU010305,SCH035,2025-01-01,3,3,
ATT202501010306,STU010306,SCH010,2025-01-01,3,3,
ATT202501010307,STU010307,SCH025,2025-01-01,1,1,
ATT202501010308,STU010308,SCH049,2025-01-01,3,3,
ATT202501010309,STU010309,SCH037,2025-01-01,1,1,
ATT202501010310,STU010310,SCH031,2025-01-01,1,1,
ATT202501010311,STU010311,SCH031,2025-01-01,1,1,
ATT202501010312,STU010312,SCH021,2025-01-01,2,2,
ATT202501010313,STU010313,SCH044,2025-01-01,2,2,
ATT202501010314,STU010314,SCH006,2025-01-01,2,2,
ATT202501010315,STU010315,SCH031,2025-01-01,1,1,
ATT202501010316,STU010316,SCH040,2025-01-01,2,2,
ATT202501010317,STU010317,SCH033,2025-01-01,3,3,
ATT202501010318,STU010318,SCH035,2025-01-01,2,2,
ATT202501010319,STU010319,SCH003,2025-01-01,3,3,
ATT202501010320,STU010320,SCH040,2025-01-01,1,1,
ATT202501010321,STU010321,SCH019,2025-01-01,2,2,
ATT202501010322,STU010322,SCH035,2025-01-01,3,3,
ATT202501010323,STU010323,SCH021,2025-01-01,3,3,
ATT202501010324,STU010324,SCH035,2025-01-01,2,2,
ATT202501010325,STU010325,SCH004,2025-01-01,1,1,
ATT202501010326,STU010326,SCH014,2025-01-01,1,1,
ATT202501010327,STU010327,SCH010,2025-01-01,2,2,
ATT202501010328,STU010328,SCH027,2025-01-01,3,3,
ATT202501010329,STU010329,SCH044,2025-01-01,2,2,
ATT202501010330,STU010330,SCH044,2025-01-01,1,1,
ATT202501010331,STU010331,SCH008,2025-01-01,3,3,
ATT202501010332,STU010332,SCH046,2025-01-01,3,3,
ATT202501010333,STU010333,SCH007,2025-01-01,1,1,
ATT202501010334,STU010334,SCH011,2025-01-01,3,3,
ATT202501010335,STU010335,SCH019,2025-01-01,1,1,
ATT202501010336,STU010336,SCH014,2025-01-01,3,3,
ATT202501010337,STU010337,SCH031,2025-01-01,2,2,
ATT202501010338,STU010338,SCH037,2025-01-01,3,3,
ATT202501010339,STU010339,SCH041,2025-01-01,3,3,
ATT202501010340,STU010340,SCH021,2025-01-01,1,1,
ATT202501010341,STU010341,SCH042,2025-01-01,3,3,
ATT202501010342,STU010342,SCH045,2025-01-01,2,2,
ATT202501010343,STU010343,SCH023,2025-01-01,2,2,
ATT202501010344,STU010344,SCH035,2025-01-01,2,2,
ATT202501010345,STU010345,SCH046,2025-01-01,1,1,
ATT202501010346,STU010346,SCH046,2025-01-01,1,1,
ATT202501010347,STU010347,SCH034,2025-01-01,1,1,
ATT202501010348,STU010348,SCH037,2025-01-01,1,1,
ATT202501010349,STU010349,SCH036,2025-01-01,3,3,
ATT202501010350,STU010350,SCH007,2025-01-01,1,1,
ATT202501010351,STU010351,SCH010,2025-01-01,3,2,Other
ATT202501010352,STU010352,SCH036,2025-01-01,2,2,
ATT202501010353,STU010353,SCH032,2025-01-01,1,1,
ATT202501010354,STU010354,SCH046,2025-01-01,3,3,
ATT202501010355,STU010355,SCH004,2025-01-01,1,1,
ATT202501010356,STU010356,SCH010,2025-01-01,1,1,
ATT202501010357,STU010357,SCH003,2025-01-01,3,3,
ATT202501010358,STU010358,SCH010,2025-01-01,1,1,
ATT202501010359,STU010359,SCH021,2025-01-01,1,1,
ATT202501010360,STU010360,SCH013,2025-01-01,1,1,
ATT202501010361,STU010361,SCH028,2025-01-01,1,1,
ATT202501010362,STU010362,SCH014,2025-01-01,3,3,
ATT202501010363,STU010363,SCH031,2025-01-01,1,1,
ATT202501010364,STU010364,SCH003,2025-01-01,2,2,
ATT202501010365,STU010365,SCH026,2025-01-01,2,2,
ATT202501010366,STU010366,SCH015,2025-01-01,2,2,
ATT202501010367,STU010367,SCH030,2025-01-01,1,1,
ATT202501010368,STU010368,SCH011,2025-01-01,3,3,
ATT202501010369,STU010369,SCH026,2025-01-01,3,3,
ATT202501010370,STU010370,SCH025,2025-01-01,2,2,
ATT202501010371,STU010371,SCH006,2025-01-01,1,1,
ATT202501010372,STU010372,SCH036,2025-01-01,2,2,
ATT202501010373,STU010373,SCH013,2025-01-01,3,3,
ATT202501010374,STU010374,SCH043,2025-01-01,1,1,
ATT202501010375,STU010375,SCH047,2025-01-01,3,3,
ATT202501010376,STU010376,SCH031,2025-01-01,2,2,
ATT202501010377,STU010377,SCH021,2025-01-01,1,1,
ATT202501010378,STU010378,SCH046,2025-01-01,3,3,
ATT202501010379,STU010379,SCH026,2025-01-01,2,2,
ATT202501010380,STU010380,SCH011,2025-01-01,3,3,
ATT202501010381,STU010381,SCH013,2025-01-01,1,1,
ATT202501010382,STU010382,SCH050,2025-01-01,3,3,
ATT202501010383,STU010383,SCH025,2025-01-01,2,2,
ATT202501010384,STU010384,SCH039,2025-01-01,2,2,
ATT202501010385,STU010385,SCH050,2025-01-01,3,3,
ATT202501010386,STU010386,SCH032,2025-01-01,2,2,
ATT202501010387,STU010387,SCH039,2025-01-01,1,1,
ATT202501010388,STU010388,SCH044,2025-01-01,1,1,
ATT202501010389,STU010389,SCH026,2025-01-01,3,3,
ATT202501010390,STU010390,SCH024,2025-01-01,3,3,
ATT202501010391,STU010391,SCH033,2025-01-01,3,3,
ATT202501010392,STU010392,SCH007,2025-01-01,2,2,
ATT202501010393,STU010393,SCH047,2025-01-01,2,2,
ATT202501010394,STU010394,SCH031,2025-01-01,3,3,
ATT202501010395,STU010395,SCH031,2025-01-01,1,1,
ATT202501010396,STU010396,SCH031,2025-01-01,2,2,
ATT202501010397,STU010397,SCH045,2025-01-01,1,1,
ATT202501010398,STU010398,SCH045,2025-01-01,2,2,
ATT202501010399,STU010399,SCH018,2025-01-01,3,3,
ATT202501010400,STU010400,SCH022,2025-01-01,2,2,
ATT202501010401,STU010401,SCH041,2025-01-01,1,1,
ATT202501010402,STU010402,SCH032,2025-01-01,2,2,
ATT202501010403,STU010403,SCH006,2025-01-01,2,2,
ATT202501010404,STU010404,SCH043,2025-01-01,2,2,
ATT202501010405,STU010405,SCH049,2025-01-01,2,2,
ATT202501010406,STU010406,SCH040,2025-01-01,1,1,
ATT202501010407,STU010407,SCH026,2025-01-01,2,2,
ATT202501010408,STU010408,SCH027,2025-01-01,2,2,
ATT202501010409,STU010409,SCH026,2025-01-01,1,1,
ATT202501010410,STU010410,SCH021,2025-01-01,3,3,
ATT202501010411,STU010411,SCH020,2025-01-01,2,2,
ATT202501010412,STU010412,SCH018,2025-01-01,2,2,
ATT202501010413,STU010413,SCH017,2025-01-01,3,2,Illness
ATT202501010414,STU010414,SCH031,2025-01-01,3,3,
ATT202501010415,STU010415,SCH021,2025-01-01,3,3,
ATT202501010416,STU010416,SCH038,2025-01-01,2,2,
ATT202501010417,STU010417,SCH015,2025-01-01,3,3,
ATT202501010418,STU010418,SCH024,2025-01-01,3,2,Medical
ATT202501010419,STU010419,SCH009,2025-01-01,1,1,
ATT202501010420,STU010420,SCH028,2025-01-01,1,1,
ATT202501010421,STU010421,SCH016,2025-01-01,2,2,
ATT202501010422,STU010422,SCH012,2025-01-01,3,2,Unauthorised
ATT202501010423,STU010423,SCH045,2025-01-01,2,2,
ATT202501010424,STU010424,SCH010,2025-01-01,3,3,
ATT202501010425,STU010425,SCH019,2025-01-01,3,3,
ATT202501010426,STU010426,SCH047,2025-01-01,3,3,
ATT202501010427,STU010427,SCH050,2025-01-01,1,1,
ATT202501010428,STU010428,SCH023,2025-01-01,2,2,
ATT202501010429,STU010429,SCH023,2025-01-01,2,2,
ATT202501010430,STU010430,SCH048,2025-01-01,3,3,
ATT202501010431,STU010431,SCH025,2025-01-01,1,1,
ATT202501010432,STU010432,SCH044,2025-01-01,3,3,
ATT202501010433,STU010433,SCH010,2025-01-01,1,1,
ATT202501010434,STU010434,SCH047,2025-01-01,1,1,
ATT202501010435,STU010435,SCH004,2025-01-01,2,2,
ATT202501010436,STU010436,SCH021,2025-01-01,2,2,
ATT202501010437,STU010437,SCH048,2025-01-01,3,3,
ATT202501010438,STU010438,SCH046,2025-01-01,3,3,
ATT202501010439,STU010439,SCH043,2025-01-01,1,1,
ATT202501010440,STU010440,SCH009,2025-01-01,2,2,
ATT202501010441,STU010441,SCH020,2025-01-01,1,1,
ATT202501010442,STU010442,SCH030,2025-01-01,3,3,
ATT202501010443,STU010443,SCH045,2025-01-01,3,3,
ATT202501010444,STU010444,SCH033,2025-01-01,2,2,
ATT202501010445,STU010445,SCH021,2025-01-01,2,2,
ATT202501010446,STU010446,SCH031,2025-01-01,1,1,
ATT202501010447,STU010447,SCH031,2025-01-01,2,2,
ATT202501010448,STU010448,SCH010,2025-01-01,1,1,
ATT202501010449,STU010449,SCH031,2025-01-01,3,3,
ATT202501010450,STU010450,SCH005,2025-01-01,3,3,
ATT202501010451,STU010451,SCH050,2025-01-01,2,2,
ATT202501010452,STU010452,SCH002,2025-01-01,2,2,
ATT202501010453,STU010453,SCH037,2025-01-01,2,2,
ATT202501010454,STU010454,SCH048,2025-01-01,3,3,
ATT202501010455,STU010455,SCH023,2025-01-01,2,2,
ATT202501010456,STU010456,SCH006,2025-01-01,1,1,
ATT202501010457,STU010457,SCH012,2025-01-01,2,2,
ATT202501010458,STU010458,SCH044,2025-01-01,3,3,
ATT202501010459,STU010459,SCH037,2025-01-01,1,1,
ATT202501010460,STU010460,SCH007,2025-01-01,2,2,
ATT202501010461,STU010461,SCH048,2025-01-01,3,3,
ATT202501010462,STU010462,SCH016,2025-01-01,2,2,
ATT202501010463,STU010463,SCH013,2025-01-01,3,3,
ATT202501010464,STU010464,SCH031,2025-01-01,2,2,
ATT202501010465,STU010465,SCH043,2025-01-01,3,3,
ATT202501010466,STU010466,SCH047,2025-01-01,3,3,
ATT202501010467,STU010467,SCH016,2025-01-01,1,1,
ATT202501010468,STU010468,SCH004,2025-01-01,3,3,
ATT202501010469,STU010469,SCH036,2025-01-01,1,1,
ATT202501010470,STU010470,SCH021,2025-01-01,2,2,
ATT202501010471,STU010471,SCH033,2025-01-01,1,1,
ATT202501010472,STU010472,SCH039,2025-01-01,2,2,
ATT202501010473,STU010473,SCH016,2025-01-01,1,1,
ATT202501010474,STU010474,SCH010,2025-01-01,2,2,
ATT202501010475,STU010475,SCH047,2025-01-01,3,3,
ATT202501010476,STU010476,SCH020,2025-01-01,1,1,
ATT202501010477,STU010477,SCH038,2025-01-01,1,1,
ATT202501010478,STU010478,SCH035,2025-01-01,2,2,
ATT202501010479,STU010479,SCH004,2025-01-01,1,1,
ATT202501010480,STU010480,SCH046,2025-01-01,1,1,
ATT202501010481,STU010481,SCH027,2025-01-01,1,1,
ATT202501010482,STU010482,SCH009,2025-01-01,3,3,
ATT202501010483,STU010483,SCH030,2025-01-01,3,3,
ATT202501010484,STU010484,SCH017,2025-01-01,3,3,
ATT202501010485,STU010485,SCH018,2025-01-01,2,2,
ATT202501010486,STU010486,SCH018,2025-01-01,3,3,
ATT202501010487,STU010487,SCH013,2025-01-01,1,1,
ATT202501010488,STU010488,SCH046,2025-01-01,2,2,
ATT202501010489,STU010489,SCH010,2025-01-01,1,1,
ATT202501010490,STU010490,SCH046,2025-01-01,1,1,
ATT202501010491,STU010491,SCH006,2025-01-01,1,1,
ATT202501010492,STU010492,SCH047,2025-01-01,1,1,
ATT202501010493,STU010493,SCH048,2025-01-01,2,2,
ATT202501010494,STU010494,SCH035,2025-01-01,3,3,
ATT202501010495,STU010495,SCH032,2025-01-01,1,1,
ATT202501010496,STU010496,SCH008,2025-01-01,2,2,
ATT202501010497,STU010497,SCH010,2025-01-01,2,2,
ATT202501010498,STU010498,SCH009,2025-01-01,2,2,
ATT202501010499,STU010499,SCH031,2025-01-01,2,2,
ATT202501010500,STU010500,SCH020,2025-01-01,1,1,
ATT202501010501,STU010501,SCH019,2025-01-01,1,1,
ATT202501010502,STU010502,SCH027,2025-01-01,2,2,
ATT202501010503,STU010503,SCH013,2025-01-01,1,1,
ATT202501010504,STU010504,SCH010,2025-01-01,2,2,
ATT202501010505,STU010505,SCH001,2025-01-01,1,1,
ATT202501010506,STU010506,SCH006,2025-01-01,2,2,
ATT202501010507,STU010507,SCH040,2025-01-01,1,1,
ATT202501010508,STU010508,SCH037,2025-01-01,1,1,
ATT202501010509,STU010509,SCH010,2025-01-01,2,2,
ATT202501010510,STU010510,SCH030,2025-01-01,1,1,
ATT202501010511,STU010511,SCH016,2025-01-01,1,1,
ATT202501010512,STU010512,SCH021,2025-01-01,3,3,
ATT202501010513,STU010513,SCH007,2025-01-01,1,1,
ATT202501010514,STU010514,SCH003,2025-01-01,1,1,
ATT202501010515,STU010515,SCH021,2025-01-01,3,3,
ATT202501010516,STU010516,SCH043,2025-01-01,1,1,
ATT202501010517,STU010517,SCH028,2025-01-01,3,3,
ATT202501010518,STU010518,SCH047,2025-01-01,1,1,
ATT202501010519,STU010519,SCH028,2025-01-01,1,1,
ATT202501010520,STU010520,SCH039,2025-01-01,3,3,
ATT202501010521,STU010521,SCH013,2025-01-01,3,3,
ATT202501010522,STU010522,SCH006,2025-01-01,3,3,
ATT202501010523,STU010523,SCH033,2025-01-01,3,3,
ATT202501010524,STU010524,SCH033,2025-01-01,3,3,
ATT202501010525,STU010525,SCH033,2025-01-01,2,2,
ATT202501010526,STU010526,SCH033,2025-01-01,2,2,
ATT202501010527,STU010527,SCH004,2025-01-01,3,3,
ATT202501010528,STU010528,SCH030,2025-01-01,2,2,
ATT202501010529,STU010529,SCH021,2025-01-01,1,1,
ATT202501010530,STU010530,SCH046,2025-01-01,1,1,
ATT202501010531,STU010531,SCH014,2025-01-01,1,1,
ATT202501010532,STU010532,SCH046,2025-01-01,1,1,
ATT202501010533,STU010533,SCH029,2025-01-01,1,1,
ATT202501010534,STU010534,SCH009,2025-01-01,1,1,
ATT202501010535,STU010535,SCH012,2025-01-01,3,3,
ATT202501010536,STU010536,SCH029,2025-01-01,2,2,
ATT202501010537,STU010537,SCH032,2025-01-01,1,1,
ATT202501010538,STU010538,SCH040,2025-01-01,2,2,
ATT202501010539,STU010539,SCH036,2025-01-01,2,2,
ATT202501010540,STU010540,SCH010,2025-01-01,1,1,
ATT202501010541,STU010541,SCH004,2025-01-01,3,3,
ATT202501010542,STU010542,SCH018,2025-01-01,1,1,
ATT202501010543,STU010543,SCH040,2025-01-01,2,2,
ATT202501010544,STU010544,SCH033,2025-01-01,1,1,
ATT202501010545,STU010545,SCH048,2025-01-01,1,1,
ATT202501010546,STU010546,SCH019,2025-01-01,1,1,
ATT202501010547,STU010547,SCH007,2025-01-01,2,2,
ATT202501010548,STU010548,SCH049,2025-01-01,2,2,
ATT202501010549,STU010549,SCH023,2025-01-01,3,3,
ATT202501010550,STU010550,SCH003,2025-01-01,3,3,
ATT202501010551,STU010551,SCH004,2025-01-01,2,2,
ATT202501010552,STU010552,SCH047,2025-01-01,1,1,
ATT202501010553,STU010553,SCH029,2025-01-01,3,3,
ATT202501010554,STU010554,SCH032,2025-01-01,1,1,
ATT202501010555,STU010555,SCH037,2025-01-01,1,1,
ATT202501010556,STU010556,SCH035,2025-01-01,3,3,
ATT202501010557,STU010557,SCH007,2025-01-01,2,2,
ATT202501010558,STU010558,SCH040,2025-01-01,1,1,
ATT202501010559,STU010559,SCH028,2025-01-01,2,2,
ATT202501010560,STU010560,SCH009,2025-01-01,1,1,
ATT202501010561,STU010561,SCH016,2025-01-01,3,3,
ATT202501010562,STU010562,SCH021,2025-01-01,3,3,
ATT202501010563,STU010563,SCH025,2025-01-01,3,3,
ATT202501010564,STU010564,SCH014,2025-01-01,2,2,
ATT202501010565,STU010565,SCH030,2025-01-01,2,2,
ATT202501010566,STU010566,SCH037,2025-01-01,1,1,
ATT202501010567,STU010567,SCH003,2025-01-01,2,2,
ATT202501010568,STU010568,SCH048,2025-01-01,1,1,
ATT202501010569,STU010569,SCH011,2025-01-01,3,3,
ATT202501010570,STU010570,SCH014,2025-01-01,2,2,
ATT202501010571,STU010571,SCH032,2025-01-01,3,3,
ATT202501010572,STU010572,SCH035,2025-01-01,3,3,
ATT202501010573,STU010573,SCH013,2025-01-01,2,2,
ATT202501010574,STU010574,SCH014,2025-01-01,1,1,
ATT202501010575,STU010575,SCH039,2025-01-01,3,3,
ATT202501010576,STU010576,SCH010,2025-01-01,1,1,
ATT202501010577,STU010577,SCH035,2025-01-01,2,2,
ATT202501010578,STU010578,SCH044,2025-01-01,1,1,
ATT202501010579,STU010579,SCH030,2025-01-01,2,2,
ATT202501010580,STU010580,SCH009,2025-01-01,2,2,
ATT202501010581,STU010581,SCH012,2025-01-01,3,3,
ATT202501010582,STU010582,SCH046,2025-01-01,2,2,
ATT202501010583,STU010583,SCH022,2025-01-01,2,2,
ATT202501010584,STU010584,SCH031,2025-01-01,2,2,
ATT202501010585,STU010585,SCH008,2025-01-01,2,2,
ATT202501010586,STU010586,SCH021,2025-01-01,2,2,
ATT202501010587,STU010587,SCH016,2025-01-01,2,2,
ATT202501010588,STU010588,SCH031,2025-01-01,3,3,
ATT202501010589,STU010589,SCH022,2025-01-01,1,1,
ATT202501010590,STU010590,SCH010,2025-01-01,3,3,
ATT202501010591,STU010591,SCH018,2025-01-01,1,1,
ATT202501010592,STU010592,SCH045,2025-01-01,2,2,
ATT202501010593,STU010593,SCH037,2025-01-01,3,3,
ATT202501010594,STU010594,SCH044,2025-01-01,1,1,
ATT202501010595,STU010595,SCH029,2025-01-01,2,2,
ATT202501010596,STU010596,SCH018,2025-01-01,3,3,
ATT202501010597,STU010597,SCH021,2025-01-01,1,1,
ATT202501010598,STU010598,SCH018,2025-01-01,1,1,
ATT202501010599,STU010599,SCH004,2025-01-01,1,1,
ATT202501010600,STU010600,SCH023,2025-01-01,2,2,
ATT202501010601,STU010601,SCH046,2025-01-01,2,2,
ATT202501010602,STU010602,SCH039,2025-01-01,3,3,
ATT202501010603,STU010603,SCH015,2025-01-01,1,1,
ATT202501010604,STU010604,SCH032,2025-01-01,2,2,
ATT202501010605,STU010605,SCH047,2025-01-01,3,3,
ATT202501010606,STU010606,SCH006,2025-01-01,3,3,
ATT202501010607,STU010607,SCH021,2025-01-01,1,1,
ATT202501010608,STU010608,SCH030,2025-01-01,3,3,
ATT202501010609,STU010609,SCH039,2025-01-01,2,2,
ATT202501010610,STU010610,SCH041,2025-01-01,2,2,
ATT202501010611,STU010611,SCH019,2025-01-01,1,1,
ATT202501010612,STU010612,SCH010,2025-01-01,2,2,
ATT202501010613,STU010613,SCH044,2025-01-01,3,3,
ATT202501010614,STU010614,SCH039,2025-01-01,3,3,
ATT202501010615,STU010615,SCH036,2025-01-01,2,2,
ATT202501010616,STU010616,SCH006,2025-01-01,2,2,
ATT202501010617,STU010617,SCH047,2025-01-01,1,1,
ATT202501010618,STU010618,SCH019,2025-01-01,2,2,
ATT202501010619,STU010619,SCH005,2025-01-01,1,1,
ATT202501010620,STU010620,SCH025,2025-01-01,3,3,
ATT202501010621,STU010621,SCH014,2025-01-01,3,3,
ATT202501010622,STU010622,SCH009,2025-01-01,2,2,
ATT202501010623,STU010623,SCH044,2025-01-01,1,1,
ATT202501010624,STU010624,SCH010,2025-01-01,2,2,
ATT202501010625,STU010625,SCH010,2025-01-01,3,3,
ATT202501010626,STU010626,SCH042,2025-01-01,1,1,
ATT202501010627,STU010627,SCH027,2025-01-01,3,3,
ATT202501010628,STU010628,SCH027,2025-01-01,3,3,
ATT202501010629,STU010629,SCH030,2025-01-01,1,1,
ATT202501010630,STU010630,SCH033,2025-01-01,1,1,
ATT202501010631,STU010631,SCH044,2025-01-01,3,3,
ATT202501010632,STU010632,SCH031,2025-01-01,1,1,
ATT202501010633,STU010633,SCH016,2025-01-01,2,2,
ATT202501010634,STU010634,SCH027,2025-01-01,3,3,
ATT202501010635,STU010635,SCH007,2025-01-01,2,2,
ATT202501010636,STU010636,SCH020,2025-01-01,3,3,
ATT202501010637,STU010637,SCH050,2025-01-01,2,2,
ATT202501010638,STU010638,SCH026,2025-01-01,1,1,
ATT202501010639,STU010639,SCH046,2025-01-01,2,2,
ATT202501010640,STU010640,SCH007,2025-01-01,2,2,
ATT202501010641,STU010641,SCH020,2025-01-01,1,1,
ATT202501010642,STU010642,SCH006,2025-01-01,2,2,
ATT202501010643,STU010643,SCH026,2025-01-01,1,1,
ATT202501010644,STU010644,SCH018,2025-01-01,3,3,
ATT202501010645,STU010645,SCH021,2025-01-01,3,3,
ATT202501010646,STU010646,SCH016,2025-01-01,1,1,
ATT202501010647,STU010647,SCH023,2025-01-01,2,2,
ATT202501010648,STU010648,SCH019,2025-01-01,1,1,
ATT202501010649,STU010649,SCH045,2025-01-01,2,2,
ATT202501010650,STU010650,SCH035,2025-01-01,2,2,
ATT202501010651,STU010651,SCH027,2025-01-01,1,1,
ATT202501010652,STU010652,SCH035,2025-01-01,1,1,
ATT202501010653,STU010653,SCH045,2025-01-01,3,3,
ATT202501010654,STU010654,SCH039,2025-01-01,2,2,
ATT202501010655,STU010655,SCH023,2025-01-01,2,2,
ATT202501010656,STU010656,SCH021,2025-01-01,1,1,
ATT202501010657,STU010657,SCH037,2025-01-01,3,3,
ATT202501010658,STU010658,SCH020,2025-01-01,1,1,
ATT202501010659,STU010659,SCH041,2025-01-01,1,1,
ATT202501010660,STU010660,SCH026,2025-01-01,2,2,
ATT202501010661,STU010661,SCH046,2025-01-01,1,1,
ATT202501010662,STU010662,SCH021,2025-01-01,1,1,
ATT202501010663,STU010663,SCH035,2025-01-01,3,3,
ATT202501010664,STU010664,SCH021,2025-01-01,3,3,
ATT202501010665,STU010665,SCH033,2025-01-01,3,3,
ATT202501010666,STU010666,SCH034,2025-01-01,2,2,
ATT202501010667,STU010667,SCH029,2025-01-01,3,3,
ATT202501010668,STU010668,SCH010,2025-01-01,2,2,
ATT202501010669,STU010669,SCH031,2025-01-01,3,3,
ATT202501010670,STU010670,SCH039,2025-01-01,3,3,
ATT202501010671,STU010671,SCH007,2025-01-01,3,3,
ATT202501010672,STU010672,SCH014,2025-01-01,1,1,
ATT202501010673,STU010673,SCH044,2025-01-01,2,2,
ATT202501010674,STU010674,SCH010,2025-01-01,2,2,
ATT202501010675,STU010675,SCH040,2025-01-01,1,1,
ATT202501010676,STU010676,SCH036,2025-01-01,2,2,
ATT202501010677,STU010677,SCH028,2025-01-01,2,2,
ATT202501010678,STU010678,SCH021,2025-01-01,2,2,
ATT202501010679,STU010679,SCH016,2025-01-01,1,1,
ATT202501010680,STU010680,SCH027,2025-01-01,2,2,
ATT202501010681,STU010681,SCH013,2025-01-01,3,3,
ATT202501010682,STU010682,SCH006,2025-01-01,2,2,
ATT202501010683,STU010683,SCH041,2025-01-01,2,2,
ATT202501010684,STU010684,SCH039,2025-01-01,2,2,
ATT202501010685,STU010685,SCH042,2025-01-01,3,3,
ATT202501010686,STU010686,SCH015,2025-01-01,3,3,
ATT202501010687,STU010687,SCH045,2025-01-01,3,3,
ATT202501010688,STU010688,SCH032,2025-01-01,1,1,
ATT202501010689,STU010689,SCH031,2025-01-01,2,2,
ATT202501010690,STU010690,SCH004,2025-01-01,1,1,
ATT202501010691,STU010691,SCH046,2025-01-01,2,2,
ATT202501010692,STU010692,SCH025,2025-01-01,3,3,
ATT202501010693,STU010693,SCH018,2025-01-01,2,2,
ATT202501010694,STU010694,SCH046,2025-01-01,1,1,
ATT202501010695,STU010695,SCH030,2025-01-01,1,1,
ATT202501010696,STU010696,SCH043,2025-01-01,2,2,
ATT202501010697,STU010697,SCH031,2025-01-01,2,2,
ATT202501010698,STU010698,SCH045,2025-01-01,3,3,
ATT202501010699,STU010699,SCH046,2025-01-01,1,1,
ATT202501010700,STU010700,SCH043,2025-01-01,2,2,
ATT202501010701,STU010701,SCH038,2025-01-01,1,1,
ATT202501010702,STU010702,SCH049,2025-01-01,1,1,
ATT202501010703,STU010703,SCH023,2025-01-01,2,2,
ATT202501010704,STU010704,SCH028,2025-01-01,2,2,
ATT202501010705,STU010705,SCH048,2025-01-01,1,1,
ATT202501010706,STU010706,SCH027,2025-01-01,1,1,
ATT202501010707,STU010707,SCH033,2025-01-01,3,3,
ATT202501010708,STU010708,SCH019,2025-01-01,3,3,
ATT202501010709,STU010709,SCH005,2025-01-01,1,1,
ATT202501010710,STU010710,SCH010,2025-01-01,1,1,
ATT202501010711,STU010711,SCH027,2025-01-01,1,1,
ATT202501010712,STU010712,SCH015,2025-01-01,1,1,
ATT202501010713,STU010713,SCH038,2025-01-01,3,3,
ATT202501010714,STU010714,SCH046,2025-01-01,2,2,
ATT202501010715,STU010715,SCH014,2025-01-01,1,1,
ATT202501010716,STU010716,SCH031,2025-01-01,1,1,
ATT202501010717,STU010717,SCH047,2025-01-01,3,3,
ATT202501010718,STU010718,SCH043,2025-01-01,1,1,
ATT202501010719,STU010719,SCH050,2025-01-01,2,2,
ATT202501010720,STU010720,SCH010,2025-01-01,3,3,
ATT202501010721,STU010721,SCH041,2025-01-01,1,1,
ATT202501010722,STU010722,SCH018,2025-01-01,2,2,
ATT202501010723,STU010723,SCH014,2025-01-01,1,1,
ATT202501010724,STU010724,SCH018,2025-01-01,3,3,
ATT202501010725,STU010725,SCH041,2025-01-01,2,2,
