attendance_id,student_id,school_id,attendance_month,possible_days,attended_days,absence_reason
ATT202508000001,STU000001,SCH010,2025-08-01,20,17,Medical
ATT202508000002,STU000002,SCH021,2025-08-01,20,17,Family
ATT202508000003,STU000003,SCH002,2025-08-01,22,18,Medical
ATT202508000004,STU000004,SCH040,2025-08-01,22,19,Illness
ATT202508000005,STU000005,SCH043,2025-08-01,19,16,Family
ATT202508000006,STU000006,SCH047,2025-08-01,18,16,Medical
ATT202508000007,STU000007,SCH031,2025-08-01,20,18,Illness
ATT202508000009,STU000009,SCH001,2025-08-01,22,20,Other
ATT202508000010,STU000010,SCH043,2025-08-01,20,17,Other
ATT202508000011,STU000011,SCH023,2025-08-01,22,17,Unauthorised
ATT202508000012,STU000012,SCH020,2025-08-01,21,17,Illness
ATT202508000013,STU000013,SCH045,2025-08-01,21,18,Other
ATT202508000014,STU000014,SCH029,2025-08-01,22,18,Other
ATT202508000015,STU000015,SCH006,2025-08-01,22,20,Family
ATT202508000016,STU000016,SCH005,2025-08-01,21,19,Unauthorised
ATT202508000017,STU000017,SCH021,2025-08-01,18,12,Medical
ATT202508000018,STU000018,SCH008,2025-08-01,19,17,Other
ATT202508000019,STU000019,SCH005,2025-08-01,19,17,Other
ATT202508000020,STU000020,SCH031,2025-08-01,21,18,Medical
ATT202508000022,STU000022,SCH041,2025-08-01,20,17,Illness
ATT202508000023,STU000023,SCH027,2025-08-01,20,17,Unauthorised
ATT202508000024,STU000024,SCH032,2025-08-01,20,17,Medical
ATT202508000025,STU000025,SCH020,2025-08-01,20,16,Unauthorised
ATT202508000026,STU000026,SCH036,2025-08-01,21,18,Medical
ATT202508000027,STU000027,SCH023,2025-08-01,18,16,Unauthorised
ATT202508000028,STU000028,SCH005,2025-08-01,19,17,Unauthorised
ATT202508000030,STU000030,SCH028,2025-08-01,22,18,Medical
ATT202508000031,STU000031,SCH021,2025-08-01,21,18,Unauthorised
ATT202508000032,STU000032,SCH014,2025-08-01,20,15,Other
ATT202508000033,STU000033,SCH040,2025-08-01,22,20,Medical
ATT202508000034,STU000034,SCH009,2025-08-01,21,18,Unauthorised
ATT202508000035,STU000035,SCH014,2025-08-01,18,16,Illness
ATT202508000036,STU000036,SCH029,2025-08-01,18,15,Other
ATT202508000037,STU000037,SCH036,2025-08-01,22,18,Unauthorised
ATT202508000038,STU000038,SCH008,2025-08-01,19,16,Other
ATT202508000039,STU000039,SCH014,2025-08-01,20,16,Family
ATT202508000040,STU000040,SCH008,2025-08-01,22,19,Other
ATT202508000041,STU000041,SCH013,2025-08-01,21,19,Family
ATT202508000043,STU000043,SCH038,2025-08-01,22,19,Illness
ATT202508000045,STU000045,SCH009,2025-08-01,18,15,Other
ATT202508000046,STU000046,SCH045,2025-08-01,21,17,Unauthorised
ATT202508000047,STU000047,SCH029,2025-08-01,22,18,Illness
ATT202508000049,STU000049,SCH037,2025-08-01,18,15,Illness
ATT202508000050,STU000050,SCH027,2025-08-01,18,16,Medical
ATT202508000051,STU000051,SCH017,2025-08-01,22,18,Family
ATT202508000052,STU000052,SCH005,2025-08-01,18,15,Family
ATT202508000053,STU000053,SCH043,2025-08-01,20,16,Family
ATT202508000054,STU000054,SCH045,2025-08-01,19,16,Family
ATT202508000055,STU000055,SCH030,2025-08-01,19,16,Other
ATT202508000056,STU000056,SCH048,2025-08-01,19,17,Other
ATT202508000057,STU000057,SCH021,2025-08-01,21,17,Family
ATT202508000058,STU000058,SCH002,2025-08-01,18,14,Unauthorised
ATT202508000059,STU000059,SCH034,2025-08-01,18,15,Other
ATT202508000060,STU000060,SCH012,2025-08-01,22,20,Illness
ATT202508000061,STU000061,SCH009,2025-08-01,20,17,Unauthorised
ATT202508000062,STU000062,SCH018,2025-08-01,21,18,Other
ATT202508000064,STU000064,SCH029,2025-08-01,19,16,Illness
ATT202508000065,STU000065,SCH027,2025-08-01,19,17,Family
ATT202508000066,STU000066,SCH010,2025-08-01,18,16,Family
ATT202508000068,STU000068,SCH010,2025-08-01,19,17,Family
ATT202508000070,STU000070,SCH047,2025-08-01,19,16,Medical
ATT202508000071,STU000071,SCH005,2025-08-01,21,18,Family
ATT202508000072,STU000072,SCH001,2025-08-01,21,17,Family
ATT202508000074,STU000074,SCH004,2025-08-01,21,18,Unauthorised
ATT202508000075,STU000075,SCH025,2025-08-01,19,15,Family
ATT202508000076,STU000076,SCH045,2025-08-01,19,16,Illness
ATT202508000077,STU000077,SCH045,2025-08-01,20,16,Medical
ATT202508000079,STU000079,SCH004,2025-08-01,18,15,Unauthorised
ATT202508000080,STU000080,SCH019,2025-08-01,20,18,Illness
ATT202508000081,STU000081,SCH021,2025-08-01,18,14,Unauthorised
ATT202508000082,STU000082,SCH016,2025-08-01,22,20,Illness
ATT202508000083,STU000083,SCH038,2025-08-01,19,16,Unauthorised
ATT202508000084,STU000084,SCH003,2025-08-01,22,18,Illness
ATT202508000085,STU000085,SCH013,2025-08-01,18,15,Medical
ATT202508000086,STU000086,SCH035,2025-08-01,20,15,Other
ATT202508000087,STU000087,SCH041,2025-08-01,21,16,Illness
ATT202508000088,STU000088,SCH049,2025-08-01,19,16,Medical
ATT202508000089,STU000089,SCH043,2025-08-01,22,18,Medical
ATT202508000090,STU000090,SCH008,2025-08-01,21,18,Medical
ATT202508000091,STU000091,SCH042,2025-08-01,21,16,Medical
ATT202508000092,STU000092,SCH008,2025-08-01,20,17,Other
ATT202508000093,STU000093,SCH048,2025-08-01,18,15,Other
ATT202508000094,STU000094,SCH006,2025-08-01,19,15,Medical
ATT202508000095,STU000095,SCH012,2025-08-01,18,14,Family
ATT202508000096,STU000096,SCH017,2025-08-01,20,17,Other
ATT202508000097,STU000097,SCH022,2025-08-01,21,15,Medical
ATT202508000098,STU000098,SCH046,2025-08-01,22,19,Medical
ATT202508000102,STU000102,SCH037,2025-08-01,20,17,Unauthorised
ATT202508000103,STU000103,SCH006,2025-08-01,18,15,Other
ATT202508000104,STU000104,SCH019,2025-08-01,20,17,Illness
ATT202508000106,STU000106,SCH046,2025-08-01,19,17,Unauthorised
ATT202508000107,STU000107,SCH016,2025-08-01,18,15,Illness
ATT202508000108,STU000108,SCH045,2025-08-01,20,17,Medical
ATT202508000109,STU000109,SCH008,2025-08-01,20,16,Medical
ATT202508000110,STU000110,SCH019,2025-08-01,20,17,Unauthorised
ATT202508000112,STU000112,SCH036,2025-08-01,19,17,Illness
ATT202508000114,STU000114,SCH046,2025-08-01,20,17,Medical
ATT202508000115,STU000115,SCH029,2025-08-01,19,17,Medical
ATT202508000116,STU000116,SCH027,2025-08-01,18,15,Other
ATT202508000117,STU000117,SCH047,2025-08-01,21,18,Illness
ATT202508000118,STU000118,SCH012,2025-08-01,18,15,Illness
ATT202508000119,STU000119,SCH040,2025-08-01,21,18,Illness
ATT202508000121,STU000121,SCH002,2025-08-01,19,16,Illness
ATT202508000122,STU000122,SCH039,2025-08-01,22,18,Unauthorised
ATT202508000123,STU000123,SCH021,2025-08-01,20,16,Family
ATT202508000124,STU000124,SCH010,2025-08-01,21,19,Other
ATT202508000125,STU000125,SCH033,2025-08-01,19,16,Unauthorised
ATT202508000126,STU000126,SCH026,2025-08-01,20,18,Unauthorised
ATT202508000127,STU000127,SCH012,2025-08-01,21,19,Other
ATT202508000128,STU000128,SCH018,2025-08-01,19,17,Unauthorised
ATT202508000129,STU000129,SCH012,2025-08-01,21,16,Medical
ATT202508000130,STU000130,SCH032,2025-08-01,21,17,Family
ATT202508000131,STU000131,SCH030,2025-08-01,22,21,Family
ATT202508000132,STU000132,SCH013,2025-08-01,21,18,Unauthorised
ATT202508000134,STU000134,SCH010,2025-08-01,18,15,Unauthorised
ATT202508000135,STU000135,SCH027,2025-08-01,19,15,Family
ATT202508000136,STU000136,SCH020,2025-08-01,20,18,Illness
ATT202508000137,STU000137,SCH028,2025-08-01,22,18,Medical
ATT202508000138,STU000138,SCH025,2025-08-01,20,18,Medical
ATT202508000139,STU000139,SCH029,2025-08-01,20,17,Medical
ATT202508000141,STU000141,SCH010,2025-08-01,21,18,Illness
ATT202508000142,STU000142,SCH009,2025-08-01,19,17,Other
ATT202508000143,STU000143,SCH023,2025-08-01,18,15,Illness
ATT202508000144,STU000144,SCH019,2025-08-01,21,18,Unauthorised
ATT202508000145,STU000145,SCH035,2025-08-01,22,17,Other
ATT202508000148,STU000148,SCH021,2025-08-01,19,16,Other
ATT202508000149,STU000149,SCH015,2025-08-01,21,19,Medical
ATT202508000150,STU000150,SCH022,2025-08-01,19,14,Medical
ATT202508000151,STU000151,SCH043,2025-08-01,19,16,Unauthorised
ATT202508000152,STU000152,SCH011,2025-08-01,21,18,Family
ATT202508000153,STU000153,SCH045,2025-08-01,19,17,Illness
ATT202508000154,STU000154,SCH006,2025-08-01,21,19,Illness
ATT202508000155,STU000155,SCH044,2025-08-01,22,18,Other
ATT202508000156,STU000156,SCH018,2025-08-01,20,17,Unauthorised
ATT202508000157,STU000157,SCH013,2025-08-01,19,16,Medical
ATT202508000158,STU000158,SCH033,2025-08-01,18,16,Medical
ATT202508000160,STU000160,SCH009,2025-08-01,22,19,Other
ATT202508000161,STU000161,SCH026,2025-08-01,19,16,Other
ATT202508000162,STU000162,SCH027,2025-08-01,21,17,Unauthorised
ATT202508000164,STU000164,SCH018,2025-08-01,20,18,Unauthorised
ATT202508000165,STU000165,SCH045,2025-08-01,21,18,Family
ATT202508000166,STU000166,SCH047,2025-08-01,22,18,Unauthorised
ATT202508000167,STU000167,SCH033,2025-08-01,19,17,Illness
ATT202508000169,STU000169,SCH007,2025-08-01,18,14,Family
ATT202508000170,STU000170,SCH041,2025-08-01,19,15,Medical
ATT202508000171,STU000171,SCH031,2025-08-01,21,16,Family
ATT202508000172,STU000172,SCH023,2025-08-01,19,16,Illness
ATT202508000173,STU000173,SCH006,2025-08-01,18,15,Unauthorised
ATT202508000174,STU000174,SCH001,2025-08-01,18,14,Medical
ATT202508000175,STU000175,SCH021,2025-08-01,20,16,Unauthorised
ATT202508000176,STU000176,SCH031,2025-08-01,18,15,Other
ATT202508000177,STU000177,SCH036,2025-08-01,21,18,Illness
ATT202508000178,STU000178,SCH022,2025-08-01,18,14,Medical
ATT202508000179,STU000179,SCH007,2025-08-01,20,16,Medical
ATT202508000180,STU000180,SCH048,2025-08-01,18,16,Family
ATT202508000182,STU000182,SCH034,2025-08-01,18,13,Illness
ATT202508000183,STU000183,SCH013,2025-08-01,20,17,Unauthorised
ATT202508000184,STU000184,SCH032,2025-08-01,22,20,Medical
ATT202508000185,STU000185,SCH015,2025-08-01,21,18,Other
ATT202508000186,STU000186,SCH007,2025-08-01,21,18,Family
ATT202508000187,STU000187,SCH020,2025-08-01,20,19,Unauthorised
ATT202508000189,STU000189,SCH040,2025-08-01,21,17,Medical
ATT202508000190,STU000190,SCH008,2025-08-01,22,18,Unauthorised
ATT202508000191,STU000191,SCH008,2025-08-01,18,15,Illness
ATT202508000192,STU000192,SCH018,2025-08-01,19,15,Medical
ATT202508000193,STU000193,SCH031,2025-08-01,22,19,Family
ATT202508000196,STU000196,SCH005,2025-08-01,21,18,Medical
ATT202508000197,STU000197,SCH027,2025-08-01,21,18,Family
ATT202508000198,STU000198,SCH009,2025-08-01,22,20,Unauthorised
ATT202508000201,STU000201,SCH030,2025-08-01,22,20,Family
ATT202508000202,STU000202,SCH003,2025-08-01,21,17,Unauthorised
ATT202508000203,STU000203,SCH008,2025-08-01,22,18,Other
ATT202508000204,STU000204,SCH011,2025-08-01,20,17,Unauthorised
ATT202508000205,STU000205,SCH027,2025-08-01,22,20,Unauthorised
ATT202508000206,STU000206,SCH009,2025-08-01,20,17,Unauthorised
ATT202508000208,STU000208,SCH016,2025-08-01,22,20,Illness
ATT202508000209,STU000209,SCH011,2025-08-01,21,19,Illness
ATT202508000210,STU000210,SCH001,2025-08-01,19,16,Medical
ATT202508000211,STU000211,SCH040,2025-08-01,22,20,Illness
ATT202508000212,STU000212,SCH014,2025-08-01,18,15,Unauthorised
ATT202508000213,STU000213,SCH002,2025-08-01,18,14,Other
ATT202508000214,STU000214,SCH026,2025-08-01,20,18,Medical
ATT202508000215,STU000215,SCH017,2025-08-01,20,16,Unauthorised
ATT202508000216,STU000216,SCH012,2025-08-01,21,19,Other
ATT202508000217,STU000217,SCH001,2025-08-01,22,19,Unauthorised
ATT202508000218,STU000218,SCH037,2025-08-01,20,18,Illness
ATT202508000219,STU000219,SCH021,2025-08-01,18,15,Other
ATT202508000220,STU000220,SCH008,2025-08-01,18,16,Unauthorised
ATT202508000221,STU000221,SCH040,2025-08-01,20,16,Other
ATT202508000222,STU000222,SCH041,2025-08-01,20,18,Medical
ATT202508000223,STU000223,SCH021,2025-08-01,20,16,Other
ATT202508000224,STU000224,SCH008,2025-08-01,20,17,Other
ATT202508000225,STU000225,SCH030,2025-08-01,19,16,Medical
ATT202508000226,STU000226,SCH013,2025-08-01,20,18,Medical
ATT202508000227,STU000227,SCH043,2025-08-01,21,18,Family
ATT202508000228,STU000228,SCH003,2025-08-01,20,17,Illness
ATT202508000229,STU000229,SCH026,2025-08-01,18,16,Other
ATT202508000230,STU000230,SCH039,2025-08-01,20,18,Medical
ATT202508000231,STU000231,SCH009,2025-08-01,22,18,Illness
ATT202508000232,STU000232,SCH025,2025-08-01,21,17,Other
ATT202508000233,STU000233,SCH011,2025-08-01,18,16,Illness
ATT202508000234,STU000234,SCH021,2025-08-01,18,16,Family
ATT202508000235,STU000235,SCH005,2025-08-01,20,16,Other
ATT202508000236,STU000236,SCH022,2025-08-01,21,17,Medical
ATT202508000237,STU000237,SCH040,2025-08-01,19,15,Medical
ATT202508000238,STU000238,SCH018,2025-08-01,21,19,Medical
ATT202508000240,STU000240,SCH047,2025-08-01,20,16,Family
ATT202508000241,STU000241,SCH015,2025-08-01,19,17,Illness
ATT202508000242,STU000242,SCH005,2025-08-01,22,20,Family
ATT202508000243,STU000243,SCH006,2025-08-01,21,18,Illness
ATT202508000244,STU000244,SCH002,2025-08-01,19,17,Illness
ATT202508000245,STU000245,SCH038,2025-08-01,18,16,Illness
ATT202508000246,STU000246,SCH022,2025-08-01,22,17,Illness
ATT202508000247,STU000247,SCH021,2025-08-01,19,14,Unauthorised
ATT202508000248,STU000248,SCH039,2025-08-01,21,18,Illness
ATT202508000250,STU000250,SCH004,2025-08-01,18,16,Family
ATT202508000251,STU000251,SCH017,2025-08-01,22,17,Medical
ATT202508000252,STU000252,SCH047,2025-08-01,18,15,Medical
ATT202508000253,STU000253,SCH014,2025-08-01,18,14,Other
ATT202508000254,STU000254,SCH023,2025-08-01,22,17,Unauthorised
ATT202508000255,STU000255,SCH026,2025-08-01,20,19,Unauthorised
ATT202508000256,STU000256,SCH031,2025-08-01,20,14,Illness
ATT202508000257,STU000257,SCH046,2025-08-01,18,14,Family
ATT202508000259,STU000259,SCH012,2025-08-01,22,17,Family
ATT202508000260,STU000260,SCH010,2025-08-01,18,15,Unauthorised
ATT202508000261,STU000261,SCH010,2025-08-01,18,12,Illness
ATT202508000262,STU000262,SCH042,2025-08-01,18,14,Unauthorised
ATT202508000263,STU000263,SCH026,2025-08-01,19,16,Unauthorised
ATT202508000264,STU000264,SCH008,2025-08-01,22,19,Unauthorised
ATT202508000265,STU000265,SCH022,2025-08-01,20,15,Illness
ATT202508000266,STU000266,SCH040,2025-08-01,19,15,Family
ATT202508000268,STU000268,SCH008,2025-08-01,19,17,Illness
ATT202508000269,STU000269,SCH009,2025-08-01,22,18,Family
ATT202508000270,STU000270,SCH043,2025-08-01,20,16,Other
ATT202508000271,STU000271,SCH027,2025-08-01,21,18,Unauthorised
ATT202508000272,STU000272,SCH041,2025-08-01,18,14,Medical
ATT202508000273,STU000273,SCH031,2025-08-01,19,16,Other
ATT202508000274,STU000274,SCH034,2025-08-01,20,17,Illness
ATT202508000275,STU000275,SCH045,2025-08-01,22,19,Other
ATT202508000276,STU000276,SCH039,2025-08-01,21,17,Unauthorised
ATT202508000277,STU000277,SCH041,2025-08-01,18,14,Other
ATT202508000278,STU000278,SCH039,2025-08-01,21,18,Medical
ATT202508000279,STU000279,SCH028,2025-08-01,22,19,Illness
ATT202508000280,STU000280,SCH028,2025-08-01,21,18,Family
ATT202508000281,STU000281,SCH040,2025-08-01,18,14,Medical
ATT202508000282,STU000282,SCH001,2025-08-01,21,16,Illness
ATT202508000283,STU000283,SCH046,2025-08-01,20,17,Other
ATT202508000284,STU000284,SCH020,2025-08-01,20,17,Family
ATT202508000285,STU000285,SCH046,2025-08-01,20,17,Medical
ATT202508000286,STU000286,SCH041,2025-08-01,20,17,Other
ATT202508000287,STU000287,SCH008,2025-08-01,21,17,Illness
ATT202508000288,STU000288,SCH031,2025-08-01,19,16,Other
ATT202508000289,STU000289,SCH033,2025-08-01,22,19,Medical
ATT202508000290,STU000290,SCH040,2025-08-01,19,15,Other
ATT202508000291,STU000291,SCH036,2025-08-01,22,18,Unauthorised
ATT202508000292,STU000292,SCH046,2025-08-01,19,17,Medical
ATT202508000293,STU000293,SCH033,2025-08-01,19,16,Medical
ATT202508000294,STU000294,SCH012,2025-08-01,19,15,Medical
ATT202508000295,STU000295,SCH049,2025-08-01,20,16,Family
ATT202508000296,STU000296,SCH017,2025-08-01,19,14,Illness
ATT202508000297,STU000297,SCH045,2025-08-01,20,16,Family
ATT202508000299,STU000299,SCH011,2025-08-01,19,17,Family
ATT202508000300,STU000300,SCH017,2025-08-01,22,17,Other
ATT202508000301,STU000301,SCH043,2025-08-01,22,20,Medical
ATT202508000302,STU000302,SCH024,2025-08-01,21,17,Medical
ATT202508000303,STU000303,SCH010,2025-08-01,20,18,Family
ATT202508000304,STU000304,SCH046,2025-08-01,19,15,Family
ATT202508000305,STU000305,SCH004,2025-08-01,21,17,Family
ATT202508000306,STU000306,SCH046,2025-08-01,22,18,Unauthorised
ATT202508000307,STU000307,SCH010,2025-08-01,18,16,Unauthorised
ATT202508000308,STU000308,SCH005,2025-08-01,18,16,Other
ATT202508000309,STU000309,SCH026,2025-08-01,18,16,Illness
ATT202508000310,STU000310,SCH025,2025-08-01,21,19,Unauthorised
ATT202508000311,STU000311,SCH024,2025-08-01,18,13,Family
ATT202508000313,STU000313,SCH028,2025-08-01,22,17,Illness
ATT202508000314,STU000314,SCH012,2025-08-01,21,18,Other
ATT202508000315,STU000315,SCH046,2025-08-01,21,19,Illness
ATT202508000316,STU000316,SCH037,2025-08-01,20,16,Family
ATT202508000317,STU000317,SCH008,2025-08-01,22,18,Unauthorised
ATT202508000318,STU000318,SCH026,2025-08-01,20,18,Illness
ATT202508000319,STU000319,SCH016,2025-08-01,20,17,Unauthorised
ATT202508000320,STU000320,SCH007,2025-08-01,21,19,Unauthorised
ATT202508000322,STU000322,SCH011,2025-08-01,19,16,Family
ATT202508000323,STU000323,SCH010,2025-08-01,19,17,Illness
ATT202508000324,STU000324,SCH042,2025-08-01,18,16,Unauthorised
ATT202508000325,STU000325,SCH041,2025-08-01,19,17,Other
ATT202508000326,STU000326,SCH023,2025-08-01,19,16,Illness
ATT202508000327,STU000327,SCH017,2025-08-01,20,18,Medical
ATT202508000328,STU000328,SCH024,2025-08-01,18,15,Family
ATT202508000329,STU000329,SCH023,2025-08-01,21,18,Illness
ATT202508000330,STU000330,SCH031,2025-08-01,21,17,Unauthorised
ATT202508000331,STU000331,SCH025,2025-08-01,22,19,Other
ATT202508000332,STU000332,SCH030,2025-08-01,21,18,Unauthorised
ATT202508000333,STU000333,SCH009,2025-08-01,21,18,Family
ATT202508000334,STU000334,SCH005,2025-08-01,18,15,Family
ATT202508000335,STU000335,SCH009,2025-08-01,20,17,Medical
ATT202508000336,STU000336,SCH035,2025-08-01,22,19,Illness
ATT202508000337,STU000337,SCH011,2025-08-01,20,16,Medical
ATT202508000338,STU000338,SCH043,2025-08-01,20,16,Other
ATT202508000340,STU000340,SCH025,2025-08-01,18,15,Illness
ATT202508000341,STU000341,SCH007,2025-08-01,21,17,Medical
ATT202508000342,STU000342,SCH025,2025-08-01,22,19,Medical
ATT202508000343,STU000343,SCH042,2025-08-01,22,18,Family
ATT202508000344,STU000344,SCH035,2025-08-01,20,16,Illness
ATT202508000345,STU000345,SCH010,2025-08-01,18,14,Other
ATT202508000346,STU000346,SCH034,2025-08-01,18,15,Other
ATT202508000347,STU000347,SCH046,2025-08-01,21,15,Unauthorised
ATT202508000348,STU000348,SCH031,2025-08-01,19,16,Unauthorised
ATT202508000349,STU000349,SCH021,2025-08-01,20,17,Illness
ATT202508000350,STU000350,SCH033,2025-08-01,18,16,Family
ATT202508000351,STU000351,SCH040,2025-08-01,21,18,Other
ATT202508000352,STU000352,SCH022,2025-08-01,18,12,Medical
ATT202508000355,STU000355,SCH023,2025-08-01,22,17,Illness
ATT202508000356,STU000356,SCH020,2025-08-01,20,17,Medical
ATT202508000357,STU000357,SCH009,2025-08-01,18,16,Other
ATT202508000358,STU000358,SCH014,2025-08-01,20,17,Other
ATT202508000359,STU000359,SCH031,2025-08-01,20,16,Illness
ATT202508000360,STU000360,SCH012,2025-08-01,20,17,Medical
ATT202508000361,STU000361,SCH029,2025-08-01,21,17,Unauthorised
ATT202508000362,STU000362,SCH047,2025-08-01,21,19,Illness
ATT202508000363,STU000363,SCH031,2025-08-01,20,17,Unauthorised
ATT202508000364,STU000364,SCH039,2025-08-01,22,18,Other
ATT202508000365,STU000365,SCH010,2025-08-01,21,18,Medical
ATT202508000366,STU000366,SCH038,2025-08-01,18,15,Medical
ATT202508000367,STU000367,SCH047,2025-08-01,19,17,Illness
ATT202508000369,STU000369,SCH032,2025-08-01,18,13,Unauthorised
ATT202508000370,STU000370,SCH026,2025-08-01,20,17,Illness
ATT202508000371,STU000371,SCH036,2025-08-01,18,16,Other
ATT202508000373,STU000373,SCH025,2025-08-01,22,18,Unauthorised
ATT202508000374,STU000374,SCH003,2025-08-01,18,16,Other
ATT202508000375,STU000375,SCH019,2025-08-01,20,18,Unauthorised
ATT202508000376,STU000376,SCH019,2025-08-01,20,18,Family
ATT202508000377,STU000377,SCH008,2025-08-01,22,20,Illness
ATT202508000379,STU000379,SCH047,2025-08-01,19,16,Illness
ATT202508000380,STU000380,SCH049,2025-08-01,20,15,Illness
ATT202508000381,STU000381,SCH036,2025-08-01,20,18,Medical
ATT202508000382,STU000382,SCH004,2025-08-01,18,16,Medical
ATT202508000383,STU000383,SCH029,2025-08-01,21,17,Illness
ATT202508000384,STU000384,SCH017,2025-08-01,19,16,Other
ATT202508000385,STU000385,SCH023,2025-08-01,22,18,Family
ATT202508000386,STU000386,SCH011,2025-08-01,19,16,Other
ATT202508000388,STU000388,SCH024,2025-08-01,18,16,Family
ATT202508000389,STU000389,SCH026,2025-08-01,19,17,Medical
ATT202508000390,STU000390,SCH032,2025-08-01,18,14,Illness
ATT202508000392,STU000392,SCH036,2025-08-01,20,17,Other
ATT202508000393,STU000393,SCH005,2025-08-01,19,16,Illness
ATT202508000394,STU000394,SCH032,2025-08-01,19,17,Other
ATT202508000395,STU000395,SCH023,2025-08-01,18,14,Family
ATT202508000396,STU000396,SCH037,2025-08-01,22,18,Medical
ATT202508000397,STU000397,SCH047,2025-08-01,20,18,Illness
ATT202508000398,STU000398,SCH034,2025-08-01,19,15,Family
ATT202508000399,STU000399,SCH036,2025-08-01,22,19,Other
ATT202508000400,STU000400,SCH022,2025-08-01,20,15,Family
ATT202508000401,STU000401,SCH012,2025-08-01,19,15,Illness
ATT202508000402,STU000402,SCH037,2025-08-01,18,15,Other
ATT202508000403,STU000403,SCH028,2025-08-01,22,19,Medical
ATT202508000404,STU000404,SCH026,2025-08-01,20,16,Family
ATT202508000405,STU000405,SCH020,2025-08-01,18,16,Other
ATT202508000406,STU000406,SCH029,2025-08-01,19,16,Unauthorised
ATT202508000408,STU000408,SCH021,2025-08-01,22,20,Family
ATT202508000409,STU000409,SCH023,2025-08-01,20,16,Unauthorised
ATT202508000410,STU000410,SCH008,2025-08-01,18,15,Illness
ATT202508000411,STU000411,SCH008,2025-08-01,22,20,Illness
ATT202508000412,STU000412,SCH036,2025-08-01,22,18,Unauthorised
ATT202508000413,STU000413,SCH016,2025-08-01,21,19,Illness
ATT202508000414,STU000414,SCH021,2025-08-01,22,14,Unauthorised
ATT202508000415,STU000415,SCH009,2025-08-01,22,19,Family
ATT202508000416,STU000416,SCH049,2025-08-01,21,18,Unauthorised
ATT202508000418,STU000418,SCH032,2025-08-01,19,16,Other
ATT202508000419,STU000419,SCH039,2025-08-01,22,20,Family
ATT202508000420,STU000420,SCH046,2025-08-01,22,19,Family
ATT202508000421,STU000421,SCH023,2025-08-01,22,19,Medical
ATT202508000422,STU000422,SCH010,2025-08-01,18,15,Family
ATT202508000425,STU000425,SCH034,2025-08-01,18,15,Illness
ATT202508000426,STU000426,SCH027,2025-08-01,22,19,Family
ATT202508000427,STU000427,SCH036,2025-08-01,21,19,Unauthorised
ATT202508000428,STU000428,SCH010,2025-08-01,20,17,Family
ATT202508000429,STU000429,SCH019,2025-08-01,22,19,Family
ATT202508000430,STU000430,SCH021,2025-08-01,18,15,Illness
ATT202508000431,STU000431,SCH014,2025-08-01,22,17,Unauthorised
ATT202508000432,STU000432,SCH018,2025-08-01,18,16,Illness
ATT202508000433,STU000433,SCH035,2025-08-01,22,18,Illness
ATT202508000434,STU000434,SCH020,2025-08-01,19,17,Other
ATT202508000435,STU000435,SCH042,2025-08-01,19,15,Other
ATT202508000437,STU000437,SCH028,2025-08-01,22,19,Illness
ATT202508000438,STU000438,SCH034,2025-08-01,19,14,Medical
ATT202508000439,STU000439,SCH043,2025-08-01,18,15,Family
ATT202508000440,STU000440,SCH007,2025-08-01,22,19,Unauthorised
ATT202508000441,STU000441,SCH008,2025-08-01,20,16,Medical
ATT202508000442,STU000442,SCH031,2025-08-01,19,16,Other
ATT202508000443,STU000443,SCH019,2025-08-01,20,17,Medical
ATT202508000444,STU000444,SCH047,2025-08-01,18,15,Unauthorised
ATT202508000445,STU000445,SCH030,2025-08-01,22,20,Other
ATT202508000446,STU000446,SCH048,2025-08-01,19,17,Family
ATT202508000449,STU000449,SCH046,2025-08-01,20,15,Other
ATT202508000450,STU000450,SCH001,2025-08-01,22,17,Medical
ATT202508000451,STU000451,SCH046,2025-08-01,22,18,Illness
ATT202508000452,STU000452,SCH007,2025-08-01,22,18,Unauthorised
ATT202508000453,STU000453,SCH041,2025-08-01,20,19,Unauthorised
ATT202508000454,STU000454,SCH014,2025-08-01,20,17,Medical
ATT202508000455,STU000455,SCH017,2025-08-01,22,20,Family
ATT202508000457,STU000457,SCH044,2025-08-01,18,15,Family
ATT202508000458,STU000458,SCH042,2025-08-01,20,16,Illness
ATT202508000459,STU000459,SCH004,2025-08-01,21,19,Family
ATT202508000460,STU000460,SCH037,2025-08-01,20,17,Medical
ATT202508000461,STU000461,SCH014,2025-08-01,18,15,Unauthorised
ATT202508000462,STU000462,SCH033,2025-08-01,20,17,Other
ATT202508000464,STU000464,SCH012,2025-08-01,22,18,Medical
ATT202508000465,STU000465,SCH021,2025-08-01,19,15,Other
ATT202508000467,STU000467,SCH043,2025-08-01,22,19,Other
ATT202508000468,STU000468,SCH023,2025-08-01,22,20,Family
ATT202508000469,STU000469,SCH021,2025-08-01,21,17,Medical
ATT202508000470,STU000470,SCH025,2025-08-01,21,18,Family
ATT202508000471,STU000471,SCH046,2025-08-01,19,15,Family
ATT202508000472,STU000472,SCH046,2025-08-01,19,15,Medical
ATT202508000473,STU000473,SCH009,2025-08-01,22,19,Illness
ATT202508000474,STU000474,SCH031,2025-08-01,19,14,Medical
ATT202508000475,STU000475,SCH038,2025-08-01,20,17,Unauthorised
ATT202508000476,STU000476,SCH029,2025-08-01,20,16,Medical
ATT202508000477,STU000477,SCH029,2025-08-01,20,16,Other
ATT202508000478,STU000478,SCH009,2025-08-01,20,18,Unauthorised
ATT202508000479,STU000479,SCH028,2025-08-01,20,15,Unauthorised
ATT202508000480,STU000480,SCH009,2025-08-01,18,14,Medical
ATT202508000481,STU000481,SCH009,2025-08-01,18,16,Family
ATT202508000482,STU000482,SCH039,2025-08-01,22,18,Family
ATT202508000483,STU000483,SCH040,2025-08-01,19,15,Unauthorised
ATT202508000484,STU000484,SCH003,2025-08-01,22,18,Other
ATT202508000485,STU000485,SCH004,2025-08-01,22,20,Illness
ATT202508000486,STU000486,SCH038,2025-08-01,18,15,Illness
ATT202508000488,STU000488,SCH012,2025-08-01,20,16,Medical
ATT202508000489,STU000489,SCH010,2025-08-01,19,15,Medical
ATT202508000490,STU000490,SCH019,2025-08-01,22,19,Illness
ATT202508000491,STU000491,SCH009,2025-08-01,20,17,Medical
ATT202508000492,STU000492,SCH005,2025-08-01,22,18,Family
ATT202508000493,STU000493,SCH045,2025-08-01,21,19,Family
ATT202508000494,STU000494,SCH046,2025-08-01,22,20,Family
ATT202508000495,STU000495,SCH009,2025-08-01,18,14,Illness
ATT202508000496,STU000496,SCH004,2025-08-01,19,17,Family
ATT202508000497,STU000497,SCH048,2025-08-01,19,16,Medical
ATT202508000498,STU000498,SCH014,2025-08-01,19,16,Illness
ATT202508000499,STU000499,SCH040,2025-08-01,22,19,Illness
ATT202508000500,STU000500,SCH020,2025-08-01,18,15,Unauthorised
ATT202508000501,STU000501,SCH019,2025-08-01,21,19,Family
ATT202508000502,STU000502,SCH016,2025-08-01,18,16,Medical
ATT202508000503,STU000503,SCH015,2025-08-01,20,18,Illness
ATT202508000504,STU000504,SCH041,2025-08-01,19,17,Family
ATT202508000505,STU000505,SCH023,2025-08-01,20,16,Illness
ATT202508000507,STU000507,SCH040,2025-08-01,20,17,Illness
ATT202508000508,STU000508,SCH024,2025-08-01,19,13,Illness
ATT202508000509,STU000509,SCH049,2025-08-01,20,18,Unauthorised
ATT202508000511,STU000511,SCH008,2025-08-01,21,17,Medical
ATT202508000512,STU000512,SCH007,2025-08-01,20,17,Medical
ATT202508000513,STU000513,SCH004,2025-08-01,21,19,Family
ATT202508000514,STU000514,SCH012,2025-08-01,22,19,Other
ATT202508000515,STU000515,SCH012,2025-08-01,20,18,Unauthorised
ATT202508000516,STU000516,SCH047,2025-08-01,20,16,Other
ATT202508000517,STU000517,SCH027,2025-08-01,19,17,Illness
ATT202508000518,STU000518,SCH036,2025-08-01,22,18,Medical
ATT202508000519,STU000519,SCH026,2025-08-01,20,17,Unauthorised
ATT202508000520,STU000520,SCH018,2025-08-01,18,16,Illness
ATT202508000521,STU000521,SCH045,2025-08-01,20,16,Family
ATT202508000522,STU000522,SCH029,2025-08-01,19,17,Family
ATT202508000523,STU000523,SCH007,2025-08-01,19,15,Other
ATT202508000524,STU000524,SCH005,2025-08-01,20,18,Family
ATT202508000525,STU000525,SCH026,2025-08-01,20,17,Illness
ATT202508000526,STU000526,SCH046,2025-08-01,22,18,Unauthorised
ATT202508000527,STU000527,SCH006,2025-08-01,21,18,Medical
ATT202508000528,STU000528,SCH018,2025-08-01,20,17,Medical
ATT202508000529,STU000529,SCH010,2025-08-01,20,18,Illness
ATT202508000530,STU000530,SCH011,2025-08-01,19,17,Medical
ATT202508000531,STU000531,SCH008,2025-08-01,19,17,Other
ATT202508000532,STU000532,SCH029,2025-08-01,20,16,Family
ATT202508000533,STU000533,SCH017,2025-08-01,19,16,Illness
ATT202508000534,STU000534,SCH045,2025-08-01,18,15,Illness
ATT202508000537,STU000537,SCH009,2025-08-01,22,17,Illness
ATT202508000539,STU000539,SCH045,2025-08-01,22,18,Illness
ATT202508000540,STU000540,SCH045,2025-08-01,19,16,Unauthorised
ATT202508000541,STU000541,SCH038,2025-08-01,19,17,Illness
ATT202508000542,STU000542,SCH006,2025-08-01,18,16,Unauthorised
ATT202508000543,STU000543,SCH029,2025-08-01,18,15,Medical
ATT202508000544,STU000544,SCH006,2025-08-01,22,19,Illness
ATT202508000545,STU000545,SCH025,2025-08-01,21,18,Unauthorised
ATT202508000546,STU000546,SCH046,2025-08-01,22,18,Family
ATT202508000547,STU000547,SCH034,2025-08-01,20,15,Illness
ATT202508000548,STU000548,SCH004,2025-08-01,22,17,Family
ATT202508000549,STU000549,SCH011,2025-08-01,22,20,Illness
ATT202508000550,STU000550,SCH008,2025-08-01,20,16,Unauthorised
ATT202508000552,STU000552,SCH009,2025-08-01,21,18,Illness
ATT202508000553,STU000553,SCH048,2025-08-01,21,19,Other
ATT202508000554,STU000554,SCH016,2025-08-01,19,16,Medical
ATT202508000555,STU000555,SCH010,2025-08-01,21,19,Unauthorised
ATT202508000557,STU000557,SCH025,2025-08-01,22,18,Family
ATT202508000558,STU000558,SCH006,2025-08-01,22,17,Family
ATT202508000559,STU000559,SCH034,2025-08-01,22,17,Medical
ATT202508000560,STU000560,SCH016,2025-08-01,22,18,Illness
ATT202508000561,STU000561,SCH036,2025-08-01,22,19,Other
ATT202508000563,STU000563,SCH004,2025-08-01,18,16,Medical
ATT202508000564,STU000564,SCH019,2025-08-01,20,16,Illness
ATT202508000565,STU000565,SCH049,2025-08-01,19,15,Family
ATT202508000566,STU000566,SCH029,2025-08-01,20,16,Family
ATT202508000567,STU000567,SCH043,2025-08-01,21,18,Medical
ATT202508000568,STU000568,SCH036,2025-08-01,18,17,Unauthorised
ATT202508000569,STU000569,SCH012,2025-08-01,22,17,Family
ATT202508000570,STU000570,SCH009,2025-08-01,19,16,Family
ATT202508000571,STU000571,SCH021,2025-08-01,21,17,Illness
ATT202508000572,STU000572,SCH027,2025-08-01,20,17,Other
ATT202508000573,STU000573,SCH033,2025-08-01,22,18,Family
ATT202508000574,STU000574,SCH025,2025-08-01,22,21,Medical
ATT202508000575,STU000575,SCH014,2025-08-01,21,17,Unauthorised
ATT202508000577,STU000577,SCH040,2025-08-01,22,20,Medical
ATT202508000578,STU000578,SCH025,2025-08-01,22,19,Illness
ATT202508000579,STU000579,SCH047,2025-08-01,22,19,Medical
ATT202508000581,STU000581,SCH008,2025-08-01,21,17,Medical
ATT202508000582,STU000582,SCH008,2025-08-01,19,15,Unauthorised
ATT202508000583,STU000583,SCH027,2025-08-01,22,18,Medical
ATT202508000584,STU000584,SCH025,2025-08-01,20,16,Medical
ATT202508000585,STU000585,SCH039,2025-08-01,19,16,Other
ATT202508000586,STU000586,SCH009,2025-08-01,21,18,Illness
ATT202508000587,STU000587,SCH032,2025-08-01,22,18,Medical
ATT202508000588,STU000588,SCH034,2025-08-01,18,15,Other
ATT202508000589,STU000589,SCH040,2025-08-01,20,18,Family
ATT202508000590,STU000590,SCH044,2025-08-01,22,18,Illness
ATT202508000591,STU000591,SCH020,2025-08-01,22,19,Other
ATT202508000592,STU000592,SCH047,2025-08-01,20,17,Other
ATT202508000593,STU000593,SCH020,2025-08-01,21,18,Family
ATT202508000594,STU000594,SCH015,2025-08-01,18,15,Family
ATT202508000595,STU000595,SCH023,2025-08-01,18,16,Medical
ATT202508000596,STU000596,SCH031,2025-08-01,22,20,Unauthorised
ATT202508000597,STU000597,SCH043,2025-08-01,18,15,Medical
ATT202508000598,STU000598,SCH028,2025-08-01,18,15,Medical
ATT202508000599,STU000599,SCH035,2025-08-01,20,16,Other
ATT202508000600,STU000600,SCH042,2025-08-01,19,16,Medical
ATT202508000601,STU000601,SCH039,2025-08-01,20,17,Other
ATT202508000602,STU000602,SCH004,2025-08-01,21,17,Other
ATT202508000603,STU000603,SCH022,2025-08-01,18,15,Other
ATT202508000604,STU000604,SCH033,2025-08-01,19,16,Unauthorised
ATT202508000605,STU000605,SCH043,2025-08-01,18,15,Medical
ATT202508000606,STU000606,SCH040,2025-08-01,18,17,Illness
ATT202508000607,STU000607,SCH007,2025-08-01,20,16,Family
ATT202508000608,STU000608,SCH024,2025-08-01,21,19,Unauthorised
ATT202508000609,STU000609,SCH017,2025-08-01,21,18,Other
ATT202508000610,STU000610,SCH018,2025-08-01,18,14,Family
ATT202508000611,STU000611,SCH011,2025-08-01,22,19,Family
ATT202508000613,STU000613,SCH021,2025-08-01,20,17,Medical
ATT202508000614,STU000614,SCH037,2025-08-01,19,16,Unauthorised
ATT202508000615,STU000615,SCH004,2025-08-01,20,18,Family
ATT202508000616,STU000616,SCH016,2025-08-01,22,19,Family
ATT202508000617,STU000617,SCH040,2025-08-01,21,16,Unauthorised
ATT202508000618,STU000618,SCH048,2025-08-01,22,18,Illness
ATT202508000619,STU000619,SCH043,2025-08-01,21,17,Other
ATT202508000620,STU000620,SCH046,2025-08-01,20,17,Medical
ATT202508000621,STU000621,SCH026,2025-08-01,18,16,Family
ATT202508000622,STU000622,SCH026,2025-08-01,21,19,Illness
ATT202508000623,STU000623,SCH008,2025-08-01,21,17,Illness
ATT202508000624,STU000624,SCH005,2025-08-01,22,18,Unauthorised
ATT202508000625,STU000625,SCH001,2025-08-01,19,15,Medical
ATT202508000627,STU000627,SCH021,2025-08-01,21,17,Family
ATT202508000628,STU000628,SCH004,2025-08-01,21,18,Family
ATT202508000629,STU000629,SCH007,2025-08-01,19,16,Unauthorised
ATT202508000630,STU000630,SCH004,2025-08-01,19,16,Other
ATT202508000631,STU000631,SCH028,2025-08-01,19,16,Other
ATT202508000632,STU000632,SCH044,2025-08-01,18,15,Illness
ATT202508000633,STU000633,SCH030,2025-08-01,21,18,Other
ATT202508000634,STU000634,SCH032,2025-08-01,20,18,Other
ATT202508000636,STU000636,SCH005,2025-08-01,19,16,Other
ATT202508000639,STU000639,SCH047,2025-08-01,19,18,Medical
ATT202508000640,STU000640,SCH035,2025-08-01,19,14,Family
ATT202508000641,STU000641,SCH025,2025-08-01,22,18,Illness
ATT202508000642,STU000642,SCH049,2025-08-01,21,17,Illness
ATT202508000644,STU000644,SCH004,2025-08-01,20,18,Family
ATT202508000645,STU000645,SCH020,2025-08-01,19,16,Illness
ATT202508000646,STU000646,SCH021,2025-08-01,20,15,Illness
ATT202508000647,STU000647,SCH018,2025-08-01,21,18,Other
ATT202508000648,STU000648,SCH046,2025-08-01,21,17,Other
ATT202508000650,STU000650,SCH016,2025-08-01,22,19,Illness
ATT202508000651,STU000651,SCH018,2025-08-01,22,19,Other
ATT202508000652,STU000652,SCH028,2025-08-01,18,14,Other
ATT202508000653,STU000653,SCH040,2025-08-01,19,18,Family
ATT202508000654,STU000654,SCH015,2025-08-01,19,16,Illness
ATT202508000655,STU000655,SCH027,2025-08-01,18,14,Unauthorised
ATT202508000656,STU000656,SCH017,2025-08-01,20,15,Illness
ATT202508000657,STU000657,SCH008,2025-08-01,20,18,Illness
ATT202508000658,STU000658,SCH018,2025-08-01,19,17,Family
ATT202508000659,STU000659,SCH046,2025-08-01,20,15,Illness
ATT202508000660,STU000660,SCH026,2025-08-01,21,19,Family
ATT202508000661,STU000661,SCH035,2025-08-01,20,16,Unauthorised
ATT202508000662,STU000662,SCH006,2025-08-01,20,18,Unauthorised
ATT202508000663,STU000663,SCH010,2025-08-01,22,19,Other
ATT202508000665,STU000665,SCH013,2025-08-01,22,20,Medical
ATT202508000666,STU000666,SCH023,2025-08-01,19,16,Other
ATT202508000667,STU000667,SCH020,2025-08-01,20,16,Medical
ATT202508000669,STU000669,SCH030,2025-08-01,19,16,Illness
ATT202508000670,STU000670,SCH035,2025-08-01,21,16,Family
ATT202508000671,STU000671,SCH014,2025-08-01,20,16,Illness
ATT202508000672,STU000672,SCH001,2025-08-01,21,16,Other
ATT202508000673,STU000673,SCH010,2025-08-01,21,15,Medical
ATT202508000674,STU000674,SCH022,2025-08-01,22,19,Illness
ATT202508000675,STU000675,SCH022,2025-08-01,19,15,Illness
ATT202508000676,STU000676,SCH004,2025-08-01,21,18,Family
ATT202508000677,STU000677,SCH026,2025-08-01,21,19,Family
ATT202508000679,STU000679,SCH034,2025-08-01,18,14,Other
ATT202508000680,STU000680,SCH037,2025-08-01,19,17,Other
ATT202508000681,STU000681,SCH043,2025-08-01,18,15,Unauthorised
ATT202508000682,STU000682,SCH032,2025-08-01,19,15,Family
ATT202508000683,STU000683,SCH016,2025-08-01,19,16,Other
ATT202508000685,STU000685,SCH045,2025-08-01,22,18,Other
ATT202508000686,STU000686,SCH012,2025-08-01,22,19,Illness
ATT202508000687,STU000687,SCH046,2025-08-01,21,14,Unauthorised
ATT202508000688,STU000688,SCH018,2025-08-01,22,19,Illness
ATT202508000691,STU000691,SCH031,2025-08-01,20,16,Other
ATT202508000692,STU000692,SCH012,2025-08-01,19,16,Other
ATT202508000693,STU000693,SCH043,2025-08-01,22,18,Medical
ATT202508000694,STU000694,SCH012,2025-08-01,18,16,Unauthorised
ATT202508000695,STU000695,SCH031,2025-08-01,18,13,Medical
ATT202508000696,STU000696,SCH046,2025-08-01,18,15,Medical
ATT202508000698,STU000698,SCH031,2025-08-01,21,17,Unauthorised
ATT202508000699,STU000699,SCH014,2025-08-01,18,15,Illness
ATT202508000700,STU000700,SCH008,2025-08-01,18,15,Illness
ATT202508000701,STU000701,SCH031,2025-08-01,22,15,Family
ATT202508000703,STU000703,SCH034,2025-08-01,18,16,Unauthorised
ATT202508000704,STU000704,SCH048,2025-08-01,19,17,Other
ATT202508000705,STU000705,SCH042,2025-08-01,22,18,Family
ATT202508000707,STU000707,SCH036,2025-08-01,18,15,Medical
ATT202508000708,STU000708,SCH034,2025-08-01,20,15,Medical
ATT202508000709,STU000709,SCH042,2025-08-01,20,17,Medical
ATT202508000710,STU000710,SCH012,2025-08-01,20,17,Medical
ATT202508000711,STU000711,SCH034,2025-08-01,19,14,Medical
ATT202508000712,STU000712,SCH035,2025-08-01,22,18,Family
ATT202508000713,STU000713,SCH046,2025-08-01,18,16,Medical
ATT202508000714,STU000714,SCH030,2025-08-01,18,15,Illness
ATT202508000715,STU000715,SCH011,2025-08-01,22,20,Other
ATT202508000716,STU000716,SCH015,2025-08-01,20,16,Medical
ATT202508000717,STU000717,SCH001,2025-08-01,22,19,Unauthorised
ATT202508000718,STU000718,SCH022,2025-08-01,21,15,Unauthorised
ATT202508000719,STU000719,SCH007,2025-08-01,22,18,Family
ATT202508000720,STU000720,SCH039,2025-08-01,20,16,Illness
ATT202508000721,STU000721,SCH037,2025-08-01,20,18,Family
ATT202508000722,STU000722,SCH046,2025-08-01,21,18,Illness
ATT202508000723,STU000723,SCH040,2025-08-01,19,16,Illness
ATT202508000724,STU000724,SCH001,2025-08-01,20,16,Unauthorised
ATT202508000725,STU000725,SCH036,2025-08-01,20,18,Unauthorised
ATT202508000726,STU000726,SCH009,2025-08-01,20,18,Other
ATT202508000727,STU000727,SCH029,2025-08-01,18,16,Family
ATT202508000730,STU000730,SCH042,2025-08-01,19,17,Unauthorised
ATT202508000731,STU000731,SCH006,2025-08-01,18,17,Medical
ATT202508000732,STU000732,SCH018,2025-08-01,20,17,Medical
ATT202508000733,STU000733,SCH004,2025-08-01,19,16,Other
ATT202508000734,STU000734,SCH049,2025-08-01,21,17,Unauthorised
ATT202508000735,STU000735,SCH010,2025-08-01,21,18,Medical
ATT202508000736,STU000736,SCH007,2025-08-01,18,14,Medical
ATT202508000737,STU000737,SCH020,2025-08-01,18,15,Illness
ATT202508000738,STU000738,SCH034,2025-08-01,22,18,Other
ATT202508000740,STU000740,SCH009,2025-08-01,22,18,Unauthorised
ATT202508000741,STU000741,SCH035,2025-08-01,22,18,Other
ATT202508000742,STU000742,SCH029,2025-08-01,20,17,Medical
ATT202508000743,STU000743,SCH048,2025-08-01,19,15,Unauthorised
ATT202508000745,STU000745,SCH043,2025-08-01,18,14,Other
ATT202508000746,STU000746,SCH013,2025-08-01,21,19,Other
ATT202508000747,STU000747,SCH008,2025-08-01,21,18,Family
ATT202508000748,STU000748,SCH017,2025-08-01,22,19,Family
ATT202508000749,STU000749,SCH044,2025-08-01,22,18,Family
ATT202508000750,STU000750,SCH001,2025-08-01,22,18,Medical
ATT202508000751,STU000751,SCH023,2025-08-01,19,17,Medical
ATT202508000752,STU000752,SCH028,2025-08-01,19,16,Unauthorised
ATT202508000753,STU000753,SCH047,2025-08-01,21,19,Medical
ATT202508000754,STU000754,SCH011,2025-08-01,22,18,Other
ATT202508000755,STU000755,SCH009,2025-08-01,20,18,Other
ATT202508000756,STU000756,SCH018,2025-08-01,20,16,Illness
ATT202508000757,STU000757,SCH021,2025-08-01,19,15,Medical
ATT202508000758,STU000758,SCH038,2025-08-01,21,18,Medical
ATT202508000759,STU000759,SCH043,2025-08-01,21,17,Unauthorised
ATT202508000760,STU000760,SCH034,2025-08-01,19,16,Unauthorised
ATT202508000761,STU000761,SCH039,2025-08-01,21,17,Illness
ATT202508000762,STU000762,SCH017,2025-08-01,21,17,Medical
ATT202508000763,STU000763,SCH010,2025-08-01,19,18,Unauthorised
ATT202508000764,STU000764,SCH010,2025-08-01,19,15,Medical
ATT202508000765,STU000765,SCH003,2025-08-01,19,16,Illness
ATT202508000766,STU000766,SCH001,2025-08-01,19,14,Other
ATT202508000767,STU000767,SCH017,2025-08-01,21,17,Illness
ATT202508000768,STU000768,SCH036,2025-08-01,22,19,Other
ATT202508000769,STU000769,SCH024,2025-08-01,21,17,Family
ATT202508000770,STU000770,SCH008,2025-08-01,21,19,Illness
ATT202508000771,STU000771,SCH045,2025-08-01,22,18,Medical
ATT202508000772,STU000772,SCH006,2025-08-01,21,17,Unauthorised
ATT202508000773,STU000773,SCH019,2025-08-01,18,15,Unauthorised
ATT202508000774,STU000774,SCH004,2025-08-01,20,17,Other
ATT202508000775,STU000775,SCH009,2025-08-01,19,15,Family
ATT202508000776,STU000776,SCH024,2025-08-01,22,18,Medical
ATT202508000777,STU000777,SCH020,2025-08-01,18,16,Family
ATT202508000778,STU000778,SCH041,2025-08-01,20,18,Medical
ATT202508000779,STU000779,SCH006,2025-08-01,21,17,Family
ATT202508000780,STU000780,SCH041,2025-08-01,21,17,Unauthorised
ATT202508000781,STU000781,SCH003,2025-08-01,18,15,Medical
ATT202508000783,STU000783,SCH006,2025-08-01,18,16,Other
ATT202508000784,STU000784,SCH010,2025-08-01,21,18,Family
ATT202508000785,STU000785,SCH012,2025-08-01,20,16,Illness
ATT202508000786,STU000786,SCH044,2025-08-01,18,14,Medical
ATT202508000787,STU000787,SCH035,2025-08-01,20,14,Illness
ATT202508000788,STU000788,SCH037,2025-08-01,20,17,Illness
ATT202508000789,STU000789,SCH026,2025-08-01,22,19,Medical
ATT202508000790,STU000790,SCH041,2025-08-01,20,16,Illness
ATT202508000791,STU000791,SCH032,2025-08-01,18,15,Other
ATT202508000792,STU000792,SCH006,2025-08-01,22,19,Illness
ATT202508000793,STU000793,SCH048,2025-08-01,18,16,Family
ATT202508000794,STU000794,SCH025,2025-08-01,21,19,Medical
ATT202508000795,STU000795,SCH022,2025-08-01,19,15,Medical
ATT202508000796,STU000796,SCH046,2025-08-01,18,15,Illness
ATT202508000797,STU000797,SCH038,2025-08-01,19,16,Medical
ATT202508000798,STU000798,SCH029,2025-08-01,20,17,Other
ATT202508000800,STU000800,SCH015,2025-08-01,20,17,Unauthorised
ATT202508000801,STU000801,SCH008,2025-08-01,20,16,Unauthorised
ATT202508000802,STU000802,SCH004,2025-08-01,20,17,Medical
ATT202508000803,STU000803,SCH028,2025-08-01,20,16,Medical
ATT202508000804,STU000804,SCH021,2025-08-01,22,18,Medical
ATT202508000805,STU000805,SCH031,2025-08-01,18,14,Other
ATT202508000806,STU000806,SCH012,2025-08-01,22,18,Unauthorised
ATT202508000807,STU000807,SCH004,2025-08-01,20,17,Medical
ATT202508000808,STU000808,SCH049,2025-08-01,18,15,Medical
ATT202508000809,STU000809,SCH005,2025-08-01,22,17,Unauthorised
ATT202508000810,STU000810,SCH015,2025-08-01,18,14,Illness
ATT202508000811,STU000811,SCH025,2025-08-01,20,18,Family
ATT202508000812,STU000812,SCH026,2025-08-01,22,18,Family
ATT202508000813,STU000813,SCH036,2025-08-01,18,15,Medical
ATT202508000814,STU000814,SCH028,2025-08-01,19,16,Medical
ATT202508000815,STU000815,SCH048,2025-08-01,18,16,Family
ATT202508000816,STU000816,SCH046,2025-08-01,21,18,Unauthorised
ATT202508000817,STU000817,SCH034,2025-08-01,20,14,Medical
ATT202508000818,STU000818,SCH030,2025-08-01,19,17,Illness
ATT202508000819,STU000819,SCH048,2025-08-01,20,17,Illness
ATT202508000820,STU000820,SCH035,2025-08-01,18,15,Family
ATT202508000821,STU000821,SCH018,2025-08-01,18,15,Family
ATT202508000822,STU000822,SCH045,2025-08-01,22,19,Illness
ATT202508000823,STU000823,SCH006,2025-08-01,22,19,Medical
ATT202508000824,STU000824,SCH041,2025-08-01,19,17,Other
ATT202508000825,STU000825,SCH009,2025-08-01,21,18,Other
ATT202508000826,STU000826,SCH030,2025-08-01,19,17,Medical
ATT202508000827,STU000827,SCH027,2025-08-01,19,16,Illness
ATT202508000829,STU000829,SCH006,2025-08-01,20,17,Family
ATT202508000830,STU000830,SCH008,2025-08-01,20,17,Other
ATT202508000831,STU000831,SCH004,2025-08-01,21,19,Illness
ATT202508000832,STU000832,SCH002,2025-08-01,20,16,Family
ATT202508000833,STU000833,SCH038,2025-08-01,22,19,Unauthorised
ATT202508000834,STU000834,SCH004,2025-08-01,22,18,Medical
ATT202508000835,STU000835,SCH020,2025-08-01,20,17,Medical
ATT202508000836,STU000836,SCH048,2025-08-01,18,16,Illness
ATT202508000837,STU000837,SCH018,2025-08-01,19,15,Medical
ATT202508000838,STU000838,SCH029,2025-08-01,19,16,Family
ATT202508000839,STU000839,SCH031,2025-08-01,18,15,Other
ATT202508000840,STU000840,SCH001,2025-08-01,18,16,Illness
ATT202508000841,STU000841,SCH045,2025-08-01,18,15,Family
ATT202508000842,STU000842,SCH005,2025-08-01,20,18,Medical
ATT202508000844,STU000844,SCH028,2025-08-01,19,15,Family
ATT202508000845,STU000845,SCH048,2025-08-01,18,17,Unauthorised
ATT202508000846,STU000846,SCH019,2025-08-01,19,16,Other
ATT202508000847,STU000847,SCH040,2025-08-01,20,16,Medical
ATT202508000848,STU000848,SCH031,2025-08-01,20,16,Medical
ATT202508000849,STU000849,SCH048,2025-08-01,20,18,Medical
ATT202508000850,STU000850,SCH033,2025-08-01,18,16,Family
ATT202508000851,STU000851,SCH019,2025-08-01,19,17,Family
ATT202508000852,STU000852,SCH010,2025-08-01,18,13,Family
ATT202508000853,STU000853,SCH043,2025-08-01,20,15,Family
ATT202508000854,STU000854,SCH035,2025-08-01,18,14,Other
ATT202508000855,STU000855,SCH024,2025-08-01,19,16,Family
ATT202508000856,STU000856,SCH003,2025-08-01,18,15,Family
ATT202508000857,STU000857,SCH010,2025-08-01,18,15,Illness
ATT202508000858,STU000858,SCH013,2025-08-01,22,19,Medical
ATT202508000859,STU000859,SCH037,2025-08-01,22,19,Medical
ATT202508000860,STU000860,SCH005,2025-08-01,21,18,Medical
ATT202508000861,STU000861,SCH037,2025-08-01,19,17,Family
ATT202508000862,STU000862,SCH004,2025-08-01,21,18,Family
ATT202508000863,STU000863,SCH011,2025-08-01,21,18,Family
ATT202508000864,STU000864,SCH033,2025-08-01,22,19,Other
ATT202508000865,STU000865,SCH026,2025-08-01,20,18,Illness
ATT202508000866,STU000866,SCH014,2025-08-01,18,14,Other
ATT202508000867,STU000867,SCH014,2025-08-01,19,17,Unauthorised
ATT202508000868,STU000868,SCH022,2025-08-01,18,13,Medical
ATT202508000869,STU000869,SCH037,2025-08-01,18,15,Unauthorised
ATT202508000870,STU000870,SCH010,2025-08-01,18,16,Family
ATT202508000871,STU000871,SCH043,2025-08-01,19,16,Illness
ATT202508000872,STU000872,SCH002,2025-08-01,21,16,Other
ATT202508000874,STU000874,SCH027,2025-08-01,20,17,Other
ATT202508000875,STU000875,SCH038,2025-08-01,19,16,Unauthorised
ATT202508000876,STU000876,SCH036,2025-08-01,18,15,Medical
ATT202508000877,STU000877,SCH021,2025-08-01,22,18,Unauthorised
ATT202508000878,STU000878,SCH035,2025-08-01,20,16,Medical
ATT202508000879,STU000879,SCH038,2025-08-01,18,16,Unauthorised
ATT202508000881,STU000881,SCH009,2025-08-01,21,18,Family
ATT202508000882,STU000882,SCH013,2025-08-01,19,16,Unauthorised
ATT202508000883,STU000883,SCH043,2025-08-01,19,15,Family
ATT202508000884,STU000884,SCH020,2025-08-01,22,19,Unauthorised
ATT202508000885,STU000885,SCH007,2025-08-01,18,15,Unauthorised
ATT202508000887,STU000887,SCH020,2025-08-01,21,18,Illness
ATT202508000889,STU000889,SCH048,2025-08-01,20,18,Medical
ATT202508000890,STU000890,SCH045,2025-08-01,21,18,Unauthorised
ATT202508000891,STU000891,SCH015,2025-08-01,18,16,Other
ATT202508000892,STU000892,SCH037,2025-08-01,18,16,Other
ATT202508000893,STU000893,SCH028,2025-08-01,19,17,Illness
ATT202508000894,STU000894,SCH011,2025-08-01,22,19,Other
ATT202508000895,STU000895,SCH030,2025-08-01,20,18,Family
ATT202508000896,STU000896,SCH028,2025-08-01,21,17,Illness
ATT202508000897,STU000897,SCH023,2025-08-01,18,14,Other
ATT202508000898,STU000898,SCH012,2025-08-01,18,14,Illness
ATT202508000899,STU000899,SCH012,2025-08-01,20,16,Family
ATT202508000900,STU000900,SCH018,2025-08-01,19,18,Medical
ATT202508000903,STU000903,SCH008,2025-08-01,20,17,Family
ATT202508000904,STU000904,SCH012,2025-08-01,21,17,Unauthorised
ATT202508000905,STU000905,SCH031,2025-08-01,19,15,Unauthorised
ATT202508000906,STU000906,SCH032,2025-08-01,20,17,Medical
ATT202508000907,STU000907,SCH046,2025-08-01,22,19,Family
ATT202508000908,STU000908,SCH041,2025-08-01,22,19,Medical
ATT202508000909,STU000909,SCH021,2025-08-01,22,16,Medical
ATT202508000910,STU000910,SCH016,2025-08-01,21,19,Family
ATT202508000911,STU000911,SCH040,2025-08-01,18,15,Medical
ATT202508000912,STU000912,SCH026,2025-08-01,21,18,Other
ATT202508000913,STU000913,SCH002,2025-08-01,22,19,Medical
ATT202508000914,STU000914,SCH034,2025-08-01,22,17,Unauthorised
ATT202508000916,STU000916,SCH037,2025-08-01,20,17,Unauthorised
ATT202508000917,STU000917,SCH019,2025-08-01,18,15,Unauthorised
ATT202508000918,STU000918,SCH028,2025-08-01,18,14,Unauthorised
ATT202508000919,STU000919,SCH006,2025-08-01,19,16,Medical
ATT202508000920,STU000920,SCH010,2025-08-01,22,18,Other
ATT202508000921,STU000921,SCH028,2025-08-01,21,18,Medical
ATT202508000922,STU000922,SCH033,2025-08-01,21,18,Illness
ATT202508000923,STU000923,SCH039,2025-08-01,20,18,Unauthorised
ATT202508000924,STU000924,SCH031,2025-08-01,20,15,Medical
ATT202508000925,STU000925,SCH026,2025-08-01,21,18,Illness
ATT202508000926,STU000926,SCH046,2025-08-01,22,19,Family
ATT202508000927,STU000927,SCH044,2025-08-01,19,15,Family
ATT202508000929,STU000929,SCH028,2025-08-01,22,18,Medical
ATT202508000930,STU000930,SCH037,2025-08-01,20,18,Other
ATT202508000931,STU000931,SCH012,2025-08-01,22,18,Family
ATT202508000932,STU000932,SCH035,2025-08-01,21,17,Medical
ATT202508000933,STU000933,SCH023,2025-08-01,22,19,Family
ATT202508000934,STU000934,SCH010,2025-08-01,22,19,Other
ATT202508000935,STU000935,SCH030,2025-08-01,21,19,Other
ATT202508000936,STU000936,SCH047,2025-08-01,21,19,Unauthorised
ATT202508000937,STU000937,SCH024,2025-08-01,22,18,Illness
ATT202508000938,STU000938,SCH001,2025-08-01,21,18,Illness
ATT202508000939,STU000939,SCH005,2025-08-01,19,16,Family
ATT202508000940,STU000940,SCH016,2025-08-01,21,18,Medical
ATT202508000941,STU000941,SCH036,2025-08-01,21,17,Family
ATT202508000942,STU000942,SCH020,2025-08-01,21,18,Unauthorised
ATT202508000943,STU000943,SCH021,2025-08-01,22,18,Unauthorised
ATT202508000944,STU000944,SCH034,2025-08-01,21,16,Other
ATT202508000945,STU000945,SCH002,2025-08-01,22,18,Family
ATT202508000946,STU000946,SCH031,2025-08-01,22,18,Family
ATT202508000947,STU000947,SCH027,2025-08-01,19,15,Unauthorised
ATT202508000948,STU000948,SCH002,2025-08-01,21,16,Unauthorised
ATT202508000949,STU000949,SCH046,2025-08-01,18,15,Other
ATT202508000950,STU000950,SCH043,2025-08-01,21,17,Illness
ATT202508000952,STU000952,SCH034,2025-08-01,22,18,Family
ATT202508000953,STU000953,SCH013,2025-08-01,19,16,Illness
ATT202508000954,STU000954,SCH046,2025-08-01,21,19,Other
ATT202508000955,STU000955,SCH044,2025-08-01,22,19,Illness
ATT202508000956,STU000956,SCH016,2025-08-01,19,17,Other
ATT202508000957,STU000957,SCH030,2025-08-01,22,18,Unauthorised
ATT202508000958,STU000958,SCH005,2025-08-01,22,18,Family
ATT202508000959,STU000959,SCH029,2025-08-01,21,17,Other
ATT202508000960,STU000960,SCH025,2025-08-01,19,16,Medical
ATT202508000961,STU000961,SCH038,2025-08-01,20,19,Medical
ATT202508000962,STU000962,SCH049,2025-08-01,21,17,Medical
ATT202508000963,STU000963,SCH003,2025-08-01,19,16,Medical
ATT202508000964,STU000964,SCH040,2025-08-01,20,18,Family
ATT202508000966,STU000966,SCH035,2025-08-01,20,16,Illness
ATT202508000967,STU000967,SCH032,2025-08-01,18,15,Illness
ATT202508000969,STU000969,SCH006,2025-08-01,19,16,Medical
ATT202508000970,STU000970,SCH031,2025-08-01,21,18,Medical
ATT202508000972,STU000972,SCH013,2025-08-01,19,16,Family
ATT202508000974,STU000974,SCH040,2025-08-01,18,16,Other
ATT202508000975,STU000975,SCH046,2025-08-01,19,16,Other
ATT202508000976,STU000976,SCH030,2025-08-01,22,19,Medical
ATT202508000977,STU000977,SCH005,2025-08-01,18,16,Family
ATT202508000978,STU000978,SCH046,2025-08-01,21,19,Medical
ATT202508000979,STU000979,SCH040,2025-08-01,19,16,Medical
ATT202508000980,STU000980,SCH047,2025-08-01,19,16,Other
ATT202508000981,STU000981,SCH007,2025-08-01,19,15,Unauthorised
ATT202508000982,STU000982,SCH027,2025-08-01,20,16,Unauthorised
ATT202508000983,STU000983,SCH047,2025-08-01,22,19,Illness
ATT202508000984,STU000984,SCH047,2025-08-01,18,15,Unauthorised
ATT202508000985,STU000985,SCH021,2025-08-01,22,18,Other
ATT202508000986,STU000986,SCH033,2025-08-01,22,19,Illness
ATT202508000987,STU000987,SCH024,2025-08-01,19,15,Family
ATT202508000988,STU000988,SCH037,2025-08-01,21,19,Medical
ATT202508000989,STU000989,SCH008,2025-08-01,19,17,Family
ATT202508000990,STU000990,SCH017,2025-08-01,21,15,Medical
ATT202508000991,STU000991,SCH015,2025-08-01,19,16,Family
ATT202508000993,STU000993,SCH048,2025-08-01,20,17,Other
ATT202508000994,STU000994,SCH011,2025-08-01,20,16,Medical
ATT202508000996,STU000996,SCH046,2025-08-01,20,17,Other
ATT202508000997,STU000997,SCH012,2025-08-01,18,16,Family
ATT202508000998,STU000998,SCH040,2025-08-01,19,15,Other
ATT202508001000,STU001000,SCH033,2025-08-01,20,19,Other
ATT202508001001,STU001001,SCH034,2025-08-01,21,16,Unauthorised
ATT202508001002,STU001002,SCH026,2025-08-01,22,18,Other
ATT202508001003,STU001003,SCH025,2025-08-01,20,18,Other
ATT202508001005,STU001005,SCH046,2025-08-01,21,18,Illness
ATT202508001006,STU001006,SCH035,2025-08-01,18,15,Illness
ATT202508001007,STU001007,SCH031,2025-08-01,20,18,Unauthorised
ATT202508001008,STU001008,SCH021,2025-08-01,18,13,Illness
ATT202508001009,STU001009,SCH019,2025-08-01,20,16,Medical
ATT202508001011,STU001011,SCH006,2025-08-01,22,18,Other
ATT202508001012,STU001012,SCH035,2025-08-01,20,15,Illness
ATT202508001013,STU001013,SCH025,2025-08-01,19,16,Medical
ATT202508001014,STU001014,SCH040,2025-08-01,19,16,Other
ATT202508001015,STU001015,SCH016,2025-08-01,21,18,Unauthorised
ATT202508001016,STU001016,SCH031,2025-08-01,18,15,Family
ATT202508001017,STU001017,SCH048,2025-08-01,22,19,Illness
ATT202508001018,STU001018,SCH026,2025-08-01,19,16,Medical
ATT202508001019,STU001019,SCH020,2025-08-01,20,17,Illness
ATT202508001020,STU001020,SCH035,2025-08-01,20,16,Family
ATT202508001021,STU001021,SCH002,2025-08-01,20,18,Family
ATT202508001022,STU001022,SCH048,2025-08-01,22,18,Unauthorised
ATT202508001023,STU001023,SCH040,2025-08-01,18,14,Family
ATT202508001024,STU001024,SCH007,2025-08-01,21,17,Family
ATT202508001025,STU001025,SCH040,2025-08-01,21,17,Unauthorised
ATT202508001026,STU001026,SCH010,2025-08-01,20,15,Other
ATT202508001027,STU001027,SCH042,2025-08-01,22,16,Family
ATT202508001028,STU001028,SCH048,2025-08-01,19,16,Illness
ATT202508001029,STU001029,SCH020,2025-08-01,18,15,Illness
ATT202508001030,STU001030,SCH037,2025-08-01,21,19,Other
ATT202508001031,STU001031,SCH049,2025-08-01,22,18,Illness
ATT202508001032,STU001032,SCH045,2025-08-01,18,15,Medical
ATT202508001033,STU001033,SCH003,2025-08-01,20,16,Unauthorised
ATT202508001035,STU001035,SCH023,2025-08-01,21,17,Other
ATT202508001036,STU001036,SCH026,2025-08-01,22,19,Other
ATT202508001037,STU001037,SCH010,2025-08-01,19,14,Medical
ATT202508001038,STU001038,SCH009,2025-08-01,20,17,Illness
ATT202508001039,STU001039,SCH046,2025-08-01,19,16,Other
ATT202508001040,STU001040,SCH044,2025-08-01,20,17,Family
ATT202508001041,STU001041,SCH035,2025-08-01,21,16,Medical
ATT202508001042,STU001042,SCH025,2025-08-01,20,17,Illness
ATT202508001043,STU001043,SCH036,2025-08-01,19,17,Medical
ATT202508001045,STU001045,SCH023,2025-08-01,18,16,Family
ATT202508001046,STU001046,SCH010,2025-08-01,19,17,Medical
ATT202508001047,STU001047,SCH014,2025-08-01,19,15,Medical
ATT202508001048,STU001048,SCH002,2025-08-01,18,16,Medical
ATT202508001049,STU001049,SCH041,2025-08-01,22,18,Unauthorised
ATT202508001050,STU001050,SCH049,2025-08-01,21,15,Other
ATT202508001051,STU001051,SCH043,2025-08-01,22,20,Other
ATT202508001054,STU001054,SCH021,2025-08-01,18,16,Unauthorised
ATT202508001055,STU001055,SCH021,2025-08-01,19,14,Family
ATT202508001056,STU001056,SCH023,2025-08-01,20,16,Medical
ATT202508001057,STU001057,SCH034,2025-08-01,18,12,Other
ATT202508001058,STU001058,SCH009,2025-08-01,20,16,Other
ATT202508001059,STU001059,SCH021,2025-08-01,21,15,Medical
ATT202508001062,STU001062,SCH046,2025-08-01,19,17,Other
ATT202508001063,STU001063,SCH018,2025-08-01,21,19,Other
ATT202508001064,STU001064,SCH021,2025-08-01,18,14,Unauthorised
ATT202508001066,STU001066,SCH007,2025-08-01,18,14,Medical
ATT202508001068,STU001068,SCH041,2025-08-01,20,17,Unauthorised
ATT202508001069,STU001069,SCH042,2025-08-01,22,19,Other
ATT202508001070,STU001070,SCH017,2025-08-01,19,14,Medical
ATT202508001071,STU001071,SCH044,2025-08-01,21,18,Other
ATT202508001072,STU001072,SCH010,2025-08-01,20,17,Family
ATT202508001073,STU001073,SCH031,2025-08-01,20,16,Unauthorised
ATT202508001074,STU001074,SCH025,2025-08-01,21,18,Family
ATT202508001075,STU001075,SCH031,2025-08-01,19,16,Illness
ATT202508001076,STU001076,SCH022,2025-08-01,21,16,Medical
ATT202508001077,STU001077,SCH046,2025-08-01,18,15,Illness
ATT202508001078,STU001078,SCH002,2025-08-01,18,13,Family
ATT202508001079,STU001079,SCH041,2025-08-01,18,17,Medical
ATT202508001080,STU001080,SCH013,2025-08-01,18,15,Other
ATT202508001081,STU001081,SCH033,2025-08-01,20,17,Illness
ATT202508001082,STU001082,SCH046,2025-08-01,20,17,Unauthorised
ATT202508001083,STU001083,SCH009,2025-08-01,22,19,Illness
ATT202508001084,STU001084,SCH031,2025-08-01,18,14,Family
ATT202508001085,STU001085,SCH018,2025-08-01,20,18,Illness
ATT202508001086,STU001086,SCH008,2025-08-01,20,17,Family
ATT202508001087,STU001087,SCH020,2025-08-01,22,19,Family
ATT202508001089,STU001089,SCH047,2025-08-01,18,15,Unauthorised
ATT202508001090,STU001090,SCH003,2025-08-01,22,19,Family
ATT202508001091,STU001091,SCH048,2025-08-01,19,17,Family
ATT202508001092,STU001092,SCH009,2025-08-01,19,15,Medical
ATT202508001093,STU001093,SCH008,2025-08-01,18,15,Illness
ATT202508001094,STU001094,SCH027,2025-08-01,18,15,Other
ATT202508001095,STU001095,SCH005,2025-08-01,22,18,Illness
ATT202508001097,STU001097,SCH040,2025-08-01,19,16,Other
ATT202508001098,STU001098,SCH040,2025-08-01,20,17,Other
ATT202508001099,STU001099,SCH011,2025-08-01,20,17,Unauthorised
ATT202508001100,STU001100,SCH030,2025-08-01,20,18,Medical
ATT202508001101,STU001101,SCH049,2025-08-01,21,17,Unauthorised
ATT202508001102,STU001102,SCH011,2025-08-01,22,18,Illness
ATT202508001103,STU001103,SCH021,2025-08-01,19,15,Family
ATT202508001104,STU001104,SCH046,2025-08-01,18,15,Other
ATT202508001105,STU001105,SCH009,2025-08-01,22,18,Other
ATT202508001107,STU001107,SCH015,2025-08-01,21,18,Family
ATT202508001108,STU001108,SCH035,2025-08-01,18,15,Unauthorised
ATT202508001109,STU001109,SCH021,2025-08-01,21,15,Medical
ATT202508001110,STU001110,SCH046,2025-08-01,18,15,Medical
ATT202508001111,STU001111,SCH017,2025-08-01,21,15,Other
ATT202508001112,STU001112,SCH032,2025-08-01,22,17,Medical
ATT202508001113,STU001113,SCH012,2025-08-01,18,15,Unauthorised
ATT202508001114,STU001114,SCH029,2025-08-01,22,17,Family
ATT202508001115,STU001115,SCH031,2025-08-01,19,16,Illness
ATT202508001116,STU001116,SCH044,2025-08-01,19,16,Family
ATT202508001117,STU001117,SCH035,2025-08-01,19,17,Other
ATT202508001118,STU001118,SCH027,2025-08-01,18,14,Medical
ATT202508001119,STU001119,SCH036,2025-08-01,22,18,Other
ATT202508001120,STU001120,SCH048,2025-08-01,20,18,Medical
ATT202508001121,STU001121,SCH017,2025-08-01,18,15,Other
ATT202508001122,STU001122,SCH004,2025-08-01,19,17,Medical
ATT202508001123,STU001123,SCH027,2025-08-01,20,15,Unauthorised
ATT202508001124,STU001124,SCH015,2025-08-01,22,19,Illness
ATT202508001126,STU001126,SCH049,2025-08-01,19,17,Family
ATT202508001128,STU001128,SCH002,2025-08-01,18,13,Medical
ATT202508001130,STU001130,SCH024,2025-08-01,18,15,Unauthorised
ATT202508001131,STU001131,SCH028,2025-08-01,22,18,Medical
ATT202508001132,STU001132,SCH016,2025-08-01,20,17,Medical
ATT202508001133,STU001133,SCH024,2025-08-01,21,16,Other
ATT202508001134,STU001134,SCH004,2025-08-01,19,16,Family
ATT202508001135,STU001135,SCH001,2025-08-01,18,13,Medical
ATT202508001136,STU001136,SCH014,2025-08-01,21,18,Illness
ATT202508001137,STU001137,SCH005,2025-08-01,20,17,Illness
ATT202508001138,STU001138,SCH025,2025-08-01,22,21,Family
ATT202508001140,STU001140,SCH031,2025-08-01,20,16,Unauthorised
ATT202508001141,STU001141,SCH023,2025-08-01,19,15,Medical
ATT202508001142,STU001142,SCH027,2025-08-01,21,19,Family
ATT202508001143,STU001143,SCH029,2025-08-01,21,17,Unauthorised
ATT202508001144,STU001144,SCH014,2025-08-01,18,15,Illness
ATT202508001145,STU001145,SCH032,2025-08-01,19,16,Other
ATT202508001146,STU001146,SCH021,2025-08-01,20,16,Medical
ATT202508001147,STU001147,SCH044,2025-08-01,18,16,Illness
ATT202508001148,STU001148,SCH048,2025-08-01,22,19,Other
ATT202508001149,STU001149,SCH013,2025-08-01,18,16,Other
ATT202508001150,STU001150,SCH045,2025-08-01,22,18,Medical
ATT202508001151,STU001151,SCH041,2025-08-01,20,17,Other
ATT202508001152,STU001152,SCH019,2025-08-01,19,16,Other
ATT202508001153,STU001153,SCH046,2025-08-01,20,16,Other
ATT202508001154,STU001154,SCH045,2025-08-01,22,18,Family
ATT202508001155,STU001155,SCH029,2025-08-01,18,14,Unauthorised
ATT202508001156,STU001156,SCH032,2025-08-01,20,17,Unauthorised
ATT202508001157,STU001157,SCH016,2025-08-01,18,15,Illness
ATT202508001158,STU001158,SCH014,2025-08-01,22,19,Other
ATT202508001159,STU001159,SCH042,2025-08-01,21,17,Unauthorised
ATT202508001160,STU001160,SCH038,2025-08-01,22,20,Medical
ATT202508001161,STU001161,SCH038,2025-08-01,20,18,Family
ATT202508001162,STU001162,SCH031,2025-08-01,22,18,Illness
ATT202508001163,STU001163,SCH014,2025-08-01,21,18,Medical
ATT202508001164,STU001164,SCH036,2025-08-01,22,19,Other
ATT202508001165,STU001165,SCH032,2025-08-01,20,17,Family
ATT202508001166,STU001166,SCH004,2025-08-01,22,20,Other
ATT202508001168,STU001168,SCH044,2025-08-01,20,17,Medical
ATT202508001169,STU001169,SCH026,2025-08-01,22,18,Family
ATT202508001170,STU001170,SCH033,2025-08-01,20,16,Family
ATT202508001171,STU001171,SCH048,2025-08-01,22,20,Other
ATT202508001172,STU001172,SCH006,2025-08-01,21,18,Illness
ATT202508001173,STU001173,SCH030,2025-08-01,21,17,Medical
ATT202508001174,STU001174,SCH004,2025-08-01,22,19,Other
ATT202508001175,STU001175,SCH037,2025-08-01,20,17,Medical
ATT202508001176,STU001176,SCH032,2025-08-01,18,14,Unauthorised
ATT202508001177,STU001177,SCH042,2025-08-01,21,15,Illness
ATT202508001178,STU001178,SCH013,2025-08-01,19,15,Illness
ATT202508001179,STU001179,SCH024,2025-08-01,22,17,Other
ATT202508001180,STU001180,SCH035,2025-08-01,18,15,Family
ATT202508001181,STU001181,SCH002,2025-08-01,18,13,Family
ATT202508001182,STU001182,SCH010,2025-08-01,20,17,Family
ATT202508001185,STU001185,SCH010,2025-08-01,21,18,Family
ATT202508001186,STU001186,SCH021,2025-08-01,21,16,Unauthorised
ATT202508001187,STU001187,SCH031,2025-08-01,21,15,Unauthorised
ATT202508001188,STU001188,SCH001,2025-08-01,22,17,Illness
ATT202508001189,STU001189,SCH017,2025-08-01,20,18,Illness
ATT202508001190,STU001190,SCH004,2025-08-01,22,19,Illness
ATT202508001191,STU001191,SCH002,2025-08-01,18,15,Unauthorised
ATT202508001192,STU001192,SCH032,2025-08-01,20,16,Unauthorised
ATT202508001194,STU001194,SCH024,2025-08-01,18,15,Other
ATT202508001195,STU001195,SCH049,2025-08-01,18,14,Illness
ATT202508001196,STU001196,SCH048,2025-08-01,20,18,Illness
ATT202508001197,STU001197,SCH013,2025-08-01,18,16,Other
ATT202508001198,STU001198,SCH020,2025-08-01,21,18,Unauthorised
ATT202508001199,STU001199,SCH020,2025-08-01,20,18,Medical
ATT202508001201,STU001201,SCH040,2025-08-01,19,16,Unauthorised
ATT202508001202,STU001202,SCH013,2025-08-01,22,18,Illness
ATT202508001203,STU001203,SCH004,2025-08-01,19,15,Unauthorised
ATT202508001204,STU001204,SCH019,2025-08-01,20,17,Other
ATT202508001205,STU001205,SCH031,2025-08-01,18,15,Other
ATT202508001206,STU001206,SCH028,2025-08-01,22,18,Unauthorised
ATT202508001207,STU001207,SCH024,2025-08-01,22,18,Medical
ATT202508001208,STU001208,SCH027,2025-08-01,18,15,Unauthorised
ATT202508001209,STU001209,SCH042,2025-08-01,21,17,Illness
ATT202508001210,STU001210,SCH017,2025-08-01,20,16,Unauthorised
ATT202508001211,STU001211,SCH032,2025-08-01,21,18,Unauthorised
ATT202508001212,STU001212,SCH019,2025-08-01,20,17,Illness
ATT202508001213,STU001213,SCH015,2025-08-01,18,16,Illness
ATT202508001214,STU001214,SCH024,2025-08-01,22,17,Other
ATT202508001216,STU001216,SCH031,2025-08-01,18,16,Medical
ATT202508001217,STU001217,SCH026,2025-08-01,19,17,Medical
ATT202508001218,STU001218,SCH009,2025-08-01,22,17,Illness
ATT202508001219,STU001219,SCH035,2025-08-01,21,18,Medical
ATT202508001220,STU001220,SCH016,2025-08-01,19,17,Illness
ATT202508001221,STU001221,SCH038,2025-08-01,19,17,Unauthorised
ATT202508001222,STU001222,SCH031,2025-08-01,20,18,Other
ATT202508001223,STU001223,SCH036,2025-08-01,18,15,Medical
ATT202508001224,STU001224,SCH010,2025-08-01,21,18,Medical
ATT202508001225,STU001225,SCH037,2025-08-01,18,16,Other
ATT202508001226,STU001226,SCH045,2025-08-01,18,14,Illness
ATT202508001227,STU001227,SCH004,2025-08-01,21,19,Other
ATT202508001228,STU001228,SCH031,2025-08-01,20,16,Other
ATT202508001229,STU001229,SCH046,2025-08-01,20,18,Medical
ATT202508001230,STU001230,SCH035,2025-08-01,20,17,Illness
ATT202508001231,STU001231,SCH031,2025-08-01,18,14,Medical
ATT202508001232,STU001232,SCH027,2025-08-01,20,15,Family
ATT202508001233,STU001233,SCH028,2025-08-01,18,14,Unauthorised
ATT202508001237,STU001237,SCH040,2025-08-01,21,18,Other
ATT202508001238,STU001238,SCH020,2025-08-01,19,16,Illness
ATT202508001239,STU001239,SCH019,2025-08-01,20,17,Illness
ATT202508001240,STU001240,SCH031,2025-08-01,19,15,Other
ATT202508001241,STU001241,SCH029,2025-08-01,19,15,Unauthorised
ATT202508001242,STU001242,SCH018,2025-08-01,19,17,Other
ATT202508001244,STU001244,SCH039,2025-08-01,21,17,Family
ATT202508001245,STU001245,SCH008,2025-08-01,19,16,Other
ATT202508001246,STU001246,SCH049,2025-08-01,18,14,Other
ATT202508001247,STU001247,SCH046,2025-08-01,21,18,Family
ATT202508001248,STU001248,SCH024,2025-08-01,22,17,Family
ATT202508001249,STU001249,SCH047,2025-08-01,22,19,Other
ATT202508001250,STU001250,SCH047,2025-08-01,19,15,Family
ATT202508001251,STU001251,SCH002,2025-08-01,19,14,Illness
ATT202508001252,STU001252,SCH040,2025-08-01,18,15,Medical
ATT202508001253,STU001253,SCH005,2025-08-01,18,15,Unauthorised
ATT202508001254,STU001254,SCH033,2025-08-01,22,20,Illness
ATT202508001255,STU001255,SCH037,2025-08-01,18,16,Unauthorised
ATT202508001256,STU001256,SCH032,2025-08-01,22,18,Unauthorised
ATT202508001257,STU001257,SCH036,2025-08-01,20,18,Other
ATT202508001258,STU001258,SCH013,2025-08-01,21,18,Illness
ATT202508001259,STU001259,SCH012,2025-08-01,18,15,Other
ATT202508001260,STU001260,SCH040,2025-08-01,19,18,Other
ATT202508001261,STU001261,SCH021,2025-08-01,21,18,Family
ATT202508001262,STU001262,SCH019,2025-08-01,21,18,Illness
ATT202508001263,STU001263,SCH016,2025-08-01,21,18,Medical
ATT202508001264,STU001264,SCH037,2025-08-01,22,19,Illness
ATT202508001265,STU001265,SCH013,2025-08-01,22,19,Illness
ATT202508001266,STU001266,SCH005,2025-08-01,19,16,Other
ATT202508001267,STU001267,SCH035,2025-08-01,21,16,Other
ATT202508001268,STU001268,SCH044,2025-08-01,21,18,Medical
ATT202508001269,STU001269,SCH021,2025-08-01,19,14,Illness
ATT202508001271,STU001271,SCH025,2025-08-01,19,16,Medical
ATT202508001272,STU001272,SCH043,2025-08-01,21,16,Illness
ATT202508001273,STU001273,SCH019,2025-08-01,22,19,Unauthorised
ATT202508001274,STU001274,SCH032,2025-08-01,21,18,Unauthorised
ATT202508001275,STU001275,SCH010,2025-08-01,22,19,Medical
ATT202508001276,STU001276,SCH011,2025-08-01,19,17,Illness
ATT202508001278,STU001278,SCH002,2025-08-01,18,15,Family
ATT202508001279,STU001279,SCH009,2025-08-01,20,16,Unauthorised
ATT202508001280,STU001280,SCH018,2025-08-01,18,16,Other
ATT202508001281,STU001281,SCH008,2025-08-01,21,17,Unauthorised
ATT202508001282,STU001282,SCH006,2025-08-01,19,16,Other
ATT202508001283,STU001283,SCH028,2025-08-01,18,14,Other
ATT202508001284,STU001284,SCH030,2025-08-01,21,18,Medical
ATT202508001285,STU001285,SCH014,2025-08-01,21,17,Family
ATT202508001286,STU001286,SCH023,2025-08-01,18,15,Illness
ATT202508001287,STU001287,SCH014,2025-08-01,19,16,Medical
ATT202508001288,STU001288,SCH029,2025-08-01,20,17,Other
ATT202508001289,STU001289,SCH023,2025-08-01,20,17,Family
ATT202508001290,STU001290,SCH045,2025-08-01,20,17,Other
ATT202508001291,STU001291,SCH013,2025-08-01,22,19,Medical
ATT202508001292,STU001292,SCH010,2025-08-01,19,15,Family
ATT202508001293,STU001293,SCH005,2025-08-01,20,17,Other
ATT202508001294,STU001294,SCH015,2025-08-01,18,16,Unauthorised
ATT202508001295,STU001295,SCH012,2025-08-01,20,16,Illness
ATT202508001296,STU001296,SCH031,2025-08-01,18,16,Medical
ATT202508001297,STU001297,SCH038,2025-08-01,20,18,Family
ATT202508001298,STU001298,SCH027,2025-08-01,20,16,Family
ATT202508001299,STU001299,SCH022,2025-08-01,22,18,Family
ATT202508001300,STU001300,SCH049,2025-08-01,18,14,Family
ATT202508001301,STU001301,SCH012,2025-08-01,20,16,Medical
ATT202508001302,STU001302,SCH041,2025-08-01,19,16,Medical
ATT202508001303,STU001303,SCH019,2025-08-01,21,17,Unauthorised
ATT202508001304,STU001304,SCH044,2025-08-01,21,16,Illness
ATT202508001305,STU001305,SCH046,2025-08-01,20,18,Illness
ATT202508001306,STU001306,SCH011,2025-08-01,22,19,Unauthorised
ATT202508001307,STU001307,SCH036,2025-08-01,18,15,Unauthorised
ATT202508001308,STU001308,SCH029,2025-08-01,19,17,Other
ATT202508001310,STU001310,SCH031,2025-08-01,20,17,Medical
ATT202508001311,STU001311,SCH049,2025-08-01,21,16,Family
ATT202508001312,STU001312,SCH046,2025-08-01,22,17,Medical
ATT202508001313,STU001313,SCH022,2025-08-01,21,15,Family
ATT202508001314,STU001314,SCH019,2025-08-01,19,18,Unauthorised
ATT202508001315,STU001315,SCH032,2025-08-01,18,15,Medical
ATT202508001317,STU001317,SCH048,2025-08-01,19,16,Medical
ATT202508001318,STU001318,SCH016,2025-08-01,20,17,Other
ATT202508001319,STU001319,SCH039,2025-08-01,22,19,Illness
ATT202508001320,STU001320,SCH043,2025-08-01,19,15,Illness
ATT202508001321,STU001321,SCH049,2025-08-01,22,16,Medical
ATT202508001322,STU001322,SCH024,2025-08-01,22,19,Family
ATT202508001323,STU001323,SCH012,2025-08-01,19,15,Medical
ATT202508001324,STU001324,SCH003,2025-08-01,18,15,Family
ATT202508001325,STU001325,SCH008,2025-08-01,19,17,Family
ATT202508001326,STU001326,SCH030,2025-08-01,19,15,Medical
ATT202508001327,STU001327,SCH022,2025-08-01,20,16,Medical
ATT202508001328,STU001328,SCH030,2025-08-01,20,18,Medical
ATT202508001329,STU001329,SCH006,2025-08-01,21,18,Illness
ATT202508001331,STU001331,SCH013,2025-08-01,18,16,Medical
ATT202508001332,STU001332,SCH023,2025-08-01,20,17,Medical
ATT202508001333,STU001333,SCH044,2025-08-01,19,16,Unauthorised
ATT202508001334,STU001334,SCH006,2025-08-01,22,20,Other
ATT202508001335,STU001335,SCH013,2025-08-01,22,18,Medical
ATT202508001336,STU001336,SCH048,2025-08-01,19,16,Medical
ATT202508001337,STU001337,SCH044,2025-08-01,19,16,Illness
ATT202508001338,STU001338,SCH046,2025-08-01,18,16,Illness
ATT202508001339,STU001339,SCH046,2025-08-01,18,15,Medical
ATT202508001340,STU001340,SCH030,2025-08-01,19,17,Family
ATT202508001342,STU001342,SCH032,2025-08-01,19,15,Unauthorised
ATT202508001343,STU001343,SCH033,2025-08-01,18,15,Illness
ATT202508001344,STU001344,SCH039,2025-08-01,21,20,Other
ATT202508001345,STU001345,SCH027,2025-08-01,22,17,Other
ATT202508001346,STU001346,SCH012,2025-08-01,18,15,Medical
ATT202508001347,STU001347,SCH007,2025-08-01,18,14,Medical
ATT202508001348,STU001348,SCH035,2025-08-01,18,15,Other
ATT202508001349,STU001349,SCH036,2025-08-01,19,16,Other
ATT202508001350,STU001350,SCH048,2025-08-01,22,20,Other
ATT202508001351,STU001351,SCH045,2025-08-01,22,19,Other
ATT202508001352,STU001352,SCH031,2025-08-01,18,14,Unauthorised
ATT202508001353,STU001353,SCH034,2025-08-01,18,15,Other
ATT202508001354,STU001354,SCH021,2025-08-01,22,17,Medical
ATT202508001355,STU001355,SCH013,2025-08-01,19,17,Other
ATT202508001356,STU001356,SCH041,2025-08-01,20,16,Illness
ATT202508001357,STU001357,SCH048,2025-08-01,19,15,Other
ATT202508001358,STU001358,SCH037,2025-08-01,22,19,Family
ATT202508001359,STU001359,SCH026,2025-08-01,18,14,Other
ATT202508001360,STU001360,SCH014,2025-08-01,18,16,Unauthorised
ATT202508001361,STU001361,SCH022,2025-08-01,21,17,Illness
ATT202508001362,STU001362,SCH048,2025-08-01,19,17,Other
ATT202508001363,STU001363,SCH048,2025-08-01,18,15,Family
ATT202508001364,STU001364,SCH037,2025-08-01,19,17,Unauthorised
ATT202508001365,STU001365,SCH027,2025-08-01,20,17,Medical
ATT202508001366,STU001366,SCH033,2025-08-01,22,18,Family
ATT202508001367,STU001367,SCH044,2025-08-01,20,16,Unauthorised
ATT202508001369,STU001369,SCH005,2025-08-01,22,18,Other
ATT202508001370,STU001370,SCH013,2025-08-01,20,18,Family
ATT202508001371,STU001371,SCH043,2025-08-01,18,15,Unauthorised
ATT202508001372,STU001372,SCH022,2025-08-01,22,17,Family
ATT202508001373,STU001373,SCH023,2025-08-01,19,16,Illness
ATT202508001374,STU001374,SCH026,2025-08-01,22,19,Other
ATT202508001375,STU001375,SCH037,2025-08-01,19,17,Other
ATT202508001376,STU001376,SCH022,2025-08-01,18,14,Unauthorised
ATT202508001377,STU001377,SCH035,2025-08-01,18,14,Medical
ATT202508001378,STU001378,SCH046,2025-08-01,20,16,Unauthorised
ATT202508001379,STU001379,SCH012,2025-08-01,21,17,Illness
ATT202508001380,STU001380,SCH007,2025-08-01,21,18,Other
ATT202508001381,STU001381,SCH010,2025-08-01,18,15,Medical
ATT202508001382,STU001382,SCH018,2025-08-01,18,14,Unauthorised
ATT202508001384,STU001384,SCH027,2025-08-01,22,19,Family
ATT202508001385,STU001385,SCH021,2025-08-01,18,14,Medical
ATT202508001386,STU001386,SCH024,2025-08-01,21,17,Family
ATT202508001387,STU001387,SCH004,2025-08-01,21,17,Family
ATT202508001388,STU001388,SCH035,2025-08-01,21,17,Illness
ATT202508001390,STU001390,SCH030,2025-08-01,19,17,Medical
ATT202508001391,STU001391,SCH029,2025-08-01,18,14,Family
ATT202508001392,STU001392,SCH049,2025-08-01,19,15,Illness
ATT202508001393,STU001393,SCH020,2025-08-01,20,20,
ATT202508001394,STU001394,SCH012,2025-08-01,18,16,Unauthorised
ATT202508001396,STU001396,SCH029,2025-08-01,22,17,Medical
ATT202508001397,STU001397,SCH037,2025-08-01,18,17,Illness
ATT202508001398,STU001398,SCH018,2025-08-01,21,18,Illness
ATT202508001399,STU001399,SCH027,2025-08-01,22,19,Illness
ATT202508001400,STU001400,SCH032,2025-08-01,22,18,Illness
ATT202508001401,STU001401,SCH047,2025-08-01,22,18,Medical
ATT202508001402,STU001402,SCH027,2025-08-01,22,17,Unauthorised
ATT202508001403,STU001403,SCH048,2025-08-01,21,19,Other
ATT202508001404,STU001404,SCH048,2025-08-01,22,19,Unauthorised
ATT202508001405,STU001405,SCH015,2025-08-01,21,18,Family
ATT202508001406,STU001406,SCH039,2025-08-01,21,18,Illness
ATT202508001407,STU001407,SCH036,2025-08-01,21,19,Unauthorised
ATT202508001408,STU001408,SCH009,2025-08-01,20,17,Unauthorised
ATT202508001409,STU001409,SCH019,2025-08-01,19,18,Illness
ATT202508001410,STU001410,SCH045,2025-08-01,22,17,Other
ATT202508001411,STU001411,SCH009,2025-08-01,20,18,Illness
ATT202508001412,STU001412,SCH027,2025-08-01,19,17,Other
ATT202508001413,STU001413,SCH046,2025-08-01,20,16,Illness
ATT202508001415,STU001415,SCH005,2025-08-01,18,16,Medical
ATT202508001416,STU001416,SCH016,2025-08-01,19,16,Medical
ATT202508001418,STU001418,SCH026,2025-08-01,18,15,Illness
ATT202508001419,STU001419,SCH031,2025-08-01,19,15,Unauthorised
ATT202508001420,STU001420,SCH038,2025-08-01,22,20,Other
ATT202508001421,STU001421,SCH001,2025-08-01,22,18,Other
ATT202508001422,STU001422,SCH006,2025-08-01,20,17,Family
ATT202508001423,STU001423,SCH007,2025-08-01,18,14,Illness
ATT202508001424,STU001424,SCH005,2025-08-01,18,16,Illness
ATT202508001425,STU001425,SCH043,2025-08-01,22,17,Medical
ATT202508001426,STU001426,SCH029,2025-08-01,20,16,Illness
ATT202508001427,STU001427,SCH007,2025-08-01,19,15,Illness
ATT202508001428,STU001428,SCH031,2025-08-01,22,16,Unauthorised
ATT202508001429,STU001429,SCH046,2025-08-01,20,15,Medical
ATT202508001431,STU001431,SCH020,2025-08-01,19,17,Family
ATT202508001432,STU001432,SCH022,2025-08-01,19,15,Illness
ATT202508001433,STU001433,SCH031,2025-08-01,18,14,Family
ATT202508001434,STU001434,SCH042,2025-08-01,21,17,Other
ATT202508001435,STU001435,SCH037,2025-08-01,19,16,Other
ATT202508001439,STU001439,SCH048,2025-08-01,18,16,Other
ATT202508001441,STU001441,SCH039,2025-08-01,18,16,Family
ATT202508001442,STU001442,SCH029,2025-08-01,21,18,Medical
ATT202508001443,STU001443,SCH016,2025-08-01,22,20,Illness
ATT202508001444,STU001444,SCH030,2025-08-01,21,17,Other
ATT202508001445,STU001445,SCH047,2025-08-01,19,17,Family
ATT202508001446,STU001446,SCH029,2025-08-01,21,17,Unauthorised
ATT202508001447,STU001447,SCH036,2025-08-01,21,18,Family
ATT202508001448,STU001448,SCH035,2025-08-01,21,17,Other
ATT202508001449,STU001449,SCH001,2025-08-01,19,16,Other
ATT202508001450,STU001450,SCH047,2025-08-01,19,16,Unauthorised
ATT202508001451,STU001451,SCH048,2025-08-01,19,15,Unauthorised
ATT202508001452,STU001452,SCH021,2025-08-01,18,15,Illness
ATT202508001454,STU001454,SCH038,2025-08-01,21,18,Unauthorised
ATT202508001455,STU001455,SCH048,2025-08-01,18,16,Unauthorised
ATT202508001456,STU001456,SCH016,2025-08-01,22,18,Illness
ATT202508001457,STU001457,SCH011,2025-08-01,21,17,Medical
ATT202508001458,STU001458,SCH030,2025-08-01,21,19,Medical
ATT202508001459,STU001459,SCH004,2025-08-01,19,16,Illness
ATT202508001460,STU001460,SCH008,2025-08-01,19,17,Other
ATT202508001461,STU001461,SCH017,2025-08-01,19,15,Unauthorised
ATT202508001462,STU001462,SCH008,2025-08-01,18,17,Family
ATT202508001463,STU001463,SCH013,2025-08-01,22,19,Illness
ATT202508001464,STU001464,SCH044,2025-08-01,21,17,Illness
ATT202508001465,STU001465,SCH030,2025-08-01,19,17,Family
ATT202508001466,STU001466,SCH016,2025-08-01,22,19,Unauthorised
ATT202508001467,STU001467,SCH011,2025-08-01,22,18,Family
ATT202508001468,STU001468,SCH018,2025-08-01,22,18,Illness
ATT202508001469,STU001469,SCH016,2025-08-01,19,16,Illness
ATT202508001470,STU001470,SCH015,2025-08-01,21,17,Illness
ATT202508001471,STU001471,SCH008,2025-08-01,22,20,Unauthorised
ATT202508001472,STU001472,SCH010,2025-08-01,22,17,Illness
ATT202508001473,STU001473,SCH008,2025-08-01,22,18,Unauthorised
ATT202508001474,STU001474,SCH045,2025-08-01,20,16,Family
ATT202508001475,STU001475,SCH035,2025-08-01,18,14,Illness
ATT202508001476,STU001476,SCH004,2025-08-01,21,17,Illness
ATT202508001477,STU001477,SCH011,2025-08-01,21,19,Other
ATT202508001478,STU001478,SCH010,2025-08-01,19,16,Medical
ATT202508001479,STU001479,SCH022,2025-08-01,18,17,Illness
ATT202508001481,STU001481,SCH013,2025-08-01,21,19,Medical
ATT202508001482,STU001482,SCH018,2025-08-01,20,17,Family
ATT202508001483,STU001483,SCH018,2025-08-01,20,17,Other
ATT202508001485,STU001485,SCH020,2025-08-01,21,18,Medical
ATT202508001486,STU001486,SCH034,2025-08-01,20,15,Family
ATT202508001487,STU001487,SCH035,2025-08-01,20,16,Medical
ATT202508001488,STU001488,SCH043,2025-08-01,20,17,Unauthorised
ATT202508001489,STU001489,SCH023,2025-08-01,22,17,Medical
ATT202508001490,STU001490,SCH044,2025-08-01,21,18,Family
ATT202508001491,STU001491,SCH015,2025-08-01,22,18,Other
ATT202508001493,STU001493,SCH023,2025-08-01,22,18,Other
ATT202508001494,STU001494,SCH012,2025-08-01,21,17,Other
ATT202508001496,STU001496,SCH038,2025-08-01,19,16,Unauthorised
ATT202508001497,STU001497,SCH016,2025-08-01,22,20,Illness
ATT202508001498,STU001498,SCH036,2025-08-01,19,16,Medical
ATT202508001499,STU001499,SCH019,2025-08-01,21,19,Illness
ATT202508001500,STU001500,SCH016,2025-08-01,18,16,Unauthorised
ATT202508001501,STU001501,SCH005,2025-08-01,20,18,Unauthorised
ATT202508001502,STU001502,SCH010,2025-08-01,21,16,Unauthorised
ATT202508001503,STU001503,SCH021,2025-08-01,22,17,Illness
ATT202508001505,STU001505,SCH007,2025-08-01,21,18,Family
ATT202508001506,STU001506,SCH036,2025-08-01,18,17,Family
ATT202508001507,STU001507,SCH045,2025-08-01,22,17,Family
ATT202508001508,STU001508,SCH031,2025-08-01,19,17,Family
ATT202508001509,STU001509,SCH021,2025-08-01,18,14,Other
ATT202508001510,STU001510,SCH047,2025-08-01,19,17,Illness
ATT202508001511,STU001511,SCH007,2025-08-01,22,18,Unauthorised
ATT202508001513,STU001513,SCH008,2025-08-01,20,17,Medical
ATT202508001514,STU001514,SCH003,2025-08-01,21,19,Other
ATT202508001515,STU001515,SCH045,2025-08-01,20,16,Unauthorised
ATT202508001516,STU001516,SCH029,2025-08-01,18,15,Unauthorised
ATT202508001517,STU001517,SCH017,2025-08-01,22,19,Medical
ATT202508001518,STU001518,SCH027,2025-08-01,19,15,Unauthorised
ATT202508001519,STU001519,SCH028,2025-08-01,20,17,Unauthorised
ATT202508001520,STU001520,SCH026,2025-08-01,22,19,Family
ATT202508001521,STU001521,SCH040,2025-08-01,18,14,Medical
ATT202508001522,STU001522,SCH040,2025-08-01,22,19,Medical
ATT202508001523,STU001523,SCH044,2025-08-01,19,15,Other
ATT202508001524,STU001524,SCH001,2025-08-01,19,15,Unauthorised
ATT202508001525,STU001525,SCH009,2025-08-01,21,18,Family
ATT202508001526,STU001526,SCH040,2025-08-01,22,18,Unauthorised
ATT202508001527,STU001527,SCH029,2025-08-01,18,16,Illness
ATT202508001529,STU001529,SCH030,2025-08-01,18,17,Family
ATT202508001530,STU001530,SCH032,2025-08-01,21,17,Other
ATT202508001531,STU001531,SCH038,2025-08-01,20,17,Unauthorised
ATT202508001532,STU001532,SCH029,2025-08-01,19,16,Family
ATT202508001533,STU001533,SCH020,2025-08-01,21,18,Other
ATT202508001534,STU001534,SCH019,2025-08-01,19,17,Unauthorised
ATT202508001535,STU001535,SCH041,2025-08-01,18,16,Illness
ATT202508001536,STU001536,SCH013,2025-08-01,19,17,Unauthorised
ATT202508001538,STU001538,SCH028,2025-08-01,21,16,Illness
ATT202508001539,STU001539,SCH039,2025-08-01,19,15,Medical
ATT202508001540,STU001540,SCH030,2025-08-01,20,16,Other
ATT202508001541,STU001541,SCH017,2025-08-01,20,16,Family
ATT202508001542,STU001542,SCH039,2025-08-01,18,16,Family
ATT202508001543,STU001543,SCH011,2025-08-01,18,15,Medical
ATT202508001544,STU001544,SCH011,2025-08-01,19,15,Medical
ATT202508001545,STU001545,SCH025,2025-08-01,18,17,Family
ATT202508001547,STU001547,SCH014,2025-08-01,18,14,Illness
ATT202508001548,STU001548,SCH003,2025-08-01,18,16,Family
ATT202508001549,STU001549,SCH038,2025-08-01,22,19,Medical
ATT202508001550,STU001550,SCH012,2025-08-01,19,15,Medical
ATT202508001551,STU001551,SCH016,2025-08-01,21,18,Family
ATT202508001552,STU001552,SCH020,2025-08-01,22,18,Family
ATT202508001553,STU001553,SCH030,2025-08-01,22,20,Unauthorised
ATT202508001554,STU001554,SCH048,2025-08-01,18,16,Family
ATT202508001555,STU001555,SCH047,2025-08-01,22,19,Medical
ATT202508001556,STU001556,SCH034,2025-08-01,21,19,Other
ATT202508001557,STU001557,SCH038,2025-08-01,21,17,Illness
ATT202508001558,STU001558,SCH037,2025-08-01,21,17,Family
ATT202508001559,STU001559,SCH033,2025-08-01,19,16,Family
ATT202508001560,STU001560,SCH041,2025-08-01,20,17,Medical
ATT202508001561,STU001561,SCH041,2025-08-01,20,18,Unauthorised
ATT202508001562,STU001562,SCH011,2025-08-01,19,15,Family
ATT202508001563,STU001563,SCH045,2025-08-01,18,16,Illness
ATT202508001564,STU001564,SCH002,2025-08-01,19,14,Medical
ATT202508001566,STU001566,SCH013,2025-08-01,20,19,Other
ATT202508001567,STU001567,SCH046,2025-08-01,22,19,Family
ATT202508001569,STU001569,SCH016,2025-08-01,21,18,Other
ATT202508001570,STU001570,SCH035,2025-08-01,21,17,Family
ATT202508001571,STU001571,SCH034,2025-08-01,21,16,Illness
ATT202508001572,STU001572,SCH039,2025-08-01,18,16,Illness
ATT202508001573,STU001573,SCH011,2025-08-01,20,17,Other
ATT202508001574,STU001574,SCH046,2025-08-01,20,14,Unauthorised
ATT202508001575,STU001575,SCH003,2025-08-01,21,18,Illness
ATT202508001576,STU001576,SCH031,2025-08-01,22,16,Medical
ATT202508001577,STU001577,SCH046,2025-08-01,22,19,Unauthorised
ATT202508001578,STU001578,SCH046,2025-08-01,19,16,Family
ATT202508001579,STU001579,SCH011,2025-08-01,20,17,Illness
ATT202508001580,STU001580,SCH044,2025-08-01,20,16,Unauthorised
ATT202508001581,STU001581,SCH023,2025-08-01,19,16,Illness
ATT202508001582,STU001582,SCH007,2025-08-01,21,17,Unauthorised
ATT202508001584,STU001584,SCH033,2025-08-01,19,16,Medical
ATT202508001585,STU001585,SCH013,2025-08-01,18,16,Other
ATT202508001586,STU001586,SCH046,2025-08-01,20,17,Other
ATT202508001587,STU001587,SCH012,2025-08-01,19,16,Family
ATT202508001588,STU001588,SCH008,2025-08-01,21,18,Family
ATT202508001589,STU001589,SCH048,2025-08-01,20,18,Unauthorised
ATT202508001590,STU001590,SCH008,2025-08-01,22,19,Unauthorised
ATT202508001591,STU001591,SCH043,2025-08-01,22,20,Medical
ATT202508001592,STU001592,SCH015,2025-08-01,20,18,Illness
ATT202508001593,STU001593,SCH022,2025-08-01,20,15,Medical
ATT202508001594,STU001594,SCH024,2025-08-01,18,13,Other
ATT202508001595,STU001595,SCH047,2025-08-01,21,19,Medical
ATT202508001597,STU001597,SCH031,2025-08-01,18,15,Illness
ATT202508001598,STU001598,SCH039,2025-08-01,20,17,Other
ATT202508001599,STU001599,SCH013,2025-08-01,21,17,Illness
ATT202508001600,STU001600,SCH047,2025-08-01,20,18,Other
ATT202508001601,STU001601,SCH009,2025-08-01,21,18,Unauthorised
ATT202508001602,STU001602,SCH036,2025-08-01,18,16,Other
ATT202508001603,STU001603,SCH046,2025-08-01,22,18,Other
ATT202508001604,STU001604,SCH037,2025-08-01,18,16,Family
ATT202508001605,STU001605,SCH037,2025-08-01,18,16,Other
ATT202508001606,STU001606,SCH044,2025-08-01,18,16,Unauthorised
ATT202508001607,STU001607,SCH014,2025-08-01,20,17,Unauthorised
ATT202508001609,STU001609,SCH039,2025-08-01,20,17,Family
ATT202508001610,STU001610,SCH011,2025-08-01,20,18,Family
ATT202508001611,STU001611,SCH001,2025-08-01,20,17,Illness
ATT202508001612,STU001612,SCH020,2025-08-01,22,19,Other
ATT202508001613,STU001613,SCH014,2025-08-01,22,17,Medical
ATT202508001614,STU001614,SCH010,2025-08-01,19,17,Family
ATT202508001615,STU001615,SCH031,2025-08-01,22,19,Other
ATT202508001616,STU001616,SCH022,2025-08-01,18,14,Medical
ATT202508001617,STU001617,SCH041,2025-08-01,22,18,Unauthorised
ATT202508001618,STU001618,SCH045,2025-08-01,22,19,Other
ATT202508001619,STU001619,SCH028,2025-08-01,18,14,Illness
ATT202508001620,STU001620,SCH008,2025-08-01,18,16,Unauthorised
ATT202508001621,STU001621,SCH033,2025-08-01,22,20,Medical
ATT202508001622,STU001622,SCH023,2025-08-01,21,18,Other
ATT202508001623,STU001623,SCH023,2025-08-01,22,18,Family
ATT202508001624,STU001624,SCH046,2025-08-01,21,16,Unauthorised
ATT202508001627,STU001627,SCH018,2025-08-01,21,17,Medical
ATT202508001628,STU001628,SCH044,2025-08-01,20,16,Family
ATT202508001629,STU001629,SCH047,2025-08-01,20,17,Family
ATT202508001631,STU001631,SCH003,2025-08-01,22,18,Medical
ATT202508001632,STU001632,SCH003,2025-08-01,21,19,Illness
ATT202508001633,STU001633,SCH024,2025-08-01,18,14,Unauthorised
ATT202508001634,STU001634,SCH005,2025-08-01,21,17,Other
ATT202508001636,STU001636,SCH032,2025-08-01,19,15,Illness
ATT202508001637,STU001637,SCH032,2025-08-01,21,18,Illness
ATT202508001638,STU001638,SCH006,2025-08-01,20,18,Medical
ATT202508001639,STU001639,SCH014,2025-08-01,18,14,Illness
ATT202508001640,STU001640,SCH040,2025-08-01,18,16,Illness
ATT202508001641,STU001641,SCH016,2025-08-01,19,16,Family
ATT202508001642,STU001642,SCH021,2025-08-01,21,17,Unauthorised
ATT202508001643,STU001643,SCH024,2025-08-01,20,13,Medical
ATT202508001644,STU001644,SCH022,2025-08-01,19,14,Family
ATT202508001645,STU001645,SCH036,2025-08-01,22,20,Family
ATT202508001646,STU001646,SCH022,2025-08-01,22,18,Other
ATT202508001647,STU001647,SCH040,2025-08-01,18,15,Medical
ATT202508001648,STU001648,SCH010,2025-08-01,20,17,Unauthorised
ATT202508001649,STU001649,SCH021,2025-08-01,20,15,Medical
ATT202508001650,STU001650,SCH002,2025-08-01,19,14,Other
ATT202508001651,STU001651,SCH037,2025-08-01,21,18,Other
ATT202508001652,STU001652,SCH045,2025-08-01,21,17,Illness
ATT202508001653,STU001653,SCH036,2025-08-01,19,18,Medical
ATT202508001654,STU001654,SCH029,2025-08-01,21,18,Unauthorised
ATT202508001655,STU001655,SCH027,2025-08-01,19,15,Family
ATT202508001656,STU001656,SCH024,2025-08-01,22,19,Family
ATT202508001657,STU001657,SCH034,2025-08-01,20,16,Unauthorised
ATT202508001658,STU001658,SCH010,2025-08-01,21,18,Medical
ATT202508001659,STU001659,SCH010,2025-08-01,18,14,Unauthorised
ATT202508001660,STU001660,SCH006,2025-08-01,21,18,Unauthorised
ATT202508001661,STU001661,SCH009,2025-08-01,21,17,Other
ATT202508001663,STU001663,SCH013,2025-08-01,20,18,Unauthorised
ATT202508001664,STU001664,SCH018,2025-08-01,18,16,Other
ATT202508001665,STU001665,SCH014,2025-08-01,18,14,Other
ATT202508001667,STU001667,SCH016,2025-08-01,20,16,Illness
ATT202508001668,STU001668,SCH032,2025-08-01,19,16,Family
ATT202508001669,STU001669,SCH039,2025-08-01,22,18,Unauthorised
ATT202508001670,STU001670,SCH036,2025-08-01,18,16,Other
ATT202508001671,STU001671,SCH001,2025-08-01,20,15,Other
ATT202508001672,STU001672,SCH030,2025-08-01,21,18,Other
ATT202508001673,STU001673,SCH002,2025-08-01,21,16,Illness
ATT202508001674,STU001674,SCH023,2025-08-01,19,14,Other
ATT202508001675,STU001675,SCH027,2025-08-01,21,20,Family
ATT202508001676,STU001676,SCH041,2025-08-01,22,19,Medical
ATT202508001677,STU001677,SCH038,2025-08-01,20,18,Family
ATT202508001678,STU001678,SCH042,2025-08-01,21,17,Other
ATT202508001679,STU001679,SCH019,2025-08-01,21,18,Medical
ATT202508001680,STU001680,SCH007,2025-08-01,20,16,Medical
ATT202508001681,STU001681,SCH015,2025-08-01,18,14,Medical
ATT202508001682,STU001682,SCH030,2025-08-01,22,19,Family
ATT202508001683,STU001683,SCH009,2025-08-01,22,17,Family
ATT202508001684,STU001684,SCH027,2025-08-01,22,18,Other
ATT202508001685,STU001685,SCH043,2025-08-01,20,17,Family
ATT202508001686,STU001686,SCH032,2025-08-01,20,17,Unauthorised
ATT202508001687,STU001687,SCH031,2025-08-01,22,15,Family
ATT202508001688,STU001688,SCH014,2025-08-01,21,18,Other
ATT202508001689,STU001689,SCH006,2025-08-01,18,14,Unauthorised
ATT202508001690,STU001690,SCH015,2025-08-01,22,20,Unauthorised
ATT202508001691,STU001691,SCH043,2025-08-01,20,17,Medical
ATT202508001692,STU001692,SCH043,2025-08-01,22,17,Medical
ATT202508001693,STU001693,SCH033,2025-08-01,21,18,Illness
ATT202508001694,STU001694,SCH003,2025-08-01,21,18,Illness
ATT202508001695,STU001695,SCH017,2025-08-01,22,17,Unauthorised
ATT202508001696,STU001696,SCH045,2025-08-01,19,16,Unauthorised
ATT202508001697,STU001697,SCH031,2025-08-01,22,19,Medical
ATT202508001698,STU001698,SCH046,2025-08-01,18,15,Other
ATT202508001699,STU001699,SCH018,2025-08-01,22,19,Unauthorised
ATT202508001700,STU001700,SCH045,2025-08-01,20,17,Medical
ATT202508001701,STU001701,SCH027,2025-08-01,22,18,Family
ATT202508001702,STU001702,SCH046,2025-08-01,20,18,Family
ATT202508001703,STU001703,SCH021,2025-08-01,21,18,Medical
ATT202508001704,STU001704,SCH029,2025-08-01,22,18,Other
ATT202508001705,STU001705,SCH007,2025-08-01,18,16,Illness
ATT202508001706,STU001706,SCH046,2025-08-01,22,17,Unauthorised
ATT202508001708,STU001708,SCH023,2025-08-01,20,17,Illness
ATT202508001709,STU001709,SCH001,2025-08-01,19,16,Medical
ATT202508001710,STU001710,SCH045,2025-08-01,22,18,Unauthorised
ATT202508001711,STU001711,SCH006,2025-08-01,21,18,Other
ATT202508001713,STU001713,SCH041,2025-08-01,20,17,Other
ATT202508001714,STU001714,SCH008,2025-08-01,20,17,Family
ATT202508001715,STU001715,SCH022,2025-08-01,19,16,Unauthorised
ATT202508001716,STU001716,SCH019,2025-08-01,22,20,Family
ATT202508001717,STU001717,SCH012,2025-08-01,21,17,Unauthorised
ATT202508001718,STU001718,SCH027,2025-08-01,21,18,Unauthorised
ATT202508001719,STU001719,SCH029,2025-08-01,22,18,Medical
ATT202508001720,STU001720,SCH004,2025-08-01,19,17,Medical
ATT202508001721,STU001721,SCH013,2025-08-01,19,17,Unauthorised
ATT202508001722,STU001722,SCH013,2025-08-01,18,16,Unauthorised
ATT202508001723,STU001723,SCH011,2025-08-01,19,16,Family
ATT202508001724,STU001724,SCH042,2025-08-01,19,15,Unauthorised
ATT202508001725,STU001725,SCH027,2025-08-01,21,17,Medical
ATT202508001726,STU001726,SCH031,2025-08-01,18,16,Unauthorised
ATT202508001727,STU001727,SCH007,2025-08-01,20,17,Family
ATT202508001728,STU001728,SCH039,2025-08-01,20,16,Medical
ATT202508001729,STU001729,SCH028,2025-08-01,20,18,Illness
ATT202508001730,STU001730,SCH029,2025-08-01,21,16,Other
ATT202508001731,STU001731,SCH024,2025-08-01,22,17,Family
ATT202508001732,STU001732,SCH010,2025-08-01,21,16,Unauthorised
ATT202508001733,STU001733,SCH018,2025-08-01,22,20,Family
ATT202508001734,STU001734,SCH034,2025-08-01,18,14,Medical
ATT202508001735,STU001735,SCH046,2025-08-01,18,14,Unauthorised
ATT202508001736,STU001736,SCH029,2025-08-01,21,15,Unauthorised
ATT202508001737,STU001737,SCH039,2025-08-01,21,17,Illness
ATT202508001738,STU001738,SCH014,2025-08-01,21,17,Other
ATT202508001739,STU001739,SCH004,2025-08-01,20,18,Illness
ATT202508001740,STU001740,SCH019,2025-08-01,18,15,Illness
ATT202508001741,STU001741,SCH009,2025-08-01,18,15,Medical
ATT202508001742,STU001742,SCH037,2025-08-01,20,18,Medical
ATT202508001743,STU001743,SCH014,2025-08-01,18,13,Unauthorised
ATT202508001744,STU001744,SCH041,2025-08-01,20,17,Medical
ATT202508001745,STU001745,SCH028,2025-08-01,19,16,Unauthorised
ATT202508001746,STU001746,SCH038,2025-08-01,18,15,Medical
ATT202508001748,STU001748,SCH020,2025-08-01,19,16,Illness
ATT202508001749,STU001749,SCH034,2025-08-01,18,15,Illness
ATT202508001750,STU001750,SCH021,2025-08-01,19,15,Family
ATT202508001751,STU001751,SCH009,2025-08-01,19,15,Family
ATT202508001752,STU001752,SCH031,2025-08-01,22,19,Illness
ATT202508001753,STU001753,SCH004,2025-08-01,18,16,Family
ATT202508001754,STU001754,SCH021,2025-08-01,20,17,Family
ATT202508001755,STU001755,SCH015,2025-08-01,18,14,Medical
ATT202508001756,STU001756,SCH018,2025-08-01,22,19,Unauthorised
ATT202508001757,STU001757,SCH028,2025-08-01,21,17,Medical
ATT202508001758,STU001758,SCH026,2025-08-01,18,16,Family
ATT202508001759,STU001759,SCH046,2025-08-01,21,19,Medical
ATT202508001760,STU001760,SCH005,2025-08-01,18,16,Unauthorised
ATT202508001761,STU001761,SCH028,2025-08-01,20,17,Family
ATT202508001762,STU001762,SCH043,2025-08-01,18,15,Unauthorised
ATT202508001763,STU001763,SCH046,2025-08-01,22,19,Other
ATT202508001764,STU001764,SCH014,2025-08-01,21,17,Unauthorised
ATT202508001765,STU001765,SCH011,2025-08-01,20,17,Family
ATT202508001766,STU001766,SCH028,2025-08-01,20,17,Other
ATT202508001767,STU001767,SCH047,2025-08-01,19,17,Family
ATT202508001768,STU001768,SCH011,2025-08-01,21,18,Family
ATT202508001769,STU001769,SCH039,2025-08-01,21,18,Illness
ATT202508001770,STU001770,SCH004,2025-08-01,19,16,Unauthorised
ATT202508001771,STU001771,SCH027,2025-08-01,22,18,Family
ATT202508001772,STU001772,SCH024,2025-08-01,18,15,Medical
ATT202508001773,STU001773,SCH015,2025-08-01,21,17,Unauthorised
ATT202508001774,STU001774,SCH020,2025-08-01,22,19,Family
ATT202508001776,STU001776,SCH037,2025-08-01,20,17,Illness
ATT202508001777,STU001777,SCH011,2025-08-01,20,19,Other
ATT202508001778,STU001778,SCH028,2025-08-01,22,19,Medical
ATT202508001779,STU001779,SCH048,2025-08-01,22,20,Unauthorised
ATT202508001780,STU001780,SCH009,2025-08-01,19,17,Illness
ATT202508001781,STU001781,SCH049,2025-08-01,22,19,Unauthorised
ATT202508001783,STU001783,SCH047,2025-08-01,20,17,Family
ATT202508001784,STU001784,SCH021,2025-08-01,20,16,Other
ATT202508001785,STU001785,SCH010,2025-08-01,21,18,Illness
ATT202508001786,STU001786,SCH011,2025-08-01,22,19,Family
ATT202508001787,STU001787,SCH021,2025-08-01,20,16,Illness
ATT202508001788,STU001788,SCH016,2025-08-01,18,16,Other
ATT202508001791,STU001791,SCH042,2025-08-01,21,15,Other
ATT202508001792,STU001792,SCH044,2025-08-01,18,16,Family
ATT202508001793,STU001793,SCH014,2025-08-01,20,16,Illness
ATT202508001794,STU001794,SCH029,2025-08-01,18,14,Illness
ATT202508001795,STU001795,SCH042,2025-08-01,20,17,Unauthorised
ATT202508001796,STU001796,SCH001,2025-08-01,21,15,Illness
ATT202508001798,STU001798,SCH011,2025-08-01,22,20,Family
ATT202508001799,STU001799,SCH035,2025-08-01,20,17,Medical
ATT202508001800,STU001800,SCH025,2025-08-01,22,18,Unauthorised
ATT202508001801,STU001801,SCH046,2025-08-01,18,15,Unauthorised
ATT202508001802,STU001802,SCH018,2025-08-01,20,17,Medical
ATT202508001803,STU001803,SCH043,2025-08-01,21,17,Medical
ATT202508001804,STU001804,SCH045,2025-08-01,21,18,Family
ATT202508001805,STU001805,SCH048,2025-08-01,22,19,Unauthorised
ATT202508001806,STU001806,SCH043,2025-08-01,22,20,Family
ATT202508001807,STU001807,SCH021,2025-08-01,19,15,Family
ATT202508001808,STU001808,SCH009,2025-08-01,18,16,Illness
ATT202508001809,STU001809,SCH037,2025-08-01,21,18,Medical
ATT202508001810,STU001810,SCH031,2025-08-01,20,16,Family
ATT202508001811,STU001811,SCH029,2025-08-01,21,19,Illness
ATT202508001812,STU001812,SCH001,2025-08-01,20,16,Other
ATT202508001813,STU001813,SCH028,2025-08-01,20,17,Unauthorised
ATT202508001814,STU001814,SCH042,2025-08-01,20,16,Illness
ATT202508001815,STU001815,SCH040,2025-08-01,19,17,Family
ATT202508001816,STU001816,SCH046,2025-08-01,19,14,Unauthorised
ATT202508001817,STU001817,SCH040,2025-08-01,21,19,Family
ATT202508001818,STU001818,SCH002,2025-08-01,19,16,Unauthorised
ATT202508001819,STU001819,SCH029,2025-08-01,20,16,Illness
ATT202508001820,STU001820,SCH036,2025-08-01,22,19,Unauthorised
ATT202508001821,STU001821,SCH022,2025-08-01,21,17,Family
ATT202508001822,STU001822,SCH019,2025-08-01,19,18,Medical
ATT202508001823,STU001823,SCH032,2025-08-01,21,18,Unauthorised
ATT202508001824,STU001824,SCH020,2025-08-01,20,17,Unauthorised
ATT202508001825,STU001825,SCH033,2025-08-01,22,21,Unauthorised
ATT202508001826,STU001826,SCH006,2025-08-01,18,15,Unauthorised
ATT202508001827,STU001827,SCH035,2025-08-01,18,15,Medical
ATT202508001828,STU001828,SCH047,2025-08-01,20,18,Other
ATT202508001829,STU001829,SCH009,2025-08-01,18,14,Other
ATT202508001830,STU001830,SCH010,2025-08-01,20,17,Medical
ATT202508001831,STU001831,SCH014,2025-08-01,19,16,Other
ATT202508001832,STU001832,SCH012,2025-08-01,21,18,Medical
ATT202508001834,STU001834,SCH018,2025-08-01,19,16,Other
ATT202508001835,STU001835,SCH003,2025-08-01,19,17,Other
ATT202508001836,STU001836,SCH007,2025-08-01,19,16,Unauthorised
ATT202508001837,STU001837,SCH031,2025-08-01,18,16,Medical
ATT202508001838,STU001838,SCH017,2025-08-01,18,13,Unauthorised
ATT202508001839,STU001839,SCH024,2025-08-01,18,14,Other
ATT202508001840,STU001840,SCH036,2025-08-01,22,19,Other
ATT202508001841,STU001841,SCH038,2025-08-01,22,17,Other
ATT202508001842,STU001842,SCH041,2025-08-01,19,15,Other
ATT202508001843,STU001843,SCH003,2025-08-01,21,18,Illness
ATT202508001844,STU001844,SCH008,2025-08-01,20,17,Other
ATT202508001845,STU001845,SCH007,2025-08-01,22,18,Medical
ATT202508001846,STU001846,SCH043,2025-08-01,19,15,Illness
ATT202508001847,STU001847,SCH005,2025-08-01,20,16,Family
ATT202508001848,STU001848,SCH036,2025-08-01,22,18,Illness
ATT202508001849,STU001849,SCH013,2025-08-01,22,20,Other
ATT202508001850,STU001850,SCH021,2025-08-01,18,13,Other
ATT202508001851,STU001851,SCH047,2025-08-01,22,21,Illness
ATT202508001852,STU001852,SCH049,2025-08-01,19,14,Medical
ATT202508001853,STU001853,SCH021,2025-08-01,21,15,Illness
ATT202508001854,STU001854,SCH044,2025-08-01,21,16,Other
ATT202508001855,STU001855,SCH019,2025-08-01,21,18,Illness
ATT202508001856,STU001856,SCH025,2025-08-01,22,19,Medical
ATT202508001857,STU001857,SCH040,2025-08-01,21,18,Other
ATT202508001858,STU001858,SCH007,2025-08-01,21,19,Family
ATT202508001859,STU001859,SCH004,2025-08-01,18,16,Illness
ATT202508001860,STU001860,SCH031,2025-08-01,19,16,Other
ATT202508001861,STU001861,SCH016,2025-08-01,21,18,Illness
ATT202508001862,STU001862,SCH022,2025-08-01,19,15,Illness
ATT202508001864,STU001864,SCH032,2025-08-01,18,15,Medical
ATT202508001865,STU001865,SCH009,2025-08-01,18,15,Unauthorised
ATT202508001866,STU001866,SCH029,2025-08-01,21,18,Other
ATT202508001867,STU001867,SCH036,2025-08-01,21,19,Family
ATT202508001868,STU001868,SCH010,2025-08-01,20,17,Family
ATT202508001869,STU001869,SCH048,2025-08-01,20,18,Family
ATT202508001870,STU001870,SCH041,2025-08-01,19,17,Family
ATT202508001872,STU001872,SCH042,2025-08-01,19,15,Illness
ATT202508001873,STU001873,SCH032,2025-08-01,20,16,Illness
ATT202508001874,STU001874,SCH010,2025-08-01,20,15,Medical
ATT202508001875,STU001875,SCH038,2025-08-01,20,17,Unauthorised
ATT202508001876,STU001876,SCH049,2025-08-01,19,14,Other
ATT202508001877,STU001877,SCH032,2025-08-01,21,17,Illness
ATT202508001878,STU001878,SCH014,2025-08-01,20,17,Illness
ATT202508001879,STU001879,SCH015,2025-08-01,21,18,Illness
ATT202508001880,STU001880,SCH037,2025-08-01,18,16,Medical
ATT202508001881,STU001881,SCH012,2025-08-01,18,14,Medical
ATT202508001882,STU001882,SCH007,2025-08-01,21,17,Unauthorised
ATT202508001883,STU001883,SCH009,2025-08-01,18,15,Medical
ATT202508001884,STU001884,SCH028,2025-08-01,19,16,Medical
ATT202508001885,STU001885,SCH032,2025-08-01,18,14,Illness
ATT202508001886,STU001886,SCH029,2025-08-01,22,17,Unauthorised
ATT202508001887,STU001887,SCH038,2025-08-01,19,16,Illness
ATT202508001888,STU001888,SCH024,2025-08-01,20,14,Other
ATT202508001889,STU001889,SCH046,2025-08-01,20,18,Family
ATT202508001891,STU001891,SCH024,2025-08-01,21,17,Unauthorised
ATT202508001893,STU001893,SCH021,2025-08-01,18,14,Medical
ATT202508001894,STU001894,SCH024,2025-08-01,21,18,Family
ATT202508001895,STU001895,SCH007,2025-08-01,19,17,Family
ATT202508001896,STU001896,SCH001,2025-08-01,19,14,Illness
ATT202508001897,STU001897,SCH020,2025-08-01,22,17,Family
ATT202508001898,STU001898,SCH024,2025-08-01,20,15,Illness
ATT202508001899,STU001899,SCH033,2025-08-01,19,16,Unauthorised
ATT202508001900,STU001900,SCH044,2025-08-01,20,19,Illness
ATT202508001901,STU001901,SCH046,2025-08-01,19,16,Family
ATT202508001902,STU001902,SCH003,2025-08-01,20,17,Other
ATT202508001903,STU001903,SCH022,2025-08-01,20,15,Medical
ATT202508001904,STU001904,SCH024,2025-08-01,19,15,Unauthorised
ATT202508001905,STU001905,SCH041,2025-08-01,21,18,Family
ATT202508001906,STU001906,SCH047,2025-08-01,18,16,Medical
ATT202508001907,STU001907,SCH028,2025-08-01,21,17,Illness
ATT202508001908,STU001908,SCH029,2025-08-01,22,20,Medical
ATT202508001910,STU001910,SCH025,2025-08-01,18,17,Unauthorised
ATT202508001911,STU001911,SCH029,2025-08-01,22,20,Other
ATT202508001912,STU001912,SCH023,2025-08-01,20,15,Unauthorised
ATT202508001913,STU001913,SCH003,2025-08-01,21,18,Medical
ATT202508001914,STU001914,SCH020,2025-08-01,19,17,Medical
ATT202508001915,STU001915,SCH025,2025-08-01,18,17,Illness
ATT202508001916,STU001916,SCH001,2025-08-01,21,15,Family
ATT202508001917,STU001917,SCH004,2025-08-01,21,19,Other
ATT202508001918,STU001918,SCH037,2025-08-01,19,15,Unauthorised
ATT202508001920,STU001920,SCH023,2025-08-01,18,14,Unauthorised
ATT202508001921,STU001921,SCH020,2025-08-01,21,18,Medical
ATT202508001922,STU001922,SCH040,2025-08-01,20,17,Unauthorised
ATT202508001923,STU001923,SCH020,2025-08-01,19,17,Illness
ATT202508001924,STU001924,SCH003,2025-08-01,20,18,Family
ATT202508001925,STU001925,SCH029,2025-08-01,20,17,Family
ATT202508001926,STU001926,SCH012,2025-08-01,19,16,Medical
ATT202508001927,STU001927,SCH015,2025-08-01,19,16,Family
ATT202508001928,STU001928,SCH008,2025-08-01,20,17,Other
ATT202508001929,STU001929,SCH046,2025-08-01,18,16,Family
ATT202508001930,STU001930,SCH018,2025-08-01,20,17,Illness
ATT202508001931,STU001931,SCH016,2025-08-01,20,18,Medical
ATT202508001933,STU001933,SCH027,2025-08-01,20,15,Medical
ATT202508001934,STU001934,SCH027,2025-08-01,22,19,Illness
ATT202508001935,STU001935,SCH038,2025-08-01,19,16,Medical
ATT202508001936,STU001936,SCH043,2025-08-01,20,18,Other
ATT202508001937,STU001937,SCH028,2025-08-01,22,17,Illness
ATT202508001938,STU001938,SCH023,2025-08-01,21,17,Family
ATT202508001939,STU001939,SCH011,2025-08-01,20,16,Medical
ATT202508001940,STU001940,SCH045,2025-08-01,18,16,Family
ATT202508001941,STU001941,SCH009,2025-08-01,19,16,Other
ATT202508001942,STU001942,SCH043,2025-08-01,22,17,Medical
ATT202508001944,STU001944,SCH041,2025-08-01,19,16,Illness
ATT202508001945,STU001945,SCH002,2025-08-01,22,18,Medical
ATT202508001946,STU001946,SCH044,2025-08-01,18,15,Other
ATT202508001947,STU001947,SCH005,2025-08-01,20,18,Other
ATT202508001948,STU001948,SCH024,2025-08-01,22,18,Medical
ATT202508001949,STU001949,SCH032,2025-08-01,19,16,Unauthorised
ATT202508001950,STU001950,SCH012,2025-08-01,18,16,Other
ATT202508001951,STU001951,SCH006,2025-08-01,20,18,Family
ATT202508001952,STU001952,SCH017,2025-08-01,21,17,Family
ATT202508001953,STU001953,SCH013,2025-08-01,18,16,Other
ATT202508001954,STU001954,SCH019,2025-08-01,21,18,Family
ATT202508001955,STU001955,SCH033,2025-08-01,19,16,Family
ATT202508001956,STU001956,SCH003,2025-08-01,22,19,Medical
ATT202508001957,STU001957,SCH041,2025-08-01,19,16,Medical
ATT202508001958,STU001958,SCH002,2025-08-01,19,16,Unauthorised
ATT202508001959,STU001959,SCH031,2025-08-01,21,19,Other
ATT202508001960,STU001960,SCH030,2025-08-01,18,16,Illness
ATT202508001961,STU001961,SCH039,2025-08-01,19,15,Other
ATT202508001962,STU001962,SCH021,2025-08-01,20,17,Unauthorised
ATT202508001963,STU001963,SCH038,2025-08-01,19,16,Other
ATT202508001964,STU001964,SCH044,2025-08-01,21,17,Illness
ATT202508001965,STU001965,SCH020,2025-08-01,20,17,Unauthorised
ATT202508001966,STU001966,SCH003,2025-08-01,22,20,Illness
ATT202508001967,STU001967,SCH033,2025-08-01,20,16,Unauthorised
ATT202508001968,STU001968,SCH020,2025-08-01,18,15,Unauthorised
ATT202508001969,STU001969,SCH018,2025-08-01,19,17,Unauthorised
ATT202508001970,STU001970,SCH031,2025-08-01,18,14,Medical
ATT202508001971,STU001971,SCH009,2025-08-01,18,14,Illness
ATT202508001972,STU001972,SCH020,2025-08-01,21,18,Illness
ATT202508001973,STU001973,SCH004,2025-08-01,21,19,Illness
ATT202508001974,STU001974,SCH022,2025-08-01,21,17,Other
ATT202508001975,STU001975,SCH041,2025-08-01,19,16,Medical
ATT202508001976,STU001976,SCH009,2025-08-01,19,16,Medical
ATT202508001977,STU001977,SCH044,2025-08-01,18,15,Medical
ATT202508001978,STU001978,SCH007,2025-08-01,22,19,Other
ATT202508001979,STU001979,SCH045,2025-08-01,20,17,Medical
ATT202508001980,STU001980,SCH046,2025-08-01,20,16,Medical
ATT202508001981,STU001981,SCH041,2025-08-01,22,21,Illness
ATT202508001982,STU001982,SCH032,2025-08-01,18,14,Family
ATT202508001983,STU001983,SCH002,2025-08-01,20,18,Family
ATT202508001984,STU001984,SCH004,2025-08-01,21,19,Medical
ATT202508001985,STU001985,SCH037,2025-08-01,21,17,Unauthorised
ATT202508001986,STU001986,SCH022,2025-08-01,19,15,Medical
ATT202508001987,STU001987,SCH047,2025-08-01,21,19,Illness
ATT202508001988,STU001988,SCH005,2025-08-01,22,19,Illness
ATT202508001989,STU001989,SCH014,2025-08-01,22,18,Other
ATT202508001990,STU001990,SCH015,2025-08-01,18,16,Medical
ATT202508001991,STU001991,SCH010,2025-08-01,18,15,Other
ATT202508001992,STU001992,SCH041,2025-08-01,19,16,Other
ATT202508001993,STU001993,SCH045,2025-08-01,21,18,Medical
ATT202508001994,STU001994,SCH004,2025-08-01,22,20,Unauthorised
ATT202508001995,STU001995,SCH028,2025-08-01,21,19,Illness
ATT202508001996,STU001996,SCH040,2025-08-01,22,18,Unauthorised
ATT202508001997,STU001997,SCH045,2025-08-01,21,16,Illness
ATT202508001998,STU001998,SCH041,2025-08-01,19,15,Medical
ATT202508001999,STU001999,SCH025,2025-08-01,20,18,Family
ATT202508002000,STU002000,SCH048,2025-08-01,20,16,Medical
ATT202508002002,STU002002,SCH046,2025-08-01,19,16,Other
ATT202508002003,STU002003,SCH014,2025-08-01,19,16,Unauthorised
ATT202508002004,STU002004,SCH022,2025-08-01,20,14,Medical
ATT202508002005,STU002005,SCH028,2025-08-01,20,17,Other
ATT202508002006,STU002006,SCH004,2025-08-01,19,17,Unauthorised
ATT202508002007,STU002007,SCH031,2025-08-01,18,15,Medical
ATT202508002008,STU002008,SCH009,2025-08-01,18,15,Illness
ATT202508002009,STU002009,SCH028,2025-08-01,22,18,Medical
ATT202508002010,STU002010,SCH002,2025-08-01,22,18,Family
ATT202508002011,STU002011,SCH011,2025-08-01,21,18,Family
ATT202508002012,STU002012,SCH035,2025-08-01,20,15,Other
ATT202508002013,STU002013,SCH044,2025-08-01,18,15,Medical
ATT202508002014,STU002014,SCH031,2025-08-01,18,16,Other
ATT202508002015,STU002015,SCH013,2025-08-01,22,19,Medical
ATT202508002016,STU002016,SCH037,2025-08-01,18,15,Illness
ATT202508002017,STU002017,SCH023,2025-08-01,18,14,Other
ATT202508002018,STU002018,SCH034,2025-08-01,21,17,Family
ATT202508002019,STU002019,SCH042,2025-08-01,21,18,Illness
ATT202508002022,STU002022,SCH006,2025-08-01,19,16,Unauthorised
ATT202508002023,STU002023,SCH043,2025-08-01,20,17,Other
ATT202508002024,STU002024,SCH021,2025-08-01,18,12,Family
ATT202508002025,STU002025,SCH039,2025-08-01,21,18,Medical
ATT202508002026,STU002026,SCH012,2025-08-01,20,17,Medical
ATT202508002027,STU002027,SCH035,2025-08-01,19,15,Illness
ATT202508002028,STU002028,SCH044,2025-08-01,18,15,Medical
ATT202508002029,STU002029,SCH005,2025-08-01,20,16,Family
ATT202508002030,STU002030,SCH031,2025-08-01,19,17,Family
ATT202508002031,STU002031,SCH042,2025-08-01,21,16,Other
ATT202508002034,STU002034,SCH010,2025-08-01,22,17,Unauthorised
ATT202508002035,STU002035,SCH026,2025-08-01,21,18,Family
ATT202508002036,STU002036,SCH037,2025-08-01,22,19,Other
ATT202508002037,STU002037,SCH028,2025-08-01,21,17,Illness
ATT202508002039,STU002039,SCH002,2025-08-01,21,17,Illness
ATT202508002040,STU002040,SCH031,2025-08-01,20,17,Illness
ATT202508002043,STU002043,SCH011,2025-08-01,21,19,Family
ATT202508002044,STU002044,SCH046,2025-08-01,21,18,Family
ATT202508002045,STU002045,SCH047,2025-08-01,18,16,Illness
ATT202508002046,STU002046,SCH016,2025-08-01,20,18,Medical
ATT202508002048,STU002048,SCH010,2025-08-01,21,18,Family
ATT202508002049,STU002049,SCH008,2025-08-01,22,19,Family
ATT202508002050,STU002050,SCH033,2025-08-01,20,17,Medical
ATT202508002051,STU002051,SCH021,2025-08-01,18,14,Medical
ATT202508002052,STU002052,SCH022,2025-08-01,19,16,Family
ATT202508002053,STU002053,SCH002,2025-08-01,20,15,Other
ATT202508002054,STU002054,SCH007,2025-08-01,21,18,Family
ATT202508002055,STU002055,SCH042,2025-08-01,19,17,Other
ATT202508002056,STU002056,SCH047,2025-08-01,19,15,Unauthorised
ATT202508002057,STU002057,SCH033,2025-08-01,18,16,Illness
ATT202508002058,STU002058,SCH035,2025-08-01,20,15,Family
ATT202508002059,STU002059,SCH005,2025-08-01,20,17,Other
ATT202508002060,STU002060,SCH003,2025-08-01,19,17,Other
ATT202508002061,STU002061,SCH030,2025-08-01,21,16,Illness
ATT202508002062,STU002062,SCH039,2025-08-01,21,19,Unauthorised
ATT202508002063,STU002063,SCH022,2025-08-01,19,15,Other
ATT202508002064,STU002064,SCH014,2025-08-01,21,17,Unauthorised
ATT202508002065,STU002065,SCH031,2025-08-01,22,19,Medical
ATT202508002066,STU002066,SCH016,2025-08-01,21,19,Other
ATT202508002067,STU002067,SCH002,2025-08-01,20,16,Family
ATT202508002068,STU002068,SCH046,2025-08-01,22,17,Medical
ATT202508002069,STU002069,SCH023,2025-08-01,18,15,Family
ATT202508002070,STU002070,SCH023,2025-08-01,18,16,Illness
ATT202508002071,STU002071,SCH009,2025-08-01,22,17,Other
ATT202508002072,STU002072,SCH045,2025-08-01,20,16,Unauthorised
ATT202508002073,STU002073,SCH015,2025-08-01,18,16,Other
ATT202508002074,STU002074,SCH021,2025-08-01,18,15,Unauthorised
ATT202508002076,STU002076,SCH021,2025-08-01,18,15,Family
ATT202508002077,STU002077,SCH011,2025-08-01,22,19,Unauthorised
ATT202508002079,STU002079,SCH028,2025-08-01,22,18,Unauthorised
ATT202508002080,STU002080,SCH049,2025-08-01,21,14,Other
ATT202508002081,STU002081,SCH017,2025-08-01,19,15,Other
ATT202508002082,STU002082,SCH009,2025-08-01,21,18,Other
ATT202508002083,STU002083,SCH004,2025-08-01,19,16,Family
ATT202508002084,STU002084,SCH011,2025-08-01,20,18,Family
ATT202508002085,STU002085,SCH005,2025-08-01,21,17,Medical
ATT202508002086,STU002086,SCH016,2025-08-01,20,18,Other
ATT202508002087,STU002087,SCH045,2025-08-01,22,18,Other
ATT202508002088,STU002088,SCH047,2025-08-01,21,18,Medical
ATT202508002090,STU002090,SCH007,2025-08-01,21,18,Unauthorised
ATT202508002091,STU002091,SCH004,2025-08-01,21,18,Family
ATT202508002092,STU002092,SCH045,2025-08-01,19,16,Medical
ATT202508002093,STU002093,SCH011,2025-08-01,21,17,Family
ATT202508002094,STU002094,SCH049,2025-08-01,20,16,Medical
ATT202508002095,STU002095,SCH006,2025-08-01,18,15,Other
ATT202508002096,STU002096,SCH048,2025-08-01,18,16,Other
ATT202508002097,STU002097,SCH031,2025-08-01,18,14,Unauthorised
ATT202508002098,STU002098,SCH035,2025-08-01,21,17,Unauthorised
ATT202508002099,STU002099,SCH037,2025-08-01,21,18,Other
ATT202508002100,STU002100,SCH021,2025-08-01,18,14,Unauthorised
ATT202508002101,STU002101,SCH046,2025-08-01,18,15,Family
ATT202508002102,STU002102,SCH020,2025-08-01,22,19,Medical
ATT202508002103,STU002103,SCH025,2025-08-01,18,16,Family
ATT202508002104,STU002104,SCH040,2025-08-01,21,18,Medical
ATT202508002105,STU002105,SCH044,2025-08-01,18,15,Medical
ATT202508002106,STU002106,SCH040,2025-08-01,20,17,Unauthorised
ATT202508002107,STU002107,SCH035,2025-08-01,18,14,Other
ATT202508002108,STU002108,SCH038,2025-08-01,20,19,Other
ATT202508002109,STU002109,SCH009,2025-08-01,18,15,Unauthorised
ATT202508002110,STU002110,SCH033,2025-08-01,20,17,Unauthorised
ATT202508002111,STU002111,SCH026,2025-08-01,22,19,Unauthorised
ATT202508002112,STU002112,SCH037,2025-08-01,22,19,Other
ATT202508002113,STU002113,SCH044,2025-08-01,22,17,Illness
ATT202508002114,STU002114,SCH009,2025-08-01,19,16,Medical
ATT202508002115,STU002115,SCH007,2025-08-01,21,18,Family
ATT202508002116,STU002116,SCH046,2025-08-01,19,16,Family
ATT202508002117,STU002117,SCH006,2025-08-01,22,19,Unauthorised
ATT202508002118,STU002118,SCH029,2025-08-01,19,17,Unauthorised
ATT202508002120,STU002120,SCH029,2025-08-01,19,16,Family
ATT202508002121,STU002121,SCH033,2025-08-01,20,17,Unauthorised
ATT202508002122,STU002122,SCH009,2025-08-01,20,16,Other
ATT202508002123,STU002123,SCH029,2025-08-01,19,16,Other
ATT202508002124,STU002124,SCH022,2025-08-01,19,15,Illness
ATT202508002125,STU002125,SCH021,2025-08-01,21,15,Unauthorised
ATT202508002126,STU002126,SCH046,2025-08-01,21,18,Illness
ATT202508002127,STU002127,SCH026,2025-08-01,19,15,Unauthorised
ATT202508002128,STU002128,SCH007,2025-08-01,21,18,Family
ATT202508002129,STU002129,SCH012,2025-08-01,22,19,Other
ATT202508002130,STU002130,SCH037,2025-08-01,20,18,Medical
ATT202508002131,STU002131,SCH044,2025-08-01,19,15,Family
ATT202508002132,STU002132,SCH008,2025-08-01,21,19,Illness
ATT202508002133,STU002133,SCH021,2025-08-01,21,17,Illness
ATT202508002134,STU002134,SCH040,2025-08-01,21,17,Family
ATT202508002136,STU002136,SCH011,2025-08-01,21,18,Illness
ATT202508002137,STU002137,SCH002,2025-08-01,18,15,Other
ATT202508002138,STU002138,SCH042,2025-08-01,20,16,Family
ATT202508002139,STU002139,SCH047,2025-08-01,22,20,Family
ATT202508002140,STU002140,SCH014,2025-08-01,18,15,Other
ATT202508002141,STU002141,SCH004,2025-08-01,21,19,Unauthorised
ATT202508002142,STU002142,SCH004,2025-08-01,22,19,Medical
ATT202508002143,STU002143,SCH005,2025-08-01,18,16,Family
ATT202508002144,STU002144,SCH035,2025-08-01,21,17,Medical
ATT202508002146,STU002146,SCH003,2025-08-01,20,17,Unauthorised
ATT202508002147,STU002147,SCH022,2025-08-01,19,14,Unauthorised
ATT202508002148,STU002148,SCH039,2025-08-01,21,18,Family
ATT202508002149,STU002149,SCH041,2025-08-01,22,19,Unauthorised
ATT202508002150,STU002150,SCH006,2025-08-01,19,17,Illness
ATT202508002151,STU002151,SCH035,2025-08-01,18,14,Other
ATT202508002152,STU002152,SCH046,2025-08-01,18,15,Family
ATT202508002153,STU002153,SCH017,2025-08-01,22,16,Unauthorised
ATT202508002154,STU002154,SCH038,2025-08-01,20,18,Family
ATT202508002155,STU002155,SCH045,2025-08-01,22,20,Medical
ATT202508002156,STU002156,SCH032,2025-08-01,20,17,Family
ATT202508002157,STU002157,SCH040,2025-08-01,20,17,Unauthorised
ATT202508002158,STU002158,SCH043,2025-08-01,22,18,Unauthorised
ATT202508002159,STU002159,SCH010,2025-08-01,19,16,Family
ATT202508002160,STU002160,SCH044,2025-08-01,21,17,Medical
ATT202508002161,STU002161,SCH022,2025-08-01,20,15,Family
ATT202508002162,STU002162,SCH041,2025-08-01,20,17,Family
ATT202508002163,STU002163,SCH009,2025-08-01,22,19,Family
ATT202508002164,STU002164,SCH048,2025-08-01,20,17,Unauthorised
ATT202508002165,STU002165,SCH008,2025-08-01,20,18,Family
ATT202508002167,STU002167,SCH018,2025-08-01,22,21,Medical
ATT202508002168,STU002168,SCH034,2025-08-01,21,16,Medical
ATT202508002171,STU002171,SCH043,2025-08-01,22,19,Other
ATT202508002173,STU002173,SCH021,2025-08-01,18,14,Family
ATT202508002174,STU002174,SCH013,2025-08-01,19,16,Other
ATT202508002175,STU002175,SCH009,2025-08-01,22,20,Other
ATT202508002176,STU002176,SCH047,2025-08-01,20,18,Illness
ATT202508002177,STU002177,SCH017,2025-08-01,19,16,Medical
ATT202508002178,STU002178,SCH045,2025-08-01,18,14,Unauthorised
ATT202508002179,STU002179,SCH006,2025-08-01,20,17,Family
ATT202508002180,STU002180,SCH030,2025-08-01,19,16,Illness
ATT202508002181,STU002181,SCH046,2025-08-01,22,19,Other
ATT202508002182,STU002182,SCH010,2025-08-01,21,17,Medical
ATT202508002183,STU002183,SCH009,2025-08-01,21,17,Unauthorised
ATT202508002184,STU002184,SCH012,2025-08-01,20,16,Illness
ATT202508002185,STU002185,SCH047,2025-08-01,18,15,Other
ATT202508002186,STU002186,SCH005,2025-08-01,21,19,Other
ATT202508002187,STU002187,SCH033,2025-08-01,19,16,Medical
ATT202508002188,STU002188,SCH006,2025-08-01,22,17,Illness
ATT202508002190,STU002190,SCH047,2025-08-01,18,15,Illness
ATT202508002191,STU002191,SCH034,2025-08-01,21,16,Medical
ATT202508002192,STU002192,SCH046,2025-08-01,19,17,Family
ATT202508002193,STU002193,SCH007,2025-08-01,18,15,Medical
ATT202508002194,STU002194,SCH039,2025-08-01,20,17,Unauthorised
ATT202508002195,STU002195,SCH024,2025-08-01,21,17,Family
ATT202508002196,STU002196,SCH043,2025-08-01,19,16,Family
ATT202508002197,STU002197,SCH046,2025-08-01,18,14,Family
ATT202508002198,STU002198,SCH045,2025-08-01,21,17,Illness
ATT202508002199,STU002199,SCH037,2025-08-01,20,16,Family
ATT202508002200,STU002200,SCH015,2025-08-01,21,18,Unauthorised
ATT202508002201,STU002201,SCH023,2025-08-01,19,16,Family
ATT202508002202,STU002202,SCH015,2025-08-01,18,15,Family
ATT202508002203,STU002203,SCH006,2025-08-01,21,18,Family
ATT202508002204,STU002204,SCH005,2025-08-01,18,16,Illness
ATT202508002205,STU002205,SCH022,2025-08-01,20,15,Medical
ATT202508002206,STU002206,SCH036,2025-08-01,21,18,Family
ATT202508002207,STU002207,SCH026,2025-08-01,22,20,Medical
ATT202508002208,STU002208,SCH008,2025-08-01,18,15,Illness
ATT202508002209,STU002209,SCH037,2025-08-01,21,19,Family
ATT202508002212,STU002212,SCH032,2025-08-01,22,18,Other
ATT202508002213,STU002213,SCH005,2025-08-01,21,17,Other
ATT202508002214,STU002214,SCH044,2025-08-01,20,17,Unauthorised
ATT202508002215,STU002215,SCH043,2025-08-01,21,16,Medical
ATT202508002216,STU002216,SCH029,2025-08-01,21,18,Unauthorised
ATT202508002217,STU002217,SCH023,2025-08-01,21,18,Illness
ATT202508002218,STU002218,SCH010,2025-08-01,20,15,Unauthorised
ATT202508002219,STU002219,SCH011,2025-08-01,21,17,Illness
ATT202508002221,STU002221,SCH005,2025-08-01,19,16,Family
ATT202508002222,STU002222,SCH037,2025-08-01,21,18,Family
ATT202508002223,STU002223,SCH034,2025-08-01,20,16,Illness
ATT202508002224,STU002224,SCH006,2025-08-01,22,18,Medical
ATT202508002225,STU002225,SCH017,2025-08-01,21,16,Family
ATT202508002226,STU002226,SCH046,2025-08-01,22,17,Illness
ATT202508002227,STU002227,SCH008,2025-08-01,20,17,Family
ATT202508002229,STU002229,SCH047,2025-08-01,19,15,Other
ATT202508002231,STU002231,SCH022,2025-08-01,19,15,Family
ATT202508002232,STU002232,SCH042,2025-08-01,21,17,Medical
ATT202508002233,STU002233,SCH027,2025-08-01,21,18,Illness
ATT202508002234,STU002234,SCH023,2025-08-01,21,17,Other
ATT202508002235,STU002235,SCH037,2025-08-01,18,16,Family
ATT202508002237,STU002237,SCH012,2025-08-01,20,16,Unauthorised
ATT202508002238,STU002238,SCH034,2025-08-01,19,16,Family
ATT202508002239,STU002239,SCH003,2025-08-01,19,16,Family
ATT202508002240,STU002240,SCH035,2025-08-01,19,16,Other
ATT202508002241,STU002241,SCH045,2025-08-01,18,15,Medical
ATT202508002242,STU002242,SCH010,2025-08-01,18,15,Medical
ATT202508002244,STU002244,SCH016,2025-08-01,20,18,Family
ATT202508002245,STU002245,SCH047,2025-08-01,22,19,Other
ATT202508002246,STU002246,SCH002,2025-08-01,19,16,Family
ATT202508002247,STU002247,SCH031,2025-08-01,19,16,Unauthorised
ATT202508002248,STU002248,SCH044,2025-08-01,18,15,Family
ATT202508002249,STU002249,SCH012,2025-08-01,21,17,Other
ATT202508002250,STU002250,SCH036,2025-08-01,21,18,Other
ATT202508002251,STU002251,SCH038,2025-08-01,22,20,Unauthorised
ATT202508002252,STU002252,SCH001,2025-08-01,21,19,Unauthorised
ATT202508002253,STU002253,SCH048,2025-08-01,20,18,Illness
ATT202508002254,STU002254,SCH003,2025-08-01,18,16,Family
ATT202508002255,STU002255,SCH017,2025-08-01,20,16,Illness
ATT202508002256,STU002256,SCH017,2025-08-01,18,14,Family
ATT202508002258,STU002258,SCH027,2025-08-01,20,17,Other
ATT202508002260,STU002260,SCH017,2025-08-01,20,13,Illness
ATT202508002261,STU002261,SCH021,2025-08-01,19,16,Unauthorised
ATT202508002262,STU002262,SCH042,2025-08-01,19,17,Unauthorised
ATT202508002263,STU002263,SCH005,2025-08-01,19,17,Family
ATT202508002264,STU002264,SCH023,2025-08-01,18,15,Unauthorised
ATT202508002265,STU002265,SCH026,2025-08-01,18,15,Other
ATT202508002267,STU002267,SCH034,2025-08-01,22,17,Illness
ATT202508002268,STU002268,SCH032,2025-08-01,18,15,Other
ATT202508002269,STU002269,SCH045,2025-08-01,19,16,Other
ATT202508002270,STU002270,SCH011,2025-08-01,20,17,Medical
ATT202508002271,STU002271,SCH018,2025-08-01,21,18,Other
ATT202508002272,STU002272,SCH028,2025-08-01,19,16,Medical
ATT202508002273,STU002273,SCH024,2025-08-01,19,15,Illness
ATT202508002274,STU002274,SCH007,2025-08-01,21,18,Medical
ATT202508002275,STU002275,SCH002,2025-08-01,22,17,Unauthorised
ATT202508002276,STU002276,SCH037,2025-08-01,18,15,Illness
ATT202508002277,STU002277,SCH020,2025-08-01,20,17,Unauthorised
ATT202508002278,STU002278,SCH003,2025-08-01,20,19,Medical
ATT202508002279,STU002279,SCH035,2025-08-01,22,18,Illness
ATT202508002280,STU002280,SCH033,2025-08-01,19,15,Family
ATT202508002281,STU002281,SCH043,2025-08-01,18,15,Family
ATT202508002282,STU002282,SCH018,2025-08-01,22,20,Medical
ATT202508002283,STU002283,SCH048,2025-08-01,19,17,Family
ATT202508002284,STU002284,SCH008,2025-08-01,20,18,Medical
ATT202508002285,STU002285,SCH013,2025-08-01,21,17,Family
ATT202508002286,STU002286,SCH021,2025-08-01,21,16,Unauthorised
ATT202508002287,STU002287,SCH018,2025-08-01,20,16,Unauthorised
ATT202508002288,STU002288,SCH029,2025-08-01,21,18,Medical
ATT202508002289,STU002289,SCH012,2025-08-01,22,18,Other
ATT202508002291,STU002291,SCH040,2025-08-01,18,16,Other
ATT202508002292,STU002292,SCH002,2025-08-01,22,17,Other
ATT202508002293,STU002293,SCH033,2025-08-01,20,19,Other
ATT202508002294,STU002294,SCH009,2025-08-01,18,15,Family
ATT202508002296,STU002296,SCH007,2025-08-01,21,18,Unauthorised
ATT202508002297,STU002297,SCH013,2025-08-01,22,18,Illness
ATT202508002298,STU002298,SCH009,2025-08-01,22,19,Family
ATT202508002299,STU002299,SCH007,2025-08-01,19,17,Unauthorised
ATT202508002301,STU002301,SCH034,2025-08-01,20,18,Other
ATT202508002302,STU002302,SCH025,2025-08-01,21,19,Family
ATT202508002303,STU002303,SCH043,2025-08-01,19,17,Family
ATT202508002304,STU002304,SCH007,2025-08-01,19,15,Unauthorised
ATT202508002305,STU002305,SCH010,2025-08-01,20,17,Unauthorised
ATT202508002306,STU002306,SCH040,2025-08-01,22,19,Other
ATT202508002307,STU002307,SCH001,2025-08-01,22,18,Family
ATT202508002308,STU002308,SCH021,2025-08-01,22,18,Other
ATT202508002309,STU002309,SCH009,2025-08-01,22,19,Other
ATT202508002310,STU002310,SCH002,2025-08-01,21,19,Other
ATT202508002311,STU002311,SCH010,2025-08-01,22,19,Family
ATT202508002312,STU002312,SCH032,2025-08-01,21,16,Illness
ATT202508002313,STU002313,SCH044,2025-08-01,19,17,Unauthorised
ATT202508002314,STU002314,SCH014,2025-08-01,18,14,Unauthorised
ATT202508002315,STU002315,SCH026,2025-08-01,20,17,Other
ATT202508002316,STU002316,SCH048,2025-08-01,18,16,Other
ATT202508002317,STU002317,SCH016,2025-08-01,21,18,Other
ATT202508002318,STU002318,SCH016,2025-08-01,20,17,Unauthorised
ATT202508002319,STU002319,SCH043,2025-08-01,21,18,Medical
ATT202508002320,STU002320,SCH045,2025-08-01,21,17,Medical
ATT202508002321,STU002321,SCH030,2025-08-01,21,18,Medical
ATT202508002322,STU002322,SCH040,2025-08-01,20,18,Illness
ATT202508002323,STU002323,SCH040,2025-08-01,22,18,Family
ATT202508002324,STU002324,SCH001,2025-08-01,22,18,Other
ATT202508002325,STU002325,SCH002,2025-08-01,20,16,Other
ATT202508002326,STU002326,SCH021,2025-08-01,18,16,Illness
ATT202508002327,STU002327,SCH008,2025-08-01,22,19,Other
ATT202508002328,STU002328,SCH017,2025-08-01,21,17,Illness
ATT202508002329,STU002329,SCH031,2025-08-01,21,19,Other
ATT202508002330,STU002330,SCH022,2025-08-01,19,15,Illness
ATT202508002332,STU002332,SCH014,2025-08-01,21,18,Illness
ATT202508002333,STU002333,SCH047,2025-08-01,18,15,Illness
ATT202508002334,STU002334,SCH017,2025-08-01,21,16,Unauthorised
ATT202508002335,STU002335,SCH049,2025-08-01,20,17,Medical
ATT202508002336,STU002336,SCH034,2025-08-01,20,15,Family
ATT202508002337,STU002337,SCH044,2025-08-01,22,20,Other
ATT202508002338,STU002338,SCH034,2025-08-01,18,14,Family
ATT202508002339,STU002339,SCH031,2025-08-01,18,16,Medical
ATT202508002340,STU002340,SCH032,2025-08-01,18,14,Family
ATT202508002341,STU002341,SCH030,2025-08-01,20,15,Family
ATT202508002342,STU002342,SCH015,2025-08-01,18,16,Medical
ATT202508002343,STU002343,SCH032,2025-08-01,21,18,Unauthorised
ATT202508002344,STU002344,SCH034,2025-08-01,20,16,Other
ATT202508002345,STU002345,SCH004,2025-08-01,19,17,Family
ATT202508002346,STU002346,SCH020,2025-08-01,18,15,Family
ATT202508002347,STU002347,SCH010,2025-08-01,22,15,Medical
ATT202508002348,STU002348,SCH010,2025-08-01,18,15,Unauthorised
ATT202508002350,STU002350,SCH008,2025-08-01,18,15,Family
ATT202508002351,STU002351,SCH042,2025-08-01,21,17,Illness
ATT202508002352,STU002352,SCH030,2025-08-01,19,17,Medical
ATT202508002353,STU002353,SCH025,2025-08-01,19,17,Other
ATT202508002354,STU002354,SCH015,2025-08-01,18,15,Unauthorised
ATT202508002355,STU002355,SCH019,2025-08-01,20,18,Other
ATT202508002356,STU002356,SCH030,2025-08-01,20,19,Medical
ATT202508002357,STU002357,SCH021,2025-08-01,21,18,Medical
ATT202508002358,STU002358,SCH025,2025-08-01,21,18,Illness
ATT202508002359,STU002359,SCH009,2025-08-01,21,17,Other
ATT202508002361,STU002361,SCH011,2025-08-01,20,16,Family
ATT202508002362,STU002362,SCH032,2025-08-01,21,17,Illness
ATT202508002363,STU002363,SCH041,2025-08-01,21,20,Medical
ATT202508002364,STU002364,SCH048,2025-08-01,20,17,Illness
ATT202508002366,STU002366,SCH025,2025-08-01,20,17,Other
ATT202508002367,STU002367,SCH023,2025-08-01,21,17,Family
ATT202508002368,STU002368,SCH005,2025-08-01,21,17,Unauthorised
ATT202508002369,STU002369,SCH014,2025-08-01,22,18,Family
ATT202508002370,STU002370,SCH027,2025-08-01,22,18,Unauthorised
ATT202508002371,STU002371,SCH007,2025-08-01,20,16,Unauthorised
ATT202508002372,STU002372,SCH046,2025-08-01,22,19,Family
ATT202508002373,STU002373,SCH028,2025-08-01,18,17,Family
ATT202508002374,STU002374,SCH031,2025-08-01,20,17,Medical
ATT202508002375,STU002375,SCH041,2025-08-01,18,14,Other
ATT202508002376,STU002376,SCH038,2025-08-01,20,18,Family
ATT202508002377,STU002377,SCH031,2025-08-01,22,18,Unauthorised
ATT202508002378,STU002378,SCH020,2025-08-01,19,17,Other
ATT202508002379,STU002379,SCH031,2025-08-01,22,20,Unauthorised
ATT202508002382,STU002382,SCH025,2025-08-01,21,18,Medical
ATT202508002384,STU002384,SCH020,2025-08-01,20,18,Unauthorised
ATT202508002385,STU002385,SCH020,2025-08-01,19,16,Medical
ATT202508002387,STU002387,SCH013,2025-08-01,22,19,Unauthorised
ATT202508002389,STU002389,SCH023,2025-08-01,20,18,Other
ATT202508002390,STU002390,SCH025,2025-08-01,21,18,Illness
ATT202508002391,STU002391,SCH042,2025-08-01,18,15,Illness
ATT202508002393,STU002393,SCH033,2025-08-01,20,18,Other
ATT202508002394,STU002394,SCH021,2025-08-01,19,14,Medical
ATT202508002397,STU002397,SCH008,2025-08-01,20,16,Family
ATT202508002398,STU002398,SCH026,2025-08-01,18,14,Other
ATT202508002399,STU002399,SCH022,2025-08-01,21,17,Family
ATT202508002401,STU002401,SCH031,2025-08-01,19,15,Illness
ATT202508002402,STU002402,SCH030,2025-08-01,22,19,Unauthorised
ATT202508002403,STU002403,SCH029,2025-08-01,22,19,Medical
ATT202508002404,STU002404,SCH031,2025-08-01,19,16,Other
ATT202508002405,STU002405,SCH049,2025-08-01,20,16,Family
ATT202508002406,STU002406,SCH004,2025-08-01,18,15,Family
ATT202508002407,STU002407,SCH011,2025-08-01,19,17,Unauthorised
ATT202508002409,STU002409,SCH004,2025-08-01,19,16,Medical
ATT202508002410,STU002410,SCH046,2025-08-01,22,17,Unauthorised
ATT202508002411,STU002411,SCH016,2025-08-01,18,17,Other
ATT202508002412,STU002412,SCH025,2025-08-01,21,18,Unauthorised
ATT202508002413,STU002413,SCH027,2025-08-01,21,19,Family
ATT202508002414,STU002414,SCH022,2025-08-01,20,15,Family
ATT202508002415,STU002415,SCH005,2025-08-01,21,18,Illness
ATT202508002416,STU002416,SCH003,2025-08-01,18,15,Family
ATT202508002417,STU002417,SCH024,2025-08-01,19,15,Other
ATT202508002418,STU002418,SCH013,2025-08-01,20,18,Illness
ATT202508002419,STU002419,SCH032,2025-08-01,19,17,Other
ATT202508002420,STU002420,SCH021,2025-08-01,20,14,Family
ATT202508002421,STU002421,SCH031,2025-08-01,22,20,Unauthorised
ATT202508002422,STU002422,SCH038,2025-08-01,21,17,Unauthorised
ATT202508002423,STU002423,SCH027,2025-08-01,22,19,Family
ATT202508002424,STU002424,SCH030,2025-08-01,21,17,Family
ATT202508002425,STU002425,SCH020,2025-08-01,19,17,Illness
ATT202508002426,STU002426,SCH036,2025-08-01,22,20,Illness
ATT202508002427,STU002427,SCH031,2025-08-01,19,15,Medical
ATT202508002429,STU002429,SCH028,2025-08-01,20,15,Illness
ATT202508002430,STU002430,SCH005,2025-08-01,22,18,Other
ATT202508002431,STU002431,SCH019,2025-08-01,22,19,Other
ATT202508002432,STU002432,SCH047,2025-08-01,20,17,Family
ATT202508002433,STU002433,SCH026,2025-08-01,22,19,Family
ATT202508002434,STU002434,SCH009,2025-08-01,18,15,Other
ATT202508002435,STU002435,SCH016,2025-08-01,21,18,Illness
ATT202508002436,STU002436,SCH029,2025-08-01,18,15,Illness
ATT202508002437,STU002437,SCH030,2025-08-01,18,15,Other
ATT202508002438,STU002438,SCH009,2025-08-01,18,15,Unauthorised
ATT202508002439,STU002439,SCH017,2025-08-01,22,19,Illness
ATT202508002440,STU002440,SCH029,2025-08-01,20,16,Medical
ATT202508002441,STU002441,SCH043,2025-08-01,18,14,Medical
ATT202508002442,STU002442,SCH035,2025-08-01,19,16,Medical
ATT202508002443,STU002443,SCH023,2025-08-01,18,14,Family
ATT202508002444,STU002444,SCH010,2025-08-01,20,16,Family
ATT202508002445,STU002445,SCH044,2025-08-01,22,19,Family
ATT202508002446,STU002446,SCH040,2025-08-01,21,18,Unauthorised
ATT202508002447,STU002447,SCH024,2025-08-01,21,15,Medical
ATT202508002448,STU002448,SCH018,2025-08-01,22,18,Medical
ATT202508002449,STU002449,SCH010,2025-08-01,22,19,Illness
ATT202508002450,STU002450,SCH002,2025-08-01,18,13,Medical
ATT202508002451,STU002451,SCH014,2025-08-01,20,16,Other
ATT202508002452,STU002452,SCH035,2025-08-01,18,14,Other
ATT202508002453,STU002453,SCH029,2025-08-01,20,16,Other
ATT202508002454,STU002454,SCH021,2025-08-01,20,14,Medical
ATT202508002455,STU002455,SCH032,2025-08-01,18,14,Unauthorised
ATT202508002456,STU002456,SCH025,2025-08-01,18,15,Other
ATT202508002457,STU002457,SCH029,2025-08-01,18,16,Medical
ATT202508002458,STU002458,SCH044,2025-08-01,21,18,Medical
ATT202508002459,STU002459,SCH042,2025-08-01,19,15,Illness
ATT202508002460,STU002460,SCH041,2025-08-01,19,17,Unauthorised
ATT202508002461,STU002461,SCH008,2025-08-01,18,16,Family
ATT202508002462,STU002462,SCH046,2025-08-01,19,15,Unauthorised
ATT202508002463,STU002463,SCH001,2025-08-01,22,17,Illness
ATT202508002465,STU002465,SCH035,2025-08-01,20,16,Medical
ATT202508002466,STU002466,SCH047,2025-08-01,18,17,Illness
ATT202508002467,STU002467,SCH040,2025-08-01,22,19,Medical
ATT202508002468,STU002468,SCH029,2025-08-01,22,18,Unauthorised
ATT202508002469,STU002469,SCH049,2025-08-01,21,16,Unauthorised
ATT202508002470,STU002470,SCH037,2025-08-01,19,16,Illness
ATT202508002471,STU002471,SCH024,2025-08-01,21,17,Family
ATT202508002472,STU002472,SCH031,2025-08-01,22,18,Other
ATT202508002473,STU002473,SCH030,2025-08-01,18,16,Medical
ATT202508002474,STU002474,SCH047,2025-08-01,21,18,Medical
ATT202508002475,STU002475,SCH012,2025-08-01,21,18,Medical
ATT202508002476,STU002476,SCH038,2025-08-01,21,17,Illness
ATT202508002478,STU002478,SCH025,2025-08-01,21,19,Unauthorised
ATT202508002479,STU002479,SCH032,2025-08-01,22,18,Medical
ATT202508002480,STU002480,SCH010,2025-08-01,18,14,Family
ATT202508002481,STU002481,SCH049,2025-08-01,19,15,Family
ATT202508002482,STU002482,SCH042,2025-08-01,22,18,Other
ATT202508002483,STU002483,SCH002,2025-08-01,18,15,Family
ATT202508002484,STU002484,SCH033,2025-08-01,22,20,Family
ATT202508002485,STU002485,SCH037,2025-08-01,20,18,Medical
ATT202508002486,STU002486,SCH034,2025-08-01,21,17,Family
ATT202508002487,STU002487,SCH012,2025-08-01,20,17,Medical
ATT202508002488,STU002488,SCH015,2025-08-01,22,19,Other
ATT202508002490,STU002490,SCH026,2025-08-01,21,18,Medical
ATT202508002491,STU002491,SCH038,2025-08-01,22,19,Medical
ATT202508002492,STU002492,SCH045,2025-08-01,20,17,Illness
ATT202508002493,STU002493,SCH018,2025-08-01,18,15,Other
ATT202508002494,STU002494,SCH009,2025-08-01,19,16,Unauthorised
ATT202508002495,STU002495,SCH014,2025-08-01,21,18,Illness
ATT202508002496,STU002496,SCH033,2025-08-01,18,15,Family
ATT202508002497,STU002497,SCH018,2025-08-01,21,19,Unauthorised
ATT202508002500,STU002500,SCH014,2025-08-01,22,19,Unauthorised
ATT202508002501,STU002501,SCH012,2025-08-01,20,17,Other
ATT202508002502,STU002502,SCH011,2025-08-01,20,17,Illness
ATT202508002503,STU002503,SCH021,2025-08-01,21,17,Unauthorised
ATT202508002504,STU002504,SCH004,2025-08-01,20,16,Illness
ATT202508002505,STU002505,SCH027,2025-08-01,21,18,Unauthorised
ATT202508002506,STU002506,SCH007,2025-08-01,21,17,Unauthorised
ATT202508002507,STU002507,SCH039,2025-08-01,21,19,Family
ATT202508002508,STU002508,SCH046,2025-08-01,22,16,Family
ATT202508002509,STU002509,SCH031,2025-08-01,18,17,Other
ATT202508002510,STU002510,SCH013,2025-08-01,21,18,Family
ATT202508002511,STU002511,SCH043,2025-08-01,18,14,Unauthorised
ATT202508002512,STU002512,SCH024,2025-08-01,18,14,Unauthorised
ATT202508002513,STU002513,SCH016,2025-08-01,22,19,Family
ATT202508002514,STU002514,SCH020,2025-08-01,22,19,Family
ATT202508002515,STU002515,SCH010,2025-08-01,22,18,Medical
ATT202508002516,STU002516,SCH036,2025-08-01,19,17,Medical
ATT202508002517,STU002517,SCH013,2025-08-01,19,15,Family
ATT202508002518,STU002518,SCH023,2025-08-01,21,19,Unauthorised
ATT202508002519,STU002519,SCH014,2025-08-01,21,17,Other
ATT202508002521,STU002521,SCH020,2025-08-01,21,17,Medical
ATT202508002522,STU002522,SCH028,2025-08-01,19,15,Illness
ATT202508002523,STU002523,SCH021,2025-08-01,19,15,Medical
ATT202508002524,STU002524,SCH013,2025-08-01,18,15,Family
ATT202508002525,STU002525,SCH047,2025-08-01,22,19,Family
ATT202508002526,STU002526,SCH043,2025-08-01,20,17,Unauthorised
ATT202508002527,STU002527,SCH037,2025-08-01,18,16,Other
ATT202508002528,STU002528,SCH038,2025-08-01,19,16,Medical
ATT202508002529,STU002529,SCH023,2025-08-01,22,18,Illness
ATT202508002530,STU002530,SCH026,2025-08-01,22,19,Medical
ATT202508002531,STU002531,SCH044,2025-08-01,21,18,Illness
ATT202508002532,STU002532,SCH018,2025-08-01,20,17,Other
ATT202508002533,STU002533,SCH021,2025-08-01,18,14,Medical
ATT202508002535,STU002535,SCH030,2025-08-01,19,15,Illness
ATT202508002536,STU002536,SCH006,2025-08-01,21,19,Illness
ATT202508002537,STU002537,SCH015,2025-08-01,19,16,Medical
ATT202508002538,STU002538,SCH021,2025-08-01,20,17,Medical
ATT202508002539,STU002539,SCH048,2025-08-01,19,17,Medical
ATT202508002540,STU002540,SCH025,2025-08-01,18,15,Other
ATT202508002541,STU002541,SCH010,2025-08-01,19,16,Other
ATT202508002542,STU002542,SCH029,2025-08-01,18,15,Unauthorised
ATT202508002543,STU002543,SCH027,2025-08-01,22,18,Family
ATT202508002544,STU002544,SCH024,2025-08-01,19,15,Illness
ATT202508002545,STU002545,SCH040,2025-08-01,21,18,Unauthorised
ATT202508002546,STU002546,SCH039,2025-08-01,21,19,Family
ATT202508002547,STU002547,SCH006,2025-08-01,18,15,Illness
ATT202508002548,STU002548,SCH003,2025-08-01,21,19,Medical
ATT202508002549,STU002549,SCH031,2025-08-01,20,17,Medical
ATT202508002551,STU002551,SCH010,2025-08-01,19,16,Unauthorised
ATT202508002552,STU002552,SCH007,2025-08-01,21,16,Unauthorised
ATT202508002553,STU002553,SCH010,2025-08-01,18,15,Unauthorised
ATT202508002554,STU002554,SCH017,2025-08-01,22,16,Family
ATT202508002555,STU002555,SCH047,2025-08-01,18,16,Other
ATT202508002556,STU002556,SCH012,2025-08-01,20,17,Unauthorised
ATT202508002557,STU002557,SCH036,2025-08-01,22,19,Unauthorised
ATT202508002558,STU002558,SCH023,2025-08-01,21,17,Illness
ATT202508002559,STU002559,SCH046,2025-08-01,20,15,Illness
ATT202508002560,STU002560,SCH044,2025-08-01,18,16,Unauthorised
ATT202508002561,STU002561,SCH014,2025-08-01,21,16,Illness
ATT202508002562,STU002562,SCH031,2025-08-01,18,13,Illness
ATT202508002563,STU002563,SCH046,2025-08-01,19,15,Family
ATT202508002564,STU002564,SCH021,2025-08-01,21,16,Medical
ATT202508002565,STU002565,SCH029,2025-08-01,21,17,Illness
ATT202508002566,STU002566,SCH044,2025-08-01,22,18,Medical
ATT202508002567,STU002567,SCH032,2025-08-01,20,17,Other
ATT202508002568,STU002568,SCH020,2025-08-01,19,16,Other
ATT202508002569,STU002569,SCH037,2025-08-01,18,16,Unauthorised
ATT202508002571,STU002571,SCH031,2025-08-01,20,16,Other
ATT202508002572,STU002572,SCH010,2025-08-01,22,18,Medical
ATT202508002574,STU002574,SCH037,2025-08-01,22,19,Illness
ATT202508002575,STU002575,SCH014,2025-08-01,19,15,Unauthorised
ATT202508002576,STU002576,SCH003,2025-08-01,20,18,Medical
ATT202508002577,STU002577,SCH047,2025-08-01,18,16,Family
ATT202508002578,STU002578,SCH018,2025-08-01,20,18,Medical
ATT202508002579,STU002579,SCH014,2025-08-01,22,18,Medical
ATT202508002580,STU002580,SCH003,2025-08-01,22,19,Unauthorised
ATT202508002581,STU002581,SCH026,2025-08-01,22,19,Other
ATT202508002582,STU002582,SCH019,2025-08-01,22,19,Medical
ATT202508002583,STU002583,SCH020,2025-08-01,21,18,Other
ATT202508002585,STU002585,SCH021,2025-08-01,21,14,Medical
ATT202508002586,STU002586,SCH048,2025-08-01,21,18,Unauthorised
ATT202508002587,STU002587,SCH017,2025-08-01,18,14,Medical
ATT202508002588,STU002588,SCH029,2025-08-01,22,18,Other
ATT202508002589,STU002589,SCH027,2025-08-01,21,17,Family
ATT202508002590,STU002590,SCH007,2025-08-01,22,17,Medical
ATT202508002592,STU002592,SCH008,2025-08-01,20,19,Unauthorised
ATT202508002593,STU002593,SCH046,2025-08-01,21,18,Other
ATT202508002594,STU002594,SCH038,2025-08-01,21,17,Unauthorised
ATT202508002595,STU002595,SCH041,2025-08-01,22,18,Unauthorised
ATT202508002597,STU002597,SCH016,2025-08-01,18,16,Illness
ATT202508002598,STU002598,SCH040,2025-08-01,18,15,Illness
ATT202508002599,STU002599,SCH013,2025-08-01,18,15,Other
ATT202508002600,STU002600,SCH030,2025-08-01,18,15,Unauthorised
ATT202508002602,STU002602,SCH009,2025-08-01,22,19,Other
ATT202508002604,STU002604,SCH010,2025-08-01,19,15,Other
ATT202508002605,STU002605,SCH006,2025-08-01,21,18,Family
ATT202508002606,STU002606,SCH006,2025-08-01,18,16,Other
ATT202508002607,STU002607,SCH003,2025-08-01,19,16,Other
ATT202508002609,STU002609,SCH022,2025-08-01,22,16,Other
ATT202508002610,STU002610,SCH016,2025-08-01,20,16,Illness
ATT202508002611,STU002611,SCH006,2025-08-01,22,18,Family
ATT202508002612,STU002612,SCH016,2025-08-01,20,16,Medical
ATT202508002613,STU002613,SCH037,2025-08-01,19,17,Illness
ATT202508002614,STU002614,SCH035,2025-08-01,18,15,Illness
ATT202508002615,STU002615,SCH027,2025-08-01,18,15,Unauthorised
ATT202508002616,STU002616,SCH005,2025-08-01,22,19,Other
ATT202508002617,STU002617,SCH017,2025-08-01,21,16,Medical
ATT202508002618,STU002618,SCH013,2025-08-01,21,18,Medical
ATT202508002619,STU002619,SCH030,2025-08-01,21,19,Other
ATT202508002620,STU002620,SCH006,2025-08-01,18,16,Medical
ATT202508002621,STU002621,SCH034,2025-08-01,21,18,Family
ATT202508002622,STU002622,SCH048,2025-08-01,19,16,Other
ATT202508002623,STU002623,SCH033,2025-08-01,20,17,Unauthorised
ATT202508002624,STU002624,SCH001,2025-08-01,18,14,Other
ATT202508002625,STU002625,SCH047,2025-08-01,22,19,Medical
ATT202508002626,STU002626,SCH018,2025-08-01,19,17,Medical
ATT202508002627,STU002627,SCH011,2025-08-01,22,19,Medical
ATT202508002628,STU002628,SCH046,2025-08-01,22,18,Other
ATT202508002629,STU002629,SCH029,2025-08-01,20,15,Medical
ATT202508002630,STU002630,SCH017,2025-08-01,20,14,Unauthorised
ATT202508002631,STU002631,SCH026,2025-08-01,19,17,Illness
ATT202508002632,STU002632,SCH011,2025-08-01,22,19,Medical
ATT202508002633,STU002633,SCH023,2025-08-01,22,18,Medical
ATT202508002634,STU002634,SCH036,2025-08-01,18,16,Other
ATT202508002635,STU002635,SCH026,2025-08-01,21,17,Other
ATT202508002637,STU002637,SCH029,2025-08-01,19,16,Illness
ATT202508002638,STU002638,SCH011,2025-08-01,18,16,Medical
ATT202508002639,STU002639,SCH029,2025-08-01,20,17,Illness
ATT202508002640,STU002640,SCH005,2025-08-01,21,17,Illness
ATT202508002641,STU002641,SCH026,2025-08-01,20,18,Other
ATT202508002642,STU002642,SCH001,2025-08-01,19,15,Other
ATT202508002643,STU002643,SCH014,2025-08-01,20,16,Family
ATT202508002644,STU002644,SCH046,2025-08-01,22,18,Other
ATT202508002645,STU002645,SCH032,2025-08-01,18,14,Family
ATT202508002646,STU002646,SCH019,2025-08-01,21,18,Family
ATT202508002647,STU002647,SCH049,2025-08-01,22,19,Family
ATT202508002648,STU002648,SCH005,2025-08-01,21,18,Unauthorised
ATT202508002650,STU002650,SCH046,2025-08-01,19,16,Family
ATT202508002651,STU002651,SCH018,2025-08-01,19,17,Family
ATT202508002653,STU002653,SCH015,2025-08-01,18,16,Family
ATT202508002654,STU002654,SCH027,2025-08-01,19,17,Family
ATT202508002655,STU002655,SCH036,2025-08-01,19,16,Medical
ATT202508002656,STU002656,SCH029,2025-08-01,19,16,Illness
ATT202508002657,STU002657,SCH023,2025-08-01,18,14,Other
ATT202508002658,STU002658,SCH039,2025-08-01,21,17,Family
ATT202508002659,STU002659,SCH006,2025-08-01,22,19,Illness
ATT202508002660,STU002660,SCH037,2025-08-01,18,16,Medical
ATT202508002661,STU002661,SCH043,2025-08-01,20,16,Illness
ATT202508002662,STU002662,SCH010,2025-08-01,21,17,Unauthorised
ATT202508002663,STU002663,SCH021,2025-08-01,22,19,Medical
ATT202508002664,STU002664,SCH041,2025-08-01,22,21,Other
ATT202508002665,STU002665,SCH012,2025-08-01,19,15,Other
ATT202508002666,STU002666,SCH024,2025-08-01,21,15,Family
ATT202508002667,STU002667,SCH031,2025-08-01,19,18,Unauthorised
ATT202508002668,STU002668,SCH027,2025-08-01,20,17,Family
ATT202508002669,STU002669,SCH033,2025-08-01,20,18,Medical
ATT202508002670,STU002670,SCH043,2025-08-01,18,14,Family
ATT202508002671,STU002671,SCH047,2025-08-01,22,19,Family
ATT202508002672,STU002672,SCH043,2025-08-01,19,16,Other
ATT202508002673,STU002673,SCH021,2025-08-01,19,16,Illness
ATT202508002674,STU002674,SCH012,2025-08-01,20,17,Other
ATT202508002675,STU002675,SCH022,2025-08-01,19,14,Unauthorised
ATT202508002676,STU002676,SCH043,2025-08-01,22,19,Family
ATT202508002677,STU002677,SCH042,2025-08-01,18,14,Family
ATT202508002678,STU002678,SCH037,2025-08-01,18,15,Medical
ATT202508002679,STU002679,SCH011,2025-08-01,22,19,Medical
ATT202508002680,STU002680,SCH044,2025-08-01,21,17,Unauthorised
ATT202508002681,STU002681,SCH017,2025-08-01,21,16,Unauthorised
ATT202508002682,STU002682,SCH040,2025-08-01,18,15,Unauthorised
ATT202508002683,STU002683,SCH012,2025-08-01,19,15,Unauthorised
ATT202508002685,STU002685,SCH043,2025-08-01,22,18,Illness
ATT202508002686,STU002686,SCH031,2025-08-01,18,13,Unauthorised
ATT202508002687,STU002687,SCH014,2025-08-01,21,17,Medical
ATT202508002689,STU002689,SCH010,2025-08-01,19,14,Medical
ATT202508002690,STU002690,SCH009,2025-08-01,19,15,Illness
ATT202508002691,STU002691,SCH027,2025-08-01,20,16,Illness
ATT202508002692,STU002692,SCH047,2025-08-01,21,19,Unauthorised
ATT202508002694,STU002694,SCH012,2025-08-01,21,16,Illness
ATT202508002695,STU002695,SCH037,2025-08-01,20,18,Illness
ATT202508002696,STU002696,SCH010,2025-08-01,21,18,Family
ATT202508002697,STU002697,SCH049,2025-08-01,18,15,Unauthorised
ATT202508002698,STU002698,SCH008,2025-08-01,22,19,Medical
ATT202508002699,STU002699,SCH025,2025-08-01,19,16,Medical
ATT202508002700,STU002700,SCH001,2025-08-01,20,15,Illness
ATT202508002702,STU002702,SCH045,2025-08-01,18,15,Illness
ATT202508002703,STU002703,SCH026,2025-08-01,21,18,Family
ATT202508002704,STU002704,SCH006,2025-08-01,21,20,Illness
ATT202508002705,STU002705,SCH028,2025-08-01,19,17,Other
ATT202508002706,STU002706,SCH043,2025-08-01,22,18,Unauthorised
ATT202508002708,STU002708,SCH020,2025-08-01,19,16,Medical
ATT202508002709,STU002709,SCH024,2025-08-01,20,16,Other
ATT202508002710,STU002710,SCH001,2025-08-01,19,15,Unauthorised
ATT202508002711,STU002711,SCH040,2025-08-01,19,16,Medical
ATT202508002712,STU002712,SCH013,2025-08-01,21,17,Family
ATT202508002713,STU002713,SCH009,2025-08-01,19,15,Illness
ATT202508002714,STU002714,SCH012,2025-08-01,19,17,Unauthorised
ATT202508002715,STU002715,SCH025,2025-08-01,18,16,Medical
ATT202508002716,STU002716,SCH012,2025-08-01,19,16,Medical
ATT202508002717,STU002717,SCH032,2025-08-01,21,19,Medical
ATT202508002719,STU002719,SCH006,2025-08-01,19,17,Illness
ATT202508002720,STU002720,SCH041,2025-08-01,20,18,Unauthorised
ATT202508002721,STU002721,SCH027,2025-08-01,22,19,Unauthorised
ATT202508002723,STU002723,SCH020,2025-08-01,20,18,Illness
ATT202508002724,STU002724,SCH009,2025-08-01,19,16,Unauthorised
ATT202508002725,STU002725,SCH010,2025-08-01,18,16,Family
ATT202508002726,STU002726,SCH041,2025-08-01,21,18,Family
ATT202508002728,STU002728,SCH004,2025-08-01,20,18,Illness
ATT202508002729,STU002729,SCH003,2025-08-01,19,16,Family
ATT202508002730,STU002730,SCH008,2025-08-01,18,15,Medical
ATT202508002731,STU002731,SCH025,2025-08-01,20,17,Other
ATT202508002732,STU002732,SCH018,2025-08-01,21,18,Medical
ATT202508002734,STU002734,SCH046,2025-08-01,22,20,Medical
ATT202508002735,STU002735,SCH036,2025-08-01,20,17,Unauthorised
ATT202508002736,STU002736,SCH049,2025-08-01,22,17,Medical
ATT202508002737,STU002737,SCH021,2025-08-01,22,18,Unauthorised
ATT202508002738,STU002738,SCH015,2025-08-01,20,16,Other
ATT202508002740,STU002740,SCH021,2025-08-01,19,16,Family
ATT202508002741,STU002741,SCH038,2025-08-01,22,20,Medical
ATT202508002742,STU002742,SCH033,2025-08-01,20,17,Other
ATT202508002743,STU002743,SCH048,2025-08-01,22,19,Illness
ATT202508002744,STU002744,SCH036,2025-08-01,18,16,Other
ATT202508002745,STU002745,SCH032,2025-08-01,21,17,Illness
ATT202508002746,STU002746,SCH021,2025-08-01,22,18,Other
ATT202508002747,STU002747,SCH005,2025-08-01,19,16,Medical
ATT202508002748,STU002748,SCH011,2025-08-01,21,17,Unauthorised
ATT202508002749,STU002749,SCH005,2025-08-01,18,16,Family
ATT202508002750,STU002750,SCH048,2025-08-01,22,19,Medical
ATT202508002751,STU002751,SCH034,2025-08-01,18,14,Other
ATT202508002752,STU002752,SCH046,2025-08-01,18,15,Family
ATT202508002753,STU002753,SCH022,2025-08-01,18,14,Other
ATT202508002754,STU002754,SCH006,2025-08-01,21,17,Other
ATT202508002755,STU002755,SCH038,2025-08-01,18,16,Medical
ATT202508002756,STU002756,SCH015,2025-08-01,22,18,Family
ATT202508002758,STU002758,SCH019,2025-08-01,22,19,Illness
ATT202508002759,STU002759,SCH004,2025-08-01,19,15,Medical
ATT202508002760,STU002760,SCH004,2025-08-01,21,19,Illness
ATT202508002761,STU002761,SCH003,2025-08-01,19,18,Other
ATT202508002763,STU002763,SCH001,2025-08-01,19,15,Family
ATT202508002764,STU002764,SCH027,2025-08-01,21,18,Unauthorised
ATT202508002765,STU002765,SCH021,2025-08-01,19,15,Medical
ATT202508002766,STU002766,SCH009,2025-08-01,20,16,Unauthorised
ATT202508002767,STU002767,SCH048,2025-08-01,20,17,Medical
ATT202508002769,STU002769,SCH045,2025-08-01,19,15,Family
ATT202508002770,STU002770,SCH002,2025-08-01,19,16,Medical
ATT202508002771,STU002771,SCH016,2025-08-01,20,16,Illness
ATT202508002772,STU002772,SCH045,2025-08-01,20,17,Unauthorised
ATT202508002773,STU002773,SCH047,2025-08-01,18,17,Illness
ATT202508002774,STU002774,SCH034,2025-08-01,21,16,Medical
ATT202508002775,STU002775,SCH044,2025-08-01,19,16,Unauthorised
ATT202508002776,STU002776,SCH018,2025-08-01,19,17,Unauthorised
ATT202508002777,STU002777,SCH033,2025-08-01,20,18,Illness
ATT202508002778,STU002778,SCH044,2025-08-01,22,17,Unauthorised
ATT202508002780,STU002780,SCH013,2025-08-01,21,18,Family
ATT202508002781,STU002781,SCH031,2025-08-01,22,18,Illness
ATT202508002782,STU002782,SCH019,2025-08-01,20,16,Medical
ATT202508002783,STU002783,SCH021,2025-08-01,20,16,Medical
ATT202508002784,STU002784,SCH046,2025-08-01,21,18,Unauthorised
ATT202508002785,STU002785,SCH043,2025-08-01,18,15,Unauthorised
ATT202508002786,STU002786,SCH019,2025-08-01,21,18,Unauthorised
ATT202508002787,STU002787,SCH038,2025-08-01,19,17,Other
ATT202508002788,STU002788,SCH039,2025-08-01,19,16,Unauthorised
ATT202508002790,STU002790,SCH044,2025-08-01,19,16,Unauthorised
ATT202508002791,STU002791,SCH010,2025-08-01,21,16,Illness
ATT202508002792,STU002792,SCH043,2025-08-01,20,16,Illness
ATT202508002793,STU002793,SCH035,2025-08-01,22,17,Family
ATT202508002795,STU002795,SCH025,2025-08-01,18,16,Family
ATT202508002796,STU002796,SCH036,2025-08-01,18,16,Unauthorised
ATT202508002797,STU002797,SCH049,2025-08-01,22,19,Illness
ATT202508002798,STU002798,SCH027,2025-08-01,21,18,Other
ATT202508002799,STU002799,SCH038,2025-08-01,20,16,Family
ATT202508002800,STU002800,SCH003,2025-08-01,21,18,Illness
ATT202508002801,STU002801,SCH019,2025-08-01,18,16,Family
ATT202508002802,STU002802,SCH009,2025-08-01,18,14,Other
ATT202508002803,STU002803,SCH043,2025-08-01,18,16,Other
ATT202508002804,STU002804,SCH031,2025-08-01,20,18,Medical
ATT202508002806,STU002806,SCH024,2025-08-01,22,16,Unauthorised
ATT202508002807,STU002807,SCH004,2025-08-01,21,18,Family
ATT202508002808,STU002808,SCH048,2025-08-01,22,19,Family
ATT202508002809,STU002809,SCH008,2025-08-01,22,19,Other
ATT202508002810,STU002810,SCH001,2025-08-01,20,16,Unauthorised
ATT202508002811,STU002811,SCH030,2025-08-01,19,16,Illness
ATT202508002812,STU002812,SCH007,2025-08-01,19,15,Medical
ATT202508002813,STU002813,SCH003,2025-08-01,21,20,Illness
ATT202508002814,STU002814,SCH004,2025-08-01,22,19,Unauthorised
ATT202508002815,STU002815,SCH009,2025-08-01,19,16,Other
ATT202508002816,STU002816,SCH017,2025-08-01,22,18,Other
ATT202508002817,STU002817,SCH023,2025-08-01,22,20,Illness
ATT202508002818,STU002818,SCH023,2025-08-01,22,18,Other
ATT202508002819,STU002819,SCH027,2025-08-01,22,19,Medical
ATT202508002820,STU002820,SCH010,2025-08-01,20,16,Medical
ATT202508002821,STU002821,SCH031,2025-08-01,20,17,Illness
ATT202508002822,STU002822,SCH019,2025-08-01,21,18,Unauthorised
ATT202508002823,STU002823,SCH010,2025-08-01,18,14,Family
ATT202508002824,STU002824,SCH034,2025-08-01,20,16,Family
ATT202508002825,STU002825,SCH037,2025-08-01,18,15,Family
ATT202508002826,STU002826,SCH003,2025-08-01,22,19,Medical
ATT202508002827,STU002827,SCH034,2025-08-01,22,16,Unauthorised
ATT202508002828,STU002828,SCH021,2025-08-01,22,17,Medical
ATT202508002829,STU002829,SCH044,2025-08-01,18,16,Medical
ATT202508002830,STU002830,SCH048,2025-08-01,20,17,Other
ATT202508002831,STU002831,SCH046,2025-08-01,19,17,Family
ATT202508002832,STU002832,SCH035,2025-08-01,18,14,Medical
ATT202508002833,STU002833,SCH041,2025-08-01,19,17,Illness
ATT202508002834,STU002834,SCH002,2025-08-01,20,16,Illness
ATT202508002835,STU002835,SCH031,2025-08-01,22,18,Illness
ATT202508002836,STU002836,SCH005,2025-08-01,18,16,Medical
ATT202508002837,STU002837,SCH047,2025-08-01,20,17,Family
ATT202508002838,STU002838,SCH012,2025-08-01,22,20,Family
ATT202508002840,STU002840,SCH029,2025-08-01,21,18,Family
ATT202508002841,STU002841,SCH032,2025-08-01,20,16,Unauthorised
ATT202508002842,STU002842,SCH021,2025-08-01,21,17,Medical
ATT202508002843,STU002843,SCH021,2025-08-01,20,17,Other
ATT202508002844,STU002844,SCH044,2025-08-01,22,18,Medical
ATT202508002845,STU002845,SCH016,2025-08-01,19,17,Other
ATT202508002846,STU002846,SCH033,2025-08-01,18,15,Medical
ATT202508002847,STU002847,SCH044,2025-08-01,19,16,Other
ATT202508002848,STU002848,SCH045,2025-08-01,18,15,Family
ATT202508002849,STU002849,SCH048,2025-08-01,22,18,Other
ATT202508002850,STU002850,SCH033,2025-08-01,19,16,Medical
ATT202508002851,STU002851,SCH022,2025-08-01,19,15,Illness
ATT202508002852,STU002852,SCH023,2025-08-01,19,16,Unauthorised
ATT202508002853,STU002853,SCH023,2025-08-01,21,18,Family
ATT202508002854,STU002854,SCH027,2025-08-01,21,18,Family
ATT202508002855,STU002855,SCH010,2025-08-01,22,17,Unauthorised
ATT202508002856,STU002856,SCH003,2025-08-01,19,17,Illness
ATT202508002857,STU002857,SCH012,2025-08-01,18,15,Family
ATT202508002858,STU002858,SCH005,2025-08-01,19,17,Other
ATT202508002859,STU002859,SCH028,2025-08-01,21,17,Other
ATT202508002860,STU002860,SCH044,2025-08-01,22,17,Family
ATT202508002861,STU002861,SCH032,2025-08-01,22,20,Other
ATT202508002862,STU002862,SCH002,2025-08-01,21,16,Unauthorised
ATT202508002863,STU002863,SCH045,2025-08-01,18,15,Illness
ATT202508002864,STU002864,SCH010,2025-08-01,22,17,Medical
ATT202508002865,STU002865,SCH031,2025-08-01,19,16,Unauthorised
ATT202508002866,STU002866,SCH007,2025-08-01,22,17,Other
ATT202508002867,STU002867,SCH044,2025-08-01,18,15,Medical
ATT202508002868,STU002868,SCH010,2025-08-01,19,16,Medical
ATT202508002869,STU002869,SCH024,2025-08-01,19,17,Medical
ATT202508002870,STU002870,SCH005,2025-08-01,19,16,Illness
ATT202508002871,STU002871,SCH047,2025-08-01,21,18,Illness
ATT202508002872,STU002872,SCH018,2025-08-01,22,19,Family
ATT202508002874,STU002874,SCH041,2025-08-01,18,16,Medical
ATT202508002875,STU002875,SCH040,2025-08-01,20,17,Illness
ATT202508002877,STU002877,SCH048,2025-08-01,20,17,Medical
ATT202508002878,STU002878,SCH048,2025-08-01,22,18,Family
ATT202508002879,STU002879,SCH037,2025-08-01,19,15,Family
ATT202508002880,STU002880,SCH031,2025-08-01,22,20,Medical
ATT202508002881,STU002881,SCH010,2025-08-01,21,18,Other
ATT202508002882,STU002882,SCH046,2025-08-01,18,15,Illness
ATT202508002883,STU002883,SCH029,2025-08-01,21,17,Illness
ATT202508002884,STU002884,SCH035,2025-08-01,19,16,Family
ATT202508002885,STU002885,SCH023,2025-08-01,19,16,Other
ATT202508002886,STU002886,SCH011,2025-08-01,18,16,Medical
ATT202508002887,STU002887,SCH017,2025-08-01,18,14,Family
ATT202508002888,STU002888,SCH037,2025-08-01,22,19,Illness
ATT202508002889,STU002889,SCH034,2025-08-01,21,16,Family
ATT202508002890,STU002890,SCH025,2025-08-01,21,18,Medical
ATT202508002891,STU002891,SCH046,2025-08-01,18,14,Medical
ATT202508002892,STU002892,SCH008,2025-08-01,19,15,Other
ATT202508002893,STU002893,SCH001,2025-08-01,21,16,Unauthorised
ATT202508002894,STU002894,SCH030,2025-08-01,22,18,Illness
ATT202508002895,STU002895,SCH015,2025-08-01,22,20,Other
ATT202508002898,STU002898,SCH040,2025-08-01,20,17,Medical
ATT202508002899,STU002899,SCH014,2025-08-01,22,18,Medical
ATT202508002900,STU002900,SCH009,2025-08-01,20,17,Medical
ATT202508002901,STU002901,SCH016,2025-08-01,20,17,Illness
ATT202508002902,STU002902,SCH009,2025-08-01,20,17,Other
ATT202508002903,STU002903,SCH025,2025-08-01,19,15,Unauthorised
ATT202508002904,STU002904,SCH001,2025-08-01,18,15,Illness
ATT202508002905,STU002905,SCH024,2025-08-01,22,18,Illness
ATT202508002906,STU002906,SCH005,2025-08-01,18,16,Family
ATT202508002907,STU002907,SCH033,2025-08-01,20,17,Family
ATT202508002908,STU002908,SCH049,2025-08-01,22,17,Other
ATT202508002909,STU002909,SCH023,2025-08-01,22,18,Family
ATT202508002910,STU002910,SCH016,2025-08-01,20,17,Other
ATT202508002911,STU002911,SCH035,2025-08-01,19,15,Family
ATT202508002913,STU002913,SCH003,2025-08-01,19,17,Unauthorised
ATT202508002915,STU002915,SCH038,2025-08-01,20,17,Medical
ATT202508002916,STU002916,SCH044,2025-08-01,21,18,Illness
ATT202508002917,STU002917,SCH022,2025-08-01,22,16,Other
ATT202508002918,STU002918,SCH048,2025-08-01,21,18,Medical
ATT202508002919,STU002919,SCH010,2025-08-01,20,15,Illness
ATT202508002920,STU002920,SCH025,2025-08-01,21,19,Illness
ATT202508002921,STU002921,SCH027,2025-08-01,19,16,Unauthorised
ATT202508002922,STU002922,SCH026,2025-08-01,19,16,Other
ATT202508002923,STU002923,SCH027,2025-08-01,20,16,Family
ATT202508002925,STU002925,SCH012,2025-08-01,19,16,Medical
ATT202508002927,STU002927,SCH023,2025-08-01,20,17,Family
ATT202508002928,STU002928,SCH030,2025-08-01,22,20,Family
ATT202508002929,STU002929,SCH032,2025-08-01,21,17,Unauthorised
ATT202508002930,STU002930,SCH049,2025-08-01,19,16,Unauthorised
ATT202508002931,STU002931,SCH015,2025-08-01,22,19,Medical
ATT202508002932,STU002932,SCH031,2025-08-01,21,17,Medical
ATT202508002933,STU002933,SCH024,2025-08-01,21,16,Illness
ATT202508002934,STU002934,SCH037,2025-08-01,22,19,Other
ATT202508002936,STU002936,SCH048,2025-08-01,21,19,Unauthorised
ATT202508002938,STU002938,SCH031,2025-08-01,20,14,Illness
ATT202508002939,STU002939,SCH015,2025-08-01,18,15,Other
ATT202508002940,STU002940,SCH006,2025-08-01,22,19,Medical
ATT202508002941,STU002941,SCH002,2025-08-01,19,16,Illness
ATT202508002942,STU002942,SCH011,2025-08-01,20,18,Illness
ATT202508002943,STU002943,SCH006,2025-08-01,21,18,Medical
ATT202508002944,STU002944,SCH038,2025-08-01,18,14,Family
ATT202508002945,STU002945,SCH043,2025-08-01,21,16,Medical
ATT202508002946,STU002946,SCH010,2025-08-01,19,16,Other
ATT202508002947,STU002947,SCH047,2025-08-01,19,17,Unauthorised
ATT202508002948,STU002948,SCH011,2025-08-01,20,17,Family
ATT202508002949,STU002949,SCH043,2025-08-01,19,16,Medical
ATT202508002950,STU002950,SCH026,2025-08-01,21,19,Medical
ATT202508002952,STU002952,SCH014,2025-08-01,18,15,Family
ATT202508002953,STU002953,SCH016,2025-08-01,20,17,Family
ATT202508002954,STU002954,SCH024,2025-08-01,18,14,Other
ATT202508002955,STU002955,SCH007,2025-08-01,21,18,Family
ATT202508002956,STU002956,SCH005,2025-08-01,21,17,Illness
ATT202508002957,STU002957,SCH008,2025-08-01,20,18,Medical
ATT202508002958,STU002958,SCH016,2025-08-01,20,18,Illness
ATT202508002959,STU002959,SCH033,2025-08-01,19,16,Medical
ATT202508002960,STU002960,SCH046,2025-08-01,18,17,Illness
ATT202508002961,STU002961,SCH016,2025-08-01,22,19,Family
ATT202508002962,STU002962,SCH036,2025-08-01,20,18,Other
ATT202508002963,STU002963,SCH025,2025-08-01,22,19,Illness
ATT202508002964,STU002964,SCH020,2025-08-01,22,19,Illness
ATT202508002965,STU002965,SCH011,2025-08-01,20,16,Unauthorised
ATT202508002966,STU002966,SCH022,2025-08-01,22,19,Family
ATT202508002967,STU002967,SCH021,2025-08-01,20,17,Illness
ATT202508002968,STU002968,SCH014,2025-08-01,18,13,Medical
ATT202508002969,STU002969,SCH037,2025-08-01,21,18,Illness
ATT202508002970,STU002970,SCH019,2025-08-01,21,18,Unauthorised
ATT202508002971,STU002971,SCH012,2025-08-01,19,14,Medical
ATT202508002972,STU002972,SCH021,2025-08-01,19,15,Illness
ATT202508002973,STU002973,SCH021,2025-08-01,21,16,Family
ATT202508002974,STU002974,SCH003,2025-08-01,19,16,Other
ATT202508002975,STU002975,SCH044,2025-08-01,22,21,Medical
ATT202508002976,STU002976,SCH007,2025-08-01,19,16,Illness
ATT202508002977,STU002977,SCH046,2025-08-01,22,18,Medical
ATT202508002978,STU002978,SCH033,2025-08-01,21,17,Unauthorised
ATT202508002979,STU002979,SCH009,2025-08-01,19,16,Medical
ATT202508002980,STU002980,SCH030,2025-08-01,18,14,Medical
ATT202508002981,STU002981,SCH023,2025-08-01,21,18,Family
ATT202508002982,STU002982,SCH010,2025-08-01,18,16,Illness
ATT202508002983,STU002983,SCH041,2025-08-01,21,19,Family
ATT202508002984,STU002984,SCH045,2025-08-01,18,16,Other
ATT202508002985,STU002985,SCH032,2025-08-01,20,17,Family
ATT202508002986,STU002986,SCH012,2025-08-01,21,18,Medical
ATT202508002987,STU002987,SCH023,2025-08-01,22,19,Family
ATT202508002988,STU002988,SCH012,2025-08-01,18,15,Medical
ATT202508002989,STU002989,SCH043,2025-08-01,19,16,Family
ATT202508002990,STU002990,SCH025,2025-08-01,20,16,Medical
ATT202508002991,STU002991,SCH027,2025-08-01,21,17,Unauthorised
ATT202508002993,STU002993,SCH025,2025-08-01,20,17,Family
ATT202508002995,STU002995,SCH020,2025-08-01,22,18,Illness
ATT202508002996,STU002996,SCH035,2025-08-01,18,15,Medical
ATT202508002997,STU002997,SCH005,2025-08-01,18,15,Unauthorised
ATT202508002998,STU002998,SCH010,2025-08-01,21,15,Family
ATT202508002999,STU002999,SCH016,2025-08-01,18,16,Illness
ATT202508003000,STU003000,SCH031,2025-08-01,22,17,Illness
ATT202508003001,STU003001,SCH046,2025-08-01,18,14,Other
ATT202508003002,STU003002,SCH035,2025-08-01,18,14,Other
ATT202508003003,STU003003,SCH033,2025-08-01,20,17,Illness
ATT202508003004,STU003004,SCH045,2025-08-01,22,18,Unauthorised
ATT202508003006,STU003006,SCH043,2025-08-01,20,16,Unauthorised
ATT202508003007,STU003007,SCH014,2025-08-01,21,17,Unauthorised
ATT202508003008,STU003008,SCH015,2025-08-01,20,17,Illness
ATT202508003009,STU003009,SCH006,2025-08-01,19,16,Illness
ATT202508003010,STU003010,SCH047,2025-08-01,20,18,Medical
ATT202508003011,STU003011,SCH037,2025-08-01,19,16,Other
ATT202508003012,STU003012,SCH033,2025-08-01,22,19,Illness
ATT202508003013,STU003013,SCH015,2025-08-01,18,16,Family
ATT202508003014,STU003014,SCH025,2025-08-01,21,18,Other
ATT202508003015,STU003015,SCH038,2025-08-01,22,18,Medical
ATT202508003016,STU003016,SCH038,2025-08-01,20,18,Family
ATT202508003017,STU003017,SCH008,2025-08-01,21,19,Illness
ATT202508003018,STU003018,SCH023,2025-08-01,18,16,Illness
ATT202508003019,STU003019,SCH011,2025-08-01,19,17,Family
ATT202508003020,STU003020,SCH029,2025-08-01,18,16,Other
ATT202508003021,STU003021,SCH027,2025-08-01,18,14,Unauthorised
ATT202508003022,STU003022,SCH043,2025-08-01,18,15,Illness
ATT202508003023,STU003023,SCH010,2025-08-01,21,16,Illness
ATT202508003024,STU003024,SCH040,2025-08-01,20,19,Medical
ATT202508003025,STU003025,SCH029,2025-08-01,22,19,Unauthorised
ATT202508003026,STU003026,SCH012,2025-08-01,20,18,Unauthorised
ATT202508003027,STU003027,SCH035,2025-08-01,21,16,Family
ATT202508003028,STU003028,SCH023,2025-08-01,19,17,Other
ATT202508003030,STU003030,SCH046,2025-08-01,18,15,Family
ATT202508003031,STU003031,SCH037,2025-08-01,18,15,Unauthorised
ATT202508003032,STU003032,SCH041,2025-08-01,18,17,Medical
ATT202508003033,STU003033,SCH041,2025-08-01,21,19,Unauthorised
ATT202508003034,STU003034,SCH008,2025-08-01,20,17,Family
ATT202508003035,STU003035,SCH031,2025-08-01,22,17,Unauthorised
ATT202508003036,STU003036,SCH005,2025-08-01,19,16,Family
ATT202508003037,STU003037,SCH016,2025-08-01,21,19,Medical
ATT202508003038,STU003038,SCH026,2025-08-01,21,18,Family
ATT202508003039,STU003039,SCH049,2025-08-01,22,17,Illness
ATT202508003040,STU003040,SCH041,2025-08-01,22,20,Medical
ATT202508003041,STU003041,SCH006,2025-08-01,18,16,Other
ATT202508003042,STU003042,SCH025,2025-08-01,21,18,Family
ATT202508003043,STU003043,SCH001,2025-08-01,20,15,Medical
ATT202508003044,STU003044,SCH013,2025-08-01,22,19,Other
ATT202508003045,STU003045,SCH007,2025-08-01,18,15,Unauthorised
ATT202508003046,STU003046,SCH010,2025-08-01,19,16,Family
ATT202508003047,STU003047,SCH033,2025-08-01,21,18,Medical
ATT202508003048,STU003048,SCH045,2025-08-01,20,16,Family
ATT202508003049,STU003049,SCH041,2025-08-01,19,17,Unauthorised
ATT202508003051,STU003051,SCH014,2025-08-01,19,17,Family
ATT202508003052,STU003052,SCH002,2025-08-01,18,14,Unauthorised
ATT202508003053,STU003053,SCH003,2025-08-01,19,16,Medical
ATT202508003054,STU003054,SCH004,2025-08-01,19,16,Unauthorised
ATT202508003055,STU003055,SCH030,2025-08-01,22,20,Unauthorised
ATT202508003056,STU003056,SCH031,2025-08-01,20,16,Other
ATT202508003057,STU003057,SCH009,2025-08-01,20,15,Medical
ATT202508003058,STU003058,SCH016,2025-08-01,19,17,Medical
ATT202508003059,STU003059,SCH003,2025-08-01,20,17,Illness
ATT202508003060,STU003060,SCH022,2025-08-01,19,13,Medical
ATT202508003062,STU003062,SCH013,2025-08-01,22,19,Illness
ATT202508003063,STU003063,SCH009,2025-08-01,19,16,Unauthorised
ATT202508003064,STU003064,SCH025,2025-08-01,19,17,Unauthorised
ATT202508003065,STU003065,SCH035,2025-08-01,20,16,Family
ATT202508003066,STU003066,SCH030,2025-08-01,21,18,Medical
ATT202508003067,STU003067,SCH031,2025-08-01,20,16,Other
ATT202508003068,STU003068,SCH044,2025-08-01,18,15,Other
ATT202508003069,STU003069,SCH008,2025-08-01,21,19,Medical
ATT202508003071,STU003071,SCH040,2025-08-01,20,17,Medical
ATT202508003072,STU003072,SCH044,2025-08-01,22,19,Unauthorised
ATT202508003073,STU003073,SCH043,2025-08-01,19,16,Other
ATT202508003074,STU003074,SCH044,2025-08-01,22,18,Family
ATT202508003075,STU003075,SCH024,2025-08-01,22,18,Family
ATT202508003076,STU003076,SCH014,2025-08-01,21,18,Medical
ATT202508003077,STU003077,SCH029,2025-08-01,21,18,Medical
ATT202508003078,STU003078,SCH012,2025-08-01,20,17,Illness
ATT202508003079,STU003079,SCH011,2025-08-01,22,19,Other
ATT202508003080,STU003080,SCH010,2025-08-01,18,17,Family
ATT202508003081,STU003081,SCH029,2025-08-01,22,17,Family
ATT202508003084,STU003084,SCH041,2025-08-01,19,17,Family
ATT202508003085,STU003085,SCH026,2025-08-01,21,19,Medical
ATT202508003086,STU003086,SCH024,2025-08-01,19,15,Unauthorised
ATT202508003087,STU003087,SCH022,2025-08-01,22,20,Family
ATT202508003088,STU003088,SCH046,2025-08-01,22,19,Unauthorised
ATT202508003089,STU003089,SCH029,2025-08-01,19,15,Medical
ATT202508003090,STU003090,SCH045,2025-08-01,19,16,Other
ATT202508003091,STU003091,SCH027,2025-08-01,22,19,Family
ATT202508003092,STU003092,SCH037,2025-08-01,21,19,Illness
ATT202508003093,STU003093,SCH009,2025-08-01,21,17,Medical
ATT202508003094,STU003094,SCH023,2025-08-01,19,16,Family
ATT202508003095,STU003095,SCH018,2025-08-01,20,17,Other
ATT202508003096,STU003096,SCH004,2025-08-01,20,18,Illness
ATT202508003097,STU003097,SCH044,2025-08-01,18,14,Illness
ATT202508003098,STU003098,SCH038,2025-08-01,22,17,Illness
ATT202508003099,STU003099,SCH007,2025-08-01,19,14,Family
ATT202508003100,STU003100,SCH012,2025-08-01,18,15,Family
ATT202508003101,STU003101,SCH031,2025-08-01,21,18,Medical
ATT202508003102,STU003102,SCH025,2025-08-01,21,18,Family
ATT202508003103,STU003103,SCH008,2025-08-01,22,19,Illness
ATT202508003104,STU003104,SCH042,2025-08-01,21,16,Unauthorised
ATT202508003105,STU003105,SCH013,2025-08-01,21,17,Illness
ATT202508003106,STU003106,SCH027,2025-08-01,21,17,Illness
ATT202508003108,STU003108,SCH019,2025-08-01,20,18,Medical
ATT202508003109,STU003109,SCH044,2025-08-01,21,18,Family
ATT202508003111,STU003111,SCH031,2025-08-01,22,19,Family
ATT202508003112,STU003112,SCH014,2025-08-01,18,14,Illness
ATT202508003113,STU003113,SCH025,2025-08-01,22,20,Family
ATT202508003114,STU003114,SCH021,2025-08-01,21,18,Family
ATT202508003115,STU003115,SCH046,2025-08-01,18,15,Family
ATT202508003116,STU003116,SCH020,2025-08-01,18,15,Illness
ATT202508003117,STU003117,SCH035,2025-08-01,22,16,Other
ATT202508003118,STU003118,SCH028,2025-08-01,18,15,Family
ATT202508003119,STU003119,SCH031,2025-08-01,20,17,Other
ATT202508003120,STU003120,SCH015,2025-08-01,21,19,Medical
ATT202508003121,STU003121,SCH036,2025-08-01,20,17,Other
ATT202508003122,STU003122,SCH011,2025-08-01,21,17,Other
ATT202508003123,STU003123,SCH037,2025-08-01,19,16,Medical
ATT202508003124,STU003124,SCH039,2025-08-01,22,20,Unauthorised
ATT202508003125,STU003125,SCH046,2025-08-01,22,18,Medical
ATT202508003126,STU003126,SCH046,2025-08-01,19,16,Family
ATT202508003127,STU003127,SCH005,2025-08-01,19,16,Unauthorised
ATT202508003128,STU003128,SCH022,2025-08-01,18,13,Unauthorised
ATT202508003129,STU003129,SCH042,2025-08-01,22,15,Illness
ATT202508003130,STU003130,SCH019,2025-08-01,20,17,Illness
ATT202508003131,STU003131,SCH030,2025-08-01,20,15,Medical
ATT202508003132,STU003132,SCH039,2025-08-01,21,17,Unauthorised
ATT202508003133,STU003133,SCH035,2025-08-01,22,18,Unauthorised
ATT202508003134,STU003134,SCH012,2025-08-01,21,17,Medical
ATT202508003135,STU003135,SCH013,2025-08-01,20,17,Other
ATT202508003136,STU003136,SCH041,2025-08-01,20,18,Family
ATT202508003137,STU003137,SCH048,2025-08-01,19,16,Medical
ATT202508003139,STU003139,SCH038,2025-08-01,21,19,Medical
ATT202508003140,STU003140,SCH014,2025-08-01,21,17,Illness
ATT202508003141,STU003141,SCH002,2025-08-01,18,16,Medical
ATT202508003142,STU003142,SCH016,2025-08-01,20,17,Medical
ATT202508003143,STU003143,SCH039,2025-08-01,21,19,Family
ATT202508003144,STU003144,SCH037,2025-08-01,19,16,Unauthorised
ATT202508003146,STU003146,SCH012,2025-08-01,19,17,Medical
ATT202508003147,STU003147,SCH012,2025-08-01,21,18,Other
ATT202508003148,STU003148,SCH043,2025-08-01,19,16,Family
ATT202508003149,STU003149,SCH042,2025-08-01,19,15,Other
ATT202508003150,STU003150,SCH012,2025-08-01,18,15,Family
ATT202508003151,STU003151,SCH028,2025-08-01,21,18,Unauthorised
ATT202508003152,STU003152,SCH029,2025-08-01,19,17,Medical
ATT202508003153,STU003153,SCH003,2025-08-01,20,18,Family
ATT202508003154,STU003154,SCH045,2025-08-01,21,17,Family
ATT202508003155,STU003155,SCH018,2025-08-01,18,15,Unauthorised
ATT202508003156,STU003156,SCH037,2025-08-01,21,17,Medical
ATT202508003157,STU003157,SCH036,2025-08-01,20,16,Medical
ATT202508003158,STU003158,SCH030,2025-08-01,21,18,Medical
ATT202508003159,STU003159,SCH037,2025-08-01,21,18,Illness
ATT202508003160,STU003160,SCH016,2025-08-01,22,18,Unauthorised
ATT202508003161,STU003161,SCH007,2025-08-01,21,17,Other
ATT202508003163,STU003163,SCH017,2025-08-01,21,17,Unauthorised
ATT202508003164,STU003164,SCH035,2025-08-01,18,15,Illness
ATT202508003166,STU003166,SCH045,2025-08-01,22,18,Illness
ATT202508003167,STU003167,SCH005,2025-08-01,19,16,Family
ATT202508003168,STU003168,SCH043,2025-08-01,22,18,Unauthorised
ATT202508003169,STU003169,SCH023,2025-08-01,22,20,Unauthorised
ATT202508003170,STU003170,SCH008,2025-08-01,22,18,Medical
ATT202508003171,STU003171,SCH015,2025-08-01,21,18,Medical
ATT202508003172,STU003172,SCH019,2025-08-01,21,19,Family
ATT202508003173,STU003173,SCH026,2025-08-01,21,19,Medical
ATT202508003174,STU003174,SCH043,2025-08-01,21,17,Medical
ATT202508003175,STU003175,SCH046,2025-08-01,21,17,Family
ATT202508003176,STU003176,SCH010,2025-08-01,18,14,Illness
ATT202508003177,STU003177,SCH007,2025-08-01,19,16,Medical
ATT202508003178,STU003178,SCH047,2025-08-01,22,18,Medical
ATT202508003179,STU003179,SCH022,2025-08-01,21,16,Illness
ATT202508003180,STU003180,SCH035,2025-08-01,20,16,Unauthorised
ATT202508003181,STU003181,SCH038,2025-08-01,20,16,Family
ATT202508003182,STU003182,SCH014,2025-08-01,21,16,Illness
ATT202508003183,STU003183,SCH022,2025-08-01,21,17,Medical
ATT202508003184,STU003184,SCH002,2025-08-01,22,18,Medical
ATT202508003185,STU003185,SCH039,2025-08-01,22,20,Unauthorised
ATT202508003186,STU003186,SCH025,2025-08-01,19,16,Unauthorised
ATT202508003187,STU003187,SCH036,2025-08-01,18,15,Family
ATT202508003188,STU003188,SCH018,2025-08-01,22,18,Illness
ATT202508003189,STU003189,SCH030,2025-08-01,21,16,Illness
ATT202508003190,STU003190,SCH040,2025-08-01,22,18,Other
ATT202508003192,STU003192,SCH001,2025-08-01,19,14,Illness
ATT202508003194,STU003194,SCH049,2025-08-01,19,15,Illness
ATT202508003195,STU003195,SCH048,2025-08-01,21,19,Other
ATT202508003196,STU003196,SCH020,2025-08-01,19,16,Other
ATT202508003197,STU003197,SCH029,2025-08-01,18,15,Illness
ATT202508003198,STU003198,SCH002,2025-08-01,18,14,Family
ATT202508003199,STU003199,SCH048,2025-08-01,20,17,Illness
ATT202508003200,STU003200,SCH004,2025-08-01,19,17,Family
ATT202508003201,STU003201,SCH028,2025-08-01,22,17,Illness
ATT202508003202,STU003202,SCH021,2025-08-01,19,14,Family
ATT202508003203,STU003203,SCH012,2025-08-01,19,16,Family
ATT202508003204,STU003204,SCH037,2025-08-01,20,17,Unauthorised
ATT202508003205,STU003205,SCH039,2025-08-01,21,19,Medical
ATT202508003206,STU003206,SCH017,2025-08-01,18,12,Other
ATT202508003207,STU003207,SCH038,2025-08-01,19,17,Illness
ATT202508003208,STU003208,SCH017,2025-08-01,21,17,Unauthorised
ATT202508003209,STU003209,SCH031,2025-08-01,22,17,Medical
ATT202508003210,STU003210,SCH014,2025-08-01,19,16,Medical
ATT202508003211,STU003211,SCH032,2025-08-01,19,17,Illness
ATT202508003212,STU003212,SCH012,2025-08-01,18,16,Medical
ATT202508003213,STU003213,SCH031,2025-08-01,22,19,Illness
ATT202508003214,STU003214,SCH041,2025-08-01,20,17,Illness
ATT202508003216,STU003216,SCH031,2025-08-01,21,18,Other
ATT202508003217,STU003217,SCH033,2025-08-01,20,17,Medical
ATT202508003218,STU003218,SCH008,2025-08-01,18,15,Other
ATT202508003219,STU003219,SCH032,2025-08-01,18,16,Illness
ATT202508003220,STU003220,SCH018,2025-08-01,22,18,Unauthorised
ATT202508003221,STU003221,SCH035,2025-08-01,22,16,Illness
ATT202508003222,STU003222,SCH019,2025-08-01,21,17,Illness
ATT202508003223,STU003223,SCH011,2025-08-01,21,19,Medical
ATT202508003224,STU003224,SCH045,2025-08-01,19,17,Illness
ATT202508003225,STU003225,SCH004,2025-08-01,20,17,Medical
ATT202508003226,STU003226,SCH010,2025-08-01,19,15,Family
ATT202508003227,STU003227,SCH017,2025-08-01,22,18,Illness
ATT202508003228,STU003228,SCH023,2025-08-01,21,17,Other
ATT202508003229,STU003229,SCH046,2025-08-01,22,17,Illness
ATT202508003230,STU003230,SCH012,2025-08-01,21,18,Medical
ATT202508003231,STU003231,SCH001,2025-08-01,21,16,Illness
ATT202508003232,STU003232,SCH009,2025-08-01,19,17,Other
ATT202508003233,STU003233,SCH010,2025-08-01,19,17,Unauthorised
ATT202508003234,STU003234,SCH036,2025-08-01,20,16,Unauthorised
ATT202508003235,STU003235,SCH010,2025-08-01,22,19,Family
ATT202508003236,STU003236,SCH002,2025-08-01,19,14,Other
ATT202508003237,STU003237,SCH035,2025-08-01,21,17,Family
ATT202508003238,STU003238,SCH015,2025-08-01,22,18,Unauthorised
ATT202508003239,STU003239,SCH040,2025-08-01,20,18,Medical
ATT202508003240,STU003240,SCH025,2025-08-01,21,18,Family
ATT202508003242,STU003242,SCH004,2025-08-01,19,18,Medical
ATT202508003244,STU003244,SCH005,2025-08-01,20,18,Other
ATT202508003245,STU003245,SCH042,2025-08-01,21,17,Unauthorised
ATT202508003246,STU003246,SCH044,2025-08-01,18,15,Family
ATT202508003247,STU003247,SCH035,2025-08-01,20,17,Medical
ATT202508003248,STU003248,SCH038,2025-08-01,19,15,Medical
ATT202508003250,STU003250,SCH030,2025-08-01,22,18,Medical
ATT202508003251,STU003251,SCH035,2025-08-01,18,14,Family
ATT202508003252,STU003252,SCH031,2025-08-01,19,15,Medical
ATT202508003253,STU003253,SCH046,2025-08-01,19,15,Other
ATT202508003254,STU003254,SCH016,2025-08-01,18,17,Family
ATT202508003255,STU003255,SCH021,2025-08-01,20,16,Family
ATT202508003256,STU003256,SCH007,2025-08-01,19,15,Family
ATT202508003257,STU003257,SCH033,2025-08-01,20,17,Unauthorised
ATT202508003258,STU003258,SCH002,2025-08-01,19,17,Medical
ATT202508003259,STU003259,SCH001,2025-08-01,18,13,Other
ATT202508003260,STU003260,SCH006,2025-08-01,18,15,Medical
ATT202508003261,STU003261,SCH015,2025-08-01,19,17,Other
ATT202508003262,STU003262,SCH005,2025-08-01,20,17,Unauthorised
ATT202508003263,STU003263,SCH010,2025-08-01,20,18,Medical
ATT202508003264,STU003264,SCH049,2025-08-01,21,15,Family
ATT202508003265,STU003265,SCH030,2025-08-01,21,18,Family
ATT202508003266,STU003266,SCH029,2025-08-01,21,16,Medical
ATT202508003267,STU003267,SCH013,2025-08-01,21,18,Unauthorised
ATT202508003268,STU003268,SCH036,2025-08-01,18,15,Other
ATT202508003269,STU003269,SCH049,2025-08-01,22,18,Illness
ATT202508003270,STU003270,SCH024,2025-08-01,20,17,Illness
ATT202508003272,STU003272,SCH022,2025-08-01,21,17,Family
ATT202508003273,STU003273,SCH027,2025-08-01,18,16,Illness
ATT202508003274,STU003274,SCH031,2025-08-01,19,14,Family
ATT202508003275,STU003275,SCH023,2025-08-01,18,16,Family
ATT202508003276,STU003276,SCH016,2025-08-01,18,15,Illness
ATT202508003277,STU003277,SCH037,2025-08-01,19,16,Family
ATT202508003279,STU003279,SCH019,2025-08-01,21,19,Family
ATT202508003281,STU003281,SCH044,2025-08-01,21,19,Unauthorised
ATT202508003282,STU003282,SCH031,2025-08-01,22,19,Family
ATT202508003283,STU003283,SCH046,2025-08-01,19,16,Medical
ATT202508003284,STU003284,SCH001,2025-08-01,22,17,Illness
ATT202508003285,STU003285,SCH025,2025-08-01,22,19,Family
ATT202508003286,STU003286,SCH013,2025-08-01,22,19,Illness
ATT202508003287,STU003287,SCH040,2025-08-01,19,16,Illness
ATT202508003288,STU003288,SCH001,2025-08-01,20,14,Unauthorised
ATT202508003289,STU003289,SCH013,2025-08-01,19,16,Medical
ATT202508003290,STU003290,SCH043,2025-08-01,20,16,Illness
ATT202508003291,STU003291,SCH018,2025-08-01,18,15,Medical
ATT202508003292,STU003292,SCH010,2025-08-01,22,19,Unauthorised
ATT202508003293,STU003293,SCH046,2025-08-01,19,16,Medical
ATT202508003295,STU003295,SCH009,2025-08-01,22,16,Other
ATT202508003296,STU003296,SCH030,2025-08-01,19,15,Medical
ATT202508003297,STU003297,SCH011,2025-08-01,22,19,Unauthorised
ATT202508003301,STU003301,SCH005,2025-08-01,22,19,Other
ATT202508003302,STU003302,SCH028,2025-08-01,20,15,Illness
ATT202508003303,STU003303,SCH001,2025-08-01,18,14,Family
ATT202508003304,STU003304,SCH025,2025-08-01,20,18,Other
ATT202508003305,STU003305,SCH038,2025-08-01,21,18,Illness
ATT202508003306,STU003306,SCH006,2025-08-01,20,18,Unauthorised
ATT202508003307,STU003307,SCH021,2025-08-01,18,13,Family
ATT202508003308,STU003308,SCH030,2025-08-01,21,18,Medical
ATT202508003309,STU003309,SCH047,2025-08-01,21,17,Medical
ATT202508003310,STU003310,SCH030,2025-08-01,20,17,Unauthorised
ATT202508003311,STU003311,SCH046,2025-08-01,21,18,Family
ATT202508003312,STU003312,SCH046,2025-08-01,20,16,Family
ATT202508003313,STU003313,SCH030,2025-08-01,22,20,Family
ATT202508003314,STU003314,SCH014,2025-08-01,21,17,Illness
ATT202508003315,STU003315,SCH038,2025-08-01,20,17,Medical
ATT202508003316,STU003316,SCH014,2025-08-01,18,15,Illness
ATT202508003318,STU003318,SCH041,2025-08-01,19,16,Illness
ATT202508003319,STU003319,SCH023,2025-08-01,21,19,Unauthorised
ATT202508003320,STU003320,SCH002,2025-08-01,20,16,Family
ATT202508003321,STU003321,SCH023,2025-08-01,22,18,Other
ATT202508003322,STU003322,SCH021,2025-08-01,18,13,Medical
ATT202508003323,STU003323,SCH001,2025-08-01,20,14,Medical
ATT202508003324,STU003324,SCH018,2025-08-01,20,17,Family
ATT202508003325,STU003325,SCH018,2025-08-01,20,17,Unauthorised
ATT202508003326,STU003326,SCH026,2025-08-01,21,19,Unauthorised
ATT202508003327,STU003327,SCH013,2025-08-01,19,17,Unauthorised
ATT202508003328,STU003328,SCH010,2025-08-01,18,15,Illness
ATT202508003329,STU003329,SCH018,2025-08-01,22,18,Medical
ATT202508003330,STU003330,SCH049,2025-08-01,21,18,Medical
ATT202508003332,STU003332,SCH022,2025-08-01,20,16,Unauthorised
ATT202508003333,STU003333,SCH033,2025-08-01,18,15,Medical
ATT202508003335,STU003335,SCH028,2025-08-01,21,18,Other
ATT202508003336,STU003336,SCH021,2025-08-01,21,15,Medical
ATT202508003337,STU003337,SCH005,2025-08-01,22,20,Illness
ATT202508003338,STU003338,SCH004,2025-08-01,20,18,Medical
ATT202508003339,STU003339,SCH021,2025-08-01,21,17,Family
ATT202508003340,STU003340,SCH026,2025-08-01,19,16,Other
ATT202508003341,STU003341,SCH011,2025-08-01,19,17,Unauthorised
ATT202508003343,STU003343,SCH025,2025-08-01,21,18,Illness
ATT202508003344,STU003344,SCH040,2025-08-01,19,16,Other
ATT202508003345,STU003345,SCH002,2025-08-01,18,15,Unauthorised
ATT202508003346,STU003346,SCH033,2025-08-01,21,18,Medical
ATT202508003347,STU003347,SCH038,2025-08-01,20,17,Family
ATT202508003348,STU003348,SCH037,2025-08-01,22,19,Medical
ATT202508003349,STU003349,SCH046,2025-08-01,21,17,Family
ATT202508003350,STU003350,SCH016,2025-08-01,21,18,Medical
ATT202508003351,STU003351,SCH030,2025-08-01,21,19,Family
ATT202508003352,STU003352,SCH009,2025-08-01,20,16,Medical
ATT202508003354,STU003354,SCH016,2025-08-01,19,17,Other
ATT202508003355,STU003355,SCH031,2025-08-01,18,15,Medical
ATT202508003356,STU003356,SCH047,2025-08-01,21,18,Medical
ATT202508003357,STU003357,SCH022,2025-08-01,20,16,Medical
ATT202508003358,STU003358,SCH037,2025-08-01,21,18,Unauthorised
ATT202508003359,STU003359,SCH006,2025-08-01,18,15,Other
ATT202508003360,STU003360,SCH019,2025-08-01,18,15,Medical
ATT202508003361,STU003361,SCH023,2025-08-01,18,17,Family
ATT202508003362,STU003362,SCH010,2025-08-01,22,19,Illness
ATT202508003363,STU003363,SCH047,2025-08-01,22,19,Family
ATT202508003364,STU003364,SCH032,2025-08-01,19,15,Other
ATT202508003365,STU003365,SCH025,2025-08-01,18,15,Illness
ATT202508003366,STU003366,SCH043,2025-08-01,21,18,Other
ATT202508003367,STU003367,SCH046,2025-08-01,21,17,Family
ATT202508003368,STU003368,SCH029,2025-08-01,19,15,Illness
ATT202508003369,STU003369,SCH016,2025-08-01,19,15,Other
ATT202508003370,STU003370,SCH019,2025-08-01,19,15,Medical
ATT202508003371,STU003371,SCH008,2025-08-01,20,18,Unauthorised
ATT202508003372,STU003372,SCH005,2025-08-01,19,16,Unauthorised
ATT202508003373,STU003373,SCH034,2025-08-01,20,17,Other
ATT202508003374,STU003374,SCH035,2025-08-01,21,18,Family
ATT202508003375,STU003375,SCH044,2025-08-01,22,19,Unauthorised
ATT202508003376,STU003376,SCH010,2025-08-01,20,17,Family
ATT202508003377,STU003377,SCH031,2025-08-01,20,16,Other
ATT202508003378,STU003378,SCH048,2025-08-01,18,16,Unauthorised
ATT202508003379,STU003379,SCH027,2025-08-01,19,15,Family
ATT202508003380,STU003380,SCH019,2025-08-01,18,16,Medical
ATT202508003381,STU003381,SCH037,2025-08-01,19,16,Medical
ATT202508003382,STU003382,SCH046,2025-08-01,19,16,Other
ATT202508003384,STU003384,SCH012,2025-08-01,22,18,Family
ATT202508003385,STU003385,SCH039,2025-08-01,20,17,Medical
ATT202508003387,STU003387,SCH046,2025-08-01,18,16,Other
ATT202508003388,STU003388,SCH014,2025-08-01,22,18,Family
ATT202508003389,STU003389,SCH016,2025-08-01,22,18,Family
ATT202508003390,STU003390,SCH041,2025-08-01,18,16,Medical
ATT202508003391,STU003391,SCH039,2025-08-01,18,16,Other
ATT202508003392,STU003392,SCH040,2025-08-01,18,15,Other
ATT202508003393,STU003393,SCH045,2025-08-01,19,16,Medical
ATT202508003394,STU003394,SCH028,2025-08-01,19,16,Family
ATT202508003395,STU003395,SCH040,2025-08-01,18,15,Illness
ATT202508003396,STU003396,SCH035,2025-08-01,18,14,Other
ATT202508003397,STU003397,SCH016,2025-08-01,22,18,Medical
ATT202508003398,STU003398,SCH025,2025-08-01,21,18,Other
ATT202508003399,STU003399,SCH047,2025-08-01,21,18,Other
ATT202508003400,STU003400,SCH015,2025-08-01,20,17,Medical
ATT202508003401,STU003401,SCH022,2025-08-01,20,15,Medical
ATT202508003402,STU003402,SCH031,2025-08-01,18,16,Unauthorised
ATT202508003403,STU003403,SCH021,2025-08-01,21,16,Unauthorised
ATT202508003404,STU003404,SCH033,2025-08-01,19,17,Family
ATT202508003405,STU003405,SCH005,2025-08-01,20,18,Family
ATT202508003408,STU003408,SCH003,2025-08-01,19,17,Medical
ATT202508003409,STU003409,SCH046,2025-08-01,20,17,Medical
ATT202508003410,STU003410,SCH027,2025-08-01,22,19,Family
ATT202508003411,STU003411,SCH035,2025-08-01,18,14,Illness
ATT202508003412,STU003412,SCH046,2025-08-01,22,18,Family
ATT202508003413,STU003413,SCH045,2025-08-01,19,15,Medical
ATT202508003414,STU003414,SCH030,2025-08-01,19,17,Illness
ATT202508003415,STU003415,SCH031,2025-08-01,18,15,Medical
ATT202508003417,STU003417,SCH010,2025-08-01,22,18,Family
ATT202508003418,STU003418,SCH045,2025-08-01,20,17,Other
ATT202508003419,STU003419,SCH014,2025-08-01,21,18,Unauthorised
ATT202508003420,STU003420,SCH029,2025-08-01,18,14,Other
ATT202508003421,STU003421,SCH021,2025-08-01,18,14,Illness
ATT202508003422,STU003422,SCH008,2025-08-01,21,18,Medical
ATT202508003423,STU003423,SCH006,2025-08-01,22,18,Illness
ATT202508003424,STU003424,SCH042,2025-08-01,20,14,Unauthorised
ATT202508003425,STU003425,SCH002,2025-08-01,18,13,Medical
ATT202508003426,STU003426,SCH009,2025-08-01,20,17,Family
ATT202508003427,STU003427,SCH047,2025-08-01,19,16,Family
ATT202508003428,STU003428,SCH030,2025-08-01,19,15,Medical
ATT202508003429,STU003429,SCH048,2025-08-01,20,16,Other
ATT202508003430,STU003430,SCH016,2025-08-01,18,16,Illness
ATT202508003431,STU003431,SCH016,2025-08-01,20,16,Medical
ATT202508003432,STU003432,SCH006,2025-08-01,21,18,Medical
ATT202508003434,STU003434,SCH018,2025-08-01,22,18,Family
ATT202508003435,STU003435,SCH032,2025-08-01,19,16,Family
ATT202508003436,STU003436,SCH025,2025-08-01,19,17,Illness
ATT202508003438,STU003438,SCH020,2025-08-01,18,16,Illness
ATT202508003439,STU003439,SCH020,2025-08-01,22,19,Medical
ATT202508003440,STU003440,SCH007,2025-08-01,20,16,Medical
ATT202508003441,STU003441,SCH018,2025-08-01,20,17,Other
ATT202508003442,STU003442,SCH021,2025-08-01,21,16,Family
ATT202508003443,STU003443,SCH010,2025-08-01,20,16,Illness
ATT202508003444,STU003444,SCH046,2025-08-01,22,16,Unauthorised
ATT202508003445,STU003445,SCH026,2025-08-01,19,16,Medical
ATT202508003447,STU003447,SCH047,2025-08-01,18,16,Unauthorised
ATT202508003448,STU003448,SCH010,2025-08-01,19,16,Medical
ATT202508003450,STU003450,SCH007,2025-08-01,21,16,Medical
ATT202508003451,STU003451,SCH030,2025-08-01,21,18,Unauthorised
ATT202508003452,STU003452,SCH022,2025-08-01,20,15,Other
ATT202508003453,STU003453,SCH009,2025-08-01,22,19,Other
ATT202508003454,STU003454,SCH046,2025-08-01,18,15,Unauthorised
ATT202508003455,STU003455,SCH010,2025-08-01,22,18,Medical
ATT202508003456,STU003456,SCH015,2025-08-01,22,18,Other
ATT202508003457,STU003457,SCH045,2025-08-01,19,16,Unauthorised
ATT202508003459,STU003459,SCH001,2025-08-01,22,17,Medical
ATT202508003460,STU003460,SCH027,2025-08-01,18,15,Medical
ATT202508003461,STU003461,SCH026,2025-08-01,21,17,Unauthorised
ATT202508003462,STU003462,SCH007,2025-08-01,21,18,Unauthorised
ATT202508003463,STU003463,SCH037,2025-08-01,22,19,Family
ATT202508003464,STU003464,SCH012,2025-08-01,21,18,Family
ATT202508003465,STU003465,SCH013,2025-08-01,20,16,Unauthorised
ATT202508003467,STU003467,SCH034,2025-08-01,22,18,Unauthorised
ATT202508003468,STU003468,SCH015,2025-08-01,21,18,Illness
ATT202508003470,STU003470,SCH036,2025-08-01,18,15,Medical
ATT202508003471,STU003471,SCH028,2025-08-01,20,16,Unauthorised
ATT202508003472,STU003472,SCH003,2025-08-01,19,17,Other
ATT202508003473,STU003473,SCH020,2025-08-01,21,18,Other
ATT202508003474,STU003474,SCH045,2025-08-01,21,18,Unauthorised
ATT202508003475,STU003475,SCH045,2025-08-01,20,17,Medical
ATT202508003476,STU003476,SCH021,2025-08-01,18,14,Medical
ATT202508003477,STU003477,SCH015,2025-08-01,21,19,Medical
ATT202508003478,STU003478,SCH048,2025-08-01,22,19,Family
ATT202508003479,STU003479,SCH021,2025-08-01,20,16,Illness
ATT202508003480,STU003480,SCH034,2025-08-01,18,14,Illness
ATT202508003481,STU003481,SCH003,2025-08-01,21,18,Other
ATT202508003482,STU003482,SCH007,2025-08-01,22,18,Illness
ATT202508003483,STU003483,SCH038,2025-08-01,21,19,Illness
ATT202508003484,STU003484,SCH001,2025-08-01,22,18,Family
ATT202508003485,STU003485,SCH021,2025-08-01,19,16,Illness
ATT202508003486,STU003486,SCH012,2025-08-01,20,17,Unauthorised
ATT202508003487,STU003487,SCH045,2025-08-01,22,19,Family
ATT202508003489,STU003489,SCH001,2025-08-01,19,15,Illness
ATT202508003490,STU003490,SCH010,2025-08-01,18,16,Medical
ATT202508003491,STU003491,SCH040,2025-08-01,19,17,Family
ATT202508003492,STU003492,SCH030,2025-08-01,19,16,Other
ATT202508003493,STU003493,SCH033,2025-08-01,22,17,Medical
ATT202508003494,STU003494,SCH046,2025-08-01,21,18,Illness
ATT202508003495,STU003495,SCH010,2025-08-01,19,15,Other
ATT202508003496,STU003496,SCH038,2025-08-01,20,17,Unauthorised
ATT202508003498,STU003498,SCH046,2025-08-01,21,17,Family
ATT202508003499,STU003499,SCH023,2025-08-01,22,18,Illness
ATT202508003500,STU003500,SCH019,2025-08-01,19,15,Other
ATT202508003501,STU003501,SCH049,2025-08-01,22,18,Medical
ATT202508003502,STU003502,SCH009,2025-08-01,21,19,Other
ATT202508003503,STU003503,SCH024,2025-08-01,20,16,Illness
ATT202508003504,STU003504,SCH004,2025-08-01,21,19,Illness
ATT202508003505,STU003505,SCH032,2025-08-01,19,16,Medical
ATT202508003506,STU003506,SCH030,2025-08-01,18,15,Unauthorised
ATT202508003508,STU003508,SCH048,2025-08-01,22,19,Family
ATT202508003509,STU003509,SCH012,2025-08-01,18,15,Medical
ATT202508003510,STU003510,SCH046,2025-08-01,18,16,Unauthorised
ATT202508003511,STU003511,SCH009,2025-08-01,21,17,Unauthorised
ATT202508003513,STU003513,SCH033,2025-08-01,20,17,Unauthorised
ATT202508003514,STU003514,SCH019,2025-08-01,22,19,Medical
ATT202508003515,STU003515,SCH027,2025-08-01,21,18,Medical
ATT202508003516,STU003516,SCH043,2025-08-01,20,17,Medical
ATT202508003517,STU003517,SCH014,2025-08-01,18,15,Family
ATT202508003518,STU003518,SCH044,2025-08-01,22,18,Illness
ATT202508003519,STU003519,SCH006,2025-08-01,21,18,Unauthorised
ATT202508003520,STU003520,SCH006,2025-08-01,20,18,Illness
ATT202508003521,STU003521,SCH044,2025-08-01,19,16,Medical
ATT202508003523,STU003523,SCH032,2025-08-01,19,16,Unauthorised
ATT202508003524,STU003524,SCH045,2025-08-01,21,18,Family
ATT202508003525,STU003525,SCH010,2025-08-01,22,18,Other
ATT202508003526,STU003526,SCH037,2025-08-01,18,16,Unauthorised
ATT202508003528,STU003528,SCH041,2025-08-01,19,17,Illness
ATT202508003529,STU003529,SCH007,2025-08-01,22,18,Unauthorised
ATT202508003531,STU003531,SCH007,2025-08-01,21,17,Medical
ATT202508003532,STU003532,SCH045,2025-08-01,21,18,Other
ATT202508003534,STU003534,SCH003,2025-08-01,21,17,Other
ATT202508003535,STU003535,SCH019,2025-08-01,22,20,Family
ATT202508003536,STU003536,SCH045,2025-08-01,22,18,Other
ATT202508003537,STU003537,SCH036,2025-08-01,21,18,Illness
ATT202508003538,STU003538,SCH012,2025-08-01,19,16,Other
ATT202508003540,STU003540,SCH046,2025-08-01,21,18,Illness
ATT202508003541,STU003541,SCH049,2025-08-01,19,14,Medical
ATT202508003542,STU003542,SCH021,2025-08-01,22,20,Unauthorised
ATT202508003543,STU003543,SCH016,2025-08-01,19,16,Unauthorised
ATT202508003544,STU003544,SCH047,2025-08-01,22,19,Other
ATT202508003545,STU003545,SCH015,2025-08-01,18,16,Illness
ATT202508003546,STU003546,SCH031,2025-08-01,22,19,Medical
ATT202508003547,STU003547,SCH048,2025-08-01,22,18,Unauthorised
ATT202508003548,STU003548,SCH028,2025-08-01,22,18,Unauthorised
ATT202508003549,STU003549,SCH014,2025-08-01,19,18,Other
ATT202508003550,STU003550,SCH021,2025-08-01,22,17,Medical
ATT202508003551,STU003551,SCH023,2025-08-01,18,15,Other
ATT202508003552,STU003552,SCH015,2025-08-01,20,17,Unauthorised
ATT202508003553,STU003553,SCH004,2025-08-01,22,19,Other
ATT202508003554,STU003554,SCH037,2025-08-01,19,16,Medical
ATT202508003555,STU003555,SCH014,2025-08-01,21,18,Illness
ATT202508003556,STU003556,SCH008,2025-08-01,18,15,Family
ATT202508003557,STU003557,SCH006,2025-08-01,22,19,Family
ATT202508003559,STU003559,SCH028,2025-08-01,18,15,Illness
ATT202508003561,STU003561,SCH037,2025-08-01,21,18,Medical
ATT202508003562,STU003562,SCH046,2025-08-01,19,16,Illness
ATT202508003563,STU003563,SCH021,2025-08-01,22,17,Unauthorised
ATT202508003564,STU003564,SCH044,2025-08-01,21,17,Family
ATT202508003565,STU003565,SCH004,2025-08-01,21,17,Illness
ATT202508003566,STU003566,SCH015,2025-08-01,22,20,Medical
ATT202508003567,STU003567,SCH009,2025-08-01,19,15,Family
ATT202508003569,STU003569,SCH031,2025-08-01,20,17,Medical
ATT202508003570,STU003570,SCH026,2025-08-01,21,18,Unauthorised
ATT202508003571,STU003571,SCH014,2025-08-01,20,18,Medical
ATT202508003572,STU003572,SCH035,2025-08-01,20,16,Unauthorised
ATT202508003573,STU003573,SCH001,2025-08-01,22,17,Unauthorised
ATT202508003574,STU003574,SCH043,2025-08-01,20,17,Family
ATT202508003575,STU003575,SCH043,2025-08-01,21,17,Unauthorised
ATT202508003576,STU003576,SCH021,2025-08-01,18,15,Other
ATT202508003577,STU003577,SCH016,2025-08-01,18,15,Medical
ATT202508003579,STU003579,SCH025,2025-08-01,19,17,Other
ATT202508003580,STU003580,SCH041,2025-08-01,18,16,Unauthorised
ATT202508003581,STU003581,SCH025,2025-08-01,21,18,Medical
ATT202508003582,STU003582,SCH044,2025-08-01,21,18,Unauthorised
ATT202508003583,STU003583,SCH040,2025-08-01,19,16,Other
ATT202508003584,STU003584,SCH005,2025-08-01,22,19,Unauthorised
ATT202508003585,STU003585,SCH015,2025-08-01,18,16,Medical
ATT202508003586,STU003586,SCH009,2025-08-01,21,18,Illness
ATT202508003587,STU003587,SCH033,2025-08-01,21,18,Family
ATT202508003588,STU003588,SCH047,2025-08-01,19,18,Family
ATT202508003589,STU003589,SCH049,2025-08-01,20,16,Unauthorised
ATT202508003590,STU003590,SCH034,2025-08-01,22,17,Illness
ATT202508003591,STU003591,SCH031,2025-08-01,21,17,Other
ATT202508003592,STU003592,SCH036,2025-08-01,22,19,Unauthorised
ATT202508003593,STU003593,SCH011,2025-08-01,18,16,Medical
ATT202508003594,STU003594,SCH040,2025-08-01,18,16,Illness
ATT202508003595,STU003595,SCH027,2025-08-01,20,17,Other
ATT202508003596,STU003596,SCH049,2025-08-01,22,18,Unauthorised
ATT202508003597,STU003597,SCH046,2025-08-01,19,16,Medical
ATT202508003598,STU003598,SCH018,2025-08-01,22,19,Other
ATT202508003599,STU003599,SCH031,2025-08-01,19,16,Other
ATT202508003600,STU003600,SCH008,2025-08-01,20,17,Other
ATT202508003601,STU003601,SCH040,2025-08-01,21,18,Unauthorised
ATT202508003602,STU003602,SCH022,2025-08-01,19,15,Other
ATT202508003603,STU003603,SCH044,2025-08-01,22,20,Illness
ATT202508003604,STU003604,SCH043,2025-08-01,22,19,Unauthorised
ATT202508003606,STU003606,SCH045,2025-08-01,22,17,Unauthorised
ATT202508003607,STU003607,SCH007,2025-08-01,22,18,Other
ATT202508003608,STU003608,SCH007,2025-08-01,22,19,Other
ATT202508003609,STU003609,SCH015,2025-08-01,22,19,Medical
ATT202508003610,STU003610,SCH029,2025-08-01,20,17,Medical
ATT202508003611,STU003611,SCH044,2025-08-01,20,17,Illness
ATT202508003612,STU003612,SCH030,2025-08-01,21,18,Unauthorised
ATT202508003613,STU003613,SCH013,2025-08-01,22,21,Illness
ATT202508003614,STU003614,SCH012,2025-08-01,19,15,Unauthorised
ATT202508003615,STU003615,SCH008,2025-08-01,21,18,Illness
ATT202508003616,STU003616,SCH013,2025-08-01,20,19,Other
ATT202508003617,STU003617,SCH018,2025-08-01,19,18,Family
ATT202508003619,STU003619,SCH015,2025-08-01,20,18,Medical
ATT202508003620,STU003620,SCH032,2025-08-01,21,18,Medical
ATT202508003621,STU003621,SCH024,2025-08-01,18,14,Illness
ATT202508003622,STU003622,SCH035,2025-08-01,19,15,Illness
ATT202508003623,STU003623,SCH016,2025-08-01,20,18,Illness
ATT202508003624,STU003624,SCH018,2025-08-01,21,18,Unauthorised
ATT202508003625,STU003625,SCH016,2025-08-01,19,17,Family
ATT202508003626,STU003626,SCH043,2025-08-01,18,15,Family
ATT202508003627,STU003627,SCH043,2025-08-01,21,18,Family
ATT202508003628,STU003628,SCH010,2025-08-01,22,20,Unauthorised
ATT202508003629,STU003629,SCH046,2025-08-01,20,18,Medical
ATT202508003630,STU003630,SCH016,2025-08-01,18,17,Other
ATT202508003631,STU003631,SCH041,2025-08-01,21,18,Other
ATT202508003632,STU003632,SCH001,2025-08-01,18,12,Illness
ATT202508003633,STU003633,SCH011,2025-08-01,20,18,Unauthorised
ATT202508003634,STU003634,SCH015,2025-08-01,19,17,Medical
ATT202508003635,STU003635,SCH007,2025-08-01,18,15,Other
ATT202508003636,STU003636,SCH027,2025-08-01,22,16,Illness
ATT202508003637,STU003637,SCH048,2025-08-01,20,17,Other
ATT202508003638,STU003638,SCH044,2025-08-01,22,19,Illness
ATT202508003639,STU003639,SCH048,2025-08-01,19,17,Illness
ATT202508003641,STU003641,SCH029,2025-08-01,21,18,Illness
ATT202508003642,STU003642,SCH043,2025-08-01,20,17,Unauthorised
ATT202508003643,STU003643,SCH016,2025-08-01,20,16,Other
ATT202508003644,STU003644,SCH021,2025-08-01,22,19,Medical
ATT202508003646,STU003646,SCH001,2025-08-01,22,17,Illness
ATT202508003647,STU003647,SCH001,2025-08-01,19,16,Medical
ATT202508003648,STU003648,SCH032,2025-08-01,21,18,Other
ATT202508003649,STU003649,SCH019,2025-08-01,19,16,Other
ATT202508003650,STU003650,SCH029,2025-08-01,22,19,Other
ATT202508003651,STU003651,SCH032,2025-08-01,19,17,Unauthorised
ATT202508003652,STU003652,SCH021,2025-08-01,20,16,Medical
ATT202508003653,STU003653,SCH045,2025-08-01,22,18,Illness
ATT202508003654,STU003654,SCH013,2025-08-01,20,17,Unauthorised
ATT202508003655,STU003655,SCH025,2025-08-01,19,16,Family
ATT202508003656,STU003656,SCH040,2025-08-01,22,18,Family
ATT202508003657,STU003657,SCH038,2025-08-01,20,17,Other
ATT202508003658,STU003658,SCH008,2025-08-01,22,19,Illness
ATT202508003659,STU003659,SCH006,2025-08-01,22,19,Illness
ATT202508003660,STU003660,SCH015,2025-08-01,18,15,Other
ATT202508003661,STU003661,SCH021,2025-08-01,20,16,Other
ATT202508003662,STU003662,SCH033,2025-08-01,18,16,Unauthorised
ATT202508003663,STU003663,SCH040,2025-08-01,21,17,Medical
ATT202508003664,STU003664,SCH014,2025-08-01,20,17,Medical
ATT202508003665,STU003665,SCH043,2025-08-01,21,17,Other
ATT202508003666,STU003666,SCH007,2025-08-01,22,19,Illness
ATT202508003667,STU003667,SCH040,2025-08-01,21,18,Medical
ATT202508003668,STU003668,SCH030,2025-08-01,22,19,Illness
ATT202508003669,STU003669,SCH016,2025-08-01,19,16,Other
ATT202508003670,STU003670,SCH025,2025-08-01,18,16,Unauthorised
ATT202508003671,STU003671,SCH010,2025-08-01,22,18,Other
ATT202508003673,STU003673,SCH041,2025-08-01,22,20,Medical
ATT202508003674,STU003674,SCH004,2025-08-01,18,15,Family
ATT202508003675,STU003675,SCH025,2025-08-01,20,17,Illness
ATT202508003676,STU003676,SCH041,2025-08-01,20,18,Medical
ATT202508003677,STU003677,SCH028,2025-08-01,18,14,Family
ATT202508003678,STU003678,SCH025,2025-08-01,18,16,Medical
ATT202508003680,STU003680,SCH018,2025-08-01,18,16,Other
ATT202508003681,STU003681,SCH005,2025-08-01,21,17,Family
ATT202508003682,STU003682,SCH011,2025-08-01,20,18,Unauthorised
ATT202508003683,STU003683,SCH031,2025-08-01,22,18,Medical
ATT202508003684,STU003684,SCH025,2025-08-01,22,19,Medical
ATT202508003687,STU003687,SCH047,2025-08-01,18,17,Illness
ATT202508003688,STU003688,SCH047,2025-08-01,20,17,Family
ATT202508003689,STU003689,SCH003,2025-08-01,20,17,Medical
ATT202508003690,STU003690,SCH035,2025-08-01,22,17,Family
ATT202508003691,STU003691,SCH010,2025-08-01,21,18,Medical
ATT202508003692,STU003692,SCH011,2025-08-01,18,14,Other
ATT202508003693,STU003693,SCH035,2025-08-01,21,16,Other
ATT202508003694,STU003694,SCH035,2025-08-01,20,16,Illness
ATT202508003695,STU003695,SCH040,2025-08-01,22,19,Other
ATT202508003696,STU003696,SCH043,2025-08-01,21,18,Illness
ATT202508003697,STU003697,SCH022,2025-08-01,22,19,Unauthorised
ATT202508003698,STU003698,SCH010,2025-08-01,18,14,Unauthorised
ATT202508003699,STU003699,SCH015,2025-08-01,18,15,Medical
ATT202508003700,STU003700,SCH030,2025-08-01,21,18,Unauthorised
ATT202508003701,STU003701,SCH035,2025-08-01,21,17,Illness
ATT202508003702,STU003702,SCH020,2025-08-01,22,19,Family
ATT202508003703,STU003703,SCH021,2025-08-01,19,16,Illness
ATT202508003704,STU003704,SCH021,2025-08-01,18,14,Family
ATT202508003705,STU003705,SCH024,2025-08-01,20,16,Medical
ATT202508003706,STU003706,SCH037,2025-08-01,22,20,Family
ATT202508003707,STU003707,SCH036,2025-08-01,18,15,Unauthorised
ATT202508003708,STU003708,SCH012,2025-08-01,21,16,Unauthorised
ATT202508003709,STU003709,SCH013,2025-08-01,21,20,Illness
ATT202508003710,STU003710,SCH022,2025-08-01,22,17,Unauthorised
ATT202508003711,STU003711,SCH014,2025-08-01,19,16,Unauthorised
ATT202508003712,STU003712,SCH030,2025-08-01,21,18,Medical
ATT202508003713,STU003713,SCH030,2025-08-01,19,16,Illness
ATT202508003714,STU003714,SCH004,2025-08-01,22,18,Unauthorised
ATT202508003715,STU003715,SCH020,2025-08-01,21,17,Family
ATT202508003716,STU003716,SCH010,2025-08-01,18,15,Illness
ATT202508003717,STU003717,SCH039,2025-08-01,18,16,Illness
ATT202508003718,STU003718,SCH040,2025-08-01,21,18,Unauthorised
ATT202508003719,STU003719,SCH010,2025-08-01,18,15,Family
ATT202508003720,STU003720,SCH026,2025-08-01,20,17,Illness
ATT202508003721,STU003721,SCH024,2025-08-01,18,14,Other
ATT202508003722,STU003722,SCH033,2025-08-01,19,17,Unauthorised
ATT202508003723,STU003723,SCH032,2025-08-01,19,16,Unauthorised
ATT202508003724,STU003724,SCH021,2025-08-01,22,18,Family
ATT202508003725,STU003725,SCH013,2025-08-01,18,16,Illness
ATT202508003726,STU003726,SCH025,2025-08-01,19,16,Medical
ATT202508003729,STU003729,SCH028,2025-08-01,19,15,Medical
ATT202508003730,STU003730,SCH035,2025-08-01,22,17,Family
ATT202508003731,STU003731,SCH002,2025-08-01,21,15,Other
ATT202508003732,STU003732,SCH031,2025-08-01,20,15,Family
ATT202508003733,STU003733,SCH035,2025-08-01,18,15,Other
ATT202508003734,STU003734,SCH001,2025-08-01,18,15,Other
ATT202508003735,STU003735,SCH043,2025-08-01,21,17,Unauthorised
ATT202508003736,STU003736,SCH043,2025-08-01,20,15,Family
ATT202508003737,STU003737,SCH021,2025-08-01,19,16,Unauthorised
ATT202508003738,STU003738,SCH006,2025-08-01,18,15,Family
ATT202508003739,STU003739,SCH035,2025-08-01,22,19,Unauthorised
ATT202508003740,STU003740,SCH033,2025-08-01,19,16,Other
ATT202508003741,STU003741,SCH036,2025-08-01,21,18,Family
ATT202508003743,STU003743,SCH016,2025-08-01,18,16,Other
ATT202508003744,STU003744,SCH037,2025-08-01,20,18,Family
ATT202508003745,STU003745,SCH037,2025-08-01,19,16,Unauthorised
ATT202508003746,STU003746,SCH035,2025-08-01,18,13,Medical
ATT202508003747,STU003747,SCH007,2025-08-01,21,16,Illness
ATT202508003748,STU003748,SCH027,2025-08-01,19,16,Family
ATT202508003749,STU003749,SCH029,2025-08-01,20,17,Medical
ATT202508003750,STU003750,SCH027,2025-08-01,20,15,Unauthorised
ATT202508003751,STU003751,SCH002,2025-08-01,21,17,Family
ATT202508003752,STU003752,SCH045,2025-08-01,18,16,Family
ATT202508003753,STU003753,SCH048,2025-08-01,20,17,Family
ATT202508003754,STU003754,SCH031,2025-08-01,22,19,Illness
ATT202508003755,STU003755,SCH027,2025-08-01,21,17,Unauthorised
ATT202508003756,STU003756,SCH007,2025-08-01,20,17,Other
ATT202508003757,STU003757,SCH013,2025-08-01,22,20,Other
ATT202508003758,STU003758,SCH003,2025-08-01,19,16,Family
ATT202508003759,STU003759,SCH040,2025-08-01,19,16,Illness
ATT202508003760,STU003760,SCH043,2025-08-01,20,15,Family
ATT202508003761,STU003761,SCH027,2025-08-01,21,18,Illness
ATT202508003762,STU003762,SCH029,2025-08-01,18,16,Unauthorised
ATT202508003764,STU003764,SCH037,2025-08-01,20,17,Illness
ATT202508003765,STU003765,SCH047,2025-08-01,20,17,Other
ATT202508003766,STU003766,SCH029,2025-08-01,22,19,Medical
ATT202508003768,STU003768,SCH040,2025-08-01,22,19,Other
ATT202508003769,STU003769,SCH020,2025-08-01,21,19,Medical
ATT202508003770,STU003770,SCH014,2025-08-01,18,15,Illness
ATT202508003771,STU003771,SCH045,2025-08-01,21,18,Unauthorised
ATT202508003773,STU003773,SCH039,2025-08-01,19,15,Other
ATT202508003774,STU003774,SCH012,2025-08-01,19,16,Family
ATT202508003775,STU003775,SCH008,2025-08-01,20,18,Illness
ATT202508003776,STU003776,SCH046,2025-08-01,20,16,Family
ATT202508003777,STU003777,SCH039,2025-08-01,21,18,Illness
ATT202508003778,STU003778,SCH006,2025-08-01,21,18,Family
ATT202508003779,STU003779,SCH040,2025-08-01,20,18,Medical
ATT202508003780,STU003780,SCH041,2025-08-01,19,16,Family
ATT202508003781,STU003781,SCH034,2025-08-01,21,17,Medical
ATT202508003782,STU003782,SCH045,2025-08-01,20,16,Medical
ATT202508003783,STU003783,SCH035,2025-08-01,21,16,Unauthorised
ATT202508003785,STU003785,SCH034,2025-08-01,20,17,Illness
ATT202508003786,STU003786,SCH018,2025-08-01,21,18,Illness
ATT202508003787,STU003787,SCH032,2025-08-01,20,18,Family
ATT202508003788,STU003788,SCH034,2025-08-01,20,17,Unauthorised
ATT202508003789,STU003789,SCH031,2025-08-01,21,18,Family
ATT202508003790,STU003790,SCH020,2025-08-01,18,16,Other
ATT202508003791,STU003791,SCH046,2025-08-01,18,15,Medical
ATT202508003792,STU003792,SCH001,2025-08-01,19,14,Family
ATT202508003794,STU003794,SCH020,2025-08-01,21,19,Family
ATT202508003795,STU003795,SCH025,2025-08-01,20,18,Medical
ATT202508003796,STU003796,SCH006,2025-08-01,21,17,Unauthorised
ATT202508003797,STU003797,SCH003,2025-08-01,19,16,Other
ATT202508003798,STU003798,SCH012,2025-08-01,20,16,Other
ATT202508003799,STU003799,SCH033,2025-08-01,22,19,Unauthorised
ATT202508003800,STU003800,SCH034,2025-08-01,20,17,Other
ATT202508003801,STU003801,SCH046,2025-08-01,22,18,Unauthorised
ATT202508003803,STU003803,SCH003,2025-08-01,21,17,Other
ATT202508003804,STU003804,SCH005,2025-08-01,21,17,Unauthorised
ATT202508003805,STU003805,SCH045,2025-08-01,20,16,Medical
ATT202508003806,STU003806,SCH043,2025-08-01,20,16,Other
ATT202508003807,STU003807,SCH046,2025-08-01,22,19,Illness
ATT202508003808,STU003808,SCH015,2025-08-01,18,16,Illness
ATT202508003809,STU003809,SCH006,2025-08-01,19,16,Medical
ATT202508003810,STU003810,SCH018,2025-08-01,22,18,Other
ATT202508003811,STU003811,SCH031,2025-08-01,19,17,Medical
ATT202508003812,STU003812,SCH013,2025-08-01,21,18,Other
ATT202508003813,STU003813,SCH008,2025-08-01,22,18,Other
ATT202508003814,STU003814,SCH011,2025-08-01,20,17,Illness
ATT202508003815,STU003815,SCH023,2025-08-01,22,17,Medical
ATT202508003816,STU003816,SCH013,2025-08-01,21,17,Family
ATT202508003817,STU003817,SCH021,2025-08-01,22,18,Illness
ATT202508003818,STU003818,SCH008,2025-08-01,19,15,Illness
ATT202508003819,STU003819,SCH032,2025-08-01,20,16,Illness
ATT202508003820,STU003820,SCH010,2025-08-01,21,18,Family
ATT202508003821,STU003821,SCH041,2025-08-01,21,19,Other
ATT202508003822,STU003822,SCH005,2025-08-01,19,16,Medical
ATT202508003823,STU003823,SCH015,2025-08-01,22,19,Family
ATT202508003824,STU003824,SCH034,2025-08-01,19,15,Illness
ATT202508003825,STU003825,SCH036,2025-08-01,18,15,Unauthorised
ATT202508003826,STU003826,SCH024,2025-08-01,21,17,Other
ATT202508003827,STU003827,SCH005,2025-08-01,19,16,Illness
ATT202508003828,STU003828,SCH045,2025-08-01,18,15,Illness
ATT202508003829,STU003829,SCH001,2025-08-01,19,15,Other
ATT202508003830,STU003830,SCH046,2025-08-01,18,14,Illness
ATT202508003831,STU003831,SCH019,2025-08-01,21,18,Other
ATT202508003832,STU003832,SCH014,2025-08-01,20,17,Other
ATT202508003833,STU003833,SCH037,2025-08-01,19,16,Medical
ATT202508003834,STU003834,SCH030,2025-08-01,19,17,Medical
ATT202508003835,STU003835,SCH040,2025-08-01,22,18,Illness
ATT202508003837,STU003837,SCH036,2025-08-01,22,19,Illness
ATT202508003838,STU003838,SCH043,2025-08-01,19,17,Illness
ATT202508003839,STU003839,SCH044,2025-08-01,22,18,Illness
ATT202508003840,STU003840,SCH028,2025-08-01,22,17,Illness
ATT202508003841,STU003841,SCH035,2025-08-01,21,17,Other
ATT202508003842,STU003842,SCH008,2025-08-01,18,15,Illness
ATT202508003843,STU003843,SCH031,2025-08-01,19,16,Medical
ATT202508003845,STU003845,SCH010,2025-08-01,21,16,Other
ATT202508003847,STU003847,SCH001,2025-08-01,19,15,Illness
ATT202508003848,STU003848,SCH021,2025-08-01,22,17,Illness
ATT202508003849,STU003849,SCH015,2025-08-01,21,17,Other
ATT202508003850,STU003850,SCH011,2025-08-01,20,16,Unauthorised
ATT202508003851,STU003851,SCH046,2025-08-01,22,19,Illness
ATT202508003852,STU003852,SCH019,2025-08-01,22,20,Family
ATT202508003853,STU003853,SCH031,2025-08-01,21,16,Other
ATT202508003854,STU003854,SCH048,2025-08-01,18,16,Unauthorised
ATT202508003855,STU003855,SCH042,2025-08-01,20,16,Illness
ATT202508003856,STU003856,SCH003,2025-08-01,20,18,Medical
ATT202508003857,STU003857,SCH038,2025-08-01,18,16,Illness
ATT202508003858,STU003858,SCH032,2025-08-01,18,16,Other
ATT202508003859,STU003859,SCH032,2025-08-01,21,17,Medical
ATT202508003860,STU003860,SCH015,2025-08-01,20,18,Medical
ATT202508003861,STU003861,SCH046,2025-08-01,19,16,Family
ATT202508003862,STU003862,SCH017,2025-08-01,18,15,Illness
ATT202508003863,STU003863,SCH007,2025-08-01,21,18,Family
ATT202508003864,STU003864,SCH034,2025-08-01,18,14,Illness
ATT202508003867,STU003867,SCH026,2025-08-01,18,16,Illness
ATT202508003868,STU003868,SCH033,2025-08-01,19,15,Illness
ATT202508003870,STU003870,SCH030,2025-08-01,22,20,Family
ATT202508003871,STU003871,SCH015,2025-08-01,22,18,Illness
ATT202508003872,STU003872,SCH041,2025-08-01,21,18,Illness
ATT202508003873,STU003873,SCH023,2025-08-01,18,16,Unauthorised
ATT202508003874,STU003874,SCH029,2025-08-01,20,17,Illness
ATT202508003875,STU003875,SCH006,2025-08-01,20,16,Family
ATT202508003876,STU003876,SCH036,2025-08-01,19,16,Illness
ATT202508003877,STU003877,SCH012,2025-08-01,19,15,Family
ATT202508003878,STU003878,SCH008,2025-08-01,18,16,Medical
ATT202508003879,STU003879,SCH037,2025-08-01,21,17,Unauthorised
ATT202508003880,STU003880,SCH026,2025-08-01,21,19,Unauthorised
ATT202508003881,STU003881,SCH010,2025-08-01,20,16,Illness
ATT202508003882,STU003882,SCH020,2025-08-01,18,14,Medical
ATT202508003883,STU003883,SCH018,2025-08-01,22,18,Family
ATT202508003885,STU003885,SCH032,2025-08-01,19,16,Family
ATT202508003886,STU003886,SCH020,2025-08-01,20,18,Unauthorised
ATT202508003887,STU003887,SCH044,2025-08-01,18,15,Illness
ATT202508003888,STU003888,SCH044,2025-08-01,19,16,Medical
ATT202508003889,STU003889,SCH030,2025-08-01,18,15,Unauthorised
ATT202508003890,STU003890,SCH032,2025-08-01,20,17,Other
ATT202508003891,STU003891,SCH013,2025-08-01,18,16,Medical
ATT202508003892,STU003892,SCH009,2025-08-01,21,19,Unauthorised
ATT202508003893,STU003893,SCH048,2025-08-01,21,19,Medical
ATT202508003895,STU003895,SCH044,2025-08-01,20,17,Unauthorised
ATT202508003896,STU003896,SCH034,2025-08-01,18,14,Medical
ATT202508003897,STU003897,SCH003,2025-08-01,18,16,Illness
ATT202508003898,STU003898,SCH045,2025-08-01,21,19,Other
ATT202508003899,STU003899,SCH043,2025-08-01,22,18,Other
ATT202508003900,STU003900,SCH004,2025-08-01,19,16,Other
ATT202508003901,STU003901,SCH045,2025-08-01,18,15,Medical
ATT202508003903,STU003903,SCH038,2025-08-01,22,20,Unauthorised
ATT202508003904,STU003904,SCH007,2025-08-01,20,17,Illness
ATT202508003905,STU003905,SCH042,2025-08-01,18,14,Other
ATT202508003906,STU003906,SCH010,2025-08-01,21,18,Illness
ATT202508003907,STU003907,SCH040,2025-08-01,21,19,Family
ATT202508003908,STU003908,SCH004,2025-08-01,18,16,Unauthorised
ATT202508003909,STU003909,SCH001,2025-08-01,18,15,Medical
ATT202508003910,STU003910,SCH010,2025-08-01,20,17,Unauthorised
ATT202508003911,STU003911,SCH004,2025-08-01,18,16,Other
ATT202508003912,STU003912,SCH013,2025-08-01,19,15,Medical
ATT202508003913,STU003913,SCH024,2025-08-01,22,19,Family
ATT202508003914,STU003914,SCH009,2025-08-01,19,17,Illness
ATT202508003915,STU003915,SCH021,2025-08-01,21,17,Family
ATT202508003917,STU003917,SCH005,2025-08-01,18,15,Medical
ATT202508003918,STU003918,SCH004,2025-08-01,19,16,Other
ATT202508003919,STU003919,SCH035,2025-08-01,22,18,Medical
ATT202508003920,STU003920,SCH011,2025-08-01,19,18,Unauthorised
ATT202508003921,STU003921,SCH025,2025-08-01,20,17,Unauthorised
ATT202508003922,STU003922,SCH049,2025-08-01,20,16,Other
ATT202508003923,STU003923,SCH021,2025-08-01,19,17,Family
ATT202508003924,STU003924,SCH034,2025-08-01,22,17,Unauthorised
ATT202508003925,STU003925,SCH021,2025-08-01,22,19,Illness
ATT202508003926,STU003926,SCH025,2025-08-01,18,17,Family
ATT202508003927,STU003927,SCH038,2025-08-01,21,17,Unauthorised
ATT202508003928,STU003928,SCH003,2025-08-01,19,16,Other
ATT202508003929,STU003929,SCH028,2025-08-01,18,15,Family
ATT202508003930,STU003930,SCH007,2025-08-01,20,17,Family
ATT202508003931,STU003931,SCH047,2025-08-01,19,16,Other
ATT202508003932,STU003932,SCH007,2025-08-01,21,18,Unauthorised
ATT202508003933,STU003933,SCH023,2025-08-01,22,19,Medical
ATT202508003934,STU003934,SCH048,2025-08-01,21,17,Unauthorised
ATT202508003935,STU003935,SCH037,2025-08-01,21,18,Other
ATT202508003936,STU003936,SCH039,2025-08-01,18,15,Other
ATT202508003937,STU003937,SCH020,2025-08-01,20,17,Other
ATT202508003938,STU003938,SCH025,2025-08-01,18,15,Family
ATT202508003939,STU003939,SCH001,2025-08-01,21,14,Medical
ATT202508003940,STU003940,SCH026,2025-08-01,20,18,Family
ATT202508003941,STU003941,SCH030,2025-08-01,22,19,Other
ATT202508003942,STU003942,SCH013,2025-08-01,19,18,Family
ATT202508003943,STU003943,SCH002,2025-08-01,18,14,Unauthorised
ATT202508003944,STU003944,SCH045,2025-08-01,22,20,Illness
ATT202508003945,STU003945,SCH025,2025-08-01,22,18,Other
ATT202508003946,STU003946,SCH006,2025-08-01,18,16,Family
ATT202508003947,STU003947,SCH038,2025-08-01,21,17,Medical
ATT202508003948,STU003948,SCH022,2025-08-01,22,20,Family
ATT202508003949,STU003949,SCH045,2025-08-01,21,18,Other
ATT202508003950,STU003950,SCH012,2025-08-01,19,15,Other
ATT202508003951,STU003951,SCH034,2025-08-01,22,16,Other
ATT202508003952,STU003952,SCH003,2025-08-01,21,17,Illness
ATT202508003953,STU003953,SCH027,2025-08-01,22,19,Family
ATT202508003954,STU003954,SCH044,2025-08-01,21,17,Family
ATT202508003955,STU003955,SCH048,2025-08-01,20,17,Illness
ATT202508003956,STU003956,SCH048,2025-08-01,20,18,Other
ATT202508003957,STU003957,SCH014,2025-08-01,19,16,Illness
ATT202508003958,STU003958,SCH011,2025-08-01,20,17,Other
ATT202508003959,STU003959,SCH001,2025-08-01,18,12,Other
ATT202508003960,STU003960,SCH003,2025-08-01,21,17,Other
ATT202508003961,STU003961,SCH016,2025-08-01,19,17,Illness
ATT202508003962,STU003962,SCH021,2025-08-01,21,16,Other
ATT202508003963,STU003963,SCH031,2025-08-01,22,19,Other
ATT202508003964,STU003964,SCH026,2025-08-01,19,17,Unauthorised
ATT202508003965,STU003965,SCH038,2025-08-01,20,17,Family
ATT202508003966,STU003966,SCH011,2025-08-01,20,17,Illness
ATT202508003967,STU003967,SCH044,2025-08-01,19,16,Other
ATT202508003968,STU003968,SCH041,2025-08-01,20,16,Other
ATT202508003969,STU003969,SCH047,2025-08-01,19,17,Family
ATT202508003970,STU003970,SCH036,2025-08-01,21,18,Unauthorised
ATT202508003971,STU003971,SCH047,2025-08-01,18,15,Illness
ATT202508003972,STU003972,SCH003,2025-08-01,20,17,Family
ATT202508003973,STU003973,SCH001,2025-08-01,19,14,Family
ATT202508003974,STU003974,SCH004,2025-08-01,19,16,Illness
ATT202508003975,STU003975,SCH043,2025-08-01,19,15,Other
ATT202508003976,STU003976,SCH022,2025-08-01,19,15,Unauthorised
ATT202508003977,STU003977,SCH035,2025-08-01,21,17,Family
ATT202508003978,STU003978,SCH048,2025-08-01,19,16,Unauthorised
ATT202508003979,STU003979,SCH008,2025-08-01,18,16,Illness
ATT202508003980,STU003980,SCH002,2025-08-01,20,18,Illness
ATT202508003981,STU003981,SCH024,2025-08-01,21,17,Illness
ATT202508003982,STU003982,SCH040,2025-08-01,21,18,Illness
ATT202508003983,STU003983,SCH028,2025-08-01,18,15,Unauthorised
ATT202508003984,STU003984,SCH029,2025-08-01,20,16,Unauthorised
ATT202508003985,STU003985,SCH034,2025-08-01,22,17,Medical
ATT202508003987,STU003987,SCH022,2025-08-01,22,18,Medical
ATT202508003988,STU003988,SCH012,2025-08-01,19,18,Unauthorised
ATT202508003989,STU003989,SCH020,2025-08-01,20,18,Other
ATT202508003990,STU003990,SCH031,2025-08-01,20,18,Other
ATT202508003991,STU003991,SCH001,2025-08-01,21,18,Other
ATT202508003992,STU003992,SCH031,2025-08-01,20,18,Family
ATT202508003993,STU003993,SCH011,2025-08-01,18,15,Other
ATT202508003994,STU003994,SCH032,2025-08-01,19,16,Unauthorised
ATT202508003995,STU003995,SCH025,2025-08-01,20,18,Other
ATT202508003996,STU003996,SCH042,2025-08-01,21,16,Illness
ATT202508003997,STU003997,SCH031,2025-08-01,21,18,Family
ATT202508003998,STU003998,SCH031,2025-08-01,20,15,Unauthorised
ATT202508003999,STU003999,SCH048,2025-08-01,21,18,Unauthorised
ATT202508004000,STU004000,SCH001,2025-08-01,18,15,Other
ATT202508004001,STU004001,SCH043,2025-08-01,19,16,Other
ATT202508004004,STU004004,SCH002,2025-08-01,22,17,Family
ATT202508004005,STU004005,SCH042,2025-08-01,18,13,Illness
ATT202508004006,STU004006,SCH022,2025-08-01,18,15,Unauthorised
ATT202508004007,STU004007,SCH021,2025-08-01,18,14,Unauthorised
ATT202508004008,STU004008,SCH046,2025-08-01,20,15,Other
ATT202508004009,STU004009,SCH049,2025-08-01,19,17,Other
ATT202508004010,STU004010,SCH049,2025-08-01,22,16,Family
ATT202508004012,STU004012,SCH046,2025-08-01,19,14,Medical
ATT202508004013,STU004013,SCH042,2025-08-01,20,16,Medical
ATT202508004014,STU004014,SCH024,2025-08-01,22,18,Family
ATT202508004015,STU004015,SCH037,2025-08-01,22,18,Medical
ATT202508004016,STU004016,SCH012,2025-08-01,19,17,Family
ATT202508004017,STU004017,SCH033,2025-08-01,22,18,Other
ATT202508004018,STU004018,SCH003,2025-08-01,18,16,Other
ATT202508004019,STU004019,SCH025,2025-08-01,20,17,Other
ATT202508004020,STU004020,SCH012,2025-08-01,21,19,Medical
ATT202508004021,STU004021,SCH007,2025-08-01,22,17,Unauthorised
ATT202508004022,STU004022,SCH030,2025-08-01,20,17,Medical
ATT202508004023,STU004023,SCH026,2025-08-01,20,18,Family
ATT202508004024,STU004024,SCH017,2025-08-01,18,15,Illness
ATT202508004025,STU004025,SCH024,2025-08-01,18,15,Illness
ATT202508004026,STU004026,SCH010,2025-08-01,19,14,Other
ATT202508004027,STU004027,SCH031,2025-08-01,20,17,Other
ATT202508004028,STU004028,SCH001,2025-08-01,18,14,Other
ATT202508004029,STU004029,SCH021,2025-08-01,20,17,Unauthorised
ATT202508004030,STU004030,SCH023,2025-08-01,19,16,Medical
ATT202508004031,STU004031,SCH007,2025-08-01,21,18,Unauthorised
ATT202508004032,STU004032,SCH041,2025-08-01,20,17,Medical
ATT202508004033,STU004033,SCH014,2025-08-01,19,16,Illness
ATT202508004034,STU004034,SCH012,2025-08-01,21,17,Unauthorised
ATT202508004035,STU004035,SCH042,2025-08-01,20,15,Other
ATT202508004036,STU004036,SCH016,2025-08-01,20,18,Other
ATT202508004037,STU004037,SCH043,2025-08-01,21,16,Other
ATT202508004038,STU004038,SCH033,2025-08-01,19,17,Family
ATT202508004039,STU004039,SCH033,2025-08-01,21,18,Family
ATT202508004040,STU004040,SCH017,2025-08-01,18,14,Other
ATT202508004041,STU004041,SCH009,2025-08-01,21,17,Unauthorised
ATT202508004043,STU004043,SCH034,2025-08-01,20,16,Other
ATT202508004044,STU004044,SCH039,2025-08-01,20,19,Medical
ATT202508004045,STU004045,SCH015,2025-08-01,18,15,Family
ATT202508004046,STU004046,SCH045,2025-08-01,20,17,Illness
ATT202508004047,STU004047,SCH043,2025-08-01,19,16,Other
ATT202508004048,STU004048,SCH019,2025-08-01,22,17,Family
ATT202508004049,STU004049,SCH010,2025-08-01,20,15,Illness
ATT202508004050,STU004050,SCH029,2025-08-01,22,17,Other
ATT202508004051,STU004051,SCH006,2025-08-01,18,15,Other
ATT202508004052,STU004052,SCH005,2025-08-01,21,19,Illness
ATT202508004053,STU004053,SCH027,2025-08-01,20,17,Family
ATT202508004054,STU004054,SCH016,2025-08-01,18,15,Unauthorised
ATT202508004056,STU004056,SCH043,2025-08-01,18,14,Medical
ATT202508004058,STU004058,SCH029,2025-08-01,20,16,Illness
ATT202508004059,STU004059,SCH005,2025-08-01,20,18,Medical
ATT202508004060,STU004060,SCH001,2025-08-01,18,16,Family
ATT202508004061,STU004061,SCH044,2025-08-01,20,16,Unauthorised
ATT202508004062,STU004062,SCH018,2025-08-01,22,20,Unauthorised
ATT202508004063,STU004063,SCH006,2025-08-01,19,17,Illness
ATT202508004064,STU004064,SCH041,2025-08-01,18,15,Illness
ATT202508004065,STU004065,SCH022,2025-08-01,18,14,Illness
ATT202508004066,STU004066,SCH010,2025-08-01,21,17,Unauthorised
ATT202508004067,STU004067,SCH047,2025-08-01,18,16,Illness
ATT202508004068,STU004068,SCH023,2025-08-01,19,16,Other
ATT202508004069,STU004069,SCH010,2025-08-01,22,19,Unauthorised
ATT202508004070,STU004070,SCH045,2025-08-01,18,15,Family
ATT202508004071,STU004071,SCH046,2025-08-01,19,17,Other
ATT202508004072,STU004072,SCH001,2025-08-01,20,16,Family
ATT202508004073,STU004073,SCH032,2025-08-01,19,16,Other
ATT202508004074,STU004074,SCH027,2025-08-01,20,18,Medical
ATT202508004075,STU004075,SCH037,2025-08-01,21,19,Other
ATT202508004077,STU004077,SCH007,2025-08-01,22,18,Other
ATT202508004078,STU004078,SCH048,2025-08-01,21,17,Illness
ATT202508004080,STU004080,SCH022,2025-08-01,20,16,Unauthorised
ATT202508004081,STU004081,SCH016,2025-08-01,19,16,Other
ATT202508004082,STU004082,SCH027,2025-08-01,18,15,Medical
ATT202508004083,STU004083,SCH020,2025-08-01,22,18,Medical
ATT202508004084,STU004084,SCH044,2025-08-01,22,20,Other
ATT202508004085,STU004085,SCH035,2025-08-01,20,15,Medical
ATT202508004086,STU004086,SCH031,2025-08-01,19,14,Illness
ATT202508004088,STU004088,SCH048,2025-08-01,19,16,Other
ATT202508004089,STU004089,SCH048,2025-08-01,18,16,Illness
ATT202508004090,STU004090,SCH015,2025-08-01,18,15,Illness
ATT202508004092,STU004092,SCH017,2025-08-01,21,19,Unauthorised
ATT202508004093,STU004093,SCH035,2025-08-01,22,19,Unauthorised
ATT202508004094,STU004094,SCH049,2025-08-01,22,18,Illness
ATT202508004095,STU004095,SCH047,2025-08-01,21,18,Unauthorised
ATT202508004096,STU004096,SCH009,2025-08-01,19,16,Medical
ATT202508004097,STU004097,SCH032,2025-08-01,19,16,Family
ATT202508004098,STU004098,SCH046,2025-08-01,19,15,Other
ATT202508004099,STU004099,SCH022,2025-08-01,21,17,Medical
ATT202508004100,STU004100,SCH035,2025-08-01,22,17,Medical
ATT202508004101,STU004101,SCH037,2025-08-01,19,17,Unauthorised
ATT202508004102,STU004102,SCH010,2025-08-01,18,14,Medical
ATT202508004103,STU004103,SCH038,2025-08-01,21,18,Family
ATT202508004104,STU004104,SCH010,2025-08-01,19,15,Other
ATT202508004105,STU004105,SCH023,2025-08-01,22,19,Medical
ATT202508004106,STU004106,SCH022,2025-08-01,20,15,Illness
ATT202508004108,STU004108,SCH003,2025-08-01,18,16,Illness
ATT202508004109,STU004109,SCH044,2025-08-01,21,18,Illness
ATT202508004110,STU004110,SCH020,2025-08-01,20,17,Other
ATT202508004111,STU004111,SCH033,2025-08-01,20,16,Illness
ATT202508004112,STU004112,SCH005,2025-08-01,20,17,Other
ATT202508004113,STU004113,SCH006,2025-08-01,18,16,Unauthorised
ATT202508004114,STU004114,SCH048,2025-08-01,22,19,Family
ATT202508004115,STU004115,SCH044,2025-08-01,18,14,Other
ATT202508004116,STU004116,SCH048,2025-08-01,21,18,Unauthorised
ATT202508004117,STU004117,SCH013,2025-08-01,22,19,Family
ATT202508004118,STU004118,SCH042,2025-08-01,22,20,Medical
ATT202508004119,STU004119,SCH030,2025-08-01,18,16,Other
ATT202508004120,STU004120,SCH041,2025-08-01,18,16,Illness
ATT202508004121,STU004121,SCH046,2025-08-01,22,20,Medical
ATT202508004122,STU004122,SCH018,2025-08-01,20,16,Illness
ATT202508004123,STU004123,SCH030,2025-08-01,22,18,Medical
ATT202508004124,STU004124,SCH034,2025-08-01,20,15,Unauthorised
ATT202508004126,STU004126,SCH005,2025-08-01,21,19,Other
ATT202508004127,STU004127,SCH015,2025-08-01,20,17,Unauthorised
ATT202508004128,STU004128,SCH008,2025-08-01,20,17,Unauthorised
ATT202508004129,STU004129,SCH017,2025-08-01,21,17,Unauthorised
ATT202508004130,STU004130,SCH025,2025-08-01,20,17,Family
ATT202508004131,STU004131,SCH008,2025-08-01,21,17,Illness
ATT202508004133,STU004133,SCH023,2025-08-01,21,18,Unauthorised
ATT202508004134,STU004134,SCH044,2025-08-01,21,17,Unauthorised
ATT202508004135,STU004135,SCH027,2025-08-01,20,16,Family
ATT202508004136,STU004136,SCH046,2025-08-01,21,19,Illness
ATT202508004137,STU004137,SCH022,2025-08-01,19,15,Unauthorised
ATT202508004138,STU004138,SCH002,2025-08-01,18,15,Illness
ATT202508004139,STU004139,SCH028,2025-08-01,18,15,Other
ATT202508004140,STU004140,SCH007,2025-08-01,19,17,Other
ATT202508004141,STU004141,SCH042,2025-08-01,20,12,Illness
ATT202508004142,STU004142,SCH047,2025-08-01,18,16,Medical
ATT202508004143,STU004143,SCH048,2025-08-01,18,16,Medical
ATT202508004144,STU004144,SCH017,2025-08-01,19,15,Other
ATT202508004145,STU004145,SCH023,2025-08-01,21,17,Other
ATT202508004149,STU004149,SCH020,2025-08-01,18,16,Illness
ATT202508004150,STU004150,SCH012,2025-08-01,20,17,Other
ATT202508004151,STU004151,SCH030,2025-08-01,19,18,Illness
ATT202508004152,STU004152,SCH039,2025-08-01,22,20,Illness
ATT202508004153,STU004153,SCH036,2025-08-01,21,19,Other
ATT202508004156,STU004156,SCH007,2025-08-01,20,16,Unauthorised
ATT202508004157,STU004157,SCH012,2025-08-01,22,19,Family
ATT202508004158,STU004158,SCH041,2025-08-01,20,16,Medical
ATT202508004160,STU004160,SCH032,2025-08-01,18,15,Other
ATT202508004161,STU004161,SCH042,2025-08-01,18,16,Medical
ATT202508004162,STU004162,SCH003,2025-08-01,21,19,Family
ATT202508004163,STU004163,SCH012,2025-08-01,21,15,Illness
ATT202508004164,STU004164,SCH029,2025-08-01,19,17,Medical
ATT202508004165,STU004165,SCH014,2025-08-01,21,17,Illness
ATT202508004166,STU004166,SCH029,2025-08-01,22,18,Family
ATT202508004167,STU004167,SCH044,2025-08-01,20,18,Unauthorised
ATT202508004168,STU004168,SCH046,2025-08-01,18,15,Illness
ATT202508004169,STU004169,SCH038,2025-08-01,21,20,Unauthorised
ATT202508004170,STU004170,SCH010,2025-08-01,20,17,Illness
ATT202508004171,STU004171,SCH046,2025-08-01,20,17,Illness
ATT202508004172,STU004172,SCH018,2025-08-01,18,15,Other
ATT202508004174,STU004174,SCH034,2025-08-01,20,14,Family
ATT202508004175,STU004175,SCH035,2025-08-01,21,17,Medical
ATT202508004176,STU004176,SCH009,2025-08-01,19,15,Illness
ATT202508004177,STU004177,SCH017,2025-08-01,18,13,Family
ATT202508004178,STU004178,SCH049,2025-08-01,22,17,Unauthorised
ATT202508004180,STU004180,SCH008,2025-08-01,18,15,Unauthorised
ATT202508004181,STU004181,SCH048,2025-08-01,20,17,Illness
ATT202508004182,STU004182,SCH008,2025-08-01,20,18,Illness
ATT202508004183,STU004183,SCH014,2025-08-01,20,16,Medical
ATT202508004185,STU004185,SCH045,2025-08-01,19,15,Unauthorised
ATT202508004186,STU004186,SCH030,2025-08-01,19,18,Unauthorised
ATT202508004187,STU004187,SCH004,2025-08-01,18,16,Unauthorised
ATT202508004188,STU004188,SCH041,2025-08-01,20,17,Illness
ATT202508004189,STU004189,SCH018,2025-08-01,21,18,Illness
ATT202508004190,STU004190,SCH035,2025-08-01,20,16,Family
ATT202508004191,STU004191,SCH041,2025-08-01,21,19,Illness
ATT202508004192,STU004192,SCH049,2025-08-01,19,14,Medical
ATT202508004193,STU004193,SCH015,2025-08-01,22,19,Other
ATT202508004195,STU004195,SCH032,2025-08-01,22,18,Other
ATT202508004196,STU004196,SCH012,2025-08-01,20,18,Other
ATT202508004197,STU004197,SCH045,2025-08-01,21,18,Family
ATT202508004198,STU004198,SCH023,2025-08-01,21,17,Family
ATT202508004199,STU004199,SCH032,2025-08-01,21,17,Illness
ATT202508004200,STU004200,SCH040,2025-08-01,19,16,Illness
ATT202508004201,STU004201,SCH012,2025-08-01,22,18,Family
ATT202508004202,STU004202,SCH008,2025-08-01,19,17,Illness
ATT202508004203,STU004203,SCH045,2025-08-01,22,19,Other
ATT202508004204,STU004204,SCH017,2025-08-01,19,16,Family
ATT202508004206,STU004206,SCH001,2025-08-01,18,15,Unauthorised
ATT202508004207,STU004207,SCH015,2025-08-01,19,18,Other
ATT202508004208,STU004208,SCH006,2025-08-01,19,16,Medical
ATT202508004209,STU004209,SCH049,2025-08-01,20,17,Family
ATT202508004210,STU004210,SCH043,2025-08-01,19,16,Family
ATT202508004211,STU004211,SCH046,2025-08-01,22,19,Family
ATT202508004212,STU004212,SCH035,2025-08-01,18,15,Other
ATT202508004213,STU004213,SCH025,2025-08-01,18,15,Unauthorised
ATT202508004214,STU004214,SCH048,2025-08-01,19,16,Medical
ATT202508004215,STU004215,SCH038,2025-08-01,22,19,Unauthorised
ATT202508004216,STU004216,SCH028,2025-08-01,19,15,Family
ATT202508004217,STU004217,SCH043,2025-08-01,21,18,Other
ATT202508004218,STU004218,SCH010,2025-08-01,20,17,Unauthorised
ATT202508004219,STU004219,SCH031,2025-08-01,20,17,Unauthorised
ATT202508004221,STU004221,SCH019,2025-08-01,18,15,Other
ATT202508004222,STU004222,SCH043,2025-08-01,20,16,Other
ATT202508004223,STU004223,SCH031,2025-08-01,19,16,Other
ATT202508004224,STU004224,SCH025,2025-08-01,22,19,Family
ATT202508004225,STU004225,SCH039,2025-08-01,19,15,Unauthorised
ATT202508004226,STU004226,SCH032,2025-08-01,19,16,Other
ATT202508004227,STU004227,SCH021,2025-08-01,18,16,Family
ATT202508004228,STU004228,SCH049,2025-08-01,20,16,Unauthorised
ATT202508004229,STU004229,SCH022,2025-08-01,19,15,Illness
ATT202508004230,STU004230,SCH015,2025-08-01,20,19,Other
ATT202508004231,STU004231,SCH005,2025-08-01,21,18,Medical
ATT202508004232,STU004232,SCH002,2025-08-01,19,15,Unauthorised
ATT202508004233,STU004233,SCH035,2025-08-01,21,16,Medical
ATT202508004234,STU004234,SCH027,2025-08-01,20,17,Other
ATT202508004235,STU004235,SCH009,2025-08-01,20,17,Family
ATT202508004236,STU004236,SCH043,2025-08-01,18,16,Illness
ATT202508004237,STU004237,SCH007,2025-08-01,21,17,Unauthorised
ATT202508004238,STU004238,SCH048,2025-08-01,21,18,Family
ATT202508004239,STU004239,SCH035,2025-08-01,20,17,Medical
ATT202508004240,STU004240,SCH005,2025-08-01,19,15,Illness
ATT202508004241,STU004241,SCH031,2025-08-01,18,15,Other
ATT202508004242,STU004242,SCH037,2025-08-01,22,19,Family
ATT202508004243,STU004243,SCH001,2025-08-01,21,16,Family
ATT202508004244,STU004244,SCH013,2025-08-01,19,16,Medical
ATT202508004245,STU004245,SCH023,2025-08-01,19,15,Illness
ATT202508004246,STU004246,SCH030,2025-08-01,18,16,Medical
ATT202508004247,STU004247,SCH045,2025-08-01,22,17,Unauthorised
ATT202508004248,STU004248,SCH020,2025-08-01,18,17,Unauthorised
ATT202508004249,STU004249,SCH039,2025-08-01,21,17,Unauthorised
ATT202508004250,STU004250,SCH001,2025-08-01,19,15,Family
ATT202508004251,STU004251,SCH003,2025-08-01,18,15,Unauthorised
ATT202508004252,STU004252,SCH015,2025-08-01,19,15,Illness
ATT202508004253,STU004253,SCH025,2025-08-01,19,16,Medical
ATT202508004254,STU004254,SCH042,2025-08-01,18,14,Unauthorised
ATT202508004255,STU004255,SCH046,2025-08-01,19,16,Family
ATT202508004256,STU004256,SCH026,2025-08-01,19,17,Medical
ATT202508004257,STU004257,SCH025,2025-08-01,21,19,Family
ATT202508004258,STU004258,SCH009,2025-08-01,21,18,Medical
ATT202508004259,STU004259,SCH020,2025-08-01,19,16,Medical
ATT202508004260,STU004260,SCH045,2025-08-01,22,18,Illness
ATT202508004261,STU004261,SCH046,2025-08-01,20,17,Illness
ATT202508004262,STU004262,SCH041,2025-08-01,22,19,Unauthorised
ATT202508004263,STU004263,SCH029,2025-08-01,18,15,Illness
ATT202508004264,STU004264,SCH038,2025-08-01,19,16,Illness
ATT202508004265,STU004265,SCH010,2025-08-01,21,18,Unauthorised
ATT202508004266,STU004266,SCH014,2025-08-01,21,17,Other
ATT202508004267,STU004267,SCH028,2025-08-01,20,16,Medical
ATT202508004270,STU004270,SCH007,2025-08-01,21,17,Illness
ATT202508004271,STU004271,SCH040,2025-08-01,18,16,Other
ATT202508004272,STU004272,SCH033,2025-08-01,20,17,Other
ATT202508004273,STU004273,SCH031,2025-08-01,21,19,Unauthorised
ATT202508004274,STU004274,SCH007,2025-08-01,22,19,Medical
ATT202508004275,STU004275,SCH045,2025-08-01,21,18,Other
ATT202508004276,STU004276,SCH004,2025-08-01,22,19,Illness
ATT202508004278,STU004278,SCH012,2025-08-01,22,19,Family
ATT202508004279,STU004279,SCH013,2025-08-01,21,18,Unauthorised
ATT202508004280,STU004280,SCH016,2025-08-01,22,18,Medical
ATT202508004281,STU004281,SCH031,2025-08-01,20,17,Illness
ATT202508004283,STU004283,SCH049,2025-08-01,18,14,Other
ATT202508004284,STU004284,SCH042,2025-08-01,22,17,Medical
ATT202508004285,STU004285,SCH046,2025-08-01,22,18,Other
ATT202508004286,STU004286,SCH041,2025-08-01,18,15,Medical
ATT202508004287,STU004287,SCH004,2025-08-01,20,18,Other
ATT202508004288,STU004288,SCH021,2025-08-01,22,18,Other
ATT202508004289,STU004289,SCH034,2025-08-01,18,15,Other
ATT202508004290,STU004290,SCH002,2025-08-01,21,16,Unauthorised
ATT202508004291,STU004291,SCH004,2025-08-01,19,16,Family
ATT202508004293,STU004293,SCH019,2025-08-01,18,16,Unauthorised
ATT202508004294,STU004294,SCH027,2025-08-01,22,20,Other
ATT202508004295,STU004295,SCH032,2025-08-01,20,17,Family
ATT202508004296,STU004296,SCH022,2025-08-01,20,17,Other
ATT202508004297,STU004297,SCH043,2025-08-01,18,15,Other
ATT202508004298,STU004298,SCH004,2025-08-01,22,20,Illness
ATT202508004299,STU004299,SCH022,2025-08-01,22,17,Family
ATT202508004300,STU004300,SCH007,2025-08-01,22,18,Medical
ATT202508004301,STU004301,SCH036,2025-08-01,22,19,Family
ATT202508004302,STU004302,SCH011,2025-08-01,18,17,Other
ATT202508004303,STU004303,SCH039,2025-08-01,19,15,Other
ATT202508004304,STU004304,SCH011,2025-08-01,22,19,Unauthorised
ATT202508004305,STU004305,SCH007,2025-08-01,19,16,Family
ATT202508004306,STU004306,SCH042,2025-08-01,19,14,Unauthorised
ATT202508004307,STU004307,SCH030,2025-08-01,21,18,Family
ATT202508004308,STU004308,SCH008,2025-08-01,21,17,Unauthorised
ATT202508004311,STU004311,SCH009,2025-08-01,22,18,Unauthorised
ATT202508004312,STU004312,SCH017,2025-08-01,22,18,Medical
ATT202508004314,STU004314,SCH048,2025-08-01,18,16,Unauthorised
ATT202508004315,STU004315,SCH020,2025-08-01,18,15,Medical
ATT202508004316,STU004316,SCH024,2025-08-01,21,16,Other
ATT202508004317,STU004317,SCH044,2025-08-01,22,19,Illness
ATT202508004318,STU004318,SCH027,2025-08-01,18,15,Unauthorised
ATT202508004319,STU004319,SCH043,2025-08-01,19,17,Unauthorised
ATT202508004320,STU004320,SCH008,2025-08-01,22,17,Other
ATT202508004321,STU004321,SCH041,2025-08-01,22,20,Illness
ATT202508004324,STU004324,SCH020,2025-08-01,19,17,Illness
ATT202508004325,STU004325,SCH027,2025-08-01,21,17,Unauthorised
ATT202508004326,STU004326,SCH007,2025-08-01,20,17,Unauthorised
ATT202508004327,STU004327,SCH035,2025-08-01,20,18,Illness
ATT202508004328,STU004328,SCH032,2025-08-01,22,20,Illness
ATT202508004330,STU004330,SCH025,2025-08-01,18,16,Other
ATT202508004331,STU004331,SCH007,2025-08-01,18,14,Unauthorised
ATT202508004332,STU004332,SCH019,2025-08-01,20,17,Medical
ATT202508004333,STU004333,SCH030,2025-08-01,22,19,Unauthorised
ATT202508004334,STU004334,SCH030,2025-08-01,21,20,Other
ATT202508004335,STU004335,SCH006,2025-08-01,21,18,Medical
ATT202508004337,STU004337,SCH020,2025-08-01,18,16,Family
ATT202508004338,STU004338,SCH005,2025-08-01,18,15,Family
ATT202508004339,STU004339,SCH028,2025-08-01,22,18,Unauthorised
ATT202508004340,STU004340,SCH005,2025-08-01,21,18,Illness
ATT202508004341,STU004341,SCH003,2025-08-01,18,16,Family
ATT202508004342,STU004342,SCH020,2025-08-01,19,16,Illness
ATT202508004343,STU004343,SCH030,2025-08-01,19,17,Unauthorised
ATT202508004344,STU004344,SCH008,2025-08-01,19,16,Unauthorised
ATT202508004345,STU004345,SCH039,2025-08-01,22,18,Medical
ATT202508004346,STU004346,SCH040,2025-08-01,18,16,Family
ATT202508004347,STU004347,SCH038,2025-08-01,19,16,Other
ATT202508004348,STU004348,SCH042,2025-08-01,19,14,Family
ATT202508004349,STU004349,SCH002,2025-08-01,18,13,Family
ATT202508004351,STU004351,SCH014,2025-08-01,19,16,Other
ATT202508004352,STU004352,SCH022,2025-08-01,19,14,Other
ATT202508004353,STU004353,SCH047,2025-08-01,18,16,Family
ATT202508004354,STU004354,SCH048,2025-08-01,22,19,Unauthorised
ATT202508004355,STU004355,SCH038,2025-08-01,19,15,Medical
ATT202508004356,STU004356,SCH026,2025-08-01,22,18,Unauthorised
ATT202508004357,STU004357,SCH039,2025-08-01,20,18,Medical
ATT202508004360,STU004360,SCH029,2025-08-01,19,17,Family
ATT202508004361,STU004361,SCH004,2025-08-01,22,18,Family
ATT202508004362,STU004362,SCH010,2025-08-01,18,14,Family
ATT202508004363,STU004363,SCH021,2025-08-01,22,18,Other
ATT202508004364,STU004364,SCH024,2025-08-01,21,16,Medical
ATT202508004366,STU004366,SCH008,2025-08-01,22,19,Other
ATT202508004367,STU004367,SCH037,2025-08-01,19,16,Illness
ATT202508004368,STU004368,SCH009,2025-08-01,22,17,Other
ATT202508004369,STU004369,SCH009,2025-08-01,19,16,Illness
ATT202508004370,STU004370,SCH034,2025-08-01,19,15,Unauthorised
ATT202508004371,STU004371,SCH042,2025-08-01,22,17,Other
ATT202508004372,STU004372,SCH003,2025-08-01,22,18,Unauthorised
ATT202508004373,STU004373,SCH043,2025-08-01,19,17,Illness
ATT202508004374,STU004374,SCH005,2025-08-01,19,16,Family
ATT202508004375,STU004375,SCH045,2025-08-01,19,17,Other
ATT202508004377,STU004377,SCH015,2025-08-01,20,17,Medical
ATT202508004378,STU004378,SCH012,2025-08-01,19,15,Other
ATT202508004379,STU004379,SCH009,2025-08-01,18,16,Medical
ATT202508004381,STU004381,SCH012,2025-08-01,18,15,Other
ATT202508004382,STU004382,SCH039,2025-08-01,21,18,Family
ATT202508004383,STU004383,SCH049,2025-08-01,19,14,Medical
ATT202508004384,STU004384,SCH014,2025-08-01,22,19,Illness
ATT202508004386,STU004386,SCH031,2025-08-01,19,17,Illness
ATT202508004387,STU004387,SCH033,2025-08-01,20,16,Illness
ATT202508004389,STU004389,SCH029,2025-08-01,19,16,Medical
ATT202508004390,STU004390,SCH007,2025-08-01,20,16,Medical
ATT202508004392,STU004392,SCH027,2025-08-01,19,15,Other
ATT202508004393,STU004393,SCH032,2025-08-01,18,15,Unauthorised
ATT202508004394,STU004394,SCH010,2025-08-01,22,20,Other
ATT202508004395,STU004395,SCH004,2025-08-01,18,16,Illness
ATT202508004396,STU004396,SCH031,2025-08-01,19,16,Other
ATT202508004397,STU004397,SCH018,2025-08-01,22,20,Other
ATT202508004399,STU004399,SCH014,2025-08-01,20,16,Illness
ATT202508004400,STU004400,SCH014,2025-08-01,21,17,Unauthorised
ATT202508004401,STU004401,SCH034,2025-08-01,18,15,Medical
ATT202508004402,STU004402,SCH022,2025-08-01,21,16,Family
ATT202508004405,STU004405,SCH027,2025-08-01,18,15,Illness
ATT202508004406,STU004406,SCH014,2025-08-01,20,18,Family
ATT202508004407,STU004407,SCH011,2025-08-01,21,18,Other
ATT202508004408,STU004408,SCH043,2025-08-01,21,18,Unauthorised
ATT202508004409,STU004409,SCH042,2025-08-01,19,14,Other
ATT202508004410,STU004410,SCH012,2025-08-01,19,14,Medical
ATT202508004411,STU004411,SCH004,2025-08-01,19,16,Other
ATT202508004412,STU004412,SCH001,2025-08-01,22,19,Family
ATT202508004413,STU004413,SCH022,2025-08-01,22,16,Family
ATT202508004414,STU004414,SCH016,2025-08-01,21,19,Family
ATT202508004415,STU004415,SCH037,2025-08-01,22,19,Other
ATT202508004416,STU004416,SCH033,2025-08-01,22,19,Unauthorised
ATT202508004417,STU004417,SCH022,2025-08-01,20,15,Family
ATT202508004418,STU004418,SCH008,2025-08-01,22,19,Unauthorised
ATT202508004419,STU004419,SCH030,2025-08-01,20,17,Unauthorised
ATT202508004420,STU004420,SCH011,2025-08-01,18,16,Unauthorised
ATT202508004421,STU004421,SCH009,2025-08-01,19,16,Unauthorised
ATT202508004422,STU004422,SCH007,2025-08-01,19,15,Other
ATT202508004423,STU004423,SCH043,2025-08-01,19,16,Medical
ATT202508004424,STU004424,SCH046,2025-08-01,22,18,Illness
ATT202508004425,STU004425,SCH011,2025-08-01,20,18,Other
ATT202508004427,STU004427,SCH046,2025-08-01,22,19,Unauthorised
ATT202508004428,STU004428,SCH017,2025-08-01,18,13,Unauthorised
ATT202508004429,STU004429,SCH045,2025-08-01,21,16,Other
ATT202508004430,STU004430,SCH047,2025-08-01,18,16,Unauthorised
ATT202508004431,STU004431,SCH010,2025-08-01,19,16,Unauthorised
ATT202508004432,STU004432,SCH036,2025-08-01,19,16,Other
ATT202508004433,STU004433,SCH026,2025-08-01,21,19,Other
ATT202508004434,STU004434,SCH030,2025-08-01,20,17,Illness
ATT202508004435,STU004435,SCH031,2025-08-01,22,19,Unauthorised
ATT202508004436,STU004436,SCH026,2025-08-01,22,19,Unauthorised
ATT202508004437,STU004437,SCH021,2025-08-01,20,15,Unauthorised
ATT202508004438,STU004438,SCH008,2025-08-01,18,15,Family
ATT202508004439,STU004439,SCH032,2025-08-01,22,18,Unauthorised
ATT202508004440,STU004440,SCH026,2025-08-01,21,17,Other
ATT202508004441,STU004441,SCH045,2025-08-01,22,18,Unauthorised
ATT202508004442,STU004442,SCH049,2025-08-01,18,15,Family
ATT202508004443,STU004443,SCH007,2025-08-01,20,17,Medical
ATT202508004444,STU004444,SCH025,2025-08-01,20,16,Other
ATT202508004445,STU004445,SCH049,2025-08-01,19,15,Medical
ATT202508004446,STU004446,SCH008,2025-08-01,21,18,Family
ATT202508004447,STU004447,SCH012,2025-08-01,18,15,Medical
ATT202508004448,STU004448,SCH038,2025-08-01,22,18,Unauthorised
ATT202508004449,STU004449,SCH045,2025-08-01,18,16,Medical
ATT202508004450,STU004450,SCH004,2025-08-01,22,20,Illness
ATT202508004451,STU004451,SCH025,2025-08-01,20,16,Other
ATT202508004452,STU004452,SCH048,2025-08-01,22,18,Family
ATT202508004453,STU004453,SCH001,2025-08-01,22,17,Family
ATT202508004454,STU004454,SCH007,2025-08-01,20,17,Illness
ATT202508004455,STU004455,SCH032,2025-08-01,18,14,Illness
ATT202508004456,STU004456,SCH043,2025-08-01,18,16,Family
ATT202508004457,STU004457,SCH011,2025-08-01,18,16,Family
ATT202508004458,STU004458,SCH027,2025-08-01,22,19,Unauthorised
ATT202508004459,STU004459,SCH015,2025-08-01,20,17,Family
ATT202508004460,STU004460,SCH005,2025-08-01,21,19,Medical
ATT202508004461,STU004461,SCH012,2025-08-01,21,19,Family
ATT202508004462,STU004462,SCH005,2025-08-01,19,17,Unauthorised
ATT202508004463,STU004463,SCH044,2025-08-01,22,17,Illness
ATT202508004464,STU004464,SCH039,2025-08-01,22,19,Medical
ATT202508004465,STU004465,SCH004,2025-08-01,21,18,Other
ATT202508004466,STU004466,SCH013,2025-08-01,19,16,Family
ATT202508004467,STU004467,SCH046,2025-08-01,18,16,Medical
ATT202508004468,STU004468,SCH005,2025-08-01,21,18,Unauthorised
ATT202508004469,STU004469,SCH021,2025-08-01,22,19,Illness
ATT202508004471,STU004471,SCH024,2025-08-01,18,15,Medical
ATT202508004472,STU004472,SCH011,2025-08-01,20,17,Illness
ATT202508004473,STU004473,SCH039,2025-08-01,21,18,Family
ATT202508004474,STU004474,SCH027,2025-08-01,18,14,Other
ATT202508004475,STU004475,SCH004,2025-08-01,21,16,Medical
ATT202508004476,STU004476,SCH025,2025-08-01,19,17,Unauthorised
ATT202508004477,STU004477,SCH023,2025-08-01,20,18,Family
ATT202508004478,STU004478,SCH003,2025-08-01,19,17,Unauthorised
ATT202508004479,STU004479,SCH033,2025-08-01,22,19,Unauthorised
ATT202508004481,STU004481,SCH046,2025-08-01,22,18,Other
ATT202508004482,STU004482,SCH014,2025-08-01,19,16,Unauthorised
ATT202508004483,STU004483,SCH035,2025-08-01,22,18,Unauthorised
ATT202508004484,STU004484,SCH009,2025-08-01,18,15,Family
ATT202508004485,STU004485,SCH031,2025-08-01,22,19,Medical
ATT202508004486,STU004486,SCH005,2025-08-01,19,16,Illness
ATT202508004487,STU004487,SCH042,2025-08-01,19,14,Family
ATT202508004488,STU004488,SCH025,2025-08-01,22,20,Unauthorised
ATT202508004489,STU004489,SCH017,2025-08-01,19,16,Family
ATT202508004490,STU004490,SCH030,2025-08-01,22,19,Medical
ATT202508004491,STU004491,SCH024,2025-08-01,20,17,Illness
ATT202508004492,STU004492,SCH003,2025-08-01,19,17,Unauthorised
ATT202508004493,STU004493,SCH013,2025-08-01,21,18,Medical
ATT202508004494,STU004494,SCH035,2025-08-01,21,17,Family
ATT202508004495,STU004495,SCH003,2025-08-01,19,16,Illness
ATT202508004497,STU004497,SCH015,2025-08-01,21,17,Unauthorised
ATT202508004498,STU004498,SCH028,2025-08-01,21,16,Illness
ATT202508004499,STU004499,SCH032,2025-08-01,19,15,Illness
ATT202508004500,STU004500,SCH049,2025-08-01,19,14,Other
ATT202508004501,STU004501,SCH039,2025-08-01,20,17,Other
ATT202508004502,STU004502,SCH046,2025-08-01,18,15,Family
ATT202508004503,STU004503,SCH042,2025-08-01,19,16,Unauthorised
ATT202508004504,STU004504,SCH045,2025-08-01,22,19,Medical
ATT202508004506,STU004506,SCH010,2025-08-01,21,17,Other
ATT202508004507,STU004507,SCH027,2025-08-01,21,18,Unauthorised
ATT202508004508,STU004508,SCH029,2025-08-01,21,18,Unauthorised
ATT202508004509,STU004509,SCH029,2025-08-01,18,14,Family
ATT202508004510,STU004510,SCH016,2025-08-01,22,18,Unauthorised
ATT202508004511,STU004511,SCH042,2025-08-01,18,15,Other
ATT202508004512,STU004512,SCH046,2025-08-01,19,13,Family
ATT202508004513,STU004513,SCH040,2025-08-01,22,20,Family
ATT202508004514,STU004514,SCH010,2025-08-01,21,15,Medical
ATT202508004515,STU004515,SCH035,2025-08-01,20,16,Other
ATT202508004516,STU004516,SCH029,2025-08-01,19,16,Medical
ATT202508004517,STU004517,SCH039,2025-08-01,21,17,Illness
ATT202508004518,STU004518,SCH042,2025-08-01,18,13,Unauthorised
ATT202508004519,STU004519,SCH003,2025-08-01,20,17,Medical
ATT202508004520,STU004520,SCH047,2025-08-01,19,15,Illness
ATT202508004521,STU004521,SCH029,2025-08-01,21,18,Other
ATT202508004522,STU004522,SCH010,2025-08-01,21,17,Unauthorised
ATT202508004524,STU004524,SCH038,2025-08-01,18,16,Medical
ATT202508004525,STU004525,SCH036,2025-08-01,20,17,Unauthorised
ATT202508004526,STU004526,SCH004,2025-08-01,20,18,Unauthorised
ATT202508004527,STU004527,SCH016,2025-08-01,18,15,Medical
ATT202508004528,STU004528,SCH011,2025-08-01,22,19,Illness
ATT202508004529,STU004529,SCH047,2025-08-01,21,19,Illness
ATT202508004530,STU004530,SCH019,2025-08-01,18,15,Family
ATT202508004531,STU004531,SCH039,2025-08-01,19,18,Unauthorised
ATT202508004532,STU004532,SCH039,2025-08-01,19,18,Family
ATT202508004533,STU004533,SCH045,2025-08-01,21,17,Family
ATT202508004535,STU004535,SCH009,2025-08-01,19,15,Other
ATT202508004536,STU004536,SCH035,2025-08-01,22,18,Other
ATT202508004537,STU004537,SCH019,2025-08-01,20,17,Unauthorised
ATT202508004538,STU004538,SCH029,2025-08-01,18,16,Illness
ATT202508004539,STU004539,SCH038,2025-08-01,18,15,Medical
ATT202508004540,STU004540,SCH001,2025-08-01,21,17,Illness
ATT202508004541,STU004541,SCH016,2025-08-01,18,16,Unauthorised
ATT202508004542,STU004542,SCH008,2025-08-01,21,18,Other
ATT202508004544,STU004544,SCH001,2025-08-01,22,16,Medical
ATT202508004545,STU004545,SCH011,2025-08-01,19,16,Unauthorised
ATT202508004546,STU004546,SCH035,2025-08-01,21,16,Unauthorised
ATT202508004548,STU004548,SCH024,2025-08-01,19,14,Family
ATT202508004550,STU004550,SCH022,2025-08-01,18,13,Illness
ATT202508004553,STU004553,SCH026,2025-08-01,22,19,Family
ATT202508004555,STU004555,SCH025,2025-08-01,22,19,Other
ATT202508004556,STU004556,SCH033,2025-08-01,19,17,Other
ATT202508004557,STU004557,SCH006,2025-08-01,19,16,Medical
ATT202508004558,STU004558,SCH018,2025-08-01,19,16,Unauthorised
ATT202508004560,STU004560,SCH045,2025-08-01,18,17,Family
ATT202508004561,STU004561,SCH008,2025-08-01,22,18,Illness
ATT202508004562,STU004562,SCH021,2025-08-01,22,17,Medical
ATT202508004563,STU004563,SCH013,2025-08-01,18,15,Illness
ATT202508004565,STU004565,SCH017,2025-08-01,20,16,Other
ATT202508004566,STU004566,SCH022,2025-08-01,18,14,Illness
ATT202508004567,STU004567,SCH029,2025-08-01,21,18,Other
ATT202508004568,STU004568,SCH027,2025-08-01,18,15,Other
ATT202508004569,STU004569,SCH021,2025-08-01,22,16,Medical
ATT202508004571,STU004571,SCH014,2025-08-01,20,16,Unauthorised
ATT202508004572,STU004572,SCH031,2025-08-01,18,15,Other
ATT202508004573,STU004573,SCH033,2025-08-01,19,16,Illness
ATT202508004574,STU004574,SCH031,2025-08-01,22,18,Other
ATT202508004575,STU004575,SCH045,2025-08-01,20,17,Illness
ATT202508004576,STU004576,SCH037,2025-08-01,20,17,Illness
ATT202508004577,STU004577,SCH027,2025-08-01,22,19,Other
ATT202508004578,STU004578,SCH018,2025-08-01,22,20,Other
ATT202508004579,STU004579,SCH039,2025-08-01,21,18,Illness
ATT202508004580,STU004580,SCH042,2025-08-01,18,14,Unauthorised
ATT202508004581,STU004581,SCH024,2025-08-01,21,16,Unauthorised
ATT202508004582,STU004582,SCH013,2025-08-01,19,17,Unauthorised
ATT202508004583,STU004583,SCH031,2025-08-01,18,14,Family
ATT202508004584,STU004584,SCH038,2025-08-01,20,17,Unauthorised
ATT202508004585,STU004585,SCH001,2025-08-01,22,17,Illness
ATT202508004586,STU004586,SCH039,2025-08-01,20,17,Unauthorised
ATT202508004587,STU004587,SCH038,2025-08-01,20,17,Medical
ATT202508004588,STU004588,SCH029,2025-08-01,18,15,Family
ATT202508004589,STU004589,SCH004,2025-08-01,20,17,Other
ATT202508004590,STU004590,SCH040,2025-08-01,19,18,Medical
ATT202508004591,STU004591,SCH043,2025-08-01,20,16,Other
ATT202508004592,STU004592,SCH043,2025-08-01,18,15,Unauthorised
ATT202508004593,STU004593,SCH008,2025-08-01,22,19,Illness
ATT202508004594,STU004594,SCH025,2025-08-01,20,17,Medical
ATT202508004595,STU004595,SCH046,2025-08-01,22,20,Unauthorised
ATT202508004596,STU004596,SCH036,2025-08-01,20,18,Unauthorised
ATT202508004597,STU004597,SCH032,2025-08-01,21,18,Family
ATT202508004598,STU004598,SCH006,2025-08-01,22,19,Medical
ATT202508004599,STU004599,SCH018,2025-08-01,21,19,Illness
ATT202508004600,STU004600,SCH007,2025-08-01,19,17,Unauthorised
ATT202508004601,STU004601,SCH029,2025-08-01,19,17,Unauthorised
ATT202508004602,STU004602,SCH014,2025-08-01,19,17,Family
ATT202508004603,STU004603,SCH036,2025-08-01,22,20,Family
ATT202508004604,STU004604,SCH012,2025-08-01,18,14,Other
ATT202508004605,STU004605,SCH034,2025-08-01,19,16,Unauthorised
ATT202508004606,STU004606,SCH019,2025-08-01,20,16,Family
ATT202508004607,STU004607,SCH035,2025-08-01,19,16,Other
ATT202508004608,STU004608,SCH027,2025-08-01,18,15,Illness
ATT202508004609,STU004609,SCH039,2025-08-01,20,18,Illness
ATT202508004610,STU004610,SCH033,2025-08-01,21,19,Other
ATT202508004611,STU004611,SCH001,2025-08-01,19,15,Unauthorised
ATT202508004612,STU004612,SCH006,2025-08-01,22,19,Medical
ATT202508004613,STU004613,SCH014,2025-08-01,21,17,Illness
ATT202508004614,STU004614,SCH040,2025-08-01,18,15,Unauthorised
ATT202508004615,STU004615,SCH033,2025-08-01,19,16,Illness
ATT202508004616,STU004616,SCH022,2025-08-01,19,15,Illness
ATT202508004617,STU004617,SCH012,2025-08-01,21,16,Unauthorised
ATT202508004618,STU004618,SCH026,2025-08-01,18,16,Family
ATT202508004619,STU004619,SCH011,2025-08-01,20,18,Family
ATT202508004620,STU004620,SCH046,2025-08-01,18,15,Family
ATT202508004621,STU004621,SCH020,2025-08-01,19,17,Illness
ATT202508004622,STU004622,SCH019,2025-08-01,20,16,Family
ATT202508004623,STU004623,SCH011,2025-08-01,20,17,Illness
ATT202508004624,STU004624,SCH008,2025-08-01,21,18,Medical
ATT202508004625,STU004625,SCH021,2025-08-01,18,15,Family
ATT202508004626,STU004626,SCH001,2025-08-01,21,17,Medical
ATT202508004627,STU004627,SCH016,2025-08-01,18,15,Illness
ATT202508004628,STU004628,SCH016,2025-08-01,20,18,Other
ATT202508004629,STU004629,SCH026,2025-08-01,22,21,Illness
ATT202508004630,STU004630,SCH030,2025-08-01,22,19,Medical
ATT202508004631,STU004631,SCH032,2025-08-01,22,19,Medical
ATT202508004632,STU004632,SCH004,2025-08-01,19,16,Family
ATT202508004634,STU004634,SCH044,2025-08-01,22,19,Illness
ATT202508004635,STU004635,SCH021,2025-08-01,18,12,Medical
ATT202508004636,STU004636,SCH038,2025-08-01,20,18,Other
ATT202508004637,STU004637,SCH031,2025-08-01,22,18,Family
ATT202508004638,STU004638,SCH021,2025-08-01,19,15,Medical
ATT202508004639,STU004639,SCH029,2025-08-01,22,18,Family
ATT202508004640,STU004640,SCH015,2025-08-01,19,16,Illness
ATT202508004641,STU004641,SCH019,2025-08-01,18,16,Unauthorised
ATT202508004642,STU004642,SCH005,2025-08-01,20,17,Illness
ATT202508004643,STU004643,SCH046,2025-08-01,18,16,Unauthorised
ATT202508004644,STU004644,SCH042,2025-08-01,20,14,Family
ATT202508004645,STU004645,SCH008,2025-08-01,19,16,Family
ATT202508004646,STU004646,SCH046,2025-08-01,19,15,Unauthorised
ATT202508004647,STU004647,SCH004,2025-08-01,21,18,Medical
ATT202508004648,STU004648,SCH001,2025-08-01,22,16,Illness
ATT202508004649,STU004649,SCH046,2025-08-01,21,17,Illness
ATT202508004650,STU004650,SCH032,2025-08-01,22,20,Other
ATT202508004651,STU004651,SCH034,2025-08-01,19,15,Other
ATT202508004653,STU004653,SCH034,2025-08-01,20,17,Other
ATT202508004654,STU004654,SCH031,2025-08-01,18,16,Unauthorised
ATT202508004655,STU004655,SCH027,2025-08-01,20,17,Illness
ATT202508004656,STU004656,SCH046,2025-08-01,22,19,Illness
ATT202508004657,STU004657,SCH007,2025-08-01,18,15,Unauthorised
ATT202508004658,STU004658,SCH028,2025-08-01,18,16,Family
ATT202508004659,STU004659,SCH009,2025-08-01,22,18,Medical
ATT202508004660,STU004660,SCH017,2025-08-01,18,12,Illness
ATT202508004661,STU004661,SCH011,2025-08-01,20,18,Medical
ATT202508004663,STU004663,SCH024,2025-08-01,21,17,Illness
ATT202508004664,STU004664,SCH014,2025-08-01,18,15,Illness
ATT202508004665,STU004665,SCH018,2025-08-01,18,15,Family
ATT202508004666,STU004666,SCH012,2025-08-01,20,16,Family
ATT202508004667,STU004667,SCH045,2025-08-01,22,18,Unauthorised
ATT202508004669,STU004669,SCH046,2025-08-01,21,18,Unauthorised
ATT202508004670,STU004670,SCH025,2025-08-01,19,17,Other
ATT202508004671,STU004671,SCH005,2025-08-01,18,16,Illness
ATT202508004672,STU004672,SCH013,2025-08-01,20,17,Unauthorised
ATT202508004673,STU004673,SCH003,2025-08-01,18,15,Illness
ATT202508004674,STU004674,SCH005,2025-08-01,19,16,Other
ATT202508004675,STU004675,SCH011,2025-08-01,20,18,Illness
ATT202508004676,STU004676,SCH010,2025-08-01,18,14,Other
ATT202508004677,STU004677,SCH010,2025-08-01,20,16,Illness
ATT202508004679,STU004679,SCH009,2025-08-01,22,17,Family
ATT202508004680,STU004680,SCH006,2025-08-01,20,17,Medical
ATT202508004681,STU004681,SCH048,2025-08-01,20,18,Unauthorised
ATT202508004682,STU004682,SCH012,2025-08-01,18,14,Illness
ATT202508004683,STU004683,SCH046,2025-08-01,22,20,Medical
ATT202508004684,STU004684,SCH005,2025-08-01,22,19,Other
ATT202508004685,STU004685,SCH012,2025-08-01,19,15,Medical
ATT202508004686,STU004686,SCH013,2025-08-01,22,18,Unauthorised
ATT202508004687,STU004687,SCH030,2025-08-01,18,15,Illness
ATT202508004688,STU004688,SCH013,2025-08-01,19,16,Family
ATT202508004689,STU004689,SCH036,2025-08-01,20,16,Illness
ATT202508004690,STU004690,SCH003,2025-08-01,22,18,Unauthorised
ATT202508004691,STU004691,SCH013,2025-08-01,20,17,Illness
ATT202508004692,STU004692,SCH014,2025-08-01,18,14,Family
ATT202508004693,STU004693,SCH023,2025-08-01,20,15,Illness
ATT202508004694,STU004694,SCH033,2025-08-01,20,17,Other
ATT202508004695,STU004695,SCH032,2025-08-01,20,17,Family
ATT202508004696,STU004696,SCH024,2025-08-01,18,14,Illness
ATT202508004697,STU004697,SCH002,2025-08-01,18,13,Other
ATT202508004698,STU004698,SCH030,2025-08-01,22,19,Family
ATT202508004699,STU004699,SCH037,2025-08-01,20,18,Unauthorised
ATT202508004700,STU004700,SCH026,2025-08-01,19,16,Medical
ATT202508004701,STU004701,SCH034,2025-08-01,19,16,Other
ATT202508004703,STU004703,SCH048,2025-08-01,22,20,Unauthorised
ATT202508004704,STU004704,SCH020,2025-08-01,18,15,Other
ATT202508004705,STU004705,SCH020,2025-08-01,18,15,Illness
ATT202508004706,STU004706,SCH049,2025-08-01,18,14,Family
ATT202508004707,STU004707,SCH023,2025-08-01,18,15,Other
ATT202508004708,STU004708,SCH033,2025-08-01,18,17,Unauthorised
ATT202508004709,STU004709,SCH007,2025-08-01,19,17,Family
ATT202508004710,STU004710,SCH044,2025-08-01,21,17,Other
ATT202508004711,STU004711,SCH013,2025-08-01,19,16,Other
ATT202508004712,STU004712,SCH039,2025-08-01,22,20,Family
ATT202508004713,STU004713,SCH017,2025-08-01,21,16,Other
ATT202508004714,STU004714,SCH029,2025-08-01,19,17,Medical
ATT202508004715,STU004715,SCH044,2025-08-01,22,19,Family
ATT202508004716,STU004716,SCH001,2025-08-01,22,18,Other
ATT202508004717,STU004717,SCH004,2025-08-01,19,15,Other
ATT202508004718,STU004718,SCH046,2025-08-01,20,17,Unauthorised
ATT202508004719,STU004719,SCH032,2025-08-01,19,15,Family
ATT202508004720,STU004720,SCH009,2025-08-01,18,14,Illness
ATT202508004722,STU004722,SCH011,2025-08-01,18,16,Family
ATT202508004723,STU004723,SCH020,2025-08-01,22,20,Medical
ATT202508004724,STU004724,SCH043,2025-08-01,22,19,Medical
ATT202508004725,STU004725,SCH007,2025-08-01,18,15,Unauthorised
ATT202508004727,STU004727,SCH020,2025-08-01,20,18,Medical
ATT202508004728,STU004728,SCH010,2025-08-01,18,16,Other
ATT202508004729,STU004729,SCH009,2025-08-01,21,18,Unauthorised
ATT202508004730,STU004730,SCH048,2025-08-01,22,19,Illness
ATT202508004731,STU004731,SCH027,2025-08-01,19,16,Illness
ATT202508004732,STU004732,SCH010,2025-08-01,21,18,Other
ATT202508004733,STU004733,SCH006,2025-08-01,22,19,Medical
ATT202508004734,STU004734,SCH042,2025-08-01,19,15,Illness
ATT202508004735,STU004735,SCH031,2025-08-01,20,16,Other
ATT202508004736,STU004736,SCH010,2025-08-01,22,20,Medical
ATT202508004737,STU004737,SCH021,2025-08-01,19,16,Other
ATT202508004738,STU004738,SCH005,2025-08-01,18,15,Other
ATT202508004739,STU004739,SCH029,2025-08-01,21,18,Medical
ATT202508004740,STU004740,SCH001,2025-08-01,19,16,Illness
ATT202508004741,STU004741,SCH047,2025-08-01,20,18,Family
ATT202508004743,STU004743,SCH010,2025-08-01,18,15,Family
ATT202508004744,STU004744,SCH028,2025-08-01,21,17,Unauthorised
ATT202508004745,STU004745,SCH032,2025-08-01,20,18,Medical
ATT202508004746,STU004746,SCH035,2025-08-01,21,17,Other
ATT202508004747,STU004747,SCH021,2025-08-01,19,16,Unauthorised
ATT202508004748,STU004748,SCH012,2025-08-01,21,18,Family
ATT202508004750,STU004750,SCH018,2025-08-01,22,19,Family
ATT202508004751,STU004751,SCH031,2025-08-01,19,17,Medical
ATT202508004752,STU004752,SCH009,2025-08-01,18,15,Unauthorised
ATT202508004753,STU004753,SCH030,2025-08-01,22,19,Family
ATT202508004754,STU004754,SCH016,2025-08-01,20,17,Illness
ATT202508004755,STU004755,SCH021,2025-08-01,21,16,Family
ATT202508004756,STU004756,SCH048,2025-08-01,18,16,Unauthorised
ATT202508004757,STU004757,SCH037,2025-08-01,18,16,Medical
ATT202508004758,STU004758,SCH012,2025-08-01,20,17,Unauthorised
ATT202508004759,STU004759,SCH028,2025-08-01,20,16,Other
ATT202508004760,STU004760,SCH017,2025-08-01,20,16,Unauthorised
ATT202508004761,STU004761,SCH012,2025-08-01,21,18,Medical
ATT202508004762,STU004762,SCH011,2025-08-01,18,16,Other
ATT202508004763,STU004763,SCH044,2025-08-01,18,15,Other
ATT202508004764,STU004764,SCH024,2025-08-01,21,18,Other
ATT202508004765,STU004765,SCH046,2025-08-01,20,18,Illness
ATT202508004766,STU004766,SCH026,2025-08-01,18,17,Illness
ATT202508004767,STU004767,SCH029,2025-08-01,22,19,Illness
ATT202508004768,STU004768,SCH004,2025-08-01,20,17,Unauthorised
ATT202508004769,STU004769,SCH007,2025-08-01,21,17,Family
ATT202508004770,STU004770,SCH011,2025-08-01,18,15,Other
ATT202508004771,STU004771,SCH015,2025-08-01,18,15,Medical
ATT202508004772,STU004772,SCH007,2025-08-01,20,17,Illness
ATT202508004773,STU004773,SCH011,2025-08-01,20,18,Illness
ATT202508004774,STU004774,SCH008,2025-08-01,18,15,Illness
ATT202508004775,STU004775,SCH044,2025-08-01,20,19,Unauthorised
ATT202508004776,STU004776,SCH027,2025-08-01,21,19,Other
ATT202508004777,STU004777,SCH048,2025-08-01,20,16,Medical
ATT202508004779,STU004779,SCH031,2025-08-01,22,19,Family
ATT202508004780,STU004780,SCH044,2025-08-01,18,16,Family
ATT202508004781,STU004781,SCH008,2025-08-01,18,16,Illness
ATT202508004782,STU004782,SCH001,2025-08-01,20,18,Other
ATT202508004783,STU004783,SCH033,2025-08-01,20,17,Family
ATT202508004784,STU004784,SCH033,2025-08-01,19,16,Medical
ATT202508004785,STU004785,SCH043,2025-08-01,21,17,Other
ATT202508004786,STU004786,SCH032,2025-08-01,18,14,Illness
ATT202508004787,STU004787,SCH040,2025-08-01,19,16,Medical
ATT202508004788,STU004788,SCH011,2025-08-01,18,16,Illness
ATT202508004789,STU004789,SCH048,2025-08-01,19,15,Unauthorised
ATT202508004790,STU004790,SCH021,2025-08-01,18,16,Medical
ATT202508004791,STU004791,SCH006,2025-08-01,18,16,Unauthorised
ATT202508004792,STU004792,SCH010,2025-08-01,21,17,Illness
ATT202508004793,STU004793,SCH002,2025-08-01,20,14,Illness
ATT202508004795,STU004795,SCH015,2025-08-01,20,17,Medical
ATT202508004796,STU004796,SCH006,2025-08-01,18,16,Medical
ATT202508004797,STU004797,SCH028,2025-08-01,20,16,Family
ATT202508004798,STU004798,SCH048,2025-08-01,21,18,Unauthorised
ATT202508004799,STU004799,SCH027,2025-08-01,20,16,Unauthorised
ATT202508004800,STU004800,SCH019,2025-08-01,19,18,Other
ATT202508004801,STU004801,SCH015,2025-08-01,19,18,Other
ATT202508004802,STU004802,SCH014,2025-08-01,20,16,Unauthorised
ATT202508004803,STU004803,SCH035,2025-08-01,20,16,Family
ATT202508004804,STU004804,SCH029,2025-08-01,19,16,Medical
ATT202508004805,STU004805,SCH016,2025-08-01,22,18,Family
ATT202508004806,STU004806,SCH037,2025-08-01,21,19,Other
ATT202508004807,STU004807,SCH034,2025-08-01,20,15,Unauthorised
ATT202508004808,STU004808,SCH015,2025-08-01,18,15,Unauthorised
ATT202508004809,STU004809,SCH011,2025-08-01,21,18,Unauthorised
ATT202508004810,STU004810,SCH026,2025-08-01,18,16,Unauthorised
ATT202508004812,STU004812,SCH030,2025-08-01,18,15,Medical
ATT202508004813,STU004813,SCH047,2025-08-01,22,20,Medical
ATT202508004814,STU004814,SCH031,2025-08-01,18,12,Unauthorised
ATT202508004815,STU004815,SCH001,2025-08-01,19,14,Illness
ATT202508004816,STU004816,SCH045,2025-08-01,20,18,Family
ATT202508004817,STU004817,SCH043,2025-08-01,21,17,Unauthorised
ATT202508004818,STU004818,SCH031,2025-08-01,19,15,Family
ATT202508004819,STU004819,SCH026,2025-08-01,22,19,Other
ATT202508004820,STU004820,SCH049,2025-08-01,21,19,Unauthorised
ATT202508004821,STU004821,SCH012,2025-08-01,20,17,Illness
ATT202508004822,STU004822,SCH044,2025-08-01,21,17,Family
ATT202508004823,STU004823,SCH037,2025-08-01,18,17,Other
ATT202508004824,STU004824,SCH007,2025-08-01,22,17,Family
ATT202508004825,STU004825,SCH007,2025-08-01,21,18,Medical
ATT202508004826,STU004826,SCH039,2025-08-01,22,19,Unauthorised
ATT202508004827,STU004827,SCH029,2025-08-01,21,17,Family
ATT202508004828,STU004828,SCH044,2025-08-01,19,16,Other
ATT202508004829,STU004829,SCH017,2025-08-01,18,13,Medical
ATT202508004830,STU004830,SCH026,2025-08-01,20,16,Unauthorised
ATT202508004831,STU004831,SCH026,2025-08-01,21,17,Family
ATT202508004832,STU004832,SCH009,2025-08-01,19,15,Unauthorised
ATT202508004833,STU004833,SCH011,2025-08-01,22,19,Unauthorised
ATT202508004834,STU004834,SCH045,2025-08-01,22,19,Medical
ATT202508004835,STU004835,SCH019,2025-08-01,20,17,Illness
ATT202508004836,STU004836,SCH006,2025-08-01,22,20,Family
ATT202508004837,STU004837,SCH032,2025-08-01,22,18,Unauthorised
ATT202508004838,STU004838,SCH018,2025-08-01,18,16,Unauthorised
ATT202508004839,STU004839,SCH034,2025-08-01,21,18,Unauthorised
ATT202508004840,STU004840,SCH015,2025-08-01,22,18,Unauthorised
ATT202508004841,STU004841,SCH046,2025-08-01,22,18,Illness
ATT202508004842,STU004842,SCH018,2025-08-01,21,19,Medical
ATT202508004843,STU004843,SCH028,2025-08-01,20,17,Unauthorised
ATT202508004844,STU004844,SCH027,2025-08-01,22,17,Medical
ATT202508004845,STU004845,SCH035,2025-08-01,21,17,Medical
ATT202508004846,STU004846,SCH025,2025-08-01,20,18,Medical
ATT202508004848,STU004848,SCH045,2025-08-01,22,17,Illness
ATT202508004849,STU004849,SCH048,2025-08-01,19,17,Family
ATT202508004850,STU004850,SCH048,2025-08-01,19,16,Illness
ATT202508004851,STU004851,SCH044,2025-08-01,21,17,Medical
ATT202508004852,STU004852,SCH033,2025-08-01,21,17,Other
ATT202508004853,STU004853,SCH004,2025-08-01,20,17,Unauthorised
ATT202508004854,STU004854,SCH022,2025-08-01,19,15,Medical
ATT202508004855,STU004855,SCH034,2025-08-01,20,16,Unauthorised
ATT202508004856,STU004856,SCH006,2025-08-01,19,16,Medical
ATT202508004857,STU004857,SCH046,2025-08-01,21,19,Medical
ATT202508004858,STU004858,SCH013,2025-08-01,19,16,Family
ATT202508004859,STU004859,SCH029,2025-08-01,22,18,Family
ATT202508004860,STU004860,SCH046,2025-08-01,19,16,Illness
ATT202508004861,STU004861,SCH022,2025-08-01,20,15,Illness
ATT202508004862,STU004862,SCH007,2025-08-01,21,16,Illness
ATT202508004863,STU004863,SCH024,2025-08-01,21,17,Unauthorised
ATT202508004864,STU004864,SCH042,2025-08-01,19,13,Illness
ATT202508004865,STU004865,SCH036,2025-08-01,19,16,Unauthorised
ATT202508004866,STU004866,SCH028,2025-08-01,20,16,Medical
ATT202508004867,STU004867,SCH036,2025-08-01,19,16,Illness
ATT202508004868,STU004868,SCH040,2025-08-01,21,18,Family
ATT202508004869,STU004869,SCH004,2025-08-01,19,16,Medical
ATT202508004870,STU004870,SCH022,2025-08-01,21,16,Family
ATT202508004871,STU004871,SCH004,2025-08-01,20,17,Other
ATT202508004872,STU004872,SCH044,2025-08-01,20,17,Medical
ATT202508004873,STU004873,SCH026,2025-08-01,19,16,Family
ATT202508004874,STU004874,SCH004,2025-08-01,19,16,Unauthorised
ATT202508004875,STU004875,SCH007,2025-08-01,18,15,Other
ATT202508004876,STU004876,SCH040,2025-08-01,19,16,Unauthorised
ATT202508004877,STU004877,SCH022,2025-08-01,21,15,Illness
ATT202508004879,STU004879,SCH030,2025-08-01,20,17,Illness
ATT202508004880,STU004880,SCH040,2025-08-01,21,20,Illness
ATT202508004881,STU004881,SCH031,2025-08-01,22,19,Unauthorised
ATT202508004882,STU004882,SCH007,2025-08-01,18,16,Medical
ATT202508004883,STU004883,SCH019,2025-08-01,18,17,Unauthorised
ATT202508004884,STU004884,SCH026,2025-08-01,21,18,Medical
ATT202508004885,STU004885,SCH007,2025-08-01,20,16,Other
ATT202508004886,STU004886,SCH006,2025-08-01,22,20,Illness
ATT202508004887,STU004887,SCH031,2025-08-01,22,18,Family
ATT202508004888,STU004888,SCH011,2025-08-01,21,18,Illness
ATT202508004889,STU004889,SCH002,2025-08-01,22,17,Illness
ATT202508004890,STU004890,SCH049,2025-08-01,18,14,Family
ATT202508004892,STU004892,SCH046,2025-08-01,18,15,Family
ATT202508004893,STU004893,SCH035,2025-08-01,18,14,Family
ATT202508004894,STU004894,SCH019,2025-08-01,19,17,Medical
ATT202508004895,STU004895,SCH047,2025-08-01,20,18,Other
ATT202508004896,STU004896,SCH035,2025-08-01,22,18,Family
ATT202508004897,STU004897,SCH001,2025-08-01,20,17,Other
ATT202508004898,STU004898,SCH031,2025-08-01,19,18,Illness
ATT202508004899,STU004899,SCH016,2025-08-01,20,18,Family
ATT202508004900,STU004900,SCH007,2025-08-01,22,19,Illness
ATT202508004901,STU004901,SCH012,2025-08-01,22,18,Family
ATT202508004902,STU004902,SCH010,2025-08-01,21,17,Illness
ATT202508004903,STU004903,SCH003,2025-08-01,21,17,Unauthorised
ATT202508004904,STU004904,SCH012,2025-08-01,22,19,Medical
ATT202508004905,STU004905,SCH017,2025-08-01,18,12,Medical
ATT202508004906,STU004906,SCH022,2025-08-01,19,16,Medical
ATT202508004907,STU004907,SCH039,2025-08-01,20,17,Illness
ATT202508004908,STU004908,SCH001,2025-08-01,19,14,Medical
ATT202508004909,STU004909,SCH048,2025-08-01,21,18,Illness
ATT202508004910,STU004910,SCH015,2025-08-01,18,16,Family
ATT202508004911,STU004911,SCH038,2025-08-01,22,18,Medical
ATT202508004913,STU004913,SCH020,2025-08-01,20,18,Other
ATT202508004914,STU004914,SCH041,2025-08-01,19,17,Family
ATT202508004915,STU004915,SCH025,2025-08-01,22,20,Family
ATT202508004917,STU004917,SCH035,2025-08-01,19,16,Unauthorised
ATT202508004918,STU004918,SCH039,2025-08-01,21,18,Unauthorised
ATT202508004919,STU004919,SCH031,2025-08-01,22,18,Family
ATT202508004921,STU004921,SCH030,2025-08-01,21,18,Medical
ATT202508004922,STU004922,SCH043,2025-08-01,18,16,Unauthorised
ATT202508004923,STU004923,SCH037,2025-08-01,21,18,Other
ATT202508004924,STU004924,SCH025,2025-08-01,19,17,Medical
ATT202508004925,STU004925,SCH046,2025-08-01,19,16,Unauthorised
ATT202508004926,STU004926,SCH003,2025-08-01,18,16,Unauthorised
ATT202508004927,STU004927,SCH038,2025-08-01,18,16,Unauthorised
ATT202508004929,STU004929,SCH043,2025-08-01,22,17,Family
ATT202508004930,STU004930,SCH009,2025-08-01,20,17,Family
ATT202508004931,STU004931,SCH019,2025-08-01,20,18,Other
ATT202508004932,STU004932,SCH018,2025-08-01,20,17,Illness
ATT202508004933,STU004933,SCH040,2025-08-01,20,17,Family
ATT202508004934,STU004934,SCH018,2025-08-01,22,19,Family
ATT202508004935,STU004935,SCH010,2025-08-01,18,14,Illness
ATT202508004936,STU004936,SCH043,2025-08-01,19,15,Other
ATT202508004937,STU004937,SCH047,2025-08-01,20,17,Other
ATT202508004938,STU004938,SCH008,2025-08-01,22,19,Medical
ATT202508004939,STU004939,SCH039,2025-08-01,18,16,Unauthorised
ATT202508004940,STU004940,SCH047,2025-08-01,19,16,Family
ATT202508004941,STU004941,SCH032,2025-08-01,21,17,Family
ATT202508004942,STU004942,SCH021,2025-08-01,20,16,Family
ATT202508004943,STU004943,SCH043,2025-08-01,22,19,Illness
ATT202508004944,STU004944,SCH044,2025-08-01,18,15,Family
ATT202508004945,STU004945,SCH042,2025-08-01,20,18,Family
ATT202508004946,STU004946,SCH021,2025-08-01,18,14,Medical
ATT202508004947,STU004947,SCH035,2025-08-01,22,17,Family
ATT202508004948,STU004948,SCH019,2025-08-01,22,19,Medical
ATT202508004949,STU004949,SCH015,2025-08-01,22,18,Illness
ATT202508004950,STU004950,SCH013,2025-08-01,21,19,Unauthorised
ATT202508004951,STU004951,SCH035,2025-08-01,22,19,Medical
ATT202508004952,STU004952,SCH011,2025-08-01,22,19,Illness
ATT202508004953,STU004953,SCH015,2025-08-01,18,16,Family
ATT202508004954,STU004954,SCH046,2025-08-01,18,15,Unauthorised
ATT202508004955,STU004955,SCH027,2025-08-01,18,14,Unauthorised
ATT202508004956,STU004956,SCH029,2025-08-01,19,15,Unauthorised
ATT202508004957,STU004957,SCH010,2025-08-01,19,12,Medical
ATT202508004958,STU004958,SCH041,2025-08-01,19,17,Other
ATT202508004959,STU004959,SCH036,2025-08-01,21,19,Family
ATT202508004960,STU004960,SCH006,2025-08-01,20,17,Unauthorised
ATT202508004961,STU004961,SCH005,2025-08-01,19,16,Other
ATT202508004962,STU004962,SCH029,2025-08-01,20,16,Other
ATT202508004963,STU004963,SCH034,2025-08-01,18,14,Unauthorised
ATT202508004964,STU004964,SCH041,2025-08-01,18,15,Medical
ATT202508004965,STU004965,SCH020,2025-08-01,20,17,Other
ATT202508004966,STU004966,SCH018,2025-08-01,21,19,Illness
ATT202508004967,STU004967,SCH014,2025-08-01,21,18,Illness
ATT202508004968,STU004968,SCH020,2025-08-01,22,18,Unauthorised
ATT202508004969,STU004969,SCH049,2025-08-01,19,15,Unauthorised
ATT202508004970,STU004970,SCH013,2025-08-01,21,18,Medical
ATT202508004971,STU004971,SCH022,2025-08-01,19,15,Family
ATT202508004972,STU004972,SCH018,2025-08-01,20,18,Illness
ATT202508004973,STU004973,SCH027,2025-08-01,20,18,Unauthorised
ATT202508004974,STU004974,SCH010,2025-08-01,19,16,Other
ATT202508004975,STU004975,SCH039,2025-08-01,22,18,Other
ATT202508004977,STU004977,SCH029,2025-08-01,19,16,Illness
ATT202508004978,STU004978,SCH025,2025-08-01,21,18,Illness
ATT202508004979,STU004979,SCH035,2025-08-01,19,16,Medical
ATT202508004980,STU004980,SCH047,2025-08-01,21,18,Family
ATT202508004981,STU004981,SCH049,2025-08-01,20,18,Unauthorised
ATT202508004982,STU004982,SCH031,2025-08-01,19,16,Unauthorised
ATT202508004983,STU004983,SCH010,2025-08-01,20,18,Other
ATT202508004985,STU004985,SCH012,2025-08-01,19,16,Medical
ATT202508004988,STU004988,SCH020,2025-08-01,18,15,Medical
ATT202508004989,STU004989,SCH038,2025-08-01,19,16,Medical
ATT202508004990,STU004990,SCH044,2025-08-01,22,17,Unauthorised
ATT202508004991,STU004991,SCH048,2025-08-01,22,19,Medical
ATT202508004992,STU004992,SCH037,2025-08-01,20,16,Medical
ATT202508004993,STU004993,SCH021,2025-08-01,19,16,Illness
ATT202508004994,STU004994,SCH018,2025-08-01,18,14,Medical
ATT202508004995,STU004995,SCH006,2025-08-01,20,17,Illness
ATT202508004996,STU004996,SCH043,2025-08-01,21,17,Illness
ATT202508004998,STU004998,SCH002,2025-08-01,20,17,Other
ATT202508004999,STU004999,SCH008,2025-08-01,20,17,Other
ATT202508005000,STU005000,SCH038,2025-08-01,21,18,Other
ATT202508005001,STU005001,SCH032,2025-08-01,19,16,Medical
ATT202508005002,STU005002,SCH001,2025-08-01,20,17,Medical
ATT202508005003,STU005003,SCH023,2025-08-01,20,16,Unauthorised
ATT202508005004,STU005004,SCH046,2025-08-01,18,15,Medical
ATT202508005005,STU005005,SCH043,2025-08-01,18,15,Illness
ATT202508005006,STU005006,SCH007,2025-08-01,20,17,Family
ATT202508005007,STU005007,SCH032,2025-08-01,20,16,Illness
ATT202508005008,STU005008,SCH018,2025-08-01,22,19,Other
ATT202508005009,STU005009,SCH011,2025-08-01,21,18,Family
ATT202508005010,STU005010,SCH023,2025-08-01,20,15,Unauthorised
ATT202508005011,STU005011,SCH016,2025-08-01,22,20,Family
ATT202508005012,STU005012,SCH035,2025-08-01,21,17,Unauthorised
ATT202508005013,STU005013,SCH040,2025-08-01,21,19,Family
ATT202508005016,STU005016,SCH024,2025-08-01,21,15,Family
ATT202508005017,STU005017,SCH010,2025-08-01,20,18,Family
ATT202508005018,STU005018,SCH031,2025-08-01,21,18,Illness
ATT202508005019,STU005019,SCH029,2025-08-01,22,17,Unauthorised
ATT202508005020,STU005020,SCH018,2025-08-01,18,15,Illness
ATT202508005021,STU005021,SCH033,2025-08-01,18,16,Unauthorised
ATT202508005022,STU005022,SCH032,2025-08-01,22,19,Illness
ATT202508005023,STU005023,SCH035,2025-08-01,18,14,Illness
ATT202508005024,STU005024,SCH017,2025-08-01,22,18,Other
ATT202508005025,STU005025,SCH018,2025-08-01,22,18,Family
ATT202508005026,STU005026,SCH028,2025-08-01,22,18,Unauthorised
ATT202508005027,STU005027,SCH018,2025-08-01,20,18,Illness
ATT202508005028,STU005028,SCH028,2025-08-01,22,18,Medical
ATT202508005030,STU005030,SCH018,2025-08-01,22,20,Unauthorised
ATT202508005031,STU005031,SCH015,2025-08-01,20,17,Medical
ATT202508005032,STU005032,SCH026,2025-08-01,20,18,Family
ATT202508005033,STU005033,SCH044,2025-08-01,18,15,Illness
ATT202508005034,STU005034,SCH015,2025-08-01,19,16,Other
ATT202508005035,STU005035,SCH017,2025-08-01,22,17,Illness
ATT202508005036,STU005036,SCH031,2025-08-01,19,17,Medical
ATT202508005037,STU005037,SCH043,2025-08-01,22,20,Illness
ATT202508005038,STU005038,SCH006,2025-08-01,20,18,Family
ATT202508005039,STU005039,SCH014,2025-08-01,22,20,Illness
ATT202508005040,STU005040,SCH023,2025-08-01,19,16,Medical
ATT202508005041,STU005041,SCH019,2025-08-01,20,17,Medical
ATT202508005042,STU005042,SCH034,2025-08-01,20,15,Medical
ATT202508005043,STU005043,SCH019,2025-08-01,21,17,Family
ATT202508005044,STU005044,SCH041,2025-08-01,18,15,Family
ATT202508005045,STU005045,SCH038,2025-08-01,20,17,Unauthorised
ATT202508005046,STU005046,SCH023,2025-08-01,22,20,Illness
ATT202508005047,STU005047,SCH002,2025-08-01,20,15,Other
ATT202508005048,STU005048,SCH023,2025-08-01,19,17,Other
ATT202508005050,STU005050,SCH041,2025-08-01,20,16,Other
ATT202508005051,STU005051,SCH018,2025-08-01,21,19,Family
ATT202508005052,STU005052,SCH008,2025-08-01,18,17,Other
ATT202508005053,STU005053,SCH026,2025-08-01,22,20,Other
ATT202508005054,STU005054,SCH047,2025-08-01,21,18,Unauthorised
ATT202508005056,STU005056,SCH018,2025-08-01,19,16,Family
ATT202508005057,STU005057,SCH018,2025-08-01,20,17,Illness
ATT202508005058,STU005058,SCH049,2025-08-01,18,15,Illness
ATT202508005059,STU005059,SCH011,2025-08-01,21,18,Family
ATT202508005060,STU005060,SCH031,2025-08-01,18,15,Unauthorised
ATT202508005061,STU005061,SCH032,2025-08-01,20,17,Unauthorised
ATT202508005062,STU005062,SCH020,2025-08-01,18,15,Unauthorised
ATT202508005063,STU005063,SCH003,2025-08-01,19,17,Other
ATT202508005064,STU005064,SCH005,2025-08-01,22,20,Family
ATT202508005066,STU005066,SCH009,2025-08-01,18,16,Medical
ATT202508005067,STU005067,SCH010,2025-08-01,19,16,Family
ATT202508005068,STU005068,SCH027,2025-08-01,21,17,Illness
ATT202508005069,STU005069,SCH043,2025-08-01,19,16,Illness
ATT202508005070,STU005070,SCH028,2025-08-01,18,15,Unauthorised
ATT202508005071,STU005071,SCH026,2025-08-01,18,16,Family
ATT202508005072,STU005072,SCH013,2025-08-01,19,17,Family
ATT202508005073,STU005073,SCH033,2025-08-01,22,19,Family
ATT202508005075,STU005075,SCH014,2025-08-01,22,18,Illness
ATT202508005076,STU005076,SCH029,2025-08-01,19,15,Unauthorised
ATT202508005077,STU005077,SCH038,2025-08-01,18,15,Illness
ATT202508005078,STU005078,SCH039,2025-08-01,21,18,Unauthorised
ATT202508005079,STU005079,SCH031,2025-08-01,22,18,Illness
ATT202508005080,STU005080,SCH031,2025-08-01,21,19,Unauthorised
ATT202508005081,STU005081,SCH019,2025-08-01,20,18,Family
ATT202508005082,STU005082,SCH014,2025-08-01,22,18,Other
ATT202508005083,STU005083,SCH027,2025-08-01,21,17,Medical
ATT202508005084,STU005084,SCH008,2025-08-01,18,16,Unauthorised
ATT202508005085,STU005085,SCH018,2025-08-01,21,17,Unauthorised
ATT202508005086,STU005086,SCH043,2025-08-01,18,15,Medical
ATT202508005087,STU005087,SCH019,2025-08-01,22,18,Family
ATT202508005088,STU005088,SCH004,2025-08-01,20,17,Unauthorised
ATT202508005089,STU005089,SCH014,2025-08-01,19,14,Illness
ATT202508005090,STU005090,SCH023,2025-08-01,20,17,Unauthorised
ATT202508005091,STU005091,SCH038,2025-08-01,20,17,Illness
ATT202508005092,STU005092,SCH028,2025-08-01,18,15,Medical
ATT202508005093,STU005093,SCH014,2025-08-01,22,19,Family
ATT202508005094,STU005094,SCH010,2025-08-01,21,15,Other
ATT202508005095,STU005095,SCH045,2025-08-01,22,18,Illness
ATT202508005096,STU005096,SCH024,2025-08-01,21,18,Medical
ATT202508005098,STU005098,SCH027,2025-08-01,19,18,Medical
ATT202508005099,STU005099,SCH005,2025-08-01,18,15,Unauthorised
ATT202508005100,STU005100,SCH021,2025-08-01,22,17,Family
ATT202508005101,STU005101,SCH010,2025-08-01,20,16,Medical
ATT202508005102,STU005102,SCH019,2025-08-01,22,19,Medical
ATT202508005103,STU005103,SCH035,2025-08-01,22,16,Medical
ATT202508005104,STU005104,SCH041,2025-08-01,20,18,Family
ATT202508005105,STU005105,SCH040,2025-08-01,19,16,Family
ATT202508005106,STU005106,SCH001,2025-08-01,21,16,Family
ATT202508005107,STU005107,SCH045,2025-08-01,18,14,Medical
ATT202508005108,STU005108,SCH015,2025-08-01,22,19,Unauthorised
ATT202508005109,STU005109,SCH007,2025-08-01,18,15,Family
ATT202508005110,STU005110,SCH007,2025-08-01,18,15,Illness
ATT202508005111,STU005111,SCH017,2025-08-01,18,15,Other
ATT202508005112,STU005112,SCH040,2025-08-01,19,16,Medical
ATT202508005113,STU005113,SCH024,2025-08-01,18,16,Illness
ATT202508005114,STU005114,SCH035,2025-08-01,18,14,Medical
ATT202508005115,STU005115,SCH026,2025-08-01,21,18,Medical
ATT202508005116,STU005116,SCH033,2025-08-01,21,17,Family
ATT202508005117,STU005117,SCH011,2025-08-01,22,19,Family
ATT202508005118,STU005118,SCH004,2025-08-01,19,16,Other
ATT202508005119,STU005119,SCH042,2025-08-01,19,15,Illness
ATT202508005120,STU005120,SCH040,2025-08-01,21,19,Medical
ATT202508005121,STU005121,SCH027,2025-08-01,21,18,Family
ATT202508005123,STU005123,SCH041,2025-08-01,19,17,Other
ATT202508005125,STU005125,SCH013,2025-08-01,18,16,Unauthorised
ATT202508005126,STU005126,SCH008,2025-08-01,21,17,Illness
ATT202508005127,STU005127,SCH048,2025-08-01,22,19,Unauthorised
ATT202508005128,STU005128,SCH027,2025-08-01,19,16,Other
ATT202508005129,STU005129,SCH041,2025-08-01,19,16,Illness
ATT202508005130,STU005130,SCH038,2025-08-01,18,15,Other
ATT202508005131,STU005131,SCH020,2025-08-01,19,16,Family
ATT202508005132,STU005132,SCH035,2025-08-01,18,15,Illness
ATT202508005133,STU005133,SCH010,2025-08-01,20,17,Family
ATT202508005134,STU005134,SCH018,2025-08-01,20,18,Unauthorised
ATT202508005135,STU005135,SCH039,2025-08-01,20,18,Medical
ATT202508005136,STU005136,SCH030,2025-08-01,21,17,Family
ATT202508005137,STU005137,SCH044,2025-08-01,18,14,Medical
ATT202508005138,STU005138,SCH013,2025-08-01,21,19,Illness
ATT202508005139,STU005139,SCH005,2025-08-01,19,17,Medical
ATT202508005140,STU005140,SCH042,2025-08-01,18,15,Other
ATT202508005141,STU005141,SCH041,2025-08-01,18,16,Illness
ATT202508005142,STU005142,SCH023,2025-08-01,20,17,Family
ATT202508005143,STU005143,SCH040,2025-08-01,19,16,Unauthorised
ATT202508005144,STU005144,SCH022,2025-08-01,21,16,Family
ATT202508005145,STU005145,SCH046,2025-08-01,21,17,Medical
ATT202508005146,STU005146,SCH007,2025-08-01,22,18,Family
ATT202508005147,STU005147,SCH023,2025-08-01,18,17,Family
ATT202508005148,STU005148,SCH040,2025-08-01,19,15,Other
ATT202508005149,STU005149,SCH026,2025-08-01,18,15,Medical
ATT202508005150,STU005150,SCH024,2025-08-01,20,17,Other
ATT202508005151,STU005151,SCH044,2025-08-01,22,18,Other
ATT202508005152,STU005152,SCH013,2025-08-01,21,18,Medical
ATT202508005153,STU005153,SCH047,2025-08-01,21,18,Other
ATT202508005154,STU005154,SCH002,2025-08-01,22,19,Other
ATT202508005155,STU005155,SCH013,2025-08-01,20,17,Unauthorised
ATT202508005156,STU005156,SCH032,2025-08-01,22,18,Other
ATT202508005157,STU005157,SCH005,2025-08-01,19,17,Unauthorised
ATT202508005158,STU005158,SCH032,2025-08-01,22,18,Illness
ATT202508005159,STU005159,SCH041,2025-08-01,21,18,Other
ATT202508005160,STU005160,SCH043,2025-08-01,22,19,Other
ATT202508005161,STU005161,SCH021,2025-08-01,18,14,Other
ATT202508005163,STU005163,SCH029,2025-08-01,20,17,Medical
ATT202508005165,STU005165,SCH022,2025-08-01,18,14,Illness
ATT202508005166,STU005166,SCH023,2025-08-01,20,15,Medical
ATT202508005167,STU005167,SCH036,2025-08-01,20,17,Illness
ATT202508005168,STU005168,SCH028,2025-08-01,20,18,Other
ATT202508005169,STU005169,SCH031,2025-08-01,18,14,Family
ATT202508005170,STU005170,SCH029,2025-08-01,18,15,Family
ATT202508005172,STU005172,SCH035,2025-08-01,21,15,Illness
ATT202508005173,STU005173,SCH031,2025-08-01,20,17,Unauthorised
ATT202508005175,STU005175,SCH045,2025-08-01,19,15,Family
ATT202508005176,STU005176,SCH030,2025-08-01,20,17,Family
ATT202508005177,STU005177,SCH022,2025-08-01,20,17,Other
ATT202508005178,STU005178,SCH020,2025-08-01,19,17,Unauthorised
ATT202508005179,STU005179,SCH010,2025-08-01,20,16,Illness
ATT202508005180,STU005180,SCH024,2025-08-01,22,17,Unauthorised
ATT202508005181,STU005181,SCH031,2025-08-01,22,18,Unauthorised
ATT202508005182,STU005182,SCH047,2025-08-01,21,20,Family
ATT202508005183,STU005183,SCH026,2025-08-01,19,17,Other
ATT202508005184,STU005184,SCH021,2025-08-01,21,18,Illness
ATT202508005186,STU005186,SCH010,2025-08-01,18,16,Medical
ATT202508005187,STU005187,SCH043,2025-08-01,18,16,Family
ATT202508005188,STU005188,SCH020,2025-08-01,19,16,Medical
ATT202508005189,STU005189,SCH007,2025-08-01,19,15,Illness
ATT202508005192,STU005192,SCH045,2025-08-01,22,18,Illness
ATT202508005193,STU005193,SCH027,2025-08-01,22,18,Family
ATT202508005194,STU005194,SCH012,2025-08-01,20,17,Family
ATT202508005195,STU005195,SCH010,2025-08-01,20,18,Other
ATT202508005197,STU005197,SCH011,2025-08-01,22,20,Family
ATT202508005198,STU005198,SCH042,2025-08-01,21,16,Other
ATT202508005199,STU005199,SCH015,2025-08-01,22,21,Family
ATT202508005200,STU005200,SCH034,2025-08-01,21,17,Illness
ATT202508005201,STU005201,SCH037,2025-08-01,19,15,Other
ATT202508005202,STU005202,SCH025,2025-08-01,21,19,Family
ATT202508005203,STU005203,SCH009,2025-08-01,22,20,Illness
ATT202508005204,STU005204,SCH029,2025-08-01,20,17,Family
ATT202508005205,STU005205,SCH028,2025-08-01,18,15,Illness
ATT202508005206,STU005206,SCH006,2025-08-01,18,15,Other
ATT202508005207,STU005207,SCH002,2025-08-01,19,14,Other
ATT202508005208,STU005208,SCH012,2025-08-01,20,17,Medical
ATT202508005209,STU005209,SCH016,2025-08-01,21,19,Illness
ATT202508005210,STU005210,SCH026,2025-08-01,18,15,Unauthorised
ATT202508005211,STU005211,SCH031,2025-08-01,21,16,Unauthorised
ATT202508005213,STU005213,SCH040,2025-08-01,20,17,Illness
ATT202508005214,STU005214,SCH010,2025-08-01,20,16,Medical
ATT202508005215,STU005215,SCH030,2025-08-01,18,15,Illness
ATT202508005216,STU005216,SCH003,2025-08-01,21,19,Family
ATT202508005217,STU005217,SCH020,2025-08-01,20,17,Other
ATT202508005218,STU005218,SCH009,2025-08-01,19,16,Other
ATT202508005219,STU005219,SCH026,2025-08-01,19,17,Other
ATT202508005220,STU005220,SCH029,2025-08-01,19,16,Medical
ATT202508005221,STU005221,SCH007,2025-08-01,20,16,Unauthorised
ATT202508005222,STU005222,SCH008,2025-08-01,20,17,Family
ATT202508005223,STU005223,SCH005,2025-08-01,22,20,Medical
ATT202508005224,STU005224,SCH010,2025-08-01,18,15,Family
ATT202508005225,STU005225,SCH026,2025-08-01,21,19,Illness
ATT202508005226,STU005226,SCH032,2025-08-01,20,17,Unauthorised
ATT202508005227,STU005227,SCH030,2025-08-01,19,17,Illness
ATT202508005228,STU005228,SCH036,2025-08-01,21,18,Other
ATT202508005229,STU005229,SCH038,2025-08-01,22,20,Other
ATT202508005230,STU005230,SCH040,2025-08-01,20,17,Illness
ATT202508005232,STU005232,SCH043,2025-08-01,18,15,Unauthorised
ATT202508005233,STU005233,SCH032,2025-08-01,20,17,Illness
ATT202508005234,STU005234,SCH021,2025-08-01,22,17,Medical
ATT202508005235,STU005235,SCH012,2025-08-01,18,14,Illness
ATT202508005236,STU005236,SCH039,2025-08-01,20,17,Other
ATT202508005237,STU005237,SCH045,2025-08-01,22,18,Other
ATT202508005238,STU005238,SCH025,2025-08-01,22,18,Illness
ATT202508005239,STU005239,SCH047,2025-08-01,21,19,Unauthorised
ATT202508005240,STU005240,SCH018,2025-08-01,21,17,Family
ATT202508005241,STU005241,SCH013,2025-08-01,22,20,Medical
ATT202508005242,STU005242,SCH030,2025-08-01,18,15,Illness
ATT202508005243,STU005243,SCH027,2025-08-01,21,17,Illness
ATT202508005244,STU005244,SCH012,2025-08-01,20,16,Unauthorised
ATT202508005245,STU005245,SCH032,2025-08-01,22,18,Other
ATT202508005246,STU005246,SCH035,2025-08-01,19,15,Illness
ATT202508005247,STU005247,SCH012,2025-08-01,22,17,Family
ATT202508005248,STU005248,SCH027,2025-08-01,18,15,Medical
ATT202508005249,STU005249,SCH008,2025-08-01,19,17,Other
ATT202508005250,STU005250,SCH013,2025-08-01,20,18,Illness
ATT202508005251,STU005251,SCH010,2025-08-01,18,15,Other
ATT202508005252,STU005252,SCH033,2025-08-01,20,18,Unauthorised
ATT202508005253,STU005253,SCH032,2025-08-01,19,15,Family
ATT202508005254,STU005254,SCH015,2025-08-01,20,17,Family
ATT202508005255,STU005255,SCH046,2025-08-01,22,19,Illness
ATT202508005256,STU005256,SCH031,2025-08-01,21,16,Medical
ATT202508005257,STU005257,SCH035,2025-08-01,18,14,Unauthorised
ATT202508005258,STU005258,SCH023,2025-08-01,21,17,Unauthorised
ATT202508005259,STU005259,SCH001,2025-08-01,21,17,Unauthorised
ATT202508005260,STU005260,SCH023,2025-08-01,19,17,Other
ATT202508005261,STU005261,SCH029,2025-08-01,18,15,Medical
ATT202508005262,STU005262,SCH010,2025-08-01,20,16,Unauthorised
ATT202508005264,STU005264,SCH032,2025-08-01,20,17,Unauthorised
ATT202508005266,STU005266,SCH031,2025-08-01,21,18,Illness
ATT202508005267,STU005267,SCH010,2025-08-01,19,17,Unauthorised
ATT202508005268,STU005268,SCH024,2025-08-01,22,17,Family
ATT202508005269,STU005269,SCH005,2025-08-01,19,17,Illness
ATT202508005270,STU005270,SCH036,2025-08-01,21,18,Illness
ATT202508005271,STU005271,SCH006,2025-08-01,21,18,Unauthorised
ATT202508005272,STU005272,SCH003,2025-08-01,20,19,Medical
ATT202508005274,STU005274,SCH026,2025-08-01,19,15,Unauthorised
ATT202508005275,STU005275,SCH026,2025-08-01,18,14,Family
ATT202508005276,STU005276,SCH013,2025-08-01,20,17,Other
ATT202508005277,STU005277,SCH020,2025-08-01,18,16,Family
ATT202508005278,STU005278,SCH042,2025-08-01,22,17,Other
ATT202508005279,STU005279,SCH021,2025-08-01,19,16,Family
ATT202508005280,STU005280,SCH047,2025-08-01,22,19,Other
ATT202508005281,STU005281,SCH031,2025-08-01,18,16,Family
ATT202508005282,STU005282,SCH031,2025-08-01,22,20,Medical
ATT202508005283,STU005283,SCH044,2025-08-01,19,16,Family
ATT202508005284,STU005284,SCH044,2025-08-01,22,17,Other
ATT202508005285,STU005285,SCH006,2025-08-01,20,17,Medical
ATT202508005286,STU005286,SCH027,2025-08-01,22,19,Unauthorised
ATT202508005287,STU005287,SCH027,2025-08-01,21,17,Other
ATT202508005288,STU005288,SCH025,2025-08-01,21,18,Unauthorised
ATT202508005289,STU005289,SCH005,2025-08-01,18,14,Unauthorised
ATT202508005290,STU005290,SCH032,2025-08-01,19,16,Family
ATT202508005291,STU005291,SCH020,2025-08-01,20,18,Family
ATT202508005292,STU005292,SCH023,2025-08-01,18,14,Medical
ATT202508005293,STU005293,SCH039,2025-08-01,19,16,Medical
ATT202508005294,STU005294,SCH034,2025-08-01,19,15,Illness
ATT202508005295,STU005295,SCH025,2025-08-01,20,17,Unauthorised
ATT202508005296,STU005296,SCH013,2025-08-01,20,17,Other
ATT202508005297,STU005297,SCH021,2025-08-01,19,17,Unauthorised
ATT202508005298,STU005298,SCH039,2025-08-01,18,16,Unauthorised
ATT202508005299,STU005299,SCH012,2025-08-01,21,18,Other
ATT202508005300,STU005300,SCH015,2025-08-01,21,19,Unauthorised
ATT202508005301,STU005301,SCH006,2025-08-01,21,19,Medical
ATT202508005302,STU005302,SCH031,2025-08-01,22,18,Family
ATT202508005303,STU005303,SCH037,2025-08-01,20,18,Other
ATT202508005304,STU005304,SCH032,2025-08-01,18,15,Unauthorised
ATT202508005305,STU005305,SCH032,2025-08-01,20,17,Illness
ATT202508005306,STU005306,SCH017,2025-08-01,20,16,Medical
ATT202508005307,STU005307,SCH049,2025-08-01,19,16,Unauthorised
ATT202508005308,STU005308,SCH010,2025-08-01,21,18,Family
ATT202508005310,STU005310,SCH006,2025-08-01,22,17,Unauthorised
ATT202508005311,STU005311,SCH023,2025-08-01,18,15,Other
ATT202508005312,STU005312,SCH026,2025-08-01,18,15,Illness
ATT202508005313,STU005313,SCH001,2025-08-01,22,17,Family
ATT202508005314,STU005314,SCH036,2025-08-01,21,18,Other
ATT202508005315,STU005315,SCH026,2025-08-01,22,20,Other
ATT202508005316,STU005316,SCH018,2025-08-01,21,17,Unauthorised
ATT202508005317,STU005317,SCH021,2025-08-01,20,18,Unauthorised
ATT202508005319,STU005319,SCH015,2025-08-01,20,16,Unauthorised
ATT202508005320,STU005320,SCH010,2025-08-01,21,15,Illness
ATT202508005321,STU005321,SCH020,2025-08-01,19,16,Medical
ATT202508005322,STU005322,SCH015,2025-08-01,19,16,Other
ATT202508005323,STU005323,SCH031,2025-08-01,21,18,Other
ATT202508005324,STU005324,SCH032,2025-08-01,20,16,Other
ATT202508005325,STU005325,SCH034,2025-08-01,19,16,Medical
ATT202508005326,STU005326,SCH017,2025-08-01,22,19,Other
ATT202508005327,STU005327,SCH046,2025-08-01,20,15,Medical
ATT202508005328,STU005328,SCH003,2025-08-01,21,18,Family
ATT202508005329,STU005329,SCH047,2025-08-01,21,17,Other
ATT202508005331,STU005331,SCH020,2025-08-01,21,18,Illness
ATT202508005332,STU005332,SCH009,2025-08-01,18,14,Family
ATT202508005333,STU005333,SCH022,2025-08-01,21,16,Family
ATT202508005334,STU005334,SCH015,2025-08-01,18,15,Family
ATT202508005335,STU005335,SCH031,2025-08-01,22,19,Medical
ATT202508005336,STU005336,SCH032,2025-08-01,19,15,Medical
ATT202508005337,STU005337,SCH021,2025-08-01,18,15,Other
ATT202508005338,STU005338,SCH049,2025-08-01,21,17,Family
ATT202508005339,STU005339,SCH013,2025-08-01,19,16,Medical
ATT202508005340,STU005340,SCH029,2025-08-01,18,16,Family
ATT202508005341,STU005341,SCH045,2025-08-01,19,16,Unauthorised
ATT202508005342,STU005342,SCH026,2025-08-01,22,19,Illness
ATT202508005343,STU005343,SCH041,2025-08-01,18,16,Unauthorised
ATT202508005344,STU005344,SCH021,2025-08-01,19,14,Medical
ATT202508005345,STU005345,SCH023,2025-08-01,19,16,Illness
ATT202508005346,STU005346,SCH009,2025-08-01,18,15,Unauthorised
ATT202508005347,STU005347,SCH018,2025-08-01,18,15,Illness
ATT202508005348,STU005348,SCH011,2025-08-01,20,16,Other
ATT202508005349,STU005349,SCH027,2025-08-01,20,18,Family
ATT202508005350,STU005350,SCH021,2025-08-01,20,15,Illness
ATT202508005351,STU005351,SCH029,2025-08-01,22,19,Unauthorised
ATT202508005352,STU005352,SCH045,2025-08-01,20,16,Illness
ATT202508005353,STU005353,SCH017,2025-08-01,19,16,Medical
ATT202508005355,STU005355,SCH021,2025-08-01,20,15,Other
ATT202508005356,STU005356,SCH028,2025-08-01,19,17,Illness
ATT202508005357,STU005357,SCH049,2025-08-01,22,19,Illness
ATT202508005358,STU005358,SCH030,2025-08-01,21,18,Illness
ATT202508005359,STU005359,SCH012,2025-08-01,19,16,Illness
ATT202508005360,STU005360,SCH034,2025-08-01,20,17,Medical
ATT202508005361,STU005361,SCH036,2025-08-01,19,17,Unauthorised
ATT202508005362,STU005362,SCH029,2025-08-01,20,17,Illness
ATT202508005363,STU005363,SCH014,2025-08-01,19,15,Unauthorised
ATT202508005364,STU005364,SCH009,2025-08-01,22,18,Illness
ATT202508005365,STU005365,SCH046,2025-08-01,19,16,Other
ATT202508005366,STU005366,SCH025,2025-08-01,19,16,Illness
ATT202508005368,STU005368,SCH034,2025-08-01,22,18,Illness
ATT202508005369,STU005369,SCH041,2025-08-01,20,16,Unauthorised
ATT202508005370,STU005370,SCH045,2025-08-01,18,15,Other
ATT202508005371,STU005371,SCH008,2025-08-01,19,15,Other
ATT202508005372,STU005372,SCH048,2025-08-01,20,17,Family
ATT202508005373,STU005373,SCH047,2025-08-01,18,16,Medical
ATT202508005374,STU005374,SCH031,2025-08-01,18,16,Medical
ATT202508005375,STU005375,SCH008,2025-08-01,21,19,Other
ATT202508005376,STU005376,SCH044,2025-08-01,20,18,Illness
ATT202508005377,STU005377,SCH044,2025-08-01,22,19,Medical
ATT202508005378,STU005378,SCH035,2025-08-01,19,16,Unauthorised
ATT202508005379,STU005379,SCH011,2025-08-01,18,16,Illness
ATT202508005380,STU005380,SCH016,2025-08-01,19,16,Other
ATT202508005381,STU005381,SCH009,2025-08-01,19,17,Family
ATT202508005382,STU005382,SCH041,2025-08-01,18,17,Illness
ATT202508005383,STU005383,SCH030,2025-08-01,22,17,Unauthorised
ATT202508005384,STU005384,SCH035,2025-08-01,19,16,Family
ATT202508005385,STU005385,SCH043,2025-08-01,21,18,Other
ATT202508005386,STU005386,SCH011,2025-08-01,20,18,Family
ATT202508005387,STU005387,SCH039,2025-08-01,21,18,Other
ATT202508005389,STU005389,SCH029,2025-08-01,18,15,Family
ATT202508005390,STU005390,SCH041,2025-08-01,20,17,Illness
ATT202508005392,STU005392,SCH043,2025-08-01,22,18,Other
ATT202508005393,STU005393,SCH044,2025-08-01,20,18,Illness
ATT202508005394,STU005394,SCH020,2025-08-01,21,18,Other
ATT202508005395,STU005395,SCH004,2025-08-01,20,18,Medical
ATT202508005396,STU005396,SCH047,2025-08-01,21,19,Family
ATT202508005397,STU005397,SCH005,2025-08-01,18,16,Family
ATT202508005398,STU005398,SCH039,2025-08-01,21,17,Family
ATT202508005399,STU005399,SCH046,2025-08-01,19,16,Unauthorised
ATT202508005400,STU005400,SCH011,2025-08-01,21,19,Other
ATT202508005401,STU005401,SCH044,2025-08-01,19,17,Family
ATT202508005402,STU005402,SCH011,2025-08-01,19,16,Illness
ATT202508005403,STU005403,SCH044,2025-08-01,20,17,Family
ATT202508005404,STU005404,SCH041,2025-08-01,19,17,Illness
ATT202508005405,STU005405,SCH032,2025-08-01,21,18,Other
ATT202508005406,STU005406,SCH038,2025-08-01,19,16,Medical
ATT202508005407,STU005407,SCH014,2025-08-01,20,17,Family
ATT202508005408,STU005408,SCH032,2025-08-01,19,15,Other
ATT202508005410,STU005410,SCH011,2025-08-01,22,20,Other
ATT202508005412,STU005412,SCH027,2025-08-01,22,18,Unauthorised
ATT202508005414,STU005414,SCH012,2025-08-01,19,16,Other
ATT202508005415,STU005415,SCH009,2025-08-01,22,17,Unauthorised
ATT202508005416,STU005416,SCH040,2025-08-01,22,20,Illness
ATT202508005417,STU005417,SCH044,2025-08-01,18,15,Unauthorised
ATT202508005418,STU005418,SCH020,2025-08-01,19,17,Other
ATT202508005419,STU005419,SCH039,2025-08-01,21,16,Family
ATT202508005420,STU005420,SCH012,2025-08-01,20,18,Unauthorised
ATT202508005421,STU005421,SCH046,2025-08-01,21,17,Unauthorised
ATT202508005422,STU005422,SCH046,2025-08-01,18,16,Other
ATT202508005423,STU005423,SCH005,2025-08-01,22,18,Illness
ATT202508005424,STU005424,SCH015,2025-08-01,19,17,Other
ATT202508005427,STU005427,SCH046,2025-08-01,21,17,Other
ATT202508005428,STU005428,SCH030,2025-08-01,21,17,Unauthorised
ATT202508005429,STU005429,SCH043,2025-08-01,18,14,Family
ATT202508005430,STU005430,SCH045,2025-08-01,22,19,Family
ATT202508005431,STU005431,SCH037,2025-08-01,19,17,Other
ATT202508005432,STU005432,SCH018,2025-08-01,20,16,Unauthorised
ATT202508005433,STU005433,SCH038,2025-08-01,19,18,Family
ATT202508005435,STU005435,SCH040,2025-08-01,18,14,Illness
ATT202508005436,STU005436,SCH007,2025-08-01,19,16,Illness
ATT202508005437,STU005437,SCH039,2025-08-01,21,18,Medical
ATT202508005438,STU005438,SCH033,2025-08-01,20,17,Unauthorised
ATT202508005439,STU005439,SCH038,2025-08-01,20,17,Medical
ATT202508005442,STU005442,SCH043,2025-08-01,22,19,Other
ATT202508005443,STU005443,SCH012,2025-08-01,19,16,Illness
ATT202508005444,STU005444,SCH014,2025-08-01,22,17,Medical
ATT202508005445,STU005445,SCH025,2025-08-01,20,16,Unauthorised
ATT202508005446,STU005446,SCH049,2025-08-01,20,15,Unauthorised
ATT202508005447,STU005447,SCH018,2025-08-01,19,17,Unauthorised
ATT202508005448,STU005448,SCH014,2025-08-01,21,18,Medical
ATT202508005450,STU005450,SCH004,2025-08-01,19,17,Family
ATT202508005451,STU005451,SCH006,2025-08-01,21,20,Medical
ATT202508005452,STU005452,SCH010,2025-08-01,21,16,Unauthorised
ATT202508005453,STU005453,SCH029,2025-08-01,19,16,Medical
ATT202508005454,STU005454,SCH038,2025-08-01,21,17,Medical
ATT202508005456,STU005456,SCH040,2025-08-01,19,16,Illness
ATT202508005457,STU005457,SCH032,2025-08-01,20,18,Illness
ATT202508005458,STU005458,SCH036,2025-08-01,20,18,Medical
ATT202508005459,STU005459,SCH047,2025-08-01,20,17,Unauthorised
ATT202508005460,STU005460,SCH017,2025-08-01,22,19,Illness
ATT202508005461,STU005461,SCH008,2025-08-01,19,17,Unauthorised
ATT202508005462,STU005462,SCH019,2025-08-01,19,17,Illness
ATT202508005463,STU005463,SCH026,2025-08-01,19,16,Other
ATT202508005464,STU005464,SCH031,2025-08-01,21,18,Family
ATT202508005466,STU005466,SCH049,2025-08-01,20,15,Medical
ATT202508005467,STU005467,SCH020,2025-08-01,22,19,Other
ATT202508005469,STU005469,SCH024,2025-08-01,21,16,Medical
ATT202508005471,STU005471,SCH018,2025-08-01,19,16,Illness
ATT202508005472,STU005472,SCH026,2025-08-01,18,16,Family
ATT202508005473,STU005473,SCH043,2025-08-01,19,17,Unauthorised
ATT202508005474,STU005474,SCH020,2025-08-01,21,18,Family
ATT202508005475,STU005475,SCH012,2025-08-01,21,17,Medical
ATT202508005476,STU005476,SCH042,2025-08-01,22,18,Family
ATT202508005477,STU005477,SCH020,2025-08-01,21,17,Unauthorised
ATT202508005478,STU005478,SCH031,2025-08-01,19,16,Family
ATT202508005479,STU005479,SCH030,2025-08-01,21,19,Family
ATT202508005480,STU005480,SCH019,2025-08-01,20,17,Family
ATT202508005481,STU005481,SCH004,2025-08-01,21,18,Unauthorised
ATT202508005482,STU005482,SCH011,2025-08-01,18,16,Medical
ATT202508005483,STU005483,SCH040,2025-08-01,18,16,Illness
ATT202508005484,STU005484,SCH012,2025-08-01,20,16,Medical
ATT202508005485,STU005485,SCH007,2025-08-01,19,15,Other
ATT202508005486,STU005486,SCH028,2025-08-01,18,14,Unauthorised
ATT202508005487,STU005487,SCH048,2025-08-01,19,17,Illness
ATT202508005488,STU005488,SCH010,2025-08-01,20,17,Family
ATT202508005489,STU005489,SCH012,2025-08-01,18,15,Family
ATT202508005490,STU005490,SCH010,2025-08-01,21,17,Illness
ATT202508005491,STU005491,SCH046,2025-08-01,19,15,Other
ATT202508005492,STU005492,SCH012,2025-08-01,20,16,Illness
ATT202508005493,STU005493,SCH009,2025-08-01,18,15,Family
ATT202508005494,STU005494,SCH039,2025-08-01,21,17,Family
ATT202508005495,STU005495,SCH047,2025-08-01,19,17,Illness
ATT202508005496,STU005496,SCH007,2025-08-01,21,19,Illness
ATT202508005497,STU005497,SCH037,2025-08-01,19,17,Family
ATT202508005498,STU005498,SCH010,2025-08-01,19,15,Medical
ATT202508005499,STU005499,SCH048,2025-08-01,18,16,Family
ATT202508005500,STU005500,SCH031,2025-08-01,18,16,Other
ATT202508005501,STU005501,SCH020,2025-08-01,18,16,Illness
ATT202508005502,STU005502,SCH009,2025-08-01,21,17,Family
ATT202508005503,STU005503,SCH014,2025-08-01,21,17,Illness
ATT202508005504,STU005504,SCH001,2025-08-01,21,18,Other
ATT202508005505,STU005505,SCH021,2025-08-01,21,17,Medical
ATT202508005506,STU005506,SCH020,2025-08-01,20,17,Family
ATT202508005507,STU005507,SCH035,2025-08-01,19,16,Illness
ATT202508005508,STU005508,SCH029,2025-08-01,22,19,Unauthorised
ATT202508005509,STU005509,SCH036,2025-08-01,20,17,Other
ATT202508005510,STU005510,SCH009,2025-08-01,18,15,Unauthorised
ATT202508005511,STU005511,SCH029,2025-08-01,19,16,Medical
ATT202508005512,STU005512,SCH044,2025-08-01,19,16,Family
ATT202508005514,STU005514,SCH018,2025-08-01,22,18,Medical
ATT202508005515,STU005515,SCH021,2025-08-01,19,16,Other
ATT202508005516,STU005516,SCH044,2025-08-01,18,15,Medical
ATT202508005517,STU005517,SCH010,2025-08-01,22,15,Medical
ATT202508005518,STU005518,SCH026,2025-08-01,20,17,Illness
ATT202508005519,STU005519,SCH042,2025-08-01,19,16,Family
ATT202508005520,STU005520,SCH009,2025-08-01,21,19,Medical
ATT202508005521,STU005521,SCH049,2025-08-01,18,15,Illness
ATT202508005523,STU005523,SCH020,2025-08-01,22,19,Illness
ATT202508005524,STU005524,SCH016,2025-08-01,19,16,Other
ATT202508005525,STU005525,SCH022,2025-08-01,19,16,Other
ATT202508005526,STU005526,SCH047,2025-08-01,19,15,Other
ATT202508005527,STU005527,SCH021,2025-08-01,21,16,Other
ATT202508005528,STU005528,SCH009,2025-08-01,22,19,Unauthorised
ATT202508005529,STU005529,SCH005,2025-08-01,20,18,Illness
ATT202508005530,STU005530,SCH016,2025-08-01,19,16,Unauthorised
ATT202508005531,STU005531,SCH012,2025-08-01,18,16,Family
ATT202508005532,STU005532,SCH030,2025-08-01,18,16,Illness
ATT202508005533,STU005533,SCH026,2025-08-01,19,16,Illness
ATT202508005534,STU005534,SCH008,2025-08-01,22,18,Unauthorised
ATT202508005535,STU005535,SCH028,2025-08-01,22,19,Unauthorised
ATT202508005536,STU005536,SCH010,2025-08-01,21,17,Other
ATT202508005537,STU005537,SCH038,2025-08-01,21,19,Illness
ATT202508005538,STU005538,SCH032,2025-08-01,22,20,Illness
ATT202508005539,STU005539,SCH010,2025-08-01,21,16,Medical
ATT202508005540,STU005540,SCH029,2025-08-01,22,18,Other
ATT202508005541,STU005541,SCH044,2025-08-01,20,17,Illness
ATT202508005542,STU005542,SCH039,2025-08-01,19,15,Medical
ATT202508005543,STU005543,SCH015,2025-08-01,22,20,Family
ATT202508005544,STU005544,SCH023,2025-08-01,18,14,Family
ATT202508005545,STU005545,SCH010,2025-08-01,21,17,Unauthorised
ATT202508005546,STU005546,SCH046,2025-08-01,22,18,Unauthorised
ATT202508005547,STU005547,SCH008,2025-08-01,18,15,Other
ATT202508005548,STU005548,SCH008,2025-08-01,18,16,Illness
ATT202508005549,STU005549,SCH037,2025-08-01,20,17,Unauthorised
ATT202508005550,STU005550,SCH032,2025-08-01,21,16,Unauthorised
ATT202508005551,STU005551,SCH033,2025-08-01,18,16,Illness
ATT202508005552,STU005552,SCH030,2025-08-01,22,19,Family
ATT202508005553,STU005553,SCH039,2025-08-01,19,16,Medical
ATT202508005554,STU005554,SCH002,2025-08-01,21,15,Other
ATT202508005555,STU005555,SCH041,2025-08-01,20,17,Medical
ATT202508005557,STU005557,SCH006,2025-08-01,20,18,Medical
ATT202508005558,STU005558,SCH020,2025-08-01,18,16,Other
ATT202508005559,STU005559,SCH007,2025-08-01,19,17,Illness
ATT202508005560,STU005560,SCH031,2025-08-01,20,18,Family
ATT202508005561,STU005561,SCH035,2025-08-01,19,14,Family
ATT202508005562,STU005562,SCH020,2025-08-01,18,15,Other
ATT202508005564,STU005564,SCH004,2025-08-01,21,18,Family
ATT202508005565,STU005565,SCH010,2025-08-01,22,19,Illness
ATT202508005566,STU005566,SCH043,2025-08-01,19,15,Medical
ATT202508005567,STU005567,SCH009,2025-08-01,20,16,Unauthorised
ATT202508005568,STU005568,SCH049,2025-08-01,19,16,Family
ATT202508005569,STU005569,SCH005,2025-08-01,22,18,Illness
ATT202508005570,STU005570,SCH001,2025-08-01,22,18,Medical
ATT202508005571,STU005571,SCH047,2025-08-01,21,18,Illness
ATT202508005573,STU005573,SCH048,2025-08-01,21,18,Unauthorised
ATT202508005574,STU005574,SCH014,2025-08-01,20,16,Family
ATT202508005575,STU005575,SCH024,2025-08-01,21,16,Medical
ATT202508005576,STU005576,SCH025,2025-08-01,18,15,Other
ATT202508005577,STU005577,SCH028,2025-08-01,22,19,Illness
ATT202508005578,STU005578,SCH014,2025-08-01,18,15,Illness
ATT202508005579,STU005579,SCH032,2025-08-01,18,15,Medical
ATT202508005580,STU005580,SCH035,2025-08-01,22,16,Family
ATT202508005581,STU005581,SCH030,2025-08-01,20,18,Other
ATT202508005582,STU005582,SCH031,2025-08-01,22,20,Other
ATT202508005583,STU005583,SCH030,2025-08-01,19,16,Illness
ATT202508005584,STU005584,SCH023,2025-08-01,18,15,Illness
ATT202508005585,STU005585,SCH033,2025-08-01,22,20,Family
ATT202508005586,STU005586,SCH044,2025-08-01,19,16,Other
ATT202508005588,STU005588,SCH045,2025-08-01,19,15,Medical
ATT202508005589,STU005589,SCH009,2025-08-01,20,19,Other
ATT202508005590,STU005590,SCH023,2025-08-01,18,15,Other
ATT202508005591,STU005591,SCH027,2025-08-01,18,15,Medical
ATT202508005592,STU005592,SCH040,2025-08-01,19,17,Other
ATT202508005593,STU005593,SCH014,2025-08-01,22,18,Other
ATT202508005594,STU005594,SCH046,2025-08-01,21,17,Unauthorised
ATT202508005595,STU005595,SCH044,2025-08-01,19,16,Medical
ATT202508005596,STU005596,SCH020,2025-08-01,18,16,Other
ATT202508005597,STU005597,SCH017,2025-08-01,21,17,Other
ATT202508005598,STU005598,SCH014,2025-08-01,19,16,Family
ATT202508005599,STU005599,SCH018,2025-08-01,18,16,Medical
ATT202508005600,STU005600,SCH010,2025-08-01,21,17,Unauthorised
ATT202508005601,STU005601,SCH017,2025-08-01,22,16,Family
ATT202508005603,STU005603,SCH017,2025-08-01,18,14,Medical
ATT202508005604,STU005604,SCH004,2025-08-01,20,17,Illness
ATT202508005606,STU005606,SCH004,2025-08-01,20,19,Medical
ATT202508005607,STU005607,SCH041,2025-08-01,21,18,Illness
ATT202508005608,STU005608,SCH027,2025-08-01,21,18,Illness
ATT202508005609,STU005609,SCH015,2025-08-01,20,17,Other
ATT202508005610,STU005610,SCH010,2025-08-01,20,18,Family
ATT202508005611,STU005611,SCH035,2025-08-01,22,17,Illness
ATT202508005612,STU005612,SCH009,2025-08-01,18,15,Illness
ATT202508005613,STU005613,SCH025,2025-08-01,19,16,Other
ATT202508005614,STU005614,SCH031,2025-08-01,22,20,Other
ATT202508005615,STU005615,SCH045,2025-08-01,19,15,Illness
ATT202508005616,STU005616,SCH005,2025-08-01,20,18,Medical
ATT202508005617,STU005617,SCH019,2025-08-01,19,16,Illness
ATT202508005618,STU005618,SCH034,2025-08-01,19,16,Unauthorised
ATT202508005620,STU005620,SCH019,2025-08-01,22,19,Other
ATT202508005621,STU005621,SCH005,2025-08-01,20,17,Other
ATT202508005622,STU005622,SCH021,2025-08-01,21,17,Other
ATT202508005623,STU005623,SCH015,2025-08-01,21,19,Family
ATT202508005624,STU005624,SCH021,2025-08-01,19,15,Medical
ATT202508005625,STU005625,SCH029,2025-08-01,21,18,Family
ATT202508005626,STU005626,SCH045,2025-08-01,22,19,Medical
ATT202508005629,STU005629,SCH034,2025-08-01,20,17,Other
ATT202508005630,STU005630,SCH025,2025-08-01,21,18,Other
ATT202508005631,STU005631,SCH020,2025-08-01,20,17,Other
ATT202508005632,STU005632,SCH035,2025-08-01,20,16,Family
ATT202508005633,STU005633,SCH027,2025-08-01,18,16,Unauthorised
ATT202508005634,STU005634,SCH001,2025-08-01,22,20,Illness
ATT202508005635,STU005635,SCH013,2025-08-01,20,17,Other
ATT202508005636,STU005636,SCH006,2025-08-01,21,19,Medical
ATT202508005637,STU005637,SCH010,2025-08-01,20,15,Illness
ATT202508005638,STU005638,SCH044,2025-08-01,20,17,Unauthorised
ATT202508005639,STU005639,SCH045,2025-08-01,20,17,Other
ATT202508005640,STU005640,SCH025,2025-08-01,21,17,Illness
ATT202508005641,STU005641,SCH013,2025-08-01,20,17,Family
ATT202508005642,STU005642,SCH038,2025-08-01,20,16,Family
ATT202508005644,STU005644,SCH012,2025-08-01,18,14,Family
ATT202508005645,STU005645,SCH046,2025-08-01,22,17,Illness
ATT202508005646,STU005646,SCH015,2025-08-01,20,18,Other
ATT202508005648,STU005648,SCH037,2025-08-01,18,16,Medical
ATT202508005649,STU005649,SCH028,2025-08-01,20,16,Unauthorised
ATT202508005650,STU005650,SCH031,2025-08-01,18,14,Illness
ATT202508005651,STU005651,SCH019,2025-08-01,18,16,Family
ATT202508005652,STU005652,SCH046,2025-08-01,18,15,Medical
ATT202508005653,STU005653,SCH035,2025-08-01,21,18,Other
ATT202508005654,STU005654,SCH019,2025-08-01,21,18,Illness
ATT202508005655,STU005655,SCH013,2025-08-01,22,18,Illness
ATT202508005656,STU005656,SCH041,2025-08-01,21,18,Medical
ATT202508005657,STU005657,SCH031,2025-08-01,19,16,Other
ATT202508005658,STU005658,SCH006,2025-08-01,18,16,Family
ATT202508005659,STU005659,SCH023,2025-08-01,22,18,Illness
ATT202508005660,STU005660,SCH040,2025-08-01,19,15,Family
ATT202508005661,STU005661,SCH021,2025-08-01,21,15,Illness
ATT202508005662,STU005662,SCH044,2025-08-01,22,18,Medical
ATT202508005663,STU005663,SCH045,2025-08-01,19,16,Medical
ATT202508005665,STU005665,SCH049,2025-08-01,22,16,Family
ATT202508005666,STU005666,SCH035,2025-08-01,20,17,Illness
ATT202508005667,STU005667,SCH033,2025-08-01,19,17,Family
ATT202508005668,STU005668,SCH002,2025-08-01,20,15,Family
ATT202508005671,STU005671,SCH014,2025-08-01,19,15,Family
ATT202508005672,STU005672,SCH016,2025-08-01,20,17,Medical
ATT202508005673,STU005673,SCH017,2025-08-01,20,16,Illness
ATT202508005676,STU005676,SCH012,2025-08-01,19,16,Medical
ATT202508005677,STU005677,SCH035,2025-08-01,18,14,Medical
ATT202508005678,STU005678,SCH001,2025-08-01,18,15,Unauthorised
ATT202508005679,STU005679,SCH016,2025-08-01,22,19,Other
ATT202508005680,STU005680,SCH023,2025-08-01,21,16,Illness
ATT202508005681,STU005681,SCH027,2025-08-01,22,18,Unauthorised
ATT202508005682,STU005682,SCH043,2025-08-01,20,18,Unauthorised
ATT202508005683,STU005683,SCH011,2025-08-01,21,17,Illness
ATT202508005685,STU005685,SCH041,2025-08-01,22,20,Illness
ATT202508005686,STU005686,SCH012,2025-08-01,22,19,Medical
ATT202508005687,STU005687,SCH035,2025-08-01,20,15,Family
ATT202508005689,STU005689,SCH013,2025-08-01,19,17,Other
ATT202508005690,STU005690,SCH043,2025-08-01,18,16,Medical
ATT202508005691,STU005691,SCH031,2025-08-01,19,16,Illness
ATT202508005693,STU005693,SCH046,2025-08-01,19,15,Other
ATT202508005694,STU005694,SCH040,2025-08-01,22,20,Medical
ATT202508005695,STU005695,SCH027,2025-08-01,18,14,Medical
ATT202508005696,STU005696,SCH017,2025-08-01,22,17,Medical
ATT202508005697,STU005697,SCH036,2025-08-01,19,17,Family
ATT202508005698,STU005698,SCH042,2025-08-01,20,16,Unauthorised
ATT202508005699,STU005699,SCH048,2025-08-01,19,16,Other
ATT202508005701,STU005701,SCH044,2025-08-01,19,16,Other
ATT202508005702,STU005702,SCH017,2025-08-01,18,14,Unauthorised
ATT202508005703,STU005703,SCH026,2025-08-01,21,19,Illness
ATT202508005704,STU005704,SCH039,2025-08-01,20,17,Illness
ATT202508005705,STU005705,SCH016,2025-08-01,20,18,Illness
ATT202508005707,STU005707,SCH009,2025-08-01,20,17,Medical
ATT202508005708,STU005708,SCH012,2025-08-01,22,18,Family
ATT202508005709,STU005709,SCH036,2025-08-01,18,15,Unauthorised
ATT202508005710,STU005710,SCH008,2025-08-01,19,16,Other
ATT202508005711,STU005711,SCH037,2025-08-01,20,18,Other
ATT202508005712,STU005712,SCH047,2025-08-01,19,17,Unauthorised
ATT202508005713,STU005713,SCH030,2025-08-01,22,19,Illness
ATT202508005714,STU005714,SCH027,2025-08-01,18,14,Illness
ATT202508005715,STU005715,SCH005,2025-08-01,19,16,Family
ATT202508005716,STU005716,SCH017,2025-08-01,22,18,Family
ATT202508005717,STU005717,SCH041,2025-08-01,19,16,Unauthorised
ATT202508005718,STU005718,SCH011,2025-08-01,22,18,Unauthorised
ATT202508005720,STU005720,SCH018,2025-08-01,20,18,Other
ATT202508005722,STU005722,SCH029,2025-08-01,21,18,Unauthorised
ATT202508005723,STU005723,SCH010,2025-08-01,19,15,Unauthorised
ATT202508005724,STU005724,SCH017,2025-08-01,21,16,Family
ATT202508005727,STU005727,SCH027,2025-08-01,18,15,Family
ATT202508005729,STU005729,SCH034,2025-08-01,19,15,Family
ATT202508005730,STU005730,SCH027,2025-08-01,21,18,Unauthorised
ATT202508005731,STU005731,SCH038,2025-08-01,21,18,Medical
ATT202508005732,STU005732,SCH044,2025-08-01,19,16,Other
ATT202508005733,STU005733,SCH025,2025-08-01,18,15,Unauthorised
ATT202508005735,STU005735,SCH020,2025-08-01,19,16,Unauthorised
ATT202508005736,STU005736,SCH007,2025-08-01,22,19,Unauthorised
ATT202508005737,STU005737,SCH040,2025-08-01,22,18,Medical
ATT202508005738,STU005738,SCH020,2025-08-01,22,19,Unauthorised
ATT202508005740,STU005740,SCH023,2025-08-01,19,16,Illness
ATT202508005741,STU005741,SCH010,2025-08-01,21,18,Family
ATT202508005742,STU005742,SCH049,2025-08-01,19,15,Unauthorised
ATT202508005743,STU005743,SCH046,2025-08-01,19,15,Family
ATT202508005744,STU005744,SCH029,2025-08-01,19,17,Other
ATT202508005745,STU005745,SCH019,2025-08-01,19,18,Family
ATT202508005746,STU005746,SCH033,2025-08-01,22,20,Family
ATT202508005747,STU005747,SCH039,2025-08-01,22,19,Medical
ATT202508005748,STU005748,SCH046,2025-08-01,18,15,Family
ATT202508005749,STU005749,SCH004,2025-08-01,19,17,Illness
ATT202508005750,STU005750,SCH047,2025-08-01,18,14,Family
ATT202508005751,STU005751,SCH007,2025-08-01,22,17,Medical
ATT202508005752,STU005752,SCH025,2025-08-01,20,18,Unauthorised
ATT202508005753,STU005753,SCH044,2025-08-01,19,15,Unauthorised
ATT202508005754,STU005754,SCH049,2025-08-01,22,18,Illness
ATT202508005755,STU005755,SCH004,2025-08-01,22,18,Illness
ATT202508005756,STU005756,SCH016,2025-08-01,22,19,Other
ATT202508005757,STU005757,SCH042,2025-08-01,20,16,Family
ATT202508005758,STU005758,SCH031,2025-08-01,21,18,Family
ATT202508005759,STU005759,SCH012,2025-08-01,21,18,Other
ATT202508005761,STU005761,SCH014,2025-08-01,18,15,Unauthorised
ATT202508005762,STU005762,SCH025,2025-08-01,20,17,Family
ATT202508005763,STU005763,SCH040,2025-08-01,20,18,Medical
ATT202508005764,STU005764,SCH002,2025-08-01,20,15,Illness
ATT202508005766,STU005766,SCH013,2025-08-01,22,18,Unauthorised
ATT202508005767,STU005767,SCH040,2025-08-01,18,15,Other
ATT202508005768,STU005768,SCH033,2025-08-01,18,16,Medical
ATT202508005770,STU005770,SCH046,2025-08-01,20,16,Illness
ATT202508005771,STU005771,SCH004,2025-08-01,21,18,Medical
ATT202508005773,STU005773,SCH011,2025-08-01,19,16,Illness
ATT202508005775,STU005775,SCH026,2025-08-01,20,18,Other
ATT202508005776,STU005776,SCH047,2025-08-01,22,19,Other
ATT202508005777,STU005777,SCH017,2025-08-01,19,15,Illness
ATT202508005778,STU005778,SCH035,2025-08-01,19,16,Medical
ATT202508005779,STU005779,SCH006,2025-08-01,18,16,Medical
ATT202508005780,STU005780,SCH025,2025-08-01,19,16,Other
ATT202508005781,STU005781,SCH043,2025-08-01,21,19,Family
ATT202508005782,STU005782,SCH040,2025-08-01,19,16,Illness
ATT202508005783,STU005783,SCH023,2025-08-01,18,15,Unauthorised
ATT202508005784,STU005784,SCH043,2025-08-01,20,16,Medical
ATT202508005785,STU005785,SCH049,2025-08-01,20,16,Family
ATT202508005787,STU005787,SCH012,2025-08-01,18,14,Unauthorised
ATT202508005788,STU005788,SCH016,2025-08-01,22,17,Illness
ATT202508005789,STU005789,SCH021,2025-08-01,18,14,Family
ATT202508005790,STU005790,SCH040,2025-08-01,20,18,Medical
ATT202508005791,STU005791,SCH040,2025-08-01,18,15,Unauthorised
ATT202508005792,STU005792,SCH037,2025-08-01,19,15,Unauthorised
ATT202508005793,STU005793,SCH024,2025-08-01,22,18,Medical
ATT202508005794,STU005794,SCH031,2025-08-01,18,15,Illness
ATT202508005795,STU005795,SCH024,2025-08-01,21,16,Unauthorised
ATT202508005796,STU005796,SCH042,2025-08-01,22,17,Illness
ATT202508005797,STU005797,SCH030,2025-08-01,22,20,Medical
ATT202508005798,STU005798,SCH032,2025-08-01,22,18,Family
ATT202508005799,STU005799,SCH015,2025-08-01,18,16,Unauthorised
ATT202508005800,STU005800,SCH014,2025-08-01,21,17,Unauthorised
ATT202508005803,STU005803,SCH043,2025-08-01,21,18,Unauthorised
ATT202508005804,STU005804,SCH021,2025-08-01,19,14,Unauthorised
ATT202508005805,STU005805,SCH014,2025-08-01,18,15,Other
ATT202508005807,STU005807,SCH010,2025-08-01,22,18,Unauthorised
ATT202508005808,STU005808,SCH019,2025-08-01,22,18,Family
ATT202508005809,STU005809,SCH045,2025-08-01,20,16,Family
ATT202508005810,STU005810,SCH026,2025-08-01,19,15,Illness
ATT202508005812,STU005812,SCH015,2025-08-01,19,17,Family
ATT202508005813,STU005813,SCH002,2025-08-01,19,14,Unauthorised
ATT202508005814,STU005814,SCH009,2025-08-01,19,15,Unauthorised
ATT202508005815,STU005815,SCH033,2025-08-01,18,16,Medical
ATT202508005816,STU005816,SCH027,2025-08-01,18,15,Other
ATT202508005817,STU005817,SCH026,2025-08-01,18,16,Family
ATT202508005818,STU005818,SCH040,2025-08-01,18,17,Other
ATT202508005819,STU005819,SCH041,2025-08-01,19,16,Illness
ATT202508005820,STU005820,SCH021,2025-08-01,22,15,Other
ATT202508005821,STU005821,SCH018,2025-08-01,20,16,Unauthorised
ATT202508005822,STU005822,SCH034,2025-08-01,22,15,Family
ATT202508005823,STU005823,SCH026,2025-08-01,18,15,Family
ATT202508005824,STU005824,SCH013,2025-08-01,18,16,Medical
ATT202508005825,STU005825,SCH028,2025-08-01,18,15,Illness
ATT202508005826,STU005826,SCH035,2025-08-01,20,16,Other
ATT202508005827,STU005827,SCH001,2025-08-01,19,15,Other
ATT202508005828,STU005828,SCH036,2025-08-01,22,20,Medical
ATT202508005829,STU005829,SCH041,2025-08-01,18,15,Illness
ATT202508005830,STU005830,SCH009,2025-08-01,22,19,Other
ATT202508005831,STU005831,SCH015,2025-08-01,20,17,Other
ATT202508005832,STU005832,SCH030,2025-08-01,18,15,Medical
ATT202508005834,STU005834,SCH029,2025-08-01,22,18,Medical
ATT202508005835,STU005835,SCH037,2025-08-01,22,20,Unauthorised
ATT202508005836,STU005836,SCH036,2025-08-01,19,15,Illness
ATT202508005837,STU005837,SCH001,2025-08-01,19,17,Unauthorised
ATT202508005838,STU005838,SCH029,2025-08-01,21,17,Illness
ATT202508005839,STU005839,SCH043,2025-08-01,19,15,Medical
ATT202508005840,STU005840,SCH041,2025-08-01,19,16,Illness
ATT202508005841,STU005841,SCH043,2025-08-01,18,16,Medical
ATT202508005842,STU005842,SCH046,2025-08-01,20,15,Illness
ATT202508005843,STU005843,SCH031,2025-08-01,18,16,Illness
ATT202508005845,STU005845,SCH046,2025-08-01,22,18,Medical
ATT202508005846,STU005846,SCH002,2025-08-01,21,18,Illness
ATT202508005847,STU005847,SCH038,2025-08-01,19,15,Unauthorised
ATT202508005848,STU005848,SCH029,2025-08-01,22,19,Illness
ATT202508005849,STU005849,SCH026,2025-08-01,22,19,Medical
ATT202508005850,STU005850,SCH043,2025-08-01,18,14,Other
ATT202508005851,STU005851,SCH036,2025-08-01,20,18,Illness
ATT202508005852,STU005852,SCH044,2025-08-01,19,16,Family
ATT202508005853,STU005853,SCH029,2025-08-01,20,16,Family
ATT202508005854,STU005854,SCH023,2025-08-01,20,16,Other
ATT202508005855,STU005855,SCH014,2025-08-01,19,14,Family
ATT202508005856,STU005856,SCH029,2025-08-01,19,15,Medical
ATT202508005857,STU005857,SCH018,2025-08-01,19,17,Illness
ATT202508005858,STU005858,SCH006,2025-08-01,22,19,Illness
ATT202508005859,STU005859,SCH048,2025-08-01,18,16,Family
ATT202508005860,STU005860,SCH003,2025-08-01,18,14,Unauthorised
ATT202508005861,STU005861,SCH035,2025-08-01,18,15,Medical
ATT202508005862,STU005862,SCH011,2025-08-01,18,15,Other
ATT202508005863,STU005863,SCH008,2025-08-01,19,16,Medical
ATT202508005864,STU005864,SCH030,2025-08-01,20,17,Unauthorised
ATT202508005865,STU005865,SCH031,2025-08-01,18,16,Unauthorised
ATT202508005866,STU005866,SCH009,2025-08-01,22,19,Illness
ATT202508005867,STU005867,SCH046,2025-08-01,18,14,Unauthorised
ATT202508005868,STU005868,SCH045,2025-08-01,20,17,Medical
ATT202508005869,STU005869,SCH023,2025-08-01,18,16,Family
ATT202508005870,STU005870,SCH009,2025-08-01,21,18,Family
ATT202508005871,STU005871,SCH035,2025-08-01,20,17,Medical
ATT202508005872,STU005872,SCH040,2025-08-01,22,19,Family
ATT202508005873,STU005873,SCH033,2025-08-01,21,18,Family
ATT202508005874,STU005874,SCH002,2025-08-01,20,17,Medical
ATT202508005875,STU005875,SCH049,2025-08-01,22,18,Family
ATT202508005876,STU005876,SCH025,2025-08-01,20,17,Other
ATT202508005877,STU005877,SCH032,2025-08-01,22,19,Other
ATT202508005878,STU005878,SCH003,2025-08-01,18,16,Family
ATT202508005879,STU005879,SCH030,2025-08-01,19,16,Other
ATT202508005880,STU005880,SCH023,2025-08-01,20,17,Other
ATT202508005881,STU005881,SCH014,2025-08-01,21,18,Medical
ATT202508005882,STU005882,SCH015,2025-08-01,20,17,Illness
ATT202508005883,STU005883,SCH008,2025-08-01,18,17,Family
ATT202508005884,STU005884,SCH014,2025-08-01,20,17,Family
ATT202508005885,STU005885,SCH001,2025-08-01,20,15,Unauthorised
ATT202508005886,STU005886,SCH028,2025-08-01,20,17,Illness
ATT202508005887,STU005887,SCH022,2025-08-01,19,16,Family
ATT202508005888,STU005888,SCH034,2025-08-01,18,14,Unauthorised
ATT202508005889,STU005889,SCH007,2025-08-01,22,19,Illness
ATT202508005890,STU005890,SCH036,2025-08-01,19,16,Medical
ATT202508005891,STU005891,SCH003,2025-08-01,20,16,Unauthorised
ATT202508005892,STU005892,SCH041,2025-08-01,20,18,Illness
ATT202508005893,STU005893,SCH013,2025-08-01,18,15,Medical
ATT202508005894,STU005894,SCH025,2025-08-01,18,14,Medical
ATT202508005895,STU005895,SCH016,2025-08-01,22,18,Family
ATT202508005896,STU005896,SCH046,2025-08-01,21,18,Family
ATT202508005897,STU005897,SCH021,2025-08-01,22,16,Medical
ATT202508005898,STU005898,SCH014,2025-08-01,19,15,Family
ATT202508005899,STU005899,SCH042,2025-08-01,21,17,Other
ATT202508005900,STU005900,SCH016,2025-08-01,19,16,Illness
ATT202508005901,STU005901,SCH044,2025-08-01,20,17,Other
ATT202508005902,STU005902,SCH044,2025-08-01,18,15,Family
ATT202508005903,STU005903,SCH044,2025-08-01,22,18,Unauthorised
ATT202508005905,STU005905,SCH049,2025-08-01,21,17,Unauthorised
ATT202508005906,STU005906,SCH040,2025-08-01,18,15,Unauthorised
ATT202508005907,STU005907,SCH007,2025-08-01,18,14,Medical
ATT202508005908,STU005908,SCH040,2025-08-01,19,15,Medical
ATT202508005909,STU005909,SCH015,2025-08-01,20,18,Medical
ATT202508005910,STU005910,SCH023,2025-08-01,18,15,Other
ATT202508005911,STU005911,SCH011,2025-08-01,19,16,Illness
ATT202508005912,STU005912,SCH031,2025-08-01,19,14,Medical
ATT202508005913,STU005913,SCH017,2025-08-01,22,18,Other
ATT202508005914,STU005914,SCH049,2025-08-01,21,15,Illness
ATT202508005915,STU005915,SCH047,2025-08-01,22,18,Medical
ATT202508005916,STU005916,SCH045,2025-08-01,20,16,Family
ATT202508005918,STU005918,SCH038,2025-08-01,19,17,Other
ATT202508005919,STU005919,SCH038,2025-08-01,21,18,Illness
ATT202508005920,STU005920,SCH038,2025-08-01,18,15,Family
ATT202508005921,STU005921,SCH041,2025-08-01,20,18,Unauthorised
ATT202508005922,STU005922,SCH020,2025-08-01,21,18,Illness
ATT202508005923,STU005923,SCH045,2025-08-01,21,17,Other
ATT202508005924,STU005924,SCH020,2025-08-01,20,17,Illness
ATT202508005925,STU005925,SCH043,2025-08-01,19,15,Other
ATT202508005926,STU005926,SCH007,2025-08-01,21,18,Family
ATT202508005927,STU005927,SCH038,2025-08-01,19,16,Other
ATT202508005928,STU005928,SCH017,2025-08-01,19,15,Medical
ATT202508005929,STU005929,SCH023,2025-08-01,21,16,Unauthorised
ATT202508005930,STU005930,SCH023,2025-08-01,22,19,Other
ATT202508005931,STU005931,SCH047,2025-08-01,21,18,Other
ATT202508005932,STU005932,SCH031,2025-08-01,21,17,Family
ATT202508005933,STU005933,SCH010,2025-08-01,18,15,Other
ATT202508005934,STU005934,SCH016,2025-08-01,21,18,Other
ATT202508005935,STU005935,SCH012,2025-08-01,20,18,Other
ATT202508005936,STU005936,SCH008,2025-08-01,20,18,Illness
ATT202508005937,STU005937,SCH038,2025-08-01,22,19,Family
ATT202508005938,STU005938,SCH024,2025-08-01,22,16,Family
ATT202508005939,STU005939,SCH025,2025-08-01,20,17,Medical
ATT202508005940,STU005940,SCH046,2025-08-01,20,17,Illness
ATT202508005941,STU005941,SCH046,2025-08-01,21,15,Other
ATT202508005942,STU005942,SCH008,2025-08-01,22,18,Medical
ATT202508005943,STU005943,SCH045,2025-08-01,20,18,Family
ATT202508005944,STU005944,SCH011,2025-08-01,21,16,Other
ATT202508005945,STU005945,SCH045,2025-08-01,19,17,Medical
ATT202508005947,STU005947,SCH045,2025-08-01,19,16,Family
ATT202508005948,STU005948,SCH009,2025-08-01,18,15,Illness
ATT202508005949,STU005949,SCH001,2025-08-01,21,15,Illness
ATT202508005950,STU005950,SCH045,2025-08-01,19,15,Illness
ATT202508005952,STU005952,SCH005,2025-08-01,18,15,Family
ATT202508005953,STU005953,SCH013,2025-08-01,19,16,Unauthorised
ATT202508005954,STU005954,SCH042,2025-08-01,20,15,Other
ATT202508005955,STU005955,SCH013,2025-08-01,20,17,Unauthorised
ATT202508005956,STU005956,SCH042,2025-08-01,21,16,Unauthorised
ATT202508005958,STU005958,SCH007,2025-08-01,19,17,Other
ATT202508005959,STU005959,SCH042,2025-08-01,18,15,Other
ATT202508005960,STU005960,SCH042,2025-08-01,19,15,Family
ATT202508005961,STU005961,SCH046,2025-08-01,18,15,Illness
ATT202508005962,STU005962,SCH019,2025-08-01,20,17,Other
ATT202508005963,STU005963,SCH027,2025-08-01,19,16,Unauthorised
ATT202508005964,STU005964,SCH006,2025-08-01,18,15,Unauthorised
ATT202508005965,STU005965,SCH021,2025-08-01,22,16,Family
ATT202508005967,STU005967,SCH033,2025-08-01,22,19,Illness
ATT202508005968,STU005968,SCH031,2025-08-01,18,15,Family
ATT202508005969,STU005969,SCH035,2025-08-01,19,17,Medical
ATT202508005970,STU005970,SCH045,2025-08-01,19,15,Illness
ATT202508005971,STU005971,SCH023,2025-08-01,20,17,Family
ATT202508005972,STU005972,SCH007,2025-08-01,22,20,Medical
ATT202508005973,STU005973,SCH041,2025-08-01,19,16,Medical
ATT202508005975,STU005975,SCH005,2025-08-01,18,15,Family
ATT202508005976,STU005976,SCH039,2025-08-01,18,16,Unauthorised
ATT202508005977,STU005977,SCH040,2025-08-01,19,17,Other
ATT202508005978,STU005978,SCH009,2025-08-01,22,19,Other
ATT202508005979,STU005979,SCH033,2025-08-01,20,17,Illness
ATT202508005980,STU005980,SCH026,2025-08-01,18,16,Family
ATT202508005981,STU005981,SCH027,2025-08-01,20,18,Illness
ATT202508005982,STU005982,SCH023,2025-08-01,19,15,Unauthorised
ATT202508005983,STU005983,SCH004,2025-08-01,20,17,Unauthorised
ATT202508005984,STU005984,SCH004,2025-08-01,18,16,Other
ATT202508005986,STU005986,SCH045,2025-08-01,18,15,Medical
ATT202508005987,STU005987,SCH005,2025-08-01,19,17,Unauthorised
ATT202508005988,STU005988,SCH027,2025-08-01,20,18,Unauthorised
ATT202508005990,STU005990,SCH034,2025-08-01,19,15,Unauthorised
ATT202508005991,STU005991,SCH003,2025-08-01,19,16,Illness
ATT202508005992,STU005992,SCH012,2025-08-01,21,19,Family
ATT202508005993,STU005993,SCH042,2025-08-01,21,18,Family
ATT202508005994,STU005994,SCH007,2025-08-01,18,14,Family
ATT202508005995,STU005995,SCH011,2025-08-01,22,21,Unauthorised
ATT202508005996,STU005996,SCH016,2025-08-01,21,18,Unauthorised
ATT202508005997,STU005997,SCH049,2025-08-01,22,19,Medical
ATT202508005998,STU005998,SCH024,2025-08-01,21,17,Other
ATT202508005999,STU005999,SCH032,2025-08-01,22,19,Illness
ATT202508006000,STU006000,SCH039,2025-08-01,18,15,Family
ATT202508006001,STU006001,SCH017,2025-08-01,19,15,Medical
ATT202508006002,STU006002,SCH003,2025-08-01,20,17,Family
ATT202508006003,STU006003,SCH008,2025-08-01,22,19,Other
ATT202508006004,STU006004,SCH036,2025-08-01,21,19,Medical
ATT202508006005,STU006005,SCH029,2025-08-01,22,17,Unauthorised
ATT202508006006,STU006006,SCH002,2025-08-01,20,17,Medical
ATT202508006007,STU006007,SCH047,2025-08-01,18,15,Illness
ATT202508006008,STU006008,SCH007,2025-08-01,21,19,Medical
ATT202508006009,STU006009,SCH007,2025-08-01,18,14,Unauthorised
ATT202508006010,STU006010,SCH022,2025-08-01,19,17,Other
ATT202508006011,STU006011,SCH015,2025-08-01,22,20,Family
ATT202508006012,STU006012,SCH013,2025-08-01,22,19,Illness
ATT202508006013,STU006013,SCH022,2025-08-01,21,15,Family
ATT202508006014,STU006014,SCH036,2025-08-01,18,15,Family
ATT202508006015,STU006015,SCH046,2025-08-01,22,18,Illness
ATT202508006016,STU006016,SCH041,2025-08-01,21,18,Medical
ATT202508006017,STU006017,SCH010,2025-08-01,19,16,Medical
ATT202508006018,STU006018,SCH012,2025-08-01,21,18,Illness
ATT202508006019,STU006019,SCH010,2025-08-01,21,16,Other
ATT202508006020,STU006020,SCH012,2025-08-01,21,18,Medical
ATT202508006022,STU006022,SCH037,2025-08-01,20,17,Illness
ATT202508006023,STU006023,SCH012,2025-08-01,20,16,Family
ATT202508006024,STU006024,SCH025,2025-08-01,21,18,Unauthorised
ATT202508006025,STU006025,SCH021,2025-08-01,22,16,Illness
ATT202508006026,STU006026,SCH006,2025-08-01,22,20,Illness
ATT202508006027,STU006027,SCH035,2025-08-01,19,15,Unauthorised
ATT202508006028,STU006028,SCH025,2025-08-01,21,18,Other
ATT202508006029,STU006029,SCH026,2025-08-01,21,18,Medical
ATT202508006030,STU006030,SCH044,2025-08-01,22,18,Family
ATT202508006031,STU006031,SCH041,2025-08-01,18,16,Illness
ATT202508006032,STU006032,SCH047,2025-08-01,18,15,Other
ATT202508006033,STU006033,SCH026,2025-08-01,20,17,Family
ATT202508006034,STU006034,SCH020,2025-08-01,21,18,Illness
ATT202508006035,STU006035,SCH046,2025-08-01,20,16,Other
ATT202508006036,STU006036,SCH024,2025-08-01,19,15,Family
ATT202508006037,STU006037,SCH016,2025-08-01,20,18,Illness
ATT202508006038,STU006038,SCH044,2025-08-01,18,16,Unauthorised
ATT202508006039,STU006039,SCH041,2025-08-01,18,15,Medical
ATT202508006041,STU006041,SCH022,2025-08-01,18,15,Illness
ATT202508006042,STU006042,SCH001,2025-08-01,22,16,Illness
ATT202508006043,STU006043,SCH018,2025-08-01,22,19,Other
ATT202508006044,STU006044,SCH046,2025-08-01,18,14,Medical
ATT202508006045,STU006045,SCH042,2025-08-01,22,18,Illness
ATT202508006046,STU006046,SCH028,2025-08-01,20,16,Family
ATT202508006047,STU006047,SCH049,2025-08-01,18,13,Family
ATT202508006048,STU006048,SCH048,2025-08-01,18,15,Unauthorised
ATT202508006049,STU006049,SCH011,2025-08-01,21,19,Other
ATT202508006051,STU006051,SCH046,2025-08-01,18,13,Medical
ATT202508006052,STU006052,SCH045,2025-08-01,22,20,Unauthorised
ATT202508006053,STU006053,SCH025,2025-08-01,21,18,Unauthorised
ATT202508006054,STU006054,SCH016,2025-08-01,19,18,Medical
ATT202508006055,STU006055,SCH046,2025-08-01,18,15,Family
ATT202508006056,STU006056,SCH022,2025-08-01,18,14,Medical
ATT202508006057,STU006057,SCH035,2025-08-01,19,16,Family
ATT202508006058,STU006058,SCH018,2025-08-01,18,15,Other
ATT202508006059,STU006059,SCH011,2025-08-01,20,18,Other
ATT202508006060,STU006060,SCH030,2025-08-01,21,19,Illness
ATT202508006061,STU006061,SCH035,2025-08-01,19,14,Unauthorised
ATT202508006062,STU006062,SCH021,2025-08-01,18,15,Illness
ATT202508006064,STU006064,SCH002,2025-08-01,21,18,Illness
ATT202508006066,STU006066,SCH035,2025-08-01,21,17,Medical
ATT202508006067,STU006067,SCH027,2025-08-01,21,18,Family
ATT202508006068,STU006068,SCH026,2025-08-01,20,17,Unauthorised
ATT202508006069,STU006069,SCH048,2025-08-01,21,19,Family
ATT202508006070,STU006070,SCH030,2025-08-01,18,15,Family
ATT202508006071,STU006071,SCH029,2025-08-01,21,17,Unauthorised
ATT202508006072,STU006072,SCH040,2025-08-01,19,17,Family
ATT202508006074,STU006074,SCH048,2025-08-01,19,16,Other
ATT202508006075,STU006075,SCH001,2025-08-01,22,19,Unauthorised
ATT202508006076,STU006076,SCH021,2025-08-01,19,16,Unauthorised
ATT202508006077,STU006077,SCH014,2025-08-01,18,15,Medical
ATT202508006078,STU006078,SCH011,2025-08-01,19,15,Medical
ATT202508006079,STU006079,SCH028,2025-08-01,19,15,Illness
ATT202508006080,STU006080,SCH021,2025-08-01,18,13,Family
ATT202508006081,STU006081,SCH009,2025-08-01,21,19,Unauthorised
ATT202508006082,STU006082,SCH014,2025-08-01,20,16,Illness
ATT202508006083,STU006083,SCH016,2025-08-01,20,17,Medical
ATT202508006084,STU006084,SCH031,2025-08-01,18,15,Other
ATT202508006085,STU006085,SCH034,2025-08-01,22,20,Medical
ATT202508006086,STU006086,SCH011,2025-08-01,21,18,Medical
ATT202508006088,STU006088,SCH005,2025-08-01,19,17,Unauthorised
ATT202508006089,STU006089,SCH020,2025-08-01,22,20,Illness
ATT202508006090,STU006090,SCH037,2025-08-01,18,15,Medical
ATT202508006091,STU006091,SCH038,2025-08-01,19,16,Medical
ATT202508006092,STU006092,SCH004,2025-08-01,20,18,Illness
ATT202508006093,STU006093,SCH022,2025-08-01,20,17,Medical
ATT202508006094,STU006094,SCH014,2025-08-01,18,17,Illness
ATT202508006095,STU006095,SCH019,2025-08-01,19,16,Other
ATT202508006096,STU006096,SCH005,2025-08-01,21,20,Family
ATT202508006097,STU006097,SCH021,2025-08-01,21,16,Unauthorised
ATT202508006099,STU006099,SCH001,2025-08-01,19,14,Other
ATT202508006100,STU006100,SCH004,2025-08-01,20,17,Unauthorised
ATT202508006101,STU006101,SCH002,2025-08-01,20,16,Unauthorised
ATT202508006102,STU006102,SCH021,2025-08-01,19,15,Medical
ATT202508006103,STU006103,SCH037,2025-08-01,20,18,Illness
ATT202508006104,STU006104,SCH034,2025-08-01,21,16,Family
ATT202508006105,STU006105,SCH028,2025-08-01,20,16,Medical
ATT202508006106,STU006106,SCH010,2025-08-01,18,15,Medical
ATT202508006107,STU006107,SCH035,2025-08-01,21,17,Family
ATT202508006108,STU006108,SCH002,2025-08-01,19,15,Illness
ATT202508006109,STU006109,SCH026,2025-08-01,18,17,Illness
ATT202508006110,STU006110,SCH033,2025-08-01,21,18,Family
ATT202508006112,STU006112,SCH003,2025-08-01,18,16,Medical
ATT202508006113,STU006113,SCH019,2025-08-01,22,19,Family
ATT202508006114,STU006114,SCH036,2025-08-01,20,18,Unauthorised
ATT202508006116,STU006116,SCH004,2025-08-01,20,18,Other
ATT202508006117,STU006117,SCH030,2025-08-01,20,18,Illness
ATT202508006118,STU006118,SCH026,2025-08-01,21,19,Other
ATT202508006119,STU006119,SCH037,2025-08-01,18,15,Family
ATT202508006120,STU006120,SCH041,2025-08-01,22,19,Medical
ATT202508006121,STU006121,SCH043,2025-08-01,22,18,Other
ATT202508006122,STU006122,SCH034,2025-08-01,18,13,Other
ATT202508006123,STU006123,SCH025,2025-08-01,19,15,Other
ATT202508006124,STU006124,SCH021,2025-08-01,20,16,Illness
ATT202508006125,STU006125,SCH043,2025-08-01,19,16,Medical
ATT202508006126,STU006126,SCH021,2025-08-01,18,14,Medical
ATT202508006128,STU006128,SCH012,2025-08-01,20,15,Unauthorised
ATT202508006129,STU006129,SCH026,2025-08-01,19,16,Illness
ATT202508006130,STU006130,SCH034,2025-08-01,22,19,Family
ATT202508006131,STU006131,SCH003,2025-08-01,20,16,Unauthorised
ATT202508006132,STU006132,SCH044,2025-08-01,22,19,Unauthorised
ATT202508006133,STU006133,SCH030,2025-08-01,19,16,Other
ATT202508006134,STU006134,SCH020,2025-08-01,19,16,Unauthorised
ATT202508006135,STU006135,SCH027,2025-08-01,22,17,Unauthorised
ATT202508006136,STU006136,SCH020,2025-08-01,20,18,Family
ATT202508006137,STU006137,SCH049,2025-08-01,21,16,Illness
ATT202508006138,STU006138,SCH031,2025-08-01,18,15,Family
ATT202508006139,STU006139,SCH025,2025-08-01,22,20,Medical
ATT202508006141,STU006141,SCH027,2025-08-01,22,18,Medical
ATT202508006142,STU006142,SCH047,2025-08-01,19,16,Illness
ATT202508006143,STU006143,SCH048,2025-08-01,20,17,Medical
ATT202508006144,STU006144,SCH046,2025-08-01,19,16,Unauthorised
ATT202508006145,STU006145,SCH010,2025-08-01,20,16,Illness
ATT202508006146,STU006146,SCH008,2025-08-01,19,16,Unauthorised
ATT202508006148,STU006148,SCH002,2025-08-01,18,14,Family
ATT202508006149,STU006149,SCH008,2025-08-01,18,16,Illness
ATT202508006150,STU006150,SCH008,2025-08-01,20,18,Illness
ATT202508006152,STU006152,SCH010,2025-08-01,22,19,Unauthorised
ATT202508006153,STU006153,SCH010,2025-08-01,22,20,Medical
ATT202508006154,STU006154,SCH031,2025-08-01,20,17,Medical
ATT202508006155,STU006155,SCH001,2025-08-01,20,16,Medical
ATT202508006156,STU006156,SCH047,2025-08-01,21,18,Illness
ATT202508006157,STU006157,SCH038,2025-08-01,22,19,Other
ATT202508006158,STU006158,SCH024,2025-08-01,22,17,Other
ATT202508006160,STU006160,SCH011,2025-08-01,19,18,Other
ATT202508006161,STU006161,SCH012,2025-08-01,20,18,Family
ATT202508006162,STU006162,SCH018,2025-08-01,21,17,Illness
ATT202508006163,STU006163,SCH035,2025-08-01,18,14,Family
ATT202508006164,STU006164,SCH045,2025-08-01,21,17,Illness
ATT202508006165,STU006165,SCH048,2025-08-01,19,17,Illness
ATT202508006166,STU006166,SCH006,2025-08-01,19,16,Other
ATT202508006167,STU006167,SCH010,2025-08-01,19,16,Unauthorised
ATT202508006168,STU006168,SCH031,2025-08-01,20,17,Family
ATT202508006169,STU006169,SCH008,2025-08-01,22,18,Unauthorised
ATT202508006170,STU006170,SCH024,2025-08-01,21,17,Illness
ATT202508006171,STU006171,SCH023,2025-08-01,21,17,Medical
ATT202508006172,STU006172,SCH014,2025-08-01,21,17,Medical
ATT202508006173,STU006173,SCH010,2025-08-01,21,17,Medical
ATT202508006175,STU006175,SCH017,2025-08-01,19,14,Unauthorised
ATT202508006176,STU006176,SCH037,2025-08-01,18,16,Medical
ATT202508006178,STU006178,SCH042,2025-08-01,19,15,Illness
ATT202508006179,STU006179,SCH037,2025-08-01,18,16,Family
ATT202508006180,STU006180,SCH032,2025-08-01,21,18,Family
ATT202508006182,STU006182,SCH001,2025-08-01,18,14,Medical
ATT202508006183,STU006183,SCH046,2025-08-01,22,19,Unauthorised
ATT202508006185,STU006185,SCH040,2025-08-01,18,15,Unauthorised
ATT202508006186,STU006186,SCH035,2025-08-01,21,17,Family
ATT202508006188,STU006188,SCH024,2025-08-01,18,16,Illness
ATT202508006189,STU006189,SCH030,2025-08-01,21,19,Medical
ATT202508006190,STU006190,SCH013,2025-08-01,20,17,Unauthorised
ATT202508006191,STU006191,SCH013,2025-08-01,22,19,Unauthorised
ATT202508006192,STU006192,SCH036,2025-08-01,20,17,Family
ATT202508006193,STU006193,SCH007,2025-08-01,20,17,Unauthorised
ATT202508006194,STU006194,SCH043,2025-08-01,18,15,Medical
ATT202508006195,STU006195,SCH012,2025-08-01,18,15,Unauthorised
ATT202508006196,STU006196,SCH030,2025-08-01,20,18,Medical
ATT202508006198,STU006198,SCH012,2025-08-01,18,15,Illness
ATT202508006200,STU006200,SCH037,2025-08-01,20,17,Unauthorised
ATT202508006201,STU006201,SCH041,2025-08-01,19,16,Unauthorised
ATT202508006202,STU006202,SCH031,2025-08-01,22,17,Other
ATT202508006203,STU006203,SCH046,2025-08-01,20,16,Other
ATT202508006204,STU006204,SCH048,2025-08-01,18,17,Other
ATT202508006205,STU006205,SCH010,2025-08-01,19,16,Other
ATT202508006206,STU006206,SCH018,2025-08-01,19,16,Medical
ATT202508006207,STU006207,SCH030,2025-08-01,19,16,Family
ATT202508006208,STU006208,SCH003,2025-08-01,22,17,Other
ATT202508006209,STU006209,SCH021,2025-08-01,18,16,Other
ATT202508006210,STU006210,SCH003,2025-08-01,21,18,Family
ATT202508006211,STU006211,SCH043,2025-08-01,20,16,Other
ATT202508006212,STU006212,SCH040,2025-08-01,20,17,Medical
ATT202508006213,STU006213,SCH048,2025-08-01,20,16,Medical
ATT202508006214,STU006214,SCH009,2025-08-01,19,16,Medical
ATT202508006215,STU006215,SCH041,2025-08-01,19,17,Unauthorised
ATT202508006217,STU006217,SCH043,2025-08-01,22,18,Medical
ATT202508006218,STU006218,SCH037,2025-08-01,19,16,Other
ATT202508006219,STU006219,SCH007,2025-08-01,22,19,Illness
ATT202508006220,STU006220,SCH024,2025-08-01,18,13,Family
ATT202508006221,STU006221,SCH041,2025-08-01,18,16,Unauthorised
ATT202508006222,STU006222,SCH023,2025-08-01,21,17,Medical
ATT202508006223,STU006223,SCH009,2025-08-01,21,16,Family
ATT202508006225,STU006225,SCH021,2025-08-01,18,14,Illness
ATT202508006226,STU006226,SCH027,2025-08-01,21,17,Unauthorised
ATT202508006227,STU006227,SCH015,2025-08-01,18,15,Medical
ATT202508006229,STU006229,SCH034,2025-08-01,21,16,Medical
ATT202508006230,STU006230,SCH028,2025-08-01,18,14,Family
ATT202508006233,STU006233,SCH027,2025-08-01,18,15,Other
ATT202508006234,STU006234,SCH023,2025-08-01,19,16,Other
ATT202508006235,STU006235,SCH010,2025-08-01,19,15,Illness
ATT202508006236,STU006236,SCH044,2025-08-01,18,15,Medical
ATT202508006237,STU006237,SCH012,2025-08-01,20,16,Unauthorised
ATT202508006238,STU006238,SCH005,2025-08-01,21,19,Unauthorised
ATT202508006239,STU006239,SCH041,2025-08-01,20,17,Medical
ATT202508006240,STU006240,SCH012,2025-08-01,18,16,Other
ATT202508006241,STU006241,SCH041,2025-08-01,22,19,Unauthorised
ATT202508006242,STU006242,SCH034,2025-08-01,21,13,Family
ATT202508006243,STU006243,SCH010,2025-08-01,18,15,Unauthorised
ATT202508006244,STU006244,SCH028,2025-08-01,19,16,Illness
ATT202508006245,STU006245,SCH030,2025-08-01,21,19,Medical
ATT202508006246,STU006246,SCH025,2025-08-01,20,17,Medical
ATT202508006247,STU006247,SCH036,2025-08-01,19,15,Unauthorised
ATT202508006248,STU006248,SCH023,2025-08-01,22,18,Unauthorised
ATT202508006249,STU006249,SCH049,2025-08-01,20,14,Other
ATT202508006250,STU006250,SCH043,2025-08-01,20,17,Unauthorised
ATT202508006251,STU006251,SCH022,2025-08-01,18,13,Other
ATT202508006252,STU006252,SCH018,2025-08-01,22,19,Medical
ATT202508006253,STU006253,SCH028,2025-08-01,21,18,Medical
ATT202508006254,STU006254,SCH029,2025-08-01,21,17,Illness
ATT202508006255,STU006255,SCH044,2025-08-01,22,18,Other
ATT202508006256,STU006256,SCH030,2025-08-01,21,18,Illness
ATT202508006257,STU006257,SCH017,2025-08-01,21,18,Family
ATT202508006258,STU006258,SCH041,2025-08-01,19,15,Family
ATT202508006259,STU006259,SCH032,2025-08-01,22,20,Family
ATT202508006260,STU006260,SCH026,2025-08-01,19,17,Family
ATT202508006261,STU006261,SCH019,2025-08-01,20,18,Illness
ATT202508006262,STU006262,SCH035,2025-08-01,19,15,Medical
ATT202508006263,STU006263,SCH048,2025-08-01,21,19,Illness
ATT202508006264,STU006264,SCH030,2025-08-01,21,18,Family
ATT202508006265,STU006265,SCH043,2025-08-01,19,16,Other
ATT202508006266,STU006266,SCH037,2025-08-01,22,19,Other
ATT202508006267,STU006267,SCH033,2025-08-01,19,17,Illness
ATT202508006268,STU006268,SCH011,2025-08-01,21,18,Other
ATT202508006269,STU006269,SCH026,2025-08-01,18,15,Other
ATT202508006270,STU006270,SCH037,2025-08-01,21,19,Unauthorised
ATT202508006271,STU006271,SCH002,2025-08-01,18,14,Medical
ATT202508006272,STU006272,SCH021,2025-08-01,22,19,Other
ATT202508006273,STU006273,SCH026,2025-08-01,19,16,Family
ATT202508006274,STU006274,SCH030,2025-08-01,20,18,Unauthorised
ATT202508006275,STU006275,SCH003,2025-08-01,19,17,Medical
ATT202508006276,STU006276,SCH021,2025-08-01,22,17,Illness
ATT202508006277,STU006277,SCH018,2025-08-01,21,19,Family
ATT202508006278,STU006278,SCH045,2025-08-01,21,18,Medical
ATT202508006279,STU006279,SCH009,2025-08-01,22,18,Other
ATT202508006280,STU006280,SCH007,2025-08-01,19,16,Unauthorised
ATT202508006282,STU006282,SCH020,2025-08-01,20,17,Unauthorised
ATT202508006283,STU006283,SCH038,2025-08-01,18,16,Illness
ATT202508006284,STU006284,SCH023,2025-08-01,20,18,Other
ATT202508006285,STU006285,SCH019,2025-08-01,21,18,Medical
ATT202508006286,STU006286,SCH009,2025-08-01,21,17,Unauthorised
ATT202508006287,STU006287,SCH005,2025-08-01,20,18,Illness
ATT202508006288,STU006288,SCH021,2025-08-01,20,17,Family
ATT202508006289,STU006289,SCH007,2025-08-01,20,17,Medical
ATT202508006290,STU006290,SCH026,2025-08-01,18,14,Family
ATT202508006291,STU006291,SCH002,2025-08-01,21,17,Unauthorised
ATT202508006292,STU006292,SCH036,2025-08-01,21,17,Unauthorised
ATT202508006294,STU006294,SCH033,2025-08-01,21,18,Family
ATT202508006295,STU006295,SCH003,2025-08-01,18,14,Unauthorised
ATT202508006296,STU006296,SCH004,2025-08-01,18,15,Other
ATT202508006298,STU006298,SCH004,2025-08-01,18,15,Family
ATT202508006299,STU006299,SCH027,2025-08-01,21,16,Family
ATT202508006300,STU006300,SCH018,2025-08-01,20,17,Other
ATT202508006301,STU006301,SCH003,2025-08-01,21,19,Illness
ATT202508006302,STU006302,SCH004,2025-08-01,21,18,Other
ATT202508006303,STU006303,SCH002,2025-08-01,19,16,Unauthorised
ATT202508006305,STU006305,SCH031,2025-08-01,22,19,Other
ATT202508006306,STU006306,SCH024,2025-08-01,22,17,Unauthorised
ATT202508006307,STU006307,SCH006,2025-08-01,20,17,Unauthorised
ATT202508006308,STU006308,SCH010,2025-08-01,18,15,Medical
ATT202508006309,STU006309,SCH035,2025-08-01,19,14,Medical
ATT202508006310,STU006310,SCH006,2025-08-01,21,18,Family
ATT202508006311,STU006311,SCH033,2025-08-01,21,18,Medical
ATT202508006312,STU006312,SCH027,2025-08-01,18,14,Unauthorised
ATT202508006313,STU006313,SCH001,2025-08-01,22,19,Illness
ATT202508006314,STU006314,SCH047,2025-08-01,18,15,Medical
ATT202508006315,STU006315,SCH018,2025-08-01,18,15,Medical
ATT202508006316,STU006316,SCH049,2025-08-01,22,17,Medical
ATT202508006317,STU006317,SCH037,2025-08-01,22,18,Family
ATT202508006318,STU006318,SCH024,2025-08-01,22,17,Unauthorised
ATT202508006319,STU006319,SCH001,2025-08-01,20,14,Unauthorised
ATT202508006320,STU006320,SCH026,2025-08-01,19,16,Family
ATT202508006321,STU006321,SCH028,2025-08-01,22,18,Family
ATT202508006322,STU006322,SCH006,2025-08-01,21,19,Medical
ATT202508006323,STU006323,SCH008,2025-08-01,18,15,Medical
ATT202508006326,STU006326,SCH010,2025-08-01,18,15,Other
ATT202508006327,STU006327,SCH016,2025-08-01,20,18,Medical
ATT202508006328,STU006328,SCH044,2025-08-01,21,18,Family
ATT202508006329,STU006329,SCH006,2025-08-01,18,14,Unauthorised
ATT202508006330,STU006330,SCH039,2025-08-01,20,17,Illness
ATT202508006331,STU006331,SCH037,2025-08-01,18,15,Medical
ATT202508006332,STU006332,SCH038,2025-08-01,18,16,Unauthorised
ATT202508006333,STU006333,SCH031,2025-08-01,18,15,Unauthorised
ATT202508006334,STU006334,SCH037,2025-08-01,18,16,Family
ATT202508006335,STU006335,SCH045,2025-08-01,20,16,Unauthorised
ATT202508006336,STU006336,SCH037,2025-08-01,20,17,Illness
ATT202508006337,STU006337,SCH009,2025-08-01,19,15,Family
ATT202508006338,STU006338,SCH001,2025-08-01,21,17,Illness
ATT202508006339,STU006339,SCH048,2025-08-01,21,19,Medical
ATT202508006340,STU006340,SCH002,2025-08-01,18,15,Family
ATT202508006341,STU006341,SCH023,2025-08-01,20,15,Medical
ATT202508006342,STU006342,SCH042,2025-08-01,20,17,Medical
ATT202508006344,STU006344,SCH003,2025-08-01,21,17,Unauthorised
ATT202508006345,STU006345,SCH009,2025-08-01,18,15,Family
ATT202508006346,STU006346,SCH008,2025-08-01,22,19,Other
ATT202508006347,STU006347,SCH016,2025-08-01,21,17,Other
ATT202508006348,STU006348,SCH029,2025-08-01,21,19,Unauthorised
ATT202508006349,STU006349,SCH019,2025-08-01,18,15,Unauthorised
ATT202508006350,STU006350,SCH040,2025-08-01,18,16,Other
ATT202508006351,STU006351,SCH046,2025-08-01,18,16,Illness
ATT202508006352,STU006352,SCH002,2025-08-01,18,15,Medical
ATT202508006353,STU006353,SCH031,2025-08-01,22,19,Unauthorised
ATT202508006354,STU006354,SCH047,2025-08-01,21,17,Illness
ATT202508006355,STU006355,SCH038,2025-08-01,22,18,Other
ATT202508006356,STU006356,SCH012,2025-08-01,19,16,Medical
ATT202508006357,STU006357,SCH039,2025-08-01,22,18,Medical
ATT202508006359,STU006359,SCH024,2025-08-01,21,17,Family
ATT202508006360,STU006360,SCH032,2025-08-01,22,19,Family
ATT202508006361,STU006361,SCH032,2025-08-01,21,18,Illness
ATT202508006362,STU006362,SCH019,2025-08-01,20,17,Family
ATT202508006363,STU006363,SCH010,2025-08-01,19,16,Other
ATT202508006364,STU006364,SCH014,2025-08-01,19,15,Medical
ATT202508006365,STU006365,SCH007,2025-08-01,21,18,Other
ATT202508006366,STU006366,SCH019,2025-08-01,21,19,Family
ATT202508006367,STU006367,SCH031,2025-08-01,21,17,Other
ATT202508006369,STU006369,SCH012,2025-08-01,19,16,Other
ATT202508006370,STU006370,SCH035,2025-08-01,19,15,Medical
ATT202508006371,STU006371,SCH023,2025-08-01,19,16,Medical
ATT202508006372,STU006372,SCH002,2025-08-01,18,14,Family
ATT202508006375,STU006375,SCH032,2025-08-01,18,14,Family
ATT202508006376,STU006376,SCH040,2025-08-01,19,17,Unauthorised
ATT202508006377,STU006377,SCH003,2025-08-01,22,19,Illness
ATT202508006378,STU006378,SCH042,2025-08-01,20,16,Medical
ATT202508006379,STU006379,SCH033,2025-08-01,22,19,Medical
ATT202508006380,STU006380,SCH020,2025-08-01,19,17,Other
ATT202508006381,STU006381,SCH005,2025-08-01,18,15,Illness
ATT202508006382,STU006382,SCH038,2025-08-01,18,15,Other
ATT202508006383,STU006383,SCH004,2025-08-01,22,19,Illness
ATT202508006384,STU006384,SCH005,2025-08-01,19,17,Illness
ATT202508006385,STU006385,SCH006,2025-08-01,18,15,Unauthorised
ATT202508006387,STU006387,SCH011,2025-08-01,22,20,Illness
ATT202508006388,STU006388,SCH048,2025-08-01,21,18,Illness
ATT202508006390,STU006390,SCH008,2025-08-01,20,17,Family
ATT202508006391,STU006391,SCH005,2025-08-01,21,17,Illness
ATT202508006392,STU006392,SCH007,2025-08-01,18,15,Family
ATT202508006393,STU006393,SCH047,2025-08-01,18,15,Unauthorised
ATT202508006394,STU006394,SCH006,2025-08-01,20,15,Medical
ATT202508006395,STU006395,SCH006,2025-08-01,21,17,Unauthorised
ATT202508006396,STU006396,SCH016,2025-08-01,18,15,Other
ATT202508006398,STU006398,SCH037,2025-08-01,20,18,Medical
ATT202508006399,STU006399,SCH019,2025-08-01,20,17,Illness
ATT202508006400,STU006400,SCH017,2025-08-01,22,18,Medical
ATT202508006401,STU006401,SCH043,2025-08-01,18,15,Medical
ATT202508006402,STU006402,SCH021,2025-08-01,19,16,Other
ATT202508006404,STU006404,SCH022,2025-08-01,22,18,Family
ATT202508006405,STU006405,SCH038,2025-08-01,19,16,Illness
ATT202508006406,STU006406,SCH044,2025-08-01,18,14,Medical
ATT202508006408,STU006408,SCH024,2025-08-01,20,16,Medical
ATT202508006409,STU006409,SCH010,2025-08-01,22,17,Illness
ATT202508006410,STU006410,SCH035,2025-08-01,20,16,Medical
ATT202508006411,STU006411,SCH019,2025-08-01,22,19,Unauthorised
ATT202508006412,STU006412,SCH030,2025-08-01,21,18,Medical
ATT202508006413,STU006413,SCH004,2025-08-01,18,16,Other
ATT202508006414,STU006414,SCH018,2025-08-01,18,15,Medical
ATT202508006415,STU006415,SCH048,2025-08-01,19,16,Illness
ATT202508006416,STU006416,SCH029,2025-08-01,19,16,Other
ATT202508006417,STU006417,SCH029,2025-08-01,21,16,Family
ATT202508006418,STU006418,SCH010,2025-08-01,22,18,Unauthorised
ATT202508006419,STU006419,SCH009,2025-08-01,19,16,Illness
ATT202508006420,STU006420,SCH023,2025-08-01,22,18,Other
ATT202508006421,STU006421,SCH019,2025-08-01,20,17,Medical
ATT202508006422,STU006422,SCH004,2025-08-01,19,16,Other
ATT202508006423,STU006423,SCH007,2025-08-01,20,15,Family
ATT202508006424,STU006424,SCH031,2025-08-01,22,18,Other
ATT202508006425,STU006425,SCH041,2025-08-01,20,17,Other
ATT202508006426,STU006426,SCH007,2025-08-01,19,16,Illness
ATT202508006427,STU006427,SCH020,2025-08-01,22,19,Illness
ATT202508006428,STU006428,SCH047,2025-08-01,21,18,Other
ATT202508006430,STU006430,SCH018,2025-08-01,18,16,Illness
ATT202508006431,STU006431,SCH007,2025-08-01,18,15,Illness
ATT202508006432,STU006432,SCH033,2025-08-01,18,15,Other
ATT202508006434,STU006434,SCH035,2025-08-01,18,14,Other
ATT202508006435,STU006435,SCH001,2025-08-01,21,17,Illness
ATT202508006436,STU006436,SCH028,2025-08-01,18,15,Illness
ATT202508006437,STU006437,SCH021,2025-08-01,20,15,Illness
ATT202508006438,STU006438,SCH035,2025-08-01,21,18,Illness
ATT202508006440,STU006440,SCH019,2025-08-01,20,17,Other
ATT202508006442,STU006442,SCH045,2025-08-01,19,16,Illness
ATT202508006443,STU006443,SCH046,2025-08-01,21,17,Other
ATT202508006445,STU006445,SCH014,2025-08-01,19,17,Other
ATT202508006447,STU006447,SCH025,2025-08-01,20,16,Medical
ATT202508006448,STU006448,SCH018,2025-08-01,18,16,Other
ATT202508006449,STU006449,SCH044,2025-08-01,22,19,Illness
ATT202508006450,STU006450,SCH004,2025-08-01,21,19,Unauthorised
ATT202508006451,STU006451,SCH044,2025-08-01,20,17,Illness
ATT202508006452,STU006452,SCH020,2025-08-01,19,17,Family
ATT202508006453,STU006453,SCH013,2025-08-01,18,15,Illness
ATT202508006454,STU006454,SCH035,2025-08-01,20,15,Family
ATT202508006455,STU006455,SCH043,2025-08-01,20,17,Family
ATT202508006456,STU006456,SCH023,2025-08-01,18,16,Other
ATT202508006457,STU006457,SCH041,2025-08-01,18,15,Family
ATT202508006458,STU006458,SCH015,2025-08-01,18,16,Family
ATT202508006460,STU006460,SCH045,2025-08-01,18,15,Unauthorised
ATT202508006461,STU006461,SCH023,2025-08-01,22,18,Family
ATT202508006462,STU006462,SCH034,2025-08-01,19,14,Other
ATT202508006463,STU006463,SCH012,2025-08-01,19,16,Medical
ATT202508006464,STU006464,SCH041,2025-08-01,21,18,Illness
ATT202508006465,STU006465,SCH039,2025-08-01,20,16,Unauthorised
ATT202508006467,STU006467,SCH029,2025-08-01,19,15,Other
ATT202508006468,STU006468,SCH037,2025-08-01,19,17,Other
ATT202508006469,STU006469,SCH013,2025-08-01,22,19,Unauthorised
ATT202508006470,STU006470,SCH043,2025-08-01,18,14,Illness
ATT202508006471,STU006471,SCH021,2025-08-01,19,15,Unauthorised
ATT202508006472,STU006472,SCH028,2025-08-01,21,17,Unauthorised
ATT202508006473,STU006473,SCH047,2025-08-01,18,16,Medical
ATT202508006474,STU006474,SCH031,2025-08-01,18,16,Family
ATT202508006475,STU006475,SCH038,2025-08-01,22,17,Medical
ATT202508006476,STU006476,SCH036,2025-08-01,20,17,Other
ATT202508006477,STU006477,SCH029,2025-08-01,19,16,Other
ATT202508006478,STU006478,SCH014,2025-08-01,18,15,Illness
ATT202508006479,STU006479,SCH046,2025-08-01,20,18,Medical
ATT202508006480,STU006480,SCH044,2025-08-01,18,14,Medical
ATT202508006481,STU006481,SCH031,2025-08-01,18,15,Family
ATT202508006482,STU006482,SCH031,2025-08-01,18,14,Family
ATT202508006483,STU006483,SCH007,2025-08-01,19,16,Family
ATT202508006484,STU006484,SCH042,2025-08-01,20,16,Other
ATT202508006485,STU006485,SCH017,2025-08-01,18,16,Family
ATT202508006486,STU006486,SCH040,2025-08-01,21,18,Medical
ATT202508006488,STU006488,SCH028,2025-08-01,22,17,Medical
ATT202508006489,STU006489,SCH023,2025-08-01,21,17,Medical
ATT202508006490,STU006490,SCH018,2025-08-01,19,15,Other
ATT202508006491,STU006491,SCH020,2025-08-01,22,19,Other
ATT202508006492,STU006492,SCH019,2025-08-01,21,18,Medical
ATT202508006493,STU006493,SCH027,2025-08-01,22,19,Unauthorised
ATT202508006496,STU006496,SCH045,2025-08-01,18,15,Other
ATT202508006497,STU006497,SCH028,2025-08-01,21,17,Illness
ATT202508006498,STU006498,SCH034,2025-08-01,18,13,Unauthorised
ATT202508006499,STU006499,SCH033,2025-08-01,18,15,Medical
ATT202508006501,STU006501,SCH032,2025-08-01,21,19,Illness
ATT202508006502,STU006502,SCH034,2025-08-01,19,13,Other
ATT202508006503,STU006503,SCH016,2025-08-01,18,15,Family
ATT202508006504,STU006504,SCH001,2025-08-01,21,17,Medical
ATT202508006505,STU006505,SCH044,2025-08-01,21,16,Family
ATT202508006506,STU006506,SCH047,2025-08-01,18,15,Medical
ATT202508006507,STU006507,SCH001,2025-08-01,21,17,Other
ATT202508006508,STU006508,SCH041,2025-08-01,22,19,Medical
ATT202508006509,STU006509,SCH034,2025-08-01,21,17,Family
ATT202508006510,STU006510,SCH014,2025-08-01,19,15,Medical
ATT202508006511,STU006511,SCH010,2025-08-01,22,20,Unauthorised
ATT202508006512,STU006512,SCH002,2025-08-01,22,16,Medical
ATT202508006513,STU006513,SCH037,2025-08-01,20,18,Other
ATT202508006514,STU006514,SCH037,2025-08-01,18,16,Unauthorised
ATT202508006515,STU006515,SCH021,2025-08-01,20,15,Unauthorised
ATT202508006516,STU006516,SCH021,2025-08-01,20,17,Family
ATT202508006517,STU006517,SCH023,2025-08-01,22,19,Unauthorised
ATT202508006518,STU006518,SCH021,2025-08-01,21,18,Other
ATT202508006519,STU006519,SCH012,2025-08-01,21,17,Medical
ATT202508006520,STU006520,SCH010,2025-08-01,19,15,Family
ATT202508006521,STU006521,SCH005,2025-08-01,19,16,Medical
ATT202508006522,STU006522,SCH008,2025-08-01,22,18,Family
ATT202508006523,STU006523,SCH012,2025-08-01,19,15,Other
ATT202508006524,STU006524,SCH026,2025-08-01,20,16,Other
ATT202508006525,STU006525,SCH005,2025-08-01,19,17,Illness
ATT202508006526,STU006526,SCH047,2025-08-01,21,19,Family
ATT202508006528,STU006528,SCH025,2025-08-01,22,19,Medical
ATT202508006531,STU006531,SCH043,2025-08-01,19,15,Illness
ATT202508006532,STU006532,SCH027,2025-08-01,21,18,Unauthorised
ATT202508006533,STU006533,SCH042,2025-08-01,20,17,Unauthorised
ATT202508006534,STU006534,SCH046,2025-08-01,19,16,Illness
ATT202508006535,STU006535,SCH041,2025-08-01,21,18,Other
ATT202508006536,STU006536,SCH029,2025-08-01,19,15,Family
ATT202508006537,STU006537,SCH020,2025-08-01,20,18,Medical
ATT202508006538,STU006538,SCH013,2025-08-01,18,15,Medical
ATT202508006539,STU006539,SCH031,2025-08-01,18,14,Family
ATT202508006540,STU006540,SCH045,2025-08-01,20,16,Unauthorised
ATT202508006541,STU006541,SCH013,2025-08-01,21,17,Illness
ATT202508006542,STU006542,SCH048,2025-08-01,18,16,Family
ATT202508006543,STU006543,SCH032,2025-08-01,22,17,Other
ATT202508006544,STU006544,SCH001,2025-08-01,21,15,Unauthorised
ATT202508006545,STU006545,SCH021,2025-08-01,20,18,Illness
ATT202508006546,STU006546,SCH021,2025-08-01,19,16,Medical
ATT202508006547,STU006547,SCH044,2025-08-01,21,17,Unauthorised
ATT202508006548,STU006548,SCH045,2025-08-01,19,16,Illness
ATT202508006549,STU006549,SCH012,2025-08-01,19,15,Illness
ATT202508006550,STU006550,SCH038,2025-08-01,21,18,Medical
ATT202508006551,STU006551,SCH027,2025-08-01,18,14,Unauthorised
ATT202508006553,STU006553,SCH014,2025-08-01,20,17,Family
ATT202508006554,STU006554,SCH023,2025-08-01,19,16,Family
ATT202508006555,STU006555,SCH046,2025-08-01,19,15,Family
ATT202508006556,STU006556,SCH036,2025-08-01,22,18,Illness
ATT202508006557,STU006557,SCH010,2025-08-01,22,17,Unauthorised
ATT202508006558,STU006558,SCH043,2025-08-01,22,19,Illness
ATT202508006559,STU006559,SCH008,2025-08-01,20,16,Illness
ATT202508006560,STU006560,SCH033,2025-08-01,19,15,Family
ATT202508006561,STU006561,SCH024,2025-08-01,21,16,Medical
ATT202508006562,STU006562,SCH029,2025-08-01,21,17,Medical
ATT202508006563,STU006563,SCH011,2025-08-01,19,18,Family
ATT202508006564,STU006564,SCH021,2025-08-01,19,15,Illness
ATT202508006565,STU006565,SCH018,2025-08-01,18,15,Unauthorised
ATT202508006566,STU006566,SCH021,2025-08-01,21,17,Medical
ATT202508006567,STU006567,SCH029,2025-08-01,20,16,Illness
ATT202508006568,STU006568,SCH007,2025-08-01,19,16,Medical
ATT202508006569,STU006569,SCH020,2025-08-01,18,16,Unauthorised
ATT202508006570,STU006570,SCH036,2025-08-01,19,17,Unauthorised
ATT202508006571,STU006571,SCH004,2025-08-01,22,19,Other
ATT202508006572,STU006572,SCH004,2025-08-01,22,19,Illness
ATT202508006573,STU006573,SCH034,2025-08-01,21,17,Medical
ATT202508006574,STU006574,SCH007,2025-08-01,21,17,Family
ATT202508006575,STU006575,SCH004,2025-08-01,18,16,Medical
ATT202508006576,STU006576,SCH006,2025-08-01,21,17,Family
ATT202508006577,STU006577,SCH021,2025-08-01,19,16,Family
ATT202508006578,STU006578,SCH030,2025-08-01,18,16,Unauthorised
ATT202508006579,STU006579,SCH011,2025-08-01,21,18,Medical
ATT202508006580,STU006580,SCH037,2025-08-01,20,17,Medical
ATT202508006581,STU006581,SCH004,2025-08-01,19,15,Unauthorised
ATT202508006582,STU006582,SCH047,2025-08-01,18,15,Medical
ATT202508006583,STU006583,SCH040,2025-08-01,22,20,Medical
ATT202508006584,STU006584,SCH009,2025-08-01,19,17,Unauthorised
ATT202508006585,STU006585,SCH019,2025-08-01,21,18,Unauthorised
ATT202508006586,STU006586,SCH030,2025-08-01,22,18,Other
ATT202508006587,STU006587,SCH014,2025-08-01,21,17,Unauthorised
ATT202508006588,STU006588,SCH049,2025-08-01,20,17,Medical
ATT202508006589,STU006589,SCH034,2025-08-01,21,16,Unauthorised
ATT202508006590,STU006590,SCH037,2025-08-01,21,18,Medical
ATT202508006592,STU006592,SCH019,2025-08-01,18,15,Family
ATT202508006593,STU006593,SCH027,2025-08-01,19,15,Illness
ATT202508006594,STU006594,SCH012,2025-08-01,18,15,Medical
ATT202508006595,STU006595,SCH045,2025-08-01,20,16,Other
ATT202508006596,STU006596,SCH015,2025-08-01,18,14,Other
ATT202508006598,STU006598,SCH036,2025-08-01,21,18,Medical
ATT202508006599,STU006599,SCH049,2025-08-01,20,14,Unauthorised
ATT202508006600,STU006600,SCH008,2025-08-01,18,16,Unauthorised
ATT202508006602,STU006602,SCH032,2025-08-01,18,15,Family
ATT202508006603,STU006603,SCH031,2025-08-01,21,16,Unauthorised
ATT202508006604,STU006604,SCH004,2025-08-01,22,19,Family
ATT202508006605,STU006605,SCH007,2025-08-01,20,16,Unauthorised
ATT202508006606,STU006606,SCH048,2025-08-01,21,19,Unauthorised
ATT202508006608,STU006608,SCH036,2025-08-01,21,17,Other
ATT202508006609,STU006609,SCH031,2025-08-01,19,16,Illness
ATT202508006610,STU006610,SCH046,2025-08-01,19,16,Illness
ATT202508006611,STU006611,SCH046,2025-08-01,18,15,Medical
ATT202508006612,STU006612,SCH008,2025-08-01,21,18,Other
ATT202508006613,STU006613,SCH046,2025-08-01,20,16,Illness
ATT202508006614,STU006614,SCH025,2025-08-01,20,17,Unauthorised
ATT202508006615,STU006615,SCH039,2025-08-01,19,16,Medical
ATT202508006616,STU006616,SCH045,2025-08-01,18,14,Other
ATT202508006617,STU006617,SCH032,2025-08-01,19,16,Family
ATT202508006618,STU006618,SCH037,2025-08-01,21,18,Other
ATT202508006619,STU006619,SCH032,2025-08-01,21,17,Other
ATT202508006620,STU006620,SCH023,2025-08-01,22,18,Other
ATT202508006621,STU006621,SCH046,2025-08-01,18,15,Unauthorised
ATT202508006622,STU006622,SCH039,2025-08-01,20,17,Family
ATT202508006623,STU006623,SCH037,2025-08-01,20,16,Medical
ATT202508006624,STU006624,SCH011,2025-08-01,22,20,Medical
ATT202508006625,STU006625,SCH016,2025-08-01,21,19,Illness
ATT202508006627,STU006627,SCH034,2025-08-01,20,16,Family
ATT202508006628,STU006628,SCH036,2025-08-01,22,18,Medical
ATT202508006629,STU006629,SCH021,2025-08-01,20,16,Illness
ATT202508006630,STU006630,SCH009,2025-08-01,21,17,Other
ATT202508006631,STU006631,SCH031,2025-08-01,21,18,Illness
ATT202508006632,STU006632,SCH047,2025-08-01,19,15,Other
ATT202508006633,STU006633,SCH044,2025-08-01,22,19,Medical
ATT202508006634,STU006634,SCH005,2025-08-01,19,16,Medical
ATT202508006635,STU006635,SCH002,2025-08-01,19,16,Unauthorised
ATT202508006636,STU006636,SCH028,2025-08-01,20,16,Unauthorised
ATT202508006637,STU006637,SCH002,2025-08-01,22,16,Unauthorised
ATT202508006638,STU006638,SCH006,2025-08-01,21,18,Unauthorised
ATT202508006639,STU006639,SCH031,2025-08-01,20,17,Unauthorised
ATT202508006640,STU006640,SCH045,2025-08-01,22,17,Illness
ATT202508006642,STU006642,SCH046,2025-08-01,19,17,Other
ATT202508006643,STU006643,SCH038,2025-08-01,19,17,Illness
ATT202508006644,STU006644,SCH040,2025-08-01,20,17,Unauthorised
ATT202508006645,STU006645,SCH038,2025-08-01,22,18,Unauthorised
ATT202508006646,STU006646,SCH018,2025-08-01,22,20,Other
ATT202508006647,STU006647,SCH003,2025-08-01,19,17,Other
ATT202508006648,STU006648,SCH036,2025-08-01,19,16,Family
ATT202508006649,STU006649,SCH044,2025-08-01,21,17,Medical
ATT202508006650,STU006650,SCH030,2025-08-01,18,16,Illness
ATT202508006651,STU006651,SCH015,2025-08-01,18,15,Medical
ATT202508006652,STU006652,SCH018,2025-08-01,20,17,Illness
ATT202508006653,STU006653,SCH027,2025-08-01,22,20,Other
ATT202508006654,STU006654,SCH006,2025-08-01,22,18,Medical
ATT202508006655,STU006655,SCH002,2025-08-01,22,16,Family
ATT202508006656,STU006656,SCH033,2025-08-01,20,16,Family
ATT202508006657,STU006657,SCH049,2025-08-01,19,16,Other
ATT202508006658,STU006658,SCH009,2025-08-01,21,18,Unauthorised
ATT202508006659,STU006659,SCH013,2025-08-01,18,15,Illness
ATT202508006660,STU006660,SCH043,2025-08-01,20,16,Unauthorised
ATT202508006661,STU006661,SCH011,2025-08-01,22,18,Illness
ATT202508006662,STU006662,SCH049,2025-08-01,21,16,Medical
ATT202508006663,STU006663,SCH010,2025-08-01,21,17,Medical
ATT202508006664,STU006664,SCH027,2025-08-01,22,18,Family
ATT202508006665,STU006665,SCH045,2025-08-01,21,17,Illness
ATT202508006666,STU006666,SCH033,2025-08-01,21,18,Other
ATT202508006667,STU006667,SCH020,2025-08-01,19,17,Family
ATT202508006668,STU006668,SCH045,2025-08-01,21,18,Illness
ATT202508006670,STU006670,SCH027,2025-08-01,20,16,Medical
ATT202508006671,STU006671,SCH048,2025-08-01,19,17,Unauthorised
ATT202508006672,STU006672,SCH046,2025-08-01,22,18,Unauthorised
ATT202508006673,STU006673,SCH003,2025-08-01,21,18,Illness
ATT202508006674,STU006674,SCH004,2025-08-01,22,19,Illness
ATT202508006675,STU006675,SCH035,2025-08-01,19,15,Medical
ATT202508006677,STU006677,SCH004,2025-08-01,19,17,Family
ATT202508006678,STU006678,SCH014,2025-08-01,21,17,Other
ATT202508006679,STU006679,SCH041,2025-08-01,21,17,Illness
ATT202508006680,STU006680,SCH026,2025-08-01,18,14,Unauthorised
ATT202508006681,STU006681,SCH045,2025-08-01,20,16,Other
ATT202508006682,STU006682,SCH040,2025-08-01,19,16,Illness
ATT202508006684,STU006684,SCH029,2025-08-01,18,15,Family
ATT202508006685,STU006685,SCH013,2025-08-01,20,17,Family
ATT202508006686,STU006686,SCH021,2025-08-01,22,18,Family
ATT202508006687,STU006687,SCH032,2025-08-01,20,16,Medical
ATT202508006688,STU006688,SCH031,2025-08-01,19,15,Family
ATT202508006689,STU006689,SCH018,2025-08-01,22,20,Medical
ATT202508006690,STU006690,SCH028,2025-08-01,21,17,Family
ATT202508006691,STU006691,SCH012,2025-08-01,18,16,Family
ATT202508006692,STU006692,SCH012,2025-08-01,19,16,Illness
ATT202508006693,STU006693,SCH046,2025-08-01,20,18,Medical
ATT202508006695,STU006695,SCH026,2025-08-01,21,19,Unauthorised
ATT202508006696,STU006696,SCH046,2025-08-01,18,15,Illness
ATT202508006697,STU006697,SCH003,2025-08-01,20,17,Family
ATT202508006698,STU006698,SCH046,2025-08-01,18,15,Unauthorised
ATT202508006700,STU006700,SCH023,2025-08-01,21,18,Other
ATT202508006701,STU006701,SCH034,2025-08-01,21,16,Family
ATT202508006702,STU006702,SCH035,2025-08-01,19,16,Unauthorised
ATT202508006703,STU006703,SCH037,2025-08-01,22,19,Illness
ATT202508006705,STU006705,SCH017,2025-08-01,19,14,Family
ATT202508006706,STU006706,SCH021,2025-08-01,21,16,Medical
ATT202508006707,STU006707,SCH020,2025-08-01,18,15,Unauthorised
ATT202508006708,STU006708,SCH017,2025-08-01,22,14,Unauthorised
ATT202508006709,STU006709,SCH028,2025-08-01,19,16,Unauthorised
ATT202508006710,STU006710,SCH004,2025-08-01,21,19,Unauthorised
ATT202508006711,STU006711,SCH022,2025-08-01,22,18,Medical
ATT202508006712,STU006712,SCH018,2025-08-01,19,16,Illness
ATT202508006713,STU006713,SCH016,2025-08-01,19,17,Other
ATT202508006714,STU006714,SCH037,2025-08-01,22,19,Other
ATT202508006716,STU006716,SCH007,2025-08-01,18,15,Family
ATT202508006717,STU006717,SCH036,2025-08-01,21,18,Family
ATT202508006718,STU006718,SCH027,2025-08-01,18,14,Other
ATT202508006719,STU006719,SCH012,2025-08-01,21,18,Family
ATT202508006720,STU006720,SCH021,2025-08-01,19,16,Medical
ATT202508006721,STU006721,SCH016,2025-08-01,20,18,Illness
ATT202508006722,STU006722,SCH027,2025-08-01,21,18,Medical
ATT202508006723,STU006723,SCH031,2025-08-01,22,18,Family
ATT202508006724,STU006724,SCH037,2025-08-01,21,17,Unauthorised
ATT202508006725,STU006725,SCH002,2025-08-01,19,16,Family
ATT202508006726,STU006726,SCH023,2025-08-01,22,17,Unauthorised
ATT202508006727,STU006727,SCH030,2025-08-01,22,19,Family
ATT202508006728,STU006728,SCH012,2025-08-01,20,17,Other
ATT202508006729,STU006729,SCH032,2025-08-01,20,16,Other
ATT202508006730,STU006730,SCH013,2025-08-01,19,17,Illness
ATT202508006731,STU006731,SCH027,2025-08-01,20,17,Illness
ATT202508006732,STU006732,SCH042,2025-08-01,20,16,Family
ATT202508006733,STU006733,SCH031,2025-08-01,18,11,Illness
ATT202508006734,STU006734,SCH010,2025-08-01,18,16,Other
ATT202508006735,STU006735,SCH042,2025-08-01,21,16,Unauthorised
ATT202508006736,STU006736,SCH003,2025-08-01,20,19,Unauthorised
ATT202508006737,STU006737,SCH019,2025-08-01,19,18,Other
ATT202508006738,STU006738,SCH009,2025-08-01,19,14,Medical
ATT202508006739,STU006739,SCH030,2025-08-01,19,16,Medical
ATT202508006740,STU006740,SCH029,2025-08-01,20,16,Unauthorised
ATT202508006741,STU006741,SCH029,2025-08-01,19,16,Unauthorised
ATT202508006742,STU006742,SCH033,2025-08-01,21,18,Other
ATT202508006743,STU006743,SCH020,2025-08-01,18,15,Illness
ATT202508006744,STU006744,SCH006,2025-08-01,21,18,Unauthorised
ATT202508006745,STU006745,SCH016,2025-08-01,19,16,Family
ATT202508006746,STU006746,SCH012,2025-08-01,21,17,Unauthorised
ATT202508006747,STU006747,SCH010,2025-08-01,22,18,Other
ATT202508006748,STU006748,SCH033,2025-08-01,18,15,Unauthorised
ATT202508006749,STU006749,SCH030,2025-08-01,22,20,Unauthorised
ATT202508006750,STU006750,SCH018,2025-08-01,19,16,Unauthorised
ATT202508006751,STU006751,SCH030,2025-08-01,21,19,Illness
ATT202508006752,STU006752,SCH019,2025-08-01,18,16,Illness
ATT202508006753,STU006753,SCH011,2025-08-01,21,18,Other
ATT202508006755,STU006755,SCH023,2025-08-01,18,15,Family
ATT202508006756,STU006756,SCH027,2025-08-01,19,17,Other
ATT202508006757,STU006757,SCH008,2025-08-01,22,19,Medical
ATT202508006758,STU006758,SCH011,2025-08-01,19,17,Unauthorised
ATT202508006759,STU006759,SCH030,2025-08-01,21,19,Illness
ATT202508006760,STU006760,SCH036,2025-08-01,22,18,Illness
ATT202508006761,STU006761,SCH044,2025-08-01,20,17,Medical
ATT202508006762,STU006762,SCH028,2025-08-01,20,16,Other
ATT202508006763,STU006763,SCH040,2025-08-01,18,15,Family
ATT202508006764,STU006764,SCH031,2025-08-01,20,18,Illness
ATT202508006765,STU006765,SCH040,2025-08-01,19,16,Family
ATT202508006767,STU006767,SCH021,2025-08-01,21,17,Family
ATT202508006768,STU006768,SCH049,2025-08-01,22,19,Family
ATT202508006769,STU006769,SCH026,2025-08-01,21,17,Other
ATT202508006771,STU006771,SCH032,2025-08-01,20,17,Other
ATT202508006772,STU006772,SCH020,2025-08-01,22,20,Family
ATT202508006773,STU006773,SCH040,2025-08-01,18,16,Family
ATT202508006774,STU006774,SCH010,2025-08-01,20,15,Medical
ATT202508006775,STU006775,SCH033,2025-08-01,21,17,Unauthorised
ATT202508006777,STU006777,SCH010,2025-08-01,19,15,Family
ATT202508006778,STU006778,SCH007,2025-08-01,22,17,Family
ATT202508006779,STU006779,SCH010,2025-08-01,18,15,Unauthorised
ATT202508006780,STU006780,SCH037,2025-08-01,19,16,Medical
ATT202508006781,STU006781,SCH047,2025-08-01,19,17,Family
ATT202508006782,STU006782,SCH003,2025-08-01,22,18,Unauthorised
ATT202508006783,STU006783,SCH033,2025-08-01,22,19,Medical
ATT202508006784,STU006784,SCH036,2025-08-01,20,17,Family
ATT202508006787,STU006787,SCH012,2025-08-01,22,18,Medical
ATT202508006788,STU006788,SCH027,2025-08-01,18,16,Unauthorised
ATT202508006790,STU006790,SCH041,2025-08-01,22,18,Other
ATT202508006791,STU006791,SCH045,2025-08-01,21,18,Medical
ATT202508006792,STU006792,SCH005,2025-08-01,22,20,Medical
ATT202508006794,STU006794,SCH028,2025-08-01,20,16,Illness
ATT202508006795,STU006795,SCH049,2025-08-01,19,15,Illness
ATT202508006796,STU006796,SCH002,2025-08-01,20,18,Medical
ATT202508006797,STU006797,SCH039,2025-08-01,21,19,Family
ATT202508006798,STU006798,SCH018,2025-08-01,18,15,Illness
ATT202508006800,STU006800,SCH037,2025-08-01,22,18,Illness
ATT202508006801,STU006801,SCH021,2025-08-01,22,19,Other
ATT202508006802,STU006802,SCH003,2025-08-01,18,16,Medical
ATT202508006803,STU006803,SCH023,2025-08-01,21,19,Illness
ATT202508006804,STU006804,SCH010,2025-08-01,21,18,Illness
ATT202508006805,STU006805,SCH012,2025-08-01,18,15,Illness
ATT202508006806,STU006806,SCH002,2025-08-01,22,17,Unauthorised
ATT202508006807,STU006807,SCH006,2025-08-01,21,17,Illness
ATT202508006808,STU006808,SCH014,2025-08-01,18,14,Medical
ATT202508006810,STU006810,SCH006,2025-08-01,21,19,Medical
ATT202508006811,STU006811,SCH046,2025-08-01,20,16,Family
ATT202508006812,STU006812,SCH008,2025-08-01,22,19,Other
ATT202508006813,STU006813,SCH012,2025-08-01,21,18,Family
ATT202508006814,STU006814,SCH011,2025-08-01,21,18,Illness
ATT202508006815,STU006815,SCH042,2025-08-01,18,14,Illness
ATT202508006816,STU006816,SCH031,2025-08-01,18,15,Family
ATT202508006817,STU006817,SCH002,2025-08-01,18,15,Medical
ATT202508006818,STU006818,SCH001,2025-08-01,18,15,Medical
ATT202508006819,STU006819,SCH023,2025-08-01,22,18,Medical
ATT202508006820,STU006820,SCH016,2025-08-01,19,17,Illness
ATT202508006821,STU006821,SCH012,2025-08-01,18,16,Unauthorised
ATT202508006822,STU006822,SCH010,2025-08-01,20,17,Medical
ATT202508006824,STU006824,SCH014,2025-08-01,22,19,Medical
ATT202508006825,STU006825,SCH019,2025-08-01,18,15,Other
ATT202508006826,STU006826,SCH025,2025-08-01,19,16,Illness
ATT202508006827,STU006827,SCH005,2025-08-01,22,18,Illness
ATT202508006828,STU006828,SCH005,2025-08-01,22,20,Illness
ATT202508006830,STU006830,SCH027,2025-08-01,22,18,Illness
ATT202508006831,STU006831,SCH008,2025-08-01,19,16,Family
ATT202508006832,STU006832,SCH047,2025-08-01,18,15,Unauthorised
ATT202508006833,STU006833,SCH009,2025-08-01,18,16,Other
ATT202508006834,STU006834,SCH032,2025-08-01,20,16,Illness
ATT202508006835,STU006835,SCH015,2025-08-01,18,15,Medical
ATT202508006837,STU006837,SCH046,2025-08-01,22,18,Illness
ATT202508006838,STU006838,SCH047,2025-08-01,21,17,Family
ATT202508006839,STU006839,SCH011,2025-08-01,22,18,Medical
ATT202508006840,STU006840,SCH028,2025-08-01,18,14,Unauthorised
ATT202508006841,STU006841,SCH024,2025-08-01,18,15,Unauthorised
ATT202508006842,STU006842,SCH025,2025-08-01,22,19,Medical
ATT202508006843,STU006843,SCH049,2025-08-01,21,16,Unauthorised
ATT202508006844,STU006844,SCH033,2025-08-01,19,17,Illness
ATT202508006845,STU006845,SCH020,2025-08-01,18,15,Unauthorised
ATT202508006846,STU006846,SCH014,2025-08-01,19,16,Illness
ATT202508006847,STU006847,SCH001,2025-08-01,21,15,Unauthorised
ATT202508006848,STU006848,SCH022,2025-08-01,19,16,Medical
ATT202508006849,STU006849,SCH044,2025-08-01,21,16,Illness
ATT202508006850,STU006850,SCH008,2025-08-01,21,17,Illness
ATT202508006851,STU006851,SCH015,2025-08-01,19,17,Unauthorised
ATT202508006852,STU006852,SCH013,2025-08-01,18,16,Illness
ATT202508006853,STU006853,SCH009,2025-08-01,22,19,Unauthorised
ATT202508006855,STU006855,SCH046,2025-08-01,20,16,Unauthorised
ATT202508006856,STU006856,SCH015,2025-08-01,20,18,Other
ATT202508006857,STU006857,SCH018,2025-08-01,21,19,Family
ATT202508006858,STU006858,SCH032,2025-08-01,19,17,Family
ATT202508006860,STU006860,SCH045,2025-08-01,22,17,Family
ATT202508006861,STU006861,SCH043,2025-08-01,22,19,Family
ATT202508006863,STU006863,SCH017,2025-08-01,18,14,Medical
ATT202508006865,STU006865,SCH005,2025-08-01,18,16,Illness
ATT202508006866,STU006866,SCH035,2025-08-01,20,15,Other
ATT202508006867,STU006867,SCH043,2025-08-01,19,16,Unauthorised
ATT202508006868,STU006868,SCH019,2025-08-01,18,16,Illness
ATT202508006869,STU006869,SCH024,2025-08-01,20,16,Illness
ATT202508006870,STU006870,SCH046,2025-08-01,20,17,Medical
ATT202508006871,STU006871,SCH016,2025-08-01,19,16,Unauthorised
ATT202508006873,STU006873,SCH033,2025-08-01,20,17,Medical
ATT202508006874,STU006874,SCH009,2025-08-01,20,18,Medical
ATT202508006875,STU006875,SCH004,2025-08-01,18,15,Unauthorised
ATT202508006876,STU006876,SCH027,2025-08-01,22,18,Unauthorised
ATT202508006878,STU006878,SCH030,2025-08-01,18,15,Illness
ATT202508006879,STU006879,SCH001,2025-08-01,22,16,Unauthorised
ATT202508006880,STU006880,SCH036,2025-08-01,19,16,Other
ATT202508006881,STU006881,SCH020,2025-08-01,18,16,Family
ATT202508006882,STU006882,SCH006,2025-08-01,21,18,Unauthorised
ATT202508006884,STU006884,SCH022,2025-08-01,18,13,Medical
ATT202508006886,STU006886,SCH042,2025-08-01,19,15,Unauthorised
ATT202508006887,STU006887,SCH006,2025-08-01,22,19,Other
ATT202508006888,STU006888,SCH004,2025-08-01,21,18,Medical
ATT202508006889,STU006889,SCH010,2025-08-01,20,15,Unauthorised
ATT202508006890,STU006890,SCH029,2025-08-01,21,16,Unauthorised
ATT202508006891,STU006891,SCH046,2025-08-01,21,19,Other
ATT202508006892,STU006892,SCH028,2025-08-01,20,17,Other
ATT202508006893,STU006893,SCH023,2025-08-01,18,15,Medical
ATT202508006894,STU006894,SCH036,2025-08-01,20,18,Illness
ATT202508006895,STU006895,SCH028,2025-08-01,22,17,Illness
ATT202508006896,STU006896,SCH014,2025-08-01,19,17,Other
ATT202508006897,STU006897,SCH030,2025-08-01,18,15,Other
ATT202508006898,STU006898,SCH016,2025-08-01,21,18,Other
ATT202508006899,STU006899,SCH044,2025-08-01,18,14,Other
ATT202508006901,STU006901,SCH048,2025-08-01,21,18,Illness
ATT202508006902,STU006902,SCH031,2025-08-01,20,16,Unauthorised
ATT202508006903,STU006903,SCH030,2025-08-01,19,16,Other
ATT202508006904,STU006904,SCH025,2025-08-01,19,16,Unauthorised
ATT202508006905,STU006905,SCH031,2025-08-01,18,16,Medical
ATT202508006906,STU006906,SCH043,2025-08-01,22,19,Medical
ATT202508006907,STU006907,SCH043,2025-08-01,22,19,Illness
ATT202508006908,STU006908,SCH046,2025-08-01,21,16,Other
ATT202508006909,STU006909,SCH017,2025-08-01,19,14,Illness
ATT202508006910,STU006910,SCH046,2025-08-01,19,16,Illness
ATT202508006911,STU006911,SCH036,2025-08-01,18,14,Illness
ATT202508006912,STU006912,SCH039,2025-08-01,21,19,Other
ATT202508006913,STU006913,SCH041,2025-08-01,19,17,Family
ATT202508006914,STU006914,SCH016,2025-08-01,18,15,Medical
ATT202508006915,STU006915,SCH037,2025-08-01,19,17,Family
ATT202508006916,STU006916,SCH030,2025-08-01,18,16,Medical
ATT202508006917,STU006917,SCH019,2025-08-01,22,20,Illness
ATT202508006918,STU006918,SCH033,2025-08-01,22,18,Other
ATT202508006919,STU006919,SCH035,2025-08-01,19,15,Illness
ATT202508006920,STU006920,SCH021,2025-08-01,22,17,Family
ATT202508006921,STU006921,SCH021,2025-08-01,19,16,Unauthorised
ATT202508006922,STU006922,SCH008,2025-08-01,20,17,Other
ATT202508006923,STU006923,SCH039,2025-08-01,20,17,Other
ATT202508006924,STU006924,SCH028,2025-08-01,21,19,Other
ATT202508006926,STU006926,SCH035,2025-08-01,18,15,Illness
ATT202508006927,STU006927,SCH045,2025-08-01,22,17,Medical
ATT202508006928,STU006928,SCH005,2025-08-01,20,17,Medical
ATT202508006929,STU006929,SCH022,2025-08-01,22,17,Medical
ATT202508006931,STU006931,SCH013,2025-08-01,19,17,Other
ATT202508006932,STU006932,SCH031,2025-08-01,19,16,Other
ATT202508006933,STU006933,SCH043,2025-08-01,18,15,Family
ATT202508006935,STU006935,SCH015,2025-08-01,19,17,Other
ATT202508006936,STU006936,SCH015,2025-08-01,20,16,Medical
ATT202508006937,STU006937,SCH028,2025-08-01,22,18,Medical
ATT202508006938,STU006938,SCH022,2025-08-01,21,17,Other
ATT202508006939,STU006939,SCH015,2025-08-01,20,18,Family
ATT202508006940,STU006940,SCH013,2025-08-01,19,16,Unauthorised
ATT202508006941,STU006941,SCH031,2025-08-01,20,16,Unauthorised
ATT202508006942,STU006942,SCH013,2025-08-01,20,18,Medical
ATT202508006943,STU006943,SCH009,2025-08-01,22,18,Medical
ATT202508006944,STU006944,SCH021,2025-08-01,20,15,Other
ATT202508006945,STU006945,SCH009,2025-08-01,20,17,Medical
ATT202508006947,STU006947,SCH010,2025-08-01,18,16,Medical
ATT202508006948,STU006948,SCH024,2025-08-01,20,15,Illness
ATT202508006949,STU006949,SCH010,2025-08-01,20,16,Family
ATT202508006950,STU006950,SCH035,2025-08-01,20,14,Family
ATT202508006951,STU006951,SCH009,2025-08-01,20,16,Unauthorised
ATT202508006952,STU006952,SCH004,2025-08-01,20,17,Family
ATT202508006953,STU006953,SCH028,2025-08-01,19,16,Family
ATT202508006954,STU006954,SCH023,2025-08-01,18,16,Medical
ATT202508006955,STU006955,SCH046,2025-08-01,18,14,Other
ATT202508006956,STU006956,SCH040,2025-08-01,18,16,Unauthorised
ATT202508006957,STU006957,SCH038,2025-08-01,19,16,Unauthorised
ATT202508006958,STU006958,SCH032,2025-08-01,20,17,Unauthorised
ATT202508006959,STU006959,SCH030,2025-08-01,20,17,Family
ATT202508006960,STU006960,SCH001,2025-08-01,22,16,Illness
ATT202508006961,STU006961,SCH008,2025-08-01,19,16,Unauthorised
ATT202508006962,STU006962,SCH032,2025-08-01,19,15,Family
ATT202508006963,STU006963,SCH013,2025-08-01,20,18,Other
ATT202508006964,STU006964,SCH005,2025-08-01,20,18,Medical
ATT202508006965,STU006965,SCH037,2025-08-01,20,17,Family
ATT202508006966,STU006966,SCH029,2025-08-01,18,15,Illness
ATT202508006967,STU006967,SCH017,2025-08-01,21,18,Illness
ATT202508006968,STU006968,SCH036,2025-08-01,22,19,Other
ATT202508006970,STU006970,SCH007,2025-08-01,21,17,Unauthorised
ATT202508006971,STU006971,SCH023,2025-08-01,19,16,Illness
ATT202508006972,STU006972,SCH048,2025-08-01,18,16,Unauthorised
ATT202508006973,STU006973,SCH040,2025-08-01,18,14,Illness
ATT202508006974,STU006974,SCH034,2025-08-01,21,17,Unauthorised
ATT202508006975,STU006975,SCH029,2025-08-01,20,16,Illness
ATT202508006976,STU006976,SCH048,2025-08-01,20,17,Medical
ATT202508006977,STU006977,SCH008,2025-08-01,18,16,Illness
ATT202508006978,STU006978,SCH048,2025-08-01,21,17,Illness
ATT202508006979,STU006979,SCH014,2025-08-01,22,17,Other
ATT202508006980,STU006980,SCH010,2025-08-01,18,16,Illness
ATT202508006981,STU006981,SCH021,2025-08-01,22,20,Family
ATT202508006982,STU006982,SCH042,2025-08-01,18,14,Family
ATT202508006983,STU006983,SCH018,2025-08-01,21,18,Medical
ATT202508006984,STU006984,SCH033,2025-08-01,21,19,Other
ATT202508006985,STU006985,SCH033,2025-08-01,22,20,Medical
ATT202508006986,STU006986,SCH013,2025-08-01,18,16,Medical
ATT202508006987,STU006987,SCH026,2025-08-01,18,16,Unauthorised
ATT202508006988,STU006988,SCH024,2025-08-01,21,18,Medical
ATT202508006989,STU006989,SCH025,2025-08-01,21,18,Illness
ATT202508006990,STU006990,SCH012,2025-08-01,21,18,Illness
ATT202508006991,STU006991,SCH042,2025-08-01,19,17,Other
ATT202508006992,STU006992,SCH002,2025-08-01,20,15,Illness
ATT202508006993,STU006993,SCH008,2025-08-01,20,18,Illness
ATT202508006994,STU006994,SCH023,2025-08-01,21,17,Medical
ATT202508006995,STU006995,SCH025,2025-08-01,22,20,Illness
ATT202508006997,STU006997,SCH029,2025-08-01,21,17,Family
ATT202508006998,STU006998,SCH020,2025-08-01,22,19,Medical
ATT202508006999,STU006999,SCH018,2025-08-01,19,17,Medical
ATT202508007000,STU007000,SCH043,2025-08-01,22,18,Medical
ATT202508007001,STU007001,SCH046,2025-08-01,21,19,Family
ATT202508007002,STU007002,SCH005,2025-08-01,22,18,Medical
ATT202508007003,STU007003,SCH017,2025-08-01,21,15,Other
ATT202508007004,STU007004,SCH023,2025-08-01,20,17,Illness
ATT202508007006,STU007006,SCH002,2025-08-01,22,19,Unauthorised
ATT202508007007,STU007007,SCH004,2025-08-01,22,20,Medical
ATT202508007008,STU007008,SCH015,2025-08-01,22,20,Unauthorised
ATT202508007010,STU007010,SCH008,2025-08-01,19,16,Illness
ATT202508007011,STU007011,SCH021,2025-08-01,18,16,Medical
ATT202508007012,STU007012,SCH032,2025-08-01,21,17,Unauthorised
ATT202508007013,STU007013,SCH010,2025-08-01,18,13,Illness
ATT202508007014,STU007014,SCH042,2025-08-01,21,16,Unauthorised
ATT202508007015,STU007015,SCH021,2025-08-01,18,15,Unauthorised
ATT202508007016,STU007016,SCH038,2025-08-01,18,16,Family
ATT202508007017,STU007017,SCH001,2025-08-01,22,17,Medical
ATT202508007018,STU007018,SCH040,2025-08-01,20,19,Family
ATT202508007019,STU007019,SCH011,2025-08-01,20,18,Illness
ATT202508007020,STU007020,SCH016,2025-08-01,21,18,Unauthorised
ATT202508007021,STU007021,SCH014,2025-08-01,19,17,Other
ATT202508007022,STU007022,SCH032,2025-08-01,22,19,Illness
ATT202508007023,STU007023,SCH047,2025-08-01,20,17,Medical
ATT202508007024,STU007024,SCH023,2025-08-01,20,17,Family
ATT202508007025,STU007025,SCH017,2025-08-01,19,14,Unauthorised
ATT202508007026,STU007026,SCH032,2025-08-01,18,16,Unauthorised
ATT202508007027,STU007027,SCH047,2025-08-01,20,18,Unauthorised
ATT202508007028,STU007028,SCH034,2025-08-01,20,17,Family
ATT202508007029,STU007029,SCH037,2025-08-01,22,19,Medical
ATT202508007030,STU007030,SCH020,2025-08-01,22,18,Illness
ATT202508007031,STU007031,SCH034,2025-08-01,21,18,Other
ATT202508007032,STU007032,SCH018,2025-08-01,20,17,Medical
ATT202508007033,STU007033,SCH020,2025-08-01,22,18,Illness
ATT202508007034,STU007034,SCH042,2025-08-01,20,16,Family
ATT202508007035,STU007035,SCH005,2025-08-01,19,17,Medical
ATT202508007036,STU007036,SCH009,2025-08-01,19,15,Medical
ATT202508007037,STU007037,SCH004,2025-08-01,18,16,Other
ATT202508007038,STU007038,SCH013,2025-08-01,21,18,Illness
ATT202508007040,STU007040,SCH019,2025-08-01,21,18,Unauthorised
ATT202508007041,STU007041,SCH025,2025-08-01,22,19,Medical
ATT202508007042,STU007042,SCH021,2025-08-01,22,17,Unauthorised
ATT202508007043,STU007043,SCH025,2025-08-01,20,17,Illness
ATT202508007044,STU007044,SCH027,2025-08-01,20,17,Other
ATT202508007045,STU007045,SCH020,2025-08-01,22,19,Unauthorised
ATT202508007046,STU007046,SCH035,2025-08-01,19,16,Illness
ATT202508007047,STU007047,SCH041,2025-08-01,21,19,Medical
ATT202508007048,STU007048,SCH024,2025-08-01,20,15,Family
ATT202508007049,STU007049,SCH044,2025-08-01,21,19,Illness
ATT202508007050,STU007050,SCH027,2025-08-01,21,18,Other
ATT202508007051,STU007051,SCH017,2025-08-01,20,17,Unauthorised
ATT202508007052,STU007052,SCH003,2025-08-01,19,16,Other
ATT202508007053,STU007053,SCH011,2025-08-01,20,17,Medical
ATT202508007054,STU007054,SCH044,2025-08-01,18,15,Family
ATT202508007055,STU007055,SCH007,2025-08-01,19,16,Family
ATT202508007056,STU007056,SCH002,2025-08-01,18,16,Other
ATT202508007057,STU007057,SCH004,2025-08-01,20,17,Unauthorised
ATT202508007058,STU007058,SCH002,2025-08-01,20,17,Unauthorised
ATT202508007059,STU007059,SCH032,2025-08-01,19,17,Illness
ATT202508007060,STU007060,SCH026,2025-08-01,19,17,Illness
ATT202508007061,STU007061,SCH045,2025-08-01,19,16,Family
ATT202508007062,STU007062,SCH027,2025-08-01,18,14,Family
ATT202508007063,STU007063,SCH034,2025-08-01,19,16,Family
ATT202508007064,STU007064,SCH035,2025-08-01,21,18,Other
ATT202508007065,STU007065,SCH032,2025-08-01,18,15,Unauthorised
ATT202508007067,STU007067,SCH004,2025-08-01,19,17,Other
ATT202508007069,STU007069,SCH034,2025-08-01,22,17,Medical
ATT202508007070,STU007070,SCH007,2025-08-01,19,15,Unauthorised
ATT202508007071,STU007071,SCH028,2025-08-01,18,15,Medical
ATT202508007072,STU007072,SCH039,2025-08-01,19,16,Unauthorised
ATT202508007073,STU007073,SCH028,2025-08-01,21,16,Unauthorised
ATT202508007074,STU007074,SCH046,2025-08-01,19,16,Medical
ATT202508007075,STU007075,SCH033,2025-08-01,18,17,Medical
ATT202508007076,STU007076,SCH042,2025-08-01,22,16,Other
ATT202508007077,STU007077,SCH018,2025-08-01,21,19,Illness
ATT202508007078,STU007078,SCH044,2025-08-01,19,16,Illness
ATT202508007079,STU007079,SCH039,2025-08-01,18,15,Family
ATT202508007080,STU007080,SCH013,2025-08-01,18,15,Unauthorised
ATT202508007081,STU007081,SCH043,2025-08-01,20,16,Unauthorised
ATT202508007082,STU007082,SCH045,2025-08-01,18,16,Medical
ATT202508007083,STU007083,SCH047,2025-08-01,20,19,Other
ATT202508007084,STU007084,SCH030,2025-08-01,20,17,Family
ATT202508007086,STU007086,SCH046,2025-08-01,22,17,Medical
ATT202508007089,STU007089,SCH009,2025-08-01,19,16,Medical
ATT202508007090,STU007090,SCH012,2025-08-01,22,19,Illness
ATT202508007091,STU007091,SCH023,2025-08-01,20,17,Illness
ATT202508007092,STU007092,SCH044,2025-08-01,19,16,Other
ATT202508007093,STU007093,SCH031,2025-08-01,21,18,Medical
ATT202508007094,STU007094,SCH044,2025-08-01,22,18,Other
ATT202508007095,STU007095,SCH047,2025-08-01,20,17,Other
ATT202508007098,STU007098,SCH021,2025-08-01,20,16,Other
ATT202508007099,STU007099,SCH006,2025-08-01,21,18,Family
ATT202508007100,STU007100,SCH017,2025-08-01,21,16,Other
ATT202508007101,STU007101,SCH046,2025-08-01,22,20,Other
ATT202508007102,STU007102,SCH010,2025-08-01,19,15,Family
ATT202508007104,STU007104,SCH047,2025-08-01,22,20,Medical
ATT202508007105,STU007105,SCH019,2025-08-01,21,17,Illness
ATT202508007106,STU007106,SCH003,2025-08-01,22,18,Medical
ATT202508007107,STU007107,SCH005,2025-08-01,20,18,Unauthorised
ATT202508007108,STU007108,SCH049,2025-08-01,19,16,Medical
ATT202508007109,STU007109,SCH021,2025-08-01,19,16,Illness
ATT202508007110,STU007110,SCH004,2025-08-01,20,18,Family
ATT202508007111,STU007111,SCH003,2025-08-01,19,17,Illness
ATT202508007112,STU007112,SCH043,2025-08-01,20,18,Family
ATT202508007113,STU007113,SCH039,2025-08-01,21,18,Other
ATT202508007114,STU007114,SCH010,2025-08-01,19,16,Medical
ATT202508007115,STU007115,SCH020,2025-08-01,20,16,Family
ATT202508007116,STU007116,SCH046,2025-08-01,18,16,Illness
ATT202508007119,STU007119,SCH036,2025-08-01,19,17,Other
ATT202508007120,STU007120,SCH048,2025-08-01,18,16,Family
ATT202508007121,STU007121,SCH021,2025-08-01,18,14,Family
ATT202508007122,STU007122,SCH008,2025-08-01,19,17,Medical
ATT202508007124,STU007124,SCH046,2025-08-01,22,19,Unauthorised
ATT202508007126,STU007126,SCH027,2025-08-01,19,16,Family
ATT202508007127,STU007127,SCH010,2025-08-01,21,18,Other
ATT202508007128,STU007128,SCH045,2025-08-01,20,17,Unauthorised
ATT202508007129,STU007129,SCH013,2025-08-01,20,17,Other
ATT202508007130,STU007130,SCH047,2025-08-01,20,17,Medical
ATT202508007131,STU007131,SCH021,2025-08-01,22,17,Family
ATT202508007132,STU007132,SCH033,2025-08-01,19,17,Illness
ATT202508007133,STU007133,SCH021,2025-08-01,18,15,Family
ATT202508007135,STU007135,SCH030,2025-08-01,21,19,Medical
ATT202508007136,STU007136,SCH018,2025-08-01,19,15,Illness
ATT202508007137,STU007137,SCH027,2025-08-01,21,19,Illness
ATT202508007139,STU007139,SCH030,2025-08-01,20,18,Illness
ATT202508007140,STU007140,SCH021,2025-08-01,21,17,Family
ATT202508007141,STU007141,SCH010,2025-08-01,22,18,Medical
ATT202508007142,STU007142,SCH039,2025-08-01,22,18,Medical
ATT202508007143,STU007143,SCH010,2025-08-01,19,17,Illness
ATT202508007144,STU007144,SCH044,2025-08-01,20,16,Other
ATT202508007145,STU007145,SCH048,2025-08-01,20,16,Family
ATT202508007146,STU007146,SCH031,2025-08-01,20,16,Unauthorised
ATT202508007148,STU007148,SCH002,2025-08-01,22,16,Family
ATT202508007150,STU007150,SCH021,2025-08-01,21,17,Family
ATT202508007151,STU007151,SCH010,2025-08-01,19,14,Unauthorised
ATT202508007152,STU007152,SCH023,2025-08-01,20,16,Unauthorised
ATT202508007153,STU007153,SCH034,2025-08-01,21,16,Other
ATT202508007154,STU007154,SCH021,2025-08-01,18,13,Other
ATT202508007155,STU007155,SCH039,2025-08-01,22,19,Illness
ATT202508007156,STU007156,SCH022,2025-08-01,18,14,Other
ATT202508007157,STU007157,SCH005,2025-08-01,18,15,Illness
ATT202508007158,STU007158,SCH011,2025-08-01,22,18,Family
ATT202508007159,STU007159,SCH020,2025-08-01,21,19,Unauthorised
ATT202508007160,STU007160,SCH024,2025-08-01,20,16,Medical
ATT202508007161,STU007161,SCH049,2025-08-01,19,16,Unauthorised
ATT202508007162,STU007162,SCH035,2025-08-01,21,18,Medical
ATT202508007163,STU007163,SCH020,2025-08-01,18,17,Other
ATT202508007164,STU007164,SCH021,2025-08-01,18,15,Other
ATT202508007165,STU007165,SCH021,2025-08-01,18,13,Other
ATT202508007166,STU007166,SCH007,2025-08-01,21,18,Unauthorised
ATT202508007167,STU007167,SCH022,2025-08-01,20,17,Unauthorised
ATT202508007169,STU007169,SCH046,2025-08-01,20,17,Other
ATT202508007170,STU007170,SCH021,2025-08-01,22,18,Unauthorised
ATT202508007171,STU007171,SCH007,2025-08-01,22,19,Illness
ATT202508007172,STU007172,SCH031,2025-08-01,20,18,Unauthorised
ATT202508007173,STU007173,SCH042,2025-08-01,19,13,Illness
ATT202508007174,STU007174,SCH047,2025-08-01,18,15,Unauthorised
ATT202508007175,STU007175,SCH038,2025-08-01,18,15,Unauthorised
ATT202508007176,STU007176,SCH044,2025-08-01,18,15,Illness
ATT202508007177,STU007177,SCH046,2025-08-01,22,19,Other
ATT202508007178,STU007178,SCH040,2025-08-01,20,17,Other
ATT202508007180,STU007180,SCH036,2025-08-01,19,17,Illness
ATT202508007181,STU007181,SCH010,2025-08-01,19,17,Family
ATT202508007183,STU007183,SCH007,2025-08-01,22,18,Medical
ATT202508007184,STU007184,SCH009,2025-08-01,20,16,Illness
ATT202508007185,STU007185,SCH038,2025-08-01,19,17,Family
ATT202508007186,STU007186,SCH002,2025-08-01,20,16,Medical
ATT202508007188,STU007188,SCH041,2025-08-01,21,18,Illness
ATT202508007189,STU007189,SCH010,2025-08-01,20,16,Illness
ATT202508007190,STU007190,SCH035,2025-08-01,19,15,Unauthorised
ATT202508007191,STU007191,SCH013,2025-08-01,18,16,Unauthorised
ATT202508007192,STU007192,SCH031,2025-08-01,21,18,Illness
ATT202508007193,STU007193,SCH011,2025-08-01,18,16,Medical
ATT202508007194,STU007194,SCH025,2025-08-01,20,18,Unauthorised
ATT202508007195,STU007195,SCH037,2025-08-01,20,17,Unauthorised
ATT202508007197,STU007197,SCH032,2025-08-01,18,14,Medical
ATT202508007198,STU007198,SCH031,2025-08-01,19,17,Unauthorised
ATT202508007199,STU007199,SCH034,2025-08-01,22,16,Other
ATT202508007200,STU007200,SCH010,2025-08-01,18,14,Family
ATT202508007202,STU007202,SCH010,2025-08-01,22,19,Other
ATT202508007203,STU007203,SCH028,2025-08-01,22,18,Other
ATT202508007204,STU007204,SCH018,2025-08-01,18,15,Other
ATT202508007205,STU007205,SCH035,2025-08-01,19,15,Other
ATT202508007206,STU007206,SCH025,2025-08-01,18,16,Unauthorised
ATT202508007207,STU007207,SCH031,2025-08-01,18,15,Medical
ATT202508007208,STU007208,SCH041,2025-08-01,20,17,Unauthorised
ATT202508007209,STU007209,SCH006,2025-08-01,22,19,Medical
ATT202508007210,STU007210,SCH003,2025-08-01,20,17,Unauthorised
ATT202508007211,STU007211,SCH021,2025-08-01,20,15,Unauthorised
ATT202508007212,STU007212,SCH010,2025-08-01,18,15,Other
ATT202508007213,STU007213,SCH033,2025-08-01,18,16,Other
ATT202508007214,STU007214,SCH010,2025-08-01,19,15,Other
ATT202508007215,STU007215,SCH041,2025-08-01,19,16,Other
ATT202508007216,STU007216,SCH049,2025-08-01,21,17,Illness
ATT202508007217,STU007217,SCH001,2025-08-01,21,18,Other
ATT202508007218,STU007218,SCH037,2025-08-01,19,16,Medical
ATT202508007219,STU007219,SCH042,2025-08-01,18,15,Other
ATT202508007220,STU007220,SCH032,2025-08-01,19,15,Illness
ATT202508007221,STU007221,SCH010,2025-08-01,21,18,Medical
ATT202508007222,STU007222,SCH027,2025-08-01,20,17,Family
ATT202508007223,STU007223,SCH010,2025-08-01,19,16,Family
ATT202508007224,STU007224,SCH049,2025-08-01,19,16,Unauthorised
ATT202508007225,STU007225,SCH046,2025-08-01,22,18,Illness
ATT202508007226,STU007226,SCH009,2025-08-01,19,14,Medical
ATT202508007227,STU007227,SCH006,2025-08-01,18,14,Unauthorised
ATT202508007228,STU007228,SCH043,2025-08-01,21,17,Other
ATT202508007229,STU007229,SCH019,2025-08-01,20,17,Illness
ATT202508007231,STU007231,SCH033,2025-08-01,20,18,Other
ATT202508007232,STU007232,SCH008,2025-08-01,18,15,Medical
ATT202508007233,STU007233,SCH044,2025-08-01,22,18,Unauthorised
ATT202508007235,STU007235,SCH045,2025-08-01,19,16,Illness
ATT202508007236,STU007236,SCH024,2025-08-01,22,17,Illness
ATT202508007237,STU007237,SCH026,2025-08-01,22,19,Other
ATT202508007238,STU007238,SCH011,2025-08-01,19,16,Other
ATT202508007240,STU007240,SCH015,2025-08-01,19,16,Illness
ATT202508007241,STU007241,SCH046,2025-08-01,22,19,Family
ATT202508007242,STU007242,SCH042,2025-08-01,22,19,Family
ATT202508007243,STU007243,SCH036,2025-08-01,20,16,Other
ATT202508007244,STU007244,SCH018,2025-08-01,22,19,Other
ATT202508007245,STU007245,SCH019,2025-08-01,22,20,Illness
ATT202508007246,STU007246,SCH031,2025-08-01,22,19,Illness
ATT202508007247,STU007247,SCH037,2025-08-01,18,16,Unauthorised
ATT202508007248,STU007248,SCH006,2025-08-01,18,16,Family
ATT202508007250,STU007250,SCH003,2025-08-01,21,18,Family
ATT202508007251,STU007251,SCH002,2025-08-01,19,15,Other
ATT202508007252,STU007252,SCH021,2025-08-01,21,16,Unauthorised
ATT202508007253,STU007253,SCH020,2025-08-01,20,18,Other
ATT202508007254,STU007254,SCH023,2025-08-01,18,15,Family
ATT202508007255,STU007255,SCH048,2025-08-01,22,19,Medical
ATT202508007256,STU007256,SCH015,2025-08-01,21,17,Other
ATT202508007257,STU007257,SCH033,2025-08-01,18,16,Family
ATT202508007258,STU007258,SCH023,2025-08-01,20,17,Family
ATT202508007259,STU007259,SCH041,2025-08-01,19,17,Family
ATT202508007260,STU007260,SCH028,2025-08-01,21,18,Family
ATT202508007261,STU007261,SCH024,2025-08-01,21,16,Illness
ATT202508007262,STU007262,SCH032,2025-08-01,18,15,Other
ATT202508007263,STU007263,SCH028,2025-08-01,18,15,Other
ATT202508007264,STU007264,SCH029,2025-08-01,21,17,Illness
ATT202508007265,STU007265,SCH005,2025-08-01,21,16,Illness
ATT202508007266,STU007266,SCH045,2025-08-01,21,19,Illness
ATT202508007267,STU007267,SCH031,2025-08-01,20,17,Family
ATT202508007268,STU007268,SCH004,2025-08-01,20,16,Unauthorised
ATT202508007270,STU007270,SCH030,2025-08-01,18,14,Unauthorised
ATT202508007273,STU007273,SCH036,2025-08-01,20,18,Other
ATT202508007274,STU007274,SCH046,2025-08-01,20,16,Other
ATT202508007275,STU007275,SCH009,2025-08-01,20,17,Illness
ATT202508007276,STU007276,SCH029,2025-08-01,18,17,Family
ATT202508007277,STU007277,SCH030,2025-08-01,22,19,Medical
ATT202508007278,STU007278,SCH046,2025-08-01,20,17,Illness
ATT202508007279,STU007279,SCH022,2025-08-01,19,15,Medical
ATT202508007280,STU007280,SCH011,2025-08-01,20,17,Other
ATT202508007281,STU007281,SCH047,2025-08-01,22,19,Family
ATT202508007282,STU007282,SCH008,2025-08-01,22,20,Unauthorised
ATT202508007283,STU007283,SCH026,2025-08-01,22,19,Medical
ATT202508007284,STU007284,SCH007,2025-08-01,18,15,Unauthorised
ATT202508007285,STU007285,SCH004,2025-08-01,18,17,Other
ATT202508007286,STU007286,SCH002,2025-08-01,19,16,Other
ATT202508007287,STU007287,SCH007,2025-08-01,18,15,Other
ATT202508007288,STU007288,SCH014,2025-08-01,21,17,Medical
ATT202508007289,STU007289,SCH023,2025-08-01,22,20,Other
ATT202508007290,STU007290,SCH017,2025-08-01,22,19,Other
ATT202508007291,STU007291,SCH018,2025-08-01,19,18,Medical
ATT202508007292,STU007292,SCH009,2025-08-01,18,15,Medical
ATT202508007293,STU007293,SCH049,2025-08-01,22,17,Family
ATT202508007294,STU007294,SCH011,2025-08-01,21,18,Medical
ATT202508007295,STU007295,SCH028,2025-08-01,20,17,Medical
ATT202508007297,STU007297,SCH046,2025-08-01,22,17,Unauthorised
ATT202508007298,STU007298,SCH010,2025-08-01,18,14,Unauthorised
ATT202508007299,STU007299,SCH049,2025-08-01,19,15,Other
ATT202508007300,STU007300,SCH044,2025-08-01,22,18,Medical
ATT202508007301,STU007301,SCH046,2025-08-01,22,18,Other
ATT202508007302,STU007302,SCH006,2025-08-01,20,15,Medical
ATT202508007304,STU007304,SCH002,2025-08-01,18,16,Unauthorised
ATT202508007305,STU007305,SCH011,2025-08-01,18,15,Family
ATT202508007306,STU007306,SCH011,2025-08-01,20,17,Family
ATT202508007307,STU007307,SCH023,2025-08-01,19,17,Medical
ATT202508007308,STU007308,SCH045,2025-08-01,18,14,Other
ATT202508007310,STU007310,SCH045,2025-08-01,22,18,Family
ATT202508007311,STU007311,SCH047,2025-08-01,21,18,Other
ATT202508007312,STU007312,SCH032,2025-08-01,20,17,Family
ATT202508007313,STU007313,SCH005,2025-08-01,21,17,Family
ATT202508007319,STU007319,SCH029,2025-08-01,20,15,Illness
ATT202508007320,STU007320,SCH049,2025-08-01,18,14,Family
ATT202508007321,STU007321,SCH047,2025-08-01,21,18,Unauthorised
ATT202508007322,STU007322,SCH039,2025-08-01,20,16,Illness
ATT202508007323,STU007323,SCH025,2025-08-01,22,19,Other
ATT202508007324,STU007324,SCH012,2025-08-01,20,18,Unauthorised
ATT202508007325,STU007325,SCH046,2025-08-01,20,16,Illness
ATT202508007326,STU007326,SCH033,2025-08-01,20,18,Illness
ATT202508007327,STU007327,SCH011,2025-08-01,19,15,Unauthorised
ATT202508007328,STU007328,SCH003,2025-08-01,18,15,Medical
ATT202508007331,STU007331,SCH048,2025-08-01,19,17,Unauthorised
ATT202508007332,STU007332,SCH028,2025-08-01,21,16,Family
ATT202508007333,STU007333,SCH002,2025-08-01,19,14,Medical
ATT202508007334,STU007334,SCH010,2025-08-01,21,19,Medical
ATT202508007335,STU007335,SCH014,2025-08-01,22,18,Illness
ATT202508007336,STU007336,SCH027,2025-08-01,20,17,Unauthorised
ATT202508007337,STU007337,SCH035,2025-08-01,22,17,Unauthorised
ATT202508007338,STU007338,SCH020,2025-08-01,22,19,Family
ATT202508007339,STU007339,SCH032,2025-08-01,20,17,Other
ATT202508007340,STU007340,SCH026,2025-08-01,20,18,Family
ATT202508007341,STU007341,SCH038,2025-08-01,19,17,Family
ATT202508007342,STU007342,SCH039,2025-08-01,19,17,Other
ATT202508007343,STU007343,SCH028,2025-08-01,18,16,Medical
ATT202508007344,STU007344,SCH027,2025-08-01,20,16,Medical
ATT202508007345,STU007345,SCH045,2025-08-01,20,17,Unauthorised
ATT202508007347,STU007347,SCH013,2025-08-01,19,16,Family
ATT202508007348,STU007348,SCH004,2025-08-01,20,16,Illness
ATT202508007349,STU007349,SCH011,2025-08-01,18,16,Unauthorised
ATT202508007351,STU007351,SCH009,2025-08-01,22,19,Family
ATT202508007352,STU007352,SCH028,2025-08-01,21,18,Family
ATT202508007353,STU007353,SCH020,2025-08-01,20,19,Other
ATT202508007354,STU007354,SCH036,2025-08-01,21,18,Illness
ATT202508007355,STU007355,SCH021,2025-08-01,21,18,Illness
ATT202508007356,STU007356,SCH012,2025-08-01,22,18,Illness
ATT202508007357,STU007357,SCH031,2025-08-01,22,19,Illness
ATT202508007358,STU007358,SCH038,2025-08-01,21,18,Illness
ATT202508007359,STU007359,SCH026,2025-08-01,21,18,Unauthorised
ATT202508007361,STU007361,SCH043,2025-08-01,22,18,Unauthorised
ATT202508007362,STU007362,SCH010,2025-08-01,21,19,Unauthorised
ATT202508007363,STU007363,SCH049,2025-08-01,18,12,Family
ATT202508007364,STU007364,SCH046,2025-08-01,19,15,Family
ATT202508007365,STU007365,SCH027,2025-08-01,18,16,Unauthorised
ATT202508007366,STU007366,SCH003,2025-08-01,18,17,Other
ATT202508007367,STU007367,SCH007,2025-08-01,18,16,Medical
ATT202508007368,STU007368,SCH014,2025-08-01,19,16,Medical
ATT202508007369,STU007369,SCH031,2025-08-01,18,16,Other
ATT202508007370,STU007370,SCH029,2025-08-01,22,18,Family
ATT202508007371,STU007371,SCH001,2025-08-01,19,15,Medical
ATT202508007374,STU007374,SCH011,2025-08-01,19,17,Medical
ATT202508007376,STU007376,SCH029,2025-08-01,22,19,Family
ATT202508007377,STU007377,SCH004,2025-08-01,18,15,Unauthorised
ATT202508007378,STU007378,SCH006,2025-08-01,18,16,Unauthorised
ATT202508007379,STU007379,SCH021,2025-08-01,21,16,Medical
ATT202508007380,STU007380,SCH035,2025-08-01,18,14,Unauthorised
ATT202508007381,STU007381,SCH046,2025-08-01,18,15,Medical
ATT202508007384,STU007384,SCH041,2025-08-01,22,18,Other
ATT202508007385,STU007385,SCH019,2025-08-01,22,18,Unauthorised
ATT202508007386,STU007386,SCH020,2025-08-01,19,18,Unauthorised
ATT202508007387,STU007387,SCH029,2025-08-01,22,18,Unauthorised
ATT202508007388,STU007388,SCH035,2025-08-01,18,15,Unauthorised
ATT202508007389,STU007389,SCH022,2025-08-01,19,14,Family
ATT202508007390,STU007390,SCH027,2025-08-01,20,17,Unauthorised
ATT202508007392,STU007392,SCH016,2025-08-01,20,17,Family
ATT202508007393,STU007393,SCH048,2025-08-01,18,16,Family
ATT202508007394,STU007394,SCH037,2025-08-01,21,19,Unauthorised
ATT202508007395,STU007395,SCH033,2025-08-01,19,17,Other
ATT202508007396,STU007396,SCH015,2025-08-01,18,16,Other
ATT202508007397,STU007397,SCH044,2025-08-01,20,16,Other
ATT202508007398,STU007398,SCH012,2025-08-01,21,18,Other
ATT202508007399,STU007399,SCH043,2025-08-01,22,18,Medical
ATT202508007400,STU007400,SCH038,2025-08-01,18,15,Illness
ATT202508007401,STU007401,SCH046,2025-08-01,18,14,Illness
ATT202508007402,STU007402,SCH013,2025-08-01,20,18,Unauthorised
ATT202508007404,STU007404,SCH011,2025-08-01,20,17,Medical
ATT202508007405,STU007405,SCH043,2025-08-01,21,17,Other
ATT202508007406,STU007406,SCH006,2025-08-01,22,19,Illness
ATT202508007407,STU007407,SCH010,2025-08-01,21,17,Family
ATT202508007408,STU007408,SCH014,2025-08-01,19,15,Other
ATT202508007409,STU007409,SCH041,2025-08-01,20,17,Illness
ATT202508007410,STU007410,SCH028,2025-08-01,19,16,Other
ATT202508007411,STU007411,SCH021,2025-08-01,18,13,Unauthorised
ATT202508007412,STU007412,SCH038,2025-08-01,19,16,Medical
ATT202508007413,STU007413,SCH043,2025-08-01,20,17,Unauthorised
ATT202508007414,STU007414,SCH043,2025-08-01,21,18,Unauthorised
ATT202508007415,STU007415,SCH046,2025-08-01,21,18,Medical
ATT202508007416,STU007416,SCH023,2025-08-01,21,17,Other
ATT202508007417,STU007417,SCH001,2025-08-01,20,16,Medical
ATT202508007418,STU007418,SCH010,2025-08-01,22,17,Unauthorised
ATT202508007419,STU007419,SCH028,2025-08-01,19,16,Unauthorised
ATT202508007420,STU007420,SCH016,2025-08-01,21,18,Other
ATT202508007421,STU007421,SCH014,2025-08-01,20,16,Other
ATT202508007422,STU007422,SCH039,2025-08-01,22,19,Illness
ATT202508007423,STU007423,SCH039,2025-08-01,22,18,Medical
ATT202508007424,STU007424,SCH048,2025-08-01,22,19,Illness
ATT202508007425,STU007425,SCH014,2025-08-01,19,15,Illness
ATT202508007426,STU007426,SCH015,2025-08-01,22,19,Family
ATT202508007427,STU007427,SCH009,2025-08-01,20,17,Other
ATT202508007428,STU007428,SCH040,2025-08-01,22,18,Other
ATT202508007429,STU007429,SCH027,2025-08-01,18,16,Medical
ATT202508007430,STU007430,SCH018,2025-08-01,19,18,Family
ATT202508007431,STU007431,SCH018,2025-08-01,20,19,Other
ATT202508007432,STU007432,SCH033,2025-08-01,22,18,Medical
ATT202508007433,STU007433,SCH048,2025-08-01,19,17,Medical
ATT202508007434,STU007434,SCH047,2025-08-01,20,17,Illness
ATT202508007435,STU007435,SCH002,2025-08-01,22,17,Unauthorised
ATT202508007436,STU007436,SCH036,2025-08-01,21,18,Medical
ATT202508007437,STU007437,SCH010,2025-08-01,21,18,Family
ATT202508007438,STU007438,SCH034,2025-08-01,21,17,Medical
ATT202508007439,STU007439,SCH018,2025-08-01,18,15,Other
ATT202508007440,STU007440,SCH007,2025-08-01,21,19,Illness
ATT202508007441,STU007441,SCH011,2025-08-01,19,17,Medical
ATT202508007443,STU007443,SCH035,2025-08-01,22,17,Other
ATT202508007444,STU007444,SCH031,2025-08-01,19,16,Unauthorised
ATT202508007445,STU007445,SCH041,2025-08-01,22,19,Illness
ATT202508007446,STU007446,SCH033,2025-08-01,20,17,Other
ATT202508007447,STU007447,SCH018,2025-08-01,22,19,Medical
ATT202508007448,STU007448,SCH030,2025-08-01,19,16,Medical
ATT202508007449,STU007449,SCH046,2025-08-01,20,17,Unauthorised
ATT202508007450,STU007450,SCH045,2025-08-01,20,17,Medical
ATT202508007451,STU007451,SCH031,2025-08-01,18,15,Family
ATT202508007452,STU007452,SCH034,2025-08-01,21,18,Other
ATT202508007453,STU007453,SCH003,2025-08-01,20,17,Other
ATT202508007454,STU007454,SCH042,2025-08-01,22,18,Other
ATT202508007455,STU007455,SCH040,2025-08-01,19,16,Other
ATT202508007456,STU007456,SCH046,2025-08-01,21,16,Medical
ATT202508007457,STU007457,SCH014,2025-08-01,18,14,Family
ATT202508007458,STU007458,SCH009,2025-08-01,21,17,Unauthorised
ATT202508007459,STU007459,SCH044,2025-08-01,20,17,Other
ATT202508007460,STU007460,SCH045,2025-08-01,19,16,Unauthorised
ATT202508007462,STU007462,SCH012,2025-08-01,20,18,Unauthorised
ATT202508007463,STU007463,SCH029,2025-08-01,21,18,Illness
ATT202508007464,STU007464,SCH045,2025-08-01,21,17,Medical
ATT202508007465,STU007465,SCH012,2025-08-01,21,17,Family
ATT202508007466,STU007466,SCH042,2025-08-01,20,16,Family
ATT202508007467,STU007467,SCH006,2025-08-01,18,15,Family
ATT202508007469,STU007469,SCH037,2025-08-01,21,18,Other
ATT202508007470,STU007470,SCH005,2025-08-01,18,15,Family
ATT202508007471,STU007471,SCH006,2025-08-01,19,16,Family
ATT202508007472,STU007472,SCH033,2025-08-01,20,16,Other
ATT202508007473,STU007473,SCH014,2025-08-01,20,16,Illness
ATT202508007474,STU007474,SCH014,2025-08-01,19,16,Unauthorised
ATT202508007475,STU007475,SCH041,2025-08-01,20,18,Medical
ATT202508007476,STU007476,SCH011,2025-08-01,19,16,Other
ATT202508007477,STU007477,SCH029,2025-08-01,21,16,Medical
ATT202508007478,STU007478,SCH016,2025-08-01,22,19,Medical
ATT202508007482,STU007482,SCH017,2025-08-01,18,15,Unauthorised
ATT202508007483,STU007483,SCH035,2025-08-01,22,18,Unauthorised
ATT202508007484,STU007484,SCH046,2025-08-01,20,16,Other
ATT202508007485,STU007485,SCH010,2025-08-01,20,16,Illness
ATT202508007486,STU007486,SCH010,2025-08-01,21,18,Medical
ATT202508007489,STU007489,SCH019,2025-08-01,20,17,Medical
ATT202508007490,STU007490,SCH029,2025-08-01,22,18,Family
ATT202508007491,STU007491,SCH046,2025-08-01,18,15,Medical
ATT202508007492,STU007492,SCH041,2025-08-01,22,20,Unauthorised
ATT202508007493,STU007493,SCH011,2025-08-01,22,19,Family
ATT202508007494,STU007494,SCH019,2025-08-01,19,16,Medical
ATT202508007495,STU007495,SCH011,2025-08-01,20,18,Family
ATT202508007496,STU007496,SCH029,2025-08-01,21,18,Other
ATT202508007497,STU007497,SCH018,2025-08-01,21,19,Illness
ATT202508007498,STU007498,SCH012,2025-08-01,22,18,Illness
ATT202508007499,STU007499,SCH001,2025-08-01,20,15,Medical
ATT202508007500,STU007500,SCH032,2025-08-01,21,18,Other
ATT202508007501,STU007501,SCH003,2025-08-01,21,19,Medical
ATT202508007502,STU007502,SCH019,2025-08-01,19,17,Family
ATT202508007504,STU007504,SCH005,2025-08-01,19,16,Illness
ATT202508007505,STU007505,SCH029,2025-08-01,21,16,Unauthorised
ATT202508007506,STU007506,SCH020,2025-08-01,18,16,Family
ATT202508007507,STU007507,SCH008,2025-08-01,22,19,Unauthorised
ATT202508007508,STU007508,SCH041,2025-08-01,18,15,Unauthorised
ATT202508007509,STU007509,SCH012,2025-08-01,21,17,Illness
ATT202508007510,STU007510,SCH016,2025-08-01,21,18,Unauthorised
ATT202508007511,STU007511,SCH045,2025-08-01,21,18,Medical
ATT202508007512,STU007512,SCH047,2025-08-01,18,16,Illness
ATT202508007513,STU007513,SCH035,2025-08-01,19,14,Illness
ATT202508007514,STU007514,SCH027,2025-08-01,20,17,Family
ATT202508007515,STU007515,SCH049,2025-08-01,18,13,Medical
ATT202508007516,STU007516,SCH008,2025-08-01,20,16,Family
ATT202508007517,STU007517,SCH033,2025-08-01,22,20,Illness
ATT202508007518,STU007518,SCH041,2025-08-01,19,17,Other
ATT202508007519,STU007519,SCH030,2025-08-01,22,18,Family
ATT202508007520,STU007520,SCH048,2025-08-01,20,18,Medical
ATT202508007522,STU007522,SCH007,2025-08-01,18,15,Other
ATT202508007523,STU007523,SCH006,2025-08-01,20,18,Family
ATT202508007524,STU007524,SCH003,2025-08-01,20,18,Medical
ATT202508007525,STU007525,SCH035,2025-08-01,22,16,Other
ATT202508007526,STU007526,SCH025,2025-08-01,21,19,Other
ATT202508007527,STU007527,SCH024,2025-08-01,18,13,Family
ATT202508007528,STU007528,SCH015,2025-08-01,18,16,Medical
ATT202508007529,STU007529,SCH003,2025-08-01,20,17,Illness
ATT202508007531,STU007531,SCH046,2025-08-01,19,17,Family
ATT202508007532,STU007532,SCH048,2025-08-01,20,16,Family
ATT202508007533,STU007533,SCH031,2025-08-01,18,14,Medical
ATT202508007534,STU007534,SCH007,2025-08-01,18,15,Other
ATT202508007535,STU007535,SCH015,2025-08-01,19,15,Unauthorised
ATT202508007536,STU007536,SCH019,2025-08-01,22,20,Family
ATT202508007537,STU007537,SCH028,2025-08-01,20,17,Family
ATT202508007538,STU007538,SCH026,2025-08-01,19,16,Other
ATT202508007539,STU007539,SCH044,2025-08-01,20,17,Medical
ATT202508007540,STU007540,SCH035,2025-08-01,21,17,Family
ATT202508007541,STU007541,SCH031,2025-08-01,19,16,Illness
ATT202508007542,STU007542,SCH037,2025-08-01,18,15,Other
ATT202508007543,STU007543,SCH008,2025-08-01,20,17,Unauthorised
ATT202508007544,STU007544,SCH046,2025-08-01,21,16,Other
ATT202508007546,STU007546,SCH037,2025-08-01,21,19,Unauthorised
ATT202508007547,STU007547,SCH021,2025-08-01,18,13,Family
ATT202508007548,STU007548,SCH021,2025-08-01,20,14,Family
ATT202508007549,STU007549,SCH035,2025-08-01,19,16,Family
ATT202508007550,STU007550,SCH032,2025-08-01,21,17,Illness
ATT202508007551,STU007551,SCH008,2025-08-01,21,17,Illness
ATT202508007552,STU007552,SCH004,2025-08-01,19,17,Medical
ATT202508007553,STU007553,SCH029,2025-08-01,21,17,Family
ATT202508007554,STU007554,SCH043,2025-08-01,21,18,Other
ATT202508007556,STU007556,SCH041,2025-08-01,18,15,Illness
ATT202508007557,STU007557,SCH046,2025-08-01,20,19,Unauthorised
ATT202508007558,STU007558,SCH010,2025-08-01,21,16,Unauthorised
ATT202508007559,STU007559,SCH046,2025-08-01,21,18,Medical
ATT202508007560,STU007560,SCH031,2025-08-01,18,16,Medical
ATT202508007561,STU007561,SCH019,2025-08-01,18,15,Family
ATT202508007562,STU007562,SCH013,2025-08-01,18,16,Unauthorised
ATT202508007563,STU007563,SCH019,2025-08-01,22,19,Other
ATT202508007564,STU007564,SCH006,2025-08-01,22,19,Other
ATT202508007565,STU007565,SCH011,2025-08-01,19,17,Family
ATT202508007567,STU007567,SCH029,2025-08-01,21,18,Illness
ATT202508007568,STU007568,SCH017,2025-08-01,22,15,Unauthorised
ATT202508007569,STU007569,SCH044,2025-08-01,21,18,Family
ATT202508007570,STU007570,SCH046,2025-08-01,18,14,Illness
ATT202508007571,STU007571,SCH014,2025-08-01,18,14,Other
ATT202508007572,STU007572,SCH023,2025-08-01,18,15,Other
ATT202508007573,STU007573,SCH017,2025-08-01,22,17,Illness
ATT202508007574,STU007574,SCH006,2025-08-01,18,14,Illness
ATT202508007575,STU007575,SCH047,2025-08-01,19,16,Illness
ATT202508007576,STU007576,SCH043,2025-08-01,22,18,Illness
ATT202508007577,STU007577,SCH028,2025-08-01,21,16,Unauthorised
ATT202508007578,STU007578,SCH003,2025-08-01,19,16,Unauthorised
ATT202508007579,STU007579,SCH036,2025-08-01,20,17,Illness
ATT202508007580,STU007580,SCH039,2025-08-01,22,18,Medical
ATT202508007581,STU007581,SCH006,2025-08-01,20,17,Unauthorised
ATT202508007582,STU007582,SCH033,2025-08-01,20,17,Unauthorised
ATT202508007583,STU007583,SCH036,2025-08-01,22,18,Other
ATT202508007584,STU007584,SCH008,2025-08-01,22,19,Unauthorised
ATT202508007585,STU007585,SCH049,2025-08-01,21,18,Other
ATT202508007586,STU007586,SCH003,2025-08-01,19,16,Illness
ATT202508007587,STU007587,SCH031,2025-08-01,19,16,Unauthorised
ATT202508007588,STU007588,SCH020,2025-08-01,19,16,Unauthorised
ATT202508007589,STU007589,SCH046,2025-08-01,19,16,Unauthorised
ATT202508007591,STU007591,SCH022,2025-08-01,18,14,Family
ATT202508007592,STU007592,SCH027,2025-08-01,21,17,Illness
ATT202508007593,STU007593,SCH002,2025-08-01,18,13,Medical
ATT202508007594,STU007594,SCH031,2025-08-01,22,17,Other
ATT202508007595,STU007595,SCH017,2025-08-01,19,15,Medical
ATT202508007596,STU007596,SCH014,2025-08-01,18,15,Family
ATT202508007597,STU007597,SCH046,2025-08-01,18,14,Other
ATT202508007598,STU007598,SCH043,2025-08-01,19,16,Family
ATT202508007599,STU007599,SCH018,2025-08-01,21,17,Other
ATT202508007600,STU007600,SCH008,2025-08-01,22,19,Medical
ATT202508007601,STU007601,SCH043,2025-08-01,19,16,Other
ATT202508007602,STU007602,SCH031,2025-08-01,20,14,Illness
ATT202508007603,STU007603,SCH046,2025-08-01,18,16,Other
ATT202508007604,STU007604,SCH025,2025-08-01,21,17,Illness
ATT202508007605,STU007605,SCH005,2025-08-01,21,18,Family
ATT202508007606,STU007606,SCH034,2025-08-01,18,13,Illness
ATT202508007607,STU007607,SCH029,2025-08-01,20,16,Other
ATT202508007608,STU007608,SCH028,2025-08-01,19,16,Illness
ATT202508007610,STU007610,SCH023,2025-08-01,21,17,Unauthorised
ATT202508007611,STU007611,SCH043,2025-08-01,22,17,Family
ATT202508007612,STU007612,SCH034,2025-08-01,21,16,Illness
ATT202508007613,STU007613,SCH002,2025-08-01,20,15,Medical
ATT202508007614,STU007614,SCH010,2025-08-01,21,16,Medical
ATT202508007615,STU007615,SCH001,2025-08-01,21,18,Unauthorised
ATT202508007616,STU007616,SCH002,2025-08-01,20,17,Medical
ATT202508007617,STU007617,SCH027,2025-08-01,19,16,Medical
ATT202508007618,STU007618,SCH036,2025-08-01,22,21,Illness
ATT202508007619,STU007619,SCH032,2025-08-01,20,16,Illness
ATT202508007620,STU007620,SCH007,2025-08-01,18,14,Unauthorised
ATT202508007621,STU007621,SCH021,2025-08-01,22,17,Other
ATT202508007622,STU007622,SCH002,2025-08-01,19,16,Illness
ATT202508007623,STU007623,SCH031,2025-08-01,18,14,Illness
ATT202508007624,STU007624,SCH039,2025-08-01,20,17,Illness
ATT202508007626,STU007626,SCH032,2025-08-01,20,17,Illness
ATT202508007628,STU007628,SCH005,2025-08-01,21,19,Other
ATT202508007629,STU007629,SCH029,2025-08-01,20,17,Unauthorised
ATT202508007630,STU007630,SCH031,2025-08-01,18,16,Unauthorised
ATT202508007631,STU007631,SCH040,2025-08-01,21,18,Medical
ATT202508007632,STU007632,SCH014,2025-08-01,18,14,Medical
ATT202508007633,STU007633,SCH038,2025-08-01,20,17,Family
ATT202508007634,STU007634,SCH029,2025-08-01,21,18,Other
ATT202508007635,STU007635,SCH029,2025-08-01,20,17,Family
ATT202508007638,STU007638,SCH008,2025-08-01,18,16,Unauthorised
ATT202508007639,STU007639,SCH040,2025-08-01,20,17,Unauthorised
ATT202508007640,STU007640,SCH039,2025-08-01,22,18,Unauthorised
ATT202508007643,STU007643,SCH041,2025-08-01,19,17,Medical
ATT202508007644,STU007644,SCH004,2025-08-01,19,17,Other
ATT202508007645,STU007645,SCH017,2025-08-01,18,14,Other
ATT202508007646,STU007646,SCH025,2025-08-01,21,18,Illness
ATT202508007647,STU007647,SCH040,2025-08-01,22,18,Illness
ATT202508007648,STU007648,SCH020,2025-08-01,22,19,Other
ATT202508007649,STU007649,SCH011,2025-08-01,22,19,Family
ATT202508007650,STU007650,SCH042,2025-08-01,21,17,Family
ATT202508007651,STU007651,SCH003,2025-08-01,21,19,Other
ATT202508007652,STU007652,SCH014,2025-08-01,18,16,Other
ATT202508007653,STU007653,SCH027,2025-08-01,18,16,Unauthorised
ATT202508007654,STU007654,SCH046,2025-08-01,19,17,Illness
ATT202508007655,STU007655,SCH001,2025-08-01,22,18,Unauthorised
ATT202508007656,STU007656,SCH030,2025-08-01,19,16,Medical
ATT202508007657,STU007657,SCH036,2025-08-01,22,19,Illness
ATT202508007658,STU007658,SCH046,2025-08-01,18,15,Unauthorised
ATT202508007659,STU007659,SCH041,2025-08-01,19,16,Family
ATT202508007660,STU007660,SCH019,2025-08-01,22,20,Unauthorised
ATT202508007661,STU007661,SCH046,2025-08-01,18,16,Other
ATT202508007662,STU007662,SCH046,2025-08-01,20,16,Family
ATT202508007663,STU007663,SCH021,2025-08-01,21,16,Medical
ATT202508007665,STU007665,SCH044,2025-08-01,21,16,Medical
ATT202508007666,STU007666,SCH006,2025-08-01,21,18,Family
ATT202508007667,STU007667,SCH031,2025-08-01,21,18,Illness
ATT202508007668,STU007668,SCH011,2025-08-01,21,18,Other
ATT202508007669,STU007669,SCH005,2025-08-01,22,19,Medical
ATT202508007670,STU007670,SCH049,2025-08-01,21,17,Unauthorised
ATT202508007671,STU007671,SCH007,2025-08-01,19,16,Other
ATT202508007672,STU007672,SCH027,2025-08-01,19,17,Unauthorised
ATT202508007673,STU007673,SCH010,2025-08-01,19,15,Medical
ATT202508007674,STU007674,SCH027,2025-08-01,22,19,Medical
ATT202508007675,STU007675,SCH023,2025-08-01,21,17,Unauthorised
ATT202508007676,STU007676,SCH041,2025-08-01,19,16,Family
ATT202508007677,STU007677,SCH021,2025-08-01,20,16,Family
ATT202508007678,STU007678,SCH031,2025-08-01,22,19,Medical
ATT202508007680,STU007680,SCH033,2025-08-01,18,16,Medical
ATT202508007681,STU007681,SCH025,2025-08-01,21,18,Medical
ATT202508007682,STU007682,SCH013,2025-08-01,18,16,Unauthorised
ATT202508007683,STU007683,SCH023,2025-08-01,20,16,Family
ATT202508007684,STU007684,SCH031,2025-08-01,20,14,Unauthorised
ATT202508007685,STU007685,SCH033,2025-08-01,18,16,Illness
ATT202508007686,STU007686,SCH034,2025-08-01,19,17,Illness
ATT202508007687,STU007687,SCH004,2025-08-01,18,17,Family
ATT202508007689,STU007689,SCH023,2025-08-01,18,15,Illness
ATT202508007690,STU007690,SCH032,2025-08-01,18,15,Unauthorised
ATT202508007691,STU007691,SCH012,2025-08-01,20,16,Other
ATT202508007692,STU007692,SCH036,2025-08-01,21,18,Illness
ATT202508007693,STU007693,SCH037,2025-08-01,18,15,Other
ATT202508007694,STU007694,SCH011,2025-08-01,18,15,Unauthorised
ATT202508007695,STU007695,SCH041,2025-08-01,22,19,Family
ATT202508007696,STU007696,SCH017,2025-08-01,19,16,Unauthorised
ATT202508007697,STU007697,SCH007,2025-08-01,19,16,Illness
ATT202508007698,STU007698,SCH047,2025-08-01,21,19,Unauthorised
ATT202508007699,STU007699,SCH038,2025-08-01,20,18,Medical
ATT202508007700,STU007700,SCH025,2025-08-01,19,16,Illness
ATT202508007701,STU007701,SCH010,2025-08-01,20,16,Other
ATT202508007703,STU007703,SCH040,2025-08-01,22,20,Illness
ATT202508007704,STU007704,SCH049,2025-08-01,18,15,Unauthorised
ATT202508007705,STU007705,SCH038,2025-08-01,20,17,Unauthorised
ATT202508007706,STU007706,SCH026,2025-08-01,18,16,Family
ATT202508007707,STU007707,SCH020,2025-08-01,18,17,Other
ATT202508007708,STU007708,SCH004,2025-08-01,20,18,Other
ATT202508007709,STU007709,SCH047,2025-08-01,21,17,Illness
ATT202508007710,STU007710,SCH039,2025-08-01,20,18,Illness
ATT202508007711,STU007711,SCH023,2025-08-01,20,18,Medical
ATT202508007712,STU007712,SCH044,2025-08-01,22,19,Illness
ATT202508007713,STU007713,SCH045,2025-08-01,18,16,Other
ATT202508007714,STU007714,SCH016,2025-08-01,21,17,Unauthorised
ATT202508007715,STU007715,SCH038,2025-08-01,20,15,Unauthorised
ATT202508007717,STU007717,SCH032,2025-08-01,18,15,Other
ATT202508007718,STU007718,SCH045,2025-08-01,22,18,Medical
ATT202508007719,STU007719,SCH020,2025-08-01,18,15,Illness
ATT202508007720,STU007720,SCH021,2025-08-01,20,17,Medical
ATT202508007721,STU007721,SCH015,2025-08-01,18,15,Family
ATT202508007722,STU007722,SCH036,2025-08-01,22,19,Unauthorised
ATT202508007723,STU007723,SCH042,2025-08-01,22,17,Unauthorised
ATT202508007724,STU007724,SCH009,2025-08-01,22,20,Other
ATT202508007726,STU007726,SCH046,2025-08-01,21,19,Family
ATT202508007727,STU007727,SCH037,2025-08-01,21,18,Medical
ATT202508007728,STU007728,SCH019,2025-08-01,20,17,Family
ATT202508007729,STU007729,SCH003,2025-08-01,21,17,Family
ATT202508007730,STU007730,SCH002,2025-08-01,22,20,Medical
ATT202508007731,STU007731,SCH009,2025-08-01,21,18,Unauthorised
ATT202508007732,STU007732,SCH010,2025-08-01,22,18,Family
ATT202508007733,STU007733,SCH045,2025-08-01,22,18,Family
ATT202508007734,STU007734,SCH033,2025-08-01,19,17,Unauthorised
ATT202508007735,STU007735,SCH011,2025-08-01,19,16,Unauthorised
ATT202508007736,STU007736,SCH015,2025-08-01,22,19,Other
ATT202508007737,STU007737,SCH028,2025-08-01,18,15,Medical
ATT202508007738,STU007738,SCH043,2025-08-01,18,14,Family
ATT202508007739,STU007739,SCH012,2025-08-01,22,17,Illness
ATT202508007740,STU007740,SCH025,2025-08-01,19,15,Unauthorised
ATT202508007741,STU007741,SCH027,2025-08-01,18,14,Other
ATT202508007742,STU007742,SCH022,2025-08-01,20,16,Unauthorised
ATT202508007743,STU007743,SCH031,2025-08-01,22,19,Family
ATT202508007744,STU007744,SCH008,2025-08-01,22,19,Medical
ATT202508007745,STU007745,SCH022,2025-08-01,21,16,Illness
ATT202508007746,STU007746,SCH019,2025-08-01,20,17,Illness
ATT202508007747,STU007747,SCH029,2025-08-01,22,17,Unauthorised
ATT202508007748,STU007748,SCH011,2025-08-01,22,19,Illness
ATT202508007749,STU007749,SCH019,2025-08-01,19,16,Illness
ATT202508007750,STU007750,SCH030,2025-08-01,19,17,Medical
ATT202508007751,STU007751,SCH029,2025-08-01,19,17,Medical
ATT202508007752,STU007752,SCH046,2025-08-01,20,17,Illness
ATT202508007753,STU007753,SCH030,2025-08-01,21,18,Illness
ATT202508007754,STU007754,SCH015,2025-08-01,18,16,Other
ATT202508007755,STU007755,SCH032,2025-08-01,22,19,Illness
ATT202508007756,STU007756,SCH046,2025-08-01,18,15,Family
ATT202508007757,STU007757,SCH032,2025-08-01,20,17,Unauthorised
ATT202508007758,STU007758,SCH042,2025-08-01,18,14,Medical
ATT202508007759,STU007759,SCH048,2025-08-01,20,17,Medical
ATT202508007760,STU007760,SCH018,2025-08-01,18,15,Unauthorised
ATT202508007762,STU007762,SCH011,2025-08-01,18,16,Other
ATT202508007763,STU007763,SCH023,2025-08-01,22,19,Illness
ATT202508007764,STU007764,SCH003,2025-08-01,20,16,Unauthorised
ATT202508007765,STU007765,SCH004,2025-08-01,19,16,Medical
ATT202508007766,STU007766,SCH006,2025-08-01,22,19,Medical
ATT202508007767,STU007767,SCH005,2025-08-01,18,15,Family
ATT202508007768,STU007768,SCH019,2025-08-01,22,18,Family
ATT202508007769,STU007769,SCH044,2025-08-01,21,17,Other
ATT202508007770,STU007770,SCH036,2025-08-01,20,18,Family
ATT202508007771,STU007771,SCH043,2025-08-01,21,17,Other
ATT202508007772,STU007772,SCH014,2025-08-01,22,19,Unauthorised
ATT202508007773,STU007773,SCH002,2025-08-01,19,15,Family
ATT202508007774,STU007774,SCH016,2025-08-01,20,17,Unauthorised
ATT202508007775,STU007775,SCH045,2025-08-01,21,17,Medical
ATT202508007776,STU007776,SCH043,2025-08-01,19,15,Illness
ATT202508007777,STU007777,SCH032,2025-08-01,22,18,Medical
ATT202508007778,STU007778,SCH008,2025-08-01,22,20,Medical
ATT202508007779,STU007779,SCH039,2025-08-01,21,18,Medical
ATT202508007780,STU007780,SCH032,2025-08-01,18,15,Illness
ATT202508007781,STU007781,SCH031,2025-08-01,18,16,Other
ATT202508007783,STU007783,SCH035,2025-08-01,20,15,Medical
ATT202508007784,STU007784,SCH019,2025-08-01,18,15,Unauthorised
ATT202508007785,STU007785,SCH014,2025-08-01,20,16,Family
ATT202508007786,STU007786,SCH003,2025-08-01,18,16,Illness
ATT202508007787,STU007787,SCH011,2025-08-01,19,17,Medical
ATT202508007788,STU007788,SCH035,2025-08-01,18,14,Medical
ATT202508007789,STU007789,SCH027,2025-08-01,19,16,Family
ATT202508007790,STU007790,SCH010,2025-08-01,19,15,Medical
ATT202508007791,STU007791,SCH038,2025-08-01,21,19,Medical
ATT202508007792,STU007792,SCH003,2025-08-01,21,18,Family
ATT202508007793,STU007793,SCH002,2025-08-01,18,15,Family
ATT202508007794,STU007794,SCH049,2025-08-01,22,17,Family
ATT202508007795,STU007795,SCH009,2025-08-01,20,17,Family
ATT202508007796,STU007796,SCH044,2025-08-01,18,16,Medical
ATT202508007797,STU007797,SCH018,2025-08-01,19,16,Other
ATT202508007798,STU007798,SCH013,2025-08-01,19,16,Family
ATT202508007799,STU007799,SCH019,2025-08-01,21,18,Family
ATT202508007800,STU007800,SCH020,2025-08-01,22,18,Medical
ATT202508007801,STU007801,SCH006,2025-08-01,21,17,Unauthorised
ATT202508007802,STU007802,SCH023,2025-08-01,21,18,Other
ATT202508007803,STU007803,SCH037,2025-08-01,18,16,Medical
ATT202508007805,STU007805,SCH011,2025-08-01,19,17,Medical
ATT202508007806,STU007806,SCH006,2025-08-01,21,18,Medical
ATT202508007807,STU007807,SCH024,2025-08-01,18,13,Medical
ATT202508007808,STU007808,SCH004,2025-08-01,22,19,Other
ATT202508007809,STU007809,SCH004,2025-08-01,20,17,Illness
ATT202508007810,STU007810,SCH040,2025-08-01,21,18,Unauthorised
ATT202508007811,STU007811,SCH008,2025-08-01,22,19,Medical
ATT202508007812,STU007812,SCH031,2025-08-01,21,19,Unauthorised
ATT202508007813,STU007813,SCH030,2025-08-01,21,17,Illness
ATT202508007814,STU007814,SCH016,2025-08-01,22,18,Other
ATT202508007815,STU007815,SCH021,2025-08-01,18,14,Medical
ATT202508007816,STU007816,SCH043,2025-08-01,18,15,Unauthorised
ATT202508007817,STU007817,SCH030,2025-08-01,21,19,Other
ATT202508007819,STU007819,SCH017,2025-08-01,18,15,Medical
ATT202508007820,STU007820,SCH001,2025-08-01,21,18,Family
ATT202508007821,STU007821,SCH027,2025-08-01,19,17,Unauthorised
ATT202508007822,STU007822,SCH041,2025-08-01,20,17,Medical
ATT202508007823,STU007823,SCH011,2025-08-01,22,16,Family
ATT202508007824,STU007824,SCH025,2025-08-01,18,15,Illness
ATT202508007825,STU007825,SCH011,2025-08-01,19,15,Other
ATT202508007826,STU007826,SCH033,2025-08-01,21,19,Family
ATT202508007827,STU007827,SCH029,2025-08-01,18,16,Family
ATT202508007828,STU007828,SCH021,2025-08-01,18,12,Family
ATT202508007829,STU007829,SCH015,2025-08-01,22,19,Illness
ATT202508007830,STU007830,SCH032,2025-08-01,19,17,Unauthorised
ATT202508007831,STU007831,SCH035,2025-08-01,22,19,Unauthorised
ATT202508007832,STU007832,SCH008,2025-08-01,20,17,Other
ATT202508007833,STU007833,SCH016,2025-08-01,19,17,Medical
ATT202508007834,STU007834,SCH029,2025-08-01,20,17,Other
ATT202508007835,STU007835,SCH031,2025-08-01,21,17,Other
ATT202508007837,STU007837,SCH013,2025-08-01,19,16,Unauthorised
ATT202508007838,STU007838,SCH040,2025-08-01,19,17,Other
ATT202508007839,STU007839,SCH004,2025-08-01,19,16,Illness
ATT202508007840,STU007840,SCH019,2025-08-01,22,19,Medical
ATT202508007841,STU007841,SCH024,2025-08-01,22,18,Unauthorised
ATT202508007842,STU007842,SCH036,2025-08-01,18,16,Unauthorised
ATT202508007843,STU007843,SCH027,2025-08-01,20,17,Other
ATT202508007844,STU007844,SCH045,2025-08-01,20,16,Medical
ATT202508007845,STU007845,SCH043,2025-08-01,22,19,Unauthorised
ATT202508007846,STU007846,SCH019,2025-08-01,18,16,Family
ATT202508007847,STU007847,SCH029,2025-08-01,18,15,Medical
ATT202508007848,STU007848,SCH047,2025-08-01,19,17,Other
ATT202508007849,STU007849,SCH020,2025-08-01,19,17,Family
ATT202508007850,STU007850,SCH018,2025-08-01,19,16,Unauthorised
ATT202508007851,STU007851,SCH045,2025-08-01,22,19,Family
ATT202508007853,STU007853,SCH012,2025-08-01,20,17,Illness
ATT202508007854,STU007854,SCH023,2025-08-01,18,16,Illness
ATT202508007855,STU007855,SCH010,2025-08-01,21,18,Other
ATT202508007856,STU007856,SCH044,2025-08-01,19,17,Illness
ATT202508007857,STU007857,SCH024,2025-08-01,18,16,Medical
ATT202508007858,STU007858,SCH030,2025-08-01,18,16,Family
ATT202508007859,STU007859,SCH046,2025-08-01,18,14,Other
ATT202508007860,STU007860,SCH001,2025-08-01,20,17,Illness
ATT202508007861,STU007861,SCH038,2025-08-01,18,15,Illness
ATT202508007862,STU007862,SCH017,2025-08-01,21,19,Family
ATT202508007863,STU007863,SCH036,2025-08-01,18,15,Other
ATT202508007864,STU007864,SCH008,2025-08-01,19,17,Other
ATT202508007865,STU007865,SCH029,2025-08-01,21,19,Medical
ATT202508007866,STU007866,SCH034,2025-08-01,20,16,Other
ATT202508007867,STU007867,SCH021,2025-08-01,18,14,Other
ATT202508007868,STU007868,SCH029,2025-08-01,19,16,Illness
ATT202508007869,STU007869,SCH034,2025-08-01,19,14,Unauthorised
ATT202508007870,STU007870,SCH013,2025-08-01,20,16,Unauthorised
ATT202508007871,STU007871,SCH044,2025-08-01,22,17,Unauthorised
ATT202508007872,STU007872,SCH036,2025-08-01,22,18,Illness
ATT202508007873,STU007873,SCH044,2025-08-01,22,18,Family
ATT202508007874,STU007874,SCH035,2025-08-01,19,13,Family
ATT202508007875,STU007875,SCH032,2025-08-01,21,19,Illness
ATT202508007876,STU007876,SCH005,2025-08-01,22,18,Unauthorised
ATT202508007877,STU007877,SCH002,2025-08-01,19,17,Family
ATT202508007878,STU007878,SCH012,2025-08-01,22,18,Family
ATT202508007879,STU007879,SCH028,2025-08-01,20,17,Unauthorised
ATT202508007881,STU007881,SCH014,2025-08-01,18,14,Other
ATT202508007882,STU007882,SCH005,2025-08-01,22,19,Unauthorised
ATT202508007883,STU007883,SCH023,2025-08-01,20,16,Unauthorised
ATT202508007884,STU007884,SCH029,2025-08-01,18,15,Family
ATT202508007885,STU007885,SCH042,2025-08-01,20,18,Illness
ATT202508007886,STU007886,SCH037,2025-08-01,20,18,Unauthorised
ATT202508007887,STU007887,SCH040,2025-08-01,18,16,Illness
ATT202508007888,STU007888,SCH038,2025-08-01,20,18,Family
ATT202508007889,STU007889,SCH035,2025-08-01,19,16,Other
ATT202508007890,STU007890,SCH032,2025-08-01,21,19,Medical
ATT202508007891,STU007891,SCH029,2025-08-01,20,19,Illness
ATT202508007892,STU007892,SCH026,2025-08-01,20,15,Family
ATT202508007893,STU007893,SCH010,2025-08-01,22,17,Family
ATT202508007894,STU007894,SCH028,2025-08-01,20,18,Medical
ATT202508007896,STU007896,SCH004,2025-08-01,22,18,Family
ATT202508007897,STU007897,SCH005,2025-08-01,19,16,Other
ATT202508007898,STU007898,SCH003,2025-08-01,20,18,Family
ATT202508007899,STU007899,SCH002,2025-08-01,18,15,Unauthorised
ATT202508007900,STU007900,SCH011,2025-08-01,18,15,Medical
ATT202508007901,STU007901,SCH026,2025-08-01,22,18,Unauthorised
ATT202508007902,STU007902,SCH002,2025-08-01,20,14,Unauthorised
ATT202508007903,STU007903,SCH028,2025-08-01,19,16,Illness
ATT202508007904,STU007904,SCH046,2025-08-01,19,15,Family
ATT202508007905,STU007905,SCH023,2025-08-01,22,19,Other
ATT202508007906,STU007906,SCH009,2025-08-01,21,18,Medical
ATT202508007907,STU007907,SCH024,2025-08-01,21,15,Other
ATT202508007908,STU007908,SCH029,2025-08-01,19,16,Unauthorised
ATT202508007909,STU007909,SCH017,2025-08-01,21,16,Unauthorised
ATT202508007910,STU007910,SCH039,2025-08-01,22,17,Illness
ATT202508007911,STU007911,SCH026,2025-08-01,20,17,Unauthorised
ATT202508007912,STU007912,SCH024,2025-08-01,19,16,Medical
ATT202508007913,STU007913,SCH019,2025-08-01,22,18,Other
ATT202508007914,STU007914,SCH034,2025-08-01,21,20,Family
ATT202508007916,STU007916,SCH028,2025-08-01,19,16,Other
ATT202508007917,STU007917,SCH014,2025-08-01,22,17,Family
ATT202508007918,STU007918,SCH035,2025-08-01,21,17,Unauthorised
ATT202508007919,STU007919,SCH028,2025-08-01,20,17,Illness
ATT202508007920,STU007920,SCH044,2025-08-01,21,18,Other
ATT202508007923,STU007923,SCH025,2025-08-01,22,19,Illness
ATT202508007924,STU007924,SCH029,2025-08-01,18,15,Illness
ATT202508007925,STU007925,SCH033,2025-08-01,19,17,Other
ATT202508007926,STU007926,SCH016,2025-08-01,19,17,Other
ATT202508007927,STU007927,SCH001,2025-08-01,21,16,Family
ATT202508007928,STU007928,SCH015,2025-08-01,19,16,Other
ATT202508007930,STU007930,SCH009,2025-08-01,20,18,Illness
ATT202508007931,STU007931,SCH008,2025-08-01,21,18,Illness
ATT202508007932,STU007932,SCH036,2025-08-01,19,17,Medical
ATT202508007933,STU007933,SCH006,2025-08-01,20,17,Illness
ATT202508007934,STU007934,SCH002,2025-08-01,22,16,Other
ATT202508007935,STU007935,SCH040,2025-08-01,22,19,Family
ATT202508007936,STU007936,SCH008,2025-08-01,22,19,Family
ATT202508007937,STU007937,SCH024,2025-08-01,18,15,Other
ATT202508007938,STU007938,SCH009,2025-08-01,20,17,Unauthorised
ATT202508007939,STU007939,SCH006,2025-08-01,19,16,Medical
ATT202508007940,STU007940,SCH006,2025-08-01,19,17,Illness
ATT202508007941,STU007941,SCH041,2025-08-01,19,17,Other
ATT202508007942,STU007942,SCH048,2025-08-01,19,17,Illness
ATT202508007943,STU007943,SCH048,2025-08-01,22,19,Unauthorised
ATT202508007945,STU007945,SCH047,2025-08-01,20,18,Other
ATT202508007946,STU007946,SCH019,2025-08-01,22,20,Unauthorised
ATT202508007947,STU007947,SCH019,2025-08-01,18,16,Other
ATT202508007948,STU007948,SCH015,2025-08-01,21,19,Family
ATT202508007949,STU007949,SCH005,2025-08-01,21,16,Medical
ATT202508007950,STU007950,SCH020,2025-08-01,21,17,Family
ATT202508007951,STU007951,SCH043,2025-08-01,18,16,Family
ATT202508007952,STU007952,SCH019,2025-08-01,18,16,Family
ATT202508007953,STU007953,SCH046,2025-08-01,19,16,Medical
ATT202508007954,STU007954,SCH009,2025-08-01,20,16,Other
ATT202508007955,STU007955,SCH020,2025-08-01,22,19,Other
ATT202508007956,STU007956,SCH025,2025-08-01,21,17,Medical
ATT202508007957,STU007957,SCH047,2025-08-01,19,17,Family
ATT202508007958,STU007958,SCH016,2025-08-01,19,18,Illness
ATT202508007959,STU007959,SCH032,2025-08-01,22,18,Medical
ATT202508007960,STU007960,SCH005,2025-08-01,20,17,Illness
ATT202508007961,STU007961,SCH019,2025-08-01,20,18,Medical
ATT202508007962,STU007962,SCH047,2025-08-01,22,19,Illness
ATT202508007963,STU007963,SCH010,2025-08-01,20,17,Unauthorised
ATT202508007964,STU007964,SCH046,2025-08-01,18,15,Unauthorised
ATT202508007966,STU007966,SCH040,2025-08-01,18,16,Illness
ATT202508007967,STU007967,SCH001,2025-08-01,19,15,Unauthorised
ATT202508007969,STU007969,SCH015,2025-08-01,20,17,Medical
ATT202508007970,STU007970,SCH020,2025-08-01,21,18,Unauthorised
ATT202508007971,STU007971,SCH011,2025-08-01,18,17,Family
ATT202508007972,STU007972,SCH041,2025-08-01,21,18,Illness
ATT202508007973,STU007973,SCH044,2025-08-01,21,17,Illness
ATT202508007974,STU007974,SCH006,2025-08-01,20,19,Unauthorised
ATT202508007975,STU007975,SCH009,2025-08-01,22,20,Family
ATT202508007976,STU007976,SCH033,2025-08-01,20,18,Other
ATT202508007977,STU007977,SCH018,2025-08-01,18,15,Illness
ATT202508007979,STU007979,SCH021,2025-08-01,18,13,Unauthorised
ATT202508007980,STU007980,SCH013,2025-08-01,22,18,Illness
ATT202508007981,STU007981,SCH039,2025-08-01,19,16,Family
ATT202508007982,STU007982,SCH045,2025-08-01,22,16,Medical
ATT202508007983,STU007983,SCH021,2025-08-01,22,18,Family
ATT202508007984,STU007984,SCH019,2025-08-01,20,17,Unauthorised
ATT202508007985,STU007985,SCH009,2025-08-01,20,17,Other
ATT202508007986,STU007986,SCH014,2025-08-01,22,19,Medical
ATT202508007987,STU007987,SCH023,2025-08-01,22,18,Medical
ATT202508007988,STU007988,SCH043,2025-08-01,19,15,Family
ATT202508007989,STU007989,SCH023,2025-08-01,22,18,Other
ATT202508007990,STU007990,SCH032,2025-08-01,20,16,Other
ATT202508007991,STU007991,SCH040,2025-08-01,21,18,Illness
ATT202508007992,STU007992,SCH007,2025-08-01,19,17,Unauthorised
ATT202508007993,STU007993,SCH003,2025-08-01,18,15,Illness
ATT202508007994,STU007994,SCH039,2025-08-01,20,17,Other
ATT202508007995,STU007995,SCH013,2025-08-01,18,16,Unauthorised
ATT202508007996,STU007996,SCH045,2025-08-01,22,18,Other
ATT202508007997,STU007997,SCH042,2025-08-01,19,14,Family
ATT202508007998,STU007998,SCH031,2025-08-01,20,17,Unauthorised
ATT202508007999,STU007999,SCH037,2025-08-01,21,19,Family
ATT202508008000,STU008000,SCH040,2025-08-01,20,18,Other
ATT202508008001,STU008001,SCH019,2025-08-01,20,16,Illness
ATT202508008002,STU008002,SCH020,2025-08-01,22,18,Family
ATT202508008003,STU008003,SCH040,2025-08-01,21,18,Family
ATT202508008004,STU008004,SCH023,2025-08-01,18,15,Other
ATT202508008005,STU008005,SCH001,2025-08-01,22,17,Illness
ATT202508008006,STU008006,SCH036,2025-08-01,22,18,Medical
ATT202508008007,STU008007,SCH033,2025-08-01,20,16,Illness
ATT202508008008,STU008008,SCH008,2025-08-01,22,18,Illness
ATT202508008009,STU008009,SCH005,2025-08-01,19,17,Medical
ATT202508008010,STU008010,SCH046,2025-08-01,20,18,Family
ATT202508008011,STU008011,SCH035,2025-08-01,22,17,Medical
ATT202508008012,STU008012,SCH041,2025-08-01,19,16,Illness
ATT202508008013,STU008013,SCH012,2025-08-01,19,17,Medical
ATT202508008014,STU008014,SCH035,2025-08-01,22,17,Family
ATT202508008015,STU008015,SCH013,2025-08-01,18,15,Medical
ATT202508008016,STU008016,SCH030,2025-08-01,18,15,Family
ATT202508008017,STU008017,SCH030,2025-08-01,21,19,Unauthorised
ATT202508008018,STU008018,SCH023,2025-08-01,19,16,Unauthorised
ATT202508008019,STU008019,SCH032,2025-08-01,21,17,Unauthorised
ATT202508008020,STU008020,SCH030,2025-08-01,20,18,Illness
ATT202508008021,STU008021,SCH021,2025-08-01,19,16,Family
ATT202508008022,STU008022,SCH028,2025-08-01,20,16,Illness
ATT202508008023,STU008023,SCH001,2025-08-01,19,16,Illness
ATT202508008024,STU008024,SCH045,2025-08-01,18,14,Illness
ATT202508008025,STU008025,SCH044,2025-08-01,21,19,Unauthorised
ATT202508008026,STU008026,SCH033,2025-08-01,21,18,Medical
ATT202508008027,STU008027,SCH035,2025-08-01,18,14,Illness
ATT202508008028,STU008028,SCH015,2025-08-01,20,18,Unauthorised
ATT202508008029,STU008029,SCH045,2025-08-01,19,16,Other
ATT202508008030,STU008030,SCH023,2025-08-01,20,16,Family
ATT202508008031,STU008031,SCH008,2025-08-01,19,17,Family
ATT202508008032,STU008032,SCH015,2025-08-01,21,18,Illness
ATT202508008033,STU008033,SCH020,2025-08-01,21,18,Unauthorised
ATT202508008034,STU008034,SCH018,2025-08-01,21,18,Medical
ATT202508008035,STU008035,SCH008,2025-08-01,20,18,Unauthorised
ATT202508008036,STU008036,SCH021,2025-08-01,20,15,Family
ATT202508008037,STU008037,SCH020,2025-08-01,21,19,Medical
ATT202508008038,STU008038,SCH033,2025-08-01,21,19,Family
ATT202508008040,STU008040,SCH027,2025-08-01,20,17,Illness
ATT202508008042,STU008042,SCH033,2025-08-01,20,18,Illness
ATT202508008043,STU008043,SCH043,2025-08-01,21,19,Unauthorised
ATT202508008045,STU008045,SCH027,2025-08-01,21,16,Family
ATT202508008046,STU008046,SCH015,2025-08-01,19,18,Unauthorised
ATT202508008047,STU008047,SCH020,2025-08-01,21,19,Medical
ATT202508008048,STU008048,SCH010,2025-08-01,20,15,Unauthorised
ATT202508008049,STU008049,SCH022,2025-08-01,19,13,Other
ATT202508008050,STU008050,SCH006,2025-08-01,19,15,Medical
ATT202508008051,STU008051,SCH016,2025-08-01,21,18,Illness
ATT202508008052,STU008052,SCH016,2025-08-01,21,19,Family
ATT202508008053,STU008053,SCH028,2025-08-01,19,16,Family
ATT202508008054,STU008054,SCH008,2025-08-01,22,18,Unauthorised
ATT202508008055,STU008055,SCH023,2025-08-01,19,15,Medical
ATT202508008056,STU008056,SCH016,2025-08-01,21,19,Other
ATT202508008057,STU008057,SCH040,2025-08-01,20,17,Unauthorised
ATT202508008058,STU008058,SCH030,2025-08-01,18,15,Unauthorised
ATT202508008059,STU008059,SCH009,2025-08-01,18,14,Medical
ATT202508008061,STU008061,SCH035,2025-08-01,21,17,Family
ATT202508008062,STU008062,SCH007,2025-08-01,21,17,Medical
ATT202508008063,STU008063,SCH041,2025-08-01,18,16,Family
ATT202508008064,STU008064,SCH044,2025-08-01,21,18,Illness
ATT202508008065,STU008065,SCH029,2025-08-01,19,15,Family
ATT202508008066,STU008066,SCH008,2025-08-01,21,19,Family
ATT202508008067,STU008067,SCH031,2025-08-01,21,18,Other
ATT202508008068,STU008068,SCH012,2025-08-01,22,19,Illness
ATT202508008069,STU008069,SCH011,2025-08-01,20,17,Unauthorised
ATT202508008070,STU008070,SCH016,2025-08-01,19,16,Family
ATT202508008072,STU008072,SCH022,2025-08-01,18,15,Other
ATT202508008073,STU008073,SCH011,2025-08-01,22,18,Family
ATT202508008074,STU008074,SCH047,2025-08-01,21,18,Unauthorised
ATT202508008075,STU008075,SCH004,2025-08-01,20,18,Other
ATT202508008076,STU008076,SCH034,2025-08-01,18,14,Family
ATT202508008077,STU008077,SCH011,2025-08-01,18,16,Illness
ATT202508008079,STU008079,SCH012,2025-08-01,21,20,Other
ATT202508008081,STU008081,SCH043,2025-08-01,18,15,Other
ATT202508008082,STU008082,SCH048,2025-08-01,20,18,Medical
ATT202508008083,STU008083,SCH020,2025-08-01,18,15,Other
ATT202508008084,STU008084,SCH041,2025-08-01,21,18,Other
ATT202508008086,STU008086,SCH037,2025-08-01,19,16,Other
ATT202508008087,STU008087,SCH010,2025-08-01,22,19,Medical
ATT202508008089,STU008089,SCH008,2025-08-01,20,18,Medical
ATT202508008090,STU008090,SCH016,2025-08-01,22,19,Illness
ATT202508008091,STU008091,SCH046,2025-08-01,22,18,Family
ATT202508008092,STU008092,SCH037,2025-08-01,22,19,Family
ATT202508008093,STU008093,SCH047,2025-08-01,22,20,Other
ATT202508008094,STU008094,SCH029,2025-08-01,18,15,Unauthorised
ATT202508008095,STU008095,SCH010,2025-08-01,19,17,Unauthorised
ATT202508008096,STU008096,SCH029,2025-08-01,21,18,Medical
ATT202508008097,STU008097,SCH021,2025-08-01,22,19,Medical
ATT202508008098,STU008098,SCH046,2025-08-01,22,20,Illness
ATT202508008099,STU008099,SCH044,2025-08-01,21,19,Family
ATT202508008100,STU008100,SCH033,2025-08-01,19,16,Medical
ATT202508008101,STU008101,SCH035,2025-08-01,19,15,Illness
ATT202508008102,STU008102,SCH046,2025-08-01,19,15,Illness
ATT202508008103,STU008103,SCH005,2025-08-01,18,16,Illness
ATT202508008105,STU008105,SCH016,2025-08-01,19,15,Unauthorised
ATT202508008106,STU008106,SCH003,2025-08-01,20,18,Family
ATT202508008107,STU008107,SCH035,2025-08-01,21,17,Unauthorised
ATT202508008108,STU008108,SCH044,2025-08-01,22,19,Illness
ATT202508008109,STU008109,SCH004,2025-08-01,19,17,Unauthorised
ATT202508008110,STU008110,SCH045,2025-08-01,20,16,Other
ATT202508008111,STU008111,SCH008,2025-08-01,22,19,Other
ATT202508008112,STU008112,SCH010,2025-08-01,21,18,Other
ATT202508008113,STU008113,SCH035,2025-08-01,19,15,Unauthorised
ATT202508008114,STU008114,SCH007,2025-08-01,19,17,Other
ATT202508008115,STU008115,SCH027,2025-08-01,20,16,Illness
ATT202508008116,STU008116,SCH004,2025-08-01,20,17,Family
ATT202508008117,STU008117,SCH012,2025-08-01,21,17,Family
ATT202508008118,STU008118,SCH032,2025-08-01,19,15,Medical
ATT202508008119,STU008119,SCH045,2025-08-01,22,18,Illness
ATT202508008120,STU008120,SCH019,2025-08-01,20,18,Family
ATT202508008121,STU008121,SCH042,2025-08-01,22,19,Medical
ATT202508008122,STU008122,SCH006,2025-08-01,19,17,Illness
ATT202508008123,STU008123,SCH025,2025-08-01,18,15,Unauthorised
ATT202508008124,STU008124,SCH028,2025-08-01,18,16,Medical
ATT202508008125,STU008125,SCH039,2025-08-01,21,18,Unauthorised
ATT202508008126,STU008126,SCH018,2025-08-01,18,15,Unauthorised
ATT202508008127,STU008127,SCH034,2025-08-01,22,18,Other
ATT202508008128,STU008128,SCH021,2025-08-01,19,14,Medical
ATT202508008129,STU008129,SCH040,2025-08-01,18,17,Family
ATT202508008130,STU008130,SCH009,2025-08-01,22,19,Family
ATT202508008131,STU008131,SCH035,2025-08-01,20,16,Other
ATT202508008132,STU008132,SCH009,2025-08-01,19,16,Other
ATT202508008133,STU008133,SCH022,2025-08-01,20,16,Unauthorised
ATT202508008134,STU008134,SCH005,2025-08-01,20,18,Unauthorised
ATT202508008135,STU008135,SCH022,2025-08-01,20,18,Medical
ATT202508008136,STU008136,SCH033,2025-08-01,18,16,Family
ATT202508008137,STU008137,SCH008,2025-08-01,21,19,Medical
ATT202508008138,STU008138,SCH034,2025-08-01,19,14,Family
ATT202508008139,STU008139,SCH043,2025-08-01,20,17,Medical
ATT202508008140,STU008140,SCH037,2025-08-01,22,20,Illness
ATT202508008141,STU008141,SCH035,2025-08-01,18,16,Illness
ATT202508008142,STU008142,SCH010,2025-08-01,22,20,Unauthorised
ATT202508008143,STU008143,SCH013,2025-08-01,18,16,Family
ATT202508008144,STU008144,SCH045,2025-08-01,21,19,Family
ATT202508008146,STU008146,SCH041,2025-08-01,21,18,Unauthorised
ATT202508008147,STU008147,SCH008,2025-08-01,21,20,Family
ATT202508008148,STU008148,SCH013,2025-08-01,19,17,Illness
ATT202508008149,STU008149,SCH035,2025-08-01,20,15,Family
ATT202508008150,STU008150,SCH030,2025-08-01,21,18,Other
ATT202508008151,STU008151,SCH010,2025-08-01,19,17,Other
ATT202508008152,STU008152,SCH025,2025-08-01,22,19,Other
ATT202508008153,STU008153,SCH043,2025-08-01,20,17,Unauthorised
ATT202508008154,STU008154,SCH018,2025-08-01,22,18,Family
ATT202508008155,STU008155,SCH007,2025-08-01,22,18,Medical
ATT202508008156,STU008156,SCH024,2025-08-01,21,15,Medical
ATT202508008157,STU008157,SCH006,2025-08-01,21,18,Illness
ATT202508008158,STU008158,SCH006,2025-08-01,19,16,Other
ATT202508008159,STU008159,SCH036,2025-08-01,22,20,Family
ATT202508008161,STU008161,SCH017,2025-08-01,19,16,Family
ATT202508008162,STU008162,SCH040,2025-08-01,20,18,Illness
ATT202508008163,STU008163,SCH028,2025-08-01,19,16,Medical
ATT202508008164,STU008164,SCH016,2025-08-01,19,17,Family
ATT202508008165,STU008165,SCH040,2025-08-01,21,17,Unauthorised
ATT202508008166,STU008166,SCH045,2025-08-01,19,16,Other
ATT202508008169,STU008169,SCH015,2025-08-01,20,18,Other
ATT202508008170,STU008170,SCH023,2025-08-01,20,16,Illness
ATT202508008171,STU008171,SCH029,2025-08-01,20,16,Other
ATT202508008172,STU008172,SCH004,2025-08-01,22,19,Medical
ATT202508008173,STU008173,SCH032,2025-08-01,21,18,Family
ATT202508008174,STU008174,SCH021,2025-08-01,22,18,Illness
ATT202508008175,STU008175,SCH031,2025-08-01,18,14,Illness
ATT202508008176,STU008176,SCH025,2025-08-01,18,15,Unauthorised
ATT202508008177,STU008177,SCH024,2025-08-01,22,18,Family
ATT202508008178,STU008178,SCH029,2025-08-01,21,18,Unauthorised
ATT202508008179,STU008179,SCH031,2025-08-01,18,15,Other
ATT202508008181,STU008181,SCH041,2025-08-01,19,16,Other
ATT202508008182,STU008182,SCH029,2025-08-01,18,15,Medical
ATT202508008183,STU008183,SCH023,2025-08-01,20,16,Other
ATT202508008184,STU008184,SCH043,2025-08-01,19,17,Family
ATT202508008185,STU008185,SCH029,2025-08-01,20,18,Family
ATT202508008186,STU008186,SCH020,2025-08-01,20,17,Illness
ATT202508008187,STU008187,SCH031,2025-08-01,19,16,Family
ATT202508008188,STU008188,SCH010,2025-08-01,19,17,Illness
ATT202508008189,STU008189,SCH007,2025-08-01,20,16,Illness
ATT202508008190,STU008190,SCH026,2025-08-01,22,19,Medical
ATT202508008192,STU008192,SCH006,2025-08-01,19,16,Illness
ATT202508008193,STU008193,SCH003,2025-08-01,20,18,Family
ATT202508008194,STU008194,SCH048,2025-08-01,19,15,Other
ATT202508008195,STU008195,SCH026,2025-08-01,21,19,Other
ATT202508008196,STU008196,SCH021,2025-08-01,20,16,Medical
ATT202508008197,STU008197,SCH037,2025-08-01,18,14,Family
ATT202508008198,STU008198,SCH043,2025-08-01,19,16,Medical
ATT202508008199,STU008199,SCH028,2025-08-01,18,13,Other
ATT202508008200,STU008200,SCH041,2025-08-01,21,18,Illness
ATT202508008201,STU008201,SCH049,2025-08-01,20,16,Other
ATT202508008204,STU008204,SCH024,2025-08-01,21,14,Unauthorised
ATT202508008205,STU008205,SCH031,2025-08-01,21,18,Unauthorised
ATT202508008206,STU008206,SCH048,2025-08-01,20,17,Family
ATT202508008207,STU008207,SCH033,2025-08-01,22,18,Family
ATT202508008208,STU008208,SCH007,2025-08-01,21,19,Unauthorised
ATT202508008209,STU008209,SCH036,2025-08-01,22,18,Medical
ATT202508008210,STU008210,SCH032,2025-08-01,19,17,Illness
ATT202508008211,STU008211,SCH026,2025-08-01,21,18,Illness
ATT202508008212,STU008212,SCH048,2025-08-01,20,16,Family
ATT202508008213,STU008213,SCH006,2025-08-01,19,16,Unauthorised
ATT202508008214,STU008214,SCH024,2025-08-01,22,18,Illness
ATT202508008215,STU008215,SCH037,2025-08-01,18,15,Illness
ATT202508008216,STU008216,SCH045,2025-08-01,18,16,Unauthorised
ATT202508008217,STU008217,SCH018,2025-08-01,18,16,Other
ATT202508008218,STU008218,SCH036,2025-08-01,19,16,Family
ATT202508008219,STU008219,SCH040,2025-08-01,21,17,Other
ATT202508008220,STU008220,SCH036,2025-08-01,20,17,Family
ATT202508008221,STU008221,SCH043,2025-08-01,20,17,Illness
ATT202508008222,STU008222,SCH026,2025-08-01,18,15,Family
ATT202508008223,STU008223,SCH025,2025-08-01,18,15,Medical
ATT202508008224,STU008224,SCH014,2025-08-01,19,16,Family
ATT202508008225,STU008225,SCH032,2025-08-01,19,15,Medical
ATT202508008226,STU008226,SCH044,2025-08-01,21,18,Unauthorised
ATT202508008227,STU008227,SCH018,2025-08-01,21,17,Illness
ATT202508008228,STU008228,SCH018,2025-08-01,20,17,Illness
ATT202508008230,STU008230,SCH039,2025-08-01,18,15,Family
ATT202508008231,STU008231,SCH027,2025-08-01,20,17,Other
ATT202508008232,STU008232,SCH023,2025-08-01,20,18,Medical
ATT202508008233,STU008233,SCH032,2025-08-01,21,18,Illness
ATT202508008234,STU008234,SCH027,2025-08-01,21,17,Illness
ATT202508008235,STU008235,SCH032,2025-08-01,21,17,Unauthorised
ATT202508008237,STU008237,SCH021,2025-08-01,21,19,Illness
ATT202508008238,STU008238,SCH014,2025-08-01,18,14,Unauthorised
ATT202508008239,STU008239,SCH045,2025-08-01,22,20,Illness
ATT202508008240,STU008240,SCH037,2025-08-01,18,16,Medical
ATT202508008241,STU008241,SCH008,2025-08-01,22,18,Family
ATT202508008242,STU008242,SCH011,2025-08-01,21,17,Other
ATT202508008243,STU008243,SCH017,2025-08-01,18,15,Other
ATT202508008244,STU008244,SCH024,2025-08-01,19,15,Medical
ATT202508008245,STU008245,SCH027,2025-08-01,20,17,Medical
ATT202508008246,STU008246,SCH008,2025-08-01,19,17,Illness
ATT202508008247,STU008247,SCH028,2025-08-01,22,18,Unauthorised
ATT202508008248,STU008248,SCH010,2025-08-01,20,18,Other
ATT202508008249,STU008249,SCH008,2025-08-01,21,17,Other
ATT202508008250,STU008250,SCH013,2025-08-01,19,17,Illness
ATT202508008251,STU008251,SCH046,2025-08-01,18,16,Medical
ATT202508008252,STU008252,SCH049,2025-08-01,21,16,Medical
ATT202508008253,STU008253,SCH009,2025-08-01,20,17,Unauthorised
ATT202508008254,STU008254,SCH024,2025-08-01,19,15,Illness
ATT202508008255,STU008255,SCH044,2025-08-01,18,13,Medical
ATT202508008256,STU008256,SCH032,2025-08-01,18,15,Illness
ATT202508008257,STU008257,SCH017,2025-08-01,22,19,Other
ATT202508008258,STU008258,SCH031,2025-08-01,20,17,Family
ATT202508008259,STU008259,SCH026,2025-08-01,19,16,Illness
ATT202508008261,STU008261,SCH044,2025-08-01,21,17,Illness
ATT202508008262,STU008262,SCH010,2025-08-01,20,18,Illness
ATT202508008263,STU008263,SCH022,2025-08-01,18,14,Illness
ATT202508008265,STU008265,SCH020,2025-08-01,20,17,Illness
ATT202508008266,STU008266,SCH017,2025-08-01,19,17,Family
ATT202508008268,STU008268,SCH012,2025-08-01,21,17,Medical
ATT202508008270,STU008270,SCH018,2025-08-01,19,16,Medical
ATT202508008271,STU008271,SCH023,2025-08-01,18,15,Unauthorised
ATT202508008272,STU008272,SCH017,2025-08-01,22,16,Medical
ATT202508008273,STU008273,SCH027,2025-08-01,18,15,Other
ATT202508008274,STU008274,SCH008,2025-08-01,18,15,Medical
ATT202508008275,STU008275,SCH009,2025-08-01,22,17,Unauthorised
ATT202508008276,STU008276,SCH021,2025-08-01,19,15,Family
ATT202508008279,STU008279,SCH007,2025-08-01,20,17,Family
ATT202508008280,STU008280,SCH014,2025-08-01,22,19,Unauthorised
ATT202508008281,STU008281,SCH010,2025-08-01,22,18,Medical
ATT202508008282,STU008282,SCH040,2025-08-01,18,15,Illness
ATT202508008283,STU008283,SCH017,2025-08-01,22,19,Medical
ATT202508008284,STU008284,SCH039,2025-08-01,22,20,Unauthorised
ATT202508008285,STU008285,SCH037,2025-08-01,19,16,Family
ATT202508008287,STU008287,SCH003,2025-08-01,22,18,Medical
ATT202508008288,STU008288,SCH016,2025-08-01,19,16,Family
ATT202508008289,STU008289,SCH049,2025-08-01,20,17,Unauthorised
ATT202508008290,STU008290,SCH023,2025-08-01,19,17,Medical
ATT202508008291,STU008291,SCH037,2025-08-01,19,16,Illness
ATT202508008292,STU008292,SCH021,2025-08-01,21,16,Other
ATT202508008293,STU008293,SCH010,2025-08-01,18,16,Other
ATT202508008294,STU008294,SCH032,2025-08-01,19,17,Medical
ATT202508008295,STU008295,SCH043,2025-08-01,19,16,Family
ATT202508008296,STU008296,SCH013,2025-08-01,21,18,Medical
ATT202508008297,STU008297,SCH009,2025-08-01,19,16,Unauthorised
ATT202508008298,STU008298,SCH021,2025-08-01,19,15,Unauthorised
ATT202508008299,STU008299,SCH002,2025-08-01,22,18,Unauthorised
ATT202508008300,STU008300,SCH047,2025-08-01,21,18,Illness
ATT202508008301,STU008301,SCH013,2025-08-01,19,16,Illness
ATT202508008303,STU008303,SCH035,2025-08-01,18,16,Family
ATT202508008304,STU008304,SCH018,2025-08-01,21,18,Illness
ATT202508008306,STU008306,SCH048,2025-08-01,20,17,Other
ATT202508008307,STU008307,SCH046,2025-08-01,20,16,Medical
ATT202508008308,STU008308,SCH017,2025-08-01,18,14,Unauthorised
ATT202508008309,STU008309,SCH034,2025-08-01,21,17,Unauthorised
ATT202508008310,STU008310,SCH038,2025-08-01,20,16,Family
ATT202508008311,STU008311,SCH046,2025-08-01,20,18,Unauthorised
ATT202508008312,STU008312,SCH025,2025-08-01,21,16,Family
ATT202508008313,STU008313,SCH022,2025-08-01,19,15,Illness
ATT202508008314,STU008314,SCH010,2025-08-01,18,14,Other
ATT202508008315,STU008315,SCH005,2025-08-01,21,19,Other
ATT202508008316,STU008316,SCH034,2025-08-01,19,18,Illness
ATT202508008318,STU008318,SCH004,2025-08-01,22,17,Unauthorised
ATT202508008319,STU008319,SCH028,2025-08-01,20,17,Other
ATT202508008320,STU008320,SCH021,2025-08-01,19,16,Medical
ATT202508008321,STU008321,SCH023,2025-08-01,18,15,Unauthorised
ATT202508008322,STU008322,SCH009,2025-08-01,21,18,Unauthorised
ATT202508008323,STU008323,SCH008,2025-08-01,18,15,Unauthorised
ATT202508008325,STU008325,SCH047,2025-08-01,19,16,Unauthorised
ATT202508008327,STU008327,SCH048,2025-08-01,22,17,Unauthorised
ATT202508008328,STU008328,SCH046,2025-08-01,19,16,Family
ATT202508008329,STU008329,SCH001,2025-08-01,19,15,Medical
ATT202508008330,STU008330,SCH009,2025-08-01,20,16,Medical
ATT202508008331,STU008331,SCH038,2025-08-01,21,19,Medical
ATT202508008332,STU008332,SCH026,2025-08-01,19,17,Unauthorised
ATT202508008333,STU008333,SCH048,2025-08-01,18,15,Illness
ATT202508008334,STU008334,SCH008,2025-08-01,22,19,Family
ATT202508008338,STU008338,SCH012,2025-08-01,21,18,Unauthorised
ATT202508008339,STU008339,SCH042,2025-08-01,18,13,Illness
ATT202508008340,STU008340,SCH007,2025-08-01,18,14,Unauthorised
ATT202508008341,STU008341,SCH049,2025-08-01,18,14,Medical
ATT202508008342,STU008342,SCH009,2025-08-01,19,15,Illness
ATT202508008343,STU008343,SCH014,2025-08-01,20,17,Illness
ATT202508008344,STU008344,SCH020,2025-08-01,19,17,Unauthorised
ATT202508008345,STU008345,SCH001,2025-08-01,18,14,Medical
ATT202508008347,STU008347,SCH017,2025-08-01,20,16,Unauthorised
ATT202508008348,STU008348,SCH024,2025-08-01,18,15,Illness
ATT202508008349,STU008349,SCH023,2025-08-01,20,17,Illness
ATT202508008350,STU008350,SCH003,2025-08-01,20,17,Other
ATT202508008351,STU008351,SCH010,2025-08-01,19,16,Other
ATT202508008352,STU008352,SCH012,2025-08-01,22,17,Other
ATT202508008354,STU008354,SCH017,2025-08-01,21,15,Family
ATT202508008355,STU008355,SCH023,2025-08-01,20,16,Unauthorised
ATT202508008356,STU008356,SCH019,2025-08-01,21,19,Other
ATT202508008357,STU008357,SCH039,2025-08-01,18,16,Other
ATT202508008358,STU008358,SCH022,2025-08-01,22,16,Medical
ATT202508008359,STU008359,SCH017,2025-08-01,20,16,Family
ATT202508008360,STU008360,SCH008,2025-08-01,22,19,Unauthorised
ATT202508008361,STU008361,SCH003,2025-08-01,21,18,Medical
ATT202508008362,STU008362,SCH043,2025-08-01,20,16,Other
ATT202508008363,STU008363,SCH041,2025-08-01,20,16,Family
ATT202508008364,STU008364,SCH038,2025-08-01,20,17,Medical
ATT202508008365,STU008365,SCH031,2025-08-01,21,16,Other
ATT202508008366,STU008366,SCH003,2025-08-01,20,18,Unauthorised
ATT202508008367,STU008367,SCH044,2025-08-01,22,20,Medical
ATT202508008368,STU008368,SCH029,2025-08-01,18,15,Illness
ATT202508008370,STU008370,SCH033,2025-08-01,21,20,Other
ATT202508008371,STU008371,SCH019,2025-08-01,20,18,Family
ATT202508008373,STU008373,SCH039,2025-08-01,21,17,Illness
ATT202508008374,STU008374,SCH032,2025-08-01,19,16,Medical
ATT202508008375,STU008375,SCH031,2025-08-01,19,16,Illness
ATT202508008377,STU008377,SCH045,2025-08-01,18,15,Unauthorised
ATT202508008378,STU008378,SCH029,2025-08-01,18,15,Other
ATT202508008380,STU008380,SCH008,2025-08-01,22,19,Medical
ATT202508008381,STU008381,SCH004,2025-08-01,20,17,Unauthorised
ATT202508008383,STU008383,SCH020,2025-08-01,22,19,Unauthorised
ATT202508008384,STU008384,SCH021,2025-08-01,22,18,Illness
ATT202508008385,STU008385,SCH003,2025-08-01,21,18,Medical
ATT202508008386,STU008386,SCH027,2025-08-01,18,15,Family
ATT202508008387,STU008387,SCH001,2025-08-01,20,18,Unauthorised
ATT202508008388,STU008388,SCH013,2025-08-01,20,18,Other
ATT202508008389,STU008389,SCH040,2025-08-01,22,20,Family
ATT202508008390,STU008390,SCH023,2025-08-01,20,17,Other
ATT202508008391,STU008391,SCH022,2025-08-01,20,14,Other
ATT202508008392,STU008392,SCH033,2025-08-01,21,18,Illness
ATT202508008393,STU008393,SCH011,2025-08-01,20,17,Other
ATT202508008394,STU008394,SCH011,2025-08-01,22,20,Illness
ATT202508008395,STU008395,SCH027,2025-08-01,21,18,Illness
ATT202508008396,STU008396,SCH015,2025-08-01,19,17,Other
ATT202508008397,STU008397,SCH024,2025-08-01,22,16,Medical
ATT202508008398,STU008398,SCH018,2025-08-01,19,17,Other
ATT202508008399,STU008399,SCH025,2025-08-01,19,17,Family
ATT202508008400,STU008400,SCH021,2025-08-01,22,18,Illness
ATT202508008401,STU008401,SCH049,2025-08-01,20,15,Unauthorised
ATT202508008402,STU008402,SCH036,2025-08-01,20,17,Medical
ATT202508008403,STU008403,SCH006,2025-08-01,20,17,Other
ATT202508008404,STU008404,SCH024,2025-08-01,20,16,Unauthorised
ATT202508008405,STU008405,SCH047,2025-08-01,22,20,Unauthorised
ATT202508008406,STU008406,SCH018,2025-08-01,18,15,Family
ATT202508008407,STU008407,SCH030,2025-08-01,21,17,Medical
ATT202508008408,STU008408,SCH015,2025-08-01,22,18,Other
ATT202508008409,STU008409,SCH038,2025-08-01,21,19,Unauthorised
ATT202508008410,STU008410,SCH046,2025-08-01,19,17,Other
ATT202508008411,STU008411,SCH028,2025-08-01,21,18,Medical
ATT202508008413,STU008413,SCH046,2025-08-01,21,18,Unauthorised
ATT202508008414,STU008414,SCH010,2025-08-01,22,19,Medical
ATT202508008415,STU008415,SCH008,2025-08-01,21,18,Unauthorised
ATT202508008417,STU008417,SCH004,2025-08-01,21,18,Other
ATT202508008418,STU008418,SCH032,2025-08-01,18,15,Illness
ATT202508008419,STU008419,SCH041,2025-08-01,21,18,Medical
ATT202508008420,STU008420,SCH036,2025-08-01,20,18,Family
ATT202508008422,STU008422,SCH044,2025-08-01,20,16,Illness
ATT202508008423,STU008423,SCH046,2025-08-01,21,18,Family
ATT202508008424,STU008424,SCH043,2025-08-01,19,16,Other
ATT202508008427,STU008427,SCH043,2025-08-01,18,14,Other
ATT202508008428,STU008428,SCH030,2025-08-01,18,15,Family
ATT202508008429,STU008429,SCH031,2025-08-01,20,16,Family
ATT202508008430,STU008430,SCH032,2025-08-01,19,16,Other
ATT202508008431,STU008431,SCH001,2025-08-01,21,17,Unauthorised
ATT202508008432,STU008432,SCH018,2025-08-01,21,19,Other
ATT202508008433,STU008433,SCH043,2025-08-01,18,14,Family
ATT202508008434,STU008434,SCH045,2025-08-01,22,18,Other
ATT202508008435,STU008435,SCH014,2025-08-01,19,15,Other
ATT202508008437,STU008437,SCH011,2025-08-01,21,17,Family
ATT202508008438,STU008438,SCH034,2025-08-01,22,17,Illness
ATT202508008439,STU008439,SCH033,2025-08-01,21,19,Illness
ATT202508008440,STU008440,SCH005,2025-08-01,18,15,Medical
ATT202508008441,STU008441,SCH011,2025-08-01,22,19,Family
ATT202508008442,STU008442,SCH007,2025-08-01,20,15,Illness
ATT202508008443,STU008443,SCH022,2025-08-01,19,15,Illness
ATT202508008444,STU008444,SCH021,2025-08-01,18,14,Illness
ATT202508008446,STU008446,SCH047,2025-08-01,22,19,Other
ATT202508008447,STU008447,SCH014,2025-08-01,20,16,Illness
ATT202508008448,STU008448,SCH018,2025-08-01,19,16,Medical
ATT202508008449,STU008449,SCH021,2025-08-01,19,15,Family
ATT202508008450,STU008450,SCH010,2025-08-01,19,14,Family
ATT202508008451,STU008451,SCH002,2025-08-01,21,18,Other
ATT202508008453,STU008453,SCH026,2025-08-01,22,19,Medical
ATT202508008454,STU008454,SCH013,2025-08-01,18,14,Unauthorised
ATT202508008455,STU008455,SCH006,2025-08-01,19,15,Unauthorised
ATT202508008456,STU008456,SCH003,2025-08-01,20,16,Other
ATT202508008457,STU008457,SCH039,2025-08-01,21,19,Illness
ATT202508008458,STU008458,SCH044,2025-08-01,20,16,Unauthorised
ATT202508008459,STU008459,SCH011,2025-08-01,18,16,Family
ATT202508008460,STU008460,SCH040,2025-08-01,21,19,Illness
ATT202508008461,STU008461,SCH030,2025-08-01,20,16,Medical
ATT202508008462,STU008462,SCH031,2025-08-01,19,16,Medical
ATT202508008463,STU008463,SCH012,2025-08-01,22,18,Illness
ATT202508008465,STU008465,SCH029,2025-08-01,21,18,Other
ATT202508008466,STU008466,SCH023,2025-08-01,21,19,Family
ATT202508008467,STU008467,SCH011,2025-08-01,19,17,Medical
ATT202508008468,STU008468,SCH006,2025-08-01,19,17,Medical
ATT202508008469,STU008469,SCH021,2025-08-01,18,12,Family
ATT202508008470,STU008470,SCH031,2025-08-01,20,16,Family
ATT202508008471,STU008471,SCH040,2025-08-01,19,18,Unauthorised
ATT202508008472,STU008472,SCH001,2025-08-01,21,16,Unauthorised
ATT202508008473,STU008473,SCH007,2025-08-01,22,19,Illness
ATT202508008474,STU008474,SCH045,2025-08-01,22,19,Other
ATT202508008475,STU008475,SCH018,2025-08-01,18,16,Unauthorised
ATT202508008476,STU008476,SCH006,2025-08-01,19,16,Family
ATT202508008477,STU008477,SCH013,2025-08-01,22,20,Medical
ATT202508008478,STU008478,SCH040,2025-08-01,18,16,Illness
ATT202508008480,STU008480,SCH017,2025-08-01,20,15,Other
ATT202508008481,STU008481,SCH017,2025-08-01,22,20,Medical
ATT202508008483,STU008483,SCH019,2025-08-01,22,19,Family
ATT202508008484,STU008484,SCH044,2025-08-01,20,17,Medical
ATT202508008485,STU008485,SCH009,2025-08-01,19,16,Other
ATT202508008486,STU008486,SCH011,2025-08-01,22,20,Unauthorised
ATT202508008487,STU008487,SCH006,2025-08-01,18,16,Unauthorised
ATT202508008488,STU008488,SCH048,2025-08-01,21,18,Illness
ATT202508008490,STU008490,SCH045,2025-08-01,21,18,Unauthorised
ATT202508008491,STU008491,SCH016,2025-08-01,22,19,Medical
ATT202508008492,STU008492,SCH008,2025-08-01,19,16,Illness
ATT202508008493,STU008493,SCH046,2025-08-01,21,17,Unauthorised
ATT202508008495,STU008495,SCH006,2025-08-01,19,17,Unauthorised
ATT202508008497,STU008497,SCH003,2025-08-01,22,19,Family
ATT202508008498,STU008498,SCH029,2025-08-01,22,17,Medical
ATT202508008499,STU008499,SCH002,2025-08-01,21,15,Unauthorised
ATT202508008500,STU008500,SCH048,2025-08-01,21,19,Illness
ATT202508008501,STU008501,SCH036,2025-08-01,19,17,Unauthorised
ATT202508008502,STU008502,SCH021,2025-08-01,19,14,Other
ATT202508008504,STU008504,SCH003,2025-08-01,22,19,Medical
ATT202508008505,STU008505,SCH012,2025-08-01,18,15,Unauthorised
ATT202508008506,STU008506,SCH021,2025-08-01,19,16,Unauthorised
ATT202508008507,STU008507,SCH026,2025-08-01,20,17,Unauthorised
ATT202508008508,STU008508,SCH028,2025-08-01,19,15,Illness
ATT202508008509,STU008509,SCH049,2025-08-01,21,15,Family
ATT202508008510,STU008510,SCH032,2025-08-01,19,16,Medical
ATT202508008511,STU008511,SCH032,2025-08-01,19,16,Illness
ATT202508008512,STU008512,SCH035,2025-08-01,21,16,Other
ATT202508008513,STU008513,SCH023,2025-08-01,18,15,Illness
ATT202508008514,STU008514,SCH033,2025-08-01,21,18,Unauthorised
ATT202508008515,STU008515,SCH016,2025-08-01,19,16,Family
ATT202508008516,STU008516,SCH008,2025-08-01,22,19,Other
ATT202508008517,STU008517,SCH014,2025-08-01,20,16,Medical
ATT202508008518,STU008518,SCH011,2025-08-01,19,16,Family
ATT202508008519,STU008519,SCH022,2025-08-01,22,16,Unauthorised
ATT202508008520,STU008520,SCH026,2025-08-01,18,17,Family
ATT202508008521,STU008521,SCH017,2025-08-01,21,15,Illness
ATT202508008522,STU008522,SCH005,2025-08-01,21,18,Medical
ATT202508008524,STU008524,SCH031,2025-08-01,18,15,Family
ATT202508008525,STU008525,SCH039,2025-08-01,21,19,Illness
ATT202508008526,STU008526,SCH041,2025-08-01,18,16,Medical
ATT202508008528,STU008528,SCH031,2025-08-01,20,17,Unauthorised
ATT202508008529,STU008529,SCH010,2025-08-01,20,15,Family
ATT202508008530,STU008530,SCH040,2025-08-01,20,18,Medical
ATT202508008531,STU008531,SCH030,2025-08-01,21,20,Other
ATT202508008532,STU008532,SCH012,2025-08-01,20,17,Family
ATT202508008533,STU008533,SCH015,2025-08-01,22,18,Family
ATT202508008535,STU008535,SCH044,2025-08-01,21,17,Family
ATT202508008536,STU008536,SCH023,2025-08-01,22,16,Other
ATT202508008537,STU008537,SCH040,2025-08-01,21,19,Medical
ATT202508008539,STU008539,SCH049,2025-08-01,21,18,Family
ATT202508008540,STU008540,SCH042,2025-08-01,19,15,Family
ATT202508008541,STU008541,SCH048,2025-08-01,21,16,Other
ATT202508008542,STU008542,SCH044,2025-08-01,19,16,Illness
ATT202508008543,STU008543,SCH005,2025-08-01,19,15,Unauthorised
ATT202508008544,STU008544,SCH047,2025-08-01,18,17,Other
ATT202508008545,STU008545,SCH035,2025-08-01,20,15,Unauthorised
ATT202508008546,STU008546,SCH012,2025-08-01,19,16,Unauthorised
ATT202508008547,STU008547,SCH001,2025-08-01,21,16,Family
ATT202508008548,STU008548,SCH041,2025-08-01,18,15,Illness
ATT202508008549,STU008549,SCH009,2025-08-01,20,16,Other
ATT202508008551,STU008551,SCH039,2025-08-01,21,17,Unauthorised
ATT202508008552,STU008552,SCH012,2025-08-01,21,18,Family
ATT202508008553,STU008553,SCH017,2025-08-01,22,16,Medical
ATT202508008554,STU008554,SCH043,2025-08-01,18,16,Illness
ATT202508008555,STU008555,SCH027,2025-08-01,20,17,Medical
ATT202508008556,STU008556,SCH045,2025-08-01,22,17,Illness
ATT202508008557,STU008557,SCH034,2025-08-01,20,16,Family
ATT202508008558,STU008558,SCH018,2025-08-01,20,17,Unauthorised
ATT202508008559,STU008559,SCH011,2025-08-01,21,18,Illness
ATT202508008560,STU008560,SCH017,2025-08-01,22,18,Medical
ATT202508008561,STU008561,SCH001,2025-08-01,19,14,Family
ATT202508008562,STU008562,SCH025,2025-08-01,18,15,Unauthorised
ATT202508008563,STU008563,SCH040,2025-08-01,19,16,Illness
ATT202508008564,STU008564,SCH026,2025-08-01,20,18,Unauthorised
ATT202508008565,STU008565,SCH039,2025-08-01,22,19,Other
ATT202508008566,STU008566,SCH019,2025-08-01,19,17,Other
ATT202508008568,STU008568,SCH022,2025-08-01,19,13,Medical
ATT202508008569,STU008569,SCH028,2025-08-01,20,17,Unauthorised
ATT202508008570,STU008570,SCH030,2025-08-01,19,14,Family
ATT202508008571,STU008571,SCH016,2025-08-01,18,16,Other
ATT202508008572,STU008572,SCH006,2025-08-01,18,16,Other
ATT202508008573,STU008573,SCH005,2025-08-01,19,16,Medical
ATT202508008574,STU008574,SCH046,2025-08-01,21,19,Family
ATT202508008575,STU008575,SCH018,2025-08-01,18,16,Medical
ATT202508008576,STU008576,SCH010,2025-08-01,18,15,Unauthorised
ATT202508008577,STU008577,SCH034,2025-08-01,21,17,Medical
ATT202508008578,STU008578,SCH008,2025-08-01,18,16,Family
ATT202508008579,STU008579,SCH031,2025-08-01,18,14,Medical
ATT202508008580,STU008580,SCH043,2025-08-01,22,19,Other
ATT202508008581,STU008581,SCH008,2025-08-01,20,16,Unauthorised
ATT202508008582,STU008582,SCH035,2025-08-01,21,15,Family
ATT202508008583,STU008583,SCH032,2025-08-01,22,19,Medical
ATT202508008584,STU008584,SCH015,2025-08-01,18,15,Family
ATT202508008585,STU008585,SCH006,2025-08-01,19,16,Illness
ATT202508008586,STU008586,SCH010,2025-08-01,19,16,Unauthorised
ATT202508008587,STU008587,SCH044,2025-08-01,20,16,Unauthorised
ATT202508008588,STU008588,SCH031,2025-08-01,18,14,Illness
ATT202508008589,STU008589,SCH011,2025-08-01,20,17,Family
ATT202508008590,STU008590,SCH031,2025-08-01,18,15,Unauthorised
ATT202508008591,STU008591,SCH037,2025-08-01,19,16,Other
ATT202508008593,STU008593,SCH035,2025-08-01,22,18,Other
ATT202508008594,STU008594,SCH034,2025-08-01,22,18,Other
ATT202508008595,STU008595,SCH021,2025-08-01,22,17,Unauthorised
ATT202508008596,STU008596,SCH010,2025-08-01,19,16,Unauthorised
ATT202508008597,STU008597,SCH028,2025-08-01,21,18,Medical
ATT202508008598,STU008598,SCH030,2025-08-01,18,16,Illness
ATT202508008599,STU008599,SCH036,2025-08-01,19,15,Family
ATT202508008600,STU008600,SCH041,2025-08-01,18,15,Illness
ATT202508008602,STU008602,SCH033,2025-08-01,19,16,Other
ATT202508008603,STU008603,SCH030,2025-08-01,21,19,Unauthorised
ATT202508008604,STU008604,SCH025,2025-08-01,18,15,Illness
ATT202508008605,STU008605,SCH029,2025-08-01,18,15,Medical
ATT202508008606,STU008606,SCH031,2025-08-01,22,18,Illness
ATT202508008607,STU008607,SCH018,2025-08-01,18,15,Family
ATT202508008608,STU008608,SCH012,2025-08-01,21,18,Other
ATT202508008609,STU008609,SCH028,2025-08-01,22,18,Medical
ATT202508008610,STU008610,SCH024,2025-08-01,20,16,Unauthorised
ATT202508008611,STU008611,SCH008,2025-08-01,21,17,Medical
ATT202508008612,STU008612,SCH030,2025-08-01,22,19,Unauthorised
ATT202508008613,STU008613,SCH046,2025-08-01,21,17,Medical
ATT202508008614,STU008614,SCH016,2025-08-01,19,16,Unauthorised
ATT202508008615,STU008615,SCH021,2025-08-01,19,16,Other
ATT202508008616,STU008616,SCH047,2025-08-01,21,18,Unauthorised
ATT202508008617,STU008617,SCH010,2025-08-01,19,16,Medical
ATT202508008618,STU008618,SCH032,2025-08-01,22,18,Unauthorised
ATT202508008619,STU008619,SCH021,2025-08-01,18,16,Family
ATT202508008620,STU008620,SCH018,2025-08-01,21,19,Illness
ATT202508008621,STU008621,SCH034,2025-08-01,20,15,Unauthorised
ATT202508008622,STU008622,SCH001,2025-08-01,21,17,Unauthorised
ATT202508008623,STU008623,SCH008,2025-08-01,19,16,Illness
ATT202508008624,STU008624,SCH048,2025-08-01,22,19,Medical
ATT202508008625,STU008625,SCH043,2025-08-01,19,17,Medical
ATT202508008626,STU008626,SCH045,2025-08-01,21,17,Medical
ATT202508008627,STU008627,SCH049,2025-08-01,22,15,Unauthorised
ATT202508008628,STU008628,SCH042,2025-08-01,21,17,Medical
ATT202508008630,STU008630,SCH001,2025-08-01,21,17,Other
ATT202508008631,STU008631,SCH035,2025-08-01,18,15,Medical
ATT202508008632,STU008632,SCH001,2025-08-01,19,16,Other
ATT202508008633,STU008633,SCH048,2025-08-01,20,17,Illness
ATT202508008634,STU008634,SCH020,2025-08-01,21,17,Medical
ATT202508008636,STU008636,SCH024,2025-08-01,22,18,Illness
ATT202508008637,STU008637,SCH047,2025-08-01,21,17,Illness
ATT202508008638,STU008638,SCH007,2025-08-01,22,18,Medical
ATT202508008640,STU008640,SCH032,2025-08-01,19,18,Unauthorised
ATT202508008641,STU008641,SCH048,2025-08-01,21,19,Other
ATT202508008642,STU008642,SCH033,2025-08-01,19,16,Family
ATT202508008643,STU008643,SCH012,2025-08-01,22,17,Medical
ATT202508008645,STU008645,SCH037,2025-08-01,19,16,Unauthorised
ATT202508008647,STU008647,SCH037,2025-08-01,19,16,Medical
ATT202508008649,STU008649,SCH016,2025-08-01,20,16,Family
ATT202508008650,STU008650,SCH016,2025-08-01,18,16,Medical
ATT202508008651,STU008651,SCH039,2025-08-01,22,19,Other
ATT202508008652,STU008652,SCH021,2025-08-01,20,16,Medical
ATT202508008653,STU008653,SCH014,2025-08-01,20,17,Illness
ATT202508008654,STU008654,SCH021,2025-08-01,19,15,Medical
ATT202508008655,STU008655,SCH024,2025-08-01,19,16,Unauthorised
ATT202508008656,STU008656,SCH005,2025-08-01,20,17,Illness
ATT202508008657,STU008657,SCH046,2025-08-01,19,16,Illness
ATT202508008659,STU008659,SCH046,2025-08-01,21,16,Other
ATT202508008660,STU008660,SCH037,2025-08-01,20,18,Illness
ATT202508008661,STU008661,SCH031,2025-08-01,21,18,Medical
ATT202508008662,STU008662,SCH037,2025-08-01,21,17,Medical
ATT202508008663,STU008663,SCH037,2025-08-01,21,17,Unauthorised
ATT202508008664,STU008664,SCH032,2025-08-01,19,17,Unauthorised
ATT202508008665,STU008665,SCH049,2025-08-01,22,17,Medical
ATT202508008666,STU008666,SCH011,2025-08-01,19,17,Family
ATT202508008667,STU008667,SCH002,2025-08-01,19,17,Illness
ATT202508008668,STU008668,SCH034,2025-08-01,20,15,Illness
ATT202508008669,STU008669,SCH015,2025-08-01,19,17,Illness
ATT202508008670,STU008670,SCH037,2025-08-01,22,19,Unauthorised
ATT202508008671,STU008671,SCH043,2025-08-01,21,17,Unauthorised
ATT202508008672,STU008672,SCH047,2025-08-01,22,20,Family
ATT202508008673,STU008673,SCH036,2025-08-01,18,15,Other
ATT202508008674,STU008674,SCH021,2025-08-01,20,16,Family
ATT202508008675,STU008675,SCH008,2025-08-01,20,16,Illness
ATT202508008676,STU008676,SCH027,2025-08-01,21,17,Family
ATT202508008677,STU008677,SCH024,2025-08-01,22,19,Family
ATT202508008678,STU008678,SCH046,2025-08-01,22,18,Other
ATT202508008680,STU008680,SCH022,2025-08-01,18,14,Unauthorised
ATT202508008681,STU008681,SCH041,2025-08-01,19,16,Unauthorised
ATT202508008682,STU008682,SCH037,2025-08-01,20,18,Other
ATT202508008683,STU008683,SCH010,2025-08-01,18,16,Family
ATT202508008684,STU008684,SCH034,2025-08-01,21,17,Family
ATT202508008685,STU008685,SCH037,2025-08-01,22,20,Other
ATT202508008686,STU008686,SCH035,2025-08-01,18,13,Other
ATT202508008687,STU008687,SCH010,2025-08-01,20,16,Illness
ATT202508008688,STU008688,SCH018,2025-08-01,19,16,Medical
ATT202508008689,STU008689,SCH012,2025-08-01,18,15,Illness
ATT202508008690,STU008690,SCH030,2025-08-01,21,19,Other
ATT202508008691,STU008691,SCH008,2025-08-01,21,18,Other
ATT202508008692,STU008692,SCH003,2025-08-01,21,19,Unauthorised
ATT202508008694,STU008694,SCH030,2025-08-01,20,17,Other
ATT202508008695,STU008695,SCH006,2025-08-01,22,19,Illness
ATT202508008696,STU008696,SCH023,2025-08-01,22,18,Other
ATT202508008697,STU008697,SCH020,2025-08-01,21,19,Unauthorised
ATT202508008699,STU008699,SCH005,2025-08-01,20,16,Family
ATT202508008700,STU008700,SCH022,2025-08-01,22,16,Illness
ATT202508008702,STU008702,SCH021,2025-08-01,18,13,Other
ATT202508008703,STU008703,SCH046,2025-08-01,20,16,Other
ATT202508008704,STU008704,SCH014,2025-08-01,19,16,Medical
ATT202508008705,STU008705,SCH035,2025-08-01,19,15,Family
ATT202508008706,STU008706,SCH007,2025-08-01,19,16,Illness
ATT202508008707,STU008707,SCH046,2025-08-01,21,18,Medical
ATT202508008708,STU008708,SCH044,2025-08-01,19,16,Other
ATT202508008709,STU008709,SCH012,2025-08-01,21,17,Unauthorised
ATT202508008711,STU008711,SCH014,2025-08-01,22,18,Medical
ATT202508008712,STU008712,SCH015,2025-08-01,22,18,Illness
ATT202508008713,STU008713,SCH009,2025-08-01,18,14,Medical
ATT202508008714,STU008714,SCH032,2025-08-01,19,16,Unauthorised
ATT202508008715,STU008715,SCH014,2025-08-01,19,17,Other
ATT202508008716,STU008716,SCH012,2025-08-01,22,19,Medical
ATT202508008717,STU008717,SCH004,2025-08-01,19,15,Medical
ATT202508008718,STU008718,SCH043,2025-08-01,22,19,Medical
ATT202508008719,STU008719,SCH021,2025-08-01,20,16,Medical
ATT202508008720,STU008720,SCH024,2025-08-01,20,14,Illness
ATT202508008722,STU008722,SCH016,2025-08-01,18,15,Illness
ATT202508008723,STU008723,SCH018,2025-08-01,22,21,Unauthorised
ATT202508008724,STU008724,SCH003,2025-08-01,22,20,Unauthorised
ATT202508008725,STU008725,SCH017,2025-08-01,21,16,Other
ATT202508008726,STU008726,SCH009,2025-08-01,20,17,Medical
ATT202508008728,STU008728,SCH019,2025-08-01,22,19,Unauthorised
ATT202508008729,STU008729,SCH005,2025-08-01,18,15,Family
ATT202508008730,STU008730,SCH028,2025-08-01,22,18,Illness
ATT202508008731,STU008731,SCH016,2025-08-01,20,17,Other
ATT202508008732,STU008732,SCH012,2025-08-01,20,16,Family
ATT202508008733,STU008733,SCH044,2025-08-01,19,16,Medical
ATT202508008734,STU008734,SCH040,2025-08-01,22,19,Other
ATT202508008735,STU008735,SCH032,2025-08-01,21,18,Unauthorised
ATT202508008737,STU008737,SCH038,2025-08-01,20,18,Illness
ATT202508008738,STU008738,SCH031,2025-08-01,20,15,Medical
ATT202508008739,STU008739,SCH009,2025-08-01,21,18,Medical
ATT202508008740,STU008740,SCH010,2025-08-01,22,19,Illness
ATT202508008741,STU008741,SCH033,2025-08-01,18,16,Medical
ATT202508008742,STU008742,SCH049,2025-08-01,19,15,Other
ATT202508008743,STU008743,SCH008,2025-08-01,20,17,Medical
ATT202508008744,STU008744,SCH023,2025-08-01,21,16,Unauthorised
ATT202508008745,STU008745,SCH021,2025-08-01,21,17,Unauthorised
ATT202508008746,STU008746,SCH029,2025-08-01,18,15,Family
ATT202508008747,STU008747,SCH009,2025-08-01,18,15,Family
ATT202508008748,STU008748,SCH005,2025-08-01,21,18,Other
ATT202508008749,STU008749,SCH031,2025-08-01,18,15,Medical
ATT202508008750,STU008750,SCH031,2025-08-01,22,18,Other
ATT202508008751,STU008751,SCH027,2025-08-01,22,19,Other
ATT202508008752,STU008752,SCH037,2025-08-01,20,16,Medical
ATT202508008753,STU008753,SCH013,2025-08-01,22,19,Medical
ATT202508008754,STU008754,SCH016,2025-08-01,20,16,Other
ATT202508008755,STU008755,SCH049,2025-08-01,22,17,Other
ATT202508008756,STU008756,SCH019,2025-08-01,19,16,Illness
ATT202508008757,STU008757,SCH030,2025-08-01,20,17,Family
ATT202508008758,STU008758,SCH016,2025-08-01,21,17,Family
ATT202508008759,STU008759,SCH010,2025-08-01,18,16,Illness
ATT202508008760,STU008760,SCH044,2025-08-01,20,17,Family
ATT202508008761,STU008761,SCH032,2025-08-01,22,18,Unauthorised
ATT202508008762,STU008762,SCH044,2025-08-01,22,19,Illness
ATT202508008763,STU008763,SCH013,2025-08-01,18,15,Unauthorised
ATT202508008764,STU008764,SCH021,2025-08-01,20,12,Other
ATT202508008765,STU008765,SCH002,2025-08-01,21,19,Medical
ATT202508008766,STU008766,SCH034,2025-08-01,18,14,Illness
ATT202508008767,STU008767,SCH019,2025-08-01,18,16,Other
ATT202508008768,STU008768,SCH002,2025-08-01,22,17,Other
ATT202508008769,STU008769,SCH004,2025-08-01,22,19,Unauthorised
ATT202508008770,STU008770,SCH043,2025-08-01,22,17,Medical
ATT202508008771,STU008771,SCH029,2025-08-01,22,18,Unauthorised
ATT202508008772,STU008772,SCH004,2025-08-01,20,17,Other
ATT202508008773,STU008773,SCH028,2025-08-01,21,18,Family
ATT202508008774,STU008774,SCH044,2025-08-01,20,17,Illness
ATT202508008775,STU008775,SCH026,2025-08-01,19,17,Medical
ATT202508008776,STU008776,SCH006,2025-08-01,21,18,Medical
ATT202508008777,STU008777,SCH020,2025-08-01,22,21,Unauthorised
ATT202508008780,STU008780,SCH030,2025-08-01,19,17,Unauthorised
ATT202508008781,STU008781,SCH028,2025-08-01,22,18,Unauthorised
ATT202508008783,STU008783,SCH021,2025-08-01,19,15,Family
ATT202508008784,STU008784,SCH005,2025-08-01,18,17,Medical
ATT202508008786,STU008786,SCH039,2025-08-01,18,17,Other
ATT202508008787,STU008787,SCH043,2025-08-01,18,15,Illness
ATT202508008788,STU008788,SCH031,2025-08-01,20,16,Medical
ATT202508008789,STU008789,SCH036,2025-08-01,22,19,Other
ATT202508008790,STU008790,SCH019,2025-08-01,19,16,Family
ATT202508008791,STU008791,SCH013,2025-08-01,20,17,Medical
ATT202508008792,STU008792,SCH010,2025-08-01,21,18,Illness
ATT202508008793,STU008793,SCH010,2025-08-01,18,15,Family
ATT202508008794,STU008794,SCH011,2025-08-01,22,19,Other
ATT202508008795,STU008795,SCH043,2025-08-01,22,18,Family
ATT202508008796,STU008796,SCH037,2025-08-01,19,15,Unauthorised
ATT202508008797,STU008797,SCH048,2025-08-01,21,17,Illness
ATT202508008798,STU008798,SCH028,2025-08-01,22,18,Illness
ATT202508008799,STU008799,SCH027,2025-08-01,19,17,Medical
ATT202508008800,STU008800,SCH010,2025-08-01,20,16,Other
ATT202508008801,STU008801,SCH021,2025-08-01,20,16,Medical
ATT202508008804,STU008804,SCH005,2025-08-01,20,18,Medical
ATT202508008805,STU008805,SCH048,2025-08-01,22,19,Unauthorised
ATT202508008806,STU008806,SCH021,2025-08-01,19,14,Unauthorised
ATT202508008807,STU008807,SCH009,2025-08-01,20,18,Illness
ATT202508008808,STU008808,SCH045,2025-08-01,19,17,Medical
ATT202508008809,STU008809,SCH034,2025-08-01,20,16,Unauthorised
ATT202508008810,STU008810,SCH031,2025-08-01,18,15,Other
ATT202508008811,STU008811,SCH029,2025-08-01,22,17,Illness
ATT202508008812,STU008812,SCH029,2025-08-01,18,16,Other
ATT202508008813,STU008813,SCH028,2025-08-01,19,16,Other
ATT202508008814,STU008814,SCH003,2025-08-01,21,19,Family
ATT202508008815,STU008815,SCH046,2025-08-01,21,15,Unauthorised
ATT202508008816,STU008816,SCH048,2025-08-01,21,18,Medical
ATT202508008817,STU008817,SCH031,2025-08-01,19,17,Other
ATT202508008818,STU008818,SCH043,2025-08-01,22,18,Family
ATT202508008819,STU008819,SCH042,2025-08-01,18,14,Illness
ATT202508008820,STU008820,SCH032,2025-08-01,20,18,Illness
ATT202508008821,STU008821,SCH023,2025-08-01,20,17,Other
ATT202508008822,STU008822,SCH025,2025-08-01,19,17,Family
ATT202508008824,STU008824,SCH034,2025-08-01,21,17,Illness
ATT202508008825,STU008825,SCH045,2025-08-01,20,17,Unauthorised
ATT202508008826,STU008826,SCH021,2025-08-01,19,16,Other
ATT202508008827,STU008827,SCH044,2025-08-01,20,17,Family
ATT202508008829,STU008829,SCH017,2025-08-01,19,16,Medical
ATT202508008830,STU008830,SCH021,2025-08-01,22,15,Unauthorised
ATT202508008831,STU008831,SCH044,2025-08-01,22,18,Medical
ATT202508008832,STU008832,SCH047,2025-08-01,18,16,Unauthorised
ATT202508008833,STU008833,SCH022,2025-08-01,18,13,Other
ATT202508008834,STU008834,SCH006,2025-08-01,18,16,Unauthorised
ATT202508008835,STU008835,SCH016,2025-08-01,22,19,Medical
ATT202508008836,STU008836,SCH002,2025-08-01,18,14,Other
ATT202508008837,STU008837,SCH037,2025-08-01,20,17,Medical
ATT202508008838,STU008838,SCH021,2025-08-01,21,16,Other
ATT202508008839,STU008839,SCH032,2025-08-01,19,16,Other
ATT202508008840,STU008840,SCH025,2025-08-01,20,16,Other
ATT202508008842,STU008842,SCH031,2025-08-01,20,14,Other
ATT202508008843,STU008843,SCH031,2025-08-01,18,12,Family
ATT202508008844,STU008844,SCH009,2025-08-01,19,16,Family
ATT202508008845,STU008845,SCH014,2025-08-01,21,18,Family
ATT202508008846,STU008846,SCH031,2025-08-01,18,14,Unauthorised
ATT202508008847,STU008847,SCH047,2025-08-01,21,18,Unauthorised
ATT202508008848,STU008848,SCH027,2025-08-01,20,17,Medical
ATT202508008849,STU008849,SCH009,2025-08-01,19,16,Medical
ATT202508008850,STU008850,SCH028,2025-08-01,21,18,Family
ATT202508008851,STU008851,SCH046,2025-08-01,22,18,Unauthorised
ATT202508008852,STU008852,SCH015,2025-08-01,21,18,Family
ATT202508008853,STU008853,SCH027,2025-08-01,22,18,Illness
ATT202508008854,STU008854,SCH041,2025-08-01,20,17,Illness
ATT202508008855,STU008855,SCH011,2025-08-01,18,16,Family
ATT202508008856,STU008856,SCH027,2025-08-01,18,14,Medical
ATT202508008857,STU008857,SCH023,2025-08-01,22,18,Family
ATT202508008858,STU008858,SCH020,2025-08-01,19,16,Unauthorised
ATT202508008859,STU008859,SCH025,2025-08-01,21,19,Unauthorised
ATT202508008861,STU008861,SCH045,2025-08-01,18,15,Medical
ATT202508008862,STU008862,SCH026,2025-08-01,19,16,Medical
ATT202508008863,STU008863,SCH014,2025-08-01,19,15,Illness
ATT202508008864,STU008864,SCH048,2025-08-01,21,19,Other
ATT202508008866,STU008866,SCH011,2025-08-01,22,19,Medical
ATT202508008867,STU008867,SCH026,2025-08-01,18,16,Medical
ATT202508008868,STU008868,SCH042,2025-08-01,19,14,Illness
ATT202508008869,STU008869,SCH004,2025-08-01,19,16,Unauthorised
ATT202508008870,STU008870,SCH012,2025-08-01,19,15,Family
ATT202508008871,STU008871,SCH021,2025-08-01,18,14,Unauthorised
ATT202508008873,STU008873,SCH044,2025-08-01,19,16,Illness
ATT202508008874,STU008874,SCH009,2025-08-01,18,15,Unauthorised
ATT202508008875,STU008875,SCH023,2025-08-01,20,16,Unauthorised
ATT202508008876,STU008876,SCH003,2025-08-01,22,20,Unauthorised
ATT202508008877,STU008877,SCH014,2025-08-01,20,17,Medical
ATT202508008878,STU008878,SCH034,2025-08-01,20,14,Other
ATT202508008879,STU008879,SCH046,2025-08-01,20,18,Other
ATT202508008880,STU008880,SCH016,2025-08-01,21,18,Other
ATT202508008881,STU008881,SCH017,2025-08-01,21,17,Family
ATT202508008882,STU008882,SCH010,2025-08-01,21,17,Other
ATT202508008883,STU008883,SCH014,2025-08-01,21,18,Illness
ATT202508008885,STU008885,SCH015,2025-08-01,19,15,Unauthorised
ATT202508008886,STU008886,SCH009,2025-08-01,19,16,Illness
ATT202508008887,STU008887,SCH033,2025-08-01,18,16,Family
ATT202508008889,STU008889,SCH002,2025-08-01,20,16,Unauthorised
ATT202508008892,STU008892,SCH043,2025-08-01,18,15,Other
ATT202508008893,STU008893,SCH012,2025-08-01,19,16,Medical
ATT202508008894,STU008894,SCH019,2025-08-01,20,16,Illness
ATT202508008895,STU008895,SCH033,2025-08-01,22,18,Family
ATT202508008896,STU008896,SCH010,2025-08-01,21,17,Unauthorised
ATT202508008897,STU008897,SCH049,2025-08-01,18,16,Illness
ATT202508008898,STU008898,SCH032,2025-08-01,19,16,Medical
ATT202508008899,STU008899,SCH032,2025-08-01,22,18,Other
ATT202508008900,STU008900,SCH012,2025-08-01,20,16,Illness
ATT202508008901,STU008901,SCH048,2025-08-01,20,18,Unauthorised
ATT202508008902,STU008902,SCH030,2025-08-01,19,16,Other
ATT202508008903,STU008903,SCH019,2025-08-01,20,16,Family
ATT202508008904,STU008904,SCH016,2025-08-01,21,19,Unauthorised
ATT202508008905,STU008905,SCH010,2025-08-01,22,18,Unauthorised
ATT202508008907,STU008907,SCH036,2025-08-01,20,17,Illness
ATT202508008908,STU008908,SCH036,2025-08-01,22,20,Illness
ATT202508008910,STU008910,SCH006,2025-08-01,20,17,Illness
ATT202508008911,STU008911,SCH044,2025-08-01,18,15,Unauthorised
ATT202508008912,STU008912,SCH013,2025-08-01,18,15,Unauthorised
ATT202508008914,STU008914,SCH022,2025-08-01,18,15,Unauthorised
ATT202508008915,STU008915,SCH008,2025-08-01,19,16,Unauthorised
ATT202508008916,STU008916,SCH040,2025-08-01,21,19,Illness
ATT202508008917,STU008917,SCH015,2025-08-01,22,18,Family
ATT202508008918,STU008918,SCH049,2025-08-01,18,15,Illness
ATT202508008919,STU008919,SCH030,2025-08-01,20,18,Unauthorised
ATT202508008920,STU008920,SCH017,2025-08-01,20,16,Illness
ATT202508008921,STU008921,SCH028,2025-08-01,21,18,Other
ATT202508008922,STU008922,SCH031,2025-08-01,21,15,Family
ATT202508008923,STU008923,SCH026,2025-08-01,21,17,Family
ATT202508008924,STU008924,SCH013,2025-08-01,20,16,Illness
ATT202508008925,STU008925,SCH035,2025-08-01,18,15,Other
ATT202508008927,STU008927,SCH035,2025-08-01,20,17,Medical
ATT202508008929,STU008929,SCH014,2025-08-01,22,17,Illness
ATT202508008930,STU008930,SCH041,2025-08-01,18,15,Medical
ATT202508008932,STU008932,SCH037,2025-08-01,18,16,Unauthorised
ATT202508008933,STU008933,SCH008,2025-08-01,21,18,Other
ATT202508008934,STU008934,SCH023,2025-08-01,20,17,Family
ATT202508008938,STU008938,SCH021,2025-08-01,19,15,Unauthorised
ATT202508008939,STU008939,SCH038,2025-08-01,20,16,Medical
ATT202508008940,STU008940,SCH049,2025-08-01,22,17,Medical
ATT202508008941,STU008941,SCH047,2025-08-01,18,15,Family
ATT202508008942,STU008942,SCH005,2025-08-01,18,15,Family
ATT202508008943,STU008943,SCH010,2025-08-01,18,14,Illness
ATT202508008945,STU008945,SCH039,2025-08-01,19,17,Other
ATT202508008946,STU008946,SCH032,2025-08-01,19,16,Medical
ATT202508008947,STU008947,SCH043,2025-08-01,22,18,Other
ATT202508008948,STU008948,SCH047,2025-08-01,19,16,Unauthorised
ATT202508008951,STU008951,SCH012,2025-08-01,19,16,Illness
ATT202508008952,STU008952,SCH043,2025-08-01,18,14,Other
ATT202508008953,STU008953,SCH036,2025-08-01,19,17,Illness
ATT202508008955,STU008955,SCH036,2025-08-01,18,16,Family
ATT202508008956,STU008956,SCH014,2025-08-01,21,18,Medical
ATT202508008957,STU008957,SCH001,2025-08-01,19,17,Medical
ATT202508008958,STU008958,SCH038,2025-08-01,20,17,Other
ATT202508008959,STU008959,SCH042,2025-08-01,20,19,Unauthorised
ATT202508008960,STU008960,SCH035,2025-08-01,22,19,Other
ATT202508008961,STU008961,SCH025,2025-08-01,19,15,Other
ATT202508008962,STU008962,SCH006,2025-08-01,21,19,Unauthorised
ATT202508008963,STU008963,SCH003,2025-08-01,19,16,Family
ATT202508008964,STU008964,SCH013,2025-08-01,18,16,Illness
ATT202508008965,STU008965,SCH010,2025-08-01,19,16,Illness
ATT202508008966,STU008966,SCH008,2025-08-01,18,16,Family
ATT202508008967,STU008967,SCH009,2025-08-01,22,18,Medical
ATT202508008968,STU008968,SCH017,2025-08-01,21,15,Medical
ATT202508008969,STU008969,SCH041,2025-08-01,18,15,Unauthorised
ATT202508008970,STU008970,SCH006,2025-08-01,20,17,Family
ATT202508008971,STU008971,SCH017,2025-08-01,18,13,Illness
ATT202508008972,STU008972,SCH009,2025-08-01,21,18,Unauthorised
ATT202508008973,STU008973,SCH035,2025-08-01,18,15,Unauthorised
ATT202508008974,STU008974,SCH019,2025-08-01,18,16,Other
ATT202508008976,STU008976,SCH048,2025-08-01,18,14,Illness
ATT202508008977,STU008977,SCH009,2025-08-01,18,15,Illness
ATT202508008978,STU008978,SCH034,2025-08-01,19,15,Unauthorised
ATT202508008979,STU008979,SCH025,2025-08-01,21,18,Family
ATT202508008980,STU008980,SCH037,2025-08-01,22,19,Other
ATT202508008981,STU008981,SCH003,2025-08-01,18,16,Unauthorised
ATT202508008982,STU008982,SCH005,2025-08-01,18,16,Other
ATT202508008983,STU008983,SCH010,2025-08-01,21,16,Medical
ATT202508008984,STU008984,SCH033,2025-08-01,21,18,Illness
ATT202508008985,STU008985,SCH036,2025-08-01,19,17,Other
ATT202508008986,STU008986,SCH035,2025-08-01,21,17,Unauthorised
ATT202508008987,STU008987,SCH048,2025-08-01,21,19,Illness
ATT202508008988,STU008988,SCH021,2025-08-01,22,17,Medical
ATT202508008989,STU008989,SCH010,2025-08-01,18,15,Other
ATT202508008990,STU008990,SCH031,2025-08-01,21,18,Family
ATT202508008991,STU008991,SCH019,2025-08-01,21,17,Unauthorised
ATT202508008993,STU008993,SCH031,2025-08-01,22,17,Medical
ATT202508008994,STU008994,SCH031,2025-08-01,18,15,Family
ATT202508008996,STU008996,SCH010,2025-08-01,19,16,Other
ATT202508008998,STU008998,SCH046,2025-08-01,22,18,Illness
ATT202508009000,STU009000,SCH022,2025-08-01,21,17,Other
ATT202508009001,STU009001,SCH023,2025-08-01,21,17,Family
ATT202508009002,STU009002,SCH040,2025-08-01,19,16,Other
ATT202508009004,STU009004,SCH026,2025-08-01,21,19,Other
ATT202508009006,STU009006,SCH033,2025-08-01,19,16,Family
ATT202508009007,STU009007,SCH048,2025-08-01,19,15,Other
ATT202508009008,STU009008,SCH004,2025-08-01,20,17,Other
ATT202508009009,STU009009,SCH044,2025-08-01,18,16,Medical
ATT202508009011,STU009011,SCH043,2025-08-01,22,18,Unauthorised
ATT202508009012,STU009012,SCH043,2025-08-01,18,15,Illness
ATT202508009013,STU009013,SCH034,2025-08-01,21,15,Other
ATT202508009014,STU009014,SCH013,2025-08-01,18,15,Family
ATT202508009015,STU009015,SCH017,2025-08-01,20,15,Illness
ATT202508009017,STU009017,SCH012,2025-08-01,19,17,Unauthorised
ATT202508009019,STU009019,SCH006,2025-08-01,18,15,Medical
ATT202508009020,STU009020,SCH012,2025-08-01,19,15,Other
ATT202508009021,STU009021,SCH040,2025-08-01,20,16,Family
ATT202508009023,STU009023,SCH019,2025-08-01,22,18,Illness
ATT202508009024,STU009024,SCH036,2025-08-01,22,18,Other
ATT202508009026,STU009026,SCH016,2025-08-01,20,18,Medical
ATT202508009027,STU009027,SCH002,2025-08-01,21,18,Illness
ATT202508009028,STU009028,SCH029,2025-08-01,20,17,Unauthorised
ATT202508009029,STU009029,SCH003,2025-08-01,19,17,Other
ATT202508009030,STU009030,SCH046,2025-08-01,22,18,Family
ATT202508009031,STU009031,SCH044,2025-08-01,20,17,Family
ATT202508009032,STU009032,SCH027,2025-08-01,20,17,Family
ATT202508009033,STU009033,SCH044,2025-08-01,19,15,Other
ATT202508009034,STU009034,SCH048,2025-08-01,19,16,Other
ATT202508009035,STU009035,SCH020,2025-08-01,18,16,Other
ATT202508009036,STU009036,SCH038,2025-08-01,20,16,Illness
ATT202508009037,STU009037,SCH013,2025-08-01,21,18,Family
ATT202508009038,STU009038,SCH027,2025-08-01,18,14,Medical
ATT202508009040,STU009040,SCH004,2025-08-01,19,16,Unauthorised
ATT202508009041,STU009041,SCH042,2025-08-01,19,16,Medical
ATT202508009042,STU009042,SCH011,2025-08-01,19,18,Other
ATT202508009043,STU009043,SCH030,2025-08-01,22,17,Medical
ATT202508009044,STU009044,SCH004,2025-08-01,19,16,Illness
ATT202508009045,STU009045,SCH006,2025-08-01,21,18,Unauthorised
ATT202508009046,STU009046,SCH046,2025-08-01,18,14,Medical
ATT202508009048,STU009048,SCH021,2025-08-01,22,17,Illness
ATT202508009049,STU009049,SCH032,2025-08-01,20,16,Medical
ATT202508009051,STU009051,SCH015,2025-08-01,20,18,Illness
ATT202508009052,STU009052,SCH023,2025-08-01,19,16,Unauthorised
ATT202508009053,STU009053,SCH002,2025-08-01,19,14,Family
ATT202508009054,STU009054,SCH011,2025-08-01,22,20,Other
ATT202508009055,STU009055,SCH017,2025-08-01,21,17,Medical
ATT202508009056,STU009056,SCH012,2025-08-01,20,16,Unauthorised
ATT202508009057,STU009057,SCH042,2025-08-01,19,16,Family
ATT202508009058,STU009058,SCH028,2025-08-01,18,14,Medical
ATT202508009059,STU009059,SCH044,2025-08-01,22,19,Other
ATT202508009060,STU009060,SCH026,2025-08-01,20,17,Unauthorised
ATT202508009061,STU009061,SCH026,2025-08-01,18,14,Other
ATT202508009062,STU009062,SCH020,2025-08-01,21,17,Other
ATT202508009063,STU009063,SCH041,2025-08-01,22,19,Medical
ATT202508009065,STU009065,SCH025,2025-08-01,20,16,Other
ATT202508009066,STU009066,SCH032,2025-08-01,22,17,Medical
ATT202508009067,STU009067,SCH011,2025-08-01,19,16,Family
ATT202508009068,STU009068,SCH045,2025-08-01,19,15,Other
ATT202508009069,STU009069,SCH009,2025-08-01,20,16,Medical
ATT202508009070,STU009070,SCH011,2025-08-01,20,18,Unauthorised
ATT202508009071,STU009071,SCH048,2025-08-01,22,19,Unauthorised
ATT202508009072,STU009072,SCH002,2025-08-01,18,15,Medical
ATT202508009073,STU009073,SCH021,2025-08-01,20,16,Medical
ATT202508009074,STU009074,SCH040,2025-08-01,21,19,Medical
ATT202508009075,STU009075,SCH009,2025-08-01,19,15,Unauthorised
ATT202508009076,STU009076,SCH020,2025-08-01,21,18,Unauthorised
ATT202508009077,STU009077,SCH024,2025-08-01,20,13,Medical
ATT202508009079,STU009079,SCH021,2025-08-01,20,16,Unauthorised
ATT202508009080,STU009080,SCH038,2025-08-01,19,17,Medical
ATT202508009081,STU009081,SCH022,2025-08-01,20,15,Family
ATT202508009082,STU009082,SCH026,2025-08-01,19,16,Family
ATT202508009083,STU009083,SCH016,2025-08-01,19,16,Medical
ATT202508009084,STU009084,SCH033,2025-08-01,20,17,Other
ATT202508009085,STU009085,SCH041,2025-08-01,19,16,Illness
ATT202508009086,STU009086,SCH032,2025-08-01,21,17,Unauthorised
ATT202508009087,STU009087,SCH018,2025-08-01,22,20,Unauthorised
ATT202508009088,STU009088,SCH010,2025-08-01,20,16,Family
ATT202508009090,STU009090,SCH038,2025-08-01,22,20,Family
ATT202508009092,STU009092,SCH047,2025-08-01,19,16,Family
ATT202508009093,STU009093,SCH025,2025-08-01,22,18,Unauthorised
ATT202508009094,STU009094,SCH031,2025-08-01,22,19,Family
ATT202508009097,STU009097,SCH022,2025-08-01,19,15,Unauthorised
ATT202508009098,STU009098,SCH039,2025-08-01,20,17,Medical
ATT202508009099,STU009099,SCH014,2025-08-01,18,15,Other
ATT202508009100,STU009100,SCH021,2025-08-01,19,16,Illness
ATT202508009101,STU009101,SCH016,2025-08-01,21,19,Family
ATT202508009102,STU009102,SCH041,2025-08-01,21,18,Family
ATT202508009103,STU009103,SCH045,2025-08-01,22,18,Other
ATT202508009104,STU009104,SCH003,2025-08-01,18,16,Medical
ATT202508009105,STU009105,SCH034,2025-08-01,19,15,Family
ATT202508009106,STU009106,SCH047,2025-08-01,22,18,Illness
ATT202508009107,STU009107,SCH028,2025-08-01,20,17,Illness
ATT202508009108,STU009108,SCH006,2025-08-01,22,19,Illness
ATT202508009109,STU009109,SCH037,2025-08-01,22,19,Unauthorised
ATT202508009110,STU009110,SCH029,2025-08-01,22,17,Illness
ATT202508009112,STU009112,SCH031,2025-08-01,21,18,Medical
ATT202508009113,STU009113,SCH023,2025-08-01,20,19,Family
ATT202508009114,STU009114,SCH020,2025-08-01,21,18,Illness
ATT202508009115,STU009115,SCH017,2025-08-01,20,17,Medical
ATT202508009116,STU009116,SCH002,2025-08-01,20,16,Family
ATT202508009117,STU009117,SCH047,2025-08-01,19,15,Illness
ATT202508009118,STU009118,SCH011,2025-08-01,20,17,Medical
ATT202508009120,STU009120,SCH029,2025-08-01,20,18,Illness
ATT202508009121,STU009121,SCH020,2025-08-01,18,15,Family
ATT202508009122,STU009122,SCH040,2025-08-01,20,17,Illness
ATT202508009123,STU009123,SCH046,2025-08-01,21,17,Family
ATT202508009124,STU009124,SCH010,2025-08-01,18,16,Unauthorised
ATT202508009125,STU009125,SCH010,2025-08-01,21,18,Unauthorised
ATT202508009126,STU009126,SCH015,2025-08-01,20,18,Illness
ATT202508009127,STU009127,SCH008,2025-08-01,21,19,Family
ATT202508009128,STU009128,SCH023,2025-08-01,22,18,Medical
ATT202508009129,STU009129,SCH014,2025-08-01,19,16,Other
ATT202508009130,STU009130,SCH017,2025-08-01,20,17,Unauthorised
ATT202508009131,STU009131,SCH027,2025-08-01,19,16,Medical
ATT202508009132,STU009132,SCH010,2025-08-01,18,13,Family
ATT202508009133,STU009133,SCH041,2025-08-01,19,16,Unauthorised
ATT202508009135,STU009135,SCH006,2025-08-01,22,19,Unauthorised
ATT202508009136,STU009136,SCH004,2025-08-01,21,18,Family
ATT202508009137,STU009137,SCH003,2025-08-01,19,17,Illness
ATT202508009138,STU009138,SCH010,2025-08-01,20,16,Family
ATT202508009139,STU009139,SCH023,2025-08-01,19,16,Unauthorised
ATT202508009140,STU009140,SCH023,2025-08-01,22,16,Medical
ATT202508009141,STU009141,SCH012,2025-08-01,20,17,Medical
ATT202508009142,STU009142,SCH012,2025-08-01,19,16,Family
ATT202508009143,STU009143,SCH001,2025-08-01,19,16,Unauthorised
ATT202508009144,STU009144,SCH021,2025-08-01,20,14,Unauthorised
ATT202508009145,STU009145,SCH020,2025-08-01,18,15,Other
ATT202508009146,STU009146,SCH038,2025-08-01,20,18,Medical
ATT202508009147,STU009147,SCH049,2025-08-01,19,14,Illness
ATT202508009148,STU009148,SCH009,2025-08-01,19,16,Unauthorised
ATT202508009149,STU009149,SCH005,2025-08-01,20,18,Medical
ATT202508009150,STU009150,SCH005,2025-08-01,21,18,Illness
ATT202508009151,STU009151,SCH028,2025-08-01,20,18,Other
ATT202508009152,STU009152,SCH027,2025-08-01,19,16,Unauthorised
ATT202508009153,STU009153,SCH034,2025-08-01,22,18,Medical
ATT202508009154,STU009154,SCH043,2025-08-01,22,18,Other
ATT202508009156,STU009156,SCH049,2025-08-01,22,18,Illness
ATT202508009157,STU009157,SCH038,2025-08-01,22,19,Illness
ATT202508009158,STU009158,SCH032,2025-08-01,19,16,Medical
ATT202508009159,STU009159,SCH006,2025-08-01,20,17,Illness
ATT202508009161,STU009161,SCH008,2025-08-01,20,16,Medical
ATT202508009162,STU009162,SCH001,2025-08-01,21,15,Medical
ATT202508009163,STU009163,SCH042,2025-08-01,20,16,Family
ATT202508009164,STU009164,SCH027,2025-08-01,20,18,Family
ATT202508009165,STU009165,SCH040,2025-08-01,19,15,Unauthorised
ATT202508009166,STU009166,SCH011,2025-08-01,22,19,Family
ATT202508009167,STU009167,SCH024,2025-08-01,22,17,Family
ATT202508009168,STU009168,SCH010,2025-08-01,22,20,Medical
ATT202508009169,STU009169,SCH013,2025-08-01,21,18,Illness
ATT202508009170,STU009170,SCH025,2025-08-01,21,19,Unauthorised
ATT202508009172,STU009172,SCH015,2025-08-01,21,18,Unauthorised
ATT202508009173,STU009173,SCH016,2025-08-01,18,16,Unauthorised
ATT202508009175,STU009175,SCH031,2025-08-01,21,17,Unauthorised
ATT202508009176,STU009176,SCH030,2025-08-01,18,15,Illness
ATT202508009177,STU009177,SCH023,2025-08-01,22,18,Unauthorised
ATT202508009178,STU009178,SCH030,2025-08-01,19,17,Other
ATT202508009179,STU009179,SCH004,2025-08-01,21,18,Medical
ATT202508009180,STU009180,SCH025,2025-08-01,19,17,Other
ATT202508009181,STU009181,SCH023,2025-08-01,20,16,Other
ATT202508009182,STU009182,SCH003,2025-08-01,20,17,Family
ATT202508009183,STU009183,SCH036,2025-08-01,19,16,Unauthorised
ATT202508009184,STU009184,SCH002,2025-08-01,18,15,Unauthorised
ATT202508009185,STU009185,SCH009,2025-08-01,18,15,Medical
ATT202508009186,STU009186,SCH011,2025-08-01,21,18,Family
ATT202508009187,STU009187,SCH034,2025-08-01,19,14,Other
ATT202508009188,STU009188,SCH007,2025-08-01,20,16,Illness
ATT202508009189,STU009189,SCH045,2025-08-01,19,17,Family
ATT202508009190,STU009190,SCH034,2025-08-01,19,16,Illness
ATT202508009191,STU009191,SCH007,2025-08-01,20,16,Illness
ATT202508009192,STU009192,SCH044,2025-08-01,19,15,Unauthorised
ATT202508009193,STU009193,SCH028,2025-08-01,18,15,Unauthorised
ATT202508009194,STU009194,SCH043,2025-08-01,18,16,Family
ATT202508009195,STU009195,SCH021,2025-08-01,19,14,Other
ATT202508009196,STU009196,SCH010,2025-08-01,21,18,Illness
ATT202508009197,STU009197,SCH036,2025-08-01,20,18,Unauthorised
ATT202508009198,STU009198,SCH004,2025-08-01,20,17,Unauthorised
ATT202508009199,STU009199,SCH011,2025-08-01,18,16,Other
ATT202508009200,STU009200,SCH021,2025-08-01,21,16,Family
ATT202508009201,STU009201,SCH036,2025-08-01,22,19,Unauthorised
ATT202508009203,STU009203,SCH046,2025-08-01,22,20,Other
ATT202508009205,STU009205,SCH028,2025-08-01,22,16,Unauthorised
ATT202508009206,STU009206,SCH028,2025-08-01,19,16,Family
ATT202508009207,STU009207,SCH032,2025-08-01,19,16,Illness
ATT202508009208,STU009208,SCH042,2025-08-01,18,14,Family
ATT202508009209,STU009209,SCH048,2025-08-01,22,20,Illness
ATT202508009210,STU009210,SCH010,2025-08-01,21,18,Illness
ATT202508009211,STU009211,SCH014,2025-08-01,22,17,Medical
ATT202508009212,STU009212,SCH046,2025-08-01,20,16,Medical
ATT202508009213,STU009213,SCH002,2025-08-01,19,16,Medical
ATT202508009214,STU009214,SCH035,2025-08-01,18,15,Medical
ATT202508009215,STU009215,SCH007,2025-08-01,20,16,Illness
ATT202508009216,STU009216,SCH046,2025-08-01,19,16,Illness
ATT202508009217,STU009217,SCH044,2025-08-01,19,16,Unauthorised
ATT202508009218,STU009218,SCH043,2025-08-01,19,16,Illness
ATT202508009219,STU009219,SCH009,2025-08-01,19,16,Other
ATT202508009220,STU009220,SCH008,2025-08-01,21,19,Illness
ATT202508009221,STU009221,SCH010,2025-08-01,18,16,Other
ATT202508009222,STU009222,SCH048,2025-08-01,19,16,Illness
ATT202508009223,STU009223,SCH034,2025-08-01,19,17,Illness
ATT202508009224,STU009224,SCH002,2025-08-01,21,16,Unauthorised
ATT202508009225,STU009225,SCH028,2025-08-01,20,15,Other
ATT202508009227,STU009227,SCH043,2025-08-01,20,17,Other
ATT202508009228,STU009228,SCH036,2025-08-01,20,17,Medical
ATT202508009229,STU009229,SCH044,2025-08-01,21,17,Family
ATT202508009230,STU009230,SCH036,2025-08-01,20,16,Unauthorised
ATT202508009231,STU009231,SCH027,2025-08-01,21,19,Family
ATT202508009233,STU009233,SCH038,2025-08-01,19,18,Family
ATT202508009234,STU009234,SCH045,2025-08-01,19,16,Family
ATT202508009235,STU009235,SCH021,2025-08-01,21,16,Illness
ATT202508009236,STU009236,SCH031,2025-08-01,19,16,Medical
ATT202508009237,STU009237,SCH040,2025-08-01,18,17,Illness
ATT202508009238,STU009238,SCH009,2025-08-01,19,16,Illness
ATT202508009239,STU009239,SCH028,2025-08-01,21,18,Family
ATT202508009240,STU009240,SCH001,2025-08-01,18,14,Family
ATT202508009241,STU009241,SCH047,2025-08-01,20,18,Medical
ATT202508009242,STU009242,SCH026,2025-08-01,19,16,Other
ATT202508009243,STU009243,SCH026,2025-08-01,22,20,Family
ATT202508009244,STU009244,SCH001,2025-08-01,20,14,Illness
ATT202508009245,STU009245,SCH029,2025-08-01,18,14,Other
ATT202508009246,STU009246,SCH043,2025-08-01,20,18,Family
ATT202508009247,STU009247,SCH016,2025-08-01,22,18,Illness
ATT202508009248,STU009248,SCH033,2025-08-01,19,16,Unauthorised
ATT202508009249,STU009249,SCH019,2025-08-01,21,18,Other
ATT202508009250,STU009250,SCH021,2025-08-01,21,17,Family
ATT202508009251,STU009251,SCH037,2025-08-01,20,17,Unauthorised
ATT202508009252,STU009252,SCH008,2025-08-01,21,18,Medical
ATT202508009253,STU009253,SCH012,2025-08-01,20,17,Other
ATT202508009254,STU009254,SCH022,2025-08-01,19,16,Medical
ATT202508009255,STU009255,SCH018,2025-08-01,20,18,Illness
ATT202508009256,STU009256,SCH031,2025-08-01,21,18,Illness
ATT202508009257,STU009257,SCH039,2025-08-01,22,19,Illness
ATT202508009259,STU009259,SCH038,2025-08-01,18,16,Medical
ATT202508009260,STU009260,SCH048,2025-08-01,22,19,Other
ATT202508009261,STU009261,SCH039,2025-08-01,21,19,Family
ATT202508009262,STU009262,SCH033,2025-08-01,21,18,Family
ATT202508009263,STU009263,SCH028,2025-08-01,20,16,Family
ATT202508009264,STU009264,SCH037,2025-08-01,22,19,Unauthorised
ATT202508009265,STU009265,SCH036,2025-08-01,22,20,Medical
ATT202508009266,STU009266,SCH023,2025-08-01,20,17,Unauthorised
ATT202508009267,STU009267,SCH007,2025-08-01,21,18,Unauthorised
ATT202508009268,STU009268,SCH006,2025-08-01,22,20,Medical
ATT202508009270,STU009270,SCH005,2025-08-01,19,17,Other
ATT202508009271,STU009271,SCH007,2025-08-01,18,15,Illness
ATT202508009272,STU009272,SCH006,2025-08-01,20,18,Unauthorised
ATT202508009273,STU009273,SCH023,2025-08-01,20,15,Illness
ATT202508009274,STU009274,SCH033,2025-08-01,20,19,Medical
ATT202508009275,STU009275,SCH003,2025-08-01,18,15,Unauthorised
ATT202508009276,STU009276,SCH033,2025-08-01,21,17,Medical
ATT202508009277,STU009277,SCH025,2025-08-01,19,16,Other
ATT202508009279,STU009279,SCH021,2025-08-01,22,16,Medical
ATT202508009280,STU009280,SCH046,2025-08-01,19,14,Unauthorised
ATT202508009281,STU009281,SCH045,2025-08-01,22,19,Family
ATT202508009282,STU009282,SCH021,2025-08-01,20,17,Other
ATT202508009283,STU009283,SCH022,2025-08-01,22,17,Illness
ATT202508009284,STU009284,SCH049,2025-08-01,19,16,Family
ATT202508009285,STU009285,SCH046,2025-08-01,19,15,Illness
ATT202508009286,STU009286,SCH005,2025-08-01,22,18,Other
ATT202508009288,STU009288,SCH025,2025-08-01,18,16,Illness
ATT202508009289,STU009289,SCH045,2025-08-01,22,19,Medical
ATT202508009290,STU009290,SCH024,2025-08-01,21,16,Unauthorised
ATT202508009291,STU009291,SCH033,2025-08-01,18,15,Other
ATT202508009292,STU009292,SCH009,2025-08-01,19,16,Unauthorised
ATT202508009293,STU009293,SCH031,2025-08-01,22,20,Medical
ATT202508009294,STU009294,SCH018,2025-08-01,18,15,Family
ATT202508009295,STU009295,SCH019,2025-08-01,19,16,Unauthorised
ATT202508009296,STU009296,SCH022,2025-08-01,18,15,Unauthorised
ATT202508009297,STU009297,SCH017,2025-08-01,18,14,Other
ATT202508009298,STU009298,SCH040,2025-08-01,20,17,Other
ATT202508009299,STU009299,SCH041,2025-08-01,22,19,Family
ATT202508009300,STU009300,SCH010,2025-08-01,21,19,Unauthorised
ATT202508009301,STU009301,SCH004,2025-08-01,18,14,Family
ATT202508009302,STU009302,SCH025,2025-08-01,22,18,Family
ATT202508009303,STU009303,SCH002,2025-08-01,18,14,Illness
ATT202508009304,STU009304,SCH001,2025-08-01,20,14,Other
ATT202508009305,STU009305,SCH043,2025-08-01,20,17,Illness
ATT202508009306,STU009306,SCH010,2025-08-01,22,19,Medical
ATT202508009307,STU009307,SCH040,2025-08-01,22,20,Family
ATT202508009308,STU009308,SCH041,2025-08-01,20,17,Unauthorised
ATT202508009310,STU009310,SCH016,2025-08-01,22,19,Other
ATT202508009311,STU009311,SCH044,2025-08-01,18,15,Illness
ATT202508009312,STU009312,SCH028,2025-08-01,20,17,Family
ATT202508009313,STU009313,SCH031,2025-08-01,22,16,Illness
ATT202508009314,STU009314,SCH014,2025-08-01,18,14,Illness
ATT202508009315,STU009315,SCH017,2025-08-01,19,15,Medical
ATT202508009316,STU009316,SCH025,2025-08-01,21,17,Family
ATT202508009318,STU009318,SCH037,2025-08-01,21,18,Other
ATT202508009319,STU009319,SCH017,2025-08-01,19,13,Illness
ATT202508009321,STU009321,SCH007,2025-08-01,20,16,Medical
ATT202508009322,STU009322,SCH009,2025-08-01,18,14,Family
ATT202508009323,STU009323,SCH046,2025-08-01,21,17,Family
ATT202508009324,STU009324,SCH015,2025-08-01,18,15,Medical
ATT202508009325,STU009325,SCH032,2025-08-01,18,14,Medical
ATT202508009326,STU009326,SCH023,2025-08-01,20,17,Other
ATT202508009327,STU009327,SCH002,2025-08-01,21,17,Family
ATT202508009328,STU009328,SCH021,2025-08-01,20,16,Unauthorised
ATT202508009329,STU009329,SCH021,2025-08-01,18,13,Other
ATT202508009331,STU009331,SCH008,2025-08-01,19,17,Unauthorised
ATT202508009332,STU009332,SCH001,2025-08-01,20,14,Other
ATT202508009333,STU009333,SCH025,2025-08-01,21,18,Illness
ATT202508009334,STU009334,SCH003,2025-08-01,22,20,Illness
ATT202508009335,STU009335,SCH018,2025-08-01,22,18,Medical
ATT202508009336,STU009336,SCH033,2025-08-01,22,20,Medical
ATT202508009337,STU009337,SCH022,2025-08-01,18,14,Family
ATT202508009338,STU009338,SCH021,2025-08-01,19,16,Unauthorised
ATT202508009339,STU009339,SCH041,2025-08-01,21,17,Other
ATT202508009340,STU009340,SCH045,2025-08-01,22,19,Illness
ATT202508009341,STU009341,SCH046,2025-08-01,19,16,Medical
ATT202508009343,STU009343,SCH044,2025-08-01,21,18,Illness
ATT202508009344,STU009344,SCH029,2025-08-01,19,16,Unauthorised
ATT202508009346,STU009346,SCH043,2025-08-01,22,18,Family
ATT202508009347,STU009347,SCH019,2025-08-01,19,17,Unauthorised
ATT202508009348,STU009348,SCH006,2025-08-01,19,16,Family
ATT202508009349,STU009349,SCH009,2025-08-01,22,18,Family
ATT202508009350,STU009350,SCH017,2025-08-01,19,15,Other
ATT202508009351,STU009351,SCH009,2025-08-01,18,15,Medical
ATT202508009353,STU009353,SCH040,2025-08-01,19,16,Other
ATT202508009354,STU009354,SCH035,2025-08-01,21,16,Illness
ATT202508009355,STU009355,SCH007,2025-08-01,22,18,Illness
ATT202508009357,STU009357,SCH016,2025-08-01,21,18,Medical
ATT202508009358,STU009358,SCH001,2025-08-01,21,18,Unauthorised
ATT202508009359,STU009359,SCH029,2025-08-01,20,16,Family
ATT202508009360,STU009360,SCH021,2025-08-01,22,17,Other
ATT202508009361,STU009361,SCH018,2025-08-01,21,17,Medical
ATT202508009362,STU009362,SCH038,2025-08-01,19,17,Unauthorised
ATT202508009363,STU009363,SCH002,2025-08-01,20,16,Family
ATT202508009364,STU009364,SCH002,2025-08-01,21,17,Medical
ATT202508009365,STU009365,SCH027,2025-08-01,20,17,Unauthorised
ATT202508009366,STU009366,SCH004,2025-08-01,19,15,Illness
ATT202508009367,STU009367,SCH029,2025-08-01,20,16,Other
ATT202508009368,STU009368,SCH021,2025-08-01,21,18,Family
ATT202508009369,STU009369,SCH044,2025-08-01,19,16,Family
ATT202508009370,STU009370,SCH005,2025-08-01,21,19,Unauthorised
ATT202508009371,STU009371,SCH040,2025-08-01,21,18,Unauthorised
ATT202508009372,STU009372,SCH021,2025-08-01,18,15,Medical
ATT202508009373,STU009373,SCH022,2025-08-01,18,15,Medical
ATT202508009374,STU009374,SCH020,2025-08-01,19,15,Unauthorised
ATT202508009375,STU009375,SCH017,2025-08-01,18,15,Unauthorised
ATT202508009376,STU009376,SCH018,2025-08-01,19,16,Illness
ATT202508009377,STU009377,SCH033,2025-08-01,18,15,Family
ATT202508009378,STU009378,SCH046,2025-08-01,21,16,Unauthorised
ATT202508009379,STU009379,SCH044,2025-08-01,22,18,Other
ATT202508009380,STU009380,SCH007,2025-08-01,18,15,Other
ATT202508009381,STU009381,SCH021,2025-08-01,18,14,Illness
ATT202508009382,STU009382,SCH018,2025-08-01,22,19,Medical
ATT202508009383,STU009383,SCH036,2025-08-01,20,17,Unauthorised
ATT202508009384,STU009384,SCH030,2025-08-01,19,16,Other
ATT202508009385,STU009385,SCH038,2025-08-01,21,18,Unauthorised
ATT202508009386,STU009386,SCH035,2025-08-01,20,15,Unauthorised
ATT202508009387,STU009387,SCH015,2025-08-01,20,17,Unauthorised
ATT202508009388,STU009388,SCH031,2025-08-01,22,18,Unauthorised
ATT202508009389,STU009389,SCH047,2025-08-01,22,20,Illness
ATT202508009390,STU009390,SCH025,2025-08-01,20,17,Illness
ATT202508009391,STU009391,SCH012,2025-08-01,19,17,Other
ATT202508009392,STU009392,SCH014,2025-08-01,22,17,Illness
ATT202508009393,STU009393,SCH041,2025-08-01,20,16,Family
ATT202508009394,STU009394,SCH023,2025-08-01,21,19,Other
ATT202508009395,STU009395,SCH011,2025-08-01,20,18,Illness
ATT202508009396,STU009396,SCH049,2025-08-01,22,17,Unauthorised
ATT202508009398,STU009398,SCH045,2025-08-01,21,18,Illness
ATT202508009399,STU009399,SCH032,2025-08-01,19,15,Other
ATT202508009400,STU009400,SCH046,2025-08-01,22,19,Other
ATT202508009401,STU009401,SCH005,2025-08-01,22,19,Family
ATT202508009402,STU009402,SCH023,2025-08-01,21,18,Medical
ATT202508009403,STU009403,SCH010,2025-08-01,21,19,Other
ATT202508009404,STU009404,SCH031,2025-08-01,22,18,Medical
ATT202508009405,STU009405,SCH042,2025-08-01,22,17,Illness
ATT202508009406,STU009406,SCH036,2025-08-01,18,15,Unauthorised
ATT202508009407,STU009407,SCH008,2025-08-01,19,16,Other
ATT202508009408,STU009408,SCH018,2025-08-01,19,17,Medical
ATT202508009409,STU009409,SCH016,2025-08-01,18,15,Other
ATT202508009410,STU009410,SCH028,2025-08-01,20,16,Family
ATT202508009411,STU009411,SCH041,2025-08-01,22,19,Family
ATT202508009412,STU009412,SCH036,2025-08-01,22,19,Unauthorised
ATT202508009413,STU009413,SCH027,2025-08-01,19,15,Family
ATT202508009414,STU009414,SCH048,2025-08-01,19,16,Illness
ATT202508009415,STU009415,SCH035,2025-08-01,20,17,Medical
ATT202508009416,STU009416,SCH011,2025-08-01,19,16,Medical
ATT202508009417,STU009417,SCH029,2025-08-01,22,19,Other
ATT202508009419,STU009419,SCH041,2025-08-01,18,15,Other
ATT202508009420,STU009420,SCH028,2025-08-01,21,18,Family
ATT202508009421,STU009421,SCH011,2025-08-01,19,16,Family
ATT202508009422,STU009422,SCH047,2025-08-01,18,15,Illness
ATT202508009423,STU009423,SCH007,2025-08-01,22,20,Family
ATT202508009424,STU009424,SCH017,2025-08-01,20,15,Family
ATT202508009425,STU009425,SCH023,2025-08-01,20,17,Medical
ATT202508009426,STU009426,SCH018,2025-08-01,21,18,Illness
ATT202508009427,STU009427,SCH027,2025-08-01,20,16,Illness
ATT202508009428,STU009428,SCH049,2025-08-01,21,16,Medical
ATT202508009430,STU009430,SCH001,2025-08-01,20,14,Medical
ATT202508009431,STU009431,SCH046,2025-08-01,21,17,Family
ATT202508009432,STU009432,SCH010,2025-08-01,22,18,Family
ATT202508009433,STU009433,SCH041,2025-08-01,22,18,Illness
ATT202508009434,STU009434,SCH040,2025-08-01,19,17,Family
ATT202508009435,STU009435,SCH043,2025-08-01,22,19,Medical
ATT202508009436,STU009436,SCH028,2025-08-01,19,16,Unauthorised
ATT202508009437,STU009437,SCH006,2025-08-01,19,16,Illness
ATT202508009439,STU009439,SCH024,2025-08-01,18,15,Unauthorised
ATT202508009440,STU009440,SCH015,2025-08-01,21,18,Family
ATT202508009442,STU009442,SCH017,2025-08-01,20,13,Other
ATT202508009443,STU009443,SCH035,2025-08-01,22,17,Family
ATT202508009444,STU009444,SCH015,2025-08-01,21,18,Other
ATT202508009446,STU009446,SCH036,2025-08-01,20,17,Unauthorised
ATT202508009447,STU009447,SCH027,2025-08-01,22,20,Illness
ATT202508009448,STU009448,SCH021,2025-08-01,20,17,Illness
ATT202508009449,STU009449,SCH003,2025-08-01,19,17,Illness
ATT202508009451,STU009451,SCH032,2025-08-01,19,17,Family
ATT202508009452,STU009452,SCH021,2025-08-01,20,14,Medical
ATT202508009453,STU009453,SCH027,2025-08-01,22,18,Unauthorised
ATT202508009454,STU009454,SCH012,2025-08-01,18,14,Family
ATT202508009455,STU009455,SCH021,2025-08-01,18,14,Unauthorised
ATT202508009456,STU009456,SCH020,2025-08-01,20,18,Illness
ATT202508009458,STU009458,SCH002,2025-08-01,21,17,Family
ATT202508009459,STU009459,SCH035,2025-08-01,19,15,Family
ATT202508009460,STU009460,SCH012,2025-08-01,18,15,Medical
ATT202508009461,STU009461,SCH028,2025-08-01,19,17,Other
ATT202508009462,STU009462,SCH023,2025-08-01,20,16,Illness
ATT202508009463,STU009463,SCH011,2025-08-01,18,15,Other
ATT202508009464,STU009464,SCH037,2025-08-01,22,20,Illness
ATT202508009465,STU009465,SCH022,2025-08-01,18,14,Medical
ATT202508009466,STU009466,SCH012,2025-08-01,18,14,Medical
ATT202508009467,STU009467,SCH024,2025-08-01,18,14,Unauthorised
ATT202508009468,STU009468,SCH048,2025-08-01,22,18,Unauthorised
ATT202508009469,STU009469,SCH031,2025-08-01,19,15,Unauthorised
ATT202508009470,STU009470,SCH030,2025-08-01,19,16,Unauthorised
ATT202508009471,STU009471,SCH038,2025-08-01,22,19,Family
ATT202508009472,STU009472,SCH037,2025-08-01,19,15,Other
ATT202508009473,STU009473,SCH016,2025-08-01,21,17,Family
ATT202508009474,STU009474,SCH046,2025-08-01,20,16,Other
ATT202508009475,STU009475,SCH036,2025-08-01,19,16,Other
ATT202508009476,STU009476,SCH024,2025-08-01,20,15,Unauthorised
ATT202508009479,STU009479,SCH045,2025-08-01,19,17,Unauthorised
ATT202508009480,STU009480,SCH009,2025-08-01,20,18,Medical
ATT202508009481,STU009481,SCH023,2025-08-01,18,14,Family
ATT202508009482,STU009482,SCH006,2025-08-01,18,15,Medical
ATT202508009483,STU009483,SCH027,2025-08-01,21,17,Other
ATT202508009484,STU009484,SCH028,2025-08-01,19,15,Other
ATT202508009485,STU009485,SCH027,2025-08-01,21,17,Other
ATT202508009486,STU009486,SCH031,2025-08-01,22,19,Illness
ATT202508009487,STU009487,SCH049,2025-08-01,18,16,Other
ATT202508009488,STU009488,SCH032,2025-08-01,19,16,Family
ATT202508009489,STU009489,SCH035,2025-08-01,22,18,Illness
ATT202508009490,STU009490,SCH023,2025-08-01,20,16,Family
ATT202508009491,STU009491,SCH010,2025-08-01,20,17,Unauthorised
ATT202508009492,STU009492,SCH039,2025-08-01,18,16,Family
ATT202508009494,STU009494,SCH011,2025-08-01,20,16,Unauthorised
ATT202508009497,STU009497,SCH036,2025-08-01,18,17,Medical
ATT202508009498,STU009498,SCH048,2025-08-01,19,16,Unauthorised
ATT202508009499,STU009499,SCH002,2025-08-01,21,16,Medical
ATT202508009500,STU009500,SCH008,2025-08-01,20,17,Other
ATT202508009501,STU009501,SCH025,2025-08-01,18,15,Unauthorised
ATT202508009502,STU009502,SCH014,2025-08-01,20,16,Medical
ATT202508009503,STU009503,SCH014,2025-08-01,20,17,Illness
ATT202508009504,STU009504,SCH010,2025-08-01,22,19,Medical
ATT202508009505,STU009505,SCH004,2025-08-01,19,17,Other
ATT202508009506,STU009506,SCH004,2025-08-01,22,20,Unauthorised
ATT202508009507,STU009507,SCH013,2025-08-01,22,19,Medical
ATT202508009508,STU009508,SCH031,2025-08-01,18,15,Medical
ATT202508009509,STU009509,SCH031,2025-08-01,19,16,Medical
ATT202508009510,STU009510,SCH026,2025-08-01,21,17,Unauthorised
ATT202508009511,STU009511,SCH037,2025-08-01,22,20,Family
ATT202508009512,STU009512,SCH036,2025-08-01,20,16,Other
ATT202508009513,STU009513,SCH010,2025-08-01,22,17,Unauthorised
ATT202508009514,STU009514,SCH004,2025-08-01,22,18,Medical
ATT202508009515,STU009515,SCH031,2025-08-01,19,17,Medical
ATT202508009516,STU009516,SCH040,2025-08-01,21,18,Unauthorised
ATT202508009517,STU009517,SCH028,2025-08-01,22,20,Illness
ATT202508009518,STU009518,SCH031,2025-08-01,22,16,Medical
ATT202508009519,STU009519,SCH041,2025-08-01,20,17,Unauthorised
ATT202508009520,STU009520,SCH038,2025-08-01,18,15,Other
ATT202508009521,STU009521,SCH002,2025-08-01,19,15,Family
ATT202508009523,STU009523,SCH009,2025-08-01,21,16,Family
ATT202508009525,STU009525,SCH037,2025-08-01,22,20,Illness
ATT202508009526,STU009526,SCH039,2025-08-01,22,19,Illness
ATT202508009527,STU009527,SCH016,2025-08-01,19,17,Unauthorised
ATT202508009528,STU009528,SCH018,2025-08-01,19,17,Medical
ATT202508009530,STU009530,SCH027,2025-08-01,21,16,Medical
ATT202508009531,STU009531,SCH015,2025-08-01,19,16,Family
ATT202508009532,STU009532,SCH023,2025-08-01,18,14,Other
ATT202508009533,STU009533,SCH049,2025-08-01,19,15,Family
ATT202508009534,STU009534,SCH027,2025-08-01,18,15,Medical
ATT202508009535,STU009535,SCH022,2025-08-01,19,15,Unauthorised
ATT202508009537,STU009537,SCH009,2025-08-01,19,16,Unauthorised
ATT202508009538,STU009538,SCH036,2025-08-01,19,17,Family
ATT202508009540,STU009540,SCH003,2025-08-01,22,19,Medical
ATT202508009541,STU009541,SCH036,2025-08-01,21,19,Other
ATT202508009542,STU009542,SCH027,2025-08-01,20,16,Illness
ATT202508009543,STU009543,SCH016,2025-08-01,18,15,Unauthorised
ATT202508009545,STU009545,SCH002,2025-08-01,21,16,Family
ATT202508009546,STU009546,SCH019,2025-08-01,22,18,Family
ATT202508009547,STU009547,SCH038,2025-08-01,22,18,Other
ATT202508009548,STU009548,SCH014,2025-08-01,21,17,Other
ATT202508009549,STU009549,SCH011,2025-08-01,22,19,Illness
ATT202508009550,STU009550,SCH009,2025-08-01,20,18,Family
ATT202508009551,STU009551,SCH039,2025-08-01,19,16,Other
ATT202508009552,STU009552,SCH021,2025-08-01,18,15,Other
ATT202508009553,STU009553,SCH018,2025-08-01,20,17,Family
ATT202508009554,STU009554,SCH031,2025-08-01,20,16,Illness
ATT202508009556,STU009556,SCH019,2025-08-01,21,18,Unauthorised
ATT202508009558,STU009558,SCH001,2025-08-01,21,17,Family
ATT202508009559,STU009559,SCH048,2025-08-01,22,20,Unauthorised
ATT202508009560,STU009560,SCH019,2025-08-01,19,16,Family
ATT202508009561,STU009561,SCH010,2025-08-01,22,19,Other
ATT202508009562,STU009562,SCH009,2025-08-01,19,16,Medical
ATT202508009563,STU009563,SCH031,2025-08-01,21,15,Medical
ATT202508009564,STU009564,SCH003,2025-08-01,21,17,Illness
ATT202508009565,STU009565,SCH006,2025-08-01,20,18,Unauthorised
ATT202508009566,STU009566,SCH009,2025-08-01,22,18,Other
ATT202508009567,STU009567,SCH036,2025-08-01,18,15,Other
ATT202508009568,STU009568,SCH027,2025-08-01,19,15,Family
ATT202508009569,STU009569,SCH013,2025-08-01,22,20,Illness
ATT202508009570,STU009570,SCH029,2025-08-01,20,16,Other
ATT202508009571,STU009571,SCH043,2025-08-01,20,17,Unauthorised
ATT202508009572,STU009572,SCH028,2025-08-01,22,18,Medical
ATT202508009573,STU009573,SCH021,2025-08-01,21,18,Other
ATT202508009575,STU009575,SCH016,2025-08-01,21,18,Other
ATT202508009576,STU009576,SCH021,2025-08-01,21,17,Family
ATT202508009577,STU009577,SCH005,2025-08-01,20,18,Illness
ATT202508009578,STU009578,SCH011,2025-08-01,19,16,Medical
ATT202508009579,STU009579,SCH032,2025-08-01,21,18,Other
ATT202508009580,STU009580,SCH001,2025-08-01,21,17,Medical
ATT202508009581,STU009581,SCH009,2025-08-01,22,19,Family
ATT202508009582,STU009582,SCH013,2025-08-01,19,17,Illness
ATT202508009583,STU009583,SCH005,2025-08-01,22,19,Illness
ATT202508009584,STU009584,SCH022,2025-08-01,20,16,Family
ATT202508009585,STU009585,SCH023,2025-08-01,21,18,Medical
ATT202508009586,STU009586,SCH023,2025-08-01,21,18,Family
ATT202508009587,STU009587,SCH032,2025-08-01,22,17,Medical
ATT202508009589,STU009589,SCH031,2025-08-01,20,16,Family
ATT202508009590,STU009590,SCH011,2025-08-01,20,17,Family
ATT202508009592,STU009592,SCH025,2025-08-01,20,18,Illness
ATT202508009593,STU009593,SCH028,2025-08-01,18,14,Unauthorised
ATT202508009594,STU009594,SCH033,2025-08-01,21,17,Unauthorised
ATT202508009595,STU009595,SCH018,2025-08-01,21,18,Other
ATT202508009596,STU009596,SCH017,2025-08-01,19,14,Other
ATT202508009597,STU009597,SCH044,2025-08-01,21,18,Medical
ATT202508009600,STU009600,SCH001,2025-08-01,22,17,Other
ATT202508009602,STU009602,SCH046,2025-08-01,20,18,Medical
ATT202508009603,STU009603,SCH026,2025-08-01,22,19,Medical
ATT202508009604,STU009604,SCH009,2025-08-01,21,19,Family
ATT202508009605,STU009605,SCH003,2025-08-01,22,19,Unauthorised
ATT202508009606,STU009606,SCH016,2025-08-01,19,16,Family
ATT202508009607,STU009607,SCH048,2025-08-01,22,20,Medical
ATT202508009608,STU009608,SCH003,2025-08-01,19,17,Medical
ATT202508009609,STU009609,SCH040,2025-08-01,20,18,Medical
ATT202508009610,STU009610,SCH031,2025-08-01,22,18,Family
ATT202508009611,STU009611,SCH048,2025-08-01,22,18,Family
ATT202508009612,STU009612,SCH043,2025-08-01,20,18,Other
ATT202508009613,STU009613,SCH019,2025-08-01,20,18,Unauthorised
ATT202508009614,STU009614,SCH046,2025-08-01,18,15,Illness
ATT202508009615,STU009615,SCH012,2025-08-01,20,17,Unauthorised
ATT202508009616,STU009616,SCH016,2025-08-01,21,17,Family
ATT202508009617,STU009617,SCH003,2025-08-01,22,20,Illness
ATT202508009618,STU009618,SCH037,2025-08-01,19,17,Illness
ATT202508009619,STU009619,SCH017,2025-08-01,22,19,Unauthorised
ATT202508009620,STU009620,SCH005,2025-08-01,20,17,Family
ATT202508009621,STU009621,SCH028,2025-08-01,21,17,Illness
ATT202508009623,STU009623,SCH044,2025-08-01,18,15,Unauthorised
ATT202508009624,STU009624,SCH041,2025-08-01,22,20,Illness
ATT202508009625,STU009625,SCH006,2025-08-01,21,18,Family
ATT202508009626,STU009626,SCH046,2025-08-01,18,16,Illness
ATT202508009627,STU009627,SCH007,2025-08-01,19,16,Medical
ATT202508009628,STU009628,SCH042,2025-08-01,19,16,Unauthorised
ATT202508009629,STU009629,SCH026,2025-08-01,19,16,Unauthorised
ATT202508009630,STU009630,SCH014,2025-08-01,22,18,Unauthorised
ATT202508009631,STU009631,SCH027,2025-08-01,22,18,Other
ATT202508009632,STU009632,SCH031,2025-08-01,20,16,Illness
ATT202508009633,STU009633,SCH021,2025-08-01,19,15,Medical
ATT202508009634,STU009634,SCH020,2025-08-01,20,16,Illness
ATT202508009635,STU009635,SCH032,2025-08-01,21,17,Illness
ATT202508009636,STU009636,SCH010,2025-08-01,20,18,Other
ATT202508009637,STU009637,SCH019,2025-08-01,21,17,Other
ATT202508009638,STU009638,SCH037,2025-08-01,21,17,Other
ATT202508009639,STU009639,SCH011,2025-08-01,19,16,Medical
ATT202508009640,STU009640,SCH023,2025-08-01,19,16,Other
ATT202508009641,STU009641,SCH030,2025-08-01,18,17,Family
ATT202508009642,STU009642,SCH047,2025-08-01,20,16,Illness
ATT202508009644,STU009644,SCH013,2025-08-01,19,16,Illness
ATT202508009645,STU009645,SCH038,2025-08-01,22,18,Family
ATT202508009648,STU009648,SCH036,2025-08-01,22,19,Unauthorised
ATT202508009650,STU009650,SCH031,2025-08-01,22,18,Family
ATT202508009651,STU009651,SCH035,2025-08-01,20,15,Other
ATT202508009652,STU009652,SCH043,2025-08-01,19,16,Medical
ATT202508009653,STU009653,SCH047,2025-08-01,22,20,Illness
ATT202508009654,STU009654,SCH031,2025-08-01,18,15,Other
ATT202508009657,STU009657,SCH028,2025-08-01,18,13,Medical
ATT202508009658,STU009658,SCH010,2025-08-01,19,15,Medical
ATT202508009659,STU009659,SCH023,2025-08-01,21,18,Family
ATT202508009660,STU009660,SCH009,2025-08-01,18,16,Other
ATT202508009661,STU009661,SCH017,2025-08-01,21,17,Other
ATT202508009662,STU009662,SCH010,2025-08-01,21,19,Unauthorised
ATT202508009663,STU009663,SCH009,2025-08-01,22,18,Unauthorised
ATT202508009664,STU009664,SCH008,2025-08-01,20,16,Family
ATT202508009665,STU009665,SCH005,2025-08-01,21,18,Unauthorised
ATT202508009666,STU009666,SCH027,2025-08-01,20,17,Illness
ATT202508009667,STU009667,SCH004,2025-08-01,21,18,Medical
ATT202508009668,STU009668,SCH036,2025-08-01,20,18,Other
ATT202508009669,STU009669,SCH011,2025-08-01,21,19,Other
ATT202508009670,STU009670,SCH019,2025-08-01,21,18,Illness
ATT202508009672,STU009672,SCH048,2025-08-01,21,18,Illness
ATT202508009673,STU009673,SCH017,2025-08-01,22,17,Medical
ATT202508009674,STU009674,SCH049,2025-08-01,22,15,Family
ATT202508009675,STU009675,SCH012,2025-08-01,20,17,Medical
ATT202508009676,STU009676,SCH024,2025-08-01,20,16,Illness
ATT202508009677,STU009677,SCH032,2025-08-01,18,15,Illness
ATT202508009678,STU009678,SCH012,2025-08-01,20,18,Family
ATT202508009679,STU009679,SCH041,2025-08-01,18,14,Illness
ATT202508009680,STU009680,SCH005,2025-08-01,20,17,Other
ATT202508009681,STU009681,SCH046,2025-08-01,20,18,Family
ATT202508009683,STU009683,SCH024,2025-08-01,18,16,Family
ATT202508009684,STU009684,SCH032,2025-08-01,19,16,Other
ATT202508009685,STU009685,SCH021,2025-08-01,22,18,Unauthorised
ATT202508009686,STU009686,SCH043,2025-08-01,19,16,Other
ATT202508009687,STU009687,SCH027,2025-08-01,18,16,Other
ATT202508009688,STU009688,SCH001,2025-08-01,18,15,Unauthorised
ATT202508009689,STU009689,SCH014,2025-08-01,21,18,Illness
ATT202508009690,STU009690,SCH046,2025-08-01,21,17,Medical
ATT202508009691,STU009691,SCH041,2025-08-01,20,17,Other
ATT202508009692,STU009692,SCH040,2025-08-01,21,17,Medical
ATT202508009693,STU009693,SCH009,2025-08-01,19,16,Medical
ATT202508009694,STU009694,SCH025,2025-08-01,18,16,Illness
ATT202508009695,STU009695,SCH023,2025-08-01,20,17,Medical
ATT202508009696,STU009696,SCH032,2025-08-01,22,18,Unauthorised
ATT202508009697,STU009697,SCH031,2025-08-01,21,17,Illness
ATT202508009698,STU009698,SCH046,2025-08-01,21,17,Unauthorised
ATT202508009699,STU009699,SCH044,2025-08-01,22,19,Illness
ATT202508009700,STU009700,SCH009,2025-08-01,18,15,Medical
ATT202508009701,STU009701,SCH018,2025-08-01,18,15,Illness
ATT202508009702,STU009702,SCH012,2025-08-01,21,18,Unauthorised
ATT202508009703,STU009703,SCH040,2025-08-01,19,16,Illness
ATT202508009704,STU009704,SCH031,2025-08-01,19,16,Family
ATT202508009705,STU009705,SCH046,2025-08-01,20,17,Unauthorised
ATT202508009706,STU009706,SCH013,2025-08-01,19,17,Illness
ATT202508009707,STU009707,SCH035,2025-08-01,18,16,Medical
ATT202508009708,STU009708,SCH012,2025-08-01,21,18,Family
ATT202508009709,STU009709,SCH006,2025-08-01,20,17,Unauthorised
ATT202508009710,STU009710,SCH027,2025-08-01,18,14,Medical
ATT202508009711,STU009711,SCH003,2025-08-01,18,16,Illness
ATT202508009712,STU009712,SCH047,2025-08-01,19,16,Illness
ATT202508009714,STU009714,SCH013,2025-08-01,22,20,Illness
ATT202508009715,STU009715,SCH011,2025-08-01,18,15,Medical
ATT202508009716,STU009716,SCH032,2025-08-01,21,17,Unauthorised
ATT202508009717,STU009717,SCH034,2025-08-01,20,15,Unauthorised
ATT202508009718,STU009718,SCH005,2025-08-01,21,17,Family
ATT202508009719,STU009719,SCH033,2025-08-01,18,15,Other
ATT202508009720,STU009720,SCH014,2025-08-01,19,15,Unauthorised
ATT202508009721,STU009721,SCH043,2025-08-01,19,16,Family
ATT202508009722,STU009722,SCH009,2025-08-01,21,17,Other
ATT202508009724,STU009724,SCH025,2025-08-01,18,15,Medical
ATT202508009725,STU009725,SCH012,2025-08-01,18,16,Family
ATT202508009727,STU009727,SCH028,2025-08-01,22,18,Other
ATT202508009728,STU009728,SCH042,2025-08-01,21,16,Illness
ATT202508009730,STU009730,SCH008,2025-08-01,18,16,Family
ATT202508009731,STU009731,SCH020,2025-08-01,20,18,Other
ATT202508009732,STU009732,SCH009,2025-08-01,21,17,Unauthorised
ATT202508009733,STU009733,SCH010,2025-08-01,22,20,Medical
ATT202508009734,STU009734,SCH016,2025-08-01,20,18,Family
ATT202508009735,STU009735,SCH021,2025-08-01,20,17,Unauthorised
ATT202508009736,STU009736,SCH045,2025-08-01,18,15,Illness
ATT202508009737,STU009737,SCH046,2025-08-01,19,14,Unauthorised
ATT202508009738,STU009738,SCH044,2025-08-01,22,17,Illness
ATT202508009739,STU009739,SCH009,2025-08-01,18,15,Family
ATT202508009741,STU009741,SCH014,2025-08-01,21,18,Illness
ATT202508009742,STU009742,SCH016,2025-08-01,22,18,Other
ATT202508009743,STU009743,SCH025,2025-08-01,21,18,Illness
ATT202508009744,STU009744,SCH029,2025-08-01,20,17,Unauthorised
ATT202508009745,STU009745,SCH038,2025-08-01,19,17,Other
ATT202508009746,STU009746,SCH022,2025-08-01,19,15,Other
ATT202508009747,STU009747,SCH026,2025-08-01,20,17,Family
ATT202508009748,STU009748,SCH036,2025-08-01,22,19,Unauthorised
ATT202508009750,STU009750,SCH049,2025-08-01,21,16,Medical
ATT202508009751,STU009751,SCH007,2025-08-01,22,18,Unauthorised
ATT202508009752,STU009752,SCH036,2025-08-01,19,15,Medical
ATT202508009753,STU009753,SCH040,2025-08-01,22,20,Family
ATT202508009754,STU009754,SCH028,2025-08-01,21,18,Illness
ATT202508009755,STU009755,SCH004,2025-08-01,21,16,Unauthorised
ATT202508009756,STU009756,SCH021,2025-08-01,19,15,Family
ATT202508009757,STU009757,SCH032,2025-08-01,20,18,Illness
ATT202508009758,STU009758,SCH030,2025-08-01,20,17,Unauthorised
ATT202508009759,STU009759,SCH009,2025-08-01,20,17,Unauthorised
ATT202508009760,STU009760,SCH024,2025-08-01,21,16,Unauthorised
ATT202508009761,STU009761,SCH016,2025-08-01,20,17,Other
ATT202508009762,STU009762,SCH045,2025-08-01,20,18,Family
ATT202508009763,STU009763,SCH046,2025-08-01,21,18,Family
ATT202508009764,STU009764,SCH010,2025-08-01,22,19,Unauthorised
ATT202508009765,STU009765,SCH026,2025-08-01,18,15,Medical
ATT202508009766,STU009766,SCH042,2025-08-01,21,18,Medical
ATT202508009767,STU009767,SCH021,2025-08-01,20,17,Family
ATT202508009768,STU009768,SCH014,2025-08-01,20,16,Other
ATT202508009769,STU009769,SCH038,2025-08-01,21,19,Family
ATT202508009770,STU009770,SCH043,2025-08-01,21,18,Other
ATT202508009771,STU009771,SCH034,2025-08-01,21,17,Medical
ATT202508009772,STU009772,SCH049,2025-08-01,22,18,Other
ATT202508009773,STU009773,SCH037,2025-08-01,20,17,Illness
ATT202508009774,STU009774,SCH005,2025-08-01,21,18,Family
ATT202508009775,STU009775,SCH038,2025-08-01,19,17,Unauthorised
ATT202508009776,STU009776,SCH016,2025-08-01,18,16,Unauthorised
ATT202508009777,STU009777,SCH014,2025-08-01,20,16,Unauthorised
ATT202508009778,STU009778,SCH016,2025-08-01,19,16,Family
ATT202508009779,STU009779,SCH006,2025-08-01,18,16,Family
ATT202508009780,STU009780,SCH035,2025-08-01,20,16,Illness
ATT202508009781,STU009781,SCH008,2025-08-01,18,16,Illness
ATT202508009782,STU009782,SCH016,2025-08-01,20,16,Other
ATT202508009783,STU009783,SCH019,2025-08-01,20,18,Other
ATT202508009784,STU009784,SCH014,2025-08-01,21,16,Illness
ATT202508009785,STU009785,SCH035,2025-08-01,21,18,Family
ATT202508009786,STU009786,SCH023,2025-08-01,21,18,Family
ATT202508009787,STU009787,SCH025,2025-08-01,20,17,Other
ATT202508009789,STU009789,SCH026,2025-08-01,22,20,Other
ATT202508009790,STU009790,SCH015,2025-08-01,20,17,Unauthorised
ATT202508009791,STU009791,SCH014,2025-08-01,18,16,Family
ATT202508009792,STU009792,SCH029,2025-08-01,18,15,Other
ATT202508009793,STU009793,SCH028,2025-08-01,22,18,Unauthorised
ATT202508009794,STU009794,SCH008,2025-08-01,20,18,Family
ATT202508009795,STU009795,SCH045,2025-08-01,21,17,Unauthorised
ATT202508009796,STU009796,SCH022,2025-08-01,21,18,Illness
ATT202508009797,STU009797,SCH006,2025-08-01,19,16,Other
ATT202508009799,STU009799,SCH010,2025-08-01,21,16,Illness
ATT202508009800,STU009800,SCH008,2025-08-01,22,19,Family
ATT202508009801,STU009801,SCH028,2025-08-01,21,17,Other
ATT202508009802,STU009802,SCH017,2025-08-01,22,18,Family
ATT202508009803,STU009803,SCH016,2025-08-01,19,17,Unauthorised
ATT202508009804,STU009804,SCH042,2025-08-01,19,17,Other
ATT202508009805,STU009805,SCH013,2025-08-01,22,19,Medical
ATT202508009806,STU009806,SCH001,2025-08-01,21,14,Other
ATT202508009807,STU009807,SCH002,2025-08-01,19,15,Medical
ATT202508009808,STU009808,SCH036,2025-08-01,20,17,Medical
ATT202508009809,STU009809,SCH030,2025-08-01,19,16,Medical
ATT202508009810,STU009810,SCH007,2025-08-01,19,15,Medical
ATT202508009811,STU009811,SCH047,2025-08-01,18,16,Other
ATT202508009812,STU009812,SCH046,2025-08-01,18,15,Unauthorised
ATT202508009813,STU009813,SCH033,2025-08-01,18,15,Unauthorised
ATT202508009814,STU009814,SCH045,2025-08-01,21,17,Family
ATT202508009815,STU009815,SCH014,2025-08-01,20,15,Medical
ATT202508009817,STU009817,SCH016,2025-08-01,22,19,Illness
ATT202508009818,STU009818,SCH003,2025-08-01,18,17,Medical
ATT202508009819,STU009819,SCH027,2025-08-01,22,20,Illness
ATT202508009820,STU009820,SCH006,2025-08-01,22,19,Unauthorised
ATT202508009822,STU009822,SCH018,2025-08-01,20,17,Unauthorised
ATT202508009823,STU009823,SCH045,2025-08-01,19,16,Unauthorised
ATT202508009825,STU009825,SCH010,2025-08-01,22,19,Unauthorised
ATT202508009827,STU009827,SCH042,2025-08-01,19,16,Other
ATT202508009828,STU009828,SCH046,2025-08-01,20,15,Illness
ATT202508009829,STU009829,SCH038,2025-08-01,18,16,Family
ATT202508009830,STU009830,SCH035,2025-08-01,22,17,Medical
ATT202508009832,STU009832,SCH026,2025-08-01,22,19,Medical
ATT202508009833,STU009833,SCH025,2025-08-01,19,16,Family
ATT202508009834,STU009834,SCH003,2025-08-01,21,17,Medical
ATT202508009835,STU009835,SCH031,2025-08-01,20,17,Medical
ATT202508009836,STU009836,SCH037,2025-08-01,21,19,Illness
ATT202508009837,STU009837,SCH037,2025-08-01,19,16,Medical
ATT202508009838,STU009838,SCH049,2025-08-01,19,14,Unauthorised
ATT202508009839,STU009839,SCH043,2025-08-01,22,18,Illness
ATT202508009840,STU009840,SCH026,2025-08-01,18,15,Medical
ATT202508009841,STU009841,SCH035,2025-08-01,19,15,Other
ATT202508009842,STU009842,SCH047,2025-08-01,20,19,Medical
ATT202508009843,STU009843,SCH035,2025-08-01,21,16,Family
ATT202508009844,STU009844,SCH047,2025-08-01,22,18,Other
ATT202508009846,STU009846,SCH015,2025-08-01,20,16,Unauthorised
ATT202508009847,STU009847,SCH026,2025-08-01,18,16,Illness
ATT202508009848,STU009848,SCH030,2025-08-01,22,19,Family
ATT202508009849,STU009849,SCH031,2025-08-01,22,19,Unauthorised
ATT202508009850,STU009850,SCH006,2025-08-01,18,15,Medical
ATT202508009851,STU009851,SCH018,2025-08-01,22,19,Other
ATT202508009852,STU009852,SCH007,2025-08-01,21,17,Unauthorised
ATT202508009853,STU009853,SCH020,2025-08-01,21,18,Medical
ATT202508009854,STU009854,SCH032,2025-08-01,19,15,Illness
ATT202508009855,STU009855,SCH020,2025-08-01,18,16,Illness
ATT202508009856,STU009856,SCH018,2025-08-01,22,19,Medical
ATT202508009857,STU009857,SCH046,2025-08-01,20,18,Illness
ATT202508009858,STU009858,SCH008,2025-08-01,20,17,Unauthorised
ATT202508009859,STU009859,SCH031,2025-08-01,21,18,Medical
ATT202508009860,STU009860,SCH041,2025-08-01,22,20,Unauthorised
ATT202508009861,STU009861,SCH002,2025-08-01,19,14,Unauthorised
ATT202508009862,STU009862,SCH033,2025-08-01,19,16,Other
ATT202508009863,STU009863,SCH048,2025-08-01,21,18,Unauthorised
ATT202508009864,STU009864,SCH010,2025-08-01,18,15,Medical
ATT202508009866,STU009866,SCH031,2025-08-01,22,20,Unauthorised
ATT202508009867,STU009867,SCH015,2025-08-01,22,21,Illness
ATT202508009868,STU009868,SCH029,2025-08-01,19,15,Medical
ATT202508009869,STU009869,SCH012,2025-08-01,21,18,Unauthorised
ATT202508009870,STU009870,SCH031,2025-08-01,21,18,Medical
ATT202508009871,STU009871,SCH033,2025-08-01,22,20,Illness
ATT202508009872,STU009872,SCH033,2025-08-01,19,15,Family
ATT202508009873,STU009873,SCH015,2025-08-01,21,19,Medical
ATT202508009874,STU009874,SCH041,2025-08-01,20,16,Medical
ATT202508009875,STU009875,SCH040,2025-08-01,22,19,Unauthorised
ATT202508009876,STU009876,SCH019,2025-08-01,20,18,Unauthorised
ATT202508009878,STU009878,SCH007,2025-08-01,18,15,Illness
ATT202508009879,STU009879,SCH023,2025-08-01,21,17,Family
ATT202508009880,STU009880,SCH033,2025-08-01,21,18,Other
ATT202508009881,STU009881,SCH004,2025-08-01,18,15,Unauthorised
ATT202508009882,STU009882,SCH004,2025-08-01,19,16,Medical
ATT202508009883,STU009883,SCH010,2025-08-01,19,15,Other
ATT202508009884,STU009884,SCH016,2025-08-01,20,17,Family
ATT202508009885,STU009885,SCH008,2025-08-01,18,17,Unauthorised
ATT202508009886,STU009886,SCH029,2025-08-01,18,14,Illness
ATT202508009887,STU009887,SCH019,2025-08-01,20,17,Illness
ATT202508009888,STU009888,SCH015,2025-08-01,19,16,Other
ATT202508009889,STU009889,SCH019,2025-08-01,18,15,Family
ATT202508009890,STU009890,SCH021,2025-08-01,22,18,Medical
ATT202508009891,STU009891,SCH049,2025-08-01,18,15,Family
ATT202508009892,STU009892,SCH013,2025-08-01,18,16,Family
ATT202508009893,STU009893,SCH046,2025-08-01,21,17,Family
ATT202508009894,STU009894,SCH010,2025-08-01,22,17,Unauthorised
ATT202508009895,STU009895,SCH027,2025-08-01,21,18,Medical
ATT202508009896,STU009896,SCH018,2025-08-01,21,19,Unauthorised
ATT202508009897,STU009897,SCH040,2025-08-01,22,19,Unauthorised
ATT202508009898,STU009898,SCH018,2025-08-01,21,19,Illness
ATT202508009899,STU009899,SCH016,2025-08-01,21,19,Other
ATT202508009900,STU009900,SCH041,2025-08-01,18,16,Medical
ATT202508009901,STU009901,SCH010,2025-08-01,19,15,Other
ATT202508009902,STU009902,SCH044,2025-08-01,18,17,Family
ATT202508009903,STU009903,SCH031,2025-08-01,20,16,Illness
ATT202508009904,STU009904,SCH046,2025-08-01,18,15,Unauthorised
ATT202508009905,STU009905,SCH030,2025-08-01,22,20,Family
ATT202508009906,STU009906,SCH005,2025-08-01,18,16,Unauthorised
ATT202508009907,STU009907,SCH026,2025-08-01,19,16,Illness
ATT202508009908,STU009908,SCH038,2025-08-01,22,18,Medical
ATT202508009910,STU009910,SCH037,2025-08-01,22,20,Other
ATT202508009911,STU009911,SCH038,2025-08-01,19,16,Other
ATT202508009912,STU009912,SCH039,2025-08-01,18,15,Family
ATT202508009914,STU009914,SCH029,2025-08-01,19,15,Medical
ATT202508009915,STU009915,SCH004,2025-08-01,18,16,Illness
ATT202508009917,STU009917,SCH045,2025-08-01,18,14,Illness
ATT202508009918,STU009918,SCH034,2025-08-01,22,18,Family
ATT202508009919,STU009919,SCH031,2025-08-01,21,19,Medical
ATT202508009920,STU009920,SCH048,2025-08-01,21,19,Family
ATT202508009921,STU009921,SCH014,2025-08-01,19,16,Other
ATT202508009922,STU009922,SCH028,2025-08-01,22,18,Family
ATT202508009923,STU009923,SCH004,2025-08-01,19,17,Family
ATT202508009924,STU009924,SCH040,2025-08-01,22,20,Medical
ATT202508009925,STU009925,SCH031,2025-08-01,21,17,Family
ATT202508009926,STU009926,SCH015,2025-08-01,18,16,Other
ATT202508009927,STU009927,SCH038,2025-08-01,19,17,Other
ATT202508009928,STU009928,SCH038,2025-08-01,21,17,Other
ATT202508009929,STU009929,SCH018,2025-08-01,20,17,Illness
ATT202508009930,STU009930,SCH045,2025-08-01,19,15,Illness
ATT202508009931,STU009931,SCH029,2025-08-01,22,20,Unauthorised
ATT202508009932,STU009932,SCH040,2025-08-01,20,17,Family
ATT202508009933,STU009933,SCH045,2025-08-01,22,19,Family
ATT202508009934,STU009934,SCH049,2025-08-01,21,17,Unauthorised
ATT202508009935,STU009935,SCH027,2025-08-01,22,17,Illness
ATT202508009936,STU009936,SCH014,2025-08-01,19,16,Medical
ATT202508009939,STU009939,SCH012,2025-08-01,18,15,Family
ATT202508009940,STU009940,SCH042,2025-08-01,19,14,Unauthorised
ATT202508009942,STU009942,SCH016,2025-08-01,22,19,Unauthorised
ATT202508009943,STU009943,SCH031,2025-08-01,19,16,Illness
ATT202508009944,STU009944,SCH033,2025-08-01,18,15,Illness
ATT202508009945,STU009945,SCH033,2025-08-01,19,15,Illness
ATT202508009946,STU009946,SCH043,2025-08-01,21,18,Family
ATT202508009947,STU009947,SCH034,2025-08-01,22,19,Other
ATT202508009948,STU009948,SCH032,2025-08-01,19,16,Medical
ATT202508009949,STU009949,SCH030,2025-08-01,21,17,Medical
ATT202508009950,STU009950,SCH004,2025-08-01,21,18,Illness
ATT202508009951,STU009951,SCH048,2025-08-01,20,17,Illness
ATT202508009952,STU009952,SCH020,2025-08-01,21,18,Unauthorised
ATT202508009953,STU009953,SCH042,2025-08-01,19,14,Unauthorised
ATT202508009954,STU009954,SCH029,2025-08-01,20,17,Illness
ATT202508009955,STU009955,SCH010,2025-08-01,18,16,Other
ATT202508009956,STU009956,SCH010,2025-08-01,21,16,Other
ATT202508009957,STU009957,SCH043,2025-08-01,19,15,Illness
ATT202508009958,STU009958,SCH037,2025-08-01,21,19,Family
ATT202508009959,STU009959,SCH015,2025-08-01,21,18,Other
ATT202508009960,STU009960,SCH020,2025-08-01,19,16,Illness
ATT202508009961,STU009961,SCH026,2025-08-01,21,18,Other
ATT202508009962,STU009962,SCH033,2025-08-01,18,16,Unauthorised
ATT202508009963,STU009963,SCH008,2025-08-01,21,18,Illness
ATT202508009964,STU009964,SCH037,2025-08-01,18,16,Family
ATT202508009965,STU009965,SCH021,2025-08-01,19,16,Unauthorised
ATT202508009966,STU009966,SCH043,2025-08-01,19,15,Other
ATT202508009968,STU009968,SCH046,2025-08-01,19,15,Other
ATT202508009969,STU009969,SCH014,2025-08-01,19,16,Illness
ATT202508009970,STU009970,SCH021,2025-08-01,22,18,Illness
ATT202508009971,STU009971,SCH035,2025-08-01,20,16,Family
ATT202508009972,STU009972,SCH031,2025-08-01,19,15,Other
ATT202508009974,STU009974,SCH032,2025-08-01,18,15,Other
ATT202508009975,STU009975,SCH004,2025-08-01,21,17,Unauthorised
ATT202508009976,STU009976,SCH030,2025-08-01,22,18,Medical
ATT202508009977,STU009977,SCH031,2025-08-01,20,17,Family
ATT202508009978,STU009978,SCH048,2025-08-01,21,19,Other
ATT202508009979,STU009979,SCH004,2025-08-01,18,15,Family
ATT202508009980,STU009980,SCH031,2025-08-01,20,16,Medical
ATT202508009981,STU009981,SCH035,2025-08-01,20,17,Unauthorised
ATT202508009982,STU009982,SCH026,2025-08-01,21,18,Family
ATT202508009983,STU009983,SCH045,2025-08-01,19,17,Medical
ATT202508009984,STU009984,SCH025,2025-08-01,20,17,Unauthorised
ATT202508009985,STU009985,SCH012,2025-08-01,22,17,Other
ATT202508009986,STU009986,SCH026,2025-08-01,20,17,Medical
ATT202508009987,STU009987,SCH033,2025-08-01,19,16,Medical
ATT202508009988,STU009988,SCH009,2025-08-01,19,16,Medical
ATT202508009989,STU009989,SCH010,2025-08-01,21,18,Medical
ATT202508009990,STU009990,SCH018,2025-08-01,21,17,Other
ATT202508009991,STU009991,SCH033,2025-08-01,21,17,Medical
ATT202508009992,STU009992,SCH040,2025-08-01,20,17,Unauthorised
ATT202508009993,STU009993,SCH020,2025-08-01,22,17,Other
ATT202508009994,STU009994,SCH042,2025-08-01,19,15,Family
ATT202508009995,STU009995,SCH033,2025-08-01,18,15,Unauthorised
ATT202508009996,STU009996,SCH016,2025-08-01,21,17,Illness
ATT202508009997,STU009997,SCH014,2025-08-01,20,17,Other
ATT202508009998,STU009998,SCH027,2025-08-01,20,16,Medical
ATT202508009999,STU009999,SCH018,2025-08-01,21,19,Family
ATT202508010000,STU010000,SCH019,2025-08-01,19,17,Medical
ATT202508010001,STU010001,SCH041,2025-08-01,18,16,Unauthorised
ATT202508010003,STU010003,SCH048,2025-08-01,21,17,Family
ATT202508010004,STU010004,SCH048,2025-08-01,21,18,Illness
ATT202508010005,STU010005,SCH014,2025-08-01,22,17,Medical
ATT202508010006,STU010006,SCH008,2025-08-01,22,19,Medical
ATT202508010007,STU010007,SCH030,2025-08-01,19,15,Medical
ATT202508010008,STU010008,SCH005,2025-08-01,20,17,Medical
ATT202508010010,STU010010,SCH016,2025-08-01,20,18,Illness
ATT202508010011,STU010011,SCH011,2025-08-01,22,20,Other
ATT202508010012,STU010012,SCH025,2025-08-01,20,16,Medical
ATT202508010013,STU010013,SCH040,2025-08-01,20,16,Illness
ATT202508010014,STU010014,SCH023,2025-08-01,21,18,Unauthorised
ATT202508010015,STU010015,SCH046,2025-08-01,19,14,Illness
ATT202508010016,STU010016,SCH046,2025-08-01,18,15,Medical
ATT202508010017,STU010017,SCH015,2025-08-01,22,19,Illness
ATT202508010018,STU010018,SCH032,2025-08-01,20,17,Unauthorised
ATT202508010019,STU010019,SCH031,2025-08-01,22,18,Family
ATT202508010020,STU010020,SCH016,2025-08-01,22,18,Unauthorised
ATT202508010021,STU010021,SCH037,2025-08-01,21,17,Unauthorised
ATT202508010022,STU010022,SCH010,2025-08-01,18,15,Family
ATT202508010023,STU010023,SCH034,2025-08-01,21,17,Medical
ATT202508010024,STU010024,SCH031,2025-08-01,20,17,Other
ATT202508010025,STU010025,SCH046,2025-08-01,19,15,Family
ATT202508010026,STU010026,SCH039,2025-08-01,21,18,Other
ATT202508010027,STU010027,SCH030,2025-08-01,18,16,Medical
ATT202508010028,STU010028,SCH030,2025-08-01,18,16,Other
ATT202508010029,STU010029,SCH032,2025-08-01,21,17,Illness
ATT202508010030,STU010030,SCH035,2025-08-01,21,18,Family
ATT202508010031,STU010031,SCH040,2025-08-01,22,18,Family
ATT202508010032,STU010032,SCH010,2025-08-01,20,16,Illness
ATT202508010033,STU010033,SCH039,2025-08-01,19,17,Family
ATT202508010034,STU010034,SCH019,2025-08-01,21,17,Unauthorised
ATT202508010035,STU010035,SCH019,2025-08-01,22,19,Illness
ATT202508010036,STU010036,SCH033,2025-08-01,22,19,Medical
ATT202508010037,STU010037,SCH015,2025-08-01,22,20,Other
ATT202508010038,STU010038,SCH035,2025-08-01,19,16,Illness
ATT202508010039,STU010039,SCH005,2025-08-01,18,15,Medical
ATT202508010041,STU010041,SCH018,2025-08-01,22,21,Family
ATT202508010042,STU010042,SCH027,2025-08-01,22,19,Illness
ATT202508010043,STU010043,SCH031,2025-08-01,22,18,Family
ATT202508010044,STU010044,SCH028,2025-08-01,20,16,Medical
ATT202508010045,STU010045,SCH046,2025-08-01,19,16,Illness
ATT202508010046,STU010046,SCH014,2025-08-01,18,16,Medical
ATT202508010048,STU010048,SCH046,2025-08-01,21,16,Family
ATT202508010049,STU010049,SCH011,2025-08-01,21,19,Other
ATT202508010050,STU010050,SCH021,2025-08-01,20,16,Medical
ATT202508010051,STU010051,SCH038,2025-08-01,20,18,Other
ATT202508010052,STU010052,SCH021,2025-08-01,18,15,Unauthorised
ATT202508010053,STU010053,SCH037,2025-08-01,22,20,Illness
ATT202508010054,STU010054,SCH035,2025-08-01,18,15,Other
ATT202508010055,STU010055,SCH040,2025-08-01,21,18,Family
ATT202508010056,STU010056,SCH047,2025-08-01,21,18,Other
ATT202508010057,STU010057,SCH037,2025-08-01,21,19,Medical
ATT202508010058,STU010058,SCH007,2025-08-01,18,14,Medical
ATT202508010059,STU010059,SCH021,2025-08-01,19,15,Family
ATT202508010060,STU010060,SCH022,2025-08-01,22,16,Medical
ATT202508010061,STU010061,SCH028,2025-08-01,21,17,Family
ATT202508010063,STU010063,SCH039,2025-08-01,21,18,Other
ATT202508010064,STU010064,SCH020,2025-08-01,18,15,Family
ATT202508010066,STU010066,SCH046,2025-08-01,21,18,Illness
ATT202508010067,STU010067,SCH004,2025-08-01,22,19,Family
ATT202508010068,STU010068,SCH041,2025-08-01,21,18,Illness
ATT202508010069,STU010069,SCH020,2025-08-01,22,19,Other
ATT202508010070,STU010070,SCH016,2025-08-01,22,19,Other
ATT202508010071,STU010071,SCH021,2025-08-01,21,16,Medical
ATT202508010072,STU010072,SCH040,2025-08-01,22,17,Medical
ATT202508010073,STU010073,SCH011,2025-08-01,20,17,Illness
ATT202508010074,STU010074,SCH044,2025-08-01,21,19,Other
ATT202508010075,STU010075,SCH035,2025-08-01,18,15,Medical
ATT202508010076,STU010076,SCH004,2025-08-01,20,16,Unauthorised
ATT202508010077,STU010077,SCH007,2025-08-01,19,18,Other
ATT202508010078,STU010078,SCH023,2025-08-01,21,19,Medical
ATT202508010079,STU010079,SCH032,2025-08-01,19,17,Family
ATT202508010080,STU010080,SCH048,2025-08-01,21,17,Illness
ATT202508010081,STU010081,SCH030,2025-08-01,18,16,Illness
ATT202508010082,STU010082,SCH043,2025-08-01,20,16,Other
ATT202508010083,STU010083,SCH048,2025-08-01,19,17,Other
ATT202508010085,STU010085,SCH004,2025-08-01,18,15,Medical
ATT202508010086,STU010086,SCH037,2025-08-01,19,16,Unauthorised
ATT202508010087,STU010087,SCH032,2025-08-01,18,15,Medical
ATT202508010088,STU010088,SCH016,2025-08-01,22,18,Unauthorised
ATT202508010089,STU010089,SCH026,2025-08-01,20,17,Other
ATT202508010091,STU010091,SCH031,2025-08-01,19,15,Illness
ATT202508010092,STU010092,SCH025,2025-08-01,18,16,Illness
ATT202508010093,STU010093,SCH049,2025-08-01,21,16,Other
ATT202508010094,STU010094,SCH007,2025-08-01,22,20,Other
ATT202508010095,STU010095,SCH028,2025-08-01,20,16,Illness
ATT202508010096,STU010096,SCH029,2025-08-01,21,19,Medical
ATT202508010097,STU010097,SCH046,2025-08-01,20,17,Illness
ATT202508010098,STU010098,SCH009,2025-08-01,20,17,Illness
ATT202508010099,STU010099,SCH020,2025-08-01,19,18,Illness
ATT202508010100,STU010100,SCH019,2025-08-01,22,20,Illness
ATT202508010101,STU010101,SCH029,2025-08-01,19,16,Medical
ATT202508010102,STU010102,SCH043,2025-08-01,22,19,Family
ATT202508010104,STU010104,SCH027,2025-08-01,20,18,Unauthorised
ATT202508010105,STU010105,SCH013,2025-08-01,22,18,Family
ATT202508010106,STU010106,SCH023,2025-08-01,18,14,Illness
ATT202508010107,STU010107,SCH019,2025-08-01,20,17,Family
ATT202508010108,STU010108,SCH043,2025-08-01,20,17,Illness
ATT202508010109,STU010109,SCH005,2025-08-01,22,19,Illness
ATT202508010110,STU010110,SCH026,2025-08-01,18,15,Unauthorised
ATT202508010111,STU010111,SCH043,2025-08-01,20,17,Family
ATT202508010112,STU010112,SCH017,2025-08-01,18,14,Illness
ATT202508010113,STU010113,SCH043,2025-08-01,19,16,Family
ATT202508010114,STU010114,SCH030,2025-08-01,19,14,Unauthorised
ATT202508010115,STU010115,SCH007,2025-08-01,20,17,Unauthorised
ATT202508010116,STU010116,SCH046,2025-08-01,18,15,Illness
ATT202508010117,STU010117,SCH032,2025-08-01,22,19,Unauthorised
ATT202508010118,STU010118,SCH023,2025-08-01,20,16,Family
ATT202508010119,STU010119,SCH010,2025-08-01,22,18,Medical
ATT202508010120,STU010120,SCH014,2025-08-01,18,14,Illness
ATT202508010121,STU010121,SCH026,2025-08-01,18,16,Unauthorised
ATT202508010122,STU010122,SCH044,2025-08-01,19,16,Family
ATT202508010123,STU010123,SCH018,2025-08-01,18,16,Other
ATT202508010124,STU010124,SCH049,2025-08-01,18,14,Unauthorised
ATT202508010125,STU010125,SCH010,2025-08-01,21,18,Illness
ATT202508010126,STU010126,SCH037,2025-08-01,21,19,Unauthorised
ATT202508010127,STU010127,SCH035,2025-08-01,21,17,Medical
ATT202508010128,STU010128,SCH010,2025-08-01,19,15,Illness
ATT202508010129,STU010129,SCH003,2025-08-01,19,17,Medical
ATT202508010130,STU010130,SCH035,2025-08-01,18,14,Illness
ATT202508010131,STU010131,SCH015,2025-08-01,21,18,Other
ATT202508010132,STU010132,SCH043,2025-08-01,20,17,Illness
ATT202508010133,STU010133,SCH036,2025-08-01,21,18,Family
ATT202508010134,STU010134,SCH010,2025-08-01,19,15,Unauthorised
ATT202508010135,STU010135,SCH039,2025-08-01,22,18,Family
ATT202508010137,STU010137,SCH002,2025-08-01,19,16,Medical
ATT202508010138,STU010138,SCH041,2025-08-01,21,19,Family
ATT202508010139,STU010139,SCH008,2025-08-01,20,18,Illness
ATT202508010140,STU010140,SCH034,2025-08-01,19,17,Other
ATT202508010142,STU010142,SCH046,2025-08-01,19,15,Illness
ATT202508010143,STU010143,SCH021,2025-08-01,19,15,Medical
ATT202508010144,STU010144,SCH004,2025-08-01,20,17,Medical
ATT202508010145,STU010145,SCH019,2025-08-01,19,16,Medical
ATT202508010146,STU010146,SCH010,2025-08-01,19,16,Family
ATT202508010147,STU010147,SCH046,2025-08-01,18,16,Family
ATT202508010148,STU010148,SCH046,2025-08-01,18,15,Illness
ATT202508010149,STU010149,SCH012,2025-08-01,21,18,Family
ATT202508010150,STU010150,SCH031,2025-08-01,19,16,Illness
ATT202508010151,STU010151,SCH015,2025-08-01,18,17,Illness
ATT202508010152,STU010152,SCH007,2025-08-01,20,18,Family
ATT202508010153,STU010153,SCH021,2025-08-01,21,18,Illness
ATT202508010154,STU010154,SCH025,2025-08-01,18,16,Family
ATT202508010155,STU010155,SCH034,2025-08-01,20,18,Illness
ATT202508010156,STU010156,SCH012,2025-08-01,18,14,Unauthorised
ATT202508010157,STU010157,SCH037,2025-08-01,20,17,Other
ATT202508010158,STU010158,SCH020,2025-08-01,22,20,Other
ATT202508010159,STU010159,SCH035,2025-08-01,19,17,Illness
ATT202508010160,STU010160,SCH025,2025-08-01,21,18,Other
ATT202508010161,STU010161,SCH035,2025-08-01,19,17,Family
ATT202508010162,STU010162,SCH019,2025-08-01,18,15,Other
ATT202508010163,STU010163,SCH001,2025-08-01,20,16,Medical
ATT202508010164,STU010164,SCH031,2025-08-01,19,16,Illness
ATT202508010165,STU010165,SCH039,2025-08-01,18,16,Other
ATT202508010167,STU010167,SCH003,2025-08-01,18,15,Medical
ATT202508010168,STU010168,SCH014,2025-08-01,19,16,Medical
ATT202508010169,STU010169,SCH005,2025-08-01,18,16,Medical
ATT202508010170,STU010170,SCH047,2025-08-01,21,19,Medical
ATT202508010171,STU010171,SCH049,2025-08-01,18,14,Family
ATT202508010172,STU010172,SCH014,2025-08-01,19,16,Illness
ATT202508010173,STU010173,SCH029,2025-08-01,21,18,Other
ATT202508010174,STU010174,SCH019,2025-08-01,22,18,Family
ATT202508010175,STU010175,SCH010,2025-08-01,18,15,Unauthorised
ATT202508010176,STU010176,SCH006,2025-08-01,20,17,Unauthorised
ATT202508010177,STU010177,SCH009,2025-08-01,20,18,Unauthorised
ATT202508010178,STU010178,SCH047,2025-08-01,22,18,Illness
ATT202508010179,STU010179,SCH031,2025-08-01,22,18,Unauthorised
ATT202508010180,STU010180,SCH028,2025-08-01,21,18,Illness
ATT202508010181,STU010181,SCH041,2025-08-01,18,15,Medical
ATT202508010182,STU010182,SCH025,2025-08-01,18,16,Medical
ATT202508010183,STU010183,SCH014,2025-08-01,22,18,Unauthorised
ATT202508010184,STU010184,SCH014,2025-08-01,20,18,Other
ATT202508010185,STU010185,SCH043,2025-08-01,19,16,Unauthorised
ATT202508010186,STU010186,SCH031,2025-08-01,22,15,Family
ATT202508010187,STU010187,SCH046,2025-08-01,21,16,Family
ATT202508010188,STU010188,SCH021,2025-08-01,22,18,Unauthorised
ATT202508010189,STU010189,SCH018,2025-08-01,20,17,Other
ATT202508010191,STU010191,SCH025,2025-08-01,19,17,Medical
ATT202508010192,STU010192,SCH003,2025-08-01,18,16,Medical
ATT202508010193,STU010193,SCH007,2025-08-01,18,15,Family
ATT202508010194,STU010194,SCH031,2025-08-01,19,16,Family
ATT202508010195,STU010195,SCH035,2025-08-01,19,16,Family
ATT202508010196,STU010196,SCH010,2025-08-01,20,16,Other
ATT202508010197,STU010197,SCH020,2025-08-01,19,17,Medical
ATT202508010198,STU010198,SCH037,2025-08-01,22,19,Unauthorised
ATT202508010199,STU010199,SCH018,2025-08-01,18,16,Unauthorised
ATT202508010200,STU010200,SCH047,2025-08-01,22,19,Illness
ATT202508010201,STU010201,SCH004,2025-08-01,20,16,Illness
ATT202508010202,STU010202,SCH011,2025-08-01,18,15,Medical
ATT202508010203,STU010203,SCH039,2025-08-01,22,19,Unauthorised
ATT202508010204,STU010204,SCH038,2025-08-01,18,15,Unauthorised
ATT202508010205,STU010205,SCH043,2025-08-01,18,15,Family
ATT202508010206,STU010206,SCH016,2025-08-01,19,16,Illness
ATT202508010207,STU010207,SCH031,2025-08-01,20,16,Other
ATT202508010208,STU010208,SCH027,2025-08-01,22,19,Medical
ATT202508010209,STU010209,SCH043,2025-08-01,20,16,Illness
ATT202508010210,STU010210,SCH045,2025-08-01,21,18,Other
ATT202508010211,STU010211,SCH005,2025-08-01,22,18,Other
ATT202508010212,STU010212,SCH021,2025-08-01,19,15,Illness
ATT202508010213,STU010213,SCH036,2025-08-01,20,16,Other
ATT202508010214,STU010214,SCH015,2025-08-01,19,16,Family
ATT202508010215,STU010215,SCH011,2025-08-01,21,19,Other
ATT202508010216,STU010216,SCH031,2025-08-01,22,20,Other
ATT202508010217,STU010217,SCH048,2025-08-01,19,17,Unauthorised
ATT202508010218,STU010218,SCH028,2025-08-01,21,17,Family
ATT202508010219,STU010219,SCH019,2025-08-01,18,15,Other
ATT202508010220,STU010220,SCH004,2025-08-01,22,19,Medical
ATT202508010221,STU010221,SCH014,2025-08-01,20,16,Medical
ATT202508010222,STU010222,SCH046,2025-08-01,19,16,Other
ATT202508010223,STU010223,SCH021,2025-08-01,20,17,Illness
ATT202508010224,STU010224,SCH010,2025-08-01,22,19,Other
ATT202508010225,STU010225,SCH031,2025-08-01,22,19,Unauthorised
ATT202508010226,STU010226,SCH011,2025-08-01,18,16,Other
ATT202508010227,STU010227,SCH029,2025-08-01,21,17,Unauthorised
ATT202508010228,STU010228,SCH024,2025-08-01,19,16,Medical
ATT202508010229,STU010229,SCH046,2025-08-01,21,18,Other
ATT202508010230,STU010230,SCH020,2025-08-01,20,17,Family
ATT202508010231,STU010231,SCH031,2025-08-01,20,17,Unauthorised
ATT202508010232,STU010232,SCH037,2025-08-01,22,19,Other
ATT202508010233,STU010233,SCH010,2025-08-01,21,20,Illness
ATT202508010234,STU010234,SCH040,2025-08-01,21,17,Unauthorised
ATT202508010235,STU010235,SCH036,2025-08-01,19,16,Unauthorised
ATT202508010236,STU010236,SCH042,2025-08-01,18,13,Illness
ATT202508010237,STU010237,SCH014,2025-08-01,19,16,Illness
ATT202508010238,STU010238,SCH003,2025-08-01,22,19,Medical
ATT202508010240,STU010240,SCH021,2025-08-01,21,17,Family
ATT202508010241,STU010241,SCH030,2025-08-01,19,16,Unauthorised
ATT202508010242,STU010242,SCH011,2025-08-01,21,17,Illness
ATT202508010243,STU010243,SCH039,2025-08-01,20,16,Family
ATT202508010244,STU010244,SCH018,2025-08-01,19,15,Unauthorised
ATT202508010245,STU010245,SCH021,2025-08-01,20,16,Other
ATT202508010246,STU010246,SCH006,2025-08-01,22,20,Medical
ATT202508010247,STU010247,SCH016,2025-08-01,18,15,Illness
ATT202508010248,STU010248,SCH025,2025-08-01,21,19,Medical
ATT202508010249,STU010249,SCH030,2025-08-01,18,16,Illness
ATT202508010250,STU010250,SCH044,2025-08-01,20,17,Family
ATT202508010251,STU010251,SCH041,2025-08-01,21,19,Medical
ATT202508010252,STU010252,SCH036,2025-08-01,21,19,Family
ATT202508010253,STU010253,SCH012,2025-08-01,20,18,Family
ATT202508010254,STU010254,SCH004,2025-08-01,21,19,Unauthorised
ATT202508010255,STU010255,SCH027,2025-08-01,22,18,Medical
ATT202508010256,STU010256,SCH041,2025-08-01,20,19,Medical
ATT202508010257,STU010257,SCH005,2025-08-01,20,17,Family
ATT202508010259,STU010259,SCH003,2025-08-01,22,18,Medical
ATT202508010260,STU010260,SCH029,2025-08-01,21,18,Medical
ATT202508010261,STU010261,SCH031,2025-08-01,18,13,Medical
ATT202508010262,STU010262,SCH023,2025-08-01,20,17,Family
ATT202508010263,STU010263,SCH005,2025-08-01,18,16,Other
ATT202508010264,STU010264,SCH026,2025-08-01,19,16,Other
ATT202508010265,STU010265,SCH006,2025-08-01,21,19,Medical
ATT202508010266,STU010266,SCH022,2025-08-01,19,15,Other
ATT202508010267,STU010267,SCH010,2025-08-01,22,19,Unauthorised
ATT202508010268,STU010268,SCH032,2025-08-01,20,16,Medical
ATT202508010269,STU010269,SCH027,2025-08-01,19,17,Other
ATT202508010270,STU010270,SCH021,2025-08-01,18,13,Medical
ATT202508010271,STU010271,SCH018,2025-08-01,18,16,Medical
ATT202508010272,STU010272,SCH007,2025-08-01,22,18,Family
ATT202508010273,STU010273,SCH041,2025-08-01,18,16,Unauthorised
ATT202508010274,STU010274,SCH046,2025-08-01,22,18,Other
ATT202508010275,STU010275,SCH005,2025-08-01,19,17,Family
ATT202508010276,STU010276,SCH046,2025-08-01,18,16,Other
ATT202508010277,STU010277,SCH010,2025-08-01,18,16,Illness
ATT202508010278,STU010278,SCH017,2025-08-01,18,14,Unauthorised
ATT202508010279,STU010279,SCH029,2025-08-01,22,19,Unauthorised
ATT202508010280,STU010280,SCH001,2025-08-01,21,17,Other
ATT202508010281,STU010281,SCH033,2025-08-01,19,18,Illness
ATT202508010282,STU010282,SCH031,2025-08-01,20,15,Other
ATT202508010283,STU010283,SCH003,2025-08-01,21,18,Family
ATT202508010284,STU010284,SCH031,2025-08-01,20,17,Family
ATT202508010285,STU010285,SCH007,2025-08-01,18,15,Illness
ATT202508010286,STU010286,SCH010,2025-08-01,22,19,Unauthorised
ATT202508010287,STU010287,SCH028,2025-08-01,19,15,Unauthorised
ATT202508010288,STU010288,SCH008,2025-08-01,18,16,Illness
ATT202508010289,STU010289,SCH020,2025-08-01,19,17,Medical
ATT202508010290,STU010290,SCH045,2025-08-01,22,19,Other
ATT202508010291,STU010291,SCH010,2025-08-01,18,16,Unauthorised
ATT202508010292,STU010292,SCH031,2025-08-01,21,17,Other
ATT202508010293,STU010293,SCH047,2025-08-01,20,18,Unauthorised
ATT202508010294,STU010294,SCH015,2025-08-01,22,19,Medical
ATT202508010295,STU010295,SCH004,2025-08-01,21,18,Other
ATT202508010296,STU010296,SCH021,2025-08-01,21,18,Other
ATT202508010297,STU010297,SCH031,2025-08-01,18,15,Family
ATT202508010298,STU010298,SCH043,2025-08-01,21,19,Illness
ATT202508010299,STU010299,SCH031,2025-08-01,18,15,Unauthorised
ATT202508010300,STU010300,SCH044,2025-08-01,22,18,Other
ATT202508010301,STU010301,SCH045,2025-08-01,21,18,Other
ATT202508010302,STU010302,SCH031,2025-08-01,19,17,Unauthorised
ATT202508010303,STU010303,SCH013,2025-08-01,22,18,Family
ATT202508010304,STU010304,SCH016,2025-08-01,19,17,Medical
ATT202508010305,STU010305,SCH035,2025-08-01,20,16,Illness
ATT202508010306,STU010306,SCH010,2025-08-01,18,15,Illness
ATT202508010307,STU010307,SCH025,2025-08-01,21,19,Other
ATT202508010308,STU010308,SCH049,2025-08-01,19,15,Illness
ATT202508010309,STU010309,SCH037,2025-08-01,21,19,Medical
ATT202508010310,STU010310,SCH031,2025-08-01,20,16,Illness
ATT202508010311,STU010311,SCH031,2025-08-01,21,17,Illness
ATT202508010312,STU010312,SCH021,2025-08-01,20,17,Medical
ATT202508010313,STU010313,SCH044,2025-08-01,19,14,Family
ATT202508010314,STU010314,SCH006,2025-08-01,21,19,Other
ATT202508010315,STU010315,SCH031,2025-08-01,19,16,Other
ATT202508010316,STU010316,SCH040,2025-08-01,19,16,Other
ATT202508010317,STU010317,SCH033,2025-08-01,19,17,Family
ATT202508010318,STU010318,SCH035,2025-08-01,19,15,Family
ATT202508010320,STU010320,SCH040,2025-08-01,21,18,Unauthorised
ATT202508010321,STU010321,SCH019,2025-08-01,21,19,Illness
ATT202508010322,STU010322,SCH035,2025-08-01,22,17,Family
ATT202508010323,STU010323,SCH021,2025-08-01,22,18,Medical
ATT202508010324,STU010324,SCH035,2025-08-01,20,16,Other
ATT202508010325,STU010325,SCH004,2025-08-01,19,15,Illness
ATT202508010326,STU010326,SCH014,2025-08-01,18,16,Illness
ATT202508010327,STU010327,SCH010,2025-08-01,19,16,Medical
ATT202508010328,STU010328,SCH027,2025-08-01,19,16,Unauthorised
ATT202508010329,STU010329,SCH044,2025-08-01,20,16,Family
ATT202508010330,STU010330,SCH044,2025-08-01,21,18,Illness
ATT202508010331,STU010331,SCH008,2025-08-01,18,16,Medical
ATT202508010332,STU010332,SCH046,2025-08-01,19,16,Unauthorised
ATT202508010333,STU010333,SCH007,2025-08-01,20,15,Medical
ATT202508010334,STU010334,SCH011,2025-08-01,20,17,Unauthorised
ATT202508010335,STU010335,SCH019,2025-08-01,22,19,Other
ATT202508010336,STU010336,SCH014,2025-08-01,22,19,Unauthorised
ATT202508010337,STU010337,SCH031,2025-08-01,22,19,Other
ATT202508010338,STU010338,SCH037,2025-08-01,22,19,Illness
ATT202508010339,STU010339,SCH041,2025-08-01,18,16,Medical
ATT202508010340,STU010340,SCH021,2025-08-01,22,18,Medical
ATT202508010341,STU010341,SCH042,2025-08-01,20,17,Other
ATT202508010342,STU010342,SCH045,2025-08-01,18,15,Medical
ATT202508010343,STU010343,SCH023,2025-08-01,21,18,Unauthorised
ATT202508010344,STU010344,SCH035,2025-08-01,20,17,Medical
ATT202508010345,STU010345,SCH046,2025-08-01,21,18,Medical
ATT202508010346,STU010346,SCH046,2025-08-01,21,15,Other
ATT202508010347,STU010347,SCH034,2025-08-01,19,15,Unauthorised
ATT202508010348,STU010348,SCH037,2025-08-01,18,16,Illness
ATT202508010349,STU010349,SCH036,2025-08-01,22,19,Illness
ATT202508010350,STU010350,SCH007,2025-08-01,20,16,Unauthorised
ATT202508010351,STU010351,SCH010,2025-08-01,19,15,Other
ATT202508010352,STU010352,SCH036,2025-08-01,19,16,Other
ATT202508010353,STU010353,SCH032,2025-08-01,21,18,Other
ATT202508010354,STU010354,SCH046,2025-08-01,22,19,Other
ATT202508010355,STU010355,SCH004,2025-08-01,21,17,Medical
ATT202508010356,STU010356,SCH010,2025-08-01,20,16,Unauthorised
ATT202508010357,STU010357,SCH003,2025-08-01,19,16,Medical
ATT202508010358,STU010358,SCH010,2025-08-01,22,19,Family
ATT202508010359,STU010359,SCH021,2025-08-01,20,16,Illness
ATT202508010360,STU010360,SCH013,2025-08-01,22,20,Medical
ATT202508010361,STU010361,SCH028,2025-08-01,20,16,Other
ATT202508010362,STU010362,SCH014,2025-08-01,22,18,Unauthorised
ATT202508010363,STU010363,SCH031,2025-08-01,21,18,Other
ATT202508010364,STU010364,SCH003,2025-08-01,21,17,Illness
ATT202508010365,STU010365,SCH026,2025-08-01,21,18,Medical
ATT202508010366,STU010366,SCH015,2025-08-01,19,18,Family
ATT202508010367,STU010367,SCH030,2025-08-01,20,16,Medical
ATT202508010368,STU010368,SCH011,2025-08-01,19,17,Unauthorised
ATT202508010369,STU010369,SCH026,2025-08-01,21,19,Illness
ATT202508010370,STU010370,SCH025,2025-08-01,21,18,Other
ATT202508010371,STU010371,SCH006,2025-08-01,22,21,Illness
ATT202508010372,STU010372,SCH036,2025-08-01,21,19,Illness
ATT202508010373,STU010373,SCH013,2025-08-01,20,17,Illness
ATT202508010374,STU010374,SCH043,2025-08-01,22,19,Other
ATT202508010375,STU010375,SCH047,2025-08-01,18,14,Illness
ATT202508010376,STU010376,SCH031,2025-08-01,19,16,Other
ATT202508010377,STU010377,SCH021,2025-08-01,19,15,Other
ATT202508010378,STU010378,SCH046,2025-08-01,19,16,Illness
ATT202508010379,STU010379,SCH026,2025-08-01,19,17,Illness
ATT202508010380,STU010380,SCH011,2025-08-01,19,16,Medical
ATT202508010381,STU010381,SCH013,2025-08-01,21,18,Unauthorised
ATT202508010382,STU010382,SCH012,2025-08-01,22,19,Other
ATT202508010383,STU010383,SCH025,2025-08-01,18,15,Family
ATT202508010384,STU010384,SCH039,2025-08-01,21,19,Unauthorised
ATT202508010385,STU010385,SCH031,2025-08-01,19,15,Other
ATT202508010386,STU010386,SCH032,2025-08-01,19,15,Medical
ATT202508010387,STU010387,SCH039,2025-08-01,19,17,Illness
ATT202508010388,STU010388,SCH044,2025-08-01,19,15,Medical
ATT202508010389,STU010389,SCH026,2025-08-01,19,16,Medical
ATT202508010390,STU010390,SCH024,2025-08-01,18,13,Unauthorised
ATT202508010391,STU010391,SCH033,2025-08-01,21,19,Illness
ATT202508010392,STU010392,SCH007,2025-08-01,21,16,Medical
ATT202508010393,STU010393,SCH047,2025-08-01,22,18,Family
ATT202508010394,STU010394,SCH031,2025-08-01,20,17,Family
ATT202508010395,STU010395,SCH031,2025-08-01,22,19,Other
ATT202508010396,STU010396,SCH031,2025-08-01,21,18,Unauthorised
ATT202508010397,STU010397,SCH045,2025-08-01,22,19,Unauthorised
ATT202508010398,STU010398,SCH045,2025-08-01,20,16,Medical
ATT202508010399,STU010399,SCH018,2025-08-01,19,16,Medical
ATT202508010400,STU010400,SCH022,2025-08-01,18,14,Medical
ATT202508010401,STU010401,SCH041,2025-08-01,18,16,Family
ATT202508010402,STU010402,SCH032,2025-08-01,20,18,Medical
ATT202508010403,STU010403,SCH006,2025-08-01,18,16,Family
ATT202508010404,STU010404,SCH043,2025-08-01,19,16,Family
ATT202508010405,STU010405,SCH049,2025-08-01,18,14,Family
ATT202508010406,STU010406,SCH040,2025-08-01,20,18,Family
ATT202508010407,STU010407,SCH026,2025-08-01,22,19,Illness
ATT202508010408,STU010408,SCH027,2025-08-01,18,14,Medical
ATT202508010409,STU010409,SCH026,2025-08-01,21,18,Medical
ATT202508010410,STU010410,SCH021,2025-08-01,19,17,Family
ATT202508010411,STU010411,SCH020,2025-08-01,21,19,Family
ATT202508010412,STU010412,SCH018,2025-08-01,20,18,Unauthorised
ATT202508010413,STU010413,SCH017,2025-08-01,18,15,Family
ATT202508010414,STU010414,SCH031,2025-08-01,20,17,Other
ATT202508010415,STU010415,SCH021,2025-08-01,21,18,Illness
ATT202508010416,STU010416,SCH038,2025-08-01,19,16,Family
ATT202508010417,STU010417,SCH015,2025-08-01,18,15,Other
ATT202508010418,STU010418,SCH024,2025-08-01,21,17,Illness
ATT202508010419,STU010419,SCH009,2025-08-01,20,17,Unauthorised
ATT202508010420,STU010420,SCH028,2025-08-01,19,16,Family
ATT202508010421,STU010421,SCH016,2025-08-01,22,18,Other
ATT202508010422,STU010422,SCH012,2025-08-01,21,17,Unauthorised
ATT202508010423,STU010423,SCH045,2025-08-01,22,18,Unauthorised
ATT202508010424,STU010424,SCH010,2025-08-01,18,15,Family
ATT202508010425,STU010425,SCH019,2025-08-01,20,18,Other
ATT202508010426,STU010426,SCH047,2025-08-01,21,18,Family
ATT202508010427,STU010427,SCH029,2025-08-01,19,16,Medical
ATT202508010428,STU010428,SCH023,2025-08-01,22,19,Unauthorised
ATT202508010429,STU010429,SCH023,2025-08-01,18,14,Unauthorised
ATT202508010430,STU010430,SCH048,2025-08-01,20,17,Family
ATT202508010431,STU010431,SCH025,2025-08-01,22,18,Unauthorised
ATT202508010432,STU010432,SCH044,2025-08-01,20,15,Illness
ATT202508010433,STU010433,SCH010,2025-08-01,19,15,Unauthorised
ATT202508010434,STU010434,SCH047,2025-08-01,20,16,Family
ATT202508010435,STU010435,SCH004,2025-08-01,21,19,Illness
ATT202508010436,STU010436,SCH021,2025-08-01,18,12,Medical
ATT202508010437,STU010437,SCH048,2025-08-01,19,16,Unauthorised
ATT202508010438,STU010438,SCH046,2025-08-01,19,15,Other
ATT202508010439,STU010439,SCH043,2025-08-01,19,14,Other
ATT202508010440,STU010440,SCH009,2025-08-01,21,17,Other
ATT202508010441,STU010441,SCH020,2025-08-01,19,17,Illness
ATT202508010442,STU010442,SCH030,2025-08-01,19,16,Other
ATT202508010443,STU010443,SCH045,2025-08-01,19,16,Illness
ATT202508010444,STU010444,SCH033,2025-08-01,19,16,Other
ATT202508010445,STU010445,SCH021,2025-08-01,21,16,Family
ATT202508010446,STU010446,SCH031,2025-08-01,21,17,Illness
ATT202508010447,STU010447,SCH031,2025-08-01,22,18,Illness
ATT202508010448,STU010448,SCH010,2025-08-01,18,16,Illness
ATT202508010449,STU010449,SCH031,2025-08-01,21,18,Unauthorised
ATT202508010450,STU010450,SCH005,2025-08-01,19,16,Unauthorised
ATT202508010451,STU010451,SCH027,2025-08-01,20,16,Unauthorised
ATT202508010452,STU010452,SCH002,2025-08-01,21,16,Medical
ATT202508010453,STU010453,SCH037,2025-08-01,18,15,Unauthorised
ATT202508010454,STU010454,SCH048,2025-08-01,21,18,Other
ATT202508010455,STU010455,SCH023,2025-08-01,20,18,Medical
ATT202508010456,STU010456,SCH006,2025-08-01,19,17,Family
ATT202508010457,STU010457,SCH012,2025-08-01,20,18,Other
ATT202508010458,STU010458,SCH044,2025-08-01,18,16,Illness
ATT202508010459,STU010459,SCH037,2025-08-01,18,16,Family
ATT202508010460,STU010460,SCH007,2025-08-01,20,15,Illness
ATT202508010461,STU010461,SCH048,2025-08-01,20,19,Illness
ATT202508010462,STU010462,SCH016,2025-08-01,21,20,Medical
ATT202508010463,STU010463,SCH013,2025-08-01,21,19,Illness
ATT202508010464,STU010464,SCH031,2025-08-01,19,17,Medical
ATT202508010465,STU010465,SCH043,2025-08-01,21,17,Family
ATT202508010466,STU010466,SCH047,2025-08-01,22,20,Other
ATT202508010467,STU010467,SCH016,2025-08-01,18,15,Family
ATT202508010468,STU010468,SCH004,2025-08-01,19,16,Family
ATT202508010469,STU010469,SCH036,2025-08-01,18,15,Unauthorised
ATT202508010470,STU010470,SCH021,2025-08-01,20,16,Unauthorised
ATT202508010471,STU010471,SCH033,2025-08-01,22,19,Unauthorised
ATT202508010472,STU010472,SCH039,2025-08-01,22,20,Illness
ATT202508010473,STU010473,SCH016,2025-08-01,20,17,Other
ATT202508010474,STU010474,SCH010,2025-08-01,21,17,Unauthorised
ATT202508010475,STU010475,SCH047,2025-08-01,22,18,Medical
ATT202508010476,STU010476,SCH020,2025-08-01,18,16,Other
ATT202508010477,STU010477,SCH038,2025-08-01,21,19,Medical
ATT202508010478,STU010478,SCH035,2025-08-01,21,18,Other
ATT202508010479,STU010479,SCH004,2025-08-01,21,19,Illness
ATT202508010480,STU010480,SCH046,2025-08-01,20,15,Unauthorised
ATT202508010481,STU010481,SCH027,2025-08-01,21,19,Unauthorised
ATT202508010482,STU010482,SCH009,2025-08-01,20,17,Family
ATT202508010483,STU010483,SCH030,2025-08-01,19,16,Illness
ATT202508010484,STU010484,SCH017,2025-08-01,22,18,Unauthorised
ATT202508010485,STU010485,SCH018,2025-08-01,21,17,Unauthorised
ATT202508010486,STU010486,SCH018,2025-08-01,18,15,Medical
ATT202508010487,STU010487,SCH013,2025-08-01,22,20,Illness
ATT202508010488,STU010488,SCH046,2025-08-01,21,18,Medical
ATT202508010489,STU010489,SCH010,2025-08-01,18,15,Illness
ATT202508010490,STU010490,SCH046,2025-08-01,18,16,Unauthorised
ATT202508010491,STU010491,SCH006,2025-08-01,18,15,Medical
ATT202508010492,STU010492,SCH047,2025-08-01,21,18,Unauthorised
ATT202508010493,STU010493,SCH048,2025-08-01,22,19,Unauthorised
ATT202508010494,STU010494,SCH035,2025-08-01,18,14,Other
ATT202508010495,STU010495,SCH032,2025-08-01,22,18,Other
ATT202508010496,STU010496,SCH008,2025-08-01,20,18,Other
ATT202508010497,STU010497,SCH010,2025-08-01,21,18,Other
ATT202508010498,STU010498,SCH009,2025-08-01,19,16,Illness
ATT202508010499,STU010499,SCH031,2025-08-01,20,16,Other
ATT202508010500,STU010500,SCH020,2025-08-01,21,17,Medical
ATT202508010501,STU010501,SCH019,2025-08-01,21,18,Medical
ATT202508010502,STU010502,SCH027,2025-08-01,22,19,Family
ATT202508010503,STU010503,SCH013,2025-08-01,20,18,Family
ATT202508010504,STU010504,SCH010,2025-08-01,20,17,Family
ATT202508010505,STU010505,SCH001,2025-08-01,18,15,Illness
ATT202508010506,STU010506,SCH006,2025-08-01,18,15,Illness
ATT202508010507,STU010507,SCH040,2025-08-01,19,17,Other
ATT202508010508,STU010508,SCH037,2025-08-01,21,18,Unauthorised
ATT202508010509,STU010509,SCH010,2025-08-01,19,16,Unauthorised
ATT202508010510,STU010510,SCH030,2025-08-01,22,20,Illness
ATT202508010511,STU010511,SCH016,2025-08-01,21,18,Unauthorised
ATT202508010512,STU010512,SCH021,2025-08-01,20,17,Illness
ATT202508010513,STU010513,SCH007,2025-08-01,20,16,Family
ATT202508010514,STU010514,SCH003,2025-08-01,18,16,Illness
ATT202508010515,STU010515,SCH021,2025-08-01,21,18,Medical
ATT202508010516,STU010516,SCH043,2025-08-01,20,16,Unauthorised
ATT202508010517,STU010517,SCH028,2025-08-01,22,17,Other
ATT202508010518,STU010518,SCH047,2025-08-01,19,16,Unauthorised
ATT202508010519,STU010519,SCH005,2025-08-01,19,17,Other
ATT202508010520,STU010520,SCH039,2025-08-01,18,15,Illness
ATT202508010521,STU010521,SCH013,2025-08-01,21,19,Family
ATT202508010522,STU010522,SCH006,2025-08-01,21,18,Other
ATT202508010523,STU010523,SCH033,2025-08-01,20,18,Medical
ATT202508010524,STU010524,SCH033,2025-08-01,22,19,Medical
ATT202508010525,STU010525,SCH033,2025-08-01,18,16,Unauthorised
ATT202508010526,STU010526,SCH033,2025-08-01,19,16,Medical
ATT202508010527,STU010527,SCH004,2025-08-01,19,17,Medical
ATT202508010528,STU010528,SCH030,2025-08-01,21,18,Other
ATT202508010529,STU010529,SCH021,2025-08-01,19,15,Unauthorised
ATT202508010530,STU010530,SCH046,2025-08-01,20,16,Unauthorised
ATT202508010531,STU010531,SCH014,2025-08-01,21,17,Family
ATT202508010532,STU010532,SCH046,2025-08-01,22,16,Family
ATT202508010533,STU010533,SCH029,2025-08-01,21,17,Medical
ATT202508010534,STU010534,SCH009,2025-08-01,20,16,Family
ATT202508010535,STU010535,SCH032,2025-08-01,18,15,Family
ATT202508010536,STU010536,SCH029,2025-08-01,20,17,Illness
ATT202508010537,STU010537,SCH032,2025-08-01,22,18,Illness
ATT202508010538,STU010538,SCH040,2025-08-01,18,15,Other
ATT202508010539,STU010539,SCH036,2025-08-01,21,17,Family
ATT202508010540,STU010540,SCH010,2025-08-01,22,18,Illness
ATT202508010541,STU010541,SCH004,2025-08-01,18,15,Illness
ATT202508010542,STU010542,SCH018,2025-08-01,19,16,Unauthorised
ATT202508010543,STU010543,SCH040,2025-08-01,19,15,Illness
ATT202508010544,STU010544,SCH033,2025-08-01,20,16,Other
ATT202508010545,STU010545,SCH048,2025-08-01,22,19,Medical
ATT202508010546,STU010546,SCH019,2025-08-01,22,20,Medical
ATT202508010547,STU010547,SCH007,2025-08-01,20,17,Medical
ATT202508010548,STU010548,SCH049,2025-08-01,18,13,Other
ATT202508010549,STU010549,SCH023,2025-08-01,22,17,Family
ATT202508010550,STU010550,SCH003,2025-08-01,21,18,Unauthorised
ATT202508010551,STU010551,SCH004,2025-08-01,22,19,Illness
ATT202508010552,STU010552,SCH047,2025-08-01,18,16,Illness
ATT202508010553,STU010553,SCH029,2025-08-01,22,18,Other
ATT202508010554,STU010554,SCH032,2025-08-01,21,17,Illness
ATT202508010555,STU010555,SCH037,2025-08-01,19,17,Illness
ATT202508010556,STU010556,SCH035,2025-08-01,18,13,Family
ATT202508010557,STU010557,SCH007,2025-08-01,20,17,Family
ATT202508010558,STU010558,SCH040,2025-08-01,19,16,Family
ATT202508010559,STU010559,SCH016,2025-08-01,21,17,Unauthorised
ATT202508010560,STU010560,SCH009,2025-08-01,20,16,Unauthorised
ATT202508010562,STU010562,SCH021,2025-08-01,21,16,Other
ATT202508010563,STU010563,SCH025,2025-08-01,21,18,Medical
ATT202508010564,STU010564,SCH014,2025-08-01,20,17,Medical
ATT202508010565,STU010565,SCH030,2025-08-01,18,15,Unauthorised
ATT202508010566,STU010566,SCH037,2025-08-01,19,17,Medical
ATT202508010567,STU010567,SCH003,2025-08-01,21,17,Other
ATT202508010568,STU010568,SCH048,2025-08-01,20,18,Unauthorised
ATT202508010569,STU010569,SCH011,2025-08-01,19,15,Unauthorised
ATT202508010570,STU010570,SCH014,2025-08-01,18,14,Family
ATT202508010571,STU010571,SCH032,2025-08-01,20,16,Medical
ATT202508010572,STU010572,SCH035,2025-08-01,22,18,Other
ATT202508010573,STU010573,SCH013,2025-08-01,18,16,Unauthorised
ATT202508010574,STU010574,SCH014,2025-08-01,22,19,Illness
ATT202508010575,STU010575,SCH039,2025-08-01,18,15,Family
ATT202508010576,STU010576,SCH010,2025-08-01,20,18,Unauthorised
ATT202508010577,STU010577,SCH035,2025-08-01,20,17,Medical
ATT202508010578,STU010578,SCH044,2025-08-01,22,18,Unauthorised
ATT202508010579,STU010579,SCH030,2025-08-01,21,18,Medical
ATT202508010580,STU010580,SCH009,2025-08-01,19,16,Medical
ATT202508010581,STU010581,SCH012,2025-08-01,20,17,Family
ATT202508010582,STU010582,SCH046,2025-08-01,18,16,Unauthorised
ATT202508010583,STU010583,SCH022,2025-08-01,19,17,Family
ATT202508010584,STU010584,SCH031,2025-08-01,21,14,Family
ATT202508010585,STU010585,SCH008,2025-08-01,21,17,Illness
ATT202508010586,STU010586,SCH021,2025-08-01,19,17,Illness
ATT202508010587,STU010587,SCH016,2025-08-01,22,19,Unauthorised
ATT202508010588,STU010588,SCH031,2025-08-01,20,17,Other
ATT202508010589,STU010589,SCH022,2025-08-01,18,16,Illness
ATT202508010590,STU010590,SCH010,2025-08-01,21,19,Medical
ATT202508010591,STU010591,SCH018,2025-08-01,22,19,Medical
ATT202508010592,STU010592,SCH045,2025-08-01,22,18,Family
ATT202508010593,STU010593,SCH037,2025-08-01,18,16,Other
ATT202508010594,STU010594,SCH029,2025-08-01,21,17,Illness
ATT202508010595,STU010595,SCH029,2025-08-01,20,17,Illness
ATT202508010596,STU010596,SCH018,2025-08-01,19,17,Illness
ATT202508010597,STU010597,SCH021,2025-08-01,19,16,Unauthorised
ATT202508010598,STU010598,SCH018,2025-08-01,21,19,Family
ATT202508010599,STU010599,SCH004,2025-08-01,20,18,Unauthorised
ATT202508010600,STU010600,SCH023,2025-08-01,18,16,Family
ATT202508010601,STU010601,SCH046,2025-08-01,21,18,Medical
ATT202508010602,STU010602,SCH039,2025-08-01,18,16,Other
ATT202508010603,STU010603,SCH015,2025-08-01,21,19,Unauthorised
ATT202508010604,STU010604,SCH032,2025-08-01,19,16,Family
ATT202508010605,STU010605,SCH047,2025-08-01,18,16,Illness
ATT202508010606,STU010606,SCH006,2025-08-01,22,18,Illness
ATT202508010607,STU010607,SCH021,2025-08-01,21,17,Illness
ATT202508010608,STU010608,SCH030,2025-08-01,18,15,Unauthorised
ATT202508010609,STU010609,SCH039,2025-08-01,22,19,Medical
ATT202508010610,STU010610,SCH041,2025-08-01,20,18,Medical
ATT202508010611,STU010611,SCH019,2025-08-01,19,17,Illness
ATT202508010612,STU010612,SCH010,2025-08-01,21,18,Unauthorised
ATT202508010613,STU010613,SCH044,2025-08-01,18,14,Medical
ATT202508010614,STU010614,SCH039,2025-08-01,20,17,Family
ATT202508010615,STU010615,SCH036,2025-08-01,18,16,Other
ATT202508010616,STU010616,SCH006,2025-08-01,20,17,Other
ATT202508010617,STU010617,SCH047,2025-08-01,20,16,Family
ATT202508010618,STU010618,SCH019,2025-08-01,19,17,Medical
ATT202508010619,STU010619,SCH005,2025-08-01,20,18,Unauthorised
ATT202508010620,STU010620,SCH025,2025-08-01,22,18,Illness
ATT202508010621,STU010621,SCH014,2025-08-01,22,19,Other
ATT202508010622,STU010622,SCH009,2025-08-01,21,18,Illness
ATT202508010623,STU010623,SCH044,2025-08-01,20,17,Family
ATT202508010624,STU010624,SCH010,2025-08-01,20,17,Illness
ATT202508010625,STU010625,SCH010,2025-08-01,19,17,Unauthorised
ATT202508010626,STU010626,SCH042,2025-08-01,19,16,Unauthorised
ATT202508010627,STU010627,SCH027,2025-08-01,18,15,Family
ATT202508010628,STU010628,SCH027,2025-08-01,22,20,Family
ATT202508010629,STU010629,SCH030,2025-08-01,20,17,Family
ATT202508010630,STU010630,SCH033,2025-08-01,22,19,Unauthorised
ATT202508010631,STU010631,SCH044,2025-08-01,18,15,Medical
ATT202508010632,STU010632,SCH031,2025-08-01,19,15,Family
ATT202508010633,STU010633,SCH016,2025-08-01,19,16,Unauthorised
ATT202508010634,STU010634,SCH029,2025-08-01,19,16,Family
ATT202508010635,STU010635,SCH007,2025-08-01,21,17,Illness
ATT202508010636,STU010636,SCH020,2025-08-01,22,20,Family
ATT202508010637,STU010637,SCH046,2025-08-01,20,17,Other
ATT202508010638,STU010638,SCH026,2025-08-01,21,18,Unauthorised
ATT202508010639,STU010639,SCH046,2025-08-01,19,15,Unauthorised
ATT202508010640,STU010640,SCH007,2025-08-01,20,18,Illness
ATT202508010641,STU010641,SCH020,2025-08-01,18,16,Family
ATT202508010642,STU010642,SCH006,2025-08-01,21,17,Other
ATT202508010643,STU010643,SCH026,2025-08-01,20,17,Illness
ATT202508010644,STU010644,SCH018,2025-08-01,18,15,Family
ATT202508010645,STU010645,SCH021,2025-08-01,18,15,Family
ATT202508010646,STU010646,SCH016,2025-08-01,20,17,Unauthorised
ATT202508010648,STU010648,SCH019,2025-08-01,21,18,Illness
ATT202508010649,STU010649,SCH045,2025-08-01,22,18,Illness
ATT202508010650,STU010650,SCH035,2025-08-01,22,18,Family
ATT202508010651,STU010651,SCH027,2025-08-01,22,19,Family
ATT202508010652,STU010652,SCH035,2025-08-01,19,16,Family
ATT202508010653,STU010653,SCH045,2025-08-01,22,19,Unauthorised
ATT202508010654,STU010654,SCH039,2025-08-01,20,17,Family
ATT202508010655,STU010655,SCH023,2025-08-01,21,17,Other
ATT202508010656,STU010656,SCH021,2025-08-01,21,17,Other
ATT202508010657,STU010657,SCH037,2025-08-01,19,16,Unauthorised
ATT202508010658,STU010658,SCH020,2025-08-01,22,18,Medical
ATT202508010659,STU010659,SCH041,2025-08-01,18,15,Illness
ATT202508010660,STU010660,SCH026,2025-08-01,20,17,Family
ATT202508010661,STU010661,SCH046,2025-08-01,22,18,Medical
ATT202508010662,STU010662,SCH021,2025-08-01,22,19,Other
ATT202508010663,STU010663,SCH035,2025-08-01,22,19,Family
ATT202508010664,STU010664,SCH021,2025-08-01,22,17,Illness
ATT202508010665,STU010665,SCH033,2025-08-01,21,18,Medical
ATT202508010666,STU010666,SCH034,2025-08-01,22,19,Unauthorised
ATT202508010667,STU010667,SCH029,2025-08-01,22,18,Illness
ATT202508010668,STU010668,SCH010,2025-08-01,20,18,Unauthorised
ATT202508010669,STU010669,SCH031,2025-08-01,19,16,Unauthorised
ATT202508010670,STU010670,SCH039,2025-08-01,19,17,Illness
ATT202508010671,STU010671,SCH007,2025-08-01,22,18,Medical
ATT202508010672,STU010672,SCH014,2025-08-01,22,18,Family
ATT202508010673,STU010673,SCH044,2025-08-01,20,17,Medical
ATT202508010674,STU010674,SCH010,2025-08-01,21,18,Illness
ATT202508010675,STU010675,SCH040,2025-08-01,18,16,Illness
ATT202508010676,STU010676,SCH036,2025-08-01,18,16,Medical
ATT202508010677,STU010677,SCH028,2025-08-01,21,17,Family
ATT202508010678,STU010678,SCH021,2025-08-01,21,19,Medical
ATT202508010679,STU010679,SCH016,2025-08-01,22,19,Unauthorised
ATT202508010680,STU010680,SCH027,2025-08-01,19,15,Medical
ATT202508010681,STU010681,SCH013,2025-08-01,18,15,Unauthorised
ATT202508010682,STU010682,SCH006,2025-08-01,19,17,Family
ATT202508010683,STU010683,SCH041,2025-08-01,21,18,Illness
ATT202508010684,STU010684,SCH039,2025-08-01,19,16,Other
ATT202508010685,STU010685,SCH042,2025-08-01,21,17,Medical
ATT202508010686,STU010686,SCH015,2025-08-01,21,19,Illness
ATT202508010687,STU010687,SCH045,2025-08-01,20,16,Other
ATT202508010688,STU010688,SCH032,2025-08-01,22,18,Illness
ATT202508010689,STU010689,SCH031,2025-08-01,19,16,Unauthorised
ATT202508010690,STU010690,SCH004,2025-08-01,22,18,Illness
ATT202508010691,STU010691,SCH046,2025-08-01,18,15,Unauthorised
ATT202508010692,STU010692,SCH025,2025-08-01,19,16,Illness
ATT202508010693,STU010693,SCH018,2025-08-01,18,15,Illness
ATT202508010694,STU010694,SCH046,2025-08-01,22,19,Family
ATT202508010695,STU010695,SCH030,2025-08-01,21,17,Family
ATT202508010696,STU010696,SCH043,2025-08-01,20,15,Illness
ATT202508010697,STU010697,SCH031,2025-08-01,19,15,Family
ATT202508010698,STU010698,SCH045,2025-08-01,18,14,Unauthorised
ATT202508010699,STU010699,SCH046,2025-08-01,20,18,Medical
ATT202508010700,STU010700,SCH043,2025-08-01,21,18,Medical
ATT202508010701,STU010701,SCH038,2025-08-01,20,18,Unauthorised
ATT202508010702,STU010702,SCH049,2025-08-01,19,15,Unauthorised
ATT202508010703,STU010703,SCH023,2025-08-01,18,15,Medical
ATT202508010704,STU010704,SCH028,2025-08-01,18,15,Unauthorised
ATT202508010705,STU010705,SCH048,2025-08-01,19,16,Medical
ATT202508010706,STU010706,SCH027,2025-08-01,19,14,Medical
ATT202508010707,STU010707,SCH033,2025-08-01,18,15,Medical
ATT202508010708,STU010708,SCH019,2025-08-01,21,18,Family
ATT202508010709,STU010709,SCH005,2025-08-01,19,17,Family
ATT202508010710,STU010710,SCH010,2025-08-01,18,15,Medical
ATT202508010711,STU010711,SCH027,2025-08-01,21,18,Unauthorised
ATT202508010712,STU010712,SCH015,2025-08-01,18,16,Family
ATT202508010713,STU010713,SCH038,2025-08-01,18,15,Other
ATT202508010714,STU010714,SCH046,2025-08-01,19,16,Medical
ATT202508010715,STU010715,SCH014,2025-08-01,20,17,Medical
ATT202508010716,STU010716,SCH031,2025-08-01,22,19,Medical
ATT202508010717,STU010717,SCH047,2025-08-01,19,17,Illness
ATT202508010718,STU010718,SCH043,2025-08-01,21,18,Other
ATT202508010719,STU010719,SCH021,2025-08-01,20,15,Medical
ATT202508010720,STU010720,SCH010,2025-08-01,20,16,Illness
ATT202508010721,STU010721,SCH041,2025-08-01,18,16,Unauthorised
ATT202508010722,STU010722,SCH018,2025-08-01,22,19,Medical
ATT202508010723,STU010723,SCH014,2025-08-01,18,15,Illness
ATT202508010724,STU010724,SCH018,2025-08-01,20,17,Unauthorised
ATT202508010725,STU010725,SCH041,2025-08-01,22,19,Unauthorised
ATT202508010726,STU010726,SCH040,2025-08-01,20,16,Family
ATT202508010727,STU010727,SCH037,2025-08-01,18,15,Illness
ATT202508010728,STU010728,SCH001,2025-08-01,18,14,Other
ATT202508010729,STU010729,SCH014,2025-08-01,21,17,Illness
ATT202508010730,STU010730,SCH024,2025-08-01,18,13,Family
ATT202508010731,STU010731,SCH011,2025-08-01,20,18,Medical
ATT202508010732,STU010732,SCH045,2025-08-01,21,18,Illness
ATT202508010733,STU010733,SCH042,2025-08-01,18,15,Family
ATT202508010734,STU010734,SCH038,2025-08-01,19,16,Illness
ATT202508010735,STU010735,SCH043,2025-08-01,20,16,Unauthorised
ATT202508010736,STU010736,SCH015,2025-08-01,21,18,Unauthorised
ATT202508010737,STU010737,SCH023,2025-08-01,20,17,Other
ATT202508010738,STU010738,SCH013,2025-08-01,20,18,Illness
ATT202508010739,STU010739,SCH009,2025-08-01,19,17,Other
ATT202508010740,STU010740,SCH025,2025-08-01,22,19,Medical
ATT202508010741,STU010741,SCH046,2025-08-01,21,19,Medical
ATT202508010742,STU010742,SCH014,2025-08-01,19,16,Medical
ATT202508010743,STU010743,SCH003,2025-08-01,21,18,Other
ATT202508010744,STU010744,SCH026,2025-08-01,22,20,Illness
ATT202508010745,STU010745,SCH010,2025-08-01,20,16,Family
ATT202508010746,STU010746,SCH013,2025-08-01,19,15,Illness
ATT202508010747,STU010747,SCH022,2025-08-01,19,15,Medical
ATT202508010748,STU010748,SCH010,2025-08-01,22,18,Family
ATT202508010749,STU010749,SCH020,2025-08-01,18,16,Medical
ATT202508010750,STU010750,SCH039,2025-08-01,20,16,Illness
ATT202508010751,STU010751,SCH027,2025-08-01,19,16,Family
ATT202508010752,STU010752,SCH005,2025-08-01,19,15,Family
ATT202508010753,STU010753,SCH013,2025-08-01,20,17,Medical
ATT202508010754,STU010754,SCH027,2025-08-01,20,16,Unauthorised
ATT202508010755,STU010755,SCH010,2025-08-01,18,16,Other
ATT202508010756,STU010756,SCH048,2025-08-01,19,17,Other
ATT202508010757,STU010757,SCH039,2025-08-01,22,20,Illness
ATT202508010758,STU010758,SCH038,2025-08-01,20,17,Unauthorised
ATT202508010759,STU010759,SCH020,2025-08-01,20,16,Illness
ATT202508010760,STU010760,SCH001,2025-08-01,19,16,Illness
ATT202508010761,STU010761,SCH014,2025-08-01,20,16,Illness
ATT202508010762,STU010762,SCH014,2025-08-01,22,19,Illness
ATT202508010763,STU010763,SCH044,2025-08-01,19,16,Other
ATT202508010764,STU010764,SCH019,2025-08-01,19,17,Medical
ATT202508010765,STU010765,SCH037,2025-08-01,18,16,Illness
ATT202508010766,STU010766,SCH039,2025-08-01,19,17,Medical
ATT202508010767,STU010767,SCH018,2025-08-01,22,18,Other
ATT202508010768,STU010768,SCH004,2025-08-01,22,18,Illness
ATT202508010769,STU010769,SCH019,2025-08-01,21,19,Unauthorised
ATT202508010770,STU010770,SCH011,2025-08-01,20,17,Other
ATT202508010771,STU010771,SCH014,2025-08-01,19,15,Medical
ATT202508010772,STU010772,SCH035,2025-08-01,18,15,Medical
ATT202508010773,STU010773,SCH031,2025-08-01,19,16,Illness
ATT202508010774,STU010774,SCH021,2025-08-01,19,15,Unauthorised
ATT202508010775,STU010775,SCH007,2025-08-01,18,16,Illness
ATT202508010776,STU010776,SCH021,2025-08-01,19,15,Family
ATT202508010777,STU010777,SCH010,2025-08-01,18,16,Medical
ATT202508010778,STU010778,SCH020,2025-08-01,19,16,Other
ATT202508010779,STU010779,SCH014,2025-08-01,22,18,Illness
ATT202508010780,STU010780,SCH009,2025-08-01,18,14,Unauthorised
ATT202508010781,STU010781,SCH029,2025-08-01,19,16,Other
ATT202508010782,STU010782,SCH018,2025-08-01,18,16,Medical
ATT202508010783,STU010783,SCH046,2025-08-01,21,18,Illness
ATT202508010784,STU010784,SCH020,2025-08-01,21,19,Unauthorised
ATT202508010785,STU010785,SCH019,2025-08-01,22,20,Family
ATT202508010786,STU010786,SCH023,2025-08-01,18,15,Medical
ATT202508010787,STU010787,SCH010,2025-08-01,18,16,Medical
ATT202508010788,STU010788,SCH039,2025-08-01,20,17,Unauthorised
ATT202508010789,STU010789,SCH046,2025-08-01,19,16,Medical
ATT202508010790,STU010790,SCH048,2025-08-01,22,18,Other
ATT202508010791,STU010791,SCH045,2025-08-01,20,16,Illness
ATT202508010792,STU010792,SCH031,2025-08-01,19,16,Family
ATT202508010793,STU010793,SCH044,2025-08-01,18,15,Medical
ATT202508010794,STU010794,SCH021,2025-08-01,19,14,Medical
ATT202508010795,STU010795,SCH029,2025-08-01,19,16,Medical
ATT202508010796,STU010796,SCH035,2025-08-01,21,17,Unauthorised
ATT202508010797,STU010797,SCH033,2025-08-01,22,19,Unauthorised
ATT202508010798,STU010798,SCH003,2025-08-01,21,18,Family
ATT202508010799,STU010799,SCH004,2025-08-01,19,16,Unauthorised
ATT202508010800,STU010800,SCH016,2025-08-01,18,16,Family
ATT202508010801,STU010801,SCH033,2025-08-01,21,17,Other
ATT202508010802,STU010802,SCH045,2025-08-01,19,16,Other
ATT202508010803,STU010803,SCH015,2025-08-01,18,15,Illness
ATT202508010804,STU010804,SCH027,2025-08-01,20,17,Illness
ATT202508010805,STU010805,SCH014,2025-08-01,20,17,Unauthorised
ATT202508010806,STU010806,SCH047,2025-08-01,18,16,Medical
ATT202508010807,STU010807,SCH025,2025-08-01,19,15,Other
ATT202508010808,STU010808,SCH020,2025-08-01,22,19,Unauthorised
ATT202508010809,STU010809,SCH019,2025-08-01,19,15,Family
ATT202508010810,STU010810,SCH010,2025-08-01,18,14,Family
ATT202508010811,STU010811,SCH047,2025-08-01,21,19,Illness
ATT202508010812,STU010812,SCH030,2025-08-01,20,17,Other
ATT202508010813,STU010813,SCH042,2025-08-01,18,14,Family
ATT202508010814,STU010814,SCH006,2025-08-01,20,17,Illness
ATT202508010815,STU010815,SCH024,2025-08-01,18,15,Other
ATT202508010816,STU010816,SCH023,2025-08-01,22,17,Unauthorised
ATT202508010817,STU010817,SCH009,2025-08-01,18,14,Illness
ATT202508010818,STU010818,SCH031,2025-08-01,22,19,Family
ATT202508010819,STU010819,SCH045,2025-08-01,20,16,Unauthorised
ATT202508010820,STU010820,SCH013,2025-08-01,19,17,Illness
ATT202508010821,STU010821,SCH019,2025-08-01,18,15,Other
ATT202508010822,STU010822,SCH004,2025-08-01,21,19,Family
ATT202508010823,STU010823,SCH009,2025-08-01,22,19,Unauthorised
ATT202508010824,STU010824,SCH009,2025-08-01,20,17,Illness
ATT202508010825,STU010825,SCH026,2025-08-01,20,17,Unauthorised
ATT202508010826,STU010826,SCH023,2025-08-01,21,18,Family
ATT202508010827,STU010827,SCH039,2025-08-01,21,17,Illness
ATT202508010828,STU010828,SCH038,2025-08-01,21,19,Medical
ATT202508010829,STU010829,SCH021,2025-08-01,19,15,Unauthorised
ATT202508010830,STU010830,SCH037,2025-08-01,20,17,Family
ATT202508010831,STU010831,SCH003,2025-08-01,18,15,Unauthorised
ATT202508010832,STU010832,SCH028,2025-08-01,21,16,Unauthorised
ATT202508010833,STU010833,SCH045,2025-08-01,22,18,Family
ATT202508010834,STU010834,SCH010,2025-08-01,18,16,Unauthorised
ATT202508010835,STU010835,SCH036,2025-08-01,21,18,Illness
ATT202508010836,STU010836,SCH039,2025-08-01,22,19,Medical
ATT202508010837,STU010837,SCH037,2025-08-01,22,20,Unauthorised
ATT202508010838,STU010838,SCH029,2025-08-01,21,17,Family
ATT202508010839,STU010839,SCH020,2025-08-01,22,19,Other
ATT202508010840,STU010840,SCH026,2025-08-01,21,18,Other
ATT202508010841,STU010841,SCH046,2025-08-01,19,14,Unauthorised
ATT202508010842,STU010842,SCH017,2025-08-01,21,16,Medical
ATT202508010843,STU010843,SCH021,2025-08-01,22,17,Illness
ATT202508010844,STU010844,SCH006,2025-08-01,19,17,Other
ATT202508010845,STU010845,SCH032,2025-08-01,22,18,Family
ATT202508010846,STU010846,SCH013,2025-08-01,21,18,Medical
ATT202508010847,STU010847,SCH010,2025-08-01,20,18,Medical
ATT202508010848,STU010848,SCH030,2025-08-01,20,17,Medical
ATT202508010849,STU010849,SCH045,2025-08-01,22,18,Other
ATT202508010850,STU010850,SCH027,2025-08-01,20,16,Medical
ATT202508010851,STU010851,SCH005,2025-08-01,22,19,Illness
ATT202508010852,STU010852,SCH012,2025-08-01,21,17,Unauthorised
ATT202508010853,STU010853,SCH005,2025-08-01,18,16,Family
ATT202508010854,STU010854,SCH011,2025-08-01,22,19,Other
ATT202508010855,STU010855,SCH031,2025-08-01,21,18,Illness
ATT202508010856,STU010856,SCH043,2025-08-01,19,15,Illness
ATT202508010857,STU010857,SCH014,2025-08-01,18,15,Medical
ATT202508010858,STU010858,SCH011,2025-08-01,19,16,Family
ATT202508010859,STU010859,SCH047,2025-08-01,20,17,Other
ATT202508010860,STU010860,SCH047,2025-08-01,18,16,Illness
ATT202508010861,STU010861,SCH006,2025-08-01,22,19,Family
ATT202508010862,STU010862,SCH009,2025-08-01,19,16,Other
ATT202508010863,STU010863,SCH024,2025-08-01,18,16,Illness
ATT202508010864,STU010864,SCH010,2025-08-01,22,19,Family
ATT202508010865,STU010865,SCH028,2025-08-01,19,15,Illness
ATT202508010866,STU010866,SCH010,2025-08-01,19,15,Illness
ATT202508010867,STU010867,SCH028,2025-08-01,21,19,Family
ATT202508010868,STU010868,SCH028,2025-08-01,20,16,Unauthorised
ATT202508010869,STU010869,SCH004,2025-08-01,20,17,Family
ATT202508010870,STU010870,SCH004,2025-08-01,22,20,Other
ATT202508010871,STU010871,SCH033,2025-08-01,21,19,Medical
ATT202508010872,STU010872,SCH040,2025-08-01,19,16,Family
ATT202508010873,STU010873,SCH010,2025-08-01,18,15,Unauthorised
ATT202508010874,STU010874,SCH027,2025-08-01,21,18,Other
ATT202508010875,STU010875,SCH021,2025-08-01,22,18,Other
ATT202508010876,STU010876,SCH004,2025-08-01,22,20,Illness
ATT202508010877,STU010877,SCH021,2025-08-01,18,13,Other
ATT202508010878,STU010878,SCH011,2025-08-01,20,18,Unauthorised
ATT202508010879,STU010879,SCH044,2025-08-01,22,20,Illness
ATT202508010880,STU010880,SCH026,2025-08-01,21,18,Family
ATT202508010881,STU010881,SCH007,2025-08-01,22,19,Family
ATT202508010882,STU010882,SCH037,2025-08-01,18,15,Illness
ATT202508010883,STU010883,SCH007,2025-08-01,18,15,Illness
ATT202508010884,STU010884,SCH027,2025-08-01,22,17,Family
ATT202508010885,STU010885,SCH035,2025-08-01,19,16,Unauthorised
ATT202508010886,STU010886,SCH010,2025-08-01,21,18,Medical
ATT202508010887,STU010887,SCH045,2025-08-01,20,17,Illness
ATT202508010888,STU010888,SCH018,2025-08-01,18,16,Unauthorised
ATT202508010889,STU010889,SCH034,2025-08-01,22,18,Other
ATT202508010890,STU010890,SCH047,2025-08-01,18,16,Other
ATT202508010891,STU010891,SCH019,2025-08-01,19,17,Family
ATT202508010892,STU010892,SCH038,2025-08-01,22,20,Family
ATT202508010893,STU010893,SCH031,2025-08-01,20,15,Family
ATT202508010894,STU010894,SCH046,2025-08-01,19,16,Illness
ATT202508010895,STU010895,SCH012,2025-08-01,18,16,Illness
ATT202508010896,STU010896,SCH031,2025-08-01,19,16,Other
ATT202508010897,STU010897,SCH012,2025-08-01,18,15,Medical
ATT202508010898,STU010898,SCH038,2025-08-01,18,16,Unauthorised
ATT202508010899,STU010899,SCH009,2025-08-01,22,19,Illness
ATT202508010900,STU010900,SCH003,2025-08-01,19,17,Family
ATT_CAVEAT_DUPLICATE_202508,STU000002,SCH021,2025-08-01,20,17,Family
